0 ~Flame / Vapor Trail  3 x 12 with Axle Hole Core
0 Name: s\1995s02.dat
0 Author: Philippe Hurbain [Philo]
0 !LDRAW_ORG Unofficial_Subpart
0 !LICENSE Licensed under CC BY 4.0 : see CAreadme.txt

0 BFC CERTIFY CCW

3 16 .24 -100.7 18 .64 -103.7 19.6 .24 -98.8 18.6
3 16 .64 -103.7 19.6 .96 -101.9 19.4 .6 -98 18.7
3 16 .24 -100.7 18 .24 -98.8 18.6 .16 -97.4 17
3 16 .64 -103.7 19.6 1.16 -109.3 19.5 1.08 -105.9 19.6
3 16 .56 -105.6 18.3 .8 -104.7 17.7 .88 -108.6 17.8
3 16 .56 -105.6 18.3 .76 -108.5 19.3 .44 -104.4 19
3 16 .64 -103.7 19.6 1.08 -105.9 19.6 .96 -101.9 19.4
3 16 .56 -105.6 18.3 .44 -104.4 19 .24 -100.7 18
3 16 .96 -112 19 .76 -108.5 19.3 .72 -109.7 18.4
3 16 .76 -108.5 19.3 .56 -105.6 18.3 .72 -109.7 18.4
3 16 1.04 -112.6 18.5 .72 -109.7 18.4 1.12 -111.6 17.9
3 16 1.44 -109.4 18.4 1.36 -106.1 19 1.08 -105.9 19.6
3 16 .04 -103 12.3 -.24 -106.3 11.4 .16 -107.2 12.1
3 16 .16 -107.2 12.1 .64 -107.3 12.2 .48 -103.7 12.6
3 16 .92 -105.3 11.5 .48 -103.7 12.6 .64 -107.3 12.2
3 16 .24 -131 11.2 .56 -132.1 11 .16 -132.5 12
3 16 .64 -135.4 12.6 .76 -134.5 13.4 .36 -133.3 13
3 16 1.12 -132.3 13.1 .68 -132.4 13.5 1.28 -136.1 13
3 16 .32 -131.1 13 .16 -132.5 12 .36 -133.3 13
3 16 .68 -132.4 13.5 .36 -133.3 13 .76 -134.5 13.4
3 16 -.24 -106.3 11.4 -.52 -107.2 9.4 .04 -111.8 11.2
3 16 .16 -107.2 12.1 .52 -112 12.3 .64 -107.3 12.2
3 16 .96 -128.4 12.9 .68 -132.4 13.5 1.12 -132.3 13.1
3 16 1 -134.1 11.1 1.28 -137.4 11 .68 -135.6 11.7
3 16 1.28 -137.4 11 1.04 -137.8 11.3 .68 -135.6 11.7
3 16 .76 -134.5 13.4 1.28 -136.1 13 .68 -132.4 13.5
3 16 -.04 -200.7 -3.2 .04 -204 -4.6 .44 -202.8 -3
3 16 .44 -202.8 -3 .12 -201.6 -1.9 -.04 -200.7 -3.2
3 16 .44 -112 9.7 .24 -115.8 10.1 .12 -112.6 10.2
3 16 -.52 -107.2 9.4 -.24 -106.3 11.4 -.56 -102.9 9.9
3 16 .16 -207.2 6.7 -.085928373455147746814053118629312 -209.67166309955715851891593365612 7.2025731527897121015183646472996 -.4 -207.8 6.8
3 16 -.48 -209.6 8.3 -.4 -207.8 6.8 -.44 -211.6 7.9
3 16 -.32592837345514774681405311862931 -212.17166309955715851891593365612 9.0025731527897121015183646472996 -.24592837345514774681405311862931 -215.67166309955715851891593365612 8.9025731527897121015183646472996 .11407162654485225318594688137069 -213.77166309955715851891593365612 8.9025731527897121015183646472996
3 16 -.085928373455147746814053118629312 -209.67166309955715851891593365612 7.2025731527897121015183646472996 .23407162654485225318594688137069 -210.77166309955715851891593365612 8.2025731527897121015183646472996 .11407162654485225318594688137069 -215.17166309955715851891593365612 8.2025731527897121015183646472996
3 16 -.48 -209.6 8.3 -.32592837345514774681405311862931 -212.17166309955715851891593365612 9.0025731527897121015183646472996 -.24 -210.2 9
3 16 -.48592837345514774681405311862928 -213.47166309955715851891593365612 8.2025731527897121015183646472996 -.48 -209.6 8.3 -.44 -211.6 7.9
3 16 -.48592837345514774681405311862928 -213.47166309955715851891593365612 8.2025731527897121015183646472996 -.32592837345514774681405311862931 -212.17166309955715851891593365612 9.0025731527897121015183646472996 -.48 -209.6 8.3
3 16 -.18406344820917959491158809137543 -224.41553369203439095828899762821 9.2901357842003201329981797928079 -.23289200466106395092639343407218 -226.43726933104122191190020097313 8.487977655872408922347490689845 -.078597286444823306640513560189064 -225.99359165767395174737648139617 9.0486533613577402878674591789662
3 16 -.34189309062979423258479766872535 -224.97798569378900204596787555844 8.918707432353208549592606061008 -.36976170554457740648245317195439 -223.93315539612033257678820194402 8.5143863644311033817104472169714 -.23289200466106395092639343407218 -226.43726933104122191190020097313 8.487977655872408922347490689845
3 16 -.0080684816068575565952535090845152 -223.83711144816795400696053183695 8.4583673181491819992121834726638 -.23289200466106395092639343407218 -226.43726933104122191190020097313 8.487977655872408922347490689845 -.36976170554457740648245317195439 -223.93315539612033257678820194402 8.5143863644311033817104472169714
3 16 .01107289038816002766073390345865 -225.83923127351844104640060331869 8.4690688179384928407977073233312 -.23289200466106395092639343407218 -226.43726933104122191190020097313 8.487977655872408922347490689845 -.0080684816068575565952535090845152 -223.83711144816795400696053183695 8.4583673181491819992121834726638
3 16 -.32592837345514774681405311862931 -218.67166309955715851891593365612 8.0025731527897121015183646472996 -.44592837345514774681405311862928 -218.07166309955715851891593365612 8.6025731527897121015183646472996 -.32592837345514774681405311862931 -216.17166309955715851891593365612 8.1025731527897121015183646472996
3 16 -.32592837345514774681405311862931 -216.17166309955715851891593365612 8.1025731527897121015183646472996 -.44592837345514774681405311862928 -218.07166309955715851891593365612 8.6025731527897121015183646472996 -.24592837345514774681405311862931 -215.67166309955715851891593365612 8.9025731527897121015183646472996
3 16 -.32592837345514774681405311862931 -216.17166309955715851891593365612 8.1025731527897121015183646472996 -.045928373455147746814053118629312 -217.27166309955715851891593365612 7.9025731527897121015183646472996 -.32592837345514774681405311862931 -218.67166309955715851891593365612 8.0025731527897121015183646472996
3 16 -.045928373455147746814053118629312 -217.27166309955715851891593365612 7.9025731527897121015183646472996 -.029413765711919531176794978327675 -221.29940459004452809074936766846 8.1991448846605004552697421457839 -.32592837345514774681405311862931 -218.67166309955715851891593365612 8.0025731527897121015183646472996
3 16 -.045928373455147746814053118629312 -217.27166309955715851891593365612 7.9025731527897121015183646472996 .11407162654485225318594688137069 -215.17166309955715851891593365612 8.2025731527897121015183646472996 -.029413765711919531176794978327675 -221.29940459004452809074936766846 8.1991448846605004552697421457839
3 16 -.34189309062979423258479766872535 -224.97798569378900204596787555844 8.918707432353208549592606061008 -.18406344820917959491158809137543 -224.41553369203439095828899762821 9.2901357842003201329981797928079 -.48871679233266686204871671631072 -221.98640778698773340080076463345 9.1938966970469856992079182580827
3 16 -.0080684816068575565952535090845152 -223.83711144816795400696053183695 8.4583673181491819992121834726638 -.36976170554457740648245317195439 -223.93315539612033257678820194402 8.5143863644311033817104472169714 -.39241165581158362092721744799491 -221.69402385008785794998333588635 8.2261442040557371129800623866586
3 16 -.029413765711919531176794978327675 -221.29940459004452809074936766846 8.1991448846605004552697421457839 -.0080684816068575565952535090845152 -223.83711144816795400696053183695 8.4583673181491819992121834726638 -.39241165581158362092721744799491 -221.69402385008785794998333588635 8.2261442040557371129800623866586
4 16 -.48871679233266686204871671631072 -221.98640778698773340080076463345 9.1938966970469856992079182580827 -.51460050078493899927550356667348 -220.83242777311023492180912882393 8.6997885734535514277332192859571 -.36976170554457740648245317195439 -223.93315539612033257678820194402 8.5143863644311033817104472169714 -.34189309062979423258479766872535 -224.97798569378900204596787555844 8.918707432353208549592606061008
3 16 -.51460050078493899927550356667348 -220.83242777311023492180912882393 8.6997885734535514277332192859571 -.39241165581158362092721744799491 -221.69402385008785794998333588635 8.2261442040557371129800623866586 -.36976170554457740648245317195439 -223.93315539612033257678820194402 8.5143863644311033817104472169714
3 16 -.44592837345514774681405311862928 -218.07166309955715851891593365612 8.6025731527897121015183646472996 -.36800005683882378481986006045215 -221.11429966449072017259635997999 9.4911324767706238043135501547739 -.16592837345514774681405311862931 -218.67166309955715851891593365612 9.2025731527897121015183646472996
3 16 -.32592837345514774681405311862931 -218.67166309955715851891593365612 8.0025731527897121015183646472996 -.51460050078493899927550356667348 -220.83242777311023492180912882393 8.6997885734535514277332192859571 -.44592837345514774681405311862928 -218.07166309955715851891593365612 8.6025731527897121015183646472996
3 16 -.36800005683882378481986006045215 -221.11429966449072017259635997999 9.4911324767706238043135501547739 -.44592837345514774681405311862928 -218.07166309955715851891593365612 8.6025731527897121015183646472996 -.51460050078493899927550356667348 -220.83242777311023492180912882393 8.6997885734535514277332192859571
3 16 -.32592837345514774681405311862931 -218.67166309955715851891593365612 8.0025731527897121015183646472996 -.029413765711919531176794978327675 -221.29940459004452809074936766846 8.1991448846605004552697421457839 -.39241165581158362092721744799491 -221.69402385008785794998333588635 8.2261442040557371129800623866586
3 16 .11407162654485225318594688137069 -213.77166309955715851891593365612 8.9025731527897121015183646472996 -.24592837345514774681405311862931 -215.67166309955715851891593365612 8.9025731527897121015183646472996 .15407162654485225318594688137069 -217.37166309955715851891593365612 8.9025731527897121015183646472996
3 16 .11407162654485225318594688137069 -215.17166309955715851891593365612 8.2025731527897121015183646472996 -.32592837345514774681405311862931 -216.17166309955715851891593365612 8.1025731527897121015183646472996 -.24592837345514774681405311862931 -212.97166309955715851891593365612 7.6025731527897121015183646472996
3 16 -.48592837345514774681405311862928 -213.47166309955715851891593365612 8.2025731527897121015183646472996 -.32592837345514774681405311862931 -216.17166309955715851891593365612 8.1025731527897121015183646472996 -.24592837345514774681405311862931 -215.67166309955715851891593365612 8.9025731527897121015183646472996
3 16 -.32 -208 -6.9 -.16 -208.6 -5.9 -.12 -206.6 -6.1
3 16 .76 -112.5 6.6 .56 -113.8 8.1 .84 -117.1 6.9
3 16 .16 -210.3 -7.5 -.12 -210.6 -6.9 .08 -211.6 -7.3
3 16 -.12 -212.3 -7.3 -.04 -212.8 -7.8 .08 -211.6 -7.3
3 16 .16 -212.4 -7.9 .16 -210.3 -7.5 .08 -211.6 -7.3
3 16 -.12 -206.6 -6.1 -.12 -205.3 -5.3 0 -206.2 -6.6
3 16 .04 -212.5 -8.4 0 -210.5 -8 .16 -212.4 -7.9
3 16 .16 -212.4 -7.9 -.04 -212.8 -7.8 .04 -212.5 -8.4
3 16 .16 -212.4 -7.9 0 -210.5 -8 .16 -210.3 -7.5
3 16 .08 -211.6 -7.3 -.04 -212.8 -7.8 .16 -212.4 -7.9
3 16 -.2 -228.1 1.3 -.04 -226.4 .7 -.04 -230.6 .6
3 16 -.12 -212.3 -7.3 .08 -211.6 -7.3 -.12 -210.6 -6.9
3 16 -.24592837345514774681405311862931 -215.67166309955715851891593365612 8.9025731527897121015183646472996 -.4 -213.9 9.1 -.48592837345514774681405311862928 -213.47166309955715851891593365612 8.2025731527897121015183646472996
3 16 -.12 -210.6 -6.9 .16 -210.3 -7.5 .24 -209.4 -6.9
3 16 -.48592837345514774681405311862928 -213.47166309955715851891593365612 8.2025731527897121015183646472996 -.24592837345514774681405311862931 -212.97166309955715851891593365612 7.6025731527897121015183646472996 -.32592837345514774681405311862931 -216.17166309955715851891593365612 8.1025731527897121015183646472996
3 16 -.16 -208.6 -5.9 -.32 -208 -6.9 -.32 -210.3 -7.1
3 16 -.24592837345514774681405311862931 -215.67166309955715851891593365612 8.9025731527897121015183646472996 -.32592837345514774681405311862931 -212.17166309955715851891593365612 9.0025731527897121015183646472996 -.4 -213.9 9.1
3 16 .36 -229.9 .8 .44 -225.2 .7 .4 -231.7 1.2
3 16 .28 -223.9 1.9 .72 -218.8 1.7 .16 -217 1.6
3 16 -.04 -226.4 .7 .36 -229.9 .8 -.04 -230.6 .6
3 16 -.32 -210.3 -7.1 -.12 -210.6 -6.9 -.16 -208.6 -5.9
3 16 .4 -206.7 -5.9 .16 -210.3 -7.5 .16 -208.8 -7.5
3 16 .4 -206.7 -5.9 .08 -206.6 -5.3 .16 -209.1 -6.2
3 16 .16 -209.1 -6.2 .24 -209.4 -6.9 .4 -206.7 -5.9
3 16 .84 -117.1 6.9 .56 -113.8 8.1 .64 -117.5 7.7
3 16 .64 -117.5 7.7 -.04 -115.3 6.2 .36 -119 7.6
3 16 .24 -122.4 11.8 .36 -125 10.4 .36 -127.3 11.2
3 16 .52 -124.4 12.6 .24 -122.4 11.8 .44 -126.1 12.4
3 16 .76 -112.5 6.6 .68 -108.5 7.6 .56 -113.8 8.1
3 16 .72 -108.6 9.3 .44 -112 9.7 .4 -108.8 9
3 16 .44 -202.8 -3 .32 -204.7 -4.5 .56 -203.2 -4.6
3 16 .24 -112.1 9 -.04 -108.9 9.1 0 -110.9 8.5
3 16 .6 -108.9 5.4 .68 -108.5 7.6 .76 -112.5 6.6
3 16 -.4 -48 22 -.6 -47 22.7 -.72 -46.2 21.1
3 16 -.6 -47 22.7 -.04 -46.3 22.9 -.56 -44 21.8
3 16 -.2 -47.5 23.1 -.6 -47 22.7 -.4 -48 22
3 16 .04 -47.8 22.1 -.2 -47.5 23.1 -.4 -48 22
3 16 -.2 -47.5 23.1 -.04 -46.3 22.9 -.6 -47 22.7
3 16 -.04 -46.3 22.9 -.2 -47.5 23.1 .04 -47.8 22.1
3 16 -.04 -46.3 22.9 .04 -47.8 22.1 .2 -46.2 21.5
3 16 -.72 -46.2 21.1 -.36 -47.2 20.8 -.4 -48 22
3 16 -.76 -44.4 21.2 -.72 -46.2 21.1 -.6 -47 22.7
3 16 .12 -45.2 20.1 .2 -46.2 21.5 -.28 -45.3 19.3
3 16 .56 -42.3 20.2 -.04 -43.9 21.7 .2 -46.2 21.5
3 16 -.04 -46.3 22.9 -.04 -43.9 21.7 -.56 -44 21.8
3 16 -.84 -43.6 17.1 -.72 -46.2 21.1 -.76 -44.4 21.2
3 16 .2 -46.2 21.5 .12 -45.2 20.1 .56 -42.3 20.2
3 16 -.28 -45.3 19.3 .04 -47.8 22.1 -.36 -47.2 20.8
3 16 -.28 -45.3 19.3 -.36 -47.2 20.8 -.72 -46.2 21.1
4 16 -.76 -44.4 21.2 -.56 -44 21.8 -.4 -41.7 21.5 -1.16 -37.2 16.9
3 16 -.56 -44 21.8 -.76 -44.4 21.2 -.6 -47 22.7
3 16 .56 -42.3 20.2 .12 -45.2 20.1 .24 -44.7 18
3 16 -.04 -43.9 21.7 -.4 -41.7 21.5 -.56 -44 21.8
3 16 .24 -44.7 18 .12 -45.2 20.1 -.28 -45.3 19.3
3 16 .2 -46.2 21.5 -.04 -43.9 21.7 -.04 -46.3 22.9
3 16 .24 -44.7 18 -.28 -45.3 19.3 -.84 -43.6 17.1
3 16 .2 -46.2 21.5 .04 -47.8 22.1 -.28 -45.3 19.3
3 16 .48 -85.4 -20.9 .56 -85.5 -19.8 .64 -87.8 -20.5
3 16 .48 -85.4 -20.9 .24 -87.8 -20.4 .2 -85.2 -20.3
3 16 .56 -85.5 -19.8 .36 -88.2 -19.6 .68 -88.2 -19.5
3 16 .2 -85.2 -20.3 .28 -85.5 -19.6 -.64 -75.7 -17.2
3 16 .28 -85.5 -19.6 .36 -88.2 -19.6 .56 -85.5 -19.8
3 16 .12 -79.7 -18.1 -.64 -75.7 -17.2 .28 -85.5 -19.6
3 16 .64 -87.8 -20.5 .24 -87.8 -20.4 .48 -85.4 -20.9
3 16 -.12 -81.4 -20.6 .2 -85.2 -20.3 -.6 -78 -18.9
3 16 -.36 -61 -25.8 .08 -61.8 -26.3 0 -61.7 -25.7
3 16 .08 -60.9 -26.5 .36 -59.7 -25.2 .08 -61.8 -26.3
3 16 -.36 -61 -25.8 .08 -60.9 -26.5 .08 -61.8 -26.3
3 16 -.4 -59.9 -24.6 -.36 -61 -25.8 0 -59.5 -24.1
3 16 .08 -60.9 -26.5 -.36 -61 -25.8 -.24 -59.2 -25.8
3 16 -.24 -59.2 -25.8 -.36 -61 -25.8 -.48 -58.3 -24.7
3 16 .32 -56 -23.7 .36 -59.7 -25.2 .08 -58.4 -25.5
3 16 0 -59.5 -24.1 -.44 -57.6 -23.3 -.4 -59.9 -24.6
3 16 0 -61.7 -25.7 0 -59.5 -24.1 -.36 -61 -25.8
3 16 .32 -56 -23.7 0 -57.1 -22.9 .36 -59.7 -25.2
3 16 -.48 -58.3 -24.7 .08 -58.4 -25.5 -.24 -59.2 -25.8
3 16 .32 -56 -23.7 -.2 -56.4 -24.2 -.08 -52.6 -23.3
3 16 -.2 -56.4 -24.2 -.48 -55.3 -22.8 -.08 -52.6 -23.3
3 16 .32 -56 -23.7 .24 -54.9 -21.2 0 -57.1 -22.9
3 16 -.48 -55.3 -22.8 -.48 -58.3 -24.7 -.44 -57.6 -23.3
3 16 -.2 -56.4 -24.2 -.48 -58.3 -24.7 -.48 -55.3 -22.8
3 16 -.12 -205.3 -5.3 .4 -202.7 -4.9 0 -206.2 -6.6
3 16 -.32 -55.7 -21.2 -.48 -55.3 -22.8 -.44 -57.6 -23.3
3 16 .32 -56 -23.7 .08 -58.4 -25.5 -.2 -56.4 -24.2
3 16 .36 -59.7 -25.2 0 -57.1 -22.9 0 -59.5 -24.1
3 16 .08 -58.4 -25.5 .36 -59.7 -25.2 .08 -60.9 -26.5
3 16 .72 -53.1 -19.1 .32 -56 -23.7 .76 -49 -22.3
3 16 .36 -59.7 -25.2 0 -59.5 -24.1 0 -61.7 -25.7
3 16 -.08 -52.6 -23.3 -.48 -55.3 -22.8 -.8 -49.8 -20.9
3 16 -.32 -55.7 -21.2 0 -57.1 -22.9 .24 -54.9 -21.2
3 16 -.44 -57.6 -23.3 0 -59.5 -24.1 0 -57.1 -22.9
3 16 -.4 -59.9 -24.6 -.48 -58.3 -24.7 -.36 -61 -25.8
3 16 -.56 -54.4 -18.3 .24 -54.9 -21.2 .72 -53.1 -19.1
3 16 -.32 -55.7 -21.2 -.44 -57.6 -23.3 0 -57.1 -22.9
3 16 -.08 -237.2 1.3 -.16 -233.1 1.4 -.12 -235 .6
3 16 -.2 -228.1 1.3 -.16 -233.1 1.4 -.04 -229.9 1.8
3 16 -.04 -237.4 .7 -.08 -237.2 1.3 -.12 -235 .6
3 16 .2 -236.4 1 .4 -231.7 1.2 .16 -234.7 1.6
3 16 -.16 -233.1 1.4 -.08 -237.2 1.3 .16 -234.7 1.6
3 16 -.04 -230.6 .6 .2 -234 .4 -.12 -235 .6
3 16 .4 -231.7 1.2 .2 -236.4 1 .2 -234 .4
3 16 -.04 -229.9 1.8 .16 -234.7 1.6 .28 -228.8 1.9
3 16 .4 -231.7 1.2 .28 -228.8 1.9 .16 -234.7 1.6
3 16 .36 -229.9 .8 .4 -231.7 1.2 .2 -234 .4
3 16 -.04 -229.9 1.8 -.16 -233.1 1.4 .16 -234.7 1.6
3 16 -.08 -224.9 1.5 .28 -228.8 1.9 .28 -223.9 1.9
3 16 -.08 -222.4 .5 -.08 -224.9 1.5 .16 -217 1.6
3 16 .44 -225.2 .7 .48 -225.2 1.6 .4 -231.7 1.2
3 16 .72 -218.8 1.7 .28 -223.9 1.9 .48 -225.2 1.6
3 16 .28 -223.9 1.9 .28 -228.8 1.9 .48 -225.2 1.6
3 16 .76 -220.4 .3 .48 -225.2 1.6 .44 -225.2 .7
3 16 -.08 -222.4 .5 -.04 -226.4 .7 -.08 -224.9 1.5
3 16 .56 -195.8 -3.4 .96 -196.8 -2.9 .56 -200.2 -3.9
3 16 -.32 -195.8 -1.8 -.04 -200.7 -3.2 -.4 -199.5 -.4
3 16 .12 -201.6 -1.9 .44 -202.8 -3 .36 -203.1 -.5
3 16 .16 -196.6 -3.3 -.04 -200.7 -3.2 -.32 -195.8 -1.8
3 16 .12 -201.6 -1.9 .36 -203.1 -.5 -.4 -199.5 -.4
3 16 .56 -200.2 -3.9 1 -202.2 -1.6 .56 -203.2 -4.6
3 16 .96 -196.8 -2.9 1.4 -201.6 -.2 .56 -200.2 -3.9
3 16 .56 -195.8 -3.4 .56 -200.2 -3.9 .16 -196.6 -3.3
3 16 .56 -200.2 -3.9 1.4 -201.6 -.2 1 -202.2 -1.6
3 16 .4 -202.7 -4.9 .24 -206.1 -6.5 0 -206.2 -6.6
3 16 -.12 -205.3 -5.3 -.12 -206.6 -6.1 .08 -206.6 -5.3
3 16 .4 -202.7 -4.9 .12 -201.9 -4.5 .56 -200.2 -3.9
3 16 .56 -203.2 -4.6 .4 -202.7 -4.9 .56 -200.2 -3.9
3 16 .04 -204 -4.6 -.04 -200.7 -3.2 .12 -201.9 -4.5
3 16 .4 -231.7 1.2 .48 -225.2 1.6 .28 -228.8 1.9
3 16 .48 -225.2 1.6 .76 -220.4 .3 .72 -218.8 1.7
3 16 -.32 -208 -6.9 -.12 -206.6 -6.1 0 -206.2 -6.6
3 16 .04 -204 -4.6 -.12 -205.3 -5.3 .08 -206.6 -5.3
3 16 .44 -225.2 .7 -.04 -226.4 .7 .28 -221.2 -.4
3 16 -.2 -211 -8.1 .04 -212.5 -8.4 -.24 -212.5 -8.3
3 16 .56 -209.3 3.2 1.2 -208.4 3.2 .16 -206.7 4.9
3 16 -.04 -226.4 .7 -.2 -228.1 1.3 -.08 -224.9 1.5
3 16 .12 -216.1 0 .28 -221.2 -.4 -.08 -222.4 .5
3 16 .04 -212.5 -8.4 -.2 -211 -8.1 0 -210.5 -8
3 16 -.32 -210.3 -7.1 -.24 -212.5 -8.3 -.28 -212.5 -7.7
3 16 1.04 -211.8 -.9 .76 -220.4 .3 .28 -221.2 -.4
3 16 -.32 -210.3 -7.1 -.28 -212.5 -7.7 -.12 -210.6 -6.9
3 16 .04 -204 -4.6 .12 -201.9 -4.5 .4 -202.7 -4.9
3 16 -.08 -222.4 .5 .28 -221.2 -.4 -.04 -226.4 .7
3 16 -.12 -210.6 -6.9 -.28 -212.5 -7.7 -.12 -212.3 -7.3
3 16 -.28 -212.5 -7.7 -.04 -212.8 -7.8 -.12 -212.3 -7.3
3 16 -.04 -212.8 -7.8 -.28 -212.5 -7.7 -.24 -212.5 -8.3
3 16 .16 -208.8 -7.5 0 -206.2 -6.6 .24 -206.1 -6.5
3 16 0 -210.5 -8 .16 -208.8 -7.5 .16 -210.3 -7.5
3 16 -.04 -230.6 .6 .36 -229.9 .8 .2 -234 .4
3 16 .16 -208.8 -7.5 0 -210.5 -8 0 -206.2 -6.6
3 16 .44 -202.8 -3 .04 -204 -4.6 .32 -204.7 -4.5
3 16 -.16 -208.6 -5.9 .08 -206.6 -5.3 -.12 -206.6 -6.1
3 16 .24 -209.4 -6.9 .16 -209.1 -6.2 -.12 -210.6 -6.9
3 16 -.16 -208.6 -5.9 -.12 -210.6 -6.9 .16 -209.1 -6.2
3 16 .24 -206.1 -6.5 .4 -202.7 -4.9 .56 -203.2 -4.6
3 16 -.12 -205.3 -5.3 .04 -204 -4.6 .4 -202.7 -4.9
3 16 .4 -206.7 -5.9 .24 -209.4 -6.9 .16 -210.3 -7.5
3 16 -.32 -208 -6.9 0 -210.5 -8 -.2 -211 -8.1
3 16 .4 -206.7 -5.9 .32 -204.7 -4.5 .08 -206.6 -5.3
3 16 .4 -206.7 -5.9 .24 -206.1 -6.5 .56 -203.2 -4.6
3 16 .56 -203.2 -4.6 .32 -204.7 -4.5 .4 -206.7 -5.9
3 16 .24 -206.1 -6.5 .4 -206.7 -5.9 .16 -208.8 -7.5
3 16 .16 -209.1 -6.2 .08 -206.6 -5.3 -.16 -208.6 -5.9
3 16 .08 -206.6 -5.3 .32 -204.7 -4.5 .04 -204 -4.6
3 16 -.52 -201.8 3.5 -.2 -205.4 3.2 -.4 -207.8 6.8
3 16 .68 -206.1 6 .16 -207.2 6.7 .16 -206.7 4.9
3 16 -.52 -201.8 3.5 -.4 -207.8 6.8 -.32 -205.8 7.1
3 16 .52 -206.7 7.8 .28 -208.4 7.8 .16 -207.2 6.7
3 16 .8 -201.8 6.9 .16 -206 8 .52 -206.7 7.8
3 16 .16 -206.7 4.9 -.4 -207.8 6.8 -.2 -205.4 3.2
3 16 -.4 -207.8 6.8 -.48 -209.6 8.3 -.32 -205.8 7.1
3 16 .23407162654485225318594688137069 -210.77166309955715851891593365612 8.2025731527897121015183646472996 -.085928373455147746814053118629312 -209.67166309955715851891593365612 7.2025731527897121015183646472996 .28 -208.4 7.8
3 16 .16 -206 8 -.24 -210.2 9 .08 -210.9 9
3 16 .11407162654485225318594688137069 -215.17166309955715851891593365612 8.2025731527897121015183646472996 .23407162654485225318594688137069 -210.77166309955715851891593365612 8.2025731527897121015183646472996 .11407162654485225318594688137069 -213.77166309955715851891593365612 8.9025731527897121015183646472996
3 16 .36 -186 -9.8 .48 -186.1 -9.3 .2 -186.1 -9.1
3 16 .36 -186 -9.8 .4 -183 -10 .64 -185.8 -10
3 16 .36 -186 -9.8 .2 -186.1 -9.1 .12 -184 -9
3 16 .68 -185.5 -7.9 .56 -185.6 -8.8 .2 -186.4 -8.2
3 16 .68 -185.5 -7.9 .16 -183.3 -7.9 .56 -186 -8.2
3 16 .04 -179.9 -8.9 -.36 -179.1 -5.3 -.08 -176.8 -7.1
3 16 .44 -176 -8.7 .4 -179.5 -9.9 -.08 -176.8 -7.1
3 16 .4 -179.5 -9.9 .44 -176 -8.7 .88 -177.5 -9
3 16 1.2 -177 -5.2 .88 -180.5 -9.6 .88 -177.5 -9
3 16 .16 -183.3 -7.9 .68 -183.3 -7.7 .36 -182.4 -6.4
3 16 .16 -183.3 -7.9 .12 -184 -9 .2 -186.1 -9.1
3 16 .4 -183 -10 .76 -182.8 -9.9 .64 -185.8 -10
3 16 .92 -187 -9.2 .64 -185.8 -10 .76 -182.8 -9.9
3 16 .2 -186.4 -8.2 .56 -185.6 -8.8 .2 -186.1 -9.1
3 16 .76 -184.9 12.6 .84 -184.9 13.8 .68 -187.7 12.8
3 16 .56 -186 -8.2 .2 -186.1 -9.1 .56 -185.6 -8.8
3 16 .68 -187.7 12.8 .72 -188.6 13.5 .36 -187.6 13.5
3 16 .68 -185.5 -7.9 .56 -186 -8.2 .56 -185.6 -8.8
3 16 .68 -187.7 12.8 .36 -187.6 13.5 .44 -185.1 12.7
3 16 .68 -183.3 -7.7 .68 -185.5 -7.9 .96 -183.5 -8.6
3 16 .92 -188 -8.2 .92 -187 -9.2 .68 -185.5 -7.9
3 16 .48 -186.1 -9.3 .64 -185.8 -10 .2 -186.1 -9.1
3 16 .64 -185.8 -10 .92 -187 -9.2 .6 -188 -9.5
3 16 .92 -187 -9.2 .76 -182.8 -9.9 .96 -183.5 -8.6
3 16 .64 -185.8 -10 .6 -188 -9.5 .2 -186.1 -9.1
3 16 .12 -184 -9 .4 -183 -10 .36 -186 -9.8
3 16 .36 -186 -9.8 .64 -185.8 -10 .48 -186.1 -9.3
3 16 .96 -183.5 -8.6 .68 -185.5 -7.9 .92 -187 -9.2
3 16 .04 -179.9 -8.9 .12 -184 -9 .16 -183.3 -7.9
3 16 .04 -179.9 -8.9 .4 -183 -10 .12 -184 -9
3 16 .16 -183.3 -7.9 .36 -182.4 -6.4 -.16 -181.8 -5.7
3 16 .24 -177.3 12.5 .24 -179.6 13 .48 -178.4 13.6
3 16 .16832765310008450976838249257056 -220.06098228090766009225155225023 8.8409585295535919447902573533654 .064874759907902626275192229540724 -222.3342436862353655591011055779 9.5157858786667183539099685726821 -.0080684816068575565952535090845152 -223.83711144816795400696053183695 8.4583673181491819992121834726638
3 16 -.48871679233266686204871671631072 -221.98640778698773340080076463345 9.1938966970469856992079182580827 -.18406344820917959491158809137543 -224.41553369203439095828899762821 9.2901357842003201329981797928079 -.36800005683882378481986006045215 -221.11429966449072017259635997999 9.4911324767706238043135501547739
3 16 -.23289200466106395092639343407218 -226.43726933104122191190020097313 8.487977655872408922347490689845 -.18406344820917959491158809137543 -224.41553369203439095828899762821 9.2901357842003201329981797928079 -.34189309062979423258479766872535 -224.97798569378900204596787555844 8.918707432353208549592606061008
3 16 -.029413765711919531176794978327675 -221.29940459004452809074936766846 8.1991448846605004552697421457839 .16832765310008450976838249257056 -220.06098228090766009225155225023 8.8409585295535919447902573533654 -.0080684816068575565952535090845152 -223.83711144816795400696053183695 8.4583673181491819992121834726638
3 16 .064874759907902626275192229540724 -222.3342436862353655591011055779 9.5157858786667183539099685726821 -.16592837345514774681405311862931 -218.67166309955715851891593365612 9.2025731527897121015183646472996 -.36800005683882378481986006045215 -221.11429966449072017259635997999 9.4911324767706238043135501547739
3 16 -.18406344820917959491158809137543 -224.41553369203439095828899762821 9.2901357842003201329981797928079 .064874759907902626275192229540724 -222.3342436862353655591011055779 9.5157858786667183539099685726821 -.36800005683882378481986006045215 -221.11429966449072017259635997999 9.4911324767706238043135501547739
3 16 -.48871679233266686204871671631072 -221.98640778698773340080076463345 9.1938966970469856992079182580827 -.36800005683882378481986006045215 -221.11429966449072017259635997999 9.4911324767706238043135501547739 -.51460050078493899927550356667348 -220.83242777311023492180912882393 8.6997885734535514277332192859571
3 16 .01107289038816002766073390345865 -225.83923127351844104640060331869 8.4690688179384928407977073233312 -.0080684816068575565952535090845152 -223.83711144816795400696053183695 8.4583673181491819992121834726638 -.078597286444823306640513560189064 -225.99359165767395174737648139617 9.0486533613577402878674591789662
3 16 -.029413765711919531176794978327675 -221.29940459004452809074936766846 8.1991448846605004552697421457839 .11407162654485225318594688137069 -215.17166309955715851891593365612 8.2025731527897121015183646472996 .16832765310008450976838249257056 -220.06098228090766009225155225023 8.8409585295535919447902573533654
3 16 .064874759907902626275192229540724 -222.3342436862353655591011055779 9.5157858786667183539099685726821 .16832765310008450976838249257056 -220.06098228090766009225155225023 8.8409585295535919447902573533654 -.16592837345514774681405311862931 -218.67166309955715851891593365612 9.2025731527897121015183646472996
3 16 -.18406344820917959491158809137543 -224.41553369203439095828899762821 9.2901357842003201329981797928079 -.0080684816068575565952535090845152 -223.83711144816795400696053183695 8.4583673181491819992121834726638 .064874759907902626275192229540724 -222.3342436862353655591011055779 9.5157858786667183539099685726821
3 16 -.32592837345514774681405311862931 -218.67166309955715851891593365612 8.0025731527897121015183646472996 -.39241165581158362092721744799491 -221.69402385008785794998333588635 8.2261442040557371129800623866586 -.51460050078493899927550356667348 -220.83242777311023492180912882393 8.6997885734535514277332192859571
3 16 -.32592837345514774681405311862931 -216.17166309955715851891593365612 8.1025731527897121015183646472996 .11407162654485225318594688137069 -215.17166309955715851891593365612 8.2025731527897121015183646472996 -.045928373455147746814053118629312 -217.27166309955715851891593365612 7.9025731527897121015183646472996
3 16 .15407162654485225318594688137069 -217.37166309955715851891593365612 8.9025731527897121015183646472996 -.24592837345514774681405311862931 -215.67166309955715851891593365612 8.9025731527897121015183646472996 -.16592837345514774681405311862931 -218.67166309955715851891593365612 9.2025731527897121015183646472996
3 16 .15407162654485225318594688137069 -217.37166309955715851891593365612 8.9025731527897121015183646472996 .11407162654485225318594688137069 -215.17166309955715851891593365612 8.2025731527897121015183646472996 .11407162654485225318594688137069 -213.77166309955715851891593365612 8.9025731527897121015183646472996
3 16 -.44592837345514774681405311862928 -218.07166309955715851891593365612 8.6025731527897121015183646472996 -.16592837345514774681405311862931 -218.67166309955715851891593365612 9.2025731527897121015183646472996 -.24592837345514774681405311862931 -215.67166309955715851891593365612 8.9025731527897121015183646472996
3 16 .76 -182.8 -9.9 .88 -180.5 -9.6 .96 -183.5 -8.6
3 16 .76 -182.8 -9.9 .4 -179.5 -9.9 .88 -180.5 -9.6
3 16 .23407162654485225318594688137069 -210.77166309955715851891593365612 8.2025731527897121015183646472996 .08 -210.9 9 .11407162654485225318594688137069 -213.77166309955715851891593365612 8.9025731527897121015183646472996
3 16 .11407162654485225318594688137069 -215.17166309955715851891593365612 8.2025731527897121015183646472996 -.24592837345514774681405311862931 -212.97166309955715851891593365612 7.6025731527897121015183646472996 -.085928373455147746814053118629312 -209.67166309955715851891593365612 7.2025731527897121015183646472996
3 16 .96 -183.5 -8.6 1.2 -177 -5.2 .96 -180.1 -5.9
3 16 -.24 -210.2 9 .16 -206 8 -.48 -209.6 8.3
3 16 -.32592837345514774681405311862931 -212.17166309955715851891593365612 9.0025731527897121015183646472996 .08 -210.9 9 -.24 -210.2 9
3 16 -.44 -211.6 7.9 -.085928373455147746814053118629312 -209.67166309955715851891593365612 7.2025731527897121015183646472996 -.24592837345514774681405311862931 -212.97166309955715851891593365612 7.6025731527897121015183646472996
3 16 .28 -208.4 7.8 -.085928373455147746814053118629312 -209.67166309955715851891593365612 7.2025731527897121015183646472996 .16 -207.2 6.7
3 16 .4 -183 -10 .4 -179.5 -9.9 .76 -182.8 -9.9
3 16 -.32 -205.8 7.1 -.48 -209.6 8.3 .16 -206 8
3 16 .16 -206.7 4.9 .16 -207.2 6.7 -.4 -207.8 6.8
3 16 .08 -210.9 9 .23407162654485225318594688137069 -210.77166309955715851891593365612 8.2025731527897121015183646472996 .52 -206.7 7.8
3 16 .28 -208.4 7.8 .52 -206.7 7.8 .23407162654485225318594688137069 -210.77166309955715851891593365612 8.2025731527897121015183646472996
3 16 -.24592837345514774681405311862931 -212.97166309955715851891593365612 7.6025731527897121015183646472996 -.48592837345514774681405311862928 -213.47166309955715851891593365612 8.2025731527897121015183646472996 -.44 -211.6 7.9
3 16 .96 -183.5 -8.6 .96 -180.1 -5.9 .68 -183.3 -7.7
3 16 -.32592837345514774681405311862931 -212.17166309955715851891593365612 9.0025731527897121015183646472996 .11407162654485225318594688137069 -213.77166309955715851891593365612 8.9025731527897121015183646472996 .08 -210.9 9
3 16 .68 -206.1 6 .52 -206.7 7.8 .16 -207.2 6.7
3 16 .15407162654485225318594688137069 -217.37166309955715851891593365612 8.9025731527897121015183646472996 .16832765310008450976838249257056 -220.06098228090766009225155225023 8.8409585295535919447902573533654 .11407162654485225318594688137069 -215.17166309955715851891593365612 8.2025731527897121015183646472996
3 16 .68 -183.3 -7.7 .96 -180.1 -5.9 .36 -182.4 -6.4
3 16 -.08 -224.9 1.5 -.2 -228.1 1.3 -.04 -229.9 1.8
3 16 -.16 -181.8 -5.7 .04 -179.9 -8.9 .16 -183.3 -7.9
3 16 -.16 -181.8 -5.7 -.36 -179.1 -5.3 .04 -179.9 -8.9
3 16 .88 -180.5 -9.6 1.2 -177 -5.2 .96 -183.5 -8.6
3 16 .2 -186.4 -8.2 .2 -186.1 -9.1 .16 -188 -8.6
3 16 .16 -188 -8.6 .2 -186.1 -9.1 .6 -188 -9.5
3 16 .16 -183.3 -7.9 .68 -185.5 -7.9 .68 -183.3 -7.7
3 16 .92 -188 -8.2 .68 -185.5 -7.9 .6 -188 -7.5
3 16 .6 -188 -7.5 .88 -190.5 -7.8 .92 -188 -8.2
3 16 .56 -190.8 -7.5 .36 -190.5 -8.3 .64 -191 -8.6
3 16 .88 -190.5 -7.8 .56 -190.8 -7.5 .64 -191 -8.6
3 16 .16 -188 -8.6 .36 -189.1 -7.7 .2 -186.4 -8.2
3 16 .92 -188 -8.2 .88 -190.5 -7.8 .92 -187 -9.2
3 16 .36 -189.1 -7.7 .36 -190.5 -8.3 .56 -190.8 -7.5
3 16 .64 -191 -8.6 .92 -187 -9.2 .88 -190.5 -7.8
3 16 1 -202.2 -1.6 .44 -202.8 -3 .56 -203.2 -4.6
3 16 1.2 -208.4 3.2 .72 -218.8 1.7 1.36 -210.9 .5
3 16 .92 -187 -9.2 .64 -191 -8.6 .6 -188 -9.5
3 16 .36 -190.5 -8.3 .36 -189.1 -7.7 .16 -188 -8.6
3 16 .36 -189.2 -9.1 .16 -188 -8.6 .6 -188 -9.5
3 16 -.08 -224.9 1.5 -.04 -229.9 1.8 .28 -228.8 1.9
3 16 .2 -186.4 -8.2 .36 -189.1 -7.7 .6 -188 -7.5
3 16 -.32 -208 -6.9 -.2 -211 -8.1 -.32 -210.3 -7.1
3 16 .6 -188 -7.5 .68 -185.5 -7.9 .2 -186.4 -8.2
3 16 .6 -188 -7.5 .36 -189.1 -7.7 .56 -190.8 -7.5
3 16 1 -202.2 -1.6 .36 -203.1 -.5 .44 -202.8 -3
3 16 .36 -190.5 -8.3 .36 -189.2 -9.1 .64 -191 -8.6
3 16 .76 -181.8 12.5 .84 -184.9 13.8 .76 -184.9 12.6
4 16 .32 -184.8 13.6 .44 -182.3 12.5 .44 -185.1 12.7 .36 -187.6 13.5
3 16 .76 -184.9 12.6 .44 -182.3 12.5 .76 -181.8 12.5
3 16 .68 -187.7 12.8 .44 -185.1 12.7 .76 -184.9 12.6
3 16 -.04 -200.7 -3.2 .56 -200.2 -3.9 .12 -201.9 -4.5
3 16 .72 -187.6 14.1 .32 -184.8 13.6 .36 -187.6 13.5
3 16 .72 -188.6 13.5 .72 -187.6 14.1 .36 -187.6 13.5
3 16 .72 -188.6 13.5 .68 -187.7 12.8 .72 -187.6 14.1
3 16 .32 -181.3 13.6 .44 -182.3 12.5 .32 -184.8 13.6
3 16 .44 -182.3 12.5 .32 -181.3 13.6 .4 -179.3 12
3 16 .88 -179 12.4 .8 -181.7 13.6 .76 -181.8 12.5
3 16 .72 -187.6 14.1 .84 -184.9 13.8 .32 -184.8 13.6
3 16 .44 -182.3 12.5 .4 -179.3 12 .76 -181.8 12.5
3 16 .08 -149.4 -8.7 .28 -151.5 -6.6 0 -152.5 -8
3 16 .32 -184.8 13.6 .84 -184.9 13.8 .4 -183.4 14
3 16 .8 -181.7 13.6 .84 -184.9 13.8 .76 -181.8 12.5
3 16 .44 -182.3 12.5 .76 -184.9 12.6 .44 -185.1 12.7
3 16 .4 -183.4 14 .84 -184.9 13.8 .8 -181.7 13.6
3 16 0 -162.7 -11.8 -.32 -158.9 -10.9 -.32 -159.2 -12.4
3 16 .32 -181.3 13.6 .32 -184.8 13.6 .4 -183.4 14
4 16 -.52 -154.5 -9.3 -.32 -158.9 -10.9 0 -157.3 -10.3 -.16 -154 -9.1
3 16 -.36 -155.3 -12 -.32 -159.2 -12.4 -.72 -155.4 -11.2
3 16 .8 -181.7 13.6 .32 -181.3 13.6 .4 -183.4 14
3 16 .92 -177.3 13.4 .88 -179 12.4 .88 -177.1 12
3 16 .92 -177.3 13.4 .56 -175.9 13.6 .48 -178.4 13.6
3 16 1.04 -174.6 12.6 1 -174.1 13.8 .92 -177.3 13.4
3 16 .44 -164.2 -12.2 .12 -161.4 -11.4 0 -162.7 -11.8
3 16 .48 -178.4 13.6 .8 -181.7 13.6 .92 -177.3 13.4
3 16 .52 -175.9 12.2 .88 -177.1 12 .4 -179.3 12
3 16 1.16 -111.6 19.5 1.32 -113.1 18.9 1.44 -111.8 18.8
3 16 .88 -108.6 17.8 1.2 -107.6 17.7 1.44 -109.4 18.4
3 16 1.2 -104.4 18.1 1.36 -106.1 19 1.44 -109.4 18.4
3 16 .88 -108.6 17.8 .72 -109.7 18.4 .56 -105.6 18.3
3 16 .72 -97.7 16 .56 -99.7 16.9 .16 -97.4 17
3 16 .96 -101.9 19.4 1.16 -101.1 18.6 1.04 -97 17.6
3 16 .24 -100.7 18 .8 -104.7 17.7 .56 -105.6 18.3
3 16 1.04 -97 17.6 .6 -98 18.7 .96 -101.9 19.4
3 16 .16 -97.4 17 .56 -99.7 16.9 .24 -100.7 18
3 16 .64 -103.7 19.6 .6 -98 18.7 .24 -98.8 18.6
3 16 .72 -97.7 16 .96 -100.6 17.5 .56 -99.7 16.9
4 16 .96 -100.6 17.5 .72 -97.7 16 1.04 -97 17.6 1.16 -101.1 18.6
3 16 1.36 -106.1 19 1.2 -104.4 18.1 1.16 -101.1 18.6
3 16 1.2 -104.4 18.1 .96 -100.6 17.5 1.16 -101.1 18.6
3 16 .96 -101.9 19.4 1.36 -106.1 19 1.16 -101.1 18.6
3 16 .8 -104.7 17.7 .56 -99.7 16.9 .96 -100.6 17.5
3 16 1.2 -104.4 18.1 .8 -104.7 17.7 .96 -100.6 17.5
3 16 .24 -100.7 18 .44 -104.4 19 .64 -103.7 19.6
3 16 .72 -97.7 16 .16 -97.4 17 0 -96.9 13
3 16 .72 -97.7 16 0 -96.9 13 1.2 -95.6 13.8
3 16 .88 -108.6 17.8 .8 -104.7 17.7 1.2 -107.6 17.7
3 16 .76 -108.5 19.3 1.16 -111.6 19.5 1.16 -109.3 19.5
3 16 .88 -108.6 17.8 1.12 -111.6 17.9 .72 -109.7 18.4
3 16 1.2 -104.4 18.1 1.44 -109.4 18.4 1.2 -107.6 17.7
3 16 1.04 -112.6 18.5 1.32 -113.1 18.9 .96 -112 19
3 16 .76 -108.5 19.3 .96 -112 19 1.16 -111.6 19.5
3 16 .96 -112 19 1.32 -113.1 18.9 1.16 -111.6 19.5
3 16 .44 -104.4 19 .76 -108.5 19.3 .64 -103.7 19.6
3 16 1.08 -105.9 19.6 1.16 -109.3 19.5 1.44 -109.4 18.4
3 16 1.2 -104.4 18.1 1.2 -107.6 17.7 .8 -104.7 17.7
3 16 1.08 -105.9 19.6 1.36 -106.1 19 .96 -101.9 19.4
3 16 1.16 -109.3 19.5 .64 -103.7 19.6 .76 -108.5 19.3
3 16 1.44 -111.8 18.8 1.44 -109.4 18.4 1.16 -109.3 19.5
3 16 .92 -177.3 13.4 .88 -177.1 12 1.04 -174.6 12.6
3 16 .8 -113.3 12.3 1.04 -112.1 11.5 .64 -107.3 12.2
3 16 .92 -105.3 11.5 .64 -107.3 12.2 1.04 -110.3 10.6
3 16 .16 -110.1 12 -.24 -106.3 11.4 .04 -111.8 11.2
3 16 -.24 -106.3 11.4 .16 -110.1 12 .16 -107.2 12.1
3 16 .56 -175.9 13.6 .52 -175.9 12.2 .24 -177.3 12.5
3 16 .44 -112 9.7 .12 -112.6 10.2 .4 -108.8 9
3 16 .04 -111.8 11.2 -.08 -109.1 9.9 .12 -112.6 10.2
3 16 .4 -179.3 12 .24 -177.3 12.5 .52 -175.9 12.2
3 16 -.52 -107.2 9.4 -.08 -109.1 9.9 .04 -111.8 11.2
3 16 -.08 -109.1 9.9 -.04 -108.9 9.1 .4 -108.8 9
3 16 .64 -107.3 12.2 1.04 -112.1 11.5 1.04 -110.3 10.6
3 16 .72 -108.6 9.3 .4 -108.8 9 .68 -108.5 7.6
3 16 .88 -179 12.4 .4 -179.3 12 .88 -177.1 12
3 16 -.52 -107.2 9.4 -.04 -108.9 9.1 -.08 -109.1 9.9
3 16 1.04 -110.3 10.6 1 -105.4 9.5 .92 -105.3 11.5
3 16 .8 -115.4 10.2 .44 -112 9.7 .92 -112.6 10.4
3 16 .04 -111.8 11.2 .12 -112.6 10.2 0 -117.4 11.5
3 16 .04 -111.8 11.2 .16 -118.1 12.3 .52 -116.8 12.6
3 16 .4 -179.3 12 .32 -181.3 13.6 .24 -179.6 13
3 16 .88 -179 12.4 .76 -181.8 12.5 .4 -179.3 12
3 16 .68 -172.1 12.1 .52 -175.9 12.2 .68 -172.6 13.3
3 16 1.04 -174.6 12.6 .88 -177.1 12 .52 -175.9 12.2
3 16 .4 -179.3 12 .24 -179.6 13 .24 -177.3 12.5
3 16 1.04 -174.6 12.6 .52 -175.9 12.2 .68 -172.1 12.1
3 16 .36 -127.3 11.2 .36 -125 10.4 .88 -127.5 10.6
3 16 .48 -178.4 13.6 .24 -179.6 13 .32 -181.3 13.6
3 16 .56 -175.9 13.6 .92 -177.3 13.4 1 -174.1 13.8
3 16 .88 -179 12.4 .92 -177.3 13.4 .8 -181.7 13.6
3 16 .32 -181.3 13.6 .8 -181.7 13.6 .48 -178.4 13.6
3 16 .12 -165.1 -11.9 0 -162.7 -11.8 -.16 -164.6 -12.7
3 16 1.6 -136 11.6 1 -134.1 11.1 1.2 -131.2 11.2
3 16 .12 -165.1 -11.9 .44 -164.2 -12.2 0 -162.7 -11.8
3 16 .28 -165.4 -13.4 0 -164.2 -13.4 .44 -164.3 -13.1
3 16 -.16 -164.6 -12.7 .28 -165.4 -13.4 .32 -165.7 -12.4
3 16 .44 -164.2 -12.2 .32 -165.7 -12.4 .28 -165.4 -13.4
3 16 -.16 -164.6 -12.7 .04 -162.2 -12.8 0 -164.2 -13.4
3 16 0 -162.7 -11.8 .04 -162.2 -12.8 -.16 -164.6 -12.7
3 16 .44 -164.3 -13.1 .44 -164.2 -12.2 .28 -165.4 -13.4
3 16 1.12 -123.7 11.7 .96 -122.1 10.8 .76 -119.7 11.2
3 16 .04 -118.9 10.8 .4 -119.7 10.2 .32 -122.1 10.6
3 16 .64 -120.9 12.4 .76 -119.7 11.2 .88 -118.2 11.6
3 16 .12 -161.4 -11.4 .44 -164.2 -12.2 .32 -159.9 -12.2
3 16 .64 -120.9 12.4 .52 -116.8 12.6 .16 -118.1 12.3
3 16 0 -110.9 8.5 -.04 -108.9 9.1 -.48 -109.1 6.7
3 16 .52 -112 12.3 .16 -107.2 12.1 .16 -110.1 12
3 16 .8 -113.3 12.3 .52 -112 12.3 .52 -116.8 12.6
3 16 .04 -111.8 11.2 .52 -112 12.3 .16 -110.1 12
3 16 1.12 -97.5 7.5 .68 -108.5 7.6 .44 -106.2 2.2
3 16 .24 -115.8 10.1 0 -117.4 11.5 .12 -112.6 10.2
3 16 .04 -118.9 10.8 .24 -115.8 10.1 .68 -118.1 10.4
3 16 .44 -112 9.7 1.04 -110.3 10.6 .92 -112.6 10.4
3 16 1.04 -116 11.6 .52 -116.8 12.6 .88 -118.2 11.6
3 16 .44 -164.2 -12.2 .12 -165.1 -11.9 .32 -165.7 -12.4
3 16 .52 -112 12.3 .8 -113.3 12.3 .64 -107.3 12.2
3 16 .32 -165.7 -12.4 .12 -165.1 -11.9 -.16 -164.6 -12.7
3 16 .28 -165.4 -13.4 -.16 -164.6 -12.7 0 -164.2 -13.4
3 16 .04 -111.8 11.2 0 -117.4 11.5 .16 -118.1 12.3
3 16 .04 -111.8 11.2 .52 -116.8 12.6 .52 -112 12.3
3 16 .92 -112.6 10.4 1.04 -110.3 10.6 1.04 -112.1 11.5
3 16 0 -162.7 -11.8 .12 -161.4 -11.4 -.32 -158.9 -10.9
3 16 -.32 -158.9 -10.9 .16 -159.6 -11.1 0 -157.3 -10.3
3 16 -.04 -115.3 6.2 -.44 -112.6 1.4 -.08 -119.1 2.8
3 16 .64 -101 -2.1 .64 -102 3.3 .44 -106.2 2.2
3 16 -.44 -112.6 1.4 -1 -105.9 1.9 -.6 -110.3 -2.5
3 16 0 -164.2 -13.4 .04 -162.2 -12.8 .44 -164.3 -13.1
3 16 .32 -159.9 -12.2 .44 -164.2 -12.2 .04 -162.2 -12.8
3 16 .04 -162.2 -12.8 .44 -164.2 -12.2 .44 -164.3 -13.1
3 16 -.32 -158.9 -10.9 -.6 -157 -10.8 -.32 -159.2 -12.4
3 16 -.32 -159.2 -12.4 -.6 -157 -10.8 -.72 -155.4 -11.2
3 16 .24 -177.3 12.5 .48 -178.4 13.6 .56 -175.9 13.6
3 16 .32 -159.9 -12.2 .04 -159.8 -12.7 .08 -156.8 -12.1
3 16 0 -157.3 -10.3 .16 -159.6 -11.1 .16 -155.5 -10.7
3 16 .08 -156.8 -12.1 -.32 -159.2 -12.4 -.36 -155.3 -12
3 16 .68 -108.5 7.6 .6 -108.9 5.4 .44 -106.2 2.2
3 16 1.12 -171.1 13.1 1 -174.1 13.8 1.04 -174.6 12.6
3 16 .16 -159.6 -11.1 .12 -161.4 -11.4 .32 -159.9 -12.2
3 16 -.04 -108.9 9.1 .68 -108.5 7.6 .4 -108.8 9
3 16 0 -162.7 -11.8 -.32 -159.2 -12.4 .04 -162.2 -12.8
3 16 -.32 -159.2 -12.4 .04 -159.8 -12.7 .04 -162.2 -12.8
3 16 .32 -159.9 -12.2 .04 -162.2 -12.8 .04 -159.8 -12.7
3 16 .16 -159.6 -11.1 -.32 -158.9 -10.9 .12 -161.4 -11.4
3 16 .44 -106.2 2.2 .64 -102 3.3 1.12 -97.5 7.5
3 16 -.52 -154.5 -9.3 -.6 -157 -10.8 -.32 -158.9 -10.9
3 16 .56 -175.9 13.6 .68 -172.6 13.3 .52 -175.9 12.2
3 16 1 -174.1 13.8 .68 -172.6 13.3 .56 -175.9 13.6
3 16 -.36 -152.7 -6.2 -.52 -154.5 -9.3 -.16 -154 -9.1
3 16 .64 -117.5 7.7 .2 -114.3 7.9 -.04 -115.3 6.2
3 16 .04 -159.8 -12.7 -.32 -159.2 -12.4 .08 -156.8 -12.1
3 16 .08 -156.8 -12.1 .16 -155.5 -10.7 .32 -159.9 -12.2
3 16 .08 -149.4 -8.7 0 -152.5 -8 .16 -155.5 -10.7
3 16 1.12 -171.1 13.1 .68 -172.6 13.3 1 -174.1 13.8
3 16 1.12 -171.1 13.1 1.04 -174.6 12.6 .88 -168.9 11.5
3 16 -.92 -152.2 -10.8 -.36 -155.3 -12 -.72 -155.4 -11.2
3 16 -.16 -154 -9.1 0 -157.3 -10.3 .16 -155.5 -10.7
3 16 -.16 -154 -9.1 .16 -155.5 -10.7 0 -152.5 -8
3 16 -.92 -152.2 -10.8 -.32 -152.9 -11 -.36 -155.3 -12
3 16 -.32 -152.9 -11 .08 -156.8 -12.1 -.36 -155.3 -12
3 16 .32 -159.9 -12.2 .16 -155.5 -10.7 .16 -159.6 -11.1
3 16 -.72 -155.4 -11.2 -.52 -154.5 -9.3 -1.12 -151.2 -8.7
3 16 -.72 -155.4 -11.2 -.6 -157 -10.8 -.52 -154.5 -9.3
3 16 .16 -155.5 -10.7 .08 -156.8 -12.1 -.32 -152.9 -11
3 16 1.28 -138.2 11.9 1.28 -137.4 11 1.64 -137.4 12.2
3 16 1.24 -162.5 10.8 1 -165.1 12.3 .88 -168.9 11.5
3 16 1.6 -136 11.6 1.28 -137.4 11 1 -134.1 11.1
3 16 1.04 -174.6 12.6 .68 -172.1 12.1 .88 -168.9 11.5
3 16 .64 -135.4 12.6 1.28 -138.2 11.9 1.28 -136.1 13
3 16 1.28 -137.4 11 1.28 -138.2 11.9 1.04 -137.8 11.3
3 16 .88 -168.9 11.5 .68 -172.1 12.1 .6 -164.7 10.2
3 16 -1 -105.9 1.9 -.88 -106.7 6.2 -.96 -104.4 6.2
3 16 1.04 -137.8 11.3 1.28 -138.2 11.9 .68 -135.6 11.7
3 16 1.12 -171.1 13.1 .6 -166.9 12.8 .68 -172.6 13.3
3 16 1.12 -171.1 13.1 .88 -168.9 11.5 .6 -166.9 12.8
3 16 1.12 -132.3 13.1 1.56 -135 12.4 1.32 -130.4 12.2
3 16 1.64 -137.4 12.2 1.6 -136 11.6 1.56 -135 12.4
3 16 .68 -172.1 12.1 .6 -166.9 12.8 .6 -164.7 10.2
3 16 .68 -172.6 13.3 .6 -166.9 12.8 .68 -172.1 12.1
3 16 1.6 -136 11.6 1.32 -130.4 12.2 1.56 -135 12.4
3 16 .16 -132.5 12 .56 -132.1 11 .68 -135.6 11.7
3 16 .84 -161 7.4 1.24 -162.5 10.8 .6 -164.7 10.2
3 16 1.28 -137.4 11 1.6 -136 11.6 1.64 -137.4 12.2
3 16 1.64 -137.4 12.2 1.28 -136.1 13 1.28 -138.2 11.9
3 16 1.24 -162.5 10.8 1.48 -159.5 11.6 1 -165.1 12.3
3 16 .88 -168.9 11.5 .6 -164.7 10.2 1.24 -162.5 10.8
3 16 1.56 -135 12.4 1.28 -136.1 13 1.64 -137.4 12.2
3 16 .64 -135.4 12.6 .68 -135.6 11.7 1.28 -138.2 11.9
3 16 .76 -134.5 13.4 .64 -135.4 12.6 1.28 -136.1 13
3 16 1.6 -136 11.6 1.2 -131.2 11.2 1.32 -130.4 12.2
3 16 1.28 -136.1 13 1.56 -135 12.4 1.12 -132.3 13.1
3 16 .4 -161.9 9.8 .36 -160.7 7.7 .6 -164.7 10.2
3 16 .12 -157.2 6.1 .4 -161.9 9.8 .72 -161.3 11.4
3 16 .84 -161 7.4 .6 -164.7 10.2 .36 -160.7 7.7
3 16 1.64 -158.2 9.3 1.24 -162.5 10.8 .84 -161 7.4
3 16 1.48 -159.5 11.6 1.24 -162.5 10.8 1.64 -158.2 9.3
3 16 1.44 -157.1 11.2 1.48 -159.5 11.6 1.48 -154.4 8.7
3 16 .6 -164.7 10.2 .72 -161.3 11.4 .4 -161.9 9.8
3 16 .28 -129.4 12.1 .24 -131 11.2 .16 -132.5 12
3 16 .36 -127.3 11.2 .88 -127.5 10.6 .24 -131 11.2
3 16 .36 -127.3 11.2 .24 -131 11.2 .28 -129.4 12.1
3 16 1.64 -158.2 9.3 1.48 -154.4 8.7 1.48 -159.5 11.6
3 16 .16 -132.5 12 .68 -135.6 11.7 .64 -135.4 12.6
3 16 .72 -161.3 11.4 1 -165.1 12.3 1.48 -159.5 11.6
3 16 .16 -132.5 12 .32 -131.1 13 .28 -129.4 12.1
3 16 .36 -127.3 11.2 .28 -129.4 12.1 .44 -126.1 12.4
3 16 .32 -131.1 13 .96 -128.4 12.9 .28 -129.4 12.1
3 16 1.32 -130.4 12.2 .96 -128.4 12.9 1.12 -132.3 13.1
3 16 1.64 -158.2 9.3 .84 -161 7.4 1 -152.9 4.5
3 16 .36 -133.3 13 .16 -132.5 12 .64 -135.4 12.6
3 16 .36 -160.7 7.7 .4 -161.9 9.8 .12 -157.2 6.1
3 16 1.2 -131.2 11.2 1 -134.1 11.1 .56 -132.1 11
3 16 .32 -131.1 13 .36 -133.3 13 .68 -132.4 13.5
3 16 1.2 -131.2 11.2 .88 -127.5 10.6 1.32 -128.7 11.3
3 16 .56 -132.1 11 .24 -131 11.2 .88 -127.5 10.6
3 16 .68 -132.4 13.5 .96 -128.4 12.9 .32 -131.1 13
3 16 1.2 -131.2 11.2 1.32 -128.7 11.3 1.32 -130.4 12.2
3 16 .72 -161.3 11.4 1.44 -157.1 11.2 .92 -154.3 8.6
3 16 .12 -157.2 6.1 .92 -154.3 8.6 -.04 -149.9 4.4
3 16 .88 -127.5 10.6 1.2 -131.2 11.2 .56 -132.1 11
3 16 .72 -161.3 11.4 .92 -154.3 8.6 .12 -157.2 6.1
3 16 .6 -166.9 12.8 .72 -161.3 11.4 .6 -164.7 10.2
3 16 1.12 -123.7 11.7 1.32 -130.4 12.2 1.32 -128.7 11.3
3 16 1 -152.9 4.5 1.48 -154.4 8.7 1.64 -158.2 9.3
3 16 1.48 -154.4 8.7 1 -152.9 4.5 1.12 -149.5 7
3 16 .8 -123 10.2 .96 -122.1 10.8 .88 -127.5 10.6
3 16 .88 -127.5 10.6 .96 -122.1 10.8 1.12 -123.7 11.7
3 16 .44 -126.1 12.4 .24 -122.4 11.8 .36 -127.3 11.2
3 16 -.04 -149.9 4.4 .92 -154.3 8.6 1.12 -149.5 7
3 16 1.48 -159.5 11.6 1.44 -157.1 11.2 .72 -161.3 11.4
3 16 1.12 -149.5 7 .92 -154.3 8.6 1.48 -154.4 8.7
3 16 1.44 -157.1 11.2 1.48 -154.4 8.7 .92 -154.3 8.6
3 16 .8 -123 10.2 .88 -127.5 10.6 .36 -125 10.4
3 16 .8 -123 10.2 .36 -125 10.4 .32 -122.1 10.6
3 16 .88 -127.5 10.6 1.12 -123.7 11.7 1.32 -128.7 11.3
3 16 .96 -124.5 12.6 .44 -126.1 12.4 .96 -128.4 12.9
3 16 .96 -124.5 12.6 .52 -124.4 12.6 .44 -126.1 12.4
3 16 .32 -122.1 10.6 .4 -119.7 10.2 .8 -123 10.2
3 16 0 -117.4 11.5 .24 -115.8 10.1 .04 -118.9 10.8
3 16 .96 -124.5 12.6 .96 -128.4 12.9 1.32 -130.4 12.2
3 16 .4 -119.7 10.2 .68 -118.1 10.4 .76 -119.7 11.2
3 16 .68 -118.1 10.4 .24 -115.8 10.1 .8 -115.4 10.2
3 16 1.04 -116 11.6 .68 -118.1 10.4 .8 -115.4 10.2
3 16 1.04 -116 11.6 .88 -118.2 11.6 .68 -118.1 10.4
3 16 -1.36 -137.4 -15.2 -1.64 -139.9 -16.4 -1.6 -140.2 -15.4
3 16 1.04 -112.1 11.5 .8 -113.3 12.3 1.04 -116 11.6
3 16 .44 -112 9.7 .8 -115.4 10.2 .24 -115.8 10.1
3 16 -.08 -109.1 9.9 .4 -108.8 9 .12 -112.6 10.2
3 16 1.04 -110.3 10.6 .44 -112 9.7 .72 -108.6 9.3
3 16 .72 -108.6 9.3 1 -105.4 9.5 1.04 -110.3 10.6
3 16 .64 -120.9 12.4 .52 -124.4 12.6 .96 -124.5 12.6
3 16 .64 -120.9 12.4 .16 -118.1 12.3 .24 -122.4 11.8
3 16 -.52 -139.8 -16.6 -.28 -135.7 -17.3 -.04 -135 -15.9
3 16 -.8 -137.8 -17.5 -.52 -139.8 -16.6 -1.24 -140.9 -17.4
3 16 -1.32 -139.9 -14.6 -.88 -140.9 -14.6 -.84 -134.2 -15.3
3 16 -1.08 -134.8 -16.8 -1.64 -139.9 -16.4 -1.36 -137.4 -15.2
3 16 -.04 -135 -15.9 .08 -132.7 -14.7 -.48 -137 -14.6
3 16 .56 -132.1 11 1 -134.1 11.1 .68 -135.6 11.7
3 16 .96 -128.4 12.9 .44 -126.1 12.4 .28 -129.4 12.1
3 16 -.48 -137 -14.6 -.84 -134.2 -15.3 -.88 -140.9 -14.6
3 16 .04 -179.9 -8.9 -.08 -176.8 -7.1 .4 -179.5 -9.9
3 16 -1.08 -134.8 -16.8 -1.36 -137.4 -15.2 -.84 -134.2 -15.3
3 16 .4 -179.5 -9.9 .88 -177.5 -9 .88 -180.5 -9.6
3 16 -1.28 -137.7 -17.3 -.64 -133.4 -18.3 -.8 -137.8 -17.5
3 16 -.88 -149.4 -18.5 -.84 -148.3 -18.8 -.56 -147.1 -17.4
3 16 -.84 -149.2 -17.2 -.56 -147.1 -17.4 -.8 -145.5 -15.8
3 16 -1.48 -146.3 -17.1 -1.4 -143.7 -17.7 -1.16 -146.7 -18.6
3 16 -1.36 -148.1 -18.9 -1.48 -146.3 -17.1 -1.16 -146.7 -18.6
3 16 -.88 -149.4 -18.5 -1.24 -149.7 -18.2 -1.36 -148.1 -18.9
3 16 .56 -190.8 -7.5 .88 -190.5 -7.8 .6 -188 -7.5
3 16 .6 -188 -9.5 .64 -191 -8.6 .36 -189.2 -9.1
3 16 -.84 -148.3 -18.8 -1.36 -148.1 -18.9 -1.16 -146.7 -18.6
3 16 -1.16 -146.7 -18.6 -1.4 -143.7 -17.7 -.88 -145.7 -18.3
3 16 -.84 -149.2 -17.2 -1.24 -149.7 -18.2 -.88 -149.4 -18.5
3 16 -1.36 -148.1 -18.9 -.84 -148.3 -18.8 -.88 -149.4 -18.5
3 16 -.56 -147.1 -17.4 -.84 -149.2 -17.2 -.88 -149.4 -18.5
3 16 -1.24 -149.7 -18.2 -1.2 -148.2 -16.5 -1.48 -148.6 -17.7
3 16 .2 -186.1 -9.1 .56 -186 -8.2 .16 -183.3 -7.9
3 16 -.8 -145.5 -15.8 -1.48 -142.9 -14.8 -1.16 -145.1 -15.6
3 16 -1.16 -145.1 -15.6 -1.48 -146.3 -17.1 -1.2 -148.2 -16.5
3 16 -1.48 -146.3 -17.1 -1.36 -148.1 -18.9 -1.48 -148.6 -17.7
3 16 .68 -182.2 -3.8 .36 -182.4 -6.4 .96 -180.1 -5.9
3 16 .4 -179.5 -9.9 .4 -183 -10 .04 -179.9 -8.9
3 16 -1.64 -143.5 -16.1 -1.48 -142.9 -14.8 -1.6 -140.2 -15.4
3 16 -.56 -141.5 -15.5 -.8 -145.5 -15.8 -.56 -147.1 -17.4
3 16 -.88 -145.7 -18.3 -1.24 -140.9 -17.4 -.64 -142.9 -17.2
3 16 -1.48 -142.9 -14.8 -.8 -145.5 -15.8 -.88 -140.9 -14.6
3 16 -1.64 -143.5 -16.1 -1.16 -145.1 -15.6 -1.48 -142.9 -14.8
3 16 -1.64 -143.5 -16.1 -1.64 -139.9 -16.4 -1.24 -140.9 -17.4
3 16 -.88 -24.2 7.9 -.72 -26 5.6 -1.44 -28.3 1.6
3 16 -.88 -27.3 -4.1 -.52 -25 -7.9 -1.48 -29.8 -5
3 16 -.76 -69.8 -14.1 .12 -72.2 -15.5 -.28 -69.6 -12
3 16 .12 -36.3 1.3 .28 -32.2 -.4 .28 -33.5 4.1
3 16 -1.64 -143.5 -16.1 -1.6 -140.2 -15.4 -1.64 -139.9 -16.4
3 16 -.92 -22.6 13 -1.48 -26.7 7.6 -1.28 -24.7 12.8
3 16 -1.48 -26.7 7.6 -.92 -22.6 13 -.88 -24.2 7.9
3 16 .16 -24.9 -7.8 -.04 -27.2 -4.3 .6 -28.3 -5.3
3 16 -1.16 -47.3 10 -1.48 -30.3 10.9 -.88 -39.4 5.7
3 16 -1.16 -47.3 10 -.88 -39.4 5.7 -.92 -45.3 2.8
3 16 -.68 -27.9 -15.1 -.88 -34.8 -19.3 -1.04 -27 -11.5
3 16 -1.04 -27 -11.5 -.48 -24.2 -11.9 -.68 -27.9 -15.1
3 16 .12 -72.2 -15.5 .12 -79.7 -18.1 .8 -71.7 -16.8
3 16 -1.68 -31.4 3.8 -1.48 -29.8 -5 -1.2 -35.6 3
3 16 -.24 -126 0 -.08 -119.1 2.8 -.24 -118.2 -2.9
4 16 .28 -33.5 4.1 .4 -27.5 5.7 1.04 -30.4 10 .76 -38.7 7
3 16 -.28 -69.6 -12 .12 -72.2 -15.5 1.04 -68.5 -13.4
3 16 -.48 -24.2 -11.9 -1.04 -27 -11.5 -.8 -24.9 -9.5
3 16 -.48 -24.2 -11.9 .16 -23.6 -10.6 0 -24.4 -12.9
3 16 -1.24 -140.9 -17.4 -1.4 -143.7 -17.7 -1.64 -143.5 -16.1
3 16 -.48 -24.2 -11.9 0 -24.4 -12.9 -.24 -26.3 -14.8
3 16 -.24 -26.3 -14.8 -.68 -27.9 -15.1 -.48 -24.2 -11.9
3 16 -.8 -24.9 -9.5 -.52 -25 -7.9 -.24 -23.6 -9.8
3 16 -.24 -26.3 -14.8 0 -24.4 -12.9 .4 -26.9 -15.2
3 16 .4 -26.9 -15.2 -.16 -31 -18 -.68 -27.9 -15.1
3 16 -.08 -126.3 2.6 -.24 -126 0 -.16 -132.8 1.3
3 16 -1.48 -26.7 7.6 -1.68 -31.4 3.8 -1.48 -30.3 10.9
3 16 -1.44 -28.3 1.6 -1.48 -26.7 7.6 -.88 -24.2 7.9
3 16 -.48 -26.7 18 -.68 -30.3 19.1 .04 -29.1 18.8
3 16 .04 -29.1 18.8 -.68 -30.3 19.1 -.32 -35.9 20.6
3 16 -.4 -38.2 -23.4 -.88 -34.8 -19.3 -.16 -31 -18
3 16 -.16 -31 -18 -.88 -34.8 -19.3 -.68 -27.9 -15.1
3 16 -.4 -38.2 -23.4 -.16 -31 -18 .68 -33 -18.5
3 16 -.88 -34.8 -19.3 -1.16 -39.6 -17.7 -1.24 -34 -12.3
3 16 -1.16 -39.6 -17.7 -.76 -44.2 -7 -.76 -39.8 -7
3 16 -1.16 -47.3 10 -.92 -45.3 2.8 -1.04 -50.7 -4.7
4 16 .32 -39.6 -24.1 -.4 -38.2 -23.4 .68 -33 -18.5 .76 -38.2 -22.7
4 16 -.4 -38.2 -23.4 .32 -39.6 -24.1 0 -45.1 -24.1 -.8 -40.9 -23.2
3 16 -.08 -52.6 -23.3 -.8 -49.8 -20.9 -.8 -40.9 -23.2
3 16 -.88 -34.8 -19.3 -.4 -38.2 -23.4 -.8 -40.9 -23.2
3 16 -1.16 -39.6 -17.7 -1.04 -48.8 -15.8 -.76 -44.2 -7
3 16 -.88 -34.8 -19.3 -.8 -40.9 -23.2 -1.16 -39.6 -17.7
3 16 -1.16 -39.6 -17.7 -.8 -40.9 -23.2 -.8 -49.8 -20.9
3 16 -1.16 -39.6 -17.7 -.8 -49.8 -20.9 -1.04 -48.8 -15.8
3 16 -1.04 -50.7 -4.7 -.76 -44.2 -7 -1.04 -48.8 -15.8
4 16 .36 -38.2 20.7 -.32 -35.9 20.6 -.4 -41.7 21.5 -.04 -43.9 21.7
3 16 .24 -44.7 18 -.84 -43.6 17.1 -.08 -46.5 15.7
3 16 -.08 -46.5 15.7 -.84 -43.6 17.1 -.8 -47.6 13.2
3 16 -1.04 -62.1 -5.9 -1.08 -60.2 4.5 -1.04 -50.7 -4.7
3 16 -1.16 -47.3 10 -.56 -61.2 16 -.8 -47.6 13.2
3 16 -.88 -35.6 19.3 -1.16 -37.2 16.9 -.4 -41.7 21.5
3 16 -.04 -27.2 -4.3 -.72 -27.7 -1.1 -.04 -28.2 .1
3 16 .36 -139.8 -6.9 .36 -144.2 -5.9 -.48 -146.7 -9.2
3 16 -.76 -66.8 13.8 -.56 -61.2 16 -1.16 -47.3 10
3 16 -.72 -26 5.6 .24 -25 7.1 .4 -27.5 5.7
3 16 -.88 -140.9 -14.6 -.8 -145.5 -15.8 -.56 -141.5 -15.5
3 16 .4 -27.5 5.7 -.52 -27.3 2.8 -.72 -26 5.6
3 16 .16 -107.2 12.1 .48 -103.7 12.6 .04 -103 12.3
3 16 -.8 -145.5 -15.8 -1.16 -145.1 -15.6 -1.2 -148.2 -16.5
3 16 .24 -25 7.1 -.08 -23 8.2 .32 -21.7 9.8
3 16 .56 -143.3 -1.5 .8 -136.9 -4.8 1.04 -132.1 -1.4
3 16 .32 -21.7 9.8 -.08 -23 8.2 -.4 -21.4 10
3 16 1 -165.1 12.3 .72 -161.3 11.4 .6 -166.9 12.8
3 16 -.76 -140.1 -3.5 .24 -133.3 -5.2 -.88 -142.7 -7
3 16 -1.64 -143.5 -16.1 -1.4 -143.7 -17.7 -1.48 -146.3 -17.1
3 16 -1.68 -31.4 3.8 -1.44 -28.3 1.6 -1.48 -29.8 -5
3 16 1.36 -210.9 .5 1.4 -201.6 -.2 1.6 -203.5 3.2
3 16 1.04 -30.4 10 .4 -27.5 5.7 .96 -23.6 11.4
3 16 .04 -139.3 -7.3 .24 -133.3 -5.2 .68 -133.8 -5.4
3 16 -.08 -237.2 1.3 -.04 -237.4 .7 0 -238.4 1.6
3 16 -.16 -233.1 1.4 -.04 -230.6 .6 -.12 -235 .6
3 16 .28 -208.7 1.6 .96 -205.7 0 .6 -209.8 -.1
3 16 -1.48 -146.3 -17.1 -1.16 -145.1 -15.6 -1.64 -143.5 -16.1
3 16 -.28 -185.3 1.6 -.4 -174.5 -2.1 -.48 -181.9 -1.4
3 16 -.4 -174.5 -2.1 -.28 -185.3 1.6 -.12 -170.2 1.8
3 16 -.12 -165.9 -2.3 -.4 -174.5 -2.1 -.12 -170.2 1.8
3 16 -.12 -170.2 1.8 -.56 -157.9 .5 -.12 -165.9 -2.3
3 16 -.56 -102.9 9.9 -.24 -106.3 11.4 .04 -103 12.3
3 16 -.56 -102.9 9.9 0 -96.9 13 -.88 -96.3 7.7
3 16 .04 -103 12.3 .48 -103.7 12.6 .48 -98.2 12.5
4 16 -.84 -90.9 -10.2 -.88 -95.9 -3.3 -.92 -78 1.2 -.88 -73.4 -6.8
3 16 .56 -209.3 3.2 -.2 -205.4 3.2 .28 -208.7 1.6
3 16 .08 -118.8 -6.9 -.08 -123.6 -3.4 -.24 -118.2 -2.9
3 16 .16 -195.9 5.5 -.32 -198.9 5.2 .8 -201.8 6.9
4 16 -1.04 -62.1 -5.9 -1.04 -50.7 -4.7 -1.04 -48.8 -15.8 -1.08 -63.8 -14.5
3 16 -.88 -73.4 -6.8 -1.04 -62.1 -5.9 -1.04 -67.3 -10.6
3 16 -.16 -88.6 -14.9 -.28 -79.8 -11.6 .12 -87.8 -14.5
3 16 -.52 -97 -17.3 -.6 -91.8 -15.5 -.16 -88.6 -14.9
3 16 -.84 -99.6 -12.4 -.92 -94.5 -15.1 -.84 -103.1 -16.7
3 16 1.44 -79.5 20.7 1.44 -69 19.7 1.08 -73.1 22
3 16 -.32 -68.2 20 -.56 -61.2 16 -.76 -66.8 13.8
3 16 -.88 -145.7 -18.3 -.64 -142.9 -17.2 -.56 -147.1 -17.4
3 16 -1.24 -140.9 -17.4 -.52 -139.8 -16.6 -.64 -142.9 -17.2
3 16 -.8 -49.8 -20.9 -.48 -55.3 -22.8 -.56 -54.4 -18.3
3 16 -.08 -52.6 -23.3 -.8 -40.9 -23.2 0 -45.1 -24.1
3 16 .12 -58.4 -17.3 -.84 -58.1 -15.6 -.56 -54.4 -18.3
3 16 .12 -58.4 -17.3 -.6 -65.7 -18.4 -.84 -58.1 -15.6
3 16 1.68 -48.5 -15 1.92 -40 -11.8 1.84 -46.5 -10.5
3 16 -.32 -198.9 5.2 -.32 -205.8 7.1 .16 -206 8
4 16 -.84 -99.6 -12.4 -1.12 -111.1 -16.5 -1 -115.7 -14.7 -.8 -104.8 -11.9
3 16 -.76 -126.5 -16.8 -.64 -133.4 -18.3 -1.08 -134.8 -16.8
3 16 -.84 -99.6 -12.4 -.32 -103.7 -11.4 -.32 -96.7 -10.5
3 16 -1.4 -143.7 -17.7 -1.24 -140.9 -17.4 -.88 -145.7 -18.3
3 16 -1.48 -142.9 -14.8 -.88 -140.9 -14.6 -1.32 -139.9 -14.6
3 16 -.4 -174.5 -2.1 -.36 -179.1 -5.3 -.48 -181.9 -1.4
3 16 -.16 -181.8 -5.7 -.48 -181.9 -1.4 -.36 -179.1 -5.3
3 16 -.24 -160.5 -2.8 .36 -166.8 -4.8 -.12 -165.9 -2.3
3 16 -1.24 -34 -12.3 -1.48 -29.8 -5 -1.04 -27 -11.5
3 16 -.76 -39.8 -7 -.76 -44.2 -7 -.88 -39.4 5.7
3 16 -.56 -122.4 -14 -.4 -117.1 -13.7 -1 -115.7 -14.7
3 16 1 -171.6 5.2 .32 -173.3 4.4 .6 -179.2 4.3
3 16 -1.28 -137.7 -17.3 -1.24 -140.9 -17.4 -1.64 -139.9 -16.4
3 16 -.56 -141.5 -15.5 -.52 -139.8 -16.6 -.04 -135 -15.9
3 16 -.44 -112.6 1.4 -.6 -110.3 -2.5 -.24 -118.2 -2.9
3 16 -.24 -126 0 -.08 -126.3 2.6 -.08 -119.1 2.8
4 16 -.24 -118.2 -2.9 -.6 -110.3 -2.5 -.12 -113.3 -7.1 .08 -118.8 -6.9
3 16 -.88 -105.3 -2.8 -.12 -113.3 -7.1 -.6 -110.3 -2.5
3 16 -1 -91.7 3.4 -.88 -96.3 7.7 -1 -85 6.7
3 16 -1 -85 6.7 -.84 -76 8 -.92 -78 1.2
3 16 -.92 -78 1.2 -1 -91.7 3.4 -1 -85 6.7
3 16 -.32 -93.3 13.8 -1 -85 6.7 -.88 -96.3 7.7
3 16 -1 -85 6.7 -.32 -93.3 13.8 -.28 -85.4 13.1
3 16 -.84 -76 8 -1 -85 6.7 -.28 -85.4 13.1
3 16 -.16 -88.6 -14.9 -.6 -91.8 -15.5 -.72 -85.9 -11.7
3 16 -.84 -90.9 -10.2 -.88 -73.4 -6.8 -.72 -85.9 -11.7
3 16 -.92 -78 1.2 -.76 -66.8 13.8 -1.16 -47.3 10
3 16 .64 -73.7 13.9 .72 -72.6 15.6 .12 -72.7 18.2
3 16 -.84 -76 8 -.44 -72 12.9 -.76 -66.8 13.8
3 16 -.92 -78 1.2 -.84 -76 8 -.76 -66.8 13.8
3 16 -1.16 -47.3 10 -1.08 -60.2 4.5 -.92 -78 1.2
3 16 -1.08 -71 -17.1 -.76 -69.8 -14.1 -1.04 -67.3 -10.6
3 16 .64 -87.8 -20.5 .6 -89 -20.1 .24 -87.8 -20.4
3 16 -1.04 -67.3 -10.6 -.76 -69.8 -14.1 -.28 -69.6 -12
3 16 -.12 -81.4 -20.6 -.6 -78 -18.9 -.2 -73.2 -20.9
3 16 1.4 -56.1 -13.7 .72 -53.1 -19.1 1.68 -48.5 -15
3 16 -.84 -58.1 -15.6 -.6 -65.7 -18.4 -1.08 -63.8 -14.5
3 16 -1.04 -48.8 -15.8 -.84 -58.1 -15.6 -1.08 -63.8 -14.5
3 16 -1.04 -67.3 -10.6 -1.04 -62.1 -5.9 -1.08 -63.8 -14.5
3 16 -.2 -56.4 -24.2 .08 -58.4 -25.5 -.48 -58.3 -24.7
3 16 -.48 -55.3 -22.8 -.32 -55.7 -21.2 -.56 -54.4 -18.3
3 16 -.56 -54.4 -18.3 -.32 -55.7 -21.2 .24 -54.9 -21.2
3 16 -.24 -59.2 -25.8 .08 -58.4 -25.5 .08 -60.9 -26.5
3 16 .44 -59.9 18.7 -.56 -61.2 16 .04 -67.1 21.5
3 16 -.56 -61.2 16 .44 -59.9 18.7 .04 -52.7 15.7
3 16 1 -44.9 16.2 .24 -44.7 18 -.08 -46.5 15.7
3 16 .44 -59.9 18.7 .04 -67.1 21.5 .68 -69.5 22.2
3 16 .24 -98.8 18.6 .72 -85.9 15.4 -.28 -85.4 13.1
3 16 -.32 -93.3 13.8 .16 -97.4 17 -.28 -85.4 13.1
3 16 .6 -98 18.7 1.04 -97 17.6 .72 -85.9 15.4
3 16 1.12 -111.6 17.9 1.44 -109.4 18.4 1.44 -111.8 18.8
3 16 .72 -85.9 15.4 .24 -98.8 18.6 .6 -98 18.7
3 16 .84 -79.6 20.8 .64 -76.8 21.7 .12 -72.7 18.2
3 16 -.48 -137 -14.6 -.56 -141.5 -15.5 -.04 -135 -15.9
3 16 -1.6 -140.2 -15.4 -1.32 -139.9 -14.6 -1.36 -137.4 -15.2
3 16 .64 -73.7 13.9 1.24 -76.4 13.1 1.44 -70.9 15.3
3 16 -1.04 -117.4 -17.8 -.88 -111.5 -18.8 -.6 -118.7 -19.5
3 16 -1.04 -117.4 -17.8 -.6 -118.7 -19.5 -.76 -126.5 -16.8
3 16 -1.04 -117.4 -17.8 -1 -115.7 -14.7 -1.12 -111.1 -16.5
3 16 -.84 -103.1 -16.7 -.88 -111.5 -18.8 -1.12 -111.1 -16.5
3 16 -.84 -103.1 -16.7 -.32 -105.9 -19.4 -.88 -111.5 -18.8
3 16 -.6 -118.7 -19.5 -.88 -111.5 -18.8 -.32 -112.6 -19.9
3 16 .16 -114.8 -19.7 -.6 -118.7 -19.5 -.32 -112.6 -19.9
3 16 .16 -114.8 -19.7 -.2 -123 -18.7 -.6 -118.7 -19.5
3 16 -.2 -123 -18.7 -.76 -126.5 -16.8 -.6 -118.7 -19.5
3 16 -.56 -141.5 -15.5 -.48 -137 -14.6 -.88 -140.9 -14.6
3 16 -.32 -208 -6.9 0 -206.2 -6.6 0 -210.5 -8
4 16 -.12 -81.4 -20.6 .24 -80.8 -21.6 .48 -85.4 -20.9 .2 -85.2 -20.3
3 16 1.08 -62.6 -17.6 .48 -71.7 -20.8 .24 -65.9 -19.8
3 16 -.078597286444823306640513560189064 -225.99359165767395174737648139617 9.0486533613577402878674591789662 -.0080684816068575565952535090845152 -223.83711144816795400696053183695 8.4583673181491819992121834726638 -.18406344820917959491158809137543 -224.41553369203439095828899762821 9.2901357842003201329981797928079
3 16 1.2 -208.4 3.2 .68 -206.1 6 .16 -206.7 4.9
3 16 .68 -182.2 -3.8 .28 -186.6 -3 -.16 -181.8 -5.7
3 16 -.12 -165.9 -2.3 -.56 -157.9 .5 -.24 -160.5 -2.8
3 16 -.08 -176.8 -7.1 -.12 -165.9 -2.3 .36 -166.8 -4.8
4 16 .48 -127.1 5.8 -.08 -126.3 2.6 -.16 -132.8 1.3 .52 -134.9 5.1
3 16 .48 -127.1 5.8 .68 -122.6 7.7 .28 -121.8 6.3
3 16 .96 -140 5.7 .52 -134.9 5.1 .2 -141.6 4.6
3 16 -.76 -126.5 -16.8 -.84 -134.2 -15.3 -.6 -127.6 -14.6
3 16 -.6 -127.6 -14.6 -.16 -128.9 -14 0 -124.5 -13.9
3 16 0 -124.5 -13.9 -.56 -122.4 -14 -.6 -127.6 -14.6
3 16 -.12 -170.2 1.8 .16 -163.9 5.5 -.56 -157.9 .5
3 16 -.16 -154 -9.1 0 -152.5 -8 -.36 -152.7 -6.2
4 16 .44 -153.2 -3.7 .56 -143.3 -1.5 1 -152.9 4.5 .84 -159.1 2
3 16 .8 -136.9 -4.8 .36 -144.2 -5.9 .36 -139.8 -6.9
3 16 1.04 -29.3 -14.8 1.56 -32.5 -12.6 1.64 -37.2 -16.7
3 16 -.28 -135.7 -17.3 -.52 -139.8 -16.6 -.8 -137.8 -17.5
3 16 1.56 -32.5 -12.6 .96 -26.5 -11 1.4 -31.2 -9.8
3 16 .12 -157.2 6.1 .16 -163.9 5.5 .36 -160.7 7.7
3 16 1.04 -29.3 -14.8 .96 -26.5 -11 1.56 -32.5 -12.6
3 16 .28 -221.2 -.4 .76 -220.4 .3 .44 -225.2 .7
3 16 -.68 -27.9 -15.1 -.24 -26.3 -14.8 .4 -26.9 -15.2
3 16 .88 -177.5 -9 .44 -176 -8.7 .72 -170.6 -6.5
3 16 .2 -236.4 1 -.12 -235 .6 .2 -234 .4
3 16 1.44 -70.9 15.3 .72 -72.6 15.6 .64 -73.7 13.9
3 16 1.56 -131.3 6.5 1.4 -133 7.2 1.36 -136.6 4.7
3 16 1 -105.4 9.5 .72 -108.6 9.3 .68 -108.5 7.6
3 16 .92 -105.3 11.5 1 -105.4 9.5 1.12 -97.5 7.5
3 16 .64 -114.4 -6.1 .28 -112.4 -7.4 .52 -105 -4.7
3 16 .2 -93.3 -14.7 .76 -89.9 -8.8 .32 -94.6 -7.7
3 16 .72 -84.8 -11.1 .2 -78.7 -11.3 .64 -77.9 -9.6
3 16 1.44 -62.2 6.7 1.24 -76.1 3.7 1.24 -59.4 -2.5
3 16 -1.48 -29.8 -5 -1.16 -34.9 -4.6 -1.2 -35.6 3
3 16 1.56 -59 13.2 1.4 -61.7 16.8 1.44 -69 19.7
3 16 1.44 -69 19.7 1.68 -67.2 13 1.56 -59 13.2
3 16 .96 -26.5 -11 .16 -24.9 -7.8 .6 -28.3 -5.3
3 16 .16 -24.9 -7.8 .96 -26.5 -11 .16 -23.6 -10.6
3 16 0 -24.4 -12.9 .16 -23.6 -10.6 .68 -25.4 -12.4
3 16 -.24 -23.6 -9.8 .16 -24.9 -7.8 .16 -23.6 -10.6
3 16 1.04 -29.3 -14.8 .4 -26.9 -15.2 .68 -25.4 -12.4
3 16 1.2 -177 -5.2 .88 -177.5 -9 1.36 -171.6 -3.4
3 16 .68 -33 -18.5 .4 -26.9 -15.2 1.04 -29.3 -14.8
3 16 -.08 -108.5 -12.3 -.84 -109.3 -12.3 -.4 -117.1 -13.7
3 16 .68 -33 -18.5 1.04 -29.3 -14.8 1.64 -37.2 -16.7
3 16 1.04 -29.3 -14.8 .68 -25.4 -12.4 .96 -26.5 -11
3 16 -.12 -21.7 14.1 -.36 -23.6 16.3 .32 -23.4 15.7
4 16 .92 -124.1 -3.6 .64 -114.4 -6.1 .64 -111.8 -2.5 .96 -121 2.9
3 16 -.48 -26.7 18 .04 -29.1 18.8 -.36 -23.6 16.3
3 16 .84 -26.3 16.2 .04 -29.1 18.8 .48 -31.2 19
3 16 .84 -26.3 16.2 .48 -31.2 19 1.04 -33.2 18
3 16 1.44 -32.7 14.1 1.04 -33.2 18 1.52 -39.4 15.6
3 16 1.04 -33.2 18 1.44 -32.7 14.1 .84 -26.3 16.2
3 16 .84 -23.5 14 1.44 -32.7 14.1 .96 -23.6 11.4
3 16 .16 -103.3 -7.2 -.24 -99.7 -7.1 .64 -98.2 -6.4
3 16 .92 -42.3 -23.2 .32 -39.6 -24.1 .76 -38.2 -22.7
3 16 .92 -42.3 -23.2 0 -45.1 -24.1 .32 -39.6 -24.1
3 16 1.6 -44 -18.8 .76 -49 -22.3 .92 -42.3 -23.2
3 16 1.6 -44 -18.8 .92 -42.3 -23.2 1.64 -37.2 -16.7
3 16 .76 -38.2 -22.7 .68 -33 -18.5 1.64 -37.2 -16.7
3 16 1.64 -37.2 -16.7 .92 -42.3 -23.2 .76 -38.2 -22.7
3 16 1.64 -37.2 -16.7 1.56 -32.5 -12.6 1.92 -40 -11.8
4 16 .36 -38.2 20.7 .48 -31.2 19 .04 -29.1 18.8 -.32 -35.9 20.6
3 16 .36 -38.2 20.7 -.04 -43.9 21.7 .56 -42.3 20.2
4 16 1.56 -59 13.2 1.44 -62.2 6.7 1.36 -47.5 7.4 1.48 -46.8 13.2
4 16 .64 -98.2 -6.4 .76 -92.9 -5.1 .64 -101 -2.1 .52 -105 -4.7
3 16 1.36 -47.5 7.4 .76 -38.7 7 1.44 -32.7 14.1
3 16 1.36 -210.9 .5 1.04 -211.8 -.9 .96 -205.7 0
3 16 1.04 -33.2 18 .92 -38.9 19.6 1.52 -39.4 15.6
4 16 1.52 -39.4 15.6 .92 -38.9 19.6 .56 -42.3 20.2 1 -44.9 16.2
3 16 .36 -38.2 20.7 1.04 -33.2 18 .48 -31.2 19
3 16 .24 -44.7 18 1 -44.9 16.2 .56 -42.3 20.2
3 16 .64 -193.4 5.1 .16 -187.8 3.5 .16 -195.9 5.5
3 16 1 -182.3 -.9 1.2 -177 -5.2 1.48 -174.7 1.9
3 16 1.36 -171.6 -3.4 .8 -163.4 -3 1.36 -166.6 -.1
3 16 .96 -205.7 0 1.4 -201.6 -.2 1.36 -210.9 .5
3 16 1.12 -123.7 11.7 .96 -124.5 12.6 1.32 -130.4 12.2
3 16 1.04 -112.1 11.5 1.04 -116 11.6 .8 -115.4 10.2
3 16 1 -99 11.6 .48 -103.7 12.6 .92 -105.3 11.5
3 16 -.88 -105.3 -2.8 -.88 -95.9 -3.3 -.6 -99.5 -5.5
3 16 -.84 -103.1 -16.7 -1.12 -111.1 -16.5 -.84 -99.6 -12.4
3 16 .64 -111.8 -2.5 .64 -114.4 -6.1 .52 -105 -4.7
3 16 -.08 -108.5 -12.3 -.4 -117.1 -13.7 .16 -115.8 -14.2
4 16 1.12 -97.5 7.5 1.24 -76.1 3.7 1.52 -81 10.1 1.52 -92.9 13
3 16 .2 -93.3 -14.7 .12 -87.8 -14.5 .72 -84.8 -11.1
3 16 .76 -92.9 -5.1 .76 -89.9 -8.8 .72 -84.8 -11.1
4 16 1.44 -62.2 6.7 1.68 -67.2 13 1.52 -81 10.1 1.24 -76.1 3.7
3 16 1.56 -59 13.2 1.68 -67.2 13 1.44 -62.2 6.7
3 16 1.44 -65.8 -11.5 1.32 -66.7 -16.9 1.4 -56.1 -13.7
3 16 .72 -53.1 -19.1 1.4 -56.1 -13.7 .12 -58.4 -17.3
3 16 .28 -208.7 1.6 .12 -216.1 0 .16 -217 1.6
3 16 1.04 -68.5 -13.4 1.44 -65.8 -11.5 .96 -70.5 -9.8
3 16 1.24 -71.1 -4.8 .96 -70.5 -9.8 1.44 -65.8 -11.5
3 16 0 -61.7 -25.7 .08 -61.8 -26.3 .36 -59.7 -25.2
3 16 1.08 -52.3 15.9 1.56 -59 13.2 1.48 -46.8 13.2
3 16 .16 -217 1.6 .56 -209.3 3.2 .28 -208.7 1.6
3 16 .32 -56 -23.7 .72 -53.1 -19.1 .24 -54.9 -21.2
4 16 .12 -216.1 0 .28 -208.7 1.6 .6 -209.8 -.1 .56 -215 -1.5
3 16 1.44 -69 19.7 1.04 -66.4 21 1.08 -73.1 22
3 16 1.04 -66.4 21 1.44 -69 19.7 1.4 -61.7 16.8
3 16 1 -44.9 16.2 1.08 -52.3 15.9 1.48 -46.8 13.2
3 16 -.72 -27.7 -1.1 -.88 -27.3 -4.1 -1.44 -28.3 1.6
3 16 1.08 -73.1 22 1.04 -66.4 21 .68 -69.5 22.2
3 16 .68 -69.5 22.2 1.04 -66.4 21 .44 -59.9 18.7
3 16 1.52 -92.9 13 1.16 -87.9 15.2 1.04 -97 17.6
3 16 .16 -114.8 -19.7 .52 -115.4 -18.1 .28 -120.7 -18.3
3 16 -.32 -112.6 -19.9 -.32 -105.9 -19.4 .16 -114.8 -19.7
3 16 .48 -118.3 -16.8 .52 -115.4 -18.1 .32 -107.4 -14.6
3 16 .16 -114.8 -19.7 -.16 -101.2 -18.4 .4 -109.5 -17.7
3 16 .16 -114.8 -19.7 .28 -120.7 -18.3 -.2 -123 -18.7
3 16 .28 -32.2 -.4 -.04 -28.2 .1 .4 -27.5 5.7
3 16 .64 -101 -2.1 .44 -106.2 2.2 .52 -105 -4.7
3 16 1.32 -203.5 5.8 1 -193.4 4.1 .8 -201.8 6.9
3 16 .28 -103.1 -17.3 .4 -109.5 -17.7 -.16 -101.2 -18.4
3 16 -.8 -47.6 13.2 .04 -52.7 15.7 -.08 -46.5 15.7
3 16 1.68 -48.5 -15 .72 -53.1 -19.1 .76 -49 -22.3
3 16 .16 -115.8 -14.2 .28 -124.7 -15 .48 -118.3 -16.8
3 16 -.56 -157.9 .5 -.84 -151.1 -4.7 -.24 -160.5 -2.8
3 16 .56 -143.3 -1.5 .36 -144.2 -5.9 .8 -136.9 -4.8
3 16 -1.48 -29.8 -5 -.8 -24.9 -9.5 -1.04 -27 -11.5
3 16 -.6 -93.5 -7.5 -.88 -95.9 -3.3 -.84 -90.9 -10.2
3 16 1.4 -133 7.2 1.56 -131.3 6.5 1.36 -128.3 6.6
3 16 -.32 -103.7 -11.4 -.84 -99.6 -12.4 -.8 -104.8 -11.9
3 16 .16 -163.9 5.5 .84 -161 7.4 .36 -160.7 7.7
3 16 .16 -103.3 -7.2 .52 -105 -4.7 .28 -112.4 -7.4
3 16 1.52 -39.4 15.6 1.36 -47.5 7.4 1.44 -32.7 14.1
3 16 -.08 -52.6 -23.3 0 -45.1 -24.1 .76 -49 -22.3
3 16 1.36 -171.6 -3.4 .72 -170.6 -6.5 .8 -163.4 -3
3 16 .4 -26.9 -15.2 0 -24.4 -12.9 .68 -25.4 -12.4
3 16 .4 -26.9 -15.2 .68 -33 -18.5 -.16 -31 -18
3 16 .28 -32.2 -.4 .4 -27.5 5.7 .28 -33.5 4.1
3 16 .6 -28.3 -5.3 -.04 -27.2 -4.3 -.04 -28.2 .1
3 16 -.12 -113.3 -7.1 -.88 -105.3 -2.8 -.24 -106.3 -6.9
3 16 1.36 -166.6 -.1 1.28 -165.4 2.6 1.68 -171 .8
3 16 1.36 -171.6 -3.4 .88 -177.5 -9 .72 -170.6 -6.5
3 16 -.24 -160.5 -2.8 -.08 -158 -3.6 .36 -166.8 -4.8
3 16 .6 -209.8 -.1 1.04 -211.8 -.9 .56 -215 -1.5
3 16 .8 -44.1 2.2 1.24 -47.1 -3.7 .52 -38.7 -1.3
3 16 1.36 -47.5 7.4 .8 -44.1 2.2 .76 -38.7 7
3 16 .8 -44.1 2.2 .12 -36.3 1.3 .76 -38.7 7
3 16 -1.16 -34.9 -4.6 -.76 -39.8 -7 -.88 -39.4 5.7
3 16 -.88 -39.4 5.7 -.76 -44.2 -7 -.92 -45.3 2.8
3 16 .24 -25 7.1 .76 -23.3 9.5 .4 -27.5 5.7
3 16 -.4 -174.5 -2.1 -.12 -165.9 -2.3 -.08 -176.8 -7.1
3 16 .8 -183.8 2.9 1.28 -173.5 4 .6 -179.2 4.3
3 16 1.44 -70.9 15.3 1.24 -76.4 13.1 1.68 -67.2 13
3 16 .2 -93.3 -14.7 .28 -96.3 -12.6 .28 -103.1 -17.3
3 16 .72 -109.7 18.4 1.04 -112.6 18.5 .96 -112 19
3 16 .48 -98.2 12.5 1 -99 11.6 1.2 -95.6 13.8
3 16 .8 -183.8 2.9 .6 -179.2 4.3 .24 -181.4 3.6
3 16 0 -96.9 13 -.56 -102.9 9.9 .48 -98.2 12.5
3 16 -.72 -27.7 -1.1 -.52 -27.3 2.8 -.04 -28.2 .1
3 16 1.52 -92.9 13 1.2 -95.6 13.8 1 -99 11.6
3 16 .6 -166.9 12.8 .88 -168.9 11.5 1 -165.1 12.3
3 16 0 -96.9 13 -.32 -93.3 13.8 -.88 -96.3 7.7
3 16 -.84 -149.2 -17.2 -.8 -145.5 -15.8 -1.2 -148.2 -16.5
3 16 -.28 -85.4 13.1 .16 -97.4 17 .24 -98.8 18.6
3 16 1.04 -97 17.6 1.16 -87.9 15.2 .72 -85.9 15.4
3 16 1.48 -86.1 13.2 1.52 -92.9 13 1.52 -81 10.1
3 16 1.44 -111.8 18.8 1.16 -109.3 19.5 1.16 -111.6 19.5
3 16 -.84 -109.3 -12.3 -.32 -103.7 -11.4 -.8 -104.8 -11.9
3 16 -.96 -104.4 6.2 -.56 -102.9 9.9 -.88 -96.3 7.7
3 16 1.44 -111.8 18.8 1.32 -113.1 18.9 1.12 -111.6 17.9
3 16 .72 -97.7 16 1.2 -95.6 13.8 1.04 -97 17.6
3 16 .48 -103.7 12.6 1 -99 11.6 .48 -98.2 12.5
3 16 1.12 -74.6 19 1.44 -70.9 15.3 1.44 -69 19.7
3 16 -.84 -149.2 -17.2 -1.2 -148.2 -16.5 -1.24 -149.7 -18.2
3 16 1.48 -86.1 13.2 1.16 -87.9 15.2 1.52 -92.9 13
3 16 -.32 -93.3 13.8 0 -96.9 13 .16 -97.4 17
3 16 1.04 -97 17.6 1.2 -95.6 13.8 1.52 -92.9 13
3 16 0 -96.9 13 .48 -98.2 12.5 1.2 -95.6 13.8
3 16 1 -163.4 5.2 1 -171.6 5.2 1.28 -173.5 4
3 16 .56 -99.7 16.9 .8 -104.7 17.7 .24 -100.7 18
3 16 1.08 -84.1 22.3 .64 -76.8 21.7 .84 -79.6 20.8
3 16 .12 -72.7 18.2 .72 -72.6 15.6 1.12 -74.6 19
3 16 1.44 -69 19.7 1.44 -79.5 20.7 1.12 -74.6 19
3 16 1.04 -116 11.6 .8 -113.3 12.3 .52 -116.8 12.6
3 16 1.52 -92.9 13 1 -99 11.6 1.12 -97.5 7.5
3 16 .04 -103 12.3 .48 -98.2 12.5 -.56 -102.9 9.9
3 16 .64 -76.8 21.7 -.32 -68.2 20 .12 -72.7 18.2
3 16 .84 -79.6 20.8 .12 -72.7 18.2 1.12 -74.6 19
3 16 .12 -72.7 18.2 -.44 -72 12.9 .64 -73.7 13.9
3 16 .52 -116.8 12.6 .64 -120.9 12.4 .88 -118.2 11.6
3 16 -.32 -68.2 20 .64 -76.8 21.7 .04 -67.1 21.5
3 16 .36 -190.5 -8.3 .16 -188 -8.6 .36 -189.2 -9.1
3 16 0 -76.9 12.5 .64 -73.7 13.9 -.44 -72 12.9
3 16 -.56 -61.2 16 -.32 -68.2 20 .04 -67.1 21.5
3 16 1.24 -87.3 21.7 1.08 -89.2 22.8 .84 -79.6 20.8
3 16 .12 -72.7 18.2 -.76 -66.8 13.8 -.44 -72 12.9
3 16 -.76 -66.8 13.8 .12 -72.7 18.2 -.32 -68.2 20
3 16 1.4 -61.7 16.8 1.08 -52.3 15.9 .44 -59.9 18.7
3 16 .44 -59.9 18.7 1.04 -66.4 21 1.4 -61.7 16.8
3 16 1.48 -46.8 13.2 1.52 -39.4 15.6 1 -44.9 16.2
3 16 -.36 -47.2 20.8 .04 -47.8 22.1 -.4 -48 22
3 16 1.36 -47.5 7.4 1.52 -39.4 15.6 1.48 -46.8 13.2
3 16 -.56 -61.2 16 .04 -52.7 15.7 -.8 -47.6 13.2
3 16 -1.16 -47.3 10 -.8 -47.6 13.2 -.84 -43.6 17.1
3 16 .92 -38.9 19.6 .36 -38.2 20.7 .56 -42.3 20.2
3 16 -.88 -35.6 19.3 -.4 -41.7 21.5 -.32 -35.9 20.6
3 16 -.84 -43.6 17.1 -1.16 -37.2 16.9 -1.16 -47.3 10
3 16 -.68 -30.3 19.1 -.88 -35.6 19.3 -.32 -35.9 20.6
3 16 1.04 -33.2 18 .36 -38.2 20.7 .92 -38.9 19.6
3 16 -.72 -46.2 21.1 -.84 -43.6 17.1 -.28 -45.3 19.3
3 16 -.76 -44.4 21.2 -1.16 -37.2 16.9 -.84 -43.6 17.1
3 16 -.88 -95.9 -3.3 -1.04 -102.2 2.7 -1 -91.7 3.4
3 16 .2 -141.6 4.6 1.08 -144.2 6.4 .96 -140 5.7
3 16 -.12 -113.3 -7.1 -.24 -106.3 -6.9 .28 -112.4 -7.4
3 16 1.08 -144.2 6.4 .2 -141.6 4.6 -.04 -149.9 4.4
3 16 1 -193.2 -2 .96 -196.8 -2.9 .56 -195.8 -3.4
3 16 -1.16 -34.9 -4.6 -.88 -39.4 5.7 -1.2 -35.6 3
3 16 -.84 -109.3 -12.3 -.08 -108.5 -12.3 -.32 -103.7 -11.4
3 16 -1.6 -140.2 -15.4 -1.48 -142.9 -14.8 -1.32 -139.9 -14.6
3 16 -1.24 -140.9 -17.4 -1.28 -137.7 -17.3 -.8 -137.8 -17.5
3 16 1.08 -144.2 6.4 1.12 -149.5 7 1.48 -146.8 6.9
3 16 -.84 -134.2 -15.3 -1.36 -137.4 -15.2 -1.32 -139.9 -14.6
3 16 .84 -159.1 2 1 -152.9 4.5 .84 -161 7.4
3 16 1.28 -128.2 3.2 1.48 -132.8 4 1.04 -132.1 -1.4
3 16 1 -132.2 7.1 1.2 -129.4 7.5 .48 -127.1 5.8
3 16 -.88 -105.3 -2.8 -.6 -110.3 -2.5 -1 -105.9 1.9
3 16 -.2 -205.4 3.2 .56 -209.3 3.2 .16 -206.7 4.9
4 16 1.4 -31.2 -9.8 1 -34.5 -5.2 1.24 -47.1 -3.7 1.92 -40 -11.8
3 16 1.2 -136.7 5.8 1.4 -133 7.2 1 -132.2 7.1
3 16 -1 -105.9 1.9 -.96 -104.4 6.2 -1.04 -102.2 2.7
3 16 -.92 -147.9 -2 .12 -157.2 6.1 -.04 -149.9 4.4
3 16 1.08 -62.6 -17.6 1.32 -66.7 -16.9 .48 -71.7 -20.8
3 16 -.56 -157.9 .5 .12 -157.2 6.1 -.92 -147.9 -2
4 16 -1.04 -102.2 2.7 -.88 -95.9 -3.3 -.88 -105.3 -2.8 -1 -105.9 1.9
3 16 -1.08 -134.8 -16.8 -1.28 -137.7 -17.3 -1.64 -139.9 -16.4
3 16 .84 -161 7.4 .16 -163.9 5.5 .64 -165 6.5
3 16 .64 -165 6.5 1 -163.4 5.2 .84 -161 7.4
3 16 .16 -163.9 5.5 -.12 -170.2 1.8 .32 -173.3 4.4
3 16 .8 -163.4 -3 .44 -153.2 -3.7 .84 -159.1 2
4 16 .52 -38.7 -1.3 1 -34.5 -5.2 .28 -32.2 -.4 .12 -36.3 1.3
3 16 -.88 -96.3 7.7 -1.04 -102.2 2.7 -.96 -104.4 6.2
3 16 1.2 -177 -5.2 1 -182.3 -.9 .96 -180.1 -5.9
3 16 -.88 -106.7 6.2 -.44 -112.6 1.4 -.48 -109.1 6.7
3 16 .36 -166.8 -4.8 .44 -176 -8.7 -.08 -176.8 -7.1
3 16 -1 -105.9 1.9 -.44 -112.6 1.4 -.88 -106.7 6.2
3 16 -.28 -185.3 1.6 .24 -181.4 3.6 .32 -173.3 4.4
3 16 -.12 -170.2 1.8 -.28 -185.3 1.6 .32 -173.3 4.4
3 16 1.68 -171 .8 1.28 -165.4 2.6 1.28 -173.5 4
3 16 .8 -183.8 2.9 .24 -181.4 3.6 .16 -187.8 3.5
3 16 1.24 -194.5 2.8 1.6 -203.5 3.2 1.28 -194.2 .4
3 16 1.32 -203.5 5.8 1.24 -194.5 2.8 1 -193.4 4.1
4 16 -.52 -201.8 3.5 -.28 -185.3 1.6 -.32 -195.8 -1.8 -.4 -199.5 -.4
3 16 .68 -206.1 6 1.32 -203.5 5.8 .52 -206.7 7.8
3 16 1.24 -194.5 2.8 1.28 -194.2 .4 .8 -183.8 2.9
3 16 .8 -201.8 6.9 .52 -206.7 7.8 1.32 -203.5 5.8
3 16 -.4 -199.5 -.4 .36 -203.1 -.5 -.2 -205.4 3.2
3 16 -.085928373455147746814053118629312 -209.67166309955715851891593365612 7.2025731527897121015183646472996 -.44 -211.6 7.9 -.4 -207.8 6.8
3 16 -.32 -205.8 7.1 -.32 -198.9 5.2 -.52 -201.8 3.5
3 16 -.32592837345514774681405311862931 -212.17166309955715851891593365612 9.0025731527897121015183646472996 -.48592837345514774681405311862928 -213.47166309955715851891593365612 8.2025731527897121015183646472996 -.4 -213.9 9.1
3 16 1.28 -194.2 .4 1.4 -201.6 -.2 1 -193.2 -2
3 16 .16832765310008450976838249257056 -220.06098228090766009225155225023 8.8409585295535919447902573533654 .15407162654485225318594688137069 -217.37166309955715851891593365612 8.9025731527897121015183646472996 -.16592837345514774681405311862931 -218.67166309955715851891593365612 9.2025731527897121015183646472996
3 16 -.28 -187.2 -2.4 -.32 -195.8 -1.8 -.28 -185.3 1.6
3 16 -.23289200466106395092639343407218 -226.43726933104122191190020097313 8.487977655872408922347490689845 .01107289038816002766073390345865 -225.83923127351844104640060331869 8.4690688179384928407977073233312 -.078597286444823306640513560189064 -225.99359165767395174737648139617 9.0486533613577402878674591789662
3 16 -.52 -201.8 3.5 -.32 -198.9 5.2 -.28 -185.3 1.6
3 16 1.32 -203.5 5.8 1.6 -203.5 3.2 1.24 -194.5 2.8
3 16 -.4 -199.5 -.4 -.2 -205.4 3.2 -.52 -201.8 3.5
3 16 1.32 -203.5 5.8 .68 -206.1 6 1.2 -208.4 3.2
3 16 .16 -217 1.6 .12 -216.1 0 -.08 -222.4 .5
3 16 1.6 -203.5 3.2 1.2 -208.4 3.2 1.36 -210.9 .5
3 16 1.4 -201.6 -.2 1.28 -194.2 .4 1.6 -203.5 3.2
3 16 1.2 -208.4 3.2 .16 -217 1.6 .72 -218.8 1.7
3 16 1.6 -203.5 3.2 1.32 -203.5 5.8 1.2 -208.4 3.2
3 16 .12 -157.2 6.1 -.56 -157.9 .5 .16 -163.9 5.5
3 16 .28 -208.7 1.6 -.2 -205.4 3.2 .36 -203.1 -.5
3 16 -.16 -233.1 1.4 -.2 -228.1 1.3 -.04 -230.6 .6
3 16 0 -238.4 1.6 .2 -236.4 1 .16 -234.7 1.6
3 16 0 -238.4 1.6 .16 -234.7 1.6 -.08 -237.2 1.3
3 16 .28 -223.9 1.9 .16 -217 1.6 -.08 -224.9 1.5
3 16 1.24 -59.4 -2.5 1.24 -71.1 -4.8 1.44 -65.8 -11.5
3 16 -1.04 -62.1 -5.9 -.88 -73.4 -6.8 -.92 -78 1.2
3 16 -.88 -96.3 7.7 -1 -91.7 3.4 -1.04 -102.2 2.7
3 16 0 -76.9 12.5 -.44 -72 12.9 -.84 -76 8
3 16 .96 -82 -3 .72 -84.8 -11.1 .64 -77.9 -9.6
3 16 0 -76.9 12.5 -.84 -76 8 -.28 -85.4 13.1
3 16 .64 -77.9 -9.6 1.24 -71.1 -4.8 .96 -82 -3
3 16 1.12 -97.5 7.5 .64 -102 3.3 .76 -92.9 -5.1
3 16 -.92 -78 1.2 -.88 -95.9 -3.3 -1 -91.7 3.4
3 16 .72 -84.8 -11.1 .12 -87.8 -14.5 .2 -78.7 -11.3
3 16 -1.04 -62.1 -5.9 -.92 -78 1.2 -1.08 -60.2 4.5
3 16 .04 -67.1 21.5 .64 -76.8 21.7 .68 -69.5 22.2
4 16 .76 -92.9 -5.1 .96 -82 -3 1.24 -76.1 3.7 1.12 -97.5 7.5
3 16 .64 -102 3.3 .64 -101 -2.1 .76 -92.9 -5.1
3 16 1.24 -76.1 3.7 .96 -82 -3 1.24 -71.1 -4.8
3 16 -.92 -94.5 -15.1 -.84 -90.9 -10.2 -.72 -85.9 -11.7
3 16 -.16 -88.6 -14.9 .12 -87.8 -14.5 .2 -93.3 -14.7
3 16 .76 -92.9 -5.1 .64 -98.2 -6.4 .32 -94.6 -7.7
3 16 1.24 -76.1 3.7 1.24 -71.1 -4.8 1.24 -59.4 -2.5
3 16 .28 -73 -10.6 .96 -70.5 -9.8 .64 -77.9 -9.6
3 16 .2 -93.3 -14.7 .32 -94.6 -7.7 .28 -96.3 -12.6
3 16 -.24 -99.7 -7.1 -.24 -106.3 -6.9 -.6 -99.5 -5.5
3 16 -.32 -96.7 -10.5 .28 -96.3 -12.6 -.24 -94.5 -8.9
3 16 -.16 -88.6 -14.9 .2 -93.3 -14.7 -.52 -97 -17.3
3 16 .32 -107.4 -14.6 .28 -96.3 -12.6 -.32 -96.7 -10.5
3 16 .44 -106.2 2.2 .64 -111.8 -2.5 .52 -105 -4.7
3 16 -.8 -104.8 -11.9 -1 -115.7 -14.7 -.84 -109.3 -12.3
3 16 -.92 -94.5 -15.1 -.52 -97 -17.3 -.84 -103.1 -16.7
3 16 .52 -118 -7.2 .28 -112.4 -7.4 .64 -114.4 -6.1
3 16 1.12 -97.5 7.5 1 -105.4 9.5 .68 -108.5 7.6
3 16 -.92 -22.6 13 -.4 -21.4 10 -.88 -24.2 7.9
3 16 -.08 -108.5 -12.3 .32 -107.4 -14.6 -.32 -103.7 -11.4
3 16 -.08 -119.1 2.8 -.44 -112.6 1.4 -.24 -118.2 -2.9
3 16 .32 -107.4 -14.6 .16 -115.8 -14.2 .48 -118.3 -16.8
3 16 -.24 -106.3 -6.9 -.88 -105.3 -2.8 -.6 -99.5 -5.5
3 16 -.52 -97 -17.3 .2 -93.3 -14.7 -.16 -101.2 -18.4
3 16 .76 -38.7 7 .12 -36.3 1.3 .28 -33.5 4.1
3 16 .52 -38.7 -1.3 .12 -36.3 1.3 .8 -44.1 2.2
3 16 1 -99 11.6 .92 -105.3 11.5 1.12 -97.5 7.5
3 16 .32 -107.4 -14.6 -.32 -96.7 -10.5 -.32 -103.7 -11.4
3 16 -.24 -94.5 -8.9 .28 -96.3 -12.6 .32 -94.6 -7.7
3 16 .16 -115.8 -14.2 .32 -107.4 -14.6 -.08 -108.5 -12.3
3 16 .32 -107.4 -14.6 .4 -109.5 -17.7 .28 -103.1 -17.3
3 16 .28 -96.3 -12.6 .32 -107.4 -14.6 .28 -103.1 -17.3
3 16 -.6 -91.8 -15.5 -.52 -97 -17.3 -.92 -94.5 -15.1
3 16 -.16 -101.2 -18.4 -.32 -105.9 -19.4 -.52 -97 -17.3
3 16 -.6 -91.8 -15.5 -.92 -94.5 -15.1 -.72 -85.9 -11.7
3 16 .2 -78.7 -11.3 .12 -87.8 -14.5 -.28 -79.8 -11.6
3 16 .52 -105 -4.7 .16 -103.3 -7.2 .64 -98.2 -6.4
3 16 .24 -122.4 11.8 .32 -122.1 10.6 .36 -125 10.4
3 16 .88 -118.2 11.6 .76 -119.7 11.2 .68 -118.1 10.4
3 16 -.48 -181.9 -1.4 -.28 -187.2 -2.4 -.28 -185.3 1.6
3 16 -.28 -187.2 -2.4 -.16 -181.8 -5.7 .28 -186.6 -3
3 16 .28 -186.6 -3 .16 -196.6 -3.3 -.28 -187.2 -2.4
3 16 -.32 -195.8 -1.8 -.28 -187.2 -2.4 .16 -196.6 -3.3
3 16 1 -193.2 -2 1.4 -201.6 -.2 .96 -196.8 -2.9
3 16 -.4 -199.5 -.4 -.04 -200.7 -3.2 .12 -201.6 -1.9
3 16 1.28 -165.4 2.6 1.36 -166.6 -.1 .84 -159.1 2
3 16 .96 -124.5 12.6 1.12 -123.7 11.7 .64 -120.9 12.4
3 16 -.52 -139.8 -16.6 -.56 -141.5 -15.5 -.64 -142.9 -17.2
3 16 .04 -212.5 -8.4 -.04 -212.8 -7.8 -.24 -212.5 -8.3
3 16 .56 -200.2 -3.9 -.04 -200.7 -3.2 .16 -196.6 -3.3
3 16 .68 -182.2 -3.8 .96 -180.1 -5.9 1 -182.3 -.9
3 16 .84 -127.5 -5.7 .24 -133.3 -5.2 .32 -127.6 -5.8
3 16 .32 -127.6 -5.8 .6 -122.3 -6.7 .84 -127.5 -5.7
3 16 1 -202.2 -1.6 .96 -205.7 0 .36 -203.1 -.5
3 16 .32 -21.7 9.8 -.04 -20.8 11 .4 -21.4 12.3
3 16 .64 -120.9 12.4 .24 -122.4 11.8 .52 -124.4 12.6
3 16 .56 -195.8 -3.4 .28 -186.6 -3 1 -193.2 -2
3 16 -.2 -211 -8.1 -.24 -212.5 -8.3 -.32 -210.3 -7.1
3 16 .76 -220.4 .3 1.36 -210.9 .5 .72 -218.8 1.7
3 16 1.12 -121.4 7.1 .84 -117.1 6.9 1.08 -122.3 7.6
3 16 -.04 -226.4 .7 .44 -225.2 .7 .36 -229.9 .8
3 16 -.04 -237.4 .7 -.12 -235 .6 .2 -236.4 1
3 16 .28 -221.2 -.4 .12 -216.1 0 .56 -215 -1.5
3 16 0 -238.4 1.6 -.04 -237.4 .7 .2 -236.4 1
3 16 -.48 -181.9 -1.4 -.16 -181.8 -5.7 -.28 -187.2 -2.4
3 16 -.4 -174.5 -2.1 -.08 -176.8 -7.1 -.36 -179.1 -5.3
3 16 -.08 -158 -3.6 .44 -153.2 -3.7 .8 -163.4 -3
3 16 .24 -133.3 -5.2 .04 -139.3 -7.3 -.88 -142.7 -7
3 16 -.08 -23 8.2 -.72 -26 5.6 -.88 -24.2 7.9
4 16 .28 -112.4 -7.4 .52 -118 -7.2 .08 -118.8 -6.9 -.12 -113.3 -7.1
3 16 1.08 -144.2 6.4 1.48 -146.8 6.9 1.2 -143.3 5.2
3 16 -.6 -93.5 -7.5 .32 -94.6 -7.7 -.6 -99.5 -5.5
3 16 -.84 -99.6 -12.4 -.6 -93.5 -7.5 -.84 -90.9 -10.2
3 16 -.6 -93.5 -7.5 -.84 -99.6 -12.4 -.32 -96.7 -10.5
3 16 .32 -94.6 -7.7 -.6 -93.5 -7.5 -.24 -94.5 -8.9
3 16 .84 -127.5 -5.7 .68 -133.8 -5.4 .24 -133.3 -5.2
3 16 -.72 -26 5.6 -.52 -27.3 2.8 -1.44 -28.3 1.6
3 16 0 -124.5 -13.9 -.16 -128.9 -14 .28 -124.7 -15
3 16 .28 -112.4 -7.4 -.24 -106.3 -6.9 .16 -103.3 -7.2
3 16 .72 -85.9 15.4 1.24 -76.4 13.1 0 -76.9 12.5
3 16 .08 -132.7 -14.7 .28 -124.7 -15 -.16 -128.9 -14
3 16 .36 -139.8 -6.9 .68 -133.8 -5.4 .8 -136.9 -4.8
3 16 -.24 -160.5 -2.8 -.84 -151.1 -4.7 -.08 -158 -3.6
3 16 .32 -127.6 -5.8 .08 -118.8 -6.9 .6 -122.3 -6.7
3 16 1.04 -211.8 -.9 1.36 -210.9 .5 .76 -220.4 .3
3 16 -.16 -128.9 -14 -.48 -137 -14.6 .08 -132.7 -14.7
3 16 1.36 -128.3 6.6 .96 -127.5 6.8 1.2 -129.4 7.5
3 16 .32 -127.6 -5.8 .24 -133.3 -5.2 -.36 -133.5 -2.8
3 16 .68 -182.2 -3.8 1 -182.3 -.9 .28 -186.6 -3
3 16 -.32 -129.5 -18.7 .24 -128.7 -17.2 -.04 -131.9 -18.4
3 16 .16 -115.8 -14.2 0 -124.5 -13.9 .28 -124.7 -15
3 16 -1 -115.7 -14.7 -.4 -117.1 -13.7 -.84 -109.3 -12.3
3 16 .28 -124.7 -15 .08 -132.7 -14.7 .24 -128.7 -17.2
3 16 -.4 -117.1 -13.7 -.56 -122.4 -14 0 -124.5 -13.9
3 16 -.04 -135 -15.9 .24 -128.7 -17.2 .08 -132.7 -14.7
3 16 -.48 -137 -14.6 -.16 -128.9 -14 -.6 -127.6 -14.6
3 16 .96 -127.5 6.8 .48 -127.1 5.8 1.2 -129.4 7.5
3 16 0 -124.5 -13.9 .16 -115.8 -14.2 -.4 -117.1 -13.7
3 16 -.2 -123 -18.7 .24 -128.7 -17.2 -.32 -129.5 -18.7
3 16 .92 -124.1 -3.6 1.04 -132.1 -1.4 .84 -127.5 -5.7
3 16 -.08 -158 -3.6 .8 -163.4 -3 .36 -166.8 -4.8
3 16 1.28 -173.5 4 .8 -183.8 2.9 1.48 -174.7 1.9
3 16 .84 -127.5 -5.7 1.04 -132.1 -1.4 .68 -133.8 -5.4
3 16 -.64 -133.4 -18.3 -.32 -129.5 -18.7 -.04 -131.9 -18.4
3 16 .32 -127.6 -5.8 -.08 -123.6 -3.4 .08 -118.8 -6.9
3 16 1.36 -128.3 6.6 1.28 -128.2 3.2 .92 -125.5 1.6
3 16 .68 -133.8 -5.4 1.04 -132.1 -1.4 .8 -136.9 -4.8
3 16 -.04 -115.3 6.2 0 -110.9 8.5 -.48 -109.1 6.7
3 16 .64 -117.5 7.7 .56 -113.8 8.1 .2 -114.3 7.9
3 16 -.04 -131.9 -18.4 -.04 -135 -15.9 -.28 -135.7 -17.3
3 16 1.04 -132.1 -1.4 .92 -124.1 -3.6 .92 -125.5 1.6
3 16 .6 -122.3 -6.7 .08 -118.8 -6.9 .52 -118 -7.2
3 16 -.36 -133.5 -2.8 -.08 -123.6 -3.4 .32 -127.6 -5.8
3 16 .6 -122.3 -6.7 .52 -118 -7.2 .64 -114.4 -6.1
3 16 -.32 -105.9 -19.4 -.32 -112.6 -19.9 -.88 -111.5 -18.8
3 16 .16 -114.8 -19.7 -.32 -105.9 -19.4 -.16 -101.2 -18.4
3 16 .28 -120.7 -18.3 .28 -124.7 -15 .24 -128.7 -17.2
3 16 -.32 -129.5 -18.7 -.76 -126.5 -16.8 -.2 -123 -18.7
3 16 .28 -120.7 -18.3 .48 -118.3 -16.8 .28 -124.7 -15
3 16 .28 -120.7 -18.3 .24 -128.7 -17.2 -.2 -123 -18.7
3 16 -.32 -96.7 -10.5 -.24 -94.5 -8.9 -.6 -93.5 -7.5
3 16 .52 -115.4 -18.1 .48 -118.3 -16.8 .28 -120.7 -18.3
3 16 .4 -109.5 -17.7 .52 -115.4 -18.1 .16 -114.8 -19.7
3 16 -.88 -111.5 -18.8 -1.04 -117.4 -17.8 -1.12 -111.1 -16.5
3 16 -.52 -97 -17.3 -.32 -105.9 -19.4 -.84 -103.1 -16.7
3 16 -.76 -126.5 -16.8 -1 -115.7 -14.7 -1.04 -117.4 -17.8
3 16 -.6 -127.6 -14.6 -.56 -122.4 -14 -1 -115.7 -14.7
3 16 .32 -107.4 -14.6 .52 -115.4 -18.1 .4 -109.5 -17.7
3 16 0 -110.9 8.5 .2 -114.3 7.9 .24 -112.1 9
3 16 -.6 -127.6 -14.6 -1 -115.7 -14.7 -.76 -126.5 -16.8
3 16 -.04 -115.3 6.2 .2 -114.3 7.9 0 -110.9 8.5
3 16 .92 -124.1 -3.6 .6 -122.3 -6.7 .64 -114.4 -6.1
3 16 .6 -122.3 -6.7 .92 -124.1 -3.6 .84 -127.5 -5.7
3 16 -.24 -126 0 -.08 -123.6 -3.4 -.36 -133.5 -2.8
3 16 1.4 -56.1 -13.7 1.24 -59.4 -2.5 1.44 -65.8 -11.5
3 16 -1.08 -71 -17.1 -.6 -78 -18.9 -.64 -75.7 -17.2
3 16 .8 -71.7 -16.8 .64 -76.1 -19.6 1.32 -66.7 -16.9
3 16 .2 -114.3 7.9 .56 -113.8 8.1 .24 -112.1 9
3 16 1.32 -66.7 -16.9 .64 -76.1 -19.6 .48 -71.7 -20.8
3 16 .24 -65.9 -19.8 .12 -58.4 -17.3 1.08 -62.6 -17.6
3 16 -.76 -69.8 -14.1 -.64 -75.7 -17.2 .12 -72.2 -15.5
3 16 -.84 -58.1 -15.6 -1.04 -48.8 -15.8 -.56 -54.4 -18.3
3 16 1.24 -59.4 -2.5 1.4 -56.1 -13.7 1.24 -47.1 -3.7
3 16 .76 -49 -22.3 0 -45.1 -24.1 .92 -42.3 -23.2
3 16 .04 -52.7 15.7 1 -44.9 16.2 -.08 -46.5 15.7
3 16 1 -171.6 5.2 .6 -179.2 4.3 1.28 -173.5 4
3 16 -.2 -73.2 -20.9 .24 -80.8 -21.6 -.12 -81.4 -20.6
3 16 .76 -49 -22.3 1.6 -44 -18.8 1.68 -48.5 -15
3 16 -.48 -58.3 -24.7 -.4 -59.9 -24.6 -.44 -57.6 -23.3
3 16 1.84 -46.5 -10.5 1.24 -47.1 -3.7 1.4 -56.1 -13.7
3 16 -.2 -73.2 -20.9 .48 -71.7 -20.8 .24 -80.8 -21.6
3 16 .04 -52.7 15.7 .44 -59.9 18.7 1.08 -52.3 15.9
3 16 .32 -56 -23.7 -.08 -52.6 -23.3 .76 -49 -22.3
3 16 .48 -71.7 -20.8 -.2 -73.2 -20.9 .24 -65.9 -19.8
3 16 -1.04 -48.8 -15.8 -.8 -49.8 -20.9 -.56 -54.4 -18.3
3 16 .52 -38.7 -1.3 1.24 -47.1 -3.7 1 -34.5 -5.2
3 16 1.08 -52.3 15.9 1 -44.9 16.2 .04 -52.7 15.7
3 16 .72 -53.1 -19.1 .12 -58.4 -17.3 -.56 -54.4 -18.3
3 16 -1.08 -71 -17.1 -.6 -65.7 -18.4 -.2 -73.2 -20.9
3 16 -.6 -65.7 -18.4 -1.08 -71 -17.1 -1.08 -63.8 -14.5
3 16 1.92 -40 -11.8 1.56 -32.5 -12.6 1.4 -31.2 -9.8
3 16 .8 -71.7 -16.8 1.32 -66.7 -16.9 1.44 -65.8 -11.5
3 16 -1.08 -71 -17.1 -1.04 -67.3 -10.6 -1.08 -63.8 -14.5
3 16 1.08 -62.6 -17.6 1.4 -56.1 -13.7 1.32 -66.7 -16.9
3 16 1.04 -68.5 -13.4 .8 -71.7 -16.8 1.44 -65.8 -11.5
3 16 -.6 -65.7 -18.4 .24 -65.9 -19.8 -.2 -73.2 -20.9
3 16 -1.48 -30.3 10.9 -1.2 -35.6 3 -.88 -39.4 5.7
3 16 -1.16 -37.2 16.9 -1.48 -30.3 10.9 -1.16 -47.3 10
3 16 -1.48 -29.8 -5 -1.24 -34 -12.3 -1.16 -34.9 -4.6
4 16 .6 -28.3 -5.3 -.04 -28.2 .1 .28 -32.2 -.4 1 -34.5 -5.2
3 16 1.36 -47.5 7.4 1.44 -62.2 6.7 1.24 -59.4 -2.5
3 16 -.76 -39.8 -7 -1.16 -34.9 -4.6 -1.24 -34 -12.3
3 16 -1.24 -34 -12.3 -1.04 -27 -11.5 -.88 -34.8 -19.3
3 16 -1.48 -26.7 7.6 -1.48 -30.3 10.9 -1.28 -24.7 12.8
3 16 -.92 -45.3 2.8 -.76 -44.2 -7 -1.04 -50.7 -4.7
3 16 -1.16 -28.2 16.5 -1.28 -24.7 12.8 -1.48 -30.3 10.9
3 16 -1.48 -30.3 10.9 -1.16 -37.2 16.9 -1.16 -28.2 16.5
3 16 1.24 -47.1 -3.7 .8 -44.1 2.2 1.36 -47.5 7.4
3 16 .72 -170.6 -6.5 .36 -166.8 -4.8 .8 -163.4 -3
3 16 -.48 -109.1 6.7 -.44 -112.6 1.4 -.04 -115.3 6.2
3 16 -1.16 -39.6 -17.7 -.76 -39.8 -7 -1.24 -34 -12.3
3 16 1.44 -32.7 14.1 .76 -38.7 7 1.04 -30.4 10
3 16 1.24 -47.1 -3.7 1.36 -47.5 7.4 1.24 -59.4 -2.5
3 16 -1.48 -30.3 10.9 -1.68 -31.4 3.8 -1.2 -35.6 3
3 16 .8 -115.4 10.2 .92 -112.6 10.4 1.04 -112.1 11.5
3 16 1.4 -31.2 -9.8 .6 -28.3 -5.3 1 -34.5 -5.2
3 16 1.04 -30.4 10 .96 -23.6 11.4 1.44 -32.7 14.1
3 16 -1.16 -28.2 16.5 -1.16 -37.2 16.9 -.88 -35.6 19.3
3 16 -.52 -107.2 9.4 -.48 -109.1 6.7 -.04 -108.9 9.1
3 16 -.52 -107.2 9.4 -.88 -106.7 6.2 -.48 -109.1 6.7
3 16 .36 -166.8 -4.8 .72 -170.6 -6.5 .44 -176 -8.7
3 16 -1.44 -28.3 1.6 -.52 -27.3 2.8 -.72 -27.7 -1.1
3 16 .56 -215 -1.5 1.04 -211.8 -.9 .28 -221.2 -.4
3 16 .16 -24.9 -7.8 -.88 -27.3 -4.1 -.04 -27.2 -4.3
3 16 1.4 -201.6 -.2 .96 -205.7 0 1 -202.2 -1.6
3 16 .96 -205.7 0 .28 -208.7 1.6 .36 -203.1 -.5
3 16 .6 -209.8 -.1 .96 -205.7 0 1.04 -211.8 -.9
4 16 .32 -21.7 9.8 .4 -21.4 12.3 .96 -23.6 11.4 .76 -23.3 9.5
3 16 1.4 -61.7 16.8 1.56 -59 13.2 1.08 -52.3 15.9
3 16 .68 -187.7 12.8 .84 -184.9 13.8 .72 -187.6 14.1
3 16 -.72 -27.7 -1.1 -.04 -27.2 -4.3 -.88 -27.3 -4.1
3 16 1.48 -86.1 13.2 1.52 -81 10.1 1.24 -76.4 13.1
3 16 .64 -73.7 13.9 0 -76.9 12.5 1.24 -76.4 13.1
3 16 1.16 -87.9 15.2 1.48 -86.1 13.2 1.24 -76.4 13.1
3 16 1.24 -76.4 13.1 .72 -85.9 15.4 1.16 -87.9 15.2
3 16 0 -117.4 11.5 .24 -122.4 11.8 .16 -118.1 12.3
3 16 0 -76.9 12.5 -.28 -85.4 13.1 .72 -85.9 15.4
3 16 1.68 -67.2 13 1.24 -76.4 13.1 1.52 -81 10.1
3 16 0 -117.4 11.5 .32 -122.1 10.6 .24 -122.4 11.8
3 16 -.6 -22.6 15.2 -.12 -21.7 14.1 -.52 -21.3 12.4
3 16 -.12 -21.7 14.1 .32 -23.4 15.7 .4 -21.4 12.3
3 16 1.44 -70.9 15.3 1.12 -74.6 19 .72 -72.6 15.6
3 16 .68 -122.6 7.7 .68 -120.4 8.1 .36 -119 7.6
3 16 -.4 -21.4 10 -.52 -21.3 12.4 -.04 -20.8 11
3 16 -.48 -137 -14.6 -.6 -127.6 -14.6 -.84 -134.2 -15.3
3 16 -.68 -30.3 19.1 -.48 -26.7 18 -.88 -24.8 16.3
3 16 .24 -25 7.1 .32 -21.7 9.8 .76 -23.3 9.5
3 16 -.88 -24.8 16.3 -1.16 -28.2 16.5 -.68 -30.3 19.1
3 16 .64 -120.9 12.4 1.12 -123.7 11.7 .76 -119.7 11.2
3 16 -.28 -135.7 -17.3 -.64 -133.4 -18.3 -.04 -131.9 -18.4
3 16 -1.16 -28.2 16.5 -.88 -35.6 19.3 -.68 -30.3 19.1
3 16 -.52 -25 -7.9 -.8 -24.9 -9.5 -1.48 -29.8 -5
3 16 -.4 -21.4 10 -.04 -20.8 11 .32 -21.7 9.8
3 16 .96 -26.5 -11 .6 -28.3 -5.3 1.4 -31.2 -9.8
3 16 -.4 -21.4 10 -.92 -22.6 13 -.52 -21.3 12.4
3 16 .76 -23.3 9.5 .96 -23.6 11.4 .4 -27.5 5.7
3 16 1.2 -208.4 3.2 .56 -209.3 3.2 .16 -217 1.6
3 16 -1.16 -28.2 16.5 -.88 -24.8 16.3 -1.28 -24.7 12.8
3 16 -.12 -21.7 14.1 .4 -21.4 12.3 -.04 -20.8 11
3 16 -.04 -20.8 11 -.52 -21.3 12.4 -.12 -21.7 14.1
3 16 .24 -25 7.1 -.72 -26 5.6 -.08 -23 8.2
3 16 -.88 -24.8 16.3 -.48 -26.7 18 -.36 -23.6 16.3
4 16 .6 -110 2.4 .44 -106.2 2.2 .6 -108.9 5.4 .76 -112.5 6.6
3 16 -.04 -28.2 .1 -.52 -27.3 2.8 .4 -27.5 5.7
3 16 .84 -23.5 14 .4 -21.4 12.3 .32 -23.4 15.7
3 16 .4 -21.4 12.3 .84 -23.5 14 .96 -23.6 11.4
3 16 .68 -108.5 7.6 -.04 -108.9 9.1 .24 -112.1 9
3 16 -1.08 -134.8 -16.8 -.84 -134.2 -15.3 -.76 -126.5 -16.8
3 16 -.52 -25 -7.9 .16 -24.9 -7.8 -.24 -23.6 -9.8
3 16 1.44 -32.7 14.1 .84 -23.5 14 .84 -26.3 16.2
3 16 -.88 -27.3 -4.1 .16 -24.9 -7.8 -.52 -25 -7.9
3 16 -1.24 -149.7 -18.2 -1.48 -148.6 -17.7 -1.36 -148.1 -18.9
3 16 -1.08 -60.2 4.5 -1.16 -47.3 10 -1.04 -50.7 -4.7
3 16 -.24 -99.7 -7.1 .16 -103.3 -7.2 -.24 -106.3 -6.9
3 16 .04 -118.9 10.8 .32 -122.1 10.6 0 -117.4 11.5
3 16 .6 -110 2.4 .84 -116.3 3.1 .64 -111.8 -2.5
3 16 1.36 -128.3 6.6 1.2 -129.4 7.5 1.4 -133 7.2
3 16 .6 -110 2.4 .64 -111.8 -2.5 .44 -106.2 2.2
3 16 .96 -125.1 6.9 .48 -127.1 5.8 .96 -127.5 6.8
3 16 1.2 -143.3 5.2 1 -152.9 4.5 .56 -143.3 -1.5
3 16 .24 -133.3 -5.2 -.76 -140.1 -3.5 -.36 -133.5 -2.8
3 16 1.2 -143.3 5.2 1.36 -136.6 4.7 .96 -140 5.7
3 16 1.56 -131.3 6.5 1.52 -128.7 5.7 1.36 -128.3 6.6
3 16 1.36 -136.6 4.7 1.48 -132.8 4 1.56 -131.3 6.5
3 16 -.32 -129.5 -18.7 -.64 -133.4 -18.3 -.76 -126.5 -16.8
3 16 .68 -108.5 7.6 .24 -112.1 9 .56 -113.8 8.1
3 16 -.04 -135 -15.9 -.04 -131.9 -18.4 .24 -128.7 -17.2
3 16 -1.08 -134.8 -16.8 -.64 -133.4 -18.3 -1.28 -137.7 -17.3
3 16 -.64 -133.4 -18.3 -.28 -135.7 -17.3 -.8 -137.8 -17.5
3 16 .6 -110 2.4 .76 -112.5 6.6 .84 -116.3 3.1
3 16 .84 -117.1 6.9 .84 -116.3 3.1 .76 -112.5 6.6
3 16 -.04 -115.3 6.2 .28 -121.8 6.3 .36 -119 7.6
3 16 .64 -117.5 7.7 .36 -119 7.6 .68 -120.4 8.1
3 16 -1.48 -146.3 -17.1 -1.48 -148.6 -17.7 -1.2 -148.2 -16.5
3 16 -.84 -148.3 -18.8 -.88 -145.7 -18.3 -.56 -147.1 -17.4
3 16 -1.16 -146.7 -18.6 -.88 -145.7 -18.3 -.84 -148.3 -18.8
3 16 -.04 -115.3 6.2 -.08 -119.1 2.8 .28 -121.8 6.3
3 16 -.56 -141.5 -15.5 -.56 -147.1 -17.4 -.64 -142.9 -17.2
3 16 .84 -117.1 6.9 1.12 -121.4 7.1 .96 -121 2.9
3 16 .96 -121 2.9 .84 -116.3 3.1 .84 -117.1 6.9
3 16 -.88 -146.5 -9.2 .04 -139.3 -7.3 -.48 -146.7 -9.2
3 16 1.08 -122.3 7.6 .84 -117.1 6.9 .64 -117.5 7.7
3 16 .08 -149.4 -8.7 .44 -153.2 -3.7 .28 -151.5 -6.6
3 16 .44 -153.2 -3.7 .36 -144.2 -5.9 .56 -143.3 -1.5
3 16 .64 -117.5 7.7 .68 -120.4 8.1 1.08 -122.3 7.6
3 16 .04 -139.3 -7.3 .36 -139.8 -6.9 -.48 -146.7 -9.2
3 16 -.92 -147.9 -2 -1 -143.6 -2.3 -.84 -151.1 -4.7
3 16 .68 -133.8 -5.4 .36 -139.8 -6.9 .04 -139.3 -7.3
3 16 -.08 -126.3 2.6 .28 -121.8 6.3 -.08 -119.1 2.8
3 16 .08 -149.4 -8.7 .36 -144.2 -5.9 .44 -153.2 -3.7
3 16 -1.28 -148.3 -8.7 -.88 -142.7 -7 -.88 -146.5 -9.2
3 16 -.56 -157.9 .5 -.92 -147.9 -2 -.84 -151.1 -4.7
3 16 -1 -143.6 -2.3 -.92 -147.9 -2 -.04 -149.9 4.4
3 16 -.88 -146.5 -9.2 -.88 -142.7 -7 .04 -139.3 -7.3
3 16 -.84 -151.1 -4.7 -.36 -152.7 -6.2 -.08 -158 -3.6
3 16 -.88 -142.7 -7 -1 -143.6 -2.3 -.76 -140.1 -3.5
3 16 .28 -151.5 -6.6 .44 -153.2 -3.7 -.36 -152.7 -6.2
3 16 -.36 -152.7 -6.2 .44 -153.2 -3.7 -.08 -158 -3.6
3 16 .52 -134.9 5.1 -.16 -132.8 1.3 -1 -143.6 -2.3
3 16 1.52 -128.7 5.7 1.28 -128.2 3.2 1.36 -128.3 6.6
3 16 -1.28 -148.3 -8.7 -1 -143.6 -2.3 -.88 -142.7 -7
3 16 1.16 -124.9 5.9 .96 -127.5 6.8 1.36 -128.3 6.6
3 16 .96 -121 2.9 1.12 -121.4 7.1 1.16 -124.9 5.9
3 16 .96 -121 2.9 .92 -125.5 1.6 .92 -124.1 -3.6
3 16 -.48 -146.7 -9.2 -.92 -152.2 -10.8 -.88 -146.5 -9.2
3 16 -.92 -152.2 -10.8 -1.28 -148.3 -8.7 -.88 -146.5 -9.2
3 16 -.36 -152.7 -6.2 -.84 -151.1 -4.7 -1.12 -151.2 -8.7
4 16 -.92 -152.2 -10.8 -.72 -155.4 -11.2 -1.12 -151.2 -8.7 -1.28 -148.3 -8.7
4 16 .08 -149.4 -8.7 .16 -155.5 -10.7 -.32 -152.9 -11 -.48 -146.7 -9.2
3 16 -1.28 -148.3 -8.7 -1.12 -151.2 -8.7 -.84 -151.1 -4.7
3 16 -1.28 -148.3 -8.7 -.84 -151.1 -4.7 -1 -143.6 -2.3
3 16 .96 -125.1 6.9 .96 -127.5 6.8 1.16 -124.9 5.9
3 16 1.16 -124.9 5.9 1.36 -128.3 6.6 .92 -125.5 1.6
3 16 -1.12 -151.2 -8.7 -.52 -154.5 -9.3 -.36 -152.7 -6.2
3 16 -.48 -146.7 -9.2 .36 -144.2 -5.9 .08 -149.4 -8.7
3 16 .28 -151.5 -6.6 -.36 -152.7 -6.2 0 -152.5 -8
3 16 .48 -127.1 5.8 .28 -121.8 6.3 -.08 -126.3 2.6
3 16 .96 -122.1 10.8 .8 -123 10.2 .4 -119.7 10.2
3 16 1.16 -124.9 5.9 .92 -125.5 1.6 .96 -121 2.9
3 16 -.48 -146.7 -9.2 -.32 -152.9 -11 -.92 -152.2 -10.8
3 16 .48 -127.1 5.8 .96 -125.1 6.9 .68 -122.6 7.7
3 16 1.08 -122.3 7.6 .96 -125.1 6.9 1.16 -124.9 5.9
3 16 .96 -122.1 10.8 .4 -119.7 10.2 .76 -119.7 11.2
3 16 .4 -119.7 10.2 .04 -118.9 10.8 .68 -118.1 10.4
3 16 1.12 -121.4 7.1 1.08 -122.3 7.6 1.16 -124.9 5.9
3 16 1.08 -122.3 7.6 .68 -122.6 7.7 .96 -125.1 6.9
3 16 .68 -120.4 8.1 .68 -122.6 7.7 1.08 -122.3 7.6
3 16 .28 -121.8 6.3 .68 -122.6 7.7 .36 -119 7.6
3 16 1.56 -131.3 6.5 1.48 -132.8 4 1.52 -128.7 5.7
3 16 1.2 -129.4 7.5 1 -132.2 7.1 1.4 -133 7.2
3 16 .28 -186.6 -3 .56 -195.8 -3.4 .16 -196.6 -3.3
3 16 .64 -165 6.5 .32 -173.3 4.4 1 -171.6 5.2
3 16 .84 -159.1 2 1 -163.4 5.2 1.28 -165.4 2.6
3 16 1.2 -177 -5.2 1.36 -171.6 -3.4 1.68 -171 .8
3 16 .64 -165 6.5 .16 -163.9 5.5 .32 -173.3 4.4
3 16 .84 -161 7.4 1 -163.4 5.2 .84 -159.1 2
3 16 1.48 -146.8 6.9 1 -152.9 4.5 1.2 -143.3 5.2
3 16 -.04 -149.9 4.4 1.12 -149.5 7 1.08 -144.2 6.4
3 16 1.36 -166.6 -.1 .8 -163.4 -3 .84 -159.1 2
3 16 -.36 -23.6 16.3 .04 -29.1 18.8 .32 -23.4 15.7
3 16 1.48 -146.8 6.9 1.12 -149.5 7 1 -152.9 4.5
3 16 -.88 -24.8 16.3 -.92 -22.6 13 -1.28 -24.7 12.8
3 16 .84 -26.3 16.2 .32 -23.4 15.7 .04 -29.1 18.8
3 16 1.48 -132.8 4 1.36 -136.6 4.7 .56 -143.3 -1.5
3 16 1 -182.3 -.9 1 -193.2 -2 .28 -186.6 -3
3 16 -.36 -133.5 -2.8 -.16 -132.8 1.3 -.24 -126 0
3 16 -.16 -132.8 1.3 -.36 -133.5 -2.8 -.76 -140.1 -3.5
3 16 -.76 -140.1 -3.5 -1 -143.6 -2.3 -.16 -132.8 1.3
3 16 .52 -134.9 5.1 .96 -140 5.7 1.2 -136.7 5.8
3 16 -.88 -24.8 16.3 -.6 -22.6 15.2 -.92 -22.6 13
3 16 -.36 -23.6 16.3 -.6 -22.6 15.2 -.88 -24.8 16.3
3 16 1.28 -165.4 2.6 1 -163.4 5.2 1.28 -173.5 4
3 16 1.36 -136.6 4.7 1.2 -143.3 5.2 .56 -143.3 -1.5
3 16 .32 -173.3 4.4 .24 -181.4 3.6 .6 -179.2 4.3
3 16 -.6 -22.6 15.2 -.52 -21.3 12.4 -.92 -22.6 13
3 16 1.36 -136.6 4.7 1.4 -133 7.2 1.2 -136.7 5.8
3 16 1 -193.4 4.1 1.24 -194.5 2.8 .8 -183.8 2.9
3 16 1.2 -136.7 5.8 .96 -140 5.7 1.36 -136.6 4.7
3 16 1 -171.6 5.2 1 -163.4 5.2 .64 -165 6.5
3 16 .84 -23.5 14 .32 -23.4 15.7 .84 -26.3 16.2
3 16 -1 -143.6 -2.3 .2 -141.6 4.6 .52 -134.9 5.1
3 16 .96 -140 5.7 1.08 -144.2 6.4 1.2 -143.3 5.2
3 16 -.12 -21.7 14.1 -.6 -22.6 15.2 -.36 -23.6 16.3
3 16 .16 -187.8 3.5 -.32 -198.9 5.2 .16 -195.9 5.5
3 16 1.48 -132.8 4 .56 -143.3 -1.5 1.04 -132.1 -1.4
3 16 .8 -183.8 2.9 .64 -193.4 5.1 1 -193.4 4.1
3 16 .2 -141.6 4.6 -1 -143.6 -2.3 -.04 -149.9 4.4
3 16 .24 -181.4 3.6 -.28 -185.3 1.6 .16 -187.8 3.5
3 16 .96 -121 2.9 .64 -111.8 -2.5 .84 -116.3 3.1
3 16 1.48 -174.7 1.9 1.2 -177 -5.2 1.68 -171 .8
3 16 1.48 -174.7 1.9 1.68 -171 .8 1.28 -173.5 4
3 16 1 -193.2 -2 1 -182.3 -.9 1.28 -194.2 .4
3 16 -.32 -198.9 5.2 .16 -206 8 .8 -201.8 6.9
3 16 1.04 -132.1 -1.4 .92 -125.5 1.6 1.28 -128.2 3.2
3 16 .8 -183.8 2.9 .16 -187.8 3.5 .64 -193.4 5.1
3 16 1 -193.4 4.1 .64 -193.4 5.1 .8 -201.8 6.9
3 16 1 -182.3 -.9 .8 -183.8 2.9 1.28 -194.2 .4
3 16 -.28 -185.3 1.6 -.32 -198.9 5.2 .16 -187.8 3.5
3 16 1.36 -171.6 -3.4 1.36 -166.6 -.1 1.68 -171 .8
3 16 .16 -23.6 -10.6 .96 -26.5 -11 .68 -25.4 -12.4
3 16 1.48 -174.7 1.9 .8 -183.8 2.9 1 -182.3 -.9
3 16 .16 -206 8 .08 -210.9 9 .52 -206.7 7.8
3 16 .16 -195.9 5.5 .8 -201.8 6.9 .64 -193.4 5.1
3 16 -.24 -23.6 -9.8 -.48 -24.2 -11.9 -.8 -24.9 -9.5
3 16 1.24 -47.1 -3.7 1.84 -46.5 -10.5 1.92 -40 -11.8
3 16 1.68 -48.5 -15 1.84 -46.5 -10.5 1.4 -56.1 -13.7
3 16 .12 -58.4 -17.3 .24 -65.9 -19.8 -.6 -65.7 -18.4
3 16 1.6 -44 -18.8 1.92 -40 -11.8 1.68 -48.5 -15
3 16 1.4 -56.1 -13.7 1.08 -62.6 -17.6 .12 -58.4 -17.3
3 16 1.92 -40 -11.8 1.6 -44 -18.8 1.64 -37.2 -16.7
3 16 -.48 -24.2 -11.9 -.24 -23.6 -9.8 .16 -23.6 -10.6
3 16 -1.48 -26.7 7.6 -1.44 -28.3 1.6 -1.68 -31.4 3.8
3 16 -.24 -126 0 -.24 -118.2 -2.9 -.08 -123.6 -3.4
3 16 -.88 -24.2 7.9 -.4 -21.4 10 -.08 -23 8.2
3 16 -1.44 -28.3 1.6 -.88 -27.3 -4.1 -1.48 -29.8 -5
3 16 1.28 -128.2 3.2 1.52 -128.7 5.7 1.48 -132.8 4
3 16 -.96 -104.4 6.2 -.52 -107.2 9.4 -.56 -102.9 9.9
3 16 -.96 -104.4 6.2 -.88 -106.7 6.2 -.52 -107.2 9.4
3 16 .68 -182.2 -3.8 -.16 -181.8 -5.7 .36 -182.4 -6.4
3 16 1.2 -136.7 5.8 1 -132.2 7.1 .52 -134.9 5.1
3 16 .48 -127.1 5.8 .52 -134.9 5.1 1 -132.2 7.1
3 16 -.84 -90.9 -10.2 -.92 -94.5 -15.1 -.84 -99.6 -12.4
3 16 .2 -93.3 -14.7 .28 -103.1 -17.3 -.16 -101.2 -18.4
3 16 .2 -93.3 -14.7 .72 -84.8 -11.1 .76 -89.9 -8.8
3 16 .96 -82 -3 .76 -92.9 -5.1 .72 -84.8 -11.1
3 16 -.72 -85.9 -11.7 -.28 -79.8 -11.6 -.16 -88.6 -14.9
3 16 .56 -85.5 -19.8 .12 -79.7 -18.1 .28 -85.5 -19.6
3 16 .8 -71.7 -16.8 .12 -79.7 -18.1 .52 -79.4 -18.9
3 16 .64 -77.9 -9.6 .96 -70.5 -9.8 1.24 -71.1 -4.8
3 16 .12 -72.2 -15.5 -.64 -75.7 -17.2 .12 -79.7 -18.1
3 16 -.48 -72.2 -10.3 .28 -73 -10.6 .2 -78.7 -11.3
3 16 -.64 -75.7 -17.2 -.76 -69.8 -14.1 -1.08 -71 -17.1
3 16 -.88 -73.4 -6.8 -.28 -79.8 -11.6 -.72 -85.9 -11.7
3 16 .96 -70.5 -9.8 .28 -73 -10.6 -.28 -69.6 -12
3 16 .2 -78.7 -11.3 .28 -73 -10.6 .64 -77.9 -9.6
3 16 -.48 -72.2 -10.3 -.28 -69.6 -12 .28 -73 -10.6
3 16 .64 -76.1 -19.6 .8 -71.7 -16.8 .52 -79.4 -18.9
3 16 1.04 -112.6 18.5 1.12 -111.6 17.9 1.32 -113.1 18.9
3 16 1.08 -84.1 22.3 .84 -79.6 20.8 1.08 -89.2 22.8
3 16 1.24 -87.3 21.7 1.08 -84.1 22.3 1.08 -89.2 22.8
3 16 1.08 -84.1 22.3 1.24 -87.3 21.7 1.44 -79.5 20.7
3 16 1.36 -84.1 20.7 1.44 -79.5 20.7 1.24 -87.3 21.7
3 16 1.36 -84.1 20.7 1.24 -87.3 21.7 .84 -79.6 20.8
3 16 -.88 -95.9 -3.3 -.6 -93.5 -7.5 -.6 -99.5 -5.5
3 16 .32 -94.6 -7.7 .64 -98.2 -6.4 -.24 -99.7 -7.1
3 16 -.6 -99.5 -5.5 .32 -94.6 -7.7 -.24 -99.7 -7.1
3 16 .76 -92.9 -5.1 .32 -94.6 -7.7 .76 -89.9 -8.8
3 16 .24 -80.8 -21.6 .64 -76.1 -19.6 .48 -85.4 -20.9
3 16 .48 -85.4 -20.9 .64 -76.1 -19.6 .56 -85.5 -19.8
3 16 .36 -88.2 -19.6 .6 -89 -20.1 .68 -88.2 -19.5
3 16 .6 -89 -20.1 .36 -88.2 -19.6 .24 -87.8 -20.4
3 16 .64 -76.1 -19.6 .24 -80.8 -21.6 .48 -71.7 -20.8
3 16 .56 -85.5 -19.8 .68 -88.2 -19.5 .64 -87.8 -20.5
3 16 .64 -76.1 -19.6 .52 -79.4 -18.9 .56 -85.5 -19.8
3 16 -.6 -78 -18.9 .2 -85.2 -20.3 -.64 -75.7 -17.2
3 16 .28 -85.5 -19.6 .2 -85.2 -20.3 .24 -87.8 -20.4
3 16 -.6 -78 -18.9 -1.08 -71 -17.1 -.2 -73.2 -20.9
3 16 .36 -88.2 -19.6 .28 -85.5 -19.6 .24 -87.8 -20.4
3 16 .64 -87.8 -20.5 .68 -88.2 -19.5 .6 -89 -20.1
3 16 .12 -79.7 -18.1 .56 -85.5 -19.8 .52 -79.4 -18.9
3 16 -.48 -72.2 -10.3 -.88 -73.4 -6.8 -1.04 -67.3 -10.6
3 16 -.28 -79.8 -11.6 -.48 -72.2 -10.3 .2 -78.7 -11.3
3 16 -.28 -69.6 -12 1.04 -68.5 -13.4 .96 -70.5 -9.8
3 16 1.04 -68.5 -13.4 .12 -72.2 -15.5 .8 -71.7 -16.8
3 16 -.48 -72.2 -10.3 -1.04 -67.3 -10.6 -.28 -69.6 -12
3 16 -.48 -72.2 -10.3 -.28 -79.8 -11.6 -.88 -73.4 -6.8
3 16 1.44 -79.5 20.7 .84 -79.6 20.8 1.12 -74.6 19
3 16 .64 -76.8 21.7 1.08 -73.1 22 .68 -69.5 22.2
3 16 .84 -79.6 20.8 1.44 -79.5 20.7 1.36 -84.1 20.7
3 16 1.44 -69 19.7 1.44 -70.9 15.3 1.68 -67.2 13
3 16 1.08 -73.1 22 .64 -76.8 21.7 1.08 -84.1 22.3
3 16 1.08 -84.1 22.3 1.44 -79.5 20.7 1.08 -73.1 22
3 16 1.44 -109.4 18.4 1.12 -111.6 17.9 .88 -108.6 17.8

5 24 .8 -136.9 -4.8 .36 -139.8 -6.9 .68 -133.8 -5.4 .36 -144.2 -5.9
5 24 -.88 -105.3 -2.8 -.6 -99.5 -5.5 -.24 -106.3 -6.9 -.88 -95.9 -3.3
5 24 -.24 -106.3 -6.9 -.88 -105.3 -2.8 -.6 -99.5 -5.5 -.12 -113.3 -7.1
5 24 .08 -211.6 -7.3 -.12 -210.6 -6.9 .16 -210.3 -7.5 -.12 -212.3 -7.3
5 24 -1.04 -48.8 -15.8 -.84 -58.1 -15.6 -.56 -54.4 -18.3 -1.08 -63.8 -14.5
5 24 1.44 -111.8 18.8 1.16 -111.6 19.5 1.32 -113.1 18.9 1.16 -109.3 19.5
5 24 1 -152.9 4.5 1.2 -143.3 5.2 1.48 -146.8 6.9 .56 -143.3 -1.5
5 24 -.16 -233.1 1.4 .16 -234.7 1.6 -.08 -237.2 1.3 -.04 -229.9 1.8
5 24 .064874759907902626275192229540724 -222.3342436862353655591011055779 9.5157858786667183539099685726821 -.36800005683882378481986006045215 -221.11429966449072017259635997999 9.4911324767706238043135501547739 -.18406344820917959491158809137543 -224.41553369203439095828899762821 9.2901357842003201329981797928079 -.16592837345514774681405311862931 -218.67166309955715851891593365612 9.2025731527897121015183646472996
5 24 1.16 -124.9 5.9 .96 -125.1 6.9 1.08 -122.3 7.6 .96 -127.5 6.8
5 24 -.04 -115.3 6.2 .64 -117.5 7.7 .2 -114.3 7.9 .36 -119 7.6
5 24 -.48 -55.3 -22.8 -.32 -55.7 -21.2 -.44 -57.6 -23.3 -.56 -54.4 -18.3
5 24 1.44 -32.7 14.1 1.04 -30.4 10 .76 -38.7 7 .96 -23.6 11.4
5 24 -.12 -205.3 -5.3 .08 -206.6 -5.3 -.12 -206.6 -6.1 .04 -204 -4.6
5 24 .56 -195.8 -3.4 .28 -186.6 -3 1 -193.2 -2 .16 -196.6 -3.3
5 24 .24 -131 11.2 .28 -129.4 12.1 .36 -127.3 11.2 .16 -132.5 12
5 24 1.2 -177 -5.2 1.68 -171 .8 1.48 -174.7 1.9 1.36 -171.6 -3.4
5 24 .68 -135.6 11.7 .64 -135.4 12.6 .16 -132.5 12 1.28 -138.2 11.9
5 24 .8 -136.9 -4.8 .36 -144.2 -5.9 .56 -143.3 -1.5 .36 -139.8 -6.9
5 24 -.24 -23.6 -9.8 -.8 -24.9 -9.5 -.48 -24.2 -11.9 -.52 -25 -7.9
5 24 -.36800005683882378481986006045215 -221.11429966449072017259635997999 9.4911324767706238043135501547739 -.44592837345514774681405311862928 -218.07166309955715851891593365612 8.6025731527897121015183646472996 -.51460050078493899927550356667348 -220.83242777311023492180912882393 8.6997885734535514277332192859571 -.16592837345514774681405311862931 -218.67166309955715851891593365612 9.2025731527897121015183646472996
5 24 -.24 -26.3 -14.8 .4 -26.9 -15.2 -.68 -27.9 -15.1 0 -24.4 -12.9
5 24 1.36 -84.1 20.7 1.24 -87.3 21.7 .84 -79.6 20.8 1.44 -79.5 20.7
5 24 .08 -211.6 -7.3 .16 -210.3 -7.5 .16 -212.4 -7.9 -.12 -210.6 -6.9
5 24 .36 -59.7 -25.2 .32 -56 -23.7 .08 -58.4 -25.5 0 -57.1 -22.9
5 24 1.4 -133 7.2 1.2 -129.4 7.5 1.36 -128.3 6.6 1 -132.2 7.1
5 24 .44 -106.2 2.2 .52 -105 -4.7 .64 -101 -2.1 .64 -111.8 -2.5
5 24 -.2 -73.2 -20.9 -.12 -81.4 -20.6 -.6 -78 -18.9 .24 -80.8 -21.6
5 24 .08 -206.6 -5.3 .4 -206.7 -5.9 .16 -209.1 -6.2 .32 -204.7 -4.5
5 24 1.24 -76.4 13.1 .72 -85.9 15.4 1.16 -87.9 15.2 0 -76.9 12.5
5 24 -.04 -200.7 -3.2 .44 -202.8 -3 .04 -204 -4.6 .12 -201.6 -1.9
5 24 -1.08 -60.2 4.5 -.92 -78 1.2 -1.16 -47.3 10 -1.04 -62.1 -5.9
5 24 1.04 -112.1 11.5 .8 -113.3 12.3 1.04 -116 11.6 .64 -107.3 12.2
5 24 1.64 -37.2 -16.7 .92 -42.3 -23.2 1.6 -44 -18.8 .76 -38.2 -22.7
5 24 -.04 -43.9 21.7 -.56 -44 21.8 -.04 -46.3 22.9 -.4 -41.7 21.5
5 24 .76 -23.3 9.5 .32 -21.7 9.8 .24 -25 7.1 .96 -23.6 11.4
5 24 1 -132.2 7.1 1.4 -133 7.2 1.2 -129.4 7.5 1.2 -136.7 5.8
5 24 .84 -184.9 13.8 .8 -181.7 13.6 .4 -183.4 14 .76 -181.8 12.5
5 24 .88 -168.9 11.5 1.12 -171.1 13.1 .6 -166.9 12.8 1.04 -174.6 12.6
5 24 1 -193.2 -2 1 -182.3 -.9 .28 -186.6 -3 1.28 -194.2 .4
5 24 1.12 -74.6 19 1.44 -69 19.7 1.44 -70.9 15.3 1.44 -79.5 20.7
5 24 -1.04 -48.8 -15.8 -.8 -49.8 -20.9 -.56 -54.4 -18.3 -1.16 -39.6 -17.7
5 24 .16 -207.2 6.7 .68 -206.1 6 .16 -206.7 4.9 .52 -206.7 7.8
5 24 .44 -225.2 .7 .48 -225.2 1.6 .4 -231.7 1.2 .76 -220.4 .3
5 24 -.4 -41.7 21.5 -.56 -44 21.8 -.76 -44.4 21.2 -.04 -43.9 21.7
5 24 -.6 -93.5 -7.5 -.32 -96.7 -10.5 -.84 -99.6 -12.4 -.24 -94.5 -8.9
5 24 -.48 -58.3 -24.7 -.36 -61 -25.8 -.24 -59.2 -25.8 -.4 -59.9 -24.6
5 24 .6 -166.9 12.8 .68 -172.1 12.1 .6 -164.7 10.2 .68 -172.6 13.3
5 24 .44 -153.2 -3.7 .84 -159.1 2 1 -152.9 4.5 .8 -163.4 -3
5 24 -.88 -24.8 16.3 -1.28 -24.7 12.8 -1.16 -28.2 16.5 -.92 -22.6 13
5 24 -.08 -224.9 1.5 -.2 -228.1 1.3 -.04 -226.4 .7 -.04 -229.9 1.8
5 24 -.84 -43.6 17.1 -.08 -46.5 15.7 -.8 -47.6 13.2 .24 -44.7 18
5 24 .8 -104.7 17.7 1.2 -104.4 18.1 1.2 -107.6 17.7 .96 -100.6 17.5
5 24 -.08 -52.6 -23.3 -.48 -55.3 -22.8 -.2 -56.4 -24.2 -.8 -49.8 -20.9
5 24 -1.28 -24.7 12.8 -1.48 -30.3 10.9 -1.48 -26.7 7.6 -1.16 -28.2 16.5
5 24 1.28 -137.4 11 .68 -135.6 11.7 1 -134.1 11.1 1.04 -137.8 11.3
5 24 1.92 -40 -11.8 1.4 -31.2 -9.8 1.24 -47.1 -3.7 1.56 -32.5 -12.6
5 24 1.2 -129.4 7.5 1.36 -128.3 6.6 1.4 -133 7.2 .96 -127.5 6.8
5 24 .88 -179 12.4 .92 -177.3 13.4 .8 -181.7 13.6 .88 -177.1 12
5 24 1.48 -174.7 1.9 1.2 -177 -5.2 1.68 -171 .8 1 -182.3 -.9
5 24 -1.24 -140.9 -17.4 -1.64 -143.5 -16.1 -1.64 -139.9 -16.4 -1.4 -143.7 -17.7
5 24 .6 -164.7 10.2 1.24 -162.5 10.8 .88 -168.9 11.5 .84 -161 7.4
5 24 .52 -206.7 7.8 .16 -206 8 .8 -201.8 6.9 .08 -210.9 9
5 24 .32 -56 -23.7 .24 -54.9 -21.2 0 -57.1 -22.9 .72 -53.1 -19.1
5 24 .8 -104.7 17.7 .56 -99.7 16.9 .96 -100.6 17.5 .24 -100.7 18
5 24 -.16 -128.9 -14 0 -124.5 -13.9 .28 -124.7 -15 -.6 -127.6 -14.6
5 24 -.84 -103.1 -16.7 -.84 -99.6 -12.4 -.92 -94.5 -15.1 -1.12 -111.1 -16.5
5 24 -.76 -126.5 -16.8 -.64 -133.4 -18.3 -1.08 -134.8 -16.8 -.32 -129.5 -18.7
5 24 .96 -122.1 10.8 .4 -119.7 10.2 .76 -119.7 11.2 .8 -123 10.2
5 24 -.28 -187.2 -2.4 .28 -186.6 -3 .16 -196.6 -3.3 -.16 -181.8 -5.7
5 24 .16 -196.6 -3.3 .28 -186.6 -3 -.28 -187.2 -2.4 .56 -195.8 -3.4
5 24 1.24 -87.3 21.7 1.08 -84.1 22.3 1.44 -79.5 20.7 1.08 -89.2 22.8
5 24 .48 -31.2 19 .84 -26.3 16.2 .04 -29.1 18.8 1.04 -33.2 18
5 24 1 -182.3 -.9 1.48 -174.7 1.9 1.2 -177 -5.2 .8 -183.8 2.9
5 24 .88 -127.5 10.6 .96 -122.1 10.8 1.12 -123.7 11.7 .8 -123 10.2
5 24 -.23289200466106395092639343407218 -226.43726933104122191190020097313 8.487977655872408922347490689845 .01107289038816002766073390345865 -225.83923127351844104640060331869 8.4690688179384928407977073233312 -.078597286444823306640513560189064 -225.99359165767395174737648139617 9.0486533613577402878674591789662 -.0080684816068575565952535090845152 -223.83711144816795400696053183695 8.4583673181491819992121834726638
5 24 -1.16 -47.3 10 -1.16 -37.2 16.9 -1.48 -30.3 10.9 -.84 -43.6 17.1
5 24 .76 -181.8 12.5 .8 -181.7 13.6 .84 -184.9 13.8 .88 -179 12.4
5 24 1.32 -113.1 18.9 1.44 -111.8 18.8 1.16 -111.6 19.5 1.12 -111.6 17.9
5 24 -.24 -118.2 -2.9 -.24 -126 0 -.08 -119.1 2.8 -.08 -123.6 -3.4
5 24 1.24 -76.1 3.7 1.24 -71.1 -4.8 1.24 -59.4 -2.5 .96 -82 -3
5 24 -1 -105.9 1.9 -.88 -105.3 -2.8 -.6 -110.3 -2.5 -1.04 -102.2 2.7
5 24 1.48 -159.5 11.6 .72 -161.3 11.4 1.44 -157.1 11.2 1 -165.1 12.3
5 24 1.04 -110.3 10.6 .72 -108.6 9.3 1 -105.4 9.5 .44 -112 9.7
5 24 -.04 -237.4 .7 -.12 -235 .6 .2 -236.4 1 -.08 -237.2 1.3
5 24 -.6 -118.7 -19.5 -1.04 -117.4 -17.8 -.88 -111.5 -18.8 -.76 -126.5 -16.8
5 24 -.84 -90.9 -10.2 -.84 -99.6 -12.4 -.92 -94.5 -15.1 -.6 -93.5 -7.5
5 24 -.32 -152.9 -11 -.92 -152.2 -10.8 -.48 -146.7 -9.2 -.36 -155.3 -12
5 24 -.88 -95.9 -3.3 -.6 -93.5 -7.5 -.6 -99.5 -5.5 -.84 -90.9 -10.2
5 24 .16 -210.3 -7.5 .4 -206.7 -5.9 .16 -208.8 -7.5 .24 -209.4 -6.9
5 24 -1.08 -63.8 -14.5 -1.04 -67.3 -10.6 -1.04 -62.1 -5.9 -1.08 -71 -17.1
5 24 -.88 -140.9 -14.6 -.8 -145.5 -15.8 -.56 -141.5 -15.5 -1.48 -142.9 -14.8
5 24 .32 -56 -23.7 .72 -53.1 -19.1 .24 -54.9 -21.2 .76 -49 -22.3
5 24 1.32 -130.4 12.2 .96 -124.5 12.6 .96 -128.4 12.9 1.12 -123.7 11.7
5 24 .24 -206.1 -6.5 .16 -208.8 -7.5 0 -206.2 -6.6 .4 -206.7 -5.9
5 24 .88 -177.5 -9 .44 -176 -8.7 .4 -179.5 -9.9 .72 -170.6 -6.5
5 24 .24 -80.8 -21.6 -.12 -81.4 -20.6 .48 -85.4 -20.9 -.2 -73.2 -20.9
5 24 -.16 -233.1 1.4 -.08 -237.2 1.3 .16 -234.7 1.6 -.12 -235 .6
5 24 .44 -153.2 -3.7 .56 -143.3 -1.5 .36 -144.2 -5.9 1 -152.9 4.5
5 24 -.84 -99.6 -12.4 -.8 -104.8 -11.9 -.32 -103.7 -11.4 -1 -115.7 -14.7
5 24 .04 -29.1 18.8 -.68 -30.3 19.1 -.32 -35.9 20.6 -.48 -26.7 18
5 24 -.28 -69.6 -12 .12 -72.2 -15.5 1.04 -68.5 -13.4 -.76 -69.8 -14.1
5 24 -.16 -88.6 -14.9 -.72 -85.9 -11.7 -.28 -79.8 -11.6 -.6 -91.8 -15.5
5 24 1 -34.5 -5.2 1.24 -47.1 -3.7 1.4 -31.2 -9.8 .52 -38.7 -1.3
5 24 .16 -24.9 -7.8 -.04 -27.2 -4.3 .6 -28.3 -5.3 -.88 -27.3 -4.1
5 24 .68 -133.8 -5.4 .8 -136.9 -4.8 1.04 -132.1 -1.4 .36 -139.8 -6.9
5 24 .2 -93.3 -14.7 -.16 -101.2 -18.4 -.52 -97 -17.3 .28 -103.1 -17.3
5 24 .36 -125 10.4 .36 -127.3 11.2 .24 -122.4 11.8 .88 -127.5 10.6
5 24 .32 -181.3 13.6 .4 -179.3 12 .44 -182.3 12.5 .24 -179.6 13
5 24 .12 -36.3 1.3 .52 -38.7 -1.3 .28 -32.2 -.4 .8 -44.1 2.2
5 24 .68 -206.1 6 .52 -206.7 7.8 .16 -207.2 6.7 1.32 -203.5 5.8
5 24 -.04 -28.2 .1 -.04 -27.2 -4.3 -.72 -27.7 -1.1 .6 -28.3 -5.3
5 24 1.12 -111.6 17.9 1.44 -109.4 18.4 1.44 -111.8 18.8 .88 -108.6 17.8
5 24 .96 -82 -3 .72 -84.8 -11.1 .64 -77.9 -9.6 .76 -92.9 -5.1
5 24 1.32 -203.5 5.8 .8 -201.8 6.9 1 -193.4 4.1 .52 -206.7 7.8
5 24 -.72 -26 5.6 -.08 -23 8.2 .24 -25 7.1 -.88 -24.2 7.9
5 24 .76 -134.5 13.4 1.28 -136.1 13 .68 -132.4 13.5 .64 -135.4 12.6
5 24 1.04 -66.4 21 .68 -69.5 22.2 1.08 -73.1 22 .44 -59.9 18.7
5 24 -.04 -212.8 -7.8 .16 -212.4 -7.9 .04 -212.5 -8.4 .08 -211.6 -7.3
5 24 .36 -186 -9.8 .2 -186.1 -9.1 .12 -184 -9 .48 -186.1 -9.3
5 24 .56 -85.5 -19.8 .12 -79.7 -18.1 .28 -85.5 -19.6 .52 -79.4 -18.9
5 24 .12 -72.7 18.2 1.12 -74.6 19 .72 -72.6 15.6 .84 -79.6 20.8
5 24 .36 -144.2 -5.9 .56 -143.3 -1.5 .44 -153.2 -3.7 .8 -136.9 -4.8
5 24 .2 -234 .4 .36 -229.9 .8 .4 -231.7 1.2 -.04 -230.6 .6
5 24 -.28 -187.2 -2.4 -.16 -181.8 -5.7 .28 -186.6 -3 -.48 -181.9 -1.4
5 24 .44 -112 9.7 .72 -108.6 9.3 .4 -108.8 9 1.04 -110.3 10.6
5 24 1.52 -39.4 15.6 1.36 -47.5 7.4 1.44 -32.7 14.1 1.48 -46.8 13.2
5 24 -.44 -211.6 7.9 -.4 -207.8 6.8 -.085928373455147746814053118629312 -209.67166309955715851891593365612 7.2025731527897121015183646472996 -.48 -209.6 8.3
5 24 -.88 -146.5 -9.2 -.92 -152.2 -10.8 -1.28 -148.3 -8.7 -.48 -146.7 -9.2
5 24 -.24 -94.5 -8.9 .28 -96.3 -12.6 .32 -94.6 -7.7 -.32 -96.7 -10.5
5 24 -.4 -213.9 9.1 -.24592837345514774681405311862931 -215.67166309955715851891593365612 8.9025731527897121015183646472996 -.48592837345514774681405311862928 -213.47166309955715851891593365612 8.2025731527897121015183646472996 -.32592837345514774681405311862931 -212.17166309955715851891593365612 9.0025731527897121015183646472996
5 24 .16 -187.8 3.5 -.32 -198.9 5.2 -.28 -185.3 1.6 .16 -195.9 5.5
5 24 .12 -201.9 -4.5 -.04 -200.7 -3.2 .56 -200.2 -3.9 .04 -204 -4.6
5 24 .16 -206.7 4.9 .68 -206.1 6 1.2 -208.4 3.2 .16 -207.2 6.7
5 24 .92 -177.3 13.4 1 -174.1 13.8 1.04 -174.6 12.6 .56 -175.9 13.6
5 24 -.36800005683882378481986006045215 -221.11429966449072017259635997999 9.4911324767706238043135501547739 -.48871679233266686204871671631072 -221.98640778698773340080076463345 9.1938966970469856992079182580827 -.18406344820917959491158809137543 -224.41553369203439095828899762821 9.2901357842003201329981797928079 -.51460050078493899927550356667348 -220.83242777311023492180912882393 8.6997885734535514277332192859571
5 24 -.32 -195.8 -1.8 -.04 -200.7 -3.2 .16 -196.6 -3.3 -.4 -199.5 -.4
5 24 .8 -201.8 6.9 1 -193.4 4.1 .64 -193.4 5.1 1.32 -203.5 5.8
5 24 -1.28 -137.7 -17.3 -.8 -137.8 -17.5 -1.24 -140.9 -17.4 -.64 -133.4 -18.3
5 24 -.44 -57.6 -23.3 -.48 -58.3 -24.7 -.48 -55.3 -22.8 -.4 -59.9 -24.6
5 24 -1.48 -29.8 -5 -1.24 -34 -12.3 -1.16 -34.9 -4.6 -1.04 -27 -11.5
5 24 -.04 -46.3 22.9 -.56 -44 21.8 -.04 -43.9 21.7 -.6 -47 22.7
5 24 .04 -103 12.3 -.24 -106.3 11.4 .16 -107.2 12.1 -.56 -102.9 9.9
5 24 -.16592837345514774681405311862931 -218.67166309955715851891593365612 9.2025731527897121015183646472996 -.36800005683882378481986006045215 -221.11429966449072017259635997999 9.4911324767706238043135501547739 -.44592837345514774681405311862928 -218.07166309955715851891593365612 8.6025731527897121015183646472996 .064874759907902626275192229540724 -222.3342436862353655591011055779 9.5157858786667183539099685726821
5 24 .24 -112.1 9 .68 -108.5 7.6 -.04 -108.9 9.1 .56 -113.8 8.1
5 24 .36 -125 10.4 .88 -127.5 10.6 .36 -127.3 11.2 .8 -123 10.2
5 24 .24 -177.3 12.5 .24 -179.6 13 .48 -178.4 13.6 .4 -179.3 12
5 24 -1.04 -117.4 -17.8 -1 -115.7 -14.7 -1.12 -111.1 -16.5 -.76 -126.5 -16.8
5 24 -1 -105.9 1.9 -.88 -106.7 6.2 -.96 -104.4 6.2 -.44 -112.6 1.4
5 24 -.2 -47.5 23.1 .04 -47.8 22.1 -.04 -46.3 22.9 -.4 -48 22
5 24 .72 -108.6 9.3 1 -105.4 9.5 1.04 -110.3 10.6 .68 -108.5 7.6
5 24 1.04 -66.4 21 1.4 -61.7 16.8 .44 -59.9 18.7 1.44 -69 19.7
5 24 -.4 -21.4 10 -.92 -22.6 13 -.52 -21.3 12.4 -.88 -24.2 7.9
5 24 .68 -122.6 7.7 1.08 -122.3 7.6 .96 -125.1 6.9 .68 -120.4 8.1
5 24 .28 -129.4 12.1 .32 -131.1 13 .16 -132.5 12 .96 -128.4 12.9
5 24 .16 -132.5 12 .64 -135.4 12.6 .68 -135.6 11.7 .36 -133.3 13
5 24 .32 -204.7 -4.5 .44 -202.8 -3 .04 -204 -4.6 .56 -203.2 -4.6
5 24 .52 -116.8 12.6 .8 -113.3 12.3 1.04 -116 11.6 .52 -112 12.3
5 24 -.36 -155.3 -12 -.72 -155.4 -11.2 -.32 -159.2 -12.4 -.92 -152.2 -10.8
5 24 .16 -103.3 -7.2 .64 -98.2 -6.4 .52 -105 -4.7 -.24 -99.7 -7.1
5 24 -1.12 -151.2 -8.7 -.36 -152.7 -6.2 -.84 -151.1 -4.7 -.52 -154.5 -9.3
5 24 .64 -107.3 12.2 1.04 -110.3 10.6 1.04 -112.1 11.5 .92 -105.3 11.5
5 24 -.56 -141.5 -15.5 -.48 -137 -14.6 -.04 -135 -15.9 -.88 -140.9 -14.6
5 24 1 -44.9 16.2 .56 -42.3 20.2 .24 -44.7 18 1.52 -39.4 15.6
5 24 -.48 -55.3 -22.8 -.44 -57.6 -23.3 -.32 -55.7 -21.2 -.48 -58.3 -24.7
5 24 -1.08 -71 -17.1 -.2 -73.2 -20.9 -.6 -65.7 -18.4 -.6 -78 -18.9
5 24 -1.36 -148.1 -18.9 -.84 -148.3 -18.8 -.88 -149.4 -18.5 -1.16 -146.7 -18.6
5 24 -.24 -212.5 -8.3 -.28 -212.5 -7.7 -.32 -210.3 -7.1 -.04 -212.8 -7.8
5 24 .16 -163.9 5.5 -.56 -157.9 .5 -.12 -170.2 1.8 .12 -157.2 6.1
5 24 -.84 -134.2 -15.3 -.88 -140.9 -14.6 -.48 -137 -14.6 -1.32 -139.9 -14.6
5 24 -.76 -39.8 -7 -1.16 -39.6 -17.7 -.76 -44.2 -7 -1.24 -34 -12.3
5 24 -.04 -226.4 .7 .36 -229.9 .8 -.04 -230.6 .6 .44 -225.2 .7
5 24 -.08 -46.5 15.7 .04 -52.7 15.7 -.8 -47.6 13.2 1 -44.9 16.2
5 24 .36 -119 7.6 .68 -122.6 7.7 .68 -120.4 8.1 .28 -121.8 6.3
5 24 .16 -206.7 4.9 .16 -207.2 6.7 .68 -206.1 6 -.4 -207.8 6.8
5 24 .68 -183.3 -7.7 .96 -180.1 -5.9 .36 -182.4 -6.4 .96 -183.5 -8.6
5 24 -1.48 -29.8 -5 -.88 -27.3 -4.1 -.52 -25 -7.9 -1.44 -28.3 1.6
5 24 .6 -28.3 -5.3 .96 -26.5 -11 .16 -24.9 -7.8 1.4 -31.2 -9.8
5 24 -1 -85 6.7 -1 -91.7 3.4 -.88 -96.3 7.7 -.92 -78 1.2
5 24 .56 -195.8 -3.4 1 -193.2 -2 .96 -196.8 -2.9 .28 -186.6 -3
5 24 -.32 -159.2 -12.4 -.36 -155.3 -12 .08 -156.8 -12.1 -.72 -155.4 -11.2
5 24 .84 -79.6 20.8 1.12 -74.6 19 .12 -72.7 18.2 1.44 -79.5 20.7
5 24 0 -59.5 -24.1 0 -57.1 -22.9 .36 -59.7 -25.2 -.44 -57.6 -23.3
5 24 .68 -108.5 7.6 1.12 -97.5 7.5 .44 -106.2 2.2 1 -105.4 9.5
5 24 .8 -201.8 6.9 .16 -195.9 5.5 .64 -193.4 5.1 -.32 -198.9 5.2
5 24 .56 -105.6 18.3 .88 -108.6 17.8 .72 -109.7 18.4 .8 -104.7 17.7
5 24 -1 -105.9 1.9 -.6 -110.3 -2.5 -.44 -112.6 1.4 -.88 -105.3 -2.8
5 24 -.36 -152.7 -6.2 .44 -153.2 -3.7 -.08 -158 -3.6 .28 -151.5 -6.6
5 24 -.39241165581158362092721744799491 -221.69402385008785794998333588635 8.2261442040557371129800623866586 -.0080684816068575565952535090845152 -223.83711144816795400696053183695 8.4583673181491819992121834726638 -.029413765711919531176794978327675 -221.29940459004452809074936766846 8.1991448846605004552697421457839 -.36976170554457740648245317195439 -223.93315539612033257678820194402 8.5143863644311033817104472169714
5 24 .2 -114.3 7.9 .64 -117.5 7.7 .56 -113.8 8.1 -.04 -115.3 6.2
5 24 .28 -208.4 7.8 .16 -207.2 6.7 .52 -206.7 7.8 -.085928373455147746814053118629312 -209.67166309955715851891593365612 7.2025731527897121015183646472996
5 24 -.04 -149.9 4.4 1.08 -144.2 6.4 .2 -141.6 4.6 1.12 -149.5 7
5 24 -.84 -103.1 -16.7 -.32 -105.9 -19.4 -.88 -111.5 -18.8 -.52 -97 -17.3
5 24 -1.08 -71 -17.1 -.76 -69.8 -14.1 -.64 -75.7 -17.2 -1.04 -67.3 -10.6
5 24 -.32 -96.7 -10.5 -.24 -94.5 -8.9 .28 -96.3 -12.6 -.6 -93.5 -7.5
5 24 .16 -234.7 1.6 .4 -231.7 1.2 .2 -236.4 1 .28 -228.8 1.9
5 24 .84 -23.5 14 .32 -23.4 15.7 .4 -21.4 12.3 .84 -26.3 16.2
5 24 -.28 -187.2 -2.4 -.28 -185.3 1.6 -.48 -181.9 -1.4 -.32 -195.8 -1.8
5 24 1.44 -69 19.7 1.04 -66.4 21 1.08 -73.1 22 1.4 -61.7 16.8
5 24 .76 -119.7 11.2 .64 -120.9 12.4 .88 -118.2 11.6 1.12 -123.7 11.7
5 24 -.84 -43.6 17.1 .24 -44.7 18 -.08 -46.5 15.7 -.28 -45.3 19.3
5 24 -.88 -96.3 7.7 -.56 -102.9 9.9 0 -96.9 13 -.96 -104.4 6.2
5 24 -1.48 -30.3 10.9 -1.16 -37.2 16.9 -1.16 -47.3 10 -1.16 -28.2 16.5
5 24 .15407162654485225318594688137069 -217.37166309955715851891593365612 8.9025731527897121015183646472996 .11407162654485225318594688137069 -213.77166309955715851891593365612 8.9025731527897121015183646472996 .11407162654485225318594688137069 -215.17166309955715851891593365612 8.2025731527897121015183646472996 -.24592837345514774681405311862931 -215.67166309955715851891593365612 8.9025731527897121015183646472996
5 24 1.44 -62.2 6.7 1.68 -67.2 13 1.52 -81 10.1 1.56 -59 13.2
5 24 -.28 -45.3 19.3 .12 -45.2 20.1 .24 -44.7 18 .2 -46.2 21.5
5 24 -.16 -181.8 -5.7 .16 -183.3 -7.9 .36 -182.4 -6.4 .04 -179.9 -8.9
5 24 1.4 -31.2 -9.8 .6 -28.3 -5.3 .96 -26.5 -11 1 -34.5 -5.2
5 24 -.64 -75.7 -17.2 .12 -79.7 -18.1 .12 -72.2 -15.5 .28 -85.5 -19.6
5 24 -.6 -127.6 -14.6 -.16 -128.9 -14 0 -124.5 -13.9 -.48 -137 -14.6
5 24 -1.04 -117.4 -17.8 -.76 -126.5 -16.8 -1 -115.7 -14.7 -.6 -118.7 -19.5
5 24 -.96 -104.4 6.2 -.88 -106.7 6.2 -1 -105.9 1.9 -.52 -107.2 9.4
5 24 -.32 -210.3 -7.1 -.12 -210.6 -6.9 -.16 -208.6 -5.9 -.28 -212.5 -7.7
5 24 -.88 -105.3 -2.8 -.12 -113.3 -7.1 -.24 -106.3 -6.9 -.6 -110.3 -2.5
5 24 -.08 -176.8 -7.1 -.36 -179.1 -5.3 -.4 -174.5 -2.1 .04 -179.9 -8.9
5 24 .52 -105 -4.7 .16 -103.3 -7.2 .28 -112.4 -7.4 .64 -98.2 -6.4
5 24 -.52 -139.8 -16.6 -.28 -135.7 -17.3 -.8 -137.8 -17.5 -.04 -135 -15.9
5 24 .16 -217 1.6 -.08 -222.4 .5 .12 -216.1 0 -.08 -224.9 1.5
5 24 -.28 -45.3 19.3 -.36 -47.2 20.8 .04 -47.8 22.1 -.72 -46.2 21.1
5 24 1.44 -111.8 18.8 1.12 -111.6 17.9 1.44 -109.4 18.4 1.32 -113.1 18.9
5 24 .32 -23.4 15.7 .04 -29.1 18.8 .84 -26.3 16.2 -.36 -23.6 16.3
5 24 1.36 -136.6 4.7 1.48 -132.8 4 1.56 -131.3 6.5 .56 -143.3 -1.5
5 24 1.12 -97.5 7.5 .76 -92.9 -5.1 .64 -102 3.3 1.24 -76.1 3.7
5 24 .36 -88.2 -19.6 .6 -89 -20.1 .24 -87.8 -20.4 .68 -88.2 -19.5
5 24 1.44 -69 19.7 1.4 -61.7 16.8 1.56 -59 13.2 1.04 -66.4 21
5 24 1.36 -106.1 19 1.16 -101.1 18.6 .96 -101.9 19.4 1.2 -104.4 18.1
5 24 .28 -96.3 -12.6 .28 -103.1 -17.3 .32 -107.4 -14.6 .2 -93.3 -14.7
5 24 .36 -38.2 20.7 -.32 -35.9 20.6 -.4 -41.7 21.5 .04 -29.1 18.8
5 24 -1.04 -67.3 -10.6 -1.08 -71 -17.1 -1.08 -63.8 -14.5 -.76 -69.8 -14.1
5 24 1.08 -122.3 7.6 .84 -117.1 6.9 .64 -117.5 7.7 1.12 -121.4 7.1
5 24 -.08 -123.6 -3.4 .08 -118.8 -6.9 .32 -127.6 -5.8 -.24 -118.2 -2.9
5 24 .28 -228.8 1.9 .48 -225.2 1.6 .4 -231.7 1.2 .28 -223.9 1.9
5 24 1.92 -40 -11.8 1.24 -47.1 -3.7 1.4 -31.2 -9.8 1.84 -46.5 -10.5
5 24 -.88 -145.7 -18.3 -1.4 -143.7 -17.7 -1.24 -140.9 -17.4 -1.16 -146.7 -18.6
5 24 .04 -111.8 11.2 .52 -112 12.3 .16 -110.1 12 .52 -116.8 12.6
5 24 -.16 -132.8 1.3 -1 -143.6 -2.3 -.76 -140.1 -3.5 .52 -134.9 5.1
5 24 .08 -210.9 9 .16 -206 8 -.24 -210.2 9 .52 -206.7 7.8
5 24 -.48 -58.3 -24.7 -.48 -55.3 -22.8 -.2 -56.4 -24.2 -.44 -57.6 -23.3
5 24 1.4 -133 7.2 1.56 -131.3 6.5 1.36 -136.6 4.7 1.36 -128.3 6.6
5 24 .56 -99.7 16.9 .96 -100.6 17.5 .8 -104.7 17.7 .72 -97.7 16
5 24 -.56 -61.2 16 .04 -67.1 21.5 .44 -59.9 18.7 -.32 -68.2 20
5 24 .96 -125.1 6.9 .96 -127.5 6.8 .48 -127.1 5.8 1.16 -124.9 5.9
5 24 -.08 -237.2 1.3 -.04 -237.4 .7 0 -238.4 1.6 -.12 -235 .6
5 24 .16 -187.8 3.5 .16 -195.9 5.5 -.32 -198.9 5.2 .64 -193.4 5.1
5 24 .064874759907902626275192229540724 -222.3342436862353655591011055779 9.5157858786667183539099685726821 -.16592837345514774681405311862931 -218.67166309955715851891593365612 9.2025731527897121015183646472996 .16832765310008450976838249257056 -220.06098228090766009225155225023 8.8409585295535919447902573533654 -.36800005683882378481986006045215 -221.11429966449072017259635997999 9.4911324767706238043135501547739
5 24 -.52 -107.2 9.4 -.08 -109.1 9.9 -.04 -108.9 9.1 .04 -111.8 11.2
5 24 .12 -79.7 -18.1 .8 -71.7 -16.8 .52 -79.4 -18.9 .12 -72.2 -15.5
5 24 -.92 -22.6 13 -1.28 -24.7 12.8 -.88 -24.8 16.3 -1.48 -26.7 7.6
5 24 .96 -122.1 10.8 .76 -119.7 11.2 .4 -119.7 10.2 1.12 -123.7 11.7
5 24 -1 -85 6.7 -.32 -93.3 13.8 -.28 -85.4 13.1 -.88 -96.3 7.7
5 24 .8 -123 10.2 .36 -125 10.4 .88 -127.5 10.6 .32 -122.1 10.6
5 24 0 -164.2 -13.4 .04 -162.2 -12.8 .44 -164.3 -13.1 -.16 -164.6 -12.7
5 24 -1 -115.7 -14.7 -.8 -104.8 -11.9 -.84 -109.3 -12.3 -.84 -99.6 -12.4
5 24 -.32 -35.9 20.6 -.4 -41.7 21.5 .36 -38.2 20.7 -.88 -35.6 19.3
5 24 -.28 -85.4 13.1 .24 -98.8 18.6 .72 -85.9 15.4 .16 -97.4 17
5 24 .8 -136.9 -4.8 1.04 -132.1 -1.4 .56 -143.3 -1.5 .68 -133.8 -5.4
5 24 -.64 -133.4 -18.3 -.28 -135.7 -17.3 -.04 -131.9 -18.4 -.8 -137.8 -17.5
5 24 .16 -206 8 -.48 -209.6 8.3 -.32 -205.8 7.1 -.24 -210.2 9
5 24 -1.48 -146.3 -17.1 -1.48 -148.6 -17.7 -1.2 -148.2 -16.5 -1.36 -148.1 -18.9
5 24 1.24 -162.5 10.8 1.48 -159.5 11.6 1.64 -158.2 9.3 1 -165.1 12.3
5 24 .32 -173.3 4.4 .6 -179.2 4.3 .24 -181.4 3.6 1 -171.6 5.2
5 24 -.36 -23.6 16.3 -.6 -22.6 15.2 -.88 -24.8 16.3 -.12 -21.7 14.1
5 24 .32 -159.9 -12.2 .08 -156.8 -12.1 .16 -155.5 -10.7 .04 -159.8 -12.7
5 24 1 -34.5 -5.2 1.4 -31.2 -9.8 .6 -28.3 -5.3 1.24 -47.1 -3.7
5 24 .16 -163.9 5.5 .64 -165 6.5 .32 -173.3 4.4 .84 -161 7.4
5 24 .24 -133.3 -5.2 .84 -127.5 -5.7 .32 -127.6 -5.8 .68 -133.8 -5.4
5 24 -.32 -159.2 -12.4 .04 -162.2 -12.8 .04 -159.8 -12.7 0 -162.7 -11.8
5 24 -.04 -115.3 6.2 -.44 -112.6 1.4 -.48 -109.1 6.7 -.08 -119.1 2.8
5 24 -.39241165581158362092721744799491 -221.69402385008785794998333588635 8.2261442040557371129800623866586 -.32592837345514774681405311862931 -218.67166309955715851891593365612 8.0025731527897121015183646472996 -.51460050078493899927550356667348 -220.83242777311023492180912882393 8.6997885734535514277332192859571 -.029413765711919531176794978327675 -221.29940459004452809074936766846 8.1991448846605004552697421457839
5 24 1.16 -124.9 5.9 1.12 -121.4 7.1 1.08 -122.3 7.6 .96 -121 2.9
5 24 1.08 -122.3 7.6 1.16 -124.9 5.9 1.12 -121.4 7.1 .96 -125.1 6.9
5 24 .84 -184.9 13.8 .4 -183.4 14 .32 -184.8 13.6 .8 -181.7 13.6
5 24 -.48 -146.7 -9.2 .36 -139.8 -6.9 .36 -144.2 -5.9 .04 -139.3 -7.3
5 24 -.8 -24.9 -9.5 -1.48 -29.8 -5 -1.04 -27 -11.5 -.52 -25 -7.9
5 24 -.32 -103.7 -11.4 -.32 -96.7 -10.5 -.84 -99.6 -12.4 .32 -107.4 -14.6
5 24 -.48 -26.7 18 -.68 -30.3 19.1 -.88 -24.8 16.3 .04 -29.1 18.8
5 24 .6 -89 -20.1 .64 -87.8 -20.5 .24 -87.8 -20.4 .68 -88.2 -19.5
5 24 .92 -154.3 8.6 .72 -161.3 11.4 .12 -157.2 6.1 1.44 -157.1 11.2
5 24 -.6 -127.6 -14.6 -.84 -134.2 -15.3 -.48 -137 -14.6 -.76 -126.5 -16.8
5 24 -.88 -73.4 -6.8 -1.04 -62.1 -5.9 -1.04 -67.3 -10.6 -.92 -78 1.2
5 24 -1.16 -39.6 -17.7 -1.04 -48.8 -15.8 -.76 -44.2 -7 -.8 -49.8 -20.9
5 24 .76 -38.2 -22.7 .68 -33 -18.5 1.64 -37.2 -16.7 .32 -39.6 -24.1
5 24 -.029413765711919531176794978327675 -221.29940459004452809074936766846 8.1991448846605004552697421457839 .11407162654485225318594688137069 -215.17166309955715851891593365612 8.2025731527897121015183646472996 -.045928373455147746814053118629312 -217.27166309955715851891593365612 7.9025731527897121015183646472996 .16832765310008450976838249257056 -220.06098228090766009225155225023 8.8409585295535919447902573533654
5 24 1.2 -131.2 11.2 1.32 -128.7 11.3 1.32 -130.4 12.2 .88 -127.5 10.6
5 24 .76 -89.9 -8.8 .2 -93.3 -14.7 .72 -84.8 -11.1 .32 -94.6 -7.7
5 24 -.76 -69.8 -14.1 -.64 -75.7 -17.2 -1.08 -71 -17.1 .12 -72.2 -15.5
5 24 1 -152.9 4.5 .56 -143.3 -1.5 .44 -153.2 -3.7 1.2 -143.3 5.2
5 24 .64 -76.8 21.7 .84 -79.6 20.8 .12 -72.7 18.2 1.08 -84.1 22.3
5 24 1 -171.6 5.2 1 -163.4 5.2 .64 -165 6.5 1.28 -173.5 4
5 24 .72 -85.9 15.4 .24 -98.8 18.6 -.28 -85.4 13.1 .6 -98 18.7
5 24 .4 -119.7 10.2 .76 -119.7 11.2 .96 -122.1 10.8 .68 -118.1 10.4
5 24 -.88 -34.8 -19.3 -1.04 -27 -11.5 -.68 -27.9 -15.1 -1.24 -34 -12.3
5 24 -1 -115.7 -14.7 -.84 -109.3 -12.3 -.8 -104.8 -11.9 -.4 -117.1 -13.7
5 24 -.4 -207.8 6.8 .16 -207.2 6.7 -.085928373455147746814053118629312 -209.67166309955715851891593365612 7.2025731527897121015183646472996 .16 -206.7 4.9
5 24 1.32 -203.5 5.8 1 -193.4 4.1 .8 -201.8 6.9 1.24 -194.5 2.8
5 24 -.18406344820917959491158809137543 -224.41553369203439095828899762821 9.2901357842003201329981797928079 -.23289200466106395092639343407218 -226.43726933104122191190020097313 8.487977655872408922347490689845 -.078597286444823306640513560189064 -225.99359165767395174737648139617 9.0486533613577402878674591789662 -.34189309062979423258479766872535 -224.97798569378900204596787555844 8.918707432353208549592606061008
5 24 1 -34.5 -5.2 .52 -38.7 -1.3 1.24 -47.1 -3.7 .28 -32.2 -.4
5 24 -.36976170554457740648245317195439 -223.93315539612033257678820194402 8.5143863644311033817104472169714 -.23289200466106395092639343407218 -226.43726933104122191190020097313 8.487977655872408922347490689845 -.34189309062979423258479766872535 -224.97798569378900204596787555844 8.918707432353208549592606061008 -.0080684816068575565952535090845152 -223.83711144816795400696053183695 8.4583673181491819992121834726638
5 24 -1.2 -148.2 -16.5 -1.24 -149.7 -18.2 -1.48 -148.6 -17.7 -.84 -149.2 -17.2
5 24 1.16 -87.9 15.2 1.24 -76.4 13.1 .72 -85.9 15.4 1.48 -86.1 13.2
5 24 -.28 -135.7 -17.3 -.04 -135 -15.9 -.04 -131.9 -18.4 -.52 -139.8 -16.6
5 24 -.56 -141.5 -15.5 -.56 -147.1 -17.4 -.64 -142.9 -17.2 -.8 -145.5 -15.8
5 24 .4 -202.7 -4.9 .56 -200.2 -3.9 .56 -203.2 -4.6 .12 -201.9 -4.5
5 24 .88 -118.2 11.6 .68 -118.1 10.4 1.04 -116 11.6 .76 -119.7 11.2
5 24 .44 -106.2 2.2 .64 -102 3.3 1.12 -97.5 7.5 .64 -101 -2.1
5 24 .72 -53.1 -19.1 1.68 -48.5 -15 .76 -49 -22.3 1.4 -56.1 -13.7
5 24 1.6 -136 11.6 1.28 -137.4 11 1 -134.1 11.1 1.64 -137.4 12.2
5 24 .6 -188 -7.5 .2 -186.4 -8.2 .36 -189.1 -7.7 .68 -185.5 -7.9
5 24 .36 -190.5 -8.3 .56 -190.8 -7.5 .64 -191 -8.6 .36 -189.1 -7.7
5 24 1 -134.1 11.1 1.28 -137.4 11 1.6 -136 11.6 .68 -135.6 11.7
5 24 1.4 -61.7 16.8 .44 -59.9 18.7 1.04 -66.4 21 1.08 -52.3 15.9
5 24 .16 -132.5 12 .32 -131.1 13 .28 -129.4 12.1 .36 -133.3 13
5 24 -1.08 -71 -17.1 -.64 -75.7 -17.2 -.6 -78 -18.9 -.76 -69.8 -14.1
5 24 -1.16 -39.6 -17.7 -.76 -44.2 -7 -1.04 -48.8 -15.8 -.76 -39.8 -7
5 24 -1.48 -26.7 7.6 -1.68 -31.4 3.8 -1.44 -28.3 1.6 -1.48 -30.3 10.9
5 24 .4 -179.3 12 .88 -179 12.4 .88 -177.1 12 .76 -181.8 12.5
5 24 .12 -184 -9 .36 -186 -9.8 .2 -186.1 -9.1 .4 -183 -10
5 24 0 -124.5 -13.9 .28 -124.7 -15 -.16 -128.9 -14 .16 -115.8 -14.2
5 24 1 -163.4 5.2 .84 -161 7.4 .64 -165 6.5 .84 -159.1 2
5 24 .04 -52.7 15.7 -.8 -47.6 13.2 -.56 -61.2 16 -.08 -46.5 15.7
5 24 -.48 -209.6 8.3 -.48592837345514774681405311862928 -213.47166309955715851891593365612 8.2025731527897121015183646472996 -.32592837345514774681405311862931 -212.17166309955715851891593365612 9.0025731527897121015183646472996 -.44 -211.6 7.9
5 24 1.52 -92.9 13 1.52 -81 10.1 1.48 -86.1 13.2 1.12 -97.5 7.5
5 24 1.2 -143.3 5.2 .56 -143.3 -1.5 1 -152.9 4.5 1.36 -136.6 4.7
5 24 -.04 -28.2 .1 .6 -28.3 -5.3 .28 -32.2 -.4 -.04 -27.2 -4.3
5 24 .64 -135.4 12.6 1.28 -136.1 13 .76 -134.5 13.4 1.28 -138.2 11.9
5 24 -.36 -61 -25.8 0 -59.5 -24.1 0 -61.7 -25.7 -.4 -59.9 -24.6
5 24 -.24 -59.2 -25.8 -.36 -61 -25.8 -.48 -58.3 -24.7 .08 -60.9 -26.5
5 24 -.085928373455147746814053118629312 -209.67166309955715851891593365612 7.2025731527897121015183646472996 .28 -208.4 7.8 .16 -207.2 6.7 .23407162654485225318594688137069 -210.77166309955715851891593365612 8.2025731527897121015183646472996
5 24 1.24 -76.1 3.7 1.44 -62.2 6.7 1.24 -59.4 -2.5 1.52 -81 10.1
5 24 -.04 -226.4 .7 -.04 -230.6 .6 -.2 -228.1 1.3 .36 -229.9 .8
5 24 -.078597286444823306640513560189064 -225.99359165767395174737648139617 9.0486533613577402878674591789662 -.18406344820917959491158809137543 -224.41553369203439095828899762821 9.2901357842003201329981797928079 -.23289200466106395092639343407218 -226.43726933104122191190020097313 8.487977655872408922347490689845 -.0080684816068575565952535090845152 -223.83711144816795400696053183695 8.4583673181491819992121834726638
5 24 .56 -143.3 -1.5 1.48 -132.8 4 1.04 -132.1 -1.4 1.36 -136.6 4.7
5 24 -.16 -233.1 1.4 -.12 -235 .6 -.08 -237.2 1.3 -.04 -230.6 .6
5 24 -.6 -78 -18.9 -.64 -75.7 -17.2 -1.08 -71 -17.1 .2 -85.2 -20.3
5 24 .88 -108.6 17.8 1.44 -109.4 18.4 1.12 -111.6 17.9 1.2 -107.6 17.7
5 24 .24 -122.4 11.8 .36 -125 10.4 .36 -127.3 11.2 .32 -122.1 10.6
5 24 .76 -112.5 6.6 .6 -110 2.4 .84 -116.3 3.1 .6 -108.9 5.4
5 24 -.32592837345514774681405311862931 -212.17166309955715851891593365612 9.0025731527897121015183646472996 -.48592837345514774681405311862928 -213.47166309955715851891593365612 8.2025731527897121015183646472996 -.4 -213.9 9.1 -.48 -209.6 8.3
5 24 -.32 -129.5 -18.7 -.64 -133.4 -18.3 -.04 -131.9 -18.4 -.76 -126.5 -16.8
5 24 1.08 -105.9 19.6 1.36 -106.1 19 .96 -101.9 19.4 1.44 -109.4 18.4
5 24 -.32592837345514774681405311862931 -216.17166309955715851891593365612 8.1025731527897121015183646472996 -.32592837345514774681405311862931 -218.67166309955715851891593365612 8.0025731527897121015183646472996 -.045928373455147746814053118629312 -217.27166309955715851891593365612 7.9025731527897121015183646472996 -.44592837345514774681405311862928 -218.07166309955715851891593365612 8.6025731527897121015183646472996
5 24 .24 -87.8 -20.4 .64 -87.8 -20.5 .48 -85.4 -20.9 .6 -89 -20.1
5 24 .4 -179.3 12 .52 -175.9 12.2 .88 -177.1 12 .24 -177.3 12.5
5 24 -.085928373455147746814053118629312 -209.67166309955715851891593365612 7.2025731527897121015183646472996 .23407162654485225318594688137069 -210.77166309955715851891593365612 8.2025731527897121015183646472996 .11407162654485225318594688137069 -215.17166309955715851891593365612 8.2025731527897121015183646472996 .28 -208.4 7.8
5 24 .68 -33 -18.5 .4 -26.9 -15.2 1.04 -29.3 -14.8 -.16 -31 -18
5 24 .28 -165.4 -13.4 .44 -164.2 -12.2 .32 -165.7 -12.4 .44 -164.3 -13.1
5 24 0 -210.5 -8 .16 -208.8 -7.5 .16 -210.3 -7.5 0 -206.2 -6.6
5 24 -.24 -212.5 -8.3 -.32 -210.3 -7.1 -.2 -211 -8.1 -.28 -212.5 -7.7
5 24 .56 -185.6 -8.8 .2 -186.1 -9.1 .2 -186.4 -8.2 .56 -186 -8.2
5 24 1.68 -67.2 13 1.44 -70.9 15.3 1.24 -76.4 13.1 1.44 -69 19.7
5 24 .24 -87.8 -20.4 .36 -88.2 -19.6 .6 -89 -20.1 .28 -85.5 -19.6
5 24 .44 -126.1 12.4 .28 -129.4 12.1 .96 -128.4 12.9 .36 -127.3 11.2
5 24 1 -132.2 7.1 1.2 -136.7 5.8 .52 -134.9 5.1 1.4 -133 7.2
5 24 1.48 -132.8 4 1.28 -128.2 3.2 1.04 -132.1 -1.4 1.52 -128.7 5.7
5 24 -.04 -226.4 .7 .28 -221.2 -.4 .44 -225.2 .7 -.08 -222.4 .5
5 24 -1 -143.6 -2.3 -.92 -147.9 -2 -.04 -149.9 4.4 -.84 -151.1 -4.7
5 24 -.88 -24.2 7.9 -1.48 -26.7 7.6 -.92 -22.6 13 -1.44 -28.3 1.6
5 24 -.48 -72.2 -10.3 .28 -73 -10.6 -.28 -69.6 -12 .2 -78.7 -11.3
5 24 -1.04 -67.3 -10.6 -.28 -69.6 -12 -.76 -69.8 -14.1 -.48 -72.2 -10.3
5 24 -.08 -224.9 1.5 -.08 -222.4 .5 .16 -217 1.6 -.04 -226.4 .7
5 24 -1.2 -148.2 -16.5 -.84 -149.2 -17.2 -.8 -145.5 -15.8 -1.24 -149.7 -18.2
5 24 .52 -79.4 -18.9 .8 -71.7 -16.8 .12 -79.7 -18.1 .64 -76.1 -19.6
5 24 .16 -188 -8.6 .36 -190.5 -8.3 .36 -189.2 -9.1 .36 -189.1 -7.7
5 24 -.04 -27.2 -4.3 -.72 -27.7 -1.1 -.04 -28.2 .1 -.88 -27.3 -4.1
5 24 -.48 -58.3 -24.7 -.4 -59.9 -24.6 -.36 -61 -25.8 -.44 -57.6 -23.3
5 24 1.4 -201.6 -.2 .96 -196.8 -2.9 1 -193.2 -2 .56 -200.2 -3.9
5 24 -1.04 -27 -11.5 -1.24 -34 -12.3 -1.48 -29.8 -5 -.88 -34.8 -19.3
5 24 1.56 -135 12.4 1.32 -130.4 12.2 1.6 -136 11.6 1.12 -132.3 13.1
5 24 -.32 -112.6 -19.9 .16 -114.8 -19.7 -.6 -118.7 -19.5 -.32 -105.9 -19.4
5 24 .64 -185.8 -10 .92 -187 -9.2 .6 -188 -9.5 .76 -182.8 -9.9
5 24 -1.24 -34 -12.3 -.76 -39.8 -7 -1.16 -34.9 -4.6 -1.16 -39.6 -17.7
5 24 .12 -79.7 -18.1 .52 -79.4 -18.9 .8 -71.7 -16.8 .56 -85.5 -19.8
5 24 -.36 -133.5 -2.8 -.16 -132.8 1.3 -.76 -140.1 -3.5 -.24 -126 0
5 24 -.32 -208 -6.9 -.2 -211 -8.1 -.32 -210.3 -7.1 0 -210.5 -8
5 24 .72 -109.7 18.4 1.04 -112.6 18.5 .96 -112 19 1.12 -111.6 17.9
5 24 -.08 -126.3 2.6 -.16 -132.8 1.3 .48 -127.1 5.8 -.24 -126 0
5 24 .16 -97.4 17 .56 -99.7 16.9 .72 -97.7 16 .24 -100.7 18
5 24 -.32 -152.9 -11 -.36 -155.3 -12 .08 -156.8 -12.1 -.92 -152.2 -10.8
5 24 -.04 -149.9 4.4 .12 -157.2 6.1 -.92 -147.9 -2 .92 -154.3 8.6
5 24 .96 -23.6 11.4 .76 -23.3 9.5 .4 -27.5 5.7 .32 -21.7 9.8
5 24 0 -110.9 8.5 -.04 -115.3 6.2 -.48 -109.1 6.7 .2 -114.3 7.9
5 24 0 -152.5 -8 .28 -151.5 -6.6 .08 -149.4 -8.7 -.36 -152.7 -6.2
5 24 .6 -28.3 -5.3 .16 -24.9 -7.8 -.04 -27.2 -4.3 .96 -26.5 -11
5 24 .36 -127.3 11.2 .44 -126.1 12.4 .28 -129.4 12.1 .24 -122.4 11.8
5 24 1 -193.2 -2 .28 -186.6 -3 .56 -195.8 -3.4 1 -182.3 -.9
5 24 -.6 -47 22.7 -.2 -47.5 23.1 -.4 -48 22 -.04 -46.3 22.9
5 24 -.4 -48 22 -.36 -47.2 20.8 .04 -47.8 22.1 -.72 -46.2 21.1
5 24 .64 -111.8 -2.5 .52 -105 -4.7 .64 -114.4 -6.1 .44 -106.2 2.2
5 24 .88 -177.5 -9 1.36 -171.6 -3.4 1.2 -177 -5.2 .72 -170.6 -6.5
5 24 0 -162.7 -11.8 .44 -164.2 -12.2 .12 -161.4 -11.4 .12 -165.1 -11.9
5 24 .2 -46.2 21.5 .12 -45.2 20.1 -.28 -45.3 19.3 .56 -42.3 20.2
5 24 .64 -120.9 12.4 .52 -124.4 12.6 .96 -124.5 12.6 .24 -122.4 11.8
5 24 -.48592837345514774681405311862928 -213.47166309955715851891593365612 8.2025731527897121015183646472996 -.24592837345514774681405311862931 -215.67166309955715851891593365612 8.9025731527897121015183646472996 -.4 -213.9 9.1 -.32592837345514774681405311862931 -216.17166309955715851891593365612 8.1025731527897121015183646472996
5 24 -.48 -137 -14.6 -.84 -134.2 -15.3 -.6 -127.6 -14.6 -.88 -140.9 -14.6
5 24 .6 -110 2.4 .44 -106.2 2.2 .6 -108.9 5.4 .64 -111.8 -2.5
5 24 .92 -38.9 19.6 .36 -38.2 20.7 1.04 -33.2 18 .56 -42.3 20.2
5 24 0 -96.9 13 -.56 -102.9 9.9 -.88 -96.3 7.7 .48 -98.2 12.5
5 24 -.16 -208.6 -5.9 .08 -206.6 -5.3 -.12 -206.6 -6.1 .16 -209.1 -6.2
5 24 .56 -85.5 -19.8 .64 -76.1 -19.6 .52 -79.4 -18.9 .48 -85.4 -20.9
5 24 .04 -212.5 -8.4 0 -210.5 -8 .16 -212.4 -7.9 -.2 -211 -8.1
5 24 1.04 -174.6 12.6 1.12 -171.1 13.1 1 -174.1 13.8 .88 -168.9 11.5
5 24 -1.4 -143.7 -17.7 -1.16 -146.7 -18.6 -1.48 -146.3 -17.1 -.88 -145.7 -18.3
5 24 -1.04 -62.1 -5.9 -.92 -78 1.2 -.88 -73.4 -6.8 -1.08 -60.2 4.5
5 24 .64 -73.7 13.9 .72 -72.6 15.6 1.44 -70.9 15.3 .12 -72.7 18.2
5 24 -.08 -23 8.2 -.88 -24.2 7.9 -.72 -26 5.6 -.4 -21.4 10
5 24 -.52 -107.2 9.4 -.88 -106.7 6.2 -.48 -109.1 6.7 -.96 -104.4 6.2
5 24 1.12 -123.7 11.7 .76 -119.7 11.2 .96 -122.1 10.8 .64 -120.9 12.4
5 24 1.12 -149.5 7 .92 -154.3 8.6 -.04 -149.9 4.4 1.48 -154.4 8.7
5 24 .96 -196.8 -2.9 1 -193.2 -2 .56 -195.8 -3.4 1.4 -201.6 -.2
5 24 .56 -113.8 8.1 .76 -112.5 6.6 .68 -108.5 7.6 .84 -117.1 6.9
5 24 1.2 -95.6 13.8 1.04 -97 17.6 1.52 -92.9 13 .72 -97.7 16
5 24 -.84 -43.6 17.1 -.72 -46.2 21.1 -.28 -45.3 19.3 -.76 -44.4 21.2
5 24 .96 -70.5 -9.8 1.24 -71.1 -4.8 1.44 -65.8 -11.5 .64 -77.9 -9.6
5 24 1.2 -95.6 13.8 1.52 -92.9 13 1.04 -97 17.6 1 -99 11.6
5 24 .04 -159.8 -12.7 .04 -162.2 -12.8 -.32 -159.2 -12.4 .32 -159.9 -12.2
5 24 .44 -153.2 -3.7 .08 -149.4 -8.7 .36 -144.2 -5.9 .28 -151.5 -6.6
5 24 -.88 -27.3 -4.1 -.52 -25 -7.9 .16 -24.9 -7.8 -1.48 -29.8 -5
5 24 .64 -98.2 -6.4 .52 -105 -4.7 .64 -101 -2.1 .16 -103.3 -7.2
5 24 .32 -159.9 -12.2 .04 -159.8 -12.7 .08 -156.8 -12.1 .04 -162.2 -12.8
5 24 -.24 -126 0 -.08 -126.3 2.6 -.08 -119.1 2.8 -.16 -132.8 1.3
5 24 -.56 -141.5 -15.5 -.04 -135 -15.9 -.52 -139.8 -16.6 -.48 -137 -14.6
5 24 1.44 -109.4 18.4 1.2 -104.4 18.1 1.2 -107.6 17.7 1.36 -106.1 19
5 24 1.12 -111.6 17.9 1.32 -113.1 18.9 1.44 -111.8 18.8 1.04 -112.6 18.5
5 24 .2 -78.7 -11.3 -.48 -72.2 -10.3 .28 -73 -10.6 -.28 -79.8 -11.6
5 24 -1.16 -28.2 16.5 -1.48 -30.3 10.9 -1.16 -37.2 16.9 -1.28 -24.7 12.8
5 24 0 -238.4 1.6 -.04 -237.4 .7 -.08 -237.2 1.3 .2 -236.4 1
5 24 .48 -118.3 -16.8 .32 -107.4 -14.6 .16 -115.8 -14.2 .52 -115.4 -18.1
5 24 .12 -72.7 18.2 -.44 -72 12.9 .64 -73.7 13.9 -.76 -66.8 13.8
5 24 -.32 -198.9 5.2 .16 -206 8 .8 -201.8 6.9 -.32 -205.8 7.1
5 24 .64 -76.8 21.7 .12 -72.7 18.2 .84 -79.6 20.8 -.32 -68.2 20
5 24 -.4 -38.2 -23.4 -.88 -34.8 -19.3 -.16 -31 -18 -.8 -40.9 -23.2
5 24 .64 -101 -2.1 .64 -102 3.3 .76 -92.9 -5.1 .44 -106.2 2.2
5 24 -1 -115.7 -14.7 -.76 -126.5 -16.8 -1.04 -117.4 -17.8 -.6 -127.6 -14.6
5 24 .08 -149.4 -8.7 -.48 -146.7 -9.2 -.32 -152.9 -11 .36 -144.2 -5.9
5 24 -.24 -26.3 -14.8 -.68 -27.9 -15.1 -.48 -24.2 -11.9 .4 -26.9 -15.2
5 24 1.52 -81 10.1 1.48 -86.1 13.2 1.52 -92.9 13 1.24 -76.4 13.1
5 24 .08 -58.4 -25.5 .32 -56 -23.7 -.2 -56.4 -24.2 .36 -59.7 -25.2
5 24 -.6 -22.6 15.2 -.88 -24.8 16.3 -.36 -23.6 16.3 -.92 -22.6 13
5 24 -.16 -164.6 -12.7 .32 -165.7 -12.4 .12 -165.1 -11.9 .28 -165.4 -13.4
5 24 -1.48 -142.9 -14.8 -1.16 -145.1 -15.6 -1.64 -143.5 -16.1 -.8 -145.5 -15.8
5 24 .92 -42.3 -23.2 .32 -39.6 -24.1 0 -45.1 -24.1 .76 -38.2 -22.7
5 24 1.56 -59 13.2 1.4 -61.7 16.8 1.44 -69 19.7 1.08 -52.3 15.9
5 24 .4 -119.7 10.2 .32 -122.1 10.6 .04 -118.9 10.8 .8 -123 10.2
5 24 1.6 -203.5 3.2 1.32 -203.5 5.8 1.2 -208.4 3.2 1.24 -194.5 2.8
5 24 -1.68 -31.4 3.8 -1.2 -35.6 3 -1.48 -30.3 10.9 -1.48 -29.8 -5
5 24 .28 -208.7 1.6 .12 -216.1 0 .6 -209.8 -.1 .16 -217 1.6
5 24 1 -193.2 -2 1.28 -194.2 .4 1 -182.3 -.9 1.4 -201.6 -.2
5 24 .76 -89.9 -8.8 .72 -84.8 -11.1 .2 -93.3 -14.7 .76 -92.9 -5.1
5 24 .16 -210.3 -7.5 .16 -208.8 -7.5 .4 -206.7 -5.9 0 -210.5 -8
5 24 .64 -77.9 -9.6 .96 -70.5 -9.8 1.24 -71.1 -4.8 .28 -73 -10.6
5 24 -1.2 -35.6 3 -.88 -39.4 5.7 -1.48 -30.3 10.9 -1.16 -34.9 -4.6
5 24 -.84 -151.1 -4.7 -.24 -160.5 -2.8 -.56 -157.9 .5 -.08 -158 -3.6
5 24 .4 -179.3 12 .88 -177.1 12 .88 -179 12.4 .52 -175.9 12.2
5 24 -.08 -123.6 -3.4 -.36 -133.5 -2.8 .32 -127.6 -5.8 -.24 -126 0
5 24 -.88 -142.7 -7 -.88 -146.5 -9.2 .04 -139.3 -7.3 -1.28 -148.3 -8.7
5 24 .64 -120.9 12.4 .52 -116.8 12.6 .16 -118.1 12.3 .88 -118.2 11.6
5 24 -.44592837345514774681405311862928 -218.07166309955715851891593365612 8.6025731527897121015183646472996 -.16592837345514774681405311862931 -218.67166309955715851891593365612 9.2025731527897121015183646472996 -.36800005683882378481986006045215 -221.11429966449072017259635997999 9.4911324767706238043135501547739 -.24592837345514774681405311862931 -215.67166309955715851891593365612 8.9025731527897121015183646472996
5 24 .28 -73 -10.6 .96 -70.5 -9.8 -.28 -69.6 -12 .64 -77.9 -9.6
5 24 .56 -209.3 3.2 .16 -217 1.6 1.2 -208.4 3.2 .28 -208.7 1.6
5 24 1.28 -138.2 11.9 1.28 -137.4 11 1.64 -137.4 12.2 1.04 -137.8 11.3
5 24 .4 -27.5 5.7 -.52 -27.3 2.8 -.04 -28.2 .1 -.72 -26 5.6
5 24 -.08 -126.3 2.6 .28 -121.8 6.3 -.08 -119.1 2.8 .48 -127.1 5.8
5 24 -.08 -224.9 1.5 -.04 -226.4 .7 -.2 -228.1 1.3 -.08 -222.4 .5
5 24 -.08 -224.9 1.5 -.04 -229.9 1.8 .28 -228.8 1.9 -.2 -228.1 1.3
5 24 -1 -91.7 3.4 -.88 -96.3 7.7 -1 -85 6.7 -1.04 -102.2 2.7
5 24 .12 -157.2 6.1 .36 -160.7 7.7 .4 -161.9 9.8 .16 -163.9 5.5
5 24 1.2 -177 -5.2 .88 -177.5 -9 .88 -180.5 -9.6 1.36 -171.6 -3.4
5 24 -.88 -142.7 -7 -.76 -140.1 -3.5 -1 -143.6 -2.3 .24 -133.3 -5.2
5 24 .36 -139.8 -6.9 .04 -139.3 -7.3 -.48 -146.7 -9.2 .68 -133.8 -5.4
5 24 .28 -96.3 -12.6 .2 -93.3 -14.7 .28 -103.1 -17.3 .32 -94.6 -7.7
5 24 .8 -181.7 13.6 .88 -179 12.4 .92 -177.3 13.4 .76 -181.8 12.5
5 24 .64 -117.5 7.7 .84 -117.1 6.9 1.08 -122.3 7.6 .56 -113.8 8.1
5 24 .76 -112.5 6.6 .68 -108.5 7.6 .56 -113.8 8.1 .6 -108.9 5.4
5 24 .44 -126.1 12.4 .96 -128.4 12.9 .96 -124.5 12.6 .28 -129.4 12.1
5 24 .44 -164.2 -12.2 .32 -159.9 -12.2 .12 -161.4 -11.4 .04 -162.2 -12.8
5 24 .72 -109.7 18.4 1.12 -111.6 17.9 1.04 -112.6 18.5 .88 -108.6 17.8
5 24 .16 -163.9 5.5 -.12 -170.2 1.8 -.56 -157.9 .5 .32 -173.3 4.4
5 24 .2 -186.4 -8.2 .36 -189.1 -7.7 .16 -188 -8.6 .6 -188 -7.5
5 24 -1.48 -30.3 10.9 -.88 -39.4 5.7 -1.2 -35.6 3 -1.16 -47.3 10
5 24 .64 -76.1 -19.6 .8 -71.7 -16.8 1.32 -66.7 -16.9 .52 -79.4 -18.9
5 24 .92 -105.3 11.5 .48 -103.7 12.6 .64 -107.3 12.2 1 -99 11.6
5 24 .4 -183 -10 .36 -186 -9.8 .64 -185.8 -10 .12 -184 -9
5 24 .28 -208.7 1.6 .56 -209.3 3.2 -.2 -205.4 3.2 .16 -217 1.6
5 24 .96 -124.5 12.6 .52 -124.4 12.6 .64 -120.9 12.4 .44 -126.1 12.4
5 24 -.88 -24.2 7.9 -1.44 -28.3 1.6 -.72 -26 5.6 -1.48 -26.7 7.6
5 24 .28 -228.8 1.9 .4 -231.7 1.2 .48 -225.2 1.6 .16 -234.7 1.6
5 24 .8 -44.1 2.2 .76 -38.7 7 1.36 -47.5 7.4 .12 -36.3 1.3
5 24 .88 -108.6 17.8 1.12 -111.6 17.9 1.44 -109.4 18.4 .72 -109.7 18.4
5 24 1.24 -76.4 13.1 0 -76.9 12.5 .72 -85.9 15.4 .64 -73.7 13.9
5 24 .88 -168.9 11.5 .6 -164.7 10.2 .68 -172.1 12.1 1.24 -162.5 10.8
5 24 1.2 -136.7 5.8 .52 -134.9 5.1 1 -132.2 7.1 .96 -140 5.7
5 24 .56 -132.1 11 1.2 -131.2 11.2 .88 -127.5 10.6 1 -134.1 11.1
5 24 -.88 -140.9 -14.6 -.48 -137 -14.6 -.56 -141.5 -15.5 -.84 -134.2 -15.3
5 24 .12 -184 -9 .4 -183 -10 .36 -186 -9.8 .04 -179.9 -8.9
5 24 .16 -183.3 -7.9 .68 -185.5 -7.9 .56 -186 -8.2 .68 -183.3 -7.7
5 24 -.36 -152.7 -6.2 0 -152.5 -8 .28 -151.5 -6.6 -.16 -154 -9.1
5 24 -.085928373455147746814053118629312 -209.67166309955715851891593365612 7.2025731527897121015183646472996 .16 -207.2 6.7 .28 -208.4 7.8 -.4 -207.8 6.8
5 24 -.24 -118.2 -2.9 -.44 -112.6 1.4 -.6 -110.3 -2.5 -.08 -119.1 2.8
5 24 .68 -182.2 -3.8 .96 -180.1 -5.9 1 -182.3 -.9 .36 -182.4 -6.4
5 24 .36 -133.3 13 .76 -134.5 13.4 .68 -132.4 13.5 .64 -135.4 12.6
5 24 1.28 -173.5 4 1.28 -165.4 2.6 1 -163.4 5.2 1.68 -171 .8
5 24 1.28 -165.4 2.6 1.36 -166.6 -.1 .84 -159.1 2 1.68 -171 .8
5 24 -1.48 -148.6 -17.7 -1.36 -148.1 -18.9 -1.24 -149.7 -18.2 -1.48 -146.3 -17.1
5 24 .8 -181.7 13.6 .48 -178.4 13.6 .92 -177.3 13.4 .32 -181.3 13.6
5 24 -.34189309062979423258479766872535 -224.97798569378900204596787555844 8.918707432353208549592606061008 -.23289200466106395092639343407218 -226.43726933104122191190020097313 8.487977655872408922347490689845 -.36976170554457740648245317195439 -223.93315539612033257678820194402 8.5143863644311033817104472169714 -.18406344820917959491158809137543 -224.41553369203439095828899762821 9.2901357842003201329981797928079
5 24 1.4 -56.1 -13.7 1.24 -47.1 -3.7 1.24 -59.4 -2.5 1.84 -46.5 -10.5
5 24 .24 -122.4 11.8 .44 -126.1 12.4 .36 -127.3 11.2 .52 -124.4 12.6
5 24 -.56 -147.1 -17.4 -.64 -142.9 -17.2 -.56 -141.5 -15.5 -.88 -145.7 -18.3
5 24 -.56 -54.4 -18.3 -.32 -55.7 -21.2 .24 -54.9 -21.2 -.48 -55.3 -22.8
5 24 -.4 -199.5 -.4 .12 -201.6 -1.9 .36 -203.1 -.5 -.04 -200.7 -3.2
5 24 -1.04 -102.2 2.7 -.96 -104.4 6.2 -1 -105.9 1.9 -.88 -96.3 7.7
5 24 -.56 -157.9 .5 -.12 -170.2 1.8 .16 -163.9 5.5 -.12 -165.9 -2.3
5 24 1.04 -110.3 10.6 1 -105.4 9.5 .72 -108.6 9.3 .92 -105.3 11.5
5 24 .36 -160.7 7.7 .16 -163.9 5.5 .84 -161 7.4 .12 -157.2 6.1
5 24 .04 -204 -4.6 .32 -204.7 -4.5 .44 -202.8 -3 .08 -206.6 -5.3
5 24 .08 -149.4 -8.7 .28 -151.5 -6.6 0 -152.5 -8 .44 -153.2 -3.7
5 24 1.32 -130.4 12.2 1.12 -132.3 13.1 .96 -128.4 12.9 1.56 -135 12.4
5 24 .8 -71.7 -16.8 1.44 -65.8 -11.5 1.32 -66.7 -16.9 1.04 -68.5 -13.4
5 24 1.08 -84.1 22.3 1.08 -73.1 22 .64 -76.8 21.7 1.44 -79.5 20.7
5 24 -.04 -43.9 21.7 -.4 -41.7 21.5 .36 -38.2 20.7 -.56 -44 21.8
5 24 -.04 -46.3 22.9 .2 -46.2 21.5 .04 -47.8 22.1 -.04 -43.9 21.7
5 24 -.24592837345514774681405311862931 -215.67166309955715851891593365612 8.9025731527897121015183646472996 .15407162654485225318594688137069 -217.37166309955715851891593365612 8.9025731527897121015183646472996 .11407162654485225318594688137069 -213.77166309955715851891593365612 8.9025731527897121015183646472996 -.16592837345514774681405311862931 -218.67166309955715851891593365612 9.2025731527897121015183646472996
5 24 .28 -221.2 -.4 .44 -225.2 .7 -.04 -226.4 .7 .76 -220.4 .3
5 24 -.36976170554457740648245317195439 -223.93315539612033257678820194402 8.5143863644311033817104472169714 -.34189309062979423258479766872535 -224.97798569378900204596787555844 8.918707432353208549592606061008 -.48871679233266686204871671631072 -221.98640778698773340080076463345 9.1938966970469856992079182580827 -.23289200466106395092639343407218 -226.43726933104122191190020097313 8.487977655872408922347490689845
5 24 -.56 -102.9 9.9 .48 -98.2 12.5 0 -96.9 13 .04 -103 12.3
5 24 -.24 -106.3 11.4 -.52 -107.2 9.4 -.56 -102.9 9.9 .04 -111.8 11.2
5 24 -.56 -54.4 -18.3 .72 -53.1 -19.1 .24 -54.9 -21.2 .12 -58.4 -17.3
5 24 -.96 -104.4 6.2 -.52 -107.2 9.4 -.56 -102.9 9.9 -.88 -106.7 6.2
5 24 -.48 -26.7 18 -.36 -23.6 16.3 -.88 -24.8 16.3 .04 -29.1 18.8
5 24 .04 -162.2 -12.8 0 -162.7 -11.8 -.16 -164.6 -12.7 -.32 -159.2 -12.4
5 24 .04 -139.3 -7.3 -.88 -142.7 -7 .24 -133.3 -5.2 -.88 -146.5 -9.2
5 24 .56 -185.6 -8.8 .2 -186.4 -8.2 .2 -186.1 -9.1 .68 -185.5 -7.9
5 24 .72 -84.8 -11.1 .12 -87.8 -14.5 .2 -78.7 -11.3 .2 -93.3 -14.7
5 24 .24 -54.9 -21.2 .72 -53.1 -19.1 .32 -56 -23.7 -.56 -54.4 -18.3
5 24 -.2 -205.4 3.2 .28 -208.7 1.6 .36 -203.1 -.5 .56 -209.3 3.2
5 24 0 -238.4 1.6 .16 -234.7 1.6 .2 -236.4 1 -.08 -237.2 1.3
5 24 1 -202.2 -1.6 .56 -200.2 -3.9 .56 -203.2 -4.6 1.4 -201.6 -.2
5 24 1 -165.1 12.3 .72 -161.3 11.4 1.48 -159.5 11.6 .6 -166.9 12.8
5 24 .84 -127.5 -5.7 .92 -124.1 -3.6 .6 -122.3 -6.7 1.04 -132.1 -1.4
5 24 .64 -73.7 13.9 1.44 -70.9 15.3 .72 -72.6 15.6 1.24 -76.4 13.1
5 24 -.6 -22.6 15.2 -.92 -22.6 13 -.88 -24.8 16.3 -.52 -21.3 12.4
5 24 .76 -89.9 -8.8 .76 -92.9 -5.1 .72 -84.8 -11.1 .32 -94.6 -7.7
5 24 -1.16 -37.2 16.9 -.84 -43.6 17.1 -1.16 -47.3 10 -.76 -44.4 21.2
5 24 .72 -188.6 13.5 .68 -187.7 12.8 .36 -187.6 13.5 .72 -187.6 14.1
5 24 .64 -135.4 12.6 1.28 -138.2 11.9 .68 -135.6 11.7 1.28 -136.1 13
5 24 .6 -166.9 12.8 .88 -168.9 11.5 1 -165.1 12.3 1.12 -171.1 13.1
5 24 .68 -135.6 11.7 1.04 -137.8 11.3 1.28 -137.4 11 1.28 -138.2 11.9
5 24 1.48 -154.4 8.7 1.44 -157.1 11.2 .92 -154.3 8.6 1.48 -159.5 11.6
5 24 .4 -231.7 1.2 .48 -225.2 1.6 .28 -228.8 1.9 .44 -225.2 .7
5 24 -1.08 -63.8 -14.5 -1.08 -71 -17.1 -.6 -65.7 -18.4 -1.04 -67.3 -10.6
5 24 .16832765310008450976838249257056 -220.06098228090766009225155225023 8.8409585295535919447902573533654 .15407162654485225318594688137069 -217.37166309955715851891593365612 8.9025731527897121015183646472996 .11407162654485225318594688137069 -215.17166309955715851891593365612 8.2025731527897121015183646472996 -.16592837345514774681405311862931 -218.67166309955715851891593365612 9.2025731527897121015183646472996
5 24 .16 -118.1 12.3 .64 -120.9 12.4 .24 -122.4 11.8 .52 -116.8 12.6
5 24 .64 -102 3.3 1.12 -97.5 7.5 .44 -106.2 2.2 .76 -92.9 -5.1
5 24 .56 -200.2 -3.9 .12 -201.9 -4.5 .4 -202.7 -4.9 -.04 -200.7 -3.2
5 24 -.48 -72.2 -10.3 -.28 -69.6 -12 .28 -73 -10.6 -1.04 -67.3 -10.6
5 24 0 -164.2 -13.4 -.16 -164.6 -12.7 .28 -165.4 -13.4 .04 -162.2 -12.8
5 24 .96 -101.9 19.4 1.04 -97 17.6 .6 -98 18.7 1.16 -101.1 18.6
5 24 .72 -84.8 -11.1 .64 -77.9 -9.6 .2 -78.7 -11.3 .96 -82 -3
5 24 -.48 -24.2 -11.9 -1.04 -27 -11.5 -.68 -27.9 -15.1 -.8 -24.9 -9.5
5 24 .6 -98 18.7 .64 -103.7 19.6 .96 -101.9 19.4 .24 -98.8 18.6
5 24 -.24 -26.3 -14.8 -.48 -24.2 -11.9 0 -24.4 -12.9 -.68 -27.9 -15.1
5 24 .68 -118.1 10.4 .8 -115.4 10.2 1.04 -116 11.6 .24 -115.8 10.1
5 24 .12 -201.6 -1.9 .44 -202.8 -3 .36 -203.1 -.5 -.04 -200.7 -3.2
5 24 .24 -65.9 -19.8 -.6 -65.7 -18.4 -.2 -73.2 -20.9 .12 -58.4 -17.3
5 24 0 -57.1 -22.9 .24 -54.9 -21.2 .32 -56 -23.7 -.32 -55.7 -21.2
5 24 -.44 -211.6 7.9 -.48592837345514774681405311862928 -213.47166309955715851891593365612 8.2025731527897121015183646472996 -.24592837345514774681405311862931 -212.97166309955715851891593365612 7.6025731527897121015183646472996 -.48 -209.6 8.3
5 24 -.04 -200.7 -3.2 -.4 -199.5 -.4 -.32 -195.8 -1.8 .12 -201.6 -1.9
5 24 -.48 -181.9 -1.4 -.28 -187.2 -2.4 -.16 -181.8 -5.7 -.28 -185.3 1.6
5 24 -1.36 -137.4 -15.2 -1.32 -139.9 -14.6 -1.6 -140.2 -15.4 -.84 -134.2 -15.3
5 24 -.16 -181.8 -5.7 .04 -179.9 -8.9 .16 -183.3 -7.9 -.36 -179.1 -5.3
5 24 .2 -186.1 -9.1 .64 -185.8 -10 .6 -188 -9.5 .48 -186.1 -9.3
5 24 .04 -159.8 -12.7 -.32 -159.2 -12.4 .04 -162.2 -12.8 .08 -156.8 -12.1
5 24 1.08 -52.3 15.9 1 -44.9 16.2 .04 -52.7 15.7 1.48 -46.8 13.2
5 24 1.24 -76.4 13.1 1.68 -67.2 13 1.44 -70.9 15.3 1.52 -81 10.1
5 24 -.28 -69.6 -12 1.04 -68.5 -13.4 .12 -72.2 -15.5 .96 -70.5 -9.8
5 24 .52 -112 12.3 .52 -116.8 12.6 .8 -113.3 12.3 .04 -111.8 11.2
5 24 .16 -132.5 12 .68 -135.6 11.7 .64 -135.4 12.6 .56 -132.1 11
5 24 -.08 -158 -3.6 -.24 -160.5 -2.8 -.84 -151.1 -4.7 .36 -166.8 -4.8
5 24 .24 -122.4 11.8 .64 -120.9 12.4 .16 -118.1 12.3 .52 -124.4 12.6
5 24 -1.04 -62.1 -5.9 -1.04 -50.7 -4.7 -1.08 -60.2 4.5 -1.04 -48.8 -15.8
5 24 .12 -201.6 -1.9 .36 -203.1 -.5 .44 -202.8 -3 -.4 -199.5 -.4
5 24 -.32 -198.9 5.2 -.28 -185.3 1.6 .16 -187.8 3.5 -.52 -201.8 3.5
5 24 .28 -221.2 -.4 .76 -220.4 .3 1.04 -211.8 -.9 .44 -225.2 .7
5 24 -.04 -20.8 11 -.4 -21.4 10 -.52 -21.3 12.4 .32 -21.7 9.8
5 24 -.92 -78 1.2 -1 -85 6.7 -.84 -76 8 -1 -91.7 3.4
5 24 -.51460050078493899927550356667348 -220.83242777311023492180912882393 8.6997885734535514277332192859571 -.36800005683882378481986006045215 -221.11429966449072017259635997999 9.4911324767706238043135501547739 -.44592837345514774681405311862928 -218.07166309955715851891593365612 8.6025731527897121015183646472996 -.48871679233266686204871671631072 -221.98640778698773340080076463345 9.1938966970469856992079182580827
5 24 0 -24.4 -12.9 -.24 -26.3 -14.8 -.48 -24.2 -11.9 .4 -26.9 -15.2
5 24 .28 -221.2 -.4 1.04 -211.8 -.9 .56 -215 -1.5 .76 -220.4 .3
5 24 1.2 -131.2 11.2 1.32 -130.4 12.2 1.32 -128.7 11.3 1.6 -136 11.6
5 24 .2 -234 .4 .2 -236.4 1 -.12 -235 .6 .4 -231.7 1.2
5 24 -.84 -103.1 -16.7 -.88 -111.5 -18.8 -1.12 -111.1 -16.5 -.32 -105.9 -19.4
5 24 .92 -177.3 13.4 1.04 -174.6 12.6 1 -174.1 13.8 .88 -177.1 12
5 24 -.12 -113.3 -7.1 .28 -112.4 -7.4 .08 -118.8 -6.9 -.24 -106.3 -6.9
5 24 -.24 -99.7 -7.1 .32 -94.6 -7.7 -.6 -99.5 -5.5 .64 -98.2 -6.4
5 24 -.28 -69.6 -12 .96 -70.5 -9.8 1.04 -68.5 -13.4 .28 -73 -10.6
5 24 .24 -128.7 -17.2 .08 -132.7 -14.7 -.04 -135 -15.9 .28 -124.7 -15
5 24 -.84 -109.3 -12.3 -.4 -117.1 -13.7 -.08 -108.5 -12.3 -1 -115.7 -14.7
5 24 .24 -44.7 18 .12 -45.2 20.1 .56 -42.3 20.2 -.28 -45.3 19.3
5 24 .48 -225.2 1.6 .72 -218.8 1.7 .28 -223.9 1.9 .76 -220.4 .3
5 24 1.2 -95.6 13.8 1 -99 11.6 .48 -98.2 12.5 1.52 -92.9 13
5 24 1.44 -62.2 6.7 1.24 -59.4 -2.5 1.36 -47.5 7.4 1.24 -76.1 3.7
5 24 -.2 -228.1 1.3 -.16 -233.1 1.4 -.04 -230.6 .6 -.04 -229.9 1.8
5 24 -.84 -149.2 -17.2 -.56 -147.1 -17.4 -.8 -145.5 -15.8 -.88 -149.4 -18.5
5 24 -.48 -109.1 6.7 -.04 -108.9 9.1 0 -110.9 8.5 -.52 -107.2 9.4
5 24 .36 -166.8 -4.8 .72 -170.6 -6.5 .44 -176 -8.7 .8 -163.4 -3
5 24 -1.28 -24.7 12.8 -1.16 -28.2 16.5 -.88 -24.8 16.3 -1.48 -30.3 10.9
5 24 .68 -187.7 12.8 .76 -184.9 12.6 .84 -184.9 13.8 .44 -185.1 12.7
5 24 1.32 -66.7 -16.9 1.44 -65.8 -11.5 .8 -71.7 -16.8 1.4 -56.1 -13.7
5 24 .16832765310008450976838249257056 -220.06098228090766009225155225023 8.8409585295535919447902573533654 -.16592837345514774681405311862931 -218.67166309955715851891593365612 9.2025731527897121015183646472996 .064874759907902626275192229540724 -222.3342436862353655591011055779 9.5157858786667183539099685726821 .15407162654485225318594688137069 -217.37166309955715851891593365612 8.9025731527897121015183646472996
5 24 -.04 -135 -15.9 .24 -128.7 -17.2 -.04 -131.9 -18.4 .08 -132.7 -14.7
5 24 .56 -186 -8.2 .68 -185.5 -7.9 .16 -183.3 -7.9 .56 -185.6 -8.8
5 24 -1.64 -139.9 -16.4 -1.24 -140.9 -17.4 -1.28 -137.7 -17.3 -1.64 -143.5 -16.1
5 24 -.48 -209.6 8.3 -.4 -207.8 6.8 -.32 -205.8 7.1 -.44 -211.6 7.9
5 24 .72 -53.1 -19.1 1.4 -56.1 -13.7 .12 -58.4 -17.3 1.68 -48.5 -15
5 24 1 -202.2 -1.6 1.4 -201.6 -.2 .96 -205.7 0 .56 -200.2 -3.9
5 24 .6 -164.7 10.2 .84 -161 7.4 1.24 -162.5 10.8 .36 -160.7 7.7
5 24 .4 -21.4 12.3 -.12 -21.7 14.1 -.04 -20.8 11 .32 -23.4 15.7
5 24 .68 -25.4 -12.4 0 -24.4 -12.9 .16 -23.6 -10.6 .4 -26.9 -15.2
5 24 1.48 -132.8 4 1.04 -132.1 -1.4 1.28 -128.2 3.2 .56 -143.3 -1.5
5 24 -.88 -142.7 -7 -1.28 -148.3 -8.7 -.88 -146.5 -9.2 -1 -143.6 -2.3
5 24 -1.16 -34.9 -4.6 -.76 -39.8 -7 -1.24 -34 -12.3 -.88 -39.4 5.7
5 24 -.12 -113.3 -7.1 .08 -118.8 -6.9 .28 -112.4 -7.4 -.24 -118.2 -2.9
5 24 .16 -107.2 12.1 .16 -110.1 12 .52 -112 12.3 -.24 -106.3 11.4
5 24 -.92 -78 1.2 -.84 -76 8 -.76 -66.8 13.8 -1 -85 6.7
5 24 .64 -111.8 -2.5 .6 -110 2.4 .84 -116.3 3.1 .44 -106.2 2.2
5 24 1.04 -30.4 10 .4 -27.5 5.7 .28 -33.5 4.1 .96 -23.6 11.4
5 24 -.04 -230.6 .6 -.2 -228.1 1.3 -.04 -226.4 .7 -.16 -233.1 1.4
5 24 -.48 -181.9 -1.4 -.28 -185.3 1.6 -.4 -174.5 -2.1 -.28 -187.2 -2.4
5 24 .56 -200.2 -3.9 -.04 -200.7 -3.2 .12 -201.9 -4.5 .16 -196.6 -3.3
5 24 0 -124.5 -13.9 .16 -115.8 -14.2 .28 -124.7 -15 -.4 -117.1 -13.7
5 24 .8 -183.8 2.9 .24 -181.4 3.6 .16 -187.8 3.5 .6 -179.2 4.3
5 24 -.28 -212.5 -7.7 -.12 -212.3 -7.3 -.04 -212.8 -7.8 -.12 -210.6 -6.9
5 24 -.76 -69.8 -14.1 -.28 -69.6 -12 .12 -72.2 -15.5 -1.04 -67.3 -10.6
5 24 .44 -225.2 .7 .36 -229.9 .8 .4 -231.7 1.2 -.04 -226.4 .7
5 24 -.88 -35.6 19.3 -1.16 -37.2 16.9 -1.16 -28.2 16.5 -.4 -41.7 21.5
5 24 .52 -175.9 12.2 .56 -175.9 13.6 .24 -177.3 12.5 .68 -172.6 13.3
5 24 -.84 -151.1 -4.7 -.56 -157.9 .5 -.92 -147.9 -2 -.24 -160.5 -2.8
5 24 1.12 -149.5 7 1 -152.9 4.5 1.48 -154.4 8.7 1.48 -146.8 6.9
5 24 -.76 -126.5 -16.8 -.32 -129.5 -18.7 -.2 -123 -18.7 -.64 -133.4 -18.3
5 24 1.12 -171.1 13.1 .68 -172.6 13.3 .6 -166.9 12.8 1 -174.1 13.8
5 24 .68 -120.4 8.1 .68 -122.6 7.7 .36 -119 7.6 1.08 -122.3 7.6
5 24 .8 -104.7 17.7 .88 -108.6 17.8 1.2 -107.6 17.7 .56 -105.6 18.3
5 24 -.28 -45.3 19.3 -.84 -43.6 17.1 .24 -44.7 18 -.72 -46.2 21.1
5 24 -1.68 -31.4 3.8 -1.48 -29.8 -5 -1.44 -28.3 1.6 -1.2 -35.6 3
5 24 .68 -133.8 -5.4 .84 -127.5 -5.7 1.04 -132.1 -1.4 .24 -133.3 -5.2
5 24 .96 -101.9 19.4 .6 -98 18.7 1.04 -97 17.6 .64 -103.7 19.6
5 24 .52 -118 -7.2 .64 -114.4 -6.1 .28 -112.4 -7.4 .6 -122.3 -6.7
5 24 .32 -94.6 -7.7 .76 -92.9 -5.1 .76 -89.9 -8.8 .64 -98.2 -6.4
5 24 .56 -113.8 8.1 .68 -108.5 7.6 .24 -112.1 9 .76 -112.5 6.6
5 24 .16 -217 1.6 .12 -216.1 0 -.08 -222.4 .5 .28 -208.7 1.6
5 24 .36 -59.7 -25.2 .08 -58.4 -25.5 .32 -56 -23.7 .08 -60.9 -26.5
5 24 .04 -118.9 10.8 .68 -118.1 10.4 .4 -119.7 10.2 .24 -115.8 10.1
5 24 -.04 -108.9 9.1 .68 -108.5 7.6 .24 -112.1 9 .4 -108.8 9
5 24 .08 -61.8 -26.3 0 -61.7 -25.7 .36 -59.7 -25.2 -.36 -61 -25.8
5 24 -.92 -152.2 -10.8 -.36 -155.3 -12 -.32 -152.9 -11 -.72 -155.4 -11.2
5 24 0 -76.9 12.5 .64 -73.7 13.9 1.24 -76.4 13.1 -.44 -72 12.9
5 24 1.36 -106.1 19 .96 -101.9 19.4 1.16 -101.1 18.6 1.08 -105.9 19.6
5 24 .04 -179.9 -8.9 .12 -184 -9 .4 -183 -10 .16 -183.3 -7.9
5 24 .68 -206.1 6 1.32 -203.5 5.8 .52 -206.7 7.8 1.2 -208.4 3.2
5 24 .4 -179.5 -9.9 .4 -183 -10 .04 -179.9 -8.9 .76 -182.8 -9.9
5 24 -.6 -91.8 -15.5 -.92 -94.5 -15.1 -.52 -97 -17.3 -.72 -85.9 -11.7
5 24 -.0080684816068575565952535090845152 -223.83711144816795400696053183695 8.4583673181491819992121834726638 .064874759907902626275192229540724 -222.3342436862353655591011055779 9.5157858786667183539099685726821 -.18406344820917959491158809137543 -224.41553369203439095828899762821 9.2901357842003201329981797928079 .16832765310008450976838249257056 -220.06098228090766009225155225023 8.8409585295535919447902573533654
5 24 -.56 -54.4 -18.3 -.48 -55.3 -22.8 -.8 -49.8 -20.9 -.32 -55.7 -21.2
5 24 .44 -182.3 12.5 .44 -185.1 12.7 .32 -184.8 13.6 .76 -184.9 12.6
5 24 .36 -144.2 -5.9 -.48 -146.7 -9.2 .36 -139.8 -6.9 .08 -149.4 -8.7
5 24 -.4 -174.5 -2.1 -.08 -176.8 -7.1 -.36 -179.1 -5.3 -.12 -165.9 -2.3
5 24 1.2 -143.3 5.2 1.08 -144.2 6.4 1.48 -146.8 6.9 .96 -140 5.7
5 24 .04 -118.9 10.8 .4 -119.7 10.2 .32 -122.1 10.6 .68 -118.1 10.4
5 24 -1 -143.6 -2.3 .2 -141.6 4.6 .52 -134.9 5.1 -.04 -149.9 4.4
5 24 -.36 -179.1 -5.3 -.48 -181.9 -1.4 -.16 -181.8 -5.7 -.4 -174.5 -2.1
5 24 -.72 -46.2 21.1 -.28 -45.3 19.3 -.36 -47.2 20.8 -.84 -43.6 17.1
5 24 -1.36 -148.1 -18.9 -.88 -149.4 -18.5 -1.24 -149.7 -18.2 -.84 -148.3 -18.8
5 24 .8 -44.1 2.2 .12 -36.3 1.3 .52 -38.7 -1.3 .76 -38.7 7
5 24 1.28 -173.5 4 1 -163.4 5.2 1.28 -165.4 2.6 1 -171.6 5.2
5 24 1.32 -130.4 12.2 1.32 -128.7 11.3 1.12 -123.7 11.7 1.2 -131.2 11.2
5 24 .36 -119 7.6 .68 -120.4 8.1 .68 -122.6 7.7 .64 -117.5 7.7
5 24 -.52 -201.8 3.5 -.4 -199.5 -.4 -.2 -205.4 3.2 -.32 -195.8 -1.8
5 24 -.04 -230.6 .6 -.12 -235 .6 .2 -234 .4 -.16 -233.1 1.4
5 24 .24 -128.7 -17.2 .28 -124.7 -15 .28 -120.7 -18.3 .08 -132.7 -14.7
5 24 .12 -79.7 -18.1 .12 -72.2 -15.5 -.64 -75.7 -17.2 .8 -71.7 -16.8
5 24 0 -210.5 -8 -.32 -208 -6.9 -.2 -211 -8.1 0 -206.2 -6.6
5 24 .96 -70.5 -9.8 1.44 -65.8 -11.5 1.04 -68.5 -13.4 1.24 -71.1 -4.8
5 24 .4 -179.3 12 .76 -181.8 12.5 .44 -182.3 12.5 .88 -179 12.4
5 24 -.36976170554457740648245317195439 -223.93315539612033257678820194402 8.5143863644311033817104472169714 -.39241165581158362092721744799491 -221.69402385008785794998333588635 8.2261442040557371129800623866586 -.51460050078493899927550356667348 -220.83242777311023492180912882393 8.6997885734535514277332192859571 -.0080684816068575565952535090845152 -223.83711144816795400696053183695 8.4583673181491819992121834726638
5 24 .48 -225.2 1.6 .76 -220.4 .3 .72 -218.8 1.7 .44 -225.2 .7
5 24 -.04 -135 -15.9 .08 -132.7 -14.7 -.48 -137 -14.6 .24 -128.7 -17.2
5 24 .44 -104.4 19 .24 -100.7 18 .64 -103.7 19.6 .56 -105.6 18.3
5 24 -.08 -126.3 2.6 .48 -127.1 5.8 .28 -121.8 6.3 -.16 -132.8 1.3
5 24 .88 -118.2 11.6 1.04 -116 11.6 .52 -116.8 12.6 .68 -118.1 10.4
5 24 .6 -89 -20.1 .68 -88.2 -19.5 .64 -87.8 -20.5 .36 -88.2 -19.6
5 24 .84 -127.5 -5.7 .6 -122.3 -6.7 .32 -127.6 -5.8 .92 -124.1 -3.6
5 24 .88 -118.2 11.6 .52 -116.8 12.6 1.04 -116 11.6 .64 -120.9 12.4
5 24 -.04 -230.6 .6 -.16 -233.1 1.4 -.2 -228.1 1.3 -.12 -235 .6
5 24 1.24 -47.1 -3.7 1.36 -47.5 7.4 1.24 -59.4 -2.5 .8 -44.1 2.2
5 24 .56 -200.2 -3.9 .16 -196.6 -3.3 .56 -195.8 -3.4 -.04 -200.7 -3.2
5 24 .12 -58.4 -17.3 1.4 -56.1 -13.7 1.08 -62.6 -17.6 .72 -53.1 -19.1
5 24 .2 -93.3 -14.7 -.16 -88.6 -14.9 .12 -87.8 -14.5 -.52 -97 -17.3
5 24 -.84 -58.1 -15.6 -1.08 -63.8 -14.5 -.6 -65.7 -18.4 -1.04 -48.8 -15.8
5 24 1.4 -133 7.2 1.36 -128.3 6.6 1.2 -129.4 7.5 1.56 -131.3 6.5
5 24 1.44 -32.7 14.1 .84 -23.5 14 .96 -23.6 11.4 .84 -26.3 16.2
5 24 .16 -217 1.6 -.08 -224.9 1.5 .28 -223.9 1.9 -.08 -222.4 .5
5 24 .12 -201.9 -4.5 .04 -204 -4.6 .4 -202.7 -4.9 -.04 -200.7 -3.2
5 24 -.12 -235 .6 .2 -236.4 1 .2 -234 .4 -.04 -237.4 .7
5 24 -.76 -66.8 13.8 -.84 -76 8 -.92 -78 1.2 -.44 -72 12.9
5 24 -1.24 -34 -12.3 -1.16 -39.6 -17.7 -.88 -34.8 -19.3 -.76 -39.8 -7
5 24 -.48 -109.1 6.7 0 -110.9 8.5 -.04 -108.9 9.1 -.04 -115.3 6.2
5 24 .64 -111.8 -2.5 .84 -116.3 3.1 .96 -121 2.9 .6 -110 2.4
5 24 -.08 -46.5 15.7 -.8 -47.6 13.2 .04 -52.7 15.7 -.84 -43.6 17.1
5 24 -1.04 -48.8 -15.8 -.56 -54.4 -18.3 -.8 -49.8 -20.9 -.84 -58.1 -15.6
5 24 -.32 -210.3 -7.1 -.16 -208.6 -5.9 -.32 -208 -6.9 -.12 -210.6 -6.9
5 24 -.24 -99.7 -7.1 -.24 -106.3 -6.9 -.6 -99.5 -5.5 .16 -103.3 -7.2
5 24 -.6 -99.5 -5.5 -.24 -106.3 -6.9 -.88 -105.3 -2.8 -.24 -99.7 -7.1
5 24 .32 -127.6 -5.8 .08 -118.8 -6.9 -.08 -123.6 -3.4 .6 -122.3 -6.7
5 24 .68 -108.5 7.6 1 -105.4 9.5 1.12 -97.5 7.5 .72 -108.6 9.3
5 24 -.92 -152.2 -10.8 -1.28 -148.3 -8.7 -.88 -146.5 -9.2 -1.12 -151.2 -8.7
5 24 1.52 -92.9 13 1.48 -86.1 13.2 1.52 -81 10.1 1.16 -87.9 15.2
5 24 .36 -88.2 -19.6 .56 -85.5 -19.8 .28 -85.5 -19.6 .68 -88.2 -19.5
5 24 .88 -177.1 12 .92 -177.3 13.4 .88 -179 12.4 1.04 -174.6 12.6
5 24 -1.24 -34 -12.3 -.88 -34.8 -19.3 -1.16 -39.6 -17.7 -1.04 -27 -11.5
5 24 -1.04 -50.7 -4.7 -.92 -45.3 2.8 -.76 -44.2 -7 -1.16 -47.3 10
5 24 .36 -144.2 -5.9 .36 -139.8 -6.9 -.48 -146.7 -9.2 .8 -136.9 -4.8
5 24 .08 -211.6 -7.3 .16 -212.4 -7.9 .16 -210.3 -7.5 -.04 -212.8 -7.8
5 24 -1.16 -34.9 -4.6 -1.48 -29.8 -5 -1.24 -34 -12.3 -1.2 -35.6 3
5 24 1.48 -159.5 11.6 1.44 -157.1 11.2 .72 -161.3 11.4 1.48 -154.4 8.7
5 24 1 -193.4 4.1 .64 -193.4 5.1 .8 -201.8 6.9 .8 -183.8 2.9
5 24 .64 -120.9 12.4 .88 -118.2 11.6 .76 -119.7 11.2 .52 -116.8 12.6
5 24 .48 -71.7 -20.8 .24 -65.9 -19.8 1.08 -62.6 -17.6 -.2 -73.2 -20.9
5 24 .8 -181.7 13.6 .4 -183.4 14 .32 -181.3 13.6 .84 -184.9 13.8
5 24 -.88 -111.5 -18.8 -1.04 -117.4 -17.8 -1.12 -111.1 -16.5 -.6 -118.7 -19.5
5 24 0 -152.5 -8 .08 -149.4 -8.7 .28 -151.5 -6.6 .16 -155.5 -10.7
5 24 .64 -77.9 -9.6 .28 -73 -10.6 .2 -78.7 -11.3 .96 -70.5 -9.8
5 24 .68 -33 -18.5 -.4 -38.2 -23.4 -.16 -31 -18 .32 -39.6 -24.1
5 24 .44 -182.3 12.5 .76 -181.8 12.5 .76 -184.9 12.6 .4 -179.3 12
5 24 .2 -78.7 -11.3 .12 -87.8 -14.5 .72 -84.8 -11.1 -.28 -79.8 -11.6
5 24 .96 -128.4 12.9 1.32 -130.4 12.2 .96 -124.5 12.6 1.12 -132.3 13.1
5 24 1.52 -92.9 13 1.16 -87.9 15.2 1.04 -97 17.6 1.48 -86.1 13.2
5 24 -.88 -39.4 5.7 -.76 -39.8 -7 -.76 -44.2 -7 -1.16 -34.9 -4.6
5 24 .8 -115.4 10.2 .44 -112 9.7 .24 -115.8 10.1 .92 -112.6 10.4
5 24 .48 -118.3 -16.8 .52 -115.4 -18.1 .28 -120.7 -18.3 .32 -107.4 -14.6
5 24 1.36 -136.6 4.7 1.2 -136.7 5.8 .96 -140 5.7 1.4 -133 7.2
5 24 .04 -47.8 22.1 .2 -46.2 21.5 -.04 -46.3 22.9 -.28 -45.3 19.3
5 24 1.08 -62.6 -17.6 .12 -58.4 -17.3 1.4 -56.1 -13.7 .24 -65.9 -19.8
5 24 -.24592837345514774681405311862931 -215.67166309955715851891593365612 8.9025731527897121015183646472996 .11407162654485225318594688137069 -213.77166309955715851891593365612 8.9025731527897121015183646472996 -.32592837345514774681405311862931 -212.17166309955715851891593365612 9.0025731527897121015183646472996 .15407162654485225318594688137069 -217.37166309955715851891593365612 8.9025731527897121015183646472996
5 24 .92 -125.5 1.6 1.16 -124.9 5.9 .96 -121 2.9 1.36 -128.3 6.6
5 24 -.36 -133.5 -2.8 .24 -133.3 -5.2 -.76 -140.1 -3.5 .32 -127.6 -5.8
5 24 1.36 -171.6 -3.4 1.2 -177 -5.2 1.68 -171 .8 .88 -177.5 -9
5 24 -.76 -66.8 13.8 -.44 -72 12.9 .12 -72.7 18.2 -.84 -76 8
5 24 .72 -97.7 16 .96 -100.6 17.5 .56 -99.7 16.9 1.04 -97 17.6
5 24 -.32 -205.8 7.1 -.48 -209.6 8.3 -.4 -207.8 6.8 .16 -206 8
5 24 -.84 -90.9 -10.2 -.92 -94.5 -15.1 -.84 -99.6 -12.4 -.72 -85.9 -11.7
5 24 .8 -115.4 10.2 1.04 -112.1 11.5 1.04 -116 11.6 .92 -112.6 10.4
5 24 -.44592837345514774681405311862928 -218.07166309955715851891593365612 8.6025731527897121015183646472996 -.32592837345514774681405311862931 -218.67166309955715851891593365612 8.0025731527897121015183646472996 -.51460050078493899927550356667348 -220.83242777311023492180912882393 8.6997885734535514277332192859571 -.32592837345514774681405311862931 -216.17166309955715851891593365612 8.1025731527897121015183646472996
5 24 .68 -108.5 7.6 .44 -106.2 2.2 1.12 -97.5 7.5 .6 -108.9 5.4
5 24 -.48592837345514774681405311862928 -213.47166309955715851891593365612 8.2025731527897121015183646472996 -.32592837345514774681405311862931 -216.17166309955715851891593365612 8.1025731527897121015183646472996 -.24592837345514774681405311862931 -212.97166309955715851891593365612 7.6025731527897121015183646472996 -.24592837345514774681405311862931 -215.67166309955715851891593365612 8.9025731527897121015183646472996
5 24 1.28 -194.2 .4 .8 -183.8 2.9 1 -182.3 -.9 1.24 -194.5 2.8
5 24 .56 -203.2 -4.6 1 -202.2 -1.6 .44 -202.8 -3 .56 -200.2 -3.9
5 24 -.32592837345514774681405311862931 -218.67166309955715851891593365612 8.0025731527897121015183646472996 -.029413765711919531176794978327675 -221.29940459004452809074936766846 8.1991448846605004552697421457839 -.045928373455147746814053118629312 -217.27166309955715851891593365612 7.9025731527897121015183646472996 -.39241165581158362092721744799491 -221.69402385008785794998333588635 8.2261442040557371129800623866586
5 24 1.08 -122.3 7.6 1.12 -121.4 7.1 1.16 -124.9 5.9 .84 -117.1 6.9
5 24 .64 -193.4 5.1 .8 -183.8 2.9 .16 -187.8 3.5 1 -193.4 4.1
5 24 .11407162654485225318594688137069 -215.17166309955715851891593365612 8.2025731527897121015183646472996 .15407162654485225318594688137069 -217.37166309955715851891593365612 8.9025731527897121015183646472996 .16832765310008450976838249257056 -220.06098228090766009225155225023 8.8409585295535919447902573533654 .11407162654485225318594688137069 -213.77166309955715851891593365612 8.9025731527897121015183646472996
5 24 .04 -29.1 18.8 -.36 -23.6 16.3 .32 -23.4 15.7 -.48 -26.7 18
5 24 1.44 -32.7 14.1 1.04 -33.2 18 1.52 -39.4 15.6 .84 -26.3 16.2
5 24 1 -174.1 13.8 1.12 -171.1 13.1 1.04 -174.6 12.6 .68 -172.6 13.3
5 24 .88 -127.5 10.6 .8 -123 10.2 .36 -125 10.4 .96 -122.1 10.8
5 24 .12 -58.4 -17.3 -.84 -58.1 -15.6 -.56 -54.4 -18.3 -.6 -65.7 -18.4
5 24 .64 -191 -8.6 .6 -188 -9.5 .92 -187 -9.2 .36 -189.2 -9.1
5 24 .6 -188 -7.5 .92 -188 -8.2 .68 -185.5 -7.9 .88 -190.5 -7.8
5 24 .44 -153.2 -3.7 .28 -151.5 -6.6 -.36 -152.7 -6.2 .08 -149.4 -8.7
5 24 .6 -179.2 4.3 1.28 -173.5 4 1 -171.6 5.2 .8 -183.8 2.9
5 24 .2 -236.4 1 .4 -231.7 1.2 .16 -234.7 1.6 .2 -234 .4
5 24 .23407162654485225318594688137069 -210.77166309955715851891593365612 8.2025731527897121015183646472996 .08 -210.9 9 .11407162654485225318594688137069 -213.77166309955715851891593365612 8.9025731527897121015183646472996 .52 -206.7 7.8
5 24 -.32 -198.9 5.2 -.32 -205.8 7.1 -.52 -201.8 3.5 .16 -206 8
5 24 -1.16 -28.2 16.5 -1.16 -37.2 16.9 -.88 -35.6 19.3 -1.48 -30.3 10.9
5 24 1.04 -112.1 11.5 .92 -112.6 10.4 1.04 -110.3 10.6 .8 -115.4 10.2
5 24 -.32592837345514774681405311862931 -216.17166309955715851891593365612 8.1025731527897121015183646472996 .11407162654485225318594688137069 -215.17166309955715851891593365612 8.2025731527897121015183646472996 -.24592837345514774681405311862931 -212.97166309955715851891593365612 7.6025731527897121015183646472996 -.045928373455147746814053118629312 -217.27166309955715851891593365612 7.9025731527897121015183646472996
5 24 .4 -179.3 12 .24 -179.6 13 .24 -177.3 12.5 .32 -181.3 13.6
5 24 .08 -118.8 -6.9 .6 -122.3 -6.7 .32 -127.6 -5.8 .52 -118 -7.2
5 24 -.88 -27.3 -4.1 -1.44 -28.3 1.6 -.72 -27.7 -1.1 -1.48 -29.8 -5
5 24 1.04 -29.3 -14.8 .68 -25.4 -12.4 .4 -26.9 -15.2 .96 -26.5 -11
5 24 .36 -203.1 -.5 .96 -205.7 0 .28 -208.7 1.6 1 -202.2 -1.6
5 24 -.6 -22.6 15.2 -.52 -21.3 12.4 -.92 -22.6 13 -.12 -21.7 14.1
5 24 .84 -117.1 6.9 .84 -116.3 3.1 .96 -121 2.9 .76 -112.5 6.6
5 24 .04 -29.1 18.8 -.48 -26.7 18 -.36 -23.6 16.3 -.68 -30.3 19.1
5 24 -.6 -99.5 -5.5 -.88 -95.9 -3.3 -.6 -93.5 -7.5 -.88 -105.3 -2.8
5 24 -1.08 -71 -17.1 -.6 -78 -18.9 -.64 -75.7 -17.2 -.2 -73.2 -20.9
5 24 .24 -87.8 -20.4 .6 -89 -20.1 .64 -87.8 -20.5 .36 -88.2 -19.6
5 24 .72 -72.6 15.6 1.44 -70.9 15.3 1.12 -74.6 19 .64 -73.7 13.9
5 24 1.68 -67.2 13 1.56 -59 13.2 1.44 -62.2 6.7 1.44 -69 19.7
5 24 .32 -184.8 13.6 .44 -182.3 12.5 .44 -185.1 12.7 .32 -181.3 13.6
5 24 1.2 -107.6 17.7 .8 -104.7 17.7 1.2 -104.4 18.1 .88 -108.6 17.8
5 24 .32 -159.9 -12.2 .16 -159.6 -11.1 .16 -155.5 -10.7 .12 -161.4 -11.4
5 24 .28 -165.4 -13.4 .44 -164.3 -13.1 .44 -164.2 -12.2 0 -164.2 -13.4
5 24 .28 -85.5 -19.6 .12 -79.7 -18.1 .56 -85.5 -19.8 -.64 -75.7 -17.2
5 24 .4 -27.5 5.7 .76 -23.3 9.5 .96 -23.6 11.4 .24 -25 7.1
5 24 .08 -58.4 -25.5 -.48 -58.3 -24.7 -.24 -59.2 -25.8 -.2 -56.4 -24.2
5 24 -.88 -96.3 7.7 -1.04 -102.2 2.7 -1 -91.7 3.4 -.96 -104.4 6.2
5 24 -.48 -137 -14.6 -.04 -135 -15.9 .08 -132.7 -14.7 -.56 -141.5 -15.5
5 24 .32 -21.7 9.8 -.4 -21.4 10 -.08 -23 8.2 -.04 -20.8 11
5 24 -1.28 -148.3 -8.7 -.84 -151.1 -4.7 -1 -143.6 -2.3 -1.12 -151.2 -8.7
5 24 -.32 -208 -6.9 -.32 -210.3 -7.1 -.16 -208.6 -5.9 -.2 -211 -8.1
5 24 .16 -155.5 -10.7 -.32 -152.9 -11 .08 -156.8 -12.1 .08 -149.4 -8.7
5 24 -.64 -142.9 -17.2 -.52 -139.8 -16.6 -.56 -141.5 -15.5 -1.24 -140.9 -17.4
5 24 1.6 -44 -18.8 1.64 -37.2 -16.7 .92 -42.3 -23.2 1.92 -40 -11.8
5 24 1.12 -123.7 11.7 .64 -120.9 12.4 .76 -119.7 11.2 .96 -124.5 12.6
5 24 -.8 -47.6 13.2 -1.16 -47.3 10 -.84 -43.6 17.1 -.56 -61.2 16
5 24 .8 -44.1 2.2 .52 -38.7 -1.3 .12 -36.3 1.3 1.24 -47.1 -3.7
5 24 -.36 -133.5 -2.8 -.76 -140.1 -3.5 -.16 -132.8 1.3 .24 -133.3 -5.2
5 24 -.04 -200.7 -3.2 .04 -204 -4.6 .44 -202.8 -3 .12 -201.9 -4.5
5 24 .24 -25 7.1 -.08 -23 8.2 -.72 -26 5.6 .32 -21.7 9.8
5 24 -.32 -158.9 -10.9 0 -157.3 -10.3 .16 -159.6 -11.1 -.52 -154.5 -9.3
5 24 -.16 -181.8 -5.7 .28 -186.6 -3 -.28 -187.2 -2.4 .68 -182.2 -3.8
5 24 1.64 -37.2 -16.7 1.56 -32.5 -12.6 1.04 -29.3 -14.8 1.92 -40 -11.8
5 24 -.28 -85.4 13.1 -1 -85 6.7 -.32 -93.3 13.8 -.84 -76 8
5 24 .64 -111.8 -2.5 .44 -106.2 2.2 .52 -105 -4.7 .6 -110 2.4
5 24 -.16 -132.8 1.3 .52 -134.9 5.1 .48 -127.1 5.8 -1 -143.6 -2.3
5 24 -.6 -65.7 -18.4 -1.08 -71 -17.1 -.2 -73.2 -20.9 -1.08 -63.8 -14.5
5 24 0 -24.4 -12.9 -.48 -24.2 -11.9 .16 -23.6 -10.6 -.24 -26.3 -14.8
5 24 -.92 -94.5 -15.1 -.84 -99.6 -12.4 -.84 -90.9 -10.2 -.84 -103.1 -16.7
5 24 .4 -27.5 5.7 .28 -32.2 -.4 -.04 -28.2 .1 .28 -33.5 4.1
5 24 1 -105.4 9.5 .92 -105.3 11.5 1.12 -97.5 7.5 1.04 -110.3 10.6
5 24 1.36 -47.5 7.4 .8 -44.1 2.2 1.24 -47.1 -3.7 .76 -38.7 7
5 24 .64 -114.4 -6.1 .64 -111.8 -2.5 .52 -105 -4.7 .92 -124.1 -3.6
5 24 -.6 -65.7 -18.4 -.2 -73.2 -20.9 -1.08 -71 -17.1 .24 -65.9 -19.8
5 24 0 -57.1 -22.9 .32 -56 -23.7 .24 -54.9 -21.2 .36 -59.7 -25.2
5 24 .76 -108.5 19.3 1.16 -111.6 19.5 1.16 -109.3 19.5 .96 -112 19
5 24 .48 -85.4 -20.9 .24 -87.8 -20.4 .64 -87.8 -20.5 .2 -85.2 -20.3
5 24 -.32 -205.8 7.1 -.4 -207.8 6.8 -.52 -201.8 3.5 -.48 -209.6 8.3
5 24 1.68 -48.5 -15 .76 -49 -22.3 1.6 -44 -18.8 .72 -53.1 -19.1
5 24 .76 -49 -22.3 1.6 -44 -18.8 1.68 -48.5 -15 .92 -42.3 -23.2
5 24 -.16 -181.8 -5.7 -.48 -181.9 -1.4 -.28 -187.2 -2.4 -.36 -179.1 -5.3
5 24 .36 -189.2 -9.1 .6 -188 -9.5 .64 -191 -8.6 .16 -188 -8.6
5 24 .76 -182.8 -9.9 .4 -183 -10 .64 -185.8 -10 .4 -179.5 -9.9
5 24 -.88 -34.8 -19.3 -1.16 -39.6 -17.7 -1.24 -34 -12.3 -.8 -40.9 -23.2
5 24 1 -152.9 4.5 1.48 -154.4 8.7 1.12 -149.5 7 1.64 -158.2 9.3
5 24 .04 -204 -4.6 .44 -202.8 -3 .32 -204.7 -4.5 -.04 -200.7 -3.2
5 24 .64 -185.8 -10 .76 -182.8 -9.9 .92 -187 -9.2 .4 -183 -10
5 24 .64 -185.8 -10 .48 -186.1 -9.3 .36 -186 -9.8 .2 -186.1 -9.1
5 24 -1.04 -62.1 -5.9 -1.08 -63.8 -14.5 -1.04 -67.3 -10.6 -1.04 -48.8 -15.8
5 24 -.8 -49.8 -20.9 -.08 -52.6 -23.3 -.8 -40.9 -23.2 -.48 -55.3 -22.8
5 24 -.8 -49.8 -20.9 -.56 -54.4 -18.3 -.48 -55.3 -22.8 -1.04 -48.8 -15.8
5 24 1.52 -92.9 13 1.12 -97.5 7.5 1.52 -81 10.1 1 -99 11.6
5 24 1.44 -32.7 14.1 .96 -23.6 11.4 .84 -23.5 14 1.04 -30.4 10
5 24 -.88 -96.3 7.7 -.96 -104.4 6.2 -.56 -102.9 9.9 -1.04 -102.2 2.7
5 24 -.04 -131.9 -18.4 -.28 -135.7 -17.3 -.64 -133.4 -18.3 -.04 -135 -15.9
5 24 0 -96.9 13 .16 -97.4 17 -.32 -93.3 13.8 .72 -97.7 16
5 24 -.08 -237.2 1.3 .16 -234.7 1.6 -.16 -233.1 1.4 0 -238.4 1.6
5 24 .28 -103.1 -17.3 -.16 -101.2 -18.4 .2 -93.3 -14.7 .4 -109.5 -17.7
5 24 -.16 -154 -9.1 .16 -155.5 -10.7 0 -152.5 -8 0 -157.3 -10.3
5 24 1.36 -47.5 7.4 .76 -38.7 7 1.44 -32.7 14.1 .8 -44.1 2.2
5 24 1.68 -171 .8 1.36 -171.6 -3.4 1.36 -166.6 -.1 1.2 -177 -5.2
5 24 -.68 -27.9 -15.1 -.48 -24.2 -11.9 -1.04 -27 -11.5 -.24 -26.3 -14.8
5 24 .32 -173.3 4.4 1 -171.6 5.2 .64 -165 6.5 .6 -179.2 4.3
5 24 -.52 -25 -7.9 -.8 -24.9 -9.5 -.24 -23.6 -9.8 -1.48 -29.8 -5
5 24 -.04 -27.2 -4.3 .6 -28.3 -5.3 .16 -24.9 -7.8 -.04 -28.2 .1
5 24 .48 -71.7 -20.8 -.2 -73.2 -20.9 .24 -65.9 -19.8 .24 -80.8 -21.6
5 24 -1.36 -148.1 -18.9 -1.24 -149.7 -18.2 -1.48 -148.6 -17.7 -.88 -149.4 -18.5
5 24 -1.6 -140.2 -15.4 -1.48 -142.9 -14.8 -1.32 -139.9 -14.6 -1.64 -143.5 -16.1
5 24 .12 -45.2 20.1 .56 -42.3 20.2 .24 -44.7 18 .2 -46.2 21.5
5 24 -.6 -118.7 -19.5 .16 -114.8 -19.7 -.32 -112.6 -19.9 -.2 -123 -18.7
5 24 -.36800005683882378481986006045215 -221.11429966449072017259635997999 9.4911324767706238043135501547739 -.18406344820917959491158809137543 -224.41553369203439095828899762821 9.2901357842003201329981797928079 -.48871679233266686204871671631072 -221.98640778698773340080076463345 9.1938966970469856992079182580827 .064874759907902626275192229540724 -222.3342436862353655591011055779 9.5157858786667183539099685726821
5 24 -.32 -55.7 -21.2 0 -57.1 -22.9 -.44 -57.6 -23.3 .24 -54.9 -21.2
5 24 -.44 -211.6 7.9 -.085928373455147746814053118629312 -209.67166309955715851891593365612 7.2025731527897121015183646472996 -.24592837345514774681405311862931 -212.97166309955715851891593365612 7.6025731527897121015183646472996 -.4 -207.8 6.8
5 24 .72 -161.3 11.4 .4 -161.9 9.8 .12 -157.2 6.1 .6 -164.7 10.2
5 24 1.64 -37.2 -16.7 1.04 -29.3 -14.8 1.56 -32.5 -12.6 .68 -33 -18.5
5 24 -.08 -176.8 -7.1 .04 -179.9 -8.9 .4 -179.5 -9.9 -.36 -179.1 -5.3
5 24 -.24 -99.7 -7.1 .16 -103.3 -7.2 -.24 -106.3 -6.9 .64 -98.2 -6.4
5 24 .6 -122.3 -6.7 .32 -127.6 -5.8 .84 -127.5 -5.7 .08 -118.8 -6.9
5 24 -.72 -46.2 21.1 -.4 -48 22 -.36 -47.2 20.8 -.6 -47 22.7
5 24 .96 -82 -3 .76 -92.9 -5.1 .72 -84.8 -11.1 1.24 -76.1 3.7
5 24 -.84 -134.2 -15.3 -1.32 -139.9 -14.6 -1.36 -137.4 -15.2 -.88 -140.9 -14.6
5 24 -1.16 -39.6 -17.7 -.8 -40.9 -23.2 -.8 -49.8 -20.9 -.88 -34.8 -19.3
5 24 -1.24 -34 -12.3 -1.16 -34.9 -4.6 -1.48 -29.8 -5 -.76 -39.8 -7
5 24 .92 -177.3 13.4 .56 -175.9 13.6 1 -174.1 13.8 .48 -178.4 13.6
5 24 .24 -131 11.2 .56 -132.1 11 .88 -127.5 10.6 .16 -132.5 12
5 24 -.8 -47.6 13.2 -.56 -61.2 16 .04 -52.7 15.7 -1.16 -47.3 10
5 24 .96 -127.5 6.8 1.16 -124.9 5.9 1.36 -128.3 6.6 .96 -125.1 6.9
5 24 .52 -134.9 5.1 .96 -140 5.7 1.2 -136.7 5.8 .2 -141.6 4.6
5 24 .64 -103.7 19.6 .44 -104.4 19 .76 -108.5 19.3 .24 -100.7 18
5 24 -.0080684816068575565952535090845152 -223.83711144816795400696053183695 8.4583673181491819992121834726638 -.029413765711919531176794978327675 -221.29940459004452809074936766846 8.1991448846605004552697421457839 .16832765310008450976838249257056 -220.06098228090766009225155225023 8.8409585295535919447902573533654 -.39241165581158362092721744799491 -221.69402385008785794998333588635 8.2261442040557371129800623866586
5 24 1.4 -56.1 -13.7 1.84 -46.5 -10.5 1.68 -48.5 -15 1.24 -47.1 -3.7
5 24 -.72 -85.9 -11.7 -.88 -73.4 -6.8 -.28 -79.8 -11.6 -.84 -90.9 -10.2
5 24 .08 -118.8 -6.9 -.24 -118.2 -2.9 -.08 -123.6 -3.4 -.12 -113.3 -7.1
5 24 .16 -103.3 -7.2 -.24 -106.3 -6.9 .28 -112.4 -7.4 -.24 -99.7 -7.1
5 24 .32 -107.4 -14.6 -.32 -96.7 -10.5 .28 -96.3 -12.6 -.32 -103.7 -11.4
5 24 -.52 -139.8 -16.6 -.04 -135 -15.9 -.56 -141.5 -15.5 -.28 -135.7 -17.3
5 24 .84 -161 7.4 1 -152.9 4.5 1.64 -158.2 9.3 .84 -159.1 2
5 24 .88 -179 12.4 .88 -177.1 12 .92 -177.3 13.4 .4 -179.3 12
5 24 -.085928373455147746814053118629312 -209.67166309955715851891593365612 7.2025731527897121015183646472996 .11407162654485225318594688137069 -215.17166309955715851891593365612 8.2025731527897121015183646472996 .23407162654485225318594688137069 -210.77166309955715851891593365612 8.2025731527897121015183646472996 -.24592837345514774681405311862931 -212.97166309955715851891593365612 7.6025731527897121015183646472996
5 24 1.68 -48.5 -15 1.92 -40 -11.8 1.84 -46.5 -10.5 1.6 -44 -18.8
5 24 0 -45.1 -24.1 -.08 -52.6 -23.3 -.8 -40.9 -23.2 .76 -49 -22.3
5 24 -.24592837345514774681405311862931 -212.97166309955715851891593365612 7.6025731527897121015183646472996 -.48592837345514774681405311862928 -213.47166309955715851891593365612 8.2025731527897121015183646472996 -.44 -211.6 7.9 -.32592837345514774681405311862931 -216.17166309955715851891593365612 8.1025731527897121015183646472996
5 24 1.04 -110.3 10.6 .92 -105.3 11.5 .64 -107.3 12.2 1 -105.4 9.5
5 24 -.16 -101.2 -18.4 -.32 -105.9 -19.4 .16 -114.8 -19.7 -.52 -97 -17.3
5 24 -.36 -61 -25.8 -.4 -59.9 -24.6 0 -59.5 -24.1 -.48 -58.3 -24.7
5 24 1 -34.5 -5.2 .28 -32.2 -.4 .6 -28.3 -5.3 .52 -38.7 -1.3
5 24 1.56 -59 13.2 1.44 -62.2 6.7 1.36 -47.5 7.4 1.68 -67.2 13
5 24 .16 -23.6 -10.6 -.24 -23.6 -9.8 .16 -24.9 -7.8 -.48 -24.2 -11.9
5 24 .16 -107.2 12.1 .48 -103.7 12.6 .04 -103 12.3 .64 -107.3 12.2
5 24 .56 -203.2 -4.6 .56 -200.2 -3.9 .4 -202.7 -4.9 1 -202.2 -1.6
5 24 .36 -139.8 -6.9 .68 -133.8 -5.4 .04 -139.3 -7.3 .8 -136.9 -4.8
5 24 .12 -184 -9 .16 -183.3 -7.9 .2 -186.1 -9.1 .04 -179.9 -8.9
5 24 -1.12 -151.2 -8.7 -.72 -155.4 -11.2 -.52 -154.5 -9.3 -.92 -152.2 -10.8
5 24 .4 -202.7 -4.9 .04 -204 -4.6 -.12 -205.3 -5.3 .12 -201.9 -4.5
5 24 -.12 -21.7 14.1 -.04 -20.8 11 -.52 -21.3 12.4 .4 -21.4 12.3
5 24 .16 -163.9 5.5 .32 -173.3 4.4 .64 -165 6.5 -.12 -170.2 1.8
5 24 .72 -187.6 14.1 .84 -184.9 13.8 .32 -184.8 13.6 .68 -187.7 12.8
5 24 .72 -187.6 14.1 .68 -187.7 12.8 .72 -188.6 13.5 .84 -184.9 13.8
5 24 -1.68 -31.4 3.8 -1.48 -30.3 10.9 -1.2 -35.6 3 -1.48 -26.7 7.6
5 24 .36 -189.2 -9.1 .64 -191 -8.6 .36 -190.5 -8.3 .6 -188 -9.5
5 24 -1.64 -143.5 -16.1 -1.48 -146.3 -17.1 -1.4 -143.7 -17.7 -1.16 -145.1 -15.6
5 24 1.28 -165.4 2.6 1 -163.4 5.2 .84 -159.1 2 1.28 -173.5 4
5 24 .32 -23.4 15.7 -.36 -23.6 16.3 -.12 -21.7 14.1 .04 -29.1 18.8
5 24 -1.16 -145.1 -15.6 -1.2 -148.2 -16.5 -1.48 -146.3 -17.1 -.8 -145.5 -15.8
5 24 .76 -38.7 7 1.04 -30.4 10 .28 -33.5 4.1 1.44 -32.7 14.1
5 24 -.08 -222.4 .5 -.04 -226.4 .7 -.08 -224.9 1.5 .28 -221.2 -.4
5 24 .96 -180.1 -5.9 .96 -183.5 -8.6 1.2 -177 -5.2 .68 -183.3 -7.7
5 24 .8 -163.4 -3 .84 -159.1 2 1.36 -166.6 -.1 .44 -153.2 -3.7
5 24 -.92 -152.2 -10.8 -.72 -155.4 -11.2 -1.12 -151.2 -8.7 -.36 -155.3 -12
5 24 1.08 -122.3 7.6 .64 -117.5 7.7 .84 -117.1 6.9 .68 -120.4 8.1
5 24 -.24 -160.5 -2.8 .36 -166.8 -4.8 -.12 -165.9 -2.3 -.08 -158 -3.6
5 24 -.48871679233266686204871671631072 -221.98640778698773340080076463345 9.1938966970469856992079182580827 -.18406344820917959491158809137543 -224.41553369203439095828899762821 9.2901357842003201329981797928079 -.34189309062979423258479766872535 -224.97798569378900204596787555844 8.918707432353208549592606061008 -.36800005683882378481986006045215 -221.11429966449072017259635997999 9.4911324767706238043135501547739
5 24 .23407162654485225318594688137069 -210.77166309955715851891593365612 8.2025731527897121015183646472996 .52 -206.7 7.8 .28 -208.4 7.8 .08 -210.9 9
5 24 .44 -126.1 12.4 .96 -124.5 12.6 .52 -124.4 12.6 .96 -128.4 12.9
5 24 .24 -133.3 -5.2 .04 -139.3 -7.3 -.88 -142.7 -7 .68 -133.8 -5.4
5 24 .96 -196.8 -2.9 .56 -195.8 -3.4 1 -193.2 -2 .56 -200.2 -3.9
5 24 1.04 -97 17.6 .6 -98 18.7 .96 -101.9 19.4 .72 -85.9 15.4
5 24 1.36 -47.5 7.4 1.44 -32.7 14.1 .76 -38.7 7 1.52 -39.4 15.6
5 24 .88 -177.5 -9 .72 -170.6 -6.5 .44 -176 -8.7 1.36 -171.6 -3.4
5 24 -.68 -27.9 -15.1 -.88 -34.8 -19.3 -1.04 -27 -11.5 -.16 -31 -18
5 24 -1 -105.9 1.9 -.44 -112.6 1.4 -.6 -110.3 -2.5 -.88 -106.7 6.2
5 24 .24 -128.7 -17.2 -.32 -129.5 -18.7 -.2 -123 -18.7 -.04 -131.9 -18.4
5 24 .04 -118.9 10.8 .24 -115.8 10.1 .68 -118.1 10.4 0 -117.4 11.5
5 24 -1.16 -47.3 10 -.92 -78 1.2 -1.08 -60.2 4.5 -.76 -66.8 13.8
5 24 .84 -161 7.4 .84 -159.1 2 1 -163.4 5.2 1 -152.9 4.5
5 24 1.32 -130.4 12.2 1.12 -123.7 11.7 1.32 -128.7 11.3 .96 -124.5 12.6
5 24 -1.48 -146.3 -17.1 -1.2 -148.2 -16.5 -1.48 -148.6 -17.7 -1.16 -145.1 -15.6
5 24 -.2 -211 -8.1 .04 -212.5 -8.4 -.24 -212.5 -8.3 0 -210.5 -8
5 24 .2 -186.1 -9.1 .16 -183.3 -7.9 .56 -186 -8.2 .12 -184 -9
5 24 -1.32 -139.9 -14.6 -1.48 -142.9 -14.8 -.88 -140.9 -14.6 -1.6 -140.2 -15.4
5 24 -.2 -123 -18.7 .16 -114.8 -19.7 -.6 -118.7 -19.5 .28 -120.7 -18.3
5 24 -1.24 -140.9 -17.4 -1.4 -143.7 -17.7 -.88 -145.7 -18.3 -1.64 -143.5 -16.1
5 24 -.32 -158.9 -10.9 0 -162.7 -11.8 .12 -161.4 -11.4 -.32 -159.2 -12.4
5 24 0 -59.5 -24.1 .36 -59.7 -25.2 0 -57.1 -22.9 0 -61.7 -25.7
5 24 .28 -129.4 12.1 .36 -127.3 11.2 .24 -131 11.2 .44 -126.1 12.4
5 24 .76 -184.9 12.6 .76 -181.8 12.5 .84 -184.9 13.8 .44 -182.3 12.5
5 24 .28 -124.7 -15 .48 -118.3 -16.8 .28 -120.7 -18.3 .16 -115.8 -14.2
5 24 -1.24 -140.9 -17.4 -.88 -145.7 -18.3 -.64 -142.9 -17.2 -1.4 -143.7 -17.7
5 24 -1.48 -146.3 -17.1 -1.36 -148.1 -18.9 -1.48 -148.6 -17.7 -1.16 -146.7 -18.6
5 24 .11407162654485225318594688137069 -213.77166309955715851891593365612 8.9025731527897121015183646472996 .23407162654485225318594688137069 -210.77166309955715851891593365612 8.2025731527897121015183646472996 .08 -210.9 9 .11407162654485225318594688137069 -215.17166309955715851891593365612 8.2025731527897121015183646472996
5 24 -.88 -149.4 -18.5 -.84 -148.3 -18.8 -.56 -147.1 -17.4 -1.36 -148.1 -18.9
5 24 -.36 -61 -25.8 .08 -61.8 -26.3 .08 -60.9 -26.5 0 -61.7 -25.7
5 24 -.88 -149.4 -18.5 -.84 -149.2 -17.2 -.56 -147.1 -17.4 -1.24 -149.7 -18.2
5 24 -.04 -20.8 11 -.52 -21.3 12.4 -.12 -21.7 14.1 -.4 -21.4 10
5 24 .36 -144.2 -5.9 .44 -153.2 -3.7 .56 -143.3 -1.5 .08 -149.4 -8.7
5 24 -.88 -145.7 -18.3 -.64 -142.9 -17.2 -1.24 -140.9 -17.4 -.56 -147.1 -17.4
5 24 -.24 -210.2 9 .16 -206 8 -.48 -209.6 8.3 .08 -210.9 9
5 24 1.48 -146.8 6.9 1.08 -144.2 6.4 1.12 -149.5 7 1.2 -143.3 5.2
5 24 .48 -127.1 5.8 1.2 -129.4 7.5 .96 -127.5 6.8 1 -132.2 7.1
5 24 1.64 -37.2 -16.7 .68 -33 -18.5 .76 -38.2 -22.7 1.04 -29.3 -14.8
5 24 .04 -111.8 11.2 -.08 -109.1 9.9 .12 -112.6 10.2 -.52 -107.2 9.4
5 24 -.16 -181.8 -5.7 .68 -182.2 -3.8 .28 -186.6 -3 .36 -182.4 -6.4
5 24 1.52 -81 10.1 1.68 -67.2 13 1.24 -76.4 13.1 1.44 -62.2 6.7
5 24 -.52 -107.2 9.4 .04 -111.8 11.2 -.24 -106.3 11.4 -.08 -109.1 9.9
5 24 .16 -132.5 12 .56 -132.1 11 .24 -131 11.2 .68 -135.6 11.7
5 24 -.16 -31 -18 -.68 -27.9 -15.1 .4 -26.9 -15.2 -.88 -34.8 -19.3
5 24 .36 -229.9 .8 -.04 -230.6 .6 .2 -234 .4 -.04 -226.4 .7
5 24 .12 -165.1 -11.9 .44 -164.2 -12.2 .32 -165.7 -12.4 0 -162.7 -11.8
5 24 1.56 -32.5 -12.6 .96 -26.5 -11 1.04 -29.3 -14.8 1.4 -31.2 -9.8
5 24 -.32 -35.9 20.6 -.88 -35.6 19.3 -.68 -30.3 19.1 -.4 -41.7 21.5
5 24 .84 -184.9 13.8 .76 -181.8 12.5 .8 -181.7 13.6 .76 -184.9 12.6
5 24 1.56 -131.3 6.5 1.36 -128.3 6.6 1.52 -128.7 5.7 1.4 -133 7.2
5 24 1.52 -128.7 5.7 1.36 -128.3 6.6 1.56 -131.3 6.5 1.28 -128.2 3.2
5 24 1.36 -210.9 .5 1.4 -201.6 -.2 .96 -205.7 0 1.6 -203.5 3.2
5 24 1 -174.1 13.8 .56 -175.9 13.6 .68 -172.6 13.3 .92 -177.3 13.4
5 24 .4 -108.8 9 .12 -112.6 10.2 -.08 -109.1 9.9 .44 -112 9.7
5 24 -1.48 -26.7 7.6 -.92 -22.6 13 -1.28 -24.7 12.8 -.88 -24.2 7.9
5 24 -.08 -23 8.2 -.4 -21.4 10 .32 -21.7 9.8 -.88 -24.2 7.9
5 24 .28 -124.7 -15 .28 -120.7 -18.3 .48 -118.3 -16.8 .24 -128.7 -17.2
5 24 .76 -23.3 9.5 .24 -25 7.1 .32 -21.7 9.8 .4 -27.5 5.7
5 24 .24 -181.4 3.6 .16 -187.8 3.5 .8 -183.8 2.9 -.28 -185.3 1.6
5 24 1.56 -131.3 6.5 1.48 -132.8 4 1.52 -128.7 5.7 1.36 -136.6 4.7
5 24 -1.48 -30.3 10.9 -1.16 -47.3 10 -1.16 -37.2 16.9 -.88 -39.4 5.7
5 24 .36 -203.1 -.5 .44 -202.8 -3 1 -202.2 -1.6 .12 -201.6 -1.9
5 24 .76 -108.5 19.3 .72 -109.7 18.4 .96 -112 19 .56 -105.6 18.3
5 24 -.2 -56.4 -24.2 -.48 -58.3 -24.7 -.48 -55.3 -22.8 .08 -58.4 -25.5
5 24 0 -110.9 8.5 .2 -114.3 7.9 .24 -112.1 9 -.04 -115.3 6.2
5 24 -1.16 -28.2 16.5 -.88 -35.6 19.3 -.68 -30.3 19.1 -1.16 -37.2 16.9
5 24 -.88 -146.5 -9.2 -1.28 -148.3 -8.7 -.92 -152.2 -10.8 -.88 -142.7 -7
5 24 .16 -195.9 5.5 -.32 -198.9 5.2 .8 -201.8 6.9 .16 -187.8 3.5
5 24 .16 -118.1 12.3 .24 -122.4 11.8 .64 -120.9 12.4 0 -117.4 11.5
5 24 -1.48 -146.3 -17.1 -1.16 -145.1 -15.6 -1.2 -148.2 -16.5 -1.64 -143.5 -16.1
5 24 .4 -21.4 12.3 .32 -23.4 15.7 .84 -23.5 14 -.12 -21.7 14.1
5 24 .64 -117.5 7.7 .36 -119 7.6 .68 -120.4 8.1 -.04 -115.3 6.2
5 24 .24 -112.1 9 -.04 -108.9 9.1 .68 -108.5 7.6 0 -110.9 8.5
5 24 .96 -140 5.7 1.08 -144.2 6.4 1.2 -143.3 5.2 .2 -141.6 4.6
5 24 .36 -59.7 -25.2 .08 -60.9 -26.5 .08 -61.8 -26.3 .08 -58.4 -25.5
5 24 .68 -122.6 7.7 .96 -125.1 6.9 1.08 -122.3 7.6 .48 -127.1 5.8
5 24 -.88 -149.4 -18.5 -.56 -147.1 -17.4 -.84 -149.2 -17.2 -.84 -148.3 -18.8
5 24 1.4 -61.7 16.8 1.08 -52.3 15.9 .44 -59.9 18.7 1.56 -59 13.2
5 24 .04 -67.1 21.5 -.32 -68.2 20 .64 -76.8 21.7 -.56 -61.2 16
5 24 .2 -186.1 -9.1 .6 -188 -9.5 .64 -185.8 -10 .16 -188 -8.6
5 24 .16 -188 -8.6 .36 -189.1 -7.7 .36 -190.5 -8.3 .2 -186.4 -8.2
5 24 .16 -210.3 -7.5 0 -210.5 -8 .16 -208.8 -7.5 .16 -212.4 -7.9
5 24 -1.04 -27 -11.5 -1.48 -29.8 -5 -1.24 -34 -12.3 -.8 -24.9 -9.5
5 24 .92 -112.6 10.4 1.04 -110.3 10.6 1.04 -112.1 11.5 .44 -112 9.7
5 24 .28 -228.8 1.9 -.04 -229.9 1.8 -.08 -224.9 1.5 .16 -234.7 1.6
5 24 .84 -116.3 3.1 .76 -112.5 6.6 .84 -117.1 6.9 .6 -110 2.4
5 24 .72 -218.8 1.7 .28 -223.9 1.9 .48 -225.2 1.6 .16 -217 1.6
5 24 0 -96.9 13 -.88 -96.3 7.7 -.56 -102.9 9.9 -.32 -93.3 13.8
5 24 .72 -84.8 -11.1 .2 -93.3 -14.7 .76 -89.9 -8.8 .12 -87.8 -14.5
5 24 -.92 -22.6 13 -.88 -24.8 16.3 -1.28 -24.7 12.8 -.6 -22.6 15.2
5 24 -1.48 -26.7 7.6 -1.28 -24.7 12.8 -.92 -22.6 13 -1.48 -30.3 10.9
5 24 -.08 -176.8 -7.1 .4 -179.5 -9.9 .04 -179.9 -8.9 .44 -176 -8.7
5 24 -.32 -105.9 -19.4 -.88 -111.5 -18.8 -.84 -103.1 -16.7 -.32 -112.6 -19.9
5 24 -.12 -170.2 1.8 -.28 -185.3 1.6 -.4 -174.5 -2.1 .32 -173.3 4.4
5 24 .44 -185.1 12.7 .68 -187.7 12.8 .76 -184.9 12.6 .36 -187.6 13.5
5 24 -1.36 -137.4 -15.2 -1.64 -139.9 -16.4 -1.6 -140.2 -15.4 -1.08 -134.8 -16.8
5 24 -.08 -119.1 2.8 -.24 -126 0 -.24 -118.2 -2.9 -.08 -126.3 2.6
5 24 -.2 -211 -8.1 -.24 -212.5 -8.3 -.32 -210.3 -7.1 .04 -212.5 -8.4
5 24 -.24 -106.3 -6.9 .28 -112.4 -7.4 -.12 -113.3 -7.1 .16 -103.3 -7.2
5 24 -.6 -99.5 -5.5 -.24 -99.7 -7.1 .32 -94.6 -7.7 -.24 -106.3 -6.9
5 24 -.24 -106.3 -6.9 -.12 -113.3 -7.1 .28 -112.4 -7.4 -.88 -105.3 -2.8
5 24 -.36 -179.1 -5.3 -.4 -174.5 -2.1 -.08 -176.8 -7.1 -.48 -181.9 -1.4
5 24 -.84 -90.9 -10.2 -.88 -95.9 -3.3 -.92 -78 1.2 -.6 -93.5 -7.5
5 24 -.04 -135 -15.9 -.04 -131.9 -18.4 .24 -128.7 -17.2 -.28 -135.7 -17.3
5 24 .76 -38.2 -22.7 .32 -39.6 -24.1 .92 -42.3 -23.2 .68 -33 -18.5
5 24 .52 -134.9 5.1 -1 -143.6 -2.3 .2 -141.6 4.6 -.16 -132.8 1.3
5 24 -.56 -44 21.8 -.76 -44.4 21.2 -.6 -47 22.7 -.4 -41.7 21.5
5 24 -.04 -226.4 .7 .44 -225.2 .7 .28 -221.2 -.4 .36 -229.9 .8
5 24 0 -117.4 11.5 .04 -118.9 10.8 .32 -122.1 10.6 .24 -115.8 10.1
5 24 .6 -108.9 5.4 .44 -106.2 2.2 .68 -108.5 7.6 .6 -110 2.4
5 24 -.24592837345514774681405311862931 -215.67166309955715851891593365612 8.9025731527897121015183646472996 -.32592837345514774681405311862931 -216.17166309955715851891593365612 8.1025731527897121015183646472996 -.44592837345514774681405311862928 -218.07166309955715851891593365612 8.6025731527897121015183646472996 -.48592837345514774681405311862928 -213.47166309955715851891593365612 8.2025731527897121015183646472996
5 24 -.32 -158.9 -10.9 .16 -159.6 -11.1 0 -157.3 -10.3 .12 -161.4 -11.4
5 24 -.32 -159.2 -12.4 -.32 -158.9 -10.9 -.6 -157 -10.8 0 -162.7 -11.8
5 24 -.84 -43.6 17.1 -1.16 -47.3 10 -1.16 -37.2 16.9 -.8 -47.6 13.2
5 24 0 -61.7 -25.7 -.36 -61 -25.8 0 -59.5 -24.1 .08 -61.8 -26.3
5 24 .2 -78.7 -11.3 -.28 -79.8 -11.6 .12 -87.8 -14.5 -.48 -72.2 -10.3
5 24 -.24 -212.5 -8.3 -.04 -212.8 -7.8 .04 -212.5 -8.4 -.28 -212.5 -7.7
5 24 -.48 -209.6 8.3 -.44 -211.6 7.9 -.4 -207.8 6.8 -.48592837345514774681405311862928 -213.47166309955715851891593365612 8.2025731527897121015183646472996
5 24 .6 -122.3 -6.7 .92 -124.1 -3.6 .84 -127.5 -5.7 .64 -114.4 -6.1
5 24 .76 -108.5 19.3 1.16 -109.3 19.5 1.16 -111.6 19.5 .64 -103.7 19.6
5 24 .48 -103.7 12.6 .48 -98.2 12.5 1 -99 11.6 .04 -103 12.3
5 24 .56 -215 -1.5 1.04 -211.8 -.9 .28 -221.2 -.4 .6 -209.8 -.1
5 24 .64 -87.8 -20.5 .48 -85.4 -20.9 .24 -87.8 -20.4 .56 -85.5 -19.8
5 24 -.84 -134.2 -15.3 -1.08 -134.8 -16.8 -.76 -126.5 -16.8 -1.36 -137.4 -15.2
5 24 .92 -154.3 8.6 .12 -157.2 6.1 .72 -161.3 11.4 -.04 -149.9 4.4
5 24 1.24 -194.5 2.8 .8 -183.8 2.9 1.28 -194.2 .4 1 -193.4 4.1
5 24 -.8 -137.8 -17.5 -1.24 -140.9 -17.4 -1.28 -137.7 -17.3 -.52 -139.8 -16.6
5 24 -.32 -210.3 -7.1 -.28 -212.5 -7.7 -.24 -212.5 -8.3 -.12 -210.6 -6.9
5 24 .36 -182.4 -6.4 -.16 -181.8 -5.7 .68 -182.2 -3.8 .16 -183.3 -7.9
5 24 1.48 -46.8 13.2 1 -44.9 16.2 1.08 -52.3 15.9 1.52 -39.4 15.6
5 24 1.12 -97.5 7.5 1 -99 11.6 .92 -105.3 11.5 1.52 -92.9 13
5 24 .64 -76.8 21.7 1.08 -73.1 22 .68 -69.5 22.2 1.08 -84.1 22.3
5 24 .68 -135.6 11.7 1 -134.1 11.1 1.28 -137.4 11 .56 -132.1 11
5 24 -.04 -149.9 4.4 -1 -143.6 -2.3 -.92 -147.9 -2 .2 -141.6 4.6
5 24 .12 -72.7 18.2 .84 -79.6 20.8 .64 -76.8 21.7 1.12 -74.6 19
5 24 0 -162.7 -11.8 .12 -161.4 -11.4 .44 -164.2 -12.2 -.32 -158.9 -10.9
5 24 1.36 -166.6 -.1 1.36 -171.6 -3.4 1.68 -171 .8 .8 -163.4 -3
5 24 1.6 -203.5 3.2 1.24 -194.5 2.8 1.28 -194.2 .4 1.32 -203.5 5.8
5 24 -.04 -46.3 22.9 -.04 -43.9 21.7 -.56 -44 21.8 .2 -46.2 21.5
5 24 .68 -172.6 13.3 .56 -175.9 13.6 .52 -175.9 12.2 1 -174.1 13.8
5 24 -.8 -104.8 -11.9 -.84 -109.3 -12.3 -.32 -103.7 -11.4 -1 -115.7 -14.7
5 24 .68 -69.5 22.2 .64 -76.8 21.7 1.08 -73.1 22 .04 -67.1 21.5
5 24 .16 -114.8 -19.7 -.32 -105.9 -19.4 -.16 -101.2 -18.4 -.32 -112.6 -19.9
5 24 .32 -107.4 -14.6 .4 -109.5 -17.7 .28 -103.1 -17.3 .52 -115.4 -18.1
5 24 1.64 -137.4 12.2 1.6 -136 11.6 1.28 -137.4 11 1.56 -135 12.4
5 24 1.28 -136.1 13 1.28 -138.2 11.9 .64 -135.4 12.6 1.64 -137.4 12.2
5 24 .56 -203.2 -4.6 .4 -202.7 -4.9 .24 -206.1 -6.5 .56 -200.2 -3.9
5 24 .16 -23.6 -10.6 -.48 -24.2 -11.9 0 -24.4 -12.9 -.24 -23.6 -9.8
5 24 .72 -170.6 -6.5 1.36 -171.6 -3.4 .8 -163.4 -3 .88 -177.5 -9
5 24 -.2 -47.5 23.1 -.04 -46.3 22.9 .04 -47.8 22.1 -.6 -47 22.7
5 24 -.52 -201.8 3.5 -.2 -205.4 3.2 -.4 -199.5 -.4 -.4 -207.8 6.8
5 24 .96 -205.7 0 1.04 -211.8 -.9 1.36 -210.9 .5 .6 -209.8 -.1
5 24 -.56 -122.4 -14 0 -124.5 -13.9 -.6 -127.6 -14.6 -.4 -117.1 -13.7
5 24 .36 -38.2 20.7 .48 -31.2 19 1.04 -33.2 18 .04 -29.1 18.8
5 24 -.32592837345514774681405311862931 -212.17166309955715851891593365612 9.0025731527897121015183646472996 -.4 -213.9 9.1 -.24592837345514774681405311862931 -215.67166309955715851891593365612 8.9025731527897121015183646472996 -.48592837345514774681405311862928 -213.47166309955715851891593365612 8.2025731527897121015183646472996
5 24 .88 -177.1 12 .52 -175.9 12.2 1.04 -174.6 12.6 .4 -179.3 12
5 24 1.24 -47.1 -3.7 1.84 -46.5 -10.5 1.92 -40 -11.8 1.4 -56.1 -13.7
5 24 .28 -112.4 -7.4 .64 -114.4 -6.1 .52 -118 -7.2 .52 -105 -4.7
5 24 -.84 -134.2 -15.3 -1.36 -137.4 -15.2 -1.32 -139.9 -14.6 -1.08 -134.8 -16.8
5 24 -.44 -112.6 1.4 -.08 -119.1 2.8 -.24 -118.2 -2.9 -.04 -115.3 6.2
5 24 -.6 -93.5 -7.5 -.24 -94.5 -8.9 -.32 -96.7 -10.5 .32 -94.6 -7.7
5 24 .36 -189.1 -7.7 .56 -190.8 -7.5 .6 -188 -7.5 .36 -190.5 -8.3
5 24 .16 -183.3 -7.9 .36 -182.4 -6.4 .68 -183.3 -7.7 -.16 -181.8 -5.7
5 24 -.84 -99.6 -12.4 -1.12 -111.1 -16.5 -.84 -103.1 -16.7 -1 -115.7 -14.7
5 24 -.28 -185.3 1.6 -.4 -174.5 -2.1 -.12 -170.2 1.8 -.48 -181.9 -1.4
5 24 -.12 -21.7 14.1 -.52 -21.3 12.4 -.04 -20.8 11 -.6 -22.6 15.2
5 24 -.32 -198.9 5.2 -.52 -201.8 3.5 -.32 -205.8 7.1 -.28 -185.3 1.6
5 24 1.04 -29.3 -14.8 .4 -26.9 -15.2 .68 -33 -18.5 .68 -25.4 -12.4
5 24 .04 -29.1 18.8 -.32 -35.9 20.6 .36 -38.2 20.7 -.68 -30.3 19.1
5 24 .72 -85.9 15.4 0 -76.9 12.5 1.24 -76.4 13.1 -.28 -85.4 13.1
5 24 -.56 -157.9 .5 -.24 -160.5 -2.8 -.12 -165.9 -2.3 -.84 -151.1 -4.7
5 24 1 -44.9 16.2 -.08 -46.5 15.7 .04 -52.7 15.7 .24 -44.7 18
5 24 -.16 -154 -9.1 0 -152.5 -8 -.36 -152.7 -6.2 .16 -155.5 -10.7
5 24 -.84 -90.9 -10.2 -.6 -93.5 -7.5 -.84 -99.6 -12.4 -.88 -95.9 -3.3
5 24 -.4 -207.8 6.8 -.085928373455147746814053118629312 -209.67166309955715851891593365612 7.2025731527897121015183646472996 .16 -207.2 6.7 -.44 -211.6 7.9
5 24 .56 -143.3 -1.5 1.04 -132.1 -1.4 1.48 -132.8 4 .8 -136.9 -4.8
5 24 -.8 -24.9 -9.5 -1.04 -27 -11.5 -.48 -24.2 -11.9 -1.48 -29.8 -5
5 24 .32 -173.3 4.4 -.28 -185.3 1.6 .24 -181.4 3.6 -.12 -170.2 1.8
5 24 .32 -127.6 -5.8 .24 -133.3 -5.2 -.36 -133.5 -2.8 .84 -127.5 -5.7
5 24 .56 -42.3 20.2 .36 -38.2 20.7 -.04 -43.9 21.7 .92 -38.9 19.6
5 24 -.04 -131.9 -18.4 -.32 -129.5 -18.7 .24 -128.7 -17.2 -.64 -133.4 -18.3
5 24 .24 -131 11.2 .16 -132.5 12 .56 -132.1 11 .28 -129.4 12.1
5 24 .32 -107.4 -14.6 .28 -96.3 -12.6 -.32 -96.7 -10.5 .28 -103.1 -17.3
5 24 -.2 -211 -8.1 -.32 -210.3 -7.1 -.24 -212.5 -8.3 -.32 -208 -6.9
5 24 -.04 -212.8 -7.8 .04 -212.5 -8.4 .16 -212.4 -7.9 -.24 -212.5 -8.3
5 24 .96 -101.9 19.4 .64 -103.7 19.6 1.08 -105.9 19.6 .6 -98 18.7
5 24 .84 -26.3 16.2 .32 -23.4 15.7 .04 -29.1 18.8 .84 -23.5 14
5 24 .8 -201.8 6.9 .64 -193.4 5.1 .16 -195.9 5.5 1 -193.4 4.1
5 24 -1.24 -149.7 -18.2 -.84 -149.2 -17.2 -.88 -149.4 -18.5 -1.2 -148.2 -16.5
5 24 -.24 -210.2 9 -.32592837345514774681405311862931 -212.17166309955715851891593365612 9.0025731527897121015183646472996 -.48 -209.6 8.3 .08 -210.9 9
5 24 -.92 -147.9 -2 -.84 -151.1 -4.7 -1 -143.6 -2.3 -.56 -157.9 .5
5 24 1.44 -79.5 20.7 1.12 -74.6 19 1.44 -69 19.7 .84 -79.6 20.8
5 24 -.88 -95.9 -3.3 -.88 -105.3 -2.8 -1.04 -102.2 2.7 -.6 -99.5 -5.5
5 24 .36 -133.3 13 .64 -135.4 12.6 .76 -134.5 13.4 .16 -132.5 12
5 24 -1.08 -134.8 -16.8 -1.64 -139.9 -16.4 -1.36 -137.4 -15.2 -1.28 -137.7 -17.3
5 24 -.76 -126.5 -16.8 -.84 -134.2 -15.3 -.6 -127.6 -14.6 -1.08 -134.8 -16.8
5 24 1.36 -84.1 20.7 1.44 -79.5 20.7 .84 -79.6 20.8 1.24 -87.3 21.7
5 24 .04 -118.9 10.8 .32 -122.1 10.6 .4 -119.7 10.2 0 -117.4 11.5
5 24 .92 -188 -8.2 .92 -187 -9.2 .68 -185.5 -7.9 .88 -190.5 -7.8
5 24 .36 -186 -9.8 .48 -186.1 -9.3 .64 -185.8 -10 .2 -186.1 -9.1
5 24 1.4 -31.2 -9.8 .96 -26.5 -11 .6 -28.3 -5.3 1.56 -32.5 -12.6
5 24 -.39241165581158362092721744799491 -221.69402385008785794998333588635 8.2261442040557371129800623866586 -.029413765711919531176794978327675 -221.29940459004452809074936766846 8.1991448846605004552697421457839 -.0080684816068575565952535090845152 -223.83711144816795400696053183695 8.4583673181491819992121834726638 -.32592837345514774681405311862931 -218.67166309955715851891593365612 8.0025731527897121015183646472996
5 24 .4 -206.7 -5.9 .56 -203.2 -4.6 .32 -204.7 -4.5 .24 -206.1 -6.5
5 24 .04 -162.2 -12.8 .44 -164.3 -13.1 .44 -164.2 -12.2 0 -164.2 -13.4
5 24 .32 -94.6 -7.7 .76 -89.9 -8.8 .2 -93.3 -14.7 .76 -92.9 -5.1
5 24 .2 -186.1 -9.1 .2 -186.4 -8.2 .56 -185.6 -8.8 .16 -188 -8.6
5 24 .76 -182.8 -9.9 .4 -179.5 -9.9 .88 -180.5 -9.6 .4 -183 -10
5 24 .52 -79.4 -18.9 .64 -76.1 -19.6 .56 -85.5 -19.8 .8 -71.7 -16.8
5 24 .88 -177.1 12 1.04 -174.6 12.6 .52 -175.9 12.2 .92 -177.3 13.4
5 24 .76 -112.5 6.6 .6 -108.9 5.4 .68 -108.5 7.6 .6 -110 2.4
5 24 -.88 -140.9 -14.6 -.56 -141.5 -15.5 -.48 -137 -14.6 -.8 -145.5 -15.8
5 24 .4 -161.9 9.8 .36 -160.7 7.7 .12 -157.2 6.1 .6 -164.7 10.2
5 24 .16 -206 8 -.32 -205.8 7.1 -.32 -198.9 5.2 -.48 -209.6 8.3
5 24 .76 -92.9 -5.1 .64 -102 3.3 .64 -101 -2.1 1.12 -97.5 7.5
5 24 .68 -118.1 10.4 .4 -119.7 10.2 .04 -118.9 10.8 .76 -119.7 11.2
5 24 .48 -186.1 -9.3 .2 -186.1 -9.1 .64 -185.8 -10 .36 -186 -9.8
5 24 1.08 -105.9 19.6 .96 -101.9 19.4 .64 -103.7 19.6 1.36 -106.1 19
5 24 .84 -161 7.4 .16 -163.9 5.5 .64 -165 6.5 .36 -160.7 7.7
5 24 1.12 -123.7 11.7 .88 -127.5 10.6 .96 -122.1 10.8 1.32 -128.7 11.3
5 24 .8 -44.1 2.2 1.24 -47.1 -3.7 1.36 -47.5 7.4 .52 -38.7 -1.3
5 24 .32 -107.4 -14.6 -.08 -108.5 -12.3 -.32 -103.7 -11.4 .16 -115.8 -14.2
5 24 .68 -132.4 13.5 .76 -134.5 13.4 .36 -133.3 13 1.28 -136.1 13
5 24 1.04 -174.6 12.6 1 -174.1 13.8 .92 -177.3 13.4 1.12 -171.1 13.1
5 24 -.18406344820917959491158809137543 -224.41553369203439095828899762821 9.2901357842003201329981797928079 .064874759907902626275192229540724 -222.3342436862353655591011055779 9.5157858786667183539099685726821 -.0080684816068575565952535090845152 -223.83711144816795400696053183695 8.4583673181491819992121834726638 -.36800005683882378481986006045215 -221.11429966449072017259635997999 9.4911324767706238043135501547739
5 24 -.84 -148.3 -18.8 -.88 -145.7 -18.3 -.56 -147.1 -17.4 -1.16 -146.7 -18.6
5 24 0 -59.5 -24.1 0 -61.7 -25.7 .36 -59.7 -25.2 -.36 -61 -25.8
5 24 1.44 -157.1 11.2 .92 -154.3 8.6 1.48 -154.4 8.7 .72 -161.3 11.4
5 24 -.24592837345514774681405311862931 -212.97166309955715851891593365612 7.6025731527897121015183646472996 -.32592837345514774681405311862931 -216.17166309955715851891593365612 8.1025731527897121015183646472996 -.48592837345514774681405311862928 -213.47166309955715851891593365612 8.2025731527897121015183646472996 .11407162654485225318594688137069 -215.17166309955715851891593365612 8.2025731527897121015183646472996
5 24 -1.04 -102.2 2.7 -.88 -95.9 -3.3 -.88 -105.3 -2.8 -1 -91.7 3.4
5 24 .8 -163.4 -3 .44 -153.2 -3.7 -.08 -158 -3.6 .84 -159.1 2
5 24 -.92 -147.9 -2 -.56 -157.9 .5 -.84 -151.1 -4.7 .12 -157.2 6.1
5 24 1.32 -203.5 5.8 1.24 -194.5 2.8 1 -193.4 4.1 1.6 -203.5 3.2
5 24 -.88 -73.4 -6.8 -.84 -90.9 -10.2 -.72 -85.9 -11.7 -.92 -78 1.2
5 24 -.48 -146.7 -9.2 -.32 -152.9 -11 -.92 -152.2 -10.8 .08 -149.4 -8.7
5 24 .28 -33.5 4.1 .4 -27.5 5.7 1.04 -30.4 10 .28 -32.2 -.4
5 24 0 -45.1 -24.1 .76 -49 -22.3 .92 -42.3 -23.2 -.08 -52.6 -23.3
5 24 .72 -97.7 16 0 -96.9 13 1.2 -95.6 13.8 .16 -97.4 17
5 24 -.64 -133.4 -18.3 -.04 -131.9 -18.4 -.28 -135.7 -17.3 -.32 -129.5 -18.7
5 24 .04 -111.8 11.2 .16 -118.1 12.3 0 -117.4 11.5 .52 -116.8 12.6
5 24 .2 -236.4 1 .16 -234.7 1.6 0 -238.4 1.6 .4 -231.7 1.2
5 24 -1.48 -29.8 -5 -1.2 -35.6 3 -1.68 -31.4 3.8 -1.16 -34.9 -4.6
5 24 -.76 -44.4 21.2 -1.16 -37.2 16.9 -.84 -43.6 17.1 -.4 -41.7 21.5
5 24 1.2 -107.6 17.7 1.2 -104.4 18.1 1.44 -109.4 18.4 .8 -104.7 17.7
5 24 .12 -165.1 -11.9 .32 -165.7 -12.4 .44 -164.2 -12.2 -.16 -164.6 -12.7
5 24 -.4 -117.1 -13.7 -.56 -122.4 -14 -1 -115.7 -14.7 0 -124.5 -13.9
5 24 .32 -181.3 13.6 .32 -184.8 13.6 .44 -182.3 12.5 .4 -183.4 14
5 24 .68 -172.1 12.1 .68 -172.6 13.3 .6 -166.9 12.8 .52 -175.9 12.2
5 24 .24 -209.4 -6.9 .16 -210.3 -7.5 -.12 -210.6 -6.9 .4 -206.7 -5.9
5 24 -.08 -176.8 -7.1 -.12 -165.9 -2.3 -.4 -174.5 -2.1 .36 -166.8 -4.8
5 24 .4 -179.5 -9.9 .88 -177.5 -9 .88 -180.5 -9.6 .44 -176 -8.7
5 24 .16 -196.6 -3.3 -.04 -200.7 -3.2 .56 -200.2 -3.9 -.32 -195.8 -1.8
5 24 -.2 -56.4 -24.2 .08 -58.4 -25.5 .32 -56 -23.7 -.48 -58.3 -24.7
5 24 .92 -105.3 11.5 1.12 -97.5 7.5 1 -99 11.6 1 -105.4 9.5
5 24 .2 -141.6 4.6 1.08 -144.2 6.4 -.04 -149.9 4.4 .96 -140 5.7
5 24 .08 -206.6 -5.3 -.12 -206.6 -6.1 -.16 -208.6 -5.9 -.12 -205.3 -5.3
5 24 -.64 -75.7 -17.2 .12 -72.2 -15.5 .12 -79.7 -18.1 -.76 -69.8 -14.1
5 24 1.16 -111.6 19.5 1.16 -109.3 19.5 1.44 -111.8 18.8 .76 -108.5 19.3
5 24 0 -96.9 13 1.2 -95.6 13.8 .72 -97.7 16 .48 -98.2 12.5
5 24 1.04 -116 11.6 .8 -115.4 10.2 1.04 -112.1 11.5 .68 -118.1 10.4
5 24 .48 -85.4 -20.9 .64 -76.1 -19.6 .24 -80.8 -21.6 .56 -85.5 -19.8
5 24 .44 -59.9 18.7 1.08 -52.3 15.9 .04 -52.7 15.7 1.4 -61.7 16.8
5 24 -.24 -23.6 -9.8 -.52 -25 -7.9 .16 -24.9 -7.8 -.8 -24.9 -9.5
5 24 -.88 -35.6 19.3 -.4 -41.7 21.5 -.32 -35.9 20.6 -1.16 -37.2 16.9
5 24 .4 -183.4 14 .32 -181.3 13.6 .8 -181.7 13.6 .32 -184.8 13.6
5 24 .08 -206.6 -5.3 .32 -204.7 -4.5 .04 -204 -4.6 .4 -206.7 -5.9
5 24 .76 -181.8 12.5 .88 -179 12.4 .4 -179.3 12 .8 -181.7 13.6
5 24 -1.16 -47.3 10 -1.08 -60.2 4.5 -.92 -78 1.2 -1.04 -50.7 -4.7
5 24 -.36 -23.6 16.3 -.88 -24.8 16.3 -.6 -22.6 15.2 -.48 -26.7 18
5 24 .28 -121.8 6.3 .48 -127.1 5.8 -.08 -126.3 2.6 .68 -122.6 7.7
5 24 -.92 -147.9 -2 .12 -157.2 6.1 -.04 -149.9 4.4 -.56 -157.9 .5
5 24 1.24 -76.4 13.1 1.52 -81 10.1 1.48 -86.1 13.2 1.68 -67.2 13
5 24 -.08 -119.1 2.8 -.08 -126.3 2.6 .28 -121.8 6.3 -.24 -126 0
5 24 .2 -85.2 -20.3 .24 -87.8 -20.4 .28 -85.5 -19.6 .48 -85.4 -20.9
5 24 .24 -100.7 18 .56 -99.7 16.9 .8 -104.7 17.7 .16 -97.4 17
5 24 -.72 -26 5.6 -1.44 -28.3 1.6 -.52 -27.3 2.8 -.88 -24.2 7.9
5 24 -.08 -119.1 2.8 -.24 -118.2 -2.9 -.44 -112.6 1.4 -.24 -126 0
5 24 1.44 -111.8 18.8 1.44 -109.4 18.4 1.16 -109.3 19.5 1.12 -111.6 17.9
5 24 -.84 -149.2 -17.2 -.8 -145.5 -15.8 -.56 -147.1 -17.4 -1.2 -148.2 -16.5
5 24 -.84 -58.1 -15.6 -.6 -65.7 -18.4 -1.08 -63.8 -14.5 .12 -58.4 -17.3
5 24 -.08 -52.6 -23.3 .76 -49 -22.3 0 -45.1 -24.1 .32 -56 -23.7
5 24 -.16 -88.6 -14.9 -.28 -79.8 -11.6 .12 -87.8 -14.5 -.72 -85.9 -11.7
5 24 1.56 -59 13.2 1.48 -46.8 13.2 1.08 -52.3 15.9 1.36 -47.5 7.4
5 24 .4 -21.4 12.3 -.04 -20.8 11 -.12 -21.7 14.1 .32 -21.7 9.8
5 24 -.32592837345514774681405311862931 -218.67166309955715851891593365612 8.0025731527897121015183646472996 -.51460050078493899927550356667348 -220.83242777311023492180912882393 8.6997885734535514277332192859571 -.44592837345514774681405311862928 -218.07166309955715851891593365612 8.6025731527897121015183646472996 -.39241165581158362092721744799491 -221.69402385008785794998333588635 8.2261442040557371129800623866586
5 24 -.04 -229.9 1.8 .16 -234.7 1.6 -.16 -233.1 1.4 .28 -228.8 1.9
5 24 .68 -182.2 -3.8 .36 -182.4 -6.4 -.16 -181.8 -5.7 .96 -180.1 -5.9
5 24 .8 -163.4 -3 .36 -166.8 -4.8 -.08 -158 -3.6 .72 -170.6 -6.5
5 24 -.16 -208.6 -5.9 .16 -209.1 -6.2 -.12 -210.6 -6.9 .08 -206.6 -5.3
5 24 -1.08 -134.8 -16.8 -1.36 -137.4 -15.2 -1.64 -139.9 -16.4 -.84 -134.2 -15.3
5 24 -.72 -155.4 -11.2 -.52 -154.5 -9.3 -1.12 -151.2 -8.7 -.6 -157 -10.8
5 24 .84 -79.6 20.8 1.24 -87.3 21.7 1.36 -84.1 20.7 1.08 -89.2 22.8
5 24 .24 -44.7 18 1 -44.9 16.2 .56 -42.3 20.2 -.08 -46.5 15.7
5 24 -.28 -85.4 13.1 -.32 -93.3 13.8 .16 -97.4 17 -1 -85 6.7
5 24 .2 -46.2 21.5 .56 -42.3 20.2 -.04 -43.9 21.7 .12 -45.2 20.1
5 24 .84 -127.5 -5.7 1.04 -132.1 -1.4 .68 -133.8 -5.4 .92 -124.1 -3.6
5 24 1.32 -113.1 18.9 1.16 -111.6 19.5 .96 -112 19 1.44 -111.8 18.8
5 24 .32 -39.6 -24.1 0 -45.1 -24.1 -.4 -38.2 -23.4 .92 -42.3 -23.2
5 24 .8 -104.7 17.7 .96 -100.6 17.5 .56 -99.7 16.9 1.2 -104.4 18.1
5 24 .44 -104.4 19 .76 -108.5 19.3 .64 -103.7 19.6 .56 -105.6 18.3
5 24 -1.48 -142.9 -14.8 -1.64 -143.5 -16.1 -1.16 -145.1 -15.6 -1.6 -140.2 -15.4
5 24 -.84 -99.6 -12.4 -.32 -103.7 -11.4 -.32 -96.7 -10.5 -.8 -104.8 -11.9
5 24 -.04 -212.8 -7.8 .08 -211.6 -7.3 -.12 -212.3 -7.3 .16 -212.4 -7.9
5 24 .84 -117.1 6.9 .76 -112.5 6.6 .84 -116.3 3.1 .56 -113.8 8.1
5 24 -.6 -78 -18.9 -.12 -81.4 -20.6 -.2 -73.2 -20.9 .2 -85.2 -20.3
5 24 .52 -175.9 12.2 .24 -177.3 12.5 .4 -179.3 12 .56 -175.9 13.6
5 24 1.44 -32.7 14.1 .84 -26.3 16.2 .84 -23.5 14 1.04 -33.2 18
5 24 -.56 -122.4 -14 -1 -115.7 -14.7 -.6 -127.6 -14.6 -.4 -117.1 -13.7
5 24 .08 -132.7 -14.7 .28 -124.7 -15 .24 -128.7 -17.2 -.16 -128.9 -14
5 24 .96 -128.4 12.9 .96 -124.5 12.6 1.32 -130.4 12.2 .44 -126.1 12.4
5 24 .24 -115.8 10.1 0 -117.4 11.5 .12 -112.6 10.2 .04 -118.9 10.8
5 24 .36 -186 -9.8 .64 -185.8 -10 .48 -186.1 -9.3 .4 -183 -10
5 24 1.92 -40 -11.8 1.56 -32.5 -12.6 1.64 -37.2 -16.7 1.4 -31.2 -9.8
5 24 .16 -24.9 -7.8 -.52 -25 -7.9 -.24 -23.6 -9.8 -.88 -27.3 -4.1
5 24 -.24 -118.2 -2.9 -.6 -110.3 -2.5 -.44 -112.6 1.4 -.12 -113.3 -7.1
5 24 -.16 -181.8 -5.7 -.36 -179.1 -5.3 -.48 -181.9 -1.4 .04 -179.9 -8.9
5 24 -.16 -88.6 -14.9 .12 -87.8 -14.5 -.28 -79.8 -11.6 .2 -93.3 -14.7
5 24 .64 -76.1 -19.6 1.32 -66.7 -16.9 .8 -71.7 -16.8 .48 -71.7 -20.8
5 24 0 -96.9 13 .48 -98.2 12.5 -.56 -102.9 9.9 1.2 -95.6 13.8
5 24 1 -134.1 11.1 1.2 -131.2 11.2 1.6 -136 11.6 .56 -132.1 11
5 24 1.2 -208.4 3.2 1.6 -203.5 3.2 1.32 -203.5 5.8 1.36 -210.9 .5
5 24 .32 -204.7 -4.5 .4 -206.7 -5.9 .56 -203.2 -4.6 .08 -206.6 -5.3
5 24 -.84 -148.3 -18.8 -1.16 -146.7 -18.6 -.88 -145.7 -18.3 -1.36 -148.1 -18.9
5 24 .56 -175.9 13.6 .24 -177.3 12.5 .48 -178.4 13.6 .52 -175.9 12.2
5 24 .72 -84.8 -11.1 .2 -78.7 -11.3 .64 -77.9 -9.6 .12 -87.8 -14.5
5 24 .12 -165.1 -11.9 -.16 -164.6 -12.7 .32 -165.7 -12.4 0 -162.7 -11.8
5 24 .24 -115.8 10.1 .8 -115.4 10.2 .44 -112 9.7 .68 -118.1 10.4
5 24 -.2 -205.4 3.2 .16 -206.7 4.9 .56 -209.3 3.2 -.4 -207.8 6.8
5 24 .28 -208.7 1.6 .16 -217 1.6 .12 -216.1 0 .56 -209.3 3.2
5 24 1.2 -208.4 3.2 1.36 -210.9 .5 1.6 -203.5 3.2 .72 -218.8 1.7
5 24 -.36 -23.6 16.3 -.12 -21.7 14.1 -.6 -22.6 15.2 .32 -23.4 15.7
5 24 -.12 -170.2 1.8 .32 -173.3 4.4 .16 -163.9 5.5 -.28 -185.3 1.6
5 24 -1.44 -28.3 1.6 -1.68 -31.4 3.8 -1.48 -26.7 7.6 -1.48 -29.8 -5
5 24 .88 -127.5 10.6 1.2 -131.2 11.2 1.32 -128.7 11.3 .56 -132.1 11
5 24 .68 -108.5 7.6 .4 -108.8 9 -.04 -108.9 9.1 .72 -108.6 9.3
5 24 .64 -107.3 12.2 .16 -107.2 12.1 .52 -112 12.3 .48 -103.7 12.6
5 24 -.48 -137 -14.6 -.16 -128.9 -14 -.6 -127.6 -14.6 .08 -132.7 -14.7
5 24 -.32 -68.2 20 .64 -76.8 21.7 .12 -72.7 18.2 .04 -67.1 21.5
5 24 .16832765310008450976838249257056 -220.06098228090766009225155225023 8.8409585295535919447902573533654 .11407162654485225318594688137069 -215.17166309955715851891593365612 8.2025731527897121015183646472996 .15407162654485225318594688137069 -217.37166309955715851891593365612 8.9025731527897121015183646472996 -.029413765711919531176794978327675 -221.29940459004452809074936766846 8.1991448846605004552697421457839
5 24 1.36 -128.3 6.6 .96 -127.5 6.8 1.2 -129.4 7.5 1.16 -124.9 5.9
5 24 .04 -111.8 11.2 .12 -112.6 10.2 -.08 -109.1 9.9 0 -117.4 11.5
5 24 -.72 -46.2 21.1 -.36 -47.2 20.8 -.28 -45.3 19.3 -.4 -48 22
5 24 -.36 -152.7 -6.2 -.84 -151.1 -4.7 -.08 -158 -3.6 -1.12 -151.2 -8.7
5 24 .64 -107.3 12.2 .52 -112 12.3 .8 -113.3 12.3 .16 -107.2 12.1
5 24 -.4 -207.8 6.8 -.2 -205.4 3.2 .16 -206.7 4.9 -.52 -201.8 3.5
5 24 .32 -184.8 13.6 .72 -187.6 14.1 .36 -187.6 13.5 .84 -184.9 13.8
5 24 .8 -201.8 6.9 -.32 -198.9 5.2 .16 -206 8 .16 -195.9 5.5
5 24 1.44 -32.7 14.1 .76 -38.7 7 1.04 -30.4 10 1.36 -47.5 7.4
5 24 .64 -135.4 12.6 .76 -134.5 13.4 .36 -133.3 13 1.28 -136.1 13
5 24 .6 -188 -7.5 .36 -189.1 -7.7 .56 -190.8 -7.5 .2 -186.4 -8.2
5 24 -1.28 -148.3 -8.7 -1.12 -151.2 -8.7 -.92 -152.2 -10.8 -.84 -151.1 -4.7
5 24 .96 -112 19 .72 -109.7 18.4 .76 -108.5 19.3 1.04 -112.6 18.5
5 24 1.44 -70.9 15.3 1.12 -74.6 19 .72 -72.6 15.6 1.44 -69 19.7
5 24 -1 -85 6.7 -.88 -96.3 7.7 -1 -91.7 3.4 -.32 -93.3 13.8
5 24 .24 -177.3 12.5 .4 -179.3 12 .24 -179.6 13 .52 -175.9 12.2
5 24 .44 -164.2 -12.2 .44 -164.3 -13.1 .04 -162.2 -12.8 .28 -165.4 -13.4
5 24 1.08 -73.1 22 .68 -69.5 22.2 .64 -76.8 21.7 1.04 -66.4 21
5 24 -.08 -158 -3.6 .36 -166.8 -4.8 -.24 -160.5 -2.8 .8 -163.4 -3
5 24 .28 -221.2 -.4 -.08 -222.4 .5 .12 -216.1 0 -.04 -226.4 .7
5 24 -.4 -174.5 -2.1 -.48 -181.9 -1.4 -.28 -185.3 1.6 -.36 -179.1 -5.3
5 24 -.84 -148.3 -18.8 -.56 -147.1 -17.4 -.88 -149.4 -18.5 -.88 -145.7 -18.3
5 24 -.88 -24.2 7.9 -.92 -22.6 13 -1.48 -26.7 7.6 -.4 -21.4 10
5 24 .6 -188 -9.5 .92 -187 -9.2 .64 -191 -8.6 .64 -185.8 -10
5 24 1.84 -46.5 -10.5 1.92 -40 -11.8 1.68 -48.5 -15 1.24 -47.1 -3.7
5 24 .4 -109.5 -17.7 .28 -103.1 -17.3 -.16 -101.2 -18.4 .32 -107.4 -14.6
5 24 .6 -179.2 4.3 1 -171.6 5.2 1.28 -173.5 4 .32 -173.3 4.4
5 24 .16 -110.1 12 .04 -111.8 11.2 .52 -112 12.3 -.24 -106.3 11.4
5 24 .84 -79.6 20.8 1.36 -84.1 20.7 1.24 -87.3 21.7 1.44 -79.5 20.7
5 24 -.72 -26 5.6 .24 -25 7.1 -.08 -23 8.2 .4 -27.5 5.7
5 24 -.2 -205.4 3.2 .36 -203.1 -.5 -.4 -199.5 -.4 .28 -208.7 1.6
5 24 1.12 -97.5 7.5 1.24 -76.1 3.7 1.52 -81 10.1 .76 -92.9 -5.1
5 24 -.6 -118.7 -19.5 -.2 -123 -18.7 -.76 -126.5 -16.8 .16 -114.8 -19.7
5 24 -1.16 -145.1 -15.6 -.8 -145.5 -15.8 -1.48 -142.9 -14.8 -1.2 -148.2 -16.5
5 24 -.64 -133.4 -18.3 -.8 -137.8 -17.5 -.28 -135.7 -17.3 -1.28 -137.7 -17.3
5 24 .28 -208.4 7.8 .52 -206.7 7.8 .16 -207.2 6.7 .23407162654485225318594688137069 -210.77166309955715851891593365612 8.2025731527897121015183646472996
5 24 -.08 -123.6 -3.4 .32 -127.6 -5.8 -.36 -133.5 -2.8 .08 -118.8 -6.9
5 24 .24 -44.7 18 .56 -42.3 20.2 1 -44.9 16.2 .12 -45.2 20.1
5 24 -.84 -76 8 -.28 -85.4 13.1 0 -76.9 12.5 -1 -85 6.7
5 24 .96 -121 2.9 .64 -111.8 -2.5 .84 -116.3 3.1 .92 -124.1 -3.6
5 24 -1.12 -111.1 -16.5 -1.04 -117.4 -17.8 -1 -115.7 -14.7 -.88 -111.5 -18.8
5 24 -1.16 -37.2 16.9 -.4 -41.7 21.5 -.88 -35.6 19.3 -.76 -44.4 21.2
5 24 .72 -97.7 16 1.04 -97 17.6 1.2 -95.6 13.8 .96 -100.6 17.5
5 24 .72 -161.3 11.4 .12 -157.2 6.1 .4 -161.9 9.8 .92 -154.3 8.6
5 24 .32 -122.1 10.6 .8 -123 10.2 .4 -119.7 10.2 .36 -125 10.4
5 24 .24 -98.8 18.6 .24 -100.7 18 .64 -103.7 19.6 .16 -97.4 17
5 24 1.28 -128.2 3.2 1.36 -128.3 6.6 1.52 -128.7 5.7 .92 -125.5 1.6
5 24 .16 -212.4 -7.9 0 -210.5 -8 .16 -210.3 -7.5 .04 -212.5 -8.4
5 24 .72 -85.9 15.4 .6 -98 18.7 1.04 -97 17.6 .24 -98.8 18.6
5 24 1 -174.1 13.8 .68 -172.6 13.3 .56 -175.9 13.6 1.12 -171.1 13.1
5 24 .64 -107.3 12.2 .48 -103.7 12.6 .92 -105.3 11.5 .16 -107.2 12.1
5 24 -.76 -44.4 21.2 -.72 -46.2 21.1 -.84 -43.6 17.1 -.6 -47 22.7
5 24 -.92 -78 1.2 -1 -91.7 3.4 -.88 -95.9 -3.3 -1 -85 6.7
5 24 -.045928373455147746814053118629312 -217.27166309955715851891593365612 7.9025731527897121015183646472996 -.029413765711919531176794978327675 -221.29940459004452809074936766846 8.1991448846605004552697421457839 -.32592837345514774681405311862931 -218.67166309955715851891593365612 8.0025731527897121015183646472996 .11407162654485225318594688137069 -215.17166309955715851891593365612 8.2025731527897121015183646472996
5 24 .96 -121 2.9 1.12 -121.4 7.1 .84 -117.1 6.9 1.16 -124.9 5.9
5 24 .16 -188 -8.6 .36 -189.2 -9.1 .36 -190.5 -8.3 .6 -188 -9.5
5 24 1.28 -128.2 3.2 1.52 -128.7 5.7 1.36 -128.3 6.6 1.48 -132.8 4
5 24 .56 -85.5 -19.8 .48 -85.4 -20.9 .64 -87.8 -20.5 .64 -76.1 -19.6
5 24 -.88 -24.8 16.3 -.48 -26.7 18 -.68 -30.3 19.1 -.36 -23.6 16.3
5 24 -1.48 -26.7 7.6 -1.44 -28.3 1.6 -1.68 -31.4 3.8 -.88 -24.2 7.9
5 24 .56 -209.3 3.2 1.2 -208.4 3.2 .16 -206.7 4.9 .16 -217 1.6
5 24 1.6 -203.5 3.2 1.28 -194.2 .4 1.24 -194.5 2.8 1.4 -201.6 -.2
5 24 .48 -178.4 13.6 .32 -181.3 13.6 .8 -181.7 13.6 .24 -179.6 13
5 24 .88 -168.9 11.5 1 -165.1 12.3 1.24 -162.5 10.8 .6 -166.9 12.8
5 24 .4 -26.9 -15.2 -.68 -27.9 -15.1 -.24 -26.3 -14.8 -.16 -31 -18
5 24 .4 -119.7 10.2 .8 -123 10.2 .32 -122.1 10.6 .96 -122.1 10.8
5 24 .56 -195.8 -3.4 .16 -196.6 -3.3 .28 -186.6 -3 .56 -200.2 -3.9
5 24 .68 -133.8 -5.4 1.04 -132.1 -1.4 .84 -127.5 -5.7 .8 -136.9 -4.8
5 24 -.52 -107.2 9.4 -.04 -108.9 9.1 -.48 -109.1 6.7 -.08 -109.1 9.9
5 24 -.2 -56.4 -24.2 -.48 -55.3 -22.8 -.08 -52.6 -23.3 -.48 -58.3 -24.7
5 24 .68 -172.1 12.1 .88 -168.9 11.5 1.04 -174.6 12.6 .6 -164.7 10.2
5 24 -.0080684816068575565952535090845152 -223.83711144816795400696053183695 8.4583673181491819992121834726638 -.078597286444823306640513560189064 -225.99359165767395174737648139617 9.0486533613577402878674591789662 -.18406344820917959491158809137543 -224.41553369203439095828899762821 9.2901357842003201329981797928079 .01107289038816002766073390345865 -225.83923127351844104640060331869 8.4690688179384928407977073233312
5 24 .24 -209.4 -6.9 .16 -209.1 -6.2 -.12 -210.6 -6.9 .4 -206.7 -5.9
5 24 .48 -118.3 -16.8 .16 -115.8 -14.2 .28 -124.7 -15 .32 -107.4 -14.6
5 24 .16 -217 1.6 .72 -218.8 1.7 1.2 -208.4 3.2 .28 -223.9 1.9
5 24 -1.48 -26.7 7.6 -1.48 -30.3 10.9 -1.28 -24.7 12.8 -1.68 -31.4 3.8
5 24 .44 -59.9 18.7 -.56 -61.2 16 .04 -67.1 21.5 .04 -52.7 15.7
5 24 .4 -161.9 9.8 .6 -164.7 10.2 .72 -161.3 11.4 .36 -160.7 7.7
5 24 1.48 -159.5 11.6 1.48 -154.4 8.7 1.44 -157.1 11.2 1.64 -158.2 9.3
5 24 .32 -122.1 10.6 .24 -122.4 11.8 .36 -125 10.4 0 -117.4 11.5
5 24 .8 -123 10.2 .96 -122.1 10.8 .4 -119.7 10.2 .88 -127.5 10.6
5 24 1.24 -47.1 -3.7 .52 -38.7 -1.3 .8 -44.1 2.2 1 -34.5 -5.2
5 24 .04 -111.8 11.2 0 -117.4 11.5 .16 -118.1 12.3 .12 -112.6 10.2
5 24 -.4 -48 22 .04 -47.8 22.1 -.36 -47.2 20.8 -.2 -47.5 23.1
5 24 0 -24.4 -12.9 .4 -26.9 -15.2 .68 -25.4 -12.4 -.24 -26.3 -14.8
5 24 0 -162.7 -11.8 .12 -165.1 -11.9 -.16 -164.6 -12.7 .44 -164.2 -12.2
5 24 .68 -133.8 -5.4 .04 -139.3 -7.3 .36 -139.8 -6.9 .24 -133.3 -5.2
5 24 .52 -118 -7.2 .28 -112.4 -7.4 .64 -114.4 -6.1 .08 -118.8 -6.9
5 24 .68 -185.5 -7.9 .96 -183.5 -8.6 .92 -187 -9.2 .68 -183.3 -7.7
5 24 1.24 -162.5 10.8 .84 -161 7.4 1.64 -158.2 9.3 .6 -164.7 10.2
5 24 .2 -46.2 21.5 -.04 -43.9 21.7 -.04 -46.3 22.9 .56 -42.3 20.2
5 24 -.4 -38.2 -23.4 -.16 -31 -18 -.88 -34.8 -19.3 .68 -33 -18.5
5 24 -.6 -93.5 -7.5 .32 -94.6 -7.7 -.6 -99.5 -5.5 -.24 -94.5 -8.9
5 24 .08 -61.8 -26.3 .36 -59.7 -25.2 .08 -60.9 -26.5 0 -61.7 -25.7
5 24 .8 -115.4 10.2 .92 -112.6 10.4 1.04 -112.1 11.5 .44 -112 9.7
5 24 -.6 -110.3 -2.5 -.44 -112.6 1.4 -1 -105.9 1.9 -.24 -118.2 -2.9
5 24 .28 -33.5 4.1 .28 -32.2 -.4 .12 -36.3 1.3 .4 -27.5 5.7
5 24 .28 -129.4 12.1 .16 -132.5 12 .24 -131 11.2 .32 -131.1 13
5 24 .64 -107.3 12.2 .92 -105.3 11.5 .48 -103.7 12.6 1.04 -110.3 10.6
5 24 .16 -217 1.6 .28 -223.9 1.9 -.08 -224.9 1.5 .72 -218.8 1.7
5 24 .44 -104.4 19 .56 -105.6 18.3 .24 -100.7 18 .76 -108.5 19.3
5 24 0 -110.9 8.5 .24 -112.1 9 .2 -114.3 7.9 -.04 -108.9 9.1
5 24 .32 -94.6 -7.7 .2 -93.3 -14.7 .28 -96.3 -12.6 .76 -89.9 -8.8
5 24 .96 -112 19 1.16 -111.6 19.5 1.32 -113.1 18.9 .76 -108.5 19.3
5 24 -.76 -140.1 -3.5 .24 -133.3 -5.2 -.88 -142.7 -7 -.36 -133.5 -2.8
5 24 -.92 -45.3 2.8 -.76 -44.2 -7 -.88 -39.4 5.7 -1.04 -50.7 -4.7
5 24 -.28 -212.5 -7.7 -.12 -210.6 -6.9 -.32 -210.3 -7.1 -.12 -212.3 -7.3
5 24 1.04 -97 17.6 .72 -85.9 15.4 .6 -98 18.7 1.16 -87.9 15.2
5 24 .24 -65.9 -19.8 -.2 -73.2 -20.9 -.6 -65.7 -18.4 .48 -71.7 -20.8
5 24 1.48 -46.8 13.2 1.52 -39.4 15.6 1.36 -47.5 7.4 1 -44.9 16.2
5 24 -.84 -99.6 -12.4 -.6 -93.5 -7.5 -.32 -96.7 -10.5 -.84 -90.9 -10.2
5 24 -.4 -207.8 6.8 .16 -206.7 4.9 -.2 -205.4 3.2 .16 -207.2 6.7
5 24 .24 -100.7 18 .56 -105.6 18.3 .8 -104.7 17.7 .44 -104.4 19
5 24 -.04 -212.8 -7.8 -.12 -212.3 -7.3 -.28 -212.5 -7.7 .08 -211.6 -7.3
5 24 .16 -212.4 -7.9 .04 -212.5 -8.4 0 -210.5 -8 -.04 -212.8 -7.8
5 24 -.72 -155.4 -11.2 -.6 -157 -10.8 -.32 -159.2 -12.4 -.52 -154.5 -9.3
5 24 .2 -78.7 -11.3 .64 -77.9 -9.6 .72 -84.8 -11.1 .28 -73 -10.6
5 24 .52 -79.4 -18.9 .56 -85.5 -19.8 .64 -76.1 -19.6 .12 -79.7 -18.1
5 24 .72 -161.3 11.4 .6 -164.7 10.2 .6 -166.9 12.8 .4 -161.9 9.8
5 24 -.24592837345514774681405311862931 -215.67166309955715851891593365612 8.9025731527897121015183646472996 -.32592837345514774681405311862931 -212.17166309955715851891593365612 9.0025731527897121015183646472996 .11407162654485225318594688137069 -213.77166309955715851891593365612 8.9025731527897121015183646472996 -.4 -213.9 9.1
5 24 .36 -88.2 -19.6 .68 -88.2 -19.5 .56 -85.5 -19.8 .6 -89 -20.1
5 24 .48 -127.1 5.8 .96 -125.1 6.9 .68 -122.6 7.7 .96 -127.5 6.8
5 24 -1.48 -148.6 -17.7 -1.24 -149.7 -18.2 -1.36 -148.1 -18.9 -1.2 -148.2 -16.5
5 24 .28 -223.9 1.9 -.08 -224.9 1.5 .28 -228.8 1.9 .16 -217 1.6
5 24 .24 -98.8 18.6 .16 -97.4 17 -.28 -85.4 13.1 .24 -100.7 18
5 24 -.12 -21.7 14.1 -.6 -22.6 15.2 -.36 -23.6 16.3 -.52 -21.3 12.4
5 24 .04 -103 12.3 .48 -103.7 12.6 .16 -107.2 12.1 .48 -98.2 12.5
5 24 1.12 -149.5 7 1.48 -146.8 6.9 1.08 -144.2 6.4 1 -152.9 4.5
5 24 .64 -73.7 13.9 1.24 -76.4 13.1 0 -76.9 12.5 1.44 -70.9 15.3
5 24 -.32 -93.3 13.8 .16 -97.4 17 0 -96.9 13 -.28 -85.4 13.1
5 24 -1.08 -134.8 -16.8 -1.28 -137.7 -17.3 -.64 -133.4 -18.3 -1.64 -139.9 -16.4
5 24 -.72 -26 5.6 -.88 -24.2 7.9 -.08 -23 8.2 -1.44 -28.3 1.6
5 24 1.6 -136 11.6 1 -134.1 11.1 1.2 -131.2 11.2 1.28 -137.4 11
5 24 -1.24 -140.9 -17.4 -.52 -139.8 -16.6 -.8 -137.8 -17.5 -.64 -142.9 -17.2
5 24 1.04 -97 17.6 1.16 -87.9 15.2 1.52 -92.9 13 .72 -85.9 15.4
5 24 0 -117.4 11.5 .24 -122.4 11.8 .16 -118.1 12.3 .32 -122.1 10.6
5 24 .96 -205.7 0 1.4 -201.6 -.2 1.36 -210.9 .5 1 -202.2 -1.6
5 24 .68 -69.5 22.2 .04 -67.1 21.5 .64 -76.8 21.7 .44 -59.9 18.7
5 24 .76 -92.9 -5.1 .72 -84.8 -11.1 .76 -89.9 -8.8 .96 -82 -3
5 24 1.52 -39.4 15.6 1.04 -33.2 18 1.44 -32.7 14.1 .92 -38.9 19.6
5 24 -.6 -157 -10.8 -.32 -158.9 -10.9 -.32 -159.2 -12.4 -.52 -154.5 -9.3
5 24 -.52 -27.3 2.8 -.72 -27.7 -1.1 -1.44 -28.3 1.6 -.04 -28.2 .1
5 24 .96 -121 2.9 .84 -116.3 3.1 .64 -111.8 -2.5 .84 -117.1 6.9
5 24 1.68 -171 .8 1.36 -166.6 -.1 1.28 -165.4 2.6 1.36 -171.6 -3.4
5 24 .64 -114.4 -6.1 .6 -122.3 -6.7 .92 -124.1 -3.6 .52 -118 -7.2
5 24 .2 -93.3 -14.7 .12 -87.8 -14.5 -.16 -88.6 -14.9 .72 -84.8 -11.1
5 24 .32 -184.8 13.6 .36 -187.6 13.5 .44 -185.1 12.7 .72 -187.6 14.1
5 24 .88 -127.5 10.6 .24 -131 11.2 .36 -127.3 11.2 .56 -132.1 11
5 24 -.32 -105.9 -19.4 -.32 -112.6 -19.9 .16 -114.8 -19.7 -.88 -111.5 -18.8
5 24 .88 -108.6 17.8 1.2 -107.6 17.7 1.44 -109.4 18.4 .8 -104.7 17.7
5 24 1.48 -132.8 4 1.52 -128.7 5.7 1.56 -131.3 6.5 1.28 -128.2 3.2
5 24 1.12 -171.1 13.1 .6 -166.9 12.8 .88 -168.9 11.5 .68 -172.6 13.3
5 24 .96 -205.7 0 1 -202.2 -1.6 .36 -203.1 -.5 1.4 -201.6 -.2
5 24 .04 -139.3 -7.3 -.88 -146.5 -9.2 -.48 -146.7 -9.2 -.88 -142.7 -7
5 24 -.6 -47 22.7 -.4 -48 22 -.72 -46.2 21.1 -.2 -47.5 23.1
5 24 .28 -85.5 -19.6 .36 -88.2 -19.6 .24 -87.8 -20.4 .56 -85.5 -19.8
5 24 1.6 -136 11.6 1.32 -130.4 12.2 1.56 -135 12.4 1.2 -131.2 11.2
5 24 1.24 -76.1 3.7 1.52 -81 10.1 1.12 -97.5 7.5 1.44 -62.2 6.7
5 24 -.16 -88.6 -14.9 -.6 -91.8 -15.5 -.52 -97 -17.3 -.72 -85.9 -11.7
5 24 .24 -128.7 -17.2 .28 -120.7 -18.3 .28 -124.7 -15 -.2 -123 -18.7
5 24 .44 -225.2 .7 .76 -220.4 .3 .48 -225.2 1.6 .28 -221.2 -.4
5 24 -.8 -137.8 -17.5 -.28 -135.7 -17.3 -.64 -133.4 -18.3 -.52 -139.8 -16.6
5 24 -.76 -66.8 13.8 .12 -72.7 18.2 -.44 -72 12.9 -.32 -68.2 20
5 24 1.36 -128.3 6.6 1.16 -124.9 5.9 .92 -125.5 1.6 .96 -127.5 6.8
5 24 1.36 -210.9 .5 .96 -205.7 0 1.4 -201.6 -.2 1.04 -211.8 -.9
5 24 -.24 -126 0 -.36 -133.5 -2.8 -.08 -123.6 -3.4 -.16 -132.8 1.3
5 24 0 -210.5 -8 -.2 -211 -8.1 .04 -212.5 -8.4 -.32 -208 -6.9
5 24 .16 -183.3 -7.9 .56 -186 -8.2 .68 -185.5 -7.9 .2 -186.1 -9.1
5 24 -.36 -152.7 -6.2 -.52 -154.5 -9.3 -1.12 -151.2 -8.7 -.16 -154 -9.1
5 24 1.4 -56.1 -13.7 1.68 -48.5 -15 1.84 -46.5 -10.5 .72 -53.1 -19.1
5 24 -.32 -112.6 -19.9 -.6 -118.7 -19.5 .16 -114.8 -19.7 -.88 -111.5 -18.8
5 24 -.04 -115.3 6.2 .2 -114.3 7.9 0 -110.9 8.5 .64 -117.5 7.7
5 24 -.23289200466106395092639343407218 -226.43726933104122191190020097313 8.487977655872408922347490689845 -.078597286444823306640513560189064 -225.99359165767395174737648139617 9.0486533613577402878674591789662 .01107289038816002766073390345865 -225.83923127351844104640060331869 8.4690688179384928407977073233312 -.18406344820917959491158809137543 -224.41553369203439095828899762821 9.2901357842003201329981797928079
5 24 -.32 -55.7 -21.2 -.44 -57.6 -23.3 -.48 -55.3 -22.8 0 -57.1 -22.9
5 24 0 -124.5 -13.9 -.4 -117.1 -13.7 -.56 -122.4 -14 .16 -115.8 -14.2
5 24 -.04 -108.9 9.1 .4 -108.8 9 .68 -108.5 7.6 -.08 -109.1 9.9
5 24 -.04 -131.9 -18.4 .24 -128.7 -17.2 -.04 -135 -15.9 -.32 -129.5 -18.7
5 24 .6 -108.9 5.4 .68 -108.5 7.6 .44 -106.2 2.2 .76 -112.5 6.6
5 24 .04 -179.9 -8.9 -.36 -179.1 -5.3 -.08 -176.8 -7.1 -.16 -181.8 -5.7
5 24 .2 -114.3 7.9 .56 -113.8 8.1 .64 -117.5 7.7 .24 -112.1 9
5 24 .88 -180.5 -9.6 .4 -179.5 -9.9 .88 -177.5 -9 .76 -182.8 -9.9
5 24 .56 -203.2 -4.6 .24 -206.1 -6.5 .4 -202.7 -4.9 .4 -206.7 -5.9
5 24 1.48 -146.8 6.9 1.2 -143.3 5.2 1.08 -144.2 6.4 1 -152.9 4.5
5 24 .4 -231.7 1.2 .44 -225.2 .7 .36 -229.9 .8 .48 -225.2 1.6
5 24 .24 -80.8 -21.6 .48 -85.4 -20.9 -.12 -81.4 -20.6 .64 -76.1 -19.6
5 24 .36 -189.1 -7.7 .36 -190.5 -8.3 .16 -188 -8.6 .56 -190.8 -7.5
5 24 1.44 -70.9 15.3 1.44 -69 19.7 1.12 -74.6 19 1.68 -67.2 13
5 24 .32 -181.3 13.6 .44 -182.3 12.5 .4 -179.3 12 .32 -184.8 13.6
5 24 -.24 -210.2 9 -.48 -209.6 8.3 -.32592837345514774681405311862931 -212.17166309955715851891593365612 9.0025731527897121015183646472996 .16 -206 8
5 24 -.88 -106.7 6.2 -.44 -112.6 1.4 -.48 -109.1 6.7 -1 -105.9 1.9
5 24 .32 -56 -23.7 -.08 -52.6 -23.3 .76 -49 -22.3 -.2 -56.4 -24.2
5 24 -.24 -59.2 -25.8 -.48 -58.3 -24.7 -.36 -61 -25.8 .08 -58.4 -25.5
5 24 .52 -206.7 7.8 .08 -210.9 9 .23407162654485225318594688137069 -210.77166309955715851891593365612 8.2025731527897121015183646472996 .16 -206 8
5 24 .11407162654485225318594688137069 -215.17166309955715851891593365612 8.2025731527897121015183646472996 .23407162654485225318594688137069 -210.77166309955715851891593365612 8.2025731527897121015183646472996 -.085928373455147746814053118629312 -209.67166309955715851891593365612 7.2025731527897121015183646472996 .11407162654485225318594688137069 -213.77166309955715851891593365612 8.9025731527897121015183646472996
5 24 1 -44.9 16.2 1.52 -39.4 15.6 .56 -42.3 20.2 1.48 -46.8 13.2
5 24 .72 -170.6 -6.5 .44 -176 -8.7 .36 -166.8 -4.8 .88 -177.5 -9
5 24 1.48 -174.7 1.9 1.28 -173.5 4 .8 -183.8 2.9 1.68 -171 .8
5 24 1.4 -201.6 -.2 1.28 -194.2 .4 1.6 -203.5 3.2 1 -193.2 -2
5 24 .92 -42.3 -23.2 1.6 -44 -18.8 1.64 -37.2 -16.7 .76 -49 -22.3
5 24 .36 -119 7.6 -.04 -115.3 6.2 .64 -117.5 7.7 .28 -121.8 6.3
5 24 .12 -216.1 0 .28 -221.2 -.4 .56 -215 -1.5 -.08 -222.4 .5
5 24 .64 -165 6.5 .84 -161 7.4 1 -163.4 5.2 .16 -163.9 5.5
5 24 .24 -181.4 3.6 .6 -179.2 4.3 .32 -173.3 4.4 .8 -183.8 2.9
5 24 1.04 -112.6 18.5 1.32 -113.1 18.9 .96 -112 19 1.12 -111.6 17.9
5 24 .64 -87.8 -20.5 .56 -85.5 -19.8 .48 -85.4 -20.9 .68 -88.2 -19.5
5 24 -.28 -79.8 -11.6 -.48 -72.2 -10.3 .2 -78.7 -11.3 -.88 -73.4 -6.8
5 24 .08 -132.7 -14.7 -.16 -128.9 -14 -.48 -137 -14.6 .28 -124.7 -15
5 24 .84 -23.5 14 .96 -23.6 11.4 .4 -21.4 12.3 1.44 -32.7 14.1
5 24 .8 -183.8 2.9 1.48 -174.7 1.9 1.28 -173.5 4 1 -182.3 -.9
5 24 0 -157.3 -10.3 .16 -155.5 -10.7 -.16 -154 -9.1 .16 -159.6 -11.1
5 24 -.84 -151.1 -4.7 -1 -143.6 -2.3 -.92 -147.9 -2 -1.28 -148.3 -8.7
5 24 -.76 -39.8 -7 -.76 -44.2 -7 -1.16 -39.6 -17.7 -.88 -39.4 5.7
5 24 -.4 -174.5 -2.1 -.12 -165.9 -2.3 -.12 -170.2 1.8 -.08 -176.8 -7.1
5 24 .92 -187 -9.2 .88 -190.5 -7.8 .64 -191 -8.6 .92 -188 -8.2
5 24 -.28 -45.3 19.3 .24 -44.7 18 -.84 -43.6 17.1 .12 -45.2 20.1
5 24 .84 -117.1 6.9 .56 -113.8 8.1 .64 -117.5 7.7 .76 -112.5 6.6
5 24 -1.48 -30.3 10.9 -1.2 -35.6 3 -.88 -39.4 5.7 -1.68 -31.4 3.8
5 24 .04 -52.7 15.7 -.56 -61.2 16 .44 -59.9 18.7 -.8 -47.6 13.2
5 24 .32 -56 -23.7 -.2 -56.4 -24.2 -.08 -52.6 -23.3 .08 -58.4 -25.5
5 24 .44 -59.9 18.7 .04 -67.1 21.5 -.56 -61.2 16 .68 -69.5 22.2
5 24 -.36 -152.7 -6.2 -.16 -154 -9.1 0 -152.5 -8 -.52 -154.5 -9.3
5 24 -1.04 -67.3 -10.6 -.76 -69.8 -14.1 -.28 -69.6 -12 -1.08 -71 -17.1
5 24 -.52 -139.8 -16.6 -.8 -137.8 -17.5 -.28 -135.7 -17.3 -1.24 -140.9 -17.4
5 24 -.32 -96.7 -10.5 -.84 -99.6 -12.4 -.32 -103.7 -11.4 -.6 -93.5 -7.5
5 24 -.44 -211.6 7.9 -.24592837345514774681405311862931 -212.97166309955715851891593365612 7.6025731527897121015183646472996 -.085928373455147746814053118629312 -209.67166309955715851891593365612 7.2025731527897121015183646472996 -.48592837345514774681405311862928 -213.47166309955715851891593365612 8.2025731527897121015183646472996
5 24 .68 -118.1 10.4 1.04 -116 11.6 .8 -115.4 10.2 .88 -118.2 11.6
5 24 -.56 -61.2 16 -.76 -66.8 13.8 -1.16 -47.3 10 -.32 -68.2 20
5 24 .32 -173.3 4.4 .24 -181.4 3.6 -.28 -185.3 1.6 .6 -179.2 4.3
5 24 .08 -210.9 9 -.32592837345514774681405311862931 -212.17166309955715851891593365612 9.0025731527897121015183646472996 .11407162654485225318594688137069 -213.77166309955715851891593365612 8.9025731527897121015183646472996 -.24 -210.2 9
5 24 -1.48 -29.8 -5 -1.44 -28.3 1.6 -1.68 -31.4 3.8 -.88 -27.3 -4.1
5 24 .44 -185.1 12.7 .76 -184.9 12.6 .68 -187.7 12.8 .44 -182.3 12.5
5 24 .32 -94.6 -7.7 -.6 -99.5 -5.5 -.24 -99.7 -7.1 -.6 -93.5 -7.5
5 24 -.4 -59.9 -24.6 0 -59.5 -24.1 -.36 -61 -25.8 -.44 -57.6 -23.3
5 24 -.04 -237.4 .7 .2 -236.4 1 0 -238.4 1.6 -.12 -235 .6
5 24 -.32 -68.2 20 -.76 -66.8 13.8 .12 -72.7 18.2 -.56 -61.2 16
5 24 -.28 -185.3 1.6 .16 -187.8 3.5 .24 -181.4 3.6 -.32 -198.9 5.2
5 24 .16 -206.7 4.9 1.2 -208.4 3.2 .56 -209.3 3.2 .68 -206.1 6
5 24 .52 -115.4 -18.1 .4 -109.5 -17.7 .16 -114.8 -19.7 .32 -107.4 -14.6
5 24 -1 -91.7 3.4 -1.04 -102.2 2.7 -.88 -95.9 -3.3 -.88 -96.3 7.7
5 24 .76 -220.4 .3 1.04 -211.8 -.9 .28 -221.2 -.4 1.36 -210.9 .5
5 24 .44 -106.2 2.2 1.12 -97.5 7.5 .64 -102 3.3 .68 -108.5 7.6
5 24 .4 -27.5 5.7 -.72 -26 5.6 .24 -25 7.1 -.52 -27.3 2.8
5 24 1.4 -201.6 -.2 1.6 -203.5 3.2 1.28 -194.2 .4 1.36 -210.9 .5
5 24 .44 -202.8 -3 1 -202.2 -1.6 .36 -203.1 -.5 .56 -203.2 -4.6
5 24 -.04 -226.4 .7 -.2 -228.1 1.3 -.04 -230.6 .6 -.08 -224.9 1.5
5 24 .36 -182.4 -6.4 .68 -183.3 -7.7 .96 -180.1 -5.9 .16 -183.3 -7.9
5 24 -.16 -101.2 -18.4 -.52 -97 -17.3 .2 -93.3 -14.7 -.32 -105.9 -19.4
5 24 -.4 -21.4 10 -.52 -21.3 12.4 -.04 -20.8 11 -.92 -22.6 13
5 24 .12 -157.2 6.1 -.56 -157.9 .5 .16 -163.9 5.5 -.92 -147.9 -2
5 24 -.76 -126.5 -16.8 -1.08 -134.8 -16.8 -.84 -134.2 -15.3 -.64 -133.4 -18.3
5 24 .64 -117.5 7.7 .56 -113.8 8.1 .2 -114.3 7.9 .84 -117.1 6.9
5 24 -.2 -228.1 1.3 -.04 -229.9 1.8 -.08 -224.9 1.5 -.16 -233.1 1.4
5 24 .32 -23.4 15.7 -.12 -21.7 14.1 -.36 -23.6 16.3 .4 -21.4 12.3
5 24 .6 -164.7 10.2 .68 -172.1 12.1 .6 -166.9 12.8 .88 -168.9 11.5
5 24 1.6 -136 11.6 1.56 -135 12.4 1.64 -137.4 12.2 1.32 -130.4 12.2
5 24 .96 -26.5 -11 .68 -25.4 -12.4 .16 -23.6 -10.6 1.04 -29.3 -14.8
5 24 .64 -98.2 -6.4 .32 -94.6 -7.7 .76 -92.9 -5.1 -.24 -99.7 -7.1
5 24 -.92 -45.3 2.8 -.88 -39.4 5.7 -1.16 -47.3 10 -.76 -44.2 -7
5 24 .56 -190.8 -7.5 .88 -190.5 -7.8 .64 -191 -8.6 .6 -188 -7.5
5 24 1.24 -71.1 -4.8 .96 -82 -3 1.24 -76.1 3.7 .64 -77.9 -9.6
5 24 -.84 -76 8 -1 -85 6.7 -.92 -78 1.2 -.28 -85.4 13.1
5 24 .36 -203.1 -.5 1 -202.2 -1.6 .44 -202.8 -3 .96 -205.7 0
5 24 1.36 -166.6 -.1 .8 -163.4 -3 .84 -159.1 2 1.36 -171.6 -3.4
5 24 1.24 -71.1 -4.8 1.44 -65.8 -11.5 1.24 -59.4 -2.5 .96 -70.5 -9.8
5 24 1 -165.1 12.3 .6 -166.9 12.8 .88 -168.9 11.5 .72 -161.3 11.4
5 24 -.08 -224.9 1.5 .28 -228.8 1.9 .28 -223.9 1.9 -.04 -229.9 1.8
5 24 .24 -128.7 -17.2 -.2 -123 -18.7 -.32 -129.5 -18.7 .28 -120.7 -18.3
5 24 -.12 -81.4 -20.6 .2 -85.2 -20.3 -.6 -78 -18.9 .48 -85.4 -20.9
5 24 1.04 -132.1 -1.4 1.28 -128.2 3.2 1.48 -132.8 4 .92 -125.5 1.6
5 24 1.04 -211.8 -.9 1.36 -210.9 .5 .96 -205.7 0 .76 -220.4 .3
5 24 .68 -120.4 8.1 1.08 -122.3 7.6 .68 -122.6 7.7 .64 -117.5 7.7
5 24 .36 -160.7 7.7 .84 -161 7.4 .16 -163.9 5.5 .6 -164.7 10.2
5 24 -.24 -126 0 -.16 -132.8 1.3 -.36 -133.5 -2.8 -.08 -126.3 2.6
5 24 1.16 -101.1 18.6 1.04 -97 17.6 .96 -100.6 17.5 .96 -101.9 19.4
5 24 -.18406344820917959491158809137543 -224.41553369203439095828899762821 9.2901357842003201329981797928079 -.0080684816068575565952535090845152 -223.83711144816795400696053183695 8.4583673181491819992121834726638 .064874759907902626275192229540724 -222.3342436862353655591011055779 9.5157858786667183539099685726821 -.078597286444823306640513560189064 -225.99359165767395174737648139617 9.0486533613577402878674591789662
5 24 1.44 -157.1 11.2 .72 -161.3 11.4 1.48 -159.5 11.6 .92 -154.3 8.6
5 24 -.24 -23.6 -9.8 -.48 -24.2 -11.9 .16 -23.6 -10.6 -.8 -24.9 -9.5
5 24 1.84 -46.5 -10.5 1.68 -48.5 -15 1.92 -40 -11.8 1.4 -56.1 -13.7
5 24 1.28 -165.4 2.6 .84 -159.1 2 1 -163.4 5.2 1.36 -166.6 -.1
5 24 -.88 -73.4 -6.8 -.28 -79.8 -11.6 -.48 -72.2 -10.3 -.72 -85.9 -11.7
5 24 .6 -28.3 -5.3 1 -34.5 -5.2 .28 -32.2 -.4 1.4 -31.2 -9.8
5 24 -.16 -164.6 -12.7 .28 -165.4 -13.4 .32 -165.7 -12.4 0 -164.2 -13.4
5 24 .2 -85.2 -20.3 .48 -85.4 -20.9 -.12 -81.4 -20.6 .24 -87.8 -20.4
5 24 1.36 -210.9 .5 1.6 -203.5 3.2 1.2 -208.4 3.2 1.4 -201.6 -.2
5 24 .28 -186.6 -3 1 -182.3 -.9 1 -193.2 -2 .68 -182.2 -3.8
5 24 1.24 -76.4 13.1 1.44 -70.9 15.3 1.68 -67.2 13 .64 -73.7 13.9
5 24 1.12 -97.5 7.5 1 -105.4 9.5 .68 -108.5 7.6 .92 -105.3 11.5
5 24 -1.36 -148.1 -18.9 -1.16 -146.7 -18.6 -1.48 -146.3 -17.1 -.84 -148.3 -18.8
5 24 -.76 -44.4 21.2 -.84 -43.6 17.1 -1.16 -37.2 16.9 -.72 -46.2 21.1
5 24 -.84 -109.3 -12.3 -.08 -108.5 -12.3 -.4 -117.1 -13.7 -.32 -103.7 -11.4
5 24 -.72 -27.7 -1.1 -1.44 -28.3 1.6 -.88 -27.3 -4.1 -.52 -27.3 2.8
5 24 .56 -215 -1.5 .12 -216.1 0 .6 -209.8 -.1 .28 -221.2 -.4
5 24 1.92 -40 -11.8 1.64 -37.2 -16.7 1.6 -44 -18.8 1.56 -32.5 -12.6
5 24 .76 -182.8 -9.9 .96 -183.5 -8.6 .88 -180.5 -9.6 .92 -187 -9.2
5 24 .44 -176 -8.7 -.08 -176.8 -7.1 .4 -179.5 -9.9 .36 -166.8 -4.8
5 24 -.8 -40.9 -23.2 0 -45.1 -24.1 -.4 -38.2 -23.4 -.08 -52.6 -23.3
5 24 -.28 -185.3 1.6 -.32 -195.8 -1.8 -.28 -187.2 -2.4 -.52 -201.8 3.5
5 24 .72 -97.7 16 .56 -99.7 16.9 .96 -100.6 17.5 .16 -97.4 17
5 24 1.08 -144.2 6.4 1.12 -149.5 7 1.48 -146.8 6.9 -.04 -149.9 4.4
5 24 .92 -125.5 1.6 .92 -124.1 -3.6 .96 -121 2.9 1.04 -132.1 -1.4
5 24 -.6 -93.5 -7.5 -.6 -99.5 -5.5 -.88 -95.9 -3.3 .32 -94.6 -7.7
5 24 .76 -184.9 12.6 .84 -184.9 13.8 .76 -181.8 12.5 .68 -187.7 12.8
5 24 .24 -206.1 -6.5 .4 -202.7 -4.9 .56 -203.2 -4.6 0 -206.2 -6.6
5 24 -1.64 -143.5 -16.1 -1.4 -143.7 -17.7 -1.48 -146.3 -17.1 -1.24 -140.9 -17.4
5 24 .16 -107.2 12.1 .52 -112 12.3 .16 -110.1 12 .64 -107.3 12.2
5 24 .08 -210.9 9 -.24 -210.2 9 .16 -206 8 -.32592837345514774681405311862931 -212.17166309955715851891593365612 9.0025731527897121015183646472996
5 24 .28 -165.4 -13.4 .32 -165.7 -12.4 -.16 -164.6 -12.7 .44 -164.2 -12.2
5 24 .96 -70.5 -9.8 1.04 -68.5 -13.4 1.44 -65.8 -11.5 -.28 -69.6 -12
5 24 -.64 -142.9 -17.2 -1.24 -140.9 -17.4 -.88 -145.7 -18.3 -.52 -139.8 -16.6
5 24 .84 -23.5 14 .4 -21.4 12.3 .96 -23.6 11.4 .32 -23.4 15.7
5 24 .84 -159.1 2 1 -152.9 4.5 .44 -153.2 -3.7 .84 -161 7.4
5 24 .12 -87.8 -14.5 -.28 -79.8 -11.6 -.16 -88.6 -14.9 .2 -78.7 -11.3
5 24 -.8 -145.5 -15.8 -.56 -141.5 -15.5 -.88 -140.9 -14.6 -.56 -147.1 -17.4
5 24 1.68 -171 .8 1.28 -165.4 2.6 1.28 -173.5 4 1.36 -166.6 -.1
5 24 .68 -172.6 13.3 .52 -175.9 12.2 .68 -172.1 12.1 .56 -175.9 13.6
5 24 -.32 -195.8 -1.8 -.4 -199.5 -.4 -.52 -201.8 3.5 -.04 -200.7 -3.2
5 24 1.24 -162.5 10.8 1.64 -158.2 9.3 1.48 -159.5 11.6 .84 -161 7.4
5 24 -.04 -46.3 22.9 -.6 -47 22.7 -.2 -47.5 23.1 -.56 -44 21.8
5 24 -.32592837345514774681405311862931 -216.17166309955715851891593365612 8.1025731527897121015183646472996 -.44592837345514774681405311862928 -218.07166309955715851891593365612 8.6025731527897121015183646472996 -.32592837345514774681405311862931 -218.67166309955715851891593365612 8.0025731527897121015183646472996 -.24592837345514774681405311862931 -215.67166309955715851891593365612 8.9025731527897121015183646472996
5 24 .32 -131.1 13 .36 -133.3 13 .16 -132.5 12 .68 -132.4 13.5
5 24 .92 -187 -9.2 .96 -183.5 -8.6 .76 -182.8 -9.9 .68 -185.5 -7.9
5 24 .88 -180.5 -9.6 .88 -177.5 -9 .4 -179.5 -9.9 1.2 -177 -5.2
5 24 1.32 -203.5 5.8 .52 -206.7 7.8 .8 -201.8 6.9 .68 -206.1 6
5 24 .76 -38.7 7 .12 -36.3 1.3 .28 -33.5 4.1 .8 -44.1 2.2
5 24 .68 -182.2 -3.8 1 -182.3 -.9 .96 -180.1 -5.9 .28 -186.6 -3
5 24 .16 -217 1.6 1.2 -208.4 3.2 .56 -209.3 3.2 .72 -218.8 1.7
5 24 1.04 -137.8 11.3 1.28 -138.2 11.9 1.28 -137.4 11 .68 -135.6 11.7
5 24 -1.4 -143.7 -17.7 -1.48 -146.3 -17.1 -1.64 -143.5 -16.1 -1.16 -146.7 -18.6
5 24 .72 -53.1 -19.1 .76 -49 -22.3 1.68 -48.5 -15 .32 -56 -23.7
5 24 .48 -178.4 13.6 .24 -177.3 12.5 .24 -179.6 13 .56 -175.9 13.6
5 24 -.48 -109.1 6.7 -.04 -115.3 6.2 -.44 -112.6 1.4 0 -110.9 8.5
5 24 -1.16 -47.3 10 -1.04 -50.7 -4.7 -1.08 -60.2 4.5 -.92 -45.3 2.8
5 24 .76 -49 -22.3 .32 -56 -23.7 -.08 -52.6 -23.3 .72 -53.1 -19.1
5 24 .08 -156.8 -12.1 -.32 -159.2 -12.4 -.36 -155.3 -12 .04 -159.8 -12.7
5 24 .68 -132.4 13.5 .36 -133.3 13 .76 -134.5 13.4 .32 -131.1 13
5 24 1.08 -84.1 22.3 1.44 -79.5 20.7 1.08 -73.1 22 1.24 -87.3 21.7
5 24 .04 -204 -4.6 -.12 -205.3 -5.3 .08 -206.6 -5.3 .4 -202.7 -4.9
5 24 .48 -127.1 5.8 .52 -134.9 5.1 -.16 -132.8 1.3 1 -132.2 7.1
5 24 .16 -23.6 -10.6 0 -24.4 -12.9 .68 -25.4 -12.4 -.48 -24.2 -11.9
5 24 -1 -143.6 -2.3 -.76 -140.1 -3.5 -.88 -142.7 -7 -.16 -132.8 1.3
5 24 .24 -133.3 -5.2 .68 -133.8 -5.4 .84 -127.5 -5.7 .04 -139.3 -7.3
5 24 .24 -133.3 -5.2 -.88 -142.7 -7 -.76 -140.1 -3.5 .04 -139.3 -7.3
5 24 -.76 -44.2 -7 -1.04 -50.7 -4.7 -.92 -45.3 2.8 -1.04 -48.8 -15.8
5 24 -.12 -206.6 -6.1 -.32 -208 -6.9 -.16 -208.6 -5.9 0 -206.2 -6.6
5 24 -.32 -208 -6.9 -.16 -208.6 -5.9 -.32 -210.3 -7.1 -.12 -206.6 -6.1
5 24 1.24 -59.4 -2.5 1.24 -71.1 -4.8 1.24 -76.1 3.7 1.44 -65.8 -11.5
5 24 .44 -164.2 -12.2 .04 -162.2 -12.8 .32 -159.9 -12.2 .44 -164.3 -13.1
5 24 -.4 -59.9 -24.6 -.44 -57.6 -23.3 0 -59.5 -24.1 -.48 -58.3 -24.7
5 24 .24 -100.7 18 .8 -104.7 17.7 .56 -99.7 16.9 .56 -105.6 18.3
5 24 -.12 -210.6 -6.9 -.12 -212.3 -7.3 -.28 -212.5 -7.7 .08 -211.6 -7.3
5 24 .16 -114.8 -19.7 .4 -109.5 -17.7 -.16 -101.2 -18.4 .52 -115.4 -18.1
5 24 -.4 -117.1 -13.7 -.08 -108.5 -12.3 -.84 -109.3 -12.3 .16 -115.8 -14.2
5 24 1.04 -174.6 12.6 .52 -175.9 12.2 .88 -177.1 12 .68 -172.1 12.1
5 24 -1.16 -47.3 10 -.76 -66.8 13.8 -.92 -78 1.2 -.56 -61.2 16
5 24 -.04 -20.8 11 .32 -21.7 9.8 -.4 -21.4 10 .4 -21.4 12.3
5 24 .36 -187.6 13.5 .44 -185.1 12.7 .32 -184.8 13.6 .68 -187.7 12.8
5 24 .12 -216.1 0 -.08 -222.4 .5 .28 -221.2 -.4 .16 -217 1.6
5 24 .8 -183.8 2.9 1 -182.3 -.9 1.28 -194.2 .4 1.48 -174.7 1.9
5 24 .24 -80.8 -21.6 .64 -76.1 -19.6 .48 -71.7 -20.8 .48 -85.4 -20.9
5 24 .16 -97.4 17 .24 -100.7 18 .56 -99.7 16.9 .24 -98.8 18.6
5 24 -.24 -106.3 11.4 .16 -110.1 12 .16 -107.2 12.1 .04 -111.8 11.2
5 24 -.08 -119.1 2.8 .28 -121.8 6.3 -.08 -126.3 2.6 -.04 -115.3 6.2
5 24 .28 -221.2 -.4 .56 -215 -1.5 1.04 -211.8 -.9 .12 -216.1 0
5 24 -.56 -102.9 9.9 -.24 -106.3 11.4 .04 -103 12.3 -.52 -107.2 9.4
5 24 -.16 -208.6 -5.9 -.12 -206.6 -6.1 .08 -206.6 -5.3 -.32 -208 -6.9
5 24 -.12 -206.6 -6.1 0 -206.2 -6.6 -.32 -208 -6.9 -.12 -205.3 -5.3
5 24 -.88 -142.7 -7 -1 -143.6 -2.3 -.76 -140.1 -3.5 -1.28 -148.3 -8.7
5 24 -.16 -101.2 -18.4 .16 -114.8 -19.7 -.32 -105.9 -19.4 .4 -109.5 -17.7
5 24 -.52 -27.3 2.8 -1.44 -28.3 1.6 -.72 -26 5.6 -.72 -27.7 -1.1
5 24 -.04 -230.6 .6 .2 -234 .4 .36 -229.9 .8 -.12 -235 .6
5 24 -.08 -158 -3.6 .44 -153.2 -3.7 -.36 -152.7 -6.2 .8 -163.4 -3
5 24 .8 -113.3 12.3 .52 -112 12.3 .52 -116.8 12.6 .64 -107.3 12.2
5 24 .8 -181.7 13.6 .92 -177.3 13.4 .88 -179 12.4 .48 -178.4 13.6
5 24 .76 -92.9 -5.1 .64 -98.2 -6.4 .32 -94.6 -7.7 .64 -101 -2.1
5 24 -.56 -141.5 -15.5 -.64 -142.9 -17.2 -.52 -139.8 -16.6 -.56 -147.1 -17.4
5 24 .84 -23.5 14 .84 -26.3 16.2 1.44 -32.7 14.1 .32 -23.4 15.7
5 24 -.32 -158.9 -10.9 -.52 -154.5 -9.3 -.6 -157 -10.8 0 -157.3 -10.3
5 24 .68 -25.4 -12.4 .4 -26.9 -15.2 0 -24.4 -12.9 1.04 -29.3 -14.8
5 24 -1.16 -146.7 -18.6 -1.48 -146.3 -17.1 -1.4 -143.7 -17.7 -1.36 -148.1 -18.9
5 24 -.52 -201.8 3.5 -.4 -207.8 6.8 -.32 -205.8 7.1 -.2 -205.4 3.2
5 24 1.04 -112.1 11.5 1.04 -110.3 10.6 .92 -112.6 10.4 .64 -107.3 12.2
5 24 .64 -191 -8.6 .92 -187 -9.2 .6 -188 -9.5 .88 -190.5 -7.8
5 24 -1.28 -137.7 -17.3 -.64 -133.4 -18.3 -1.08 -134.8 -16.8 -.8 -137.8 -17.5
5 24 .16 -155.5 -10.7 .08 -149.4 -8.7 -.32 -152.9 -11 0 -152.5 -8
5 24 1.08 -73.1 22 1.44 -69 19.7 1.44 -79.5 20.7 1.04 -66.4 21
5 24 .16 -24.9 -7.8 -.24 -23.6 -9.8 -.52 -25 -7.9 .16 -23.6 -10.6
5 24 .12 -184 -9 .2 -186.1 -9.1 .36 -186 -9.8 .16 -183.3 -7.9
5 24 -.24 -99.7 -7.1 .64 -98.2 -6.4 .16 -103.3 -7.2 .32 -94.6 -7.7
5 24 -.84 -151.1 -4.7 -1.12 -151.2 -8.7 -.36 -152.7 -6.2 -1.28 -148.3 -8.7
5 24 -.32 -159.2 -12.4 -.6 -157 -10.8 -.32 -158.9 -10.9 -.72 -155.4 -11.2
5 24 .48 -178.4 13.6 .92 -177.3 13.4 .8 -181.7 13.6 .56 -175.9 13.6
5 24 .64 -117.5 7.7 .68 -120.4 8.1 1.08 -122.3 7.6 .36 -119 7.6
5 24 -.52 -107.2 9.4 -.48 -109.1 6.7 -.04 -108.9 9.1 -.88 -106.7 6.2
5 24 -.32 -96.7 -10.5 .28 -96.3 -12.6 .32 -107.4 -14.6 -.24 -94.5 -8.9
5 24 1.36 -166.6 -.1 .84 -159.1 2 1.28 -165.4 2.6 .8 -163.4 -3
5 24 .72 -161.3 11.4 .6 -166.9 12.8 .6 -164.7 10.2 1 -165.1 12.3
5 24 0 -238.4 1.6 .2 -236.4 1 .16 -234.7 1.6 -.04 -237.4 .7
5 24 -.32 -159.2 -12.4 0 -162.7 -11.8 -.32 -158.9 -10.9 .04 -162.2 -12.8
5 24 1.36 -128.3 6.6 .92 -125.5 1.6 1.16 -124.9 5.9 1.28 -128.2 3.2
5 24 .8 -163.4 -3 .72 -170.6 -6.5 .36 -166.8 -4.8 1.36 -171.6 -3.4
5 24 .64 -103.7 19.6 1.16 -109.3 19.5 .76 -108.5 19.3 1.08 -105.9 19.6
5 24 -.34189309062979423258479766872535 -224.97798569378900204596787555844 8.918707432353208549592606061008 -.18406344820917959491158809137543 -224.41553369203439095828899762821 9.2901357842003201329981797928079 -.48871679233266686204871671631072 -221.98640778698773340080076463345 9.1938966970469856992079182580827 -.23289200466106395092639343407218 -226.43726933104122191190020097313 8.487977655872408922347490689845
5 24 .76 -38.7 7 .28 -33.5 4.1 1.04 -30.4 10 .12 -36.3 1.3
5 24 -.28 -45.3 19.3 .04 -47.8 22.1 -.36 -47.2 20.8 .2 -46.2 21.5
5 24 .28 -96.3 -12.6 .32 -94.6 -7.7 -.24 -94.5 -8.9 .2 -93.3 -14.7
5 24 -.48 -146.7 -9.2 .04 -139.3 -7.3 .36 -139.8 -6.9 -.88 -146.5 -9.2
5 24 1 -165.1 12.3 1.48 -159.5 11.6 .72 -161.3 11.4 1.24 -162.5 10.8
5 24 .36 -190.5 -8.3 .64 -191 -8.6 .36 -189.2 -9.1 .56 -190.8 -7.5
5 24 .96 -112 19 1.04 -112.6 18.5 .72 -109.7 18.4 1.32 -113.1 18.9
5 24 -.48 -209.6 8.3 -.32592837345514774681405311862931 -212.17166309955715851891593365612 9.0025731527897121015183646472996 -.24 -210.2 9 -.48592837345514774681405311862928 -213.47166309955715851891593365612 8.2025731527897121015183646472996
5 24 -.32 -205.8 7.1 -.52 -201.8 3.5 -.4 -207.8 6.8 -.32 -198.9 5.2
5 24 -1.08 -60.2 4.5 -1.04 -62.1 -5.9 -1.04 -50.7 -4.7 -.92 -78 1.2
5 24 -.56 -147.1 -17.4 -.8 -145.5 -15.8 -.84 -149.2 -17.2 -.56 -141.5 -15.5
5 24 .68 -88.2 -19.5 .56 -85.5 -19.8 .36 -88.2 -19.6 .64 -87.8 -20.5
5 24 -.16 -31 -18 -.88 -34.8 -19.3 -.4 -38.2 -23.4 -.68 -27.9 -15.1
5 24 1.56 -59 13.2 1.08 -52.3 15.9 1.48 -46.8 13.2 1.4 -61.7 16.8
5 24 1.24 -76.1 3.7 .96 -82 -3 1.24 -71.1 -4.8 .76 -92.9 -5.1
5 24 .96 -100.6 17.5 1.2 -104.4 18.1 1.16 -101.1 18.6 .8 -104.7 17.7
5 24 -.04 -115.3 6.2 -.08 -119.1 2.8 .28 -121.8 6.3 -.44 -112.6 1.4
5 24 1.04 -29.3 -14.8 .68 -33 -18.5 .4 -26.9 -15.2 1.64 -37.2 -16.7
5 24 -.72 -85.9 -11.7 -.84 -90.9 -10.2 -.92 -94.5 -15.1 -.88 -73.4 -6.8
5 24 -.08 -108.5 -12.3 -.32 -103.7 -11.4 -.84 -109.3 -12.3 .32 -107.4 -14.6
5 24 .2 -93.3 -14.7 -.52 -97 -17.3 -.16 -101.2 -18.4 -.16 -88.6 -14.9
5 24 0 -61.7 -25.7 .36 -59.7 -25.2 .08 -61.8 -26.3 0 -59.5 -24.1
5 24 -.24 -106.3 11.4 .04 -111.8 11.2 -.52 -107.2 9.4 .16 -110.1 12
5 24 .72 -108.6 9.3 .68 -108.5 7.6 1 -105.4 9.5 .4 -108.8 9
5 24 -.76 -126.5 -16.8 -.2 -123 -18.7 -.32 -129.5 -18.7 -.6 -118.7 -19.5
5 24 .04 -162.2 -12.8 .32 -159.9 -12.2 .44 -164.2 -12.2 .04 -159.8 -12.7
5 24 1.44 -111.8 18.8 1.16 -109.3 19.5 1.16 -111.6 19.5 1.44 -109.4 18.4
5 24 1.12 -132.3 13.1 .96 -128.4 12.9 .68 -132.4 13.5 1.32 -130.4 12.2
5 24 1.04 -29.3 -14.8 .96 -26.5 -11 1.56 -32.5 -12.6 .68 -25.4 -12.4
5 24 .24 -209.4 -6.9 -.12 -210.6 -6.9 .16 -209.1 -6.2 .16 -210.3 -7.5
5 24 .2 -78.7 -11.3 .28 -73 -10.6 .64 -77.9 -9.6 -.48 -72.2 -10.3
5 24 -1.48 -142.9 -14.8 -.88 -140.9 -14.6 -1.32 -139.9 -14.6 -.8 -145.5 -15.8
5 24 -.56 -102.9 9.9 -.96 -104.4 6.2 -.52 -107.2 9.4 -.88 -96.3 7.7
5 24 -.12 -235 .6 -.08 -237.2 1.3 -.16 -233.1 1.4 -.04 -237.4 .7
5 24 .32 -122.1 10.6 .36 -125 10.4 .24 -122.4 11.8 .8 -123 10.2
5 24 -.56 -102.9 9.9 -.52 -107.2 9.4 -.24 -106.3 11.4 -.96 -104.4 6.2
5 24 -.72 -155.4 -11.2 -.32 -159.2 -12.4 -.6 -157 -10.8 -.36 -155.3 -12
5 24 1.16 -109.3 19.5 1.08 -105.9 19.6 .64 -103.7 19.6 1.44 -109.4 18.4
5 24 .8 -113.3 12.3 .64 -107.3 12.2 1.04 -112.1 11.5 .52 -112 12.3
5 24 -1.04 -67.3 -10.6 -.88 -73.4 -6.8 -1.04 -62.1 -5.9 -.48 -72.2 -10.3
5 24 -.6 -127.6 -14.6 -.76 -126.5 -16.8 -.84 -134.2 -15.3 -1 -115.7 -14.7
5 24 -.32 -93.3 13.8 0 -96.9 13 .16 -97.4 17 -.88 -96.3 7.7
5 24 -.56 -141.5 -15.5 -.52 -139.8 -16.6 -.04 -135 -15.9 -.64 -142.9 -17.2
5 24 .92 -42.3 -23.2 .76 -38.2 -22.7 1.64 -37.2 -16.7 .32 -39.6 -24.1
5 24 1.12 -123.7 11.7 .96 -124.5 12.6 1.32 -130.4 12.2 .64 -120.9 12.4
5 24 .44 -106.2 2.2 .64 -101 -2.1 .64 -102 3.3 .52 -105 -4.7
5 24 1 -193.4 4.1 .8 -183.8 2.9 1.24 -194.5 2.8 .64 -193.4 5.1
5 24 1.2 -177 -5.2 .96 -180.1 -5.9 1 -182.3 -.9 .96 -183.5 -8.6
5 24 .6 -122.3 -6.7 .52 -118 -7.2 .64 -114.4 -6.1 .08 -118.8 -6.9
5 24 -.88 -39.4 5.7 -1.16 -34.9 -4.6 -.76 -39.8 -7 -1.2 -35.6 3
5 24 -.4 -199.5 -.4 .36 -203.1 -.5 -.2 -205.4 3.2 .12 -201.6 -1.9
5 24 1.44 -79.5 20.7 1.24 -87.3 21.7 1.36 -84.1 20.7 1.08 -84.1 22.3
5 24 .08 -58.4 -25.5 -.24 -59.2 -25.8 .08 -60.9 -26.5 -.48 -58.3 -24.7
5 24 .96 -140 5.7 1.2 -136.7 5.8 1.36 -136.6 4.7 .52 -134.9 5.1
5 24 .48 -225.2 1.6 .28 -223.9 1.9 .28 -228.8 1.9 .72 -218.8 1.7
5 24 -1.04 -48.8 -15.8 -1.04 -50.7 -4.7 -.76 -44.2 -7 -1.04 -62.1 -5.9
5 24 1.16 -87.9 15.2 .72 -85.9 15.4 1.24 -76.4 13.1 1.04 -97 17.6
5 24 -.029413765711919531176794978327675 -221.29940459004452809074936766846 8.1991448846605004552697421457839 .16832765310008450976838249257056 -220.06098228090766009225155225023 8.8409585295535919447902573533654 -.0080684816068575565952535090845152 -223.83711144816795400696053183695 8.4583673181491819992121834726638 .11407162654485225318594688137069 -215.17166309955715851891593365612 8.2025731527897121015183646472996
5 24 .04 -47.8 22.1 -.04 -46.3 22.9 -.2 -47.5 23.1 .2 -46.2 21.5
5 24 0 -152.5 -8 .16 -155.5 -10.7 .08 -149.4 -8.7 -.16 -154 -9.1
5 24 .16 -155.5 -10.7 .32 -159.9 -12.2 .08 -156.8 -12.1 .16 -159.6 -11.1
5 24 1.64 -158.2 9.3 1.48 -154.4 8.7 1 -152.9 4.5 1.48 -159.5 11.6
5 24 1 -182.3 -.9 1.2 -177 -5.2 .96 -180.1 -5.9 1.48 -174.7 1.9
5 24 .4 -202.7 -4.9 .12 -201.9 -4.5 .56 -200.2 -3.9 .04 -204 -4.6
5 24 .72 -109.7 18.4 .88 -108.6 17.8 1.12 -111.6 17.9 .56 -105.6 18.3
5 24 -.2 -47.5 23.1 -.4 -48 22 -.6 -47 22.7 .04 -47.8 22.1
5 24 1.12 -123.7 11.7 .96 -122.1 10.8 .88 -127.5 10.6 .76 -119.7 11.2
5 24 -.04 -43.9 21.7 .36 -38.2 20.7 -.4 -41.7 21.5 .56 -42.3 20.2
5 24 .96 -180.1 -5.9 .36 -182.4 -6.4 .68 -183.3 -7.7 .68 -182.2 -3.8
5 24 .16 -183.3 -7.9 .68 -183.3 -7.7 .68 -185.5 -7.9 .36 -182.4 -6.4
5 24 .16 -107.2 12.1 -.24 -106.3 11.4 .16 -110.1 12 .04 -103 12.3
5 24 .76 -119.7 11.2 .88 -118.2 11.6 .64 -120.9 12.4 .68 -118.1 10.4
5 24 .2 -141.6 4.6 -.04 -149.9 4.4 1.08 -144.2 6.4 -1 -143.6 -2.3
5 24 1.64 -158.2 9.3 1 -152.9 4.5 1.48 -154.4 8.7 .84 -161 7.4
5 24 .08 -156.8 -12.1 -.32 -152.9 -11 .16 -155.5 -10.7 -.36 -155.3 -12
5 24 .4 -206.7 -5.9 .24 -209.4 -6.9 .16 -209.1 -6.2 .16 -210.3 -7.5
5 24 .16 -212.4 -7.9 .16 -210.3 -7.5 .08 -211.6 -7.3 0 -210.5 -8
5 24 1.04 -68.5 -13.4 1.44 -65.8 -11.5 .96 -70.5 -9.8 .8 -71.7 -16.8
5 24 .64 -193.4 5.1 .16 -187.8 3.5 .8 -183.8 2.9 .16 -195.9 5.5
5 24 1.08 -89.2 22.8 .84 -79.6 20.8 1.08 -84.1 22.3 1.24 -87.3 21.7
5 24 .28 -121.8 6.3 .68 -122.6 7.7 .36 -119 7.6 .48 -127.1 5.8
5 24 .04 -159.8 -12.7 .08 -156.8 -12.1 .32 -159.9 -12.2 -.32 -159.2 -12.4
5 24 .84 -116.3 3.1 .6 -110 2.4 .76 -112.5 6.6 .64 -111.8 -2.5
5 24 1.28 -173.5 4 1.68 -171 .8 1.48 -174.7 1.9 1.28 -165.4 2.6
5 24 -.48 -146.7 -9.2 -.88 -146.5 -9.2 .04 -139.3 -7.3 -.92 -152.2 -10.8
5 24 .92 -187 -9.2 .76 -182.8 -9.9 .96 -183.5 -8.6 .64 -185.8 -10
5 24 .96 -26.5 -11 .16 -23.6 -10.6 .16 -24.9 -7.8 .68 -25.4 -12.4
5 24 .04 -162.2 -12.8 -.16 -164.6 -12.7 0 -162.7 -11.8 0 -164.2 -13.4
5 24 .84 -159.1 2 1 -163.4 5.2 1.28 -165.4 2.6 .84 -161 7.4
5 24 -.88 -111.5 -18.8 -.6 -118.7 -19.5 -.32 -112.6 -19.9 -1.04 -117.4 -17.8
5 24 1.28 -128.2 3.2 .92 -125.5 1.6 1.36 -128.3 6.6 1.04 -132.1 -1.4
5 24 -1 -115.7 -14.7 -.6 -127.6 -14.6 -.56 -122.4 -14 -.76 -126.5 -16.8
5 24 1.32 -66.7 -16.9 1.08 -62.6 -17.6 1.4 -56.1 -13.7 .48 -71.7 -20.8
5 24 1.4 -201.6 -.2 .56 -200.2 -3.9 1 -202.2 -1.6 .96 -196.8 -2.9
5 24 1.08 -105.9 19.6 .64 -103.7 19.6 1.16 -109.3 19.5 .96 -101.9 19.4
5 24 -.8 -145.5 -15.8 -1.48 -142.9 -14.8 -1.16 -145.1 -15.6 -.88 -140.9 -14.6
5 24 .16 -24.9 -7.8 -.88 -27.3 -4.1 -.04 -27.2 -4.3 -.52 -25 -7.9
5 24 -.36 -61 -25.8 .08 -60.9 -26.5 .08 -61.8 -26.3 -.24 -59.2 -25.8
5 24 -.12 -235 .6 .2 -234 .4 .2 -236.4 1 -.04 -230.6 .6
5 24 .88 -168.9 11.5 1.24 -162.5 10.8 .6 -164.7 10.2 1 -165.1 12.3
5 24 -.12 -170.2 1.8 -.4 -174.5 -2.1 -.28 -185.3 1.6 -.12 -165.9 -2.3
5 24 1.64 -37.2 -16.7 .76 -38.2 -22.7 .68 -33 -18.5 .92 -42.3 -23.2
5 24 1.48 -154.4 8.7 .92 -154.3 8.6 1.12 -149.5 7 1.44 -157.1 11.2
5 24 .16 -115.8 -14.2 -.08 -108.5 -12.3 -.4 -117.1 -13.7 .32 -107.4 -14.6
5 24 .48 -71.7 -20.8 1.08 -62.6 -17.6 .24 -65.9 -19.8 1.32 -66.7 -16.9
5 24 1.2 -104.4 18.1 1.36 -106.1 19 1.44 -109.4 18.4 1.16 -101.1 18.6
5 24 1.44 -65.8 -11.5 1.24 -59.4 -2.5 1.4 -56.1 -13.7 1.24 -71.1 -4.8
5 24 1.24 -59.4 -2.5 1.4 -56.1 -13.7 1.44 -65.8 -11.5 1.24 -47.1 -3.7
5 24 .36 -187.6 13.5 .68 -187.7 12.8 .72 -188.6 13.5 .44 -185.1 12.7
5 24 .4 -231.7 1.2 .36 -229.9 .8 .44 -225.2 .7 .2 -234 .4
5 24 -.04 -149.9 4.4 .92 -154.3 8.6 1.12 -149.5 7 .12 -157.2 6.1
5 24 .4 -183.4 14 .32 -184.8 13.6 .84 -184.9 13.8 .32 -181.3 13.6
5 24 .84 -117.1 6.9 .96 -121 2.9 1.12 -121.4 7.1 .84 -116.3 3.1
5 24 .16 -118.1 12.3 0 -117.4 11.5 .04 -111.8 11.2 .24 -122.4 11.8
5 24 .64 -193.4 5.1 .16 -195.9 5.5 .8 -201.8 6.9 .16 -187.8 3.5
5 24 .56 -132.1 11 .88 -127.5 10.6 1.2 -131.2 11.2 .24 -131 11.2
5 24 -.56 -122.4 -14 -.6 -127.6 -14.6 -1 -115.7 -14.7 0 -124.5 -13.9
5 24 1.56 -32.5 -12.6 1.04 -29.3 -14.8 .96 -26.5 -11 1.64 -37.2 -16.7
5 24 1.04 -132.1 -1.4 .92 -125.5 1.6 .92 -124.1 -3.6 1.28 -128.2 3.2
5 24 .04 -204 -4.6 .08 -206.6 -5.3 -.12 -205.3 -5.3 .32 -204.7 -4.5
5 24 1 -163.4 5.2 .64 -165 6.5 .84 -161 7.4 1 -171.6 5.2
5 24 .12 -201.6 -1.9 -.04 -200.7 -3.2 .44 -202.8 -3 -.4 -199.5 -.4
5 24 -.2 -56.4 -24.2 -.08 -52.6 -23.3 .32 -56 -23.7 -.48 -55.3 -22.8
5 24 .56 -113.8 8.1 .24 -112.1 9 .68 -108.5 7.6 .2 -114.3 7.9
5 24 -.56 -54.4 -18.3 .12 -58.4 -17.3 .72 -53.1 -19.1 -.84 -58.1 -15.6
5 24 -.32 -35.9 20.6 -.68 -30.3 19.1 -.88 -35.6 19.3 .04 -29.1 18.8
5 24 1.44 -109.4 18.4 1.2 -107.6 17.7 1.2 -104.4 18.1 .88 -108.6 17.8
5 24 .84 -26.3 16.2 .04 -29.1 18.8 .48 -31.2 19 .32 -23.4 15.7
5 24 1.32 -128.7 11.3 1.12 -123.7 11.7 .88 -127.5 10.6 1.32 -130.4 12.2
5 24 -.28 -187.2 -2.4 -.32 -195.8 -1.8 .16 -196.6 -3.3 -.28 -185.3 1.6
5 24 -.04 -229.9 1.8 -.16 -233.1 1.4 .16 -234.7 1.6 -.2 -228.1 1.3
5 24 -.04 -108.9 9.1 -.08 -109.1 9.9 -.52 -107.2 9.4 .4 -108.8 9
5 24 -.88 -39.4 5.7 -1.16 -47.3 10 -.92 -45.3 2.8 -1.48 -30.3 10.9
5 24 .32 -204.7 -4.5 .56 -203.2 -4.6 .44 -202.8 -3 .4 -206.7 -5.9
5 24 1.28 -136.1 13 1.56 -135 12.4 1.12 -132.3 13.1 1.64 -137.4 12.2
5 24 .064874759907902626275192229540724 -222.3342436862353655591011055779 9.5157858786667183539099685726821 .16832765310008450976838249257056 -220.06098228090766009225155225023 8.8409585295535919447902573533654 -.16592837345514774681405311862931 -218.67166309955715851891593365612 9.2025731527897121015183646472996 -.0080684816068575565952535090845152 -223.83711144816795400696053183695 8.4583673181491819992121834726638
5 24 .16 -210.3 -7.5 -.12 -210.6 -6.9 .08 -211.6 -7.3 .24 -209.4 -6.9
5 24 -.6 -110.3 -2.5 -.88 -105.3 -2.8 -.12 -113.3 -7.1 -1 -105.9 1.9
5 24 -.88 -39.4 5.7 -.76 -44.2 -7 -.92 -45.3 2.8 -.76 -39.8 -7
5 24 -.12 -165.9 -2.3 .36 -166.8 -4.8 -.08 -176.8 -7.1 -.24 -160.5 -2.8
5 24 -.12 -210.6 -6.9 -.16 -208.6 -5.9 .16 -209.1 -6.2 -.32 -210.3 -7.1
5 24 1.2 -208.4 3.2 1.32 -203.5 5.8 .68 -206.1 6 1.6 -203.5 3.2
5 24 .48 -98.2 12.5 1.2 -95.6 13.8 0 -96.9 13 1 -99 11.6
5 24 .4 -202.7 -4.9 -.12 -205.3 -5.3 0 -206.2 -6.6 .04 -204 -4.6
5 24 .68 -185.5 -7.9 .2 -186.4 -8.2 .6 -188 -7.5 .56 -185.6 -8.8
5 24 -1.28 -148.3 -8.7 -1 -143.6 -2.3 -.88 -142.7 -7 -.84 -151.1 -4.7
5 24 .12 -161.4 -11.4 .16 -159.6 -11.1 -.32 -158.9 -10.9 .32 -159.9 -12.2
5 24 .96 -112 19 1.32 -113.1 18.9 1.16 -111.6 19.5 1.04 -112.6 18.5
5 24 -.76 -44.4 21.2 -.6 -47 22.7 -.56 -44 21.8 -.72 -46.2 21.1
5 24 .4 -27.5 5.7 -.04 -28.2 .1 .28 -32.2 -.4 -.52 -27.3 2.8
5 24 -.8 -104.8 -11.9 -.32 -103.7 -11.4 -.84 -109.3 -12.3 -.84 -99.6 -12.4
5 24 1.08 -105.9 19.6 1.44 -109.4 18.4 1.16 -109.3 19.5 1.36 -106.1 19
5 24 .56 -132.1 11 .68 -135.6 11.7 .16 -132.5 12 1 -134.1 11.1
5 24 -1.64 -139.9 -16.4 -1.64 -143.5 -16.1 -1.6 -140.2 -15.4 -1.24 -140.9 -17.4
5 24 1.68 -67.2 13 1.44 -69 19.7 1.44 -70.9 15.3 1.56 -59 13.2
5 24 .28 -208.7 1.6 .6 -209.8 -.1 .96 -205.7 0 .12 -216.1 0
5 24 -.24 -59.2 -25.8 .08 -60.9 -26.5 .08 -58.4 -25.5 -.36 -61 -25.8
5 24 .8 -183.8 2.9 1.28 -173.5 4 .6 -179.2 4.3 1.48 -174.7 1.9
5 24 .92 -38.9 19.6 1.04 -33.2 18 .36 -38.2 20.7 1.52 -39.4 15.6
5 24 -1 -91.7 3.4 -.88 -95.9 -3.3 -.92 -78 1.2 -1.04 -102.2 2.7
5 24 1.04 -33.2 18 .84 -26.3 16.2 .48 -31.2 19 1.44 -32.7 14.1
5 24 -1.36 -137.4 -15.2 -1.6 -140.2 -15.4 -1.64 -139.9 -16.4 -1.32 -139.9 -14.6
5 24 -.92 -78 1.2 -.88 -73.4 -6.8 -1.04 -62.1 -5.9 -.84 -90.9 -10.2
5 24 1.16 -101.1 18.6 .96 -101.9 19.4 1.36 -106.1 19 1.04 -97 17.6
5 24 1.44 -109.4 18.4 1.36 -106.1 19 1.2 -104.4 18.1 1.08 -105.9 19.6
5 24 .11407162654485225318594688137069 -213.77166309955715851891593365612 8.9025731527897121015183646472996 -.32592837345514774681405311862931 -212.17166309955715851891593365612 9.0025731527897121015183646472996 -.24592837345514774681405311862931 -215.67166309955715851891593365612 8.9025731527897121015183646472996 .08 -210.9 9
5 24 .4 -231.7 1.2 .2 -234 .4 .2 -236.4 1 .36 -229.9 .8
5 24 .2 -141.6 4.6 .96 -140 5.7 .52 -134.9 5.1 1.08 -144.2 6.4
5 24 1.04 -174.6 12.6 .88 -168.9 11.5 1.12 -171.1 13.1 .68 -172.1 12.1
5 24 -.44 -112.6 1.4 -.48 -109.1 6.7 -.88 -106.7 6.2 -.04 -115.3 6.2
5 24 -.12 -165.9 -2.3 -.12 -170.2 1.8 -.56 -157.9 .5 -.4 -174.5 -2.1
5 24 .28 -165.4 -13.4 0 -164.2 -13.4 -.16 -164.6 -12.7 .44 -164.3 -13.1
5 24 .12 -112.6 10.2 .44 -112 9.7 .4 -108.8 9 .24 -115.8 10.1
5 24 .28 -120.7 -18.3 .52 -115.4 -18.1 .48 -118.3 -16.8 .16 -114.8 -19.7
5 24 .44 -164.2 -12.2 .12 -161.4 -11.4 0 -162.7 -11.8 .32 -159.9 -12.2
5 24 0 -162.7 -11.8 -.16 -164.6 -12.7 .12 -165.1 -11.9 .04 -162.2 -12.8
5 24 .04 -67.1 21.5 .64 -76.8 21.7 -.32 -68.2 20 .68 -69.5 22.2
5 24 -1.6 -140.2 -15.4 -1.64 -143.5 -16.1 -1.64 -139.9 -16.4 -1.48 -142.9 -14.8
5 24 1.68 -48.5 -15 1.6 -44 -18.8 .76 -49 -22.3 1.92 -40 -11.8
5 24 .52 -105 -4.7 .64 -101 -2.1 .64 -98.2 -6.4 .44 -106.2 2.2
5 24 -.12 -212.3 -7.3 .08 -211.6 -7.3 -.04 -212.8 -7.8 -.12 -210.6 -6.9
5 24 .16 -103.3 -7.2 .28 -112.4 -7.4 -.24 -106.3 -6.9 .52 -105 -4.7
5 24 1.36 -136.6 4.7 1.4 -133 7.2 1.2 -136.7 5.8 1.56 -131.3 6.5
5 24 -.24 -118.2 -2.9 -.08 -123.6 -3.4 -.24 -126 0 .08 -118.8 -6.9
5 24 .68 -132.4 13.5 1.28 -136.1 13 .76 -134.5 13.4 1.12 -132.3 13.1
5 24 -.48592837345514774681405311862928 -213.47166309955715851891593365612 8.2025731527897121015183646472996 -.4 -213.9 9.1 -.24592837345514774681405311862931 -215.67166309955715851891593365612 8.9025731527897121015183646472996 -.32592837345514774681405311862931 -212.17166309955715851891593365612 9.0025731527897121015183646472996
5 24 -.52 -154.5 -9.3 -.6 -157 -10.8 -.32 -158.9 -10.9 -.72 -155.4 -11.2
5 24 .44 -164.3 -13.1 0 -164.2 -13.4 .28 -165.4 -13.4 .04 -162.2 -12.8
5 24 .2 -114.3 7.9 .24 -112.1 9 0 -110.9 8.5 .56 -113.8 8.1
5 24 -.08 -158 -3.6 -.36 -152.7 -6.2 .44 -153.2 -3.7 -.84 -151.1 -4.7
5 24 -.04 -108.9 9.1 0 -110.9 8.5 .24 -112.1 9 -.48 -109.1 6.7
5 24 .8 -71.7 -16.8 1.32 -66.7 -16.9 .64 -76.1 -19.6 1.44 -65.8 -11.5
5 24 1.04 -116 11.6 .8 -113.3 12.3 .52 -116.8 12.6 1.04 -112.1 11.5
5 24 .56 -143.3 -1.5 .8 -136.9 -4.8 .36 -144.2 -5.9 1.04 -132.1 -1.4
5 24 0 -117.4 11.5 .32 -122.1 10.6 .04 -118.9 10.8 .24 -122.4 11.8
5 24 -.4 -38.2 -23.4 -.8 -40.9 -23.2 0 -45.1 -24.1 -.88 -34.8 -19.3
5 24 .04 -212.5 -8.4 -.24 -212.5 -8.3 -.2 -211 -8.1 -.04 -212.8 -7.8
5 24 1.2 -104.4 18.1 1.16 -101.1 18.6 .96 -100.6 17.5 1.36 -106.1 19
5 24 .72 -187.6 14.1 .36 -187.6 13.5 .32 -184.8 13.6 .72 -188.6 13.5
5 24 .16 -155.5 -10.7 .08 -156.8 -12.1 -.32 -152.9 -11 .32 -159.9 -12.2
5 24 -.88 -140.9 -14.6 -1.32 -139.9 -14.6 -.84 -134.2 -15.3 -1.48 -142.9 -14.8
5 24 1.28 -137.4 11 1.64 -137.4 12.2 1.28 -138.2 11.9 1.6 -136 11.6
5 24 .56 -200.2 -3.9 .56 -195.8 -3.4 .96 -196.8 -2.9 .16 -196.6 -3.3
5 24 -1.04 -50.7 -4.7 -1.08 -60.2 4.5 -1.04 -62.1 -5.9 -1.16 -47.3 10
5 24 -.76 -69.8 -14.1 .12 -72.2 -15.5 -.28 -69.6 -12 -.64 -75.7 -17.2
5 24 .8 -181.7 13.6 .32 -181.3 13.6 .4 -183.4 14 .48 -178.4 13.6
5 24 .68 -132.4 13.5 .32 -131.1 13 .36 -133.3 13 .96 -128.4 12.9
5 24 -.52 -27.3 2.8 -.72 -26 5.6 -1.44 -28.3 1.6 .4 -27.5 5.7
5 24 1.52 -39.4 15.6 1.44 -32.7 14.1 1.36 -47.5 7.4 1.04 -33.2 18
5 24 1.04 -33.2 18 .48 -31.2 19 .36 -38.2 20.7 .84 -26.3 16.2
5 24 .16 -188 -8.6 .6 -188 -9.5 .36 -189.2 -9.1 .2 -186.1 -9.1
5 24 .52 -105 -4.7 .64 -114.4 -6.1 .28 -112.4 -7.4 .64 -111.8 -2.5
5 24 .24 -206.1 -6.5 .4 -206.7 -5.9 .56 -203.2 -4.6 .16 -208.8 -7.5
5 24 .96 -82 -3 .64 -77.9 -9.6 .72 -84.8 -11.1 1.24 -71.1 -4.8
5 24 1.44 -79.5 20.7 1.44 -69 19.7 1.08 -73.1 22 1.12 -74.6 19
5 24 1.04 -30.4 10 .96 -23.6 11.4 1.44 -32.7 14.1 .4 -27.5 5.7
5 24 .32 -127.6 -5.8 -.36 -133.5 -2.8 -.08 -123.6 -3.4 .24 -133.3 -5.2
5 24 .12 -36.3 1.3 .28 -33.5 4.1 .28 -32.2 -.4 .76 -38.7 7
5 24 .8 -163.4 -3 -.08 -158 -3.6 .36 -166.8 -4.8 .44 -153.2 -3.7
5 24 .52 -116.8 12.6 .16 -118.1 12.3 .04 -111.8 11.2 .64 -120.9 12.4
5 24 .28 -103.1 -17.3 .2 -93.3 -14.7 .28 -96.3 -12.6 -.16 -101.2 -18.4
5 24 .16 -97.4 17 .72 -97.7 16 0 -96.9 13 .56 -99.7 16.9
5 24 .72 -218.8 1.7 1.2 -208.4 3.2 .16 -217 1.6 1.36 -210.9 .5
5 24 .6 -166.9 12.8 .68 -172.6 13.3 1.12 -171.1 13.1 .68 -172.1 12.1
5 24 1.2 -143.3 5.2 .96 -140 5.7 1.36 -136.6 4.7 1.08 -144.2 6.4
5 24 -.76 -66.8 13.8 -.92 -78 1.2 -.84 -76 8 -1.16 -47.3 10
5 24 .96 -196.8 -2.9 .56 -200.2 -3.9 .56 -195.8 -3.4 1.4 -201.6 -.2
5 24 -.32 -68.2 20 .12 -72.7 18.2 .64 -76.8 21.7 -.76 -66.8 13.8
5 24 -.045928373455147746814053118629312 -217.27166309955715851891593365612 7.9025731527897121015183646472996 -.32592837345514774681405311862931 -216.17166309955715851891593365612 8.1025731527897121015183646472996 .11407162654485225318594688137069 -215.17166309955715851891593365612 8.2025731527897121015183646472996 -.32592837345514774681405311862931 -218.67166309955715851891593365612 8.0025731527897121015183646472996
5 24 1.04 -97 17.6 1.52 -92.9 13 1.16 -87.9 15.2 1.2 -95.6 13.8
5 24 .36 -127.3 11.2 .88 -127.5 10.6 .24 -131 11.2 .36 -125 10.4
5 24 .16 -159.6 -11.1 .16 -155.5 -10.7 0 -157.3 -10.3 .32 -159.9 -12.2
5 24 -.52 -97 -17.3 -.84 -103.1 -16.7 -.32 -105.9 -19.4 -.92 -94.5 -15.1
5 24 .2 -186.4 -8.2 .16 -188 -8.6 .2 -186.1 -9.1 .36 -189.1 -7.7
5 24 .48 -71.7 -20.8 .24 -80.8 -21.6 -.2 -73.2 -20.9 .64 -76.1 -19.6
5 24 .12 -36.3 1.3 .28 -32.2 -.4 .28 -33.5 4.1 .52 -38.7 -1.3
5 24 -.88 -34.8 -19.3 -.8 -40.9 -23.2 -1.16 -39.6 -17.7 -.4 -38.2 -23.4
5 24 .12 -157.2 6.1 .4 -161.9 9.8 .72 -161.3 11.4 .36 -160.7 7.7
5 24 .4 -27.5 5.7 .24 -25 7.1 -.72 -26 5.6 .76 -23.3 9.5
5 24 1.12 -132.3 13.1 .68 -132.4 13.5 .96 -128.4 12.9 1.28 -136.1 13
5 24 -.88 -95.9 -3.3 -.92 -78 1.2 -1 -91.7 3.4 -.84 -90.9 -10.2
5 24 1.24 -162.5 10.8 1 -165.1 12.3 1.48 -159.5 11.6 .88 -168.9 11.5
5 24 .28 -186.6 -3 .68 -182.2 -3.8 -.16 -181.8 -5.7 1 -182.3 -.9
5 24 -.4 -38.2 -23.4 .32 -39.6 -24.1 0 -45.1 -24.1 .68 -33 -18.5
5 24 1.12 -121.4 7.1 .84 -117.1 6.9 1.08 -122.3 7.6 .96 -121 2.9
5 24 .44 -202.8 -3 .56 -203.2 -4.6 1 -202.2 -1.6 .32 -204.7 -4.5
5 24 .52 -175.9 12.2 .68 -172.1 12.1 1.04 -174.6 12.6 .68 -172.6 13.3
5 24 .88 -190.5 -7.8 .6 -188 -7.5 .92 -188 -8.2 .56 -190.8 -7.5
5 24 .92 -188 -8.2 .68 -185.5 -7.9 .6 -188 -7.5 .92 -187 -9.2
5 24 .64 -77.9 -9.6 1.24 -71.1 -4.8 .96 -70.5 -9.8 .96 -82 -3
5 24 -.32 -129.5 -18.7 -.2 -123 -18.7 .24 -128.7 -17.2 -.76 -126.5 -16.8
5 24 .16 -114.8 -19.7 .28 -120.7 -18.3 .52 -115.4 -18.1 -.2 -123 -18.7
5 24 -1.04 -67.3 -10.6 -.48 -72.2 -10.3 -.88 -73.4 -6.8 -.28 -69.6 -12
5 24 -.28 -185.3 1.6 -.52 -201.8 3.5 -.32 -195.8 -1.8 -.32 -198.9 5.2
5 24 -.48 -137 -14.6 .08 -132.7 -14.7 -.04 -135 -15.9 -.16 -128.9 -14
5 24 .88 -190.5 -7.8 .92 -188 -8.2 .6 -188 -7.5 .92 -187 -9.2
5 24 .96 -205.7 0 .6 -209.8 -.1 .28 -208.7 1.6 1.04 -211.8 -.9
5 24 -1.2 -35.6 3 -1.16 -34.9 -4.6 -.88 -39.4 5.7 -1.48 -29.8 -5
5 24 .68 -25.4 -12.4 .16 -23.6 -10.6 .96 -26.5 -11 0 -24.4 -12.9
5 24 -.44 -57.6 -23.3 0 -57.1 -22.9 -.32 -55.7 -21.2 0 -59.5 -24.1
5 24 1.08 -89.2 22.8 1.24 -87.3 21.7 1.08 -84.1 22.3 .84 -79.6 20.8
5 24 .96 -183.5 -8.6 .88 -180.5 -9.6 1.2 -177 -5.2 .76 -182.8 -9.9
5 24 .28 -120.7 -18.3 .48 -118.3 -16.8 .52 -115.4 -18.1 .28 -124.7 -15
5 24 .68 -69.5 22.2 .44 -59.9 18.7 .04 -67.1 21.5 1.04 -66.4 21
5 24 .76 -119.7 11.2 .68 -118.1 10.4 .4 -119.7 10.2 .88 -118.2 11.6
5 24 .36 -203.1 -.5 .28 -208.7 1.6 -.2 -205.4 3.2 .96 -205.7 0
5 24 -1.48 -148.6 -17.7 -1.2 -148.2 -16.5 -1.48 -146.3 -17.1 -1.24 -149.7 -18.2
5 24 -.84 -103.1 -16.7 -1.12 -111.1 -16.5 -.84 -99.6 -12.4 -.88 -111.5 -18.8
5 24 -1.28 -137.7 -17.3 -1.24 -140.9 -17.4 -1.64 -139.9 -16.4 -.8 -137.8 -17.5
5 24 1.48 -154.4 8.7 1.12 -149.5 7 .92 -154.3 8.6 1 -152.9 4.5
5 24 .88 -180.5 -9.6 .76 -182.8 -9.9 .4 -179.5 -9.9 .96 -183.5 -8.6
5 24 0 -206.2 -6.6 .24 -206.1 -6.5 .4 -202.7 -4.9 .16 -208.8 -7.5
5 24 .64 -191 -8.6 .56 -190.8 -7.5 .36 -190.5 -8.3 .88 -190.5 -7.8
5 24 .32 -165.7 -12.4 .44 -164.2 -12.2 .12 -165.1 -11.9 .28 -165.4 -13.4
5 24 -1.08 -134.8 -16.8 -.64 -133.4 -18.3 -1.28 -137.7 -17.3 -.76 -126.5 -16.8
5 24 -.04 -115.3 6.2 .28 -121.8 6.3 -.08 -119.1 2.8 .36 -119 7.6
5 24 1.44 -62.2 6.7 1.36 -47.5 7.4 1.24 -59.4 -2.5 1.56 -59 13.2
5 24 1.16 -124.9 5.9 .96 -121 2.9 .92 -125.5 1.6 1.12 -121.4 7.1
5 24 .68 -185.5 -7.9 .68 -183.3 -7.7 .16 -183.3 -7.9 .96 -183.5 -8.6
5 24 -.68 -30.3 19.1 -1.16 -28.2 16.5 -.88 -35.6 19.3 -.88 -24.8 16.3
5 24 0 -157.3 -10.3 -.16 -154 -9.1 -.52 -154.5 -9.3 .16 -155.5 -10.7
5 24 -.32 -103.7 -11.4 .32 -107.4 -14.6 -.08 -108.5 -12.3 -.32 -96.7 -10.5
5 24 -.36976170554457740648245317195439 -223.93315539612033257678820194402 8.5143863644311033817104472169714 -.0080684816068575565952535090845152 -223.83711144816795400696053183695 8.4583673181491819992121834726638 -.23289200466106395092639343407218 -226.43726933104122191190020097313 8.487977655872408922347490689845 -.39241165581158362092721744799491 -221.69402385008785794998333588635 8.2261442040557371129800623866586
5 24 -.2 -123 -18.7 .28 -120.7 -18.3 .16 -114.8 -19.7 .24 -128.7 -17.2
5 24 .12 -72.7 18.2 .64 -73.7 13.9 .72 -72.6 15.6 -.44 -72 12.9
5 24 -.28 -187.2 -2.4 .16 -196.6 -3.3 -.32 -195.8 -1.8 .28 -186.6 -3
5 24 .76 -49 -22.3 .92 -42.3 -23.2 0 -45.1 -24.1 1.6 -44 -18.8
5 24 1.36 -136.6 4.7 .56 -143.3 -1.5 1.2 -143.3 5.2 1.48 -132.8 4
5 24 .96 -128.4 12.9 .32 -131.1 13 .28 -129.4 12.1 .68 -132.4 13.5
5 24 .16 -187.8 3.5 .8 -183.8 2.9 .24 -181.4 3.6 .64 -193.4 5.1
5 24 .28 -223.9 1.9 .28 -228.8 1.9 -.08 -224.9 1.5 .48 -225.2 1.6
5 24 1 -171.6 5.2 1.28 -173.5 4 1 -163.4 5.2 .6 -179.2 4.3
5 24 .56 -105.6 18.3 .72 -109.7 18.4 .76 -108.5 19.3 .88 -108.6 17.8
5 24 .28 -112.4 -7.4 .52 -105 -4.7 .64 -114.4 -6.1 .16 -103.3 -7.2
5 24 .36 -166.8 -4.8 -.08 -176.8 -7.1 -.12 -165.9 -2.3 .44 -176 -8.7
5 24 .12 -161.4 -11.4 .32 -159.9 -12.2 .44 -164.2 -12.2 .16 -159.6 -11.1
5 24 .4 -26.9 -15.2 -.16 -31 -18 -.68 -27.9 -15.1 .68 -33 -18.5
5 24 -.04 -28.2 .1 -.72 -27.7 -1.1 -.52 -27.3 2.8 -.04 -27.2 -4.3
5 24 .72 -53.1 -19.1 .12 -58.4 -17.3 -.56 -54.4 -18.3 1.4 -56.1 -13.7
5 24 .68 -187.7 12.8 .84 -184.9 13.8 .76 -184.9 12.6 .72 -187.6 14.1
5 24 -.08 -237.2 1.3 0 -238.4 1.6 .16 -234.7 1.6 -.04 -237.4 .7
5 24 1.28 -194.2 .4 1 -182.3 -.9 .8 -183.8 2.9 1 -193.2 -2
5 24 1.56 -131.3 6.5 1.52 -128.7 5.7 1.48 -132.8 4 1.36 -128.3 6.6
5 24 .32 -127.6 -5.8 .84 -127.5 -5.7 .6 -122.3 -6.7 .24 -133.3 -5.2
5 24 .56 -186 -8.2 .56 -185.6 -8.8 .68 -185.5 -7.9 .2 -186.1 -9.1
5 24 -1.32 -139.9 -14.6 -1.6 -140.2 -15.4 -1.36 -137.4 -15.2 -1.48 -142.9 -14.8
5 24 .32 -21.7 9.8 -.08 -23 8.2 -.4 -21.4 10 .24 -25 7.1
5 24 -.32592837345514774681405311862931 -218.67166309955715851891593365612 8.0025731527897121015183646472996 -.045928373455147746814053118629312 -217.27166309955715851891593365612 7.9025731527897121015183646472996 -.029413765711919531176794978327675 -221.29940459004452809074936766846 8.1991448846605004552697421457839 -.32592837345514774681405311862931 -216.17166309955715851891593365612 8.1025731527897121015183646472996
5 24 0 -76.9 12.5 -.28 -85.4 13.1 -.84 -76 8 .72 -85.9 15.4
5 24 -1.16 -47.3 10 -.56 -61.2 16 -.8 -47.6 13.2 -.76 -66.8 13.8
5 24 1.36 -136.6 4.7 1.56 -131.3 6.5 1.48 -132.8 4 1.4 -133 7.2
5 24 -1.04 -102.2 2.7 -1 -105.9 1.9 -.88 -105.3 -2.8 -.96 -104.4 6.2
5 24 -.44592837345514774681405311862928 -218.07166309955715851891593365612 8.6025731527897121015183646472996 -.51460050078493899927550356667348 -220.83242777311023492180912882393 8.6997885734535514277332192859571 -.36800005683882378481986006045215 -221.11429966449072017259635997999 9.4911324767706238043135501547739 -.32592837345514774681405311862931 -218.67166309955715851891593365612 8.0025731527897121015183646472996
5 24 .96 -140 5.7 1.36 -136.6 4.7 1.2 -136.7 5.8 1.2 -143.3 5.2
5 24 -.56 -54.4 -18.3 -.84 -58.1 -15.6 -1.04 -48.8 -15.8 .12 -58.4 -17.3
5 24 0 -45.1 -24.1 .92 -42.3 -23.2 .76 -49 -22.3 .32 -39.6 -24.1
5 24 -.08 -109.1 9.9 .4 -108.8 9 -.04 -108.9 9.1 .12 -112.6 10.2
5 24 -.84 -151.1 -4.7 -.08 -158 -3.6 -.36 -152.7 -6.2 -.24 -160.5 -2.8
5 24 -.16 -128.9 -14 .28 -124.7 -15 0 -124.5 -13.9 .08 -132.7 -14.7
5 24 .08 -206.6 -5.3 .16 -209.1 -6.2 .4 -206.7 -5.9 -.16 -208.6 -5.9
5 24 .68 -172.1 12.1 1.04 -174.6 12.6 .52 -175.9 12.2 .88 -168.9 11.5
5 24 1.08 -62.6 -17.6 .24 -65.9 -19.8 .48 -71.7 -20.8 .12 -58.4 -17.3
5 24 .8 -104.7 17.7 .56 -105.6 18.3 .88 -108.6 17.8 .24 -100.7 18
5 24 -.68 -30.3 19.1 -.88 -35.6 19.3 -.32 -35.9 20.6 -1.16 -28.2 16.5
5 24 -.12 -210.6 -6.9 .16 -209.1 -6.2 -.16 -208.6 -5.9 .24 -209.4 -6.9
5 24 -.84 -76 8 0 -76.9 12.5 -.44 -72 12.9 -.28 -85.4 13.1
5 24 .04 -52.7 15.7 1.08 -52.3 15.9 1 -44.9 16.2 .44 -59.9 18.7
5 24 1.32 -128.7 11.3 .88 -127.5 10.6 1.12 -123.7 11.7 1.2 -131.2 11.2
5 24 -.24592837345514774681405311862931 -215.67166309955715851891593365612 8.9025731527897121015183646472996 -.16592837345514774681405311862931 -218.67166309955715851891593365612 9.2025731527897121015183646472996 -.44592837345514774681405311862928 -218.07166309955715851891593365612 8.6025731527897121015183646472996 .15407162654485225318594688137069 -217.37166309955715851891593365612 8.9025731527897121015183646472996
5 24 .92 -105.3 11.5 1 -99 11.6 1.12 -97.5 7.5 .48 -103.7 12.6
5 24 .48 -31.2 19 .04 -29.1 18.8 .84 -26.3 16.2 .36 -38.2 20.7
5 24 .44 -176 -8.7 .4 -179.5 -9.9 -.08 -176.8 -7.1 .88 -177.5 -9
5 24 -.28 -212.5 -7.7 -.04 -212.8 -7.8 -.12 -212.3 -7.3 -.24 -212.5 -8.3
5 24 .6 -188 -7.5 .68 -185.5 -7.9 .92 -188 -8.2 .2 -186.4 -8.2
5 24 .28 -32.2 -.4 -.04 -28.2 .1 .4 -27.5 5.7 .6 -28.3 -5.3
5 24 .16 -159.6 -11.1 0 -157.3 -10.3 .16 -155.5 -10.7 -.32 -158.9 -10.9
5 24 -.88 -27.3 -4.1 -.72 -27.7 -1.1 -1.44 -28.3 1.6 -.04 -27.2 -4.3
5 24 .72 -97.7 16 1.2 -95.6 13.8 1.04 -97 17.6 0 -96.9 13
5 24 .64 -191 -8.6 .88 -190.5 -7.8 .56 -190.8 -7.5 .92 -187 -9.2
5 24 .08 -149.4 -8.7 .36 -144.2 -5.9 -.48 -146.7 -9.2 .44 -153.2 -3.7
5 24 .4 -179.5 -9.9 .04 -179.9 -8.9 -.08 -176.8 -7.1 .4 -183 -10
5 24 .64 -76.8 21.7 1.08 -84.1 22.3 1.08 -73.1 22 .84 -79.6 20.8
5 24 1.04 -132.1 -1.4 .92 -124.1 -3.6 .92 -125.5 1.6 .84 -127.5 -5.7
5 24 1.28 -136.1 13 1.64 -137.4 12.2 1.56 -135 12.4 1.28 -138.2 11.9
5 24 -.72 -46.2 21.1 -.6 -47 22.7 -.76 -44.4 21.2 -.4 -48 22
5 24 .4 -109.5 -17.7 -.16 -101.2 -18.4 .28 -103.1 -17.3 .16 -114.8 -19.7
5 24 .36 -133.3 13 .16 -132.5 12 .64 -135.4 12.6 .32 -131.1 13
5 24 .23407162654485225318594688137069 -210.77166309955715851891593365612 8.2025731527897121015183646472996 .28 -208.4 7.8 .52 -206.7 7.8 -.085928373455147746814053118629312 -209.67166309955715851891593365612 7.2025731527897121015183646472996
5 24 .64 -76.1 -19.6 .48 -71.7 -20.8 .24 -80.8 -21.6 1.32 -66.7 -16.9
5 24 -.8 -40.9 -23.2 -.08 -52.6 -23.3 0 -45.1 -24.1 -.8 -49.8 -20.9
5 24 .52 -206.7 7.8 .8 -201.8 6.9 .16 -206 8 1.32 -203.5 5.8
5 24 -1.04 -62.1 -5.9 -1.04 -67.3 -10.6 -.88 -73.4 -6.8 -1.08 -63.8 -14.5
5 24 .92 -125.5 1.6 .96 -121 2.9 .92 -124.1 -3.6 1.16 -124.9 5.9
5 24 1 -182.3 -.9 .96 -180.1 -5.9 1.2 -177 -5.2 .68 -182.2 -3.8
5 24 -.2 -73.2 -20.9 -.6 -78 -18.9 -.12 -81.4 -20.6 -1.08 -71 -17.1
5 24 .01107289038816002766073390345865 -225.83923127351844104640060331869 8.4690688179384928407977073233312 -.078597286444823306640513560189064 -225.99359165767395174737648139617 9.0486533613577402878674591789662 -.23289200466106395092639343407218 -226.43726933104122191190020097313 8.487977655872408922347490689845 -.0080684816068575565952535090845152 -223.83711144816795400696053183695 8.4583673181491819992121834726638
5 24 .36 -166.8 -4.8 .44 -176 -8.7 -.08 -176.8 -7.1 .72 -170.6 -6.5
5 24 .24 -87.8 -20.4 .28 -85.5 -19.6 .2 -85.2 -20.3 .36 -88.2 -19.6
5 24 -.92 -45.3 2.8 -1.16 -47.3 10 -.88 -39.4 5.7 -1.04 -50.7 -4.7
5 24 .16 -208.8 -7.5 .4 -206.7 -5.9 .16 -210.3 -7.5 .24 -206.1 -6.5
5 24 -.52 -154.5 -9.3 -.16 -154 -9.1 0 -157.3 -10.3 -.36 -152.7 -6.2
5 24 .84 -79.6 20.8 1.44 -79.5 20.7 1.36 -84.1 20.7 1.12 -74.6 19
5 24 .28 -85.5 -19.6 .56 -85.5 -19.8 .36 -88.2 -19.6 .12 -79.7 -18.1
5 24 .56 -209.3 3.2 .16 -206.7 4.9 -.2 -205.4 3.2 1.2 -208.4 3.2
5 24 -.88 -145.7 -18.3 -1.16 -146.7 -18.6 -.84 -148.3 -18.8 -1.4 -143.7 -17.7
5 24 .48 -98.2 12.5 .04 -103 12.3 .48 -103.7 12.6 -.56 -102.9 9.9
5 24 .4 -183 -10 .64 -185.8 -10 .36 -186 -9.8 .76 -182.8 -9.9
5 24 -.51460050078493899927550356667348 -220.83242777311023492180912882393 8.6997885734535514277332192859571 -.36976170554457740648245317195439 -223.93315539612033257678820194402 8.5143863644311033817104472169714 -.39241165581158362092721744799491 -221.69402385008785794998333588635 8.2261442040557371129800623866586 -.48871679233266686204871671631072 -221.98640778698773340080076463345 9.1938966970469856992079182580827
5 24 .16 -207.2 6.7 .52 -206.7 7.8 .28 -208.4 7.8 .68 -206.1 6
5 24 1.2 -136.7 5.8 1.4 -133 7.2 1.36 -136.6 4.7 1 -132.2 7.1
5 24 .92 -124.1 -3.6 .96 -121 2.9 .92 -125.5 1.6 .64 -111.8 -2.5
5 24 -1.12 -151.2 -8.7 -.52 -154.5 -9.3 -.36 -152.7 -6.2 -.72 -155.4 -11.2
5 24 .64 -185.8 -10 .6 -188 -9.5 .2 -186.1 -9.1 .92 -187 -9.2
5 24 .36 -187.6 13.5 .72 -188.6 13.5 .72 -187.6 14.1 .68 -187.7 12.8
5 24 .96 -23.6 11.4 .4 -27.5 5.7 1.04 -30.4 10 .76 -23.3 9.5
5 24 .56 -42.3 20.2 .92 -38.9 19.6 1.52 -39.4 15.6 .36 -38.2 20.7
5 24 .28 -129.4 12.1 .96 -128.4 12.9 .32 -131.1 13 .44 -126.1 12.4
5 24 .76 -220.4 .3 1.36 -210.9 .5 .72 -218.8 1.7 1.04 -211.8 -.9
5 24 -.23289200466106395092639343407218 -226.43726933104122191190020097313 8.487977655872408922347490689845 -.0080684816068575565952535090845152 -223.83711144816795400696053183695 8.4583673181491819992121834726638 .01107289038816002766073390345865 -225.83923127351844104640060331869 8.4690688179384928407977073233312 -.36976170554457740648245317195439 -223.93315539612033257678820194402 8.5143863644311033817104472169714
5 24 1.2 -143.3 5.2 1.36 -136.6 4.7 .96 -140 5.7 .56 -143.3 -1.5
5 24 .16 -97.4 17 -.28 -85.4 13.1 -.32 -93.3 13.8 .24 -98.8 18.6
5 24 -.2 -205.4 3.2 .56 -209.3 3.2 .16 -206.7 4.9 .28 -208.7 1.6
5 24 .04 -179.9 -8.9 .16 -183.3 -7.9 -.16 -181.8 -5.7 .12 -184 -9
5 24 .52 -124.4 12.6 .24 -122.4 11.8 .44 -126.1 12.4 .64 -120.9 12.4
5 24 -.48 -146.7 -9.2 -.92 -152.2 -10.8 -.32 -152.9 -11 -.88 -146.5 -9.2
5 24 .72 -218.8 1.7 1.36 -210.9 .5 .76 -220.4 .3 1.2 -208.4 3.2
5 24 -.08 -109.1 9.9 .12 -112.6 10.2 .4 -108.8 9 .04 -111.8 11.2
5 24 .64 -165 6.5 .32 -173.3 4.4 .16 -163.9 5.5 1 -171.6 5.2
5 24 0 -210.5 -8 0 -206.2 -6.6 .16 -208.8 -7.5 -.32 -208 -6.9
5 24 .68 -132.4 13.5 .96 -128.4 12.9 1.12 -132.3 13.1 .32 -131.1 13
5 24 -.04 -28.2 .1 -.52 -27.3 2.8 -.72 -27.7 -1.1 .4 -27.5 5.7
5 24 1 -152.9 4.5 1.48 -146.8 6.9 1.12 -149.5 7 1.2 -143.3 5.2
5 24 1.4 -201.6 -.2 1 -193.2 -2 .96 -196.8 -2.9 1.28 -194.2 .4
5 24 -.32 -93.3 13.8 -.88 -96.3 7.7 0 -96.9 13 -1 -85 6.7
5 24 -.36 -47.2 20.8 .04 -47.8 22.1 -.4 -48 22 -.28 -45.3 19.3
5 24 .16 -110.1 12 .52 -112 12.3 .16 -107.2 12.1 .04 -111.8 11.2
5 24 .2 -46.2 21.5 -.28 -45.3 19.3 .04 -47.8 22.1 .12 -45.2 20.1
5 24 .44 -112 9.7 1.04 -110.3 10.6 .92 -112.6 10.4 .72 -108.6 9.3
5 24 .04 -111.8 11.2 .52 -116.8 12.6 .16 -118.1 12.3 .52 -112 12.3
5 24 -.04 -43.9 21.7 .56 -42.3 20.2 .2 -46.2 21.5 .36 -38.2 20.7
5 24 .36 -190.5 -8.3 .36 -189.2 -9.1 .64 -191 -8.6 .16 -188 -8.6
5 24 1.52 -39.4 15.6 .92 -38.9 19.6 1.04 -33.2 18 .56 -42.3 20.2
5 24 .68 -88.2 -19.5 .64 -87.8 -20.5 .6 -89 -20.1 .56 -85.5 -19.8
5 24 1.04 -112.6 18.5 1.12 -111.6 17.9 1.32 -113.1 18.9 .72 -109.7 18.4
5 24 .4 -108.8 9 .44 -112 9.7 .12 -112.6 10.2 .72 -108.6 9.3
5 24 -.32 -55.7 -21.2 .24 -54.9 -21.2 -.56 -54.4 -18.3 0 -57.1 -22.9
5 24 .12 -157.2 6.1 .16 -163.9 5.5 .36 -160.7 7.7 -.56 -157.9 .5
5 24 -.24592837345514774681405311862931 -215.67166309955715851891593365612 8.9025731527897121015183646472996 -.44592837345514774681405311862928 -218.07166309955715851891593365612 8.6025731527897121015183646472996 -.16592837345514774681405311862931 -218.67166309955715851891593365612 9.2025731527897121015183646472996 -.32592837345514774681405311862931 -216.17166309955715851891593365612 8.1025731527897121015183646472996
5 24 -.28 -185.3 1.6 .24 -181.4 3.6 .16 -187.8 3.5 .32 -173.3 4.4
5 24 -.72 -85.9 -11.7 -.6 -91.8 -15.5 -.16 -88.6 -14.9 -.92 -94.5 -15.1
5 24 1.2 -129.4 7.5 1 -132.2 7.1 1.4 -133 7.2 .48 -127.1 5.8
5 24 1.24 -76.1 3.7 1.24 -59.4 -2.5 1.24 -71.1 -4.8 1.44 -62.2 6.7
5 24 .2 -85.2 -20.3 -.64 -75.7 -17.2 .28 -85.5 -19.6 -.6 -78 -18.9
5 24 .48 -103.7 12.6 1 -99 11.6 .48 -98.2 12.5 .92 -105.3 11.5
5 24 1.04 -211.8 -.9 .6 -209.8 -.1 .56 -215 -1.5 .96 -205.7 0
5 24 .52 -124.4 12.6 .44 -126.1 12.4 .24 -122.4 11.8 .96 -124.5 12.6
5 24 .64 -103.7 19.6 .76 -108.5 19.3 .44 -104.4 19 1.16 -109.3 19.5
5 24 .16 -115.8 -14.2 .32 -107.4 -14.6 .48 -118.3 -16.8 -.08 -108.5 -12.3
5 24 -.24 -94.5 -8.9 .32 -94.6 -7.7 -.6 -93.5 -7.5 .28 -96.3 -12.6
5 24 -.88 -27.3 -4.1 -.04 -27.2 -4.3 .16 -24.9 -7.8 -.72 -27.7 -1.1
5 24 -.12 -113.3 -7.1 -.6 -110.3 -2.5 -.24 -118.2 -2.9 -.88 -105.3 -2.8
5 24 .36 -38.2 20.7 1.04 -33.2 18 .48 -31.2 19 .92 -38.9 19.6
5 24 -.24592837345514774681405311862931 -212.97166309955715851891593365612 7.6025731527897121015183646472996 .11407162654485225318594688137069 -215.17166309955715851891593365612 8.2025731527897121015183646472996 -.085928373455147746814053118629312 -209.67166309955715851891593365612 7.2025731527897121015183646472996 -.32592837345514774681405311862931 -216.17166309955715851891593365612 8.1025731527897121015183646472996
5 24 1.44 -79.5 20.7 1.08 -73.1 22 1.44 -69 19.7 1.08 -84.1 22.3
5 24 -.52 -97 -17.3 -.6 -91.8 -15.5 -.16 -88.6 -14.9 -.92 -94.5 -15.1
5 24 .52 -134.9 5.1 1 -132.2 7.1 .48 -127.1 5.8 1.2 -136.7 5.8
5 24 -.88 -111.5 -18.8 -.32 -112.6 -19.9 -.6 -118.7 -19.5 -.32 -105.9 -19.4
5 24 -.88 -24.8 16.3 -1.16 -28.2 16.5 -1.28 -24.7 12.8 -.68 -30.3 19.1
5 24 .84 -79.6 20.8 1.08 -84.1 22.3 1.08 -89.2 22.8 .64 -76.8 21.7
5 24 .12 -58.4 -17.3 -.6 -65.7 -18.4 -.84 -58.1 -15.6 .24 -65.9 -19.8
5 24 .24 -179.6 13 .32 -181.3 13.6 .48 -178.4 13.6 .4 -179.3 12
5 24 -.32 -195.8 -1.8 .16 -196.6 -3.3 -.04 -200.7 -3.2 -.28 -187.2 -2.4
5 24 .72 -188.6 13.5 .72 -187.6 14.1 .36 -187.6 13.5 .68 -187.7 12.8
5 24 1.08 -84.1 22.3 1.08 -89.2 22.8 1.24 -87.3 21.7 .84 -79.6 20.8
5 24 .4 -183 -10 .04 -179.9 -8.9 .12 -184 -9 .4 -179.5 -9.9
5 24 -.68 -27.9 -15.1 -1.04 -27 -11.5 -.88 -34.8 -19.3 -.48 -24.2 -11.9
5 24 1.04 -116 11.6 1.04 -112.1 11.5 .8 -115.4 10.2 .8 -113.3 12.3
5 24 -.76 -126.5 -16.8 -.6 -118.7 -19.5 -.2 -123 -18.7 -1.04 -117.4 -17.8
5 24 1.2 -208.4 3.2 .68 -206.1 6 .16 -206.7 4.9 1.32 -203.5 5.8
5 24 -1.64 -143.5 -16.1 -1.16 -145.1 -15.6 -1.48 -142.9 -14.8 -1.48 -146.3 -17.1
5 24 .76 -108.5 19.3 .96 -112 19 1.16 -111.6 19.5 .72 -109.7 18.4
5 24 1.44 -69 19.7 1.56 -59 13.2 1.4 -61.7 16.8 1.68 -67.2 13
5 24 -.44 -72 12.9 .64 -73.7 13.9 .12 -72.7 18.2 0 -76.9 12.5
5 24 .2 -186.1 -9.1 .16 -188 -8.6 .2 -186.4 -8.2 .6 -188 -9.5
5 24 .88 -180.5 -9.6 1.2 -177 -5.2 .96 -183.5 -8.6 .88 -177.5 -9
5 24 -.28 -69.6 -12 .28 -73 -10.6 -.48 -72.2 -10.3 .96 -70.5 -9.8
5 24 .12 -112.6 10.2 .24 -115.8 10.1 .44 -112 9.7 0 -117.4 11.5
5 24 -.12 -205.3 -5.3 -.12 -206.6 -6.1 .08 -206.6 -5.3 0 -206.2 -6.6
5 24 -.32 -158.9 -10.9 .12 -161.4 -11.4 .16 -159.6 -11.1 0 -162.7 -11.8
5 24 .28 -208.7 1.6 .96 -205.7 0 .6 -209.8 -.1 .36 -203.1 -.5
5 24 1.16 -101.1 18.6 .96 -100.6 17.5 1.04 -97 17.6 1.2 -104.4 18.1
5 24 -.2 -73.2 -20.9 .24 -80.8 -21.6 .48 -71.7 -20.8 -.12 -81.4 -20.6
5 24 .24 -98.8 18.6 .64 -103.7 19.6 .24 -100.7 18 .6 -98 18.7
5 24 -.64 -75.7 -17.2 .28 -85.5 -19.6 .2 -85.2 -20.3 .12 -79.7 -18.1
5 24 -.8 -40.9 -23.2 -.8 -49.8 -20.9 -1.16 -39.6 -17.7 -.08 -52.6 -23.3
5 24 .24 -100.7 18 .64 -103.7 19.6 .24 -98.8 18.6 .44 -104.4 19
5 24 .6 -166.9 12.8 .6 -164.7 10.2 .68 -172.1 12.1 .72 -161.3 11.4
5 24 .72 -72.6 15.6 1.12 -74.6 19 .12 -72.7 18.2 1.44 -70.9 15.3
5 24 .32 -21.7 9.8 .24 -25 7.1 .76 -23.3 9.5 -.08 -23 8.2
5 24 .92 -187 -9.2 .68 -185.5 -7.9 .92 -188 -8.2 .96 -183.5 -8.6
5 24 -.44 -57.6 -23.3 0 -59.5 -24.1 0 -57.1 -22.9 -.4 -59.9 -24.6
5 24 .68 -122.6 7.7 .48 -127.1 5.8 .28 -121.8 6.3 .96 -125.1 6.9
5 24 -.04 -149.9 4.4 -.92 -147.9 -2 .12 -157.2 6.1 -1 -143.6 -2.3
5 24 -.56 -61.2 16 -.32 -68.2 20 -.76 -66.8 13.8 .04 -67.1 21.5
5 24 -.16 -132.8 1.3 -.76 -140.1 -3.5 -1 -143.6 -2.3 -.36 -133.5 -2.8
5 24 -.76 -44.2 -7 -1.04 -48.8 -15.8 -1.16 -39.6 -17.7 -1.04 -50.7 -4.7
5 24 .08 -60.9 -26.5 .08 -58.4 -25.5 -.24 -59.2 -25.8 .36 -59.7 -25.2
5 24 1.36 -171.6 -3.4 .8 -163.4 -3 1.36 -166.6 -.1 .72 -170.6 -6.5
5 24 -.0080684816068575565952535090845152 -223.83711144816795400696053183695 8.4583673181491819992121834726638 .01107289038816002766073390345865 -225.83923127351844104640060331869 8.4690688179384928407977073233312 -.23289200466106395092639343407218 -226.43726933104122191190020097313 8.487977655872408922347490689845 -.078597286444823306640513560189064 -225.99359165767395174737648139617 9.0486533613577402878674591789662
5 24 1.28 -136.1 13 1.12 -132.3 13.1 1.56 -135 12.4 .68 -132.4 13.5
5 24 1.4 -56.1 -13.7 1.08 -62.6 -17.6 1.32 -66.7 -16.9 .12 -58.4 -17.3
5 24 1.4 -31.2 -9.8 1.56 -32.5 -12.6 .96 -26.5 -11 1.92 -40 -11.8
5 24 .4 -108.8 9 .72 -108.6 9.3 .68 -108.5 7.6 .44 -112 9.7
5 24 .12 -72.2 -15.5 1.04 -68.5 -13.4 -.28 -69.6 -12 .8 -71.7 -16.8
5 24 .04 -103 12.3 -.56 -102.9 9.9 -.24 -106.3 11.4 .48 -98.2 12.5
5 24 .2 -186.1 -9.1 .56 -186 -8.2 .16 -183.3 -7.9 .56 -185.6 -8.8
5 24 .28 -151.5 -6.6 -.36 -152.7 -6.2 0 -152.5 -8 .44 -153.2 -3.7
5 24 .68 -183.3 -7.7 .96 -183.5 -8.6 .96 -180.1 -5.9 .68 -185.5 -7.9
5 24 .04 -103 12.3 .16 -107.2 12.1 -.24 -106.3 11.4 .48 -103.7 12.6
5 24 1.32 -66.7 -16.9 1.4 -56.1 -13.7 1.08 -62.6 -17.6 1.44 -65.8 -11.5
5 24 -.4 -199.5 -.4 -.2 -205.4 3.2 -.52 -201.8 3.5 .36 -203.1 -.5
5 24 1.48 -174.7 1.9 1.68 -171 .8 1.28 -173.5 4 1.2 -177 -5.2
5 24 -.88 -111.5 -18.8 -1.12 -111.1 -16.5 -1.04 -117.4 -17.8 -.84 -103.1 -16.7
5 24 .96 -125.1 6.9 1.08 -122.3 7.6 1.16 -124.9 5.9 .68 -122.6 7.7
5 24 -.84 -43.6 17.1 -.8 -47.6 13.2 -.08 -46.5 15.7 -1.16 -47.3 10
5 24 .68 -33 -18.5 -.16 -31 -18 .4 -26.9 -15.2 -.4 -38.2 -23.4
5 24 .16 -115.8 -14.2 -.4 -117.1 -13.7 0 -124.5 -13.9 -.08 -108.5 -12.3
5 24 -1.64 -139.9 -16.4 -1.6 -140.2 -15.4 -1.36 -137.4 -15.2 -1.64 -143.5 -16.1
5 24 -.52 -97 -17.3 -.92 -94.5 -15.1 -.6 -91.8 -15.5 -.84 -103.1 -16.7
5 24 0 -206.2 -6.6 -.12 -205.3 -5.3 .4 -202.7 -4.9 -.12 -206.6 -6.1
5 24 -1.16 -39.6 -17.7 -.8 -49.8 -20.9 -.8 -40.9 -23.2 -1.04 -48.8 -15.8
5 24 -.44 -72 12.9 0 -76.9 12.5 -.84 -76 8 .64 -73.7 13.9
5 24 .24 -122.4 11.8 .36 -127.3 11.2 .44 -126.1 12.4 .36 -125 10.4
5 24 -1.12 -111.1 -16.5 -1 -115.7 -14.7 -1.04 -117.4 -17.8 -.84 -99.6 -12.4
5 24 -.56 -54.4 -18.3 .24 -54.9 -21.2 -.32 -55.7 -21.2 .72 -53.1 -19.1
5 24 .48 -178.4 13.6 .24 -179.6 13 .24 -177.3 12.5 .32 -181.3 13.6
5 24 .92 -124.1 -3.6 .64 -114.4 -6.1 .6 -122.3 -6.7 .64 -111.8 -2.5
5 24 .6 -179.2 4.3 .8 -183.8 2.9 1.28 -173.5 4 .24 -181.4 3.6
5 24 .6 -98 18.7 .24 -98.8 18.6 .72 -85.9 15.4 .64 -103.7 19.6
5 24 -.51460050078493899927550356667348 -220.83242777311023492180912882393 8.6997885734535514277332192859571 -.48871679233266686204871671631072 -221.98640778698773340080076463345 9.1938966970469856992079182580827 -.36800005683882378481986006045215 -221.11429966449072017259635997999 9.4911324767706238043135501547739 -.36976170554457740648245317195439 -223.93315539612033257678820194402 8.5143863644311033817104472169714
5 24 1.24 -59.4 -2.5 1.36 -47.5 7.4 1.44 -62.2 6.7 1.24 -47.1 -3.7
5 24 -.51460050078493899927550356667348 -220.83242777311023492180912882393 8.6997885734535514277332192859571 -.39241165581158362092721744799491 -221.69402385008785794998333588635 8.2261442040557371129800623866586 -.32592837345514774681405311862931 -218.67166309955715851891593365612 8.0025731527897121015183646472996 -.36976170554457740648245317195439 -223.93315539612033257678820194402 8.5143863644311033817104472169714
5 24 .16 -24.9 -7.8 .16 -23.6 -10.6 .96 -26.5 -11 -.24 -23.6 -9.8
5 24 .08 -156.8 -12.1 -.36 -155.3 -12 -.32 -159.2 -12.4 -.32 -152.9 -11
5 24 1.56 -135 12.4 1.12 -132.3 13.1 1.28 -136.1 13 1.32 -130.4 12.2
5 24 1.48 -86.1 13.2 1.24 -76.4 13.1 1.52 -81 10.1 1.16 -87.9 15.2
5 24 .96 -127.5 6.8 1.2 -129.4 7.5 1.36 -128.3 6.6 .48 -127.1 5.8
5 24 .11407162654485225318594688137069 -215.17166309955715851891593365612 8.2025731527897121015183646472996 .11407162654485225318594688137069 -213.77166309955715851891593365612 8.9025731527897121015183646472996 .15407162654485225318594688137069 -217.37166309955715851891593365612 8.9025731527897121015183646472996 .23407162654485225318594688137069 -210.77166309955715851891593365612 8.2025731527897121015183646472996
5 24 .11407162654485225318594688137069 -215.17166309955715851891593365612 8.2025731527897121015183646472996 -.045928373455147746814053118629312 -217.27166309955715851891593365612 7.9025731527897121015183646472996 -.029413765711919531176794978327675 -221.29940459004452809074936766846 8.1991448846605004552697421457839 -.32592837345514774681405311862931 -216.17166309955715851891593365612 8.1025731527897121015183646472996
5 24 .44 -182.3 12.5 .76 -184.9 12.6 .44 -185.1 12.7 .76 -181.8 12.5
5 24 -.52 -97 -17.3 -.32 -105.9 -19.4 -.84 -103.1 -16.7 -.16 -101.2 -18.4
5 24 .11407162654485225318594688137069 -213.77166309955715851891593365612 8.9025731527897121015183646472996 .08 -210.9 9 .23407162654485225318594688137069 -210.77166309955715851891593365612 8.2025731527897121015183646472996 -.32592837345514774681405311862931 -212.17166309955715851891593365612 9.0025731527897121015183646472996
5 24 -.88 -24.8 16.3 -.68 -30.3 19.1 -.48 -26.7 18 -1.16 -28.2 16.5
5 24 .16 -114.8 -19.7 .52 -115.4 -18.1 .4 -109.5 -17.7 .28 -120.7 -18.3
5 24 -.56 -44 21.8 -.6 -47 22.7 -.76 -44.4 21.2 -.04 -46.3 22.9
5 24 -.44 -72 12.9 -.84 -76 8 0 -76.9 12.5 -.76 -66.8 13.8
5 24 .6 -209.8 -.1 .56 -215 -1.5 .12 -216.1 0 1.04 -211.8 -.9
5 24 .12 -112.6 10.2 0 -117.4 11.5 .24 -115.8 10.1 .04 -111.8 11.2
5 24 -1.28 -137.7 -17.3 -1.64 -139.9 -16.4 -1.24 -140.9 -17.4 -1.08 -134.8 -16.8
5 24 -.48 -24.2 -11.9 -.8 -24.9 -9.5 -.24 -23.6 -9.8 -1.04 -27 -11.5
5 24 .56 -105.6 18.3 .76 -108.5 19.3 .72 -109.7 18.4 .44 -104.4 19
5 24 1.6 -136 11.6 1.2 -131.2 11.2 1 -134.1 11.1 1.32 -130.4 12.2
5 24 -1.24 -149.7 -18.2 -.88 -149.4 -18.5 -.84 -149.2 -17.2 -1.36 -148.1 -18.9
5 24 1 -99 11.6 .48 -98.2 12.5 .48 -103.7 12.6 1.2 -95.6 13.8
5 24 -.28 -79.8 -11.6 -.72 -85.9 -11.7 -.88 -73.4 -6.8 -.16 -88.6 -14.9
5 24 .08 -118.8 -6.9 .52 -118 -7.2 .28 -112.4 -7.4 .6 -122.3 -6.7
5 24 .16 -208.8 -7.5 0 -206.2 -6.6 .24 -206.1 -6.5 0 -210.5 -8
5 24 -.84 -109.3 -12.3 -.32 -103.7 -11.4 -.8 -104.8 -11.9 -.08 -108.5 -12.3
5 24 .12 -72.2 -15.5 .8 -71.7 -16.8 .12 -79.7 -18.1 1.04 -68.5 -13.4
5 24 1.04 -66.4 21 .44 -59.9 18.7 1.4 -61.7 16.8 .68 -69.5 22.2
5 24 -.6 -127.6 -14.6 -.48 -137 -14.6 -.16 -128.9 -14 -.84 -134.2 -15.3
5 24 .08 -60.9 -26.5 .08 -61.8 -26.3 .36 -59.7 -25.2 -.36 -61 -25.8
5 24 .68 -118.1 10.4 .24 -115.8 10.1 .8 -115.4 10.2 .04 -118.9 10.8
5 24 .8 -201.8 6.9 .16 -206 8 -.32 -198.9 5.2 .52 -206.7 7.8
5 24 -.24 -126 0 -.08 -123.6 -3.4 -.36 -133.5 -2.8 -.24 -118.2 -2.9
5 24 .24 -65.9 -19.8 .12 -58.4 -17.3 -.6 -65.7 -18.4 1.08 -62.6 -17.6
5 24 .48 -71.7 -20.8 1.32 -66.7 -16.9 1.08 -62.6 -17.6 .64 -76.1 -19.6
5 24 -.16592837345514774681405311862931 -218.67166309955715851891593365612 9.2025731527897121015183646472996 .15407162654485225318594688137069 -217.37166309955715851891593365612 8.9025731527897121015183646472996 -.24592837345514774681405311862931 -215.67166309955715851891593365612 8.9025731527897121015183646472996 .16832765310008450976838249257056 -220.06098228090766009225155225023 8.8409585295535919447902573533654
5 24 .68 -135.6 11.7 1.28 -138.2 11.9 1.04 -137.8 11.3 .64 -135.4 12.6
5 24 .16 -24.9 -7.8 .96 -26.5 -11 .6 -28.3 -5.3 .16 -23.6 -10.6
5 24 -.92 -94.5 -15.1 -.84 -103.1 -16.7 -.84 -99.6 -12.4 -.52 -97 -17.3
5 24 .56 -175.9 13.6 .48 -178.4 13.6 .24 -177.3 12.5 .92 -177.3 13.4
5 24 -.24592837345514774681405311862931 -212.97166309955715851891593365612 7.6025731527897121015183646472996 -.085928373455147746814053118629312 -209.67166309955715851891593365612 7.2025731527897121015183646472996 .11407162654485225318594688137069 -215.17166309955715851891593365612 8.2025731527897121015183646472996 -.44 -211.6 7.9
5 24 -1.04 -48.8 -15.8 -1.08 -63.8 -14.5 -.84 -58.1 -15.6 -1.04 -62.1 -5.9
5 24 -.16 -88.6 -14.9 -.52 -97 -17.3 .2 -93.3 -14.7 -.6 -91.8 -15.5
5 24 1.16 -109.3 19.5 1.44 -109.4 18.4 1.08 -105.9 19.6 1.44 -111.8 18.8
5 24 1.04 -116 11.6 .52 -116.8 12.6 .88 -118.2 11.6 .8 -113.3 12.3
5 24 1.28 -138.2 11.9 1.64 -137.4 12.2 1.28 -137.4 11 1.28 -136.1 13
5 24 1.44 -65.8 -11.5 1.4 -56.1 -13.7 1.24 -59.4 -2.5 1.32 -66.7 -16.9
5 24 1.12 -149.5 7 -.04 -149.9 4.4 .92 -154.3 8.6 1.08 -144.2 6.4
5 24 .44 -112 9.7 .24 -115.8 10.1 .8 -115.4 10.2 .12 -112.6 10.2
5 24 -.6 -65.7 -18.4 -1.08 -63.8 -14.5 -1.08 -71 -17.1 -.84 -58.1 -15.6
5 24 .36 -119 7.6 .28 -121.8 6.3 .68 -122.6 7.7 -.04 -115.3 6.2
5 24 .4 -202.7 -4.9 0 -206.2 -6.6 -.12 -205.3 -5.3 .24 -206.1 -6.5
5 24 1 -44.9 16.2 .04 -52.7 15.7 1.08 -52.3 15.9 -.08 -46.5 15.7
5 24 .64 -165 6.5 1 -171.6 5.2 1 -163.4 5.2 .32 -173.3 4.4
5 24 1.92 -40 -11.8 1.6 -44 -18.8 1.64 -37.2 -16.7 1.68 -48.5 -15
5 24 -1 -115.7 -14.7 -.4 -117.1 -13.7 -.56 -122.4 -14 -.84 -109.3 -12.3
5 24 .28 -124.7 -15 .16 -115.8 -14.2 .48 -118.3 -16.8 0 -124.5 -13.9
5 24 1.04 -112.1 11.5 .64 -107.3 12.2 1.04 -110.3 10.6 .8 -113.3 12.3
5 24 .16 -234.7 1.6 .28 -228.8 1.9 .4 -231.7 1.2 -.04 -229.9 1.8
5 24 .72 -85.9 15.4 -.28 -85.4 13.1 0 -76.9 12.5 .24 -98.8 18.6
5 24 .64 -101 -2.1 .76 -92.9 -5.1 .64 -102 3.3 .64 -98.2 -6.4
5 24 -.56 -147.1 -17.4 -.88 -145.7 -18.3 -.64 -142.9 -17.2 -.84 -148.3 -18.8
5 24 .12 -72.7 18.2 .72 -72.6 15.6 .64 -73.7 13.9 1.12 -74.6 19
5 24 .36 -127.3 11.2 .24 -131 11.2 .88 -127.5 10.6 .28 -129.4 12.1
5 24 1.24 -47.1 -3.7 1.24 -59.4 -2.5 1.36 -47.5 7.4 1.4 -56.1 -13.7
5 24 -.6 -78 -18.9 .2 -85.2 -20.3 -.64 -75.7 -17.2 -.12 -81.4 -20.6
5 24 .2 -85.2 -20.3 .28 -85.5 -19.6 .24 -87.8 -20.4 -.64 -75.7 -17.2
5 24 .52 -134.9 5.1 .2 -141.6 4.6 .96 -140 5.7 -1 -143.6 -2.3
5 24 -1.2 -148.2 -16.5 -.8 -145.5 -15.8 -.84 -149.2 -17.2 -1.16 -145.1 -15.6
5 24 -1 -105.9 1.9 -.96 -104.4 6.2 -.88 -106.7 6.2 -1.04 -102.2 2.7
5 24 .76 -220.4 .3 .72 -218.8 1.7 .48 -225.2 1.6 1.36 -210.9 .5
5 24 .36 -59.7 -25.2 0 -57.1 -22.9 0 -59.5 -24.1 .32 -56 -23.7
5 24 -.0080684816068575565952535090845152 -223.83711144816795400696053183695 8.4583673181491819992121834726638 .16832765310008450976838249257056 -220.06098228090766009225155225023 8.8409585295535919447902573533654 -.029413765711919531176794978327675 -221.29940459004452809074936766846 8.1991448846605004552697421457839 .064874759907902626275192229540724 -222.3342436862353655591011055779 9.5157858786667183539099685726821
5 24 -.52 -21.3 12.4 -.92 -22.6 13 -.6 -22.6 15.2 -.4 -21.4 10
5 24 -.6 -127.6 -14.6 0 -124.5 -13.9 -.16 -128.9 -14 -.56 -122.4 -14
5 24 -.72 -85.9 -11.7 -.92 -94.5 -15.1 -.84 -90.9 -10.2 -.6 -91.8 -15.5
5 24 1.16 -87.9 15.2 1.48 -86.1 13.2 1.52 -92.9 13 1.24 -76.4 13.1
5 24 .48 -127.1 5.8 1 -132.2 7.1 1.2 -129.4 7.5 .52 -134.9 5.1
5 24 -.88 -24.2 7.9 -.4 -21.4 10 -.92 -22.6 13 -.08 -23 8.2
5 24 .84 -161 7.4 1.64 -158.2 9.3 1 -152.9 4.5 1.24 -162.5 10.8
5 24 .96 -124.5 12.6 .64 -120.9 12.4 1.12 -123.7 11.7 .52 -124.4 12.6
5 24 .04 -52.7 15.7 .44 -59.9 18.7 -.56 -61.2 16 1.08 -52.3 15.9
5 24 1.64 -137.4 12.2 1.56 -135 12.4 1.28 -136.1 13 1.6 -136 11.6
5 24 -.08 -46.5 15.7 .24 -44.7 18 1 -44.9 16.2 -.84 -43.6 17.1
5 24 .32 -107.4 -14.6 .28 -103.1 -17.3 .4 -109.5 -17.7 .28 -96.3 -12.6
5 24 -.8 -49.8 -20.9 -.48 -55.3 -22.8 -.56 -54.4 -18.3 -.08 -52.6 -23.3
5 24 -.48 -72.2 -10.3 -.88 -73.4 -6.8 -.28 -79.8 -11.6 -1.04 -67.3 -10.6
5 24 .96 -183.5 -8.6 1.2 -177 -5.2 .88 -180.5 -9.6 .96 -180.1 -5.9
5 24 .56 -185.6 -8.8 .68 -185.5 -7.9 .56 -186 -8.2 .2 -186.4 -8.2
5 24 .44 -182.3 12.5 .4 -179.3 12 .76 -181.8 12.5 .32 -181.3 13.6
5 24 -.56 -157.9 .5 -.12 -165.9 -2.3 -.24 -160.5 -2.8 -.12 -170.2 1.8
5 24 1 -99 11.6 1.52 -92.9 13 1.12 -97.5 7.5 1.2 -95.6 13.8
5 24 1.28 -137.4 11 1.04 -137.8 11.3 .68 -135.6 11.7 1.28 -138.2 11.9
5 24 .32 -184.8 13.6 .84 -184.9 13.8 .4 -183.4 14 .72 -187.6 14.1
5 24 .36 -160.7 7.7 .6 -164.7 10.2 .4 -161.9 9.8 .84 -161 7.4
5 24 .96 -127.5 6.8 .48 -127.1 5.8 .96 -125.1 6.9 1.2 -129.4 7.5
5 24 .56 -132.1 11 1 -134.1 11.1 1.2 -131.2 11.2 .68 -135.6 11.7
5 24 1.64 -158.2 9.3 1.48 -159.5 11.6 1.24 -162.5 10.8 1.48 -154.4 8.7
5 24 -.24 -160.5 -2.8 -.12 -165.9 -2.3 -.56 -157.9 .5 .36 -166.8 -4.8
5 24 .32 -21.7 9.8 .4 -21.4 12.3 -.04 -20.8 11 .96 -23.6 11.4
5 24 .56 -190.8 -7.5 .6 -188 -7.5 .36 -189.1 -7.7 .88 -190.5 -7.8
5 24 -.52 -25 -7.9 -1.48 -29.8 -5 -.88 -27.3 -4.1 -.8 -24.9 -9.5
5 24 -.48871679233266686204871671631072 -221.98640778698773340080076463345 9.1938966970469856992079182580827 -.34189309062979423258479766872535 -224.97798569378900204596787555844 8.918707432353208549592606061008 -.36976170554457740648245317195439 -223.93315539612033257678820194402 8.5143863644311033817104472169714 -.18406344820917959491158809137543 -224.41553369203439095828899762821 9.2901357842003201329981797928079
5 24 1.48 -46.8 13.2 1.36 -47.5 7.4 1.56 -59 13.2 1.52 -39.4 15.6
5 24 .16 -209.1 -6.2 .4 -206.7 -5.9 .24 -209.4 -6.9 .08 -206.6 -5.3
5 24 .96 -23.6 11.4 .4 -21.4 12.3 .84 -23.5 14 .32 -21.7 9.8
5 24 .8 -71.7 -16.8 1.04 -68.5 -13.4 1.44 -65.8 -11.5 .12 -72.2 -15.5
5 24 1.08 -73.1 22 1.04 -66.4 21 1.44 -69 19.7 .68 -69.5 22.2
5 24 1.08 -52.3 15.9 1.48 -46.8 13.2 1.56 -59 13.2 1 -44.9 16.2
5 24 1 -193.4 4.1 1.24 -194.5 2.8 1.32 -203.5 5.8 .8 -183.8 2.9
5 24 .32 -107.4 -14.6 .52 -115.4 -18.1 .4 -109.5 -17.7 .48 -118.3 -16.8
5 24 0 -206.2 -6.6 -.32 -208 -6.9 0 -210.5 -8 -.12 -206.6 -6.1
