0 ~Minifig Hair Combo Large Glasses with Large Bowl Cut Hair without Patternable Surfaces
0 Name: s\41577s01.dat
0 Author: Fredrik Hareide [fhareide]
0 !LDRAW_ORG Unofficial_Subpart
0 !LICENSE Licensed under CC BY 4.0 : see CAreadme.txt

0 BFC CERTIFY CCW

0 BFC INVERTNEXT
1 16 -0.386125 -10.805875 4.251 0.7 0 0 0 5 0 0 0 0.7 4-4cylo.dat
1 16 -0.386125 -5.805875 4.251 0.7 0 0 0 1 0 0 0 0.7 4-4disc.dat
1 16 -0.386125 -10.805875 4.251 0.7 0 0 0 1 0 0 0 0.7 4-4ndis.dat

1 16 0 -4.5 0 1 0 0 0 -1.125 0 0 0 1 stud4o.dat

0 BFC INVERTNEXT
1 16 0 2.5 0 0 0 1 0 -2 0 -1 0 0 4-4con12.dat
0 BFC INVERTNEXT
1 16 0 0.5 0 0 0 4 0 -0.5 0 -4 0 0 4-4con2.dat

3 16 -3.688 -10.597 -2.68 -6.78 -9.757 -6.492 -3.763 -10.088 -6.975
3 16 -6.838 -10.318 -2.152 -6.78 -9.757 -6.492 -3.688 -10.597 -2.68
3 16 0.795 -10.145 -7.567 -0.728 -10.737 -3.125 -3.763 -10.088 -6.975
3 16 -3.763 -10.088 -6.975 -0.728 -10.737 -3.125 -3.688 -10.597 -2.68
3 16 -2.995 -10.812 2.703 -6.838 -10.318 -2.152 -3.688 -10.597 -2.68
3 16 -0.728 -10.737 -3.125 -2.995 -10.812 2.703 -3.688 -10.597 -2.68
3 16 -1.086125 -10.805875 3.551 -2.995 -10.812 2.703 -0.728 -10.737 -3.125
3 16 -1.086125 -10.805875 4.251 -2.995 -10.812 2.703 -1.086125 -10.805875 3.551
3 16 -1.086125 -10.805875 4.251 -2.927 -10.73 5.298 -2.995 -10.812 2.703
3 16 -1.086125 -10.805875 4.951 -2.927 -10.73 5.298 -1.086125 -10.805875 4.251
3 16 -0.386125 -10.805875 3.551 -1.086125 -10.805875 3.551 -0.728 -10.737 -3.125
3 16 -6.997 -10.352 2.818 -6.838 -10.318 -2.152 -2.995 -10.812 2.703
3 16 -2.927 -10.73 5.298 -6.997 -10.352 2.818 -2.995 -10.812 2.703
3 16 -6.3 -10.05 8.948 -6.997 -10.352 2.818 -2.927 -10.73 5.298
3 16 -6.3 -10.05 8.948 -2.927 -10.73 5.298 -3.35 -10.393 8.403
3 16 -3.35 -10.393 8.403 -2.927 -10.73 5.298 -2.785 -10.452 7.845
3 16 7.605 -10.075 -4.49 8.385 -10.378 -0.237 2.635 -10.613 -3.53
3 16 2.635 -10.613 -3.53 8.385 -10.378 -0.237 3.298 -10.862 2.238
3 16 3.298 -10.862 2.238 8.385 -10.378 -0.237 8.93 -10.328 5.773
3 16 0.313875 -10.805875 3.551 2.635 -10.613 -3.53 3.298 -10.862 2.238
4 16 3.298 -10.862 2.238 0.688 -10.81 6.408 0.313875 -10.805875 4.951 0.313875 -10.805875 4.251
3 16 0.688 -10.81 6.408 -0.386125 -10.805875 4.951 0.313875 -10.805875 4.951
3 16 0.095 -10.358 6.583 0.688 -10.81 6.408 1.513 -10.448 10.01
3 16 0.558 -9.85 10.26 0.095 -10.358 6.583 1.513 -10.448 10.01
3 16 0.688 -10.81 6.408 0.095 -10.358 6.583 -0.386125 -10.805875 4.951
3 16 -0.377 -10.358 10.335 -0.835 -10.73 6.53 0.095 -10.358 6.583
3 16 0.558 -9.85 10.26 -0.377 -10.358 10.335 0.095 -10.358 6.583
3 16 0.095 -10.358 6.583 -0.835 -10.73 6.53 -0.386125 -10.805875 4.951
3 16 2.225 -10.488 9.703 1.513 -10.448 10.01 2.512 -10.632 8.048
3 16 1.513 -10.448 10.01 0.688 -10.81 6.408 2.512 -10.632 8.048
3 16 -2.838 -9.807 10.508 -3.673 -10.1 10.425 -3.35 -10.393 8.403
3 16 -2.785 -10.452 7.845 -2.838 -9.807 10.508 -3.35 -10.393 8.403
3 16 -2.162 -10.475 8.3 -2.02 -10.233 10.53 -2.838 -9.807 10.508
3 16 -2.785 -10.452 7.845 -2.162 -10.475 8.3 -2.838 -9.807 10.508
3 16 -2.162 -10.475 8.3 -0.835 -10.73 6.53 -2.02 -10.233 10.53
3 16 -0.377 -10.358 10.335 -2.02 -10.233 10.53 -0.835 -10.73 6.53
3 16 -0.835 -10.73 6.53 -2.927 -10.73 5.298 -1.086125 -10.805875 4.951
3 16 -0.386125 -10.805875 4.951 -0.835 -10.73 6.53 -1.086125 -10.805875 4.951
3 16 -2.927 -10.73 5.298 -0.835 -10.73 6.53 -2.785 -10.452 7.845
3 16 -0.835 -10.73 6.53 -2.162 -10.475 8.3 -2.785 -10.452 7.845
3 16 -3.673 -10.1 10.425 -6.3 -10.05 8.948 -3.35 -10.393 8.403
3 16 3.517 -10.462 9.195 8.93 -10.328 5.773 8.86 -9.63 11.438
3 16 3.517 -10.462 9.195 2.512 -10.632 8.048 8.93 -10.328 5.773
4 16 3.298 -10.862 2.238 8.93 -10.328 5.773 2.512 -10.632 8.048 0.688 -10.81 6.408
4 16 -11.188 -8.815 8.698 -11.398 -9.225 3.285 -6.997 -10.352 2.818 -6.3 -10.05 8.948
3 16 -6.997 -10.352 2.818 -11.398 -9.225 3.285 -11.293 -9.08 -1.645
3 16 -11.293 -9.08 -1.645 -6.838 -10.318 -2.152 -6.997 -10.352 2.818
3 16 -11.042 -8.53 -5.837 -6.838 -10.318 -2.152 -11.293 -9.08 -1.645
3 16 -11.042 -8.53 -5.837 -6.78 -9.757 -6.492 -6.838 -10.318 -2.152
3 16 -0.728 -10.737 -3.125 0.795 -10.145 -7.567 2.635 -10.613 -3.53
4 16 2.635 -10.613 -3.53 0.795 -10.145 -7.567 5.03 -9.695 -8.285 7.605 -10.075 -4.49
3 16 2.635 -10.613 -3.53 -0.386125 -10.805875 3.551 -0.728 -10.737 -3.125
3 16 2.635 -10.613 -3.53 0.313875 -10.805875 3.551 -0.386125 -10.805875 3.551

3 16 13.015 10.247 -14.862 10.238 12.777 -15.562 12.375 11.01 -9.077
3 16 13.695 10.247 -11.295 13.015 10.247 -14.862 12.375 11.01 -9.077
4 16 12.375 11.01 -9.077 10.238 12.777 -15.562 10.426 13.033 -8.709 11.697 11.853 -6.958
3 16 10.238 12.777 -15.562 8.025 14.079 -10.888 10.426 13.033 -8.709
3 16 10.238 12.777 -15.562 6.905 13.892 -16.175 8.025 14.079 -10.888
3 16 6.905 13.892 -16.175 3.513 13.421 -13.008 8.025 14.079 -10.888
3 16 6.905 13.892 -16.175 3.385 12.817 -16.562 3.513 13.421 -13.008
3 16 3.513 13.421 -13.008 3.385 12.817 -16.562 0.622 10.433 -13.485
3 16 0.622 10.433 -13.485 3.385 12.817 -16.562 0.632 9.972 -16.408
3 16 0.622 10.433 -13.485 0.632 9.972 -16.408 -0.041 9.929 -13.457
3 16 -0.041 9.929 -13.457 0.632 9.972 -16.408 0 9.615 -16.408
3 16 -3.418 12.817 -16.562 -8.082 13.657 -15.983 -4.338 13.316 -12.73
3 16 -4.338 13.316 -12.73 -8.082 13.657 -15.983 -6.513 13.437 -11.792
3 16 -4.338 13.316 -12.73 -0.705 10.367 -13.488 -3.418 12.817 -16.562
3 16 -3.418 12.817 -16.562 -0.705 10.367 -13.488 -0.632 9.91 -16.408
3 16 -0.041 9.929 -13.457 -0.632 9.91 -16.408 -0.705 10.367 -13.488
3 16 0 9.615 -16.408 -0.632 9.91 -16.408 -0.041 9.929 -13.457
3 16 -8.082 13.657 -15.983 -11.212 12.132 -15.385 -6.513 13.437 -11.792
3 16 -6.513 13.437 -11.792 -11.212 12.132 -15.385 -9.704 13.319 -9.48
3 16 -12.63 10.637 -9.765 -9.704 13.319 -9.48 -11.212 12.132 -15.385
3 16 -13.015 10.03 -14.927 -12.63 10.637 -9.765 -11.212 12.132 -15.385
3 16 -14.023 9.995 -11.155 -12.63 10.637 -9.765 -13.015 10.03 -14.927
3 16 -11.069 12.286 -7.87 -9.704 13.319 -9.48 -12.63 10.637 -9.765
3 16 2.375 2.54 -15.588 0.575 4.657 -15.775 0.575 5.327 -16.408
3 16 3.157 2.257 -16.74 2.375 2.54 -15.588 0.575 5.327 -16.408
3 16 4.9 1.065 -15.428 2.375 2.54 -15.588 3.157 2.257 -16.74
3 16 3.157 2.257 -16.74 0.575 5.327 -16.408 0.575 5.327 -16.747
3 16 -0.525 4.71 -15.785 -0.525 5.382 -16.408 0 4.937 -15.85
3 16 -3.16 2.262 -16.778 -0.525 5.382 -16.747 -0.525 5.382 -16.408
3 16 -3.16 2.262 -16.778 -0.525 4.71 -15.785 -3.615 1.837 -15.415
3 16 -3.615 1.837 -15.415 -6.412 0.972 -16.485 -3.16 2.262 -16.778
3 16 -6.637 0.822 -14.587 -6.412 0.972 -16.485 -3.615 1.837 -15.415
3 16 -6.637 0.822 -14.587 -9.158 1.49 -16.007 -6.412 0.972 -16.485
3 16 -7.3 0.72 -13.265 -9.158 1.49 -16.007 -6.637 0.822 -14.587
3 16 -7.3 0.72 -13.265 -8.863 1.05 -13.408 -9.158 1.49 -16.007
3 16 -9.158 1.49 -16.007 -8.863 1.05 -13.408 -11.387 2.647 -15.497
3 16 -11.387 2.647 -15.497 -8.863 1.05 -13.408 -11.085 2.222 -12.163
3 16 -12.127 2.977 -11.003 -11.387 2.647 -15.497 -11.085 2.222 -12.163
3 16 -12.127 2.977 -11.003 -12.459 3.8051 -15.177 -11.387 2.647 -15.497
3 16 -13.888 3.637 -11.235 -12.459 3.8051 -15.177 -12.127 2.977 -11.003
3 16 8.02 0.982 -14.727 6.435 0.77 -14.012 7.375 1.077 -16.335
3 16 10.615 2.235 -15.693 8.02 0.982 -14.727 7.375 1.077 -16.335
3 16 9.275 1.202 -13.327 8.02 0.982 -14.727 10.615 2.235 -15.693
3 16 10.615 2.235 -15.693 11.345 2.477 -13.502 9.275 1.202 -13.327
3 16 9.275 1.202 -13.327 11.345 2.477 -13.502 9.91 1.407 -12.587
3 16 12.71 3.792 -15.065 11.345 2.477 -13.502 10.615 2.235 -15.693
3 16 13.227 3.622 -12.74 11.345 2.477 -13.502 12.71 3.792 -15.065
3 16 6.435 0.77 -14.012 4.9 1.065 -15.428 7.375 1.077 -16.335
3 16 7.375 1.077 -16.335 4.9 1.065 -15.428 3.157 2.257 -16.74
3 16 13.227 3.622 -12.74 12.71 3.792 -15.065 14.023 5.132 -12.405
3 16 14.023 5.132 -12.405 12.71 3.792 -15.065 13.363 6.052 -14.975
3 16 14.023 5.132 -12.405 13.363 6.052 -14.975 14.142 8.118 -12.41
3 16 14.142 8.118 -12.41 13.363 6.052 -14.975 13.337 8.155 -14.903
3 16 13.015 10.247 -14.862 14.142 8.118 -12.41 13.337 8.155 -14.903
3 16 13.695 10.247 -11.295 14.142 8.118 -12.41 13.015 10.247 -14.862
3 16 -13.888 3.637 -11.235 -14.365 5.107 -11.19 -12.459 3.8051 -15.177
3 16 -12.459 3.8051 -15.177 -14.365 5.107 -11.19 -13.227 6.237 -14.973
3 16 -14.365 5.107 -11.19 -14.477 6.965 -11.538 -13.227 6.237 -14.973
3 16 -13.227 6.237 -14.973 -14.477 6.965 -11.538 -13.258 8.007 -14.91
3 16 -14.477 6.965 -11.538 -14.023 9.995 -11.155 -13.258 8.007 -14.91
3 16 -13.258 8.007 -14.91 -14.023 9.995 -11.155 -13.015 10.03 -14.927
3 16 4.9 1.065 -15.428 6.435 0.77 -14.012 4.99 -2.5 -15.05
3 16 4.99 -2.5 -15.05 6.435 0.77 -14.012 6.255 -2.415 -13.725
3 16 4.99 -2.5 -15.05 6.255 -2.415 -13.725 4.928 -7.033 -13.802
3 16 4.928 -7.033 -13.802 6.255 -2.415 -13.725 5.908 -6.655 -12.595
3 16 5.908 -6.655 -12.595 4.605 -9.115 -10.845 4.928 -7.033 -13.802
3 16 5.03 -9.695 -8.285 4.605 -9.115 -10.845 5.908 -6.655 -12.595
3 16 -3.615 1.837 -15.415 -3.502 -2.235 -15.283 -6.637 0.822 -14.587
3 16 -6.637 0.822 -14.587 -3.502 -2.235 -15.283 -6.818 -2.33 -14.055
4 16 -3.502 -2.235 -15.283 -3.615 1.837 -15.415 -0.525 4.71 -15.785 0.008 -1.95 -15.6
3 16 -6.818 -2.33 -14.055 -3.502 -2.235 -15.283 -6.857 -5.31 -13.193
3 16 -3.502 -2.235 -15.283 -3.547 -6.98 -13.622 -6.857 -5.31 -13.193
3 16 -3.502 -2.235 -15.283 0.008 -1.95 -15.6 -3.547 -6.98 -13.622
3 16 -3.547 -6.98 -13.622 0.008 -1.95 -15.6 1.113 -7.19 -14.063
3 16 -6.857 -5.31 -13.193 -3.547 -6.98 -13.622 -6.715 -6.863 -12.275
3 16 -6.715 -6.863 -12.275 -3.547 -6.98 -13.622 -7.145 -7.573 -11.235
3 16 -7.145 -7.573 -11.235 -3.547 -6.98 -13.622 -6.697 -8.98 -9.852
3 16 -6.697 -8.98 -9.852 -3.547 -6.98 -13.622 -3.645 -9.302 -10.462
3 16 -3.547 -6.98 -13.622 0.945 -9.347 -10.805 -3.645 -9.302 -10.462
3 16 -3.547 -6.98 -13.622 1.113 -7.19 -14.063 0.945 -9.347 -10.805
3 16 0.795 -10.145 -7.567 -3.645 -9.302 -10.462 0.945 -9.347 -10.805
3 16 0.795 -10.145 -7.567 -3.763 -10.088 -6.975 -3.645 -9.302 -10.462
4 16 -6.697 -8.98 -9.852 -3.645 -9.302 -10.462 -3.763 -10.088 -6.975 -6.78 -9.757 -6.492
3 16 7.888 -2.563 -14.36 6.255 -2.415 -13.725 6.435 0.77 -14.012
3 16 8.02 0.982 -14.727 7.888 -2.563 -14.36 6.435 0.77 -14.012
3 16 7.888 -2.563 -14.36 7.387 -6.903 -13.1 6.255 -2.415 -13.725
3 16 7.387 -6.903 -13.1 5.908 -6.655 -12.595 6.255 -2.415 -13.725
3 16 7.387 -6.903 -13.1 6.06 -9.123 -10.368 5.908 -6.655 -12.595
3 16 6.06 -9.123 -10.368 5.03 -9.695 -8.285 5.908 -6.655 -12.595
4 16 -7.3 0.72 -13.265 -6.637 0.822 -14.587 -6.818 -2.33 -14.055 -7.373 -2.035 -12.955
3 16 -7.373 -2.035 -12.955 -6.818 -2.33 -14.055 -7.368 -4.713 -12.445
3 16 -7.368 -4.713 -12.445 -6.818 -2.33 -14.055 -6.857 -5.31 -13.193
3 16 -6.857 -5.31 -13.193 -6.715 -6.863 -12.275 -7.368 -4.713 -12.445
3 16 -7.368 -4.713 -12.445 -6.715 -6.863 -12.275 -7.145 -7.573 -11.235
3 16 7.888 -2.563 -14.36 8.02 0.982 -14.727 9.33 -2.175 -13.395
3 16 9.33 -2.175 -13.395 8.02 0.982 -14.727 9.275 1.202 -13.327
3 16 9.33 -2.175 -13.395 9.128 -5.46 -12.852 7.888 -2.563 -14.36
3 16 7.888 -2.563 -14.36 9.128 -5.46 -12.852 7.387 -6.903 -13.1
3 16 9.128 -5.46 -12.852 8.965 -7.085 -12.13 7.387 -6.903 -13.1
4 16 6.06 -9.123 -10.368 7.387 -6.903 -13.1 8.965 -7.085 -12.13 9.068 -7.665 -11.23
3 16 -7.3 0.72 -13.265 -7.373 -2.035 -12.955 -8.762 -1.588 -13.162
3 16 -8.863 1.05 -13.408 -7.3 0.72 -13.265 -8.762 -1.588 -13.162
3 16 -8.762 -1.588 -13.162 -7.373 -2.035 -12.955 -8.465 -4.673 -12.61
3 16 -7.373 -2.035 -12.955 -7.368 -4.713 -12.445 -8.465 -4.673 -12.61
3 16 -8.465 -4.673 -12.61 -7.368 -4.713 -12.445 -7.97 -6.325 -11.725
3 16 -7.368 -4.713 -12.445 -7.145 -7.573 -11.235 -7.97 -6.325 -11.725
3 16 9.91 1.407 -12.587 11.345 2.477 -13.502 11.158 -1.66 -13.128
3 16 9.825 -1.835 -12.582 9.91 1.407 -12.587 11.158 -1.66 -13.128
3 16 9.825 -1.835 -12.582 11.158 -1.66 -13.128 10.665 -5.278 -12.36
3 16 9.57 -5.058 -12.115 9.825 -1.835 -12.582 10.665 -5.278 -12.36
3 16 10.665 -5.278 -12.36 9.97 -7.148 -11.45 9.57 -5.058 -12.115
3 16 9.97 -7.148 -11.45 9.068 -7.665 -11.23 9.57 -5.058 -12.115
3 16 -8.863 1.05 -13.408 -8.762 -1.588 -13.162 -11.23 -0.56 -11.908
3 16 -11.085 2.222 -12.163 -8.863 1.05 -13.408 -11.23 -0.56 -11.908
3 16 -11.23 -0.56 -11.908 -8.762 -1.588 -13.162 -11.227 -3.103 -11.438
3 16 -8.762 -1.588 -13.162 -8.465 -4.673 -12.61 -11.227 -3.103 -11.438
3 16 -11.227 -3.103 -11.438 -8.465 -4.673 -12.61 -11.355 -4.16 -10.833
3 16 -8.465 -4.673 -12.61 -7.97 -6.325 -11.725 -11.355 -4.16 -10.833
3 16 -11.355 -4.16 -10.833 -7.97 -6.325 -11.725 -11.755 -4.99 -9.795
3 16 -7.97 -6.325 -11.725 -7.145 -7.573 -11.235 -11.755 -4.99 -9.795
3 16 14.537 -1.345 -10.975 11.158 -1.66 -13.128 11.345 2.477 -13.502
3 16 13.227 3.622 -12.74 14.537 -1.345 -10.975 11.345 2.477 -13.502
3 16 15.948 3.557 -10.877 14.537 -1.345 -10.975 13.227 3.622 -12.74
3 16 14.023 5.132 -12.405 15.948 3.557 -10.877 13.227 3.622 -12.74
3 16 16.292 6.295 -10.733 15.948 3.557 -10.877 14.023 5.132 -12.405
3 16 15.988 7.092 -11.068 16.292 6.295 -10.733 14.023 5.132 -12.405
3 16 15.988 7.092 -11.068 14.023 5.132 -12.405 14.142 8.118 -12.41
3 16 15.92 8.99 -11.428 15.988 7.092 -11.068 14.142 8.118 -12.41
3 16 16.292 6.295 -10.733 16.917 6.462 -10.24 15.948 3.557 -10.877
3 16 16.917 6.462 -10.24 17.653 3.982 -9.043 15.948 3.557 -10.877
3 16 17.84 9.118 -9.812 17.653 3.982 -9.043 16.917 6.462 -10.24
3 16 11.158 -1.66 -13.128 14.537 -1.345 -10.975 13.17 -5.448 -10.493
3 16 10.665 -5.278 -12.36 11.158 -1.66 -13.128 13.17 -5.448 -10.493
4 16 15.948 3.557 -10.877 17.653 3.982 -9.043 17.408 -1.73 -7.51 14.537 -1.345 -10.975
4 16 15.675 -5.745 -7.488 13.17 -5.448 -10.493 14.537 -1.345 -10.975 17.408 -1.73 -7.51
4 16 15.675 -5.745 -7.488 17.408 -1.73 -7.51 17.487 -2.75 -6.59 17.125 -5.845 -4.865
3 16 14.142 8.118 -12.41 15.205 11.92 -11.905 15.92 8.99 -11.428
3 16 4.9 1.065 -15.428 4.99 -2.5 -15.05 2.39 -2.198 -15.38
3 16 2.375 2.54 -15.588 4.9 1.065 -15.428 2.39 -2.198 -15.38
4 16 2.39 -2.198 -15.38 4.99 -2.5 -15.05 4.928 -7.033 -13.802 1.113 -7.19 -14.063
3 16 1.113 -7.19 -14.063 0.008 -1.95 -15.6 2.39 -2.198 -15.38
3 16 2.39 -2.198 -15.38 0.008 -1.95 -15.6 0.575 4.657 -15.775
3 16 2.39 -2.198 -15.38 0.575 4.657 -15.775 2.375 2.54 -15.588
3 16 0.575 4.657 -15.775 0.008 -1.95 -15.6 0 4.937 -15.85
3 16 4.928 -7.033 -13.802 4.605 -9.115 -10.845 1.113 -7.19 -14.063
3 16 1.113 -7.19 -14.063 4.605 -9.115 -10.845 0.945 -9.347 -10.805
4 16 0.945 -9.347 -10.805 4.605 -9.115 -10.845 5.03 -9.695 -8.285 0.795 -10.145 -7.567
3 16 15.988 7.092 -11.068 16.745 9.41 -9.832 16.292 6.295 -10.733
3 16 15.988 7.092 -11.068 15.92 8.99 -11.428 16.745 9.41 -9.832
3 16 15.205 11.92 -11.905 16.745 9.41 -9.832 15.92 8.99 -11.428
4 16 16.91 13.883 -9.05 16.745 9.41 -9.832 15.205 11.92 -11.905 15.305 15.405 -11.325
3 16 16.91 13.883 -9.05 15.305 15.405 -11.325 15.31 18.05 -10.51
3 16 16.61 18.502 -7.938 16.91 13.883 -9.05 15.31 18.05 -10.51
3 16 16.61 18.502 -7.938 15.31 18.05 -10.51 15.57 19.355 -9.48
3 16 15.888 19.625 -8.44 16.61 18.502 -7.938 15.57 19.355 -9.48
3 16 16.917 6.462 -10.24 16.292 6.295 -10.733 16.745 9.41 -9.832
3 16 17.84 9.118 -9.812 16.917 6.462 -10.24 16.745 9.41 -9.832
3 16 17.84 9.118 -9.812 16.745 9.41 -9.832 17.997 13.68 -8.905
3 16 16.745 9.41 -9.832 16.91 13.883 -9.05 17.997 13.68 -8.905
3 16 18.01 17.903 -8.043 17.997 13.68 -8.905 16.91 13.883 -9.05
3 16 16.61 18.502 -7.938 18.01 17.903 -8.043 16.91 13.883 -9.05
3 16 18.01 17.903 -8.043 16.61 18.502 -7.938 17.665 19.547 -7.353
3 16 16.61 18.502 -7.938 15.553 20.163 -6.87 17.665 19.547 -7.353
3 16 15.888 19.625 -8.44 15.553 20.163 -6.87 16.61 18.502 -7.938
3 16 17.56 19.907 -5.698 18.913 17.235 -4.68 18.01 17.903 -8.043
3 16 17.665 19.547 -7.353 17.56 19.907 -5.698 18.01 17.903 -8.043
3 16 18.913 17.235 -4.68 19.085 14.735 -5.203 18.01 17.903 -8.043
3 16 19.085 14.735 -5.203 17.997 13.68 -8.905 18.01 17.903 -8.043
3 16 17.997 13.68 -8.905 19.085 14.735 -5.203 18.933 9.965 -5.873
3 16 17.84 9.118 -9.812 17.997 13.68 -8.905 18.933 9.965 -5.873
3 16 18.933 9.965 -5.873 18.52 3.88 -6.293 17.84 9.118 -9.812
3 16 18.52 3.88 -6.293 17.653 3.982 -9.043 17.84 9.118 -9.812
3 16 17.653 3.982 -9.043 18.52 3.88 -6.293 17.408 -1.73 -7.51
3 16 18.52 3.88 -6.293 17.487 -2.75 -6.59 17.408 -1.73 -7.51
3 16 18.52 3.88 -6.293 19.487 3.65 -5.758 17.95 -1.565 -6.148
3 16 17.487 -2.75 -6.59 18.52 3.88 -6.293 17.95 -1.565 -6.148
3 16 20.503 9.752 -5.168 19.487 3.65 -5.758 18.52 3.88 -6.293
3 16 18.933 9.965 -5.873 20.503 9.752 -5.168 18.52 3.88 -6.293
3 16 18.933 9.965 -5.873 19.085 14.735 -5.203 20.503 9.752 -5.168
3 16 19.085 14.735 -5.203 20.66 16.525 -4.448 20.503 9.752 -5.168
3 16 18.913 17.235 -4.68 20.66 16.525 -4.448 19.085 14.735 -5.203
3 16 20.66 16.525 -4.448 18.913 17.235 -4.68 19.23 20.02 -3.835
3 16 18.913 17.235 -4.68 17.065 19.628 -4.1 19.23 20.02 -3.835
3 16 19.23 20.02 -3.835 17.065 19.628 -4.1 14.958 21.175 -2.253
3 16 17.065 19.628 -4.1 16.083 20.52 -4.913 14.71 21.018 -3.343
3 16 14.958 21.175 -2.253 17.065 19.628 -4.1 14.71 21.018 -3.343
3 16 16.083 20.52 -4.913 17.065 19.628 -4.1 17.56 19.907 -5.698
3 16 17.065 19.628 -4.1 18.913 17.235 -4.68 17.56 19.907 -5.698
3 16 17.56 19.907 -5.698 17.665 19.547 -7.353 15.553 20.163 -6.87
3 16 16.083 20.52 -4.913 17.56 19.907 -5.698 15.553 20.163 -6.87
3 16 16.083 20.52 -4.913 15.553 20.163 -6.87 13.332 20.308 -6.91
3 16 14.71 21.018 -3.343 16.083 20.52 -4.913 13.332 20.308 -6.91
3 16 13.332 20.308 -6.91 15.553 20.163 -6.87 15.57 19.355 -9.48
3 16 15.553 20.163 -6.87 15.888 19.625 -8.44 15.57 19.355 -9.48
3 16 -11.085 2.222 -12.163 -11.23 -0.56 -11.908 -11.97 0.207 -10.443
3 16 -12.127 2.977 -11.003 -11.085 2.222 -12.163 -11.97 0.207 -10.443
4 16 -11.863 -2.235 -10.185 -11.97 0.207 -10.443 -11.23 -0.56 -11.908 -11.227 -3.103 -11.438
3 16 -11.355 -4.16 -10.833 -11.863 -2.235 -10.185 -11.227 -3.103 -11.438
3 16 -11.755 -4.99 -9.795 -11.863 -2.235 -10.185 -11.355 -4.16 -10.833
3 16 -13.888 3.637 -11.235 -12.127 2.977 -11.003 -13.415 0.107 -10.557
3 16 -13.415 0.107 -10.557 -12.127 2.977 -11.003 -11.97 0.207 -10.443
3 16 -13.415 0.107 -10.557 -11.97 0.207 -10.443 -12.915 -2.423 -10.18
3 16 -12.915 -2.423 -10.18 -11.97 0.207 -10.443 -11.863 -2.235 -10.185
3 16 -12.915 -2.423 -10.18 -11.863 -2.235 -10.185 -12.552 -3.793 -9.818
3 16 -12.552 -3.793 -9.818 -11.863 -2.235 -10.185 -11.755 -4.99 -9.795
3 16 9.33 -2.175 -13.395 9.275 1.202 -13.327 9.825 -1.835 -12.582
3 16 9.825 -1.835 -12.582 9.275 1.202 -13.327 9.91 1.407 -12.587
3 16 9.57 -5.058 -12.115 9.33 -2.175 -13.395 9.825 -1.835 -12.582
3 16 9.128 -5.46 -12.852 9.33 -2.175 -13.395 9.57 -5.058 -12.115
3 16 9.57 -5.058 -12.115 8.965 -7.085 -12.13 9.128 -5.46 -12.852
3 16 9.068 -7.665 -11.23 8.965 -7.085 -12.13 9.57 -5.058 -12.115
3 16 -11.755 -4.99 -9.795 -7.145 -7.573 -11.235 -10.635 -7.593 -8.608
3 16 -10.635 -7.593 -8.608 -7.145 -7.573 -11.235 -6.697 -8.98 -9.852
3 16 -10.635 -7.593 -8.608 -13.782 -3.99 -8.622 -11.755 -4.99 -9.795
3 16 -11.755 -4.99 -9.795 -13.782 -3.99 -8.622 -12.552 -3.793 -9.818
3 16 -12.552 -3.793 -9.818 -13.782 -3.99 -8.622 -12.915 -2.423 -10.18
3 16 -6.697 -8.98 -9.852 -6.78 -9.757 -6.492 -10.635 -7.593 -8.608
3 16 -10.635 -7.593 -8.608 -6.78 -9.757 -6.492 -11.042 -8.53 -5.837
3 16 -11.042 -8.53 -5.837 -15.005 -5.035 -5.707 -10.635 -7.593 -8.608
3 16 -10.635 -7.593 -8.608 -15.005 -5.035 -5.707 -13.782 -3.99 -8.622
3 16 -15.373 -0.298 -8.69 -12.915 -2.423 -10.18 -13.782 -3.99 -8.622
3 16 -13.415 0.107 -10.557 -12.915 -2.423 -10.18 -15.373 -0.298 -8.69
3 16 -15.373 -0.298 -8.69 -13.888 3.637 -11.235 -13.415 0.107 -10.557
4 16 -13.888 3.637 -11.235 -15.373 -0.298 -8.69 -16.442 4.64 -9.045 -14.365 5.107 -11.19
3 16 -13.782 -3.99 -8.622 -15.005 -5.035 -5.707 -17.13 -0.623 -5.743
3 16 -15.373 -0.298 -8.69 -13.782 -3.99 -8.622 -17.13 -0.623 -5.743
3 16 -18.195 3.007 -5.697 -16.442 4.64 -9.045 -15.373 -0.298 -8.69
3 16 -17.13 -0.623 -5.743 -18.195 3.007 -5.697 -15.373 -0.298 -8.69
3 16 9.068 -7.665 -11.23 8.825 -8.8 -9.618 6.06 -9.123 -10.368
3 16 8.825 -8.8 -9.618 5.03 -9.695 -8.285 6.06 -9.123 -10.368
3 16 8.825 -8.8 -9.618 7.605 -10.075 -4.49 5.03 -9.695 -8.285
4 16 9.068 -7.665 -11.23 9.97 -7.148 -11.45 11.18 -7.698 -9.845 8.825 -8.8 -9.618
3 16 11.18 -7.698 -9.845 13.148 -8.53 -5.505 8.825 -8.8 -9.618
3 16 13.148 -8.53 -5.505 7.605 -10.075 -4.49 8.825 -8.8 -9.618
3 16 15.675 -5.745 -7.488 13.148 -8.53 -5.505 11.18 -7.698 -9.845
3 16 13.17 -5.448 -10.493 15.675 -5.745 -7.488 11.18 -7.698 -9.845
3 16 10.665 -5.278 -12.36 13.17 -5.448 -10.493 11.18 -7.698 -9.845
3 16 9.97 -7.148 -11.45 10.665 -5.278 -12.36 11.18 -7.698 -9.845
3 16 17.125 -5.845 -4.865 13.148 -8.53 -5.505 15.675 -5.745 -7.488
3 16 17.95 -1.565 -6.148 19.282 -2.155 -2.13 17.125 -5.845 -4.865
3 16 17.487 -2.75 -6.59 17.95 -1.565 -6.148 17.125 -5.845 -4.865
3 16 19.282 -2.155 -2.13 17.95 -1.565 -6.148 19.487 3.65 -5.758
3 16 20.747 3.22 -1.618 19.282 -2.155 -2.13 19.487 3.65 -5.758
3 16 20.747 3.22 -1.618 19.487 3.65 -5.758 20.503 9.752 -5.168
3 16 21.465 9.45 -1.118 20.747 3.22 -1.618 20.503 9.752 -5.168
3 16 20.503 9.752 -5.168 20.66 16.525 -4.448 21.465 9.45 -1.118
3 16 20.66 16.525 -4.448 21.722 16.67 -0.578 21.465 9.45 -1.118
3 16 20.66 16.525 -4.448 19.23 20.02 -3.835 21.722 16.67 -0.578
3 16 19.23 20.02 -3.835 20.153 20.65 -0.108 21.722 16.67 -0.578
3 16 21.6 10.262 5.197 21.465 9.45 -1.118 21.722 16.67 -0.578
3 16 21.608 17.198 4.68 21.6 10.262 5.197 21.722 16.67 -0.578
4 16 21.608 17.198 4.68 21.722 16.67 -0.578 20.153 20.65 -0.108 20.083 21.108 4.242
3 16 21.608 17.198 4.68 20.45 12.035 8.945 21.6 10.262 5.197
3 16 21.6 10.262 5.197 20.45 12.035 8.945 20.233 9.002 9.467
3 16 21.6 10.262 5.197 20.233 9.002 9.467 20.92 3.628 5.648
4 16 20.92 3.628 5.648 20.747 3.22 -1.618 21.465 9.45 -1.118 21.6 10.262 5.197
3 16 20.385 18.065 8.502 20.45 12.035 8.945 21.608 17.198 4.68
3 16 20.385 18.065 8.502 21.608 17.198 4.68 20.083 21.108 4.242
3 16 20.083 21.108 4.242 18.948 21.573 7.432 20.385 18.065 8.502
3 16 19.94 -2.192 5.497 20.747 3.22 -1.618 20.92 3.628 5.648
3 16 19.94 -2.192 5.497 19.282 -2.155 -2.13 20.747 3.22 -1.618
3 16 18.21 -6.075 -0.935 19.282 -2.155 -2.13 19.94 -2.192 5.497
3 16 18.21 -6.075 -0.935 17.125 -5.845 -4.865 19.282 -2.155 -2.13
3 16 17.125 -5.845 -4.865 18.21 -6.075 -0.935 14.21 -8.895 -0.825
3 16 17.125 -5.845 -4.865 14.21 -8.895 -0.825 13.148 -8.53 -5.505
3 16 18.21 -6.075 -0.935 19.94 -2.192 5.497 18.335 -6.648 4.685
3 16 14.518 -9 4.105 18.21 -6.075 -0.935 18.335 -6.648 4.685
3 16 14.518 -9 4.105 14.21 -8.895 -0.825 18.21 -6.075 -0.935
3 16 13.148 -8.53 -5.505 14.21 -8.895 -0.825 8.385 -10.378 -0.237
3 16 14.518 -9 4.105 8.385 -10.378 -0.237 14.21 -8.895 -0.825
3 16 13.148 -8.53 -5.505 8.385 -10.378 -0.237 7.605 -10.075 -4.49
3 16 14.518 -9 4.105 8.93 -10.328 5.773 8.385 -10.378 -0.237
3 16 0.558 -9.85 10.26 1.513 -10.448 10.01 2.362 -9.605 14.382
3 16 0.558 -9.85 10.26 2.362 -9.605 14.382 1.17 -8.755 14.398
3 16 2.362 -9.605 14.382 1.445 -7.16 17.095 1.17 -8.755 14.398
3 16 2.362 -9.605 14.382 2.693 -7.827 17.735 1.445 -7.16 17.095
3 16 1.445 -7.16 17.095 2.693 -7.827 17.735 2.75 -5.835 19.16
3 16 1.445 -7.16 17.095 2.75 -5.835 19.16 1.615 -5.257 18.41
3 16 1.615 -5.257 18.41 2.75 -5.835 19.16 2.485 -3.11 20.29
3 16 1.615 -5.257 18.41 2.485 -3.11 20.29 1.712 -2.96 19.583
3 16 1.712 -2.96 19.583 2.485 -3.11 20.29 2.507 -0.275 20.837
3 16 1.712 -2.96 19.583 2.507 -0.275 20.837 1.683 0.785 21.198
3 16 0.558 -9.85 10.26 0.175 -9.45 14.79 -0.377 -10.358 10.335
3 16 0.558 -9.85 10.26 1.17 -8.755 14.398 0.175 -9.45 14.79
3 16 1.445 -7.16 17.095 0.175 -9.45 14.79 1.17 -8.755 14.398
3 16 1.445 -7.16 17.095 0.605 -7.715 17.835 0.175 -9.45 14.79
3 16 1.615 -5.257 18.41 0.605 -7.715 17.835 1.445 -7.16 17.095
3 16 1.615 -5.257 18.41 0.252 -5.72 19.343 0.605 -7.715 17.835
4 16 0.617 -3.285 20.372 0.252 -5.72 19.343 1.615 -5.257 18.41 1.712 -2.96 19.583
3 16 0.877 -0.842 21.075 0.617 -3.285 20.372 1.712 -2.96 19.583
3 16 1.683 0.785 21.198 0.877 -0.842 21.075 1.712 -2.96 19.583
3 16 5.155 -5.392 18.075 6.405 -5.217 18.7 6.085 -2.417 19.728
3 16 5.327 -1.252 20.208 5.155 -5.392 18.075 6.085 -2.417 19.728
3 16 6.157 -8.175 16.835 6.405 -5.217 18.7 5.155 -5.392 18.075
3 16 4.952 -7.51 16.47 6.157 -8.175 16.835 5.155 -5.392 18.075
3 16 6.157 -8.175 16.835 4.952 -7.51 16.47 5.19 -9.602 13.533
3 16 4.952 -7.51 16.47 4.16 -8.983 13.475 5.19 -9.602 13.533
3 16 5.19 -9.602 13.533 4.16 -8.983 13.475 3.517 -10.462 9.195
3 16 4.16 -8.983 13.475 2.512 -10.632 8.048 3.517 -10.462 9.195
3 16 5.155 -5.392 18.075 5.327 -1.252 20.208 4.483 -2.51 20.122
3 16 4.28 -5.462 19.208 5.155 -5.392 18.075 4.483 -2.51 20.122
3 16 5.155 -5.392 18.075 4.28 -5.462 19.208 4.395 -8.032 17.317
3 16 4.952 -7.51 16.47 5.155 -5.392 18.075 4.395 -8.032 17.317
3 16 4.952 -7.51 16.47 4.395 -8.032 17.317 3.2 -9.64 14.165
3 16 4.16 -8.983 13.475 4.952 -7.51 16.47 3.2 -9.64 14.165
3 16 3.2 -9.64 14.165 2.225 -10.488 9.703 4.16 -8.983 13.475
3 16 2.225 -10.488 9.703 2.512 -10.632 8.048 4.16 -8.983 13.475
3 16 2.507 -0.275 20.837 2.485 -3.11 20.29 4.483 -2.51 20.122
4 16 2.507 -0.275 20.837 4.483 -2.51 20.122 5.327 -1.252 20.208 3.868 3.74 21.29
3 16 4.28 -5.462 19.208 4.483 -2.51 20.122 2.485 -3.11 20.29
3 16 4.28 -5.462 19.208 2.485 -3.11 20.29 2.75 -5.835 19.16
4 16 4.28 -5.462 19.208 2.75 -5.835 19.16 2.693 -7.827 17.735 4.395 -8.032 17.317
3 16 2.693 -7.827 17.735 2.362 -9.605 14.382 4.395 -8.032 17.317
3 16 2.362 -9.605 14.382 3.2 -9.64 14.165 4.395 -8.032 17.317
3 16 2.362 -9.605 14.382 1.513 -10.448 10.01 3.2 -9.64 14.165
3 16 1.513 -10.448 10.01 2.225 -10.488 9.703 3.2 -9.64 14.165
3 16 -3.673 -10.1 10.425 -2.838 -9.807 10.508 -3.2 -8.53 14.113
3 16 -4.405 -9.082 14.323 -3.673 -10.1 10.425 -3.2 -8.53 14.113
3 16 -4.503 -6.515 17.99 -4.405 -9.082 14.323 -3.2 -8.53 14.113
3 16 -3.14 -5.982 17.46 -4.503 -6.515 17.99 -3.2 -8.53 14.113
4 16 -4.242 -2.395 20.052 -4.503 -6.515 17.99 -3.14 -5.982 17.46 -3.277 -2.225 19.545
3 16 -4.242 -2.395 20.052 -3.277 -2.225 19.545 -4.21 -0.072 20.705
3 16 -4.21 -0.072 20.705 -3.277 -2.225 19.545 -3.547 0.865 21.008
3 16 -2.838 -9.807 10.508 -2.02 -10.233 10.53 -3.2 -8.53 14.113
3 16 -3.2 -8.53 14.113 -2.02 -10.233 10.53 -2.203 -9.302 14.613
3 16 -3.2 -8.53 14.113 -2.203 -9.302 14.613 -3.14 -5.982 17.46
3 16 -3.14 -5.982 17.46 -2.203 -9.302 14.613 -2.023 -6.615 18.44
3 16 -3.14 -5.982 17.46 -2.023 -6.615 18.44 -3.277 -2.225 19.545
3 16 -3.277 -2.225 19.545 -2.023 -6.615 18.44 -2.287 -2.305 20.31
3 16 -2.287 -2.305 20.31 -2.803 0.358 20.985 -3.277 -2.225 19.545
3 16 -3.277 -2.225 19.545 -2.803 0.358 20.985 -3.547 0.865 21.008
3 16 -2.02 -10.233 10.53 -0.377 -10.358 10.335 -2.203 -9.302 14.613
3 16 -2.203 -9.302 14.613 -0.377 -10.358 10.335 0.175 -9.45 14.79
3 16 0.605 -7.715 17.835 -2.203 -9.302 14.613 0.175 -9.45 14.79
3 16 -2.023 -6.615 18.44 -2.203 -9.302 14.613 0.605 -7.715 17.835
3 16 -2.023 -6.615 18.44 0.605 -7.715 17.835 0.252 -5.72 19.343
3 16 -2.023 -6.615 18.44 0.252 -5.72 19.343 -2.287 -2.305 20.31
3 16 -2.287 -2.305 20.31 0.252 -5.72 19.343 0.617 -3.285 20.372
4 16 -2.287 -2.305 20.31 0.617 -3.285 20.372 0.877 -0.842 21.075 -2.803 0.358 20.985
3 16 -2.803 0.358 20.985 0.877 -0.842 21.075 -0.27 2.583 21.427
4 16 -2.803 0.358 20.985 -0.27 2.583 21.427 -0.803 3.248 21.49 -3.547 0.865 21.008
4 16 -6.75 -8.875 13.648 -6.3 -10.05 8.948 -3.673 -10.1 10.425 -4.405 -9.082 14.323
4 16 -6.75 -8.875 13.648 -4.405 -9.082 14.323 -6.528 -6.732 17.077 -9.328 -7.54 14.6
3 16 -4.503 -6.515 17.99 -6.528 -6.732 17.077 -4.405 -9.082 14.323
3 16 -4.503 -6.515 17.99 -6.585 -2.405 19.42 -6.528 -6.732 17.077
3 16 -4.242 -2.395 20.052 -6.585 -2.405 19.42 -4.503 -6.515 17.99
4 16 -6.585 -2.405 19.42 -4.242 -2.395 20.052 -4.21 -0.072 20.705 -6.495 0.385 20.195
3 16 -11.69 0.838 17.323 -6.585 -2.405 19.42 -6.495 0.385 20.195
3 16 -11.275 3.018 18 -11.69 0.838 17.323 -6.495 0.385 20.195
3 16 -11.69 0.838 17.323 -11.308 -3.66 16.255 -6.585 -2.405 19.42
3 16 -11.308 -3.66 16.255 -6.528 -6.732 17.077 -6.585 -2.405 19.42
3 16 -11.308 -3.66 16.255 -9.328 -7.54 14.6 -6.528 -6.732 17.077
3 16 -6.495 0.385 20.195 -4.21 -0.072 20.705 -3.868 2.22 21.272
3 16 -3.868 2.22 21.272 -4.21 -0.072 20.705 -3.547 0.865 21.008
3 16 -6.495 0.385 20.195 -3.868 2.22 21.272 -6.198 3.61 20.747
3 16 -3.868 2.22 21.272 -1.043 4.53 21.628 -6.198 3.61 20.747
3 16 -0.803 3.248 21.49 -1.043 4.53 21.628 -3.868 2.22 21.272
3 16 -1.433 7.253 21.847 -6.198 3.61 20.747 -1.043 4.53 21.628
3 16 -6.387 10.695 21.042 -6.198 3.61 20.747 -1.433 7.253 21.847
3 16 -6.387 10.695 21.042 -1.433 7.253 21.847 -1.993 14.273 21.795
4 16 -6.513 18.865 20.663 -6.387 10.695 21.042 -1.993 14.273 21.795 -2.275 18.618 21.515
4 16 -10.818 4.06 18.462 -6.198 3.61 20.747 -6.387 10.695 21.042 -10.702 10.513 18.86
4 16 -6.387 10.695 21.042 -6.513 18.865 20.663 -10.59 18.825 18.625 -10.702 10.513 18.86
3 16 -6.513 18.865 20.663 -6.352 21.47 19.487 -10.59 18.825 18.625
3 16 -2.697 19.802 21.367 -6.352 21.47 19.487 -6.513 18.865 20.663
3 16 -6.513 18.865 20.663 -2.275 18.618 21.515 -2.697 19.802 21.367
3 16 -2.587 21.892 20.74 -6.352 21.47 19.487 -2.697 19.802 21.367
3 16 -2.587 21.892 20.74 -6.213 23.428 18.29 -6.352 21.47 19.487
3 16 -2.15 23.658 19.22 -6.213 23.428 18.29 -2.587 21.892 20.74
3 16 -10.59 18.825 18.625 -6.352 21.47 19.487 -10.287 21.282 18.173
3 16 -10.287 21.282 18.173 -6.352 21.47 19.487 -8.837 23.298 17.372
3 16 -8.837 23.298 17.372 -6.352 21.47 19.487 -6.213 23.428 18.29
3 16 -11.275 3.018 18 -6.198 3.61 20.747 -10.818 4.06 18.462
3 16 -6.495 0.385 20.195 -6.198 3.61 20.747 -11.275 3.018 18
3 16 0.425 4.648 21.683 -0.337 4.67 21.252 0.285 3.225 21.468
3 16 0.285 3.225 21.468 -0.337 4.67 21.252 -0.27 2.583 21.427
3 16 0.52 7.205 21.885 -0.337 4.67 21.252 0.425 4.648 21.683
4 16 -0.49 7.358 21.185 -0.337 4.67 21.252 0.52 7.205 21.885 0.535 12.16 21.962
3 16 -0.49 7.358 21.185 0.535 12.16 21.962 -0.655 14.26 20.812
3 16 0.48 19.61 21.257 -0.655 14.26 20.812 0.535 12.16 21.962
3 16 0.48 19.61 21.257 -0.732 19.968 20.055 -0.655 14.26 20.812
3 16 0.47 23.425 19.427 -0.732 19.968 20.055 0.48 19.61 21.257
3 16 0.47 23.425 19.427 -0.702 22.64 18.512 -0.732 19.968 20.055
3 16 -0.702 22.64 18.512 0.47 23.425 19.427 -0.403 23.765 15.122
3 16 -0.702 22.64 18.512 -0.403 23.765 15.122 -0.765 23.583 14.997
3 16 -0.337 4.67 21.252 -0.803 3.248 21.49 -0.27 2.583 21.427
3 16 -0.337 4.67 21.252 -1.043 4.53 21.628 -0.803 3.248 21.49
3 16 -1.433 7.253 21.847 -1.043 4.53 21.628 -0.337 4.67 21.252
4 16 -1.433 7.253 21.847 -0.337 4.67 21.252 -0.49 7.358 21.185 -1.993 14.273 21.795
3 16 -0.655 14.26 20.812 -1.993 14.273 21.795 -0.49 7.358 21.185
3 16 -2.275 18.618 21.515 -1.993 14.273 21.795 -0.655 14.26 20.812
3 16 -0.732 19.968 20.055 -2.275 18.618 21.515 -0.655 14.26 20.812
3 16 -2.275 18.618 21.515 -0.732 19.968 20.055 -1.405 21.698 20.175
3 16 -1.405 21.698 20.175 -0.732 19.968 20.055 -0.702 22.64 18.512
3 16 -1.522 23.212 19.465 -1.405 21.698 20.175 -0.702 22.64 18.512
3 16 -1.237 23.702 15.185 -1.522 23.212 19.465 -0.702 22.64 18.512
3 16 -0.765 23.583 14.997 -1.237 23.702 15.185 -0.702 22.64 18.512
3 16 -1.405 21.698 20.175 -2.587 21.892 20.74 -2.697 19.802 21.367
3 16 -2.275 18.618 21.515 -1.405 21.698 20.175 -2.697 19.802 21.367
3 16 -1.405 21.698 20.175 -1.522 23.212 19.465 -2.587 21.892 20.74
3 16 -1.522 23.212 19.465 -2.15 23.658 19.22 -2.587 21.892 20.74
4 16 -0.27 2.583 21.427 0.877 -0.842 21.075 1.683 0.785 21.198 0.285 3.225 21.468
3 16 0.285 3.225 21.468 1.683 0.785 21.198 3.868 3.74 21.29
3 16 3.868 3.74 21.29 1.683 0.785 21.198 2.507 -0.275 20.837
3 16 0.285 3.225 21.468 3.868 3.74 21.29 0.425 4.648 21.683
3 16 3.868 3.74 21.29 4.023 7.068 21.63 0.425 4.648 21.683
3 16 0.425 4.648 21.683 4.023 7.068 21.63 0.52 7.205 21.885
4 16 0.52 7.205 21.885 4.023 7.068 21.63 3.737 9.51 21.707 0.535 12.16 21.962
3 16 0.535 12.16 21.962 3.737 9.51 21.707 3.355 12.283 21.798
4 16 0.48 19.61 21.257 0.535 12.16 21.962 3.355 12.283 21.798 3.138 19.597 21.1
3 16 4.023 7.068 21.63 4.387 8.588 21.528 3.737 9.51 21.707
3 16 0.48 19.61 21.257 3.138 19.597 21.1 2.713 23.445 19.208
3 16 0.47 23.425 19.427 0.48 19.61 21.257 2.713 23.445 19.208
3 16 4.197 12.273 21.085 4.387 8.588 21.528 4.957 9.55 21.475
3 16 4.98 12.203 21.525 4.197 12.273 21.085 4.957 9.55 21.475
3 16 3.983 19.38 20.253 4.197 12.273 21.085 4.98 12.203 21.525
3 16 5.122 19.733 20.72 3.983 19.38 20.253 4.98 12.203 21.525
3 16 3.45 22.378 18.435 3.983 19.38 20.253 5.122 19.733 20.72
3 16 4.87 23.418 18.675 3.45 22.378 18.435 5.122 19.733 20.72
3 16 3.45 22.378 18.435 4.87 23.418 18.675 3.408 23.712 14.595
3 16 2.852 23.552 14.577 3.45 22.378 18.435 3.408 23.712 14.595
3 16 3.737 9.51 21.707 4.387 8.588 21.528 4.197 12.273 21.085
3 16 3.355 12.283 21.798 3.737 9.51 21.707 4.197 12.273 21.085
3 16 4.197 12.273 21.085 3.983 19.38 20.253 3.355 12.283 21.798
3 16 3.983 19.38 20.253 3.138 19.597 21.1 3.355 12.283 21.798
3 16 3.983 19.38 20.253 3.45 22.378 18.435 3.138 19.597 21.1
3 16 3.45 22.378 18.435 2.713 23.445 19.208 3.138 19.597 21.1
3 16 2.713 23.445 19.208 3.45 22.378 18.435 2.322 23.73 14.83
3 16 3.45 22.378 18.435 2.852 23.552 14.577 2.322 23.73 14.83
3 16 8.555 6.343 20.342 4.957 9.55 21.475 4.387 8.588 21.528
3 16 8.555 6.343 20.342 4.387 8.588 21.528 4.023 7.068 21.63
4 16 8.555 6.343 20.342 4.023 7.068 21.63 3.868 3.74 21.29 8.247 1.228 19.858
3 16 3.868 3.74 21.29 5.327 -1.252 20.208 8.247 1.228 19.858
3 16 5.327 -1.252 20.208 6.085 -2.417 19.728 8.247 1.228 19.858
3 16 6.085 -2.417 19.728 10.853 -2.805 17.905 8.247 1.228 19.858
3 16 6.405 -5.217 18.7 10.853 -2.805 17.905 6.085 -2.417 19.728
3 16 8.247 1.228 19.858 10.853 -2.805 17.905 13.172 1.67 17.472
3 16 8.555 6.343 20.342 8.247 1.228 19.858 13.172 1.67 17.472
3 16 8.555 6.343 20.342 13.172 1.67 17.472 14.043 7.675 17.472
3 16 13.172 1.67 17.472 14.353 4.723 16.868 14.043 7.675 17.472
3 16 14.353 4.723 16.868 13.172 1.67 17.472 14.775 3.35 16.183
3 16 13.172 1.67 17.472 14.525 0.72 15.998 14.775 3.35 16.183
3 16 13.172 1.67 17.472 10.853 -2.805 17.905 14.163 -2.805 15.605
3 16 14.525 0.72 15.998 13.172 1.67 17.472 14.163 -2.805 15.605
3 16 11.523 -7.607 15.17 10.853 -2.805 17.905 6.405 -5.217 18.7
3 16 11.523 -7.607 15.17 14.163 -2.805 15.605 10.853 -2.805 17.905
3 16 6.157 -8.175 16.835 11.523 -7.607 15.17 6.405 -5.217 18.7
3 16 11.523 -7.607 15.17 6.157 -8.175 16.835 8.86 -9.63 11.438
3 16 6.157 -8.175 16.835 5.19 -9.602 13.533 8.86 -9.63 11.438
3 16 5.19 -9.602 13.533 3.517 -10.462 9.195 8.86 -9.63 11.438
4 16 4.957 9.55 21.475 8.555 6.343 20.342 8.733 11.773 20.437 4.98 12.203 21.525
3 16 8.733 11.773 20.437 8.757 19.523 19.887 4.98 12.203 21.525
3 16 4.98 12.203 21.525 8.757 19.523 19.887 5.122 19.733 20.72
3 16 8.757 19.523 19.887 7.815 23.385 17.677 5.122 19.733 20.72
3 16 5.122 19.733 20.72 7.815 23.385 17.677 4.87 23.418 18.675
3 16 7.815 23.385 17.677 8.757 19.523 19.887 11.05 22.917 16.397
3 16 11.05 22.917 16.397 8.757 19.523 19.887 12.702 19.005 17.86
4 16 12.702 19.005 17.86 8.757 19.523 19.887 8.733 11.773 20.437 13.413 11.8 18.03
3 16 8.733 11.773 20.437 14.043 7.675 17.472 13.413 11.8 18.03
3 16 8.733 11.773 20.437 8.555 6.343 20.342 14.043 7.675 17.472
3 16 11.05 22.917 16.397 13.045 19.108 16.185 11.095 23.075 13.602
3 16 11.05 22.917 16.397 12.702 19.005 17.86 13.045 19.108 16.185
3 16 12.702 19.005 17.86 13.898 11.868 16.577 13.045 19.108 16.185
4 16 13.898 11.868 16.577 12.702 19.005 17.86 13.413 11.8 18.03 14.368 7.985 16.415
3 16 14.043 7.675 17.472 14.368 7.985 16.415 13.413 11.8 18.03
3 16 14.043 7.675 17.472 14.353 4.723 16.868 14.368 7.985 16.415
3 16 14.353 4.723 16.868 14.775 3.35 16.183 14.368 7.985 16.415
3 16 13.045 19.108 16.185 14.74 18.923 16.222 13.718 22.603 14.65
3 16 11.095 23.075 13.602 13.045 19.108 16.185 13.718 22.603 14.65
3 16 13.045 19.108 16.185 13.898 11.868 16.577 14.74 18.923 16.222
3 16 13.898 11.868 16.577 15.378 11.885 16.368 14.74 18.923 16.222
3 16 13.898 11.868 16.577 14.368 7.985 16.415 15.378 11.885 16.368
3 16 14.368 7.985 16.415 15.49 7.728 16.125 15.378 11.885 16.368
3 16 15.297 4.92 15.962 15.49 7.728 16.125 14.368 7.985 16.415
3 16 14.775 3.35 16.183 15.297 4.92 15.962 14.368 7.985 16.415
3 16 14.775 3.35 16.183 14.525 0.72 15.998 17.693 2.208 12.818
3 16 15.297 4.92 15.962 14.775 3.35 16.183 17.693 2.208 12.818
3 16 17.693 2.208 12.818 14.525 0.72 15.998 17.205 -2.472 12.01
3 16 14.525 0.72 15.998 14.163 -2.805 15.605 17.205 -2.472 12.01
3 16 16.095 -7.065 10.968 17.205 -2.472 12.01 14.163 -2.805 15.605
3 16 11.523 -7.607 15.17 16.095 -7.065 10.968 14.163 -2.805 15.605
4 16 15.297 4.92 15.962 17.693 2.208 12.818 17.805 7.413 13.355 15.49 7.728 16.125
3 16 17.805 7.413 13.355 17.688 12.05 13.705 15.49 7.728 16.125
3 16 19.64 8.88 10.663 17.688 12.05 13.705 17.805 7.413 13.355
3 16 19.493 12.2 10.898 17.688 12.05 13.705 19.64 8.88 10.663
4 16 17.688 12.05 13.705 19.493 12.2 10.898 19.118 18.135 10.952 17.335 18.625 13.705
3 16 16.157 22.323 11.902 17.335 18.625 13.705 19.118 18.135 10.952
3 16 16.157 22.323 11.902 19.118 18.135 10.952 18.202 21.82 9.117
3 16 13.718 22.603 14.65 17.335 18.625 13.705 16.157 22.323 11.902
3 16 13.718 22.603 14.65 14.74 18.923 16.222 17.335 18.625 13.705
3 16 17.335 18.625 13.705 15.378 11.885 16.368 17.688 12.05 13.705
3 16 17.335 18.625 13.705 14.74 18.923 16.222 15.378 11.885 16.368
3 16 17.688 12.05 13.705 15.378 11.885 16.368 15.49 7.728 16.125
3 16 19.833 7.805 10.142 19.64 8.88 10.663 17.805 7.413 13.355
3 16 19.833 7.805 10.142 17.805 7.413 13.355 17.693 2.208 12.818
4 16 20.92 3.628 5.648 19.833 7.805 10.142 17.693 2.208 12.818 19.94 -2.192 5.497
3 16 19.833 7.805 10.142 20.92 3.628 5.648 20.233 9.002 9.467
3 16 17.693 2.208 12.818 17.205 -2.472 12.01 19.94 -2.192 5.497
3 16 17.205 -2.472 12.01 16.095 -7.065 10.968 19.94 -2.192 5.497
3 16 16.095 -7.065 10.968 18.335 -6.648 4.685 19.94 -2.192 5.497
3 16 18.335 -6.648 4.685 16.095 -7.065 10.968 14.518 -9 4.105
3 16 16.095 -7.065 10.968 12.803 -9.177 8.953 14.518 -9 4.105
3 16 12.803 -9.177 8.953 16.095 -7.065 10.968 11.523 -7.607 15.17
3 16 8.86 -9.63 11.438 12.803 -9.177 8.953 11.523 -7.607 15.17
3 16 14.518 -9 4.105 12.803 -9.177 8.953 8.93 -10.328 5.773
3 16 8.93 -10.328 5.773 12.803 -9.177 8.953 8.86 -9.63 11.438
3 16 19.64 8.88 10.663 19.833 7.805 10.142 19.47 12.485 9.425
3 16 19.493 12.2 10.898 19.64 8.88 10.663 19.47 12.485 9.425
3 16 19.493 12.2 10.898 19.47 12.485 9.425 19.118 18.135 10.952
3 16 19.47 12.485 9.425 19.248 18.128 8.975 19.118 18.135 10.952
3 16 19.118 18.135 10.952 19.248 18.128 8.975 18.202 21.82 9.117
3 16 19.248 18.128 8.975 17.45 21.928 7.617 18.202 21.82 9.117
3 16 19.47 12.485 9.425 19.833 7.805 10.142 20.233 9.002 9.467
3 16 20.45 12.035 8.945 19.47 12.485 9.425 20.233 9.002 9.467
3 16 19.47 12.485 9.425 20.45 12.035 8.945 20.385 18.065 8.502
3 16 19.248 18.128 8.975 19.47 12.485 9.425 20.385 18.065 8.502
3 16 19.248 18.128 8.975 20.385 18.065 8.502 18.948 21.573 7.432
3 16 17.45 21.928 7.617 19.248 18.128 8.975 18.948 21.573 7.432
3 16 14.142 8.118 -12.41 13.695 10.247 -11.295 15.205 11.92 -11.905
3 16 12.35 13.293 -9.045 15.205 11.92 -11.905 13.695 10.247 -11.295
3 16 12.375 11.01 -9.077 12.35 13.293 -9.045 13.695 10.247 -11.295
3 16 12.35 13.293 -9.045 12.375 11.01 -9.077 11.697 11.853 -6.958
3 16 11.778 13.552 -6.817 12.35 13.293 -9.045 11.697 11.853 -6.958
3 16 11.778 13.552 -6.817 11.891 17.689 -6.631 12.35 13.293 -9.045
3 16 15.305 15.405 -11.325 15.205 11.92 -11.905 12.35 13.293 -9.045
3 16 11.891 17.689 -6.631 15.305 15.405 -11.325 12.35 13.293 -9.045
3 16 15.305 15.405 -11.325 11.891 17.689 -6.631 15.31 18.05 -10.51
3 16 11.891 17.689 -6.631 12.448 19.19 -7.433 15.31 18.05 -10.51
3 16 -12.407 19.692 17.02 -10.985 18.345 17.045 -10.757 20.682 16.305
3 16 -11.888 22.938 15.677 -12.407 19.692 17.02 -10.757 20.682 16.305
3 16 -9.81 21.89 15.69 -11.888 22.938 15.677 -10.757 20.682 16.305
3 16 -12.407 19.692 17.02 -12.35 10.498 17.677 -10.985 18.345 17.045
3 16 -12.35 10.498 17.677 -11.245 10.543 17.655 -10.985 18.345 17.045
3 16 -11.245 10.543 17.655 -12.35 10.498 17.677 -11.823 4.14 17.725
3 16 -11.275 3.018 18 -11.245 10.543 17.655 -11.823 4.14 17.725
4 16 -10.59 18.825 18.625 -10.287 21.282 18.173 -10.757 20.682 16.305 -10.985 18.345 17.045
3 16 -10.985 18.345 17.045 -10.702 10.513 18.86 -10.59 18.825 18.625
3 16 -11.245 10.543 17.655 -10.702 10.513 18.86 -10.985 18.345 17.045
3 16 -11.245 10.543 17.655 -10.818 4.06 18.462 -10.702 10.513 18.86
3 16 -11.275 3.018 18 -10.818 4.06 18.462 -11.245 10.543 17.655
3 16 -8.837 23.298 17.372 -9.81 21.89 15.69 -10.287 21.282 18.173
3 16 -10.287 21.282 18.173 -9.81 21.89 15.69 -10.757 20.682 16.305
3 16 -7.152 23.442 13.445 -9.81 21.89 15.69 -8.837 23.298 17.372
3 16 -8.04 22.61 12.48 -9.81 21.89 15.69 -7.152 23.442 13.445
3 16 -11.275 3.018 18 -11.823 4.14 17.725 -11.69 0.838 17.323
3 16 -11.69 0.838 17.323 -11.823 4.14 17.725 -13.81 2.29 15.9
3 16 -13.81 2.29 15.9 -11.823 4.14 17.725 -14.94 9.77 15.53
3 16 -14.94 9.77 15.53 -11.823 4.14 17.725 -12.35 10.498 17.677
3 16 -12.35 10.498 17.677 -15.007 19.34 14.575 -14.94 9.77 15.53
3 16 -12.407 19.692 17.02 -15.007 19.34 14.575 -12.35 10.498 17.677
4 16 -15.007 19.34 14.575 -12.407 19.692 17.02 -11.888 22.938 15.677 -14.095 22.91 13.39
4 16 -15.007 19.34 14.575 -14.095 22.91 13.39 -16.833 22.19 8.7 -17.955 18.335 9.722
4 16 -14.94 9.77 15.53 -15.007 19.34 14.575 -17.955 18.335 9.722 -18.12 8.575 10.318
4 16 -17.955 18.335 9.722 -16.833 22.19 8.7 -18.73 21.165 2.252 -20.058 17.02 2.632
3 16 -20.058 17.02 2.632 -18.73 21.165 2.252 -19.038 20.41 -1.995
3 16 -19.975 16.15 -2.435 -20.058 17.02 2.632 -19.038 20.41 -1.995
4 16 -17.955 18.335 9.722 -20.058 17.02 2.632 -20.265 10.538 2.67 -18.12 8.575 10.318
4 16 -20.265 10.538 2.67 -20.058 17.02 2.632 -19.975 16.15 -2.435 -20.142 11.037 -2.84
4 16 -13.81 2.29 15.9 -14.94 9.77 15.53 -18.12 8.575 10.318 -17.095 0.138 10.218
3 16 -20.142 11.037 -2.84 -19.748 8.87 -3.478 -20.265 10.538 2.67
4 16 -18.12 8.575 10.318 -20.265 10.538 2.67 -19.52 3.965 2.577 -17.095 0.138 10.218
3 16 -19.748 8.87 -3.478 -19.52 3.965 2.577 -20.265 10.538 2.67
3 16 -17.095 0.138 10.218 -19.52 3.965 2.577 -18.555 -0.442 4.29
3 16 -18.555 -0.442 4.29 -19.52 3.965 2.577 -18.292 -0.68 -1.197
3 16 -18.292 -0.68 -1.197 -19.52 3.965 2.577 -19.04 3.108 -3.16
3 16 -19.52 3.965 2.577 -19.748 8.87 -3.478 -19.04 3.108 -3.16
3 16 -17.095 0.138 10.218 -15.193 -5.167 9.595 -13.81 2.29 15.9
3 16 -15.193 -5.167 9.595 -17.095 0.138 10.218 -18.555 -0.442 4.29
3 16 -13.81 2.29 15.9 -15.193 -5.167 9.595 -11.308 -3.66 16.255
3 16 -11.69 0.838 17.323 -13.81 2.29 15.9 -11.308 -3.66 16.255
3 16 -16.097 -5.772 3.91 -15.193 -5.167 9.595 -18.555 -0.442 4.29
3 16 -16.097 -5.772 3.91 -18.555 -0.442 4.29 -18.292 -0.68 -1.197
3 16 -15.852 -5.632 -1.312 -16.097 -5.772 3.91 -18.292 -0.68 -1.197
4 16 -15.852 -5.632 -1.312 -18.292 -0.68 -1.197 -17.13 -0.623 -5.743 -15.005 -5.035 -5.707
3 16 -15.852 -5.632 -1.312 -11.398 -9.225 3.285 -16.097 -5.772 3.91
3 16 -11.293 -9.08 -1.645 -11.398 -9.225 3.285 -15.852 -5.632 -1.312
3 16 -15.193 -5.167 9.595 -16.097 -5.772 3.91 -11.188 -8.815 8.698
3 16 -11.188 -8.815 8.698 -16.097 -5.772 3.91 -11.398 -9.225 3.285
3 16 -11.308 -3.66 16.255 -15.193 -5.167 9.595 -9.328 -7.54 14.6
3 16 -9.328 -7.54 14.6 -15.193 -5.167 9.595 -11.188 -8.815 8.698
3 16 -6.3 -10.05 8.948 -6.75 -8.875 13.648 -11.188 -8.815 8.698
3 16 -11.188 -8.815 8.698 -6.75 -8.875 13.648 -9.328 -7.54 14.6
3 16 -16.655 7.885 -9.578 -16.15 11.77 -9.573 -16.173 9.11 -10.55
3 16 -16.173 9.11 -10.55 -16.15 11.77 -9.573 -15.483 11.41 -11.755
3 16 -16.15 11.77 -9.573 -15.922 15.965 -9.263 -15.483 11.41 -11.755
3 16 -15.483 11.41 -11.755 -15.922 15.965 -9.263 -14.953 17.385 -11.015
3 16 -15.655 18.37 -8.955 -14.953 17.385 -11.015 -15.922 15.965 -9.263
3 16 -15.245 18.845 -9.588 -14.953 17.385 -11.015 -15.655 18.37 -8.955
3 16 -17.28 11.652 -9.057 -16.15 11.77 -9.573 -17.142 9.092 -9.08
3 16 -17.142 9.092 -9.08 -16.15 11.77 -9.573 -16.655 7.885 -9.578
3 16 -17.28 11.652 -9.057 -17.032 16.03 -8.93 -16.15 11.77 -9.573
3 16 -16.15 11.77 -9.573 -17.032 16.03 -8.93 -15.922 15.965 -9.263
3 16 -16.78 18.237 -8.705 -15.922 15.965 -9.263 -17.032 16.03 -8.93
3 16 -15.655 18.37 -8.955 -15.922 15.965 -9.263 -16.78 18.237 -8.705
4 16 -18.023 11.65 -6.793 -17.798 16.017 -6.675 -17.032 16.03 -8.93 -17.28 11.652 -9.057
3 16 -18.023 11.65 -6.793 -17.28 11.652 -9.057 -17.142 9.092 -9.08
3 16 -18.023 11.65 -6.793 -17.142 9.092 -9.08 -18.153 7.85 -6.65
3 16 -16.78 18.237 -8.705 -17.032 16.03 -8.93 -17.798 16.017 -6.675
3 16 -16.78 18.237 -8.705 -17.798 16.017 -6.675 -17.597 18.132 -6.528
3 16 -17.597 18.132 -6.528 -16.865 19.365 -7.98 -16.78 18.237 -8.705
3 16 -17.597 18.132 -6.528 -17.1 19.618 -7.035 -16.865 19.365 -7.98
3 16 -16.655 7.885 -9.578 -18.153 7.85 -6.65 -17.142 9.092 -9.08
3 16 -16.655 7.885 -9.578 -16.442 4.64 -9.045 -18.153 7.85 -6.65
4 16 -16.442 4.64 -9.045 -16.655 7.885 -9.578 -14.477 6.965 -11.538 -14.365 5.107 -11.19
3 16 -16.173 9.11 -10.55 -14.477 6.965 -11.538 -16.655 7.885 -9.578
3 16 -14.477 6.965 -11.538 -16.173 9.11 -10.55 -15.483 11.41 -11.755
3 16 -17.467 18.773 -6.455 -17.1 19.618 -7.035 -17.597 18.132 -6.528
3 16 -18.208 4.815 -6.195 -18.153 7.85 -6.65 -16.442 4.64 -9.045
3 16 -18.208 4.815 -6.195 -16.442 4.64 -9.045 -18.395 3.99 -5.62
3 16 -18.395 3.99 -5.62 -16.442 4.64 -9.045 -18.195 3.007 -5.697
3 16 -18.153 7.85 -6.65 -18.245 11.627 -6.068 -18.023 11.65 -6.793
3 16 -18.153 7.85 -6.65 -18.227 7.968 -5.773 -18.245 11.627 -6.068
4 16 -18.023 11.65 -6.793 -18.245 11.627 -6.068 -18.005 16.017 -6.03 -17.798 16.017 -6.675
3 16 -18.153 7.85 -6.65 -18.208 4.815 -6.195 -18.227 7.968 -5.773
3 16 -18.208 4.815 -6.195 -18.395 3.99 -5.62 -18.227 7.968 -5.773
3 16 -17.798 16.017 -6.675 -18.005 16.017 -6.03 -17.597 18.132 -6.528
3 16 -18.005 16.017 -6.03 -17.865 18.145 -5.97 -17.597 18.132 -6.528
3 16 -17.597 18.132 -6.528 -17.865 18.145 -5.97 -17.467 18.773 -6.455
3 16 -17.865 18.145 -5.97 -17.597 19.04 -5.853 -17.467 18.773 -6.455
3 16 -18.227 7.968 -5.773 -18.395 3.99 -5.62 -18.672 4.985 -5.195
3 16 -19.095 7.835 -5.308 -18.227 7.968 -5.773 -18.672 4.985 -5.195
3 16 -19.095 7.835 -5.308 -19.228 11.487 -5.768 -18.227 7.968 -5.773
3 16 -19.228 11.487 -5.768 -18.245 11.627 -6.068 -18.227 7.968 -5.773
4 16 -18.245 11.627 -6.068 -19.228 11.487 -5.768 -18.983 15.878 -5.725 -18.005 16.017 -6.03
3 16 -18.983 15.878 -5.725 -17.865 18.145 -5.97 -18.005 16.017 -6.03
3 16 -18.58 18.83 -5.558 -17.865 18.145 -5.97 -18.983 15.878 -5.725
3 16 -17.865 18.145 -5.97 -18.58 18.83 -5.558 -17.597 19.04 -5.853
3 16 -17.597 19.04 -5.853 -18.58 18.83 -5.558 -18.39 19.89 -5.318
3 16 -18.672 4.985 -5.195 -18.395 3.99 -5.62 -19.04 3.108 -3.16
3 16 -19.04 3.108 -3.16 -18.395 3.99 -5.62 -18.195 3.007 -5.697
3 16 -19.748 8.87 -3.478 -18.672 4.985 -5.195 -19.04 3.108 -3.16
3 16 -19.095 7.835 -5.308 -18.672 4.985 -5.195 -19.748 8.87 -3.478
3 16 -19.095 7.835 -5.308 -19.748 8.87 -3.478 -19.228 11.487 -5.768
3 16 -19.228 11.487 -5.768 -19.748 8.87 -3.478 -19.525 11.65 -3.363
4 16 -18.983 15.878 -5.725 -19.228 11.487 -5.768 -19.525 11.65 -3.363 -19.3 15.972 -3.06
4 16 -18.58 18.83 -5.558 -18.983 15.878 -5.725 -19.3 15.972 -3.06 -18.852 19.032 -2.905
3 16 -18.58 18.83 -5.558 -18.852 19.032 -2.905 -18.49 20.177 -4.268
3 16 -18.39 19.89 -5.318 -18.58 18.83 -5.558 -18.49 20.177 -4.268
3 16 -19.525 11.65 -3.363 -20.142 11.037 -2.84 -19.975 16.15 -2.435
3 16 -19.3 15.972 -3.06 -19.525 11.65 -3.363 -19.975 16.15 -2.435
3 16 -18.852 19.032 -2.905 -19.3 15.972 -3.06 -19.975 16.15 -2.435
3 16 -19.038 20.41 -1.995 -18.852 19.032 -2.905 -19.975 16.15 -2.435
3 16 -19.748 8.87 -3.478 -20.142 11.037 -2.84 -19.525 11.65 -3.363
3 16 -19.038 20.41 -1.995 -15.655 21.077 -1.08 -15.055 20.075 -1.948
3 16 -18.852 19.032 -2.905 -19.038 20.41 -1.995 -15.055 20.075 -1.948
3 16 -18.852 19.032 -2.905 -15.055 20.075 -1.948 -15.425 20.645 -3.098
3 16 -18.49 20.177 -4.268 -18.852 19.032 -2.905 -15.425 20.645 -3.098
3 16 -9.245 23.285 12.162 -11.133 23.015 10.53 -14.095 22.91 13.39
3 16 -11.888 22.938 15.677 -9.245 23.285 12.162 -14.095 22.91 13.39
4 16 -16.833 22.19 8.7 -14.095 22.91 13.39 -11.133 23.015 10.53 -13.64 22.435 7.055
4 16 -16.833 22.19 8.7 -13.64 22.435 7.055 -15.39 21.608 1.855 -18.73 21.165 2.252
4 16 -18.73 21.165 2.252 -15.39 21.608 1.855 -15.655 21.077 -1.08 -19.038 20.41 -1.995
3 16 -6.213 23.428 18.29 -4.793 23.63 14.41 -7.152 23.442 13.445
3 16 -8.837 23.298 17.372 -6.213 23.428 18.29 -7.152 23.442 13.445
3 16 -4.793 23.63 14.41 -6.213 23.428 18.29 -2.15 23.658 19.22
3 16 -1.237 23.702 15.185 -4.793 23.63 14.41 -2.15 23.658 19.22
3 16 0.47 23.425 19.427 2.713 23.445 19.208 2.322 23.73 14.83
3 16 -0.403 23.765 15.122 0.47 23.425 19.427 2.322 23.73 14.83
3 16 6.36 23.55 13.742 3.408 23.712 14.595 4.87 23.418 18.675
3 16 7.815 23.385 17.677 6.36 23.55 13.742 4.87 23.418 18.675
3 16 11.095 23.075 13.602 6.36 23.55 13.742 7.815 23.385 17.677
3 16 11.05 22.917 16.397 11.095 23.075 13.602 7.815 23.385 17.677
3 16 11.095 23.075 13.602 9.807 23.263 11.925 6.36 23.55 13.742
3 16 12.363 22.9 9.582 9.807 23.263 11.925 11.095 23.075 13.602
3 16 11.095 23.075 13.602 13.718 22.603 14.65 12.363 22.9 9.582
3 16 13.718 22.603 14.65 16.157 22.323 11.902 12.363 22.9 9.582
3 16 12.363 22.9 9.582 16.157 22.323 11.902 17.45 21.928 7.617
3 16 16.157 22.323 11.902 18.202 21.82 9.117 17.45 21.928 7.617
3 16 13.952 22.567 7.12 12.363 22.9 9.582 17.45 21.928 7.617
3 16 13.952 22.567 7.12 17.45 21.928 7.617 15.033 22.132 4.052
3 16 15.033 22.132 4.052 17.45 21.928 7.617 20.083 21.108 4.242
3 16 15.033 22.132 4.052 20.083 21.108 4.242 15.378 21.562 0.237
3 16 20.083 21.108 4.242 20.153 20.65 -0.108 15.378 21.562 0.237
3 16 15.378 21.562 0.237 20.153 20.65 -0.108 14.958 21.175 -2.253
3 16 20.153 20.65 -0.108 19.23 20.02 -3.835 14.958 21.175 -2.253
3 16 17.45 21.928 7.617 18.948 21.573 7.432 20.083 21.108 4.242
3 16 -9.81 21.89 15.69 -8.04 22.61 12.48 -9.245 23.285 12.162
3 16 -11.888 22.938 15.677 -9.81 21.89 15.69 -9.245 23.285 12.162
3 16 12.448 19.19 -7.433 13.332 20.308 -6.91 15.57 19.355 -9.48
3 16 15.31 18.05 -10.51 12.448 19.19 -7.433 15.57 19.355 -9.48
3 16 -11.293 -9.08 -1.645 -15.852 -5.632 -1.312 -15.005 -5.035 -5.707
3 16 -11.042 -8.53 -5.837 -11.293 -9.08 -1.645 -15.005 -5.035 -5.707
3 16 -14.19 19.87 -6.778 -16.865 19.365 -7.98 -17.1 19.618 -7.035
3 16 -14.663 20.157 -5.825 -14.19 19.87 -6.778 -17.1 19.618 -7.035
3 16 -13.305 19.468 -8.028 -15.245 18.845 -9.588 -15.655 18.37 -8.955
3 16 -13.475 19.147 -7.225 -13.305 19.468 -8.028 -15.655 18.37 -8.955
3 16 -13.743 19.353 -6.935 -16.78 18.237 -8.705 -16.865 19.365 -7.98
3 16 -14.19 19.87 -6.778 -13.743 19.353 -6.935 -16.865 19.365 -7.98
3 16 -15.655 18.37 -8.955 -16.78 18.237 -8.705 -13.743 19.353 -6.935
3 16 -13.475 19.147 -7.225 -15.655 18.37 -8.955 -13.743 19.353 -6.935
3 16 -14.623 19.917 -5.35 -14.663 20.157 -5.825 -17.1 19.618 -7.035
3 16 -17.467 18.773 -6.455 -14.623 19.917 -5.35 -17.1 19.618 -7.035
3 16 -14.623 19.917 -5.35 -17.467 18.773 -6.455 -17.597 19.04 -5.853
3 16 -14.705 19.9 -4.758 -14.623 19.917 -5.35 -17.597 19.04 -5.853
3 16 -15.075 20.433 -4.338 -18.39 19.89 -5.318 -18.49 20.177 -4.268
3 16 -15.425 20.645 -3.098 -15.075 20.433 -4.338 -18.49 20.177 -4.268
3 16 -17.597 19.04 -5.853 -18.39 19.89 -5.318 -15.075 20.433 -4.338
3 16 -14.705 19.9 -4.758 -17.597 19.04 -5.853 -15.075 20.433 -4.338
3 16 -12.55 18.593 -8.653 -14.953 17.385 -11.015 -15.245 18.845 -9.588
3 16 -13.305 19.468 -8.028 -12.55 18.593 -8.653 -15.245 18.845 -9.588
3 16 -12.63 10.637 -9.765 -14.023 9.995 -11.155 -15.483 11.41 -11.755
3 16 -15.483 11.41 -11.755 -11.402 15.875 -7.54 -12.63 10.637 -9.765
3 16 -15.483 11.41 -11.755 -14.953 17.385 -11.015 -11.402 15.875 -7.54
3 16 -14.953 17.385 -11.015 -12.55 18.593 -8.653 -11.402 15.875 -7.54
3 16 -11.402 15.875 -7.54 -11.069 12.286 -7.87 -12.63 10.637 -9.765
3 16 -14.477 6.965 -11.538 -15.483 11.41 -11.755 -14.023 9.995 -11.155
3 16 -1.522 23.212 19.465 -1.237 23.702 15.185 -2.15 23.658 19.22
3 16 -13.475 19.147 -7.225 -12.55 18.593 -8.653 -13.305 19.468 -8.028
3 16 -13.475 19.147 -7.225 -12.642 16.907 -5.003 -12.55 18.593 -8.653
3 16 -12.642 16.907 -5.003 -11.402 15.875 -7.54 -12.55 18.593 -8.653
3 16 -14.705 19.9 -4.758 -12.642 16.907 -5.003 -13.475 19.147 -7.225
3 16 -14.705 19.9 -4.758 -15.055 20.075 -1.948 -12.642 16.907 -5.003
3 16 -15.055 20.075 -1.948 -14.705 19.9 -4.758 -15.425 20.645 -3.098
3 16 -14.705 19.9 -4.758 -15.075 20.433 -4.338 -15.425 20.645 -3.098
3 16 -15.055 20.075 -1.948 -13.565 18.546 2.002 -12.642 16.907 -5.003
3 16 -15.655 21.077 -1.08 -13.565 18.546 2.002 -15.055 20.075 -1.948
3 16 -15.39 21.608 1.855 -13.565 18.546 2.002 -15.655 21.077 -1.08
3 16 -15.39 21.608 1.855 -13.64 22.435 7.055 -13.565 18.546 2.002
3 16 -13.64 22.435 7.055 -10.862 19.953 8.524 -13.565 18.546 2.002
3 16 -11.133 23.015 10.53 -10.862 19.953 8.524 -13.64 22.435 7.055
3 16 -11.133 23.015 10.53 -9.245 23.285 12.162 -10.862 19.953 8.524
3 16 -8.04 22.61 12.48 -10.862 19.953 8.524 -9.245 23.285 12.162
3 16 -8.04 22.61 12.48 -7.115 20.513 11.399 -10.862 19.953 8.524
3 16 -4.793 23.63 14.41 -5.263 20.79 12.82 -8.04 22.61 12.48
3 16 -1.237 23.702 15.185 -5.263 20.79 12.82 -4.793 23.63 14.41
3 16 -7.152 23.442 13.445 -4.793 23.63 14.41 -8.04 22.61 12.48
3 16 -0.765 23.583 14.997 -5.263 20.79 12.82 -1.237 23.702 15.185
3 16 -0.765 23.583 14.997 1.741 21.151 13.743 -5.263 20.79 12.82
3 16 -0.765 23.583 14.997 -0.403 23.765 15.122 1.741 21.151 13.743
3 16 2.322 23.73 14.83 1.741 21.151 13.743 -0.403 23.765 15.122
3 16 2.322 23.73 14.83 2.852 23.552 14.577 1.741 21.151 13.743
3 16 1.741 21.151 13.743 2.852 23.552 14.577 3.408 23.712 14.595
3 16 6.36 23.55 13.742 1.741 21.151 13.743 3.408 23.712 14.595
3 16 8.263 20.213 11.04 1.741 21.151 13.743 6.36 23.55 13.742
3 16 9.807 23.263 11.925 8.263 20.213 11.04 6.36 23.55 13.742
3 16 12.363 22.9 9.582 8.263 20.213 11.04 9.807 23.263 11.925
3 16 12.56 19.482 5.441 10.481 19.835 8.149 12.363 22.9 9.582
3 16 13.952 22.567 7.12 12.56 19.482 5.441 12.363 22.9 9.582
3 16 15.033 22.132 4.052 12.56 19.482 5.441 13.952 22.567 7.12
4 16 12.56 19.482 5.441 15.033 22.132 4.052 15.378 21.562 0.237 13.48 18.811 -1.563
3 16 14.958 21.175 -2.253 13.48 18.811 -1.563 15.378 21.562 0.237
3 16 13.48 18.811 -1.563 14.958 21.175 -2.253 14.71 21.018 -3.343
3 16 13.48 18.811 -1.563 14.71 21.018 -3.343 12.448 19.19 -7.433
3 16 11.891 17.689 -6.631 13.48 18.811 -1.563 12.448 19.19 -7.433
3 16 12.448 19.19 -7.433 14.71 21.018 -3.343 13.332 20.308 -6.91
3 16 -13.743 19.353 -6.935 -14.19 19.87 -6.778 -14.623 19.917 -5.35
3 16 -14.623 19.917 -5.35 -14.19 19.87 -6.778 -14.663 20.157 -5.825
3 16 -14.623 19.917 -5.35 -13.475 19.147 -7.225 -13.743 19.353 -6.935
3 16 -14.705 19.9 -4.758 -13.475 19.147 -7.225 -14.623 19.917 -5.35
3 16 9.192 2.5 -9.192 8.263 7.738 -10.602 4.975 2.5 -12.011
3 16 11.87 7.741 -6.665 9.192 2.5 -9.192 12.011 2.5 -4.975
3 16 4.975 2.5 -12.011 8.263 7.738 -10.602 3.526 7.746 -13.069
3 16 9.192 2.5 -9.192 11.87 7.741 -6.665 8.263 7.738 -10.602
3 16 8.263 7.738 -10.602 8.108 11.78 -10.785 3.526 7.746 -13.069
3 16 3.526 7.746 -13.069 8.108 11.78 -10.785 3.513 13.421 -13.008
3 16 3.513 13.421 -13.008 0.622 10.433 -13.485 3.526 7.746 -13.069
3 16 8.025 14.079 -10.888 3.513 13.421 -13.008 8.108 11.78 -10.785
3 16 8.025 14.079 -10.888 8.108 11.78 -10.785 10.426 13.033 -8.709
3 16 10.426 13.033 -8.709 8.108 11.78 -10.785 10.693 10.931 -8.389
3 16 11.87 7.741 -6.665 10.693 10.931 -8.389 8.263 7.738 -10.602
3 16 8.263 7.738 -10.602 10.693 10.931 -8.389 8.108 11.78 -10.785
3 16 11.87 7.741 -6.665 11.697 11.853 -6.958 10.693 10.931 -8.389
3 16 10.693 10.931 -8.389 11.697 11.853 -6.958 10.426 13.033 -8.709
3 16 3.526 7.746 -13.069 0.622 10.433 -13.485 -0.041 7.746 -13.48
3 16 -0.041 7.746 -13.48 0.622 10.433 -13.485 -0.041 9.929 -13.457
3 16 3.526 7.746 -13.069 0 2.5 -13 4.975 2.5 -12.011
3 16 0 2.5 -13 3.526 7.746 -13.069 -0.041 7.746 -13.48
3 16 -9.192 2.5 -9.192 -5.266 7.743 -12.382 -9.769 7.738 -9.511
3 16 -4.975 2.5 -12.011 -5.266 7.743 -12.382 -9.192 2.5 -9.192
3 16 -5.266 7.743 -12.382 -6.513 13.437 -11.792 -9.769 7.738 -9.511
3 16 -6.513 13.437 -11.792 -9.704 13.319 -9.48 -9.769 7.738 -9.511
3 16 -4.338 13.316 -12.73 -6.513 13.437 -11.792 -5.266 7.743 -12.382
3 16 -4.338 13.316 -12.73 -5.266 7.743 -12.382 -0.705 10.367 -13.488
3 16 -0.041 7.746 -13.48 -0.705 10.367 -13.488 -5.266 7.743 -12.382
3 16 -0.705 10.367 -13.488 -0.041 7.746 -13.48 -0.041 9.929 -13.457
3 16 -9.704 13.319 -9.48 -11.069 12.286 -7.87 -9.769 7.738 -9.511
4 16 -5.266 7.743 -12.382 -4.975 2.5 -12.011 0 2.5 -13 -0.041 7.746 -13.48
3 16 -19.04 3.108 -3.16 -17.13 -0.623 -5.743 -18.292 -0.68 -1.197
3 16 -19.04 3.108 -3.16 -18.195 3.007 -5.697 -17.13 -0.623 -5.743
3 16 -0.525 4.71 -15.785 0 4.937 -15.85 0.008 -1.95 -15.6
3 16 -3.868 2.22 21.272 -3.547 0.865 21.008 -0.803 3.248 21.49
3 16 0.575 4.657 -15.775 0 4.937 -15.85 0.575 5.327 -16.408
3 16 -3.16 2.262 -16.778 -0.525 5.382 -16.408 -0.525 4.71 -15.785
3 16 4.975 2.5 12.011 8.263 20.213 11.04 9.192 2.5 9.192
3 16 1.741 21.151 13.743 4.975 2.5 12.011 0 2.5 13
3 16 4.975 2.5 12.011 1.741 21.151 13.743 8.263 20.213 11.04
3 16 12.011 2.5 -4.975 13 2.5 0 11.87 7.741 -6.665
3 16 11.697 11.853 -6.958 11.87 7.741 -6.665 13 2.5 0
3 16 11.697 11.853 -6.958 13 2.5 0 11.778 13.552 -6.817
3 16 13.48 18.811 -1.563 11.778 13.552 -6.817 13 2.5 0
3 16 13 2.5 0 12.011 2.5 4.975 13.48 18.811 -1.563
3 16 13.48 18.811 -1.563 12.011 2.5 4.975 12.56 19.482 5.441
3 16 11.891 17.689 -6.631 11.778 13.552 -6.817 13.48 18.811 -1.563
3 16 -4.975 2.5 12.011 -5.263 20.79 12.82 0 2.5 13
3 16 0 2.5 13 -5.263 20.79 12.82 1.741 21.151 13.743
3 16 -12.011 2.5 4.975 -10.862 19.953 8.524 -9.192 2.5 9.192
3 16 -9.192 2.5 9.192 -10.862 19.953 8.524 -7.115 20.513 11.399
3 16 -13 2.5 0 -13.565 18.546 2.002 -12.011 2.5 4.975
3 16 -12.011 2.5 4.975 -13.565 18.546 2.002 -10.862 19.953 8.524
3 16 -12.011 2.5 -4.975 -12.642 16.907 -5.003 -13 2.5 0
3 16 -13 2.5 0 -12.642 16.907 -5.003 -13.565 18.546 2.002
3 16 -12.011 2.5 -4.975 -9.192 2.5 -9.192 -9.769 7.738 -9.511
4 16 -11.069 12.286 -7.87 -11.402 15.875 -7.54 -12.642 16.907 -5.003 -12.011 2.5 -4.975
3 16 -11.069 12.286 -7.87 -12.011 2.5 -4.975 -9.769 7.738 -9.511
3 16 9.192 2.5 9.192 12.56 19.482 5.441 12.011 2.5 4.975
3 16 -7.115 20.513 11.399 -8.04 22.61 12.48 -5.263 20.79 12.82
3 16 -7.115 20.513 11.399 -4.975 2.5 12.011 -9.192 2.5 9.192
3 16 10.481 19.835 8.149 8.263 20.213 11.04 12.363 22.9 9.582
3 16 9.192 2.5 9.192 10.481 19.835 8.149 12.56 19.482 5.441
3 16 -0.525 5.382 -16.408 0 5.64 -16.408 0 4.937 -15.85
3 16 0 4.937 -15.85 0 5.64 -16.408 0.575 5.327 -16.408
3 16 8.263 20.213 11.04 10.481 19.835 8.149 9.192 2.5 9.192
3 16 -7.115 20.513 11.399 -5.263 20.79 12.82 -4.975 2.5 12.011

0 // Edge_Colour
2 24 10.238 12.777 -15.562 13.015 10.247 -14.862
2 24 10.238 12.777 -15.562 6.905 13.892 -16.175
2 24 3.385 12.817 -16.562 0.632 9.972 -16.408
2 24 -8.082 13.657 -15.983 -11.212 12.132 -15.385
2 24 -3.615 1.837 -15.415 -6.637 0.822 -14.587
2 24 9.33 -2.175 -13.395 9.128 -5.46 -12.852
2 24 15.988 7.092 -11.068 15.92 8.99 -11.428
2 24 17.84 9.118 -9.812 17.997 13.68 -8.905
2 24 -11.227 -3.103 -11.438 -11.355 -4.16 -10.833
2 24 -11.863 -2.235 -10.185 -11.755 -4.99 -9.795
2 24 2.485 -3.11 20.29 2.507 -0.275 20.837
2 24 4.395 -8.032 17.317 3.2 -9.64 14.165
2 24 -1.043 4.53 21.628 -1.433 7.253 21.847
2 24 3.45 22.378 18.435 2.852 23.552 14.577
2 24 14.043 7.675 17.472 14.353 4.723 16.868
2 24 5.19 -9.602 13.533 3.517 -10.462 9.195
2 24 -19.095 7.835 -5.308 -19.228 11.487 -5.768
2 24 -19.525 11.65 -3.363 -19.3 15.972 -3.06
2 24 -4.793 23.63 14.41 -1.237 23.702 15.185
2 24 -8.04 22.61 12.48 -7.152 23.442 13.445
2 24 13.952 22.567 7.12 15.033 22.132 4.052
2 24 -6.412 0.972 -16.485 -9.158 1.49 -16.007
2 24 -12.459 3.8051 -15.177 -13.227 6.237 -14.973
2 24 -8.762 -1.588 -13.162 -8.863 1.05 -13.408
2 24 17.997 13.68 -8.905 18.01 17.903 -8.043
2 24 17.56 19.907 -5.698 16.083 20.52 -4.913
2 24 -12.552 -3.793 -9.818 -11.755 -4.99 -9.795
2 24 0.558 -9.85 10.26 1.17 -8.755 14.398
2 24 -2.697 19.802 21.367 -2.275 18.618 21.515
2 24 0.285 3.225 21.468 0.425 4.648 21.683
2 24 4.98 12.203 21.525 5.122 19.733 20.72
2 24 15.378 11.885 16.368 15.49 7.728 16.125
2 24 19.64 8.88 10.663 19.493 12.2 10.898
2 24 -16.173 9.11 -10.55 -15.483 11.41 -11.755
2 24 -18.023 11.65 -6.793 -18.153 7.85 -6.65
2 24 -18.983 15.878 -5.725 -18.58 18.83 -5.558
2 24 -6.213 23.428 18.29 -8.837 23.298 17.372
2 24 -6.213 23.428 18.29 -2.15 23.658 19.22
2 24 15.033 22.132 4.052 15.378 21.562 0.237
2 24 12.375 11.01 -9.077 13.695 10.247 -11.295
2 24 12.375 11.01 -9.077 11.697 11.853 -6.958
2 24 -6.637 0.822 -14.587 -7.3 0.72 -13.265
2 24 12.71 3.792 -15.065 13.363 6.052 -14.975
2 24 15.92 8.99 -11.428 15.205 11.92 -11.905
2 24 16.61 18.502 -7.938 15.888 19.625 -8.44
2 24 0.175 -9.45 14.79 0.605 -7.715 17.835
2 24 4.952 -7.51 16.47 4.16 -8.983 13.475
2 24 4.387 8.588 21.528 4.197 12.273 21.085
2 24 4.387 8.588 21.528 3.737 9.51 21.707
2 24 11.095 23.075 13.602 13.045 19.108 16.185
2 24 -12.35 10.498 17.677 -12.407 19.692 17.02
2 24 13.332 20.308 -6.91 15.57 19.355 -9.48
2 24 0.632 9.972 -16.408 0 9.615 -16.408
2 24 -0.525 4.71 -15.785 -3.615 1.837 -15.415
2 24 -9.158 1.49 -16.007 -11.387 2.647 -15.497
2 24 13.363 6.052 -14.975 13.337 8.155 -14.903
2 24 -13.227 6.237 -14.973 -13.258 8.007 -14.91
2 24 10.665 -5.278 -12.36 9.97 -7.148 -11.45
2 24 17.653 3.982 -9.043 17.408 -1.73 -7.51
2 24 4.483 -2.51 20.122 4.28 -5.462 19.208
2 24 -2.02 -10.233 10.53 -2.203 -9.302 14.613
2 24 0.48 19.61 21.257 0.47 23.425 19.427
2 24 3.737 9.51 21.707 3.355 12.283 21.798
2 24 13.045 19.108 16.185 13.898 11.868 16.577
2 24 19.833 7.805 10.142 19.47 12.485 9.425
2 24 15.305 15.405 -11.325 15.31 18.05 -10.51
2 24 -18.153 7.85 -6.65 -18.208 4.815 -6.195
2 24 -13.64 22.435 7.055 -15.39 21.608 1.855
2 24 6.36 23.55 13.742 9.807 23.263 11.925
2 24 10.426 13.033 -8.709 8.025 14.079 -10.888
2 24 10.426 13.033 -8.709 11.697 11.853 -6.958
2 24 0.575 4.657 -15.775 2.375 2.54 -15.588
2 24 7.375 1.077 -16.335 10.615 2.235 -15.693
2 24 -6.818 -2.33 -14.055 -6.857 -5.31 -13.193
2 24 13.227 3.622 -12.74 14.023 5.132 -12.405
2 24 17.408 -1.73 -7.51 17.487 -2.75 -6.59
2 24 -13.415 0.107 -10.557 -12.915 -2.423 -10.18
2 24 4.16 -8.983 13.475 2.512 -10.632 8.048
2 24 -0.337 4.67 21.252 -0.27 2.583 21.427
2 24 -0.337 4.67 21.252 -0.49 7.358 21.185
2 24 4.197 12.273 21.085 3.983 19.38 20.253
2 24 7.815 23.385 17.677 11.05 22.917 16.397
2 24 -11.245 10.543 17.655 -11.275 3.018 18
2 24 -17.28 11.652 -9.057 -17.032 16.03 -8.93
2 24 -18.852 19.032 -2.905 -18.49 20.177 -4.268
2 24 -2.15 23.658 19.22 -1.237 23.702 15.185
2 24 -13.743 19.353 -6.935 -13.475 19.147 -7.225
2 24 -6.513 13.437 -11.792 -9.704 13.319 -9.48
2 24 -6.513 13.437 -11.792 -4.338 13.316 -12.73
2 24 8.025 14.079 -10.888 3.513 13.421 -13.008
2 24 -0.525 5.382 -16.747 -3.16 2.262 -16.778
2 24 4.99 -2.5 -15.05 4.9 1.065 -15.428
2 24 4.99 -2.5 -15.05 4.928 -7.033 -13.802
2 24 20.66 16.525 -4.448 19.23 20.02 -3.835
2 24 2.693 -7.827 17.735 2.75 -5.835 19.16
2 24 0.605 -7.715 17.835 0.252 -5.72 19.343
2 24 4.28 -5.462 19.208 4.395 -8.032 17.317
2 24 -4.503 -6.515 17.99 -4.242 -2.395 20.052
2 24 -2.838 -9.807 10.508 -3.2 -8.53 14.113
2 24 -3.673 -10.1 10.425 -4.405 -9.082 14.323
2 24 0.425 4.648 21.683 0.52 7.205 21.885
2 24 12.702 19.005 17.86 13.413 11.8 18.03
2 24 19.47 12.485 9.425 19.248 18.128 8.975
2 24 -18.005 16.017 -6.03 -17.865 18.145 -5.97
2 24 -18.395 3.99 -5.62 -18.672 4.985 -5.195
2 24 -18.395 3.99 -5.62 -18.227 7.968 -5.773
2 24 -14.023 9.995 -11.155 -12.63 10.637 -9.765
2 24 9.807 23.263 11.925 12.363 22.9 9.582
2 24 6.905 13.892 -16.175 3.385 12.817 -16.562
2 24 -3.418 12.817 -16.562 -8.082 13.657 -15.983
2 24 -3.418 12.817 -16.562 -0.632 9.91 -16.408
2 24 -11.212 12.132 -15.385 -13.015 10.03 -14.927
2 24 0.575 5.327 -16.747 3.157 2.257 -16.74
2 24 -6.857 -5.31 -13.193 -6.715 -6.863 -12.275
2 24 16.917 6.462 -10.24 17.84 9.118 -9.812
2 24 19.085 14.735 -5.203 18.933 9.965 -5.873
2 24 20.153 20.65 -0.108 20.083 21.108 4.242
2 24 2.75 -5.835 19.16 2.485 -3.11 20.29
2 24 3.983 19.38 20.253 3.45 22.378 18.435
2 24 6.405 -5.217 18.7 6.157 -8.175 16.835
2 24 6.157 -8.175 16.835 5.19 -9.602 13.533
2 24 -16.15 11.77 -9.573 -16.655 7.885 -9.578
2 24 -16.15 11.77 -9.573 -15.922 15.965 -9.263
2 24 -18.227 7.968 -5.773 -18.245 11.627 -6.068
2 24 -15.655 21.077 -1.08 -19.038 20.41 -1.995
2 24 -15.055 20.075 -1.948 -15.425 20.645 -3.098
2 24 12.363 22.9 9.582 13.952 22.567 7.12
2 24 3.513 13.421 -13.008 0.622 10.433 -13.485
2 24 -3.16 2.262 -16.778 -6.412 0.972 -16.485
2 24 7.888 -2.563 -14.36 8.02 0.982 -14.727
2 24 16.91 13.883 -9.05 16.61 18.502 -7.938
2 24 -12.915 -2.423 -10.18 -12.552 -3.793 -9.818
2 24 19.487 3.65 -5.758 20.503 9.752 -5.168
2 24 0.252 -5.72 19.343 0.617 -3.285 20.372
2 24 6.085 -2.417 19.728 5.327 -1.252 20.208
2 24 -10.818 4.06 18.462 -10.702 10.513 18.86
2 24 -2.587 21.892 20.74 -2.697 19.802 21.367
2 24 4.87 23.418 18.675 3.408 23.712 14.595
2 24 4.957 9.55 21.475 4.98 12.203 21.525
2 24 14.775 3.35 16.183 15.297 4.92 15.962
2 24 -10.287 21.282 18.173 -10.59 18.825 18.625
2 24 -11.823 4.14 17.725 -12.35 10.498 17.677
2 24 -18.672 4.985 -5.195 -19.095 7.835 -5.308
2 24 -15.245 18.845 -9.588 -15.655 18.37 -8.955
2 24 -15.245 18.845 -9.588 -13.305 19.468 -8.028
2 24 -15.075 20.433 -4.338 -14.705 19.9 -4.758
2 24 -12.127 2.977 -11.003 -13.888 3.637 -11.235
2 24 11.345 2.477 -13.502 9.91 1.407 -12.587
2 24 11.345 2.477 -13.502 13.227 3.622 -12.74
2 24 -13.888 3.637 -11.235 -14.365 5.107 -11.19
2 24 7.888 -2.563 -14.36 7.387 -6.903 -13.1
2 24 -7.3 0.72 -13.265 -7.373 -2.035 -12.955
2 24 9.33 -2.175 -13.395 9.275 1.202 -13.327
2 24 -7.3 0.72 -13.265 -8.863 1.05 -13.408
2 24 9.91 1.407 -12.587 9.825 -1.835 -12.582
2 24 -8.863 1.05 -13.408 -11.085 2.222 -12.163
2 24 18.933 9.965 -5.873 18.52 3.88 -6.293
2 24 17.95 -1.565 -6.148 17.487 -2.75 -6.59
2 24 17.065 19.628 -4.1 14.958 21.175 -2.253
2 24 17.665 19.547 -7.353 15.553 20.163 -6.87
2 24 17.665 19.547 -7.353 17.56 19.907 -5.698
2 24 9.128 -5.46 -12.852 8.965 -7.085 -12.13
2 24 1.513 -10.448 10.01 2.362 -9.605 14.382
2 24 0.617 -3.285 20.372 0.877 -0.842 21.075
2 24 5.155 -5.392 18.075 4.952 -7.51 16.47
2 24 -3.277 -2.225 19.545 -3.547 0.865 21.008
2 24 -2.203 -9.302 14.613 -2.023 -6.615 18.44
2 24 -0.377 -10.358 10.335 0.175 -9.45 14.79
2 24 -2.287 -2.305 20.31 -2.803 0.358 20.985
2 24 -4.405 -9.082 14.323 -4.503 -6.515 17.99
2 24 -1.043 4.53 21.628 -0.803 3.248 21.49
2 24 -10.702 10.513 18.86 -10.59 18.825 18.625
2 24 0.535 12.16 21.962 0.48 19.61 21.257
2 24 -0.27 2.583 21.427 -0.803 3.248 21.49
2 24 -2.275 18.618 21.515 -1.405 21.698 20.175
2 24 -1.405 21.698 20.175 -1.522 23.212 19.465
2 24 4.387 8.588 21.528 4.957 9.55 21.475
2 24 3.408 23.712 14.595 2.852 23.552 14.577
2 24 13.413 11.8 18.03 14.043 7.675 17.472
2 24 14.368 7.985 16.415 14.775 3.35 16.183
2 24 13.898 11.868 16.577 14.368 7.985 16.415
2 24 14.74 18.923 16.222 15.378 11.885 16.368
2 24 19.248 18.128 8.975 17.45 21.928 7.617
2 24 -10.757 20.682 16.305 -9.81 21.89 15.69
2 24 -15.922 15.965 -9.263 -15.655 18.37 -8.955
2 24 -17.032 16.03 -8.93 -16.78 18.237 -8.705
2 24 -17.142 9.092 -9.08 -16.655 7.885 -9.578
2 24 -14.477 6.965 -11.538 -15.483 11.41 -11.755
2 24 -14.477 6.965 -11.538 -14.365 5.107 -11.19
2 24 -19.525 11.65 -3.363 -19.748 8.87 -3.478
2 24 -15.055 20.075 -1.948 -18.852 19.032 -2.905
2 24 -14.095 22.91 13.39 -11.888 22.938 15.677
2 24 -14.095 22.91 13.39 -16.833 22.19 8.7
2 24 -4.793 23.63 14.41 -7.152 23.442 13.445
2 24 2.322 23.73 14.83 -0.403 23.765 15.122
2 24 20.083 21.108 4.242 18.948 21.573 7.432
2 24 -9.245 23.285 12.162 -11.888 22.938 15.677
2 24 -13.305 19.468 -8.028 -13.475 19.147 -7.225
2 24 -12.55 18.593 -8.653 -13.305 19.468 -8.028
2 24 2.322 23.73 14.83 2.852 23.552 14.577
2 24 -13.565 18.546 2.002 -12.642 16.907 -5.003
2 24 -13.015 10.03 -14.927 -14.023 9.995 -11.155
2 24 14.023 5.132 -12.405 14.142 8.118 -12.41
2 24 4.9 1.065 -15.428 6.435 0.77 -14.012
2 24 6.435 0.77 -14.012 8.02 0.982 -14.727
2 24 8.02 0.982 -14.727 9.275 1.202 -13.327
2 24 -8.762 -1.588 -13.162 -8.465 -4.673 -12.61
2 24 11.158 -1.66 -13.128 10.665 -5.278 -12.36
2 24 -11.23 -0.56 -11.908 -11.085 2.222 -12.163
2 24 -11.23 -0.56 -11.908 -11.227 -3.103 -11.438
2 24 11.158 -1.66 -13.128 11.345 2.477 -13.502
2 24 14.142 8.118 -12.41 15.205 11.92 -11.905
2 24 4.928 -7.033 -13.802 4.605 -9.115 -10.845
2 24 15.31 18.05 -10.51 15.57 19.355 -9.48
2 24 17.84 9.118 -9.812 17.653 3.982 -9.043
2 24 -11.355 -4.16 -10.833 -11.755 -4.99 -9.795
2 24 8.965 -7.085 -12.13 9.068 -7.665 -11.23
2 24 9.97 -7.148 -11.45 9.068 -7.665 -11.23
2 24 20.503 9.752 -5.168 20.66 16.525 -4.448
2 24 20.45 12.035 8.945 20.233 9.002 9.467
2 24 20.45 12.035 8.945 20.385 18.065 8.502
2 24 1.712 -2.96 19.583 1.683 0.785 21.198
2 24 -4.21 -0.072 20.705 -3.547 0.865 21.008
2 24 -3.14 -5.982 17.46 -3.277 -2.225 19.545
2 24 -0.655 14.26 20.812 -0.732 19.968 20.055
2 24 -0.732 19.968 20.055 -0.702 22.64 18.512
2 24 2.713 23.445 19.208 2.322 23.73 14.83
2 24 14.353 4.723 16.868 14.775 3.35 16.183
2 24 3.517 -10.462 9.195 2.512 -10.632 8.048
2 24 15.297 4.92 15.962 15.49 7.728 16.125
2 24 19.64 8.88 10.663 19.833 7.805 10.142
2 24 18.202 21.82 9.117 17.45 21.928 7.617
2 24 18.948 21.573 7.432 17.45 21.928 7.617
2 24 -11.888 22.938 15.677 -9.81 21.89 15.69
2 24 -10.757 20.682 16.305 -10.985 18.345 17.045
2 24 -9.81 21.89 15.69 -8.04 22.61 12.48
2 24 -18.73 21.165 2.252 -19.038 20.41 -1.995
2 24 -14.953 17.385 -11.015 -15.245 18.845 -9.588
2 24 -18.023 11.65 -6.793 -17.798 16.017 -6.675
2 24 -17.597 18.132 -6.528 -17.467 18.773 -6.455
2 24 -19.228 11.487 -5.768 -18.983 15.878 -5.725
2 24 -19.975 16.15 -2.435 -19.038 20.41 -1.995
2 24 15.378 21.562 0.237 14.958 21.175 -2.253
2 24 -15.655 18.37 -8.955 -13.475 19.147 -7.225
2 24 -14.663 20.157 -5.825 -14.623 19.917 -5.35
2 24 -18.39 19.89 -5.318 -18.49 20.177 -4.268
2 24 -18.39 19.89 -5.318 -15.075 20.433 -4.338
2 24 -14.953 17.385 -11.015 -12.55 18.593 -8.653
2 24 -5.263 20.79 12.82 1.741 21.151 13.743
2 24 -13.743 19.353 -6.935 -14.19 19.87 -6.778
2 24 0.622 10.433 -13.485 -0.041 9.929 -13.457
2 24 -0.705 10.367 -13.488 -0.041 9.929 -13.457
2 24 -6.637 0.822 -14.587 -6.818 -2.33 -14.055
2 24 -6.715 -6.863 -12.275 -7.145 -7.573 -11.235
2 24 -7.373 -2.035 -12.955 -7.368 -4.713 -12.445
2 24 9.825 -1.835 -12.582 9.57 -5.058 -12.115
2 24 16.292 6.295 -10.733 15.988 7.092 -11.068
2 24 16.292 6.295 -10.733 16.745 9.41 -9.832
2 24 18.913 17.235 -4.68 17.56 19.907 -5.698
2 24 18.913 17.235 -4.68 19.085 14.735 -5.203
2 24 18.52 3.88 -6.293 17.487 -2.75 -6.59
2 24 16.083 20.52 -4.913 14.71 21.018 -3.343
2 24 15.553 20.163 -6.87 15.888 19.625 -8.44
2 24 2.362 -9.605 14.382 2.693 -7.827 17.735
2 24 2.507 -0.275 20.837 1.683 0.785 21.198
2 24 0.877 -0.842 21.075 1.683 0.785 21.198
2 24 3.2 -9.64 14.165 2.225 -10.488 9.703
2 24 -2.023 -6.615 18.44 -2.287 -2.305 20.31
2 24 -1.433 7.253 21.847 -1.993 14.273 21.795
2 24 3.355 12.283 21.798 3.138 19.597 21.1
2 24 11.095 23.075 13.602 11.05 22.917 16.397
2 24 19.493 12.2 10.898 19.118 18.135 10.952
2 24 19.833 7.805 10.142 20.233 9.002 9.467
2 24 -10.985 18.345 17.045 -11.245 10.543 17.655
2 24 -16.78 18.237 -8.705 -15.655 18.37 -8.955
2 24 -16.78 18.237 -8.705 -16.865 19.365 -7.98
2 24 -18.245 11.627 -6.068 -18.005 16.017 -6.03
2 24 -17.865 18.145 -5.97 -17.597 19.04 -5.853
2 24 -19.3 15.972 -3.06 -18.852 19.032 -2.905
2 24 -16.833 22.19 8.7 -18.73 21.165 2.252
2 24 -7.152 23.442 13.445 -8.837 23.298 17.372
2 24 3.408 23.712 14.595 6.36 23.55 13.742
2 24 13.718 22.603 14.65 16.157 22.323 11.902
2 24 20.153 20.65 -0.108 19.23 20.02 -3.835
2 24 13.332 20.308 -6.91 12.448 19.19 -7.433
2 24 -14.623 19.917 -5.35 -17.467 18.773 -6.455
2 24 -15.075 20.433 -4.338 -15.425 20.645 -3.098
2 24 -15.655 21.077 -1.08 -15.39 21.608 1.855
2 24 -0.632 9.91 -16.408 0 9.615 -16.408
2 24 -0.525 4.71 -15.785 0 4.937 -15.85
2 24 6.435 0.77 -14.012 6.255 -2.415 -13.725
2 24 7.387 -6.903 -13.1 6.06 -9.123 -10.368
2 24 -7.368 -4.713 -12.445 -7.145 -7.573 -11.235
2 24 -8.465 -4.673 -12.61 -7.97 -6.325 -11.725
2 24 16.745 9.41 -9.832 16.91 13.883 -9.05
2 24 15.57 19.355 -9.48 15.888 19.625 -8.44
2 24 18.01 17.903 -8.043 17.665 19.547 -7.353
2 24 17.065 19.628 -4.1 18.913 17.235 -4.68
2 24 -13.888 3.637 -11.235 -13.415 0.107 -10.557
2 24 1.17 -8.755 14.398 1.445 -7.16 17.095
2 24 4.483 -2.51 20.122 5.327 -1.252 20.208
2 24 -3.2 -8.53 14.113 -3.14 -5.982 17.46
2 24 -2.02 -10.233 10.53 -2.162 -10.475 8.3
2 24 0.285 3.225 21.468 -0.27 2.583 21.427
2 24 -0.702 22.64 18.512 -0.765 23.583 14.997
2 24 -1.522 23.212 19.465 -2.15 23.658 19.22
2 24 5.122 19.733 20.72 4.87 23.418 18.675
2 24 19.118 18.135 10.952 18.202 21.82 9.117
2 24 13.695 10.247 -11.295 14.142 8.118 -12.41
2 24 -17.467 18.773 -6.455 -17.597 19.04 -5.853
2 24 -18.58 18.83 -5.558 -18.39 19.89 -5.318
2 24 -18.852 19.032 -2.905 -19.038 20.41 -1.995
2 24 16.157 22.323 11.902 18.202 21.82 9.117
2 24 14.958 21.175 -2.253 19.23 20.02 -3.835
2 24 12.448 19.19 -7.433 15.31 18.05 -10.51
2 24 -16.865 19.365 -7.98 -17.1 19.618 -7.035
2 24 -17.1 19.618 -7.035 -17.467 18.773 -6.455
2 24 -1.237 23.702 15.185 -0.765 23.583 14.997
2 24 -14.19 19.87 -6.778 -14.663 20.157 -5.825
2 24 -0.041 9.929 -13.457 0 9.615 -16.408
2 24 0.575 4.657 -15.775 0 4.937 -15.85
2 24 -14.477 6.965 -11.538 -14.023 9.995 -11.155
2 24 6.255 -2.415 -13.725 5.908 -6.655 -12.595
2 24 5.908 -6.655 -12.595 5.03 -9.695 -8.285
2 24 9.57 -5.058 -12.115 9.068 -7.665 -11.23
2 24 16.61 18.502 -7.938 15.553 20.163 -6.87
2 24 14.71 21.018 -3.343 14.958 21.175 -2.253
2 24 13.332 20.308 -6.91 14.71 21.018 -3.343
2 24 -11.085 2.222 -12.163 -12.127 2.977 -11.003
2 24 6.06 -9.123 -10.368 5.03 -9.695 -8.285
2 24 17.95 -1.565 -6.148 19.487 3.65 -5.758
2 24 20.385 18.065 8.502 18.948 21.573 7.432
2 24 1.445 -7.16 17.095 1.615 -5.257 18.41
2 24 2.225 -10.488 9.703 2.512 -10.632 8.048
2 24 -4.242 -2.395 20.052 -4.21 -0.072 20.705
2 24 -1.993 14.273 21.795 -2.275 18.618 21.515
2 24 -2.587 21.892 20.74 -2.15 23.658 19.22
2 24 0.47 23.425 19.427 -0.403 23.765 15.122
2 24 -1.522 23.212 19.465 -1.237 23.702 15.185
2 24 3.138 19.597 21.1 2.713 23.445 19.208
2 24 6.085 -2.417 19.728 6.405 -5.217 18.7
2 24 7.815 23.385 17.677 4.87 23.418 18.675
2 24 11.05 22.917 16.397 12.702 19.005 17.86
2 24 14.74 18.923 16.222 13.718 22.603 14.65
2 24 -12.407 19.692 17.02 -11.888 22.938 15.677
2 24 -19.975 16.15 -2.435 -20.142 11.037 -2.84
2 24 -16.655 7.885 -9.578 -16.173 9.11 -10.55
2 24 -17.28 11.652 -9.057 -17.142 9.092 -9.08
2 24 -17.798 16.017 -6.675 -17.597 18.132 -6.528
2 24 -13.64 22.435 7.055 -11.133 23.015 10.53
2 24 2.375 2.54 -15.588 4.9 1.065 -15.428
2 24 -0.525 5.382 -16.408 0 5.64 -16.408
2 24 7.375 1.077 -16.335 3.157 2.257 -16.74
2 24 13.337 8.155 -14.903 13.015 10.247 -14.862
2 24 -13.258 8.007 -14.91 -13.015 10.03 -14.927
2 24 -7.97 -6.325 -11.725 -7.145 -7.573 -11.235
2 24 16.292 6.295 -10.733 16.917 6.462 -10.24
2 24 -11.97 0.207 -10.443 -12.127 2.977 -11.003
2 24 -11.97 0.207 -10.443 -11.863 -2.235 -10.185
2 24 9.275 1.202 -13.327 9.91 1.407 -12.587
2 24 -2.803 0.358 20.985 -3.547 0.865 21.008
2 24 -3.673 -10.1 10.425 -3.35 -10.393 8.403
2 24 -0.49 7.358 21.185 -0.655 14.26 20.812
2 24 15.205 11.92 -11.905 15.305 15.405 -11.325
2 24 -11.823 4.14 17.725 -11.275 3.018 18
2 24 -10.818 4.06 18.462 -11.275 3.018 18
2 24 -18.39 19.89 -5.318 -17.597 19.04 -5.853
2 24 -0.765 23.583 14.997 -0.403 23.765 15.122
2 24 -14.705 19.9 -4.758 -14.623 19.917 -5.35
2 24 -11.387 2.647 -15.497 -12.459 3.8051 -15.177
2 24 10.615 2.235 -15.693 12.71 3.792 -15.065
2 24 4.605 -9.115 -10.845 5.03 -9.695 -8.285
2 24 1.615 -5.257 18.41 1.712 -2.96 19.583
2 24 5.155 -5.392 18.075 5.327 -1.252 20.208
2 24 0.52 7.205 21.885 0.535 12.16 21.962
2 24 2.713 23.445 19.208 0.47 23.425 19.427
2 24 13.718 22.603 14.65 11.095 23.075 13.602
2 24 -18.208 4.815 -6.195 -18.395 3.99 -5.62
2 24 -15.655 21.077 -1.08 -15.055 20.075 -1.948
2 24 -11.133 23.015 10.53 -9.245 23.285 12.162
2 24 -8.04 22.61 12.48 -9.245 23.285 12.162
2 24 -17.597 19.04 -5.853 -14.705 19.9 -4.758
2 24 -4.338 13.316 -12.73 -0.705 10.367 -13.488
2 24 -10.287 21.282 18.173 -8.837 23.298 17.372
2 24 -20.142 11.037 -2.84 -19.748 8.87 -3.478
2 24 -15.483 11.41 -11.755 -14.953 17.385 -11.015
2 24 -0.525 5.382 -16.747 -0.525 5.382 -16.408
2 24 0.575 5.327 -16.408 0 5.64 -16.408
2 24 11.778 13.552 -6.817 11.891 17.689 -6.631
2 24 -11.402 15.875 -7.54 -11.069 12.286 -7.87
2 24 10.481 19.835 8.149 8.263 20.213 11.04
2 24 12.56 19.482 5.441 13.48 18.811 -1.563
2 24 -12.63 10.637 -9.765 -11.069 12.286 -7.87
2 24 12.448 19.19 -7.433 11.891 17.689 -6.631
2 24 11.697 11.853 -6.958 11.778 13.552 -6.817
2 24 -11.402 15.875 -7.54 -12.55 18.593 -8.653
2 24 -13.565 18.546 2.002 -10.862 19.953 8.524
2 24 -12.642 16.907 -5.003 -11.402 15.875 -7.54
2 24 13.48 18.811 -1.563 11.891 17.689 -6.631
2 24 -7.115 20.513 11.399 -5.263 20.79 12.82
2 24 8.263 20.213 11.04 1.741 21.151 13.743
2 24 -9.704 13.319 -9.48 -11.069 12.286 -7.87
2 24 12.56 19.482 5.441 10.481 19.835 8.149
2 24 -10.862 19.953 8.524 -7.115 20.513 11.399
3 16 0.313875 -10.805875 4.251 0.313875 -10.805875 3.551 3.298 -10.862 2.238
2 24 0.575 5.327 -16.747 0.575 5.327 -16.408

5 24 0.558 -9.85 10.26 -0.377 -10.358 10.335 0.175 -9.45 14.79 0.095 -10.358 6.583
5 24 0.313875 -10.805875 4.951 0.313875 -10.805875 4.251 0.260605 -10.805875 4.51889 3.298 -10.862 2.238
5 24 0.313875 -10.805875 4.251 0.313875 -10.805875 3.551 0.260605 -10.805875 3.98311 3.298 -10.862 2.238
5 24 0.313875 -10.805875 3.551 3.298 -10.862 2.238 2.635 -10.613 -3.53 0.313875 -10.805875 4.251
5 24 -18.49 20.177 -4.268 -18.58 18.83 -5.558 -18.39 19.89 -5.318 -18.852 19.032 -2.905
5 24 -3.502 -2.235 -15.283 -3.547 -6.98 -13.622 -6.857 -5.31 -13.193 0.008 -1.95 -15.6
5 24 -3.502 -2.235 -15.283 -6.637 0.822 -14.587 -6.818 -2.33 -14.055 -3.615 1.837 -15.415
5 24 -7.97 -6.325 -11.725 -11.355 -4.16 -10.833 -8.465 -4.673 -12.61 -11.755 -4.99 -9.795
5 24 -3.35 -10.393 8.403 -6.3 -10.05 8.948 -3.673 -10.1 10.425 -2.927 -10.73 5.298
5 24 0.688 -10.81 6.408 2.512 -10.632 8.048 3.298 -10.862 2.238 1.513 -10.448 10.01
5 24 -14.365 5.107 -11.19 -13.227 6.237 -14.973 -14.477 6.965 -11.538 -12.459 3.8051 -15.177
5 24 7.815 23.385 17.677 5.122 19.733 20.72 8.757 19.523 19.887 4.87 23.418 18.675
5 24 4.9 1.065 -15.428 7.375 1.077 -16.335 6.435 0.77 -14.012 3.157 2.257 -16.74
5 24 -17.1 19.618 -7.035 -14.663 20.157 -5.825 -14.19 19.87 -6.778 -14.623 19.917 -5.35
5 24 14.353 4.723 16.868 14.368 7.985 16.415 14.775 3.35 16.183 14.043 7.675 17.472
5 24 -17.597 18.132 -6.528 -16.865 19.365 -7.98 -16.78 18.237 -8.705 -17.1 19.618 -7.035
5 24 6.36 23.55 13.742 8.263 20.213 11.04 1.741 21.151 13.743 9.807 23.263 11.925
5 24 8.555 6.343 20.342 8.733 11.773 20.437 14.043 7.675 17.472 4.957 9.55 21.475
5 24 -3.688 -10.597 -2.68 -2.995 -10.812 2.703 -6.838 -10.318 -2.152 -0.728 -10.737 -3.125
5 24 -3.547 -6.98 -13.622 -7.145 -7.573 -11.235 -6.715 -6.863 -12.275 -6.697 -8.98 -9.852
5 24 16.91 13.883 -9.05 18.01 17.903 -8.043 17.997 13.68 -8.905 16.61 18.502 -7.938
5 24 -7.373 -2.035 -12.955 -8.762 -1.588 -13.162 -8.465 -4.673 -12.61 -7.3 0.72 -13.265
5 24 -4.9751 2.5 12.0107 -5.263 20.79 12.82 0 2.5 13 -7.115 20.513 11.399
5 24 21.722 16.67 -0.578 21.608 17.198 4.68 21.6 10.262 5.197 20.153 20.65 -0.108
5 24 -6.513 18.865 20.663 -6.352 21.47 19.487 -2.697 19.802 21.367 -10.59 18.825 18.625
5 24 8.86 -9.63 11.438 3.517 -10.462 9.195 8.93 -10.328 5.773 5.19 -9.602 13.533
5 24 -6.387 10.695 21.042 -1.993 14.273 21.795 -1.433 7.253 21.847 -6.513 18.865 20.663
5 24 9.128 -5.46 -12.852 7.888 -2.563 -14.36 7.387 -6.903 -13.1 9.33 -2.175 -13.395
5 24 8.108 11.78 -10.785 3.526 7.746 -13.069 8.263 7.738 -10.602 3.513 13.421 -13.008
5 24 15.553 20.163 -6.87 16.083 20.52 -4.913 17.56 19.907 -5.698 13.332 20.308 -6.91
5 24 17.693 2.208 12.818 17.805 7.413 13.355 15.297 4.92 15.962 19.833 7.805 10.142
5 24 -13.782 -3.99 -8.622 -11.755 -4.99 -9.795 -10.635 -7.593 -8.608 -12.552 -3.793 -9.818
5 24 6.255 -2.415 -13.725 4.99 -2.5 -15.05 4.928 -7.033 -13.802 6.435 0.77 -14.012
5 24 14.368 7.985 16.415 15.49 7.728 16.125 15.378 11.885 16.368 15.297 4.92 15.962
5 24 -16.78 18.237 -8.705 -15.922 15.965 -9.263 -17.032 16.03 -8.93 -15.655 18.37 -8.955
5 24 -18.195 3.007 -5.697 -16.442 4.64 -9.045 -15.373 -0.298 -8.69 -18.395 3.99 -5.62
5 24 17.487 -2.75 -6.59 17.125 -5.845 -4.865 17.95 -1.565 -6.148 15.675 -5.745 -7.488
5 24 18.52 3.88 -6.293 19.487 3.65 -5.758 17.95 -1.565 -6.148 20.503 9.752 -5.168
5 24 0.795 -10.145 -7.567 5.03 -9.695 -8.285 2.635 -10.613 -3.53 0.945 -9.347 -10.805
5 24 10.615 2.235 -15.693 8.02 0.982 -14.727 7.375 1.077 -16.335 9.275 1.202 -13.327
5 24 6.085 -2.417 19.728 10.853 -2.805 17.905 6.405 -5.217 18.7 8.247 1.228 19.858
5 24 17.56 19.907 -5.698 15.553 20.163 -6.87 17.665 19.547 -7.353 16.083 20.52 -4.913
5 24 -12.127 2.977 -11.003 -12.459 3.8051 -15.177 -13.888 3.637 -11.235 -11.387 2.647 -15.497
5 24 -17.865 18.145 -5.97 -17.597 18.132 -6.528 -18.005 16.017 -6.03 -17.467 18.773 -6.455
5 24 -3.615 1.837 -15.415 -6.412 0.972 -16.485 -6.637 0.822 -14.587 -3.16 2.262 -16.778
5 24 -11.293 -9.08 -1.645 -6.838 -10.318 -2.152 -6.997 -10.352 2.818 -11.042 -8.53 -5.837
5 24 14.368 7.985 16.415 15.297 4.92 15.962 15.49 7.728 16.125 14.775 3.35 16.183
5 24 15.988 7.092 -11.068 16.745 9.41 -9.832 16.292 6.295 -10.733 15.92 8.99 -11.428
5 24 11.18 -7.698 -9.845 13.17 -5.448 -10.493 15.675 -5.745 -7.488 10.665 -5.278 -12.36
5 24 8.757 19.523 19.887 11.05 22.917 16.397 7.815 23.385 17.677 12.702 19.005 17.86
5 24 -19.228 11.487 -5.768 -18.245 11.627 -6.068 -18.983 15.878 -5.725 -18.227 7.968 -5.773
5 24 8.263 7.738 -10.602 4.975 2.5 -12.011 3.526 7.746 -13.069 9.192 2.5 -9.192
5 24 -0.377 -10.358 10.335 0.095 -10.358 6.583 -0.835 -10.73 6.53 0.558 -9.85 10.26
5 24 19.248 18.128 8.975 18.202 21.82 9.117 17.45 21.928 7.617 19.118 18.135 10.952
5 24 -12.407 19.692 17.02 -10.985 18.345 17.045 -10.757 20.682 16.305 -12.35 10.498 17.677
5 24 -15.425 20.645 -3.098 -18.49 20.177 -4.268 -18.852 19.032 -2.905 -15.075 20.433 -4.338
5 24 20.45 12.035 8.945 19.47 12.485 9.425 20.233 9.002 9.467 20.385 18.065 8.502
5 24 -11.275 3.018 18 -11.69 0.838 17.323 -11.823 4.14 17.725 -6.495 0.385 20.195
5 24 8.733 11.773 20.437 14.043 7.675 17.472 13.413 11.8 18.03 8.555 6.343 20.342
5 24 3.45 22.378 18.435 3.138 19.597 21.1 2.713 23.445 19.208 3.983 19.38 20.253
5 24 -0.803 3.248 21.49 -3.547 0.865 21.008 -2.803 0.358 20.985 -3.868 2.22 21.272
5 24 0.008 -1.95 -15.6 0 4.937 -15.85 0.575 4.657 -15.775 -0.525 4.71 -15.785
5 24 20.233 9.002 9.467 21.6 10.262 5.197 20.45 12.035 8.945 20.92 3.628 5.648
5 24 9.192 2.5 -9.192 8.263 7.738 -10.602 4.975 2.5 -12.011 11.87 7.741 -6.665
5 24 -18.153 7.85 -6.65 -18.227 7.968 -5.773 -18.245 11.627 -6.068 -18.208 4.815 -6.195
5 24 -3.502 -2.235 -15.283 0.008 -1.95 -15.6 -3.547 -6.98 -13.622 -0.525 4.71 -15.785
5 24 14.023 5.132 -12.405 15.948 3.557 -10.877 16.292 6.295 -10.733 13.227 3.622 -12.74
5 24 19.23 20.02 -3.835 21.722 16.67 -0.578 20.153 20.65 -0.108 20.66 16.525 -4.448
5 24 -17.865 18.145 -5.97 -18.983 15.878 -5.725 -18.58 18.83 -5.558 -18.005 16.017 -6.03
5 24 10.693 10.931 -8.389 10.426 13.033 -8.709 11.697 11.853 -6.958 8.108 11.78 -10.785
5 24 -3.547 -6.98 -13.622 -3.645 -9.302 -10.462 0.945 -9.347 -10.805 -6.697 -8.98 -9.852
5 24 1.113 -7.19 -14.063 2.39 -2.198 -15.38 4.928 -7.033 -13.802 0.008 -1.95 -15.6
5 24 -2.02 -10.233 10.53 -3.2 -8.53 14.113 -2.838 -9.807 10.508 -2.203 -9.302 14.613
5 24 12.0107 2.5 -4.9751 11.87 7.741 -6.665 9.192 2.5 -9.192 13 2.5 0
5 24 -8.082 13.657 -15.983 -4.338 13.316 -12.73 -3.418 12.817 -16.562 -6.513 13.437 -11.792
5 24 0.425 4.648 21.683 -0.337 4.67 21.252 0.285 3.225 21.468 0.52 7.205 21.885
5 24 4.023 7.068 21.63 0.52 7.205 21.885 0.425 4.648 21.683 3.737 9.51 21.707
5 24 0.52 7.205 21.885 -0.337 4.67 21.252 0.425 4.648 21.683 -0.49 7.358 21.185
5 24 11.158 -1.66 -13.128 9.825 -1.835 -12.582 9.91 1.407 -12.587 10.665 -5.278 -12.36
5 24 13 2.5 0 11.87 7.741 -6.665 12.011 2.5 -4.975 11.697 11.853 -6.958
5 24 -0.337 4.67 21.252 -1.043 4.53 21.628 -1.433 7.253 21.847 -0.803 3.248 21.49
5 24 -19.52 3.965 2.577 -18.292 -0.68 -1.197 -19.04 3.108 -3.16 -18.555 -0.442 4.29
5 24 14.142 8.118 -12.41 15.92 8.99 -11.428 15.205 11.92 -11.905 15.988 7.092 -11.068
5 24 3.385 12.817 -16.562 0.622 10.433 -13.485 3.513 13.421 -13.008 0.632 9.972 -16.408
5 24 20.92 3.628 5.648 21.6 10.262 5.197 21.465 9.45 -1.118 20.233 9.002 9.467
5 24 14.21 -8.895 -0.825 13.148 -8.53 -5.505 17.125 -5.845 -4.865 8.385 -10.378 -0.237
5 24 16.095 -7.065 10.968 14.518 -9 4.105 12.803 -9.177 8.953 18.335 -6.648 4.685
5 24 11.095 23.075 13.602 12.363 22.9 9.582 9.807 23.263 11.925 13.718 22.603 14.65
5 24 14.537 -1.345 -10.975 13.17 -5.448 -10.493 11.158 -1.66 -13.128 15.675 -5.745 -7.488
5 24 -13.81 2.29 15.9 -15.193 -5.167 9.595 -11.308 -3.66 16.255 -17.095 0.138 10.218
5 24 -18.292 -0.68 -1.197 -18.555 -0.442 4.29 -16.097 -5.772 3.91 -19.52 3.965 2.577
5 24 -2.927 -10.73 5.298 -3.35 -10.393 8.403 -6.3 -10.05 8.948 -2.785 -10.452 7.845
5 24 -6.78 -9.757 -6.492 -6.697 -8.98 -9.852 -3.763 -10.088 -6.975 -10.635 -7.593 -8.608
5 24 0.575 4.657 -15.775 0.008 -1.95 -15.6 0 4.937 -15.85 2.39 -2.198 -15.38
5 24 -11.133 23.015 10.53 -14.095 22.91 13.39 -16.833 22.19 8.7 -9.245 23.285 12.162
5 24 17.125 -5.845 -4.865 13.148 -8.53 -5.505 14.21 -8.895 -0.825 15.675 -5.745 -7.488
5 24 -3.547 -6.98 -13.622 1.113 -7.19 -14.063 0.008 -1.95 -15.6 0.945 -9.347 -10.805
5 24 13.172 1.67 17.472 14.775 3.35 16.183 14.353 4.723 16.868 14.525 0.72 15.998
5 24 4.5922 0.5 -11.0866 8.4852 0.5 -8.4852 3.0616 0 -7.3912 9.1923 2.5 -9.1923
5 24 -2.023 -6.615 18.44 -3.277 -2.225 19.545 -3.14 -5.982 17.46 -2.287 -2.305 20.31
5 24 20.083 21.108 4.242 15.378 21.562 0.237 15.033 22.132 4.052 20.153 20.65 -0.108
5 24 15.948 3.557 -10.877 14.537 -1.345 -10.975 17.408 -1.73 -7.51 13.227 3.622 -12.74
5 24 0.095 -10.358 6.583 -0.835 -10.73 6.53 -0.386125 -10.805875 4.951 -0.377 -10.358 10.335
5 24 -7.368 -4.713 -12.445 -6.818 -2.33 -14.055 -7.373 -2.035 -12.955 -6.857 -5.31 -13.193
5 24 7.3912 0 3.0616 5.6568 0 5.6568 8.4852 0.5 8.4852 4.2426 0 4.2426
5 24 -15.373 -0.298 -8.69 -18.195 3.007 -5.697 -16.442 4.64 -9.045 -17.13 -0.623 -5.743
5 24 -6.198 3.61 20.747 -6.495 0.385 20.195 -3.868 2.22 21.272 -11.275 3.018 18
5 24 -5.263 20.79 12.82 -8.04 22.61 12.48 -4.793 23.63 14.41 -7.115 20.513 11.399
5 24 -9.81 21.89 15.69 -7.152 23.442 13.445 -8.04 22.61 12.48 -8.837 23.298 17.372
5 24 -19.228 11.487 -5.768 -19.748 8.87 -3.478 -19.095 7.835 -5.308 -19.525 11.65 -3.363
5 24 0.795 -10.145 -7.567 -3.645 -9.302 -10.462 -3.763 -10.088 -6.975 0.945 -9.347 -10.805
5 24 -19.038 20.41 -1.995 -20.058 17.02 2.632 -18.73 21.165 2.252 -19.975 16.15 -2.435
5 24 -2.275 18.618 21.515 -6.513 18.865 20.663 -2.697 19.802 21.367 -1.993 14.273 21.795
5 24 -6.352 21.47 19.487 -2.697 19.802 21.367 -2.587 21.892 20.74 -6.513 18.865 20.663
5 24 3.157 2.257 -16.74 4.9 1.065 -15.428 2.375 2.54 -15.588 7.375 1.077 -16.335
5 24 8.385 -10.378 -0.237 2.635 -10.613 -3.53 7.605 -10.075 -4.49 3.298 -10.862 2.238
5 24 -11.085 2.222 -12.163 -11.387 2.647 -15.497 -12.127 2.977 -11.003 -8.863 1.05 -13.408
5 24 -10.757 20.682 16.305 -11.888 22.938 15.677 -12.407 19.692 17.02 -9.81 21.89 15.69
5 24 0.605 -7.715 17.835 -2.203 -9.302 14.613 -2.023 -6.615 18.44 0.175 -9.45 14.79
5 24 11.05 22.917 16.397 13.045 19.108 16.185 11.095 23.075 13.602 12.702 19.005 17.86
5 24 5.327 -1.252 20.208 8.247 1.228 19.858 3.868 3.74 21.29 6.085 -2.417 19.728
5 24 -11.245 10.543 17.655 -10.818 4.06 18.462 -10.702 10.513 18.86 -11.275 3.018 18
5 24 -11.245 10.543 17.655 -10.702 10.513 18.86 -10.985 18.345 17.045 -10.818 4.06 18.462
5 24 -18.395 3.99 -5.62 -19.04 3.108 -3.16 -18.195 3.007 -5.697 -18.672 4.985 -5.195
5 24 3.45 22.378 18.435 2.322 23.73 14.83 2.713 23.445 19.208 2.852 23.552 14.577
5 24 8.93 -10.328 5.773 8.86 -9.63 11.438 3.517 -10.462 9.195 12.803 -9.177 8.953
5 24 -14.705 19.9 -4.758 -12.642 16.907 -5.003 -13.475 19.147 -7.225 -15.055 20.075 -1.948
5 24 -19.525 11.65 -3.363 -19.975 16.15 -2.435 -20.142 11.037 -2.84 -19.3 15.972 -3.06
5 24 2.362 -9.605 14.382 1.17 -8.755 14.398 0.558 -9.85 10.26 1.445 -7.16 17.095
5 24 14.043 7.675 17.472 8.555 6.343 20.342 13.172 1.67 17.472 8.733 11.773 20.437
5 24 -18.852 19.032 -2.905 -18.58 18.83 -5.558 -19.3 15.972 -3.06 -18.49 20.177 -4.268
5 24 -16.15 11.77 -9.573 -15.483 11.41 -11.755 -15.922 15.965 -9.263 -16.173 9.11 -10.55
5 24 -19.525 11.65 -3.363 -19.228 11.487 -5.768 -18.983 15.878 -5.725 -19.748 8.87 -3.478
5 24 -0.702 22.64 18.512 -1.237 23.702 15.185 -1.522 23.212 19.465 -0.765 23.583 14.997
5 24 4.483 -2.51 20.122 2.507 -0.275 20.837 2.485 -3.11 20.29 5.327 -1.252 20.208
5 24 13.17 -5.448 -10.493 11.158 -1.66 -13.128 14.537 -1.345 -10.975 10.665 -5.278 -12.36
5 24 13.332 20.308 -6.91 16.083 20.52 -4.913 15.553 20.163 -6.87 14.71 21.018 -3.343
5 24 -13.565 18.546 2.002 -15.655 21.077 -1.08 -15.39 21.608 1.855 -15.055 20.075 -1.948
5 24 17.95 -1.565 -6.148 18.52 3.88 -6.293 19.487 3.65 -5.758 17.487 -2.75 -6.59
5 24 -6.697 -8.98 -9.852 -3.547 -6.98 -13.622 -7.145 -7.573 -11.235 -3.645 -9.302 -10.462
5 24 -6.857 -5.31 -13.193 -7.368 -4.713 -12.445 -6.818 -2.33 -14.055 -6.715 -6.863 -12.275
5 24 11.697 11.853 -6.958 12.35 13.293 -9.045 12.375 11.01 -9.077 11.778 13.552 -6.817
5 24 -6.513 13.437 -11.792 -9.769 7.738 -9.511 -9.704 13.319 -9.48 -5.266 7.743 -12.382
5 24 -5.266 7.743 -12.382 -4.338 13.316 -12.73 -0.705 10.367 -13.488 -6.513 13.437 -11.792
5 24 -18.58 18.83 -5.558 -17.597 19.04 -5.853 -17.865 18.145 -5.97 -18.39 19.89 -5.318
5 24 3.526 7.746 -13.069 4.975 2.5 -12.011 0 2.5 -13 8.263 7.738 -10.602
5 24 11.891 17.689 -6.631 15.305 15.405 -11.325 12.35 13.293 -9.045 15.31 18.05 -10.51
5 24 -15.193 -5.167 9.595 -9.328 -7.54 14.6 -11.308 -3.66 16.255 -11.188 -8.815 8.698
5 24 3.868 3.74 21.29 5.327 -1.252 20.208 2.507 -0.275 20.837 8.247 1.228 19.858
5 24 14.518 -9 4.105 14.21 -8.895 -0.825 8.385 -10.378 -0.237 18.21 -6.075 -0.935
5 24 -18.12 8.575 10.318 -17.955 18.335 9.722 -20.265 10.538 2.67 -14.94 9.77 15.53
5 24 5.155 -5.392 18.075 6.157 -8.175 16.835 6.405 -5.217 18.7 4.952 -7.51 16.47
5 24 13.148 -8.53 -5.505 7.605 -10.075 -4.49 8.825 -8.8 -9.618 8.385 -10.378 -0.237
5 24 1.683 0.785 21.198 3.868 3.74 21.29 0.285 3.225 21.468 2.507 -0.275 20.837
5 24 21.608 17.198 4.68 20.45 12.035 8.945 21.6 10.262 5.197 20.385 18.065 8.502
5 24 -10.635 -7.593 -8.608 -13.782 -3.99 -8.622 -11.755 -4.99 -9.795 -15.005 -5.035 -5.707
5 24 11.18 -7.698 -9.845 10.665 -5.278 -12.36 13.17 -5.448 -10.493 9.97 -7.148 -11.45
5 24 -14.623 19.917 -5.35 -13.475 19.147 -7.225 -14.705 19.9 -4.758 -13.743 19.353 -6.935
5 24 4.483 -2.51 20.122 5.155 -5.392 18.075 5.327 -1.252 20.208 4.28 -5.462 19.208
5 24 -6.78 -9.757 -6.492 -10.635 -7.593 -8.608 -6.697 -8.98 -9.852 -11.042 -8.53 -5.837
5 24 3.298 -10.862 2.238 8.385 -10.378 -0.237 2.635 -10.613 -3.53 8.93 -10.328 5.773
5 24 -0.27 2.583 21.427 -2.803 0.358 20.985 -0.803 3.248 21.49 0.877 -0.842 21.075
5 24 17.693 2.208 12.818 15.297 4.92 15.962 14.775 3.35 16.183 17.805 7.413 13.355
5 24 -1.043 4.53 21.628 -6.198 3.61 20.747 -1.433 7.253 21.847 -3.868 2.22 21.272
5 24 8.108 11.78 -10.785 8.025 14.079 -10.888 3.513 13.421 -13.008 10.426 13.033 -8.709
5 24 -11.398 -9.225 3.285 -16.097 -5.772 3.91 -15.852 -5.632 -1.312 -11.188 -8.815 8.698
5 24 -0.525 4.71 -15.785 -0.525 5.382 -16.408 -3.16 2.262 -16.778 0 4.937 -15.85
5 24 -0.525 5.382 -16.408 -3.16 2.262 -16.778 -0.525 5.382 -16.747 -0.525 4.71 -15.785
5 24 -3.868 2.22 21.272 -1.043 4.53 21.628 -6.198 3.61 20.747 -0.803 3.248 21.49
5 24 19.085 14.735 -5.203 17.997 13.68 -8.905 18.01 17.903 -8.043 18.933 9.965 -5.873
5 24 19.94 -2.192 5.497 19.282 -2.155 -2.13 20.747 3.22 -1.618 18.21 -6.075 -0.935
5 24 -2.203 -9.302 14.613 -3.14 -5.982 17.46 -3.2 -8.53 14.113 -2.023 -6.615 18.44
5 24 -2.287 -2.305 20.31 -3.277 -2.225 19.545 -2.023 -6.615 18.44 -2.803 0.358 20.985
5 24 0.535 12.16 21.962 -0.49 7.358 21.185 -0.655 14.26 20.812 0.52 7.205 21.885
5 24 -11.69 0.838 17.323 -11.308 -3.66 16.255 -13.81 2.29 15.9 -6.585 -2.405 19.42
5 24 -18.292 -0.68 -1.197 -17.13 -0.623 -5.743 -15.852 -5.632 -1.312 -19.04 3.108 -3.16
5 24 8.263 7.738 -10.602 3.526 7.746 -13.069 4.975 2.5 -12.011 8.108 11.78 -10.785
5 24 -10.287 21.282 18.173 -10.757 20.682 16.305 -10.59 18.825 18.625 -9.81 21.89 15.69
5 24 14.142 8.118 -12.41 15.988 7.092 -11.068 15.92 8.99 -11.428 14.023 5.132 -12.405
5 24 2.39 -2.198 -15.38 4.9 1.065 -15.428 4.99 -2.5 -15.05 2.375 2.54 -15.588
5 24 3.298 -10.862 2.238 0.688 -10.81 6.408 0.313875 -10.805875 4.951 2.512 -10.632 8.048
5 24 -1.086125 -10.805875 3.551 -0.728 -10.737 -3.125 -2.995 -10.812 2.703 -0.386125 -10.805875 3.551
5 24 20.503 9.752 -5.168 20.747 3.22 -1.618 19.487 3.65 -5.758 21.465 9.45 -1.118
5 24 -8.4853 0.5 -8.4853 -4.5924 0.5 -11.0868 -4.9751 2.5 -12.0107 -5.6568 0 -5.6568
5 24 -8.4853 0.5 8.4853 -11.0868 0.5 4.5924 -12.0107 2.5 4.9751 -5.6568 0 5.6568
5 24 21.608 17.198 4.68 20.083 21.108 4.242 20.153 20.65 -0.108 20.385 18.065 8.502
5 24 8.4852 0.5 -8.4852 11.0866 0.5 -4.5922 12.0107 2.5 -4.9751 5.6568 0 -5.6568
5 24 -15.005 -5.035 -5.707 -13.782 -3.99 -8.622 -10.635 -7.593 -8.608 -17.13 -0.623 -5.743
5 24 15.378 11.885 16.368 17.688 12.05 13.705 17.335 18.625 13.705 15.49 7.728 16.125
5 24 12.0107 2.5 4.9751 13.48 18.811 -1.563 12.56 19.482 5.441 13 2.5 0
5 24 20.45 12.035 8.945 21.6 10.262 5.197 21.608 17.198 4.68 20.233 9.002 9.467
5 24 -2.927 -10.73 5.298 -6.3 -10.05 8.948 -3.35 -10.393 8.403 -6.997 -10.352 2.818
5 24 8.93 -10.328 5.773 3.298 -10.862 2.238 8.385 -10.378 -0.237 2.512 -10.632 8.048
5 24 14.71 21.018 -3.343 17.065 19.628 -4.1 14.958 21.175 -2.253 16.083 20.52 -4.913
5 24 -18.58 18.83 -5.558 -17.865 18.145 -5.97 -17.597 19.04 -5.853 -18.983 15.878 -5.725
5 24 -9.1923 2.5 9.1923 -12.011 2.5 4.975 -10.862 19.953 8.524 -8.4852 0.5 8.4852
5 24 -9.328 -7.54 14.6 -6.75 -8.875 13.648 -11.188 -8.815 8.698 -6.528 -6.732 17.077
5 24 13.718 22.603 14.65 12.363 22.9 9.582 16.157 22.323 11.902 11.095 23.075 13.602
5 24 17.45 21.928 7.617 20.083 21.108 4.242 15.033 22.132 4.052 18.948 21.573 7.432
5 24 17.805 7.413 13.355 17.688 12.05 13.705 19.64 8.88 10.663 15.49 7.728 16.125
5 24 11.345 2.477 -13.502 14.537 -1.345 -10.975 11.158 -1.66 -13.128 13.227 3.622 -12.74
5 24 -16.097 -5.772 3.91 -11.188 -8.815 8.698 -15.193 -5.167 9.595 -11.398 -9.225 3.285
5 24 -11.823 4.14 17.725 -11.69 0.838 17.323 -11.275 3.018 18 -13.81 2.29 15.9
5 24 -20.058 17.02 2.632 -19.975 16.15 -2.435 -20.265 10.538 2.67 -19.038 20.41 -1.995
5 24 21.608 17.198 4.68 21.6 10.262 5.197 21.722 16.67 -0.578 20.45 12.035 8.945
5 24 0.48 19.61 21.257 -0.732 19.968 20.055 -0.655 14.26 20.812 0.47 23.425 19.427
5 24 11.523 -7.607 15.17 6.405 -5.217 18.7 10.853 -2.805 17.905 6.157 -8.175 16.835
5 24 -3.547 0.865 21.008 -3.868 2.22 21.272 -4.21 -0.072 20.705 -0.803 3.248 21.49
5 24 5.908 -6.655 -12.595 4.605 -9.115 -10.845 4.928 -7.033 -13.802 5.03 -9.695 -8.285
5 24 -6.697 -8.98 -9.852 -7.145 -7.573 -11.235 -3.547 -6.98 -13.622 -10.635 -7.593 -8.608
5 24 -0.041 9.929 -13.457 -0.041 7.746 -13.48 0.622 10.433 -13.485 -0.705 10.367 -13.488
5 24 -8.04 22.61 12.48 -10.862 19.953 8.524 -9.245 23.285 12.162 -7.115 20.513 11.399
5 24 7.3912 0 -3.0616 8 0 0 12 0.5 0 6 0 0
5 24 0.252 -5.72 19.343 -2.287 -2.305 20.31 -2.023 -6.615 18.44 0.617 -3.285 20.372
5 24 4.387 8.588 21.528 8.555 6.343 20.342 4.023 7.068 21.63 4.957 9.55 21.475
5 24 8.02 0.982 -14.727 9.33 -2.175 -13.395 9.275 1.202 -13.327 7.888 -2.563 -14.36
5 24 1.17 -8.755 14.398 0.175 -9.45 14.79 0.558 -9.85 10.26 1.445 -7.16 17.095
5 24 -18.555 -0.442 4.29 -16.097 -5.772 3.91 -18.292 -0.68 -1.197 -15.193 -5.167 9.595
5 24 -16.833 22.19 8.7 -17.955 18.335 9.722 -15.007 19.34 14.575 -18.73 21.165 2.252
5 24 11.0866 0.5 4.5922 8.4852 0.5 8.4852 7.3912 0 3.0616 9.1923 2.5 9.1923
5 24 6.36 23.55 13.742 7.815 23.385 17.677 4.87 23.418 18.675 11.095 23.075 13.602
5 24 6.905 13.892 -16.175 3.513 13.421 -13.008 8.025 14.079 -10.888 3.385 12.817 -16.562
5 24 -13.64 22.435 7.055 -16.833 22.19 8.7 -11.133 23.015 10.53 -15.39 21.608 1.855
5 24 -12.011 2.5 4.975 -13 2.5 0 -11.0868 0.5 4.5924 -13.565 18.546 2.002
5 24 -11.69 0.838 17.323 -6.585 -2.405 19.42 -11.308 -3.66 16.255 -6.495 0.385 20.195
5 24 13.337 8.155 -14.903 14.142 8.118 -12.41 13.015 10.247 -14.862 13.363 6.052 -14.975
5 24 -7.3 0.72 -13.265 -9.158 1.49 -16.007 -6.637 0.822 -14.587 -8.863 1.05 -13.408
5 24 17.693 2.208 12.818 19.94 -2.192 5.497 17.205 -2.472 12.01 20.92 3.628 5.648
5 24 12.803 -9.177 8.953 8.93 -10.328 5.773 14.518 -9 4.105 8.86 -9.63 11.438
5 24 -7.152 23.442 13.445 -6.213 23.428 18.29 -4.793 23.63 14.41 -8.837 23.298 17.372
5 24 10.853 -2.805 17.905 13.172 1.67 17.472 14.163 -2.805 15.605 8.247 1.228 19.858
5 24 -19.748 8.87 -3.478 -18.672 4.985 -5.195 -19.095 7.835 -5.308 -19.04 3.108 -3.16
5 24 -1.086125 -10.805875 4.951 -2.927 -10.73 5.298 -1.086125 -10.805875 4.251 -0.835 -10.73 6.53
5 24 18.21 -6.075 -0.935 17.125 -5.845 -4.865 19.282 -2.155 -2.13 14.21 -8.895 -0.825
5 24 6.157 -8.175 16.835 8.86 -9.63 11.438 5.19 -9.602 13.533 11.523 -7.607 15.17
5 24 14.21 -8.895 -0.825 18.21 -6.075 -0.935 14.518 -9 4.105 17.125 -5.845 -4.865
5 24 -6.585 -2.405 19.42 -4.242 -2.395 20.052 -4.21 -0.072 20.705 -4.503 -6.515 17.99
5 24 3.526 7.746 -13.069 3.513 13.421 -13.008 8.108 11.78 -10.785 0.622 10.433 -13.485
5 24 -11.188 -8.815 8.698 -11.398 -9.225 3.285 -16.097 -5.772 3.91 -6.997 -10.352 2.818
5 24 -6.213 23.428 18.29 -6.352 21.47 19.487 -8.837 23.298 17.372 -2.587 21.892 20.74
5 24 -19.3 15.972 -3.06 -18.983 15.878 -5.725 -19.525 11.65 -3.363 -18.58 18.83 -5.558
5 24 -6.637 0.822 -14.587 -6.412 0.972 -16.485 -9.158 1.49 -16.007 -3.615 1.837 -15.415
5 24 -9.769 7.738 -9.511 -9.1923 2.5 -9.1923 -5.266 7.743 -12.382 -12.011 2.5 -4.975
5 24 -2.203 -9.302 14.613 -0.377 -10.358 10.335 -2.02 -10.233 10.53 0.175 -9.45 14.79
5 24 -19.975 16.15 -2.435 -19.3 15.972 -3.06 -19.525 11.65 -3.363 -18.852 19.032 -2.905
5 24 -7.368 -4.713 -12.445 -8.465 -4.673 -12.61 -7.373 -2.035 -12.955 -7.97 -6.325 -11.725
5 24 -0.728 -10.737 -3.125 -3.688 -10.597 -2.68 -3.763 -10.088 -6.975 -2.995 -10.812 2.703
5 24 -2.023 -6.615 18.44 -3.14 -5.982 17.46 -2.203 -9.302 14.613 -3.277 -2.225 19.545
5 24 15.57 19.355 -9.48 12.448 19.19 -7.433 13.332 20.308 -6.91 15.31 18.05 -10.51
5 24 -18.195 3.007 -5.697 -18.395 3.99 -5.62 -19.04 3.108 -3.16 -16.442 4.64 -9.045
5 24 9.33 -2.175 -13.395 7.888 -2.563 -14.36 8.02 0.982 -14.727 9.128 -5.46 -12.852
5 24 -8.762 -1.588 -13.162 -11.23 -0.56 -11.908 -11.227 -3.103 -11.438 -8.863 1.05 -13.408
5 24 -14.095 22.91 13.39 -9.245 23.285 12.162 -11.133 23.015 10.53 -11.888 22.938 15.677
5 24 4.023 7.068 21.63 8.555 6.343 20.342 3.868 3.74 21.29 4.387 8.588 21.528
5 24 13.952 22.567 7.12 12.56 19.482 5.441 12.363 22.9 9.582 15.033 22.132 4.052
5 24 -5.266 7.743 -12.382 -9.769 7.738 -9.511 -9.192 2.5 -9.192 -6.513 13.437 -11.792
5 24 0.795 -10.145 -7.567 2.635 -10.613 -3.53 -0.728 -10.737 -3.125 5.03 -9.695 -8.285
5 24 -11.212 12.132 -15.385 -6.513 13.437 -11.792 -9.704 13.319 -9.48 -8.082 13.657 -15.983
5 24 -0.765 23.583 14.997 1.741 21.151 13.743 -5.263 20.79 12.82 -0.403 23.765 15.122
5 24 -6.513 13.437 -11.792 -8.082 13.657 -15.983 -4.338 13.316 -12.73 -11.212 12.132 -15.385
5 24 13 2.5 0 12.0107 2.5 4.9751 12 0.5 0 13.48 18.811 -1.563
5 24 -7.3912 0 3.0616 -8 0 0 -6 0 0 -12 0.5 0
5 24 -13 2.5 0 -12.011 2.5 -4.975 -12 0.5 0 -12.642 16.907 -5.003
5 24 -0.386125 -10.805875 3.551 0.313875 -10.805875 3.551 2.635 -10.613 -3.53 -0.118235 -10.805875 3.60427
5 24 14.023 5.132 -12.405 15.988 7.092 -11.068 14.142 8.118 -12.41 16.292 6.295 -10.733
5 24 -17.142 9.092 -9.08 -18.023 11.65 -6.793 -18.153 7.85 -6.65 -17.28 11.652 -9.057
5 24 -14.94 9.77 15.53 -13.81 2.29 15.9 -11.823 4.14 17.725 -18.12 8.575 10.318
5 24 15.675 -5.745 -7.488 13.148 -8.53 -5.505 11.18 -7.698 -9.845 17.125 -5.845 -4.865
5 24 4.952 -7.51 16.47 4.395 -8.032 17.317 5.155 -5.392 18.075 3.2 -9.64 14.165
5 24 -7.115 20.513 11.399 -4.9751 2.5 12.0107 -9.192 2.5 9.192 -5.263 20.79 12.82
5 24 12.71 3.792 -15.065 13.227 3.622 -12.74 11.345 2.477 -13.502 14.023 5.132 -12.405
5 24 0.285 3.225 21.468 1.683 0.785 21.198 -0.27 2.583 21.427 3.868 3.74 21.29
5 24 -2.15 23.658 19.22 -4.793 23.63 14.41 -6.213 23.428 18.29 -1.237 23.702 15.185
5 24 -6.838 -10.318 -2.152 -6.78 -9.757 -6.492 -11.042 -8.53 -5.837 -3.688 -10.597 -2.68
5 24 -0.041 9.929 -13.457 -0.632 9.91 -16.408 0 9.615 -16.408 -0.705 10.367 -13.488
5 24 -6.637 0.822 -14.587 -9.158 1.49 -16.007 -6.412 0.972 -16.485 -7.3 0.72 -13.265
5 24 6.255 -2.415 -13.725 4.928 -7.033 -13.802 4.99 -2.5 -15.05 5.908 -6.655 -12.595
5 24 -0.655 14.26 20.812 0.48 19.61 21.257 0.535 12.16 21.962 -0.732 19.968 20.055
5 24 3.868 3.74 21.29 0.285 3.225 21.468 1.683 0.785 21.198 0.425 4.648 21.683
5 24 -12.011 2.5 -4.975 -9.1923 2.5 -9.1923 -11.0868 0.5 -4.5924 -9.769 7.738 -9.511
5 24 -17.032 16.03 -8.93 -15.922 15.965 -9.263 -16.15 11.77 -9.573 -16.78 18.237 -8.705
5 24 17.125 -5.845 -4.865 17.95 -1.565 -6.148 17.487 -2.75 -6.59 19.282 -2.155 -2.13
5 24 3.737 9.51 21.707 0.535 12.16 21.962 3.355 12.283 21.798 0.52 7.205 21.885
5 24 15.553 20.163 -6.87 13.332 20.308 -6.91 15.57 19.355 -9.48 16.083 20.52 -4.913
5 24 -11.23 -0.56 -11.908 -8.863 1.05 -13.408 -11.085 2.222 -12.163 -8.762 -1.588 -13.162
5 24 17.408 -1.73 -7.51 18.52 3.88 -6.293 17.487 -2.75 -6.59 17.653 3.982 -9.043
5 24 2.225 -10.488 9.703 4.16 -8.983 13.475 3.2 -9.64 14.165 2.512 -10.632 8.048
5 24 -1.086125 -10.805875 3.551 -2.995 -10.812 2.703 -1.086125 -10.805875 4.251 -0.728 -10.737 -3.125
5 24 -2.995 -10.812 2.703 -6.838 -10.318 -2.152 -3.688 -10.597 -2.68 -6.997 -10.352 2.818
5 24 -6.997 -10.352 2.818 -6.838 -10.318 -2.152 -2.995 -10.812 2.703 -11.293 -9.08 -1.645
5 24 -0.835 -10.73 6.53 -2.927 -10.73 5.298 -1.086125 -10.805875 4.951 -2.785 -10.452 7.845
5 24 14.163 -2.805 15.605 14.525 0.72 15.998 13.172 1.67 17.472 17.205 -2.472 12.01
5 24 -8.863 1.05 -13.408 -9.158 1.49 -16.007 -7.3 0.72 -13.265 -11.387 2.647 -15.497
5 24 2.322 23.73 14.83 0.47 23.425 19.427 2.713 23.445 19.208 -0.403 23.765 15.122
5 24 16.61 18.502 -7.938 17.665 19.547 -7.353 15.553 20.163 -6.87 18.01 17.903 -8.043
5 24 -3.615 1.837 -15.415 -3.502 -2.235 -15.283 -0.525 4.71 -15.785 -6.637 0.822 -14.587
5 24 -1.086125 -10.805875 4.251 -2.927 -10.73 5.298 -2.995 -10.812 2.703 -1.086125 -10.805875 4.951
5 24 -3.277 -2.225 19.545 -4.21 -0.072 20.705 -4.242 -2.395 20.052 -3.547 0.865 21.008
5 24 -20.142 11.037 -2.84 -19.525 11.65 -3.363 -19.748 8.87 -3.478 -19.975 16.15 -2.435
5 24 1.712 -2.96 19.583 2.485 -3.11 20.29 2.507 -0.275 20.837 1.615 -5.257 18.41
5 24 -1.433 7.253 21.847 -6.387 10.695 21.042 -6.198 3.61 20.747 -1.993 14.273 21.795
5 24 12.363 22.9 9.582 12.56 19.482 5.441 10.481 19.835 8.149 13.952 22.567 7.12
5 24 -6.585 -2.405 19.42 -6.528 -6.732 17.077 -4.503 -6.515 17.99 -11.308 -3.66 16.255
5 24 8.733 11.773 20.437 4.98 12.203 21.525 8.757 19.523 19.887 4.957 9.55 21.475
5 24 2.512 -10.632 8.048 8.93 -10.328 5.773 3.298 -10.862 2.238 3.517 -10.462 9.195
5 24 7.387 -6.903 -13.1 6.255 -2.415 -13.725 5.908 -6.655 -12.595 7.888 -2.563 -14.36
5 24 4.28 -5.462 19.208 5.155 -5.392 18.075 4.483 -2.51 20.122 4.395 -8.032 17.317
5 24 -20.058 17.02 2.632 -20.265 10.538 2.67 -17.955 18.335 9.722 -19.975 16.15 -2.435
5 24 -11.97 0.207 -10.443 -12.915 -2.423 -10.18 -11.863 -2.235 -10.185 -13.415 0.107 -10.557
5 24 3.868 3.74 21.29 4.023 7.068 21.63 0.425 4.648 21.683 8.555 6.343 20.342
5 24 15.553 20.163 -6.87 15.57 19.355 -9.48 13.332 20.308 -6.91 15.888 19.625 -8.44
5 24 -2.995 -10.812 2.703 -2.927 -10.73 5.298 -1.086125 -10.805875 4.251 -6.997 -10.352 2.818
5 24 -3.763 -10.088 -6.975 -3.645 -9.302 -10.462 0.795 -10.145 -7.567 -6.697 -8.98 -9.852
5 24 11.87 7.741 -6.665 8.263 7.738 -10.602 9.192 2.5 -9.192 10.693 10.931 -8.389
5 24 -16.442 4.64 -9.045 -18.153 7.85 -6.65 -16.655 7.885 -9.578 -18.208 4.815 -6.195
5 24 19.487 3.65 -5.758 20.747 3.22 -1.618 19.282 -2.155 -2.13 20.503 9.752 -5.168
5 24 3.408 23.712 14.595 3.45 22.378 18.435 2.852 23.552 14.577 4.87 23.418 18.675
5 24 -0.732 19.968 20.055 -1.405 21.698 20.175 -0.702 22.64 18.512 -2.275 18.618 21.515
5 24 9.275 1.202 -13.327 9.825 -1.835 -12.582 9.33 -2.175 -13.395 9.91 1.407 -12.587
5 24 9.068 -7.665 -11.23 6.06 -9.123 -10.368 8.965 -7.085 -12.13 8.825 -8.8 -9.618
5 24 -13.015 10.03 -14.927 -12.63 10.637 -9.765 -14.023 9.995 -11.155 -11.212 12.132 -15.385
5 24 17.065 19.628 -4.1 19.23 20.02 -3.835 14.958 21.175 -2.253 18.913 17.235 -4.68
5 24 -11.398 -9.225 3.285 -6.997 -10.352 2.818 -11.188 -8.815 8.698 -11.293 -9.08 -1.645
5 24 -19.52 3.965 2.577 -18.555 -0.442 4.29 -17.095 0.138 10.218 -18.292 -0.68 -1.197
5 24 1.615 -5.257 18.41 0.605 -7.715 17.835 1.445 -7.16 17.095 0.252 -5.72 19.343
5 24 17.335 18.625 13.705 13.718 22.603 14.65 16.157 22.323 11.902 14.74 18.923 16.222
5 24 8 0 0 7.3912 0 3.0616 11.0868 0.5 4.5924 5.5434 0 2.2962
5 24 -0.041 7.746 -13.48 0 2.5 -13 3.526 7.746 -13.069 -5.266 7.743 -12.382
5 24 -4.5924 0.5 -11.0868 0 0.5 -12 0 2.5 -13 -3.0616 0 -7.3912
5 24 -17.095 0.138 10.218 -18.12 8.575 10.318 -19.52 3.965 2.577 -13.81 2.29 15.9
5 24 -14.023 9.995 -11.155 -15.483 11.41 -11.755 -12.63 10.637 -9.765 -14.477 6.965 -11.538
5 24 5.6568 0 -5.6568 7.3912 0 -3.0616 11.0868 0.5 -4.5924 5.5434 0 -2.2962
5 24 -19.748 8.87 -3.478 -19.52 3.965 2.577 -20.265 10.538 2.67 -19.04 3.108 -3.16
5 24 -11.863 -2.235 -10.185 -12.915 -2.423 -10.18 -12.552 -3.793 -9.818 -11.97 0.207 -10.443
5 24 -11.042 -8.53 -5.837 -10.635 -7.593 -8.608 -6.78 -9.757 -6.492 -15.005 -5.035 -5.707
5 24 -6.75 -8.875 13.648 -11.188 -8.815 8.698 -6.3 -10.05 8.948 -9.328 -7.54 14.6
5 24 -14.477 6.965 -11.538 -16.173 9.11 -10.55 -15.483 11.41 -11.755 -16.655 7.885 -9.578
5 24 -11.212 12.132 -15.385 -9.704 13.319 -9.48 -6.513 13.437 -11.792 -12.63 10.637 -9.765
5 24 -1.086125 -10.805875 4.251 -2.995 -10.812 2.703 -2.927 -10.73 5.298 -1.086125 -10.805875 3.551
5 24 19.47 12.485 9.425 19.493 12.2 10.898 19.118 18.135 10.952 19.64 8.88 10.663
5 24 11.095 23.075 13.602 9.807 23.263 11.925 6.36 23.55 13.742 12.363 22.9 9.582
5 24 -14.19 19.87 -6.778 -14.623 19.917 -5.35 -13.743 19.353 -6.935 -14.663 20.157 -5.825
5 24 13.045 19.108 16.185 14.74 18.923 16.222 13.898 11.868 16.577 13.718 22.603 14.65
5 24 18.933 9.965 -5.873 17.997 13.68 -8.905 17.84 9.118 -9.812 19.085 14.735 -5.203
5 24 -16.865 19.365 -7.98 -14.19 19.87 -6.778 -13.743 19.353 -6.935 -17.1 19.618 -7.035
5 24 -18.245 11.627 -6.068 -18.153 7.85 -6.65 -18.023 11.65 -6.793 -18.227 7.968 -5.773
5 24 20.153 20.65 -0.108 15.378 21.562 0.237 20.083 21.108 4.242 14.958 21.175 -2.253
5 24 0.617 -3.285 20.372 -2.287 -2.305 20.31 0.252 -5.72 19.343 0.877 -0.842 21.075
5 24 -20.265 10.538 2.67 -18.12 8.575 10.318 -17.955 18.335 9.722 -19.52 3.965 2.577
5 24 -20.265 10.538 2.67 -19.748 8.87 -3.478 -20.142 11.037 -2.84 -19.52 3.965 2.577
5 24 -4.5924 0.5 11.0868 -8.4853 0.5 8.4853 -3.0616 0 7.3912 -9.1923 2.5 9.1923
5 24 18.21 -6.075 -0.935 19.282 -2.155 -2.13 17.125 -5.845 -4.865 19.94 -2.192 5.497
5 24 0.575 5.327 -16.408 2.375 2.54 -15.588 0.575 4.657 -15.775 3.157 2.257 -16.74
5 24 6.255 -2.415 -13.725 7.888 -2.563 -14.36 7.387 -6.903 -13.1 6.435 0.77 -14.012
5 24 -16.655 7.885 -9.578 -14.477 6.965 -11.538 -16.442 4.64 -9.045 -16.173 9.11 -10.55
5 24 -0.655 14.26 20.812 -2.275 18.618 21.515 -0.732 19.968 20.055 -1.993 14.273 21.795
5 24 17.688 12.05 13.705 15.49 7.728 16.125 17.805 7.413 13.355 15.378 11.885 16.368
5 24 -17.1 19.618 -7.035 -14.19 19.87 -6.778 -16.865 19.365 -7.98 -14.663 20.157 -5.825
5 24 -10.985 18.345 17.045 -10.59 18.825 18.625 -10.757 20.682 16.305 -10.702 10.513 18.86
5 24 4.16 -8.983 13.475 3.517 -10.462 9.195 5.19 -9.602 13.533 2.512 -10.632 8.048
5 24 0.47 23.425 19.427 -0.702 22.64 18.512 -0.732 19.968 20.055 -0.403 23.765 15.122
5 24 -4.21 -0.072 20.705 -6.495 0.385 20.195 -3.868 2.22 21.272 -6.585 -2.405 19.42
5 24 -13.64 22.435 7.055 -13.565 18.546 2.002 -10.862 19.953 8.524 -15.39 21.608 1.855
5 24 1.113 -7.19 -14.063 4.928 -7.033 -13.802 4.605 -9.115 -10.845 2.39 -2.198 -15.38
5 24 -17.142 9.092 -9.08 -18.153 7.85 -6.65 -18.023 11.65 -6.793 -16.655 7.885 -9.578
5 24 4.28 -5.462 19.208 2.75 -5.835 19.16 2.485 -3.11 20.29 2.693 -7.827 17.735
5 24 13 2.5 0 13.48 18.811 -1.563 11.778 13.552 -6.817 12.011 2.5 4.975
5 24 12.448 19.19 -7.433 13.48 18.811 -1.563 14.71 21.018 -3.343 11.891 17.689 -6.631
5 24 -9.245 23.285 12.162 -10.862 19.953 8.524 -8.04 22.61 12.48 -11.133 23.015 10.53
5 24 6.36 23.55 13.742 1.741 21.151 13.743 8.263 20.213 11.04 3.408 23.712 14.595
5 24 -18.292 -0.68 -1.197 -15.852 -5.632 -1.312 -16.097 -5.772 3.91 -17.13 -0.623 -5.743
5 24 -11.97 0.207 -10.443 -13.415 0.107 -10.557 -12.915 -2.423 -10.18 -12.127 2.977 -11.003
5 24 -2.02 -10.233 10.53 -2.838 -9.807 10.508 -3.2 -8.53 14.113 -2.162 -10.475 8.3
5 24 12.702 19.005 17.86 13.045 19.108 16.185 11.05 22.917 16.397 13.898 11.868 16.577
5 24 20.233 9.002 9.467 19.47 12.485 9.425 19.833 7.805 10.142 20.45 12.035 8.945
5 24 -12.642 16.907 -5.003 -12.55 18.593 -8.653 -11.402 15.875 -7.54 -13.475 19.147 -7.225
5 24 0.877 -0.842 21.075 -0.27 2.583 21.427 -2.803 0.358 20.985 1.683 0.785 21.198
5 24 13.172 1.67 17.472 8.247 1.228 19.858 10.853 -2.805 17.905 8.555 6.343 20.342
5 24 8.825 -8.8 -9.618 6.06 -9.123 -10.368 9.068 -7.665 -11.23 5.03 -9.695 -8.285
5 24 20.66 16.525 -4.448 21.722 16.67 -0.578 19.23 20.02 -3.835 21.465 9.45 -1.118
5 24 18.335 -6.648 4.685 14.518 -9 4.105 18.21 -6.075 -0.935 16.095 -7.065 10.968
5 24 -2.838 -9.807 10.508 -2.162 -10.475 8.3 -2.02 -10.233 10.53 -2.785 -10.452 7.845
5 24 -11.042 -8.53 -5.837 -6.78 -9.757 -6.492 -6.838 -10.318 -2.152 -10.635 -7.593 -8.608
5 24 7.387 -6.903 -13.1 8.965 -7.085 -12.13 9.128 -5.46 -12.852 6.06 -9.123 -10.368
5 24 17.805 7.413 13.355 19.833 7.805 10.142 17.693 2.208 12.818 19.64 8.88 10.663
5 24 14.525 0.72 15.998 14.775 3.35 16.183 13.172 1.67 17.472 17.693 2.208 12.818
5 24 -17.13 -0.623 -5.743 -18.195 3.007 -5.697 -19.04 3.108 -3.16 -15.373 -0.298 -8.69
5 24 -17.467 18.773 -6.455 -17.865 18.145 -5.97 -17.597 19.04 -5.853 -17.597 18.132 -6.528
5 24 -6.387 10.695 21.042 -10.702 10.513 18.86 -10.818 4.06 18.462 -10.59 18.825 18.625
5 24 -14.477 6.965 -11.538 -13.227 6.237 -14.973 -13.258 8.007 -14.91 -14.365 5.107 -11.19
5 24 12.35 13.293 -9.045 15.305 15.405 -11.325 15.205 11.92 -11.905 11.891 17.689 -6.631
5 24 -15.055 20.075 -1.948 -19.038 20.41 -1.995 -15.655 21.077 -1.08 -18.852 19.032 -2.905
5 24 19.118 18.135 10.952 16.157 22.323 11.902 18.202 21.82 9.117 17.335 18.625 13.705
5 24 0 0.5 -12 4.5922 0.5 -11.0866 0 0 -8 4.9751 2.5 -12.0107
5 24 2.635 -10.613 -3.53 -0.386125 -10.805875 3.551 0.313875 -10.805875 3.551 -0.728 -10.737 -3.125
5 24 3.157 2.257 -16.74 2.375 2.54 -15.588 0.575 5.327 -16.408 4.9 1.065 -15.428
5 24 -15.852 -5.632 -1.312 -11.293 -9.08 -1.645 -11.398 -9.225 3.285 -15.005 -5.035 -5.707
5 24 -11.97 0.207 -10.443 -11.085 2.222 -12.163 -11.23 -0.56 -11.908 -12.127 2.977 -11.003
5 24 0.605 -7.715 17.835 -2.023 -6.615 18.44 -2.203 -9.302 14.613 0.252 -5.72 19.343
5 24 18.948 21.573 7.432 19.248 18.128 8.975 20.385 18.065 8.502 17.45 21.928 7.617
5 24 -19.748 8.87 -3.478 -19.095 7.835 -5.308 -18.672 4.985 -5.195 -19.228 11.487 -5.768
5 24 -0.337 4.67 21.252 0.285 3.225 21.468 0.425 4.648 21.683 -0.27 2.583 21.427
5 24 3.45 22.378 18.435 2.713 23.445 19.208 3.138 19.597 21.1 2.322 23.73 14.83
5 24 8.93 -10.328 5.773 3.517 -10.462 9.195 8.86 -9.63 11.438 2.512 -10.632 8.048
5 24 -3.418 12.817 -16.562 -0.705 10.367 -13.488 -4.338 13.316 -12.73 -0.632 9.91 -16.408
5 24 -13.782 -3.99 -8.622 -12.552 -3.793 -9.818 -11.755 -4.99 -9.795 -12.915 -2.423 -10.18
5 24 10.853 -2.805 17.905 14.163 -2.805 15.605 13.172 1.67 17.472 11.523 -7.607 15.17
5 24 -15.193 -5.167 9.595 -17.095 0.138 10.218 -18.555 -0.442 4.29 -13.81 2.29 15.9
5 24 20.385 18.065 8.502 19.47 12.485 9.425 20.45 12.035 8.945 19.248 18.128 8.975
5 24 0.47 23.425 19.427 -0.732 19.968 20.055 0.48 19.61 21.257 -0.702 22.64 18.512
5 24 14.71 21.018 -3.343 13.48 18.811 -1.563 14.958 21.175 -2.253 12.448 19.19 -7.433
5 24 20.385 18.065 8.502 19.248 18.128 8.975 18.948 21.573 7.432 19.47 12.485 9.425
5 24 -0.655 14.26 20.812 -1.993 14.273 21.795 -0.49 7.358 21.185 -2.275 18.618 21.515
5 24 13.48 18.811 -1.563 11.778 13.552 -6.817 11.891 17.689 -6.631 13 2.5 0
5 24 -4.503 -6.515 17.99 -6.528 -6.732 17.077 -6.585 -2.405 19.42 -4.405 -9.082 14.323
5 24 -6.697 -8.98 -9.852 -10.635 -7.593 -8.608 -7.145 -7.573 -11.235 -6.78 -9.757 -6.492
5 24 10.238 12.777 -15.562 12.375 11.01 -9.077 13.015 10.247 -14.862 10.426 13.033 -8.709
5 24 20.083 21.108 4.242 20.385 18.065 8.502 21.608 17.198 4.68 18.948 21.573 7.432
5 24 4.16 -8.983 13.475 5.19 -9.602 13.533 3.517 -10.462 9.195 4.952 -7.51 16.47
5 24 0.252 -5.72 19.343 -2.023 -6.615 18.44 -2.287 -2.305 20.31 0.605 -7.715 17.835
5 24 16.745 9.41 -9.832 17.997 13.68 -8.905 16.91 13.883 -9.05 17.84 9.118 -9.812
5 24 -19.04 3.108 -3.16 -18.292 -0.68 -1.197 -17.13 -0.623 -5.743 -19.52 3.965 2.577
5 24 -3.688 -10.597 -2.68 -6.78 -9.757 -6.492 -6.838 -10.318 -2.152 -3.763 -10.088 -6.975
2 24 -2.785 -10.452 7.845 -2.838 -9.807 10.508
5 24 9.91 1.407 -12.587 11.158 -1.66 -13.128 11.345 2.477 -13.502 9.825 -1.835 -12.582
5 24 -7.373 -2.035 -12.955 -8.465 -4.673 -12.61 -8.762 -1.588 -13.162 -7.368 -4.713 -12.445
5 24 3.513 13.421 -13.008 3.385 12.817 -16.562 0.622 10.433 -13.485 6.905 13.892 -16.175
5 24 -3.16 2.262 -16.778 -0.525 4.71 -15.785 -3.615 1.837 -15.415 -0.525 5.382 -16.408
5 24 -16.655 7.885 -9.578 -18.153 7.85 -6.65 -17.142 9.092 -9.08 -16.442 4.64 -9.045
5 24 -0.041 7.746 -13.48 -0.705 10.367 -13.488 -5.266 7.743 -12.382 -0.041 9.929 -13.457
5 24 -6.513 18.865 20.663 -6.387 10.695 21.042 -1.993 14.273 21.795 -10.59 18.825 18.625
5 24 -3.645 -9.302 -10.462 -6.697 -8.98 -9.852 -3.547 -6.98 -13.622 -3.763 -10.088 -6.975
5 24 2.39 -2.198 -15.38 2.375 2.54 -15.588 0.575 4.657 -15.775 4.9 1.065 -15.428
5 24 0.622 10.433 -13.485 -0.041 7.746 -13.48 3.526 7.746 -13.069 -0.041 9.929 -13.457
5 24 0 2.5 13 1.741 21.151 13.743 -5.263 20.79 12.82 4.975 2.5 12.011
5 24 20.747 3.22 -1.618 19.282 -2.155 -2.13 19.487 3.65 -5.758 19.94 -2.192 5.497
5 24 -6.75 -8.875 13.648 -6.3 -10.05 8.948 -3.673 -10.1 10.425 -11.188 -8.815 8.698
5 24 14.043 7.675 17.472 14.368 7.985 16.415 13.413 11.8 18.03 14.353 4.723 16.868
5 24 -5.266 7.743 -12.382 -0.041 7.746 -13.48 -0.705 10.367 -13.488 0 2.5 -13
5 24 4.975 2.5 12.011 1.741 21.151 13.743 8.263 20.213 11.04 0 2.5 13
5 24 11.891 17.689 -6.631 15.31 18.05 -10.51 12.448 19.19 -7.433 15.305 15.405 -11.325
5 24 -16.15 11.77 -9.573 -16.173 9.11 -10.55 -16.655 7.885 -9.578 -15.483 11.41 -11.755
5 24 -14.705 19.9 -4.758 -15.055 20.075 -1.948 -12.642 16.907 -5.003 -15.425 20.645 -3.098
5 24 -0.49 7.358 21.185 -1.993 14.273 21.795 -1.433 7.253 21.847 -0.655 14.26 20.812
5 24 3.513 13.421 -13.008 8.108 11.78 -10.785 8.025 14.079 -10.888 3.526 7.746 -13.069
5 24 19.248 18.128 8.975 19.118 18.135 10.952 18.202 21.82 9.117 19.47 12.485 9.425
5 24 -3.547 -6.98 -13.622 -6.857 -5.31 -13.193 -3.502 -2.235 -15.283 -6.715 -6.863 -12.275
5 24 2.322 23.73 14.83 1.741 21.151 13.743 -0.403 23.765 15.122 2.852 23.552 14.577
5 24 0.008 -1.95 -15.6 -3.547 -6.98 -13.622 -3.502 -2.235 -15.283 1.113 -7.19 -14.063
5 24 0.795 -10.145 -7.567 -0.728 -10.737 -3.125 2.635 -10.613 -3.53 -3.763 -10.088 -6.975
5 24 12.0107 2.5 4.9751 9.192 2.5 9.192 11.0868 0.5 4.5924 12.56 19.482 5.441
5 24 8.757 19.523 19.887 12.702 19.005 17.86 8.733 11.773 20.437 11.05 22.917 16.397
5 24 19.085 14.735 -5.203 20.503 9.752 -5.168 20.66 16.525 -4.448 18.933 9.965 -5.873
5 24 14.518 -9 4.105 8.385 -10.378 -0.237 14.21 -8.895 -0.825 8.93 -10.328 5.773
5 24 -0.728 -10.737 -3.125 -0.386125 -10.805875 3.551 2.635 -10.613 -3.53 -1.086125 -10.805875 3.551
5 24 -18.005 16.017 -6.03 -17.597 18.132 -6.528 -17.865 18.145 -5.97 -17.798 16.017 -6.675
5 24 -14.365 5.107 -11.19 -16.442 4.64 -9.045 -14.477 6.965 -11.538 -13.888 3.637 -11.235
5 24 0.535 12.16 21.962 -0.655 14.26 20.812 -0.49 7.358 21.185 0.48 19.61 21.257
5 24 -12.407 19.692 17.02 -15.007 19.34 14.575 -12.35 10.498 17.677 -11.888 22.938 15.677
5 24 11.345 2.477 -13.502 9.275 1.202 -13.327 10.615 2.235 -15.693 9.91 1.407 -12.587
5 24 -14.023 9.995 -11.155 -13.258 8.007 -14.91 -14.477 6.965 -11.538 -13.015 10.03 -14.927
5 24 -11.823 4.14 17.725 -11.245 10.543 17.655 -12.35 10.498 17.677 -11.275 3.018 18
5 24 8.108 11.78 -10.785 10.426 13.033 -8.709 8.025 14.079 -10.888 10.693 10.931 -8.389
5 24 1.445 -7.16 17.095 0.605 -7.715 17.835 1.615 -5.257 18.41 0.175 -9.45 14.79
5 24 13.172 1.67 17.472 14.043 7.675 17.472 14.353 4.723 16.868 8.555 6.343 20.342
5 24 0.575 5.327 -16.408 3.157 2.257 -16.74 2.375 2.54 -15.588 0.575 5.327 -16.747
5 24 -6.838 -10.318 -2.152 -3.688 -10.597 -2.68 -2.995 -10.812 2.703 -6.78 -9.757 -6.492
5 24 13.148 -8.53 -5.505 11.18 -7.698 -9.845 15.675 -5.745 -7.488 8.825 -8.8 -9.618
5 24 -13.81 2.29 15.9 -11.69 0.838 17.323 -11.308 -3.66 16.255 -11.823 4.14 17.725
5 24 -8.762 -1.588 -13.162 -7.3 0.72 -13.265 -7.373 -2.035 -12.955 -8.863 1.05 -13.408
5 24 -9.81 21.89 15.69 -10.287 21.282 18.173 -10.757 20.682 16.305 -8.837 23.298 17.372
5 24 15.033 22.132 4.052 12.56 19.482 5.441 13.952 22.567 7.12 15.378 21.562 0.237
5 24 -20.142 11.037 -2.84 -20.265 10.538 2.67 -19.975 16.15 -2.435 -19.748 8.87 -3.478
5 24 10.615 2.235 -15.693 9.275 1.202 -13.327 8.02 0.982 -14.727 11.345 2.477 -13.502
5 24 -14.365 5.107 -11.19 -12.459 3.8051 -15.177 -13.888 3.637 -11.235 -13.227 6.237 -14.973
5 24 12.35 13.293 -9.045 15.205 11.92 -11.905 13.695 10.247 -11.295 15.305 15.405 -11.325
5 24 -15.922 15.965 -9.263 -14.953 17.385 -11.015 -15.483 11.41 -11.755 -15.655 18.37 -8.955
5 24 13.898 11.868 16.577 14.74 18.923 16.222 13.045 19.108 16.185 15.378 11.885 16.368
5 24 12.375 11.01 -9.077 12.35 13.293 -9.045 13.695 10.247 -11.295 11.697 11.853 -6.958
5 24 -15.005 -5.035 -5.707 -15.852 -5.632 -1.312 -17.13 -0.623 -5.743 -11.293 -9.08 -1.645
5 24 18.933 9.965 -5.873 20.503 9.752 -5.168 19.085 14.735 -5.203 18.52 3.88 -6.293
5 24 0.632 9.972 -16.408 0.622 10.433 -13.485 3.385 12.817 -16.562 -0.041 9.929 -13.457
5 24 13.17 -5.448 -10.493 10.665 -5.278 -12.36 11.18 -7.698 -9.845 11.158 -1.66 -13.128
5 24 -12.35 10.498 17.677 -11.245 10.543 17.655 -10.985 18.345 17.045 -11.823 4.14 17.725
5 24 14.163 -2.805 15.605 16.095 -7.065 10.968 17.205 -2.472 12.01 11.523 -7.607 15.17
5 24 2.635 -10.613 -3.53 -0.728 -10.737 -3.125 0.795 -10.145 -7.567 -0.386125 -10.805875 3.551
5 24 6.085 -2.417 19.728 5.155 -5.392 18.075 6.405 -5.217 18.7 5.327 -1.252 20.208
5 24 2.485 -3.11 20.29 4.28 -5.462 19.208 2.75 -5.835 19.16 4.483 -2.51 20.122
5 24 -13.475 19.147 -7.225 -12.642 16.907 -5.003 -12.55 18.593 -8.653 -14.705 19.9 -4.758
5 24 -19.52 3.965 2.577 -20.265 10.538 2.67 -18.12 8.575 10.318 -19.748 8.87 -3.478
5 24 17.45 21.928 7.617 13.952 22.567 7.12 12.363 22.9 9.582 15.033 22.132 4.052
5 24 2.713 23.445 19.208 0.48 19.61 21.257 0.47 23.425 19.427 3.138 19.597 21.1
5 24 13.172 1.67 17.472 14.353 4.723 16.868 14.043 7.675 17.472 14.775 3.35 16.183
5 24 12.0107 2.5 -4.9751 13 2.5 0 11.0868 0.5 -4.5924 11.87 7.741 -6.665
5 24 -15.055 20.075 -1.948 -12.642 16.907 -5.003 -14.705 19.9 -4.758 -13.565 18.546 2.002
5 24 0 0 8 -3.0616 0 7.3912 -2.2962 0 5.5434 -4.5924 0.5 11.0868
5 24 -0.403 23.765 15.122 -0.702 22.64 18.512 0.47 23.425 19.427 -0.765 23.583 14.997
5 24 -2.803 0.358 20.985 -3.277 -2.225 19.545 -2.287 -2.305 20.31 -3.547 0.865 21.008
5 24 1.445 -7.16 17.095 0.175 -9.45 14.79 1.17 -8.755 14.398 0.605 -7.715 17.835
5 24 -15.655 18.37 -8.955 -13.305 19.468 -8.028 -15.245 18.845 -9.588 -13.475 19.147 -7.225
5 24 -9.1923 2.5 -9.1923 -5.266 7.743 -12.382 -4.975 2.5 -12.011 -9.769 7.738 -9.511
5 24 5.122 19.733 20.72 8.757 19.523 19.887 4.98 12.203 21.525 7.815 23.385 17.677
5 24 -3.2 -8.53 14.113 -2.203 -9.302 14.613 -3.14 -5.982 17.46 -2.02 -10.233 10.53
5 24 -5.263 20.79 12.82 0 2.5 13 -4.975 2.5 12.011 1.741 21.151 13.743
5 24 20.92 3.628 5.648 19.833 7.805 10.142 17.693 2.208 12.818 20.233 9.002 9.467
5 24 6.157 -8.175 16.835 11.523 -7.607 15.17 6.405 -5.217 18.7 8.86 -9.63 11.438
5 24 -3.547 -6.98 -13.622 0.945 -9.347 -10.805 -3.645 -9.302 -10.462 1.113 -7.19 -14.063
5 24 4.605 -9.115 -10.845 1.113 -7.19 -14.063 4.928 -7.033 -13.802 0.945 -9.347 -10.805
5 24 15.305 15.405 -11.325 16.91 13.883 -9.05 15.205 11.92 -11.905 15.31 18.05 -10.51
5 24 -12.552 -3.793 -9.818 -11.863 -2.235 -10.185 -12.915 -2.423 -10.18 -11.755 -4.99 -9.795
5 24 14.21 -8.895 -0.825 8.385 -10.378 -0.237 13.148 -8.53 -5.505 14.518 -9 4.105
5 24 -11.227 -3.103 -11.438 -11.863 -2.235 -10.185 -11.355 -4.16 -10.833 -11.23 -0.56 -11.908
5 24 -13.475 19.147 -7.225 -14.705 19.9 -4.758 -14.623 19.917 -5.35 -12.642 16.907 -5.003
5 24 -11.755 -4.99 -9.795 -10.635 -7.593 -8.608 -13.782 -3.99 -8.622 -7.145 -7.573 -11.235
5 24 -1.522 23.212 19.465 -2.587 21.892 20.74 -2.15 23.658 19.22 -1.405 21.698 20.175
5 24 8.263 20.213 11.04 9.192 2.5 9.192 10.481 19.835 8.149 4.975 2.5 12.011
5 24 16.745 9.41 -9.832 15.205 11.92 -11.905 15.92 8.99 -11.428 16.91 13.883 -9.05
5 24 3.868 3.74 21.29 0.425 4.648 21.683 4.023 7.068 21.63 0.285 3.225 21.468
5 24 -17.28 11.652 -9.057 -18.023 11.65 -6.793 -17.032 16.03 -8.93 -17.142 9.092 -9.08
5 24 0 0 -8 3.0616 0 -7.3912 2.2962 0 -5.5434 4.5924 0.5 -11.0868
5 24 4.023 7.068 21.63 4.387 8.588 21.528 3.737 9.51 21.707 8.555 6.343 20.342
5 24 11.523 -7.607 15.17 14.163 -2.805 15.605 10.853 -2.805 17.905 16.095 -7.065 10.968
5 24 -11.188 -8.815 8.698 -9.328 -7.54 14.6 -15.193 -5.167 9.595 -6.75 -8.875 13.648
5 24 -15.193 -5.167 9.595 -11.308 -3.66 16.255 -13.81 2.29 15.9 -9.328 -7.54 14.6
5 24 -13.782 -3.99 -8.622 -15.373 -0.298 -8.69 -12.915 -2.423 -10.18 -17.13 -0.623 -5.743
5 24 -12.642 16.907 -5.003 -12.011 2.5 -4.975 -13 2.5 0 -11.069 12.286 -7.87
5 24 4.197 12.273 21.085 3.737 9.51 21.707 3.355 12.283 21.798 4.387 8.588 21.528
5 24 -11.293 -9.08 -1.645 -11.042 -8.53 -5.837 -6.838 -10.318 -2.152 -15.005 -5.035 -5.707
5 24 2.635 -10.613 -3.53 3.298 -10.862 2.238 0.313875 -10.805875 3.551 8.385 -10.378 -0.237
5 24 -11.212 12.132 -15.385 -12.63 10.637 -9.765 -9.704 13.319 -9.48 -13.015 10.03 -14.927
5 24 14.74 18.923 16.222 17.335 18.625 13.705 15.378 11.885 16.368 13.718 22.603 14.65
5 24 0.622 10.433 -13.485 3.526 7.746 -13.069 -0.041 7.746 -13.48 3.513 13.421 -13.008
5 24 20.66 16.525 -4.448 18.913 17.235 -4.68 19.085 14.735 -5.203 19.23 20.02 -3.835
5 24 4.975 2.5 -12.011 9.192 2.5 -9.192 8.263 7.738 -10.602 4.5924 0.5 -11.0868
5 24 -0.835 -10.73 6.53 -2.785 -10.452 7.845 -2.162 -10.475 8.3 -2.927 -10.73 5.298
5 24 -3.502 -2.235 -15.283 -6.857 -5.31 -13.193 -3.547 -6.98 -13.622 -6.818 -2.33 -14.055
5 24 14.142 8.118 -12.41 13.015 10.247 -14.862 13.695 10.247 -11.295 13.337 8.155 -14.903
5 24 12.702 19.005 17.86 13.898 11.868 16.577 13.045 19.108 16.185 13.413 11.8 18.03
5 24 -17.955 18.335 9.722 -20.058 17.02 2.632 -20.265 10.538 2.67 -18.73 21.165 2.252
5 24 -3.868 2.22 21.272 -0.803 3.248 21.49 -3.547 0.865 21.008 -1.043 4.53 21.628
5 24 13.148 -8.53 -5.505 8.825 -8.8 -9.618 7.605 -10.075 -4.49 11.18 -7.698 -9.845
5 24 -6.495 0.385 20.195 -11.69 0.838 17.323 -6.585 -2.405 19.42 -11.275 3.018 18
5 24 -4.793 23.63 14.41 -8.04 22.61 12.48 -5.263 20.79 12.82 -7.152 23.442 13.445
5 24 -4.405 -9.082 14.323 -3.2 -8.53 14.113 -3.673 -10.1 10.425 -4.503 -6.515 17.99
5 24 17.065 19.628 -4.1 16.083 20.52 -4.913 14.71 21.018 -3.343 17.56 19.907 -5.698
5 24 11.18 -7.698 -9.845 9.97 -7.148 -11.45 10.665 -5.278 -12.36 9.068 -7.665 -11.23
5 24 -11.0868 0.5 4.5924 -12 0.5 0 -13 2.5 0 -7.3912 0 3.0616
5 24 2.635 -10.613 -3.53 7.605 -10.075 -4.49 5.03 -9.695 -8.285 8.385 -10.378 -0.237
5 24 -11.293 -9.08 -1.645 -6.997 -10.352 2.818 -6.838 -10.318 -2.152 -11.398 -9.225 3.285
5 24 -15.655 18.37 -8.955 -14.953 17.385 -11.015 -15.245 18.845 -9.588 -15.922 15.965 -9.263
5 24 17.45 21.928 7.617 15.033 22.132 4.052 20.083 21.108 4.242 13.952 22.567 7.12
5 24 -18.005 16.017 -6.03 -17.798 16.017 -6.675 -18.023 11.65 -6.793 -17.597 18.132 -6.528
5 24 -6.198 3.61 20.747 -11.275 3.018 18 -6.495 0.385 20.195 -10.818 4.06 18.462
5 24 18.52 3.88 -6.293 17.653 3.982 -9.043 17.84 9.118 -9.812 17.408 -1.73 -7.51
5 24 9.57 -5.058 -12.115 9.33 -2.175 -13.395 9.825 -1.835 -12.582 9.128 -5.46 -12.852
5 24 -5.6568 0 5.6568 -7.3912 0 3.0616 -11.0868 0.5 4.5924 -5.5434 0 2.2962
5 24 -5.263 20.79 12.82 -4.793 23.63 14.41 -8.04 22.61 12.48 -1.237 23.702 15.185
5 24 12 0.5 0 11.0866 0.5 4.5922 8 0 0 12.0107 2.5 4.9751
5 24 13.363 6.052 -14.975 14.023 5.132 -12.405 14.142 8.118 -12.41 12.71 3.792 -15.065
5 24 16.91 13.883 -9.05 17.997 13.68 -8.905 16.745 9.41 -9.832 18.01 17.903 -8.043
5 24 -18.672 4.985 -5.195 -18.227 7.968 -5.773 -18.395 3.99 -5.62 -19.095 7.835 -5.308
5 24 -4.405 -9.082 14.323 -6.528 -6.732 17.077 -4.503 -6.515 17.99 -6.75 -8.875 13.648
5 24 -19.04 3.108 -3.16 -18.672 4.985 -5.195 -19.748 8.87 -3.478 -18.395 3.99 -5.62
5 24 12.71 3.792 -15.065 14.023 5.132 -12.405 13.363 6.052 -14.975 13.227 3.622 -12.74
5 24 -11.308 -3.66 16.255 -6.585 -2.405 19.42 -6.528 -6.732 17.077 -11.69 0.838 17.323
5 24 11.345 2.477 -13.502 12.71 3.792 -15.065 13.227 3.622 -12.74 10.615 2.235 -15.693
5 24 21.722 16.67 -0.578 20.153 20.65 -0.108 21.608 17.198 4.68 19.23 20.02 -3.835
5 24 3.983 19.38 20.253 3.138 19.597 21.1 3.45 22.378 18.435 3.355 12.283 21.798
5 24 19.47 12.485 9.425 19.118 18.135 10.952 19.248 18.128 8.975 19.493 12.2 10.898
5 24 -11.0868 0.5 -4.5924 -8.4853 0.5 -8.4853 -7.3912 0 -3.0616 -9.1923 2.5 -9.1923
5 24 6.405 -5.217 18.7 10.853 -2.805 17.905 11.523 -7.607 15.17 6.085 -2.417 19.728
5 24 -10.818 4.06 18.462 -6.198 3.61 20.747 -11.275 3.018 18 -6.387 10.695 21.042
2 24 -0.835 -10.73 6.53 -0.386125 -10.805875 4.951
5 24 0.313875 -10.805875 4.951 -0.386125 -10.805875 4.951 -0.118235 -10.805875 4.89773 0.688 -10.81 6.408
5 24 0.313875 -10.805875 3.551 2.635 -10.613 -3.53 3.298 -10.862 2.238 -0.386125 -10.805875 3.551
5 24 11.87 7.741 -6.665 10.693 10.931 -8.389 11.697 11.853 -6.958 8.263 7.738 -10.602
5 24 -6.513 13.437 -11.792 -5.266 7.743 -12.382 -4.338 13.316 -12.73 -9.769 7.738 -9.511
5 24 19.94 -2.192 5.497 18.335 -6.648 4.685 18.21 -6.075 -0.935 16.095 -7.065 10.968
5 24 19.47 12.485 9.425 19.64 8.88 10.663 19.833 7.805 10.142 19.493 12.2 10.898
5 24 14.163 -2.805 15.605 13.172 1.67 17.472 10.853 -2.805 17.905 14.525 0.72 15.998
5 24 -3.673 -10.1 10.425 -6.3 -10.05 8.948 -3.35 -10.393 8.403 -6.75 -8.875 13.648
5 24 -7.145 -7.573 -11.235 -11.755 -4.99 -9.795 -10.635 -7.593 -8.608 -7.97 -6.325 -11.725
5 24 10.693 10.931 -8.389 8.263 7.738 -10.602 11.87 7.741 -6.665 8.108 11.78 -10.785
5 24 -0.765 23.583 14.997 -5.263 20.79 12.82 -1.237 23.702 15.185 1.741 21.151 13.743
5 24 -9.704 13.319 -9.48 -9.769 7.738 -9.511 -6.513 13.437 -11.792 -11.069 12.286 -7.87
5 24 18.52 3.88 -6.293 20.503 9.752 -5.168 18.933 9.965 -5.873 19.487 3.65 -5.758
5 24 12.803 -9.177 8.953 8.86 -9.63 11.438 11.523 -7.607 15.17 8.93 -10.328 5.773
5 24 -3.763 -10.088 -6.975 0.795 -10.145 -7.567 -0.728 -10.737 -3.125 -3.645 -9.302 -10.462
5 24 1.741 21.151 13.743 3.408 23.712 14.595 2.852 23.552 14.577 6.36 23.55 13.742
5 24 -12.127 2.977 -11.003 -13.415 0.107 -10.557 -11.97 0.207 -10.443 -13.888 3.637 -11.235
5 24 -9.769 7.738 -9.511 -12.011 2.5 -4.975 -11.069 12.286 -7.87 -9.192 2.5 -9.192
5 24 -3.14 -5.982 17.46 -4.503 -6.515 17.99 -3.2 -8.53 14.113 -4.242 -2.395 20.052
5 24 -6.838 -10.318 -2.152 -11.042 -8.53 -5.837 -11.293 -9.08 -1.645 -6.78 -9.757 -6.492
5 24 -18.555 -0.442 4.29 -15.193 -5.167 9.595 -17.095 0.138 10.218 -16.097 -5.772 3.91
5 24 -11.188 -8.815 8.698 -15.193 -5.167 9.595 -16.097 -5.772 3.91 -9.328 -7.54 14.6
2 24 0.688 -10.81 6.408 -0.386125 -10.805875 4.951
5 24 -3.868 2.22 21.272 -6.495 0.385 20.195 -4.21 -0.072 20.705 -6.198 3.61 20.747
5 24 4.98 12.203 21.525 4.197 12.273 21.085 4.957 9.55 21.475 3.983 19.38 20.253
5 24 -0.728 -10.737 -3.125 -3.763 -10.088 -6.975 0.795 -10.145 -7.567 -3.688 -10.597 -2.68
5 24 15.948 3.557 -10.877 17.653 3.982 -9.043 17.408 -1.73 -7.51 16.917 6.462 -10.24
5 24 19.282 -2.155 -2.13 19.487 3.65 -5.758 17.95 -1.565 -6.148 20.747 3.22 -1.618
5 24 3.737 9.51 21.707 4.023 7.068 21.63 4.387 8.588 21.528 0.52 7.205 21.885
5 24 -9.328 -7.54 14.6 -6.528 -6.732 17.077 -6.75 -8.875 13.648 -11.308 -3.66 16.255
5 24 -0.337 4.67 21.252 -0.803 3.248 21.49 -1.043 4.53 21.628 -0.27 2.583 21.427
5 24 8.733 11.773 20.437 13.413 11.8 18.03 12.702 19.005 17.86 14.043 7.675 17.472
5 24 -11.133 23.015 10.53 -10.862 19.953 8.524 -13.64 22.435 7.055 -9.245 23.285 12.162
5 24 -15.373 -0.298 -8.69 -13.888 3.637 -11.235 -13.415 0.107 -10.557 -16.442 4.64 -9.045
5 24 -6.198 3.61 20.747 -6.387 10.695 21.042 -10.818 4.06 18.462 -1.433 7.253 21.847
5 24 1.712 -2.96 19.583 0.877 -0.842 21.075 0.617 -3.285 20.372 1.683 0.785 21.198
5 24 3.355 12.283 21.798 3.983 19.38 20.253 3.138 19.597 21.1 4.197 12.273 21.085
5 24 -3.35 -10.393 8.403 -2.838 -9.807 10.508 -3.673 -10.1 10.425 -2.785 -10.452 7.845
5 24 -3.0616 0 7.3912 -5.6568 0 5.6568 -8.4852 0.5 8.4852 -4.2426 0 4.2426
5 24 17.84 9.118 -9.812 16.745 9.41 -9.832 16.917 6.462 -10.24 17.997 13.68 -8.905
5 24 -18.292 -0.68 -1.197 -16.097 -5.772 3.91 -18.555 -0.442 4.29 -15.852 -5.632 -1.312
5 24 18.21 -6.075 -0.935 19.94 -2.192 5.497 18.335 -6.648 4.685 19.282 -2.155 -2.13
5 24 -15.39 21.608 1.855 -13.565 18.546 2.002 -13.64 22.435 7.055 -15.655 21.077 -1.08
5 24 8.263 20.213 11.04 4.975 2.5 12.011 9.192 2.5 9.192 1.741 21.151 13.743
5 24 -3.277 -2.225 19.545 -4.242 -2.395 20.052 -3.14 -5.982 17.46 -4.21 -0.072 20.705
5 24 4.197 12.273 21.085 3.355 12.283 21.798 3.737 9.51 21.707 3.983 19.38 20.253
5 24 -15.39 21.608 1.855 -18.73 21.165 2.252 -15.655 21.077 -1.08 -16.833 22.19 8.7
5 24 2.507 -0.275 20.837 1.712 -2.96 19.583 1.683 0.785 21.198 2.485 -3.11 20.29
5 24 18.933 9.965 -5.873 17.84 9.118 -9.812 17.997 13.68 -8.905 18.52 3.88 -6.293
5 24 -2.995 -10.812 2.703 -6.997 -10.352 2.818 -6.838 -10.318 -2.152 -2.927 -10.73 5.298
5 24 -11.823 4.14 17.725 -13.81 2.29 15.9 -11.69 0.838 17.323 -14.94 9.77 15.53
5 24 -19.228 11.487 -5.768 -18.227 7.968 -5.773 -19.095 7.835 -5.308 -18.245 11.627 -6.068
5 24 -6.352 21.47 19.487 -10.59 18.825 18.625 -6.513 18.865 20.663 -10.287 21.282 18.173
5 24 11.523 -7.607 15.17 10.853 -2.805 17.905 14.163 -2.805 15.605 6.405 -5.217 18.7
5 24 12.56 19.482 5.441 9.192 2.5 9.192 10.481 19.835 8.149 12.011 2.5 4.975
5 24 0.095 -10.358 6.583 0.688 -10.81 6.408 -0.386125 -10.805875 4.951 1.513 -10.448 10.01
5 24 7.387 -6.903 -13.1 5.908 -6.655 -12.595 6.255 -2.415 -13.725 6.06 -9.123 -10.368
5 24 2.362 -9.605 14.382 0.558 -9.85 10.26 1.17 -8.755 14.398 1.513 -10.448 10.01
5 24 2.362 -9.605 14.382 1.445 -7.16 17.095 1.17 -8.755 14.398 2.693 -7.827 17.735
5 24 -7.368 -4.713 -12.445 -7.97 -6.325 -11.725 -7.145 -7.573 -11.235 -8.465 -4.673 -12.61
5 24 0.252 -5.72 19.343 1.615 -5.257 18.41 0.605 -7.715 17.835 0.617 -3.285 20.372
5 24 4.5922 0.5 11.0866 0 0.5 12 3.0616 0 7.3912 0 2.5 13
5 24 -18.023 11.65 -6.793 -18.245 11.627 -6.068 -18.005 16.017 -6.03 -18.153 7.85 -6.65
5 24 -18.983 15.878 -5.725 -18.005 16.017 -6.03 -18.245 11.627 -6.068 -17.865 18.145 -5.97
5 24 8.86 -9.63 11.438 11.523 -7.607 15.17 6.157 -8.175 16.835 12.803 -9.177 8.953
5 24 -1.405 21.698 20.175 -2.587 21.892 20.74 -2.697 19.802 21.367 -1.522 23.212 19.465
5 24 -17.597 18.132 -6.528 -17.1 19.618 -7.035 -16.865 19.365 -7.98 -17.467 18.773 -6.455
5 24 -8.863 1.05 -13.408 -11.387 2.647 -15.497 -11.085 2.222 -12.163 -9.158 1.49 -16.007
5 24 13.227 3.622 -12.74 14.537 -1.345 -10.975 15.948 3.557 -10.877 11.345 2.477 -13.502
5 24 -2.927 -10.73 5.298 -6.997 -10.352 2.818 -2.995 -10.812 2.703 -6.3 -10.05 8.948
5 24 16.157 22.323 11.902 17.45 21.928 7.617 18.202 21.82 9.117 12.363 22.9 9.582
5 24 13 2.5 0 11.778 13.552 -6.817 11.697 11.853 -6.958 13.48 18.811 -1.563
5 24 10.615 2.235 -15.693 11.345 2.477 -13.502 9.275 1.202 -13.327 12.71 3.792 -15.065
5 24 17.408 -1.73 -7.51 15.675 -5.745 -7.488 14.537 -1.345 -10.975 17.487 -2.75 -6.59
5 24 -9.704 13.319 -9.48 -12.63 10.637 -9.765 -11.069 12.286 -7.87 -11.212 12.132 -15.385
5 24 -10.985 18.345 17.045 -10.702 10.513 18.86 -11.245 10.543 17.655 -10.59 18.825 18.625
5 24 17.065 19.628 -4.1 17.56 19.907 -5.698 18.913 17.235 -4.68 16.083 20.52 -4.913
5 24 8.825 -8.8 -9.618 5.03 -9.695 -8.285 6.06 -9.123 -10.368 7.605 -10.075 -4.49
5 24 -14.94 9.77 15.53 -15.007 19.34 14.575 -12.35 10.498 17.677 -17.955 18.335 9.722
5 24 -15.922 15.965 -9.263 -15.483 11.41 -11.755 -16.15 11.77 -9.573 -14.953 17.385 -11.015
5 24 -0.732 19.968 20.055 -2.275 18.618 21.515 -0.655 14.26 20.812 -1.405 21.698 20.175
5 24 14.537 -1.345 -10.975 11.158 -1.66 -13.128 13.17 -5.448 -10.493 11.345 2.477 -13.502
5 24 0.575 4.657 -15.775 2.39 -2.198 -15.38 2.375 2.54 -15.588 0.008 -1.95 -15.6
5 24 -16.097 -5.772 3.91 -15.852 -5.632 -1.312 -18.292 -0.68 -1.197 -11.398 -9.225 3.285
5 24 -11.042 -8.53 -5.837 -15.005 -5.035 -5.707 -10.635 -7.593 -8.608 -11.293 -9.08 -1.645
5 24 -1.086125 -10.805875 4.951 -1.086125 -10.805875 4.251 -1.032855 -10.805875 4.51889 -2.927 -10.73 5.298
5 24 -19.748 8.87 -3.478 -19.04 3.108 -3.16 -18.672 4.985 -5.195 -19.52 3.965 2.577
5 24 20.083 21.108 4.242 15.033 22.132 4.052 15.378 21.562 0.237 17.45 21.928 7.617
5 24 0.535 12.16 21.962 3.355 12.283 21.798 3.737 9.51 21.707 0.48 19.61 21.257
5 24 -15.373 -0.298 -8.69 -12.915 -2.423 -10.18 -13.415 0.107 -10.557 -13.782 -3.99 -8.622
5 24 -15.483 11.41 -11.755 -11.402 15.875 -7.54 -12.63 10.637 -9.765 -14.953 17.385 -11.015
5 24 -17.798 16.017 -6.675 -16.78 18.237 -8.705 -17.597 18.132 -6.528 -17.032 16.03 -8.93
5 24 3.526 7.746 -13.069 0 2.5 -13 4.975 2.5 -12.011 -0.041 7.746 -13.48
5 24 -18.555 -0.442 4.29 -17.095 0.138 10.218 -15.193 -5.167 9.595 -19.52 3.965 2.577
5 24 12.363 22.9 9.582 17.45 21.928 7.617 13.952 22.567 7.12 16.157 22.323 11.902
5 24 15.378 21.562 0.237 13.48 18.811 -1.563 14.958 21.175 -2.253 12.56 19.482 5.441
5 24 5.122 19.733 20.72 3.983 19.38 20.253 3.45 22.378 18.435 4.98 12.203 21.525
5 24 11.18 -7.698 -9.845 15.675 -5.745 -7.488 13.148 -8.53 -5.505 13.17 -5.448 -10.493
5 24 16.095 -7.065 10.968 19.94 -2.192 5.497 17.205 -2.472 12.01 18.335 -6.648 4.685
5 24 -14.095 22.91 13.39 -15.007 19.34 14.575 -11.888 22.938 15.677 -16.833 22.19 8.7
5 24 -19.52 3.965 2.577 -17.095 0.138 10.218 -18.12 8.575 10.318 -18.555 -0.442 4.29
5 24 12.375 11.01 -9.077 13.015 10.247 -14.862 10.238 12.777 -15.562 13.695 10.247 -11.295
5 24 -1.086125 -10.805875 3.551 -0.386125 -10.805875 3.551 -0.728 -10.737 -3.125 -0.654015 -10.805875 3.60427
5 24 -6.78 -9.757 -6.492 -3.763 -10.088 -6.975 -3.688 -10.597 -2.68 -6.697 -8.98 -9.852
5 24 -15.075 20.433 -4.338 -17.597 19.04 -5.853 -18.39 19.89 -5.318 -14.705 19.9 -4.758
5 24 2.485 -3.11 20.29 4.483 -2.51 20.122 4.28 -5.462 19.208 2.507 -0.275 20.837
5 24 6.435 0.77 -14.012 7.375 1.077 -16.335 8.02 0.982 -14.727 4.9 1.065 -15.428
5 24 -11.308 -3.66 16.255 -9.328 -7.54 14.6 -6.528 -6.732 17.077 -15.193 -5.167 9.595
5 24 14.518 -9 4.105 12.803 -9.177 8.953 8.93 -10.328 5.773 16.095 -7.065 10.968
5 24 -13.782 -3.99 -8.622 -12.915 -2.423 -10.18 -15.373 -0.298 -8.69 -12.552 -3.793 -9.818
5 24 9.57 -5.058 -12.115 9.128 -5.46 -12.852 9.33 -2.175 -13.395 8.965 -7.085 -12.13
5 24 -0.041 7.746 -13.48 3.526 7.746 -13.069 0.622 10.433 -13.485 0 2.5 -13
5 24 -3.2 -8.53 14.113 -4.503 -6.515 17.99 -4.405 -9.082 14.323 -3.14 -5.982 17.46
5 24 17.125 -5.845 -4.865 15.675 -5.745 -7.488 17.487 -2.75 -6.59 13.148 -8.53 -5.505
5 24 -18.208 4.815 -6.195 -18.227 7.968 -5.773 -18.153 7.85 -6.65 -18.395 3.99 -5.62
5 24 -15.425 20.645 -3.098 -18.852 19.032 -2.905 -15.055 20.075 -1.948 -18.49 20.177 -4.268
5 24 15.92 8.99 -11.428 16.745 9.41 -9.832 15.988 7.092 -11.068 15.205 11.92 -11.905
2 24 1.513 -10.448 10.01 0.688 -10.81 6.408
5 24 19.94 -2.192 5.497 20.747 3.22 -1.618 19.282 -2.155 -2.13 20.92 3.628 5.648
5 24 4.023 7.068 21.63 0.425 4.648 21.683 0.52 7.205 21.885 3.868 3.74 21.29
5 24 8.757 19.523 19.887 4.98 12.203 21.525 8.733 11.773 20.437 5.122 19.733 20.72
5 24 5.122 19.733 20.72 3.45 22.378 18.435 3.983 19.38 20.253 4.87 23.418 18.675
5 24 4.957 9.55 21.475 4.197 12.273 21.085 4.387 8.588 21.528 4.98 12.203 21.525
5 24 8.733 11.773 20.437 8.757 19.523 19.887 12.702 19.005 17.86 4.98 12.203 21.525
5 24 8.247 1.228 19.858 8.555 6.343 20.342 3.868 3.74 21.29 13.172 1.67 17.472
5 24 -2.697 19.802 21.367 -6.513 18.865 20.663 -2.275 18.618 21.515 -6.352 21.47 19.487
5 24 -17.597 19.04 -5.853 -14.623 19.917 -5.35 -17.467 18.773 -6.455 -14.705 19.9 -4.758
5 24 -19.095 7.835 -5.308 -18.227 7.968 -5.773 -18.672 4.985 -5.195 -19.228 11.487 -5.768
5 24 -15.005 -5.035 -5.707 -10.635 -7.593 -8.608 -11.042 -8.53 -5.837 -13.782 -3.99 -8.622
5 24 14.163 -2.805 15.605 17.205 -2.472 12.01 14.525 0.72 15.998 16.095 -7.065 10.968
5 24 -12.011 2.5 -4.975 -11.069 12.286 -7.87 -12.642 16.907 -5.003 -9.769 7.738 -9.511
5 24 6.157 -8.175 16.835 4.952 -7.51 16.47 5.19 -9.602 13.533 5.155 -5.392 18.075
5 24 -6.352 21.47 19.487 -10.287 21.282 18.173 -10.59 18.825 18.625 -8.837 23.298 17.372
5 24 -6.3 -10.05 8.948 -11.188 -8.815 8.698 -6.997 -10.352 2.818 -6.75 -8.875 13.648
5 24 21.722 16.67 -0.578 21.465 9.45 -1.118 21.6 10.262 5.197 20.66 16.525 -4.448
5 24 4.99 -2.5 -15.05 6.435 0.77 -14.012 4.9 1.065 -15.428 6.255 -2.415 -13.725
5 24 6.085 -2.417 19.728 8.247 1.228 19.858 5.327 -1.252 20.208 10.853 -2.805 17.905
5 24 13.363 6.052 -14.975 14.142 8.118 -12.41 13.337 8.155 -14.903 14.023 5.132 -12.405
5 24 8.108 11.78 -10.785 10.693 10.931 -8.389 8.263 7.738 -10.602 10.426 13.033 -8.709
5 24 -16.442 4.64 -9.045 -18.208 4.815 -6.195 -18.395 3.99 -5.62 -18.153 7.85 -6.65
5 24 16.157 22.323 11.902 12.363 22.9 9.582 17.45 21.928 7.617 13.718 22.603 14.65
5 24 -0.525 5.382 -16.408 0 4.937 -15.85 0 5.64 -16.408 -0.525 4.71 -15.785
5 24 0 0.5 12 -4.5924 0.5 11.0868 0 0 8 -4.9751 2.5 12.0107
5 24 20.66 16.525 -4.448 21.465 9.45 -1.118 20.503 9.752 -5.168 21.722 16.67 -0.578
5 24 5.19 -9.602 13.533 8.86 -9.63 11.438 6.157 -8.175 16.835 3.517 -10.462 9.195
5 24 -17.032 16.03 -8.93 -17.798 16.017 -6.675 -16.78 18.237 -8.705 -18.023 11.65 -6.793
5 24 9.192 2.5 9.192 4.975 2.5 12.011 8.263 20.213 11.04 8.4852 0.5 8.4852
5 24 -2.838 -9.807 10.508 -3.673 -10.1 10.425 -3.2 -8.53 14.113 -3.35 -10.393 8.403
5 24 20.503 9.752 -5.168 21.465 9.45 -1.118 20.747 3.22 -1.618 20.66 16.525 -4.448
5 24 -15.005 -5.035 -5.707 -11.293 -9.08 -1.645 -15.852 -5.632 -1.312 -11.042 -8.53 -5.837
5 24 9.825 -1.835 -12.582 9.33 -2.175 -13.395 9.275 1.202 -13.327 9.57 -5.058 -12.115
5 24 16.095 -7.065 10.968 17.205 -2.472 12.01 14.163 -2.805 15.605 19.94 -2.192 5.497
5 24 17.688 12.05 13.705 17.335 18.625 13.705 19.118 18.135 10.952 15.378 11.885 16.368
5 24 17.125 -5.845 -4.865 14.21 -8.895 -0.825 13.148 -8.53 -5.505 18.21 -6.075 -0.935
5 24 -6.495 0.385 20.195 -11.275 3.018 18 -11.69 0.838 17.323 -6.198 3.61 20.747
5 24 -18.73 21.165 2.252 -20.058 17.02 2.632 -19.038 20.41 -1.995 -17.955 18.335 9.722
5 24 0 2.5 -13 4.975 2.5 -12.011 0 0.5 -12 3.526 7.746 -13.069
5 24 -11.823 4.14 17.725 -14.94 9.77 15.53 -12.35 10.498 17.677 -13.81 2.29 15.9
5 24 -2.587 21.892 20.74 -6.213 23.428 18.29 -6.352 21.47 19.487 -2.15 23.658 19.22
5 24 3.138 19.597 21.1 0.48 19.61 21.257 2.713 23.445 19.208 3.355 12.283 21.798
5 24 -11.387 2.647 -15.497 -12.127 2.977 -11.003 -11.085 2.222 -12.163 -12.459 3.8051 -15.177
5 24 1.113 -7.19 -14.063 0.945 -9.347 -10.805 4.605 -9.115 -10.845 -3.547 -6.98 -13.622
5 24 10.238 12.777 -15.562 8.025 14.079 -10.888 10.426 13.033 -8.709 6.905 13.892 -16.175
5 24 7.605 -10.075 -4.49 8.385 -10.378 -0.237 13.148 -8.53 -5.505 2.635 -10.613 -3.53
5 24 2.225 -10.488 9.703 1.513 -10.448 10.01 3.2 -9.64 14.165 2.512 -10.632 8.048
5 24 -4.9751 2.5 -12.0107 0 2.5 -13 -4.5924 0.5 -11.0868 -5.266 7.743 -12.382
5 24 -12.55 18.593 -8.653 -13.475 19.147 -7.225 -13.305 19.468 -8.028 -12.642 16.907 -5.003
5 24 -12.642 16.907 -5.003 -13 2.5 0 -12.011 2.5 -4.975 -13.565 18.546 2.002
5 24 4.99 -2.5 -15.05 2.39 -2.198 -15.38 4.9 1.065 -15.428 4.928 -7.033 -13.802
5 24 21.465 9.45 -1.118 20.747 3.22 -1.618 20.92 3.628 5.648 20.503 9.752 -5.168
5 24 -6.213 23.428 18.29 -4.793 23.63 14.41 -2.15 23.658 19.22 -7.152 23.442 13.445
5 24 -7.3912 0 -3.0616 -5.6568 0 -5.6568 -8.4852 0.5 -8.4852 -4.2426 0 -4.2426
5 24 -1.086125 -10.805875 4.951 -0.835 -10.73 6.53 -2.927 -10.73 5.298 -0.386125 -10.805875 4.951
5 24 13.172 1.67 17.472 14.525 0.72 15.998 14.775 3.35 16.183 14.163 -2.805 15.605
5 24 -13 2.5 0 -13.565 18.546 2.002 -12.642 16.907 -5.003 -12.011 2.5 4.975
5 24 20.747 3.22 -1.618 20.92 3.628 5.648 21.465 9.45 -1.118 19.94 -2.192 5.497
5 24 15.49 7.728 16.125 17.805 7.413 13.355 15.297 4.92 15.962 17.688 12.05 13.705
5 24 -16.442 4.64 -9.045 -18.395 3.99 -5.62 -18.208 4.815 -6.195 -18.195 3.007 -5.697
5 24 5.03 -9.695 -8.285 7.605 -10.075 -4.49 2.635 -10.613 -3.53 8.825 -8.8 -9.618
5 24 6.905 13.892 -16.175 8.025 14.079 -10.888 3.513 13.421 -13.008 10.238 12.777 -15.562
5 24 4.87 23.418 18.675 6.36 23.55 13.742 3.408 23.712 14.595 7.815 23.385 17.677
5 24 -13.743 19.353 -6.935 -15.655 18.37 -8.955 -16.78 18.237 -8.705 -13.475 19.147 -7.225
5 24 8.757 19.523 19.887 7.815 23.385 17.677 5.122 19.733 20.72 11.05 22.917 16.397
2 24 -0.386125 -10.805875 4.951 0.095 -10.358 6.583
5 24 8.825 -8.8 -9.618 7.605 -10.075 -4.49 13.148 -8.53 -5.505 5.03 -9.695 -8.285
5 24 19.493 12.2 10.898 17.688 12.05 13.705 19.64 8.88 10.663 19.118 18.135 10.952
5 24 -3.547 -6.98 -13.622 -6.715 -6.863 -12.275 -6.857 -5.31 -13.193 -7.145 -7.573 -11.235
5 24 14.023 5.132 -12.405 16.292 6.295 -10.733 15.948 3.557 -10.877 15.988 7.092 -11.068
5 24 -3.0616 0 -7.3912 0 0 -8 0 0 -6 0 0.5 -12
5 24 -11.308 -3.66 16.255 -6.528 -6.732 17.077 -9.328 -7.54 14.6 -6.585 -2.405 19.42
5 24 12.0107 2.5 4.9751 12.56 19.482 5.441 13.48 18.811 -1.563 9.192 2.5 9.192
5 24 11.87 7.741 -6.665 11.697 11.853 -6.958 10.693 10.931 -8.389 13 2.5 0
5 24 2.485 -3.11 20.29 1.615 -5.257 18.41 1.712 -2.96 19.583 2.75 -5.835 19.16
5 24 5.155 -5.392 18.075 6.405 -5.217 18.7 6.157 -8.175 16.835 6.085 -2.417 19.728
5 24 0.688 -10.81 6.408 0.313875 -10.805875 4.951 3.298 -10.862 2.238 -0.386125 -10.805875 4.951
2 24 0.095 -10.358 6.583 0.558 -9.85 10.26
5 24 15.675 -5.745 -7.488 13.17 -5.448 -10.493 14.537 -1.345 -10.975 11.18 -7.698 -9.845
5 24 20.385 18.065 8.502 21.608 17.198 4.68 20.45 12.035 8.945 20.083 21.108 4.242
5 24 -1.237 23.702 15.185 -5.263 20.79 12.82 -4.793 23.63 14.41 -0.765 23.583 14.997
5 24 -12 0.5 0 -11.0868 0.5 -4.5924 -8 0 0 -12.0107 2.5 -4.9751
5 24 8.4852 0.5 8.4852 4.5922 0.5 11.0866 5.6568 0 5.6568 4.9751 2.5 12.0107
5 24 -6.495 0.385 20.195 -6.585 -2.405 19.42 -11.69 0.838 17.323 -4.21 -0.072 20.705
5 24 10.238 12.777 -15.562 10.426 13.033 -8.709 8.025 14.079 -10.888 12.375 11.01 -9.077
5 24 1.513 -10.448 10.01 3.2 -9.64 14.165 2.225 -10.488 9.703 2.362 -9.605 14.382
5 24 0 5.64 -16.408 0 4.937 -15.85 -0.525 5.382 -16.408 0.575 5.327 -16.408
5 24 14.518 -9 4.105 18.21 -6.075 -0.935 18.335 -6.648 4.685 14.21 -8.895 -0.825
5 24 13 2.5 0 11.697 11.853 -6.958 11.87 7.741 -6.665 11.778 13.552 -6.817
5 24 -17.597 18.132 -6.528 -16.78 18.237 -8.705 -17.798 16.017 -6.675 -16.865 19.365 -7.98
5 24 -13.743 19.353 -6.935 -14.623 19.917 -5.35 -13.475 19.147 -7.225 -14.19 19.87 -6.778
5 24 0 2.5 13 -4.9751 2.5 12.0107 -5.263 20.79 12.82 0 0.5 12
5 24 11.18 -7.698 -9.845 8.825 -8.8 -9.618 9.068 -7.665 -11.23 13.148 -8.53 -5.505
5 24 -2.927 -10.73 5.298 -2.785 -10.452 7.845 -0.835 -10.73 6.53 -3.35 -10.393 8.403
5 24 -15.055 20.075 -1.948 -13.565 18.546 2.002 -15.655 21.077 -1.08 -12.642 16.907 -5.003
5 24 9.192 2.5 -9.192 12.0107 2.5 -4.9751 8.4852 0.5 -8.4852 11.87 7.741 -6.665
5 24 0.632 9.972 -16.408 -0.041 9.929 -13.457 0 9.615 -16.408 0.622 10.433 -13.485
5 24 2.75 -5.835 19.16 1.445 -7.16 17.095 1.615 -5.257 18.41 2.693 -7.827 17.735
2 24 -0.377 -10.358 10.335 -0.835 -10.73 6.53
5 24 -6.3 -10.05 8.948 -6.997 -10.352 2.818 -2.927 -10.73 5.298 -11.188 -8.815 8.698
5 24 0.945 -9.347 -10.805 -3.645 -9.302 -10.462 -3.547 -6.98 -13.622 0.795 -10.145 -7.567
5 24 17.693 2.208 12.818 19.833 7.805 10.142 20.92 3.628 5.648 17.805 7.413 13.355
5 24 2.507 -0.275 20.837 3.868 3.74 21.29 1.683 0.785 21.198 5.327 -1.252 20.208
5 24 15.948 3.557 -10.877 13.227 3.622 -12.74 14.537 -1.345 -10.975 14.023 5.132 -12.405
5 24 4.605 -9.115 -10.845 0.945 -9.347 -10.805 1.113 -7.19 -14.063 5.03 -9.695 -8.285
5 24 16.61 18.502 -7.938 18.01 17.903 -8.043 16.91 13.883 -9.05 17.665 19.547 -7.353
5 24 -3.16 2.262 -16.778 -3.615 1.837 -15.415 -0.525 4.71 -15.785 -6.412 0.972 -16.485
5 24 -10.635 -7.593 -8.608 -7.145 -7.573 -11.235 -11.755 -4.99 -9.795 -6.697 -8.98 -9.852
5 24 -11.402 15.875 -7.54 -12.63 10.637 -9.765 -15.483 11.41 -11.755 -11.069 12.286 -7.87
5 24 -2.162 -10.475 8.3 -0.835 -10.73 6.53 -2.785 -10.452 7.845 -2.02 -10.233 10.53
5 24 8.263 7.738 -10.602 8.108 11.78 -10.785 3.526 7.746 -13.069 10.693 10.931 -8.389
5 24 -5.6568 0 -5.6568 -3.0616 0 -7.3912 -4.5924 0.5 -11.0868 -2.2962 0 -5.5434
5 24 2.693 -7.827 17.735 4.395 -8.032 17.317 4.28 -5.462 19.208 2.362 -9.605 14.382
5 24 -0.702 22.64 18.512 -1.405 21.698 20.175 -0.732 19.968 20.055 -1.522 23.212 19.465
5 24 3.0616 0 -7.3912 5.6568 0 -5.6568 8.4852 0.5 -8.4852 4.2426 0 -4.2426
5 24 -4.9751 2.5 -12.0107 -5.266 7.743 -12.382 -9.192 2.5 -9.192 0 2.5 -13
5 24 -6.352 21.47 19.487 -8.837 23.298 17.372 -10.287 21.282 18.173 -6.213 23.428 18.29
5 24 9.97 -7.148 -11.45 9.57 -5.058 -12.115 10.665 -5.278 -12.36 9.068 -7.665 -11.23
5 24 10.853 -2.805 17.905 8.247 1.228 19.858 13.172 1.67 17.472 6.085 -2.417 19.728
5 24 -11.227 -3.103 -11.438 -8.762 -1.588 -13.162 -8.465 -4.673 -12.61 -11.23 -0.56 -11.908
5 24 -6.818 -2.33 -14.055 -3.502 -2.235 -15.283 -6.857 -5.31 -13.193 -6.637 0.822 -14.587
5 24 16.745 9.41 -9.832 16.917 6.462 -10.24 16.292 6.295 -10.733 17.84 9.118 -9.812
5 24 -17.095 0.138 10.218 -13.81 2.29 15.9 -15.193 -5.167 9.595 -18.12 8.575 10.318
5 24 -13.64 22.435 7.055 -10.862 19.953 8.524 -13.565 18.546 2.002 -11.133 23.015 10.53
5 24 9.128 -5.46 -12.852 7.387 -6.903 -13.1 7.888 -2.563 -14.36 8.965 -7.085 -12.13
5 24 13.695 10.247 -11.295 13.015 10.247 -14.862 14.142 8.118 -12.41 12.375 11.01 -9.077
5 24 8.385 -10.378 -0.237 8.93 -10.328 5.773 3.298 -10.862 2.238 14.518 -9 4.105
5 24 -11.398 -9.225 3.285 -11.293 -9.08 -1.645 -15.852 -5.632 -1.312 -6.997 -10.352 2.818
5 24 19.085 14.735 -5.203 18.01 17.903 -8.043 17.997 13.68 -8.905 18.913 17.235 -4.68
5 24 2.362 -9.605 14.382 3.2 -9.64 14.165 4.395 -8.032 17.317 1.513 -10.448 10.01
5 24 8.555 6.343 20.342 13.172 1.67 17.472 8.247 1.228 19.858 14.043 7.675 17.472
5 24 -5.266 7.743 -12.382 -0.705 10.367 -13.488 -4.338 13.316 -12.73 -0.041 7.746 -13.48
5 24 -11.308 -3.66 16.255 -13.81 2.29 15.9 -15.193 -5.167 9.595 -11.69 0.838 17.323
5 24 9.57 -5.058 -12.115 8.965 -7.085 -12.13 9.068 -7.665 -11.23 9.128 -5.46 -12.852
5 24 -16.655 7.885 -9.578 -16.442 4.64 -9.045 -14.477 6.965 -11.538 -18.153 7.85 -6.65
5 24 2.852 23.552 14.577 1.741 21.151 13.743 2.322 23.73 14.83 3.408 23.712 14.595
5 24 -10.862 19.953 8.524 -9.1923 2.5 9.1923 -12.011 2.5 4.975 -7.115 20.513 11.399
5 24 5.6568 0 5.6568 3.0616 0 7.3912 4.5924 0.5 11.0868 2.2962 0 5.5434
5 24 15.31 18.05 -10.51 16.91 13.883 -9.05 15.305 15.405 -11.325 16.61 18.502 -7.938
5 24 0.558 -9.85 10.26 0.175 -9.45 14.79 -0.377 -10.358 10.335 1.17 -8.755 14.398
5 24 -15.483 11.41 -11.755 -12.63 10.637 -9.765 -14.023 9.995 -11.155 -11.402 15.875 -7.54
5 24 -12.35 10.498 17.677 -10.985 18.345 17.045 -12.407 19.692 17.02 -11.245 10.543 17.655
5 24 4.952 -7.51 16.47 5.19 -9.602 13.533 4.16 -8.983 13.475 6.157 -8.175 16.835
5 24 -4.9751 2.5 12.0107 -9.1923 2.5 9.1923 -4.5924 0.5 11.0868 -7.115 20.513 11.399
5 24 17.205 -2.472 12.01 19.94 -2.192 5.497 16.095 -7.065 10.968 17.693 2.208 12.818
5 24 -16.865 19.365 -7.98 -13.743 19.353 -6.935 -16.78 18.237 -8.705 -14.19 19.87 -6.778
5 24 -17.13 -0.623 -5.743 -15.373 -0.298 -8.69 -13.782 -3.99 -8.622 -18.195 3.007 -5.697
5 24 1.513 -10.448 10.01 0.095 -10.358 6.583 0.688 -10.81 6.408 0.558 -9.85 10.26
5 24 18.335 -6.648 4.685 18.21 -6.075 -0.935 14.518 -9 4.105 19.94 -2.192 5.497
5 24 -2.803 0.358 20.985 0.877 -0.842 21.075 -0.27 2.583 21.427 -2.287 -2.305 20.31
5 24 20.92 3.628 5.648 19.94 -2.192 5.497 17.693 2.208 12.818 20.747 3.22 -1.618
5 24 11.0866 0.5 -4.5922 12 0.5 0 13 2.5 0 7.3912 0 -3.0616
5 24 -6.715 -6.863 -12.275 -7.368 -4.713 -12.445 -6.857 -5.31 -13.193 -7.145 -7.573 -11.235
5 24 -8.465 -4.673 -12.61 -11.227 -3.103 -11.438 -8.762 -1.588 -13.162 -11.355 -4.16 -10.833
5 24 -15.373 -0.298 -8.69 -13.415 0.107 -10.557 -12.915 -2.423 -10.18 -13.888 3.637 -11.235
5 24 -16.15 11.77 -9.573 -17.28 11.652 -9.057 -17.142 9.092 -9.08 -17.032 16.03 -8.93
5 24 -1.433 7.253 21.847 -6.198 3.61 20.747 -6.387 10.695 21.042 -1.043 4.53 21.628
5 24 15.57 19.355 -9.48 16.61 18.502 -7.938 15.31 18.05 -10.51 15.888 19.625 -8.44
5 24 -9.1923 2.5 -9.1923 -4.9751 2.5 -12.0107 -8.4852 0.5 -8.4852 -5.266 7.743 -12.382
5 24 17.693 2.208 12.818 14.775 3.35 16.183 14.525 0.72 15.998 15.297 4.92 15.962
5 24 -15.852 -5.632 -1.312 -11.398 -9.225 3.285 -11.293 -9.08 -1.645 -16.097 -5.772 3.91
5 24 17.56 19.907 -5.698 18.01 17.903 -8.043 18.913 17.235 -4.68 17.665 19.547 -7.353
5 24 -10.757 20.682 16.305 -12.407 19.692 17.02 -10.985 18.345 17.045 -11.888 22.938 15.677
5 24 -2.587 21.892 20.74 -6.352 21.47 19.487 -6.213 23.428 18.29 -2.697 19.802 21.367
5 24 8.555 6.343 20.342 4.957 9.55 21.475 4.387 8.588 21.528 8.733 11.773 20.437
5 24 -0.403 23.765 15.122 1.741 21.151 13.743 2.322 23.73 14.83 -0.765 23.583 14.997
5 24 -15.005 -5.035 -5.707 -17.13 -0.623 -5.743 -15.852 -5.632 -1.312 -13.782 -3.99 -8.622
5 24 2.693 -7.827 17.735 1.445 -7.16 17.095 2.362 -9.605 14.382 2.75 -5.835 19.16
5 24 18.01 17.903 -8.043 18.913 17.235 -4.68 19.085 14.735 -5.203 17.56 19.907 -5.698
5 24 -1.086125 -10.805875 4.251 -1.086125 -10.805875 3.551 -2.995 -10.812 2.703 -1.032855 -10.805875 3.98311
5 24 -0.728 -10.737 -3.125 -2.995 -10.812 2.703 -3.688 -10.597 -2.68 -1.086125 -10.805875 3.551
5 24 -2.697 19.802 21.367 -1.405 21.698 20.175 -2.587 21.892 20.74 -2.275 18.618 21.515
5 24 -18.195 3.007 -5.697 -19.04 3.108 -3.16 -17.13 -0.623 -5.743 -18.395 3.99 -5.62
5 24 -6.818 -2.33 -14.055 -7.373 -2.035 -12.955 -7.3 0.72 -13.265 -7.368 -4.713 -12.445
5 24 3.2 -9.64 14.165 4.16 -8.983 13.475 4.952 -7.51 16.47 2.225 -10.488 9.703
5 24 -18.49 20.177 -4.268 -15.075 20.433 -4.338 -18.39 19.89 -5.318 -15.425 20.645 -3.098
5 24 9.807 23.263 11.925 8.263 20.213 11.04 6.36 23.55 13.742 12.363 22.9 9.582
5 24 -13.743 19.353 -6.935 -16.78 18.237 -8.705 -16.865 19.365 -7.98 -15.655 18.37 -8.955
2 24 -2.785 -10.452 7.845 -3.35 -10.393 8.403
5 24 1.513 -10.448 10.01 2.512 -10.632 8.048 2.225 -10.488 9.703 0.688 -10.81 6.408
5 24 16.157 22.323 11.902 17.335 18.625 13.705 19.118 18.135 10.952 13.718 22.603 14.65
5 24 17.205 -2.472 12.01 17.693 2.208 12.818 19.94 -2.192 5.497 14.525 0.72 15.998
5 24 11.778 13.552 -6.817 12.35 13.293 -9.045 11.697 11.853 -6.958 11.891 17.689 -6.631
5 24 11.697 11.853 -6.958 10.693 10.931 -8.389 11.87 7.741 -6.665 10.426 13.033 -8.709
5 24 -4.21 -0.072 20.705 -3.868 2.22 21.272 -6.495 0.385 20.195 -3.547 0.865 21.008
5 24 -1.433 7.253 21.847 -0.337 4.67 21.252 -0.49 7.358 21.185 -1.043 4.53 21.628
5 24 -13.888 3.637 -11.235 -12.459 3.8051 -15.177 -12.127 2.977 -11.003 -14.365 5.107 -11.19
5 24 7.375 1.077 -16.335 8.02 0.982 -14.727 6.435 0.77 -14.012 10.615 2.235 -15.693
5 24 -9.245 23.285 12.162 -9.81 21.89 15.69 -8.04 22.61 12.48 -11.888 22.938 15.677
5 24 16.095 -7.065 10.968 12.803 -9.177 8.953 14.518 -9 4.105 11.523 -7.607 15.17
5 24 20.153 20.65 -0.108 14.958 21.175 -2.253 19.23 20.02 -3.835 15.378 21.562 0.237
5 24 0.008 -1.95 -15.6 1.113 -7.19 -14.063 -3.547 -6.98 -13.622 2.39 -2.198 -15.38
5 24 -7.97 -6.325 -11.725 -11.755 -4.99 -9.795 -11.355 -4.16 -10.833 -7.145 -7.573 -11.235
5 24 14.525 0.72 15.998 17.693 2.208 12.818 17.205 -2.472 12.01 14.775 3.35 16.183
5 24 -0.705 10.367 -13.488 -0.632 9.91 -16.408 -3.418 12.817 -16.562 -0.041 9.929 -13.457
5 24 19.085 14.735 -5.203 20.66 16.525 -4.448 18.913 17.235 -4.68 20.503 9.752 -5.168
5 24 14.71 21.018 -3.343 12.448 19.19 -7.433 13.332 20.308 -6.91 13.48 18.811 -1.563
5 24 -4.503 -6.515 17.99 -6.585 -2.405 19.42 -6.528 -6.732 17.077 -4.242 -2.395 20.052
5 24 2.75 -5.835 19.16 1.615 -5.257 18.41 1.445 -7.16 17.095 2.485 -3.11 20.29
5 24 14.368 7.985 16.415 15.378 11.885 16.368 15.49 7.728 16.125 13.898 11.868 16.577
5 24 -11.23 -0.56 -11.908 -11.97 0.207 -10.443 -11.863 -2.235 -10.185 -11.085 2.222 -12.163
5 24 20.233 9.002 9.467 20.92 3.628 5.648 21.6 10.262 5.197 19.833 7.805 10.142
5 24 0.575 4.657 -15.775 0.575 5.327 -16.408 2.375 2.54 -15.588 0 4.937 -15.85
5 24 -3.688 -10.597 -2.68 -3.763 -10.088 -6.975 -0.728 -10.737 -3.125 -6.78 -9.757 -6.492
5 24 16.292 6.295 -10.733 15.948 3.557 -10.877 14.023 5.132 -12.405 16.917 6.462 -10.24
5 24 13.695 10.247 -11.295 15.205 11.92 -11.905 14.142 8.118 -12.41 12.35 13.293 -9.045
5 24 -16.097 -5.772 3.91 -15.193 -5.167 9.595 -18.555 -0.442 4.29 -11.188 -8.815 8.698
5 24 7.888 -2.563 -14.36 6.435 0.77 -14.012 6.255 -2.415 -13.725 8.02 0.982 -14.727
5 24 13.718 22.603 14.65 13.045 19.108 16.185 14.74 18.923 16.222 11.095 23.075 13.602
5 24 1.712 -2.96 19.583 0.617 -3.285 20.372 1.615 -5.257 18.41 0.877 -0.842 21.075
5 24 12.363 22.9 9.582 8.263 20.213 11.04 10.481 19.835 8.149 9.807 23.263 11.925
5 24 -12.35 10.498 17.677 -15.007 19.34 14.575 -12.407 19.692 17.02 -14.94 9.77 15.53
5 24 -18.12 8.575 10.318 -14.94 9.77 15.53 -17.955 18.335 9.722 -13.81 2.29 15.9
5 24 16.095 -7.065 10.968 18.335 -6.648 4.685 19.94 -2.192 5.497 14.518 -9 4.105
5 24 -17.955 18.335 9.722 -15.007 19.34 14.575 -16.833 22.19 8.7 -14.94 9.77 15.53
5 24 -6.513 18.865 20.663 -10.59 18.825 18.625 -6.352 21.47 19.487 -6.387 10.695 21.042
5 24 -0.386125 -10.805875 4.951 -1.086125 -10.805875 4.951 -0.835 -10.73 6.53 -0.654015 -10.805875 4.89773
5 24 3.983 19.38 20.253 4.98 12.203 21.525 4.197 12.273 21.085 5.122 19.733 20.72
5 24 -4.405 -9.082 14.323 -6.75 -8.875 13.648 -3.673 -10.1 10.425 -6.528 -6.732 17.077
5 24 0 4.937 -15.85 0.575 5.327 -16.408 0.575 4.657 -15.775 0 5.64 -16.408
5 24 -15.245 18.845 -9.588 -12.55 18.593 -8.653 -14.953 17.385 -11.015 -13.305 19.468 -8.028
5 24 10.665 -5.278 -12.36 9.57 -5.058 -12.115 9.825 -1.835 -12.582 9.97 -7.148 -11.45
5 24 16.917 6.462 -10.24 17.653 3.982 -9.043 17.84 9.118 -9.812 15.948 3.557 -10.877
5 24 -8.837 23.298 17.372 -9.81 21.89 15.69 -7.152 23.442 13.445 -10.287 21.282 18.173
5 24 -12.35 10.498 17.677 -14.94 9.77 15.53 -11.823 4.14 17.725 -15.007 19.34 14.575
5 24 11.523 -7.607 15.17 12.803 -9.177 8.953 16.095 -7.065 10.968 8.86 -9.63 11.438
5 24 21.6 10.262 5.197 21.722 16.67 -0.578 21.465 9.45 -1.118 21.608 17.198 4.68
5 24 17.335 18.625 13.705 15.378 11.885 16.368 17.688 12.05 13.705 14.74 18.923 16.222
5 24 14.958 21.175 -2.253 13.48 18.811 -1.563 15.378 21.562 0.237 14.71 21.018 -3.343
5 24 -0.525 4.71 -15.785 0.008 -1.95 -15.6 0 4.937 -15.85 -3.502 -2.235 -15.283
5 24 -17.032 16.03 -8.93 -16.15 11.77 -9.573 -17.28 11.652 -9.057 -15.922 15.965 -9.263
5 24 21.6 10.262 5.197 21.465 9.45 -1.118 21.722 16.67 -0.578 20.92 3.628 5.648
5 24 -14.705 19.9 -4.758 -15.425 20.645 -3.098 -15.075 20.433 -4.338 -15.055 20.075 -1.948
5 24 -15.373 -0.298 -8.69 -16.442 4.64 -9.045 -13.888 3.637 -11.235 -18.195 3.007 -5.697
5 24 19.282 -2.155 -2.13 17.125 -5.845 -4.865 17.95 -1.565 -6.148 18.21 -6.075 -0.935
5 24 -3.868 2.22 21.272 -6.198 3.61 20.747 -1.043 4.53 21.628 -6.495 0.385 20.195
5 24 4.87 23.418 18.675 3.45 22.378 18.435 5.122 19.733 20.72 3.408 23.712 14.595
5 24 3.2 -9.64 14.165 4.952 -7.51 16.47 4.395 -8.032 17.317 4.16 -8.983 13.475
5 24 -16.15 11.77 -9.573 -17.142 9.092 -9.08 -17.28 11.652 -9.057 -16.655 7.885 -9.578
5 24 4.395 -8.032 17.317 5.155 -5.392 18.075 4.28 -5.462 19.208 4.952 -7.51 16.47
5 24 10.665 -5.278 -12.36 9.825 -1.835 -12.582 11.158 -1.66 -13.128 9.57 -5.058 -12.115
5 24 -14.953 17.385 -11.015 -11.402 15.875 -7.54 -15.483 11.41 -11.755 -12.55 18.593 -8.653
5 24 19.118 18.135 10.952 17.335 18.625 13.705 17.688 12.05 13.705 16.157 22.323 11.902
5 24 -8 0 0 -7.3912 0 -3.0616 -5.5434 0 -2.2962 -11.0868 0.5 -4.5924
5 24 -17.13 -0.623 -5.743 -19.04 3.108 -3.16 -18.292 -0.68 -1.197 -18.195 3.007 -5.697
5 24 0.175 -9.45 14.79 -2.203 -9.302 14.613 0.605 -7.715 17.835 -0.377 -10.358 10.335
5 24 19.64 8.88 10.663 17.688 12.05 13.705 19.493 12.2 10.898 17.805 7.413 13.355
5 24 -12.011 2.5 4.975 -10.862 19.953 8.524 -9.192 2.5 9.192 -13.565 18.546 2.002
5 24 -8.465 -4.673 -12.61 -11.355 -4.16 -10.833 -7.97 -6.325 -11.725 -11.227 -3.103 -11.438
5 24 15.31 18.05 -10.51 16.61 18.502 -7.938 15.57 19.355 -9.48 16.91 13.883 -9.05
5 24 -7.115 20.513 11.399 -9.1923 2.5 9.1923 -4.975 2.5 12.011 -10.862 19.953 8.524
5 24 3.868 3.74 21.29 8.247 1.228 19.858 8.555 6.343 20.342 5.327 -1.252 20.208
5 24 3.0616 0 7.3912 0 0 8 0 0 6 0 0.5 12
5 24 9.068 -7.665 -11.23 8.825 -8.8 -9.618 6.06 -9.123 -10.368 11.18 -7.698 -9.845
5 24 8.385 -10.378 -0.237 13.148 -8.53 -5.505 7.605 -10.075 -4.49 14.21 -8.895 -0.825
2 24 -2.785 -10.452 7.845 -2.162 -10.475 8.3
5 24 16.917 6.462 -10.24 15.948 3.557 -10.877 17.653 3.982 -9.043 16.292 6.295 -10.733
5 24 -3.2 -8.53 14.113 -3.673 -10.1 10.425 -2.838 -9.807 10.508 -4.405 -9.082 14.323
5 24 11.523 -7.607 15.17 16.095 -7.065 10.968 12.803 -9.177 8.953 14.163 -2.805 15.605
5 24 -17.1 19.618 -7.035 -14.623 19.917 -5.35 -14.663 20.157 -5.825 -17.467 18.773 -6.455
5 24 -14.477 6.965 -11.538 -13.258 8.007 -14.91 -13.227 6.237 -14.973 -14.023 9.995 -11.155
5 24 18.913 17.235 -4.68 19.23 20.02 -3.835 17.065 19.628 -4.1 20.66 16.525 -4.448
5 24 17.95 -1.565 -6.148 19.282 -2.155 -2.13 17.125 -5.845 -4.865 19.487 3.65 -5.758
5 24 17.408 -1.73 -7.51 14.537 -1.345 -10.975 15.675 -5.745 -7.488 15.948 3.557 -10.877
5 24 -4.338 13.316 -12.73 -3.418 12.817 -16.562 -8.082 13.657 -15.983 -0.705 10.367 -13.488
5 24 0.945 -9.347 -10.805 0.795 -10.145 -7.567 5.03 -9.695 -8.285 -3.645 -9.302 -10.462
5 24 13.898 11.868 16.577 15.378 11.885 16.368 14.74 18.923 16.222 14.368 7.985 16.415
5 24 0.008 -1.95 -15.6 2.39 -2.198 -15.38 0.575 4.657 -15.775 1.113 -7.19 -14.063
5 24 18.52 3.88 -6.293 17.84 9.118 -9.812 17.653 3.982 -9.043 18.933 9.965 -5.873
5 24 5.908 -6.655 -12.595 4.928 -7.033 -13.802 6.255 -2.415 -13.725 4.605 -9.115 -10.845
5 24 -11.355 -4.16 -10.833 -11.863 -2.235 -10.185 -11.755 -4.99 -9.795 -11.227 -3.103 -11.438
5 24 -1.522 23.212 19.465 -0.702 22.64 18.512 -1.405 21.698 20.175 -1.237 23.702 15.185
5 24 14.525 0.72 15.998 17.205 -2.472 12.01 17.693 2.208 12.818 14.163 -2.805 15.605
5 24 11.095 23.075 13.602 6.36 23.55 13.742 9.807 23.263 11.925 7.815 23.385 17.677
5 24 -11.069 12.286 -7.87 -9.769 7.738 -9.511 -9.704 13.319 -9.48 -12.011 2.5 -4.975
5 24 7.815 23.385 17.677 11.095 23.075 13.602 6.36 23.55 13.742 11.05 22.917 16.397
5 24 -17.13 -0.623 -5.743 -13.782 -3.99 -8.622 -15.005 -5.035 -5.707 -15.373 -0.298 -8.69
5 24 -19.52 3.965 2.577 -19.04 3.108 -3.16 -18.292 -0.68 -1.197 -19.748 8.87 -3.478
5 24 6.06 -9.123 -10.368 5.908 -6.655 -12.595 7.387 -6.903 -13.1 5.03 -9.695 -8.285
5 24 12.35 13.293 -9.045 13.695 10.247 -11.295 15.205 11.92 -11.905 12.375 11.01 -9.077
5 24 17.805 7.413 13.355 19.64 8.88 10.663 17.688 12.05 13.705 19.833 7.805 10.142
5 24 11.891 17.689 -6.631 12.35 13.293 -9.045 11.778 13.552 -6.817 15.305 15.405 -11.325
5 24 11.87 7.741 -6.665 9.192 2.5 -9.192 12.011 2.5 -4.975 8.263 7.738 -10.602
5 24 4.975 2.5 12.011 0 2.5 13 1.741 21.151 13.743 4.5924 0.5 11.0868
5 24 14.518 -9 4.105 8.93 -10.328 5.773 8.385 -10.378 -0.237 12.803 -9.177 8.953
5 24 2.362 -9.605 14.382 4.395 -8.032 17.317 2.693 -7.827 17.735 3.2 -9.64 14.165
5 24 -19.975 16.15 -2.435 -18.852 19.032 -2.905 -19.3 15.972 -3.06 -19.038 20.41 -1.995
5 24 -13.565 18.546 2.002 -12.011 2.5 4.975 -13 2.5 0 -10.862 19.953 8.524
5 24 1.513 -10.448 10.01 0.558 -9.85 10.26 2.362 -9.605 14.382 0.095 -10.358 6.583
5 24 -0.377 -10.358 10.335 -2.02 -10.233 10.53 -2.203 -9.302 14.613 -0.835 -10.73 6.53
5 24 -0.835 -10.73 6.53 -2.02 -10.233 10.53 -2.162 -10.475 8.3 -0.377 -10.358 10.335
