0 ~Sticker  0.8 x  4.1 with Grey Ferrari Horse in Grey Grille and White Headlamp on Red Background - Seventh Face
0 Name: s\6221805ys07.dat
0 Author: Massimo Maso [Sirio]
0 !LDRAW_ORG Unofficial_Subpart
0 !LICENSE Licensed under CC BY 4.0 : see CAreadme.txt

0 BFC CERTIFY CCW

0 // Faces
0 // Black faces
3 0 3.9 -.25 2.3539 3.3 -.25 1.5539 4.5 -.25 1.5539
4 0 5.5714 -.25 1.8588 5.2 -.25 2.3539 4.6 -.25 1.5539 5.57 -.25 -.0121
3 0 4.6 -.25 -.0121 5.57 -.25 -.0121 4.6 -.25 1.5539
4 0 5.5872 -.25 2.0044 5.5714 -.25 1.8588 5.57 -.25 -.0121 5.8365 -.25 2.4522
4 0 3.3 -.25 1.5539 3.3 -.25 -.0121 4.5 -.25 -.0121 4.5 -.25 1.5539
3 0 2.6 -.25 2.3539 2 -.25 1.5539 3.2 -.25 1.5539
4 0 2 -.25 1.5539 2 -.25 -.0121 3.2 -.25 -.0121 3.2 -.25 1.5539
3 0 1.3 -.25 2.3539 .7 -.25 1.5539 1.9 -.25 1.5539
4 0 .7 -.25 1.5539 .7 -.25 -.0121 1.9 -.25 -.0121 1.9 -.25 1.5539
4 0 .6 -.25 1.5539 -.6 -.25 1.5539 -.6 -.25 -.0121 .6 -.25 -.0121
3 0 -3.3 -.25 1.5539 -3.9 -.25 2.3539 -4.5 -.25 1.5539
4 0 -4.6 -.25 1.5539 -5.2 -.25 2.3539 -5.5714 -.25 1.8588 -5.57 -.25 -.0121
3 0 -5.57 -.25 -.0121 -4.6 -.25 -.0121 -4.6 -.25 1.5539
4 0 -5.57 -.25 -.0121 -5.5714 -.25 1.8588 -5.5872 -.25 2.0044 -5.8365 -.25 2.4522
4 0 -4.5 -.25 -.0121 -3.3 -.25 -.0121 -3.3 -.25 1.5539 -4.5 -.25 1.5539
3 0 -2 -.25 1.5539 -2.6 -.25 2.3539 -3.2 -.25 1.5539
4 0 -3.2 -.25 -.0121 -2 -.25 -.0121 -2 -.25 1.5539 -3.2 -.25 1.5539
3 0 -.7 -.25 1.5539 -1.3 -.25 2.3539 -1.9 -.25 1.5539
4 0 -1.9 -.25 -.0121 -.7 -.25 -.0121 -.7 -.25 1.5539 -1.9 -.25 1.5539
3 0 0 -.25 2.3539 -.6 -.25 1.5539 .6 -.25 1.5539
4 0 5.85 -.25 7.4039 5.8177 -.25 5.9109 5.9966 -.25 4.9258 6.05 -.25 7.4039
4 0 1.95 -.25 5.9539 1.35 -.25 5.1539 1.35 -.25 2.4539 1.95 -.25 1.6539
4 0 1.95 -.25 1.6539 2.55 -.25 2.4539 2.55 -.25 5.1539 1.95 -.25 5.9539
4 0 4.55 -.25 5.9539 3.95 -.25 5.1539 3.95 -.25 2.4539 4.55 -.25 1.6539
4 0 4.55 -.25 1.6539 5.15 -.25 2.4539 5.15 -.25 5.1539 4.55 -.25 5.9539
4 0 5.9966 -.25 4.9258 5.8177 -.25 5.9109 5.25 -.25 5.1539 5.25 -.25 2.4539
4 0 5.8365 -.25 2.4522 5.9966 -.25 4.9258 5.25 -.25 2.4539 5.5872 -.25 2.0044
4 0 -2.65 -.25 2.4539 -2.65 -.25 5.1539 -3.25 -.25 5.9539 -3.25 -.25 1.6539
4 0 -3.85 -.25 5.1539 -3.85 -.25 2.4539 -3.25 -.25 1.6539 -3.25 -.25 5.9539
4 0 -3.95 -.25 2.4539 -3.95 -.25 5.1539 -4.55 -.25 5.9539 -4.55 -.25 1.6539
4 0 -5.15 -.25 5.1539 -5.15 -.25 2.4539 -4.55 -.25 1.6539 -4.55 -.25 5.9539
4 0 -5.25 -.25 5.1539 -5.8177 -.25 5.9109 -5.9966 -.25 4.9258 -5.25 -.25 2.4539
4 0 -5.25 -.25 2.4539 -5.9966 -.25 4.9258 -5.8365 -.25 2.4522 -5.5872 -.25 2.0044
4 0 3.25 -.25 1.6539 3.85 -.25 2.4539 3.85 -.25 5.1539 3.25 -.25 5.9539
4 0 -.6975 -.25 4.0739 -1.25 -.25 2.4539 -.65 -.25 1.6539 -.648 -.25 4.0514
4 0 -.6165 -.25 4.0379 -.648 -.25 4.0514 -.65 -.25 1.6539 -.05 -.25 2.4539
3 0 .65 -.25 1.6539 .729 -.25 5.0144 .675 -.25 4.9784
3 0 .65 -.25 1.6539 .7785 -.25 5.0504 .729 -.25 5.0144
3 0 .65 -.25 1.6539 .8325 -.25 5.0909 .7785 -.25 5.0504
3 0 .65 -.25 1.6539 .873 -.25 5.1314 .8325 -.25 5.0909
4 0 .05 -.25 2.4539 .65 -.25 1.6539 .675 -.25 4.9784 .6255 -.25 4.9514
3 0 .65 -.25 1.6539 1.25 -.25 2.4539 1.25 -.25 5.1539
4 0 .873 -.25 5.1314 .65 -.25 1.6539 1.25 -.25 5.1539 .8865 -.25 5.1629
3 0 -2.2005 -.25 4.8704 -1.95 -.25 1.6539 -2.1645 -.25 4.8434
3 0 -2.1645 -.25 4.8434 -1.95 -.25 1.6539 -2.0745 -.25 4.7894
4 0 -1.35 -.25 2.4539 -1.9395 -.25 4.6994 -2.0745 -.25 4.7894 -1.95 -.25 1.6539
4 0 -2.2005 -.25 4.8704 -2.55 -.25 5.1539 -2.55 -.25 2.4539 -1.95 -.25 1.6539
4 0 -.792 -.25 4.1144 -1.25 -.25 2.4539 -.6975 -.25 4.0739 -.7515 -.25 4.1009
3 0 -1.25 -.25 2.4539 -.945 -.25 4.1369 -1.0035 -.25 4.1639
3 0 -1.25 -.25 2.4539 -.864 -.25 4.1189 -.945 -.25 4.1369
4 0 -.792 -.25 4.1144 -.8235 -.25 4.1189 -.864 -.25 4.1189 -1.25 -.25 2.4539
3 0 -1.25 -.25 2.4539 -1.1115 -.25 4.2269 -1.25 -.25 4.3121
4 0 -1.0035 -.25 4.1639 -1.0485 -.25 4.1909 -1.1115 -.25 4.2269 -1.25 -.25 2.4539
3 0 -.1485 -.25 4.6499 -.05 -.25 2.4539 -.063 -.25 4.6634
3 0 -.063 -.25 4.6634 -.05 -.25 2.4539 -.05 -.25 4.6681
4 0 -.288 -.25 4.0694 -.05 -.25 2.4539 -.207 -.25 4.6454 -.306 -.25 4.6319
3 0 -.207 -.25 4.6454 -.05 -.25 2.4539 -.1485 -.25 4.6499
3 0 -.333 -.25 3.9974 -.05 -.25 2.4539 -.3015 -.25 4.0019
3 0 -.3015 -.25 4.0019 -.05 -.25 2.4539 -.288 -.25 4.0154
3 0 -.288 -.25 4.0154 -.05 -.25 2.4539 -.288 -.25 4.0334
3 0 -.288 -.25 4.0334 -.05 -.25 2.4539 -.288 -.25 4.0694
3 0 -.504 -.25 4.0109 -.05 -.25 2.4539 -.459 -.25 4.0019
3 0 -.459 -.25 4.0019 -.05 -.25 2.4539 -.414 -.25 3.9974
3 0 -.414 -.25 3.9974 -.05 -.25 2.4539 -.378 -.25 3.9974
3 0 -.378 -.25 3.9974 -.05 -.25 2.4539 -.333 -.25 3.9974
3 0 -.6165 -.25 4.0379 -.05 -.25 2.4539 -.5805 -.25 4.0289
3 0 -.5805 -.25 4.0289 -.05 -.25 2.4539 -.5445 -.25 4.0199
3 0 -.5445 -.25 4.0199 -.05 -.25 2.4539 -.504 -.25 4.0109
4 0 .27 -.25 4.7669 .05 -.25 2.4539 .4005 -.25 4.8434 .315 -.25 4.7984
3 0 .05 -.25 2.4539 .54 -.25 4.9064 .4005 -.25 4.8434
3 0 .05 -.25 2.4539 .6255 -.25 4.9514 .54 -.25 4.9064
3 0 .05 -.25 2.4539 .189 -.25 4.7084 .135 -.25 4.6904
3 0 .05 -.25 2.4539 .2295 -.25 4.7264 .189 -.25 4.7084
3 0 .05 -.25 2.4539 .27 -.25 4.7669 .2295 -.25 4.7264
4 0 .135 -.25 4.6904 .072 -.25 4.6904 .05 -.25 4.6881 .05 -.25 2.4539
3 0 2.65 -.25 2.4539 2.961 -.25 5.5094 2.925 -.25 5.4599
3 0 2.65 -.25 2.4539 2.925 -.25 5.4599 2.898 -.25 5.4284
4 0 3.25 -.25 1.6539 3.25 -.25 5.9539 2.961 -.25 5.5094 2.65 -.25 2.4539
4 0 2.8755 -.25 5.4194 2.65 -.25 5.1539 2.65 -.25 2.4539 2.898 -.25 5.4284
3 0 -1.9395 -.25 4.6994 -1.35 -.25 2.4539 -1.6875 -.25 4.5509
3 0 -1.6875 -.25 4.5509 -1.35 -.25 2.4539 -1.35 -.25 4.3733
4 0 -5.8 -.25 7.4039 -5.8 -.25 6.0539 -5.2 -.25 5.2539 -4.6 -.25 6.0539
4 0 -5.9966 -.25 4.9258 -5.8177 -.25 5.9109 -5.85 -.25 7.4039 -6.05 -.25 7.4039
4 0 -2.115 -.25 6.5399 -2 -.25 6.0539 -2 -.25 6.4163 -2.043 -.25 6.4679
3 0 -2.3175 -.25 6.6884 -2 -.25 6.0539 -2.2545 -.25 6.6344
3 0 -2.2545 -.25 6.6344 -2 -.25 6.0539 -2.178 -.25 6.5804
3 0 -2.178 -.25 6.5804 -2 -.25 6.0539 -2.115 -.25 6.5399
4 0 -2.3985 -.25 6.7784 -2.4885 -.25 6.8594 -2.5875 -.25 6.9404 -2 -.25 6.0539
4 0 -2.3985 -.25 6.7784 -2 -.25 6.0539 -2.3175 -.25 6.6884 -2.3625 -.25 6.7424
4 0 -3.2 -.25 7.2527 -2 -.25 6.0539 -3.0105 -.25 7.1699 -3.159 -.25 7.2419
3 0 -3.0105 -.25 7.1699 -2 -.25 6.0539 -2.88 -.25 7.1114
4 0 -2.5875 -.25 6.9404 -2.7585 -.25 7.0529 -2.88 -.25 7.1114 -2 -.25 6.0539
4 0 -2.6 -.25 5.2539 -2 -.25 6.0539 -3.2 -.25 7.2527 -3.2 -.25 6.0539
4 0 -3.3 -.25 7.2562 -3.321 -.25 7.2509 -3.3345 -.25 7.2419 -3.3 -.25 6.0539
3 0 -3.3435 -.25 6.9899 -3.3 -.25 6.0539 -3.339 -.25 7.0214
3 0 -3.339 -.25 7.0214 -3.3 -.25 6.0539 -3.3345 -.25 7.0529
3 0 -3.3345 -.25 7.0529 -3.3 -.25 6.0539 -3.3345 -.25 7.0889
3 0 -3.3345 -.25 7.0889 -3.3 -.25 6.0539 -3.3345 -.25 7.1249
3 0 -3.3705 -.25 6.8819 -3.3 -.25 6.0539 -3.348 -.25 6.9584
4 0 -3.402 -.25 6.7559 -3.3 -.25 6.0539 -3.3705 -.25 6.8819 -3.3885 -.25 6.8189
3 0 -3.348 -.25 6.9584 -3.3 -.25 6.0539 -3.3435 -.25 6.9899
4 0 -3.3525 -.25 6.3194 -3.3 -.25 6.0539 -3.402 -.25 6.7559 -3.411 -.25 6.6974
3 0 -3.357 -.25 6.2024 -3.3 -.25 6.0539 -3.348 -.25 6.2384
3 0 -3.348 -.25 6.2384 -3.3 -.25 6.0539 -3.348 -.25 6.2834
3 0 -3.3525 -.25 6.3194 -3.348 -.25 6.2834 -3.3 -.25 6.0539
3 0 -3.4245 -.25 6.1304 -3.3 -.25 6.0539 -3.393 -.25 6.1394
3 0 -3.393 -.25 6.1394 -3.3 -.25 6.0539 -3.3705 -.25 6.1664
3 0 -3.3705 -.25 6.1664 -3.3 -.25 6.0539 -3.357 -.25 6.2024
3 0 -3.501 -.25 6.1439 -3.492 -.25 6.0944 -3.3 -.25 6.0539
3 0 -4.5 -.25 6.0539 -3.9105 -.25 6.1124 -3.933 -.25 6.1349
3 0 -3.492 -.25 6.0944 -3.4875 -.25 6.0404 -3.3 -.25 6.0539
3 0 -4.5 -.25 6.0539 -3.879 -.25 6.0899 -3.9105 -.25 6.1124
3 0 -4.5 -.25 6.0539 -3.8475 -.25 6.0674 -3.879 -.25 6.0899
3 0 -4.5 -.25 6.0539 -3.9825 -.25 6.2069 -4.0005 -.25 6.2609
4 0 -4.0185 -.25 6.4049 -4.5 -.25 6.0539 -4.0005 -.25 6.2609 -4.0095 -.25 6.3644
3 0 -4.5 -.25 6.0539 -3.96 -.25 6.1664 -3.9825 -.25 6.2069
3 0 -4.5 -.25 6.0539 -3.933 -.25 6.1349 -3.96 -.25 6.1664
3 0 -4.5 -.25 6.0539 -4.0455 -.25 6.4859 -4.068 -.25 6.5399
4 0 -4.0185 -.25 6.4049 -4.032 -.25 6.4499 -4.0455 -.25 6.4859 -4.5 -.25 6.0539
4 0 -4.122 -.25 6.6794 -4.5 -.25 6.0539 -4.086 -.25 6.5894 -4.104 -.25 6.6389
3 0 -4.5 -.25 6.0539 -4.068 -.25 6.5399 -4.086 -.25 6.5894
4 0 -4.455 -.25 7.0079 -4.464 -.25 6.9764 -4.266 -.25 6.9359 -4.293 -.25 6.9854
4 0 -4.464 -.25 6.9764 -4.473 -.25 6.9449 -4.2525 -.25 6.9089 -4.266 -.25 6.9359
4 0 -4.473 -.25 6.9449 -4.482 -.25 6.9089 -4.239 -.25 6.8909 -4.2525 -.25 6.9089
4 0 -4.446 -.25 7.0349 -4.311 -.25 7.0259 -4.329 -.25 7.0754 -4.392 -.25 7.0574
4 0 -4.239 -.25 6.8909 -4.482 -.25 6.9089 -4.491 -.25 6.8684 -4.221 -.25 6.8639
4 0 -4.491 -.25 6.8684 -4.4955 -.25 6.8324 -4.203 -.25 6.8414 -4.221 -.25 6.8639
4 0 -4.203 -.25 6.8414 -4.4955 -.25 6.8324 -4.4955 -.25 6.7874 -4.491 -.25 6.7649
4 0 -4.1805 -.25 6.8054 -4.203 -.25 6.8414 -4.491 -.25 6.7649 -4.4865 -.25 6.7379
4 0 -4.4865 -.25 6.7379 -4.4865 -.25 6.7154 -4.158 -.25 6.7559 -4.1805 -.25 6.8054
4 0 -4.4865 -.25 6.7154 -4.4865 -.25 6.6974 -4.14 -.25 6.7199 -4.158 -.25 6.7559
4 0 -4.4865 -.25 6.6974 -4.491 -.25 6.6884 -4.122 -.25 6.6794 -4.14 -.25 6.7199
3 0 -4.122 -.25 6.6794 -4.491 -.25 6.6884 -4.5 -.25 6.0539
4 0 -4.4055 -.25 7.0709 -4.4415 -.25 7.0619 -4.446 -.25 7.0349 -4.392 -.25 7.0574
4 0 -4.419 -.25 7.1024 -4.4415 -.25 7.0619 -4.4055 -.25 7.0709 -4.41 -.25 7.0889
4 0 -4.311 -.25 7.0259 -4.446 -.25 7.0349 -4.455 -.25 7.0079 -4.293 -.25 6.9854
3 0 -4.5 -.25 6.0539 -4.491 -.25 6.6884 -4.5 -.25 6.6914
4 0 -3.501 -.25 6.1439 -3.3 -.25 6.0539 -3.4245 -.25 6.1304 -3.5145 -.25 6.1844
4 0 -4.329 -.25 7.0754 -4.338 -.25 7.1159 -4.3875 -.25 7.0799 -4.392 -.25 7.0574
3 0 -3.3345 -.25 7.1249 -3.3 -.25 6.0539 -3.3345 -.25 7.2419
3 0 -5.8 -.25 7.4039 -4.7205 -.25 7.3544 -4.689 -.25 7.3724
3 0 -5.8 -.25 7.4039 -4.689 -.25 7.3724 -4.662 -.25 7.3814
3 0 -5.8 -.25 7.4039 -4.7565 -.25 7.3274 -4.7205 -.25 7.3544
3 0 -4.6 -.25 7.4039 -4.6395 -.25 7.3859 -4.6215 -.25 7.3859
4 0 -4.662 -.25 7.3814 -4.6395 -.25 7.3859 -4.6 -.25 7.4039 -5.8 -.25 7.4039
4 0 -4.7925 -.25 7.2104 -5.8 -.25 7.4039 -4.743 -.25 7.1789 -4.7655 -.25 7.1969
3 0 -5.8 -.25 7.4039 -4.7295 -.25 7.1699 -4.743 -.25 7.1789
3 0 -5.8 -.25 7.4039 -4.8825 -.25 7.2329 -4.869 -.25 7.2509
3 0 -5.8 -.25 7.4039 -4.86 -.25 7.2239 -4.8825 -.25 7.2329
4 0 -4.8195 -.25 7.2824 -4.788 -.25 7.3004 -4.7565 -.25 7.3274 -5.8 -.25 7.4039
4 0 -4.8195 -.25 7.2824 -5.8 -.25 7.4039 -4.869 -.25 7.2509 -4.842 -.25 7.2644
4 0 -4.6305 -.25 6.8729 -4.6305 -.25 6.8909 -4.635 -.25 6.9134 -5.8 -.25 7.4039
3 0 -5.8 -.25 7.4039 -4.6305 -.25 6.8594 -4.6305 -.25 6.8729
3 0 -5.8 -.25 7.4039 -4.6485 -.25 6.9989 -4.6485 -.25 7.0259
3 0 -5.8 -.25 7.4039 -4.6305 -.25 6.8459 -4.6305 -.25 6.8594
3 0 -5.8 -.25 7.4039 -4.644 -.25 6.9674 -4.6485 -.25 6.9989
3 0 -5.8 -.25 7.4039 -4.6395 -.25 6.9404 -4.644 -.25 6.9674
3 0 -5.8 -.25 7.4039 -4.635 -.25 6.9134 -4.6395 -.25 6.9404
4 0 -4.7295 -.25 7.1699 -5.8 -.25 7.4039 -4.644 -.25 7.0934 -4.6395 -.25 7.1249
3 0 -5.8 -.25 7.4039 -4.6485 -.25 7.0709 -4.644 -.25 7.0934
3 0 -5.8 -.25 7.4039 -4.6485 -.25 7.0259 -4.6485 -.25 7.0484
3 0 -5.8 -.25 7.4039 -4.6485 -.25 7.0484 -4.6485 -.25 7.0709
3 0 -5.8 -.25 7.4039 -4.6 -.25 6.0539 -4.6305 -.25 6.8459
3 0 -5.8 -.25 7.4039 -4.7925 -.25 7.2104 -4.86 -.25 7.2239
3 0 -1.3 -.25 5.2539 -1.2368 -.25 5.3382 -1.233 -.25 5.3519
4 0 -1.197 -.25 5.4419 -1.17 -.25 5.5004 -1.161 -.25 5.5229 -1.3 -.25 5.2539
3 0 -1.3 -.25 5.2539 -1.233 -.25 5.3519 -1.197 -.25 5.4419
3 0 -1.3 -.25 5.2539 -1.2015 -.25 5.5364 -1.224 -.25 5.5094
4 0 -1.2015 -.25 5.5364 -1.3 -.25 5.2539 -1.1655 -.25 5.5544 -1.1835 -.25 5.5544
3 0 -3.9 -.25 5.2539 -3.5235 -.25 5.9999 -3.5505 -.25 5.9909
4 0 -1.161 -.25 5.5229 -1.1565 -.25 5.5409 -1.1655 -.25 5.5544 -1.3 -.25 5.2539
4 0 -3.3 -.25 6.0539 -3.4965 -.25 6.0179 -3.5235 -.25 5.9999 -3.9 -.25 5.2539
3 0 -1.3696 -.25 5.3466 -1.3 -.25 5.2539 -1.314 -.25 5.4059
3 0 -3.4965 -.25 6.0179 -3.3 -.25 6.0539 -3.4875 -.25 6.0404
4 0 -1.224 -.25 5.5094 -1.26 -.25 5.4689 -1.314 -.25 5.4059 -1.3 -.25 5.2539
3 0 -3.9 -.25 5.2539 -3.609 -.25 5.9819 -3.645 -.25 5.9819
3 0 -3.9 -.25 5.2539 -3.5775 -.25 5.9864 -3.609 -.25 5.9819
3 0 -3.9 -.25 5.2539 -3.5505 -.25 5.9909 -3.5775 -.25 5.9864
4 0 -3.8475 -.25 6.0674 -4.5 -.25 6.0539 -3.78 -.25 6.0269 -3.816 -.25 6.0494
3 0 -4.5 -.25 6.0539 -3.753 -.25 6.0134 -3.78 -.25 6.0269
3 0 -4.5 -.25 6.0539 -3.7125 -.25 5.9954 -3.753 -.25 6.0134
3 0 -2.55 -.25 5.1539 -2.2005 -.25 4.8704 -2.232 -.25 4.9109
3 0 -4.5 -.25 6.0539 -3.6765 -.25 5.9864 -3.7125 -.25 5.9954
3 0 -2.55 -.25 5.1539 -2.2815 -.25 5.0504 -2.277 -.25 5.0999
3 0 -2.55 -.25 5.1539 -2.2725 -.25 5.0009 -2.2815 -.25 5.0504
3 0 -2.55 -.25 5.1539 -2.259 -.25 4.9604 -2.2725 -.25 5.0009
3 0 -2.55 -.25 5.1539 -2.232 -.25 4.9109 -2.259 -.25 4.9604
3 0 -2.55 -.25 5.1539 -2.214 -.25 5.2754 -2.1645 -.25 5.3429
3 0 -2.55 -.25 5.1539 -2.2455 -.25 5.2169 -2.214 -.25 5.2754
3 0 -2.55 -.25 5.1539 -2.268 -.25 5.1539 -2.2455 -.25 5.2169
3 0 -2.55 -.25 5.1539 -2.277 -.25 5.0999 -2.268 -.25 5.1539
4 0 -1.9665 -.25 5.5724 -2.55 -.25 5.1539 -2.0745 -.25 5.4329 -2.025 -.25 5.4779
3 0 -2.55 -.25 5.1539 -2.124 -.25 5.3834 -2.0745 -.25 5.4329
3 0 -2.55 -.25 5.1539 -2.1645 -.25 5.3429 -2.124 -.25 5.3834
4 0 -1.9035 -.25 5.6669 -1.95 -.25 5.9539 -2.55 -.25 5.1539 -1.9665 -.25 5.5724
3 0 -1.449 -.25 5.2709 -1.35 -.25 5.1539 -1.4424 -.25 5.2771
4 0 -1.7055 -.25 5.0819 -1.35 -.25 5.1539 -1.647 -.25 5.1404 -1.692 -.25 5.1044
3 0 -1.647 -.25 5.1404 -1.35 -.25 5.1539 -1.5615 -.25 5.1899
3 0 -1.5615 -.25 5.1899 -1.35 -.25 5.1539 -1.449 -.25 5.2709
4 0 -1.6515 -.25 4.9334 -1.35 -.25 5.1539 -1.719 -.25 4.9784 -1.701 -.25 4.9559
3 0 -1.719 -.25 4.9784 -1.35 -.25 5.1539 -1.719 -.25 5.0189
4 0 -1.7055 -.25 5.0819 -1.7145 -.25 5.0549 -1.719 -.25 5.0189 -1.35 -.25 5.1539
3 0 -1.53 -.25 4.8569 -1.4265 -.25 4.7759 -1.35 -.25 5.1539
3 0 -1.5885 -.25 4.8974 -1.53 -.25 4.8569 -1.35 -.25 5.1539
3 0 -1.6515 -.25 4.9334 -1.5885 -.25 4.8974 -1.35 -.25 5.1539
4 0 -3.6765 -.25 5.9864 -4.5 -.25 6.0539 -3.9 -.25 5.2539 -3.645 -.25 5.9819
3 0 -1.359 -.25 4.7174 -1.35 -.25 4.7092 -1.35 -.25 5.1539
3 0 -1.4265 -.25 4.7759 -1.359 -.25 4.7174 -1.35 -.25 5.1539
3 0 -4.608 -.25 7.3769 -4.6035 -.25 7.3409 -4.6 -.25 7.4039
3 0 -4.6215 -.25 7.3859 -4.608 -.25 7.3769 -4.6 -.25 7.4039
4 0 -4.617 -.25 7.1789 -4.608 -.25 7.1969 -4.6935 -.25 7.1834 -4.7115 -.25 7.1699
3 0 -4.6935 -.25 7.1834 -4.608 -.25 7.1969 -4.662 -.25 7.2194
3 0 -4.662 -.25 7.2194 -4.608 -.25 7.1969 -4.626 -.25 7.2734
3 0 -4.626 -.25 7.2734 -4.608 -.25 7.1969 -4.6035 -.25 7.3409
3 0 -4.86 -.25 7.2239 -4.7925 -.25 7.2104 -4.8285 -.25 7.2194
3 0 -4.6305 -.25 6.8459 -4.6 -.25 6.0539 -4.617 -.25 6.8459
3 0 -4.617 -.25 6.8459 -4.6 -.25 6.0539 -4.608 -.25 6.8594
4 0 -4.6 -.25 6.8879 -4.6035 -.25 6.8774 -4.608 -.25 6.8594 -4.6 -.25 6.0539
3 0 -4.7115 -.25 7.1699 -4.6305 -.25 7.1564 -4.617 -.25 7.1789
4 0 -4.7115 -.25 7.1699 -4.7295 -.25 7.1699 -4.6395 -.25 7.1249 -4.6305 -.25 7.1564
4 0 -4.6 -.25 7.2169 -4.6 -.25 7.4039 -4.6035 -.25 7.3409 -4.608 -.25 7.1969
4 0 -4.383 -.25 7.1474 -4.392 -.25 7.1339 -4.392 -.25 7.1204 -4.3695 -.25 7.1609
4 0 -4.338 -.25 7.1159 -4.356 -.25 7.1519 -4.3875 -.25 7.0979 -4.3875 -.25 7.0799
4 0 -4.356 -.25 7.1519 -4.3695 -.25 7.1609 -4.392 -.25 7.1204 -4.3875 -.25 7.0979
4 0 -4.419 -.25 7.1024 -4.4325 -.25 7.1114 -4.4415 -.25 7.0979 -4.4415 -.25 7.0619
4 0 -3.456 -.25 6.1889 -3.465 -.25 6.2294 -3.4785 -.25 6.2744 -3.5685 -.25 6.3464
4 0 -3.501 -.25 6.3509 -3.5685 -.25 6.3464 -3.4785 -.25 6.2744 -3.4875 -.25 6.3104
4 0 -3.5145 -.25 6.3779 -3.528 -.25 6.3869 -3.555 -.25 6.3824 -3.5685 -.25 6.3464
4 0 -3.5595 -.25 6.3284 -3.4425 -.25 6.1484 -3.456 -.25 6.1889 -3.5685 -.25 6.3464
3 0 -3.5685 -.25 6.3464 -3.501 -.25 6.3509 -3.5145 -.25 6.3779
3 0 -3.5145 -.25 6.1844 -3.4245 -.25 6.1304 -3.4425 -.25 6.1484
4 0 -3.4425 -.25 6.1484 -3.5595 -.25 6.3284 -3.5505 -.25 6.3014 -3.537 -.25 6.2699
3 0 -3.528 -.25 6.2384 -3.5145 -.25 6.1844 -3.4425 -.25 6.1484
3 0 -3.537 -.25 6.2699 -3.528 -.25 6.2384 -3.4425 -.25 6.1484
4 0 -3.4245 -.25 6.5759 -3.4245 -.25 6.5309 -3.411 -.25 6.6974 -3.42 -.25 6.6434
4 0 -3.3885 -.25 6.4094 -3.4245 -.25 6.5309 -3.42 -.25 6.4859 -3.402 -.25 6.4409
4 0 -3.3885 -.25 6.4094 -3.3705 -.25 6.3599 -3.3525 -.25 6.3194 -3.4245 -.25 6.5309
3 0 -3.4245 -.25 6.5309 -3.3525 -.25 6.3194 -3.411 -.25 6.6974
3 0 -3.348 -.25 7.1924 -3.3345 -.25 7.2419 -3.3435 -.25 7.2239
4 0 -3.3345 -.25 7.2419 -3.348 -.25 7.1924 -3.3435 -.25 7.1654 -3.3345 -.25 7.1249
3 0 -1.9 -.25 6.0539 -1.863 -.25 6.1349 -1.9 -.25 6.1935
3 0 -1.9 -.25 6.0539 -1.8135 -.25 6.0674 -1.863 -.25 6.1349
3 0 -1.9 -.25 6.0539 -1.764 -.25 6.0044 -1.8135 -.25 6.0674
4 0 -1.764 -.25 6.0044 -1.9 -.25 6.0539 -1.7625 -.25 5.8705 -1.71 -.25 5.9459
3 0 -1.95 -.25 5.9539 -1.836 -.25 5.7659 -1.8229 -.25 5.7844
3 0 -1.95 -.25 5.9539 -1.9035 -.25 5.6669 -1.836 -.25 5.7659
3 0 -1.188 -.25 4.5689 -1.1205 -.25 4.5149 -1.062 -.25 4.4879
4 0 -.9945 -.25 4.4699 -1.25 -.25 4.6185 -1.188 -.25 4.5689 -1.062 -.25 4.4879
4 0 -.9945 -.25 4.4699 -.927 -.25 4.4519 -.891 -.25 4.4564 -1.25 -.25 4.6185
4 0 -.7425 -.25 4.3844 -.8505 -.25 4.4429 -.801 -.25 4.4069 -.774 -.25 4.3889
3 0 -1.25 -.25 4.6185 -.891 -.25 4.4564 -.8505 -.25 4.4429
3 0 -.8505 -.25 4.4429 -.7425 -.25 4.3844 -.6975 -.25 4.3934
4 0 -.8505 -.25 4.4429 -.6975 -.25 4.3934 -1.0665 -.25 4.5554 -1.25 -.25 4.6185
4 0 -.6795 -.25 4.5689 -.612 -.25 4.4474 -.5715 -.25 4.4519 -.495 -.25 4.6049
3 0 -1.0125 -.25 4.5464 -.657 -.25 4.4249 -.9495 -.25 4.5419
3 0 -.9495 -.25 4.5419 -.657 -.25 4.4249 -.846 -.25 4.5509
4 0 -.612 -.25 4.4474 -.6795 -.25 4.5689 -.846 -.25 4.5509 -.657 -.25 4.4249
3 0 -1.25 -.25 4.6185 -1.143 -.25 4.5959 -1.1745 -.25 4.6184
4 0 -1.143 -.25 4.5959 -1.25 -.25 4.6185 -1.0665 -.25 4.5554 -1.107 -.25 4.5779
3 0 -1.25 -.25 4.6185 -1.233 -.25 4.6634 -1.25 -.25 4.6804
3 0 -1.25 -.25 4.6185 -1.206 -.25 4.6409 -1.233 -.25 4.6634
3 0 -1.25 -.25 4.6185 -1.1745 -.25 4.6184 -1.206 -.25 4.6409
4 0 -1.0125 -.25 4.5464 -1.0665 -.25 4.5554 -.6975 -.25 4.3934 -.657 -.25 4.4249
4 0 -.495 -.25 4.6049 -.5715 -.25 4.4519 -.531 -.25 4.4429 -.3735 -.25 4.6229
3 0 -.459 -.25 4.3979 -.423 -.25 4.3664 -.306 -.25 4.6319
3 0 -.4995 -.25 4.4249 -.459 -.25 4.3979 -.306 -.25 4.6319
4 0 -.4995 -.25 4.4249 -.306 -.25 4.6319 -.3735 -.25 4.6229 -.531 -.25 4.4429
3 0 -.306 -.25 4.6319 -.297 -.25 4.1009 -.288 -.25 4.0694
3 0 -.342 -.25 4.2089 -.297 -.25 4.1009 -.306 -.25 4.6319
3 0 -.3825 -.25 4.2944 -.342 -.25 4.2089 -.306 -.25 4.6319
3 0 -.423 -.25 4.3664 -.3825 -.25 4.2944 -.306 -.25 4.6319
4 0 2.6595 -.25 6.9989 2 -.25 6.0539 2.655 -.25 6.7289 2.6595 -.25 6.8549
3 0 2 -.25 6.0539 2.6235 -.25 6.2609 2.6235 -.25 6.3509
4 0 2.655 -.25 6.7289 2 -.25 6.0539 2.637 -.25 6.4949 2.646 -.25 6.5624
4 0 2.6145 -.25 7.3859 2 -.25 6.0539 2.655 -.25 7.2914 2.646 -.25 7.3499
4 0 2.655 -.25 7.2914 2 -.25 6.0539 2.6595 -.25 6.9989 2.6595 -.25 7.1879
3 0 2 -.25 6.0539 2.6145 -.25 7.3859 2.5845 -.25 7.4039
3 0 2 -.25 6.0539 2.295 -.25 7.3274 2.205 -.25 7.2779
4 0 2.5845 -.25 7.4039 2.4192 -.25 7.4039 2.412 -.25 7.3994 2 -.25 6.0539
3 0 2 -.25 6.0539 2.205 -.25 7.2779 2.07 -.25 7.2104
3 0 2 -.25 6.0539 2.412 -.25 7.3994 2.295 -.25 7.3274
3 0 2 -.25 6.0539 2.07 -.25 7.2104 2 -.25 7.1772
4 0 -.2385 -.25 5.8964 0 -.25 5.2539 -.207 -.25 5.9729 -.2295 -.25 5.9414
4 0 -.09 -.25 6.0494 -.1755 -.25 5.9954 -.207 -.25 5.9729 0 -.25 5.2539
3 0 -.3272 -.25 5.6902 0 -.25 5.2539 -.288 -.25 5.7569
3 0 -.288 -.25 5.7569 0 -.25 5.2539 -.252 -.25 5.8469
3 0 -.252 -.25 5.8469 0 -.25 5.2539 -.2385 -.25 5.8964
4 0 -.468 -.25 5.5589 -.05 -.25 5.1539 -.423 -.25 5.5949 -.45 -.25 5.5769
3 0 -.423 -.25 5.5949 -.05 -.25 5.1539 -.3966 -.25 5.616
4 0 -.3555 -.25 4.9244 -.65 -.25 5.2593 -.7065 -.25 5.1674 -.4905 -.25 4.9199
4 0 -.7515 -.25 5.1044 -.549 -.25 4.9109 -.4905 -.25 4.9199 -.7065 -.25 5.1674
4 0 -.18 -.25 4.9424 -.5715 -.25 5.3969 -.612 -.25 5.3249 -.27 -.25 4.9289
4 0 -.468 -.25 5.5589 -.522 -.25 5.4779 -.5715 -.25 5.3969 -.05 -.25 5.1539
4 0 -.65 -.25 5.2593 -.3555 -.25 4.9244 -.27 -.25 4.9289 -.612 -.25 5.3249
3 0 -.09 -.25 4.9829 -.05 -.25 5.0008 -.05 -.25 5.1539
4 0 -.09 -.25 4.9829 -.05 -.25 5.1539 -.5715 -.25 5.3969 -.18 -.25 4.9424
3 0 .65 -.25 5.9539 .72 -.25 5.3114 .7605 -.25 5.3024
3 0 .6435 -.25 5.3249 .72 -.25 5.3114 .65 -.25 5.9539
4 0 .7965 -.25 5.2889 1.25 -.25 5.1539 .65 -.25 5.9539 .7605 -.25 5.3024
4 0 .306 -.25 5.2259 .65 -.25 5.9539 .162 -.25 5.0549 .2025 -.25 5.0549
3 0 .117 -.25 5.0549 .162 -.25 5.0549 .65 -.25 5.9539
3 0 .0765 -.25 5.0504 .117 -.25 5.0549 .65 -.25 5.9539
4 0 .05 -.25 5.1539 .05 -.25 5.0438 .0765 -.25 5.0504 .65 -.25 5.9539
3 0 .3555 -.25 5.2844 .387 -.25 5.3024 .65 -.25 5.9539
3 0 .333 -.25 5.2664 .3555 -.25 5.2844 .65 -.25 5.9539
3 0 .306 -.25 5.2259 .333 -.25 5.2664 .65 -.25 5.9539
3 0 .5625 -.25 5.3294 .6435 -.25 5.3249 .65 -.25 5.9539
3 0 .486 -.25 5.3249 .5625 -.25 5.3294 .65 -.25 5.9539
3 0 .4275 -.25 5.3159 .486 -.25 5.3249 .65 -.25 5.9539
3 0 .387 -.25 5.3024 .4275 -.25 5.3159 .65 -.25 5.9539
3 0 1.0215 -.25 7.0034 .99 -.25 7.1069 .9405 -.25 7.0394
3 0 1.0215 -.25 7.0034 1.0215 -.25 7.1519 .99 -.25 7.1069
4 0 1.107 -.25 7.2779 1.0575 -.25 7.2059 1.0215 -.25 7.1519 1.0215 -.25 7.0034
4 0 .891 -.25 6.9764 .7 -.25 6.7456 1.0125 -.25 6.9764 1.0215 -.25 7.0034
3 0 1.0215 -.25 7.0034 .9405 -.25 7.0394 .891 -.25 6.9764
3 0 .7 -.25 6.0539 1.8 -.25 7.0889 1.71 -.25 7.0529
3 0 .7 -.25 6.0539 1.71 -.25 7.0529 1.638 -.25 7.0304
3 0 .7 -.25 6.0539 1.485 -.25 6.9899 1.395 -.25 6.9764
4 0 1.3 -.25 5.2539 1.89 -.25 7.1249 1.8 -.25 7.0889 .7 -.25 6.0539
3 0 .7 -.25 6.0539 1.638 -.25 7.0304 1.575 -.25 7.0124
3 0 .7 -.25 6.0539 1.395 -.25 6.9764 1.314 -.25 6.9674
3 0 .7 -.25 6.0539 1.17 -.25 6.9629 1.125 -.25 6.9629
3 0 .7 -.25 6.0539 1.575 -.25 7.0124 1.485 -.25 6.9899
3 0 .7 -.25 6.0539 1.314 -.25 6.9674 1.26 -.25 6.9629
3 0 .7 -.25 6.0539 1.125 -.25 6.9629 1.08 -.25 6.9674
3 0 .7 -.25 6.0539 1.26 -.25 6.9629 1.17 -.25 6.9629
4 0 .7 -.25 6.7456 .7 -.25 6.0539 1.08 -.25 6.9674 1.0125 -.25 6.9764
4 0 1.89 -.25 7.1249 1.3 -.25 5.2539 1.9 -.25 6.0539 1.9 -.25 7.1297
4 0 3.006 -.25 7.3319 2.97 -.25 7.1789 2.9385 -.25 7.0214 3.2 -.25 6.0539
4 0 3.2 -.25 7.4039 3.0282 -.25 7.4039 3.006 -.25 7.3319 3.2 -.25 6.0539
4 0 2.9025 -.25 6.4724 3.2 -.25 6.0539 2.8935 -.25 6.6389 2.8935 -.25 6.5489
4 0 2.9385 -.25 7.0214 2.9115 -.25 6.8729 2.898 -.25 6.7649 3.2 -.25 6.0539
3 0 2.916 -.25 6.3869 2.934 -.25 6.3239 3.2 -.25 6.0539
3 0 2.8935 -.25 6.6389 3.2 -.25 6.0539 2.898 -.25 6.7649
3 0 2.934 -.25 6.3239 2.9412 -.25 6.2717 3.2 -.25 6.0539
4 0 2.907 -.25 6.1574 3.2 -.25 6.0539 2.934 -.25 6.2114 2.916 -.25 6.1799
4 0 2.9025 -.25 6.4724 2.907 -.25 6.4184 2.916 -.25 6.3869 3.2 -.25 6.0539
3 0 2.9385 -.25 6.2384 3.2 -.25 6.0539 2.9412 -.25 6.2717
3 0 3.0105 -.25 5.9819 3.051 -.25 5.9504 3.2 -.25 6.0539
4 0 2.916 -.25 6.0584 2.9385 -.25 6.0269 2.9745 -.25 5.9999 3.2 -.25 6.0539
3 0 3.051 -.25 5.9504 3.069 -.25 5.9279 3.2 -.25 6.0539
3 0 2.9745 -.25 5.9999 3.0105 -.25 5.9819 3.2 -.25 6.0539
3 0 3.069 -.25 5.9279 3.0727 -.25 5.8841 3.2 -.25 6.0539
3 0 2 -.25 6.0539 2.718 -.25 5.6129 2.691 -.25 5.7029
3 0 2 -.25 6.0539 2.691 -.25 5.7029 2.6685 -.25 5.8019
3 0 2 -.25 6.0539 2.763 -.25 5.5229 2.718 -.25 5.6129
3 0 2 -.25 6.0539 2.6685 -.25 5.8019 2.6595 -.25 5.8829
4 0 2.655 -.25 6.0764 2 -.25 6.0539 2.6595 -.25 5.8829 2.6595 -.25 5.9693
4 0 2.763 -.25 5.5229 2 -.25 6.0539 2.6 -.25 5.2539 2.7802 -.25 5.4942
4 0 4.5 -.25 6.0539 4.4703 -.25 6.8414 4.3839 -.25 6.9116 3.3 -.25 7.4039
3 0 .531 -.25 6.5624 .6 -.25 6.0539 .6 -.25 6.6357
3 0 3.3 -.25 7.4039 4.2813 -.25 7.0106 4.257 -.25 7.0439
3 0 .153 -.25 6.2159 .0405 -.25 6.1394 .6 -.25 6.0539
4 0 4.1256 -.25 7.2185 3.3 -.25 7.4039 4.203 -.25 7.1276 4.1733 -.25 7.1708
4 0 4.2813 -.25 7.0106 3.3 -.25 7.4039 4.3839 -.25 6.9116 4.3128 -.25 6.9827
3 0 .153 -.25 6.2159 .6 -.25 6.0539 .36 -.25 6.3824
4 0 4.203 -.25 7.1276 3.3 -.25 7.4039 4.257 -.25 7.0439 4.2327 -.25 7.0826
3 0 .36 -.25 6.3824 .6 -.25 6.0539 .531 -.25 6.5624
3 0 3.3 -.25 7.4039 4.0329 -.25 7.2698 4.005 -.25 7.2896
4 0 4.0329 -.25 7.2698 3.3 -.25 7.4039 4.1256 -.25 7.2185 4.0698 -.25 7.2527
3 0 3.3 -.25 7.4039 4.005 -.25 7.2896 3.9762 -.25 7.3166
3 0 3.3 -.25 7.4039 3.9762 -.25 7.3166 3.9222 -.25 7.3751
3 0 3.3 -.25 7.4039 3.9222 -.25 7.3751 3.9004 -.25 7.4039
4 0 3.9 -.25 5.2539 4.5 -.25 6.0539 3.3 -.25 7.4039 3.3 -.25 6.0539
4 0 .6 -.25 6.0539 .0405 -.25 6.1394 -.09 -.25 6.0494 0 -.25 5.2539
3 0 2.934 -.25 6.2114 3.2 -.25 6.0539 2.9385 -.25 6.2384
3 0 2.916 -.25 6.0584 3.2 -.25 6.0539 2.9025 -.25 6.0854
4 0 2.9025 -.25 6.0854 3.2 -.25 6.0539 2.907 -.25 6.1574 2.898 -.25 6.1214
3 0 2.655 -.25 6.0764 2.6325 -.25 6.1754 2 -.25 6.0539
4 0 2.637 -.25 6.4949 2 -.25 6.0539 2.6235 -.25 6.3509 2.6325 -.25 6.4364
3 0 2 -.25 6.0539 2.6325 -.25 6.1754 2.6235 -.25 6.2609
4 0 -.7785 -.25 5.0684 -.6165 -.25 4.9019 -.549 -.25 4.9109 -.7515 -.25 5.1044
4 0 .2475 -.25 5.0819 .2745 -.25 5.1179 .2925 -.25 5.1674 .2025 -.25 5.0549
3 0 .2025 -.25 5.0549 .2295 -.25 5.0639 .2475 -.25 5.0819
3 0 .2025 -.25 5.0549 .2925 -.25 5.1674 .306 -.25 5.2259
4 0 1.0395 -.25 7.0394 1.2004 -.25 7.4039 1.1565 -.25 7.3454 1.0215 -.25 7.0034
3 0 1.0215 -.25 7.0034 1.1565 -.25 7.3454 1.107 -.25 7.2779
3 0 1.0395 -.25 7.0394 1.062 -.25 7.0799 1.2004 -.25 7.4039
3 0 1.116 -.25 7.1609 1.1475 -.25 7.2059 1.2004 -.25 7.4039
3 0 1.1475 -.25 7.2059 1.179 -.25 7.2509 1.2004 -.25 7.4039
4 0 1.2105 -.25 7.2914 1.26 -.25 7.3499 1.296 -.25 7.3949 1.2004 -.25 7.4039
3 0 1.179 -.25 7.2509 1.2105 -.25 7.2914 1.2004 -.25 7.4039
3 0 1.2004 -.25 7.4039 1.296 -.25 7.3949 1.3034 -.25 7.4039
4 0 -.738 -.25 4.8704 -.828 -.25 5.0009 -.8415 -.25 4.9739 -.7875 -.25 4.8659
4 0 -.6165 -.25 4.9019 -.7785 -.25 5.0684 -.81 -.25 5.0279 -.6795 -.25 4.8839
4 0 -.846 -.25 4.9424 -.8145 -.25 4.8749 -.7875 -.25 4.8659 -.8415 -.25 4.9739
4 0 -.837 -.25 4.8929 -.8145 -.25 4.8749 -.846 -.25 4.9424 -.846 -.25 4.9154
4 0 -.828 -.25 5.0009 -.738 -.25 4.8704 -.6795 -.25 4.8839 -.81 -.25 5.0279
4 0 1.2004 -.25 7.4039 1.062 -.25 7.0799 1.0845 -.25 7.1114 1.116 -.25 7.1609
3 0 .7965 -.25 5.2889 .8415 -.25 5.2619 1.25 -.25 5.1539
3 0 .8865 -.25 5.1629 1.25 -.25 5.1539 .8865 -.25 5.1989
3 0 .8685 -.25 5.2304 .8865 -.25 5.1989 1.25 -.25 5.1539
3 0 .8415 -.25 5.2619 .8685 -.25 5.2304 1.25 -.25 5.1539
3 0 3.0285 -.25 5.6534 3.25 -.25 5.9539 3.0303 -.25 5.661
3 0 2.988 -.25 5.5544 3.25 -.25 5.9539 3.0285 -.25 5.6534
3 0 2.961 -.25 5.5094 3.25 -.25 5.9539 2.988 -.25 5.5544
3 0 2.65 -.25 5.1539 2.8755 -.25 5.4194 2.853 -.25 5.4239
4 0 4.608 -.25 7.1339 5.8 -.25 7.4039 4.6 -.25 7.4039 4.6 -.25 7.2539
4 0 5.2 -.25 5.2539 5.8 -.25 6.0539 5.8 -.25 7.4039 4.6 -.25 6.0539
4 0 4.608 -.25 7.1339 4.6 -.25 7.0059 4.6 -.25 6.0539 5.8 -.25 7.4039
3 0 4.4703 -.25 6.8414 4.5 -.25 6.0539 4.5 -.25 6.8313
0 // Grey faces
4 71 -6.85 -.25 7.4039 -6.7973 -.25 4.9259 -5.9966 -.25 4.9258 -6.05 -.25 7.4039
4 71 6.85 -.25 7.4039 6.05 -.25 7.4039 5.9966 -.25 4.9258 6.7973 -.25 4.9259
4 71 -6.6395 -.25 2.4524 -5.8365 -.25 2.4522 -5.9966 -.25 4.9258 -6.7973 -.25 4.9259
4 71 -6.6395 -.25 2.4524 -6.3767 -.25 -.0121 -5.57 -.25 -.0121 -5.8365 -.25 2.4522
4 71 6.6395 -.25 2.4524 6.7973 -.25 4.9259 5.9966 -.25 4.9258 5.8365 -.25 2.4522
4 71 6.6395 -.25 2.4524 5.8365 -.25 2.4522 5.57 -.25 -.0121 6.3767 -.25 -.0121
4 71 .7 -.25 1.5539 1.3 -.25 2.3539 1.25 -.25 2.4539 .65 -.25 1.6539
4 71 0 -.25 2.3539 .6 -.25 1.5539 .65 -.25 1.6539 .05 -.25 2.4539
4 71 1.3 -.25 2.3539 1.9 -.25 1.5539 1.95 -.25 1.6539 1.35 -.25 2.4539
4 71 1.95 -.25 1.6539 2 -.25 1.5539 2.6 -.25 2.3539 2.55 -.25 2.4539
4 71 2.6 -.25 2.3539 3.2 -.25 1.5539 3.25 -.25 1.6539 2.65 -.25 2.4539
4 71 3.85 -.25 2.4539 3.25 -.25 1.6539 3.3 -.25 1.5539 3.9 -.25 2.3539
4 71 3.9 -.25 2.3539 4.5 -.25 1.5539 4.55 -.25 1.6539 3.95 -.25 2.4539
4 71 5.15 -.25 2.4539 4.55 -.25 1.6539 4.6 -.25 1.5539 5.2 -.25 2.3539
4 71 5.2 -.25 2.3539 5.5714 -.25 1.8588 5.5872 -.25 2.0044 5.25 -.25 2.4539
3 71 4.5 -.25 1.5539 4.6 -.25 1.5539 4.55 -.25 1.6539
3 71 3.2 -.25 1.5539 3.3 -.25 1.5539 3.25 -.25 1.6539
3 71 1.9 -.25 1.5539 2 -.25 1.5539 1.95 -.25 1.6539
3 71 .6 -.25 1.5539 .7 -.25 1.5539 .65 -.25 1.6539
4 71 4.5 -.25 1.5539 4.5 -.25 -.0121 4.6 -.25 -.0121 4.6 -.25 1.5539
4 71 3.2 -.25 1.5539 3.2 -.25 -.0121 3.3 -.25 -.0121 3.3 -.25 1.5539
4 71 1.9 -.25 1.5539 1.9 -.25 -.0121 2 -.25 -.0121 2 -.25 1.5539
4 71 .6 -.25 1.5539 .6 -.25 -.0121 .7 -.25 -.0121 .7 -.25 1.5539
4 71 -1.25 -.25 2.4539 -1.3 -.25 2.3539 -.7 -.25 1.5539 -.65 -.25 1.6539
4 71 -.65 -.25 1.6539 -.6 -.25 1.5539 0 -.25 2.3539 -.05 -.25 2.4539
4 71 -1.95 -.25 1.6539 -1.9 -.25 1.5539 -1.3 -.25 2.3539 -1.35 -.25 2.4539
4 71 -2.6 -.25 2.3539 -2 -.25 1.5539 -1.95 -.25 1.6539 -2.55 -.25 2.4539
4 71 -3.25 -.25 1.6539 -3.2 -.25 1.5539 -2.6 -.25 2.3539 -2.65 -.25 2.4539
4 71 -3.3 -.25 1.5539 -3.25 -.25 1.6539 -3.85 -.25 2.4539 -3.9 -.25 2.3539
4 71 -4.55 -.25 1.6539 -4.5 -.25 1.5539 -3.9 -.25 2.3539 -3.95 -.25 2.4539
4 71 -4.6 -.25 1.5539 -4.55 -.25 1.6539 -5.15 -.25 2.4539 -5.2 -.25 2.3539
4 71 -5.5872 -.25 2.0044 -5.5714 -.25 1.8588 -5.2 -.25 2.3539 -5.25 -.25 2.4539
3 71 -4.6 -.25 1.5539 -4.5 -.25 1.5539 -4.55 -.25 1.6539
3 71 -3.3 -.25 1.5539 -3.2 -.25 1.5539 -3.25 -.25 1.6539
3 71 -2 -.25 1.5539 -1.9 -.25 1.5539 -1.95 -.25 1.6539
3 71 -.7 -.25 1.5539 -.6 -.25 1.5539 -.65 -.25 1.6539
4 71 -4.6 -.25 -.0121 -4.5 -.25 -.0121 -4.5 -.25 1.5539 -4.6 -.25 1.5539
4 71 -3.3 -.25 -.0121 -3.2 -.25 -.0121 -3.2 -.25 1.5539 -3.3 -.25 1.5539
4 71 -2 -.25 -.0121 -1.9 -.25 -.0121 -1.9 -.25 1.5539 -2 -.25 1.5539
4 71 -.7 -.25 -.0121 -.6 -.25 -.0121 -.6 -.25 1.5539 -.7 -.25 1.5539
4 71 5.2 -.25 2.3539 5.25 -.25 2.4539 5.25 -.25 5.1539 5.2 -.25 5.2539
4 71 5.15 -.25 5.1539 5.15 -.25 2.4539 5.2 -.25 2.3539 5.2 -.25 5.2539
4 71 3.9 -.25 2.3539 3.95 -.25 2.4539 3.95 -.25 5.1539 3.9 -.25 5.2539
4 71 3.85 -.25 5.1539 3.85 -.25 2.4539 3.9 -.25 2.3539 3.9 -.25 5.2539
4 71 2.6 -.25 2.3539 2.65 -.25 2.4539 2.65 -.25 5.1539 2.6 -.25 5.2539
4 71 2.55 -.25 5.1539 2.55 -.25 2.4539 2.6 -.25 2.3539 2.6 -.25 5.2539
4 71 1.3 -.25 2.3539 1.35 -.25 2.4539 1.35 -.25 5.1539 1.3 -.25 5.2539
4 71 1.25 -.25 5.1539 1.25 -.25 2.4539 1.3 -.25 2.3539 1.3 -.25 5.2539
4 71 -5.25 -.25 5.1539 -5.25 -.25 2.4539 -5.2 -.25 2.3539 -5.2 -.25 5.2539
4 71 -5.2 -.25 2.3539 -5.15 -.25 2.4539 -5.15 -.25 5.1539 -5.2 -.25 5.2539
4 71 -3.95 -.25 5.1539 -3.95 -.25 2.4539 -3.9 -.25 2.3539 -3.9 -.25 5.2539
4 71 -3.9 -.25 2.3539 -3.85 -.25 2.4539 -3.85 -.25 5.1539 -3.9 -.25 5.2539
4 71 -2.65 -.25 5.1539 -2.65 -.25 2.4539 -2.6 -.25 2.3539 -2.6 -.25 5.2539
4 71 -2.6 -.25 2.3539 -2.55 -.25 2.4539 -2.55 -.25 5.1539 -2.6 -.25 5.2539
4 71 -1.35 -.25 2.4539 -1.3 -.25 2.3539 -1.25 -.25 4.3121 -1.35 -.25 4.3733
3 71 -1.25 -.25 4.3121 -1.3 -.25 2.3539 -1.25 -.25 2.4539
4 71 -.05 -.25 2.4539 0 -.25 2.3539 .05 -.25 4.6881 -.05 -.25 4.6681
3 71 .05 -.25 2.4539 .05 -.25 4.6881 0 -.25 2.3539
4 71 5.25 -.25 5.1539 5.8177 -.25 5.9109 5.8 -.25 6.0539 5.2 -.25 5.2539
4 71 5.15 -.25 5.1539 5.2 -.25 5.2539 4.6 -.25 6.0539 4.55 -.25 5.9539
4 71 3.95 -.25 5.1539 4.55 -.25 5.9539 4.5 -.25 6.0539 3.9 -.25 5.2539
4 71 3.25 -.25 5.9539 3.85 -.25 5.1539 3.9 -.25 5.2539 3.3 -.25 6.0539
4 71 1.95 -.25 5.9539 2.55 -.25 5.1539 2.6 -.25 5.2539 2 -.25 6.0539
4 71 1.35 -.25 5.1539 1.95 -.25 5.9539 1.9 -.25 6.0539 1.3 -.25 5.2539
4 71 .65 -.25 5.9539 1.25 -.25 5.1539 1.3 -.25 5.2539 .7 -.25 6.0539
4 71 .05 -.25 5.1539 .65 -.25 5.9539 .6 -.25 6.0539 0 -.25 5.2539
4 71 3.2 -.25 7.4039 3.2 -.25 6.0539 3.3 -.25 6.0539 3.3 -.25 7.4039
4 71 -5.85 -.25 7.4039 -5.8177 -.25 5.9109 -5.8 -.25 6.0539 -5.8 -.25 7.4039
4 71 -5.8 -.25 6.0539 -5.8177 -.25 5.9109 -5.25 -.25 5.1539 -5.2 -.25 5.2539
4 71 -4.6 -.25 6.0539 -5.2 -.25 5.2539 -5.15 -.25 5.1539 -4.55 -.25 5.9539
4 71 -4.5 -.25 6.0539 -4.55 -.25 5.9539 -3.95 -.25 5.1539 -3.9 -.25 5.2539
4 71 -3.9 -.25 5.2539 -3.85 -.25 5.1539 -3.25 -.25 5.9539 -3.3 -.25 6.0539
4 71 -3.2 -.25 6.0539 -3.25 -.25 5.9539 -2.65 -.25 5.1539 -2.6 -.25 5.2539
4 71 -2.6 -.25 5.2539 -2.55 -.25 5.1539 -1.95 -.25 5.9539 -2 -.25 6.0539
4 71 -4.5 -.25 6.6914 -4.6 -.25 6.0539 -4.55 -.25 5.9539 -4.5 -.25 6.0539
4 71 -2 -.25 6.4163 -2 -.25 6.0539 -1.9 -.25 6.0539 -1.9 -.25 6.1935
3 71 -1.8229 -.25 5.7844 -1.7625 -.25 5.8705 -1.9 -.25 6.0539
4 71 -2 -.25 6.0539 -1.95 -.25 5.9539 -1.8229 -.25 5.7844 -1.9 -.25 6.0539
4 71 0 -.25 5.2539 -.3272 -.25 5.6902 -.3966 -.25 5.616 -.05 -.25 5.1539
3 71 -.05 -.25 5.0008 0 -.25 5.2539 -.05 -.25 5.1539
3 71 3.0303 -.25 5.661 3.25 -.25 5.9539 3.0727 -.25 5.8841
4 71 0 -.25 5.2539 -.05 -.25 5.0008 .05 -.25 5.0438 .05 -.25 5.1539
4 71 2.6 -.25 5.2539 2.65 -.25 5.1539 2.853 -.25 5.4239 2.7802 -.25 5.4942
4 71 3.3 -.25 6.0539 3.2 -.25 6.0539 3.0727 -.25 5.8841 3.25 -.25 5.9539
4 71 -1.4424 -.25 5.2771 -1.35 -.25 5.1539 -1.3 -.25 5.2539 -1.3696 -.25 5.3466
4 71 -3.204 -.25 7.3454 -3.3 -.25 7.2562 -3.3 -.25 6.0539 -3.2 -.25 7.2527
4 71 -3.25 -.25 5.9539 -3.2 -.25 6.0539 -3.2 -.25 7.2527 -3.3 -.25 6.0539
3 71 -4.5 -.25 6.6914 -4.6 -.25 6.8879 -4.6 -.25 6.0539
4 71 5.8 -.25 6.0539 5.8177 -.25 5.9109 5.85 -.25 7.4039 5.8 -.25 7.4039
4 71 .7 -.25 6.7456 .6 -.25 6.0539 .65 -.25 5.9539 .7 -.25 6.0539
3 71 .6 -.25 6.0539 .7 -.25 6.7456 .6 -.25 6.6357
3 71 4.5 -.25 6.0539 4.6 -.25 7.0059 4.5 -.25 6.8313
3 71 1.9 -.25 6.0539 2 -.25 7.1772 1.9 -.25 7.1297
4 71 1.95 -.25 5.9539 2 -.25 6.0539 2 -.25 7.1772 1.9 -.25 6.0539
4 71 4.55 -.25 5.9539 4.6 -.25 6.0539 4.6 -.25 7.0059 4.5 -.25 6.0539
3 71 -1.25 -.25 4.6185 -1.25 -.25 4.6804 -1.35 -.25 4.7092
0 // Red faces
3 4 -6.85 -.25 7.4039 -8 -.25 7.4039 -6.7973 -.25 4.9259
3 4 6.85 -.25 7.4039 6.7973 -.25 4.9259 8 -.25 7.4039
4 4 -6.6395 -.25 2.4524 -6.7973 -.25 4.9259 -8 -.25 7.4039 -8 -.25 -.0121
3 4 -6.6395 -.25 2.4524 -8 -.25 -.0121 -6.3767 -.25 -.0121
4 4 6.6395 -.25 2.4524 8 -.25 -.0121 8 -.25 7.4039 6.7973 -.25 4.9259
3 4 6.6395 -.25 2.4524 6.3767 -.25 -.0121 8 -.25 -.0121
0 // Grey horse faces
4 71 -4.842 -.25 7.2644 -4.869 -.25 7.2509 -4.8825 -.25 7.2329 -4.86 -.25 7.2239
4 71 -4.8195 -.25 7.2824 -4.842 -.25 7.2644 -4.86 -.25 7.2239 -4.8285 -.25 7.2194
4 71 -4.788 -.25 7.3004 -4.8195 -.25 7.2824 -4.8285 -.25 7.2194 -4.7925 -.25 7.2104
4 71 -4.7565 -.25 7.3274 -4.788 -.25 7.3004 -4.7925 -.25 7.2104 -4.7655 -.25 7.1969
4 71 -4.7205 -.25 7.3544 -4.7565 -.25 7.3274 -4.7655 -.25 7.1969 -4.743 -.25 7.1789
4 71 -4.689 -.25 7.3724 -4.7205 -.25 7.3544 -4.743 -.25 7.1789 -4.7295 -.25 7.1699
4 71 -4.662 -.25 7.3814 -4.689 -.25 7.3724 -4.7295 -.25 7.1699 -4.7115 -.25 7.1699
3 71 -4.6485 -.25 7.0259 -4.6 -.25 6.8879 -4.6485 -.25 7.0484
3 71 -4.6485 -.25 7.0484 -4.6 -.25 6.8879 -4.6485 -.25 7.0709
4 71 -4.6 -.25 6.8879 -4.59 -.25 7.1339 -4.644 -.25 7.0934 -4.6485 -.25 7.0709
4 71 -4.6395 -.25 7.3859 -4.662 -.25 7.3814 -4.7115 -.25 7.1699 -4.6935 -.25 7.1834
3 71 -4.6305 -.25 7.1564 -4.59 -.25 7.1339 -4.617 -.25 7.1789
3 71 -4.626 -.25 7.2734 -4.6035 -.25 7.3409 -4.608 -.25 7.3769
4 71 -4.6215 -.25 7.3859 -4.6395 -.25 7.3859 -4.6935 -.25 7.1834 -4.662 -.25 7.2194
3 71 -4.617 -.25 7.1789 -4.59 -.25 7.1339 -4.608 -.25 7.1969
4 71 -4.608 -.25 6.8594 -4.6305 -.25 6.8594 -4.6305 -.25 6.8459 -4.617 -.25 6.8459
4 71 -4.4325 -.25 7.1114 -4.6 -.25 7.2169 -4.608 -.25 7.1969 -4.59 -.25 7.1339
4 71 -4.608 -.25 7.3769 -4.6215 -.25 7.3859 -4.662 -.25 7.2194 -4.626 -.25 7.2734
4 71 -4.6035 -.25 6.8774 -4.6305 -.25 6.8729 -4.6305 -.25 6.8594 -4.608 -.25 6.8594
4 71 -4.6 -.25 6.8879 -4.6305 -.25 6.8909 -4.6305 -.25 6.8729 -4.6035 -.25 6.8774
4 71 -4.59 -.25 7.1339 -4.6305 -.25 7.1564 -4.6395 -.25 7.1249 -4.644 -.25 7.0934
4 71 -4.6305 -.25 6.8909 -4.6 -.25 6.8879 -4.6395 -.25 6.9404 -4.635 -.25 6.9134
4 71 -4.6395 -.25 6.9404 -4.6 -.25 6.8879 -4.6485 -.25 6.9989 -4.644 -.25 6.9674
3 71 -4.6 -.25 6.8879 -4.6485 -.25 7.0259 -4.6485 -.25 6.9989
3 71 -4.2165 -.25 7.3364 -4.6 -.25 7.4039 -4.2165 -.25 7.3184
3 71 -4.5 -.25 7.0799 -4.59 -.25 7.1339 -4.6 -.25 6.8879
3 71 -4.5 -.25 7.0799 -4.4415 -.25 7.0619 -4.4415 -.25 7.0979
3 71 -4.473 -.25 6.9449 -4.6 -.25 6.8879 -4.482 -.25 6.9089
3 71 -4.464 -.25 6.9764 -4.6 -.25 6.8879 -4.473 -.25 6.9449
4 71 -4.455 -.25 7.0079 -4.5 -.25 7.0799 -4.6 -.25 6.8879 -4.464 -.25 6.9764
4 71 -4.4415 -.25 7.0619 -4.5 -.25 7.0799 -4.455 -.25 7.0079 -4.446 -.25 7.0349
4 71 -4.59 -.25 7.1339 -4.5 -.25 7.0799 -4.4415 -.25 7.0979 -4.4325 -.25 7.1114
4 71 -4.392 -.25 7.1204 -4.392 -.25 7.1339 -4.419 -.25 7.1024 -4.41 -.25 7.0889
4 71 -4.3875 -.25 7.0799 -4.3875 -.25 7.0979 -4.4055 -.25 7.0709 -4.392 -.25 7.0574
4 71 -4.3875 -.25 7.0979 -4.392 -.25 7.1204 -4.41 -.25 7.0889 -4.4055 -.25 7.0709
4 71 -4.2165 -.25 7.3184 -4.6 -.25 7.4039 -4.383 -.25 7.1474 -4.3695 -.25 7.1609
3 71 -4.356 -.25 7.1519 -4.338 -.25 7.1159 -4.2165 -.25 7.3004
3 71 -4.6 -.25 7.4039 -4.4325 -.25 7.1114 -4.419 -.25 7.1024
3 71 -4.6 -.25 7.4039 -4.6 -.25 7.2169 -4.4325 -.25 7.1114
4 71 -4.419 -.25 7.1024 -4.392 -.25 7.1339 -4.383 -.25 7.1474 -4.6 -.25 7.4039
3 71 -4.329 -.25 7.0754 -4.185 -.25 7.0709 -4.338 -.25 7.1159
4 71 -4.356 -.25 7.1519 -4.2165 -.25 7.3004 -4.2165 -.25 7.3184 -4.3695 -.25 7.1609
3 71 -4.6 -.25 7.4039 -4.2165 -.25 7.3364 -4.212 -.25 7.3544
3 71 -4.212 -.25 7.3544 -4.203 -.25 7.3769 -4.6 -.25 7.4039
3 71 -4.203 -.25 7.3769 -4.1895 -.25 7.3949 -4.6 -.25 7.4039
4 71 -4.185 -.25 7.0709 -4.329 -.25 7.0754 -4.311 -.25 7.0259 -4.293 -.25 6.9854
4 71 -4.185 -.25 7.0709 -4.203 -.25 7.2869 -4.2165 -.25 7.3004 -4.338 -.25 7.1159
3 71 -4.185 -.25 7.0709 -4.104 -.25 7.1789 -4.122 -.25 7.2059
3 71 -4.185 -.25 7.0709 -4.086 -.25 7.1609 -4.104 -.25 7.1789
3 71 -4.185 -.25 7.0709 -4.0725 -.25 7.1519 -4.086 -.25 7.1609
3 71 -4.185 -.25 7.0709 -4.059 -.25 7.1474 -4.0725 -.25 7.1519
4 71 -4.167 -.25 6.9809 -4.185 -.25 7.0709 -4.293 -.25 6.9854 -4.266 -.25 6.9359
3 71 -4.167 -.25 6.9809 -4.1535 -.25 6.9854 -4.185 -.25 7.0709
4 71 -4.1625 -.25 6.9719 -4.167 -.25 6.9809 -4.266 -.25 6.9359 -4.2525 -.25 6.9089
4 71 -4.1535 -.25 6.9584 -4.1625 -.25 6.9719 -4.2525 -.25 6.9089 -4.239 -.25 6.8909
4 71 -4.14 -.25 6.9404 -4.1535 -.25 6.9584 -4.239 -.25 6.8909 -4.221 -.25 6.8639
4 71 -4.1355 -.25 7.2329 -4.14 -.25 7.2689 -4.1895 -.25 7.3229 -4.1895 -.25 7.3094
4 71 -4.1355 -.25 7.3004 -4.185 -.25 7.3364 -4.1895 -.25 7.3229 -4.14 -.25 7.2689
4 71 -4.1265 -.25 6.9224 -4.14 -.25 6.9404 -4.221 -.25 6.8639 -4.203 -.25 6.8414
4 71 -4.1265 -.25 7.3229 -4.1805 -.25 7.3499 -4.185 -.25 7.3364 -4.1355 -.25 7.3004
4 71 -4.122 -.25 7.2059 -4.1895 -.25 7.2959 -4.203 -.25 7.2869 -4.185 -.25 7.0709
4 71 -4.122 -.25 7.2059 -4.1355 -.25 7.2329 -4.1895 -.25 7.3094 -4.1895 -.25 7.2959
4 71 -4.113 -.25 7.3409 -4.1715 -.25 7.3679 -4.1805 -.25 7.3499 -4.1265 -.25 7.3229
4 71 -4.1085 -.25 6.8954 -4.1265 -.25 6.9224 -4.203 -.25 6.8414 -4.1805 -.25 6.8054
3 71 -4.1085 -.25 6.9584 -3.789 -.25 7.0709 -4.1355 -.25 6.9764
4 71 -4.095 -.25 7.3544 -4.1625 -.25 7.3814 -4.1715 -.25 7.3679 -4.113 -.25 7.3409
4 71 -4.0905 -.25 6.8684 -4.1085 -.25 6.8954 -4.1805 -.25 6.8054 -4.158 -.25 6.7559
3 71 -4.0815 -.25 6.9359 -3.789 -.25 7.0709 -4.1085 -.25 6.9584
4 71 -4.0725 -.25 7.3679 -4.149 -.25 7.3949 -4.1625 -.25 7.3814 -4.095 -.25 7.3544
4 71 -4.068 -.25 6.8279 -4.0905 -.25 6.8684 -4.158 -.25 6.7559 -4.14 -.25 6.7199
3 71 -4.0545 -.25 6.9089 -3.789 -.25 7.0709 -4.0815 -.25 6.9359
4 71 -4.0545 -.25 7.3769 -4.14 -.25 7.4039 -4.149 -.25 7.3949 -4.0725 -.25 7.3679
4 71 -4.05 -.25 6.7964 -4.068 -.25 6.8279 -4.14 -.25 6.7199 -4.122 -.25 6.6794
3 71 -4.0455 -.25 7.2104 -3.789 -.25 7.0709 -4.0455 -.25 7.2284
3 71 -4.0455 -.25 7.2284 -3.789 -.25 7.0709 -4.0455 -.25 7.2419
4 71 -4.0365 -.25 6.7604 -4.05 -.25 6.7964 -4.122 -.25 6.6794 -4.104 -.25 6.6389
3 71 -4.0365 -.25 7.1519 -3.789 -.25 7.0709 -4.0365 -.25 7.1699
3 71 -4.0365 -.25 7.1699 -3.789 -.25 7.0709 -4.041 -.25 7.1834
3 71 -4.032 -.25 6.8774 -3.789 -.25 7.0709 -4.0545 -.25 6.9089
4 71 -4.023 -.25 6.7289 -4.0365 -.25 6.7604 -4.104 -.25 6.6389 -4.086 -.25 6.5894
4 71 -4.005 -.25 6.6839 -4.023 -.25 6.7289 -4.086 -.25 6.5894 -4.068 -.25 6.5399
3 71 -4.0005 -.25 7.3049 -3.789 -.25 7.0709 -3.987 -.25 7.3184
4 71 -3.996 -.25 6.6524 -4.005 -.25 6.6839 -4.068 -.25 6.5399 -4.0455 -.25 6.4859
4 71 -3.987 -.25 6.6299 -3.996 -.25 6.6524 -4.0455 -.25 6.4859 -4.032 -.25 6.4499
3 71 -3.987 -.25 7.3184 -3.789 -.25 7.0709 -3.978 -.25 7.3274
3 71 -3.9825 -.25 6.2069 -3.87 -.25 6.6839 -3.96 -.25 6.5849
4 71 -3.9825 -.25 6.6119 -3.987 -.25 6.6299 -4.032 -.25 6.4499 -4.0185 -.25 6.4049
4 71 -3.978 -.25 6.5894 -3.9825 -.25 6.6119 -4.0185 -.25 6.4049 -4.0095 -.25 6.3644
3 71 -3.978 -.25 7.3274 -3.789 -.25 7.0709 -3.969 -.25 7.3409
3 71 -3.9735 -.25 6.7334 -3.87 -.25 6.6839 -3.9825 -.25 6.7649
4 71 -3.969 -.25 6.5759 -3.978 -.25 6.5894 -4.0095 -.25 6.3644 -4.0005 -.25 6.2609
3 71 -3.969 -.25 7.3409 -3.789 -.25 7.0709 -3.9645 -.25 7.3589
3 71 -3.9645 -.25 6.6974 -3.87 -.25 6.6839 -3.9735 -.25 6.7334
3 71 -3.96 -.25 6.1664 -3.753 -.25 6.2204 -3.9825 -.25 6.2069
4 71 -3.96 -.25 6.5849 -3.969 -.25 6.5759 -4.0005 -.25 6.2609 -3.9825 -.25 6.2069
3 71 -3.96 -.25 6.5849 -3.87 -.25 6.6839 -3.96 -.25 6.6029
3 71 -3.96 -.25 6.6029 -3.87 -.25 6.6839 -3.96 -.25 6.6254
3 71 -3.96 -.25 6.6254 -3.87 -.25 6.6839 -3.96 -.25 6.6569
3 71 -3.96 -.25 6.6569 -3.87 -.25 6.6839 -3.9645 -.25 6.6974
4 71 -3.87 -.25 6.6839 -4.014 -.25 6.8459 -4.0005 -.25 6.8099 -3.9825 -.25 6.7649
3 71 -3.87 -.25 6.6839 -3.627 -.25 6.5309 -3.6315 -.25 6.5489
3 71 -3.87 -.25 6.6839 -3.618 -.25 6.5174 -3.627 -.25 6.5309
4 71 -3.789 -.25 7.0709 -4.185 -.25 7.0709 -4.1535 -.25 6.9854 -4.1355 -.25 6.9764
4 71 -3.789 -.25 7.0709 -4.0455 -.25 7.2104 -4.0455 -.25 7.1969 -4.041 -.25 7.1834
4 71 -3.789 -.25 7.0709 -4.0365 -.25 7.1519 -4.059 -.25 7.1474 -4.185 -.25 7.0709
4 71 -3.789 -.25 7.0709 -4.0365 -.25 7.2644 -4.041 -.25 7.2554 -4.0455 -.25 7.2419
4 71 -3.789 -.25 7.0709 -4.032 -.25 6.8774 -4.014 -.25 6.8459 -3.87 -.25 6.6839
4 71 -3.789 -.25 7.0709 -4.023 -.25 7.2824 -4.032 -.25 7.2734 -4.0365 -.25 7.2644
4 71 -3.789 -.25 7.0709 -4.0005 -.25 7.3049 -4.014 -.25 7.2959 -4.023 -.25 7.2824
3 71 -3.789 -.25 7.0709 -3.6405 -.25 7.3499 -3.654 -.25 7.3679
3 71 -3.789 -.25 7.0709 -3.627 -.25 7.3319 -3.6405 -.25 7.3499
3 71 -3.789 -.25 7.0709 -3.5595 -.25 7.2329 -3.573 -.25 7.2554
3 71 -3.789 -.25 7.0709 -3.5235 -.25 7.1564 -3.537 -.25 7.1834
3 71 -3.789 -.25 7.0709 -3.5145 -.25 7.1384 -3.5235 -.25 7.1564
3 71 -3.789 -.25 7.0709 -3.4965 -.25 7.1339 -3.5145 -.25 7.1384
4 71 -3.7845 -.25 6.1439 -3.789 -.25 6.1664 -3.879 -.25 6.0899 -3.8475 -.25 6.0674
4 71 -3.78 -.25 6.1889 -3.9105 -.25 6.1124 -3.879 -.25 6.0899 -3.789 -.25 6.1664
4 71 -3.771 -.25 6.1214 -3.7845 -.25 6.1439 -3.8475 -.25 6.0674 -3.816 -.25 6.0494
4 71 -3.7665 -.25 6.2069 -3.933 -.25 6.1349 -3.9105 -.25 6.1124 -3.78 -.25 6.1889
4 71 -3.753 -.25 6.1079 -3.771 -.25 6.1214 -3.816 -.25 6.0494 -3.78 -.25 6.0269
4 71 -3.753 -.25 6.2204 -3.96 -.25 6.1664 -3.933 -.25 6.1349 -3.7665 -.25 6.2069
4 71 -3.726 -.25 6.0899 -3.753 -.25 6.1079 -3.78 -.25 6.0269 -3.753 -.25 6.0134
3 71 -3.7125 -.25 6.2204 -3.5685 -.25 6.3464 -3.735 -.25 6.2249
4 71 -3.699 -.25 6.0809 -3.726 -.25 6.0899 -3.753 -.25 6.0134 -3.7125 -.25 5.9954
4 71 -3.6765 -.25 5.9864 -3.6765 -.25 6.0764 -3.699 -.25 6.0809 -3.7125 -.25 5.9954
4 71 -3.654 -.25 7.3679 -3.6675 -.25 7.3859 -3.6765 -.25 7.3949 -3.789 -.25 7.0709
3 71 -3.6405 -.25 6.1124 -3.492 -.25 6.0944 -3.6495 -.25 6.1214
3 71 -3.6315 -.25 6.1034 -3.492 -.25 6.0944 -3.6405 -.25 6.1124
3 71 -3.6315 -.25 6.5489 -3.627 -.25 6.5624 -3.87 -.25 6.6839
3 71 -3.627 -.25 6.0944 -3.492 -.25 6.0944 -3.6315 -.25 6.1034
3 71 -3.618 -.25 6.5174 -3.5685 -.25 6.3464 -3.6045 -.25 6.5084
4 71 -3.618 -.25 6.5714 -3.789 -.25 7.0709 -3.87 -.25 6.6839 -3.627 -.25 6.5624
3 71 -3.618 -.25 6.5714 -3.609 -.25 6.5714 -3.789 -.25 7.0709
4 71 -3.609 -.25 5.9819 -3.6765 -.25 6.0764 -3.6765 -.25 5.9864 -3.645 -.25 5.9819
3 71 -3.6045 -.25 6.5084 -3.5685 -.25 6.3464 -3.582 -.25 6.5039
4 71 -3.5955 -.25 7.2914 -3.609 -.25 7.3094 -3.627 -.25 7.3319 -3.789 -.25 7.0709
4 71 -3.5775 -.25 5.9864 -3.654 -.25 6.0719 -3.6765 -.25 6.0764 -3.609 -.25 5.9819
4 71 -3.573 -.25 7.2554 -3.5865 -.25 7.2779 -3.5955 -.25 7.2914 -3.789 -.25 7.0709
4 71 -3.5685 -.25 6.3464 -3.9825 -.25 6.2069 -3.753 -.25 6.2204 -3.735 -.25 6.2249
4 71 -3.5685 -.25 6.3464 -3.618 -.25 6.5174 -3.87 -.25 6.6839 -3.9825 -.25 6.2069
4 71 -3.5595 -.25 6.3284 -3.5685 -.25 6.3464 -3.7125 -.25 6.2204 -3.708 -.25 6.2159
4 71 -3.555 -.25 6.3824 -3.5685 -.25 6.5084 -3.582 -.25 6.5039 -3.5685 -.25 6.3464
4 71 -3.5505 -.25 5.9909 -3.6405 -.25 6.0764 -3.654 -.25 6.0719 -3.5775 -.25 5.9864
4 71 -3.5505 -.25 6.3014 -3.5595 -.25 6.3284 -3.708 -.25 6.2159 -3.7035 -.25 6.2069
4 71 -3.537 -.25 6.2699 -3.5505 -.25 6.3014 -3.7035 -.25 6.2069 -3.699 -.25 6.1889
4 71 -3.537 -.25 7.1834 -3.546 -.25 7.2059 -3.5595 -.25 7.2329 -3.789 -.25 7.0709
4 71 -3.528 -.25 6.2384 -3.537 -.25 6.2699 -3.699 -.25 6.1889 -3.69 -.25 6.1754
4 71 -3.528 -.25 6.3869 -3.564 -.25 6.5264 -3.5685 -.25 6.5084 -3.555 -.25 6.3824
4 71 -3.5145 -.25 6.1844 -3.528 -.25 6.2384 -3.69 -.25 6.1754 -3.6765 -.25 6.1529
4 71 -3.501 -.25 6.1439 -3.5145 -.25 6.1844 -3.6765 -.25 6.1529 -3.663 -.25 6.1349
4 71 -3.4965 -.25 6.0179 -3.6405 -.25 6.0764 -3.5505 -.25 5.9909 -3.5235 -.25 5.9999
4 71 -3.492 -.25 6.0944 -3.501 -.25 6.1439 -3.663 -.25 6.1349 -3.6495 -.25 6.1214
4 71 -3.4875 -.25 6.0404 -3.6315 -.25 6.0809 -3.6405 -.25 6.0764 -3.4965 -.25 6.0179
4 71 -3.4875 -.25 6.0404 -3.492 -.25 6.0944 -3.627 -.25 6.0944 -3.6315 -.25 6.0809
4 71 -3.4245 -.25 6.5309 -3.4245 -.25 6.5759 -3.5775 -.25 6.5534 -3.5685 -.25 6.5399
4 71 -3.42 -.25 6.4859 -3.4245 -.25 6.5309 -3.5685 -.25 6.5399 -3.564 -.25 6.5264
4 71 -3.42 -.25 6.6434 -3.5955 -.25 6.5669 -3.5775 -.25 6.5534 -3.4245 -.25 6.5759
4 71 -3.411 -.25 6.6974 -3.609 -.25 6.5714 -3.5955 -.25 6.5669 -3.42 -.25 6.6434
4 71 -3.402 -.25 6.4409 -3.42 -.25 6.4859 -3.564 -.25 6.5264 -3.528 -.25 6.3869
4 71 -3.402 -.25 6.7559 -3.789 -.25 7.0709 -3.609 -.25 6.5714 -3.411 -.25 6.6974
3 71 -3.402 -.25 6.7559 -3.3885 -.25 6.8189 -3.789 -.25 7.0709
4 71 -3.3885 -.25 6.4094 -3.402 -.25 6.4409 -3.528 -.25 6.3869 -3.5145 -.25 6.3779
3 71 -3.3885 -.25 6.8189 -3.3705 -.25 6.8819 -3.789 -.25 7.0709
4 71 -3.3705 -.25 6.1664 -3.4425 -.25 6.1484 -3.4245 -.25 6.1304 -3.393 -.25 6.1394
4 71 -3.3705 -.25 6.3599 -3.3885 -.25 6.4094 -3.5145 -.25 6.3779 -3.501 -.25 6.3509
4 71 -3.357 -.25 6.2024 -3.456 -.25 6.1889 -3.4425 -.25 6.1484 -3.3705 -.25 6.1664
4 71 -3.3525 -.25 6.3194 -3.3705 -.25 6.3599 -3.501 -.25 6.3509 -3.4875 -.25 6.3104
4 71 -3.348 -.25 6.2384 -3.465 -.25 6.2294 -3.456 -.25 6.1889 -3.357 -.25 6.2024
4 71 -3.348 -.25 6.2384 -3.348 -.25 6.2834 -3.4785 -.25 6.2744 -3.465 -.25 6.2294
4 71 -3.348 -.25 6.2834 -3.3525 -.25 6.3194 -3.4875 -.25 6.3104 -3.4785 -.25 6.2744
4 71 -3.348 -.25 6.9584 -3.4965 -.25 7.1339 -3.789 -.25 7.0709 -3.3705 -.25 6.8819
4 71 -3.3435 -.25 6.9899 -3.492 -.25 7.1429 -3.4965 -.25 7.1339 -3.348 -.25 6.9584
4 71 -3.3435 -.25 7.1654 -3.348 -.25 7.1924 -3.519 -.25 7.2959 -3.5055 -.25 7.2779
4 71 -3.3435 -.25 7.2239 -3.537 -.25 7.3139 -3.519 -.25 7.2959 -3.348 -.25 7.1924
4 71 -3.339 -.25 7.0214 -3.4875 -.25 7.1519 -3.492 -.25 7.1429 -3.3435 -.25 6.9899
4 71 -3.3345 -.25 7.0529 -3.4875 -.25 7.1834 -3.4875 -.25 7.1519 -3.339 -.25 7.0214
4 71 -3.3345 -.25 7.0529 -3.3345 -.25 7.0889 -3.4875 -.25 7.2149 -3.4875 -.25 7.1834
4 71 -3.3345 -.25 7.0889 -3.3345 -.25 7.1249 -3.492 -.25 7.2464 -3.4875 -.25 7.2149
4 71 -3.3345 -.25 7.1249 -3.3435 -.25 7.1654 -3.5055 -.25 7.2779 -3.492 -.25 7.2464
4 71 -3.3345 -.25 7.2419 -3.555 -.25 7.3274 -3.537 -.25 7.3139 -3.3435 -.25 7.2239
4 71 -3.321 -.25 7.2509 -3.5775 -.25 7.3454 -3.555 -.25 7.3274 -3.3345 -.25 7.2419
4 71 -3.204 -.25 7.3454 -3.5775 -.25 7.3454 -3.321 -.25 7.2509 -3.3 -.25 7.2562
4 71 -2.907 -.25 7.2689 -3.204 -.25 7.3454 -3.2 -.25 7.2527 -3.159 -.25 7.2419
4 71 -2.88 -.25 7.1114 -2.907 -.25 7.2689 -3.159 -.25 7.2419 -3.0105 -.25 7.1699
3 71 -2.88 -.25 7.1114 -2.7585 -.25 7.0529 -2.907 -.25 7.2689
4 71 -2.5875 -.25 6.9404 -2.5875 -.25 7.1519 -2.907 -.25 7.2689 -2.7585 -.25 7.0529
3 71 -2.5875 -.25 7.1519 -2.421 -.25 7.2959 -2.4615 -.25 7.3229
3 71 -2.5875 -.25 7.1519 -2.3805 -.25 7.2689 -2.421 -.25 7.2959
3 71 -2.5875 -.25 7.1519 -2.259 -.25 7.1924 -2.295 -.25 7.2104
4 71 -2.4615 -.25 7.3229 -2.5155 -.25 7.3634 -2.5695 -.25 7.3949 -2.5875 -.25 7.1519
3 71 -2.4075 -.25 7.3679 1.2004 -.25 7.4039 -2.4525 -.25 7.4039
3 71 -2.3985 -.25 6.7784 -2.088 -.25 6.8729 -2.4885 -.25 6.8594
3 71 -2.3625 -.25 6.7424 -2.088 -.25 6.8729 -2.3985 -.25 6.7784
4 71 -2.295 -.25 7.2104 -2.34 -.25 7.2419 -2.3805 -.25 7.2689 -2.5875 -.25 7.1519
3 71 -2.1645 -.25 5.3429 -1.8 -.25 5.5139 -2.124 -.25 5.3834
4 71 -2.151 -.25 5.0594 -2.16 -.25 5.0909 -2.2725 -.25 5.0009 -2.259 -.25 4.9604
4 71 -2.151 -.25 5.1224 -2.2815 -.25 5.0504 -2.2725 -.25 5.0009 -2.16 -.25 5.0909
4 71 -2.151 -.25 5.1224 -2.268 -.25 5.1539 -2.277 -.25 5.0999 -2.2815 -.25 5.0504
4 71 -2.151 -.25 5.1224 -2.214 -.25 5.2754 -2.2455 -.25 5.2169 -2.268 -.25 5.1539
4 71 -2.1375 -.25 5.0324 -2.151 -.25 5.0594 -2.259 -.25 4.9604 -2.232 -.25 4.9109
4 71 -2.1375 -.25 5.1359 -2.1645 -.25 5.3429 -2.214 -.25 5.2754 -2.151 -.25 5.1224
3 71 -2.1375 -.25 5.1359 -2.1195 -.25 5.1359 -2.1645 -.25 5.3429
4 71 -2.1285 -.25 5.0189 -2.1375 -.25 5.0324 -2.232 -.25 4.9109 -2.2005 -.25 4.8704
4 71 -2.1195 -.25 5.0099 -2.1285 -.25 5.0189 -2.2005 -.25 4.8704 -2.1645 -.25 4.8434
3 71 -2.1195 -.25 5.0099 -1.9395 -.25 4.8569 -2.1015 -.25 5.0144
3 71 -2.1195 -.25 5.1359 -2.106 -.25 5.1179 -2.1645 -.25 5.3429
3 71 -2.115 -.25 6.5399 -2.043 -.25 6.4679 -2.088 -.25 6.8729
3 71 -2.106 -.25 5.1179 -1.9395 -.25 4.8569 -2.1645 -.25 5.3429
3 71 -2.1015 -.25 5.0144 -1.9395 -.25 4.8569 -2.1015 -.25 5.0279
3 71 -2.1015 -.25 5.0279 -1.9395 -.25 4.8569 -2.1015 -.25 5.0504
3 71 -2.1015 -.25 5.0504 -1.9395 -.25 4.8569 -2.1015 -.25 5.0819
3 71 -2.1015 -.25 5.0819 -1.9395 -.25 4.8569 -2.106 -.25 5.1179
4 71 -2.088 -.25 6.8729 -2.5875 -.25 7.1519 -2.5875 -.25 6.9404 -2.4885 -.25 6.8594
4 71 -2.088 -.25 6.8729 -2.3625 -.25 6.7424 -2.3175 -.25 6.6884 -2.2545 -.25 6.6344
4 71 -2.088 -.25 6.8729 -2.2545 -.25 6.6344 -2.178 -.25 6.5804 -2.115 -.25 6.5399
4 71 -2.088 -.25 6.8729 -2.241 -.25 7.1924 -2.259 -.25 7.1924 -2.5875 -.25 7.1519
3 71 -2.088 -.25 6.8729 -1.9125 -.25 6.7649 -1.9125 -.25 6.8189
3 71 -2.088 -.25 6.8729 -1.908 -.25 6.7154 -1.9125 -.25 6.7649
3 71 -2.088 -.25 6.8729 -1.899 -.25 6.6749 -1.908 -.25 6.7154
3 71 -2.088 -.25 6.8729 -1.8855 -.25 6.6254 -1.899 -.25 6.6749
3 71 -2.367 -.25 7.3319 -2.3265 -.25 7.2959 .7515 -.25 7.1519
4 71 .738 -.25 7.1474 .7515 -.25 7.1519 -2.3265 -.25 7.2959 -2.2905 -.25 7.2644
4 71 -1.8045 -.25 7.0709 -2.2455 -.25 7.2149 -2.241 -.25 7.1924 -1.827 -.25 7.0484
4 71 -1.827 -.25 7.0484 -2.241 -.25 7.1924 -2.088 -.25 6.8729 -1.8495 -.25 7.0214
3 71 -2.0745 -.25 4.7894 -1.9395 -.25 4.6994 -1.9395 -.25 4.8569
3 71 -2.043 -.25 6.4679 -2 -.25 6.4163 -2.088 -.25 6.8729
3 71 -2 -.25 6.4163 -1.854 -.25 6.5579 -1.872 -.25 6.5894
4 71 -1.746 -.25 6.3014 -1.836 -.25 6.5354 -1.854 -.25 6.5579 -2 -.25 6.4163
3 71 -1.9395 -.25 4.6994 -1.836 -.25 4.7264 -1.8585 -.25 4.7534
3 71 -1.9395 -.25 4.6994 -1.791 -.25 4.6994 -1.836 -.25 4.7264
4 71 -1.9395 -.25 4.8569 -2.1195 -.25 5.0099 -2.1645 -.25 4.8434 -2.0745 -.25 4.7894
3 71 -1.9125 -.25 6.8189 -1.908 -.25 6.8639 -2.088 -.25 6.8729
3 71 -1.908 -.25 6.8639 -1.899 -.25 6.9089 -2.088 -.25 6.8729
3 71 -1.899 -.25 6.9089 -1.8855 -.25 6.9494 -2.088 -.25 6.8729
3 71 -1.8855 -.25 6.9494 -1.8675 -.25 6.9899 -2.088 -.25 6.8729
4 71 -1.872 -.25 6.5894 -1.8855 -.25 6.6254 -2.088 -.25 6.8729 -2 -.25 6.4163
3 71 -1.863 -.25 4.7804 -1.836 -.25 4.7849 -1.9395 -.25 4.8569
4 71 -1.8585 -.25 4.7534 -1.863 -.25 4.7804 -1.9395 -.25 4.8569 -1.9395 -.25 4.6994
3 71 -2.088 -.25 6.8729 -1.8675 -.25 6.9899 -1.8495 -.25 7.0214
3 71 -1.836 -.25 6.5354 -1.746 -.25 6.3014 -1.8135 -.25 6.5264
4 71 -2.2455 -.25 7.2149 -1.8045 -.25 7.0709 -1.7865 -.25 7.0844 -2.2635 -.25 7.2374
3 71 -1.8135 -.25 6.5264 -1.746 -.25 6.3014 -1.7955 -.25 6.5354
3 71 -1.8135 -.25 6.9269 -1.44 -.25 6.7739 -1.8 -.25 6.9674
3 71 -1.8045 -.25 6.6029 -1.44 -.25 6.7739 -1.8135 -.25 6.6299
4 71 -2.2635 -.25 7.2374 -1.7865 -.25 7.0844 -1.773 -.25 7.0889 -2.2905 -.25 7.2644
4 71 -1.8 -.25 5.5139 -2.025 -.25 5.4779 -2.0745 -.25 5.4329 -2.124 -.25 5.3834
4 71 -1.9035 -.25 5.6669 -1.9665 -.25 5.5724 -2.025 -.25 5.4779 -1.8 -.25 5.5139
3 71 -1.8 -.25 5.5139 -1.692 -.25 5.2709 -1.692 -.25 5.2844
3 71 -1.8 -.25 5.5139 -1.4895 -.25 5.9144 -1.512 -.25 5.9414
3 71 -1.8 -.25 5.5139 -1.4535 -.25 5.8784 -1.4895 -.25 5.9144
3 71 -1.8 -.25 5.5139 -1.4085 -.25 5.8469 -1.4535 -.25 5.8784
3 71 -1.8 -.25 5.5139 -1.3545 -.25 5.8154 -1.4085 -.25 5.8469
3 71 -1.8 -.25 5.5139 -1.305 -.25 5.7884 -1.3545 -.25 5.8154
3 71 -1.8 -.25 5.5139 -1.2645 -.25 5.7704 -1.305 -.25 5.7884
3 71 -1.8 -.25 5.5139 -1.1745 -.25 5.7299 -1.197 -.25 5.7389
3 71 -1.8 -.25 5.5139 -1.152 -.25 5.7299 -1.1745 -.25 5.7299
4 71 -1.8229 -.25 5.7844 -1.836 -.25 5.7659 -1.9035 -.25 5.6669 -1.8 -.25 5.5139
3 71 -1.782 -.25 7.0259 -1.44 -.25 6.7739 -1.773 -.25 7.0529
3 71 -1.773 -.25 7.0529 -1.44 -.25 6.7739 -1.7685 -.25 7.0709
4 71 -1.7595 -.25 4.9604 -1.8 -.25 5.5139 -2.1645 -.25 5.3429 -1.9395 -.25 4.8569
3 71 -1.7595 -.25 4.9604 -1.719 -.25 4.9784 -1.719 -.25 5.0189
3 71 -1.7595 -.25 4.9604 -1.701 -.25 4.9559 -1.719 -.25 4.9784
3 71 -1.746 -.25 6.3014 -2 -.25 6.4163 -1.9 -.25 6.1935
4 71 -1.746 -.25 6.3014 -1.9 -.25 6.1935 -1.863 -.25 6.1349 -1.8135 -.25 6.0674
3 71 -1.7415 -.25 4.7444 -1.548 -.25 4.7759 -1.7955 -.25 4.7759
4 71 -1.7145 -.25 5.0549 -1.8 -.25 5.5139 -1.7595 -.25 4.9604 -1.719 -.25 5.0189
3 71 -1.7145 -.25 5.0549 -1.7055 -.25 5.0819 -1.8 -.25 5.5139
4 71 -1.764 -.25 6.0044 -1.71 -.25 5.9459 -1.746 -.25 6.3014 -1.8135 -.25 6.0674
4 71 -1.692 -.25 5.1044 -1.692 -.25 5.2709 -1.8 -.25 5.5139 -1.7055 -.25 5.0819
3 71 -1.692 -.25 5.2844 -1.6785 -.25 5.3069 -1.8 -.25 5.5139
4 71 -1.6875 -.25 4.5509 -1.7325 -.25 4.6634 -1.791 -.25 4.6994 -1.9395 -.25 4.6994
3 71 -1.6875 -.25 4.5509 -1.5795 -.25 4.5779 -1.62 -.25 4.6004
3 71 -1.6875 -.25 4.5509 -1.557 -.25 4.5734 -1.5795 -.25 4.5779
3 71 -1.6875 -.25 4.7084 -1.548 -.25 4.7759 -1.7415 -.25 4.7444
3 71 -1.6785 -.25 5.3069 -1.665 -.25 5.3249 -1.8 -.25 5.5139
3 71 -1.665 -.25 5.3249 -1.6425 -.25 5.3474 -1.8 -.25 5.5139
3 71 -1.6515 -.25 5.2754 -1.5615 -.25 5.1899 -1.6335 -.25 5.2844
4 71 -1.647 -.25 5.1404 -1.6785 -.25 5.2709 -1.692 -.25 5.2709 -1.692 -.25 5.1044
4 71 -1.5885 -.25 4.6409 -1.548 -.25 4.7759 -1.6875 -.25 4.7084 -1.6425 -.25 4.6769
3 71 -1.6425 -.25 5.3474 -1.62 -.25 5.3699 -1.8 -.25 5.5139
3 71 -1.6335 -.25 5.2844 -1.5615 -.25 5.1899 -1.611 -.25 5.2979
4 71 -1.62 -.25 4.6004 -1.674 -.25 4.6319 -1.7325 -.25 4.6634 -1.6875 -.25 4.5509
3 71 -1.62 -.25 5.3699 -1.593 -.25 5.3879 -1.8 -.25 5.5139
3 71 -1.611 -.25 5.2979 -1.5615 -.25 5.1899 -1.584 -.25 5.3159
4 71 -1.5885 -.25 4.8974 -1.6515 -.25 4.9334 -1.701 -.25 4.9559 -1.7595 -.25 4.9604
3 71 -1.5615 -.25 4.6184 -1.548 -.25 4.7759 -1.5885 -.25 4.6409
4 71 -1.5615 -.25 5.1899 -1.6515 -.25 5.2754 -1.6785 -.25 5.2709 -1.647 -.25 5.1404
3 71 -1.557 -.25 4.5734 -1.4445 -.25 4.5104 -1.539 -.25 4.5779
3 71 -1.557 -.25 5.3339 -1.449 -.25 5.2709 -1.53 -.25 5.3564
4 71 -1.548 -.25 4.7759 -1.9395 -.25 4.8569 -1.836 -.25 4.7849 -1.7955 -.25 4.7759
4 71 -1.548 -.25 4.7759 -1.5885 -.25 4.8974 -1.7595 -.25 4.9604 -1.9395 -.25 4.8569
3 71 -1.539 -.25 4.5779 -1.4445 -.25 4.5104 -1.5435 -.25 4.5959
4 71 -1.5345 -.25 5.4194 -1.8 -.25 5.5139 -1.593 -.25 5.3879 -1.566 -.25 5.4014
3 71 -1.53 -.25 5.3564 -1.449 -.25 5.2709 -1.5075 -.25 5.3789
4 71 -1.5165 -.25 5.9819 -1.746 -.25 6.3014 -1.71 -.25 5.9459 -1.521 -.25 5.9729
3 71 -1.5165 -.25 5.9819 -1.5075 -.25 5.9819 -1.746 -.25 6.3014
3 71 -1.5075 -.25 5.9819 -1.4805 -.25 5.9639 -1.746 -.25 6.3014
3 71 -1.4985 -.25 5.4149 -1.314 -.25 5.5409 -1.512 -.25 5.4239
3 71 -1.494 -.25 5.3969 -1.314 -.25 5.5409 -1.4985 -.25 5.4149
4 71 -1.449 -.25 5.2709 -1.557 -.25 5.3339 -1.584 -.25 5.3159 -1.5615 -.25 5.1899
4 71 -1.4445 -.25 4.5104 -1.548 -.25 4.7759 -1.5615 -.25 4.6184 -1.5435 -.25 4.5959
4 71 -1.44 -.25 6.7739 -1.8315 -.25 6.7739 -1.8315 -.25 6.7289 -1.827 -.25 6.6884
4 71 -1.44 -.25 6.7739 -1.827 -.25 6.6884 -1.8225 -.25 6.6569 -1.8135 -.25 6.6299
4 71 -1.44 -.25 6.7739 -1.827 -.25 6.8549 -1.8315 -.25 6.8189 -1.8315 -.25 6.7739
4 71 -1.44 -.25 6.7739 -1.8135 -.25 6.9269 -1.8225 -.25 6.8864 -1.827 -.25 6.8549
4 71 -1.44 -.25 6.7739 -1.8045 -.25 6.6029 -1.8 -.25 6.5759 -1.7955 -.25 6.5579
4 71 -1.44 -.25 6.7739 -1.7955 -.25 6.5579 -1.7955 -.25 6.5354 -1.746 -.25 6.3014
4 71 -1.44 -.25 6.7739 -1.782 -.25 7.0259 -1.791 -.25 6.9989 -1.8 -.25 6.9674
4 71 -1.4265 -.25 4.7759 -1.53 -.25 4.8569 -1.5885 -.25 4.8974 -1.548 -.25 4.7759
4 71 -1.3905 -.25 5.9009 -1.746 -.25 6.3014 -1.4805 -.25 5.9639 -1.4445 -.25 5.9369
4 71 -1.35 -.25 4.3733 -1.4445 -.25 4.5104 -1.557 -.25 4.5734 -1.6875 -.25 4.5509
4 71 -1.314 -.25 5.5409 -1.8 -.25 5.5139 -1.5345 -.25 5.4194 -1.512 -.25 5.4239
4 71 -1.26 -.25 5.4689 -1.314 -.25 5.5409 -1.494 -.25 5.3969 -1.314 -.25 5.4059
3 71 -1.2195 -.25 5.7884 -1.035 -.25 5.7389 -1.2555 -.25 5.8109
3 71 -1.206 -.25 4.7714 -1.35 -.25 4.7092 -1.25 -.25 4.6804
4 71 -1.2015 -.25 4.7579 -1.206 -.25 4.7714 -1.25 -.25 4.6804 -1.233 -.25 4.6634
4 71 -1.2015 -.25 5.5364 -1.314 -.25 5.5409 -1.26 -.25 5.4689 -1.224 -.25 5.5094
4 71 -1.197 -.25 4.7849 -1.35 -.25 5.1539 -1.35 -.25 4.7092 -1.206 -.25 4.7714
4 71 -1.197 -.25 5.7389 -1.224 -.25 5.7524 -1.2645 -.25 5.7704 -1.8 -.25 5.5139
3 71 -1.1925 -.25 5.7704 -1.035 -.25 5.7389 -1.2195 -.25 5.7884
3 71 -1.188 -.25 4.5689 -1.08 -.25 4.3439 -1.1205 -.25 4.5149
4 71 -1.188 -.25 4.7444 -1.2015 -.25 4.7579 -1.233 -.25 4.6634 -1.206 -.25 4.6409
4 71 -1.17 -.25 4.7309 -1.188 -.25 4.7444 -1.206 -.25 4.6409 -1.1745 -.25 4.6184
3 71 -1.1655 -.25 5.5544 -1.035 -.25 5.7389 -1.1835 -.25 5.5544
3 71 -1.161 -.25 4.7759 -.99 -.25 4.8839 -1.179 -.25 4.7849
3 71 -1.161 -.25 5.5229 -.9 -.25 5.4239 -1.1565 -.25 5.5409
3 71 -1.161 -.25 5.7479 -1.035 -.25 5.7389 -1.1925 -.25 5.7704
3 71 -1.152 -.25 5.7299 -1.035 -.25 5.7389 -1.161 -.25 5.7479
4 71 -1.143 -.25 4.5959 -1.1475 -.25 4.7174 -1.17 -.25 4.7309 -1.1745 -.25 4.6184
3 71 -1.143 -.25 4.7624 -.99 -.25 4.8839 -1.161 -.25 4.7759
4 71 -1.107 -.25 4.5779 -1.1295 -.25 4.7084 -1.1475 -.25 4.7174 -1.143 -.25 4.5959
3 71 -1.0935 -.25 4.7264 -.99 -.25 4.8839 -1.1115 -.25 4.7399
3 71 -1.08 -.25 4.3439 -1.062 -.25 4.4879 -1.1205 -.25 4.5149
3 71 -1.08 -.25 4.3439 -.9945 -.25 4.4699 -1.062 -.25 4.4879
4 71 -1.0665 -.25 4.5554 -1.1115 -.25 4.7039 -1.1295 -.25 4.7084 -1.107 -.25 4.5779
4 71 -1.035 -.25 5.7389 -1.746 -.25 6.3014 -1.3905 -.25 5.9009 -1.341 -.25 5.8649
4 71 -1.035 -.25 5.7389 -1.341 -.25 5.8649 -1.3005 -.25 5.8379 -1.2555 -.25 5.8109
4 71 -1.035 -.25 5.7389 -1.314 -.25 5.5409 -1.2015 -.25 5.5364 -1.1835 -.25 5.5544
4 71 -1.035 -.25 5.7389 -1.152 -.25 5.7299 -1.8 -.25 5.5139 -1.314 -.25 5.5409
3 71 -1.0305 -.25 4.2539 -1.017 -.25 4.2584 -1.08 -.25 4.3439
4 71 -1.026 -.25 4.2404 -1.0305 -.25 4.2539 -1.08 -.25 4.3439 -1.1115 -.25 4.2269
4 71 -1.017 -.25 4.2269 -1.026 -.25 4.2404 -1.1115 -.25 4.2269 -1.0485 -.25 4.1909
3 71 -1.017 -.25 4.2584 -.999 -.25 4.2584 -1.08 -.25 4.3439
4 71 -1.0125 -.25 4.5464 -1.089 -.25 4.7084 -1.1115 -.25 4.7039 -1.0665 -.25 4.5554
3 71 -1.0035 -.25 4.1639 -.9675 -.25 4.1909 -.99 -.25 4.2044
4 71 -.99 -.25 4.2044 -1.017 -.25 4.2269 -1.0485 -.25 4.1909 -1.0035 -.25 4.1639
4 71 -.99 -.25 4.8839 -1.35 -.25 5.1539 -1.197 -.25 4.7849 -1.179 -.25 4.7849
4 71 -.99 -.25 4.8839 -1.143 -.25 4.7624 -1.125 -.25 4.7489 -1.1115 -.25 4.7399
3 71 -.99 -.25 4.8839 -.864 -.25 5.1314 -.864 -.25 5.1494
3 71 -.99 -.25 4.8839 -.846 -.25 4.9154 -.846 -.25 4.9424
3 71 -.99 -.25 4.8839 -.837 -.25 4.8929 -.846 -.25 4.9154
3 71 -.99 -.25 4.8839 -.8145 -.25 4.8749 -.837 -.25 4.8929
4 71 -.936 -.25 4.1774 -.9675 -.25 4.1909 -1.0035 -.25 4.1639 -.945 -.25 4.1369
3 71 -.9 -.25 4.1774 -.864 -.25 4.1189 -.8865 -.25 4.1864
4 71 -.9 -.25 5.4239 -1.161 -.25 5.5229 -1.17 -.25 5.5004 -.99 -.25 4.8839
4 71 -.9 -.25 5.4239 -1.035 -.25 5.7389 -1.1655 -.25 5.5544 -1.1565 -.25 5.5409
3 71 -.9 -.25 5.4239 -.54 -.25 5.8739 -1.035 -.25 5.7389
3 71 -.8865 -.25 4.1864 -.81 -.25 4.2539 -.8865 -.25 4.1999
3 71 -.8865 -.25 4.1999 -.81 -.25 4.2539 -.9 -.25 4.2134
4 71 -.864 -.25 4.1189 -.9 -.25 4.1774 -.936 -.25 4.1774 -.945 -.25 4.1369
3 71 -.864 -.25 5.1494 -.855 -.25 5.1809 -.99 -.25 4.8839
4 71 -.846 -.25 4.5509 -1.089 -.25 4.7084 -1.0125 -.25 4.5464 -.9495 -.25 4.5419
4 71 -.846 -.25 4.5509 -.99 -.25 4.8839 -1.0935 -.25 4.7264 -1.089 -.25 4.7084
3 71 -.846 -.25 4.9424 -.8415 -.25 4.9739 -.99 -.25 4.8839
4 71 -.846 -.25 5.2079 -.9 -.25 5.4239 -.99 -.25 4.8839 -.855 -.25 5.1809
3 71 -.846 -.25 5.2079 -.8325 -.25 5.2394 -.9 -.25 5.4239
4 71 -.8415 -.25 4.9739 -.8505 -.25 5.1134 -.864 -.25 5.1314 -.99 -.25 4.8839
3 71 -.8415 -.25 4.9739 -.828 -.25 5.0009 -.8505 -.25 5.1134
3 71 -.8325 -.25 5.1224 -.7785 -.25 5.0684 -.819 -.25 5.1449
3 71 -.8325 -.25 5.2394 -.8145 -.25 5.2799 -.9 -.25 5.4239
3 71 -.828 -.25 5.0009 -.81 -.25 5.0279 -.8505 -.25 5.1134
3 71 -.8235 -.25 4.1189 -.792 -.25 4.1144 -.81 -.25 4.2539
3 71 -.819 -.25 5.1449 -.7785 -.25 5.0684 -.81 -.25 5.1674
3 71 -.8145 -.25 5.2799 -.801 -.25 5.3069 -.9 -.25 5.4239
4 71 -.81 -.25 4.2539 -1.08 -.25 4.3439 -.999 -.25 4.2584 -.9585 -.25 4.2449
4 71 -.81 -.25 4.2539 -.9585 -.25 4.2449 -.927 -.25 4.2269 -.9 -.25 4.2134
4 71 -.81 -.25 4.2539 -.927 -.25 4.4519 -.9945 -.25 4.4699 -1.08 -.25 4.3439
4 71 -.81 -.25 4.2539 -.8865 -.25 4.1864 -.864 -.25 4.1189 -.8235 -.25 4.1189
4 71 -.81 -.25 4.2539 -.8505 -.25 4.4429 -.891 -.25 4.4564 -.927 -.25 4.4519
3 71 -.81 -.25 4.2539 -.801 -.25 4.4069 -.8505 -.25 4.4429
3 71 -.81 -.25 4.2539 -.774 -.25 4.3889 -.801 -.25 4.4069
3 71 -.81 -.25 4.2539 -.7425 -.25 4.3844 -.774 -.25 4.3889
3 71 -.801 -.25 5.3069 -.783 -.25 5.3429 -.9 -.25 5.4239
3 71 -.7875 -.25 4.8659 -.72 -.25 4.7939 -.738 -.25 4.8704
3 71 -.783 -.25 5.3429 -.7695 -.25 5.3699 -.9 -.25 5.4239
4 71 -.7785 -.25 5.0684 -.8325 -.25 5.1224 -.8505 -.25 5.1134 -.81 -.25 5.0279
4 71 -.7785 -.25 5.0684 -.7785 -.25 5.2394 -.7965 -.25 5.2034 -.81 -.25 5.1674
4 71 -.7785 -.25 5.0684 -.7515 -.25 5.1044 -.7065 -.25 5.1674 -.7425 -.25 5.2979
3 71 -.7695 -.25 5.3699 -.756 -.25 5.3924 -.9 -.25 5.4239
3 71 -.756 -.25 5.3924 -.738 -.25 5.4194 -.9 -.25 5.4239
4 71 -.7425 -.25 5.2979 -.7605 -.25 5.2709 -.7785 -.25 5.2394 -.7785 -.25 5.0684
4 71 -.72 -.25 4.7939 -.7875 -.25 4.8659 -.8145 -.25 4.8749 -.99 -.25 4.8839
3 71 -.72 -.25 4.7939 -.6795 -.25 4.8839 -.738 -.25 4.8704
3 71 -.72 -.25 4.7939 -.4905 -.25 4.9199 -.549 -.25 4.9109
3 71 -.711 -.25 5.3474 -.612 -.25 5.3249 -.693 -.25 5.3744
4 71 -.702 -.25 5.4734 -.9 -.25 5.4239 -.738 -.25 5.4194 -.7155 -.25 5.4509
3 71 -.693 -.25 5.3744 -.612 -.25 5.3249 -.675 -.25 5.4014
4 71 -.6795 -.25 4.5689 -.72 -.25 4.7939 -.99 -.25 4.8839 -.846 -.25 4.5509
3 71 -.6795 -.25 4.5689 -.6075 -.25 4.6814 -.6255 -.25 4.6859
3 71 -.6795 -.25 4.5689 -.5895 -.25 4.6769 -.6075 -.25 4.6814
3 71 -.6795 -.25 4.5689 -.5625 -.25 4.6769 -.5895 -.25 4.6769
3 71 -.6795 -.25 4.5689 -.5265 -.25 4.6769 -.5625 -.25 4.6769
3 71 -.6795 -.25 4.5689 -.4995 -.25 4.6769 -.5265 -.25 4.6769
3 71 -.657 -.25 5.4329 -.54 -.25 5.8739 -.6525 -.25 5.4689
3 71 -.657 -.25 5.4959 -.54 -.25 5.8739 -.6885 -.25 5.4914
3 71 -.6525 -.25 5.4689 -.54 -.25 5.8739 -.657 -.25 5.4959
3 71 -.6345 -.25 4.6994 -.6255 -.25 4.7174 -.72 -.25 4.7939
4 71 -.63 -.25 4.0739 -.81 -.25 4.2539 -.792 -.25 4.1144 -.7515 -.25 4.1009
4 71 -.63 -.25 4.0739 -.7515 -.25 4.1009 -.6975 -.25 4.0739 -.648 -.25 4.0514
3 71 -.63 -.25 4.0739 -.531 -.25 4.0919 -.5355 -.25 4.1054
4 71 -.6255 -.25 4.6859 -.6345 -.25 4.6994 -.72 -.25 4.7939 -.6795 -.25 4.5689
3 71 -.6255 -.25 4.7174 -.6075 -.25 4.7219 -.72 -.25 4.7939
4 71 -.612 -.25 5.3249 -.7425 -.25 5.2979 -.7065 -.25 5.1674 -.65 -.25 5.2593
4 71 -.612 -.25 5.3249 -.711 -.25 5.3474 -.729 -.25 5.3204 -.7425 -.25 5.2979
3 71 -.6075 -.25 4.7219 -.585 -.25 4.7242 -.72 -.25 4.7939
4 71 -.5715 -.25 5.3969 -.657 -.25 5.4329 -.675 -.25 5.4014 -.612 -.25 5.3249
3 71 -.5715 -.25 5.3969 -.522 -.25 5.4779 -.657 -.25 5.4329
4 71 -.5625 -.25 4.3799 -.6975 -.25 4.3934 -.7425 -.25 4.3844 -.81 -.25 4.2539
4 71 -.5625 -.25 4.3799 -.612 -.25 4.4474 -.657 -.25 4.4249 -.6975 -.25 4.3934
4 71 -.549 -.25 4.9109 -.6165 -.25 4.9019 -.6795 -.25 4.8839 -.72 -.25 4.7939
4 71 -.54 -.25 5.8739 -1.44 -.25 6.7739 -1.746 -.25 6.3014 -1.035 -.25 5.7389
4 71 -.54 -.25 5.8739 -.9 -.25 5.4239 -.702 -.25 5.4734 -.6885 -.25 5.4914
4 71 -1.44 -.25 6.7739 -.54 -.25 5.8739 -.18 -.25 6.2429 -.18 -.25 6.2699
3 71 -.54 -.25 5.8739 -.153 -.25 6.2429 -.18 -.25 6.2429
3 71 -.54 -.25 5.8739 -.099 -.25 6.2654 -.153 -.25 6.2429
4 71 -.531 -.25 4.0919 -.63 -.25 4.0739 -.648 -.25 4.0514 -.6165 -.25 4.0379
4 71 -.531 -.25 4.4429 -.5715 -.25 4.4519 -.612 -.25 4.4474 -.5625 -.25 4.3799
4 71 -.522 -.25 4.7309 -.72 -.25 4.7939 -.585 -.25 4.7242 -.5535 -.25 4.7264
3 71 -.522 -.25 4.7309 -.4905 -.25 4.7309 -.72 -.25 4.7939
3 71 -.522 -.25 5.4779 -.468 -.25 5.5589 -.657 -.25 5.4329
4 71 -.5175 -.25 4.0784 -.531 -.25 4.0919 -.6165 -.25 4.0379 -.5805 -.25 4.0289
3 71 -.504 -.25 4.1234 -.45 -.25 4.2539 -.522 -.25 4.1189
4 71 -.495 -.25 4.0694 -.5175 -.25 4.0784 -.5805 -.25 4.0289 -.5445 -.25 4.0199
3 71 -.4905 -.25 4.9199 -.27 -.25 4.8839 -.3555 -.25 4.9244
3 71 -.477 -.25 4.1234 -.45 -.25 4.2539 -.504 -.25 4.1234
3 71 -.477 -.25 4.1234 -.4455 -.25 4.1144 -.45 -.25 4.2539
4 71 -.468 -.25 4.6769 -.4995 -.25 4.6769 -.6795 -.25 4.5689 -.495 -.25 4.6049
4 71 -.459 -.25 4.0019 -.495 -.25 4.0694 -.5445 -.25 4.0199 -.504 -.25 4.0109
4 71 -.459 -.25 4.3979 -.4995 -.25 4.4249 -.531 -.25 4.4429 -.5625 -.25 4.3799
4 71 -.45 -.25 4.2539 -.63 -.25 4.0739 -.5355 -.25 4.1054 -.522 -.25 4.1189
4 71 -.45 -.25 4.2539 -.5625 -.25 4.3799 -.81 -.25 4.2539 -.63 -.25 4.0739
4 71 -.45 -.25 5.5769 -.54 -.25 5.8739 -.657 -.25 5.4329 -.468 -.25 5.5589
3 71 -.45 -.25 5.5769 -.423 -.25 5.5949 -.54 -.25 5.8739
3 71 -.4455 -.25 4.1144 -.423 -.25 4.1054 -.45 -.25 4.2539
3 71 -.432 -.25 4.6814 -.3735 -.25 4.6229 -.405 -.25 4.6859
4 71 -.4275 -.25 4.7399 -.72 -.25 4.7939 -.4905 -.25 4.7309 -.4545 -.25 4.7354
3 71 -.423 -.25 4.1054 -.414 -.25 4.0919 -.45 -.25 4.2539
4 71 -.423 -.25 4.3664 -.459 -.25 4.3979 -.5625 -.25 4.3799 -.45 -.25 4.2539
4 71 -.414 -.25 3.9974 -.468 -.25 4.0649 -.495 -.25 4.0694 -.459 -.25 4.0019
4 71 -.378 -.25 3.9974 -.4365 -.25 4.0694 -.468 -.25 4.0649 -.414 -.25 3.9974
4 71 -.3735 -.25 4.6229 -.432 -.25 4.6814 -.468 -.25 4.6769 -.495 -.25 4.6049
3 71 -.3555 -.25 4.9244 -.27 -.25 4.8839 -.27 -.25 4.9289
4 71 -.342 -.25 4.2089 -.3825 -.25 4.2944 -.423 -.25 4.3664 -.45 -.25 4.2539
3 71 -.342 -.25 4.7039 -.207 -.25 4.6454 -.3105 -.25 4.7174
3 71 -.3375 -.25 4.7624 -.27 -.25 4.8839 -.369 -.25 4.7534
4 71 -.3272 -.25 5.6902 -.54 -.25 5.8739 -.423 -.25 5.5949 -.3966 -.25 5.616
3 71 -.3105 -.25 4.7174 -.18 -.25 4.7039 -.2835 -.25 4.7309
3 71 -.3105 -.25 4.7669 -.27 -.25 4.8839 -.3375 -.25 4.7624
4 71 -.306 -.25 4.6319 -.3735 -.25 4.6949 -.405 -.25 4.6859 -.3735 -.25 4.6229
4 71 -.3015 -.25 4.0019 -.4365 -.25 4.0694 -.378 -.25 3.9974 -.333 -.25 3.9974
4 71 -.297 -.25 4.1009 -.342 -.25 4.2089 -.45 -.25 4.2539 -.414 -.25 4.0919
4 71 -.288 -.25 4.0154 -.4185 -.25 4.0784 -.4365 -.25 4.0694 -.3015 -.25 4.0019
4 71 -.288 -.25 4.0334 -.414 -.25 4.0919 -.4185 -.25 4.0784 -.288 -.25 4.0154
4 71 -.288 -.25 4.0694 -.297 -.25 4.1009 -.414 -.25 4.0919 -.288 -.25 4.0334
4 71 -.27 -.25 4.8839 -.4905 -.25 4.9199 -.72 -.25 4.7939 -.4275 -.25 4.7399
4 71 -.27 -.25 4.8839 -.4275 -.25 4.7399 -.4005 -.25 4.7444 -.369 -.25 4.7534
3 71 -.27 -.25 4.9289 -.18 -.25 4.8839 -.18 -.25 4.9424
4 71 -.252 -.25 4.7759 -.27 -.25 4.8839 -.3105 -.25 4.7669 -.279 -.25 4.7714
3 71 -.252 -.25 4.7759 -.234 -.25 4.7669 -.27 -.25 4.8839
4 71 -.252 -.25 5.8469 -.54 -.25 5.8739 -.3272 -.25 5.6902 -.288 -.25 5.7569
3 71 -.243 -.25 4.7534 -.18 -.25 4.7039 -.234 -.25 4.7669
3 71 -.234 -.25 4.7669 -.18 -.25 4.7039 -.27 -.25 4.8839
4 71 -.2295 -.25 5.9414 -.54 -.25 5.8739 -.252 -.25 5.8469 -.2385 -.25 5.8964
3 71 -.2295 -.25 5.9414 -.207 -.25 5.9729 -.54 -.25 5.8739
4 71 -.207 -.25 4.6454 -.342 -.25 4.7039 -.3735 -.25 4.6949 -.306 -.25 4.6319
3 71 -.207 -.25 5.9729 -.1755 -.25 5.9954 -.54 -.25 5.8739
4 71 -.18 -.25 4.7039 -.243 -.25 4.7534 -.2565 -.25 4.7489 -.2835 -.25 4.7309
4 71 -.18 -.25 4.7039 -.18 -.25 4.8839 -.27 -.25 4.9289 -.27 -.25 4.8839
3 71 -.18 -.25 4.8839 -.09 -.25 4.9829 -.18 -.25 4.9424
3 71 -.1755 -.25 5.9954 -.09 -.25 6.0494 -.54 -.25 5.8739
4 71 -.1485 -.25 4.6499 -.18 -.25 4.7039 -.3105 -.25 4.7174 -.207 -.25 4.6454
4 71 -.144 -.25 6.3149 -.09 -.25 6.3599 -.0225 -.25 6.4229 -1.44 -.25 6.7739
3 71 -1.44 -.25 6.7739 -.0225 -.25 6.4229 .0675 -.25 6.5039
4 71 .252 -.25 6.6659 -1.44 -.25 6.7739 .0675 -.25 6.5039 .162 -.25 6.5849
4 71 -.05 -.25 4.6681 -.18 -.25 4.7039 -.1485 -.25 4.6499 -.063 -.25 4.6634
3 71 .117 -.25 5.0549 .27 -.25 4.9739 .162 -.25 5.0549
3 71 .135 -.25 6.4364 .306 -.25 6.4319 .216 -.25 6.5039
3 71 .153 -.25 6.2159 .306 -.25 6.4319 .0405 -.25 6.1394
3 71 .162 -.25 5.0549 .27 -.25 4.9739 .2025 -.25 5.0549
3 71 .2025 -.25 5.0549 .27 -.25 4.9739 .2295 -.25 5.0639
3 71 .216 -.25 6.5039 .306 -.25 6.4319 .297 -.25 6.5759
3 71 .2295 -.25 5.0639 .27 -.25 4.9739 .2475 -.25 5.0819
4 71 .27 -.25 4.7669 .27 -.25 4.7939 .189 -.25 4.7084 .2295 -.25 4.7264
3 71 .27 -.25 4.7669 .315 -.25 4.7984 .27 -.25 4.7939
4 71 .27 -.25 4.7939 .072 -.25 4.6904 .135 -.25 4.6904 .189 -.25 4.7084
4 71 .27 -.25 4.7939 .27 -.25 4.9739 .05 -.25 5.0438 -.18 -.25 4.7039
4 71 .27 -.25 4.9739 .117 -.25 5.0549 .0765 -.25 5.0504 .05 -.25 5.0438
3 71 .27 -.25 4.9739 .2745 -.25 5.1179 .2475 -.25 5.0819
3 71 .2745 -.25 5.1179 .36 -.25 5.2439 .2925 -.25 5.1674
4 71 .306 -.25 6.4319 -.54 -.25 5.8739 -.09 -.25 6.0494 .0405 -.25 6.1394
4 71 .306 -.25 6.4319 -.036 -.25 6.3059 -.099 -.25 6.2654 -.54 -.25 5.8739
4 71 .306 -.25 6.4319 .135 -.25 6.4364 .045 -.25 6.3689 -.036 -.25 6.3059
3 71 .306 -.25 6.4319 .369 -.25 6.6479 .297 -.25 6.5759
3 71 .306 -.25 6.4319 .4455 -.25 6.7244 .369 -.25 6.6479
3 71 -1.44 -.25 6.7739 .252 -.25 6.6659 .333 -.25 6.7469
3 71 -1.44 -.25 6.7739 .333 -.25 6.7469 .396 -.25 6.8099
4 71 .36 -.25 5.2439 .2745 -.25 5.1179 .27 -.25 4.9739 .27 -.25 4.7939
4 71 .36 -.25 5.2439 .333 -.25 5.2664 .306 -.25 5.2259 .2925 -.25 5.1674
4 71 .387 -.25 5.3024 .3555 -.25 5.2844 .333 -.25 5.2664 .36 -.25 5.2439
4 71 .486 -.25 5.3249 .4275 -.25 5.3159 .387 -.25 5.3024 .36 -.25 5.2439
4 71 .531 -.25 6.5624 .306 -.25 6.4319 .153 -.25 6.2159 .36 -.25 6.3824
4 71 .54 -.25 4.9739 .27 -.25 4.7939 .315 -.25 4.7984 .4005 -.25 4.8434
3 71 .54 -.25 4.9739 .6435 -.25 5.0639 .6435 -.25 5.0774
3 71 .54 -.25 4.9739 .657 -.25 5.0639 .6435 -.25 5.0639
4 71 .6255 -.25 4.9514 .54 -.25 4.9739 .4005 -.25 4.8434 .54 -.25 4.9064
3 71 .6435 -.25 5.0774 .6503 -.25 5.0909 .54 -.25 4.9739
3 71 .6503 -.25 5.0909 .6615 -.25 5.1089 .54 -.25 4.9739
4 71 .675 -.25 5.0684 .657 -.25 5.0639 .54 -.25 4.9739 .6255 -.25 4.9514
3 71 .684 -.25 7.0259 .891 -.25 6.9764 .72 -.25 7.0754
3 71 .693 -.25 5.1494 .72 -.25 5.2439 .675 -.25 5.1314
3 71 .693 -.25 5.1494 .7245 -.25 5.1674 .72 -.25 5.2439
4 71 .6975 -.25 5.0774 .675 -.25 5.0684 .6255 -.25 4.9514 .675 -.25 4.9784
4 71 .72 -.25 5.2439 .36 -.25 5.2439 .27 -.25 4.7939 .54 -.25 4.9739
4 71 .72 -.25 5.2439 .54 -.25 4.9739 .6615 -.25 5.1089 .675 -.25 5.1314
4 71 .72 -.25 5.2439 .5625 -.25 5.3294 .486 -.25 5.3249 .36 -.25 5.2439
4 71 .72 -.25 5.2439 .72 -.25 5.3114 .6435 -.25 5.3249 .5625 -.25 5.3294
3 71 .72 -.25 7.0754 .891 -.25 6.9764 .738 -.25 7.1069
3 71 .7245 -.25 5.1674 .7425 -.25 5.1674 .72 -.25 5.2439
4 71 .729 -.25 5.0144 .72 -.25 5.0909 .6975 -.25 5.0774 .675 -.25 4.9784
3 71 .738 -.25 7.1069 .891 -.25 6.9764 .747 -.25 7.1294
4 71 .7785 -.25 5.0504 .7425 -.25 5.1044 .72 -.25 5.0909 .729 -.25 5.0144
4 71 .7965 -.25 5.2889 .7605 -.25 5.3024 .72 -.25 5.3114 .72 -.25 5.2439
4 71 .8325 -.25 5.0909 .756 -.25 5.1269 .7425 -.25 5.1044 .7785 -.25 5.0504
4 71 .8685 -.25 5.2304 .8415 -.25 5.2619 .7965 -.25 5.2889 .72 -.25 5.2439
4 71 .873 -.25 5.1314 .756 -.25 5.1449 .756 -.25 5.1269 .8325 -.25 5.0909
3 71 .873 -.25 5.1314 .8865 -.25 5.1629 .756 -.25 5.1449
4 71 .8865 -.25 5.1629 .72 -.25 5.2439 .7425 -.25 5.1674 .756 -.25 5.1449
4 71 .8865 -.25 5.1989 .8685 -.25 5.2304 .72 -.25 5.2439 .8865 -.25 5.1629
3 71 1.125 -.25 6.9629 1.17 -.25 6.9629 1.17 -.25 7.0439
4 71 1.17 -.25 7.0439 1.0125 -.25 6.9764 1.08 -.25 6.9674 1.125 -.25 6.9629
4 71 1.17 -.25 7.0439 1.0395 -.25 7.0394 1.0215 -.25 7.0034 1.0125 -.25 6.9764
4 71 1.17 -.25 7.0439 1.0845 -.25 7.1114 1.062 -.25 7.0799 1.0395 -.25 7.0394
4 71 1.17 -.25 7.0439 1.1475 -.25 7.2059 1.116 -.25 7.1609 1.0845 -.25 7.1114
3 71 1.17 -.25 7.0439 1.179 -.25 7.2509 1.1475 -.25 7.2059
4 71 2.295 -.25 7.3274 1.296 -.25 7.3949 1.26 -.25 7.3499 1.17 -.25 7.0439
4 71 1.26 -.25 7.3499 1.2105 -.25 7.2914 1.179 -.25 7.2509 1.17 -.25 7.0439
4 71 1.314 -.25 6.9674 1.17 -.25 7.0439 1.17 -.25 6.9629 1.26 -.25 6.9629
3 71 1.638 -.25 7.0304 1.71 -.25 7.1339 1.575 -.25 7.0124
4 71 1.71 -.25 7.1339 1.17 -.25 7.0439 1.314 -.25 6.9674 1.395 -.25 6.9764
4 71 1.71 -.25 7.1339 1.395 -.25 6.9764 1.485 -.25 6.9899 1.575 -.25 7.0124
4 71 1.8 -.25 7.0889 1.71 -.25 7.1339 1.638 -.25 7.0304 1.71 -.25 7.0529
4 71 1.9 -.25 7.1297 1.71 -.25 7.1339 1.8 -.25 7.0889 1.89 -.25 7.1249
3 71 2.6235 -.25 6.2609 2.7045 -.25 6.3869 2.6235 -.25 6.3509
3 71 2.655 -.25 7.2914 2.7405 -.25 7.1249 2.7405 -.25 7.1654
4 71 2.646 -.25 7.3499 2.655 -.25 7.2914 2.7405 -.25 7.1654 2.7405 -.25 7.1789
3 71 2.6595 -.25 5.9693 2.7 -.25 5.9639 2.655 -.25 6.0764
3 71 2.691 -.25 5.7029 2.7405 -.25 5.6849 2.7405 -.25 5.7164
4 71 2.7 -.25 5.9639 2.6595 -.25 5.9693 2.6595 -.25 5.8829 2.6685 -.25 5.8019
4 71 2.7 -.25 6.2339 2.6235 -.25 6.2609 2.6325 -.25 6.1754 2.655 -.25 6.0764
3 71 2.7 -.25 6.2339 2.9025 -.25 6.0854 2.898 -.25 6.1214
3 71 2.7 -.25 6.2339 2.907 -.25 6.4184 2.9025 -.25 6.4724
3 71 2.7 -.25 6.2339 2.916 -.25 6.0584 2.9025 -.25 6.0854
3 71 2.7 -.25 6.2339 2.916 -.25 6.3869 2.907 -.25 6.4184
3 71 2.7 -.25 6.2339 2.934 -.25 6.3239 2.916 -.25 6.3869
4 71 2.7009 -.25 6.431 2.637 -.25 6.4949 2.6325 -.25 6.4364 2.6955 -.25 6.4094
4 71 2.7045 -.25 6.3869 2.6955 -.25 6.4094 2.6325 -.25 6.4364 2.6235 -.25 6.3509
4 71 2.709 -.25 6.4499 2.646 -.25 6.5624 2.637 -.25 6.4949 2.7009 -.25 6.431
4 71 2.709 -.25 6.6704 2.709 -.25 6.6974 2.655 -.25 6.7289 2.646 -.25 6.5624
3 71 2.709 -.25 6.6974 2.7135 -.25 6.7244 2.655 -.25 6.7289
4 71 2.7135 -.25 6.6569 2.709 -.25 6.6704 2.646 -.25 6.5624 2.709 -.25 6.4499
4 71 2.718 -.25 6.3824 2.7045 -.25 6.3869 2.6235 -.25 6.2609 2.7 -.25 6.2339
4 71 2.718 -.25 6.7559 2.6595 -.25 6.8549 2.655 -.25 6.7289 2.7135 -.25 6.7244
4 71 2.727 -.25 6.4454 2.7225 -.25 6.6569 2.7135 -.25 6.6569 2.709 -.25 6.4499
3 71 2.7315 -.25 6.4049 2.808 -.25 6.4139 2.7315 -.25 6.4274
3 71 2.7315 -.25 6.4274 2.808 -.25 6.4139 2.727 -.25 6.4454
4 71 2.7315 -.25 6.8324 2.6595 -.25 6.8549 2.718 -.25 6.7559 2.727 -.25 6.7964
4 71 2.736 -.25 6.8864 2.6595 -.25 6.9989 2.6595 -.25 6.8549 2.7315 -.25 6.8324
3 71 2.7405 -.25 6.6704 2.808 -.25 6.4139 2.7495 -.25 6.6884
4 71 2.7405 -.25 6.9359 2.7405 -.25 6.9989 2.6595 -.25 6.9989 2.736 -.25 6.8864
4 71 2.7405 -.25 7.0619 2.6595 -.25 7.1879 2.6595 -.25 6.9989 2.7405 -.25 6.9989
4 71 2.7405 -.25 7.0619 2.7405 -.25 7.1249 2.655 -.25 7.2914 2.6595 -.25 7.1879
4 71 2.7405 -.25 7.1789 2.754 -.25 7.1789 3.0282 -.25 7.4039 2.646 -.25 7.3499
4 71 2.745 -.25 5.7434 2.6685 -.25 5.8019 2.691 -.25 5.7029 2.7405 -.25 5.7164
4 71 2.7495 -.25 5.6624 2.7405 -.25 5.6849 2.691 -.25 5.7029 2.718 -.25 5.6129
3 71 2.7495 -.25 6.6884 2.808 -.25 6.4139 2.7585 -.25 6.7154
4 71 2.7585 -.25 5.7479 2.7 -.25 5.9639 2.6685 -.25 5.8019 2.745 -.25 5.7434
3 71 2.7585 -.25 6.7154 2.808 -.25 6.4139 2.7675 -.25 6.7424
3 71 2.763 -.25 5.5229 2.7765 -.25 5.6444 2.763 -.25 5.6444
4 71 2.763 -.25 5.6444 2.7495 -.25 5.6624 2.718 -.25 5.6129 2.763 -.25 5.5229
3 71 2.7675 -.25 7.1429 2.88 -.25 7.1339 2.7599 -.25 7.1699
3 71 2.7765 -.25 7.1069 2.88 -.25 7.1339 2.7675 -.25 7.1429
3 71 2.781 -.25 7.0349 2.88 -.25 7.1339 2.7765 -.25 7.1069
3 71 2.79 -.25 5.6579 2.88 -.25 5.5139 2.8035 -.25 5.6894
3 71 2.7945 -.25 5.7164 2.88 -.25 5.8739 2.7765 -.25 5.7344
4 71 2.808 -.25 6.4139 2.7315 -.25 6.4049 2.718 -.25 6.3824 2.7 -.25 6.2339
4 71 2.808 -.25 6.4139 2.7405 -.25 6.6704 2.7225 -.25 6.6569 2.727 -.25 6.4454
4 71 2.808 -.25 6.4139 2.7855 -.25 6.8189 2.7765 -.25 6.7829 2.7675 -.25 6.7424
3 71 2.808 -.25 6.4139 2.8935 -.25 6.5489 2.8935 -.25 6.6389
4 71 2.88 -.25 5.5139 2.763 -.25 5.5229 2.7802 -.25 5.4942 2.853 -.25 5.4239
4 71 2.88 -.25 5.5139 2.79 -.25 5.6579 2.7765 -.25 5.6444 2.763 -.25 5.5229
3 71 2.88 -.25 5.5139 2.853 -.25 5.4239 2.8755 -.25 5.4194
4 71 2.88 -.25 5.8739 2.7 -.25 5.9639 2.7585 -.25 5.7479 2.7765 -.25 5.7344
4 71 2.88 -.25 5.8739 2.7 -.25 6.2339 2.655 -.25 6.0764 2.7 -.25 5.9639
4 71 2.88 -.25 5.8739 2.7945 -.25 5.7164 2.8035 -.25 5.6894 2.88 -.25 5.5139
3 71 2.88 -.25 5.8739 2.9745 -.25 5.9999 2.9385 -.25 6.0269
3 71 2.88 -.25 5.8739 3.0105 -.25 5.9819 2.9745 -.25 5.9999
4 71 2.88 -.25 7.1339 3.0282 -.25 7.4039 2.754 -.25 7.1789 2.7599 -.25 7.1699
4 71 2.88 -.25 7.1339 2.781 -.25 7.0349 2.7855 -.25 6.9539 2.79 -.25 6.8864
4 71 2.88 -.25 7.1339 2.79 -.25 6.8864 2.7855 -.25 6.8189 2.808 -.25 6.4139
3 71 2.8935 -.25 6.6389 2.898 -.25 6.7649 2.808 -.25 6.4139
3 71 2.898 -.25 6.1214 2.907 -.25 6.1574 2.7 -.25 6.2339
3 71 2.898 -.25 6.7649 2.9115 -.25 6.8729 2.808 -.25 6.4139
4 71 2.9025 -.25 6.4724 2.8935 -.25 6.5489 2.808 -.25 6.4139 2.7 -.25 6.2339
3 71 2.907 -.25 6.1574 2.916 -.25 6.1799 2.7 -.25 6.2339
4 71 2.925 -.25 5.4599 2.88 -.25 5.5139 2.8755 -.25 5.4194 2.898 -.25 5.4284
4 71 2.9385 -.25 6.0269 2.916 -.25 6.0584 2.7 -.25 6.2339 2.88 -.25 5.8739
4 71 2.9385 -.25 6.2384 2.7 -.25 6.2339 2.916 -.25 6.1799 2.934 -.25 6.2114
4 71 2.9385 -.25 7.0214 2.88 -.25 7.1339 2.808 -.25 6.4139 2.9115 -.25 6.8729
3 71 2.9385 -.25 7.0214 2.97 -.25 7.1789 2.88 -.25 7.1339
4 71 2.9412 -.25 6.2717 2.934 -.25 6.3239 2.7 -.25 6.2339 2.9385 -.25 6.2384
3 71 2.97 -.25 7.1789 3.006 -.25 7.3319 2.88 -.25 7.1339
4 71 2.988 -.25 5.5544 2.88 -.25 5.5139 2.925 -.25 5.4599 2.961 -.25 5.5094
4 71 3.0285 -.25 5.6534 2.88 -.25 5.8739 2.88 -.25 5.5139 2.988 -.25 5.5544
3 71 3.0303 -.25 5.661 2.88 -.25 5.8739 3.0285 -.25 5.6534
4 71 3.069 -.25 5.9279 3.051 -.25 5.9504 3.0105 -.25 5.9819 2.88 -.25 5.8739
4 71 3.0727 -.25 5.8841 3.069 -.25 5.9279 2.88 -.25 5.8739 3.0303 -.25 5.661
4 71 3.9222 -.25 7.3751 3.9762 -.25 7.3166 4.005 -.25 7.2896 4.068 -.25 7.3139
3 71 4.068 -.25 7.3139 4.0365 -.25 7.3967 4.023 -.25 7.3949
4 71 4.0095 -.25 7.3994 3.9222 -.25 7.3751 4.068 -.25 7.3139 4.023 -.25 7.3949
4 71 4.0698 -.25 7.2527 4.068 -.25 7.3139 4.005 -.25 7.2896 4.0329 -.25 7.2698
3 71 4.0698 -.25 7.2527 4.1256 -.25 7.2185 4.068 -.25 7.3139
3 71 4.203 -.25 7.1276 4.275 -.25 7.2689 4.1733 -.25 7.1708
3 71 4.2327 -.25 7.0826 4.275 -.25 7.2689 4.203 -.25 7.1276
4 71 4.275 -.25 7.2689 4.068 -.25 7.3139 4.1256 -.25 7.2185 4.1733 -.25 7.1708
4 71 4.2813 -.25 7.0106 4.275 -.25 7.2689 4.2327 -.25 7.0826 4.257 -.25 7.0439
4 71 4.3596 -.25 7.0331 4.3596 -.25 7.061 4.275 -.25 7.2689 4.2813 -.25 7.0106
3 71 4.3596 -.25 7.061 4.3713 -.25 7.0736 4.275 -.25 7.2689
4 71 4.3713 -.25 7.0079 4.3596 -.25 7.0331 4.2813 -.25 7.0106 4.3128 -.25 6.9827
3 71 4.3713 -.25 7.0736 4.3866 -.25 7.0772 4.275 -.25 7.2689
3 71 4.3866 -.25 7.0772 4.4037 -.25 7.079 4.275 -.25 7.2689
4 71 4.3947 -.25 6.989 4.3713 -.25 7.0079 4.3128 -.25 6.9827 4.3839 -.25 6.9116
3 71 4.4226 -.25 7.034 4.5 -.25 7.0799 4.4235 -.25 7.0529
3 71 4.4235 -.25 7.0529 4.5 -.25 7.0799 4.4136 -.25 7.07
4 71 4.4406 -.25 6.9521 4.4226 -.25 6.9674 4.3947 -.25 6.989 4.3839 -.25 6.9116
4 71 4.4703 -.25 6.8414 4.4595 -.25 6.9458 4.4406 -.25 6.9521 4.3839 -.25 6.9116
4 71 4.4703 -.25 6.8414 4.5 -.25 6.8313 4.4928 -.25 6.9683 4.4847 -.25 6.9467
4 71 4.6 -.25 7.0059 4.5 -.25 7.0799 4.4829 -.25 7.0061 4.4901 -.25 6.9926
3 71 4.4928 -.25 6.9683 4.5 -.25 6.8313 4.4901 -.25 6.9926
4 71 4.5 -.25 7.0799 4.275 -.25 7.2689 4.4037 -.25 7.079 4.4136 -.25 7.07
4 71 4.5 -.25 7.0799 4.4226 -.25 7.034 4.4235 -.25 7.0169 4.4388 -.25 7.0079
4 71 4.5 -.25 7.0799 4.4388 -.25 7.0079 4.4595 -.25 7.0052 4.4829 -.25 7.0061
3 71 4.4847 -.25 6.9467 4.4595 -.25 6.9458 4.4703 -.25 6.8414
4 71 -3.6045 -.25 7.3679 -3.5775 -.25 7.3454 -3.204 -.25 7.3454 -3 -.25 7.4039
3 71 .7515 -.25 7.1519 1.0575 -.25 7.2059 1.107 -.25 7.2779
3 71 -4.14 -.25 7.4039 -4.0095 -.25 7.3904 -3.6855 -.25 7.4039
3 71 -4.0095 -.25 7.3904 -3.9825 -.25 7.3859 -3.6855 -.25 7.4039
3 71 -4.14 -.25 7.4039 -4.032 -.25 7.3859 -4.0095 -.25 7.3904
4 71 -2.4075 -.25 7.3679 -2.367 -.25 7.3319 .7515 -.25 7.1519 1.2004 -.25 7.4039
3 71 2.88 -.25 7.1339 3.006 -.25 7.3319 3.0282 -.25 7.4039
4 71 .9405 -.25 7.0394 .7515 -.25 7.1519 .747 -.25 7.1294 .891 -.25 6.9764
3 71 1.1565 -.25 7.3454 1.2004 -.25 7.4039 .7515 -.25 7.1519
3 71 -1.44 -.25 6.7739 -.18 -.25 6.2699 -.144 -.25 6.3149
3 71 -3.204 -.25 7.3454 -2.907 -.25 7.2689 -3 -.25 7.4039
3 71 -3.9645 -.25 7.3589 -3.789 -.25 7.0709 -3.9645 -.25 7.3769
4 71 -3.6765 -.25 7.3949 -3.6855 -.25 7.4039 -3.9645 -.25 7.3769 -3.789 -.25 7.0709
3 71 .7515 -.25 7.1519 1.107 -.25 7.2779 1.1565 -.25 7.3454
3 71 -2.2905 -.25 7.2644 -1.773 -.25 7.0889 .738 -.25 7.1474
4 71 -.18 -.25 4.7039 -.05 -.25 4.6681 .05 -.25 4.6881 .27 -.25 4.7939
3 71 .27 -.25 4.7939 .05 -.25 4.6881 .072 -.25 4.6904
3 71 -1.08 -.25 4.3439 -1.25 -.25 4.3121 -1.1115 -.25 4.2269
4 71 -1.25 -.25 4.6185 -1.35 -.25 4.7092 -1.35 -.25 4.3733 -1.25 -.25 4.3121
4 71 -1.25 -.25 4.6185 -1.25 -.25 4.3121 -1.08 -.25 4.3439 -1.188 -.25 4.5689
4 71 -1.35 -.25 4.7092 -1.359 -.25 4.7174 -1.4445 -.25 4.5104 -1.35 -.25 4.3733
4 71 -1.359 -.25 4.7174 -1.4265 -.25 4.7759 -1.548 -.25 4.7759 -1.4445 -.25 4.5104
4 71 1.17 -.25 7.0439 1.71 -.25 7.1339 2.205 -.25 7.2779 2.295 -.25 7.3274
3 71 -4.14 -.25 7.4039 -4.0545 -.25 7.3769 -4.032 -.25 7.3859
3 71 -4.6 -.25 7.4039 -4.1895 -.25 7.3949 -4.1805 -.25 7.4039
4 71 4.068 -.25 7.3139 4.275 -.25 7.2689 4.6 -.25 7.4039 4.0365 -.25 7.3967
3 71 -3.627 -.25 7.3859 -3.6045 -.25 7.3679 -3 -.25 7.4039
3 71 -3.9825 -.25 7.3859 -3.9645 -.25 7.3769 -3.6855 -.25 7.4039
3 71 4.0365 -.25 7.3967 4.6 -.25 7.4039 4.0365 -.25 7.4039
3 71 2.6145 -.25 7.3859 2.646 -.25 7.3499 3.0282 -.25 7.4039
3 71 -1.773 -.25 7.0889 -1.7685 -.25 7.0709 -1.44 -.25 6.7739
4 71 .7155 -.25 7.1294 .738 -.25 7.1474 -1.773 -.25 7.0889 -1.44 -.25 6.7739
3 71 -2.907 -.25 7.2689 -2.5875 -.25 7.1519 -2.5695 -.25 7.3949
4 71 .531 -.25 6.9404 .5805 -.25 6.9899 .639 -.25 7.0574 -1.44 -.25 6.7739
4 71 .684 -.25 7.0979 .7155 -.25 7.1294 -1.44 -.25 6.7739 .639 -.25 7.0574
3 71 -3.6495 -.25 7.4039 -3.627 -.25 7.3859 -3 -.25 7.4039
4 71 .396 -.25 6.8099 .4635 -.25 6.8729 .531 -.25 6.9404 -1.44 -.25 6.7739
4 71 -2.5862 -.25 7.4039 -3 -.25 7.4039 -2.907 -.25 7.2689 -2.5695 -.25 7.3949
3 71 2.5845 -.25 7.4039 2.6145 -.25 7.3859 3.0282 -.25 7.4039
4 71 1.0575 -.25 7.2059 .7515 -.25 7.1519 .99 -.25 7.1069 1.0215 -.25 7.1519
3 71 .7515 -.25 7.1519 .9405 -.25 7.0394 .99 -.25 7.1069
4 71 4.0095 -.25 7.3994 4.0041 -.25 7.4039 3.9004 -.25 7.4039 3.9222 -.25 7.3751
4 71 4.275 -.25 7.2689 4.5 -.25 7.0799 4.6 -.25 7.2539 4.6 -.25 7.4039
4 71 4.5 -.25 7.0799 4.6 -.25 7.0059 4.608 -.25 7.1339 4.6 -.25 7.2539
3 71 4.4901 -.25 6.9926 4.5 -.25 6.8313 4.6 -.25 7.0059
4 71 1.71 -.25 7.1339 2 -.25 7.1772 2.07 -.25 7.2104 2.205 -.25 7.2779
3 71 1.9 -.25 7.1297 2 -.25 7.1772 1.71 -.25 7.1339
4 71 1.3034 -.25 7.4039 1.296 -.25 7.3949 2.412 -.25 7.3994 2.4192 -.25 7.4039
3 71 1.296 -.25 7.3949 2.295 -.25 7.3274 2.412 -.25 7.3994
3 71 .05 -.25 5.0438 -.05 -.25 5.0008 -.18 -.25 4.7039
4 71 -.05 -.25 5.0008 -.09 -.25 4.9829 -.18 -.25 4.8839 -.18 -.25 4.7039
4 71 -1.494 -.25 5.3969 -1.5075 -.25 5.3789 -1.449 -.25 5.2709 -1.4424 -.25 5.2771
4 71 -1.494 -.25 5.3969 -1.4424 -.25 5.2771 -1.3696 -.25 5.3466 -1.314 -.25 5.4059
4 71 -1.512 -.25 5.9414 -1.521 -.25 5.9729 -1.71 -.25 5.9459 -1.7625 -.25 5.8705
4 71 -1.512 -.25 5.9414 -1.7625 -.25 5.8705 -1.8229 -.25 5.7844 -1.8 -.25 5.5139
3 71 -4.6 -.25 6.8879 -4.491 -.25 6.8684 -4.482 -.25 6.9089
3 71 -4.6 -.25 6.8879 -4.4955 -.25 6.8324 -4.491 -.25 6.8684
3 71 -4.6 -.25 6.8879 -4.4955 -.25 6.7874 -4.4955 -.25 6.8324
4 71 -4.6 -.25 6.8879 -4.5 -.25 6.6914 -4.491 -.25 6.6884 -4.4865 -.25 6.6974
4 71 -4.4865 -.25 6.7379 -4.491 -.25 6.7649 -4.4955 -.25 6.7874 -4.6 -.25 6.8879
3 71 -4.4865 -.25 6.7154 -4.4865 -.25 6.7379 -4.6 -.25 6.8879
3 71 -4.4865 -.25 6.6974 -4.4865 -.25 6.7154 -4.6 -.25 6.8879
4 71 -1.17 -.25 5.5004 -1.197 -.25 5.4419 -1.233 -.25 5.3519 -.99 -.25 4.8839
3 71 -1.233 -.25 5.3519 -1.2368 -.25 5.3382 -.99 -.25 4.8839
4 71 -1.35 -.25 5.1539 -.99 -.25 4.8839 -1.2368 -.25 5.3382 -1.3 -.25 5.2539
4 71 .684 -.25 7.0259 .621 -.25 6.9449 .7 -.25 6.7456 .891 -.25 6.9764
4 71 .621 -.25 6.9449 .567 -.25 6.8729 .6 -.25 6.6357 .7 -.25 6.7456
4 71 .567 -.25 6.8729 .5085 -.25 6.8009 .531 -.25 6.5624 .6 -.25 6.6357
4 71 .306 -.25 6.4319 .531 -.25 6.5624 .5085 -.25 6.8009 .4455 -.25 6.7244
0 // Black horse details
3 0 -4.059 -.25 7.1474 -4.0365 -.25 7.1519 -4.0365 -.25 7.1699
3 0 -3.9825 -.25 7.3859 -3.9645 -.25 7.3589 -3.9645 -.25 7.3769
3 0 -3.7665 -.25 6.2069 -3.735 -.25 6.2249 -3.753 -.25 6.2204
3 0 -3.6315 -.25 6.5489 -3.618 -.25 6.5714 -3.627 -.25 6.5624
3 0 -3.4965 -.25 7.1339 -3.492 -.25 7.1429 -3.5145 -.25 7.1384
3 0 -3.492 -.25 7.1429 -3.4875 -.25 7.1519 -3.5145 -.25 7.1384
3 0 -2.151 -.25 5.1224 -2.1195 -.25 5.1359 -2.1375 -.25 5.1359
3 0 -1.521 -.25 5.9729 -1.5075 -.25 5.9819 -1.5165 -.25 5.9819
3 0 -1.2015 -.25 4.7579 -1.197 -.25 4.7849 -1.206 -.25 4.7714
3 0 -.8505 -.25 5.1134 -.8325 -.25 5.1224 -.864 -.25 5.1314
3 0 -.4185 -.25 4.0784 -.414 -.25 4.0919 -.423 -.25 4.1054
3 0 -.243 -.25 4.7534 -.234 -.25 4.7669 -.252 -.25 4.7759
3 0 .7245 -.25 5.1674 .756 -.25 5.1449 .7425 -.25 5.1674
3 0 2.7765 -.25 5.6444 2.79 -.25 5.6579 2.763 -.25 5.6444
4 0 4.0095 -.25 7.3994 4.023 -.25 7.3949 4.0365 -.25 7.3967 4.0365 -.25 7.4039
3 0 4.3713 -.25 7.0736 4.4235 -.25 7.0529 4.4136 -.25 7.07
3 0 4.4829 -.25 7.0061 4.4928 -.25 6.9683 4.4901 -.25 6.9926
4 0 -4.1895 -.25 7.2959 -4.1895 -.25 7.3094 -4.2165 -.25 7.3004 -4.203 -.25 7.2869
4 0 -4.1805 -.25 7.3499 -4.212 -.25 7.3544 -4.2165 -.25 7.3364 -4.185 -.25 7.3364
4 0 -4.185 -.25 7.3364 -4.2165 -.25 7.3364 -4.2165 -.25 7.3184 -4.1895 -.25 7.3229
4 0 -4.1895 -.25 7.3094 -4.1895 -.25 7.3229 -4.2165 -.25 7.3184 -4.2165 -.25 7.3004
4 0 -4.1625 -.25 7.3814 -4.1895 -.25 7.3949 -4.203 -.25 7.3769 -4.1715 -.25 7.3679
4 0 -4.1715 -.25 7.3679 -4.203 -.25 7.3769 -4.212 -.25 7.3544 -4.1805 -.25 7.3499
4 0 -4.149 -.25 7.3949 -4.1805 -.25 7.4039 -4.1895 -.25 7.3949 -4.1625 -.25 7.3814
4 0 -4.1535 -.25 6.9854 -4.167 -.25 6.9809 -4.1625 -.25 6.9719 -4.1535 -.25 6.9584
4 0 -4.1355 -.25 6.9764 -4.1535 -.25 6.9854 -4.1535 -.25 6.9584 -4.14 -.25 6.9404
3 0 -4.14 -.25 7.4039 -4.1805 -.25 7.4039 -4.149 -.25 7.3949
4 0 -4.0815 -.25 6.9359 -4.1085 -.25 6.9584 -4.1265 -.25 6.9224 -4.1085 -.25 6.8954
4 0 -4.1085 -.25 6.9584 -4.1355 -.25 6.9764 -4.14 -.25 6.9404 -4.1265 -.25 6.9224
4 0 -4.0455 -.25 7.2104 -4.0455 -.25 7.2284 -4.122 -.25 7.2059 -4.104 -.25 7.1789
4 0 -4.0455 -.25 7.1969 -4.0455 -.25 7.2104 -4.104 -.25 7.1789 -4.086 -.25 7.1609
4 0 -4.0545 -.25 6.9089 -4.0815 -.25 6.9359 -4.1085 -.25 6.8954 -4.0905 -.25 6.8684
4 0 -4.0365 -.25 7.1699 -4.041 -.25 7.1834 -4.0725 -.25 7.1519 -4.059 -.25 7.1474
4 0 -4.041 -.25 7.2554 -4.14 -.25 7.2689 -4.1355 -.25 7.2329 -4.0455 -.25 7.2419
4 0 -4.041 -.25 7.1834 -4.0455 -.25 7.1969 -4.086 -.25 7.1609 -4.0725 -.25 7.1519
4 0 -4.0455 -.25 7.2284 -4.0455 -.25 7.2419 -4.1355 -.25 7.2329 -4.122 -.25 7.2059
4 0 -4.023 -.25 7.2824 -4.113 -.25 7.3409 -4.1265 -.25 7.3229 -4.032 -.25 7.2734
4 0 -4.032 -.25 7.2734 -4.1265 -.25 7.3229 -4.1355 -.25 7.3004 -4.0365 -.25 7.2644
4 0 -4.032 -.25 6.8774 -4.0545 -.25 6.9089 -4.0905 -.25 6.8684 -4.068 -.25 6.8279
4 0 -4.0365 -.25 7.2644 -4.1355 -.25 7.3004 -4.14 -.25 7.2689 -4.041 -.25 7.2554
4 0 -4.0005 -.25 7.3049 -4.0725 -.25 7.3679 -4.095 -.25 7.3544 -4.014 -.25 7.2959
4 0 -4.0005 -.25 6.8099 -4.014 -.25 6.8459 -4.05 -.25 6.7964 -4.0365 -.25 6.7604
4 0 -4.014 -.25 7.2959 -4.095 -.25 7.3544 -4.113 -.25 7.3409 -4.023 -.25 7.2824
4 0 -4.014 -.25 6.8459 -4.032 -.25 6.8774 -4.068 -.25 6.8279 -4.05 -.25 6.7964
4 0 -3.978 -.25 7.3274 -4.032 -.25 7.3859 -4.0545 -.25 7.3769 -3.987 -.25 7.3184
4 0 -3.9825 -.25 6.7649 -4.0005 -.25 6.8099 -4.0365 -.25 6.7604 -4.023 -.25 6.7289
4 0 -3.987 -.25 7.3184 -4.0545 -.25 7.3769 -4.0725 -.25 7.3679 -4.0005 -.25 7.3049
4 0 -3.9645 -.25 7.3589 -3.9825 -.25 7.3859 -4.0095 -.25 7.3904 -3.969 -.25 7.3409
4 0 -3.9645 -.25 6.6974 -3.9735 -.25 6.7334 -4.005 -.25 6.6839 -3.996 -.25 6.6524
4 0 -3.969 -.25 7.3409 -4.0095 -.25 7.3904 -4.032 -.25 7.3859 -3.978 -.25 7.3274
4 0 -3.9735 -.25 6.7334 -3.9825 -.25 6.7649 -4.023 -.25 6.7289 -4.005 -.25 6.6839
4 0 -3.96 -.25 6.6569 -3.9645 -.25 6.6974 -3.996 -.25 6.6524 -3.987 -.25 6.6299
4 0 -3.96 -.25 6.6254 -3.96 -.25 6.6569 -3.987 -.25 6.6299 -3.9825 -.25 6.6119
4 0 -3.96 -.25 6.6029 -3.96 -.25 6.6254 -3.9825 -.25 6.6119 -3.978 -.25 6.5894
4 0 -3.96 -.25 6.5849 -3.96 -.25 6.6029 -3.978 -.25 6.5894 -3.969 -.25 6.5759
4 0 -3.7035 -.25 6.2069 -3.708 -.25 6.2159 -3.789 -.25 6.1664 -3.7845 -.25 6.1439
4 0 -3.708 -.25 6.2159 -3.7125 -.25 6.2204 -3.78 -.25 6.1889 -3.789 -.25 6.1664
4 0 -3.7125 -.25 6.2204 -3.735 -.25 6.2249 -3.7665 -.25 6.2069 -3.78 -.25 6.1889
4 0 -3.69 -.25 6.1754 -3.699 -.25 6.1889 -3.771 -.25 6.1214 -3.753 -.25 6.1079
4 0 -3.699 -.25 6.1889 -3.7035 -.25 6.2069 -3.7845 -.25 6.1439 -3.771 -.25 6.1214
3 0 -3.6765 -.25 7.3949 -3.6495 -.25 7.4039 -3.6855 -.25 7.4039
4 0 -3.6765 -.25 6.1529 -3.69 -.25 6.1754 -3.753 -.25 6.1079 -3.726 -.25 6.0899
3 0 -3.6495 -.25 7.4039 -3.6765 -.25 7.3949 -3.6675 -.25 7.3859
3 0 -3.6495 -.25 7.4039 -3.6675 -.25 7.3859 -3.654 -.25 7.3679
4 0 -3.6495 -.25 6.1214 -3.663 -.25 6.1349 -3.699 -.25 6.0809 -3.6765 -.25 6.0764
4 0 -3.663 -.25 6.1349 -3.6765 -.25 6.1529 -3.726 -.25 6.0899 -3.699 -.25 6.0809
4 0 -3.627 -.25 6.0944 -3.6315 -.25 6.1034 -3.6405 -.25 6.0764 -3.6315 -.25 6.0809
4 0 -3.6315 -.25 6.1034 -3.6405 -.25 6.1124 -3.654 -.25 6.0719 -3.6405 -.25 6.0764
4 0 -3.6405 -.25 6.1124 -3.6495 -.25 6.1214 -3.6765 -.25 6.0764 -3.654 -.25 6.0719
4 0 -3.5955 -.25 6.5669 -3.609 -.25 6.5714 -3.627 -.25 6.5309 -3.618 -.25 6.5174
4 0 -3.6045 -.25 7.3679 -3.627 -.25 7.3859 -3.6405 -.25 7.3499 -3.627 -.25 7.3319
4 0 -3.609 -.25 6.5714 -3.618 -.25 6.5714 -3.6315 -.25 6.5489 -3.627 -.25 6.5309
4 0 -3.627 -.25 7.3859 -3.6495 -.25 7.4039 -3.654 -.25 7.3679 -3.6405 -.25 7.3499
4 0 -3.564 -.25 6.5264 -3.5685 -.25 6.5399 -3.582 -.25 6.5039 -3.5685 -.25 6.5084
4 0 -3.5685 -.25 6.5399 -3.5775 -.25 6.5534 -3.6045 -.25 6.5084 -3.582 -.25 6.5039
4 0 -3.5775 -.25 7.3454 -3.6045 -.25 7.3679 -3.627 -.25 7.3319 -3.609 -.25 7.3094
4 0 -3.5775 -.25 6.5534 -3.5955 -.25 6.5669 -3.618 -.25 6.5174 -3.6045 -.25 6.5084
4 0 -3.555 -.25 7.3274 -3.5775 -.25 7.3454 -3.609 -.25 7.3094 -3.5955 -.25 7.2914
4 0 -3.519 -.25 7.2959 -3.537 -.25 7.3139 -3.5865 -.25 7.2779 -3.573 -.25 7.2554
4 0 -3.537 -.25 7.3139 -3.555 -.25 7.3274 -3.5955 -.25 7.2914 -3.5865 -.25 7.2779
4 0 -3.5055 -.25 7.2779 -3.519 -.25 7.2959 -3.573 -.25 7.2554 -3.5595 -.25 7.2329
4 0 -3.4875 -.25 7.1519 -3.4875 -.25 7.1834 -3.5235 -.25 7.1564 -3.5145 -.25 7.1384
4 0 -3.492 -.25 7.2464 -3.5055 -.25 7.2779 -3.5595 -.25 7.2329 -3.546 -.25 7.2059
4 0 -3.4875 -.25 7.2149 -3.492 -.25 7.2464 -3.546 -.25 7.2059 -3.537 -.25 7.1834
4 0 -3.4875 -.25 7.1834 -3.4875 -.25 7.2149 -3.537 -.25 7.1834 -3.5235 -.25 7.1564
3 0 -2.4525 -.25 7.4039 -2.5862 -.25 7.4039 -2.5695 -.25 7.3949
3 0 -2.4525 -.25 7.4039 -2.5695 -.25 7.3949 -2.5155 -.25 7.3634
4 0 -2.4075 -.25 7.3679 -2.4525 -.25 7.4039 -2.4615 -.25 7.3229 -2.421 -.25 7.2959
3 0 -2.4525 -.25 7.4039 -2.5155 -.25 7.3634 -2.4615 -.25 7.3229
4 0 -2.367 -.25 7.3319 -2.4075 -.25 7.3679 -2.421 -.25 7.2959 -2.3805 -.25 7.2689
4 0 -2.2905 -.25 7.2644 -2.3265 -.25 7.2959 -2.34 -.25 7.2419 -2.295 -.25 7.2104
4 0 -2.3265 -.25 7.2959 -2.367 -.25 7.3319 -2.3805 -.25 7.2689 -2.34 -.25 7.2419
4 0 -2.241 -.25 7.1924 -2.2455 -.25 7.2149 -2.2635 -.25 7.2374 -2.259 -.25 7.1924
4 0 -2.259 -.25 7.1924 -2.2635 -.25 7.2374 -2.2905 -.25 7.2644 -2.295 -.25 7.2104
4 0 -2.1015 -.25 5.0279 -2.1015 -.25 5.0504 -2.1375 -.25 5.0324 -2.1285 -.25 5.0189
4 0 -2.1015 -.25 5.0144 -2.1015 -.25 5.0279 -2.1285 -.25 5.0189 -2.1195 -.25 5.0099
4 0 -2.106 -.25 5.1179 -2.1195 -.25 5.1359 -2.151 -.25 5.1224 -2.16 -.25 5.0909
4 0 -2.1015 -.25 5.0819 -2.106 -.25 5.1179 -2.16 -.25 5.0909 -2.151 -.25 5.0594
4 0 -2.1015 -.25 5.0504 -2.1015 -.25 5.0819 -2.151 -.25 5.0594 -2.1375 -.25 5.0324
4 0 -1.836 -.25 4.7264 -1.836 -.25 4.7849 -1.863 -.25 4.7804 -1.8585 -.25 4.7534
4 0 -1.827 -.25 6.8549 -1.899 -.25 6.9089 -1.908 -.25 6.8639 -1.8315 -.25 6.8189
4 0 -1.827 -.25 6.6884 -1.8315 -.25 6.7289 -1.9125 -.25 6.7649 -1.908 -.25 6.7154
4 0 -1.8315 -.25 6.7739 -1.8315 -.25 6.8189 -1.908 -.25 6.8639 -1.9125 -.25 6.8189
4 0 -1.8315 -.25 6.7289 -1.8315 -.25 6.7739 -1.9125 -.25 6.8189 -1.9125 -.25 6.7649
4 0 -1.8135 -.25 6.9269 -1.8675 -.25 6.9899 -1.8855 -.25 6.9494 -1.8225 -.25 6.8864
4 0 -1.8135 -.25 6.6299 -1.8225 -.25 6.6569 -1.899 -.25 6.6749 -1.8855 -.25 6.6254
4 0 -1.8225 -.25 6.8864 -1.8855 -.25 6.9494 -1.899 -.25 6.9089 -1.827 -.25 6.8549
4 0 -1.8225 -.25 6.6569 -1.827 -.25 6.6884 -1.908 -.25 6.7154 -1.899 -.25 6.6749
4 0 -1.8 -.25 6.9674 -1.8495 -.25 7.0214 -1.8675 -.25 6.9899 -1.8135 -.25 6.9269
4 0 -1.8 -.25 6.5759 -1.8045 -.25 6.6029 -1.872 -.25 6.5894 -1.854 -.25 6.5579
4 0 -1.8045 -.25 6.6029 -1.8135 -.25 6.6299 -1.8855 -.25 6.6254 -1.872 -.25 6.5894
4 0 -1.791 -.25 6.9989 -1.827 -.25 7.0484 -1.8495 -.25 7.0214 -1.8 -.25 6.9674
4 0 -1.791 -.25 4.6994 -1.7955 -.25 4.7759 -1.836 -.25 4.7849 -1.836 -.25 4.7264
4 0 -1.7955 -.25 6.5579 -1.8 -.25 6.5759 -1.854 -.25 6.5579 -1.836 -.25 6.5354
4 0 -1.7955 -.25 6.5354 -1.7955 -.25 6.5579 -1.836 -.25 6.5354 -1.8135 -.25 6.5264
4 0 -1.782 -.25 7.0259 -1.8045 -.25 7.0709 -1.827 -.25 7.0484 -1.791 -.25 6.9989
4 0 -1.674 -.25 4.6319 -1.6875 -.25 4.7084 -1.7415 -.25 4.7444 -1.7325 -.25 4.6634
4 0 -1.7325 -.25 4.6634 -1.7415 -.25 4.7444 -1.7955 -.25 4.7759 -1.791 -.25 4.6994
4 0 -1.7685 -.25 7.0709 -1.773 -.25 7.0889 -1.7865 -.25 7.0844 -1.773 -.25 7.0529
4 0 -1.773 -.25 7.0529 -1.7865 -.25 7.0844 -1.8045 -.25 7.0709 -1.782 -.25 7.0259
4 0 -1.6515 -.25 5.2754 -1.692 -.25 5.2844 -1.692 -.25 5.2709 -1.6785 -.25 5.2709
4 0 -1.611 -.25 5.2979 -1.665 -.25 5.3249 -1.6785 -.25 5.3069 -1.6335 -.25 5.2844
4 0 -1.62 -.25 4.6004 -1.6425 -.25 4.6769 -1.6875 -.25 4.7084 -1.674 -.25 4.6319
4 0 -1.6335 -.25 5.2844 -1.6785 -.25 5.3069 -1.692 -.25 5.2844 -1.6515 -.25 5.2754
4 0 -1.557 -.25 5.3339 -1.62 -.25 5.3699 -1.6425 -.25 5.3474 -1.584 -.25 5.3159
4 0 -1.557 -.25 4.5734 -1.5615 -.25 4.6184 -1.5885 -.25 4.6409 -1.5795 -.25 4.5779
4 0 -1.5795 -.25 4.5779 -1.5885 -.25 4.6409 -1.6425 -.25 4.6769 -1.62 -.25 4.6004
4 0 -1.584 -.25 5.3159 -1.6425 -.25 5.3474 -1.665 -.25 5.3249 -1.611 -.25 5.2979
4 0 -1.5075 -.25 5.3789 -1.566 -.25 5.4014 -1.593 -.25 5.3879 -1.53 -.25 5.3564
4 0 -1.53 -.25 5.3564 -1.593 -.25 5.3879 -1.62 -.25 5.3699 -1.557 -.25 5.3339
4 0 -1.539 -.25 4.5779 -1.5435 -.25 4.5959 -1.5615 -.25 4.6184 -1.557 -.25 4.5734
4 0 -1.4445 -.25 5.9369 -1.4805 -.25 5.9639 -1.512 -.25 5.9414 -1.4895 -.25 5.9144
4 0 -1.4805 -.25 5.9639 -1.5075 -.25 5.9819 -1.521 -.25 5.9729 -1.512 -.25 5.9414
4 0 -1.494 -.25 5.3969 -1.4985 -.25 5.4149 -1.512 -.25 5.4239 -1.5345 -.25 5.4194
4 0 -1.494 -.25 5.3969 -1.5345 -.25 5.4194 -1.566 -.25 5.4014 -1.5075 -.25 5.3789
4 0 -1.2555 -.25 5.8109 -1.3005 -.25 5.8379 -1.3545 -.25 5.8154 -1.305 -.25 5.7884
4 0 -1.3005 -.25 5.8379 -1.341 -.25 5.8649 -1.4085 -.25 5.8469 -1.3545 -.25 5.8154
4 0 -1.341 -.25 5.8649 -1.3905 -.25 5.9009 -1.4535 -.25 5.8784 -1.4085 -.25 5.8469
4 0 -1.3905 -.25 5.9009 -1.4445 -.25 5.9369 -1.4895 -.25 5.9144 -1.4535 -.25 5.8784
4 0 -1.179 -.25 4.7849 -1.197 -.25 4.7849 -1.2015 -.25 4.7579 -1.188 -.25 4.7444
4 0 -1.1925 -.25 5.7704 -1.2195 -.25 5.7884 -1.2645 -.25 5.7704 -1.224 -.25 5.7524
4 0 -1.2195 -.25 5.7884 -1.2555 -.25 5.8109 -1.305 -.25 5.7884 -1.2645 -.25 5.7704
4 0 -1.143 -.25 4.7624 -1.161 -.25 4.7759 -1.17 -.25 4.7309 -1.1475 -.25 4.7174
4 0 -1.152 -.25 5.7299 -1.161 -.25 5.7479 -1.197 -.25 5.7389 -1.1745 -.25 5.7299
4 0 -1.161 -.25 5.7479 -1.1925 -.25 5.7704 -1.224 -.25 5.7524 -1.197 -.25 5.7389
4 0 -1.161 -.25 4.7759 -1.179 -.25 4.7849 -1.188 -.25 4.7444 -1.17 -.25 4.7309
4 0 -1.017 -.25 4.2584 -1.0305 -.25 4.2539 -1.026 -.25 4.2404 -1.017 -.25 4.2269
4 0 -1.089 -.25 4.7084 -1.0935 -.25 4.7264 -1.1115 -.25 4.7399 -1.1115 -.25 4.7039
4 0 -1.1115 -.25 4.7039 -1.1115 -.25 4.7399 -1.125 -.25 4.7489 -1.1295 -.25 4.7084
4 0 -1.125 -.25 4.7489 -1.143 -.25 4.7624 -1.1475 -.25 4.7174 -1.1295 -.25 4.7084
4 0 -.9 -.25 4.2134 -.927 -.25 4.2269 -.936 -.25 4.1774 -.9 -.25 4.1774
4 0 -.927 -.25 4.2269 -.9585 -.25 4.2449 -.9675 -.25 4.1909 -.936 -.25 4.1774
4 0 -.9585 -.25 4.2449 -.999 -.25 4.2584 -.99 -.25 4.2044 -.9675 -.25 4.1909
4 0 -.99 -.25 4.2044 -.999 -.25 4.2584 -1.017 -.25 4.2584 -1.017 -.25 4.2269
4 0 -.8865 -.25 4.1999 -.9 -.25 4.2134 -.9 -.25 4.1774 -.8865 -.25 4.1864
4 0 -.7965 -.25 5.2034 -.846 -.25 5.2079 -.855 -.25 5.1809 -.81 -.25 5.1674
4 0 -.81 -.25 5.1674 -.855 -.25 5.1809 -.864 -.25 5.1494 -.819 -.25 5.1449
4 0 -.819 -.25 5.1449 -.864 -.25 5.1494 -.864 -.25 5.1314 -.8325 -.25 5.1224
4 0 -.7425 -.25 5.2979 -.801 -.25 5.3069 -.8145 -.25 5.2799 -.7605 -.25 5.2709
4 0 -.7605 -.25 5.2709 -.8145 -.25 5.2799 -.8325 -.25 5.2394 -.7785 -.25 5.2394
4 0 -.7785 -.25 5.2394 -.8325 -.25 5.2394 -.846 -.25 5.2079 -.7965 -.25 5.2034
4 0 -.675 -.25 5.4014 -.738 -.25 5.4194 -.756 -.25 5.3924 -.693 -.25 5.3744
4 0 -.693 -.25 5.3744 -.756 -.25 5.3924 -.7695 -.25 5.3699 -.711 -.25 5.3474
4 0 -.711 -.25 5.3474 -.7695 -.25 5.3699 -.783 -.25 5.3429 -.729 -.25 5.3204
4 0 -.729 -.25 5.3204 -.783 -.25 5.3429 -.801 -.25 5.3069 -.7425 -.25 5.2979
4 0 -.6525 -.25 5.4689 -.657 -.25 5.4959 -.6885 -.25 5.4914 -.702 -.25 5.4734
4 0 -.6525 -.25 5.4689 -.702 -.25 5.4734 -.7155 -.25 5.4509 -.657 -.25 5.4329
4 0 -.657 -.25 5.4329 -.7155 -.25 5.4509 -.738 -.25 5.4194 -.675 -.25 5.4014
4 0 -.5625 -.25 4.6769 -.585 -.25 4.7242 -.6075 -.25 4.7219 -.5895 -.25 4.6769
4 0 -.5895 -.25 4.6769 -.6075 -.25 4.7219 -.6255 -.25 4.7174 -.6075 -.25 4.6814
4 0 -.6075 -.25 4.6814 -.6255 -.25 4.7174 -.6345 -.25 4.6994 -.6255 -.25 4.6859
4 0 -.4995 -.25 4.6769 -.522 -.25 4.7309 -.5535 -.25 4.7264 -.5265 -.25 4.6769
4 0 -.5175 -.25 4.0784 -.522 -.25 4.1189 -.5355 -.25 4.1054 -.531 -.25 4.0919
4 0 -.5265 -.25 4.6769 -.5535 -.25 4.7264 -.585 -.25 4.7242 -.5625 -.25 4.6769
4 0 -.468 -.25 4.6769 -.4905 -.25 4.7309 -.522 -.25 4.7309 -.4995 -.25 4.6769
4 0 -.468 -.25 4.0649 -.477 -.25 4.1234 -.504 -.25 4.1234 -.495 -.25 4.0694
4 0 -.495 -.25 4.0694 -.504 -.25 4.1234 -.522 -.25 4.1189 -.5175 -.25 4.0784
4 0 -.4185 -.25 4.0784 -.423 -.25 4.1054 -.4455 -.25 4.1144 -.4365 -.25 4.0694
4 0 -.432 -.25 4.6814 -.4545 -.25 4.7354 -.4905 -.25 4.7309 -.468 -.25 4.6769
4 0 -.4365 -.25 4.0694 -.4455 -.25 4.1144 -.477 -.25 4.1234 -.468 -.25 4.0649
4 0 -.342 -.25 4.7039 -.369 -.25 4.7534 -.4005 -.25 4.7444 -.3735 -.25 4.6949
4 0 -.3735 -.25 4.6949 -.4005 -.25 4.7444 -.4275 -.25 4.7399 -.405 -.25 4.6859
4 0 -.405 -.25 4.6859 -.4275 -.25 4.7399 -.4545 -.25 4.7354 -.432 -.25 4.6814
4 0 -.2565 -.25 4.7489 -.279 -.25 4.7714 -.3105 -.25 4.7669 -.2835 -.25 4.7309
4 0 -.2835 -.25 4.7309 -.3105 -.25 4.7669 -.3375 -.25 4.7624 -.3105 -.25 4.7174
4 0 -.3105 -.25 4.7174 -.3375 -.25 4.7624 -.369 -.25 4.7534 -.342 -.25 4.7039
4 0 -.243 -.25 4.7534 -.252 -.25 4.7759 -.279 -.25 4.7714 -.2565 -.25 4.7489
4 0 -.099 -.25 6.2654 -.18 -.25 6.2699 -.18 -.25 6.2429 -.153 -.25 6.2429
4 0 -.036 -.25 6.3059 -.144 -.25 6.3149 -.18 -.25 6.2699 -.099 -.25 6.2654
4 0 .135 -.25 6.4364 -.0225 -.25 6.4229 -.09 -.25 6.3599 .045 -.25 6.3689
4 0 .045 -.25 6.3689 -.09 -.25 6.3599 -.144 -.25 6.3149 -.036 -.25 6.3059
4 0 .297 -.25 6.5759 .162 -.25 6.5849 .0675 -.25 6.5039 .216 -.25 6.5039
4 0 .216 -.25 6.5039 .0675 -.25 6.5039 -.0225 -.25 6.4229 .135 -.25 6.4364
4 0 .4455 -.25 6.7244 .333 -.25 6.7469 .252 -.25 6.6659 .369 -.25 6.6479
4 0 .369 -.25 6.6479 .252 -.25 6.6659 .162 -.25 6.5849 .297 -.25 6.5759
4 0 .5085 -.25 6.8009 .396 -.25 6.8099 .333 -.25 6.7469 .4455 -.25 6.7244
4 0 .567 -.25 6.8729 .4635 -.25 6.8729 .396 -.25 6.8099 .5085 -.25 6.8009
4 0 .621 -.25 6.9449 .531 -.25 6.9404 .4635 -.25 6.8729 .567 -.25 6.8729
4 0 .684 -.25 7.0259 .5805 -.25 6.9899 .531 -.25 6.9404 .621 -.25 6.9449
4 0 .675 -.25 5.0684 .6435 -.25 5.0774 .6435 -.25 5.0639 .657 -.25 5.0639
4 0 .72 -.25 7.0754 .639 -.25 7.0574 .5805 -.25 6.9899 .684 -.25 7.0259
4 0 .72 -.25 5.0909 .6615 -.25 5.1089 .6503 -.25 5.0909 .6975 -.25 5.0774
4 0 .6975 -.25 5.0774 .6503 -.25 5.0909 .6435 -.25 5.0774 .675 -.25 5.0684
4 0 .747 -.25 7.1294 .7155 -.25 7.1294 .684 -.25 7.0979 .738 -.25 7.1069
4 0 .7425 -.25 5.1044 .675 -.25 5.1314 .6615 -.25 5.1089 .72 -.25 5.0909
4 0 .738 -.25 7.1069 .684 -.25 7.0979 .639 -.25 7.0574 .72 -.25 7.0754
4 0 .756 -.25 5.1269 .756 -.25 5.1449 .7245 -.25 5.1674 .693 -.25 5.1494
4 0 .756 -.25 5.1269 .693 -.25 5.1494 .675 -.25 5.1314 .7425 -.25 5.1044
4 0 .7515 -.25 7.1519 .738 -.25 7.1474 .7155 -.25 7.1294 .747 -.25 7.1294
4 0 2.7315 -.25 6.4049 2.6955 -.25 6.4094 2.7045 -.25 6.3869 2.718 -.25 6.3824
4 0 2.7495 -.25 6.6884 2.709 -.25 6.6974 2.709 -.25 6.6704 2.7405 -.25 6.6704
4 0 2.7405 -.25 6.6704 2.709 -.25 6.6704 2.7135 -.25 6.6569 2.7225 -.25 6.6569
4 0 2.7315 -.25 6.4274 2.727 -.25 6.4454 2.709 -.25 6.4499 2.7009 -.25 6.431
4 0 2.7315 -.25 6.4049 2.7315 -.25 6.4274 2.7009 -.25 6.431 2.6955 -.25 6.4094
4 0 2.7675 -.25 7.1429 2.7599 -.25 7.1699 2.7405 -.25 7.1654 2.7405 -.25 7.1249
4 0 2.7675 -.25 6.7424 2.718 -.25 6.7559 2.7135 -.25 6.7244 2.7585 -.25 6.7154
4 0 2.7599 -.25 7.1699 2.754 -.25 7.1789 2.7405 -.25 7.1789 2.7405 -.25 7.1654
4 0 2.7585 -.25 6.7154 2.7135 -.25 6.7244 2.709 -.25 6.6974 2.7495 -.25 6.6884
4 0 2.7765 -.25 7.1069 2.7405 -.25 7.0619 2.7405 -.25 6.9989 2.781 -.25 7.0349
4 0 2.7765 -.25 6.7829 2.727 -.25 6.7964 2.718 -.25 6.7559 2.7675 -.25 6.7424
4 0 2.7765 -.25 5.7344 2.7585 -.25 5.7479 2.745 -.25 5.7434 2.7405 -.25 5.7164
4 0 2.79 -.25 6.8864 2.736 -.25 6.8864 2.7315 -.25 6.8324 2.7855 -.25 6.8189
4 0 2.7855 -.25 6.9539 2.781 -.25 7.0349 2.7405 -.25 6.9989 2.7405 -.25 6.9359
4 0 2.7855 -.25 6.8189 2.7315 -.25 6.8324 2.727 -.25 6.7964 2.7765 -.25 6.7829
4 0 2.7765 -.25 7.1069 2.7675 -.25 7.1429 2.7405 -.25 7.1249 2.7405 -.25 7.0619
4 0 2.8035 -.25 5.6894 2.7945 -.25 5.7164 2.7405 -.25 5.6849 2.7495 -.25 5.6624
4 0 2.8035 -.25 5.6894 2.7495 -.25 5.6624 2.763 -.25 5.6444 2.79 -.25 5.6579
4 0 2.7945 -.25 5.7164 2.7765 -.25 5.7344 2.7405 -.25 5.7164 2.7405 -.25 5.6849
4 0 2.79 -.25 6.8864 2.7855 -.25 6.9539 2.7405 -.25 6.9359 2.736 -.25 6.8864
4 0 4.4235 -.25 7.0169 4.3596 -.25 7.0331 4.3713 -.25 7.0079 4.3947 -.25 6.989
4 0 4.4136 -.25 7.07 4.4037 -.25 7.079 4.3866 -.25 7.0772 4.3713 -.25 7.0736
3 0 4.0365 -.25 7.4039 4.0041 -.25 7.4039 4.0095 -.25 7.3994
4 0 4.4595 -.25 7.0052 4.4388 -.25 7.0079 4.4226 -.25 6.9674 4.4406 -.25 6.9521
4 0 4.4388 -.25 7.0079 4.4235 -.25 7.0169 4.3947 -.25 6.989 4.4226 -.25 6.9674
4 0 4.4235 -.25 7.0529 4.3713 -.25 7.0736 4.3596 -.25 7.061 4.4226 -.25 7.034
4 0 4.4235 -.25 7.0169 4.4226 -.25 7.034 4.3596 -.25 7.061 4.3596 -.25 7.0331
4 0 4.4928 -.25 6.9683 4.4829 -.25 7.0061 4.4595 -.25 7.0052 4.4847 -.25 6.9467
4 0 4.4847 -.25 6.9467 4.4595 -.25 7.0052 4.4406 -.25 6.9521 4.4595 -.25 6.9458
