0 ~Sticker  1.9 x  1.8 with 488 GTE Logo and Ferrari Badge on Black and Red Background Right - Fifth Face
0 Name: s\6221805bis05.dat
0 Author: Massimo Maso [Sirio]
0 !LDRAW_ORG Unofficial_Subpart
0 !LICENSE Licensed under CC BY 4.0 : see CAreadme.txt

0 BFC CERTIFY CCW

0 // Faces
0 // Green faces
3 2 -18 -.25 3.6522 -14.6859 -.25 3.2753 -14.677 -.25 3.3199
3 2 -18 -.25 3.6522 -14.73 -.25 2.6022 -14.6859 -.25 3.2753
3 2 -18 -.25 3.6522 -14.73 -.25 .7547 -14.73 -.25 2.6022
3 2 -18 -.25 3.6522 -14.73 -.25 .5322 -14.73 -.25 .7547
4 2 -18 -.25 3.6522 -18 -.25 -.0144 -14.73 -.25 .3322 -14.73 -.25 .5322
3 2 -18 -.25 -.0144 -13.153 -.25 -.0144 -14.73 -.25 .3322
3 2 18 -.25 .6522 11.334 -.25 -.0144 18 -.25 -.0144
4 2 5.334 -.25 -.0144 12 -.25 .6522 -9.2817 -.25 2.7804 -9.27 -.25 2.6022
3 2 5.334 -.25 -.0144 -9.27 -.25 2.6022 -9.27 -.25 .7547
3 2 5.334 -.25 -.0144 -9.27 -.25 .7547 -9.27 -.25 .5322
3 2 5.334 -.25 -.0144 -9.27 -.25 .5322 -9.27 -.25 .3322
3 2 5.334 -.25 -.0144 -9.27 -.25 .3322 -10.847 -.25 -.0144
0 // White faces
4 15 -18 -.25 6.8484 -18 -.25 3.6522 -14.677 -.25 3.3199 -14.5543 -.25 3.9369
3 15 -18 -.25 6.8484 -14.5543 -.25 3.9369 -14.3375 -.25 4.5756
3 15 -18 -.25 6.8484 -14.3375 -.25 4.5756 -14.0392 -.25 5.1806
3 15 -18 -.25 6.8484 -14.0392 -.25 5.1806 -13.6644 -.25 5.7414
3 15 -18 -.25 6.8484 -13.6644 -.25 5.7414 -13.2197 -.25 6.2485
3 15 -18 -.25 6.8484 -13.2197 -.25 6.2485 -12.7125 -.25 6.6933
3 15 -18 -.25 6.8484 -12.7125 -.25 6.6933 -12.4803 -.25 6.8484
3 15 -9.1771 -.25 6.8484 -11.5197 -.25 6.8484 -11.2875 -.25 6.6933
3 15 -9.1771 -.25 6.8484 -11.2875 -.25 6.6933 -10.7804 -.25 6.2485
3 15 -9.1771 -.25 6.8484 -10.7804 -.25 6.2485 -10.3356 -.25 5.7414
3 15 -9.1771 -.25 6.8484 -10.3356 -.25 5.7414 -9.9609 -.25 5.1806
3 15 -9.1771 -.25 6.8484 -9.9609 -.25 5.1806 -9.6626 -.25 4.5756
3 15 -9.1771 -.25 6.8484 -9.6626 -.25 4.5756 -9.4457 -.25 3.9369
4 15 -9.1771 -.25 6.8484 -9.4457 -.25 3.9369 -9.3141 -.25 3.2753 14.7 -.25 6.8484
4 15 12 -.25 .6522 14.7 -.25 6.8484 -9.3141 -.25 3.2753 -9.2817 -.25 2.7804
4 15 12 -.25 .6522 18 -.25 .6522 18 -.25 6.8484 14.7 -.25 6.8484
4 15 12 -.25 .6522 5.334 -.25 -.0144 11.334 -.25 -.0144 18 -.25 .6522
0 // Badge faces
0 // Black faces
4 0 -11.9225 -.25 .5122 -11.915 -.25 .4972 -11.905 -.25 .4897 -11.9 -.25 .5022
4 0 -12.045 -.25 .5122 -12.06 -.25 .4997 -12.0525 -.25 .4922 -12.0475 -.25 .5022
4 0 -11.9325 -.25 .5247 -11.9225 -.25 .5122 -11.9 -.25 .5022 -11.8975 -.25 .5197
4 0 -12.0425 -.25 .5272 -12.0675 -.25 .5072 -12.06 -.25 .4997 -12.045 -.25 .5122
4 0 -11.9425 -.25 .5422 -11.9325 -.25 .5247 -11.8975 -.25 .5197 -11.8925 -.25 .5397
4 0 -12.0375 -.25 .5422 -12.075 -.25 .5147 -12.0675 -.25 .5072 -12.0425 -.25 .5272
4 0 -12.0325 -.25 .5572 -12.085 -.25 .5247 -12.075 -.25 .5147 -12.0375 -.25 .5422
4 0 -11.9575 -.25 .5597 -11.9425 -.25 .5422 -11.8925 -.25 .5397 -11.885 -.25 .5547
4 0 -12.0275 -.25 .5697 -12.095 -.25 .5347 -12.085 -.25 .5247 -12.0325 -.25 .5572
4 0 -11.9725 -.25 .5797 -11.9575 -.25 .5597 -11.885 -.25 .5547 -11.875 -.25 .5672
4 0 -12.0225 -.25 .5822 -12.1075 -.25 .5447 -12.095 -.25 .5347 -12.0275 -.25 .5697
4 0 -11.9825 -.25 .5972 -11.9725 -.25 .5797 -11.875 -.25 .5672 -11.87 -.25 .5747
4 0 -12.02 -.25 .5997 -12.12 -.25 .5547 -12.1075 -.25 .5447 -12.0225 -.25 .5822
4 0 -12.1 -.25 .6022 -12.18 -.25 .5997 -12.165 -.25 .5847 -12.15 -.25 .5747
3 0 -12.1 -.25 .6022 -12.2175 -.25 .6447 -12.2 -.25 .6222
3 0 -12.1 -.25 .6022 -12.2275 -.25 .6572 -12.2175 -.25 .6447
4 0 -12.0225 -.25 .6097 -12.135 -.25 .5647 -12.12 -.25 .5547 -12.02 -.25 .5997
4 0 -12.0225 -.25 .6097 -12.1 -.25 .6022 -12.15 -.25 .5747 -12.135 -.25 .5647
4 0 -11.9875 -.25 .6122 -11.9825 -.25 .5972 -11.87 -.25 .5747 -11.87 -.25 .5847
3 0 -11.79 -.25 .6197 -11.775 -.25 .6622 -11.8025 -.25 .6197
3 0 -11.8025 -.25 .6197 -11.775 -.25 .6622 -11.815 -.25 .6197
3 0 -11.815 -.25 .6197 -11.85 -.25 .6522 -11.8275 -.25 .6222
4 0 -12.2 -.25 .6222 -12.19 -.25 .6097 -12.18 -.25 .5997 -12.1 -.25 .6022
4 0 -11.99 -.25 .6247 -11.9875 -.25 .6122 -11.87 -.25 .5847 -11.8775 -.25 .5947
3 0 -11.8625 -.25 .6297 -11.85 -.25 .6522 -11.875 -.25 .6372
3 0 -11.9275 -.25 .6322 -11.965 -.25 .6447 -11.985 -.25 .6422
4 0 -12.0375 -.25 .6322 -12.1 -.25 .6022 -12.0225 -.25 .6097 -12.03 -.25 .6222
3 0 -12.0375 -.25 .6322 -12.04 -.25 .6422 -12.1 -.25 .6022
4 0 -11.99 -.25 .6347 -11.99 -.25 .6247 -11.8775 -.25 .5947 -11.8975 -.25 .6122
3 0 -11.875 -.25 .6372 -11.85 -.25 .6522 -11.885 -.25 .6422
4 0 -11.6975 -.25 .6422 -11.6975 -.25 .6297 -11.69 -.25 .6297 -11.69 -.25 .6372
3 0 -11.885 -.25 .6422 -11.85 -.25 .6522 -11.8975 -.25 .6472
4 0 -11.985 -.25 .6422 -11.99 -.25 .6347 -11.8975 -.25 .6122 -11.9275 -.25 .6322
3 0 -12.04 -.25 .6422 -12.04 -.25 .6497 -12.1 -.25 .6022
4 0 -11.7075 -.25 .6447 -11.705 -.25 .6297 -11.6975 -.25 .6297 -11.6975 -.25 .6422
4 0 -11.715 -.25 .6472 -11.715 -.25 .6297 -11.705 -.25 .6297 -11.7075 -.25 .6447
4 0 -11.7275 -.25 .6522 -11.7275 -.25 .6272 -11.715 -.25 .6297 -11.715 -.25 .6472
4 0 -11.85 -.25 .6522 -11.8625 -.25 .6297 -11.845 -.25 .6247 -11.8275 -.25 .6222
3 0 -11.91 -.25 .6522 -12 -.25 .7897 -11.93 -.25 .6622
4 0 -11.7425 -.25 .6547 -11.7425 -.25 .6247 -11.7275 -.25 .6272 -11.7275 -.25 .6522
4 0 -11.755 -.25 .6572 -11.7575 -.25 .6222 -11.7425 -.25 .6247 -11.7425 -.25 .6547
4 0 -11.7675 -.25 .6597 -11.775 -.25 .6197 -11.7575 -.25 .6222 -11.755 -.25 .6572
4 0 -11.775 -.25 .6622 -11.79 -.25 .6197 -11.775 -.25 .6197 -11.7675 -.25 .6597
4 0 -11.7775 -.25 .6672 -11.85 -.25 .6522 -11.815 -.25 .6197 -11.775 -.25 .6622
3 0 -12.02 -.25 .6672 -12 -.25 .7897 -12.035 -.25 .6597
3 0 -12.24 -.25 .6697 -12.2 -.25 1.1022 -12.2825 -.25 .7547
3 0 -11.9625 -.25 .6747 -12 -.25 .7897 -11.98 -.25 .6772
3 0 -12 -.25 .6747 -12 -.25 .7897 -12.02 -.25 .6672
3 0 -11.7675 -.25 .6772 -11.82 -.25 .7022 -11.775 -.25 .6747
3 0 -11.98 -.25 .6772 -12 -.25 .7897 -12 -.25 .6747
3 0 -12.345 -.25 .6822 -12.3125 -.25 .7397 -12.36 -.25 .6872
3 0 -12.36 -.25 .6872 -12.4 -.25 .7522 -12.38 -.25 .6972
3 0 -11.615 -.25 .6947 -11.6075 -.25 .7097 -11.6175 -.25 .7097
4 0 -11.82 -.25 .7022 -11.85 -.25 .6522 -11.7775 -.25 .6672 -11.775 -.25 .6747
3 0 -11.82 -.25 .7022 -11.81 -.25 .7347 -11.83 -.25 .7347
4 0 -11.6575 -.25 .7047 -11.6825 -.25 .7047 -11.69 -.25 .6772 -11.67 -.25 .6772
4 0 -11.645 -.25 .7072 -11.6575 -.25 .7047 -11.67 -.25 .6772 -11.645 -.25 .6822
4 0 -11.7025 -.25 .7072 -11.715 -.25 .6797 -11.69 -.25 .6772 -11.6825 -.25 .7047
4 0 -11.6075 -.25 .7097 -11.615 -.25 .6947 -11.605 -.25 .6997 -11.6025 -.25 .7072
4 0 -11.6175 -.25 .7097 -11.63 -.25 .7097 -11.63 -.25 .6872 -11.615 -.25 .6947
4 0 -11.63 -.25 .7097 -11.645 -.25 .7072 -11.645 -.25 .6822 -11.63 -.25 .6872
4 0 -11.725 -.25 .7122 -11.7325 -.25 .6797 -11.715 -.25 .6797 -11.7025 -.25 .7072
4 0 -11.745 -.25 .7172 -11.7575 -.25 .6797 -11.7325 -.25 .6797 -11.725 -.25 .7122
3 0 -12.4075 -.25 .7197 -12.4 -.25 .7522 -12.42 -.25 .7322
4 0 -11.7625 -.25 .7222 -11.7675 -.25 .6772 -11.7575 -.25 .6797 -11.745 -.25 .7172
4 0 -11.78 -.25 .7272 -11.82 -.25 .7022 -11.7675 -.25 .6772 -11.7625 -.25 .7222
3 0 -12.42 -.25 .7322 -12.4 -.25 .7522 -12.4325 -.25 .7447
4 0 -11.81 -.25 .7347 -11.82 -.25 .7022 -11.78 -.25 .7272 -11.795 -.25 .7322
3 0 -11.83 -.25 .7347 -11.8375 -.25 .7397 -11.82 -.25 .7022
4 0 -12.3125 -.25 .7397 -12.345 -.25 .6822 -12.33 -.25 .6772 -12.29 -.25 .6697
4 0 -12.295 -.25 .7422 -12.3125 -.25 .7397 -12.29 -.25 .6697 -12.2675 -.25 .6697
3 0 -12.325 -.25 .7447 -12.335 -.25 .7522 -12.4 -.25 .7522
4 0 -12.2875 -.25 .7472 -12.295 -.25 .7422 -12.2675 -.25 .6697 -12.2525 -.25 .6747
3 0 -12.335 -.25 .7522 -12.34 -.25 .7597 -12.4 -.25 .7522
4 0 -12.4 -.25 .7522 -12.36 -.25 .6872 -12.3125 -.25 .7397 -12.325 -.25 .7447
4 0 -12.4 -.25 .7522 -12.4075 -.25 .7197 -12.395 -.25 .7072 -12.38 -.25 .6972
3 0 -12.4 -.25 .7522 -12.45 -.25 .7622 -12.4325 -.25 .7447
3 0 -12.4 -.25 .7522 -12.46 -.25 .7722 -12.45 -.25 .7622
4 0 -12.2825 -.25 .7547 -12.2875 -.25 .7472 -12.2525 -.25 .6747 -12.24 -.25 .6697
3 0 -12.2825 -.25 .7547 -12.2 -.25 1.1022 -12.285 -.25 .7597
3 0 -12.34 -.25 .7597 -12.345 -.25 .7672 -12.4 -.25 .7522
4 0 -11.8425 -.25 .7622 -11.85 -.25 .7622 -11.8325 -.25 .7472 -11.825 -.25 .7522
4 0 -11.82 -.25 .7647 -11.83 -.25 .7647 -11.815 -.25 .7547 -11.8075 -.25 .7622
4 0 -11.83 -.25 .7647 -11.8425 -.25 .7622 -11.825 -.25 .7522 -11.815 -.25 .7547
3 0 -11.8575 -.25 .7672 -12 -.25 .7897 -11.85 -.25 .7622
3 0 -12.345 -.25 .7672 -12.35 -.25 .7747 -12.4 -.25 .7522
3 0 -11.865 -.25 .7747 -12 -.25 .7897 -11.8575 -.25 .7672
3 0 -11.86 -.25 .7822 -12 -.25 .7897 -11.865 -.25 .7747
3 0 -11.86 -.25 .7822 -11.84 -.25 .7922 -12 -.25 .7897
3 0 -12.475 -.25 .7822 -12.45 -.25 .9022 -12.5375 -.25 .8922
4 0 -12 -.25 .7897 -12.1 -.25 .6022 -12.04 -.25 .6497 -12.035 -.25 .6597
4 0 -12 -.25 .7897 -11.85 -.25 .6522 -11.82 -.25 .7022 -11.8375 -.25 .7397
4 0 -12 -.25 .7897 -11.91 -.25 .6522 -11.8975 -.25 .6472 -11.85 -.25 .6522
4 0 -12 -.25 .7897 -11.9625 -.25 .6747 -11.95 -.25 .6697 -11.93 -.25 .6622
4 0 -12 -.25 .7897 -11.8375 -.25 .7397 -11.8325 -.25 .7472 -11.85 -.25 .7622
3 0 -12 -.25 .7897 -11.9525 -.25 .8597 -11.9625 -.25 .8597
3 0 -11.8175 -.25 .7972 -11.815 -.25 .8772 -11.84 -.25 .7922
4 0 -12.6725 -.25 .8447 -12.69 -.25 .8447 -12.6725 -.25 .7847 -12.6525 -.25 .7872
4 0 -12.69 -.25 .8447 -12.7075 -.25 .8447 -12.695 -.25 .7872 -12.6725 -.25 .7847
4 0 -12.66 -.25 .8472 -12.6725 -.25 .8447 -12.6525 -.25 .7872 -12.63 -.25 .7897
4 0 -12.7175 -.25 .8472 -12.715 -.25 .7972 -12.695 -.25 .7872 -12.7075 -.25 .8447
4 0 -12.6375 -.25 .8522 -12.66 -.25 .8472 -12.63 -.25 .7897 -12.605 -.25 .7897
4 0 -12.7275 -.25 .8522 -12.7325 -.25 .8072 -12.715 -.25 .7972 -12.7175 -.25 .8472
4 0 -12.7375 -.25 .8572 -12.75 -.25 .8197 -12.7325 -.25 .8072 -12.7275 -.25 .8522
4 0 -11.9425 -.25 .8597 -11.9525 -.25 .8597 -12 -.25 .7897 -11.84 -.25 .7922
3 0 -11.9625 -.25 .8597 -11.9725 -.25 .8622 -12 -.25 .7897
4 0 -12.35 -.25 .8597 -12.3675 -.25 .8572 -12.33 -.25 .7797 -12.32 -.25 .7772
4 0 -12.6175 -.25 .8597 -12.6375 -.25 .8522 -12.605 -.25 .7897 -12.58 -.25 .7897
4 0 -12.75 -.25 .8597 -12.7625 -.25 .8347 -12.75 -.25 .8197 -12.7375 -.25 .8572
4 0 -12.75 -.25 .8597 -12.76 -.25 .8597 -12.7675 -.25 .8472 -12.7625 -.25 .8347
3 0 -11.9725 -.25 .8622 -11.985 -.25 .8672 -12 -.25 .7897
4 0 -12.38 -.25 .8622 -12.345 -.25 .7797 -12.33 -.25 .7797 -12.3675 -.25 .8572
4 0 -12.3425 -.25 .8647 -12.35 -.25 .8597 -12.32 -.25 .7772 -12.3075 -.25 .7722
3 0 -11.985 -.25 .8672 -11.995 -.25 .8747 -12 -.25 .7897
4 0 -12.39 -.25 .8697 -12.35 -.25 .7747 -12.345 -.25 .7797 -12.38 -.25 .8622
4 0 -12.5875 -.25 .8697 -12.6175 -.25 .8597 -12.58 -.25 .7897 -12.56 -.25 .7897
4 0 -12.3375 -.25 .8722 -12.3425 -.25 .8647 -12.3075 -.25 .7722 -12.295 -.25 .7672
3 0 -11.995 -.25 .8747 -12.005 -.25 .8847 -12 -.25 .7897
4 0 -11.815 -.25 .8772 -11.8175 -.25 .7972 -11.79 -.25 .8072 -11.7675 -.25 .8172
4 0 -11.815 -.25 .8772 -11.935 -.25 .8672 -11.9425 -.25 .8597 -11.84 -.25 .7922
3 0 -11.815 -.25 .8772 -11.875 -.25 .9222 -11.89 -.25 .9122
3 0 -11.815 -.25 .8772 -11.865 -.25 .9322 -11.875 -.25 .9222
3 0 -11.815 -.25 .8772 -11.86 -.25 .9397 -11.865 -.25 .9322
3 0 -11.815 -.25 .8772 -11.8575 -.25 .9472 -11.86 -.25 .9397
4 0 -12.395 -.25 .8772 -12.4 -.25 .7522 -12.35 -.25 .7747 -12.39 -.25 .8697
4 0 -12.565 -.25 .8772 -12.5875 -.25 .8697 -12.56 -.25 .7897 -12.53 -.25 .7897
4 0 -12.555 -.25 .8822 -12.565 -.25 .8772 -12.53 -.25 .7897 -12.51 -.25 .7872
4 0 -11.765 -.25 .8872 -11.815 -.25 .8772 -11.7675 -.25 .8172 -11.74 -.25 .8322
3 0 -11.765 -.25 .8872 -11.7675 -.25 .8947 -11.815 -.25 .8772
4 0 -12.545 -.25 .8872 -12.555 -.25 .8822 -12.51 -.25 .7872 -12.4875 -.25 .7847
4 0 -11.76 -.25 .8897 -11.765 -.25 .8872 -11.74 -.25 .8322 -11.725 -.25 .8397
3 0 -12.405 -.25 .8922 -12.45 -.25 .9022 -12.4 -.25 .8847
4 0 -12.5375 -.25 .8922 -12.545 -.25 .8872 -12.4875 -.25 .7847 -12.475 -.25 .7822
4 0 -11.7525 -.25 .8947 -11.76 -.25 .8897 -11.725 -.25 .8397 -11.715 -.25 .8472
3 0 -12.01 -.25 .8972 -12.2 -.25 1.1022 -12.005 -.25 .8847
3 0 -12.54 -.25 .8997 -12.5475 -.25 1.0372 -12.5525 -.25 .9022
4 0 -11.7425 -.25 .9022 -11.7525 -.25 .8947 -11.715 -.25 .8472 -11.7 -.25 .8572
4 0 -12.45 -.25 .9022 -12.4 -.25 .7522 -12.395 -.25 .8772 -12.4 -.25 .8847
4 0 -12.45 -.25 .9022 -12.475 -.25 .7822 -12.46 -.25 .7722 -12.4 -.25 .7522
3 0 -12.45 -.25 .9022 -12.435 -.25 1 -12.445 -.25 1
4 0 -11.905 -.25 .9047 -11.925 -.25 .9022 -11.955 -.25 .8747 -11.9475 -.25 .8747
4 0 -11.9425 -.25 .9047 -11.9625 -.25 .8772 -11.955 -.25 .8747 -11.925 -.25 .9022
3 0 -12.0125 -.25 .9047 -12.2 -.25 1.1022 -12.01 -.25 .8972
4 0 -11.7325 -.25 .9097 -11.7425 -.25 .9022 -11.7 -.25 .8572 -11.6875 -.25 .8672
4 0 -11.955 -.25 .9097 -11.97 -.25 .8797 -11.9625 -.25 .8772 -11.9425 -.25 .9047
3 0 -12.01 -.25 .9097 -12.2 -.25 1.1022 -12.0125 -.25 .9047
4 0 -11.89 -.25 .9122 -11.94 -.25 .8747 -11.935 -.25 .8672 -11.815 -.25 .8772
4 0 -11.89 -.25 .9122 -11.905 -.25 .9047 -11.9475 -.25 .8747 -11.94 -.25 .8747
4 0 -11.965 -.25 .9172 -11.98 -.25 .8847 -11.97 -.25 .8797 -11.955 -.25 .9097
4 0 -11.7175 -.25 .9197 -11.7325 -.25 .9097 -11.6875 -.25 .8672 -11.6675 -.25 .8797
3 0 -11.7525 -.25 .9197 -11.815 -.25 1.0972 -11.7625 -.25 .9047
4 0 -11.9725 -.25 .9272 -11.9875 -.25 .8897 -11.98 -.25 .8847 -11.965 -.25 .9172
4 0 -11.7025 -.25 .9297 -11.7175 -.25 .9197 -11.6675 -.25 .8797 -11.64 -.25 .8922
3 0 -11.74 -.25 .9347 -11.815 -.25 1.0972 -11.7525 -.25 .9197
4 0 -11.98 -.25 .9397 -11.995 -.25 .8972 -11.9875 -.25 .8897 -11.9725 -.25 .9272
4 0 -11.68 -.25 .9422 -11.7025 -.25 .9297 -11.64 -.25 .8922 -11.62 -.25 .9022
3 0 -11.725 -.25 .9497 -11.815 -.25 1.0972 -11.74 -.25 .9347
4 0 -11.985 -.25 .9497 -12 -.25 .9022 -11.995 -.25 .8972 -11.98 -.25 .9397
4 0 -11.6625 -.25 .9522 -11.68 -.25 .9422 -11.62 -.25 .9022 -11.5975 -.25 .9122
3 0 -11.8925 -.25 .9547 -11.815 -.25 1.0972 -11.9025 -.25 .9547
3 0 -11.9025 -.25 .9547 -11.815 -.25 1.0972 -11.91 -.25 .9547
4 0 -11.6425 -.25 .9597 -11.6625 -.25 .9522 -11.5975 -.25 .9122 -11.575 -.25 .9222
3 0 -11.86 -.25 .9597 -11.815 -.25 1.0972 -11.87 -.25 .9597
3 0 -11.87 -.25 .9597 -11.815 -.25 1.0972 -11.8775 -.25 .9572
3 0 -11.7075 -.25 .9622 -11.815 -.25 1.0972 -11.725 -.25 .9497
4 0 -11.99 -.25 .9622 -12.005 -.25 .9072 -12 -.25 .9022 -11.985 -.25 .9497
4 0 -11.625 -.25 .9672 -11.6425 -.25 .9597 -11.575 -.25 .9222 -11.5475 -.25 .9322
4 0 -11.9925 -.25 .9747 -12.01 -.25 .9097 -12.005 -.25 .9072 -11.99 -.25 .9622
4 0 -11.6 -.25 .9772 -11.625 -.25 .9672 -11.5475 -.25 .9322 -11.52 -.25 .9422
3 0 -11.945 -.25 .9797 -11.815 -.25 1.0972 -11.9525 -.25 .9872
4 0 -11.5825 -.25 .9822 -11.6 -.25 .9772 -11.52 -.25 .9422 -11.49 -.25 .9547
4 0 -11.57 -.25 .9872 -11.5825 -.25 .9822 -11.49 -.25 .9547 -11.47 -.25 .9622
3 0 -11.9525 -.25 .9872 -11.815 -.25 1.0972 -11.9575 -.25 .9922
3 0 -11.335 -.25 .9897 -11.6 -.25 1.0522 -11.545 -.25 1.0022
4 0 -11.56 -.25 .9897 -11.57 -.25 .9872 -11.47 -.25 .9622 -11.445 -.25 .9697
4 0 -11.5475 -.25 .9922 -11.56 -.25 .9897 -11.445 -.25 .9697 -11.4225 -.25 .9747
3 0 -11.9575 -.25 .9922 -11.815 -.25 1.0972 -11.965 -.25 .9972
3 0 -11.6275 -.25 .9947 -11.6 -.25 1.0522 -11.645 -.25 .9897
4 0 -12.365 -.25 .9947 -12.3725 -.25 .9947 -12.385 -.25 .8972 -12.375 -.25 .8947
4 0 -12.3725 -.25 .9947 -12.3775 -.25 .9947 -12.4 -.25 .8972 -12.385 -.25 .8972
4 0 -11.54 -.25 .9972 -11.5475 -.25 .9922 -11.4225 -.25 .9747 -11.365 -.25 .9797
3 0 -11.965 -.25 .9972 -11.815 -.25 1.0972 -11.975 -.25 1
4 0 -12.36 -.25 .9972 -12.365 -.25 .9947 -12.375 -.25 .8947 -12.3625 -.25 .8897
4 0 -12.385 -.25 .9972 -12.405 -.25 .8922 -12.4 -.25 .8972 -12.3775 -.25 .9947
3 0 -12.385 -.25 .9972 -12.395 -.25 1 -12.405 -.25 .8922
3 0 -11.6075 -.25 1 -11.6 -.25 1.0522 -11.6275 -.25 .9947
3 0 -11.985 -.25 1 -12.2 -.25 1.1022 -11.99 -.25 .9897
4 0 -12.4175 -.25 1 -12.435 -.25 1 -12.45 -.25 .9022 -12.405 -.25 .8922
3 0 -11.3125 -.25 1.0022 -11.3425 -.25 1.1172 -11.335 -.25 .9897
4 0 -11.545 -.25 1.0022 -11.54 -.25 .9972 -11.365 -.25 .9797 -11.335 -.25 .9897
3 0 -11.545 -.25 1.0022 -11.6 -.25 1.0522 -11.555 -.25 1.0022
3 0 -11.555 -.25 1.0022 -11.6 -.25 1.0522 -11.5675 -.25 1.0022
3 0 -11.5675 -.25 1.0022 -11.6 -.25 1.0522 -11.585 -.25 1.0022
3 0 -11.585 -.25 1.0022 -11.6 -.25 1.0522 -11.6075 -.25 1
4 0 -12.405 -.25 1.0022 -12.4175 -.25 1 -12.405 -.25 .8922 -12.395 -.25 1
4 0 -12.4575 -.25 1.0022 -12.47 -.25 1.0022 -12.45 -.25 .9022 -12.445 -.25 1
3 0 -12.47 -.25 1.0022 -12.4825 -.25 1.0047 -12.45 -.25 .9022
3 0 -12.4825 -.25 1.0047 -12.49 -.25 1.0072 -12.45 -.25 .9022
4 0 -12.355 -.25 1.0097 -12.36 -.25 .9972 -12.3625 -.25 .8897 -12.35 -.25 .8847
3 0 -12.495 -.25 1.0197 -12.5475 -.25 1.0522 -12.545 -.25 1.0422
4 0 -12.35 -.25 1.0222 -12.355 -.25 1.0097 -12.35 -.25 .8847 -12.34 -.25 .8772
3 0 -12.35 -.25 1.0222 -12.2 -.25 1.1022 -12.35 -.25 1.0447
4 0 -12.555 -.25 1.0322 -12.575 -.25 1.0322 -12.595 -.25 .9122 -12.57 -.25 .9072
4 0 -12.5475 -.25 1.0372 -12.54 -.25 .8997 -12.5375 -.25 .8922 -12.45 -.25 .9022
4 0 -12.5475 -.25 1.0372 -12.45 -.25 .9022 -12.49 -.25 1.0072 -12.495 -.25 1.0122
4 0 -12.5475 -.25 1.0372 -12.555 -.25 1.0322 -12.57 -.25 .9072 -12.5525 -.25 .9022
4 0 -12.6 -.25 1.0397 -12.6225 -.25 .9222 -12.595 -.25 .9122 -12.575 -.25 1.0322
4 0 -12.545 -.25 1.0422 -12.5475 -.25 1.0372 -12.495 -.25 1.0122 -12.495 -.25 1.0197
4 0 -12.6275 -.25 1.0472 -12.6475 -.25 .9322 -12.6225 -.25 .9222 -12.6 -.25 1.0397
4 0 -11.6 -.25 1.0522 -11.69 -.25 .9722 -11.67 -.25 .9797 -11.645 -.25 .9897
3 0 -11.6 -.25 1.0522 -11.515 -.25 1.1872 -11.525 -.25 1.1847
3 0 -11.6 -.25 1.0522 -11.5075 -.25 1.1922 -11.515 -.25 1.1872
4 0 -12.6625 -.25 1.0572 -12.6725 -.25 .9447 -12.6475 -.25 .9322 -12.6275 -.25 1.0472
3 0 -12.5525 -.25 1.0597 -12.4775 -.25 1.1647 -12.5625 -.25 1.0672
3 0 -12.5625 -.25 1.0672 -12.4775 -.25 1.1647 -12.5775 -.25 1.0747
4 0 -12.6925 -.25 1.0672 -12.7 -.25 .9622 -12.6725 -.25 .9447 -12.6625 -.25 1.0572
4 0 -12.7275 -.25 1.0797 -12.7225 -.25 .9772 -12.7 -.25 .9622 -12.6925 -.25 1.0672
4 0 -12.855 -.25 1.0797 -12.8675 -.25 1.0797 -12.87 -.25 1.0222 -12.855 -.25 1.0147
4 0 -12.8425 -.25 1.0822 -12.855 -.25 1.0797 -12.855 -.25 1.0147 -12.84 -.25 1.0097
4 0 -12.8825 -.25 1.0822 -12.89 -.25 1.0322 -12.87 -.25 1.0222 -12.8675 -.25 1.0797
4 0 -12.75 -.25 1.0847 -12.745 -.25 .9922 -12.7225 -.25 .9772 -12.7275 -.25 1.0797
4 0 -12.83 -.25 1.0847 -12.8425 -.25 1.0822 -12.84 -.25 1.0097 -12.825 -.25 1.0072
4 0 -12.77 -.25 1.0872 -12.765 -.25 1.0022 -12.745 -.25 .9922 -12.75 -.25 1.0847
4 0 -12.77 -.25 1.0872 -12.79 -.25 1.0872 -12.78 -.25 1.0072 -12.765 -.25 1.0022
4 0 -12.79 -.25 1.0872 -12.8125 -.25 1.0872 -12.805 -.25 1.0072 -12.78 -.25 1.0072
4 0 -12.8125 -.25 1.0872 -12.83 -.25 1.0847 -12.825 -.25 1.0072 -12.805 -.25 1.0072
4 0 -12.9 -.25 1.0872 -12.905 -.25 1.0422 -12.89 -.25 1.0322 -12.8825 -.25 1.0822
4 0 -11.815 -.25 1.0972 -11.815 -.25 .8772 -11.7675 -.25 .8947 -11.7625 -.25 .9047
4 0 -11.815 -.25 1.0972 -11.8925 -.25 .9547 -11.885 -.25 .9547 -11.8775 -.25 .9572
4 0 -11.815 -.25 1.0972 -11.86 -.25 .9597 -11.8575 -.25 .9472 -11.815 -.25 .8772
4 0 -11.815 -.25 1.0972 -11.9225 -.25 .9597 -11.9175 -.25 .9572 -11.91 -.25 .9547
4 0 -11.815 -.25 1.0972 -11.7075 -.25 .9622 -11.69 -.25 .9722 -11.6 -.25 1.0522
4 0 -11.815 -.25 1.0972 -11.9325 -.25 .9672 -11.9275 -.25 .9622 -11.9225 -.25 .9597
4 0 -11.815 -.25 1.0972 -11.945 -.25 .9797 -11.94 -.25 .9722 -11.9325 -.25 .9672
3 0 -11.815 -.25 1.0972 -12.0025 -.25 1.1522 -12.01 -.25 1.1472
3 0 -11.815 -.25 1.0972 -11.995 -.25 1.1597 -12.0025 -.25 1.1522
3 0 -11.815 -.25 1.0972 -11.97 -.25 1.1797 -11.98 -.25 1.1722
3 0 -11.815 -.25 1.0972 -11.96 -.25 1.1872 -11.97 -.25 1.1797
3 0 -11.815 -.25 1.0972 -11.905 -.25 1.2247 -11.9175 -.25 1.2172
3 0 -11.815 -.25 1.0972 -11.8625 -.25 1.2447 -11.8775 -.25 1.2372
3 0 -11.815 -.25 1.0972 -11.8525 -.25 1.2497 -11.8625 -.25 1.2447
3 0 -11.815 -.25 1.0972 -11.85 -.25 1.2597 -11.8525 -.25 1.2497
4 0 -12.9175 -.25 1.0972 -12.92 -.25 1.0522 -12.905 -.25 1.0422 -12.9 -.25 1.0872
4 0 -11.3 -.25 1.0997 -11.3125 -.25 1.0972 -11.27 -.25 1.0472 -11.2575 -.25 1.0647
4 0 -11.325 -.25 1.1022 -11.2825 -.25 1.0297 -11.27 -.25 1.0472 -11.3125 -.25 1.0972
4 0 -12.2 -.25 1.1022 -12.1 -.25 .6022 -12 -.25 .7897 -12.005 -.25 .8847
4 0 -12.2 -.25 1.1022 -12.24 -.25 .6697 -12.2275 -.25 .6572 -12.1 -.25 .6022
4 0 -12.2 -.25 1.1022 -12.3375 -.25 .8722 -12.295 -.25 .7672 -12.285 -.25 .7597
4 0 -12.2 -.25 1.1022 -12.01 -.25 .9097 -11.9925 -.25 .9747 -11.99 -.25 .9897
4 0 -12.2 -.25 1.1022 -11.985 -.25 1 -11.975 -.25 1 -11.815 -.25 1.0972
4 0 -12.2 -.25 1.1022 -12.35 -.25 1.0222 -12.34 -.25 .8772 -12.3375 -.25 .8722
4 0 -12.2 -.25 1.1022 -12.36 -.25 1.0522 -12.355 -.25 1.0472 -12.35 -.25 1.0447
3 0 -12.2 -.25 1.1022 -12.145 -.25 1.2772 -12.1475 -.25 1.2772
4 0 -12.9325 -.25 1.1047 -12.935 -.25 1.0622 -12.92 -.25 1.0522 -12.9175 -.25 1.0972
4 0 -11.2875 -.25 1.1072 -11.3 -.25 1.0997 -11.2575 -.25 1.0647 -11.2475 -.25 1.0822
4 0 -11.335 -.25 1.1097 -11.295 -.25 1.0172 -11.2825 -.25 1.0297 -11.325 -.25 1.1022
4 0 -12.9475 -.25 1.1122 -12.95 -.25 1.0747 -12.935 -.25 1.0622 -12.9325 -.25 1.1047
4 0 -11.28 -.25 1.1172 -11.2875 -.25 1.1072 -11.2475 -.25 1.0822 -11.235 -.25 1.1022
4 0 -11.3425 -.25 1.1172 -11.3125 -.25 1.0022 -11.295 -.25 1.0172 -11.335 -.25 1.1097
4 0 -12.9625 -.25 1.1197 -12.9625 -.25 1.0847 -12.95 -.25 1.0747 -12.9475 -.25 1.1122
4 0 -12.425 -.25 1.1247 -12.4425 -.25 1.1247 -12.415 -.25 1.0322 -12.4025 -.25 1.0372
4 0 -12.4425 -.25 1.1247 -12.45 -.25 1.0197 -12.44 -.25 1.0222 -12.4325 -.25 1.0247
4 0 -12.4425 -.25 1.1247 -12.4325 -.25 1.0247 -12.425 -.25 1.0272 -12.415 -.25 1.0322
4 0 -12.975 -.25 1.1247 -12.9725 -.25 1.0922 -12.9625 -.25 1.0847 -12.9625 -.25 1.1197
4 0 -12.415 -.25 1.1272 -12.425 -.25 1.1247 -12.4025 -.25 1.0372 -12.39 -.25 1.0422
4 0 -12.985 -.25 1.1272 -12.985 -.25 1.0997 -12.9725 -.25 1.0922 -12.975 -.25 1.1247
4 0 -12.4525 -.25 1.1297 -12.46 -.25 1.0197 -12.45 -.25 1.0197 -12.4425 -.25 1.1247
3 0 -12.67 -.25 1.1297 -12.6425 -.25 1.2222 -12.6475 -.25 1.2197
4 0 -12.9975 -.25 1.1297 -12.995 -.25 1.1072 -12.985 -.25 1.0997 -12.985 -.25 1.1272
4 0 -12.9975 -.25 1.1297 -13.005 -.25 1.1297 -13.0025 -.25 1.1147 -12.995 -.25 1.1072
4 0 -13.005 -.25 1.1297 -13.01 -.25 1.1272 -13.01 -.25 1.1222 -13.0025 -.25 1.1147
4 0 -11.27 -.25 1.1322 -11.28 -.25 1.1172 -11.235 -.25 1.1022 -11.2275 -.25 1.1172
4 0 -12.405 -.25 1.1322 -12.415 -.25 1.1272 -12.39 -.25 1.0422 -12.38 -.25 1.0472
4 0 -12.4625 -.25 1.1372 -12.47 -.25 1.0222 -12.46 -.25 1.0197 -12.4525 -.25 1.1297
3 0 -11.3425 -.25 1.1397 -11.4125 -.25 1.2197 -11.345 -.25 1.1272
4 0 -12.4025 -.25 1.1447 -12.37 -.25 1.0522 -12.36 -.25 1.0522 -12.2 -.25 1.1022
4 0 -12.4025 -.25 1.1447 -12.405 -.25 1.1322 -12.38 -.25 1.0472 -12.37 -.25 1.0522
4 0 -11.265 -.25 1.1472 -11.27 -.25 1.1322 -11.2275 -.25 1.1172 -11.2175 -.25 1.1397
4 0 -12.01 -.25 1.1472 -12.015 -.25 1.1472 -12.2 -.25 1.1022 -11.815 -.25 1.0972
3 0 -12.015 -.25 1.1472 -12.075 -.25 1.2572 -12.0825 -.25 1.2522
4 0 -12.47 -.25 1.1472 -12.48 -.25 1.0222 -12.47 -.25 1.0222 -12.4625 -.25 1.1372
3 0 -12.42 -.25 1.1522 -12.4275 -.25 1.2222 -12.4475 -.25 1.2222
4 0 -12.475 -.25 1.1547 -12.49 -.25 1.0222 -12.48 -.25 1.0222 -12.47 -.25 1.1472
4 0 -11.2125 -.25 1.1597 -11.2625 -.25 1.1597 -11.265 -.25 1.1472 -11.2175 -.25 1.1397
4 0 -12.4775 -.25 1.1647 -12.495 -.25 1.0197 -12.49 -.25 1.0222 -12.475 -.25 1.1547
4 0 -12.4775 -.25 1.1647 -12.5525 -.25 1.0597 -12.5475 -.25 1.0522 -12.495 -.25 1.0197
4 0 -12.4775 -.25 1.1647 -12.625 -.25 1.0972 -12.6025 -.25 1.0847 -12.5775 -.25 1.0747
4 0 -12.4775 -.25 1.1647 -12.67 -.25 1.1297 -12.6475 -.25 1.1097 -12.625 -.25 1.0972
4 0 -11.98 -.25 1.1722 -11.99 -.25 1.1647 -11.995 -.25 1.1597 -11.815 -.25 1.0972
3 0 -11.2825 -.25 1.1797 -11.2725 -.25 1.2622 -11.2875 -.25 1.1747
3 0 -11.2775 -.25 1.1847 -11.2725 -.25 1.2622 -11.2825 -.25 1.1797
3 0 -11.525 -.25 1.1847 -11.5325 -.25 1.1872 -11.6 -.25 1.0522
3 0 -11.2725 -.25 1.1872 -11.2725 -.25 1.2622 -11.2775 -.25 1.1847
3 0 -11.5075 -.25 1.1922 -11.4125 -.25 1.2197 -11.5025 -.25 1.1997
4 0 -11.5375 -.25 1.1922 -11.815 -.25 1.0972 -11.6 -.25 1.0522 -11.5325 -.25 1.1872
3 0 -11.5375 -.25 1.1922 -11.5375 -.25 1.1972 -11.815 -.25 1.0972
4 0 -11.21 -.25 1.1972 -11.2625 -.25 1.1597 -11.2125 -.25 1.1597 -11.21 -.25 1.1772
3 0 -11.5025 -.25 1.1997 -11.4125 -.25 1.2197 -11.5 -.25 1.2122
4 0 -11.9375 -.25 1.2047 -11.9475 -.25 1.1972 -11.96 -.25 1.1872 -11.815 -.25 1.0972
4 0 -11.2125 -.25 1.2147 -11.26 -.25 1.1722 -11.2625 -.25 1.1597 -11.21 -.25 1.1972
4 0 -11.9175 -.25 1.2172 -11.93 -.25 1.2097 -11.9375 -.25 1.2047 -11.815 -.25 1.0972
4 0 -11.4125 -.25 1.2197 -11.335 -.25 .9897 -11.3425 -.25 1.1172 -11.345 -.25 1.1272
4 0 -11.4125 -.25 1.2197 -11.5075 -.25 1.1922 -11.6 -.25 1.0522 -11.335 -.25 .9897
3 0 -12.1125 -.25 1.2197 -12.1175 -.25 1.2222 -12.2 -.25 1.1022
4 0 -12.11 -.25 1.2222 -12.1125 -.25 1.2197 -12.2 -.25 1.1022 -12.015 -.25 1.1472
4 0 -12.6575 -.25 1.2222 -12.69 -.25 1.1497 -12.67 -.25 1.1297 -12.6475 -.25 1.2197
4 0 -11.4025 -.25 1.2247 -11.4125 -.25 1.2197 -11.3425 -.25 1.1397 -11.34 -.25 1.1422
4 0 -11.4325 -.25 1.2272 -11.5025 -.25 1.2197 -11.5 -.25 1.2122 -11.4125 -.25 1.2197
4 0 -12.415 -.25 1.2272 -12.4275 -.25 1.2222 -12.42 -.25 1.1522 -12.41 -.25 1.1472
4 0 -12.4575 -.25 1.2272 -12.43 -.25 1.1572 -12.42 -.25 1.1522 -12.4475 -.25 1.2222
4 0 -11.215 -.25 1.2297 -11.2625 -.25 1.1797 -11.26 -.25 1.1722 -11.2125 -.25 1.2147
4 0 -11.3875 -.25 1.2297 -11.4025 -.25 1.2247 -11.34 -.25 1.1422 -11.335 -.25 1.1447
4 0 -12.105 -.25 1.2297 -12.1075 -.25 1.2272 -12.11 -.25 1.2222 -12.015 -.25 1.1472
4 0 -12.64 -.25 1.2297 -12.6425 -.25 1.2222 -12.67 -.25 1.1297 -12.4775 -.25 1.1647
4 0 -12.6675 -.25 1.2297 -12.7 -.25 1.1672 -12.69 -.25 1.1497 -12.6575 -.25 1.2222
4 0 -12.4075 -.25 1.2347 -12.415 -.25 1.2272 -12.41 -.25 1.1472 -12.4025 -.25 1.1447
4 0 -12.465 -.25 1.2347 -12.4425 -.25 1.1597 -12.43 -.25 1.1572 -12.4575 -.25 1.2272
4 0 -11.37 -.25 1.2372 -11.3875 -.25 1.2297 -11.335 -.25 1.1447 -11.325 -.25 1.1472
4 0 -11.8775 -.25 1.2372 -11.89 -.25 1.2322 -11.905 -.25 1.2247 -11.815 -.25 1.0972
4 0 -11.3525 -.25 1.2422 -11.37 -.25 1.2372 -11.325 -.25 1.1472 -11.3175 -.25 1.1522
4 0 -11.435 -.25 1.2422 -11.5125 -.25 1.2222 -11.5025 -.25 1.2197 -11.4325 -.25 1.2272
4 0 -12.095 -.25 1.2422 -12.1025 -.25 1.2347 -12.105 -.25 1.2297 -12.015 -.25 1.1472
4 0 -12.4075 -.25 1.2447 -12.4075 -.25 1.2347 -12.4025 -.25 1.1447 -12.2 -.25 1.1022
4 0 -12.475 -.25 1.2447 -12.4525 -.25 1.1622 -12.4425 -.25 1.1597 -12.465 -.25 1.2347
4 0 -12.6825 -.25 1.2447 -12.7125 -.25 1.1797 -12.7 -.25 1.1672 -12.6675 -.25 1.2297
4 0 -11.3225 -.25 1.2497 -11.3525 -.25 1.2422 -11.3175 -.25 1.1522 -11.305 -.25 1.1597
4 0 -12.0825 -.25 1.2522 -12.09 -.25 1.2472 -12.095 -.25 1.2422 -12.015 -.25 1.1472
4 0 -12.48 -.25 1.2522 -12.465 -.25 1.1647 -12.4525 -.25 1.1622 -12.475 -.25 1.2447
4 0 -12.695 -.25 1.2547 -12.725 -.25 1.1897 -12.7125 -.25 1.1797 -12.6825 -.25 1.2447
4 0 -11.3 -.25 1.2572 -11.3225 -.25 1.2497 -11.305 -.25 1.1597 -11.295 -.25 1.1672
4 0 -11.23 -.25 1.2597 -11.2625 -.25 1.1797 -11.215 -.25 1.2297 -11.22 -.25 1.2447
4 0 -11.2725 -.25 1.2622 -11.3 -.25 1.2572 -11.295 -.25 1.1672 -11.2875 -.25 1.1747
4 0 -12.0675 -.25 1.2622 -12.075 -.25 1.2572 -12.015 -.25 1.1472 -12.015 -.25 1.1522
4 0 -11.2425 -.25 1.2647 -11.265 -.25 1.1847 -11.2625 -.25 1.1797 -11.23 -.25 1.2597
4 0 -11.2425 -.25 1.2647 -11.2725 -.25 1.2622 -11.2725 -.25 1.1872 -11.265 -.25 1.1847
4 0 -12.485 -.25 1.2647 -12.4775 -.25 1.1647 -12.465 -.25 1.1647 -12.48 -.25 1.2522
3 0 -12.485 -.25 1.2647 -12.5625 -.25 1.3372 -12.575 -.25 1.3347
3 0 -12.485 -.25 1.2647 -12.5525 -.25 1.3397 -12.5625 -.25 1.3372
4 0 -12.06 -.25 1.2672 -12.0675 -.25 1.2622 -12.015 -.25 1.1522 -12.0125 -.25 1.1572
4 0 -12.7125 -.25 1.2672 -12.7375 -.25 1.1972 -12.725 -.25 1.1897 -12.695 -.25 1.2547
4 0 -12.8575 -.25 1.2722 -12.875 -.25 1.2697 -12.8675 -.25 1.2222 -12.8475 -.25 1.2172
4 0 -12.8925 -.25 1.2722 -12.89 -.25 1.2297 -12.8675 -.25 1.2222 -12.875 -.25 1.2697
4 0 -12.05 -.25 1.2747 -12.06 -.25 1.2672 -12.0125 -.25 1.1572 -12.0075 -.25 1.1647
4 0 -12.7275 -.25 1.2747 -12.75 -.25 1.2022 -12.7375 -.25 1.1972 -12.7125 -.25 1.2672
3 0 -12.1475 -.25 1.2772 -12.15 -.25 1.2822 -12.2 -.25 1.1022
4 0 -12.8375 -.25 1.2772 -12.8575 -.25 1.2722 -12.8475 -.25 1.2172 -12.83 -.25 1.2122
4 0 -12.9075 -.25 1.2772 -12.91 -.25 1.2372 -12.89 -.25 1.2297 -12.8925 -.25 1.2722
4 0 -12.0375 -.25 1.2797 -12.05 -.25 1.2747 -12.0075 -.25 1.1647 -12 -.25 1.1747
4 0 -12.14 -.25 1.2797 -12.145 -.25 1.2772 -12.2 -.25 1.1022 -12.1175 -.25 1.2222
4 0 -12.74 -.25 1.2797 -12.76 -.25 1.2047 -12.75 -.25 1.2022 -12.7275 -.25 1.2747
4 0 -12.76 -.25 1.2822 -12.7725 -.25 1.2072 -12.76 -.25 1.2047 -12.74 -.25 1.2797
4 0 -12.815 -.25 1.2822 -12.8375 -.25 1.2772 -12.83 -.25 1.2122 -12.81 -.25 1.2097
4 0 -12.925 -.25 1.2822 -12.9275 -.25 1.2472 -12.91 -.25 1.2372 -12.9075 -.25 1.2772
4 0 -12.0275 -.25 1.2847 -12.0375 -.25 1.2797 -12 -.25 1.1747 -11.99 -.25 1.1872
4 0 -12.135 -.25 1.2847 -12.14 -.25 1.2797 -12.1175 -.25 1.2222 -12.1175 -.25 1.2297
4 0 -12.79 -.25 1.2847 -12.79 -.25 1.2072 -12.7725 -.25 1.2072 -12.76 -.25 1.2822
4 0 -12.79 -.25 1.2847 -12.815 -.25 1.2822 -12.81 -.25 1.2097 -12.79 -.25 1.2072
4 0 -12.0225 -.25 1.2872 -12.0275 -.25 1.2847 -11.99 -.25 1.1872 -11.98 -.25 1.1997
4 0 -12.935 -.25 1.2872 -12.9425 -.25 1.2572 -12.9275 -.25 1.2472 -12.925 -.25 1.2822
4 0 -12.02 -.25 1.2897 -12.0225 -.25 1.2872 -11.98 -.25 1.1997 -11.9675 -.25 1.2147
4 0 -12.1275 -.25 1.2897 -12.135 -.25 1.2847 -12.1175 -.25 1.2297 -12.115 -.25 1.2372
4 0 -12.1225 -.25 1.2922 -12.1275 -.25 1.2897 -12.115 -.25 1.2372 -12.1125 -.25 1.2472
4 0 -12.945 -.25 1.2922 -12.9525 -.25 1.2647 -12.9425 -.25 1.2572 -12.935 -.25 1.2872
4 0 -12.115 -.25 1.2972 -12.1225 -.25 1.2922 -12.1125 -.25 1.2472 -12.1075 -.25 1.2572
4 0 -11.515 -.25 1.2997 -11.54 -.25 1.2997 -11.5275 -.25 1.2147 -11.52 -.25 1.2197
4 0 -11.49 -.25 1.3022 -11.515 -.25 1.2997 -11.52 -.25 1.2197 -11.5125 -.25 1.2222
4 0 -11.5775 -.25 1.3022 -11.535 -.25 1.2047 -11.5275 -.25 1.2147 -11.54 -.25 1.2997
4 0 -12.105 -.25 1.3022 -12.115 -.25 1.2972 -12.1075 -.25 1.2572 -12.1 -.25 1.2647
4 0 -12.9575 -.25 1.3022 -12.9625 -.25 1.2722 -12.9525 -.25 1.2647 -12.945 -.25 1.2922
4 0 -12.0975 -.25 1.3047 -12.105 -.25 1.3022 -12.1 -.25 1.2647 -12.0875 -.25 1.2722
4 0 -11.6075 -.25 1.3072 -11.5375 -.25 1.1972 -11.535 -.25 1.2047 -11.5775 -.25 1.3022
4 0 -12.0925 -.25 1.3072 -12.0975 -.25 1.3047 -12.0875 -.25 1.2722 -12.075 -.25 1.2797
3 0 -12.14 -.25 1.3072 -12.2 -.25 1.6022 -12.145 -.25 1.2947
4 0 -12.0825 -.25 1.3097 -12.0925 -.25 1.3072 -12.075 -.25 1.2797 -12.065 -.25 1.2822
4 0 -12.965 -.25 1.3097 -12.97 -.25 1.2797 -12.9625 -.25 1.2722 -12.9575 -.25 1.3022
4 0 -11.465 -.25 1.3122 -11.49 -.25 1.3022 -11.5125 -.25 1.2222 -11.435 -.25 1.2422
4 0 -11.64 -.25 1.3122 -11.815 -.25 1.0972 -11.5375 -.25 1.1972 -11.6075 -.25 1.3072
3 0 -11.64 -.25 1.3122 -11.675 -.25 1.3197 -11.815 -.25 1.0972
4 0 -12.0675 -.25 1.3147 -12.0825 -.25 1.3097 -12.065 -.25 1.2822 -12.0525 -.25 1.2872
3 0 -12.135 -.25 1.3172 -12.2 -.25 1.6022 -12.14 -.25 1.3072
4 0 -12.9725 -.25 1.3172 -12.985 -.25 1.2922 -12.97 -.25 1.2797 -12.965 -.25 1.3097
4 0 -11.4475 -.25 1.3197 -11.465 -.25 1.3122 -11.435 -.25 1.2422 -11.43 -.25 1.2497
3 0 -11.675 -.25 1.3197 -11.71 -.25 1.3297 -11.815 -.25 1.0972
4 0 -12.05 -.25 1.3197 -12.0675 -.25 1.3147 -12.0525 -.25 1.2872 -12.0425 -.25 1.2897
4 0 -12.4425 -.25 1.3197 -12.4575 -.25 1.3197 -12.4475 -.25 1.2597 -12.4375 -.25 1.2572
4 0 -12.43 -.25 1.3222 -12.4425 -.25 1.3197 -12.4375 -.25 1.2572 -12.4275 -.25 1.2547
4 0 -12.9775 -.25 1.3222 -12.9925 -.25 1.2997 -12.985 -.25 1.2922 -12.9725 -.25 1.3172
4 0 -12.0275 -.25 1.3247 -12.05 -.25 1.3197 -12.0425 -.25 1.2897 -12.0325 -.25 1.2922
3 0 -12.125 -.25 1.3247 -12.2 -.25 1.6022 -12.135 -.25 1.3172
4 0 -12.42 -.25 1.3247 -12.43 -.25 1.3222 -12.4275 -.25 1.2547 -12.4175 -.25 1.2497
4 0 -12.4675 -.25 1.3247 -12.4575 -.25 1.2622 -12.4475 -.25 1.2597 -12.4575 -.25 1.3197
4 0 -12.015 -.25 1.3272 -12.0275 -.25 1.3247 -12.0325 -.25 1.2922 -12.025 -.25 1.2922
4 0 -12.9825 -.25 1.3272 -13 -.25 1.3097 -12.9925 -.25 1.2997 -12.9775 -.25 1.3222
4 0 -11.3125 -.25 1.3297 -11.3025 -.25 1.2897 -11.2925 -.25 1.2997 -11.2975 -.25 1.3172
4 0 -11.42 -.25 1.3297 -11.4475 -.25 1.3197 -11.43 -.25 1.2497 -11.415 -.25 1.2572
4 0 -12.0125 -.25 1.3297 -12.015 -.25 1.3272 -12.025 -.25 1.2922 -12.02 -.25 1.2897
3 0 -12.0125 -.25 1.3297 -11.9675 -.25 1.4222 -12.015 -.25 1.3347
3 0 -12.1175 -.25 1.3297 -12.2 -.25 1.6022 -12.125 -.25 1.3247
4 0 -12.4125 -.25 1.3297 -12.42 -.25 1.3247 -12.4175 -.25 1.2497 -12.4075 -.25 1.2447
3 0 -12.1 -.25 1.3322 -12.2 -.25 1.6022 -12.1175 -.25 1.3297
4 0 -12.4775 -.25 1.3322 -12.4725 -.25 1.2647 -12.4575 -.25 1.2622 -12.4675 -.25 1.3247
4 0 -12.985 -.25 1.3322 -13.0025 -.25 1.3222 -13 -.25 1.3097 -12.9825 -.25 1.3272
3 0 -12.015 -.25 1.3347 -11.9675 -.25 1.4222 -12.025 -.25 1.3347
3 0 -12.025 -.25 1.3347 -11.9675 -.25 1.4222 -12.0375 -.25 1.3347
3 0 -12.0375 -.25 1.3347 -11.9675 -.25 1.4222 -12.0575 -.25 1.3347
3 0 -12.0575 -.25 1.3347 -11.9675 -.25 1.4222 -12.0825 -.25 1.3347
3 0 -12.0825 -.25 1.3347 -11.9675 -.25 1.4222 -12.1 -.25 1.3322
4 0 -12.59 -.25 1.3347 -12.4775 -.25 1.1647 -12.485 -.25 1.2647 -12.575 -.25 1.3347
4 0 -12.59 -.25 1.3347 -12.6425 -.25 1.2372 -12.64 -.25 1.2297 -12.4775 -.25 1.1647
3 0 -12.59 -.25 1.3347 -12.605 -.25 1.3397 -12.6425 -.25 1.2372
4 0 -11.3325 -.25 1.3372 -11.325 -.25 1.2822 -11.3025 -.25 1.2897 -11.3125 -.25 1.3297
4 0 -12.41 -.25 1.3372 -12.4125 -.25 1.3297 -12.4075 -.25 1.2447 -12.2 -.25 1.1022
3 0 -12.41 -.25 1.3372 -12.2 -.25 1.6022 -12.41 -.25 1.4472
4 0 -12.99 -.25 1.3372 -13.0025 -.25 1.3297 -13.0025 -.25 1.3222 -12.985 -.25 1.3322
4 0 -11.3975 -.25 1.3397 -11.42 -.25 1.3297 -11.415 -.25 1.2572 -11.3925 -.25 1.2647
4 0 -12.485 -.25 1.3397 -12.485 -.25 1.2647 -12.4725 -.25 1.2647 -12.4775 -.25 1.3322
4 0 -12.995 -.25 1.3397 -13 -.25 1.3372 -13.0025 -.25 1.3297 -12.99 -.25 1.3372
4 0 -11.3525 -.25 1.3422 -11.3475 -.25 1.2772 -11.325 -.25 1.2822 -11.3325 -.25 1.3372
4 0 -11.3525 -.25 1.3422 -11.3775 -.25 1.3422 -11.3725 -.25 1.2697 -11.3475 -.25 1.2772
4 0 -11.3775 -.25 1.3422 -11.3975 -.25 1.3397 -11.3925 -.25 1.2647 -11.3725 -.25 1.2697
4 0 -11.7525 -.25 1.3422 -11.85 -.25 1.2597 -11.815 -.25 1.0972 -11.71 -.25 1.3297
4 0 -11.77 -.25 1.3447 -11.855 -.25 1.2622 -11.85 -.25 1.2597 -11.7525 -.25 1.3422
4 0 -11.8675 -.25 1.3447 -11.8825 -.25 1.3422 -11.94 -.25 1.2472 -11.93 -.25 1.2547
4 0 -11.9 -.25 1.3447 -11.95 -.25 1.2372 -11.94 -.25 1.2472 -11.8825 -.25 1.3422
4 0 -12.545 -.25 1.3447 -12.5525 -.25 1.3397 -12.485 -.25 1.2647 -12.485 -.25 1.3397
4 0 -12.62 -.25 1.3447 -12.66 -.25 1.2572 -12.6425 -.25 1.2372 -12.605 -.25 1.3397
4 0 -11.7875 -.25 1.3472 -11.86 -.25 1.2647 -11.855 -.25 1.2622 -11.77 -.25 1.3447
4 0 -11.805 -.25 1.3497 -11.8775 -.25 1.2647 -11.86 -.25 1.2647 -11.7875 -.25 1.3472
4 0 -11.805 -.25 1.3497 -11.825 -.25 1.3497 -11.895 -.25 1.2647 -11.8775 -.25 1.2647
4 0 -11.825 -.25 1.3497 -11.845 -.25 1.3497 -11.9125 -.25 1.2622 -11.895 -.25 1.2647
4 0 -11.845 -.25 1.3497 -11.8675 -.25 1.3447 -11.93 -.25 1.2547 -11.9125 -.25 1.2622
4 0 -11.91 -.25 1.3497 -11.9575 -.25 1.2272 -11.95 -.25 1.2372 -11.9 -.25 1.3447
3 0 -12.4325 -.25 1.3497 -12.4375 -.25 1.4347 -12.4525 -.25 1.4347
4 0 -12.4925 -.25 1.3522 -12.54 -.25 1.3522 -12.545 -.25 1.3447 -12.485 -.25 1.3397
4 0 -12.6425 -.25 1.3547 -12.6775 -.25 1.2747 -12.66 -.25 1.2572 -12.62 -.25 1.3447
4 0 -11.915 -.25 1.3572 -11.9675 -.25 1.2147 -11.9575 -.25 1.2272 -11.91 -.25 1.3497
4 0 -12.495 -.25 1.3647 -12.545 -.25 1.3647 -12.54 -.25 1.3522 -12.4925 -.25 1.3522
3 0 -12.565 -.25 1.3722 -12.495 -.25 1.4847 -12.5875 -.25 1.3772
4 0 -12.6675 -.25 1.3722 -12.6975 -.25 1.2947 -12.6775 -.25 1.2747 -12.6425 -.25 1.3547
4 0 -12.69 -.25 1.3822 -12.7225 -.25 1.3197 -12.6975 -.25 1.2947 -12.6675 -.25 1.3722
4 0 -12.71 -.25 1.3897 -12.7375 -.25 1.3322 -12.7225 -.25 1.3197 -12.69 -.25 1.3822
4 0 -12.725 -.25 1.3922 -12.7525 -.25 1.3397 -12.7375 -.25 1.3322 -12.71 -.25 1.3897
3 0 -11.9225 -.25 1.3997 -11.9675 -.25 1.4222 -11.92 -.25 1.3772
4 0 -12.75 -.25 1.3997 -12.77 -.25 1.3422 -12.7525 -.25 1.3397 -12.725 -.25 1.3922
4 0 -12.77 -.25 1.4022 -12.7825 -.25 1.3447 -12.77 -.25 1.3422 -12.75 -.25 1.3997
4 0 -12.79 -.25 1.4072 -12.8 -.25 1.3497 -12.7825 -.25 1.3447 -12.77 -.25 1.4022
4 0 -12.81 -.25 1.4122 -12.82 -.25 1.3597 -12.8 -.25 1.3497 -12.79 -.25 1.4072
4 0 -12.825 -.25 1.4172 -12.84 -.25 1.3697 -12.82 -.25 1.3597 -12.81 -.25 1.4122
4 0 -11.9675 -.25 1.4222 -11.9675 -.25 1.2147 -11.915 -.25 1.3572 -11.92 -.25 1.3772
4 0 -11.9675 -.25 1.4222 -12.0125 -.25 1.3297 -12.02 -.25 1.2897 -11.9675 -.25 1.2147
4 0 -11.9675 -.25 1.4222 -12.1 -.25 1.5497 -12.2 -.25 1.6022 -12.1 -.25 1.3322
3 0 -11.9675 -.25 1.4222 -11.925 -.25 1.5872 -12.0875 -.25 1.5472
4 0 -12.835 -.25 1.4222 -12.86 -.25 1.3822 -12.84 -.25 1.3697 -12.825 -.25 1.4172
4 0 -12.845 -.25 1.4272 -12.87 -.25 1.3897 -12.86 -.25 1.3822 -12.835 -.25 1.4222
4 0 -12.9325 -.25 1.4272 -12.94 -.25 1.4197 -12.94 -.25 1.4097 -12.9325 -.25 1.4072
4 0 -12.8625 -.25 1.4347 -12.8775 -.25 1.3947 -12.87 -.25 1.3897 -12.845 -.25 1.4272
4 0 -12.9175 -.25 1.4347 -12.9325 -.25 1.4272 -12.9325 -.25 1.4072 -12.92 -.25 1.4072
4 0 -12.4275 -.25 1.4372 -12.4375 -.25 1.4347 -12.4325 -.25 1.3497 -12.4225 -.25 1.3447
4 0 -12.8825 -.25 1.4372 -12.89 -.25 1.3997 -12.8775 -.25 1.3947 -12.8625 -.25 1.4347
4 0 -12.8825 -.25 1.4372 -12.9025 -.25 1.4372 -12.905 -.25 1.4047 -12.89 -.25 1.3997
4 0 -12.9025 -.25 1.4372 -12.9175 -.25 1.4347 -12.92 -.25 1.4072 -12.905 -.25 1.4047
4 0 -12.42 -.25 1.4397 -12.4275 -.25 1.4372 -12.4225 -.25 1.3447 -12.415 -.25 1.3422
4 0 -12.465 -.25 1.4397 -12.4425 -.25 1.3547 -12.4325 -.25 1.3497 -12.4525 -.25 1.4347
4 0 -12.41 -.25 1.4472 -12.42 -.25 1.4397 -12.415 -.25 1.3422 -12.41 -.25 1.3372
4 0 -12.475 -.25 1.4497 -12.455 -.25 1.3597 -12.4425 -.25 1.3547 -12.465 -.25 1.4397
4 0 -12.485 -.25 1.4597 -12.4675 -.25 1.3622 -12.455 -.25 1.3597 -12.475 -.25 1.4497
4 0 -12.49 -.25 1.4697 -12.48 -.25 1.3647 -12.4675 -.25 1.3622 -12.485 -.25 1.4597
4 0 -12.495 -.25 1.4847 -12.495 -.25 1.3647 -12.48 -.25 1.3647 -12.49 -.25 1.4697
4 0 -12.495 -.25 1.4847 -12.565 -.25 1.3722 -12.545 -.25 1.3647 -12.495 -.25 1.3647
3 0 -12.495 -.25 1.4847 -12.555 -.25 1.5247 -12.5575 -.25 1.5197
3 0 -12.495 -.25 1.4847 -12.5575 -.25 1.5322 -12.555 -.25 1.5247
4 0 -12.5575 -.25 1.5197 -12.5625 -.25 1.5172 -12.5875 -.25 1.3772 -12.495 -.25 1.4847
4 0 -12.575 -.25 1.5197 -12.6075 -.25 1.3847 -12.5875 -.25 1.3772 -12.5625 -.25 1.5172
4 0 -12.5875 -.25 1.5247 -12.63 -.25 1.3922 -12.6075 -.25 1.3847 -12.575 -.25 1.5197
4 0 -12.6025 -.25 1.5322 -12.6525 -.25 1.4022 -12.63 -.25 1.3922 -12.5875 -.25 1.5247
4 0 -12.62 -.25 1.5397 -12.6775 -.25 1.4147 -12.6525 -.25 1.4022 -12.6025 -.25 1.5322
3 0 -12.0875 -.25 1.5472 -12.1 -.25 1.5497 -11.9675 -.25 1.4222
4 0 -12.6425 -.25 1.5472 -12.7025 -.25 1.4297 -12.6775 -.25 1.4147 -12.62 -.25 1.5397
4 0 -12.4275 -.25 1.5497 -12.4425 -.25 1.5472 -12.435 -.25 1.4697 -12.425 -.25 1.4672
4 0 -12.4575 -.25 1.5497 -12.45 -.25 1.4747 -12.435 -.25 1.4697 -12.4425 -.25 1.5472
3 0 -12.4575 -.25 1.5497 -12.465 -.25 1.5547 -12.45 -.25 1.4747
4 0 -12.4175 -.25 1.5522 -12.4275 -.25 1.5497 -12.425 -.25 1.4672 -12.42 -.25 1.4622
3 0 -12.465 -.25 1.5547 -12.4725 -.25 1.5622 -12.45 -.25 1.4747
4 0 -12.665 -.25 1.5572 -12.7225 -.25 1.4447 -12.7025 -.25 1.4297 -12.6425 -.25 1.5472
3 0 -12.1025 -.25 1.5597 -12.2 -.25 1.6022 -12.1 -.25 1.5497
3 0 -12.4725 -.25 1.5622 -12.48 -.25 1.5697 -12.45 -.25 1.4747
3 0 -12.5775 -.25 1.5622 -12.525 -.25 1.7397 -12.545 -.25 1.7347
4 0 -12.4 -.25 1.5672 -12.4175 -.25 1.5522 -12.42 -.25 1.4622 -12.4125 -.25 1.4572
3 0 -12.0775 -.25 1.5697 -11.925 -.25 1.5872 -12.0725 -.25 1.5822
3 0 -12.1025 -.25 1.5697 -12.2 -.25 1.6022 -12.1025 -.25 1.5597
4 0 -12.69 -.25 1.5722 -12.7425 -.25 1.4672 -12.7225 -.25 1.4447 -12.665 -.25 1.5572
4 0 -12.49 -.25 1.5797 -12.4625 -.25 1.4797 -12.45 -.25 1.4747 -12.48 -.25 1.5697
4 0 -12.7125 -.25 1.5822 -12.76 -.25 1.4922 -12.7425 -.25 1.4672 -12.69 -.25 1.5722
3 0 -12.1025 -.25 1.5847 -12.2 -.25 1.6022 -12.1025 -.25 1.5697
4 0 -11.925 -.25 1.5872 -11.9675 -.25 1.4222 -11.9225 -.25 1.3997 -11.91 -.25 1.4472
4 0 -11.925 -.25 1.5872 -12.0775 -.25 1.5697 -12.0825 -.25 1.5597 -12.0875 -.25 1.5472
3 0 -11.925 -.25 1.5872 -12.0675 -.25 1.5972 -12.0725 -.25 1.5822
4 0 -11.925 -.25 1.5872 -12.04 -.25 1.6772 -12.05 -.25 1.6522 -12.055 -.25 1.6347
3 0 -11.925 -.25 1.5872 -12.025 -.25 1.7122 -12.04 -.25 1.6772
3 0 -11.925 -.25 1.5872 -12.0125 -.25 1.7422 -12.025 -.25 1.7122
4 0 -12.495 -.25 1.5897 -12.475 -.25 1.4822 -12.4625 -.25 1.4797 -12.49 -.25 1.5797
4 0 -12.735 -.25 1.5897 -12.775 -.25 1.5172 -12.76 -.25 1.4922 -12.7125 -.25 1.5822
4 0 -12.75 -.25 1.5947 -12.785 -.25 1.5297 -12.775 -.25 1.5172 -12.735 -.25 1.5897
3 0 -12.1025 -.25 1.5997 -12.2 -.25 1.6022 -12.1025 -.25 1.5847
3 0 -12.1025 -.25 1.5997 -12.1025 -.25 1.6122 -12.2 -.25 1.6022
4 0 -12.7675 -.25 1.5997 -12.7925 -.25 1.5347 -12.785 -.25 1.5297 -12.75 -.25 1.5947
4 0 -11.8375 -.25 1.6022 -11.925 -.25 1.5872 -11.91 -.25 1.4472 -11.87 -.25 1.5297
3 0 -11.8375 -.25 1.6022 -11.805 -.25 1.6697 -11.925 -.25 1.5872
4 0 -12.2 -.25 1.6022 -12.15 -.25 1.2822 -12.1475 -.25 1.2872 -12.145 -.25 1.2947
4 0 -12.2 -.25 1.6022 -12.41 -.25 1.3372 -12.2 -.25 1.1022 -12.15 -.25 1.2822
4 0 -12.2 -.25 1.6022 -12.4 -.25 1.5672 -12.4125 -.25 1.4572 -12.41 -.25 1.4472
3 0 -12.2 -.25 1.6022 -12.2625 -.25 2.2772 -12.2675 -.25 2.2722
4 0 -12.5 -.25 1.6047 -12.495 -.25 1.4847 -12.475 -.25 1.4822 -12.495 -.25 1.5897
4 0 -12.5 -.25 1.6047 -12.5625 -.25 1.5422 -12.5575 -.25 1.5322 -12.495 -.25 1.4847
4 0 -12.7875 -.25 1.6047 -12.8125 -.25 1.5447 -12.7925 -.25 1.5347 -12.7675 -.25 1.5997
3 0 -12.1025 -.25 1.6122 -12.1 -.25 1.6347 -12.2 -.25 1.6022
4 0 -12.805 -.25 1.6122 -12.835 -.25 1.5622 -12.8125 -.25 1.5447 -12.7875 -.25 1.6047
4 0 -12.8225 -.25 1.6247 -12.85 -.25 1.5772 -12.835 -.25 1.5622 -12.805 -.25 1.6122
4 0 -12.055 -.25 1.6347 -12.0625 -.25 1.6147 -12.0675 -.25 1.5972 -11.925 -.25 1.5872
3 0 -12.1 -.25 1.6347 -12.095 -.25 1.6597 -12.2 -.25 1.6022
4 0 -12.8375 -.25 1.6397 -12.8625 -.25 1.5972 -12.85 -.25 1.5772 -12.8225 -.25 1.6247
4 0 -12.85 -.25 1.6497 -12.8675 -.25 1.6072 -12.8625 -.25 1.5972 -12.8375 -.25 1.6397
3 0 -12.095 -.25 1.6597 -12.0875 -.25 1.6897 -12.2 -.25 1.6022
4 0 -12.8675 -.25 1.6622 -12.8775 -.25 1.6172 -12.8675 -.25 1.6072 -12.85 -.25 1.6497
4 0 -12.4125 -.25 1.6647 -12.425 -.25 1.6647 -12.42 -.25 1.5847 -12.41 -.25 1.5797
4 0 -12.425 -.25 1.6647 -12.4375 -.25 1.6647 -12.43 -.25 1.5897 -12.42 -.25 1.5847
4 0 -12.8825 -.25 1.6672 -12.89 -.25 1.6272 -12.8775 -.25 1.6172 -12.8675 -.25 1.6622
4 0 -12.9425 -.25 1.6672 -12.95 -.25 1.6597 -12.945 -.25 1.6497 -12.935 -.25 1.6447
4 0 -12.4025 -.25 1.6697 -12.4125 -.25 1.6647 -12.41 -.25 1.5797 -12.405 -.25 1.5747
4 0 -12.4475 -.25 1.6697 -12.44 -.25 1.5947 -12.43 -.25 1.5897 -12.4375 -.25 1.6647
4 0 -12.8975 -.25 1.6697 -12.9025 -.25 1.6322 -12.89 -.25 1.6272 -12.8825 -.25 1.6672
4 0 -12.9325 -.25 1.6697 -12.9425 -.25 1.6672 -12.935 -.25 1.6447 -12.925 -.25 1.6397
4 0 -12.915 -.25 1.6722 -12.915 -.25 1.6372 -12.9025 -.25 1.6322 -12.8975 -.25 1.6697
4 0 -12.915 -.25 1.6722 -12.9325 -.25 1.6697 -12.925 -.25 1.6397 -12.915 -.25 1.6372
4 0 -12.395 -.25 1.6747 -12.4025 -.25 1.6697 -12.405 -.25 1.5747 -12.4 -.25 1.5672
4 0 -12.46 -.25 1.6797 -12.45 -.25 1.5972 -12.44 -.25 1.5947 -12.4475 -.25 1.6697
4 0 -12.3925 -.25 1.6822 -12.395 -.25 1.6747 -12.4 -.25 1.5672 -12.2 -.25 1.6022
3 0 -12.0875 -.25 1.6897 -12.075 -.25 1.7247 -12.2 -.25 1.6022
4 0 -12.47 -.25 1.6897 -12.465 -.25 1.6022 -12.45 -.25 1.5972 -12.46 -.25 1.6797
4 0 -12.475 -.25 1.6972 -12.48 -.25 1.6047 -12.465 -.25 1.6022 -12.47 -.25 1.6897
4 0 -12.4775 -.25 1.7097 -12.5 -.25 1.6047 -12.48 -.25 1.6047 -12.475 -.25 1.6972
3 0 -12.075 -.25 1.7247 -12.06 -.25 1.7547 -12.2 -.25 1.6022
4 0 -12.56 -.25 1.7372 -12.5925 -.25 1.5822 -12.5775 -.25 1.5622 -12.545 -.25 1.7347
4 0 -12.525 -.25 1.7397 -12.5775 -.25 1.5622 -12.5625 -.25 1.5422 -12.5 -.25 1.6047
4 0 -12.515 -.25 1.7422 -12.525 -.25 1.7397 -12.5 -.25 1.6047 -12.4775 -.25 1.7097
4 0 -12.5775 -.25 1.7422 -12.6175 -.25 1.6022 -12.5925 -.25 1.5822 -12.56 -.25 1.7372
3 0 -12.51 -.25 1.7522 -12.46 -.25 1.8047 -12.515 -.25 1.7597
4 0 -12.6025 -.25 1.7522 -12.6475 -.25 1.6222 -12.6175 -.25 1.6022 -12.5775 -.25 1.7422
3 0 -12.515 -.25 1.7597 -12.46 -.25 1.8047 -12.525 -.25 1.7672
4 0 -12.64 -.25 1.7622 -12.6775 -.25 1.6397 -12.6475 -.25 1.6222 -12.6025 -.25 1.7522
4 0 -11.7425 -.25 1.7647 -11.86 -.25 1.7647 -11.925 -.25 1.5872 -11.805 -.25 1.6697
3 0 -11.86 -.25 1.7647 -11.94 -.25 1.8572 -11.955 -.25 1.8347
3 0 -11.86 -.25 1.7647 -11.925 -.25 1.8797 -11.94 -.25 1.8572
3 0 -11.86 -.25 1.7647 -11.8825 -.25 1.9472 -11.8925 -.25 1.9272
4 0 -12.4075 -.25 1.7672 -12.4225 -.25 1.7672 -12.4175 -.25 1.6972 -12.4075 -.25 1.6922
3 0 -12.525 -.25 1.7672 -12.46 -.25 1.8047 -12.54 -.25 1.7747
4 0 -12.43 -.25 1.7697 -12.4275 -.25 1.7022 -12.4175 -.25 1.6972 -12.4225 -.25 1.7672
4 0 -12.3975 -.25 1.7722 -12.4075 -.25 1.7672 -12.4075 -.25 1.6922 -12.3975 -.25 1.6872
4 0 -12.6725 -.25 1.7722 -12.705 -.25 1.6572 -12.6775 -.25 1.6397 -12.64 -.25 1.7622
4 0 -11.995 -.25 1.7747 -12.0125 -.25 1.7422 -11.925 -.25 1.5872 -11.86 -.25 1.7647
4 0 -12.44 -.25 1.7747 -12.4375 -.25 1.7047 -12.4275 -.25 1.7022 -12.43 -.25 1.7697
3 0 -12.54 -.25 1.7747 -12.46 -.25 1.8047 -12.565 -.25 1.7872
4 0 -12.6875 -.25 1.7772 -12.7275 -.25 1.6772 -12.705 -.25 1.6572 -12.6725 -.25 1.7722
4 0 -12.39 -.25 1.7822 -12.3975 -.25 1.7722 -12.3975 -.25 1.6872 -12.3925 -.25 1.6822
3 0 -12.39 -.25 1.7822 -12.38 -.25 1.8772 -12.385 -.25 1.8697
4 0 -12.45 -.25 1.7847 -12.45 -.25 1.7072 -12.4375 -.25 1.7047 -12.44 -.25 1.7747
4 0 -12.7 -.25 1.7847 -12.745 -.25 1.6972 -12.7275 -.25 1.6772 -12.6875 -.25 1.7772
4 0 -12.4575 -.25 1.7922 -12.4625 -.25 1.7097 -12.45 -.25 1.7072 -12.45 -.25 1.7847
4 0 -12.7125 -.25 1.7972 -12.7575 -.25 1.7197 -12.745 -.25 1.6972 -12.7 -.25 1.7847
4 0 -12.46 -.25 1.8047 -12.4775 -.25 1.7097 -12.4625 -.25 1.7097 -12.4575 -.25 1.7922
4 0 -12.46 -.25 1.8047 -12.51 -.25 1.7522 -12.515 -.25 1.7422 -12.4775 -.25 1.7097
4 0 -12.725 -.25 1.8097 -12.7675 -.25 1.7472 -12.7575 -.25 1.7197 -12.7125 -.25 1.7972
3 0 -12.02 -.25 1.8147 -11.99 -.25 2.0447 -12.0425 -.25 1.7822
4 0 -12.6 -.25 1.8147 -12.5875 -.25 1.8022 -12.565 -.25 1.7872 -12.46 -.25 1.8047
4 0 -12.74 -.25 1.8272 -12.7775 -.25 1.7697 -12.7675 -.25 1.7472 -12.725 -.25 1.8097
4 0 -11.955 -.25 1.8347 -11.9775 -.25 1.8047 -11.995 -.25 1.7747 -11.86 -.25 1.7647
3 0 -12 -.25 1.8397 -11.99 -.25 2.0447 -12.02 -.25 1.8147
4 0 -12.7625 -.25 1.8422 -12.79 -.25 1.7872 -12.7775 -.25 1.7697 -12.74 -.25 1.8272
4 0 -12.785 -.25 1.8547 -12.8025 -.25 1.7997 -12.79 -.25 1.7872 -12.7625 -.25 1.8422
4 0 -12.8025 -.25 1.8622 -12.8175 -.25 1.8122 -12.8025 -.25 1.7997 -12.785 -.25 1.8547
3 0 -11.98 -.25 1.8647 -11.99 -.25 2.0447 -12 -.25 1.8397
4 0 -12.395 -.25 1.8647 -12.405 -.25 1.8647 -12.4075 -.25 1.7922 -12.3975 -.25 1.7872
4 0 -12.4125 -.25 1.8672 -12.42 -.25 1.7972 -12.4075 -.25 1.7922 -12.405 -.25 1.8647
4 0 -12.8225 -.25 1.8672 -12.8325 -.25 1.8172 -12.8175 -.25 1.8122 -12.8025 -.25 1.8622
4 0 -12.905 -.25 1.8672 -12.92 -.25 1.8622 -12.9125 -.25 1.8472 -12.9 -.25 1.8372
3 0 -11.6525 -.25 1.8697 -11.705 -.25 2.0422 -11.6975 -.25 1.8197
4 0 -12.385 -.25 1.8697 -12.395 -.25 1.8647 -12.3975 -.25 1.7872 -12.39 -.25 1.7822
4 0 -12.42 -.25 1.8722 -12.43 -.25 1.8022 -12.42 -.25 1.7972 -12.4125 -.25 1.8672
4 0 -12.8425 -.25 1.8722 -12.8525 -.25 1.8222 -12.8325 -.25 1.8172 -12.8225 -.25 1.8672
4 0 -12.885 -.25 1.8722 -12.905 -.25 1.8672 -12.9 -.25 1.8372 -12.885 -.25 1.8322
4 0 -12.8625 -.25 1.8747 -12.87 -.25 1.8272 -12.8525 -.25 1.8222 -12.8425 -.25 1.8722
4 0 -12.8625 -.25 1.8747 -12.885 -.25 1.8722 -12.885 -.25 1.8322 -12.87 -.25 1.8272
4 0 -12.38 -.25 1.8772 -12.39 -.25 1.7822 -12.3925 -.25 1.6822 -12.2 -.25 1.6022
4 0 -12.4275 -.25 1.8797 -12.44 -.25 1.8047 -12.43 -.25 1.8022 -12.42 -.25 1.8722
3 0 -11.96 -.25 1.8872 -11.99 -.25 2.0447 -11.98 -.25 1.8647
4 0 -12.4325 -.25 1.8872 -12.45 -.25 1.8072 -12.44 -.25 1.8047 -12.4275 -.25 1.8797
3 0 -11.6325 -.25 1.8897 -11.705 -.25 2.0422 -11.6525 -.25 1.8697
4 0 -12.435 -.25 1.8997 -12.46 -.25 1.8047 -12.45 -.25 1.8072 -12.4325 -.25 1.8872
3 0 -12.435 -.25 1.8997 -12.585 -.25 1.9522 -12.585 -.25 1.9447
3 0 -12.435 -.25 1.8997 -12.535 -.25 1.9947 -12.545 -.25 1.9947
3 0 -12.435 -.25 1.8997 -12.5275 -.25 2 -12.535 -.25 1.9947
4 0 -11.8925 -.25 1.9272 -11.91 -.25 1.9022 -11.925 -.25 1.8797 -11.86 -.25 1.7647
3 0 -11.9075 -.25 1.9447 -11.99 -.25 2.0447 -11.9225 -.25 1.9297
4 0 -12.585 -.25 1.9447 -12.6 -.25 1.8147 -12.46 -.25 1.8047 -12.435 -.25 1.8997
4 0 -12.585 -.25 1.9447 -12.595 -.25 1.9422 -12.615 -.25 1.8372 -12.6 -.25 1.8147
4 0 -12.605 -.25 1.9472 -12.63 -.25 1.8522 -12.615 -.25 1.8372 -12.595 -.25 1.9422
4 0 -12.6175 -.25 1.9522 -12.6425 -.25 1.8647 -12.63 -.25 1.8522 -12.605 -.25 1.9472
3 0 -11.895 -.25 1.9547 -11.99 -.25 2.0447 -11.9075 -.25 1.9447
4 0 -12.38 -.25 1.9547 -12.39 -.25 1.9547 -12.3975 -.25 1.8897 -12.39 -.25 1.8847
4 0 -12.3725 -.25 1.9572 -12.38 -.25 1.9547 -12.39 -.25 1.8847 -12.385 -.25 1.8822
4 0 -12.3975 -.25 1.9597 -12.405 -.25 1.8922 -12.3975 -.25 1.8897 -12.39 -.25 1.9547
4 0 -12.6375 -.25 1.9622 -12.6625 -.25 1.8772 -12.6425 -.25 1.8647 -12.6175 -.25 1.9522
4 0 -12.365 -.25 1.9672 -12.3725 -.25 1.9572 -12.385 -.25 1.8822 -12.38 -.25 1.8772
4 0 -12.405 -.25 1.9672 -12.415 -.25 1.8947 -12.405 -.25 1.8922 -12.3975 -.25 1.9597
4 0 -12.41 -.25 1.9722 -12.425 -.25 1.8972 -12.415 -.25 1.8947 -12.405 -.25 1.9672
4 0 -12.665 -.25 1.9747 -12.6925 -.25 1.8922 -12.6625 -.25 1.8772 -12.6375 -.25 1.9622
4 0 -12.4125 -.25 1.9872 -12.435 -.25 1.8997 -12.425 -.25 1.8972 -12.41 -.25 1.9722
4 0 -12.6875 -.25 1.9872 -12.7175 -.25 1.9072 -12.6925 -.25 1.8922 -12.665 -.25 1.9747
4 0 -12.545 -.25 1.9947 -12.5875 -.25 1.9597 -12.585 -.25 1.9522 -12.435 -.25 1.8997
3 0 -12.545 -.25 1.9947 -12.5675 -.25 2.0022 -12.5875 -.25 1.9597
4 0 -12.7125 -.25 1.9972 -12.7375 -.25 1.9197 -12.7175 -.25 1.9072 -12.6875 -.25 1.9872
3 0 -10.855 -.25 2 -10.95 -.25 2.2022 -10.8775 -.25 2.0222
4 0 -12.735 -.25 2.0047 -12.755 -.25 1.9372 -12.7375 -.25 1.9197 -12.7125 -.25 1.9972
4 0 -10.6975 -.25 2.0072 -10.715 -.25 2.0022 -10.665 -.25 1.9397 -10.6425 -.25 1.9472
4 0 -10.7325 -.25 2.0072 -10.6925 -.25 1.9347 -10.665 -.25 1.9397 -10.715 -.25 2.0022
4 0 -10.7325 -.25 2.0072 -10.75 -.25 1.9422 -10.72 -.25 1.9372 -10.6925 -.25 1.9347
4 0 -10.7325 -.25 2.0072 -10.8175 -.25 1.9722 -10.785 -.25 1.9547 -10.75 -.25 1.9422
4 0 -12.5275 -.25 2.0072 -12.5275 -.25 2 -12.435 -.25 1.8997 -12.4125 -.25 1.9872
4 0 -12.5875 -.25 2.0097 -12.5975 -.25 1.9697 -12.5875 -.25 1.9597 -12.5675 -.25 2.0022
4 0 -12.755 -.25 2.0122 -12.7725 -.25 1.9572 -12.755 -.25 1.9372 -12.735 -.25 2.0047
4 0 -10.6825 -.25 2.0147 -10.6975 -.25 2.0072 -10.6425 -.25 1.9472 -10.615 -.25 1.9622
4 0 -10.74 -.25 2.0147 -10.855 -.25 2 -10.8175 -.25 1.9722 -10.7325 -.25 2.0072
3 0 -10.74 -.25 2.0147 -10.74 -.25 2.0247 -10.855 -.25 2
4 0 -12.6025 -.25 2.0172 -12.6075 -.25 1.9797 -12.5975 -.25 1.9697 -12.5875 -.25 2.0097
4 0 -10.675 -.25 2.0197 -10.6825 -.25 2.0147 -10.615 -.25 1.9622 -10.5925 -.25 1.9797
4 0 -12.7675 -.25 2.0197 -12.785 -.25 1.9747 -12.7725 -.25 1.9572 -12.755 -.25 2.0122
4 0 -10.67 -.25 2.0247 -10.675 -.25 2.0197 -10.5925 -.25 1.9797 -10.5775 -.25 2
3 0 -10.67 -.25 2.0247 -10.585 -.25 2.1247 -10.6725 -.25 2.0347
3 0 -10.74 -.25 2.0247 -10.73 -.25 2.0322 -10.855 -.25 2
3 0 -11.52 -.25 2.0272 -11.48 -.25 2.0672 -11.705 -.25 2.0422
4 0 -12.3525 -.25 2.0272 -12.365 -.25 2.0272 -12.3775 -.25 1.9747 -12.37 -.25 1.9722
4 0 -12.6175 -.25 2.0272 -12.62 -.25 1.9897 -12.6075 -.25 1.9797 -12.6025 -.25 2.0172
3 0 -10.73 -.25 2.0322 -10.585 -.25 2.1247 -10.855 -.25 2
4 0 -12.3725 -.25 2.0322 -12.3875 -.25 1.9797 -12.3775 -.25 1.9747 -12.365 -.25 2.0272
4 0 -12.78 -.25 2.0322 -12.7975 -.25 1.9922 -12.785 -.25 1.9747 -12.7675 -.25 2.0197
3 0 -10.6725 -.25 2.0347 -10.585 -.25 2.1247 -10.68 -.25 2.0347
3 0 -10.68 -.25 2.0347 -10.585 -.25 2.1247 -10.6925 -.25 2.0347
3 0 -10.6925 -.25 2.0347 -10.585 -.25 2.1247 -10.71 -.25 2.0347
3 0 -10.71 -.25 2.0347 -10.585 -.25 2.1247 -10.73 -.25 2.0322
4 0 -12.3425 -.25 2.0347 -12.365 -.25 1.9672 -12.38 -.25 1.8772 -12.2 -.25 1.6022
4 0 -12.3425 -.25 2.0347 -12.3525 -.25 2.0272 -12.37 -.25 1.9722 -12.365 -.25 1.9672
4 0 -12.63 -.25 2.0347 -12.6325 -.25 2 -12.62 -.25 1.9897 -12.6175 -.25 2.0272
4 0 -12.38 -.25 2.0372 -12.395 -.25 1.9822 -12.3875 -.25 1.9797 -12.3725 -.25 2.0322
4 0 -12.645 -.25 2.0397 -12.6425 -.25 2.0072 -12.6325 -.25 2 -12.63 -.25 2.0347
4 0 -12.645 -.25 2.0397 -12.66 -.25 2.0397 -12.655 -.25 2.0147 -12.6425 -.25 2.0072
4 0 -12.66 -.25 2.0397 -12.6675 -.25 2.0322 -12.665 -.25 2.0222 -12.655 -.25 2.0147
4 0 -11.705 -.25 2.0422 -11.86 -.25 1.7647 -11.7425 -.25 1.7647 -11.6975 -.25 1.8197
4 0 -11.705 -.25 2.0422 -11.6325 -.25 1.8897 -11.6025 -.25 1.9147 -11.5725 -.25 1.9497
4 0 -11.705 -.25 2.0422 -11.5725 -.25 1.9497 -11.5425 -.25 1.9922 -11.52 -.25 2.0272
4 0 -11.705 -.25 2.0422 -11.8825 -.25 1.9572 -11.8825 -.25 1.9472 -11.86 -.25 1.7647
3 0 -11.705 -.25 2.0422 -11.645 -.25 2.1397 -11.675 -.25 2.1397
3 0 -11.705 -.25 2.0422 -11.6175 -.25 2.1422 -11.645 -.25 2.1397
3 0 -11.705 -.25 2.0422 -11.595 -.25 2.1472 -11.6175 -.25 2.1422
3 0 -11.705 -.25 2.0422 -11.5675 -.25 2.1547 -11.595 -.25 2.1472
4 0 -11.99 -.25 2.0447 -12.2 -.25 1.6022 -12.06 -.25 1.7547 -12.0425 -.25 1.7822
4 0 -11.99 -.25 2.0447 -11.96 -.25 1.8872 -11.94 -.25 1.9097 -11.9225 -.25 1.9297
4 0 -11.99 -.25 2.0447 -11.895 -.25 1.9547 -11.8825 -.25 1.9572 -11.705 -.25 2.0422
4 0 -12.3875 -.25 2.0447 -12.405 -.25 1.9847 -12.395 -.25 1.9822 -12.38 -.25 2.0372
4 0 -12.79 -.25 2.0447 -12.8075 -.25 2.0072 -12.7975 -.25 1.9922 -12.78 -.25 2.0322
3 0 -10.5475 -.25 2.0497 -10.4975 -.25 2.1247 -10.585 -.25 2.1247
4 0 -12.3925 -.25 2.0572 -12.4125 -.25 1.9872 -12.405 -.25 1.9847 -12.3875 -.25 2.0447
3 0 -12.3925 -.25 2.0572 -12.5225 -.25 2.1347 -12.5325 -.25 2.1297
3 0 -12.3925 -.25 2.0572 -12.5175 -.25 2.1397 -12.5225 -.25 2.1347
4 0 -12.8025 -.25 2.0597 -12.815 -.25 2.0222 -12.8075 -.25 2.0072 -12.79 -.25 2.0447
3 0 -11.48 -.25 2.0672 -11.45 -.25 2.0922 -11.705 -.25 2.0422
4 0 -12.815 -.25 2.0697 -12.8225 -.25 2.0372 -12.815 -.25 2.0222 -12.8025 -.25 2.0597
4 0 -12.825 -.25 2.0772 -12.83 -.25 2.0447 -12.8225 -.25 2.0372 -12.815 -.25 2.0697
4 0 -12.84 -.25 2.0797 -12.8375 -.25 2.0522 -12.83 -.25 2.0447 -12.825 -.25 2.0772
4 0 -12.84 -.25 2.0797 -12.855 -.25 2.0697 -12.8475 -.25 2.0597 -12.8375 -.25 2.0522
3 0 -11.45 -.25 2.0922 -11.53 -.25 2.1722 -11.5475 -.25 2.1622
3 0 -11.45 -.25 2.0922 -11.5175 -.25 2.1822 -11.53 -.25 2.1722
4 0 -12.3325 -.25 2.1147 -12.3425 -.25 2.1147 -12.36 -.25 2.0522 -12.35 -.25 2.0472
4 0 -12.35 -.25 2.1197 -12.37 -.25 2.0547 -12.36 -.25 2.0522 -12.3425 -.25 2.1147
4 0 -12.32 -.25 2.1222 -12.3425 -.25 2.0422 -12.3425 -.25 2.0347 -12.2 -.25 1.6022
4 0 -12.32 -.25 2.1222 -12.3325 -.25 2.1147 -12.35 -.25 2.0472 -12.3425 -.25 2.0422
4 0 -12.565 -.25 2.1222 -12.59 -.25 2.1222 -12.5875 -.25 2.0522 -12.5675 -.25 2.0422
3 0 -10.4975 -.25 2.1247 -10.5125 -.25 2.1822 -10.5275 -.25 2.1697
3 0 -10.4975 -.25 2.1247 -10.4975 -.25 2.2072 -10.5125 -.25 2.1822
4 0 -10.585 -.25 2.1247 -10.67 -.25 2.0247 -10.5775 -.25 2 -10.5475 -.25 2.0497
4 0 -12.355 -.25 2.1247 -12.38 -.25 2.0572 -12.37 -.25 2.0547 -12.35 -.25 2.1197
4 0 -12.6075 -.25 2.1247 -12.61 -.25 2.0572 -12.5875 -.25 2.0522 -12.59 -.25 2.1222
4 0 -12.545 -.25 2.1272 -12.565 -.25 2.1222 -12.5675 -.25 2.0422 -12.55 -.25 2.0297
4 0 -12.5325 -.25 2.1297 -12.5275 -.25 2.0072 -12.4125 -.25 1.9872 -12.3925 -.25 2.0572
4 0 -12.5325 -.25 2.1297 -12.545 -.25 2.1272 -12.55 -.25 2.0297 -12.5275 -.25 2.0072
4 0 -12.6225 -.25 2.1297 -12.6325 -.25 2.0622 -12.61 -.25 2.0572 -12.6075 -.25 2.1247
4 0 -12.635 -.25 2.1347 -12.6675 -.25 2.0722 -12.6325 -.25 2.0622 -12.6225 -.25 2.1297
4 0 -12.36 -.25 2.1372 -12.3925 -.25 2.0572 -12.38 -.25 2.0572 -12.355 -.25 2.1247
3 0 -11.675 -.25 2.1397 -11.7 -.25 2.1422 -11.705 -.25 2.0422
3 0 -11.7 -.25 2.1422 -11.725 -.25 2.1472 -11.705 -.25 2.0422
3 0 -11.725 -.25 2.1472 -11.7475 -.25 2.1547 -11.705 -.25 2.0422
4 0 -12.655 -.25 2.1472 -12.6825 -.25 2.0797 -12.6675 -.25 2.0722 -12.635 -.25 2.1347
3 0 -11.7475 -.25 2.1547 -11.77 -.25 2.1647 -11.705 -.25 2.0422
4 0 -12.675 -.25 2.1572 -12.7025 -.25 2.0922 -12.6825 -.25 2.0797 -12.655 -.25 2.1472
4 0 -11.5475 -.25 2.1622 -11.5675 -.25 2.1547 -11.705 -.25 2.0422 -11.45 -.25 2.0922
3 0 -10.5425 -.25 2.1672 -10.545 -.25 2.1822 -10.585 -.25 2.1247
4 0 -12.6925 -.25 2.1672 -12.715 -.25 2.1047 -12.7025 -.25 2.0922 -12.675 -.25 2.1572
4 0 -10.5275 -.25 2.1697 -10.5425 -.25 2.1672 -10.585 -.25 2.1247 -10.4975 -.25 2.1247
4 0 -11.7875 -.25 2.1747 -11.99 -.25 2.0447 -11.705 -.25 2.0422 -11.77 -.25 2.1647
3 0 -11.7875 -.25 2.1747 -11.8025 -.25 2.1872 -11.99 -.25 2.0447
4 0 -12.71 -.25 2.1747 -12.7325 -.25 2.1172 -12.715 -.25 2.1047 -12.6925 -.25 2.1672
3 0 -11.5175 -.25 2.1822 -11.3875 -.25 2.2322 -11.5125 -.25 2.1947
4 0 -12.73 -.25 2.1822 -12.7425 -.25 2.1247 -12.7325 -.25 2.1172 -12.71 -.25 2.1747
4 0 -12.8175 -.25 2.1822 -12.8275 -.25 2.1747 -12.8225 -.25 2.1622 -12.815 -.25 2.1572
3 0 -11.8025 -.25 2.1872 -11.815 -.25 2.1997 -11.99 -.25 2.0447
4 0 -12.7525 -.25 2.1872 -12.755 -.25 2.1347 -12.7425 -.25 2.1247 -12.73 -.25 2.1822
4 0 -12.8075 -.25 2.1872 -12.8175 -.25 2.1822 -12.815 -.25 2.1572 -12.8 -.25 2.1522
4 0 -12.77 -.25 2.1897 -12.77 -.25 2.1422 -12.755 -.25 2.1347 -12.7525 -.25 2.1872
4 0 -12.77 -.25 2.1897 -12.7925 -.25 2.1897 -12.785 -.25 2.1472 -12.77 -.25 2.1422
4 0 -12.7925 -.25 2.1897 -12.8075 -.25 2.1872 -12.8 -.25 2.1522 -12.785 -.25 2.1472
3 0 -11.5125 -.25 2.1947 -11.3875 -.25 2.2322 -11.5175 -.25 2.2047
3 0 -11.735 -.25 2.1947 -11.65 -.25 2.4022 -11.7575 -.25 2.2022
4 0 -12.3025 -.25 2.1947 -12.3125 -.25 2.1947 -12.335 -.25 2.1322 -12.3275 -.25 2.1297
3 0 -11.555 -.25 2.1997 -11.65 -.25 2.4022 -11.57 -.25 2.1947
3 0 -11.815 -.25 2.1997 -11.8225 -.25 2.2097 -11.99 -.25 2.0447
4 0 -12.32 -.25 2.1997 -12.3425 -.25 2.1347 -12.335 -.25 2.1322 -12.3125 -.25 2.1947
4 0 -10.95 -.25 2.2022 -10.93 -.25 2.0772 -10.905 -.25 2.0497 -10.8775 -.25 2.0222
4 0 -10.95 -.25 2.2022 -11.035 -.25 2.1447 -10.9825 -.25 2.1097 -10.93 -.25 2.0772
3 0 -10.95 -.25 2.2022 -11.19 -.25 2.2522 -11.1325 -.25 2.2122
3 0 -10.95 -.25 2.2022 -10.815 -.25 2.2622 -10.8225 -.25 2.2622
3 0 -10.95 -.25 2.2022 -11.1725 -.25 2.3747 -11.1875 -.25 2.3622
3 0 -10.95 -.25 2.2022 -11.1525 -.25 2.3947 -11.1725 -.25 2.3747
3 0 -10.95 -.25 2.2022 -11.135 -.25 2.4197 -11.1525 -.25 2.3947
3 0 -10.95 -.25 2.2022 -11.1175 -.25 2.4497 -11.135 -.25 2.4197
3 0 -10.95 -.25 2.2022 -11.1025 -.25 2.4772 -11.1175 -.25 2.4497
3 0 -10.95 -.25 2.2022 -11.0925 -.25 2.4997 -11.1025 -.25 2.4772
3 0 -10.95 -.25 2.2022 -11.07 -.25 2.5497 -11.075 -.25 2.5372
3 0 -10.95 -.25 2.2022 -11.07 -.25 2.5622 -11.07 -.25 2.5497
4 0 -12.295 -.25 2.2022 -12.3025 -.25 2.1947 -12.3275 -.25 2.1297 -12.32 -.25 2.1222
4 0 -12.325 -.25 2.2047 -12.35 -.25 2.1372 -12.3425 -.25 2.1347 -12.32 -.25 2.1997
4 0 -13.7825 -.25 2.2072 -13.78 -.25 2.1947 -13.7675 -.25 2.1922 -13.745 -.25 2.2022
3 0 -12.3925 -.25 2.2097 -12.4075 -.25 2.2122 -12.36 -.25 2.1372
4 0 -11.1325 -.25 2.2122 -11.09 -.25 2.1822 -11.035 -.25 2.1447 -10.95 -.25 2.2022
3 0 -11.79 -.25 2.2122 -11.65 -.25 2.4022 -11.805 -.25 2.2172
4 0 -12.3275 -.25 2.2147 -12.36 -.25 2.1372 -12.35 -.25 2.1372 -12.325 -.25 2.2047
3 0 -12.3275 -.25 2.2147 -12.3775 -.25 2.2222 -12.38 -.25 2.2147
3 0 -12.3275 -.25 2.2147 -12.38 -.25 2.2297 -12.3775 -.25 2.2222
4 0 -12.38 -.25 2.2147 -12.3925 -.25 2.2097 -12.36 -.25 2.1372 -12.3275 -.25 2.2147
3 0 -11.805 -.25 2.2172 -11.65 -.25 2.4022 -11.815 -.25 2.2197
4 0 -10.6425 -.25 2.2247 -10.95 -.25 2.2022 -10.855 -.25 2 -10.585 -.25 2.1247
3 0 -10.6425 -.25 2.2247 -10.6525 -.25 2.2472 -10.675 -.25 2.2472
3 0 -10.6425 -.25 2.2247 -10.64 -.25 2.2572 -10.6525 -.25 2.2472
4 0 -13.7075 -.25 2.2272 -13.765 -.25 2.2247 -13.7825 -.25 2.2072 -13.745 -.25 2.2022
4 0 -12.4475 -.25 2.2297 -12.36 -.25 2.1372 -12.4075 -.25 2.2122 -12.43 -.25 2.2222
4 0 -11.3875 -.25 2.2322 -11.425 -.25 2.1022 -11.3875 -.25 2.1147 -11.3425 -.25 2.1372
4 0 -11.3875 -.25 2.2322 -11.3425 -.25 2.1372 -11.295 -.25 2.1672 -11.2575 -.25 2.1947
4 0 -11.3875 -.25 2.2322 -11.5175 -.25 2.1822 -11.45 -.25 2.0922 -11.425 -.25 2.1022
3 0 -10.5225 -.25 2.2347 -10.54 -.25 2.3422 -10.54 -.25 2.2047
4 0 -12.4625 -.25 2.2347 -12.3925 -.25 2.0572 -12.36 -.25 2.1372 -12.4475 -.25 2.2297
4 0 -12.4625 -.25 2.2347 -12.5175 -.25 2.1447 -12.5175 -.25 2.1397 -12.3925 -.25 2.0572
3 0 -12.4625 -.25 2.2347 -12.4925 -.25 2.2422 -12.5175 -.25 2.1447
4 0 -12.6275 -.25 2.2347 -12.65 -.25 2.2347 -12.6425 -.25 2.1697 -12.6225 -.25 2.1622
4 0 -12.605 -.25 2.2372 -12.6275 -.25 2.2347 -12.6225 -.25 2.1622 -12.5975 -.25 2.1572
4 0 -12.6625 -.25 2.2372 -12.6625 -.25 2.1822 -12.6425 -.25 2.1697 -12.65 -.25 2.2347
4 0 -12.4925 -.25 2.2422 -12.5175 -.25 2.2422 -12.5325 -.25 2.1497 -12.5175 -.25 2.1447
4 0 -12.5175 -.25 2.2422 -12.555 -.25 2.2422 -12.5725 -.25 2.1522 -12.5325 -.25 2.1497
4 0 -12.555 -.25 2.2422 -12.605 -.25 2.2372 -12.5975 -.25 2.1572 -12.5725 -.25 2.1522
4 0 -12.6875 -.25 2.2472 -12.6825 -.25 2.1997 -12.6625 -.25 2.1822 -12.6625 -.25 2.2372
4 0 -10.695 -.25 2.2497 -10.95 -.25 2.2022 -10.6425 -.25 2.2247 -10.675 -.25 2.2472
3 0 -10.695 -.25 2.2497 -10.71 -.25 2.2547 -10.95 -.25 2.2022
4 0 -11.19 -.25 2.2522 -11.3875 -.25 2.2322 -11.2575 -.25 2.1947 -11.2225 -.25 2.2222
4 0 -13.6725 -.25 2.2522 -13.752 -.25 2.2412 -13.765 -.25 2.2247 -13.7075 -.25 2.2272
4 0 -12.7075 -.25 2.2547 -12.7025 -.25 2.2172 -12.6825 -.25 2.1997 -12.6875 -.25 2.2472
4 0 -12.7175 -.25 2.2597 -12.715 -.25 2.2272 -12.7025 -.25 2.2172 -12.7075 -.25 2.2547
4 0 -10.7225 -.25 2.2622 -10.815 -.25 2.2622 -10.95 -.25 2.2022 -10.71 -.25 2.2547
3 0 -10.8225 -.25 2.2622 -10.835 -.25 2.2697 -10.95 -.25 2.2022
4 0 -10.415 -.25 2.2647 -10.4775 -.25 2.2397 -10.4975 -.25 2.2072 -10.4975 -.25 2.1247
3 0 -10.415 -.25 2.2647 -10.43 -.25 2.3247 -10.4425 -.25 2.3022
3 0 -10.415 -.25 2.2647 -10.4275 -.25 2.3372 -10.43 -.25 2.3247
3 0 -10.5025 -.25 2.2647 -10.54 -.25 2.3422 -10.5225 -.25 2.2347
4 0 -12.7325 -.25 2.2672 -12.7275 -.25 2.2372 -12.715 -.25 2.2272 -12.7175 -.25 2.2597
3 0 -10.835 -.25 2.2697 -10.845 -.25 2.2772 -10.95 -.25 2.2022
4 0 -12.2675 -.25 2.2722 -12.295 -.25 2.2022 -12.32 -.25 2.1222 -12.2 -.25 1.6022
4 0 -12.2675 -.25 2.2722 -12.2775 -.25 2.2697 -12.3 -.25 2.2072 -12.295 -.25 2.2022
4 0 -12.7425 -.25 2.2722 -12.7375 -.25 2.2472 -12.7275 -.25 2.2372 -12.7325 -.25 2.2672
4 0 -12.285 -.25 2.2747 -12.3075 -.25 2.2122 -12.3 -.25 2.2072 -12.2775 -.25 2.2697
4 0 -12.7525 -.25 2.2747 -12.7475 -.25 2.2547 -12.7375 -.25 2.2472 -12.7425 -.25 2.2722
4 0 -12.7525 -.25 2.2747 -12.76 -.25 2.2722 -12.7575 -.25 2.2597 -12.7475 -.25 2.2547
3 0 -10.845 -.25 2.2772 -10.8575 -.25 2.2897 -10.95 -.25 2.2022
3 0 -12.2625 -.25 2.2772 -12.2 -.25 2.4022 -12.265 -.25 2.2822
4 0 -12.29 -.25 2.2797 -12.3175 -.25 2.2147 -12.3075 -.25 2.2122 -12.285 -.25 2.2747
3 0 -12.265 -.25 2.2822 -12.2 -.25 2.4022 -12.2725 -.25 2.2872
4 0 -13.6375 -.25 2.2822 -13.725 -.25 2.2622 -13.752 -.25 2.2412 -13.6725 -.25 2.2522
3 0 -10.8175 -.25 2.2847 -10.77 -.25 2.3347 -10.8225 -.25 2.2947
4 0 -10.7425 -.25 2.2872 -10.815 -.25 2.2697 -10.815 -.25 2.2622 -10.7225 -.25 2.2622
3 0 -12.2725 -.25 2.2872 -12.2 -.25 2.4022 -12.28 -.25 2.2922
4 0 -10.465 -.25 2.3197 -10.54 -.25 2.3422 -10.5025 -.25 2.2647 -10.485 -.25 2.2897
3 0 -10.8575 -.25 2.2897 -10.87 -.25 2.3022 -10.95 -.25 2.2022
4 0 -12.2925 -.25 2.2922 -12.3275 -.25 2.2147 -12.3175 -.25 2.2147 -12.29 -.25 2.2797
3 0 -10.8225 -.25 2.2947 -10.77 -.25 2.3347 -10.83 -.25 2.3072
4 0 -10.4425 -.25 2.3022 -10.46 -.25 2.2722 -10.4775 -.25 2.2397 -10.415 -.25 2.2647
3 0 -10.87 -.25 2.3022 -10.88 -.25 2.3172 -10.95 -.25 2.2022
3 0 -10.83 -.25 2.3072 -10.77 -.25 2.3347 -10.84 -.25 2.3222
4 0 -13.68 -.25 2.3122 -13.725 -.25 2.2622 -13.6375 -.25 2.2822 -13.61 -.25 2.3047
4 0 -10.6075 -.25 2.3197 -10.6275 -.25 2.2847 -10.64 -.25 2.2572 -10.6425 -.25 2.2247
3 0 -10.4525 -.25 2.3347 -10.54 -.25 2.3422 -10.465 -.25 2.3197
4 0 -10.77 -.25 2.3347 -10.8175 -.25 2.2847 -10.815 -.25 2.2697 -10.7425 -.25 2.2872
3 0 -10.4275 -.25 2.3372 -10.3925 -.25 2.3997 -10.43 -.25 2.3472
3 0 -10.85 -.25 2.3372 -10.815 -.25 2.3972 -10.8625 -.25 2.3522
4 0 -10.54 -.25 2.3422 -10.585 -.25 2.1247 -10.545 -.25 2.1822 -10.54 -.25 2.2047
4 0 -10.54 -.25 2.3422 -10.6075 -.25 2.3197 -10.6425 -.25 2.2247 -10.585 -.25 2.1247
4 0 -13.6575 -.25 2.3422 -13.68 -.25 2.3122 -13.61 -.25 2.3047 -13.5875 -.25 2.3272
3 0 -10.43 -.25 2.3472 -10.3925 -.25 2.3997 -10.44 -.25 2.3447
4 0 -10.8975 -.25 2.3497 -10.95 -.25 2.2022 -10.88 -.25 2.3172 -10.8875 -.25 2.3322
4 0 -12.3725 -.25 2.3497 -12.3875 -.25 2.2347 -12.38 -.25 2.2297 -12.3275 -.25 2.2147
4 0 -12.3725 -.25 2.3497 -12.3825 -.25 2.3497 -12.3975 -.25 2.2397 -12.3875 -.25 2.2347
3 0 -10.8625 -.25 2.3522 -10.815 -.25 2.3972 -10.875 -.25 2.3647
4 0 -12.3925 -.25 2.3522 -12.4175 -.25 2.2472 -12.3975 -.25 2.2397 -12.3825 -.25 2.3497
4 0 -12.37 -.25 2.3547 -12.3725 -.25 2.3497 -12.3275 -.25 2.2147 -12.2925 -.25 2.2922
3 0 -12.37 -.25 2.3547 -12.2 -.25 2.4022 -12.375 -.25 2.3622
4 0 -12.41 -.25 2.3572 -12.4375 -.25 2.2547 -12.4175 -.25 2.2472 -12.3925 -.25 2.3522
4 0 -11.21 -.25 2.3597 -11.3875 -.25 2.2322 -11.19 -.25 2.2522 -11.205 -.25 2.3572
3 0 -11.21 -.25 2.3597 -11.21 -.25 2.3647 -11.3875 -.25 2.2322
4 0 -11.1875 -.25 2.3622 -11.205 -.25 2.3572 -11.19 -.25 2.2522 -10.95 -.25 2.2022
3 0 -10.875 -.25 2.3647 -10.815 -.25 2.3972 -10.885 -.25 2.3722
3 0 -11.21 -.25 2.3647 -11.2 -.25 2.3797 -11.3875 -.25 2.2322
4 0 -12.435 -.25 2.3647 -12.475 -.25 2.2722 -12.4375 -.25 2.2547 -12.41 -.25 2.3572
3 0 -10.895 -.25 2.3697 -10.965 -.25 2.4722 -10.9 -.25 2.3622
3 0 -10.885 -.25 2.3722 -10.965 -.25 2.4722 -10.895 -.25 2.3697
4 0 -12.465 -.25 2.3722 -12.5 -.25 2.2797 -12.475 -.25 2.2722 -12.435 -.25 2.3647
4 0 -12.5 -.25 2.3797 -12.5275 -.25 2.2872 -12.5 -.25 2.2797 -12.465 -.25 2.3722
4 0 -13.63 -.25 2.3822 -13.6575 -.25 2.3422 -13.5875 -.25 2.3272 -13.5625 -.25 2.3572
4 0 -13.8175 -.25 2.3822 -13.85 -.25 2.3797 -13.8425 -.25 2.3697 -13.8275 -.25 2.3697
4 0 -12.5425 -.25 2.3897 -12.5725 -.25 2.3022 -12.5275 -.25 2.2872 -12.5 -.25 2.3797
4 0 -12.8525 -.25 2.3947 -12.8775 -.25 2.3922 -12.875 -.25 2.3822 -12.8625 -.25 2.3847
4 0 -10.815 -.25 2.3972 -10.85 -.25 2.3372 -10.84 -.25 2.3222 -10.77 -.25 2.3347
3 0 -12.4475 -.25 2.3972 -12.445 -.25 2.4697 -12.455 -.25 2.4672
4 0 -10.3925 -.25 2.3997 -10.54 -.25 2.3422 -10.4525 -.25 2.3347 -10.44 -.25 2.3447
4 0 -11.65 -.25 2.4022 -11.65 -.25 2.1847 -11.625 -.25 2.1847 -11.6025 -.25 2.1872
4 0 -11.65 -.25 2.4022 -11.6025 -.25 2.1872 -11.585 -.25 2.1897 -11.57 -.25 2.1947
4 0 -11.65 -.25 2.4022 -11.695 -.25 2.1872 -11.675 -.25 2.1847 -11.65 -.25 2.1847
4 0 -11.65 -.25 2.4022 -11.735 -.25 2.1947 -11.7125 -.25 2.1897 -11.695 -.25 2.1872
4 0 -11.65 -.25 2.4022 -11.555 -.25 2.1997 -11.54 -.25 2.2022 -11.53 -.25 2.2047
4 0 -11.65 -.25 2.4022 -11.53 -.25 2.2047 -11.5175 -.25 2.2047 -11.3875 -.25 2.2322
4 0 -11.65 -.25 2.4022 -11.79 -.25 2.2122 -11.775 -.25 2.2072 -11.7575 -.25 2.2022
3 0 -11.65 -.25 2.4022 -11.15 -.25 2.9022 -12.2 -.25 2.4022
4 0 -12.2 -.25 2.4022 -11.99 -.25 2.0447 -11.8225 -.25 2.2097 -11.825 -.25 2.2172
4 0 -12.2 -.25 2.4022 -11.825 -.25 2.2172 -11.815 -.25 2.2197 -11.65 -.25 2.4022
4 0 -12.2 -.25 2.4022 -12.2625 -.25 2.2772 -12.2 -.25 1.6022 -11.99 -.25 2.0447
4 0 -12.2 -.25 2.4022 -12.37 -.25 2.3547 -12.2925 -.25 2.2922 -12.28 -.25 2.2922
3 0 -12.2 -.25 2.4022 -12.255 -.25 2.4822 -12.265 -.25 2.4797
3 0 -12.2 -.25 2.4022 -12.25 -.25 2.4897 -12.255 -.25 2.4822
3 0 -12.2 -.25 2.4022 -12.2425 -.25 2.5147 -12.25 -.25 2.4897
3 0 -12.2 -.25 2.4022 -12.235 -.25 2.5822 -12.2425 -.25 2.5147
3 0 -12.2 -.25 2.4022 -12.115 -.25 2.6947 -12.1275 -.25 2.6822
3 0 -12.2 -.25 2.4022 -11.85 -.25 2.9772 -12.115 -.25 2.6947
4 0 -12.5725 -.25 2.4022 -12.6 -.25 2.3197 -12.5725 -.25 2.3022 -12.5425 -.25 2.3897
4 0 -12.875 -.25 2.4047 -12.8775 -.25 2.3922 -12.8525 -.25 2.3947 -12.8375 -.25 2.4022
4 0 -13.7975 -.25 2.4072 -13.85 -.25 2.4022 -13.85 -.25 2.3797 -13.8175 -.25 2.3822
4 0 -10.54 -.25 2.4097 -10.585 -.25 2.3522 -10.6075 -.25 2.3197 -10.54 -.25 2.3422
4 0 -12.605 -.25 2.4172 -12.6275 -.25 2.3472 -12.6 -.25 2.3197 -12.5725 -.25 2.4022
4 0 -12.855 -.25 2.4222 -12.875 -.25 2.4047 -12.8375 -.25 2.4022 -12.82 -.25 2.4122
4 0 -11.165 -.25 2.4297 -11.3875 -.25 2.2322 -11.2 -.25 2.3797 -11.185 -.25 2.3997
4 0 -12.64 -.25 2.4322 -12.6525 -.25 2.3697 -12.6275 -.25 2.3472 -12.605 -.25 2.4172
4 0 -13.7825 -.25 2.4322 -13.85 -.25 2.4222 -13.85 -.25 2.4022 -13.7975 -.25 2.4072
4 0 -12.835 -.25 2.4347 -12.855 -.25 2.4222 -12.82 -.25 2.4122 -12.805 -.25 2.4197
4 0 -12.6675 -.25 2.4447 -12.6725 -.25 2.3922 -12.6525 -.25 2.3697 -12.64 -.25 2.4322
4 0 -12.815 -.25 2.4447 -12.835 -.25 2.4347 -12.805 -.25 2.4197 -12.7875 -.25 2.4222
4 0 -13.5975 -.25 2.4447 -13.63 -.25 2.3822 -13.5625 -.25 2.3572 -13.5225 -.25 2.4122
4 0 -12.695 -.25 2.4522 -12.6975 -.25 2.4122 -12.6725 -.25 2.3922 -12.6675 -.25 2.4447
4 0 -12.7875 -.25 2.4522 -12.815 -.25 2.4447 -12.7875 -.25 2.4222 -12.77 -.25 2.4247
4 0 -10.315 -.25 2.4547 -10.3925 -.25 2.3997 -10.4275 -.25 2.3372 -10.415 -.25 2.2647
4 0 -12.7325 -.25 2.4547 -12.7275 -.25 2.4222 -12.6975 -.25 2.4122 -12.695 -.25 2.4522
4 0 -12.7325 -.25 2.4547 -12.7625 -.25 2.4547 -12.745 -.25 2.4247 -12.7275 -.25 2.4222
4 0 -12.7625 -.25 2.4547 -12.7875 -.25 2.4522 -12.77 -.25 2.4247 -12.745 -.25 2.4247
3 0 -10.6025 -.25 2.4647 -10.545 -.25 2.5372 -10.6375 -.25 2.4672
4 0 -12.47 -.25 2.4697 -12.4675 -.25 2.4022 -12.4475 -.25 2.3972 -12.455 -.25 2.4672
4 0 -10.89 -.25 2.4722 -10.885 -.25 2.3722 -10.815 -.25 2.3972 -10.85 -.25 2.4347
4 0 -10.965 -.25 2.4722 -10.95 -.25 2.2022 -10.8975 -.25 2.3497 -10.9 -.25 2.3622
4 0 -12.4875 -.25 2.4722 -12.495 -.25 2.4122 -12.4675 -.25 2.4022 -12.47 -.25 2.4697
4 0 -12.51 -.25 2.4772 -12.52 -.25 2.4247 -12.495 -.25 2.4122 -12.4875 -.25 2.4722
4 0 -13.755 -.25 2.4772 -13.84 -.25 2.4622 -13.85 -.25 2.4222 -13.7825 -.25 2.4322
4 0 -12.2775 -.25 2.4822 -12.375 -.25 2.3622 -12.2 -.25 2.4022 -12.265 -.25 2.4797
4 0 -12.5325 -.25 2.4872 -12.5425 -.25 2.4422 -12.52 -.25 2.4247 -12.51 -.25 2.4772
4 0 -12.55 -.25 2.4972 -12.5625 -.25 2.4597 -12.5425 -.25 2.4422 -12.5325 -.25 2.4872
4 0 -12.3075 -.25 2.4997 -12.39 -.25 2.3722 -12.375 -.25 2.3622 -12.2775 -.25 2.4822
4 0 -10.925 -.25 2.5022 -10.965 -.25 2.4722 -10.885 -.25 2.3722 -10.89 -.25 2.4722
4 0 -13.57 -.25 2.5022 -13.5975 -.25 2.4447 -13.5225 -.25 2.4122 -13.4825 -.25 2.4772
4 0 -10.455 -.25 2.5047 -10.5075 -.25 2.4472 -10.54 -.25 2.4097 -10.54 -.25 2.3422
3 0 -10.455 -.25 2.5047 -10.3 -.25 2.6022 -10.425 -.25 2.5422
4 0 -12.565 -.25 2.5072 -12.58 -.25 2.4747 -12.5625 -.25 2.4597 -12.55 -.25 2.4972
4 0 -12.58 -.25 2.5172 -12.5925 -.25 2.4847 -12.58 -.25 2.4747 -12.565 -.25 2.5072
4 0 -12.3375 -.25 2.5222 -12.4075 -.25 2.3822 -12.39 -.25 2.3722 -12.3075 -.25 2.4997
3 0 -11.1025 -.25 2.5247 -11.075 -.25 2.6272 -11.115 -.25 2.5047
4 0 -12.5925 -.25 2.5272 -12.6075 -.25 2.4972 -12.5925 -.25 2.4847 -12.58 -.25 2.5172
4 0 -12.36 -.25 2.5297 -12.4275 -.25 2.3897 -12.4075 -.25 2.3822 -12.3375 -.25 2.5222
4 0 -13.7175 -.25 2.5297 -13.82 -.25 2.5122 -13.84 -.25 2.4622 -13.755 -.25 2.4772
4 0 -10.5375 -.25 2.5322 -10.5725 -.25 2.4647 -10.5475 -.25 2.4697 -10.5275 -.25 2.4797
4 0 -10.5375 -.25 2.5322 -10.5275 -.25 2.4797 -10.51 -.25 2.4897 -10.4925 -.25 2.5022
4 0 -10.53 -.25 2.5347 -10.5375 -.25 2.5322 -10.4925 -.25 2.5022 -10.4775 -.25 2.5172
4 0 -10.9625 -.25 2.5347 -10.965 -.25 2.4722 -10.925 -.25 2.5022 -10.9475 -.25 2.5222
4 0 -12.395 -.25 2.5347 -12.4475 -.25 2.3972 -12.4275 -.25 2.3897 -12.36 -.25 2.5297
4 0 -12.395 -.25 2.5347 -12.4425 -.25 2.4797 -12.445 -.25 2.4697 -12.4475 -.25 2.3972
4 0 -10.545 -.25 2.5372 -10.6025 -.25 2.4647 -10.5725 -.25 2.4647 -10.5375 -.25 2.5322
3 0 -10.91 -.25 2.5372 -10.6 -.25 2.6522 -10.9425 -.25 2.5522
4 0 -11.075 -.25 2.5372 -11.0825 -.25 2.5222 -11.0925 -.25 2.4997 -10.95 -.25 2.2022
4 0 -12.605 -.25 2.5372 -12.6225 -.25 2.5122 -12.6075 -.25 2.4972 -12.5925 -.25 2.5272
3 0 -11.0925 -.25 2.5397 -11.075 -.25 2.6272 -11.1025 -.25 2.5247
4 0 -12.4225 -.25 2.5397 -12.4475 -.25 2.4872 -12.4425 -.25 2.4797 -12.395 -.25 2.5347
3 0 -10.425 -.25 2.5422 -10.3 -.25 2.6022 -10.395 -.25 2.5797
4 0 -10.5225 -.25 2.5422 -10.53 -.25 2.5347 -10.4775 -.25 2.5172 -10.465 -.25 2.5322
4 0 -12.44 -.25 2.5472 -12.4625 -.25 2.4922 -12.4475 -.25 2.4872 -12.4225 -.25 2.5397
4 0 -12.62 -.25 2.5497 -12.635 -.25 2.5247 -12.6225 -.25 2.5122 -12.605 -.25 2.5372
4 0 -10.515 -.25 2.5522 -10.5225 -.25 2.5422 -10.465 -.25 2.5322 -10.4525 -.25 2.5497
3 0 -10.9725 -.25 2.5547 -11.075 -.25 2.6272 -10.9725 -.25 2.5447
4 0 -12.63 -.25 2.5547 -12.6375 -.25 2.5447 -12.635 -.25 2.5247 -12.62 -.25 2.5497
3 0 -10.54 -.25 2.5572 -10.6 -.25 2.6522 -10.545 -.25 2.5472
3 0 -10.955 -.25 2.5572 -10.9 -.25 2.7022 -10.965 -.25 2.5597
3 0 -11.08 -.25 2.5572 -11.075 -.25 2.6272 -11.0925 -.25 2.5397
4 0 -12.4625 -.25 2.5572 -12.485 -.25 2.4972 -12.4625 -.25 2.4922 -12.44 -.25 2.5472
3 0 -11.07 -.25 2.5622 -11.075 -.25 2.6272 -11.08 -.25 2.5572
4 0 -10.44 -.25 2.5672 -10.5075 -.25 2.5647 -10.515 -.25 2.5522 -10.4525 -.25 2.5497
3 0 -10.5325 -.25 2.5672 -10.6 -.25 2.6522 -10.54 -.25 2.5572
4 0 -12.485 -.25 2.5697 -12.5125 -.25 2.5097 -12.485 -.25 2.4972 -12.4625 -.25 2.5572
4 0 -13.55 -.25 2.5772 -13.57 -.25 2.5022 -13.4825 -.25 2.4772 -13.4575 -.25 2.539
3 0 -12.235 -.25 2.5822 -12.1475 -.25 2.7022 -12.2425 -.25 2.6672
4 0 -12.5075 -.25 2.5822 -12.53 -.25 2.5247 -12.5125 -.25 2.5097 -12.485 -.25 2.5697
4 0 -13.67 -.25 2.5822 -13.79 -.25 2.5597 -13.82 -.25 2.5122 -13.7175 -.25 2.5297
4 0 -10.43 -.25 2.5872 -10.5025 -.25 2.5747 -10.5075 -.25 2.5647 -10.44 -.25 2.5672
3 0 -10.5125 -.25 2.5947 -10.6 -.25 2.6522 -10.52 -.25 2.5847
4 0 -12.525 -.25 2.5972 -12.5525 -.25 2.5447 -12.53 -.25 2.5247 -12.5075 -.25 2.5822
4 0 -10.3 -.25 2.6022 -10.3925 -.25 2.3997 -10.315 -.25 2.4547 -10.235 -.25 2.5847
4 0 -10.3 -.25 2.6022 -10.455 -.25 2.5047 -10.54 -.25 2.3422 -10.3925 -.25 2.3997
3 0 -10.3 -.25 2.6022 -10.38 -.25 2.6122 -10.395 -.25 2.5797
3 0 -10.3 -.25 2.6022 -10.37 -.25 2.6497 -10.38 -.25 2.6122
4 0 -10.4175 -.25 2.6097 -10.5 -.25 2.5847 -10.5025 -.25 2.5747 -10.43 -.25 2.5872
4 0 -12.5475 -.25 2.6122 -12.57 -.25 2.5697 -12.5525 -.25 2.5447 -12.525 -.25 2.5972
4 0 -11.075 -.25 2.6272 -11.3875 -.25 2.2322 -11.165 -.25 2.4297 -11.145 -.25 2.4572
4 0 -11.075 -.25 2.6272 -11.145 -.25 2.4572 -11.13 -.25 2.4797 -11.115 -.25 2.5047
4 0 -11.075 -.25 2.6272 -10.965 -.25 2.4722 -10.9625 -.25 2.5347 -10.9725 -.25 2.5447
4 0 -11.075 -.25 2.6272 -11.07 -.25 2.5622 -10.95 -.25 2.2022 -10.965 -.25 2.4722
3 0 -10.25 -.25 2.6297 -10.2525 -.25 2.6372 -10.3 -.25 2.6022
4 0 -10.2425 -.25 2.6322 -10.25 -.25 2.6297 -10.3 -.25 2.6022 -10.235 -.25 2.5847
4 0 -12.57 -.25 2.6322 -12.585 -.25 2.5972 -12.57 -.25 2.5697 -12.5475 -.25 2.6122
4 0 -13.6125 -.25 2.6347 -13.752 -.25 2.6097 -13.79 -.25 2.5597 -13.67 -.25 2.5822
4 0 -10.235 -.25 2.6372 -10.2425 -.25 2.6322 -10.235 -.25 2.5847 -10.215 -.25 2.6197
3 0 -10.2525 -.25 2.6372 -10.2525 -.25 2.6472 -10.3 -.25 2.6022
4 0 -10.4125 -.25 2.6397 -10.5025 -.25 2.5972 -10.5 -.25 2.5847 -10.4175 -.25 2.6097
4 0 -12.5825 -.25 2.6422 -12.595 -.25 2.6122 -12.585 -.25 2.5972 -12.57 -.25 2.6322
4 0 -13.545 -.25 2.6422 -13.55 -.25 2.5772 -13.4575 -.25 2.539 -13.44 -.25 2.6022
3 0 -10.2 -.25 2.6447 -10.215 -.25 2.6647 -10.2225 -.25 2.6522
4 0 -10.2225 -.25 2.6522 -10.235 -.25 2.6372 -10.215 -.25 2.6197 -10.2 -.25 2.6447
4 0 -10.6 -.25 2.6522 -10.6375 -.25 2.4672 -10.545 -.25 2.5372 -10.545 -.25 2.5472
4 0 -10.6 -.25 2.6522 -10.76 -.25 2.4897 -10.6825 -.25 2.4747 -10.6375 -.25 2.4672
4 0 -10.6 -.25 2.6522 -10.91 -.25 2.5372 -10.86 -.25 2.5172 -10.76 -.25 2.4897
4 0 -10.6 -.25 2.6522 -10.5325 -.25 2.5672 -10.525 -.25 2.5772 -10.52 -.25 2.5847
3 0 -10.6 -.25 2.6522 -10.7375 -.25 2.7222 -10.7475 -.25 2.7222
3 0 -10.6 -.25 2.6522 -10.6175 -.25 2.7322 -10.6325 -.25 2.7322
3 0 -10.6 -.25 2.6522 -10.605 -.25 2.7372 -10.6175 -.25 2.7322
3 0 -10.6 -.25 2.6522 -10.595 -.25 2.7497 -10.605 -.25 2.7372
4 0 -12.5975 -.25 2.6522 -12.605 -.25 2.6247 -12.595 -.25 2.6122 -12.5825 -.25 2.6422
4 0 -12.6125 -.25 2.6597 -12.615 -.25 2.6347 -12.605 -.25 2.6247 -12.5975 -.25 2.6522
4 0 -12.625 -.25 2.6647 -12.625 -.25 2.6422 -12.615 -.25 2.6347 -12.6125 -.25 2.6597
4 0 -12.625 -.25 2.6647 -12.64 -.25 2.6647 -12.6325 -.25 2.6472 -12.625 -.25 2.6422
4 0 -12.64 -.25 2.6647 -12.6425 -.25 2.6547 -12.6375 -.25 2.6497 -12.6325 -.25 2.6472
4 0 -13.855 -.25 2.6722 -13.89 -.25 2.6422 -13.88 -.25 2.6322 -13.87 -.25 2.6372
4 0 -13.435 -.25 2.6742 -13.55 -.25 2.6697 -13.545 -.25 2.6422 -13.44 -.25 2.6022
4 0 -13.565 -.25 2.6772 -13.72 -.25 2.6522 -13.752 -.25 2.6097 -13.6125 -.25 2.6347
3 0 -13.565 -.25 2.6772 -13.685 -.25 2.7022 -13.72 -.25 2.6522
4 0 -10.2075 -.25 2.6822 -10.215 -.25 2.6647 -10.2 -.25 2.6447 -10.185 -.25 2.6772
3 0 -12.1275 -.25 2.6822 -12.1425 -.25 2.6897 -12.2 -.25 2.4022
3 0 -12.115 -.25 2.6947 -11.85 -.25 2.9772 -12.1125 -.25 2.7222
3 0 -10.2075 -.25 2.7022 -10.175 -.25 2.7222 -10.2125 -.25 2.7097
4 0 -10.9 -.25 2.7022 -10.955 -.25 2.5572 -10.9425 -.25 2.5522 -10.6 -.25 2.6522
4 0 -10.9 -.25 2.7022 -11.075 -.25 2.6272 -10.9725 -.25 2.5547 -10.965 -.25 2.5597
3 0 -10.9 -.25 2.7022 -11.15 -.25 2.9022 -11.075 -.25 2.6272
4 0 -12.1475 -.25 2.7022 -12.235 -.25 2.5822 -12.2 -.25 2.4022 -12.1425 -.25 2.6897
3 0 -12.1475 -.25 2.7022 -12.265 -.25 2.7372 -12.2425 -.25 2.6672
3 0 -12.1475 -.25 2.7022 -12.295 -.25 2.8122 -12.265 -.25 2.7372
4 0 -13.84 -.25 2.7072 -13.9 -.25 2.6622 -13.89 -.25 2.6422 -13.855 -.25 2.6722
3 0 -10.2125 -.25 2.7097 -10.25 -.25 2.7522 -10.22 -.25 2.7097
3 0 -10.22 -.25 2.7097 -10.25 -.25 2.7522 -10.2275 -.25 2.7022
4 0 -10.175 -.25 2.7222 -10.2075 -.25 2.7022 -10.2075 -.25 2.6822 -10.185 -.25 2.6772
3 0 -10.7475 -.25 2.7222 -10.765 -.25 2.7272 -10.6 -.25 2.6522
3 0 -12.1125 -.25 2.7222 -11.85 -.25 2.9772 -12.115 -.25 2.7522
4 0 -10.415 -.25 2.7322 -10.5025 -.25 2.5972 -10.4125 -.25 2.6397 -10.41 -.25 2.6747
4 0 -10.415 -.25 2.7322 -10.6 -.25 2.6522 -10.5125 -.25 2.5947 -10.5025 -.25 2.5972
3 0 -10.6325 -.25 2.7322 -10.65 -.25 2.7347 -10.6 -.25 2.6522
4 0 -10.78 -.25 2.7322 -10.9 -.25 2.7022 -10.6 -.25 2.6522 -10.765 -.25 2.7272
3 0 -10.78 -.25 2.7322 -10.7975 -.25 2.7397 -10.9 -.25 2.7022
4 0 -10.65 -.25 2.7347 -10.7275 -.25 2.7297 -10.7375 -.25 2.7222 -10.6 -.25 2.6522
3 0 -10.65 -.25 2.7347 -10.665 -.25 2.7422 -10.7275 -.25 2.7297
3 0 -10.7325 -.25 2.7397 -10.7025 -.25 2.7697 -10.745 -.25 2.7472
3 0 -10.7975 -.25 2.7397 -10.82 -.25 2.7497 -10.9 -.25 2.7022
4 0 -13.435 -.25 2.7397 -13.565 -.25 2.6772 -13.55 -.25 2.6697 -13.435 -.25 2.6742
3 0 -13.435 -.25 2.7397 -13.4425 -.25 2.8047 -13.565 -.25 2.6772
3 0 -10.665 -.25 2.7422 -10.68 -.25 2.7522 -10.7275 -.25 2.7297
3 0 -10.175 -.25 2.7447 -10.1725 -.25 2.7622 -10.25 -.25 2.7522
3 0 -10.745 -.25 2.7472 -10.7025 -.25 2.7697 -10.7575 -.25 2.7522
3 0 -10.82 -.25 2.7497 -10.835 -.25 2.7572 -10.9 -.25 2.7022
4 0 -10.25 -.25 2.7522 -10.3 -.25 2.6022 -10.2525 -.25 2.6472 -10.245 -.25 2.6697
4 0 -10.25 -.25 2.7522 -10.245 -.25 2.6697 -10.235 -.25 2.6872 -10.2275 -.25 2.7022
4 0 -10.25 -.25 2.7522 -10.36 -.25 2.6872 -10.37 -.25 2.6497 -10.3 -.25 2.6022
4 0 -10.25 -.25 2.7522 -10.2125 -.25 2.7097 -10.175 -.25 2.7222 -10.175 -.25 2.7447
4 0 -10.25 -.25 2.7522 -10.355 -.25 2.7297 -10.3625 -.25 2.7072 -10.36 -.25 2.6872
3 0 -10.25 -.25 2.7522 -10.335 -.25 2.7572 -10.355 -.25 2.7297
3 0 -10.25 -.25 2.7522 -10.325 -.25 2.7722 -10.335 -.25 2.7572
3 0 -10.25 -.25 2.7522 -10.3225 -.25 2.7897 -10.325 -.25 2.7722
3 0 -12.115 -.25 2.7522 -11.85 -.25 2.9772 -12.1225 -.25 2.7922
3 0 -12.1575 -.25 2.7522 -12.325 -.25 2.8722 -12.1525 -.25 2.7222
3 0 -13.665 -.25 2.7522 -13.4425 -.25 2.8047 -13.655 -.25 2.7872
4 0 -13.82 -.25 2.7522 -13.9 -.25 2.7222 -13.9 -.25 2.6622 -13.84 -.25 2.7072
3 0 -10.835 -.25 2.7572 -10.855 -.25 2.7672 -10.9 -.25 2.7022
3 0 -10.59 -.25 2.7647 -10.55 -.25 2.8022 -10.5925 -.25 2.7922
3 0 -10.855 -.25 2.7672 -10.87 -.25 2.7747 -10.9 -.25 2.7022
4 0 -10.7025 -.25 2.7697 -10.7325 -.25 2.7397 -10.7275 -.25 2.7297 -10.68 -.25 2.7522
4 0 -10.7025 -.25 2.7697 -10.7975 -.25 2.7697 -10.7775 -.25 2.7597 -10.7575 -.25 2.7522
4 0 -10.7025 -.25 2.7697 -10.7225 -.25 2.7847 -10.7575 -.25 2.8097 -10.83 -.25 2.7897
3 0 -10.87 -.25 2.7747 -10.8825 -.25 2.7822 -10.9 -.25 2.7022
3 0 -10.8825 -.25 2.7822 -10.8975 -.25 2.7922 -10.9 -.25 2.7022
4 0 -10.83 -.25 2.7897 -10.815 -.25 2.7797 -10.7975 -.25 2.7697 -10.7025 -.25 2.7697
3 0 -12.1225 -.25 2.7922 -11.85 -.25 2.9772 -12.1325 -.25 2.8322
3 0 -12.1625 -.25 2.7922 -12.325 -.25 2.8722 -12.1575 -.25 2.7522
4 0 -13.795 -.25 2.7982 -13.89 -.25 2.7522 -13.9 -.25 2.7222 -13.82 -.25 2.7522
4 0 -10.55 -.25 2.8022 -10.59 -.25 2.7647 -10.595 -.25 2.7497 -10.6 -.25 2.6522
3 0 -10.55 -.25 2.8022 -10.6 -.25 2.8247 -10.5925 -.25 2.7922
3 0 -10.55 -.25 2.8022 -10.62 -.25 2.9297 -10.615 -.25 2.8972
4 0 -13.4425 -.25 2.8047 -13.665 -.25 2.7522 -13.685 -.25 2.7022 -13.565 -.25 2.6772
3 0 -13.4425 -.25 2.8047 -13.6515 -.25 2.8312 -13.655 -.25 2.7872
3 0 -10.8575 -.25 2.8072 -10.845 -.25 2.8622 -10.8725 -.25 2.8172
4 0 -10.9275 -.25 2.8122 -10.9 -.25 2.7022 -10.8975 -.25 2.7922 -10.915 -.25 2.8047
3 0 -10.8725 -.25 2.8172 -10.845 -.25 2.8622 -10.8875 -.25 2.8272
4 0 -10.425 -.25 2.8247 -10.55 -.25 2.8022 -10.6 -.25 2.6522 -10.415 -.25 2.7322
3 0 -10.425 -.25 2.8247 -10.4875 -.25 2.8647 -10.49 -.25 2.8547
3 0 -10.425 -.25 2.8247 -10.485 -.25 2.8747 -10.4875 -.25 2.8647
3 0 -10.425 -.25 2.8247 -10.485 -.25 2.8897 -10.485 -.25 2.8747
3 0 -10.425 -.25 2.8247 -10.485 -.25 2.9097 -10.485 -.25 2.8897
3 0 -10.425 -.25 2.8247 -10.485 -.25 2.9247 -10.485 -.25 2.9097
3 0 -13.85 -.25 2.8272 -13.705 -.25 2.8972 -13.805 -.25 2.8922
3 0 -12.1325 -.25 2.8322 -11.85 -.25 2.9772 -12.15 -.25 2.8747
3 0 -10.905 -.25 2.8372 -11.15 -.25 2.9022 -10.925 -.25 2.8397
3 0 -10.94 -.25 2.8372 -11.15 -.25 2.9022 -10.9375 -.25 2.8197
3 0 -10.925 -.25 2.8397 -11.15 -.25 2.9022 -10.94 -.25 2.8372
3 0 -10.4975 -.25 2.8497 -10.5075 -.25 2.8547 -10.55 -.25 2.8022
4 0 -10.15 -.25 2.8522 -10.25 -.25 2.7522 -10.1725 -.25 2.7622 -10.165 -.25 2.7847
4 0 -10.15 -.25 2.8522 -10.165 -.25 2.7847 -10.15 -.25 2.8147 -10.1375 -.25 2.8422
3 0 -10.15 -.25 2.8522 -10.16 -.25 2.9072 -10.1675 -.25 2.9047
3 0 -13.65 -.25 2.8522 -13.46 -.25 2.8872 -13.655 -.25 2.8872
4 0 -13.75 -.25 2.8522 -13.87 -.25 2.7922 -13.89 -.25 2.7522 -13.795 -.25 2.7982
4 0 -10.49 -.25 2.8547 -10.4975 -.25 2.8497 -10.55 -.25 2.8022 -10.425 -.25 2.8247
3 0 -10.5075 -.25 2.8547 -10.51 -.25 2.8647 -10.55 -.25 2.8022
4 0 -10.845 -.25 2.8622 -10.83 -.25 2.7897 -10.7575 -.25 2.8097 -10.7975 -.25 2.8347
4 0 -10.845 -.25 2.8622 -10.8575 -.25 2.8072 -10.8425 -.25 2.7972 -10.83 -.25 2.7897
3 0 -10.51 -.25 2.8647 -10.5113 -.25 2.8772 -10.55 -.25 2.8022
4 0 -12.325 -.25 2.8722 -12.1625 -.25 2.7922 -12.175 -.25 2.8247 -12.19 -.25 2.8597
4 0 -12.325 -.25 2.8722 -12.295 -.25 2.8122 -12.1475 -.25 2.7022 -12.1525 -.25 2.7222
3 0 -12.325 -.25 2.8722 -12.4275 -.25 3.1672 -12.5 -.25 3.1522
3 0 -12.15 -.25 2.8747 -11.85 -.25 2.9772 -12.1725 -.25 2.9172
4 0 -10.885 -.25 2.8847 -10.905 -.25 2.8372 -10.8875 -.25 2.8272 -10.845 -.25 2.8622
3 0 -10.885 -.25 2.8847 -10.93 -.25 2.9122 -10.905 -.25 2.8372
4 0 -13.46 -.25 2.8872 -13.65 -.25 2.8522 -13.6515 -.25 2.8312 -13.4425 -.25 2.8047
4 0 -10.32 -.25 2.8897 -10.3275 -.25 2.8147 -10.3225 -.25 2.7897 -10.25 -.25 2.7522
4 0 -10.32 -.25 2.8897 -10.3575 -.25 2.8622 -10.345 -.25 2.8372 -10.3275 -.25 2.8147
4 0 -10.615 -.25 2.8972 -10.61 -.25 2.8597 -10.6 -.25 2.8247 -10.55 -.25 2.8022
4 0 -13.705 -.25 2.8972 -13.85 -.25 2.8272 -13.87 -.25 2.7922 -13.75 -.25 2.8522
4 0 -11.15 -.25 2.9022 -11.65 -.25 2.4022 -11.3875 -.25 2.2322 -11.075 -.25 2.6272
4 0 -11.15 -.25 2.9022 -10.9 -.25 2.7022 -10.9275 -.25 2.8122 -10.9375 -.25 2.8197
3 0 -11.15 -.25 2.9022 -11.355 -.25 3.1022 -11.37 -.25 3.1022
3 0 -11.15 -.25 2.9022 -11.355 -.25 3.1172 -11.355 -.25 3.1022
3 0 -11.15 -.25 2.9022 -11.3675 -.25 3.1472 -11.355 -.25 3.1172
4 0 -10.16 -.25 2.9072 -10.15 -.25 2.8522 -10.1375 -.25 2.8422 -10.13 -.25 2.8597
4 0 -10.355 -.25 2.9072 -10.36 -.25 2.8847 -10.3575 -.25 2.8622 -10.32 -.25 2.8897
4 0 -10.515 -.25 2.9122 -10.55 -.25 2.8022 -10.5113 -.25 2.8772 -10.5125 -.25 2.8947
3 0 -10.515 -.25 2.9122 -10.515 -.25 2.9297 -10.55 -.25 2.8022
3 0 -10.93 -.25 2.9122 -10.975 -.25 2.9422 -10.905 -.25 2.8372
3 0 -13.67 -.25 2.9122 -13.485 -.25 2.9747 -13.69 -.25 2.9122
4 0 -10.1525 -.25 2.9147 -10.16 -.25 2.9072 -10.13 -.25 2.8597 -10.125 -.25 2.8797
3 0 -12.1725 -.25 2.9172 -11.85 -.25 2.9772 -12.195 -.25 2.9572
3 0 -10.1775 -.25 2.9222 -10.25 -.25 2.9522 -10.175 -.25 2.9122
4 0 -10.1475 -.25 2.9272 -10.1525 -.25 2.9147 -10.125 -.25 2.8797 -10.12 -.25 2.8997
3 0 -10.62 -.25 2.9297 -10.6 -.25 3.0522 -10.6225 -.25 3.0047
4 0 -12.23 -.25 2.9347 -12.325 -.25 2.8722 -12.19 -.25 2.8597 -12.2075 -.25 2.8947
3 0 -10.1775 -.25 2.9372 -10.25 -.25 2.9522 -10.1775 -.25 2.9222
3 0 -10.1775 -.25 2.9372 -10.1725 -.25 2.9547 -10.25 -.25 2.9522
4 0 -10.485 -.25 2.9422 -10.485 -.25 2.9247 -10.425 -.25 2.8247 -10.445 -.25 2.9272
4 0 -10.11 -.25 2.9472 -10.1475 -.25 2.9272 -10.12 -.25 2.8997 -10.115 -.25 2.9222
4 0 -10.33 -.25 2.9472 -10.345 -.25 2.9247 -10.355 -.25 2.9072 -10.32 -.25 2.8897
4 0 -10.25 -.25 2.9522 -10.15 -.25 2.8522 -10.1675 -.25 2.9047 -10.175 -.25 2.9122
4 0 -10.25 -.25 2.9522 -10.32 -.25 2.8897 -10.25 -.25 2.7522 -10.15 -.25 2.8522
4 0 -10.985 -.25 2.9522 -11.15 -.25 2.9022 -10.905 -.25 2.8372 -10.975 -.25 2.9422
3 0 -10.985 -.25 2.9522 -10.995 -.25 2.9672 -11.15 -.25 2.9022
4 0 -13.78 -.25 2.9522 -13.805 -.25 2.8922 -13.705 -.25 2.8972 -13.69 -.25 2.9122
3 0 -10.1725 -.25 2.9547 -10.1675 -.25 2.9672 -10.25 -.25 2.9522
3 0 -10.4875 -.25 2.9622 -10.455 -.25 2.9947 -10.49 -.25 2.9772
4 0 -10.52 -.25 2.9647 -10.55 -.25 2.8022 -10.515 -.25 2.9297 -10.5175 -.25 2.9497
3 0 -10.1675 -.25 2.9672 -10.16 -.25 2.9722 -10.25 -.25 2.9522
4 0 -10.3125 -.25 2.9672 -10.33 -.25 2.9472 -10.32 -.25 2.8897 -10.25 -.25 2.9522
4 0 -10.1075 -.25 2.9722 -10.145 -.25 2.9422 -10.1475 -.25 2.9272 -10.11 -.25 2.9472
4 0 -13.485 -.25 2.9747 -13.67 -.25 2.9122 -13.655 -.25 2.8872 -13.46 -.25 2.8872
3 0 -11.85 -.25 2.9772 -12.2175 -.25 2.9922 -12.195 -.25 2.9572
3 0 -11.85 -.25 2.9772 -12.2425 -.25 3.0247 -12.2175 -.25 2.9922
4 0 -10.1075 -.25 2.9922 -10.1475 -.25 2.9597 -10.145 -.25 2.9422 -10.1075 -.25 2.9722
4 0 -10.455 -.25 2.9947 -10.4875 -.25 2.9622 -10.485 -.25 2.9422 -10.445 -.25 2.9272
3 0 -12.415 -.25 2.9972 -12.5 -.25 3.1522 -12.4725 -.25 3.0622
3 0 -10.6225 -.25 3.0047 -10.6 -.25 3.0522 -10.625 -.25 3.0522
4 0 -12.28 -.25 3.0097 -12.325 -.25 2.8722 -12.23 -.25 2.9347 -12.255 -.25 2.9772
4 0 -10.225 -.25 3.0122 -10.2725 -.25 2.9897 -10.3125 -.25 2.9672 -10.25 -.25 2.9522
3 0 -10.5 -.25 3.0122 -10.4675 -.25 3.0872 -10.5075 -.25 3.0297
3 0 -10.5325 -.25 3.0147 -10.6 -.25 3.0522 -10.5275 -.25 2.9972
4 0 -11.05 -.25 3.0222 -11.15 -.25 2.9022 -10.995 -.25 2.9672 -11.015 -.25 2.9922
3 0 -10.5075 -.25 3.0297 -10.5 -.25 3.1022 -10.515 -.25 3.0447
3 0 -10.535 -.25 3.0297 -10.6 -.25 3.0522 -10.5325 -.25 3.0147
4 0 -10.46 -.25 3.0322 -10.495 -.25 2.9947 -10.49 -.25 2.9772 -10.455 -.25 2.9947
4 0 -10.11 -.25 3.0347 -10.1475 -.25 2.9597 -10.1075 -.25 2.9922 -10.1075 -.25 3.0172
4 0 -10.165 -.25 3.0372 -10.225 -.25 3.0122 -10.25 -.25 2.9522 -10.16 -.25 2.9722
4 0 -10.1175 -.25 3.0422 -10.1525 -.25 2.9697 -10.1475 -.25 2.9597 -10.11 -.25 3.0347
4 0 -10.1275 -.25 3.0422 -10.16 -.25 2.9722 -10.1525 -.25 2.9697 -10.1175 -.25 3.0422
4 0 -10.1475 -.25 3.0422 -10.165 -.25 3.0372 -10.16 -.25 2.9722 -10.1275 -.25 3.0422
4 0 -10.6 -.25 3.0522 -10.62 -.25 2.9297 -10.55 -.25 2.8022 -10.52 -.25 2.9647
4 0 -10.6 -.25 3.0522 -10.52 -.25 2.9647 -10.5225 -.25 2.9797 -10.5275 -.25 2.9972
3 0 -10.625 -.25 3.0522 -10.6 -.25 3.1022 -10.6325 -.25 3.1022
4 0 -13.5 -.25 3.0522 -13.78 -.25 2.9522 -13.69 -.25 2.9122 -13.485 -.25 2.9747
4 0 -10.54 -.25 3.0622 -10.6 -.25 3.0522 -10.535 -.25 3.0297 -10.5375 -.25 3.0472
3 0 -10.54 -.25 3.0622 -10.535 -.25 3.0722 -10.6 -.25 3.0522
4 0 -11.135 -.25 3.0622 -11.15 -.25 2.9022 -11.05 -.25 3.0222 -11.085 -.25 3.0422
3 0 -12.275 -.25 3.0622 -12.2 -.25 3.4022 -12.3025 -.25 3.0872
3 0 -12.4725 -.25 3.0622 -12.5 -.25 3.1522 -12.525 -.25 3.1172
3 0 -10.5275 -.25 3.0672 -10.5 -.25 3.1022 -10.535 -.25 3.0722
3 0 -10.535 -.25 3.0722 -10.5 -.25 3.1022 -10.6 -.25 3.0522
4 0 -12.3325 -.25 3.0722 -12.325 -.25 2.8722 -12.28 -.25 3.0097 -12.305 -.25 3.0422
3 0 -12.3325 -.25 3.0722 -12.3475 -.25 3.0872 -12.325 -.25 2.8722
4 0 -11.1875 -.25 3.0747 -11.15 -.25 2.9022 -11.135 -.25 3.0622 -11.1625 -.25 3.0697
3 0 -11.1875 -.25 3.0747 -11.205 -.25 3.0872 -11.15 -.25 2.9022
4 0 -10.4675 -.25 3.0872 -10.5 -.25 3.0122 -10.495 -.25 2.9947 -10.46 -.25 3.0322
3 0 -11.205 -.25 3.0872 -11.2175 -.25 3.1047 -11.15 -.25 2.9022
3 0 -12.3025 -.25 3.0872 -12.2 -.25 3.4022 -12.3275 -.25 3.1097
4 0 -10.5 -.25 3.1022 -10.5275 -.25 3.0672 -10.525 -.25 3.0597 -10.515 -.25 3.0447
4 0 -10.5 -.25 3.1022 -10.6 -.25 3.1022 -10.625 -.25 3.0522 -10.6 -.25 3.0522
3 0 -10.6 -.25 3.1022 -10.655 -.25 3.1522 -10.6325 -.25 3.1022
4 0 -11.37 -.25 3.1022 -11.85 -.25 2.9772 -12.2 -.25 2.4022 -11.15 -.25 2.9022
3 0 -11.37 -.25 3.1022 -11.395 -.25 3.1222 -11.85 -.25 2.9772
3 0 -11.2175 -.25 3.1047 -11.2475 -.25 3.1522 -11.15 -.25 2.9022
3 0 -12.3275 -.25 3.1097 -12.2 -.25 3.4022 -12.345 -.25 3.1247
4 0 -10.47 -.25 3.1197 -10.5 -.25 3.1022 -10.5075 -.25 3.0297 -10.4675 -.25 3.0872
4 0 -12.3825 -.25 3.1222 -12.325 -.25 2.8722 -12.3475 -.25 3.0872 -12.365 -.25 3.1072
3 0 -12.3825 -.25 3.1222 -12.405 -.25 3.1422 -12.325 -.25 2.8722
3 0 -12.345 -.25 3.1247 -12.2 -.25 3.4022 -12.37 -.25 3.1422
4 0 -13.515 -.25 3.1297 -13.765 -.25 3.0272 -13.78 -.25 2.9522 -13.5 -.25 3.0522
3 0 -12.37 -.25 3.1422 -12.2 -.25 3.4022 -12.39 -.25 3.1547
4 0 -12.5 -.25 3.1522 -12.415 -.25 2.9972 -12.365 -.25 2.9272 -12.325 -.25 2.8722
3 0 -12.5 -.25 3.1522 -12.605 -.25 3.1722 -12.525 -.25 3.1172
3 0 -12.39 -.25 3.1547 -12.2 -.25 3.4022 -12.4075 -.25 3.1647
3 0 -12.4075 -.25 3.1647 -12.2 -.25 3.4022 -12.4175 -.25 3.1697
4 0 -12.4275 -.25 3.1672 -12.325 -.25 2.8722 -12.405 -.25 3.1422 -12.4175 -.25 3.1572
3 0 -12.4175 -.25 3.1697 -12.2 -.25 3.4022 -12.4275 -.25 3.1672
4 0 -11.455 -.25 3.1897 -11.85 -.25 2.9772 -11.395 -.25 3.1222 -11.42 -.25 3.1522
3 0 -11.455 -.25 3.1897 -11.5 -.25 3.2397 -11.85 -.25 2.9772
4 0 -10.4875 -.25 3.1947 -10.5 -.25 3.1022 -10.47 -.25 3.1197 -10.4775 -.25 3.1672
4 0 -13.521 -.25 3.2042 -13.76 -.25 3.1272 -13.765 -.25 3.0272 -13.515 -.25 3.1297
3 0 -13.521 -.25 3.2042 -13.615 -.25 3.2322 -13.62 -.25 3.2222
4 0 -13.62 -.25 3.2222 -13.765 -.25 3.2022 -13.76 -.25 3.1272 -13.521 -.25 3.2042
3 0 -13.62 -.25 3.2222 -13.63 -.25 3.2322 -13.765 -.25 3.2022
4 0 -10.6875 -.25 3.2247 -10.655 -.25 3.1522 -10.6 -.25 3.1022 -10.5 -.25 3.1022
3 0 -11.5 -.25 3.2397 -11.545 -.25 3.2922 -11.85 -.25 2.9772
4 0 -13.615 -.25 3.2522 -13.615 -.25 3.2322 -13.521 -.25 3.2042 -13.5225 -.25 3.2422
3 0 -10.695 -.25 3.2672 -10.65 -.25 3.3522 -10.695 -.25 3.2922
3 0 -11.4625 -.25 3.2772 -11.46 -.25 3.3722 -11.5 -.25 3.3222
4 0 -13.6425 -.25 3.2772 -13.765 -.25 3.2022 -13.63 -.25 3.2322 -13.635 -.25 3.2522
3 0 -11.34 -.25 3.2872 -11.46 -.25 3.3722 -11.2975 -.25 3.2247
3 0 -10.695 -.25 3.2922 -10.65 -.25 3.3522 -10.695 -.25 3.3147
4 0 -13.525 -.25 3.2972 -13.6175 -.25 3.2722 -13.615 -.25 3.2522 -13.5225 -.25 3.2422
4 0 -12.775 -.25 3.3072 -12.695 -.25 3.2397 -12.605 -.25 3.1722 -12.5 -.25 3.1522
3 0 -12.775 -.25 3.3072 -12.9 -.25 3.7022 -12.845 -.25 3.3772
3 0 -13.6475 -.25 3.3112 -13.655 -.25 3.3472 -13.7785 -.25 3.3237
3 0 -10.695 -.25 3.3147 -10.65 -.25 3.3522 -10.7 -.25 3.3297
3 0 -11.5 -.25 3.3222 -11.46 -.25 3.3722 -11.54 -.25 3.3672
4 0 -13.7785 -.25 3.3237 -13.765 -.25 3.2022 -13.6425 -.25 3.2772 -13.6475 -.25 3.3112
3 0 -10.7 -.25 3.3297 -10.65 -.25 3.3522 -10.71 -.25 3.3397
4 0 -10.535 -.25 3.3522 -10.55 -.25 3.3522 -10.5025 -.25 3.3072 -10.5125 -.25 3.3297
3 0 -10.535 -.25 3.3522 -10.5525 -.25 3.3772 -10.55 -.25 3.3522
4 0 -10.55 -.25 3.3522 -10.5 -.25 3.1022 -10.4875 -.25 3.1947 -10.4925 -.25 3.2422
4 0 -10.55 -.25 3.3522 -10.4925 -.25 3.2422 -10.4925 -.25 3.2772 -10.5025 -.25 3.3072
4 0 -10.55 -.25 3.3522 -10.65 -.25 3.3522 -10.6875 -.25 3.2247 -10.5 -.25 3.1022
4 0 -10.65 -.25 3.3522 -10.695 -.25 3.2672 -10.6925 -.25 3.2447 -10.6875 -.25 3.2247
3 0 -10.65 -.25 3.3522 -10.73 -.25 3.3547 -10.71 -.25 3.3397
3 0 -10.73 -.25 3.3547 -10.8 -.25 3.4022 -10.7575 -.25 3.3647
4 0 -13.525 -.25 3.3572 -13.6175 -.25 3.3037 -13.6175 -.25 3.2722 -13.525 -.25 3.2972
4 0 -11.46 -.25 3.3722 -11.15 -.25 2.9022 -11.2475 -.25 3.1522 -11.2975 -.25 3.2247
4 0 -11.46 -.25 3.3722 -11.39 -.25 3.1822 -11.3675 -.25 3.1472 -11.15 -.25 2.9022
4 0 -11.46 -.25 3.3722 -11.4625 -.25 3.2772 -11.425 -.25 3.2272 -11.39 -.25 3.1822
3 0 -11.46 -.25 3.3722 -11.58 -.25 3.4072 -11.54 -.25 3.3672
3 0 -11.46 -.25 3.3722 -11.6225 -.25 3.4497 -11.58 -.25 3.4072
4 0 -13.6175 -.25 3.3797 -13.62 -.25 3.3372 -13.6175 -.25 3.3037 -13.525 -.25 3.3572
4 0 -11.635 -.25 3.3872 -11.85 -.25 2.9772 -11.545 -.25 3.2922 -11.59 -.25 3.3422
4 0 -10.8 -.25 3.4022 -10.73 -.25 3.3547 -10.65 -.25 3.3522 -10.55 -.25 3.3522
4 0 -10.8 -.25 3.4022 -10.8125 -.25 3.3872 -10.79 -.25 3.3722 -10.7575 -.25 3.3647
4 0 -12.2 -.25 3.4022 -12.275 -.25 3.0622 -12.2425 -.25 3.0247 -11.85 -.25 2.9772
4 0 -12.2 -.25 3.4022 -12.5 -.25 3.4022 -12.5 -.25 3.1522 -12.4275 -.25 3.1672
3 0 -12.2 -.25 3.4022 -12.365 -.25 3.4772 -12.38 -.25 3.4697
3 0 -12.2 -.25 3.4022 -12.345 -.25 3.4897 -12.365 -.25 3.4772
3 0 -12.2 -.25 3.4022 -12.33 -.25 3.5072 -12.345 -.25 3.4897
3 0 -12.2 -.25 3.4022 -12.315 -.25 3.5272 -12.33 -.25 3.5072
3 0 -12.2 -.25 3.4022 -12.305 -.25 3.5497 -12.315 -.25 3.5272
3 0 -12.2 -.25 3.4022 -12.3 -.25 3.5672 -12.305 -.25 3.5497
3 0 -12.5 -.25 3.4022 -12.4 -.25 3.4647 -12.42 -.25 3.4647
4 0 -13.787 -.25 3.4107 -13.7785 -.25 3.3237 -13.655 -.25 3.3472 -13.6575 -.25 3.4022
4 0 -10.8325 -.25 3.4172 -10.8225 -.25 3.3997 -10.8125 -.25 3.3872 -10.8 -.25 3.4022
4 0 -11.67 -.25 3.4222 -12.2 -.25 3.4022 -11.85 -.25 2.9772 -11.635 -.25 3.3872
4 0 -13.6175 -.25 3.4297 -13.6175 -.25 3.3797 -13.525 -.25 3.3572 -13.5175 -.25 3.4222
3 0 -12.42 -.25 3.4647 -12.435 -.25 3.4722 -12.5 -.25 3.4022
4 0 -12.38 -.25 3.4697 -12.4 -.25 3.4647 -12.5 -.25 3.4022 -12.2 -.25 3.4022
4 0 -13.7885 -.25 3.4707 -13.787 -.25 3.4107 -13.6575 -.25 3.4022 -13.6575 -.25 3.4522
4 0 -10.845 -.25 3.4722 -10.84 -.25 3.4397 -10.8325 -.25 3.4172 -10.8 -.25 3.4022
3 0 -12.435 -.25 3.4722 -12.435 -.25 3.4847 -12.5 -.25 3.4022
3 0 -11.665 -.25 3.4847 -11.7625 -.25 3.6972 -11.705 -.25 3.5172
4 0 -13.5075 -.25 3.4872 -13.61 -.25 3.4722 -13.6175 -.25 3.4297 -13.5175 -.25 3.4222
3 0 -12.425 -.25 3.4947 -12.5 -.25 3.7022 -12.435 -.25 3.4847
4 0 -11.5325 -.25 3.4972 -11.46 -.25 3.3722 -11.34 -.25 3.2872 -11.4325 -.25 3.4022
4 0 -11.7425 -.25 3.4972 -12.2 -.25 3.4022 -11.67 -.25 3.4222 -11.705 -.25 3.4597
4 0 -10.65 -.25 3.5022 -10.55 -.25 3.3522 -10.5525 -.25 3.3772 -10.5775 -.25 3.4247
3 0 -10.65 -.25 3.5022 -10.7 -.25 3.5597 -10.7075 -.25 3.5597
3 0 -10.65 -.25 3.5022 -10.7 -.25 3.5672 -10.7 -.25 3.5597
3 0 -12.405 -.25 3.5047 -12.5 -.25 3.7022 -12.425 -.25 3.4947
4 0 -13.495 -.25 3.5272 -13.6 -.25 3.5222 -13.61 -.25 3.4722 -13.5075 -.25 3.4872
4 0 -13.782 -.25 3.5407 -13.7885 -.25 3.4707 -13.6575 -.25 3.4522 -13.655 -.25 3.4972
4 0 -10.6375 -.25 3.5497 -10.65 -.25 3.5022 -10.5775 -.25 3.4247 -10.6125 -.25 3.5022
4 0 -11.8075 -.25 3.5572 -12.2 -.25 3.4022 -11.7425 -.25 3.4972 -11.77 -.25 3.5247
3 0 -10.7075 -.25 3.5597 -10.715 -.25 3.5635 -10.65 -.25 3.5022
3 0 -10.715 -.25 3.5635 -10.725 -.25 3.5697 -10.65 -.25 3.5022
4 0 -13.5775 -.25 3.5747 -13.6 -.25 3.5222 -13.495 -.25 3.5272 -13.4775 -.25 3.5672
4 0 -10.7025 -.25 3.5772 -10.7 -.25 3.5672 -10.65 -.25 3.5022 -10.6375 -.25 3.5497
3 0 -11.79 -.25 3.5822 -11.7625 -.25 3.6972 -11.8175 -.25 3.6022
3 0 -10.7475 -.25 3.5872 -10.8 -.25 3.6022 -10.7375 -.25 3.5772
3 0 -10.7475 -.25 3.5872 -10.7575 -.25 3.6047 -10.8 -.25 3.6022
4 0 -10.7075 -.25 3.5897 -10.7025 -.25 3.5772 -10.6375 -.25 3.5497 -10.6525 -.25 3.5772
3 0 -12.3 -.25 3.5947 -12.2 -.25 3.7022 -12.31 -.25 3.6172
3 0 -12.3325 -.25 3.5972 -12.5 -.25 3.7022 -12.34 -.25 3.5672
4 0 -13.772 -.25 3.5987 -13.782 -.25 3.5407 -13.655 -.25 3.4972 -13.64 -.25 3.5497
4 0 -11.8475 -.25 3.5997 -12.2 -.25 3.4022 -11.8075 -.25 3.5572 -11.83 -.25 3.5822
3 0 -11.8475 -.25 3.5997 -11.8575 -.25 3.6122 -12.2 -.25 3.4022
4 0 -10.8 -.25 3.6022 -10.8 -.25 3.4022 -10.55 -.25 3.3522 -10.65 -.25 3.5022
4 0 -10.8 -.25 3.6022 -10.65 -.25 3.5022 -10.725 -.25 3.5697 -10.7375 -.25 3.5772
4 0 -10.8 -.25 3.6022 -10.8475 -.25 3.5147 -10.845 -.25 3.4722 -10.8 -.25 3.4022
4 0 -10.8 -.25 3.6022 -10.8375 -.25 3.6022 -10.845 -.25 3.5597 -10.8475 -.25 3.5147
3 0 -11.8175 -.25 3.6022 -11.7625 -.25 3.6972 -11.835 -.25 3.6122
3 0 -10.7575 -.25 3.6047 -10.7575 -.25 3.6147 -10.8 -.25 3.6022
4 0 -10.6725 -.25 3.6072 -10.715 -.25 3.6022 -10.7075 -.25 3.5897 -10.6525 -.25 3.5772
3 0 -11.835 -.25 3.6122 -11.7625 -.25 3.6972 -11.8475 -.25 3.6172
3 0 -12.3225 -.25 3.6197 -12.5 -.25 3.7022 -12.3325 -.25 3.5972
4 0 -10.6925 -.25 3.6347 -10.7225 -.25 3.6147 -10.715 -.25 3.6022 -10.6725 -.25 3.6072
4 0 -13.545 -.25 3.6347 -13.5775 -.25 3.5747 -13.4775 -.25 3.5672 -13.45 -.25 3.6122
4 0 -10.825 -.25 3.6447 -10.8325 -.25 3.6247 -10.8375 -.25 3.6022 -10.8 -.25 3.6022
4 0 -13.75 -.25 3.6572 -13.772 -.25 3.5987 -13.64 -.25 3.5497 -13.625 -.25 3.6022
4 0 -10.715 -.25 3.6647 -10.735 -.25 3.6222 -10.7225 -.25 3.6147 -10.6925 -.25 3.6347
4 0 -13.515 -.25 3.6722 -13.545 -.25 3.6347 -13.45 -.25 3.6122 -13.43 -.25 3.6397
4 0 -10.7925 -.25 3.6847 -10.81 -.25 3.6697 -10.825 -.25 3.6447 -10.8 -.25 3.6022
4 0 -10.7375 -.25 3.6872 -10.745 -.25 3.6222 -10.735 -.25 3.6222 -10.715 -.25 3.6647
3 0 -10.7375 -.25 3.6872 -10.755 -.25 3.6947 -10.745 -.25 3.6222
4 0 -10.755 -.25 3.6947 -10.8 -.25 3.6022 -10.7575 -.25 3.6147 -10.745 -.25 3.6222
4 0 -10.775 -.25 3.6947 -10.7925 -.25 3.6847 -10.8 -.25 3.6022 -10.755 -.25 3.6947
4 0 -11.7625 -.25 3.6972 -11.46 -.25 3.3722 -11.5325 -.25 3.4972 -11.6175 -.25 3.5772
4 0 -11.7625 -.25 3.6972 -11.665 -.25 3.4847 -11.6225 -.25 3.4497 -11.46 -.25 3.3722
4 0 -11.7625 -.25 3.6972 -11.79 -.25 3.5822 -11.745 -.25 3.5472 -11.705 -.25 3.5172
4 0 -12.2 -.25 3.7022 -12.2 -.25 3.4022 -11.8575 -.25 3.6122 -11.86 -.25 3.6197
4 0 -12.2 -.25 3.7022 -12.3 -.25 3.5947 -12.3 -.25 3.5672 -12.2 -.25 3.4022
4 0 -12.2 -.25 3.7022 -11.86 -.25 3.6197 -11.8475 -.25 3.6172 -11.7625 -.25 3.6972
4 0 -12.2 -.25 3.7022 -12.5 -.25 3.7022 -12.3225 -.25 3.6197 -12.31 -.25 3.6172
3 0 -12.2 -.25 3.7022 -12.3 -.25 3.8072 -12.31 -.25 3.7847
4 0 -12.5 -.25 3.7022 -12.405 -.25 3.5047 -12.39 -.25 3.5122 -12.365 -.25 3.5297
4 0 -12.5 -.25 3.7022 -12.365 -.25 3.5297 -12.3525 -.25 3.5447 -12.34 -.25 3.5672
4 0 -12.5 -.25 3.7022 -12.9 -.25 3.7022 -12.5 -.25 3.4022 -12.435 -.25 3.4847
4 0 -12.9 -.25 3.7022 -12.775 -.25 3.3072 -12.5 -.25 3.1522 -12.5 -.25 3.4022
4 0 -12.9 -.25 3.7022 -12.9925 -.25 3.5647 -12.9325 -.25 3.4822 -12.845 -.25 3.3772
4 0 -13.485 -.25 3.7022 -13.515 -.25 3.6722 -13.43 -.25 3.6397 -13.41 -.25 3.6622
4 0 -13.06 -.25 3.7097 -13.04 -.25 3.6547 -12.9925 -.25 3.5647 -12.9 -.25 3.7022
4 0 -13.7125 -.25 3.7222 -13.75 -.25 3.6572 -13.625 -.25 3.6022 -13.605 -.25 3.6372
4 0 -13.45 -.25 3.7372 -13.485 -.25 3.7022 -13.41 -.25 3.6622 -13.37 -.25 3.7022
4 0 -11.835 -.25 3.7522 -12.2 -.25 3.7022 -11.7625 -.25 3.6972 -11.7975 -.25 3.7247
3 0 -13.29 -.25 3.7597 -13.235 -.25 3.7847 -13.415 -.25 3.7822
4 0 -13.43 -.25 3.7622 -13.45 -.25 3.7372 -13.37 -.25 3.7022 -13.33 -.25 3.7372
4 0 -13.6775 -.25 3.7747 -13.7125 -.25 3.7222 -13.605 -.25 3.6372 -13.58 -.25 3.6747
4 0 -13.415 -.25 3.7822 -13.43 -.25 3.7622 -13.33 -.25 3.7372 -13.29 -.25 3.7597
4 0 -12.31 -.25 3.7847 -12.325 -.25 3.7847 -12.5 -.25 3.7022 -12.2 -.25 3.7022
3 0 -12.325 -.25 3.7847 -12.33 -.25 3.8022 -12.5 -.25 3.7022
4 0 -11.89 -.25 3.7897 -12.2 -.25 3.7022 -11.835 -.25 3.7522 -11.86 -.25 3.7697
3 0 -11.89 -.25 3.7897 -11.93 -.25 3.8172 -12.2 -.25 3.7022
3 0 -13.18 -.25 3.8072 -13.2 -.25 3.9522 -13.235 -.25 3.7847
4 0 -13.085 -.25 3.8122 -13.075 -.25 3.7672 -13.06 -.25 3.7097 -12.9 -.25 3.7022
3 0 -13.085 -.25 3.8122 -13.2 -.25 3.9522 -13.18 -.25 3.8072
3 0 -11.93 -.25 3.8172 -11.9675 -.25 3.8447 -12.2 -.25 3.7022
3 0 -11.755 -.25 3.8272 -11.755 -.25 3.8522 -11.8 -.25 3.8522
4 0 -13.625 -.25 3.8297 -13.6775 -.25 3.7747 -13.58 -.25 3.6747 -13.545 -.25 3.7147
4 0 -11.8 -.25 3.8522 -11.7625 -.25 3.7647 -11.7575 -.25 3.8022 -11.755 -.25 3.8272
4 0 -11.8 -.25 3.8522 -11.7975 -.25 3.7797 -11.7775 -.25 3.7697 -11.7625 -.25 3.7647
4 0 -11.8 -.25 3.8522 -11.8375 -.25 3.8047 -11.82 -.25 3.7922 -11.7975 -.25 3.7797
4 0 -11.8 -.25 3.8522 -11.89 -.25 3.8397 -11.865 -.25 3.8222 -11.8375 -.25 3.8047
3 0 -11.8 -.25 3.8522 -11.915 -.25 3.8572 -11.89 -.25 3.8397
3 0 -11.8 -.25 3.8522 -11.995 -.25 3.9222 -11.97 -.25 3.9022
4 0 -13.55 -.25 3.8797 -13.625 -.25 3.8297 -13.545 -.25 3.7147 -13.5075 -.25 3.7497
4 0 -12.035 -.25 3.8947 -12.2 -.25 3.7022 -11.9675 -.25 3.8447 -12.0075 -.25 3.8747
3 0 -12.035 -.25 3.8947 -12.0575 -.25 3.9147 -12.2 -.25 3.7022
3 0 -12.965 -.25 3.8972 -12.9825 -.25 3.9022 -12.9 -.25 3.7022
3 0 -12.965 -.25 3.8972 -12.5 -.25 3.9522 -12.9525 -.25 3.9072
4 0 -11.97 -.25 3.9022 -11.9375 -.25 3.8747 -11.915 -.25 3.8572 -11.8 -.25 3.8522
4 0 -12.27 -.25 3.9022 -12.29 -.25 3.8522 -12.3 -.25 3.8072 -12.2 -.25 3.7022
3 0 -12.9825 -.25 3.9022 -13.1 -.25 3.9522 -12.9 -.25 3.7022
3 0 -12.9525 -.25 3.9072 -12.5 -.25 3.9522 -12.945 -.25 3.9222
4 0 -13.485 -.25 3.9097 -13.55 -.25 3.8797 -13.5075 -.25 3.7497 -13.475 -.25 3.7722
3 0 -12.0575 -.25 3.9147 -12.08 -.25 3.9397 -12.2 -.25 3.7022
3 0 -12.945 -.25 3.9222 -12.5 -.25 3.9522 -12.945 -.25 3.9472
3 0 -12.99 -.25 3.9222 -13.1 -.25 3.9522 -12.9825 -.25 3.9022
4 0 -13.455 -.25 3.9222 -13.485 -.25 3.9097 -13.475 -.25 3.7722 -13.455 -.25 3.7872
4 0 -13.429 -.25 3.9282 -13.455 -.25 3.9222 -13.455 -.25 3.7872 -13.435 -.25 3.8022
4 0 -11.7575 -.25 3.9322 -11.8 -.25 3.8522 -11.755 -.25 3.8522 -11.755 -.25 3.9022
3 0 -12.08 -.25 3.9397 -12.0925 -.25 3.9547 -12.2 -.25 3.7022
3 0 -12.995 -.25 3.9422 -13.1 -.25 3.9522 -12.99 -.25 3.9222
3 0 -12.995 -.25 3.9422 -12.995 -.25 3.9672 -13.1 -.25 3.9522
3 0 -12.3 -.25 3.9447 -12.5 -.25 3.9522 -12.32 -.25 3.8872
3 0 -12.3 -.25 3.9447 -12.26 -.25 4.0172 -12.5 -.25 3.9522
4 0 -12.5 -.25 3.9522 -12.5 -.25 3.7022 -12.33 -.25 3.8022 -12.32 -.25 3.8872
4 0 -12.5 -.25 3.9522 -12.965 -.25 3.8972 -12.9 -.25 3.7022 -12.5 -.25 3.7022
3 0 -12.5 -.25 3.9522 -12.9475 -.25 3.9772 -12.945 -.25 3.9472
3 0 -12.5 -.25 3.9522 -12.95 -.25 4.0072 -12.9475 -.25 3.9772
3 0 -12.5 -.25 3.9522 -12.93 -.25 4.0772 -12.935 -.25 4.0572
3 0 -12.5 -.25 3.9522 -12.935 -.25 4.0897 -12.93 -.25 4.0772
3 0 -12.5 -.25 3.9522 -13.005 -.25 4.1722 -12.95 -.25 4.0922
4 0 -13.1 -.25 3.9522 -13.2 -.25 3.9522 -13.085 -.25 3.8122 -12.9 -.25 3.7022
3 0 -13.1 -.25 3.9522 -13.085 -.25 4.0122 -13.1 -.25 4.0042
4 0 -13.2 -.25 3.9522 -13.4175 -.25 3.7972 -13.415 -.25 3.7822 -13.235 -.25 3.7847
4 0 -13.2 -.25 3.9522 -13.429 -.25 3.9282 -13.435 -.25 3.8022 -13.4175 -.25 3.7972
3 0 -13.2 -.25 3.9522 -13.3075 -.25 3.9847 -13.315 -.25 3.9772
3 0 -13.2 -.25 3.9522 -13.3075 -.25 4.0022 -13.3075 -.25 3.9847
3 0 -12.0925 -.25 3.9547 -12.1 -.25 3.9697 -12.2 -.25 3.7022
3 0 -12.995 -.25 3.9672 -12.987 -.25 4.0022 -13.1 -.25 3.9522
3 0 -12.1 -.25 3.9697 -12.105 -.25 3.9822 -12.2 -.25 3.7022
4 0 -13.315 -.25 3.9772 -13.43 -.25 3.9422 -13.429 -.25 3.9282 -13.2 -.25 3.9522
3 0 -13.315 -.25 3.9772 -13.3275 -.25 3.9847 -13.43 -.25 3.9422
3 0 -12.08 -.25 3.9947 -12.1 -.25 4.0522 -12.0975 -.25 4.0047
4 0 -13.3425 -.25 4.0022 -13.445 -.25 3.9772 -13.43 -.25 3.9422 -13.3275 -.25 3.9847
3 0 -13.1 -.25 4.0042 -13.12 -.25 4.0122 -13.1 -.25 3.9522
3 0 -12.0975 -.25 4.0047 -12.1 -.25 4.0522 -12.1075 -.25 3.9972
3 0 -13.085 -.25 4.0122 -13.005 -.25 4.1722 -13.075 -.25 4.0522
3 0 -12.26 -.25 4.0172 -12.2 -.25 4.1247 -12.5 -.25 3.9522
4 0 -13.355 -.25 4.0172 -13.455 -.25 4.0072 -13.445 -.25 3.9772 -13.3425 -.25 4.0022
3 0 -12.98 -.25 4.0322 -13.005 -.25 4.1722 -12.987 -.25 4.0022
4 0 -12.185 -.25 4.0472 -12.2 -.25 3.7022 -12.105 -.25 3.9822 -12.1075 -.25 3.9972
4 0 -12.185 -.25 4.0472 -12.23 -.25 3.9722 -12.27 -.25 3.9022 -12.2 -.25 3.7022
4 0 -12.1 -.25 4.0522 -12.0225 -.25 3.9447 -11.995 -.25 3.9222 -11.8 -.25 3.8522
4 0 -12.1 -.25 4.0522 -12.08 -.25 3.9947 -12.0525 -.25 3.9697 -12.0225 -.25 3.9447
3 0 -12.1 -.25 4.0522 -12.13 -.25 4.1822 -12.15 -.25 4.1172
3 0 -12.1 -.25 4.0522 -12.11 -.25 4.2572 -12.13 -.25 4.1822
4 0 -13.465 -.25 4.0522 -13.455 -.25 4.0072 -13.355 -.25 4.0172 -13.375 -.25 4.0472
4 0 -12.935 -.25 4.0572 -12.945 -.25 4.0322 -12.95 -.25 4.0072 -12.5 -.25 3.9522
3 0 -12.97 -.25 4.0622 -13.005 -.25 4.1722 -12.98 -.25 4.0322
3 0 -13.14 -.25 4.0672 -13.14 -.25 4.1022 -13.2 -.25 4.1022
3 0 -13.14 -.25 4.0672 -13.2 -.25 4.1022 -13.135 -.25 4.0322
3 0 -12.96 -.25 4.0822 -13.005 -.25 4.1722 -12.97 -.25 4.0622
4 0 -13.47 -.25 4.0872 -13.465 -.25 4.0522 -13.375 -.25 4.0472 -13.385 -.25 4.0822
3 0 -12.935 -.25 4.0897 -12.95 -.25 4.0922 -12.5 -.25 3.9522
3 0 -12.95 -.25 4.0922 -13.005 -.25 4.1722 -12.96 -.25 4.0822
4 0 -13.2 -.25 4.1022 -13.1 -.25 3.9522 -13.12 -.25 4.0122 -13.135 -.25 4.0322
4 0 -13.2 -.25 4.1022 -13.3 -.25 4.1022 -13.2 -.25 3.9522 -13.1 -.25 3.9522
3 0 -13.2 -.25 4.1022 -13.204 -.25 4.1322 -13.215 -.25 4.1322
3 0 -13.2 -.25 4.1022 -13.1885 -.25 4.1437 -13.204 -.25 4.1322
4 0 -13.3 -.25 4.1022 -13.3225 -.25 4.0322 -13.3075 -.25 4.0022 -13.2 -.25 3.9522
3 0 -11.7925 -.25 4.1122 -11.85 -.25 4.1522 -11.7825 -.25 4.0772
4 0 -13.35 -.25 4.1122 -13.34 -.25 4.0672 -13.3225 -.25 4.0322 -13.3 -.25 4.1022
4 0 -12.15 -.25 4.1172 -12.185 -.25 4.0472 -12.1075 -.25 3.9972 -12.1 -.25 4.0522
3 0 -12.2 -.25 4.1247 -12.245 -.25 4.1972 -12.26 -.25 4.1872
3 0 -12.2 -.25 4.1247 -12.23 -.25 4.2172 -12.245 -.25 4.1972
4 0 -13.215 -.25 4.1322 -13.35 -.25 4.1122 -13.3 -.25 4.1022 -13.2 -.25 4.1022
4 0 -13.47 -.25 4.1322 -13.47 -.25 4.0872 -13.385 -.25 4.0822 -13.39 -.25 4.1072
3 0 -13.135 -.25 4.1372 -13.1775 -.25 4.1722 -13.1885 -.25 4.1437
4 0 -13.1885 -.25 4.1437 -13.2 -.25 4.1022 -13.14 -.25 4.1022 -13.135 -.25 4.1372
4 0 -11.85 -.25 4.1522 -11.8 -.25 3.8522 -11.7575 -.25 3.9322 -11.7625 -.25 3.9772
4 0 -11.85 -.25 4.1522 -11.7625 -.25 3.9772 -11.77 -.25 4.0272 -11.7825 -.25 4.0772
4 0 -13.3525 -.25 4.1622 -13.35 -.25 4.1122 -13.215 -.25 4.1322 -13.23 -.25 4.1522
4 0 -13.455 -.25 4.1672 -13.47 -.25 4.1322 -13.39 -.25 4.1072 -13.395 -.25 4.1522
4 0 -13.005 -.25 4.1722 -13.085 -.25 4.0122 -13.1 -.25 3.9522 -12.987 -.25 4.0022
4 0 -12.26 -.25 4.1872 -12.27 -.25 4.1872 -12.5 -.25 3.9522 -12.2 -.25 4.1247
3 0 -12.27 -.25 4.1872 -12.275 -.25 4.1972 -12.5 -.25 3.9522
4 0 -13.04 -.25 4.1872 -13.065 -.25 4.1172 -13.075 -.25 4.0522 -13.005 -.25 4.1722
4 0 -13.1775 -.25 4.1972 -13.1775 -.25 4.1722 -13.135 -.25 4.1372 -13.12 -.25 4.1872
4 0 -11.825 -.25 4.2022 -11.85 -.25 4.1522 -11.7925 -.25 4.1122 -11.805 -.25 4.1522
3 0 -11.825 -.25 4.2022 -11.845 -.25 4.2522 -11.85 -.25 4.1522
4 0 -13.35 -.25 4.2022 -13.3525 -.25 4.1622 -13.23 -.25 4.1522 -13.236 -.25 4.1852
4 0 -13.44 -.25 4.2122 -13.455 -.25 4.1672 -13.395 -.25 4.1522 -13.395 -.25 4.2022
4 0 -12.165 -.25 4.2422 -12.22 -.25 4.2372 -12.23 -.25 4.2172 -12.2 -.25 4.1247
3 0 -12.165 -.25 4.2422 -12.21 -.25 4.2672 -12.22 -.25 4.2372
3 0 -12.165 -.25 4.2422 -12.2075 -.25 4.2922 -12.21 -.25 4.2672
4 0 -13.11 -.25 4.2472 -13.17 -.25 4.2372 -13.1775 -.25 4.1972 -13.12 -.25 4.1872
4 0 -13.4 -.25 4.2522 -13.44 -.25 4.2422 -13.44 -.25 4.2122 -13.395 -.25 4.2022
4 0 -13.335 -.25 4.2772 -13.35 -.25 4.2022 -13.236 -.25 4.1852 -13.236 -.25 4.2177
4 0 -13.105 -.25 4.2822 -13.155 -.25 4.2772 -13.17 -.25 4.2372 -13.11 -.25 4.2472
4 0 -13.41 -.25 4.2822 -13.4475 -.25 4.2722 -13.44 -.25 4.2422 -13.4 -.25 4.2522
4 0 -12.5 -.25 4.3022 -12.5 -.25 3.9522 -12.275 -.25 4.1972 -12.27 -.25 4.2147
4 0 -12.5 -.25 4.3022 -12.27 -.25 4.2147 -12.26 -.25 4.2337 -12.2525 -.25 4.2522
4 0 -12.5 -.25 4.3022 -12.2525 -.25 4.2522 -12.246 -.25 4.2722 -12.243 -.25 4.2922
3 0 -12.5 -.25 4.3022 -12.6 -.25 4.6247 -12.6425 -.25 4.5922
3 0 -12.5 -.25 4.3022 -12.575 -.25 4.6572 -12.6 -.25 4.6247
4 0 -12.965 -.25 4.3097 -13.005 -.25 4.1722 -12.5 -.25 3.9522 -12.5 -.25 4.3022
4 0 -12.965 -.25 4.3097 -13.005 -.25 4.2522 -13.04 -.25 4.1872 -13.005 -.25 4.1722
3 0 -12.2075 -.25 4.3122 -12.15 -.25 4.3572 -12.2075 -.25 4.3372
4 0 -13.425 -.25 4.3122 -13.455 -.25 4.3022 -13.4475 -.25 4.2722 -13.41 -.25 4.2822
4 0 -13.105 -.25 4.3172 -13.14 -.25 4.3022 -13.155 -.25 4.2772 -13.105 -.25 4.2822
4 0 -13.32 -.25 4.3172 -13.335 -.25 4.2772 -13.236 -.25 4.2177 -13.2325 -.25 4.2572
4 0 -12.2415 -.25 4.3372 -12.5 -.25 4.3022 -12.243 -.25 4.2922 -12.2415 -.25 4.3122
4 0 -13.44 -.25 4.3372 -13.4575 -.25 4.3322 -13.455 -.25 4.3022 -13.425 -.25 4.3122
3 0 -13.44 -.25 4.3372 -13.455 -.25 4.3522 -13.4575 -.25 4.3322
3 0 -12.1 -.25 4.3422 -12.05 -.25 4.5522 -12.1 -.25 4.4122
4 0 -12.15 -.25 4.3572 -12.2075 -.25 4.3122 -12.2075 -.25 4.2922 -12.165 -.25 4.2422
3 0 -12.15 -.25 4.3572 -12.21 -.25 4.3597 -12.2075 -.25 4.3372
3 0 -12.15 -.25 4.3572 -12.215 -.25 4.3772 -12.21 -.25 4.3597
3 0 -12.15 -.25 4.3572 -12.2225 -.25 4.4022 -12.215 -.25 4.3772
3 0 -12.15 -.25 4.3572 -12.35 -.25 4.6522 -12.2225 -.25 4.4022
4 0 -13.3 -.25 4.3572 -13.32 -.25 4.3172 -13.2325 -.25 4.2572 -13.215 -.25 4.3222
4 0 -13.115 -.25 4.3622 -13.1325 -.25 4.3372 -13.14 -.25 4.3022 -13.105 -.25 4.3172
4 0 -13.12 -.25 4.3747 -13.13 -.25 4.3672 -13.1325 -.25 4.3372 -13.115 -.25 4.3622
3 0 -13.12 -.25 4.3747 -13.1275 -.25 4.3822 -13.13 -.25 4.3672
4 0 -12.245 -.25 4.3797 -12.5 -.25 4.3022 -12.2415 -.25 4.3372 -12.2425 -.25 4.3597
3 0 -12.245 -.25 4.3797 -12.245 -.25 4.3972 -12.5 -.25 4.3022
4 0 -13.2775 -.25 4.3947 -13.3 -.25 4.3572 -13.215 -.25 4.3222 -13.195 -.25 4.3697
3 0 -12.2225 -.25 4.4022 -12.35 -.25 4.6522 -12.2375 -.25 4.4072
3 0 -12.1 -.25 4.4122 -12.05 -.25 4.5522 -12.105 -.25 4.4922
4 0 -11.93 -.25 4.4272 -11.85 -.25 4.1522 -11.845 -.25 4.2522 -11.8925 -.25 4.3522
4 0 -13.255 -.25 4.4322 -13.2775 -.25 4.3947 -13.195 -.25 4.3697 -13.17 -.25 4.4147
4 0 -12.8435 -.25 4.4427 -12.93 -.25 4.3647 -12.965 -.25 4.3097 -12.5 -.25 4.3022
4 0 -13.215 -.25 4.4797 -13.255 -.25 4.4322 -13.17 -.25 4.4147 -13.1525 -.25 4.4472
3 0 -13.1325 -.25 4.4847 -13.115 -.25 4.5222 -13.1875 -.25 4.5122
4 0 -13.1875 -.25 4.5122 -13.215 -.25 4.4797 -13.1525 -.25 4.4472 -13.1325 -.25 4.4847
4 0 -12.05 -.25 4.5522 -12.1 -.25 4.0522 -11.8 -.25 3.8522 -11.85 -.25 4.1522
4 0 -12.05 -.25 4.5522 -11.85 -.25 4.1522 -11.93 -.25 4.4272 -11.9575 -.25 4.4772
4 0 -12.05 -.25 4.5522 -12.1 -.25 4.3422 -12.11 -.25 4.2572 -12.1 -.25 4.0522
3 0 -12.05 -.25 4.5522 -12.115 -.25 4.5572 -12.105 -.25 4.4922
4 0 -12.01 -.25 4.5622 -12.05 -.25 4.5522 -11.9575 -.25 4.4772 -11.9975 -.25 4.5422
3 0 -12.01 -.25 4.5622 -12.015 -.25 4.5797 -12.05 -.25 4.5522
4 0 -13.1 -.25 4.5622 -13.1725 -.25 4.5372 -13.1875 -.25 4.5122 -13.115 -.25 4.5222
3 0 -12.17 -.25 4.5672 -12.35 -.25 4.6522 -12.16 -.25 4.5022
3 0 -12.015 -.25 4.5797 -12.0175 -.25 4.6047 -12.05 -.25 4.5522
4 0 -12.6425 -.25 4.5922 -12.7215 -.25 4.5392 -12.8435 -.25 4.4427 -12.5 -.25 4.3022
4 0 -13.105 -.25 4.5972 -13.1425 -.25 4.5872 -13.1725 -.25 4.5372 -13.1 -.25 4.5622
4 0 -13.1225 -.25 4.6372 -13.14 -.25 4.6222 -13.1425 -.25 4.5872 -13.105 -.25 4.5972
3 0 -13.1225 -.25 4.6372 -13.1425 -.25 4.6497 -13.14 -.25 4.6222
4 0 -12.0775 -.25 4.6522 -12.095 -.25 4.6522 -12.05 -.25 4.5522 -12.0175 -.25 4.6047
4 0 -12.095 -.25 4.6522 -12.1425 -.25 4.6372 -12.115 -.25 4.5572 -12.05 -.25 4.5522
3 0 -12.095 -.25 4.6522 -12.095 -.25 4.6697 -12.1425 -.25 4.6372
4 0 -12.35 -.25 4.6522 -12.5 -.25 4.3022 -12.245 -.25 4.3972 -12.2375 -.25 4.4072
4 0 -12.35 -.25 4.6522 -12.15 -.25 4.3572 -12.15 -.25 4.4372 -12.16 -.25 4.5022
3 0 -12.35 -.25 4.6522 -12.53 -.25 4.7722 -12.54 -.25 4.7222
3 0 -12.35 -.25 4.6522 -12.535 -.25 4.8322 -12.53 -.25 4.7722
3 0 -12.35 -.25 4.6522 -12.55 -.25 4.9522 -12.535 -.25 4.8322
3 0 -11.365 -.25 4.6597 -11.435 -.25 4.7047 -11.415 -.25 4.6597
4 0 -12.0645 -.25 4.6647 -12.0775 -.25 4.6522 -12.0175 -.25 4.6047 -12.005 -.25 4.6297
3 0 -11.97 -.25 4.6722 -12.0525 -.25 4.6772 -11.99 -.25 4.6547
3 0 -11.9375 -.25 4.6772 -11.845 -.25 4.7247 -11.8675 -.25 4.7247
3 0 -11.9375 -.25 4.6772 -11.8675 -.25 4.7247 -11.875 -.25 4.7247
4 0 -12.0525 -.25 4.6772 -12.0645 -.25 4.6647 -12.005 -.25 4.6297 -11.99 -.25 4.6547
3 0 -11.203 -.25 4.6797 -11.2 -.25 4.7022 -11.2625 -.25 4.6772
3 0 -11.055 -.25 4.6972 -11.045 -.25 4.7247 -11.0625 -.25 4.7247
4 0 -11.2 -.25 4.7022 -11.203 -.25 4.6797 -11.155 -.25 4.6797 -11.11 -.25 4.6847
4 0 -11.35 -.25 4.7022 -11.365 -.25 4.6597 -11.3175 -.25 4.6647 -11.2625 -.25 4.6772
3 0 -11.35 -.25 4.7022 -11.2675 -.25 4.8147 -11.2875 -.25 4.8122
3 0 -11.35 -.25 4.7022 -11.4525 -.25 4.8172 -11.4825 -.25 4.8147
3 0 -11.35 -.25 4.7022 -11.2525 -.25 4.8222 -11.2675 -.25 4.8147
3 0 -11.35 -.25 4.7022 -11.435 -.25 4.8222 -11.4525 -.25 4.8172
3 0 -11.35 -.25 4.7022 -11.4 -.25 4.8322 -11.435 -.25 4.8222
4 0 -12 -.25 4.7022 -12.065 -.25 4.6872 -12.0525 -.25 4.6772 -11.97 -.25 4.6722
3 0 -12 -.25 4.7022 -12.15 -.25 4.7522 -12.065 -.25 4.6872
4 0 -11.4595 -.25 4.7027 -11.495 -.25 4.6672 -11.4625 -.25 4.6647 -11.4475 -.25 4.6997
4 0 -11.435 -.25 4.7047 -11.4475 -.25 4.6997 -11.4625 -.25 4.6647 -11.415 -.25 4.6597
4 0 -11.47 -.25 4.7072 -11.5325 -.25 4.6722 -11.495 -.25 4.6672 -11.4595 -.25 4.7027
4 0 -11.5925 -.25 4.7072 -11.6075 -.25 4.7072 -11.625 -.25 4.6772 -11.5325 -.25 4.6722
3 0 -11.6075 -.25 4.7072 -11.6225 -.25 4.7097 -11.625 -.25 4.6772
4 0 -11.585 -.25 4.7097 -11.5925 -.25 4.7072 -11.5325 -.25 4.6722 -11.47 -.25 4.7072
4 0 -11.4325 -.25 4.7122 -11.435 -.25 4.7047 -11.365 -.25 4.6597 -11.35 -.25 4.7022
4 0 -11.64 -.25 4.7122 -11.695 -.25 4.6797 -11.625 -.25 4.6772 -11.6225 -.25 4.7097
4 0 -11.4675 -.25 4.7172 -11.585 -.25 4.7147 -11.585 -.25 4.7097 -11.47 -.25 4.7072
3 0 -11.445 -.25 4.7197 -11.45 -.25 4.7622 -11.4575 -.25 4.7197
3 0 -11.4575 -.25 4.7197 -11.45 -.25 4.7622 -11.4675 -.25 4.7172
4 0 -11.6825 -.25 4.7197 -11.695 -.25 4.6797 -11.64 -.25 4.7122 -11.6625 -.25 4.7172
4 0 -11.7125 -.25 4.7222 -11.775 -.25 4.6797 -11.695 -.25 4.6797 -11.6825 -.25 4.7197
4 0 -12.54 -.25 4.7222 -12.575 -.25 4.6572 -12.5 -.25 4.3022 -12.35 -.25 4.6522
3 0 -11.5925 -.25 4.7247 -11.45 -.25 4.7622 -11.6025 -.25 4.7297
4 0 -11.74 -.25 4.7247 -11.775 -.25 4.7247 -11.775 -.25 4.6797 -11.7125 -.25 4.7222
4 0 -11.81 -.25 4.7247 -11.88 -.25 4.6797 -11.775 -.25 4.6797 -11.775 -.25 4.7247
4 0 -11.81 -.25 4.7247 -11.845 -.25 4.7247 -11.9375 -.25 4.6772 -11.88 -.25 4.6797
4 0 -11.875 -.25 4.7247 -12 -.25 4.7022 -11.97 -.25 4.6722 -11.9375 -.25 4.6772
3 0 -11.875 -.25 4.7247 -11.875 -.25 4.7322 -12 -.25 4.7022
4 0 -11.0775 -.25 4.7272 -11.11 -.25 4.6847 -11.055 -.25 4.6972 -11.0625 -.25 4.7247
4 0 -11.0325 -.25 4.7297 -11.045 -.25 4.7247 -11.055 -.25 4.6972 -11.005 -.25 4.7122
3 0 -11.6025 -.25 4.7297 -11.45 -.25 4.7622 -11.6175 -.25 4.7347
4 0 -11.08 -.25 4.7347 -11.2 -.25 4.7022 -11.11 -.25 4.6847 -11.0775 -.25 4.7272
3 0 -11.6175 -.25 4.7347 -11.45 -.25 4.7622 -11.6325 -.25 4.7397
3 0 -10.955 -.25 4.7372 -11.0225 -.25 4.7447 -11.0225 -.25 4.7372
4 0 -11.0225 -.25 4.7372 -11.0325 -.25 4.7297 -11.005 -.25 4.7122 -10.955 -.25 4.7372
3 0 -11.855 -.25 4.7397 -11.85 -.25 4.8022 -11.87 -.25 4.7355
3 0 -11.835 -.25 4.7447 -11.85 -.25 4.8022 -11.855 -.25 4.7397
3 0 -11.795 -.25 4.7472 -11.85 -.25 4.8022 -11.835 -.25 4.7447
3 0 -11.03 -.25 4.7522 -10.95 -.25 4.8022 -11.0475 -.25 4.7597
4 0 -12.15 -.25 4.7522 -12.095 -.25 4.6697 -12.08 -.25 4.6772 -12.065 -.25 4.6872
4 0 -12.15 -.25 4.7522 -12.1775 -.25 4.7272 -12.1425 -.25 4.6372 -12.095 -.25 4.6697
3 0 -11.0625 -.25 4.7547 -11.15 -.25 4.8022 -11.0725 -.25 4.7447
4 0 -11.45 -.25 4.7622 -11.445 -.25 4.7197 -11.4325 -.25 4.7122 -11.35 -.25 4.7022
4 0 -11.45 -.25 4.7622 -11.5925 -.25 4.7247 -11.585 -.25 4.7147 -11.4675 -.25 4.7172
4 0 -11.45 -.25 4.7622 -11.675 -.25 4.7497 -11.655 -.25 4.7447 -11.6325 -.25 4.7397
3 0 -11.45 -.25 4.7622 -11.525 -.25 4.8097 -11.575 -.25 4.8097
4 0 -12.245 -.25 4.7722 -12.35 -.25 4.6522 -12.17 -.25 4.5672 -12.195 -.25 4.6422
4 0 -12.195 -.25 4.7972 -12.1925 -.25 4.7647 -12.1775 -.25 4.7272 -12.15 -.25 4.7522
4 0 -10.95 -.25 4.8022 -10.955 -.25 4.7372 -10.93 -.25 4.7522 -10.91 -.25 4.7722
4 0 -10.95 -.25 4.8022 -11.03 -.25 4.7522 -11.0225 -.25 4.7447 -10.955 -.25 4.7372
4 0 -10.95 -.25 4.8022 -10.91 -.25 4.7722 -10.9 -.25 4.7872 -10.8975 -.25 4.7997
4 0 -11.15 -.25 4.8022 -11.2 -.25 4.7022 -11.08 -.25 4.7347 -11.0725 -.25 4.7447
4 0 -11.15 -.25 4.8022 -11.35 -.25 4.7022 -11.2625 -.25 4.6772 -11.2 -.25 4.7022
4 0 -11.15 -.25 4.8022 -11.0625 -.25 4.7547 -11.0475 -.25 4.7597 -10.95 -.25 4.8022
3 0 -11.15 -.25 4.8022 -11.22 -.25 4.8547 -11.235 -.25 4.8347
3 0 -11.15 -.25 4.8022 -11.21 -.25 4.8747 -11.22 -.25 4.8547
4 0 -11.85 -.25 4.8022 -12 -.25 4.7022 -11.875 -.25 4.7322 -11.87 -.25 4.7355
4 0 -11.85 -.25 4.8022 -11.795 -.25 4.7472 -11.75 -.25 4.7497 -11.7125 -.25 4.7522
4 0 -11.85 -.25 4.8022 -11.7125 -.25 4.7522 -11.675 -.25 4.7497 -11.45 -.25 4.7622
3 0 -11.575 -.25 4.8097 -11.645 -.25 4.8122 -11.45 -.25 4.7622
3 0 -11.2875 -.25 4.8122 -11.3075 -.25 4.8172 -11.35 -.25 4.7022
3 0 -11.645 -.25 4.8122 -11.705 -.25 4.8197 -11.45 -.25 4.7622
4 0 -11.4825 -.25 4.8147 -11.525 -.25 4.8097 -11.45 -.25 4.7622 -11.35 -.25 4.7022
3 0 -11.3075 -.25 4.8172 -11.32 -.25 4.8222 -11.35 -.25 4.7022
4 0 -10.92 -.25 4.8272 -10.95 -.25 4.8022 -10.8975 -.25 4.7997 -10.9025 -.25 4.8122
4 0 -11.235 -.25 4.8347 -11.2525 -.25 4.8222 -11.35 -.25 4.7022 -11.15 -.25 4.8022
4 0 -11.3525 -.25 4.8347 -11.35 -.25 4.7022 -11.32 -.25 4.8222 -11.3375 -.25 4.8322
4 0 -11.7875 -.25 4.8347 -11.85 -.25 4.8022 -11.45 -.25 4.7622 -11.705 -.25 4.8197
3 0 -11.7875 -.25 4.8347 -11.875 -.25 4.8522 -11.85 -.25 4.8022
4 0 -11.371 -.25 4.8362 -11.4 -.25 4.8322 -11.35 -.25 4.7022 -11.3525 -.25 4.8347
3 0 -11.875 -.25 4.8522 -11.96 -.25 4.8722 -11.85 -.25 4.8022
4 0 -12.15 -.25 4.8522 -12.15 -.25 4.7522 -12 -.25 4.7022 -11.85 -.25 4.8022
4 0 -12.19 -.25 4.8572 -12.195 -.25 4.7972 -12.15 -.25 4.7522 -12.15 -.25 4.8522
4 0 -10.9725 -.25 4.8622 -10.95 -.25 4.8022 -10.92 -.25 4.8272 -10.9475 -.25 4.8472
4 0 -11.0275 -.25 4.8847 -11.15 -.25 4.8022 -10.95 -.25 4.8022 -10.9725 -.25 4.8622
4 0 -12.025 -.25 4.8922 -12.15 -.25 4.8522 -11.85 -.25 4.8022 -11.96 -.25 4.8722
4 0 -12.145 -.25 4.9062 -12.17 -.25 4.8922 -12.19 -.25 4.8572 -12.15 -.25 4.8522
4 0 -11.125 -.25 4.9072 -11.15 -.25 4.8022 -11.0275 -.25 4.8847 -11.09 -.25 4.8997
4 0 -11.18 -.25 4.9072 -11.1925 -.25 4.8972 -11.21 -.25 4.8747 -11.15 -.25 4.8022
4 0 -12.115 -.25 4.9072 -12.145 -.25 4.9062 -12.15 -.25 4.8522 -12.025 -.25 4.8922
4 0 -11.15 -.25 4.9097 -11.18 -.25 4.9072 -11.15 -.25 4.8022 -11.125 -.25 4.9072
3 0 -12.55 -.25 4.9522 -12.52 -.25 5.0597 -12.535 -.25 5.0472
4 0 -12.605 -.25 4.9752 -12.585 -.25 4.9272 -12.535 -.25 4.8322 -12.55 -.25 4.9522
4 0 -12.37 -.25 4.9872 -12.35 -.25 4.6522 -12.245 -.25 4.7722 -12.31 -.25 4.8972
3 0 -12.3655 -.25 5.0352 -12.475 -.25 5.0772 -12.3715 -.25 5.0092
3 0 -12.3655 -.25 5.0352 -12.34 -.25 5.1422 -12.365 -.25 5.1272
4 0 -12.5525 -.25 5.0472 -12.605 -.25 4.9752 -12.55 -.25 4.9522 -12.535 -.25 5.0472
3 0 -12.52 -.25 5.0597 -12.475 -.25 5.0772 -12.52 -.25 5.0772
4 0 -12.555 -.25 5.0622 -12.61 -.25 5.0522 -12.605 -.25 4.9752 -12.5525 -.25 5.0472
4 0 -12.475 -.25 5.0772 -12.35 -.25 4.6522 -12.37 -.25 4.9872 -12.3715 -.25 5.0092
4 0 -12.475 -.25 5.0772 -12.52 -.25 5.0597 -12.55 -.25 4.9522 -12.35 -.25 4.6522
3 0 -12.475 -.25 5.0772 -12.53 -.25 5.0847 -12.52 -.25 5.0772
4 0 -12.605 -.25 5.1022 -12.61 -.25 5.0522 -12.555 -.25 5.0622 -12.545 -.25 5.0747
4 0 -12.595 -.25 5.1172 -12.605 -.25 5.1022 -12.545 -.25 5.0747 -12.53 -.25 5.0847
4 0 -12.365 -.25 5.1272 -12.3775 -.25 5.1272 -12.475 -.25 5.0772 -12.3655 -.25 5.0352
4 0 -12.57 -.25 5.1372 -12.595 -.25 5.1172 -12.53 -.25 5.0847 -12.475 -.25 5.0772
4 0 -12.4 -.25 5.1522 -12.475 -.25 5.0772 -12.3775 -.25 5.1272 -12.3775 -.25 5.1372
4 0 -12.4425 -.25 5.2172 -12.57 -.25 5.1372 -12.475 -.25 5.0772 -12.4 -.25 5.1522
4 0 -12.4425 -.25 5.2172 -12.4 -.25 5.1522 -12.3775 -.25 5.1372 -12.3675 -.25 5.1497
4 0 -12.255 -.25 5.2197 -12.34 -.25 5.1422 -12.3655 -.25 5.0352 -12.28 -.25 5.1322
3 0 -12.2775 -.25 5.2422 -12.195 -.25 5.3147 -12.3375 -.25 5.2897
3 0 -12.155 -.25 5.2472 -12.1725 -.25 5.3022 -12.18 -.25 5.2922
3 0 -12.155 -.25 5.2472 -12.1625 -.25 5.3197 -12.1725 -.25 5.3022
4 0 -12.3375 -.25 5.2897 -12.4425 -.25 5.2172 -12.3675 -.25 5.1497 -12.2775 -.25 5.2422
4 0 -12.18 -.25 5.2922 -12.255 -.25 5.2197 -12.28 -.25 5.1322 -12.155 -.25 5.2472
3 0 -12.0785 -.25 5.3122 -12.12 -.25 5.3722 -12.155 -.25 5.2472
3 0 -12.185 -.25 5.3247 -12.25 -.25 5.3522 -12.195 -.25 5.3147
3 0 -12.1725 -.25 5.3347 -12.25 -.25 5.3522 -12.185 -.25 5.3247
3 0 -12.25 -.25 5.3522 -12.18 -.25 5.4522 -12.265 -.25 5.3622
4 0 -12.265 -.25 5.3622 -12.3375 -.25 5.2897 -12.195 -.25 5.3147 -12.25 -.25 5.3522
4 0 -12.12 -.25 5.3722 -12.1575 -.25 5.3347 -12.1625 -.25 5.3197 -12.155 -.25 5.2472
4 0 -12.12 -.25 5.3722 -12.25 -.25 5.3522 -12.1725 -.25 5.3347 -12.1575 -.25 5.3347
3 0 -12.12 -.25 5.3722 -12.0325 -.25 5.4047 -12.04 -.25 5.4047
4 0 -11.987 -.25 5.3962 -12.12 -.25 5.3722 -12.0785 -.25 5.3122 -12.0375 -.25 5.3407
3 0 -11.987 -.25 5.3962 -12.01 -.25 5.4147 -12.02 -.25 5.4072
3 0 -11.987 -.25 5.3962 -11.9975 -.25 5.4297 -12.01 -.25 5.4147
3 0 -11.987 -.25 5.3962 -11.995 -.25 5.4372 -11.9975 -.25 5.4297
3 0 -12.04 -.25 5.4047 -12.04 -.25 5.4122 -12.12 -.25 5.3722
4 0 -12.02 -.25 5.4072 -12.0325 -.25 5.4047 -12.12 -.25 5.3722 -11.987 -.25 5.3962
4 0 -11.9515 -.25 5.4112 -11.987 -.25 5.3962 -12.0375 -.25 5.3407 -11.984 -.25 5.3812
3 0 -12.04 -.25 5.4122 -12.04 -.25 5.4197 -12.12 -.25 5.3722
3 0 -11.996 -.25 5.4447 -12.04 -.25 5.5122 -12.0025 -.25 5.4447
3 0 -12.0025 -.25 5.4447 -12.04 -.25 5.5122 -12.0125 -.25 5.4447
3 0 -12.0125 -.25 5.4447 -12.04 -.25 5.5122 -12.03 -.25 5.4322
3 0 -12.18 -.25 5.4522 -12.04 -.25 5.5122 -12.16 -.25 5.4772
4 0 -11.95 -.25 5.4622 -11.987 -.25 5.3962 -11.9515 -.25 5.4112 -11.9365 -.25 5.4272
4 0 -11.95 -.25 5.4622 -11.996 -.25 5.4447 -11.995 -.25 5.4372 -11.987 -.25 5.3962
4 0 -11.916 -.25 5.4632 -11.95 -.25 5.4622 -11.9365 -.25 5.4272 -11.9255 -.25 5.4427
3 0 -11.916 -.25 5.4632 -11.897 -.25 5.4942 -11.95 -.25 5.4622
3 0 -12.16 -.25 5.4772 -12.04 -.25 5.5122 -12.15 -.25 5.5022
4 0 -12.04 -.25 5.5122 -12.12 -.25 5.3722 -12.04 -.25 5.4197 -12.03 -.25 5.4322
4 0 -12.04 -.25 5.5122 -12.18 -.25 5.4522 -12.25 -.25 5.3522 -12.12 -.25 5.3722
3 0 -11.8465 -.25 5.5372 -11.925 -.25 5.5772 -11.8705 -.25 5.5207
4 0 -12.1325 -.25 5.5397 -12.145 -.25 5.5172 -12.15 -.25 5.5022 -12.04 -.25 5.5122
3 0 -11.8215 -.25 5.5537 -11.925 -.25 5.5772 -11.8465 -.25 5.5372
4 0 -11.925 -.25 5.5772 -11.95 -.25 5.4622 -11.897 -.25 5.4942 -11.8705 -.25 5.5207
4 0 -11.925 -.25 5.5772 -12.04 -.25 5.5122 -11.996 -.25 5.4447 -11.95 -.25 5.4622
3 0 -11.925 -.25 5.5772 -12.03 -.25 5.6422 -12.03 -.25 5.6222
3 0 -11.925 -.25 5.5772 -12.04 -.25 5.6597 -12.03 -.25 5.6422
4 0 -11.7815 -.25 5.5807 -11.925 -.25 5.5772 -11.8215 -.25 5.5537 -11.8 -.25 5.5672
4 0 -12.075 -.25 5.5822 -12.115 -.25 5.5572 -12.1325 -.25 5.5397 -12.04 -.25 5.5122
4 0 -12.04 -.25 5.6072 -12.0615 -.25 5.5922 -12.075 -.25 5.5822 -12.04 -.25 5.5122
4 0 -12.03 -.25 5.6222 -12.04 -.25 5.6072 -12.04 -.25 5.5122 -11.925 -.25 5.5772
4 0 -11.794 -.25 5.6242 -11.8095 -.25 5.6242 -11.925 -.25 5.5772 -11.7815 -.25 5.5807
3 0 -11.8095 -.25 5.6242 -11.8165 -.25 5.6307 -11.925 -.25 5.5772
4 0 -11.78 -.25 5.6307 -11.794 -.25 5.6242 -11.7815 -.25 5.5807 -11.766 -.25 5.5982
3 0 -11.8165 -.25 5.6307 -11.8185 -.25 5.6392 -11.925 -.25 5.5772
3 0 -11.8185 -.25 5.6392 -11.8195 -.25 5.6487 -11.925 -.25 5.5772
4 0 -11.7695 -.25 5.6437 -11.78 -.25 5.6307 -11.766 -.25 5.5982 -11.7265 -.25 5.6377
3 0 -11.7945 -.25 5.6592 -11.82 -.25 5.7022 -11.805 -.25 5.6597
3 0 -11.805 -.25 5.6597 -11.82 -.25 5.7022 -11.8145 -.25 5.6542
4 0 -11.749 -.25 5.6692 -11.7575 -.25 5.6592 -11.7695 -.25 5.6437 -11.7265 -.25 5.6377
4 0 -11.6875 -.25 5.6857 -11.7455 -.25 5.6797 -11.749 -.25 5.6692 -11.7265 -.25 5.6377
3 0 -11.746 -.25 5.6937 -11.7425 -.25 5.7397 -11.758 -.25 5.6982
3 0 -11.7715 -.25 5.6967 -11.82 -.25 5.7022 -11.779 -.25 5.6927
3 0 -11.758 -.25 5.6982 -11.7425 -.25 5.7397 -11.7715 -.25 5.6967
4 0 -11.82 -.25 5.7022 -11.925 -.25 5.5772 -11.8195 -.25 5.6487 -11.8145 -.25 5.6542
4 0 -11.82 -.25 5.7022 -11.7945 -.25 5.6592 -11.785 -.25 5.6597 -11.78 -.25 5.6682
4 0 -11.82 -.25 5.7022 -11.78 -.25 5.6682 -11.7785 -.25 5.6797 -11.779 -.25 5.6927
4 0 -12.045 -.25 5.7097 -12.045 -.25 5.6772 -12.04 -.25 5.6597 -11.925 -.25 5.5772
4 0 -12.0125 -.25 5.7322 -12.0338 -.25 5.7222 -12.045 -.25 5.7097 -11.925 -.25 5.5772
4 0 -11.7425 -.25 5.7397 -11.6875 -.25 5.6857 -11.679 -.25 5.7107 -11.6795 -.25 5.7332
4 0 -11.7425 -.25 5.7397 -11.746 -.25 5.6937 -11.7455 -.25 5.6797 -11.6875 -.25 5.6857
4 0 -11.7095 -.25 5.7477 -11.7425 -.25 5.7397 -11.6795 -.25 5.7332 -11.6905 -.25 5.7422
4 0 -11.925 -.25 5.7572 -11.95 -.25 5.7522 -12.0125 -.25 5.7322 -11.925 -.25 5.5772
4 0 -11.85 -.25 5.7622 -11.82 -.25 5.7022 -11.7715 -.25 5.6967 -11.7425 -.25 5.7397
4 0 -11.85 -.25 5.7622 -11.7425 -.25 5.7397 -11.7095 -.25 5.7477 -11.77 -.25 5.7572
4 0 -11.85 -.25 5.7622 -11.925 -.25 5.7572 -11.925 -.25 5.5772 -11.82 -.25 5.7022
4 0 -11.6628 -.25 .3411 -12 -.25 .3322 -12 -.25 .1647 -11.654 -.25 .1738
4 0 -12.3373 -.25 .3411 -12.346 -.25 .1738 -12 -.25 .1647 -12 -.25 .3322
4 0 -11.3265 -.25 .3675 -11.6628 -.25 .3411 -11.654 -.25 .1738 -11.309 -.25 .2009
4 0 -12.6736 -.25 .3675 -12.6911 -.25 .2009 -12.346 -.25 .1738 -12.3373 -.25 .3411
4 0 -10.992 -.25 .4116 -11.3265 -.25 .3675 -11.309 -.25 .2009 -10.9658 -.25 .2461
4 0 -13.008 -.25 .4116 -13.0342 -.25 .2461 -12.6911 -.25 .2009 -12.6736 -.25 .3675
4 0 -10.6603 -.25 .473 -10.992 -.25 .4116 -10.9658 -.25 .2461 -10.6255 -.25 .3092
4 0 -13.3397 -.25 .473 -13.3745 -.25 .3092 -13.0342 -.25 .2461 -13.008 -.25 .4116
4 0 -10.3323 -.25 .5518 -10.6603 -.25 .473 -10.6255 -.25 .3092 -10.289 -.25 .39
4 0 -13.6677 -.25 .5518 -13.7111 -.25 .39 -13.3745 -.25 .3092 -13.3397 -.25 .473
4 0 -10.0089 -.25 .6476 -10.3323 -.25 .5518 -10.289 -.25 .39 -9.9571 -.25 .4883
4 0 -13.9912 -.25 .6476 -14.0429 -.25 .4883 -13.7111 -.25 .39 -13.6677 -.25 .5518
4 0 -9.6909 -.25 .7602 -10.0089 -.25 .6476 -9.9571 -.25 .4883 -9.6308 -.25 .6038
4 0 -14.3092 -.25 .7602 -14.3692 -.25 .6038 -14.0429 -.25 .4883 -13.9912 -.25 .6476
4 0 -9.4375 -.25 .8637 -9.6909 -.25 .7602 -9.6308 -.25 .6038 -9.3111 -.25 .7363
4 0 -14.5625 -.25 .8637 -14.689 -.25 .7363 -14.3692 -.25 .6038 -14.3092 -.25 .7602
4 0 -9.27 -.25 2.6022 -9.4375 -.25 .8637 -9.3111 -.25 .7363 -9.27 -.25 .7547
4 0 -9.2817 -.25 2.7804 -9.4375 -.25 2.6022 -9.4375 -.25 .8637 -9.27 -.25 2.6022
3 0 -14.5625 -.25 2.6022 -14.73 -.25 2.6022 -14.5625 -.25 .8637
4 0 -14.73 -.25 2.6022 -14.73 -.25 .7547 -14.689 -.25 .7363 -14.5625 -.25 .8637
4 0 -14.6859 -.25 3.2753 -14.73 -.25 2.6022 -14.5625 -.25 2.6022 -14.5198 -.25 3.2534
4 0 -9.4457 -.25 3.9369 -9.6075 -.25 3.8935 -9.4802 -.25 3.2534 -9.3141 -.25 3.2753
4 0 -9.6626 -.25 4.5756 -9.8173 -.25 4.5115 -9.6075 -.25 3.8935 -9.4457 -.25 3.9369
4 0 -14.3375 -.25 4.5756 -14.5543 -.25 3.9369 -14.3925 -.25 3.8935 -14.1827 -.25 4.5115
4 0 -9.9609 -.25 5.1806 -10.1059 -.25 5.0968 -9.8173 -.25 4.5115 -9.6626 -.25 4.5756
4 0 -14.0392 -.25 5.1806 -14.3375 -.25 4.5756 -14.1827 -.25 4.5115 -13.8941 -.25 5.0968
4 0 -10.3356 -.25 5.7414 -10.4685 -.25 5.6394 -10.1059 -.25 5.0968 -9.9609 -.25 5.1806
4 0 -13.6644 -.25 5.7414 -14.0392 -.25 5.1806 -13.8941 -.25 5.0968 -13.5315 -.25 5.6394
4 0 -10.7804 -.25 6.2485 -10.8988 -.25 6.1301 -10.4685 -.25 5.6394 -10.3356 -.25 5.7414
4 0 -13.2197 -.25 6.2485 -13.6644 -.25 5.7414 -13.5315 -.25 5.6394 -13.1012 -.25 6.1301
4 0 -11.2875 -.25 6.6933 -11.3895 -.25 6.5604 -10.8988 -.25 6.1301 -10.7804 -.25 6.2485
4 0 -12.7125 -.25 6.6933 -13.2197 -.25 6.2485 -13.1012 -.25 6.1301 -12.6106 -.25 6.5604
4 0 -11.4875 -.25 5.2097 -11.5125 -.25 5.2047 -11.505 -.25 5.1972 -11.495 -.25 5.2022
4 0 -11.5175 -.25 5.2222 -11.5125 -.25 5.2047 -11.4875 -.25 5.2097 -11.4775 -.25 5.2222
4 0 -11.5175 -.25 5.2422 -11.5175 -.25 5.2222 -11.4775 -.25 5.2222 -11.465 -.25 5.2347
4 0 -11.2875 -.25 5.2597 -11.3175 -.25 5.1997 -11.285 -.25 5.1947 -11.25 -.25 5.2597
4 0 -11.3075 -.25 5.2622 -11.3525 -.25 5.2072 -11.3175 -.25 5.1997 -11.2875 -.25 5.2597
4 0 -11.2225 -.25 5.2672 -11.25 -.25 5.2597 -11.285 -.25 5.1947 -11.245 -.25 5.1947
4 0 -11.5175 -.25 5.2672 -11.5175 -.25 5.2422 -11.465 -.25 5.2347 -11.45 -.25 5.2397
4 0 -11.3375 -.25 5.2722 -11.3775 -.25 5.2172 -11.3525 -.25 5.2072 -11.3075 -.25 5.2622
4 0 -11.2025 -.25 5.2747 -11.2225 -.25 5.2672 -11.245 -.25 5.1947 -11.2075 -.25 5.1972
4 0 -11.1875 -.25 5.2847 -11.2025 -.25 5.2747 -11.2075 -.25 5.1972 -11.18 -.25 5.2047
4 0 -11.37 -.25 5.2872 -11.4025 -.25 5.2297 -11.3775 -.25 5.2172 -11.3375 -.25 5.2722
4 0 -11.1725 -.25 5.2972 -11.1875 -.25 5.2847 -11.18 -.25 5.2047 -11.155 -.25 5.2147
4 0 -11.4 -.25 5.3047 -11.43 -.25 5.2397 -11.4025 -.25 5.2297 -11.37 -.25 5.2872
4 0 -11.165 -.25 5.3122 -11.1725 -.25 5.2972 -11.155 -.25 5.2147 -11.125 -.25 5.2347
4 0 -11.4275 -.25 5.3247 -11.45 -.25 5.2397 -11.43 -.25 5.2397 -11.4 -.25 5.3047
4 0 -11.4275 -.25 5.3247 -11.52 -.25 5.3022 -11.5175 -.25 5.2672 -11.45 -.25 5.2397
4 0 -11.1625 -.25 5.3297 -11.165 -.25 5.3122 -11.125 -.25 5.2347 -11.1025 -.25 5.2547
4 0 -11.1625 -.25 5.3447 -11.1625 -.25 5.3297 -11.1025 -.25 5.2547 -11.0825 -.25 5.2797
4 0 -11.4525 -.25 5.3472 -11.5275 -.25 5.3447 -11.52 -.25 5.3022 -11.4275 -.25 5.3247
4 0 -11.1675 -.25 5.3597 -11.1625 -.25 5.3447 -11.0825 -.25 5.2797 -11.065 -.25 5.3122
4 0 -11.175 -.25 5.3722 -11.1675 -.25 5.3597 -11.065 -.25 5.3122 -11.0625 -.25 5.3347
4 0 -11.5375 -.25 5.3822 -11.5275 -.25 5.3447 -11.4525 -.25 5.3472 -11.4725 -.25 5.3697
4 0 -11.1875 -.25 5.3872 -11.175 -.25 5.3722 -11.0625 -.25 5.3347 -11.0625 -.25 5.3722
4 0 -11.5525 -.25 5.3997 -11.5375 -.25 5.3822 -11.4725 -.25 5.3697 -11.485 -.25 5.3897
4 0 -11.495 -.25 5.4072 -11.565 -.25 5.4047 -11.5525 -.25 5.3997 -11.485 -.25 5.3897
4 0 -11.065 -.25 5.4097 -11.205 -.25 5.4022 -11.1875 -.25 5.3872 -11.0625 -.25 5.3722
4 0 -11.51 -.25 5.4247 -11.565 -.25 5.4197 -11.565 -.25 5.4047 -11.495 -.25 5.4072
4 0 -11.5225 -.25 5.4372 -11.56 -.25 5.4347 -11.565 -.25 5.4197 -11.51 -.25 5.4247
4 0 -11.5375 -.25 5.4472 -11.55 -.25 5.4472 -11.56 -.25 5.4347 -11.5225 -.25 5.4372
4 0 -11.075 -.25 5.4497 -11.225 -.25 5.4172 -11.205 -.25 5.4022 -11.065 -.25 5.4097
4 0 -11.095 -.25 5.4897 -11.25 -.25 5.4322 -11.225 -.25 5.4172 -11.075 -.25 5.4497
4 0 -11.12 -.25 5.5197 -11.275 -.25 5.4447 -11.25 -.25 5.4322 -11.095 -.25 5.4897
4 0 -11.1475 -.25 5.5447 -11.3025 -.25 5.4547 -11.275 -.25 5.4447 -11.12 -.25 5.5197
4 0 -11.1825 -.25 5.5622 -11.335 -.25 5.4672 -11.3025 -.25 5.4547 -11.1475 -.25 5.5447
4 0 -11.2275 -.25 5.5772 -11.36 -.25 5.4747 -11.335 -.25 5.4672 -11.1825 -.25 5.5622
4 0 -11.28 -.25 5.5872 -11.3925 -.25 5.4847 -11.36 -.25 5.4747 -11.2275 -.25 5.5772
4 0 -11.325 -.25 5.5997 -11.4225 -.25 5.4972 -11.3925 -.25 5.4847 -11.28 -.25 5.5872
4 0 -11.365 -.25 5.6122 -11.455 -.25 5.5122 -11.4225 -.25 5.4972 -11.325 -.25 5.5997
4 0 -11.4 -.25 5.6272 -11.49 -.25 5.5347 -11.455 -.25 5.5122 -11.365 -.25 5.6122
4 0 -11.4225 -.25 5.6397 -11.5225 -.25 5.5597 -11.49 -.25 5.5347 -11.4 -.25 5.6272
4 0 -11.445 -.25 5.6522 -11.55 -.25 5.5922 -11.5225 -.25 5.5597 -11.4225 -.25 5.6397
4 0 -11.4625 -.25 5.6672 -11.5725 -.25 5.6297 -11.55 -.25 5.5922 -11.445 -.25 5.6522
4 0 -11.4825 -.25 5.6872 -11.585 -.25 5.6622 -11.5725 -.25 5.6297 -11.4625 -.25 5.6672
4 0 -11.4975 -.25 5.7072 -11.595 -.25 5.7022 -11.585 -.25 5.6622 -11.4825 -.25 5.6872
4 0 -11.6 -.25 5.7322 -11.595 -.25 5.7022 -11.4975 -.25 5.7072 -11.5075 -.25 5.7272
4 0 -11.1 -.25 5.7372 -11.1525 -.25 5.6247 -11.1225 -.25 5.6247 -11.1 -.25 5.6272
4 0 -11.1 -.25 5.7372 -11.1 -.25 5.6272 -11.0725 -.25 5.6347 -11.04 -.25 5.6522
4 0 -11.1 -.25 5.7372 -11.1925 -.25 5.6422 -11.1725 -.25 5.6297 -11.1525 -.25 5.6247
4 0 -11.1 -.25 5.7372 -11.04 -.25 5.6522 -11.025 -.25 5.6747 -11.0175 -.25 5.7047
4 0 -11.1 -.25 5.7372 -11.21 -.25 5.6772 -11.2075 -.25 5.6597 -11.1925 -.25 5.6422
4 0 -11.1 -.25 5.7372 -11.195 -.25 5.7172 -11.2075 -.25 5.6922 -11.21 -.25 5.6772
4 0 -11.16 -.25 5.7472 -11.175 -.25 5.7372 -11.195 -.25 5.7172 -11.1 -.25 5.7372
4 0 -11.0925 -.25 5.7497 -11.1 -.25 5.7372 -11.0175 -.25 5.7047 -11.015 -.25 5.7347
3 0 -11.135 -.25 5.7522 -11.1 -.25 5.7372 -11.1175 -.25 5.7472
4 0 -11.15 -.25 5.7522 -11.16 -.25 5.7472 -11.1 -.25 5.7372 -11.135 -.25 5.7522
4 0 -11.015 -.25 5.7622 -11.09 -.25 5.7622 -11.0925 -.25 5.7497 -11.015 -.25 5.7347
4 0 -11.51 -.25 5.7647 -11.6 -.25 5.7647 -11.6 -.25 5.7322 -11.5075 -.25 5.7272
4 0 -11.0175 -.25 5.7922 -11.0875 -.25 5.7897 -11.09 -.25 5.7622 -11.015 -.25 5.7622
4 0 -11.595 -.25 5.8022 -11.6 -.25 5.7647 -11.51 -.25 5.7647 -11.5075 -.25 5.7922
4 0 -11.0225 -.25 5.8197 -11.09 -.25 5.8147 -11.0875 -.25 5.7897 -11.0175 -.25 5.7922
4 0 -11.0275 -.25 5.8397 -11.095 -.25 5.8372 -11.09 -.25 5.8147 -11.0225 -.25 5.8197
4 0 -11.5875 -.25 5.8422 -11.595 -.25 5.8022 -11.5075 -.25 5.7922 -11.5 -.25 5.8172
4 0 -11.0375 -.25 5.8672 -11.105 -.25 5.8547 -11.095 -.25 5.8372 -11.0275 -.25 5.8397
4 0 -11.5725 -.25 5.8772 -11.5875 -.25 5.8422 -11.5 -.25 5.8172 -11.4925 -.25 5.8372
4 0 -11.05 -.25 5.8897 -11.1175 -.25 5.8697 -11.105 -.25 5.8547 -11.0375 -.25 5.8672
4 0 -11.5525 -.25 5.9097 -11.5725 -.25 5.8772 -11.4925 -.25 5.8372 -11.48 -.25 5.8597
4 0 -11.07 -.25 5.9172 -11.135 -.25 5.8872 -11.1175 -.25 5.8697 -11.05 -.25 5.8897
4 0 -11.0975 -.25 5.9422 -11.1525 -.25 5.8997 -11.135 -.25 5.8872 -11.07 -.25 5.9172
4 0 -11.5225 -.25 5.9422 -11.5525 -.25 5.9097 -11.48 -.25 5.8597 -11.465 -.25 5.8797
4 0 -11.12 -.25 5.9597 -11.17 -.25 5.9097 -11.1525 -.25 5.8997 -11.0975 -.25 5.9422
4 0 -11.495 -.25 5.9647 -11.5225 -.25 5.9422 -11.465 -.25 5.8797 -11.445 -.25 5.8972
4 0 -11.145 -.25 5.9722 -11.19 -.25 5.9172 -11.17 -.25 5.9097 -11.12 -.25 5.9597
4 0 -11.18 -.25 5.9872 -11.2125 -.25 5.9247 -11.19 -.25 5.9172 -11.145 -.25 5.9722
4 0 -11.4425 -.25 5.9897 -11.495 -.25 5.9647 -11.445 -.25 5.8972 -11.4275 -.25 5.9072
4 0 -11.215 -.25 5.9972 -11.235 -.25 5.9297 -11.2125 -.25 5.9247 -11.18 -.25 5.9872
4 0 -11.4075 -.25 6 -11.4425 -.25 5.9897 -11.4275 -.25 5.9072 -11.405 -.25 5.9197
4 0 -11.24 -.25 6.0022 -11.265 -.25 5.9347 -11.235 -.25 5.9297 -11.215 -.25 5.9972
4 0 -11.27 -.25 6.0047 -11.2975 -.25 5.9372 -11.265 -.25 5.9347 -11.24 -.25 6.0022
4 0 -11.375 -.25 6.0047 -11.4075 -.25 6 -11.405 -.25 5.9197 -11.3825 -.25 5.9272
4 0 -11.3025 -.25 6.0072 -11.325 -.25 5.9372 -11.2975 -.25 5.9372 -11.27 -.25 6.0047
4 0 -11.34 -.25 6.0072 -11.36 -.25 5.9322 -11.325 -.25 5.9372 -11.3025 -.25 6.0072
4 0 -11.34 -.25 6.0072 -11.375 -.25 6.0047 -11.3825 -.25 5.9272 -11.36 -.25 5.9322
4 0 -13.43 -.25 5.2097 -13.445 -.25 5.1947 -13.455 -.25 5.1747 -13.43 -.25 5.1847
4 0 -13.4175 -.25 5.2222 -13.43 -.25 5.2097 -13.43 -.25 5.1847 -13.4125 -.25 5.1922
4 0 -13.3975 -.25 5.2372 -13.4175 -.25 5.2222 -13.4125 -.25 5.1922 -13.39 -.25 5.2022
4 0 -13.105 -.25 5.2472 -13.0825 -.25 5.2472 -13.0675 -.25 5.3197 -13.105 -.25 5.3197
4 0 -13.105 -.25 5.2472 -13.105 -.25 5.3197 -13.14 -.25 5.3172 -13.1325 -.25 5.2472
4 0 -13.1325 -.25 5.2472 -13.14 -.25 5.3172 -13.175 -.25 5.3147 -13.1725 -.25 5.2447
4 0 -13.38 -.25 5.2472 -13.3975 -.25 5.2372 -13.39 -.25 5.2022 -13.3675 -.25 5.2097
4 0 -12.5575 -.25 5.2572 -12.5825 -.25 5.3047 -12.595 -.25 5.2972 -12.5775 -.25 5.2447
4 0 -13.3575 -.25 5.2597 -13.38 -.25 5.2472 -13.3675 -.25 5.2097 -13.3475 -.25 5.2147
4 0 -13.33 -.25 5.2722 -13.3575 -.25 5.2597 -13.3475 -.25 5.2147 -13.3225 -.25 5.2222
4 0 -12.66 -.25 5.2797 -12.6825 -.25 5.2797 -12.71 -.25 5.2172 -12.6775 -.25 5.2197
4 0 -12.6425 -.25 5.2822 -12.66 -.25 5.2797 -12.6775 -.25 5.2197 -12.65 -.25 5.2247
4 0 -12.7125 -.25 5.2822 -12.74 -.25 5.2172 -12.71 -.25 5.2172 -12.6825 -.25 5.2797
4 0 -12.7325 -.25 5.2847 -12.77 -.25 5.2172 -12.74 -.25 5.2172 -12.7125 -.25 5.2822
4 0 -12.6225 -.25 5.2872 -12.6425 -.25 5.2822 -12.65 -.25 5.2247 -12.625 -.25 5.2297
4 0 -13.2925 -.25 5.2872 -13.33 -.25 5.2722 -13.3225 -.25 5.2222 -13.295 -.25 5.2297
4 0 -12.765 -.25 5.2897 -12.8075 -.25 5.2172 -12.77 -.25 5.2172 -12.7325 -.25 5.2847
4 0 -12.6075 -.25 5.2922 -12.6225 -.25 5.2872 -12.625 -.25 5.2297 -12.6 -.25 5.2372
4 0 -13.265 -.25 5.2947 -13.2925 -.25 5.2872 -13.295 -.25 5.2297 -13.2675 -.25 5.2347
4 0 -12.595 -.25 5.2972 -12.6075 -.25 5.2922 -12.6 -.25 5.2372 -12.5775 -.25 5.2447
4 0 -12.8025 -.25 5.2972 -12.8425 -.25 5.2197 -12.8075 -.25 5.2172 -12.765 -.25 5.2897
4 0 -13.2325 -.25 5.3022 -13.265 -.25 5.2947 -13.2675 -.25 5.2347 -13.2375 -.25 5.2397
4 0 -12.8375 -.25 5.3047 -12.8825 -.25 5.2222 -12.8425 -.25 5.2197 -12.8025 -.25 5.2972
4 0 -13.2 -.25 5.3097 -13.2325 -.25 5.3022 -13.2375 -.25 5.2397 -13.21 -.25 5.2422
4 0 -12.5725 -.25 5.3122 -12.5825 -.25 5.3047 -12.5575 -.25 5.2572 -12.5375 -.25 5.2722
4 0 -12.8675 -.25 5.3122 -12.94 -.25 5.2297 -12.8825 -.25 5.2222 -12.8375 -.25 5.3047
4 0 -13.175 -.25 5.3147 -13.2 -.25 5.3097 -13.21 -.25 5.2422 -13.1725 -.25 5.2447
4 0 -12.56 -.25 5.3222 -12.5725 -.25 5.3122 -12.5375 -.25 5.2722 -12.52 -.25 5.2872
4 0 -13.035 -.25 5.3222 -13.0675 -.25 5.3197 -13.0825 -.25 5.2472 -13.05 -.25 5.2447
4 0 -12.9125 -.25 5.3247 -13 -.25 5.2397 -12.94 -.25 5.2297 -12.8675 -.25 5.3122
4 0 -12.9125 -.25 5.3247 -13.035 -.25 5.3222 -13.05 -.25 5.2447 -13 -.25 5.2397
4 0 -12.5475 -.25 5.3372 -12.56 -.25 5.3222 -12.52 -.25 5.2872 -12.5 -.25 5.3072
4 0 -12.9 -.25 5.3422 -13.0225 -.25 5.3297 -13.035 -.25 5.3222 -12.9125 -.25 5.3247
4 0 -12.54 -.25 5.3472 -12.5475 -.25 5.3372 -12.5 -.25 5.3072 -12.49 -.25 5.3272
4 0 -12.535 -.25 5.3572 -12.54 -.25 5.3472 -12.49 -.25 5.3272 -12.4825 -.25 5.3522
4 0 -12.885 -.25 5.3672 -13.0125 -.25 5.3422 -13.0225 -.25 5.3297 -12.9 -.25 5.3422
4 0 -12.4775 -.25 5.3772 -12.5325 -.25 5.3697 -12.535 -.25 5.3572 -12.4825 -.25 5.3522
3 0 -12.7125 -.25 5.3947 -12.7175 -.25 5.3697 -12.7 -.25 5.3847
4 0 -12.4775 -.25 5.4072 -12.5325 -.25 5.3747 -12.5325 -.25 5.3697 -12.4775 -.25 5.3772
4 0 -12.705 -.25 5.4147 -12.7125 -.25 5.3947 -12.7 -.25 5.3847 -12.69 -.25 5.3922
4 0 -12.48 -.25 5.4322 -12.5325 -.25 5.3847 -12.5325 -.25 5.3747 -12.4775 -.25 5.4072
4 0 -12.845 -.25 5.4347 -12.9975 -.25 5.3672 -13.0125 -.25 5.3422 -12.885 -.25 5.3672
4 0 -12.69 -.25 5.4397 -12.705 -.25 5.4147 -12.69 -.25 5.3922 -12.6725 -.25 5.4022
4 0 -12.485 -.25 5.4472 -12.535 -.25 5.3947 -12.5325 -.25 5.3847 -12.48 -.25 5.4322
4 0 -12.67 -.25 5.4597 -12.69 -.25 5.4397 -12.6725 -.25 5.4022 -12.66 -.25 5.4097
4 0 -12.4925 -.25 5.4622 -12.5375 -.25 5.4022 -12.535 -.25 5.3947 -12.485 -.25 5.4472
4 0 -12.65 -.25 5.4747 -12.67 -.25 5.4597 -12.66 -.25 5.4097 -12.6425 -.25 5.4172
4 0 -12.5075 -.25 5.4772 -12.5475 -.25 5.4122 -12.5375 -.25 5.4022 -12.4925 -.25 5.4622
4 0 -12.6275 -.25 5.4847 -12.65 -.25 5.4747 -12.6425 -.25 5.4172 -12.6275 -.25 5.4222
4 0 -12.53 -.25 5.4872 -12.56 -.25 5.4197 -12.5475 -.25 5.4122 -12.5075 -.25 5.4772
4 0 -12.6075 -.25 5.4897 -12.6275 -.25 5.4847 -12.6275 -.25 5.4222 -12.61 -.25 5.4247
4 0 -12.555 -.25 5.4922 -12.5775 -.25 5.4247 -12.56 -.25 5.4197 -12.53 -.25 5.4872
4 0 -12.58 -.25 5.4922 -12.59 -.25 5.4247 -12.5775 -.25 5.4247 -12.555 -.25 5.4922
4 0 -12.58 -.25 5.4922 -12.6075 -.25 5.4897 -12.61 -.25 5.4247 -12.59 -.25 5.4247
4 0 -12.815 -.25 5.4947 -12.9625 -.25 5.4347 -12.9975 -.25 5.3672 -12.845 -.25 5.4347
3 0 -13.045 -.25 5.5397 -13.045 -.25 5.5172 -13.0375 -.25 5.5272
4 0 -13.04 -.25 5.5572 -13.045 -.25 5.5397 -13.0375 -.25 5.5272 -13.03 -.25 5.5347
4 0 -12.7875 -.25 5.5622 -12.935 -.25 5.4947 -12.9625 -.25 5.4347 -12.815 -.25 5.4947
4 0 -13.0325 -.25 5.5722 -13.04 -.25 5.5572 -13.03 -.25 5.5347 -13.02 -.25 5.5422
4 0 -13.0225 -.25 5.5897 -13.0325 -.25 5.5722 -13.02 -.25 5.5422 -13.01 -.25 5.5497
4 0 -13.01 -.25 5.6047 -13.0225 -.25 5.5897 -13.01 -.25 5.5497 -12.9975 -.25 5.5572
4 0 -12.9925 -.25 5.6172 -13.01 -.25 5.6047 -12.9975 -.25 5.5572 -12.985 -.25 5.5622
4 0 -12.9725 -.25 5.6297 -12.9925 -.25 5.6172 -12.985 -.25 5.5622 -12.965 -.25 5.5647
4 0 -12.735 -.25 5.6322 -12.7475 -.25 5.6322 -12.7475 -.25 5.5647 -12.73 -.25 5.5697
4 0 -12.7175 -.25 5.6372 -12.735 -.25 5.6322 -12.73 -.25 5.5697 -12.7125 -.25 5.5772
4 0 -12.755 -.25 5.6372 -12.77 -.25 5.5622 -12.7475 -.25 5.5647 -12.7475 -.25 5.6322
4 0 -12.945 -.25 5.6397 -12.9725 -.25 5.6297 -12.965 -.25 5.5647 -12.95 -.25 5.5647
4 0 -12.88 -.25 5.6422 -12.7875 -.25 5.5622 -12.77 -.25 5.5622 -12.755 -.25 5.6372
4 0 -12.88 -.25 5.6422 -12.91 -.25 5.5647 -12.935 -.25 5.4947 -12.7875 -.25 5.5622
4 0 -12.9175 -.25 5.6422 -12.93 -.25 5.5647 -12.91 -.25 5.5647 -12.88 -.25 5.6422
4 0 -12.9175 -.25 5.6422 -12.945 -.25 5.6397 -12.95 -.25 5.5647 -12.93 -.25 5.5647
4 0 -12.7 -.25 5.6447 -12.7175 -.25 5.6372 -12.7125 -.25 5.5772 -12.6975 -.25 5.5897
4 0 -12.875 -.25 5.6497 -12.88 -.25 5.6422 -12.755 -.25 5.6372 -12.7575 -.25 5.6472
4 0 -12.685 -.25 5.6522 -12.7 -.25 5.6447 -12.6975 -.25 5.5897 -12.6825 -.25 5.6047
4 0 -12.6725 -.25 5.6597 -12.685 -.25 5.6522 -12.6825 -.25 5.6047 -12.67 -.25 5.6197
4 0 -12.6625 -.25 5.6672 -12.6725 -.25 5.6597 -12.67 -.25 5.6197 -12.6625 -.25 5.6347
4 0 -12.755 -.25 5.6672 -12.8725 -.25 5.6622 -12.875 -.25 5.6497 -12.7575 -.25 5.6472
4 0 -12.65 -.25 5.6747 -12.6625 -.25 5.6672 -12.6625 -.25 5.6347 -12.655 -.25 5.6522
4 0 -12.865 -.25 5.6797 -12.8725 -.25 5.6622 -12.755 -.25 5.6672 -12.75 -.25 5.6797
4 0 -12.8575 -.25 5.6997 -12.865 -.25 5.6797 -12.75 -.25 5.6797 -12.7425 -.25 5.6972
4 0 -12.7275 -.25 5.7272 -12.8475 -.25 5.7247 -12.8575 -.25 5.6997 -12.7425 -.25 5.6972
4 0 -12.3175 -.25 5.7422 -12.3375 -.25 5.6172 -12.325 -.25 5.6172 -12.3125 -.25 5.6197
3 0 -12.3175 -.25 5.7422 -12.3125 -.25 5.6197 -12.3 -.25 5.6222
4 0 -12.3175 -.25 5.7422 -12.3 -.25 5.6222 -12.2875 -.25 5.6297 -12.275 -.25 5.6422
4 0 -12.3175 -.25 5.7422 -12.37 -.25 5.6272 -12.355 -.25 5.6222 -12.3375 -.25 5.6172
4 0 -12.3175 -.25 5.7422 -12.275 -.25 5.6422 -12.265 -.25 5.6547 -12.255 -.25 5.6747
4 0 -12.3175 -.25 5.7422 -12.3975 -.25 5.6447 -12.3825 -.25 5.6347 -12.37 -.25 5.6272
3 0 -12.3175 -.25 5.7422 -12.4075 -.25 5.6522 -12.3975 -.25 5.6447
3 0 -12.3175 -.25 5.7422 -12.4175 -.25 5.6597 -12.4075 -.25 5.6522
4 0 -12.3175 -.25 5.7422 -12.255 -.25 5.6747 -12.25 -.25 5.6947 -12.2475 -.25 5.7097
4 0 -12.3175 -.25 5.7422 -12.435 -.25 5.6772 -12.4275 -.25 5.6672 -12.4175 -.25 5.6597
4 0 -12.3175 -.25 5.7422 -12.4425 -.25 5.7022 -12.44 -.25 5.6897 -12.435 -.25 5.6772
3 0 -12.3175 -.25 5.7422 -12.2475 -.25 5.7097 -12.2425 -.25 5.7372
3 0 -12.3175 -.25 5.7422 -12.4425 -.25 5.7197 -12.4425 -.25 5.7022
4 0 -12.3175 -.25 5.7422 -12.44 -.25 5.7422 -12.4425 -.25 5.7297 -12.4425 -.25 5.7197
4 0 -12.4175 -.25 5.7597 -12.43 -.25 5.7522 -12.44 -.25 5.7422 -12.3175 -.25 5.7422
4 0 -12.8325 -.25 5.7597 -12.8475 -.25 5.7247 -12.7275 -.25 5.7272 -12.7075 -.25 5.7597
3 0 -12.385 -.25 5.7622 -12.3175 -.25 5.7422 -12.3475 -.25 5.7547
4 0 -12.4025 -.25 5.7622 -12.4175 -.25 5.7597 -12.3175 -.25 5.7422 -12.385 -.25 5.7622
4 0 -12.24 -.25 5.7722 -12.3075 -.25 5.7572 -12.3175 -.25 5.7422 -12.2425 -.25 5.7372
4 0 -12.815 -.25 5.7947 -12.8325 -.25 5.7597 -12.7075 -.25 5.7597 -12.69 -.25 5.7897
4 0 -12.2425 -.25 5.7972 -12.295 -.25 5.7872 -12.3075 -.25 5.7572 -12.24 -.25 5.7722
4 0 -12.2475 -.25 5.8272 -12.2925 -.25 5.8122 -12.295 -.25 5.7872 -12.2425 -.25 5.7972
4 0 -12.7925 -.25 5.8347 -12.815 -.25 5.7947 -12.69 -.25 5.7897 -12.665 -.25 5.8272
4 0 -12.2575 -.25 5.8622 -12.295 -.25 5.8322 -12.2925 -.25 5.8122 -12.2475 -.25 5.8272
4 0 -12.76 -.25 5.8847 -12.7925 -.25 5.8347 -12.665 -.25 5.8272 -12.6425 -.25 5.8572
4 0 -12.2725 -.25 5.8972 -12.3025 -.25 5.8547 -12.295 -.25 5.8322 -12.2575 -.25 5.8622
4 0 -12.2875 -.25 5.9222 -12.3175 -.25 5.8747 -12.3025 -.25 5.8547 -12.2725 -.25 5.8972
4 0 -12.725 -.25 5.9272 -12.76 -.25 5.8847 -12.6425 -.25 5.8572 -12.615 -.25 5.8922
4 0 -12.3075 -.25 5.9472 -12.3325 -.25 5.8922 -12.3175 -.25 5.8747 -12.2875 -.25 5.9222
4 0 -12.6875 -.25 5.9647 -12.725 -.25 5.9272 -12.615 -.25 5.8922 -12.595 -.25 5.9147
4 0 -12.3275 -.25 5.9672 -12.355 -.25 5.9097 -12.3325 -.25 5.8922 -12.3075 -.25 5.9472
4 0 -12.355 -.25 5.9872 -12.375 -.25 5.9222 -12.355 -.25 5.9097 -12.3275 -.25 5.9672
4 0 -12.655 -.25 5.9897 -12.6875 -.25 5.9647 -12.595 -.25 5.9147 -12.575 -.25 5.9297
4 0 -12.3825 -.25 6.0022 -12.3975 -.25 5.9322 -12.375 -.25 5.9222 -12.355 -.25 5.9872
4 0 -12.62 -.25 6.0072 -12.655 -.25 5.9897 -12.575 -.25 5.9297 -12.5575 -.25 5.9397
4 0 -12.41 -.25 6.0122 -12.4175 -.25 5.9397 -12.3975 -.25 5.9322 -12.3825 -.25 6.0022
4 0 -12.59 -.25 6.0197 -12.62 -.25 6.0072 -12.5575 -.25 5.9397 -12.535 -.25 5.9472
4 0 -12.45 -.25 6.0222 -12.445 -.25 5.9472 -12.4175 -.25 5.9397 -12.41 -.25 6.0122
4 0 -12.475 -.25 6.0272 -12.465 -.25 5.9522 -12.445 -.25 5.9472 -12.45 -.25 6.0222
4 0 -12.475 -.25 6.0272 -12.5075 -.25 6.0272 -12.4875 -.25 5.9522 -12.465 -.25 5.9522
4 0 -12.5075 -.25 6.0272 -12.56 -.25 6.0272 -12.51 -.25 5.9522 -12.4875 -.25 5.9522
4 0 -12.56 -.25 6.0272 -12.59 -.25 6.0197 -12.535 -.25 5.9472 -12.51 -.25 5.9522
4 0 -12.6106 -.25 6.5604 -12.1795 -.25 6.8484 -12.4803 -.25 6.8484 -12.7125 -.25 6.6933
4 0 -11.8205 -.25 6.8484 -11.3895 -.25 6.5604 -11.2875 -.25 6.6933 -11.5197 -.25 6.8484
4 0 -14.677 -.25 3.3199 -14.5198 -.25 3.2534 -14.3925 -.25 3.8935 -14.5543 -.25 3.9369
3 0 -14.5198 -.25 3.2534 -14.677 -.25 3.3199 -14.6859 -.25 3.2753
4 0 -9.4802 -.25 3.2534 -9.4375 -.25 2.6022 -9.2817 -.25 2.7804 -9.3141 -.25 3.2753
0 // Red faces
3 4 -14.73 -.25 .5322 -13.3745 -.25 .3092 -13.7111 -.25 .39
3 4 -14.73 -.25 .5322 -13.7111 -.25 .39 -14.0429 -.25 .4883
3 4 -14.73 -.25 .5322 -14.0429 -.25 .4883 -14.3692 -.25 .6038
3 4 -9.27 -.25 .5322 -9.9571 -.25 .4883 -10.289 -.25 .39
3 4 -9.27 -.25 .5322 -9.6308 -.25 .6038 -9.9571 -.25 .4883
3 4 -9.27 -.25 .5322 -9.3111 -.25 .7363 -9.6308 -.25 .6038
3 4 -9.27 -.25 .5322 -9.27 -.25 .7547 -9.3111 -.25 .7363
3 4 -14.689 -.25 .7363 -14.73 -.25 .5322 -14.3692 -.25 .6038
3 4 -14.73 -.25 .7547 -14.73 -.25 .5322 -14.689 -.25 .7363
3 4 -11.6015 -.25 -.0144 -10.6255 -.25 .3092 -10.9658 -.25 .2461
3 4 -12.3985 -.25 -.0144 -12.6911 -.25 .2009 -13.0342 -.25 .2461
4 4 -13.3745 -.25 .3092 -14.73 -.25 .5322 -12.3985 -.25 -.0144 -13.0342 -.25 .2461
3 4 -12.346 -.25 .1738 -12.6911 -.25 .2009 -12.3985 -.25 -.0144
3 4 -10.6255 -.25 .3092 -11.6015 -.25 -.0144 -9.27 -.25 .5322
3 4 -11.6015 -.25 -.0144 -11.654 -.25 .1738 -12 -.25 .1647
3 4 -10.6255 -.25 .3092 -9.27 -.25 .5322 -10.289 -.25 .39
3 4 -11.654 -.25 .1738 -11.6015 -.25 -.0144 -11.309 -.25 .2009
3 4 -11.309 -.25 .2009 -11.6015 -.25 -.0144 -10.9658 -.25 .2461
3 4 -12.3985 -.25 -.0144 -11.6015 -.25 -.0144 -12 -.25 .1647
3 4 -12.3985 -.25 -.0144 -12 -.25 .1647 -12.346 -.25 .1738
0 // Yellow faces
4 14 -12.285 -.25 .7597 -12.295 -.25 .7422 -12.2875 -.25 .7472 -12.2825 -.25 .7547
4 14 -12.295 -.25 .7672 -12.3125 -.25 .7397 -12.295 -.25 .7422 -12.285 -.25 .7597
4 14 -12.3075 -.25 .7722 -12.325 -.25 .7447 -12.3125 -.25 .7397 -12.295 -.25 .7672
4 14 -12.32 -.25 .7772 -12.335 -.25 .7522 -12.325 -.25 .7447 -12.3075 -.25 .7722
4 14 -12.33 -.25 .7797 -12.34 -.25 .7597 -12.335 -.25 .7522 -12.32 -.25 .7772
4 14 -12.33 -.25 .7797 -12.345 -.25 .7797 -12.345 -.25 .7672 -12.34 -.25 .7597
3 14 -12.345 -.25 .7797 -12.35 -.25 .7747 -12.345 -.25 .7672
4 14 -11.94 -.25 .8747 -11.9475 -.25 .8747 -11.9425 -.25 .8597 -11.935 -.25 .8672
4 14 -11.9475 -.25 .8747 -11.955 -.25 .8747 -11.9525 -.25 .8597 -11.9425 -.25 .8597
4 14 -11.9625 -.25 .8772 -11.9625 -.25 .8597 -11.9525 -.25 .8597 -11.955 -.25 .8747
4 14 -12.34 -.25 .8772 -12.35 -.25 .8597 -12.3425 -.25 .8647 -12.3375 -.25 .8722
4 14 -11.97 -.25 .8797 -11.9725 -.25 .8622 -11.9625 -.25 .8597 -11.9625 -.25 .8772
4 14 -11.98 -.25 .8847 -11.985 -.25 .8672 -11.9725 -.25 .8622 -11.97 -.25 .8797
4 14 -12.35 -.25 .8847 -12.3675 -.25 .8572 -12.35 -.25 .8597 -12.34 -.25 .8772
4 14 -11.9875 -.25 .8897 -11.995 -.25 .8747 -11.985 -.25 .8672 -11.98 -.25 .8847
4 14 -12.3625 -.25 .8897 -12.38 -.25 .8622 -12.3675 -.25 .8572 -12.35 -.25 .8847
4 14 -11.7675 -.25 .8947 -11.765 -.25 .8872 -11.76 -.25 .8897 -11.7525 -.25 .8947
4 14 -12.375 -.25 .8947 -12.39 -.25 .8697 -12.38 -.25 .8622 -12.3625 -.25 .8897
4 14 -11.995 -.25 .8972 -12.005 -.25 .8847 -11.995 -.25 .8747 -11.9875 -.25 .8897
4 14 -12.385 -.25 .8972 -12.395 -.25 .8772 -12.39 -.25 .8697 -12.375 -.25 .8947
4 14 -12.385 -.25 .8972 -12.4 -.25 .8972 -12.4 -.25 .8847 -12.395 -.25 .8772
3 14 -12.4 -.25 .8972 -12.405 -.25 .8922 -12.4 -.25 .8847
4 14 -12 -.25 .9022 -12.01 -.25 .8972 -12.005 -.25 .8847 -11.995 -.25 .8972
4 14 -11.7625 -.25 .9047 -11.7675 -.25 .8947 -11.7525 -.25 .8947 -11.7425 -.25 .9022
4 14 -12.005 -.25 .9072 -12.0125 -.25 .9047 -12.01 -.25 .8972 -12 -.25 .9022
3 14 -12.01 -.25 .9097 -12.0125 -.25 .9047 -12.005 -.25 .9072
4 14 -11.7525 -.25 .9197 -11.7625 -.25 .9047 -11.7425 -.25 .9022 -11.7325 -.25 .9097
4 14 -11.74 -.25 .9347 -11.7525 -.25 .9197 -11.7325 -.25 .9097 -11.7175 -.25 .9197
4 14 -11.725 -.25 .9497 -11.74 -.25 .9347 -11.7175 -.25 .9197 -11.7025 -.25 .9297
4 14 -11.885 -.25 .9547 -11.8925 -.25 .9547 -11.875 -.25 .9222 -11.865 -.25 .9322
4 14 -11.8925 -.25 .9547 -11.9025 -.25 .9547 -11.89 -.25 .9122 -11.875 -.25 .9222
4 14 -11.9025 -.25 .9547 -11.91 -.25 .9547 -11.905 -.25 .9047 -11.89 -.25 .9122
4 14 -11.8775 -.25 .9572 -11.885 -.25 .9547 -11.865 -.25 .9322 -11.86 -.25 .9397
4 14 -11.9175 -.25 .9572 -11.925 -.25 .9022 -11.905 -.25 .9047 -11.91 -.25 .9547
3 14 -11.86 -.25 .9597 -11.87 -.25 .9597 -11.8575 -.25 .9472
4 14 -11.87 -.25 .9597 -11.8775 -.25 .9572 -11.86 -.25 .9397 -11.8575 -.25 .9472
4 14 -11.9225 -.25 .9597 -11.9425 -.25 .9047 -11.925 -.25 .9022 -11.9175 -.25 .9572
4 14 -11.7075 -.25 .9622 -11.725 -.25 .9497 -11.7025 -.25 .9297 -11.68 -.25 .9422
4 14 -11.9275 -.25 .9622 -11.955 -.25 .9097 -11.9425 -.25 .9047 -11.9225 -.25 .9597
4 14 -11.9325 -.25 .9672 -11.965 -.25 .9172 -11.955 -.25 .9097 -11.9275 -.25 .9622
4 14 -11.69 -.25 .9722 -11.7075 -.25 .9622 -11.68 -.25 .9422 -11.6625 -.25 .9522
4 14 -11.94 -.25 .9722 -11.9725 -.25 .9272 -11.965 -.25 .9172 -11.9325 -.25 .9672
4 14 -11.67 -.25 .9797 -11.69 -.25 .9722 -11.6625 -.25 .9522 -11.6425 -.25 .9597
4 14 -11.945 -.25 .9797 -11.98 -.25 .9397 -11.9725 -.25 .9272 -11.94 -.25 .9722
4 14 -11.9525 -.25 .9872 -11.985 -.25 .9497 -11.98 -.25 .9397 -11.945 -.25 .9797
4 14 -11.645 -.25 .9897 -11.67 -.25 .9797 -11.6425 -.25 .9597 -11.625 -.25 .9672
4 14 -11.9575 -.25 .9922 -11.99 -.25 .9622 -11.985 -.25 .9497 -11.9525 -.25 .9872
4 14 -11.6275 -.25 .9947 -11.645 -.25 .9897 -11.625 -.25 .9672 -11.6 -.25 .9772
4 14 -11.965 -.25 .9972 -11.9925 -.25 .9747 -11.99 -.25 .9622 -11.9575 -.25 .9922
4 14 -11.6075 -.25 1 -11.6275 -.25 .9947 -11.6 -.25 .9772 -11.5825 -.25 .9822
4 14 -11.975 -.25 1 -11.99 -.25 .9897 -11.9925 -.25 .9747 -11.965 -.25 .9972
3 14 -11.975 -.25 1 -11.985 -.25 1 -11.99 -.25 .9897
4 14 -11.545 -.25 1.0022 -11.555 -.25 1.0022 -11.5475 -.25 .9922 -11.54 -.25 .9972
4 14 -11.555 -.25 1.0022 -11.5675 -.25 1.0022 -11.56 -.25 .9897 -11.5475 -.25 .9922
4 14 -11.5675 -.25 1.0022 -11.585 -.25 1.0022 -11.57 -.25 .9872 -11.56 -.25 .9897
4 14 -11.585 -.25 1.0022 -11.6075 -.25 1 -11.5825 -.25 .9822 -11.57 -.25 .9872
4 14 -12.45 -.25 1.0197 -12.46 -.25 1.0197 -12.4575 -.25 1.0022 -12.445 -.25 1
4 14 -12.44 -.25 1.0222 -12.45 -.25 1.0197 -12.445 -.25 1 -12.435 -.25 1
4 14 -12.47 -.25 1.0222 -12.47 -.25 1.0022 -12.4575 -.25 1.0022 -12.46 -.25 1.0197
4 14 -12.47 -.25 1.0222 -12.48 -.25 1.0222 -12.4825 -.25 1.0047 -12.47 -.25 1.0022
4 14 -12.48 -.25 1.0222 -12.49 -.25 1.0222 -12.49 -.25 1.0072 -12.4825 -.25 1.0047
4 14 -12.49 -.25 1.0222 -12.495 -.25 1.0197 -12.495 -.25 1.0122 -12.49 -.25 1.0072
4 14 -12.4325 -.25 1.0247 -12.44 -.25 1.0222 -12.435 -.25 1 -12.4175 -.25 1
4 14 -12.425 -.25 1.0272 -12.4325 -.25 1.0247 -12.4175 -.25 1 -12.405 -.25 1.0022
4 14 -12.415 -.25 1.0322 -12.425 -.25 1.0272 -12.405 -.25 1.0022 -12.395 -.25 1
4 14 -12.4025 -.25 1.0372 -12.415 -.25 1.0322 -12.395 -.25 1 -12.385 -.25 .9972
4 14 -12.39 -.25 1.0422 -12.4025 -.25 1.0372 -12.385 -.25 .9972 -12.3775 -.25 .9947
4 14 -12.355 -.25 1.0472 -12.355 -.25 1.0097 -12.35 -.25 1.0222 -12.35 -.25 1.0447
4 14 -12.38 -.25 1.0472 -12.39 -.25 1.0422 -12.3775 -.25 .9947 -12.3725 -.25 .9947
4 14 -12.36 -.25 1.0522 -12.36 -.25 .9972 -12.355 -.25 1.0097 -12.355 -.25 1.0472
4 14 -12.36 -.25 1.0522 -12.37 -.25 1.0522 -12.365 -.25 .9947 -12.36 -.25 .9972
4 14 -12.37 -.25 1.0522 -12.38 -.25 1.0472 -12.3725 -.25 .9947 -12.365 -.25 .9947
3 14 -11.345 -.25 1.1272 -11.3425 -.25 1.1172 -11.335 -.25 1.1097
4 14 -11.3425 -.25 1.1397 -11.345 -.25 1.1272 -11.335 -.25 1.1097 -11.325 -.25 1.1022
4 14 -11.34 -.25 1.1422 -11.3425 -.25 1.1397 -11.325 -.25 1.1022 -11.3125 -.25 1.0972
4 14 -11.335 -.25 1.1447 -11.34 -.25 1.1422 -11.3125 -.25 1.0972 -11.3 -.25 1.0997
4 14 -11.325 -.25 1.1472 -11.335 -.25 1.1447 -11.3 -.25 1.0997 -11.2875 -.25 1.1072
4 14 -12.41 -.25 1.1472 -12.415 -.25 1.1272 -12.405 -.25 1.1322 -12.4025 -.25 1.1447
4 14 -12.41 -.25 1.1472 -12.42 -.25 1.1522 -12.425 -.25 1.1247 -12.415 -.25 1.1272
4 14 -11.3175 -.25 1.1522 -11.325 -.25 1.1472 -11.2875 -.25 1.1072 -11.28 -.25 1.1172
4 14 -12.015 -.25 1.1522 -12.015 -.25 1.1472 -12.01 -.25 1.1472 -12.0025 -.25 1.1522
4 14 -12.43 -.25 1.1572 -12.4425 -.25 1.1247 -12.425 -.25 1.1247 -12.42 -.25 1.1522
4 14 -11.305 -.25 1.1597 -11.3175 -.25 1.1522 -11.28 -.25 1.1172 -11.27 -.25 1.1322
4 14 -11.995 -.25 1.1597 -12.0125 -.25 1.1572 -12.015 -.25 1.1522 -12.0025 -.25 1.1522
4 14 -12.4425 -.25 1.1597 -12.4525 -.25 1.1297 -12.4425 -.25 1.1247 -12.43 -.25 1.1572
4 14 -12.4525 -.25 1.1622 -12.4625 -.25 1.1372 -12.4525 -.25 1.1297 -12.4425 -.25 1.1597
4 14 -12.0075 -.25 1.1647 -12.0125 -.25 1.1572 -11.995 -.25 1.1597 -11.99 -.25 1.1647
4 14 -12.465 -.25 1.1647 -12.47 -.25 1.1472 -12.4625 -.25 1.1372 -12.4525 -.25 1.1622
4 14 -12.465 -.25 1.1647 -12.4775 -.25 1.1647 -12.475 -.25 1.1547 -12.47 -.25 1.1472
4 14 -11.295 -.25 1.1672 -11.305 -.25 1.1597 -11.27 -.25 1.1322 -11.265 -.25 1.1472
4 14 -11.2875 -.25 1.1747 -11.295 -.25 1.1672 -11.265 -.25 1.1472 -11.2625 -.25 1.1597
4 14 -12 -.25 1.1747 -12.0075 -.25 1.1647 -11.99 -.25 1.1647 -11.98 -.25 1.1722
4 14 -11.2825 -.25 1.1797 -11.2875 -.25 1.1747 -11.2625 -.25 1.1597 -11.26 -.25 1.1722
4 14 -11.2775 -.25 1.1847 -11.2825 -.25 1.1797 -11.26 -.25 1.1722 -11.2625 -.25 1.1797
4 14 -11.2725 -.25 1.1872 -11.2775 -.25 1.1847 -11.2625 -.25 1.1797 -11.265 -.25 1.1847
4 14 -11.99 -.25 1.1872 -12 -.25 1.1747 -11.98 -.25 1.1722 -11.97 -.25 1.1797
4 14 -11.5375 -.25 1.1972 -11.5375 -.25 1.1922 -11.5325 -.25 1.1872 -11.525 -.25 1.1847
4 14 -11.98 -.25 1.1997 -11.99 -.25 1.1872 -11.97 -.25 1.1797 -11.96 -.25 1.1872
4 14 -11.535 -.25 1.2047 -11.5375 -.25 1.1972 -11.525 -.25 1.1847 -11.515 -.25 1.1872
4 14 -11.5275 -.25 1.2147 -11.535 -.25 1.2047 -11.515 -.25 1.1872 -11.5075 -.25 1.1922
4 14 -11.9675 -.25 1.2147 -11.98 -.25 1.1997 -11.96 -.25 1.1872 -11.9475 -.25 1.1972
4 14 -11.52 -.25 1.2197 -11.5275 -.25 1.2147 -11.5075 -.25 1.1922 -11.5025 -.25 1.1997
3 14 -11.5125 -.25 1.2222 -11.5 -.25 1.2122 -11.5025 -.25 1.2197
4 14 -11.5125 -.25 1.2222 -11.52 -.25 1.2197 -11.5025 -.25 1.1997 -11.5 -.25 1.2122
4 14 -11.9575 -.25 1.2272 -11.9675 -.25 1.2147 -11.9475 -.25 1.1972 -11.9375 -.25 1.2047
4 14 -12.1075 -.25 1.2272 -12.1175 -.25 1.2222 -12.1125 -.25 1.2197 -12.11 -.25 1.2222
4 14 -12.1175 -.25 1.2297 -12.1175 -.25 1.2222 -12.1075 -.25 1.2272 -12.105 -.25 1.2297
4 14 -11.95 -.25 1.2372 -11.9575 -.25 1.2272 -11.9375 -.25 1.2047 -11.93 -.25 1.2097
4 14 -12.115 -.25 1.2372 -12.1175 -.25 1.2297 -12.105 -.25 1.2297 -12.1025 -.25 1.2347
4 14 -11.94 -.25 1.2472 -11.95 -.25 1.2372 -11.93 -.25 1.2097 -11.9175 -.25 1.2172
4 14 -12.1125 -.25 1.2472 -12.115 -.25 1.2372 -12.1025 -.25 1.2347 -12.095 -.25 1.2422
3 14 -12.4175 -.25 1.2497 -12.4275 -.25 1.2222 -12.415 -.25 1.2272
4 14 -12.4175 -.25 1.2497 -12.415 -.25 1.2272 -12.4075 -.25 1.2347 -12.4075 -.25 1.2447
4 14 -11.93 -.25 1.2547 -11.94 -.25 1.2472 -11.9175 -.25 1.2172 -11.905 -.25 1.2247
4 14 -12.4275 -.25 1.2547 -12.4475 -.25 1.2222 -12.4275 -.25 1.2222 -12.4175 -.25 1.2497
4 14 -12.1075 -.25 1.2572 -12.1125 -.25 1.2472 -12.095 -.25 1.2422 -12.09 -.25 1.2472
4 14 -12.4375 -.25 1.2572 -12.4575 -.25 1.2272 -12.4475 -.25 1.2222 -12.4275 -.25 1.2547
4 14 -12.4475 -.25 1.2597 -12.465 -.25 1.2347 -12.4575 -.25 1.2272 -12.4375 -.25 1.2572
3 14 -11.855 -.25 1.2622 -11.8525 -.25 1.2497 -11.85 -.25 1.2597
4 14 -11.9125 -.25 1.2622 -11.93 -.25 1.2547 -11.905 -.25 1.2247 -11.89 -.25 1.2322
4 14 -12.4575 -.25 1.2622 -12.475 -.25 1.2447 -12.465 -.25 1.2347 -12.4475 -.25 1.2597
4 14 -11.86 -.25 1.2647 -11.8625 -.25 1.2447 -11.8525 -.25 1.2497 -11.855 -.25 1.2622
4 14 -11.86 -.25 1.2647 -11.8775 -.25 1.2647 -11.8775 -.25 1.2372 -11.8625 -.25 1.2447
4 14 -11.8775 -.25 1.2647 -11.895 -.25 1.2647 -11.89 -.25 1.2322 -11.8775 -.25 1.2372
3 14 -11.895 -.25 1.2647 -11.9125 -.25 1.2622 -11.89 -.25 1.2322
4 14 -12.1 -.25 1.2647 -12.1075 -.25 1.2572 -12.09 -.25 1.2472 -12.0825 -.25 1.2522
4 14 -12.4725 -.25 1.2647 -12.48 -.25 1.2522 -12.475 -.25 1.2447 -12.4575 -.25 1.2622
3 14 -12.4725 -.25 1.2647 -12.485 -.25 1.2647 -12.48 -.25 1.2522
4 14 -12.0875 -.25 1.2722 -12.1 -.25 1.2647 -12.0825 -.25 1.2522 -12.075 -.25 1.2572
4 14 -12.075 -.25 1.2797 -12.0875 -.25 1.2722 -12.075 -.25 1.2572 -12.0675 -.25 1.2622
4 14 -12.065 -.25 1.2822 -12.075 -.25 1.2797 -12.0675 -.25 1.2622 -12.06 -.25 1.2672
4 14 -12.15 -.25 1.2822 -12.1475 -.25 1.2772 -12.145 -.25 1.2772 -12.14 -.25 1.2797
4 14 -12.0525 -.25 1.2872 -12.065 -.25 1.2822 -12.06 -.25 1.2672 -12.05 -.25 1.2747
4 14 -12.1475 -.25 1.2872 -12.15 -.25 1.2822 -12.14 -.25 1.2797 -12.135 -.25 1.2847
4 14 -12.0425 -.25 1.2897 -12.0525 -.25 1.2872 -12.05 -.25 1.2747 -12.0375 -.25 1.2797
4 14 -12.025 -.25 1.2922 -12.0275 -.25 1.2847 -12.0225 -.25 1.2872 -12.02 -.25 1.2897
4 14 -12.025 -.25 1.2922 -12.0325 -.25 1.2922 -12.0375 -.25 1.2797 -12.0275 -.25 1.2847
3 14 -12.0325 -.25 1.2922 -12.0425 -.25 1.2897 -12.0375 -.25 1.2797
4 14 -12.145 -.25 1.2947 -12.1475 -.25 1.2872 -12.135 -.25 1.2847 -12.1275 -.25 1.2897
4 14 -12.14 -.25 1.3072 -12.145 -.25 1.2947 -12.1275 -.25 1.2897 -12.1225 -.25 1.2922
4 14 -12.135 -.25 1.3172 -12.14 -.25 1.3072 -12.1225 -.25 1.2922 -12.115 -.25 1.2972
4 14 -12.125 -.25 1.3247 -12.135 -.25 1.3172 -12.115 -.25 1.2972 -12.105 -.25 1.3022
4 14 -12.1175 -.25 1.3297 -12.125 -.25 1.3247 -12.105 -.25 1.3022 -12.0975 -.25 1.3047
4 14 -12.1 -.25 1.3322 -12.1175 -.25 1.3297 -12.0975 -.25 1.3047 -12.0925 -.25 1.3072
4 14 -12.015 -.25 1.3347 -12.0275 -.25 1.3247 -12.015 -.25 1.3272 -12.0125 -.25 1.3297
4 14 -12.015 -.25 1.3347 -12.025 -.25 1.3347 -12.05 -.25 1.3197 -12.0275 -.25 1.3247
4 14 -12.025 -.25 1.3347 -12.0375 -.25 1.3347 -12.0675 -.25 1.3147 -12.05 -.25 1.3197
4 14 -12.0375 -.25 1.3347 -12.0575 -.25 1.3347 -12.0825 -.25 1.3097 -12.0675 -.25 1.3147
4 14 -12.0575 -.25 1.3347 -12.0825 -.25 1.3347 -12.0925 -.25 1.3072 -12.0825 -.25 1.3097
3 14 -12.0825 -.25 1.3347 -12.1 -.25 1.3322 -12.0925 -.25 1.3072
4 14 -12.415 -.25 1.3422 -12.42 -.25 1.3247 -12.4125 -.25 1.3297 -12.41 -.25 1.3372
3 14 -12.4225 -.25 1.3447 -12.4425 -.25 1.3197 -12.43 -.25 1.3222
4 14 -12.4225 -.25 1.3447 -12.43 -.25 1.3222 -12.42 -.25 1.3247 -12.415 -.25 1.3422
4 14 -12.4325 -.25 1.3497 -12.4575 -.25 1.3197 -12.4425 -.25 1.3197 -12.4225 -.25 1.3447
4 14 -12.4425 -.25 1.3547 -12.4675 -.25 1.3247 -12.4575 -.25 1.3197 -12.4325 -.25 1.3497
4 14 -12.455 -.25 1.3597 -12.4775 -.25 1.3322 -12.4675 -.25 1.3247 -12.4425 -.25 1.3547
4 14 -12.4675 -.25 1.3622 -12.485 -.25 1.3397 -12.4775 -.25 1.3322 -12.455 -.25 1.3597
4 14 -12.48 -.25 1.3647 -12.4925 -.25 1.3522 -12.485 -.25 1.3397 -12.4675 -.25 1.3622
3 14 -12.48 -.25 1.3647 -12.495 -.25 1.3647 -12.4925 -.25 1.3522
4 14 -12.4125 -.25 1.4572 -12.4275 -.25 1.4372 -12.42 -.25 1.4397 -12.41 -.25 1.4472
4 14 -12.42 -.25 1.4622 -12.4375 -.25 1.4347 -12.4275 -.25 1.4372 -12.4125 -.25 1.4572
4 14 -12.425 -.25 1.4672 -12.4525 -.25 1.4347 -12.4375 -.25 1.4347 -12.42 -.25 1.4622
4 14 -12.435 -.25 1.4697 -12.465 -.25 1.4397 -12.4525 -.25 1.4347 -12.425 -.25 1.4672
4 14 -12.45 -.25 1.4747 -12.475 -.25 1.4497 -12.465 -.25 1.4397 -12.435 -.25 1.4697
4 14 -12.4625 -.25 1.4797 -12.485 -.25 1.4597 -12.475 -.25 1.4497 -12.45 -.25 1.4747
4 14 -12.475 -.25 1.4822 -12.49 -.25 1.4697 -12.485 -.25 1.4597 -12.4625 -.25 1.4797
3 14 -12.495 -.25 1.4847 -12.49 -.25 1.4697 -12.475 -.25 1.4822
4 14 -12.0825 -.25 1.5597 -12.1025 -.25 1.5597 -12.1 -.25 1.5497 -12.0875 -.25 1.5472
4 14 -12.0775 -.25 1.5697 -12.1025 -.25 1.5697 -12.1025 -.25 1.5597 -12.0825 -.25 1.5597
4 14 -12.405 -.25 1.5747 -12.4275 -.25 1.5497 -12.4175 -.25 1.5522 -12.4 -.25 1.5672
4 14 -12.41 -.25 1.5797 -12.4425 -.25 1.5472 -12.4275 -.25 1.5497 -12.405 -.25 1.5747
4 14 -12.1025 -.25 1.5847 -12.1025 -.25 1.5697 -12.0775 -.25 1.5697 -12.0725 -.25 1.5822
4 14 -12.42 -.25 1.5847 -12.4575 -.25 1.5497 -12.4425 -.25 1.5472 -12.41 -.25 1.5797
4 14 -12.43 -.25 1.5897 -12.465 -.25 1.5547 -12.4575 -.25 1.5497 -12.42 -.25 1.5847
4 14 -12.44 -.25 1.5947 -12.4725 -.25 1.5622 -12.465 -.25 1.5547 -12.43 -.25 1.5897
4 14 -12.45 -.25 1.5972 -12.48 -.25 1.5697 -12.4725 -.25 1.5622 -12.44 -.25 1.5947
4 14 -12.1025 -.25 1.5997 -12.1025 -.25 1.5847 -12.0725 -.25 1.5822 -12.0675 -.25 1.5972
4 14 -12.465 -.25 1.6022 -12.49 -.25 1.5797 -12.48 -.25 1.5697 -12.45 -.25 1.5972
4 14 -12.48 -.25 1.6047 -12.495 -.25 1.5897 -12.49 -.25 1.5797 -12.465 -.25 1.6022
3 14 -12.48 -.25 1.6047 -12.5 -.25 1.6047 -12.495 -.25 1.5897
4 14 -12.0625 -.25 1.6147 -12.1025 -.25 1.6122 -12.1025 -.25 1.5997 -12.0675 -.25 1.5972
4 14 -12.055 -.25 1.6347 -12.1 -.25 1.6347 -12.1025 -.25 1.6122 -12.0625 -.25 1.6147
4 14 -12.095 -.25 1.6597 -12.1 -.25 1.6347 -12.055 -.25 1.6347 -12.05 -.25 1.6522
4 14 -12.3975 -.25 1.6872 -12.4025 -.25 1.6697 -12.395 -.25 1.6747 -12.3925 -.25 1.6822
4 14 -12.0875 -.25 1.6897 -12.095 -.25 1.6597 -12.05 -.25 1.6522 -12.04 -.25 1.6772
4 14 -12.4075 -.25 1.6922 -12.4125 -.25 1.6647 -12.4025 -.25 1.6697 -12.3975 -.25 1.6872
3 14 -12.4075 -.25 1.6922 -12.425 -.25 1.6647 -12.4125 -.25 1.6647
4 14 -12.4175 -.25 1.6972 -12.4375 -.25 1.6647 -12.425 -.25 1.6647 -12.4075 -.25 1.6922
4 14 -12.4275 -.25 1.7022 -12.4475 -.25 1.6697 -12.4375 -.25 1.6647 -12.4175 -.25 1.6972
4 14 -12.4375 -.25 1.7047 -12.46 -.25 1.6797 -12.4475 -.25 1.6697 -12.4275 -.25 1.7022
4 14 -12.45 -.25 1.7072 -12.47 -.25 1.6897 -12.46 -.25 1.6797 -12.4375 -.25 1.7047
4 14 -12.4625 -.25 1.7097 -12.475 -.25 1.6972 -12.47 -.25 1.6897 -12.45 -.25 1.7072
3 14 -12.4625 -.25 1.7097 -12.4775 -.25 1.7097 -12.475 -.25 1.6972
4 14 -12.075 -.25 1.7247 -12.0875 -.25 1.6897 -12.04 -.25 1.6772 -12.025 -.25 1.7122
4 14 -12.06 -.25 1.7547 -12.075 -.25 1.7247 -12.025 -.25 1.7122 -12.0125 -.25 1.7422
4 14 -12.0425 -.25 1.7822 -12.06 -.25 1.7547 -12.0125 -.25 1.7422 -11.995 -.25 1.7747
4 14 -12.3975 -.25 1.7872 -12.4075 -.25 1.7672 -12.3975 -.25 1.7722 -12.39 -.25 1.7822
4 14 -12.4075 -.25 1.7922 -12.4225 -.25 1.7672 -12.4075 -.25 1.7672 -12.3975 -.25 1.7872
4 14 -12.42 -.25 1.7972 -12.43 -.25 1.7697 -12.4225 -.25 1.7672 -12.4075 -.25 1.7922
4 14 -12.43 -.25 1.8022 -12.44 -.25 1.7747 -12.43 -.25 1.7697 -12.42 -.25 1.7972
4 14 -12.44 -.25 1.8047 -12.45 -.25 1.7847 -12.44 -.25 1.7747 -12.43 -.25 1.8022
4 14 -12.45 -.25 1.8072 -12.4575 -.25 1.7922 -12.45 -.25 1.7847 -12.44 -.25 1.8047
3 14 -12.45 -.25 1.8072 -12.46 -.25 1.8047 -12.4575 -.25 1.7922
4 14 -12.02 -.25 1.8147 -12.0425 -.25 1.7822 -11.995 -.25 1.7747 -11.9775 -.25 1.8047
4 14 -12 -.25 1.8397 -12.02 -.25 1.8147 -11.9775 -.25 1.8047 -11.955 -.25 1.8347
4 14 -11.98 -.25 1.8647 -12 -.25 1.8397 -11.955 -.25 1.8347 -11.94 -.25 1.8572
4 14 -12.385 -.25 1.8822 -12.395 -.25 1.8647 -12.385 -.25 1.8697 -12.38 -.25 1.8772
4 14 -12.39 -.25 1.8847 -12.405 -.25 1.8647 -12.395 -.25 1.8647 -12.385 -.25 1.8822
4 14 -11.96 -.25 1.8872 -11.98 -.25 1.8647 -11.94 -.25 1.8572 -11.925 -.25 1.8797
4 14 -12.3975 -.25 1.8897 -12.4125 -.25 1.8672 -12.405 -.25 1.8647 -12.39 -.25 1.8847
4 14 -12.405 -.25 1.8922 -12.42 -.25 1.8722 -12.4125 -.25 1.8672 -12.3975 -.25 1.8897
4 14 -12.415 -.25 1.8947 -12.4275 -.25 1.8797 -12.42 -.25 1.8722 -12.405 -.25 1.8922
4 14 -12.425 -.25 1.8972 -12.4325 -.25 1.8872 -12.4275 -.25 1.8797 -12.415 -.25 1.8947
3 14 -12.435 -.25 1.8997 -12.4325 -.25 1.8872 -12.425 -.25 1.8972
4 14 -11.94 -.25 1.9097 -11.96 -.25 1.8872 -11.925 -.25 1.8797 -11.91 -.25 1.9022
4 14 -11.9225 -.25 1.9297 -11.94 -.25 1.9097 -11.91 -.25 1.9022 -11.8925 -.25 1.9272
4 14 -11.8825 -.25 1.9472 -11.9075 -.25 1.9447 -11.9225 -.25 1.9297 -11.8925 -.25 1.9272
4 14 -11.8825 -.25 1.9572 -11.895 -.25 1.9547 -11.9075 -.25 1.9447 -11.8825 -.25 1.9472
4 14 -12.37 -.25 1.9722 -12.38 -.25 1.9547 -12.3725 -.25 1.9572 -12.365 -.25 1.9672
4 14 -12.3775 -.25 1.9747 -12.39 -.25 1.9547 -12.38 -.25 1.9547 -12.37 -.25 1.9722
4 14 -12.3875 -.25 1.9797 -12.3975 -.25 1.9597 -12.39 -.25 1.9547 -12.3775 -.25 1.9747
4 14 -12.395 -.25 1.9822 -12.405 -.25 1.9672 -12.3975 -.25 1.9597 -12.3875 -.25 1.9797
4 14 -12.405 -.25 1.9847 -12.41 -.25 1.9722 -12.405 -.25 1.9672 -12.395 -.25 1.9822
3 14 -12.4125 -.25 1.9872 -12.41 -.25 1.9722 -12.405 -.25 1.9847
3 14 -10.74 -.25 2.0247 -10.74 -.25 2.0147 -10.7325 -.25 2.0072
4 14 -10.73 -.25 2.0322 -10.74 -.25 2.0247 -10.7325 -.25 2.0072 -10.715 -.25 2.0022
4 14 -10.6725 -.25 2.0347 -10.68 -.25 2.0347 -10.675 -.25 2.0197 -10.67 -.25 2.0247
4 14 -10.68 -.25 2.0347 -10.6925 -.25 2.0347 -10.6825 -.25 2.0147 -10.675 -.25 2.0197
4 14 -10.6925 -.25 2.0347 -10.71 -.25 2.0347 -10.6975 -.25 2.0072 -10.6825 -.25 2.0147
4 14 -10.71 -.25 2.0347 -10.73 -.25 2.0322 -10.715 -.25 2.0022 -10.6975 -.25 2.0072
4 14 -12.35 -.25 2.0472 -12.3525 -.25 2.0272 -12.3425 -.25 2.0347 -12.3425 -.25 2.0422
4 14 -12.36 -.25 2.0522 -12.365 -.25 2.0272 -12.3525 -.25 2.0272 -12.35 -.25 2.0472
4 14 -12.37 -.25 2.0547 -12.3725 -.25 2.0322 -12.365 -.25 2.0272 -12.36 -.25 2.0522
4 14 -12.38 -.25 2.0572 -12.38 -.25 2.0372 -12.3725 -.25 2.0322 -12.37 -.25 2.0547
4 14 -12.38 -.25 2.0572 -12.3925 -.25 2.0572 -12.3875 -.25 2.0447 -12.38 -.25 2.0372
4 14 -12.335 -.25 2.1322 -12.3325 -.25 2.1147 -12.32 -.25 2.1222 -12.3275 -.25 2.1297
4 14 -12.3425 -.25 2.1347 -12.3425 -.25 2.1147 -12.3325 -.25 2.1147 -12.335 -.25 2.1322
4 14 -12.35 -.25 2.1372 -12.35 -.25 2.1197 -12.3425 -.25 2.1147 -12.3425 -.25 2.1347
4 14 -12.35 -.25 2.1372 -12.36 -.25 2.1372 -12.355 -.25 2.1247 -12.35 -.25 2.1197
4 14 -10.5125 -.25 2.1822 -10.545 -.25 2.1822 -10.5425 -.25 2.1672 -10.5275 -.25 2.1697
4 14 -11.625 -.25 2.1847 -11.65 -.25 2.1847 -11.675 -.25 2.1397 -11.645 -.25 2.1397
4 14 -11.65 -.25 2.1847 -11.675 -.25 2.1847 -11.7 -.25 2.1422 -11.675 -.25 2.1397
4 14 -11.6025 -.25 2.1872 -11.625 -.25 2.1847 -11.645 -.25 2.1397 -11.6175 -.25 2.1422
4 14 -11.695 -.25 2.1872 -11.725 -.25 2.1472 -11.7 -.25 2.1422 -11.675 -.25 2.1847
4 14 -11.585 -.25 2.1897 -11.6025 -.25 2.1872 -11.6175 -.25 2.1422 -11.595 -.25 2.1472
4 14 -11.7125 -.25 2.1897 -11.7475 -.25 2.1547 -11.725 -.25 2.1472 -11.695 -.25 2.1872
4 14 -11.57 -.25 2.1947 -11.585 -.25 2.1897 -11.595 -.25 2.1472 -11.5675 -.25 2.1547
4 14 -11.735 -.25 2.1947 -11.77 -.25 2.1647 -11.7475 -.25 2.1547 -11.7125 -.25 2.1897
4 14 -11.555 -.25 2.1997 -11.57 -.25 2.1947 -11.5675 -.25 2.1547 -11.5475 -.25 2.1622
4 14 -11.54 -.25 2.2022 -11.555 -.25 2.1997 -11.5475 -.25 2.1622 -11.53 -.25 2.1722
4 14 -11.7575 -.25 2.2022 -11.7875 -.25 2.1747 -11.77 -.25 2.1647 -11.735 -.25 2.1947
4 14 -11.5175 -.25 2.2047 -11.53 -.25 2.2047 -11.5175 -.25 2.1822 -11.5125 -.25 2.1947
4 14 -11.53 -.25 2.2047 -11.54 -.25 2.2022 -11.53 -.25 2.1722 -11.5175 -.25 2.1822
4 14 -10.4975 -.25 2.2072 -10.54 -.25 2.2047 -10.545 -.25 2.1822 -10.5125 -.25 2.1822
4 14 -11.775 -.25 2.2072 -11.8025 -.25 2.1872 -11.7875 -.25 2.1747 -11.7575 -.25 2.2022
4 14 -12.3 -.25 2.2072 -12.3125 -.25 2.1947 -12.3025 -.25 2.1947 -12.295 -.25 2.2022
4 14 -11.79 -.25 2.2122 -11.815 -.25 2.1997 -11.8025 -.25 2.1872 -11.775 -.25 2.2072
4 14 -12.3075 -.25 2.2122 -12.32 -.25 2.1997 -12.3125 -.25 2.1947 -12.3 -.25 2.2072
4 14 -12.3175 -.25 2.2147 -12.325 -.25 2.2047 -12.32 -.25 2.1997 -12.3075 -.25 2.2122
3 14 -12.3175 -.25 2.2147 -12.3275 -.25 2.2147 -12.325 -.25 2.2047
4 14 -11.805 -.25 2.2172 -11.8225 -.25 2.2097 -11.815 -.25 2.1997 -11.79 -.25 2.2122
4 14 -11.815 -.25 2.2197 -11.825 -.25 2.2172 -11.8225 -.25 2.2097 -11.805 -.25 2.2172
4 14 -10.4775 -.25 2.2397 -10.5225 -.25 2.2347 -10.54 -.25 2.2047 -10.4975 -.25 2.2072
4 14 -10.46 -.25 2.2722 -10.5025 -.25 2.2647 -10.5225 -.25 2.2347 -10.4775 -.25 2.2397
4 14 -12.265 -.25 2.2822 -12.2775 -.25 2.2697 -12.2675 -.25 2.2722 -12.2625 -.25 2.2772
4 14 -10.8175 -.25 2.2847 -10.8225 -.25 2.2622 -10.815 -.25 2.2622 -10.815 -.25 2.2697
4 14 -12.2725 -.25 2.2872 -12.285 -.25 2.2747 -12.2775 -.25 2.2697 -12.265 -.25 2.2822
4 14 -12.28 -.25 2.2922 -12.29 -.25 2.2797 -12.285 -.25 2.2747 -12.2725 -.25 2.2872
3 14 -12.28 -.25 2.2922 -12.2925 -.25 2.2922 -12.29 -.25 2.2797
4 14 -10.8225 -.25 2.2947 -10.835 -.25 2.2697 -10.8225 -.25 2.2622 -10.8175 -.25 2.2847
4 14 -10.4425 -.25 2.3022 -10.485 -.25 2.2897 -10.5025 -.25 2.2647 -10.46 -.25 2.2722
4 14 -10.83 -.25 2.3072 -10.845 -.25 2.2772 -10.835 -.25 2.2697 -10.8225 -.25 2.2947
4 14 -10.84 -.25 2.3222 -10.8575 -.25 2.2897 -10.845 -.25 2.2772 -10.83 -.25 2.3072
4 14 -10.43 -.25 2.3247 -10.465 -.25 2.3197 -10.485 -.25 2.2897 -10.4425 -.25 2.3022
4 14 -10.4275 -.25 2.3372 -10.4525 -.25 2.3347 -10.465 -.25 2.3197 -10.43 -.25 2.3247
4 14 -10.85 -.25 2.3372 -10.87 -.25 2.3022 -10.8575 -.25 2.2897 -10.84 -.25 2.3222
4 14 -10.43 -.25 2.3472 -10.44 -.25 2.3447 -10.4525 -.25 2.3347 -10.4275 -.25 2.3372
4 14 -10.8625 -.25 2.3522 -10.88 -.25 2.3172 -10.87 -.25 2.3022 -10.85 -.25 2.3372
4 14 -10.875 -.25 2.3647 -10.8875 -.25 2.3322 -10.88 -.25 2.3172 -10.8625 -.25 2.3522
4 14 -11.21 -.25 2.3647 -11.21 -.25 2.3597 -11.205 -.25 2.3572 -11.1875 -.25 2.3622
4 14 -10.885 -.25 2.3722 -10.8975 -.25 2.3497 -10.8875 -.25 2.3322 -10.875 -.25 2.3647
4 14 -10.885 -.25 2.3722 -10.895 -.25 2.3697 -10.9 -.25 2.3622 -10.8975 -.25 2.3497
4 14 -11.2 -.25 2.3797 -11.21 -.25 2.3647 -11.1875 -.25 2.3622 -11.1725 -.25 2.3747
4 14 -11.185 -.25 2.3997 -11.2 -.25 2.3797 -11.1725 -.25 2.3747 -11.1525 -.25 2.3947
4 14 -11.165 -.25 2.4297 -11.185 -.25 2.3997 -11.1525 -.25 2.3947 -11.135 -.25 2.4197
4 14 -11.145 -.25 2.4572 -11.165 -.25 2.4297 -11.135 -.25 2.4197 -11.1175 -.25 2.4497
4 14 -11.13 -.25 2.4797 -11.145 -.25 2.4572 -11.1175 -.25 2.4497 -11.1025 -.25 2.4772
4 14 -11.115 -.25 2.5047 -11.13 -.25 2.4797 -11.1025 -.25 2.4772 -11.0925 -.25 2.4997
4 14 -11.1025 -.25 2.5247 -11.115 -.25 2.5047 -11.0925 -.25 2.4997 -11.0825 -.25 2.5222
4 14 -11.0925 -.25 2.5397 -11.1025 -.25 2.5247 -11.0825 -.25 2.5222 -11.075 -.25 2.5372
4 14 -10.545 -.25 2.5472 -10.545 -.25 2.5372 -10.5375 -.25 2.5322 -10.53 -.25 2.5347
4 14 -10.54 -.25 2.5572 -10.545 -.25 2.5472 -10.53 -.25 2.5347 -10.5225 -.25 2.5422
4 14 -11.08 -.25 2.5572 -11.0925 -.25 2.5397 -11.075 -.25 2.5372 -11.07 -.25 2.5497
3 14 -11.07 -.25 2.5622 -11.08 -.25 2.5572 -11.07 -.25 2.5497
4 14 -10.5325 -.25 2.5672 -10.54 -.25 2.5572 -10.5225 -.25 2.5422 -10.515 -.25 2.5522
4 14 -10.525 -.25 2.5772 -10.5325 -.25 2.5672 -10.515 -.25 2.5522 -10.5075 -.25 2.5647
4 14 -10.52 -.25 2.5847 -10.525 -.25 2.5772 -10.5075 -.25 2.5647 -10.5025 -.25 2.5747
4 14 -10.5125 -.25 2.5947 -10.52 -.25 2.5847 -10.5025 -.25 2.5747 -10.5 -.25 2.5847
3 14 -10.5025 -.25 2.5972 -10.5125 -.25 2.5947 -10.5 -.25 2.5847
4 14 -10.2525 -.25 2.6372 -10.25 -.25 2.6297 -10.2425 -.25 2.6322 -10.235 -.25 2.6372
4 14 -10.2225 -.25 2.6522 -10.2525 -.25 2.6472 -10.2525 -.25 2.6372 -10.235 -.25 2.6372
4 14 -10.245 -.25 2.6697 -10.2525 -.25 2.6472 -10.2225 -.25 2.6522 -10.215 -.25 2.6647
4 14 -10.235 -.25 2.6872 -10.245 -.25 2.6697 -10.215 -.25 2.6647 -10.2075 -.25 2.6822
4 14 -10.2275 -.25 2.7022 -10.235 -.25 2.6872 -10.2075 -.25 2.6822 -10.2075 -.25 2.7022
4 14 -12.1475 -.25 2.7022 -12.1425 -.25 2.6897 -12.1275 -.25 2.6822 -12.115 -.25 2.6947
4 14 -10.22 -.25 2.7097 -10.2275 -.25 2.7022 -10.2075 -.25 2.7022 -10.2125 -.25 2.7097
4 14 -12.1125 -.25 2.7222 -12.1525 -.25 2.7222 -12.1475 -.25 2.7022 -12.115 -.25 2.6947
4 14 -10.7325 -.25 2.7397 -10.7475 -.25 2.7222 -10.7375 -.25 2.7222 -10.7275 -.25 2.7297
4 14 -10.745 -.25 2.7472 -10.765 -.25 2.7272 -10.7475 -.25 2.7222 -10.7325 -.25 2.7397
4 14 -10.7575 -.25 2.7522 -10.78 -.25 2.7322 -10.765 -.25 2.7272 -10.745 -.25 2.7472
4 14 -12.115 -.25 2.7522 -12.1575 -.25 2.7522 -12.1525 -.25 2.7222 -12.1125 -.25 2.7222
4 14 -10.7775 -.25 2.7597 -10.7975 -.25 2.7397 -10.78 -.25 2.7322 -10.7575 -.25 2.7522
4 14 -10.7975 -.25 2.7697 -10.82 -.25 2.7497 -10.7975 -.25 2.7397 -10.7775 -.25 2.7597
4 14 -10.815 -.25 2.7797 -10.835 -.25 2.7572 -10.82 -.25 2.7497 -10.7975 -.25 2.7697
4 14 -10.83 -.25 2.7897 -10.855 -.25 2.7672 -10.835 -.25 2.7572 -10.815 -.25 2.7797
4 14 -12.1225 -.25 2.7922 -12.1625 -.25 2.7922 -12.1575 -.25 2.7522 -12.115 -.25 2.7522
4 14 -10.8425 -.25 2.7972 -10.87 -.25 2.7747 -10.855 -.25 2.7672 -10.83 -.25 2.7897
4 14 -10.8575 -.25 2.8072 -10.8825 -.25 2.7822 -10.87 -.25 2.7747 -10.8425 -.25 2.7972
4 14 -10.8725 -.25 2.8172 -10.8975 -.25 2.7922 -10.8825 -.25 2.7822 -10.8575 -.25 2.8072
4 14 -10.8875 -.25 2.8272 -10.915 -.25 2.8047 -10.8975 -.25 2.7922 -10.8725 -.25 2.8172
4 14 -12.1325 -.25 2.8322 -12.175 -.25 2.8247 -12.1625 -.25 2.7922 -12.1225 -.25 2.7922
4 14 -10.905 -.25 2.8372 -10.9275 -.25 2.8122 -10.915 -.25 2.8047 -10.8875 -.25 2.8272
4 14 -10.925 -.25 2.8397 -10.9375 -.25 2.8197 -10.9275 -.25 2.8122 -10.905 -.25 2.8372
3 14 -10.925 -.25 2.8397 -10.94 -.25 2.8372 -10.9375 -.25 2.8197
4 14 -10.4875 -.25 2.8647 -10.5075 -.25 2.8547 -10.4975 -.25 2.8497 -10.49 -.25 2.8547
4 14 -10.485 -.25 2.8747 -10.51 -.25 2.8647 -10.5075 -.25 2.8547 -10.4875 -.25 2.8647
4 14 -12.15 -.25 2.8747 -12.19 -.25 2.8597 -12.175 -.25 2.8247 -12.1325 -.25 2.8322
4 14 -10.485 -.25 2.8897 -10.5113 -.25 2.8772 -10.51 -.25 2.8647 -10.485 -.25 2.8747
4 14 -10.485 -.25 2.9097 -10.5125 -.25 2.8947 -10.5113 -.25 2.8772 -10.485 -.25 2.8897
4 14 -10.1525 -.25 2.9147 -10.175 -.25 2.9122 -10.1675 -.25 2.9047 -10.16 -.25 2.9072
4 14 -12.1725 -.25 2.9172 -12.2075 -.25 2.8947 -12.19 -.25 2.8597 -12.15 -.25 2.8747
4 14 -10.485 -.25 2.9247 -10.515 -.25 2.9122 -10.5125 -.25 2.8947 -10.485 -.25 2.9097
4 14 -10.1475 -.25 2.9272 -10.1775 -.25 2.9222 -10.175 -.25 2.9122 -10.1525 -.25 2.9147
4 14 -10.145 -.25 2.9422 -10.1775 -.25 2.9372 -10.1775 -.25 2.9222 -10.1475 -.25 2.9272
4 14 -10.485 -.25 2.9422 -10.515 -.25 2.9297 -10.515 -.25 2.9122 -10.485 -.25 2.9247
4 14 -12.195 -.25 2.9572 -12.23 -.25 2.9347 -12.2075 -.25 2.8947 -12.1725 -.25 2.9172
4 14 -10.1475 -.25 2.9597 -10.1725 -.25 2.9547 -10.1775 -.25 2.9372 -10.145 -.25 2.9422
4 14 -10.4875 -.25 2.9622 -10.5175 -.25 2.9497 -10.515 -.25 2.9297 -10.485 -.25 2.9422
4 14 -10.1525 -.25 2.9697 -10.1675 -.25 2.9672 -10.1725 -.25 2.9547 -10.1475 -.25 2.9597
3 14 -10.16 -.25 2.9722 -10.1675 -.25 2.9672 -10.1525 -.25 2.9697
4 14 -10.49 -.25 2.9772 -10.52 -.25 2.9647 -10.5175 -.25 2.9497 -10.4875 -.25 2.9622
4 14 -12.2175 -.25 2.9922 -12.255 -.25 2.9772 -12.23 -.25 2.9347 -12.195 -.25 2.9572
4 14 -10.495 -.25 2.9947 -10.5225 -.25 2.9797 -10.52 -.25 2.9647 -10.49 -.25 2.9772
4 14 -10.5 -.25 3.0122 -10.5275 -.25 2.9972 -10.5225 -.25 2.9797 -10.495 -.25 2.9947
4 14 -12.2425 -.25 3.0247 -12.28 -.25 3.0097 -12.255 -.25 2.9772 -12.2175 -.25 2.9922
4 14 -10.5075 -.25 3.0297 -10.5325 -.25 3.0147 -10.5275 -.25 2.9972 -10.5 -.25 3.0122
4 14 -10.515 -.25 3.0447 -10.535 -.25 3.0297 -10.5325 -.25 3.0147 -10.5075 -.25 3.0297
4 14 -10.525 -.25 3.0597 -10.5375 -.25 3.0472 -10.535 -.25 3.0297 -10.515 -.25 3.0447
4 14 -12.275 -.25 3.0622 -12.305 -.25 3.0422 -12.28 -.25 3.0097 -12.2425 -.25 3.0247
4 14 -10.5275 -.25 3.0672 -10.54 -.25 3.0622 -10.5375 -.25 3.0472 -10.525 -.25 3.0597
3 14 -10.535 -.25 3.0722 -10.54 -.25 3.0622 -10.5275 -.25 3.0672
4 14 -12.3025 -.25 3.0872 -12.3325 -.25 3.0722 -12.305 -.25 3.0422 -12.275 -.25 3.0622
4 14 -12.3275 -.25 3.1097 -12.3475 -.25 3.0872 -12.3325 -.25 3.0722 -12.3025 -.25 3.0872
4 14 -12.345 -.25 3.1247 -12.365 -.25 3.1072 -12.3475 -.25 3.0872 -12.3275 -.25 3.1097
4 14 -12.37 -.25 3.1422 -12.3825 -.25 3.1222 -12.365 -.25 3.1072 -12.345 -.25 3.1247
4 14 -11.3675 -.25 3.1472 -11.37 -.25 3.1022 -11.355 -.25 3.1022 -11.355 -.25 3.1172
4 14 -12.39 -.25 3.1547 -12.405 -.25 3.1422 -12.3825 -.25 3.1222 -12.37 -.25 3.1422
4 14 -12.4075 -.25 3.1647 -12.4175 -.25 3.1572 -12.405 -.25 3.1422 -12.39 -.25 3.1547
4 14 -12.4175 -.25 3.1697 -12.4275 -.25 3.1672 -12.4175 -.25 3.1572 -12.4075 -.25 3.1647
4 14 -11.39 -.25 3.1822 -11.395 -.25 3.1222 -11.37 -.25 3.1022 -11.3675 -.25 3.1472
4 14 -11.425 -.25 3.2272 -11.42 -.25 3.1522 -11.395 -.25 3.1222 -11.39 -.25 3.1822
4 14 -13.615 -.25 3.2522 -13.63 -.25 3.2322 -13.62 -.25 3.2222 -13.615 -.25 3.2322
4 14 -13.6175 -.25 3.2722 -13.635 -.25 3.2522 -13.63 -.25 3.2322 -13.615 -.25 3.2522
4 14 -11.4625 -.25 3.2772 -11.455 -.25 3.1897 -11.42 -.25 3.1522 -11.425 -.25 3.2272
4 14 -13.6175 -.25 3.3037 -13.6425 -.25 3.2772 -13.635 -.25 3.2522 -13.6175 -.25 3.2722
4 14 -11.5 -.25 3.3222 -11.5 -.25 3.2397 -11.455 -.25 3.1897 -11.4625 -.25 3.2772
4 14 -13.62 -.25 3.3372 -13.6475 -.25 3.3112 -13.6425 -.25 3.2772 -13.6175 -.25 3.3037
4 14 -11.54 -.25 3.3672 -11.545 -.25 3.2922 -11.5 -.25 3.2397 -11.5 -.25 3.3222
4 14 -13.6175 -.25 3.3797 -13.655 -.25 3.3472 -13.6475 -.25 3.3112 -13.62 -.25 3.3372
4 14 -11.58 -.25 3.4072 -11.59 -.25 3.3422 -11.545 -.25 3.2922 -11.54 -.25 3.3672
4 14 -13.6175 -.25 3.4297 -13.6575 -.25 3.4022 -13.655 -.25 3.3472 -13.6175 -.25 3.3797
4 14 -11.6225 -.25 3.4497 -11.635 -.25 3.3872 -11.59 -.25 3.3422 -11.58 -.25 3.4072
4 14 -12.435 -.25 3.4722 -12.42 -.25 3.4647 -12.4 -.25 3.4647 -12.38 -.25 3.4697
4 14 -13.61 -.25 3.4722 -13.6575 -.25 3.4522 -13.6575 -.25 3.4022 -13.6175 -.25 3.4297
4 14 -11.665 -.25 3.4847 -11.67 -.25 3.4222 -11.635 -.25 3.3872 -11.6225 -.25 3.4497
4 14 -12.435 -.25 3.4847 -12.435 -.25 3.4722 -12.38 -.25 3.4697 -12.365 -.25 3.4772
4 14 -12.425 -.25 3.4947 -12.435 -.25 3.4847 -12.365 -.25 3.4772 -12.345 -.25 3.4897
4 14 -12.33 -.25 3.5072 -12.405 -.25 3.5047 -12.425 -.25 3.4947 -12.345 -.25 3.4897
4 14 -11.705 -.25 3.5172 -11.705 -.25 3.4597 -11.67 -.25 3.4222 -11.665 -.25 3.4847
4 14 -13.6 -.25 3.5222 -13.655 -.25 3.4972 -13.6575 -.25 3.4522 -13.61 -.25 3.4722
4 14 -12.315 -.25 3.5272 -12.39 -.25 3.5122 -12.405 -.25 3.5047 -12.33 -.25 3.5072
4 14 -11.745 -.25 3.5472 -11.7425 -.25 3.4972 -11.705 -.25 3.4597 -11.705 -.25 3.5172
4 14 -12.305 -.25 3.5497 -12.365 -.25 3.5297 -12.39 -.25 3.5122 -12.315 -.25 3.5272
4 14 -12.3 -.25 3.5672 -12.3525 -.25 3.5447 -12.365 -.25 3.5297 -12.305 -.25 3.5497
4 14 -13.5775 -.25 3.5747 -13.64 -.25 3.5497 -13.655 -.25 3.4972 -13.6 -.25 3.5222
4 14 -10.7025 -.25 3.5772 -10.7075 -.25 3.5597 -10.7 -.25 3.5597 -10.7 -.25 3.5672
4 14 -11.79 -.25 3.5822 -11.77 -.25 3.5247 -11.7425 -.25 3.4972 -11.745 -.25 3.5472
4 14 -10.7075 -.25 3.5897 -10.715 -.25 3.5635 -10.7075 -.25 3.5597 -10.7025 -.25 3.5772
4 14 -12.3 -.25 3.5947 -12.34 -.25 3.5672 -12.3525 -.25 3.5447 -12.3 -.25 3.5672
4 14 -10.715 -.25 3.6022 -10.725 -.25 3.5697 -10.715 -.25 3.5635 -10.7075 -.25 3.5897
4 14 -11.8175 -.25 3.6022 -11.8075 -.25 3.5572 -11.77 -.25 3.5247 -11.79 -.25 3.5822
4 14 -11.835 -.25 3.6122 -11.83 -.25 3.5822 -11.8075 -.25 3.5572 -11.8175 -.25 3.6022
4 14 -10.7225 -.25 3.6147 -10.7375 -.25 3.5772 -10.725 -.25 3.5697 -10.715 -.25 3.6022
4 14 -11.8475 -.25 3.6172 -11.8475 -.25 3.5997 -11.83 -.25 3.5822 -11.835 -.25 3.6122
4 14 -12.31 -.25 3.6172 -12.3325 -.25 3.5972 -12.34 -.25 3.5672 -12.3 -.25 3.5947
4 14 -11.86 -.25 3.6197 -11.8575 -.25 3.6122 -11.8475 -.25 3.5997 -11.8475 -.25 3.6172
3 14 -12.3225 -.25 3.6197 -12.3325 -.25 3.5972 -12.31 -.25 3.6172
4 14 -10.735 -.25 3.6222 -10.7475 -.25 3.5872 -10.7375 -.25 3.5772 -10.7225 -.25 3.6147
4 14 -10.735 -.25 3.6222 -10.745 -.25 3.6222 -10.7575 -.25 3.6047 -10.7475 -.25 3.5872
3 14 -10.745 -.25 3.6222 -10.7575 -.25 3.6147 -10.7575 -.25 3.6047
4 14 -13.545 -.25 3.6347 -13.625 -.25 3.6022 -13.64 -.25 3.5497 -13.5775 -.25 3.5747
4 14 -13.515 -.25 3.6722 -13.605 -.25 3.6372 -13.625 -.25 3.6022 -13.545 -.25 3.6347
4 14 -13.485 -.25 3.7022 -13.58 -.25 3.6747 -13.605 -.25 3.6372 -13.515 -.25 3.6722
4 14 -13.45 -.25 3.7372 -13.545 -.25 3.7147 -13.58 -.25 3.6747 -13.485 -.25 3.7022
4 14 -13.43 -.25 3.7622 -13.5075 -.25 3.7497 -13.545 -.25 3.7147 -13.45 -.25 3.7372
3 14 -13.475 -.25 3.7722 -13.5075 -.25 3.7497 -13.43 -.25 3.7622
4 14 -13.455 -.25 3.7872 -13.475 -.25 3.7722 -13.43 -.25 3.7622 -13.415 -.25 3.7822
4 14 -13.435 -.25 3.8022 -13.455 -.25 3.7872 -13.415 -.25 3.7822 -13.4175 -.25 3.7972
4 14 -12.99 -.25 3.9222 -12.9825 -.25 3.9022 -12.965 -.25 3.8972 -12.9525 -.25 3.9072
4 14 -12.995 -.25 3.9422 -12.99 -.25 3.9222 -12.9525 -.25 3.9072 -12.945 -.25 3.9222
4 14 -12.995 -.25 3.9672 -12.995 -.25 3.9422 -12.945 -.25 3.9222 -12.945 -.25 3.9472
4 14 -12.987 -.25 4.0022 -12.995 -.25 3.9672 -12.945 -.25 3.9472 -12.9475 -.25 3.9772
4 14 -12.98 -.25 4.0322 -12.987 -.25 4.0022 -12.9475 -.25 3.9772 -12.95 -.25 4.0072
4 14 -12.97 -.25 4.0622 -12.98 -.25 4.0322 -12.95 -.25 4.0072 -12.945 -.25 4.0322
3 14 -12.96 -.25 4.0822 -12.935 -.25 4.0572 -12.93 -.25 4.0772
4 14 -12.96 -.25 4.0822 -12.97 -.25 4.0622 -12.945 -.25 4.0322 -12.935 -.25 4.0572
4 14 -12.95 -.25 4.0922 -12.96 -.25 4.0822 -12.93 -.25 4.0772 -12.935 -.25 4.0897
4 14 -12.275 -.25 4.1972 -12.27 -.25 4.1872 -12.26 -.25 4.1872 -12.245 -.25 4.1972
4 14 -12.23 -.25 4.2172 -12.27 -.25 4.2147 -12.275 -.25 4.1972 -12.245 -.25 4.1972
4 14 -12.22 -.25 4.2372 -12.26 -.25 4.2337 -12.27 -.25 4.2147 -12.23 -.25 4.2172
4 14 -12.21 -.25 4.2672 -12.2525 -.25 4.2522 -12.26 -.25 4.2337 -12.22 -.25 4.2372
4 14 -12.2075 -.25 4.2922 -12.246 -.25 4.2722 -12.2525 -.25 4.2522 -12.21 -.25 4.2672
4 14 -12.2075 -.25 4.3122 -12.243 -.25 4.2922 -12.246 -.25 4.2722 -12.2075 -.25 4.2922
4 14 -12.2075 -.25 4.3372 -12.2415 -.25 4.3122 -12.243 -.25 4.2922 -12.2075 -.25 4.3122
4 14 -12.21 -.25 4.3597 -12.2415 -.25 4.3372 -12.2415 -.25 4.3122 -12.2075 -.25 4.3372
4 14 -12.215 -.25 4.3772 -12.2425 -.25 4.3597 -12.2415 -.25 4.3372 -12.21 -.25 4.3597
4 14 -12.2225 -.25 4.4022 -12.245 -.25 4.3797 -12.2425 -.25 4.3597 -12.215 -.25 4.3772
4 14 -12.2375 -.25 4.4072 -12.245 -.25 4.3972 -12.245 -.25 4.3797 -12.2225 -.25 4.4022
3 14 -12.08 -.25 4.6772 -12.0775 -.25 4.6522 -12.0645 -.25 4.6647
4 14 -12.08 -.25 4.6772 -12.095 -.25 4.6697 -12.095 -.25 4.6522 -12.0775 -.25 4.6522
4 14 -12.065 -.25 4.6872 -12.08 -.25 4.6772 -12.0645 -.25 4.6647 -12.0525 -.25 4.6772
4 14 -11.445 -.25 4.7197 -11.4475 -.25 4.6997 -11.435 -.25 4.7047 -11.4325 -.25 4.7122
4 14 -11.445 -.25 4.7197 -11.4575 -.25 4.7197 -11.4595 -.25 4.7027 -11.4475 -.25 4.6997
4 14 -11.4575 -.25 4.7197 -11.4675 -.25 4.7172 -11.47 -.25 4.7072 -11.4595 -.25 4.7027
4 14 -11.5925 -.25 4.7247 -11.5925 -.25 4.7072 -11.585 -.25 4.7097 -11.585 -.25 4.7147
4 14 -11.6025 -.25 4.7297 -11.6075 -.25 4.7072 -11.5925 -.25 4.7072 -11.5925 -.25 4.7247
4 14 -11.6175 -.25 4.7347 -11.6225 -.25 4.7097 -11.6075 -.25 4.7072 -11.6025 -.25 4.7297
4 14 -11.87 -.25 4.7355 -11.875 -.25 4.7322 -11.875 -.25 4.7247 -11.8675 -.25 4.7247
4 14 -11.6325 -.25 4.7397 -11.64 -.25 4.7122 -11.6225 -.25 4.7097 -11.6175 -.25 4.7347
4 14 -11.855 -.25 4.7397 -11.87 -.25 4.7355 -11.8675 -.25 4.7247 -11.845 -.25 4.7247
4 14 -11.0725 -.25 4.7447 -11.08 -.25 4.7347 -11.0775 -.25 4.7272 -11.0625 -.25 4.7247
4 14 -11.655 -.25 4.7447 -11.6625 -.25 4.7172 -11.64 -.25 4.7122 -11.6325 -.25 4.7397
4 14 -11.835 -.25 4.7447 -11.855 -.25 4.7397 -11.845 -.25 4.7247 -11.81 -.25 4.7247
4 14 -11.795 -.25 4.7472 -11.835 -.25 4.7447 -11.81 -.25 4.7247 -11.775 -.25 4.7247
4 14 -11.675 -.25 4.7497 -11.6825 -.25 4.7197 -11.6625 -.25 4.7172 -11.655 -.25 4.7447
4 14 -11.75 -.25 4.7497 -11.795 -.25 4.7472 -11.775 -.25 4.7247 -11.74 -.25 4.7247
4 14 -11.03 -.25 4.7522 -11.0325 -.25 4.7297 -11.0225 -.25 4.7372 -11.0225 -.25 4.7447
4 14 -11.7125 -.25 4.7522 -11.7125 -.25 4.7222 -11.6825 -.25 4.7197 -11.675 -.25 4.7497
4 14 -11.7125 -.25 4.7522 -11.75 -.25 4.7497 -11.74 -.25 4.7247 -11.7125 -.25 4.7222
4 14 -11.0625 -.25 4.7547 -11.0725 -.25 4.7447 -11.0625 -.25 4.7247 -11.045 -.25 4.7247
4 14 -11.0475 -.25 4.7597 -11.045 -.25 4.7247 -11.0325 -.25 4.7297 -11.03 -.25 4.7522
3 14 -11.0475 -.25 4.7597 -11.0625 -.25 4.7547 -11.045 -.25 4.7247
4 14 -12.5365 -.25 5.0642 -12.555 -.25 5.0622 -12.5525 -.25 5.0472 -12.535 -.25 5.0472
4 14 -12.52 -.25 5.0772 -12.5365 -.25 5.0642 -12.535 -.25 5.0472 -12.52 -.25 5.0597
3 14 -12.53 -.25 5.0847 -12.5365 -.25 5.0642 -12.52 -.25 5.0772
4 14 -12.53 -.25 5.0847 -12.545 -.25 5.0747 -12.555 -.25 5.0622 -12.5365 -.25 5.0642
4 14 -12.34 -.25 5.1422 -12.3775 -.25 5.1372 -12.3775 -.25 5.1272 -12.365 -.25 5.1272
3 14 -12.2775 -.25 5.2422 -12.34 -.25 5.1422 -12.255 -.25 5.2197
4 14 -12.2775 -.25 5.2422 -12.3675 -.25 5.1497 -12.3775 -.25 5.1372 -12.34 -.25 5.1422
4 14 -12.195 -.25 5.3147 -12.2775 -.25 5.2422 -12.255 -.25 5.2197 -12.18 -.25 5.2922
4 14 -12.185 -.25 5.3247 -12.195 -.25 5.3147 -12.18 -.25 5.2922 -12.1725 -.25 5.3022
4 14 -12.1575 -.25 5.3347 -12.185 -.25 5.3247 -12.1725 -.25 5.3022 -12.1625 -.25 5.3197
3 14 -12.1575 -.25 5.3347 -12.1725 -.25 5.3347 -12.185 -.25 5.3247
4 14 -12.04 -.25 5.4122 -12.04 -.25 5.4047 -12.0325 -.25 5.4047 -12.02 -.25 5.4072
4 14 -12.04 -.25 5.4197 -12.04 -.25 5.4122 -12.02 -.25 5.4072 -12.01 -.25 5.4147
4 14 -12.03 -.25 5.4322 -12.04 -.25 5.4197 -12.01 -.25 5.4147 -11.9975 -.25 5.4297
3 14 -11.996 -.25 5.4447 -12.0025 -.25 5.4447 -11.995 -.25 5.4372
3 14 -12.0025 -.25 5.4447 -12.0125 -.25 5.4447 -11.995 -.25 5.4372
4 14 -12.0125 -.25 5.4447 -12.03 -.25 5.4322 -11.9975 -.25 5.4297 -11.995 -.25 5.4372
3 14 -11.8145 -.25 5.6542 -11.8195 -.25 5.6487 -11.8185 -.25 5.6392
4 14 -11.785 -.25 5.6597 -11.794 -.25 5.6242 -11.78 -.25 5.6307 -11.7695 -.25 5.6437
4 14 -11.785 -.25 5.6597 -11.7945 -.25 5.6592 -11.8095 -.25 5.6242 -11.794 -.25 5.6242
4 14 -11.805 -.25 5.6597 -11.8165 -.25 5.6307 -11.8095 -.25 5.6242 -11.7945 -.25 5.6592
4 14 -11.805 -.25 5.6597 -11.8145 -.25 5.6542 -11.8185 -.25 5.6392 -11.8165 -.25 5.6307
4 14 -11.78 -.25 5.6682 -11.785 -.25 5.6597 -11.7695 -.25 5.6437 -11.7575 -.25 5.6592
4 14 -11.7785 -.25 5.6797 -11.78 -.25 5.6682 -11.7575 -.25 5.6592 -11.749 -.25 5.6692
4 14 -11.746 -.25 5.6937 -11.7785 -.25 5.6797 -11.749 -.25 5.6692 -11.7455 -.25 5.6797
4 14 -11.758 -.25 5.6982 -11.779 -.25 5.6927 -11.7785 -.25 5.6797 -11.746 -.25 5.6937
3 14 -11.758 -.25 5.6982 -11.7715 -.25 5.6967 -11.779 -.25 5.6927
4 14 -12 -.25 .4522 -12 -.25 .3322 -11.6628 -.25 .3411 -11.3265 -.25 .3675
4 14 -12 -.25 .4522 -12.6736 -.25 .3675 -12.3373 -.25 .3411 -12 -.25 .3322
4 14 -12 -.25 .4522 -12.5 -.25 .4522 -13.008 -.25 .4116 -12.6736 -.25 .3675
4 14 -12.0525 -.25 .4922 -12.5 -.25 .4522 -12 -.25 .4522 -11.905 -.25 .4897
3 14 -12.06 -.25 .4997 -12.5 -.25 .4522 -12.0525 -.25 .4922
3 14 -12.0475 -.25 .5022 -12.0525 -.25 .4922 -11.905 -.25 .4897
3 14 -12.0675 -.25 .5072 -12.5 -.25 .4522 -12.06 -.25 .4997
3 14 -12.045 -.25 .5122 -12.0475 -.25 .5022 -11.905 -.25 .4897
3 14 -12.075 -.25 .5147 -12.5 -.25 .4522 -12.0675 -.25 .5072
3 14 -12.085 -.25 .5247 -12.5 -.25 .4522 -12.075 -.25 .5147
4 14 -12.0375 -.25 .5422 -12.0425 -.25 .5272 -12.045 -.25 .5122 -11.905 -.25 .4897
4 14 -12.1075 -.25 .5447 -12.5 -.25 .4522 -12.085 -.25 .5247 -12.095 -.25 .5347
4 14 -13.6677 -.25 .5518 -13.3397 -.25 .473 -13.008 -.25 .4116 -12.5 -.25 .4522
4 14 -12.0325 -.25 .5572 -12.0375 -.25 .5422 -11.905 -.25 .4897 -11.915 -.25 .4972
4 14 -12.135 -.25 .5647 -12.5 -.25 .4522 -12.1075 -.25 .5447 -12.12 -.25 .5547
4 14 -12.0275 -.25 .5697 -12.0325 -.25 .5572 -11.915 -.25 .4972 -11.9225 -.25 .5122
3 14 -12.15 -.25 .5747 -12.5 -.25 .4522 -12.135 -.25 .5647
4 14 -12.0225 -.25 .5822 -12.0275 -.25 .5697 -11.9225 -.25 .5122 -11.9325 -.25 .5247
3 14 -12.165 -.25 .5847 -12.5 -.25 .4522 -12.15 -.25 .5747
4 14 -12.02 -.25 .5997 -12.0225 -.25 .5822 -11.9325 -.25 .5247 -11.9425 -.25 .5422
3 14 -12.18 -.25 .5997 -12.5 -.25 .4522 -12.165 -.25 .5847
3 14 -10.5 -.25 .6022 -11.3265 -.25 .3675 -10.992 -.25 .4116
4 14 -10.5 -.25 .6022 -10.992 -.25 .4116 -10.6603 -.25 .473 -10.3323 -.25 .5518
4 14 -10.5 -.25 .6022 -11.905 -.25 .4897 -12 -.25 .4522 -11.3265 -.25 .3675
4 14 -12.0225 -.25 .6097 -12.02 -.25 .5997 -11.9425 -.25 .5422 -11.9575 -.25 .5597
3 14 -12.19 -.25 .6097 -12.5 -.25 .4522 -12.18 -.25 .5997
4 14 -11.775 -.25 .6197 -11.79 -.25 .6197 -11.87 -.25 .5847 -11.87 -.25 .5747
4 14 -11.79 -.25 .6197 -11.8025 -.25 .6197 -11.8775 -.25 .5947 -11.87 -.25 .5847
3 14 -11.8025 -.25 .6197 -11.815 -.25 .6197 -11.8775 -.25 .5947
4 14 -11.7575 -.25 .6222 -11.775 -.25 .6197 -11.87 -.25 .5747 -11.875 -.25 .5672
4 14 -12.03 -.25 .6222 -12.0225 -.25 .6097 -11.9575 -.25 .5597 -11.9725 -.25 .5797
3 14 -12.2 -.25 .6222 -12.5 -.25 .4522 -12.19 -.25 .6097
4 14 -11.7425 -.25 .6247 -11.7575 -.25 .6222 -11.875 -.25 .5672 -11.885 -.25 .5547
4 14 -11.845 -.25 .6247 -11.8775 -.25 .5947 -11.815 -.25 .6197 -11.8275 -.25 .6222
4 14 -11.7275 -.25 .6272 -11.7425 -.25 .6247 -11.885 -.25 .5547 -11.8925 -.25 .5397
4 14 -11.69 -.25 .6297 -11.6975 -.25 .6297 -11.905 -.25 .4897 -10.5 -.25 .6022
4 14 -11.6975 -.25 .6297 -11.705 -.25 .6297 -11.9 -.25 .5022 -11.905 -.25 .4897
4 14 -11.705 -.25 .6297 -11.715 -.25 .6297 -11.8975 -.25 .5197 -11.9 -.25 .5022
4 14 -11.715 -.25 .6297 -11.7275 -.25 .6272 -11.8925 -.25 .5397 -11.8975 -.25 .5197
3 14 -11.8625 -.25 .6297 -11.8775 -.25 .5947 -11.845 -.25 .6247
4 14 -12.0375 -.25 .6322 -12.03 -.25 .6222 -11.9725 -.25 .5797 -11.9825 -.25 .5972
4 14 -11.885 -.25 .6422 -11.8775 -.25 .5947 -11.8625 -.25 .6297 -11.875 -.25 .6372
4 14 -12.04 -.25 .6422 -12.0375 -.25 .6322 -11.9825 -.25 .5972 -11.9875 -.25 .6122
3 14 -11.8975 -.25 .6472 -11.8775 -.25 .5947 -11.885 -.25 .6422
4 14 -12.04 -.25 .6497 -12.04 -.25 .6422 -11.9875 -.25 .6122 -11.99 -.25 .6247
3 14 -11.91 -.25 .6522 -11.8775 -.25 .5947 -11.8975 -.25 .6472
4 14 -12.2275 -.25 .6572 -12.5 -.25 .4522 -12.2 -.25 .6222 -12.2175 -.25 .6447
4 14 -12.035 -.25 .6597 -12.04 -.25 .6497 -11.99 -.25 .6247 -11.99 -.25 .6347
4 14 -12.02 -.25 .6672 -12.035 -.25 .6597 -11.99 -.25 .6347 -11.985 -.25 .6422
4 14 -11.95 -.25 .6697 -11.8775 -.25 .5947 -11.91 -.25 .6522 -11.93 -.25 .6622
3 14 -12.2675 -.25 .6697 -12.5 -.25 .4522 -12.2525 -.25 .6747
3 14 -12.29 -.25 .6697 -12.5 -.25 .4522 -12.2675 -.25 .6697
4 14 -11.9625 -.25 .6747 -11.8975 -.25 .6122 -11.8775 -.25 .5947 -11.95 -.25 .6697
4 14 -12 -.25 .6747 -12.02 -.25 .6672 -11.985 -.25 .6422 -11.965 -.25 .6447
4 14 -12.2525 -.25 .6747 -12.5 -.25 .4522 -12.2275 -.25 .6572 -12.24 -.25 .6697
4 14 -11.69 -.25 .6772 -11.7275 -.25 .6522 -11.715 -.25 .6472 -11.67 -.25 .6772
4 14 -11.7675 -.25 .6772 -11.775 -.25 .6747 -11.7775 -.25 .6672 -11.775 -.25 .6622
4 14 -11.98 -.25 .6772 -11.9275 -.25 .6322 -11.8975 -.25 .6122 -11.9625 -.25 .6747
4 14 -11.98 -.25 .6772 -12 -.25 .6747 -11.965 -.25 .6447 -11.9275 -.25 .6322
3 14 -12.33 -.25 .6772 -12.5 -.25 .4522 -12.29 -.25 .6697
4 14 -11.715 -.25 .6797 -11.7425 -.25 .6547 -11.7275 -.25 .6522 -11.69 -.25 .6772
4 14 -11.7325 -.25 .6797 -11.755 -.25 .6572 -11.7425 -.25 .6547 -11.715 -.25 .6797
4 14 -11.7575 -.25 .6797 -11.7675 -.25 .6597 -11.755 -.25 .6572 -11.7325 -.25 .6797
4 14 -11.7575 -.25 .6797 -11.7675 -.25 .6772 -11.775 -.25 .6622 -11.7675 -.25 .6597
4 14 -11.645 -.25 .6822 -11.67 -.25 .6772 -11.715 -.25 .6472 -11.7075 -.25 .6447
3 14 -12.345 -.25 .6822 -12.5 -.25 .4522 -12.33 -.25 .6772
4 14 -11.63 -.25 .6872 -11.645 -.25 .6822 -11.7075 -.25 .6447 -11.6975 -.25 .6422
3 14 -12.36 -.25 .6872 -12.5 -.25 .4522 -12.345 -.25 .6822
3 14 -11.615 -.25 .6947 -11.69 -.25 .6372 -11.69 -.25 .6297
4 14 -11.615 -.25 .6947 -11.63 -.25 .6872 -11.6975 -.25 .6422 -11.69 -.25 .6372
3 14 -12.38 -.25 .6972 -12.5 -.25 .4522 -12.36 -.25 .6872
4 14 -11.605 -.25 .6997 -11.615 -.25 .6947 -11.69 -.25 .6297 -10.5 -.25 .6022
3 14 -12.395 -.25 .7072 -12.5 -.25 .4522 -12.38 -.25 .6972
3 14 -12.4075 -.25 .7197 -12.5 -.25 .4522 -12.395 -.25 .7072
3 14 -12.42 -.25 .7322 -12.5 -.25 .4522 -12.4075 -.25 .7197
3 14 -12.4325 -.25 .7447 -12.5 -.25 .4522 -12.42 -.25 .7322
4 14 -11.825 -.25 .7522 -11.8325 -.25 .7472 -11.8375 -.25 .7397 -11.83 -.25 .7347
4 14 -11.815 -.25 .7547 -11.825 -.25 .7522 -11.83 -.25 .7347 -11.81 -.25 .7347
4 14 -9.6909 -.25 .7602 -10.5 -.25 .6022 -10.3323 -.25 .5518 -10.0089 -.25 .6476
4 14 -14.3092 -.25 .7602 -13.9912 -.25 .6476 -13.6677 -.25 .5518 -12.5 -.25 .4522
4 14 -11.8075 -.25 .7622 -11.815 -.25 .7547 -11.81 -.25 .7347 -11.795 -.25 .7322
3 14 -12.45 -.25 .7622 -12.5 -.25 .4522 -12.4325 -.25 .7447
4 14 -11.86 -.25 .7822 -11.865 -.25 .7747 -11.8575 -.25 .7672 -11.85 -.25 .7622
4 14 -12.475 -.25 .7822 -12.5 -.25 .4522 -12.45 -.25 .7622 -12.46 -.25 .7722
4 14 -12.51 -.25 .7872 -12.5 -.25 .4522 -12.475 -.25 .7822 -12.4875 -.25 .7847
3 14 -12.6525 -.25 .7872 -12.6725 -.25 .7847 -12.5 -.25 .4522
3 14 -12.695 -.25 .7872 -12.5 -.25 .4522 -12.6725 -.25 .7847
4 14 -12.53 -.25 .7897 -12.56 -.25 .7897 -12.5 -.25 .4522 -12.51 -.25 .7872
3 14 -12.56 -.25 .7897 -12.58 -.25 .7897 -12.5 -.25 .4522
3 14 -12.58 -.25 .7897 -12.605 -.25 .7897 -12.5 -.25 .4522
4 14 -12.605 -.25 .7897 -12.63 -.25 .7897 -12.6525 -.25 .7872 -12.5 -.25 .4522
4 14 -11.84 -.25 .7922 -11.86 -.25 .7822 -11.85 -.25 .7622 -11.8425 -.25 .7622
4 14 -11.8175 -.25 .7972 -11.84 -.25 .7922 -11.8425 -.25 .7622 -11.83 -.25 .7647
4 14 -11.79 -.25 .8072 -11.8175 -.25 .7972 -11.83 -.25 .7647 -11.82 -.25 .7647
4 14 -11.7675 -.25 .8172 -11.8075 -.25 .7622 -11.795 -.25 .7322 -11.78 -.25 .7272
4 14 -11.7675 -.25 .8172 -11.79 -.25 .8072 -11.82 -.25 .7647 -11.8075 -.25 .7622
4 14 -11.74 -.25 .8322 -11.7675 -.25 .8172 -11.78 -.25 .7272 -11.7625 -.25 .7222
4 14 -11.725 -.25 .8397 -11.74 -.25 .8322 -11.7625 -.25 .7222 -11.745 -.25 .7172
4 14 -11.715 -.25 .8472 -11.725 -.25 .8397 -11.745 -.25 .7172 -11.725 -.25 .7122
4 14 -11.7 -.25 .8572 -11.715 -.25 .8472 -11.725 -.25 .7122 -11.7025 -.25 .7072
4 14 -11.6875 -.25 .8672 -11.7 -.25 .8572 -11.7025 -.25 .7072 -11.6825 -.25 .7047
4 14 -11.6675 -.25 .8797 -11.6875 -.25 .8672 -11.6825 -.25 .7047 -11.6575 -.25 .7047
4 14 -11.64 -.25 .8922 -11.6675 -.25 .8797 -11.6575 -.25 .7047 -11.645 -.25 .7072
4 14 -11.62 -.25 .9022 -11.64 -.25 .8922 -11.645 -.25 .7072 -11.63 -.25 .7097
4 14 -12.5525 -.25 .9022 -12.545 -.25 .8872 -12.5375 -.25 .8922 -12.54 -.25 .8997
4 14 -13.15 -.25 .9022 -12.5 -.25 .4522 -12.695 -.25 .7872 -12.715 -.25 .7972
3 14 -13.15 -.25 .9022 -12.715 -.25 .7972 -12.7325 -.25 .8072
3 14 -13.15 -.25 .9022 -12.7325 -.25 .8072 -12.75 -.25 .8197
3 14 -13.15 -.25 .9022 -12.75 -.25 .8197 -12.7625 -.25 .8347
3 14 -13.15 -.25 .9022 -12.7625 -.25 .8347 -12.7675 -.25 .8472
3 14 -13.15 -.25 .9022 -12.7675 -.25 .8472 -12.76 -.25 .8597
4 14 -13.15 -.25 .9022 -14.5625 -.25 .8637 -14.3092 -.25 .7602 -12.5 -.25 .4522
4 14 -12.57 -.25 .9072 -12.555 -.25 .8822 -12.545 -.25 .8872 -12.5525 -.25 .9022
4 14 -11.5975 -.25 .9122 -11.62 -.25 .9022 -11.63 -.25 .7097 -11.6175 -.25 .7097
4 14 -12.595 -.25 .9122 -12.565 -.25 .8772 -12.555 -.25 .8822 -12.57 -.25 .9072
4 14 -11.575 -.25 .9222 -11.5975 -.25 .9122 -11.6175 -.25 .7097 -11.6075 -.25 .7097
4 14 -12.6225 -.25 .9222 -12.5875 -.25 .8697 -12.565 -.25 .8772 -12.595 -.25 .9122
4 14 -11.5475 -.25 .9322 -11.575 -.25 .9222 -11.6075 -.25 .7097 -11.6025 -.25 .7072
4 14 -12.6475 -.25 .9322 -12.6175 -.25 .8597 -12.5875 -.25 .8697 -12.6225 -.25 .9222
4 14 -11.52 -.25 .9422 -11.6025 -.25 .7072 -11.605 -.25 .6997 -10.5 -.25 .6022
3 14 -11.52 -.25 .9422 -11.5475 -.25 .9322 -11.6025 -.25 .7072
4 14 -12.6725 -.25 .9447 -12.6375 -.25 .8522 -12.6175 -.25 .8597 -12.6475 -.25 .9322
4 14 -11.47 -.25 .9622 -11.49 -.25 .9547 -11.52 -.25 .9422 -10.5 -.25 .6022
4 14 -12.7 -.25 .9622 -12.66 -.25 .8472 -12.6375 -.25 .8522 -12.6725 -.25 .9447
3 14 -11.445 -.25 .9697 -11.47 -.25 .9622 -10.5 -.25 .6022
4 14 -12.7225 -.25 .9772 -12.6725 -.25 .8447 -12.66 -.25 .8472 -12.7 -.25 .9622
4 14 -11.365 -.25 .9797 -11.4225 -.25 .9747 -11.445 -.25 .9697 -10.5 -.25 .6022
3 14 -11.335 -.25 .9897 -11.365 -.25 .9797 -10.5 -.25 .6022
4 14 -12.745 -.25 .9922 -12.69 -.25 .8447 -12.6725 -.25 .8447 -12.7225 -.25 .9772
3 14 -11.3125 -.25 1.0022 -11.335 -.25 .9897 -10.5 -.25 .6022
4 14 -12.765 -.25 1.0022 -12.7075 -.25 .8447 -12.69 -.25 .8447 -12.745 -.25 .9922
4 14 -12.78 -.25 1.0072 -12.7175 -.25 .8472 -12.7075 -.25 .8447 -12.765 -.25 1.0022
4 14 -12.78 -.25 1.0072 -12.805 -.25 1.0072 -12.7275 -.25 .8522 -12.7175 -.25 .8472
4 14 -12.805 -.25 1.0072 -12.825 -.25 1.0072 -12.7375 -.25 .8572 -12.7275 -.25 .8522
4 14 -12.84 -.25 1.0097 -12.75 -.25 .8597 -12.7375 -.25 .8572 -12.825 -.25 1.0072
4 14 -12.855 -.25 1.0147 -12.76 -.25 .8597 -12.75 -.25 .8597 -12.84 -.25 1.0097
3 14 -11.295 -.25 1.0172 -11.3125 -.25 1.0022 -10.5 -.25 .6022
4 14 -12.87 -.25 1.0222 -13.15 -.25 .9022 -12.76 -.25 .8597 -12.855 -.25 1.0147
3 14 -11.2825 -.25 1.0297 -11.295 -.25 1.0172 -10.5 -.25 .6022
3 14 -12.89 -.25 1.0322 -13.15 -.25 .9022 -12.87 -.25 1.0222
3 14 -12.905 -.25 1.0422 -13.15 -.25 .9022 -12.89 -.25 1.0322
4 14 -12.5475 -.25 1.0522 -12.555 -.25 1.0322 -12.5475 -.25 1.0372 -12.545 -.25 1.0422
3 14 -12.92 -.25 1.0522 -13.15 -.25 .9022 -12.905 -.25 1.0422
4 14 -12.5525 -.25 1.0597 -12.575 -.25 1.0322 -12.555 -.25 1.0322 -12.5475 -.25 1.0522
3 14 -12.935 -.25 1.0622 -13.15 -.25 .9022 -12.92 -.25 1.0522
4 14 -12.5625 -.25 1.0672 -12.6 -.25 1.0397 -12.575 -.25 1.0322 -12.5525 -.25 1.0597
4 14 -12.5775 -.25 1.0747 -12.6275 -.25 1.0472 -12.6 -.25 1.0397 -12.5625 -.25 1.0672
4 14 -12.6025 -.25 1.0847 -12.6625 -.25 1.0572 -12.6275 -.25 1.0472 -12.5775 -.25 1.0747
4 14 -12.9625 -.25 1.0847 -13.15 -.25 .9022 -12.935 -.25 1.0622 -12.95 -.25 1.0747
4 14 -12.625 -.25 1.0972 -12.6925 -.25 1.0672 -12.6625 -.25 1.0572 -12.6025 -.25 1.0847
4 14 -12.985 -.25 1.0997 -13.15 -.25 .9022 -12.9625 -.25 1.0847 -12.9725 -.25 1.0922
3 14 -12.995 -.25 1.1072 -13.15 -.25 .9022 -12.985 -.25 1.0997
4 14 -12.6475 -.25 1.1097 -12.7275 -.25 1.0797 -12.6925 -.25 1.0672 -12.625 -.25 1.0972
3 14 -13.0025 -.25 1.1147 -13.15 -.25 .9022 -12.995 -.25 1.1072
3 14 -13.01 -.25 1.1222 -13.15 -.25 .9022 -13.0025 -.25 1.1147
4 14 -12.67 -.25 1.1297 -12.75 -.25 1.0847 -12.7275 -.25 1.0797 -12.6475 -.25 1.1097
4 14 -12.69 -.25 1.1497 -12.77 -.25 1.0872 -12.75 -.25 1.0847 -12.67 -.25 1.1297
4 14 -12.7 -.25 1.1672 -12.79 -.25 1.0872 -12.77 -.25 1.0872 -12.69 -.25 1.1497
4 14 -12.7125 -.25 1.1797 -12.8125 -.25 1.0872 -12.79 -.25 1.0872 -12.7 -.25 1.1672
4 14 -12.725 -.25 1.1897 -12.83 -.25 1.0847 -12.8125 -.25 1.0872 -12.7125 -.25 1.1797
4 14 -12.7375 -.25 1.1972 -12.8425 -.25 1.0822 -12.83 -.25 1.0847 -12.725 -.25 1.1897
4 14 -10.5 -.25 1.2022 -10.5 -.25 .6022 -9.6909 -.25 .7602 -9.4375 -.25 .8637
4 14 -10.5 -.25 1.2022 -11.27 -.25 1.0472 -11.2825 -.25 1.0297 -10.5 -.25 .6022
3 14 -10.5 -.25 1.2022 -11.2575 -.25 1.0647 -11.27 -.25 1.0472
4 14 -10.5 -.25 1.2022 -11.235 -.25 1.1022 -11.2475 -.25 1.0822 -11.2575 -.25 1.0647
3 14 -10.5 -.25 1.2022 -11.2275 -.25 1.1172 -11.235 -.25 1.1022
3 14 -10.5 -.25 1.2022 -11.2175 -.25 1.1397 -11.2275 -.25 1.1172
3 14 -10.5 -.25 1.2022 -11.2125 -.25 1.1597 -11.2175 -.25 1.1397
3 14 -10.5 -.25 1.2022 -11.21 -.25 1.1772 -11.2125 -.25 1.1597
3 14 -10.5 -.25 1.2022 -11.21 -.25 1.1972 -11.21 -.25 1.1772
4 14 -12.75 -.25 1.2022 -12.855 -.25 1.0797 -12.8425 -.25 1.0822 -12.7375 -.25 1.1972
4 14 -12.76 -.25 1.2047 -12.8675 -.25 1.0797 -12.855 -.25 1.0797 -12.75 -.25 1.2022
4 14 -12.7725 -.25 1.2072 -12.8825 -.25 1.0822 -12.8675 -.25 1.0797 -12.76 -.25 1.2047
4 14 -12.7725 -.25 1.2072 -12.79 -.25 1.2072 -12.9 -.25 1.0872 -12.8825 -.25 1.0822
4 14 -12.81 -.25 1.2097 -12.9175 -.25 1.0972 -12.9 -.25 1.0872 -12.79 -.25 1.2072
4 14 -12.83 -.25 1.2122 -12.9325 -.25 1.1047 -12.9175 -.25 1.0972 -12.81 -.25 1.2097
3 14 -11.2125 -.25 1.2147 -11.21 -.25 1.1972 -10.5 -.25 1.2022
4 14 -12.8475 -.25 1.2172 -12.9475 -.25 1.1122 -12.9325 -.25 1.1047 -12.83 -.25 1.2122
4 14 -12.8675 -.25 1.2222 -12.9625 -.25 1.1197 -12.9475 -.25 1.1122 -12.8475 -.25 1.2172
3 14 -11.215 -.25 1.2297 -11.2125 -.25 1.2147 -10.5 -.25 1.2022
4 14 -12.64 -.25 1.2297 -12.6575 -.25 1.2222 -12.6475 -.25 1.2197 -12.6425 -.25 1.2222
4 14 -12.89 -.25 1.2297 -12.975 -.25 1.1247 -12.9625 -.25 1.1197 -12.8675 -.25 1.2222
4 14 -12.6425 -.25 1.2372 -12.6675 -.25 1.2297 -12.6575 -.25 1.2222 -12.64 -.25 1.2297
4 14 -12.91 -.25 1.2372 -12.985 -.25 1.1272 -12.975 -.25 1.1247 -12.89 -.25 1.2297
3 14 -11.22 -.25 1.2447 -11.215 -.25 1.2297 -10.5 -.25 1.2022
4 14 -12.9275 -.25 1.2472 -12.9975 -.25 1.1297 -12.985 -.25 1.1272 -12.91 -.25 1.2372
4 14 -11.43 -.25 1.2497 -11.435 -.25 1.2422 -11.4325 -.25 1.2272 -11.4125 -.25 1.2197
4 14 -11.415 -.25 1.2572 -11.43 -.25 1.2497 -11.4125 -.25 1.2197 -11.4025 -.25 1.2247
4 14 -12.66 -.25 1.2572 -12.6825 -.25 1.2447 -12.6675 -.25 1.2297 -12.6425 -.25 1.2372
4 14 -12.9425 -.25 1.2572 -13.005 -.25 1.1297 -12.9975 -.25 1.1297 -12.9275 -.25 1.2472
4 14 -11.3925 -.25 1.2647 -11.415 -.25 1.2572 -11.4025 -.25 1.2247 -11.3875 -.25 1.2297
4 14 -12.9525 -.25 1.2647 -13.01 -.25 1.1272 -13.005 -.25 1.1297 -12.9425 -.25 1.2572
4 14 -11.3725 -.25 1.2697 -11.3925 -.25 1.2647 -11.3875 -.25 1.2297 -11.37 -.25 1.2372
3 14 -12.9625 -.25 1.2722 -13.01 -.25 1.1272 -12.9525 -.25 1.2647
4 14 -12.6775 -.25 1.2747 -12.695 -.25 1.2547 -12.6825 -.25 1.2447 -12.66 -.25 1.2572
4 14 -11.3475 -.25 1.2772 -11.3725 -.25 1.2697 -11.37 -.25 1.2372 -11.3525 -.25 1.2422
4 14 -11.325 -.25 1.2822 -11.3475 -.25 1.2772 -11.3525 -.25 1.2422 -11.3225 -.25 1.2497
4 14 -11.3025 -.25 1.2897 -11.325 -.25 1.2822 -11.3225 -.25 1.2497 -11.3 -.25 1.2572
4 14 -12.985 -.25 1.2922 -13.01 -.25 1.1272 -12.9625 -.25 1.2722 -12.97 -.25 1.2797
4 14 -12.6975 -.25 1.2947 -12.7125 -.25 1.2672 -12.695 -.25 1.2547 -12.6775 -.25 1.2747
4 14 -11.2925 -.25 1.2997 -11.3025 -.25 1.2897 -11.3 -.25 1.2572 -11.2725 -.25 1.2622
3 14 -12.9925 -.25 1.2997 -13.01 -.25 1.1272 -12.985 -.25 1.2922
3 14 -13 -.25 1.3097 -13.01 -.25 1.1272 -12.9925 -.25 1.2997
4 14 -12.7225 -.25 1.3197 -12.7275 -.25 1.2747 -12.7125 -.25 1.2672 -12.6975 -.25 1.2947
4 14 -12.7375 -.25 1.3322 -12.74 -.25 1.2797 -12.7275 -.25 1.2747 -12.7225 -.25 1.3197
4 14 -12.7525 -.25 1.3397 -12.76 -.25 1.2822 -12.74 -.25 1.2797 -12.7375 -.25 1.3322
4 14 -12.77 -.25 1.3422 -12.79 -.25 1.2847 -12.76 -.25 1.2822 -12.7525 -.25 1.3397
4 14 -12.7825 -.25 1.3447 -12.815 -.25 1.2822 -12.79 -.25 1.2847 -12.77 -.25 1.3422
4 14 -12.8 -.25 1.3497 -12.8375 -.25 1.2772 -12.815 -.25 1.2822 -12.7825 -.25 1.3447
4 14 -12.54 -.25 1.3522 -12.5625 -.25 1.3372 -12.5525 -.25 1.3397 -12.545 -.25 1.3447
4 14 -12.82 -.25 1.3597 -12.8575 -.25 1.2722 -12.8375 -.25 1.2772 -12.8 -.25 1.3497
4 14 -12.545 -.25 1.3647 -12.575 -.25 1.3347 -12.5625 -.25 1.3372 -12.54 -.25 1.3522
4 14 -12.84 -.25 1.3697 -12.875 -.25 1.2697 -12.8575 -.25 1.2722 -12.82 -.25 1.3597
4 14 -12.565 -.25 1.3722 -12.59 -.25 1.3347 -12.575 -.25 1.3347 -12.545 -.25 1.3647
4 14 -12.5875 -.25 1.3772 -12.605 -.25 1.3397 -12.59 -.25 1.3347 -12.565 -.25 1.3722
4 14 -12.86 -.25 1.3822 -12.8925 -.25 1.2722 -12.875 -.25 1.2697 -12.84 -.25 1.3697
4 14 -12.6075 -.25 1.3847 -12.62 -.25 1.3447 -12.605 -.25 1.3397 -12.5875 -.25 1.3772
4 14 -12.87 -.25 1.3897 -12.9075 -.25 1.2772 -12.8925 -.25 1.2722 -12.86 -.25 1.3822
4 14 -12.63 -.25 1.3922 -12.6425 -.25 1.3547 -12.62 -.25 1.3447 -12.6075 -.25 1.3847
4 14 -12.8775 -.25 1.3947 -12.925 -.25 1.2822 -12.9075 -.25 1.2772 -12.87 -.25 1.3897
4 14 -12.89 -.25 1.3997 -12.935 -.25 1.2872 -12.925 -.25 1.2822 -12.8775 -.25 1.3947
4 14 -12.6525 -.25 1.4022 -12.6675 -.25 1.3722 -12.6425 -.25 1.3547 -12.63 -.25 1.3922
3 14 -13.15 -.25 1.4022 -14.5625 -.25 .8637 -13.15 -.25 .9022
4 14 -13.15 -.25 1.4022 -13.15 -.25 .9022 -13.01 -.25 1.1222 -13.01 -.25 1.1272
4 14 -13.15 -.25 1.4022 -13.01 -.25 1.1272 -13 -.25 1.3097 -13.0025 -.25 1.3222
3 14 -13.15 -.25 1.4022 -13.0025 -.25 1.3222 -13.0025 -.25 1.3297
3 14 -13.15 -.25 1.4022 -13.0025 -.25 1.3297 -13 -.25 1.3372
4 14 -12.905 -.25 1.4047 -12.945 -.25 1.2922 -12.935 -.25 1.2872 -12.89 -.25 1.3997
4 14 -12.92 -.25 1.4072 -12.9575 -.25 1.3022 -12.945 -.25 1.2922 -12.905 -.25 1.4047
4 14 -12.92 -.25 1.4072 -12.9325 -.25 1.4072 -12.965 -.25 1.3097 -12.9575 -.25 1.3022
4 14 -12.94 -.25 1.4097 -12.9725 -.25 1.3172 -12.965 -.25 1.3097 -12.9325 -.25 1.4072
4 14 -12.6775 -.25 1.4147 -12.69 -.25 1.3822 -12.6675 -.25 1.3722 -12.6525 -.25 1.4022
4 14 -12.94 -.25 1.4197 -12.9775 -.25 1.3222 -12.9725 -.25 1.3172 -12.94 -.25 1.4097
4 14 -12.94 -.25 1.4197 -12.985 -.25 1.3322 -12.9825 -.25 1.3272 -12.9775 -.25 1.3222
3 14 -12.94 -.25 1.4197 -12.99 -.25 1.3372 -12.985 -.25 1.3322
3 14 -12.94 -.25 1.4197 -12.995 -.25 1.3397 -12.99 -.25 1.3372
4 14 -12.94 -.25 1.4197 -13.15 -.25 1.4022 -13 -.25 1.3372 -12.995 -.25 1.3397
4 14 -12.7025 -.25 1.4297 -12.71 -.25 1.3897 -12.69 -.25 1.3822 -12.6775 -.25 1.4147
4 14 -12.9025 -.25 1.4372 -12.8775 -.25 1.6172 -12.89 -.25 1.6272 -12.9175 -.25 1.4347
4 14 -12.7225 -.25 1.4447 -12.725 -.25 1.3922 -12.71 -.25 1.3897 -12.7025 -.25 1.4297
4 14 -12.7425 -.25 1.4672 -12.75 -.25 1.3997 -12.725 -.25 1.3922 -12.7225 -.25 1.4447
4 14 -12.76 -.25 1.4922 -12.77 -.25 1.4022 -12.75 -.25 1.3997 -12.7425 -.25 1.4672
4 14 -12.775 -.25 1.5172 -12.79 -.25 1.4072 -12.77 -.25 1.4022 -12.76 -.25 1.4922
4 14 -12.555 -.25 1.5247 -12.575 -.25 1.5197 -12.5625 -.25 1.5172 -12.5575 -.25 1.5197
4 14 -12.785 -.25 1.5297 -12.81 -.25 1.4122 -12.79 -.25 1.4072 -12.775 -.25 1.5172
4 14 -12.5575 -.25 1.5322 -12.5875 -.25 1.5247 -12.575 -.25 1.5197 -12.555 -.25 1.5247
4 14 -12.7925 -.25 1.5347 -12.825 -.25 1.4172 -12.81 -.25 1.4122 -12.785 -.25 1.5297
4 14 -12.5625 -.25 1.5422 -12.6025 -.25 1.5322 -12.5875 -.25 1.5247 -12.5575 -.25 1.5322
4 14 -12.8125 -.25 1.5447 -12.835 -.25 1.4222 -12.825 -.25 1.4172 -12.7925 -.25 1.5347
4 14 -12.5775 -.25 1.5622 -12.62 -.25 1.5397 -12.6025 -.25 1.5322 -12.5625 -.25 1.5422
4 14 -12.835 -.25 1.5622 -12.845 -.25 1.4272 -12.835 -.25 1.4222 -12.8125 -.25 1.5447
4 14 -12.85 -.25 1.5772 -12.8625 -.25 1.4347 -12.845 -.25 1.4272 -12.835 -.25 1.5622
4 14 -12.5925 -.25 1.5822 -12.6425 -.25 1.5472 -12.62 -.25 1.5397 -12.5775 -.25 1.5622
4 14 -12.8625 -.25 1.5972 -12.8825 -.25 1.4372 -12.8625 -.25 1.4347 -12.85 -.25 1.5772
4 14 -12.6175 -.25 1.6022 -12.665 -.25 1.5572 -12.6425 -.25 1.5472 -12.5925 -.25 1.5822
4 14 -12.8675 -.25 1.6072 -12.9025 -.25 1.4372 -12.8825 -.25 1.4372 -12.8625 -.25 1.5972
3 14 -12.8775 -.25 1.6172 -12.9025 -.25 1.4372 -12.8675 -.25 1.6072
4 14 -12.6475 -.25 1.6222 -12.69 -.25 1.5722 -12.665 -.25 1.5572 -12.6175 -.25 1.6022
4 14 -12.9025 -.25 1.6322 -12.9325 -.25 1.4272 -12.9175 -.25 1.4347 -12.89 -.25 1.6272
4 14 -12.915 -.25 1.6372 -12.94 -.25 1.4197 -12.9325 -.25 1.4272 -12.9025 -.25 1.6322
4 14 -12.6775 -.25 1.6397 -12.7125 -.25 1.5822 -12.69 -.25 1.5722 -12.6475 -.25 1.6222
4 14 -12.925 -.25 1.6397 -13.15 -.25 1.4022 -12.94 -.25 1.4197 -12.915 -.25 1.6372
3 14 -12.935 -.25 1.6447 -13.15 -.25 1.4022 -12.925 -.25 1.6397
3 14 -12.945 -.25 1.6497 -13.15 -.25 1.4022 -12.935 -.25 1.6447
4 14 -12.705 -.25 1.6572 -12.735 -.25 1.5897 -12.7125 -.25 1.5822 -12.6775 -.25 1.6397
4 14 -12.7275 -.25 1.6772 -12.75 -.25 1.5947 -12.735 -.25 1.5897 -12.705 -.25 1.6572
4 14 -12.745 -.25 1.6972 -12.7675 -.25 1.5997 -12.75 -.25 1.5947 -12.7275 -.25 1.6772
4 14 -10.5 -.25 1.7022 -11.25 -.25 1.7022 -10.5 -.25 1.2022 -9.4375 -.25 .8637
4 14 -11.25 -.25 1.7022 -11.23 -.25 1.2597 -11.22 -.25 1.2447 -10.5 -.25 1.2022
3 14 -11.25 -.25 1.7022 -11.2425 -.25 1.2647 -11.23 -.25 1.2597
4 14 -11.25 -.25 1.7022 -11.2925 -.25 1.2997 -11.2725 -.25 1.2622 -11.2425 -.25 1.2647
4 14 -11.25 -.25 1.7022 -11.54 -.25 1.2997 -11.515 -.25 1.2997 -11.49 -.25 1.3022
4 14 -11.25 -.25 1.7022 -11.49 -.25 1.3022 -11.465 -.25 1.3122 -11.4475 -.25 1.3197
4 14 -11.25 -.25 1.7022 -11.6075 -.25 1.3072 -11.5775 -.25 1.3022 -11.54 -.25 1.2997
3 14 -11.25 -.25 1.7022 -11.2975 -.25 1.3172 -11.2925 -.25 1.2997
4 14 -11.25 -.25 1.7022 -11.4475 -.25 1.3197 -11.42 -.25 1.3297 -11.3975 -.25 1.3397
4 14 -11.25 -.25 1.7022 -11.675 -.25 1.3197 -11.64 -.25 1.3122 -11.6075 -.25 1.3072
3 14 -11.25 -.25 1.7022 -11.3125 -.25 1.3297 -11.2975 -.25 1.3172
3 14 -11.25 -.25 1.7022 -11.3325 -.25 1.3372 -11.3125 -.25 1.3297
3 14 -11.25 -.25 1.7022 -11.3975 -.25 1.3397 -11.3775 -.25 1.3422
3 14 -11.25 -.25 1.7022 -11.3525 -.25 1.3422 -11.3325 -.25 1.3372
3 14 -11.25 -.25 1.7022 -11.3775 -.25 1.3422 -11.3525 -.25 1.3422
4 14 -11.25 -.25 1.7022 -11.7525 -.25 1.3422 -11.71 -.25 1.3297 -11.675 -.25 1.3197
4 14 -11.25 -.25 1.7022 -11.8825 -.25 1.3422 -11.8675 -.25 1.3447 -11.845 -.25 1.3497
3 14 -11.25 -.25 1.7022 -11.77 -.25 1.3447 -11.7525 -.25 1.3422
3 14 -11.25 -.25 1.7022 -11.9 -.25 1.3447 -11.8825 -.25 1.3422
3 14 -11.25 -.25 1.7022 -11.7875 -.25 1.3472 -11.77 -.25 1.3447
3 14 -11.25 -.25 1.7022 -11.805 -.25 1.3497 -11.7875 -.25 1.3472
3 14 -11.25 -.25 1.7022 -11.825 -.25 1.3497 -11.805 -.25 1.3497
3 14 -11.25 -.25 1.7022 -11.845 -.25 1.3497 -11.825 -.25 1.3497
4 14 -11.25 -.25 1.7022 -11.915 -.25 1.3572 -11.91 -.25 1.3497 -11.9 -.25 1.3447
4 14 -11.25 -.25 1.7022 -11.9225 -.25 1.3997 -11.92 -.25 1.3772 -11.915 -.25 1.3572
4 14 -11.25 -.25 1.7022 -11.87 -.25 1.5297 -11.91 -.25 1.4472 -11.9225 -.25 1.3997
4 14 -11.25 -.25 1.7022 -11.805 -.25 1.6697 -11.8375 -.25 1.6022 -11.87 -.25 1.5297
4 14 -12.7575 -.25 1.7197 -12.7875 -.25 1.6047 -12.7675 -.25 1.5997 -12.745 -.25 1.6972
4 14 -12.7675 -.25 1.7472 -12.805 -.25 1.6122 -12.7875 -.25 1.6047 -12.7575 -.25 1.7197
3 14 -12.51 -.25 1.7522 -12.525 -.25 1.7397 -12.515 -.25 1.7422
4 14 -12.515 -.25 1.7597 -12.545 -.25 1.7347 -12.525 -.25 1.7397 -12.51 -.25 1.7522
3 14 -11.7425 -.25 1.7647 -11.805 -.25 1.6697 -11.25 -.25 1.7022
4 14 -12.525 -.25 1.7672 -12.56 -.25 1.7372 -12.545 -.25 1.7347 -12.515 -.25 1.7597
4 14 -12.7775 -.25 1.7697 -12.8225 -.25 1.6247 -12.805 -.25 1.6122 -12.7675 -.25 1.7472
4 14 -12.54 -.25 1.7747 -12.5775 -.25 1.7422 -12.56 -.25 1.7372 -12.525 -.25 1.7672
4 14 -12.565 -.25 1.7872 -12.6025 -.25 1.7522 -12.5775 -.25 1.7422 -12.54 -.25 1.7747
4 14 -12.79 -.25 1.7872 -12.8375 -.25 1.6397 -12.8225 -.25 1.6247 -12.7775 -.25 1.7697
4 14 -12.8025 -.25 1.7997 -12.85 -.25 1.6497 -12.8375 -.25 1.6397 -12.79 -.25 1.7872
4 14 -12.5875 -.25 1.8022 -12.64 -.25 1.7622 -12.6025 -.25 1.7522 -12.565 -.25 1.7872
4 14 -13.15 -.25 1.8022 -13.15 -.25 1.4022 -12.945 -.25 1.6497 -12.95 -.25 1.6597
4 14 -13.15 -.25 1.8022 -14.1 -.25 1.8022 -14.5625 -.25 .8637 -13.15 -.25 1.4022
4 14 -13.15 -.25 1.8022 -12.875 -.25 2.3822 -12.8775 -.25 2.3922 -13.15 -.25 2.7522
4 14 -13.15 -.25 1.8022 -13.15 -.25 2.7522 -13.5875 -.25 2.3272 -13.61 -.25 2.3047
4 14 -14.1 -.25 1.8022 -13.9 -.25 2.6622 -13.9 -.25 2.7222 -14.1 -.25 3.2022
4 14 -14.1 -.25 1.8022 -14.1 -.25 3.2022 -14.5625 -.25 2.6022 -14.5625 -.25 .8637
4 14 -12.8175 -.25 1.8122 -12.8675 -.25 1.6622 -12.85 -.25 1.6497 -12.8025 -.25 1.7997
4 14 -12.6 -.25 1.8147 -12.6725 -.25 1.7722 -12.64 -.25 1.7622 -12.5875 -.25 1.8022
4 14 -12.8325 -.25 1.8172 -12.8825 -.25 1.6672 -12.8675 -.25 1.6622 -12.8175 -.25 1.8122
4 14 -12.8525 -.25 1.8222 -12.8975 -.25 1.6697 -12.8825 -.25 1.6672 -12.8325 -.25 1.8172
4 14 -12.87 -.25 1.8272 -12.915 -.25 1.6722 -12.8975 -.25 1.6697 -12.8525 -.25 1.8222
4 14 -12.885 -.25 1.8322 -12.9325 -.25 1.6697 -12.915 -.25 1.6722 -12.87 -.25 1.8272
4 14 -12.615 -.25 1.8372 -12.6875 -.25 1.7772 -12.6725 -.25 1.7722 -12.6 -.25 1.8147
4 14 -12.9 -.25 1.8372 -12.9425 -.25 1.6672 -12.9325 -.25 1.6697 -12.885 -.25 1.8322
4 14 -12.9125 -.25 1.8472 -12.95 -.25 1.6597 -12.9425 -.25 1.6672 -12.9 -.25 1.8372
4 14 -12.63 -.25 1.8522 -12.7 -.25 1.7847 -12.6875 -.25 1.7772 -12.615 -.25 1.8372
4 14 -12.92 -.25 1.8622 -13.15 -.25 1.8022 -12.95 -.25 1.6597 -12.9125 -.25 1.8472
4 14 -12.6425 -.25 1.8647 -12.7125 -.25 1.7972 -12.7 -.25 1.7847 -12.63 -.25 1.8522
4 14 -11.6525 -.25 1.8697 -11.6975 -.25 1.8197 -11.7425 -.25 1.7647 -11.25 -.25 1.7022
4 14 -12.6625 -.25 1.8772 -12.725 -.25 1.8097 -12.7125 -.25 1.7972 -12.6425 -.25 1.8647
4 14 -12.6925 -.25 1.8922 -12.74 -.25 1.8272 -12.725 -.25 1.8097 -12.6625 -.25 1.8772
4 14 -12.7175 -.25 1.9072 -12.7625 -.25 1.8422 -12.74 -.25 1.8272 -12.6925 -.25 1.8922
4 14 -11.6025 -.25 1.9147 -11.6325 -.25 1.8897 -11.6525 -.25 1.8697 -11.25 -.25 1.7022
4 14 -12.7375 -.25 1.9197 -12.785 -.25 1.8547 -12.7625 -.25 1.8422 -12.7175 -.25 1.9072
3 14 -10.72 -.25 1.9372 -10.5 -.25 1.7022 -10.6925 -.25 1.9347
4 14 -12.755 -.25 1.9372 -12.8025 -.25 1.8622 -12.785 -.25 1.8547 -12.7375 -.25 1.9197
3 14 -10.665 -.25 1.9397 -10.6925 -.25 1.9347 -10.5 -.25 1.7022
4 14 -10.75 -.25 1.9422 -11.25 -.25 1.7022 -10.5 -.25 1.7022 -10.72 -.25 1.9372
3 14 -10.6425 -.25 1.9472 -10.665 -.25 1.9397 -10.5 -.25 1.7022
3 14 -11.5725 -.25 1.9497 -11.6025 -.25 1.9147 -11.25 -.25 1.7022
4 14 -12.585 -.25 1.9522 -12.605 -.25 1.9472 -12.595 -.25 1.9422 -12.585 -.25 1.9447
3 14 -10.785 -.25 1.9547 -11.25 -.25 1.7022 -10.75 -.25 1.9422
4 14 -12.7725 -.25 1.9572 -12.8225 -.25 1.8672 -12.8025 -.25 1.8622 -12.755 -.25 1.9372
4 14 -12.5875 -.25 1.9597 -12.6175 -.25 1.9522 -12.605 -.25 1.9472 -12.585 -.25 1.9522
3 14 -10.615 -.25 1.9622 -10.6425 -.25 1.9472 -10.5 -.25 1.7022
4 14 -12.5975 -.25 1.9697 -12.6375 -.25 1.9622 -12.6175 -.25 1.9522 -12.5875 -.25 1.9597
3 14 -10.8175 -.25 1.9722 -11.25 -.25 1.7022 -10.785 -.25 1.9547
4 14 -12.785 -.25 1.9747 -12.8425 -.25 1.8722 -12.8225 -.25 1.8672 -12.7725 -.25 1.9572
3 14 -10.5925 -.25 1.9797 -10.615 -.25 1.9622 -10.5 -.25 1.7022
4 14 -12.6075 -.25 1.9797 -12.665 -.25 1.9747 -12.6375 -.25 1.9622 -12.5975 -.25 1.9697
4 14 -12.62 -.25 1.9897 -12.6875 -.25 1.9872 -12.665 -.25 1.9747 -12.6075 -.25 1.9797
3 14 -11.5425 -.25 1.9922 -11.5725 -.25 1.9497 -11.25 -.25 1.7022
4 14 -12.7975 -.25 1.9922 -12.8625 -.25 1.8747 -12.8425 -.25 1.8722 -12.785 -.25 1.9747
3 14 -10.5775 -.25 2 -10.5925 -.25 1.9797 -10.5 -.25 1.7022
3 14 -10.855 -.25 2 -11.25 -.25 1.7022 -10.8175 -.25 1.9722
4 14 -12.6325 -.25 2 -12.7125 -.25 1.9972 -12.6875 -.25 1.9872 -12.62 -.25 1.9897
4 14 -12.6425 -.25 2.0072 -12.735 -.25 2.0047 -12.7125 -.25 1.9972 -12.6325 -.25 2
4 14 -12.8075 -.25 2.0072 -12.885 -.25 1.8722 -12.8625 -.25 1.8747 -12.7975 -.25 1.9922
4 14 -12.655 -.25 2.0147 -12.755 -.25 2.0122 -12.735 -.25 2.0047 -12.6425 -.25 2.0072
3 14 -10.8775 -.25 2.0222 -11.25 -.25 1.7022 -10.855 -.25 2
4 14 -12.665 -.25 2.0222 -12.7675 -.25 2.0197 -12.755 -.25 2.0122 -12.655 -.25 2.0147
4 14 -12.815 -.25 2.0222 -12.905 -.25 1.8672 -12.885 -.25 1.8722 -12.8075 -.25 2.0072
3 14 -11.52 -.25 2.0272 -11.5425 -.25 1.9922 -11.25 -.25 1.7022
4 14 -12.55 -.25 2.0297 -12.535 -.25 1.9947 -12.5275 -.25 2 -12.5275 -.25 2.0072
4 14 -12.6675 -.25 2.0322 -12.78 -.25 2.0322 -12.7675 -.25 2.0197 -12.665 -.25 2.0222
4 14 -12.8225 -.25 2.0372 -12.92 -.25 1.8622 -12.905 -.25 1.8672 -12.815 -.25 2.0222
4 14 -12.5675 -.25 2.0422 -12.545 -.25 1.9947 -12.535 -.25 1.9947 -12.55 -.25 2.0297
4 14 -12.83 -.25 2.0447 -13.15 -.25 1.8022 -12.92 -.25 1.8622 -12.8225 -.25 2.0372
3 14 -10.905 -.25 2.0497 -11.25 -.25 1.7022 -10.8775 -.25 2.0222
4 14 -12.5875 -.25 2.0522 -12.5675 -.25 2.0022 -12.545 -.25 1.9947 -12.5675 -.25 2.0422
4 14 -12.61 -.25 2.0572 -12.5875 -.25 2.0097 -12.5675 -.25 2.0022 -12.5875 -.25 2.0522
4 14 -12.8475 -.25 2.0597 -13.15 -.25 1.8022 -12.83 -.25 2.0447 -12.8375 -.25 2.0522
4 14 -12.6325 -.25 2.0622 -12.6025 -.25 2.0172 -12.5875 -.25 2.0097 -12.61 -.25 2.0572
3 14 -12.855 -.25 2.0697 -13.15 -.25 1.8022 -12.8475 -.25 2.0597
4 14 -12.6675 -.25 2.0722 -12.6175 -.25 2.0272 -12.6025 -.25 2.0172 -12.6325 -.25 2.0622
4 14 -12.6825 -.25 2.0797 -12.63 -.25 2.0347 -12.6175 -.25 2.0272 -12.6675 -.25 2.0722
4 14 -11.45 -.25 2.0922 -11.48 -.25 2.0672 -11.52 -.25 2.0272 -11.25 -.25 1.7022
4 14 -12.7025 -.25 2.0922 -12.645 -.25 2.0397 -12.63 -.25 2.0347 -12.6825 -.25 2.0797
3 14 -12.7025 -.25 2.0922 -12.66 -.25 2.0397 -12.645 -.25 2.0397
4 14 -12.715 -.25 2.1047 -12.6675 -.25 2.0322 -12.66 -.25 2.0397 -12.7025 -.25 2.0922
4 14 -10.9825 -.25 2.1097 -11.25 -.25 1.7022 -10.905 -.25 2.0497 -10.93 -.25 2.0772
4 14 -11.3875 -.25 2.1147 -11.425 -.25 2.1022 -11.45 -.25 2.0922 -11.25 -.25 1.7022
4 14 -12.7325 -.25 2.1172 -12.78 -.25 2.0322 -12.6675 -.25 2.0322 -12.715 -.25 2.1047
4 14 -10.4975 -.25 2.1247 -10.5475 -.25 2.0497 -10.5775 -.25 2 -10.5 -.25 1.7022
4 14 -12.7425 -.25 2.1247 -12.79 -.25 2.0447 -12.78 -.25 2.0322 -12.7325 -.25 2.1172
4 14 -12.755 -.25 2.1347 -12.8025 -.25 2.0597 -12.79 -.25 2.0447 -12.7425 -.25 2.1247
3 14 -11.3425 -.25 2.1372 -11.3875 -.25 2.1147 -11.25 -.25 1.7022
4 14 -12.77 -.25 2.1422 -12.815 -.25 2.0697 -12.8025 -.25 2.0597 -12.755 -.25 2.1347
3 14 -11.035 -.25 2.1447 -11.25 -.25 1.7022 -10.9825 -.25 2.1097
4 14 -12.5175 -.25 2.1447 -12.5325 -.25 2.1297 -12.5225 -.25 2.1347 -12.5175 -.25 2.1397
4 14 -12.785 -.25 2.1472 -12.825 -.25 2.0772 -12.815 -.25 2.0697 -12.77 -.25 2.1422
4 14 -12.5325 -.25 2.1497 -12.545 -.25 2.1272 -12.5325 -.25 2.1297 -12.5175 -.25 2.1447
4 14 -12.5725 -.25 2.1522 -12.565 -.25 2.1222 -12.545 -.25 2.1272 -12.5325 -.25 2.1497
4 14 -12.8 -.25 2.1522 -12.84 -.25 2.0797 -12.825 -.25 2.0772 -12.785 -.25 2.1472
4 14 -12.5975 -.25 2.1572 -12.59 -.25 2.1222 -12.565 -.25 2.1222 -12.5725 -.25 2.1522
4 14 -12.815 -.25 2.1572 -12.855 -.25 2.0697 -12.84 -.25 2.0797 -12.8 -.25 2.1522
4 14 -12.6225 -.25 2.1622 -12.6075 -.25 2.1247 -12.59 -.25 2.1222 -12.5975 -.25 2.1572
3 14 -12.8225 -.25 2.1622 -12.855 -.25 2.0697 -12.815 -.25 2.1572
3 14 -11.295 -.25 2.1672 -11.3425 -.25 2.1372 -11.25 -.25 1.7022
4 14 -12.6425 -.25 2.1697 -12.6225 -.25 2.1297 -12.6075 -.25 2.1247 -12.6225 -.25 2.1622
4 14 -12.8275 -.25 2.1747 -13.15 -.25 1.8022 -12.855 -.25 2.0697 -12.8225 -.25 2.1622
4 14 -12.8275 -.25 2.1747 -12.8175 -.25 2.1822 -12.76 -.25 2.2722 -12.805 -.25 2.4197
4 14 -12.8275 -.25 2.1747 -12.805 -.25 2.4197 -12.82 -.25 2.4122 -12.8375 -.25 2.4022
3 14 -11.09 -.25 2.1822 -11.25 -.25 1.7022 -11.035 -.25 2.1447
4 14 -12.6625 -.25 2.1822 -12.635 -.25 2.1347 -12.6225 -.25 2.1297 -12.6425 -.25 2.1697
3 14 -11.2575 -.25 2.1947 -11.295 -.25 2.1672 -11.25 -.25 1.7022
4 14 -13.78 -.25 2.1947 -14.1 -.25 1.8022 -13.15 -.25 1.8022 -13.7675 -.25 2.1922
4 14 -12.6825 -.25 2.1997 -12.655 -.25 2.1472 -12.635 -.25 2.1347 -12.6625 -.25 2.1822
3 14 -13.745 -.25 2.2022 -13.7675 -.25 2.1922 -13.15 -.25 1.8022
4 14 -12.7025 -.25 2.2172 -12.675 -.25 2.1572 -12.655 -.25 2.1472 -12.6825 -.25 2.1997
3 14 -11.2225 -.25 2.2222 -11.2575 -.25 2.1947 -11.25 -.25 1.7022
4 14 -12.715 -.25 2.2272 -12.6925 -.25 2.1672 -12.675 -.25 2.1572 -12.7025 -.25 2.2172
3 14 -13.7075 -.25 2.2272 -13.745 -.25 2.2022 -13.15 -.25 1.8022
4 14 -12.38 -.25 2.2297 -12.3925 -.25 2.2097 -12.38 -.25 2.2147 -12.3775 -.25 2.2222
4 14 -12.3875 -.25 2.2347 -12.4075 -.25 2.2122 -12.3925 -.25 2.2097 -12.38 -.25 2.2297
4 14 -12.7275 -.25 2.2372 -12.71 -.25 2.1747 -12.6925 -.25 2.1672 -12.715 -.25 2.2272
4 14 -12.3975 -.25 2.2397 -12.43 -.25 2.2222 -12.4075 -.25 2.2122 -12.3875 -.25 2.2347
4 14 -12.4175 -.25 2.2472 -12.4475 -.25 2.2297 -12.43 -.25 2.2222 -12.3975 -.25 2.2397
4 14 -12.7375 -.25 2.2472 -12.73 -.25 2.1822 -12.71 -.25 2.1747 -12.7275 -.25 2.2372
4 14 -11.19 -.25 2.2522 -11.25 -.25 1.7022 -11.09 -.25 2.1822 -11.1325 -.25 2.2122
3 14 -11.19 -.25 2.2522 -11.2225 -.25 2.2222 -11.25 -.25 1.7022
3 14 -13.6725 -.25 2.2522 -13.7075 -.25 2.2272 -13.15 -.25 1.8022
4 14 -12.4375 -.25 2.2547 -12.4625 -.25 2.2347 -12.4475 -.25 2.2297 -12.4175 -.25 2.2472
4 14 -12.7475 -.25 2.2547 -12.7525 -.25 2.1872 -12.73 -.25 2.1822 -12.7375 -.25 2.2472
4 14 -12.7575 -.25 2.2597 -12.77 -.25 2.1897 -12.7525 -.25 2.1872 -12.7475 -.25 2.2547
3 14 -12.7575 -.25 2.2597 -12.7925 -.25 2.1897 -12.77 -.25 2.1897
4 14 -12.475 -.25 2.2722 -12.4925 -.25 2.2422 -12.4625 -.25 2.2347 -12.4375 -.25 2.2547
3 14 -12.76 -.25 2.2722 -12.8175 -.25 2.1822 -12.8075 -.25 2.1872
4 14 -12.76 -.25 2.2722 -12.8075 -.25 2.1872 -12.7925 -.25 2.1897 -12.7575 -.25 2.2597
4 14 -12.5 -.25 2.2797 -12.5175 -.25 2.2422 -12.4925 -.25 2.2422 -12.475 -.25 2.2722
4 14 -10.6275 -.25 2.2847 -10.675 -.25 2.2472 -10.6525 -.25 2.2472 -10.64 -.25 2.2572
4 14 -12.5275 -.25 2.2872 -12.555 -.25 2.2422 -12.5175 -.25 2.2422 -12.5 -.25 2.2797
4 14 -12.5725 -.25 2.3022 -12.605 -.25 2.2372 -12.555 -.25 2.2422 -12.5275 -.25 2.2872
4 14 -13.61 -.25 2.3047 -13.6375 -.25 2.2822 -13.6725 -.25 2.2522 -13.15 -.25 1.8022
4 14 -10.6075 -.25 2.3197 -10.695 -.25 2.2497 -10.675 -.25 2.2472 -10.6275 -.25 2.2847
4 14 -12.6 -.25 2.3197 -12.6275 -.25 2.2347 -12.605 -.25 2.2372 -12.5725 -.25 2.3022
4 14 -12.6275 -.25 2.3472 -12.65 -.25 2.2347 -12.6275 -.25 2.2347 -12.6 -.25 2.3197
4 14 -10.585 -.25 2.3522 -10.71 -.25 2.2547 -10.695 -.25 2.2497 -10.6075 -.25 2.3197
4 14 -12.6525 -.25 2.3697 -12.6625 -.25 2.2372 -12.65 -.25 2.2347 -12.6275 -.25 2.3472
4 14 -13.8275 -.25 2.3697 -13.8425 -.25 2.3697 -13.752 -.25 2.2412 -13.725 -.25 2.2622
4 14 -13.8425 -.25 2.3697 -14.1 -.25 1.8022 -13.78 -.25 2.1947 -13.7825 -.25 2.2072
4 14 -13.8425 -.25 2.3697 -13.7825 -.25 2.2072 -13.765 -.25 2.2247 -13.752 -.25 2.2412
4 14 -12.39 -.25 2.3722 -12.3725 -.25 2.3497 -12.37 -.25 2.3547 -12.375 -.25 2.3622
3 14 -13.85 -.25 2.3797 -14.1 -.25 1.8022 -13.8425 -.25 2.3697
4 14 -12.4075 -.25 2.3822 -12.3825 -.25 2.3497 -12.3725 -.25 2.3497 -12.39 -.25 2.3722
4 14 -13.8175 -.25 2.3822 -13.8275 -.25 2.3697 -13.725 -.25 2.2622 -13.68 -.25 2.3122
4 14 -12.8625 -.25 2.3847 -12.875 -.25 2.3822 -13.15 -.25 1.8022 -12.8275 -.25 2.1747
4 14 -12.4275 -.25 2.3897 -12.3925 -.25 2.3522 -12.3825 -.25 2.3497 -12.4075 -.25 2.3822
4 14 -12.6725 -.25 2.3922 -12.6875 -.25 2.2472 -12.6625 -.25 2.2372 -12.6525 -.25 2.3697
4 14 -12.4475 -.25 2.3972 -12.41 -.25 2.3572 -12.3925 -.25 2.3522 -12.4275 -.25 2.3897
4 14 -12.4675 -.25 2.4022 -12.435 -.25 2.3647 -12.41 -.25 2.3572 -12.4475 -.25 2.3972
4 14 -12.8375 -.25 2.4022 -12.8525 -.25 2.3947 -12.8625 -.25 2.3847 -12.8275 -.25 2.1747
3 14 -13.85 -.25 2.4022 -14.1 -.25 1.8022 -13.85 -.25 2.3797
4 14 -13.7975 -.25 2.4072 -13.8175 -.25 2.3822 -13.68 -.25 2.3122 -13.6575 -.25 2.3422
4 14 -10.54 -.25 2.4097 -10.7225 -.25 2.2622 -10.71 -.25 2.2547 -10.585 -.25 2.3522
4 14 -10.54 -.25 2.4097 -10.5075 -.25 2.4472 -10.51 -.25 2.4897 -10.5275 -.25 2.4797
4 14 -12.495 -.25 2.4122 -12.465 -.25 2.3722 -12.435 -.25 2.3647 -12.4675 -.25 2.4022
4 14 -12.6975 -.25 2.4122 -12.7075 -.25 2.2547 -12.6875 -.25 2.2472 -12.6725 -.25 2.3922
4 14 -12.7275 -.25 2.4222 -12.7175 -.25 2.2597 -12.7075 -.25 2.2547 -12.6975 -.25 2.4122
4 14 -12.7875 -.25 2.4222 -12.805 -.25 2.4197 -12.76 -.25 2.2722 -12.7525 -.25 2.2747
4 14 -12.52 -.25 2.4247 -12.5 -.25 2.3797 -12.465 -.25 2.3722 -12.495 -.25 2.4122
4 14 -12.745 -.25 2.4247 -12.7325 -.25 2.2672 -12.7175 -.25 2.2597 -12.7275 -.25 2.4222
4 14 -12.745 -.25 2.4247 -12.77 -.25 2.4247 -12.7425 -.25 2.2722 -12.7325 -.25 2.2672
4 14 -12.77 -.25 2.4247 -12.7875 -.25 2.4222 -12.7525 -.25 2.2747 -12.7425 -.25 2.2722
4 14 -13.7825 -.25 2.4322 -13.7975 -.25 2.4072 -13.6575 -.25 2.3422 -13.63 -.25 2.3822
4 14 -12.5425 -.25 2.4422 -12.5425 -.25 2.3897 -12.5 -.25 2.3797 -12.52 -.25 2.4247
4 14 -12.5625 -.25 2.4597 -12.5725 -.25 2.4022 -12.5425 -.25 2.3897 -12.5425 -.25 2.4422
3 14 -10.5725 -.25 2.4647 -10.6025 -.25 2.4647 -10.54 -.25 2.4097
4 14 -10.6025 -.25 2.4647 -10.7425 -.25 2.2872 -10.7225 -.25 2.2622 -10.54 -.25 2.4097
4 14 -10.6375 -.25 2.4672 -10.77 -.25 2.3347 -10.7425 -.25 2.2872 -10.6025 -.25 2.4647
3 14 -10.5475 -.25 2.4697 -10.5725 -.25 2.4647 -10.54 -.25 2.4097
4 14 -10.6825 -.25 2.4747 -10.815 -.25 2.3972 -10.77 -.25 2.3347 -10.6375 -.25 2.4672
4 14 -12.58 -.25 2.4747 -12.605 -.25 2.4172 -12.5725 -.25 2.4022 -12.5625 -.25 2.4597
4 14 -13.755 -.25 2.4772 -13.7825 -.25 2.4322 -13.63 -.25 2.3822 -13.5975 -.25 2.4447
3 14 -10.5275 -.25 2.4797 -10.5475 -.25 2.4697 -10.54 -.25 2.4097
4 14 -12.5925 -.25 2.4847 -12.64 -.25 2.4322 -12.605 -.25 2.4172 -12.58 -.25 2.4747
4 14 -10.76 -.25 2.4897 -10.85 -.25 2.4347 -10.815 -.25 2.3972 -10.6825 -.25 2.4747
4 14 -12.25 -.25 2.4897 -12.2775 -.25 2.4822 -12.265 -.25 2.4797 -12.255 -.25 2.4822
4 14 -12.4625 -.25 2.4922 -12.445 -.25 2.4697 -12.4425 -.25 2.4797 -12.4475 -.25 2.4872
4 14 -12.485 -.25 2.4972 -12.455 -.25 2.4672 -12.445 -.25 2.4697 -12.4625 -.25 2.4922
4 14 -12.6075 -.25 2.4972 -12.6675 -.25 2.4447 -12.64 -.25 2.4322 -12.5925 -.25 2.4847
3 14 -10.4925 -.25 2.5022 -10.51 -.25 2.4897 -10.5075 -.25 2.4472
4 14 -12.5125 -.25 2.5097 -12.47 -.25 2.4697 -12.455 -.25 2.4672 -12.485 -.25 2.4972
4 14 -12.6225 -.25 2.5122 -12.695 -.25 2.4522 -12.6675 -.25 2.4447 -12.6075 -.25 2.4972
4 14 -12.2425 -.25 2.5147 -12.3075 -.25 2.4997 -12.2775 -.25 2.4822 -12.25 -.25 2.4897
3 14 -10.4775 -.25 2.5172 -10.4925 -.25 2.5022 -10.5075 -.25 2.4472
4 14 -10.86 -.25 2.5172 -10.89 -.25 2.4722 -10.85 -.25 2.4347 -10.76 -.25 2.4897
4 14 -12.53 -.25 2.5247 -12.4875 -.25 2.4722 -12.47 -.25 2.4697 -12.5125 -.25 2.5097
4 14 -12.635 -.25 2.5247 -12.7325 -.25 2.4547 -12.695 -.25 2.4522 -12.6225 -.25 2.5122
4 14 -13.7175 -.25 2.5297 -13.755 -.25 2.4772 -13.5975 -.25 2.4447 -13.57 -.25 2.5022
4 14 -10.465 -.25 2.5322 -10.4775 -.25 2.5172 -10.5075 -.25 2.4472 -10.455 -.25 2.5047
4 14 -10.91 -.25 2.5372 -10.925 -.25 2.5022 -10.89 -.25 2.4722 -10.86 -.25 2.5172
4 14 -12.5525 -.25 2.5447 -12.51 -.25 2.4772 -12.4875 -.25 2.4722 -12.53 -.25 2.5247
4 14 -12.6375 -.25 2.5447 -12.7625 -.25 2.4547 -12.7325 -.25 2.4547 -12.635 -.25 2.5247
3 14 -10.4525 -.25 2.5497 -10.465 -.25 2.5322 -10.455 -.25 2.5047
4 14 -10.9425 -.25 2.5522 -10.9475 -.25 2.5222 -10.925 -.25 2.5022 -10.91 -.25 2.5372
3 14 -12.63 -.25 2.5547 -12.7625 -.25 2.4547 -12.6375 -.25 2.5447
4 14 -10.955 -.25 2.5572 -10.9625 -.25 2.5347 -10.9475 -.25 2.5222 -10.9425 -.25 2.5522
4 14 -10.965 -.25 2.5597 -10.9725 -.25 2.5447 -10.9625 -.25 2.5347 -10.955 -.25 2.5572
3 14 -10.965 -.25 2.5597 -10.9725 -.25 2.5547 -10.9725 -.25 2.5447
4 14 -10.44 -.25 2.5672 -10.4525 -.25 2.5497 -10.455 -.25 2.5047 -10.425 -.25 2.5422
4 14 -12.57 -.25 2.5697 -12.5325 -.25 2.4872 -12.51 -.25 2.4772 -12.5525 -.25 2.5447
4 14 -12.235 -.25 2.5822 -12.3375 -.25 2.5222 -12.3075 -.25 2.4997 -12.2425 -.25 2.5147
4 14 -13.67 -.25 2.5822 -13.7175 -.25 2.5297 -13.57 -.25 2.5022 -13.55 -.25 2.5772
4 14 -12.585 -.25 2.5972 -12.55 -.25 2.4972 -12.5325 -.25 2.4872 -12.57 -.25 2.5697
4 14 -10.4175 -.25 2.6097 -10.43 -.25 2.5872 -10.44 -.25 2.5672 -10.425 -.25 2.5422
4 14 -12.595 -.25 2.6122 -12.565 -.25 2.5072 -12.55 -.25 2.4972 -12.585 -.25 2.5972
4 14 -12.605 -.25 2.6247 -12.58 -.25 2.5172 -12.565 -.25 2.5072 -12.595 -.25 2.6122
4 14 -13.88 -.25 2.6322 -14.1 -.25 1.8022 -13.85 -.25 2.4022 -13.85 -.25 2.4222
3 14 -13.88 -.25 2.6322 -13.85 -.25 2.4222 -13.84 -.25 2.4622
3 14 -13.88 -.25 2.6322 -13.84 -.25 2.4622 -13.82 -.25 2.5122
4 14 -12.615 -.25 2.6347 -12.5925 -.25 2.5272 -12.58 -.25 2.5172 -12.605 -.25 2.6247
4 14 -13.87 -.25 2.6372 -13.88 -.25 2.6322 -13.82 -.25 2.5122 -13.79 -.25 2.5597
3 14 -10.4125 -.25 2.6397 -10.395 -.25 2.5797 -10.38 -.25 2.6122
4 14 -10.4125 -.25 2.6397 -10.4175 -.25 2.6097 -10.425 -.25 2.5422 -10.395 -.25 2.5797
4 14 -12.625 -.25 2.6422 -12.605 -.25 2.5372 -12.5925 -.25 2.5272 -12.615 -.25 2.6347
4 14 -13.545 -.25 2.6422 -13.6125 -.25 2.6347 -13.67 -.25 2.5822 -13.55 -.25 2.5772
3 14 -13.89 -.25 2.6422 -14.1 -.25 1.8022 -13.88 -.25 2.6322
4 14 -12.6325 -.25 2.6472 -12.62 -.25 2.5497 -12.605 -.25 2.5372 -12.625 -.25 2.6422
4 14 -12.6375 -.25 2.6497 -12.7875 -.25 2.4522 -12.7625 -.25 2.4547 -12.63 -.25 2.5547
4 14 -12.6375 -.25 2.6497 -12.63 -.25 2.5547 -12.62 -.25 2.5497 -12.6325 -.25 2.6472
4 14 -10 -.25 2.6522 -10.5 -.25 1.7022 -9.4375 -.25 .8637 -9.4375 -.25 2.6022
4 14 -10 -.25 2.6522 -10.415 -.25 2.2647 -10.4975 -.25 2.1247 -10.5 -.25 1.7022
4 14 -10 -.25 2.6522 -10.235 -.25 2.5847 -10.315 -.25 2.4547 -10.415 -.25 2.2647
4 14 -10 -.25 2.6522 -10.2 -.25 2.6447 -10.215 -.25 2.6197 -10.235 -.25 2.5847
4 14 -13.72 -.25 2.6522 -13.87 -.25 2.6372 -13.79 -.25 2.5597 -13.752 -.25 2.6097
4 14 -12.6425 -.25 2.6547 -12.815 -.25 2.4447 -12.7875 -.25 2.4522 -12.6375 -.25 2.6497
3 14 -13.9 -.25 2.6622 -14.1 -.25 1.8022 -13.89 -.25 2.6422
4 14 -12.64 -.25 2.6647 -12.835 -.25 2.4347 -12.815 -.25 2.4447 -12.6425 -.25 2.6547
4 14 -12.2425 -.25 2.6672 -12.36 -.25 2.5297 -12.3375 -.25 2.5222 -12.235 -.25 2.5822
4 14 -10.41 -.25 2.6747 -10.4125 -.25 2.6397 -10.38 -.25 2.6122 -10.37 -.25 2.6497
3 14 -10.185 -.25 2.6772 -10.2 -.25 2.6447 -10 -.25 2.6522
4 14 -13.565 -.25 2.6772 -13.6125 -.25 2.6347 -13.545 -.25 2.6422 -13.55 -.25 2.6697
4 14 -13.685 -.25 2.7022 -13.855 -.25 2.6722 -13.87 -.25 2.6372 -13.72 -.25 2.6522
4 14 -10.3625 -.25 2.7072 -10.41 -.25 2.6747 -10.37 -.25 2.6497 -10.36 -.25 2.6872
3 14 -10.175 -.25 2.7222 -10.185 -.25 2.6772 -10 -.25 2.6522
4 14 -10.415 -.25 2.7322 -10.41 -.25 2.6747 -10.3625 -.25 2.7072 -10.355 -.25 2.7297
3 14 -10.6325 -.25 2.7322 -10.6175 -.25 2.7322 -10.605 -.25 2.7372
4 14 -12.265 -.25 2.7372 -12.395 -.25 2.5347 -12.36 -.25 2.5297 -12.2425 -.25 2.6672
4 14 -10.595 -.25 2.7497 -10.65 -.25 2.7347 -10.6325 -.25 2.7322 -10.605 -.25 2.7372
3 14 -13.15 -.25 2.7522 -13.5625 -.25 2.3572 -13.5875 -.25 2.3272
3 14 -13.15 -.25 2.7522 -12.8775 -.25 2.3922 -12.875 -.25 2.4047
3 14 -13.15 -.25 2.7522 -12.875 -.25 2.4047 -12.855 -.25 2.4222
3 14 -13.15 -.25 2.7522 -13.5225 -.25 2.4122 -13.5625 -.25 2.3572
4 14 -13.15 -.25 2.7522 -12.855 -.25 2.4222 -12.835 -.25 2.4347 -12.64 -.25 2.6647
3 14 -13.15 -.25 2.7522 -13.4825 -.25 2.4772 -13.5225 -.25 2.4122
3 14 -13.15 -.25 2.7522 -13.4575 -.25 2.539 -13.4825 -.25 2.4772
3 14 -13.15 -.25 2.7522 -13.44 -.25 2.6022 -13.4575 -.25 2.539
3 14 -13.15 -.25 2.7522 -13.435 -.25 2.6742 -13.44 -.25 2.6022
3 14 -13.15 -.25 2.7522 -13.435 -.25 2.7397 -13.435 -.25 2.6742
4 14 -13.665 -.25 2.7522 -13.84 -.25 2.7072 -13.855 -.25 2.6722 -13.685 -.25 2.7022
4 14 -10.1725 -.25 2.7622 -10.175 -.25 2.7447 -10.175 -.25 2.7222 -10 -.25 2.6522
4 14 -10.59 -.25 2.7647 -10.665 -.25 2.7422 -10.65 -.25 2.7347 -10.595 -.25 2.7497
4 14 -13.655 -.25 2.7872 -13.82 -.25 2.7522 -13.84 -.25 2.7072 -13.665 -.25 2.7522
4 14 -10.5925 -.25 2.7922 -10.68 -.25 2.7522 -10.665 -.25 2.7422 -10.59 -.25 2.7647
3 14 -13.4425 -.25 2.8047 -13.435 -.25 2.7397 -13.15 -.25 2.7522
4 14 -12.295 -.25 2.8122 -12.4225 -.25 2.5397 -12.395 -.25 2.5347 -12.265 -.25 2.7372
4 14 -10.15 -.25 2.8147 -10.165 -.25 2.7847 -10.1725 -.25 2.7622 -10 -.25 2.6522
4 14 -10.425 -.25 2.8247 -10.415 -.25 2.7322 -10.355 -.25 2.7297 -10.335 -.25 2.7572
4 14 -10.425 -.25 2.8247 -10.335 -.25 2.7572 -10.325 -.25 2.7722 -10.3225 -.25 2.7897
4 14 -10.6 -.25 2.8247 -10.7025 -.25 2.7697 -10.68 -.25 2.7522 -10.5925 -.25 2.7922
4 14 -13.6515 -.25 2.8312 -13.795 -.25 2.7982 -13.82 -.25 2.7522 -13.655 -.25 2.7872
4 14 -10.345 -.25 2.8372 -10.425 -.25 2.8247 -10.3225 -.25 2.7897 -10.3275 -.25 2.8147
3 14 -10.1375 -.25 2.8422 -10.15 -.25 2.8147 -10 -.25 2.6522
4 14 -13.65 -.25 2.8522 -13.75 -.25 2.8522 -13.795 -.25 2.7982 -13.6515 -.25 2.8312
3 14 -10.13 -.25 2.8597 -10.1375 -.25 2.8422 -10 -.25 2.6522
4 14 -10.61 -.25 2.8597 -10.7225 -.25 2.7847 -10.7025 -.25 2.7697 -10.6 -.25 2.8247
3 14 -10.3575 -.25 2.8622 -10.425 -.25 2.8247 -10.345 -.25 2.8372
4 14 -12.325 -.25 2.8722 -12.44 -.25 2.5472 -12.4225 -.25 2.5397 -12.295 -.25 2.8122
3 14 -10.125 -.25 2.8797 -10.13 -.25 2.8597 -10 -.25 2.6522
3 14 -13.46 -.25 2.8872 -13.4425 -.25 2.8047 -13.15 -.25 2.7522
4 14 -10.615 -.25 2.8972 -10.7575 -.25 2.8097 -10.7225 -.25 2.7847 -10.61 -.25 2.8597
4 14 -13.705 -.25 2.8972 -13.75 -.25 2.8522 -13.65 -.25 2.8522 -13.655 -.25 2.8872
3 14 -10.12 -.25 2.8997 -10.125 -.25 2.8797 -10 -.25 2.6522
4 14 -13.67 -.25 2.9122 -13.69 -.25 2.9122 -13.705 -.25 2.8972 -13.655 -.25 2.8872
3 14 -10.115 -.25 2.9222 -10.12 -.25 2.8997 -10 -.25 2.6522
4 14 -10.445 -.25 2.9272 -10.425 -.25 2.8247 -10.3575 -.25 2.8622 -10.36 -.25 2.8847
3 14 -10.445 -.25 2.9272 -10.36 -.25 2.8847 -10.355 -.25 2.9072
3 14 -10.445 -.25 2.9272 -10.355 -.25 2.9072 -10.345 -.25 2.9247
4 14 -12.365 -.25 2.9272 -12.4625 -.25 2.5572 -12.44 -.25 2.5472 -12.325 -.25 2.8722
4 14 -10.62 -.25 2.9297 -10.7975 -.25 2.8347 -10.7575 -.25 2.8097 -10.615 -.25 2.8972
3 14 -10.11 -.25 2.9472 -10.115 -.25 2.9222 -10 -.25 2.6522
3 14 -10.1075 -.25 2.9722 -10.11 -.25 2.9472 -10 -.25 2.6522
4 14 -10.455 -.25 2.9947 -10.445 -.25 2.9272 -10.345 -.25 2.9247 -10.33 -.25 2.9472
4 14 -12.415 -.25 2.9972 -12.485 -.25 2.5697 -12.4625 -.25 2.5572 -12.365 -.25 2.9272
4 14 -10.6225 -.25 3.0047 -10.845 -.25 2.8622 -10.7975 -.25 2.8347 -10.62 -.25 2.9297
4 14 -10.46 -.25 3.0322 -10.455 -.25 2.9947 -10.33 -.25 2.9472 -10.3125 -.25 2.9672
4 14 -10.625 -.25 3.0522 -10.885 -.25 2.8847 -10.845 -.25 2.8622 -10.6225 -.25 3.0047
4 14 -13.5 -.25 3.0522 -13.485 -.25 2.9747 -13.46 -.25 2.8872 -13.15 -.25 2.7522
4 14 -12.4725 -.25 3.0622 -12.5075 -.25 2.5822 -12.485 -.25 2.5697 -12.415 -.25 2.9972
3 14 -12.4725 -.25 3.0622 -12.525 -.25 2.5972 -12.5075 -.25 2.5822
4 14 -12.4725 -.25 3.0622 -12.57 -.25 2.6322 -12.5475 -.25 2.6122 -12.525 -.25 2.5972
3 14 -12.4725 -.25 3.0622 -12.5825 -.25 2.6422 -12.57 -.25 2.6322
3 14 -12.4725 -.25 3.0622 -12.5975 -.25 2.6522 -12.5825 -.25 2.6422
3 14 -12.4725 -.25 3.0622 -12.6125 -.25 2.6597 -12.5975 -.25 2.6522
3 14 -12.4725 -.25 3.0622 -12.625 -.25 2.6647 -12.6125 -.25 2.6597
4 14 -12.4725 -.25 3.0622 -13.15 -.25 2.7522 -12.64 -.25 2.6647 -12.625 -.25 2.6647
4 14 -10.4675 -.25 3.0872 -10.46 -.25 3.0322 -10.3125 -.25 2.9672 -10.2725 -.25 2.9897
4 14 -10.6325 -.25 3.1022 -10.93 -.25 2.9122 -10.885 -.25 2.8847 -10.625 -.25 3.0522
4 14 -10.47 -.25 3.1197 -10.4675 -.25 3.0872 -10.2725 -.25 2.9897 -10.225 -.25 3.0122
3 14 -13.515 -.25 3.1297 -13.5 -.25 3.0522 -13.15 -.25 2.7522
4 14 -10.655 -.25 3.1522 -10.975 -.25 2.9422 -10.93 -.25 2.9122 -10.6325 -.25 3.1022
4 14 -10.4775 -.25 3.1672 -10.47 -.25 3.1197 -10.225 -.25 3.0122 -10.165 -.25 3.0372
4 14 -12.605 -.25 3.1722 -13.15 -.25 2.7522 -12.4725 -.25 3.0622 -12.525 -.25 3.1172
4 14 -10.4875 -.25 3.1947 -10.4775 -.25 3.1672 -10.165 -.25 3.0372 -10.1475 -.25 3.0422
4 14 -10 -.25 3.2022 -10.1075 -.25 2.9722 -10 -.25 2.6522 -9.4375 -.25 2.6022
3 14 -10 -.25 3.2022 -10.1075 -.25 2.9922 -10.1075 -.25 2.9722
3 14 -10 -.25 3.2022 -10.1075 -.25 3.0172 -10.1075 -.25 2.9922
3 14 -10 -.25 3.2022 -10.11 -.25 3.0347 -10.1075 -.25 3.0172
3 14 -10 -.25 3.2022 -10.1175 -.25 3.0422 -10.11 -.25 3.0347
3 14 -10 -.25 3.2022 -10.1275 -.25 3.0422 -10.1175 -.25 3.0422
4 14 -10 -.25 3.2022 -10.4875 -.25 3.1947 -10.1475 -.25 3.0422 -10.1275 -.25 3.0422
3 14 -14.1 -.25 3.2022 -13.9 -.25 2.7222 -13.89 -.25 2.7522
3 14 -14.1 -.25 3.2022 -13.89 -.25 2.7522 -13.87 -.25 2.7922
3 14 -14.1 -.25 3.2022 -13.87 -.25 2.7922 -13.85 -.25 2.8272
4 14 -14.1 -.25 3.2022 -13.85 -.25 2.8272 -13.805 -.25 2.8922 -13.78 -.25 2.9522
4 14 -14.1 -.25 3.2022 -13.78 -.25 2.9522 -13.765 -.25 3.0272 -13.76 -.25 3.1272
4 14 -10.6875 -.25 3.2247 -10.985 -.25 2.9522 -10.975 -.25 2.9422 -10.655 -.25 3.1522
3 14 -12.695 -.25 3.2397 -13.15 -.25 2.7522 -12.605 -.25 3.1722
4 14 -13.5225 -.25 3.2422 -13.521 -.25 3.2042 -13.515 -.25 3.1297 -13.15 -.25 2.7522
4 14 -10.6925 -.25 3.2447 -10.995 -.25 2.9672 -10.985 -.25 2.9522 -10.6875 -.25 3.2247
4 14 -10.695 -.25 3.2672 -11.015 -.25 2.9922 -10.995 -.25 2.9672 -10.6925 -.25 3.2447
4 14 -10.695 -.25 3.2922 -11.05 -.25 3.0222 -11.015 -.25 2.9922 -10.695 -.25 3.2672
3 14 -12.775 -.25 3.3072 -13.15 -.25 2.7522 -12.695 -.25 3.2397
4 14 -10.695 -.25 3.3147 -11.085 -.25 3.0422 -11.05 -.25 3.0222 -10.695 -.25 3.2922
4 14 -13.7785 -.25 3.3237 -14.1 -.25 3.2022 -13.76 -.25 3.1272 -13.765 -.25 3.2022
4 14 -10.7 -.25 3.3297 -11.135 -.25 3.0622 -11.085 -.25 3.0422 -10.695 -.25 3.3147
4 14 -10.71 -.25 3.3397 -11.1625 -.25 3.0697 -11.135 -.25 3.0622 -10.7 -.25 3.3297
4 14 -10.73 -.25 3.3547 -11.1875 -.25 3.0747 -11.1625 -.25 3.0697 -10.71 -.25 3.3397
4 14 -13.525 -.25 3.3572 -13.525 -.25 3.2972 -13.5225 -.25 3.2422 -13.15 -.25 2.7522
4 14 -10.7575 -.25 3.3647 -11.205 -.25 3.0872 -11.1875 -.25 3.0747 -10.73 -.25 3.3547
4 14 -10.79 -.25 3.3722 -11.2175 -.25 3.1047 -11.205 -.25 3.0872 -10.7575 -.25 3.3647
3 14 -12.845 -.25 3.3772 -13.15 -.25 2.7522 -12.775 -.25 3.3072
4 14 -10.8125 -.25 3.3872 -11.2475 -.25 3.1522 -11.2175 -.25 3.1047 -10.79 -.25 3.3722
4 14 -10.8225 -.25 3.3997 -11.2975 -.25 3.2247 -11.2475 -.25 3.1522 -10.8125 -.25 3.3872
3 14 -13.787 -.25 3.4107 -14.1 -.25 3.2022 -13.7785 -.25 3.3237
4 14 -10.8325 -.25 3.4172 -11.34 -.25 3.2872 -11.2975 -.25 3.2247 -10.8225 -.25 3.3997
4 14 -10.84 -.25 3.4397 -11.4325 -.25 3.4022 -11.34 -.25 3.2872 -10.8325 -.25 3.4172
3 14 -13.7885 -.25 3.4707 -14.1 -.25 3.2022 -13.787 -.25 3.4107
3 14 -12.9325 -.25 3.4822 -13.15 -.25 2.7522 -12.845 -.25 3.3772
4 14 -13.5075 -.25 3.4872 -13.5175 -.25 3.4222 -13.525 -.25 3.3572 -13.15 -.25 2.7522
3 14 -12.9925 -.25 3.5647 -13.15 -.25 2.7522 -12.9325 -.25 3.4822
4 14 -13.4775 -.25 3.5672 -13.495 -.25 3.5272 -13.5075 -.25 3.4872 -13.15 -.25 2.7522
4 14 -13.43 -.25 3.6397 -13.45 -.25 3.6122 -13.4775 -.25 3.5672 -13.15 -.25 2.7522
3 14 -13.04 -.25 3.6547 -13.15 -.25 2.7522 -12.9925 -.25 3.5647
4 14 -13.37 -.25 3.7022 -13.41 -.25 3.6622 -13.43 -.25 3.6397 -13.15 -.25 2.7522
3 14 -13.06 -.25 3.7097 -13.15 -.25 2.7522 -13.04 -.25 3.6547
4 14 -13.29 -.25 3.7597 -13.33 -.25 3.7372 -13.37 -.25 3.7022 -13.15 -.25 2.7522
3 14 -13.075 -.25 3.7672 -13.15 -.25 2.7522 -13.06 -.25 3.7097
4 14 -11.7775 -.25 3.7697 -11.7975 -.25 3.7247 -11.7625 -.25 3.6972 -11.7625 -.25 3.7647
4 14 -11.7975 -.25 3.7797 -11.835 -.25 3.7522 -11.7975 -.25 3.7247 -11.7775 -.25 3.7697
4 14 -11.82 -.25 3.7922 -11.86 -.25 3.7697 -11.835 -.25 3.7522 -11.7975 -.25 3.7797
4 14 -11.8375 -.25 3.8047 -11.89 -.25 3.7897 -11.86 -.25 3.7697 -11.82 -.25 3.7922
4 14 -12.3 -.25 3.8072 -12.33 -.25 3.8022 -12.325 -.25 3.7847 -12.31 -.25 3.7847
4 14 -13.18 -.25 3.8072 -13.235 -.25 3.7847 -13.29 -.25 3.7597 -13.15 -.25 2.7522
4 14 -13.085 -.25 3.8122 -13.18 -.25 3.8072 -13.15 -.25 2.7522 -13.075 -.25 3.7672
4 14 -11.865 -.25 3.8222 -11.93 -.25 3.8172 -11.89 -.25 3.7897 -11.8375 -.25 3.8047
4 14 -11.9675 -.25 3.8447 -11.93 -.25 3.8172 -11.865 -.25 3.8222 -11.89 -.25 3.8397
4 14 -12.0075 -.25 3.8747 -11.9675 -.25 3.8447 -11.89 -.25 3.8397 -11.915 -.25 3.8572
4 14 -12.32 -.25 3.8872 -12.33 -.25 3.8022 -12.3 -.25 3.8072 -12.29 -.25 3.8522
4 14 -12.035 -.25 3.8947 -12.0075 -.25 3.8747 -11.915 -.25 3.8572 -11.9375 -.25 3.8747
4 14 -12.0575 -.25 3.9147 -12.035 -.25 3.8947 -11.9375 -.25 3.8747 -11.97 -.25 3.9022
4 14 -12.08 -.25 3.9397 -12.0575 -.25 3.9147 -11.97 -.25 3.9022 -11.995 -.25 3.9222
4 14 -12.3 -.25 3.9447 -12.32 -.25 3.8872 -12.29 -.25 3.8522 -12.27 -.25 3.9022
4 14 -12.0925 -.25 3.9547 -12.08 -.25 3.9397 -11.995 -.25 3.9222 -12.0225 -.25 3.9447
4 14 -12.0525 -.25 3.9697 -12.1 -.25 3.9697 -12.0925 -.25 3.9547 -12.0225 -.25 3.9447
4 14 -12.08 -.25 3.9947 -12.105 -.25 3.9822 -12.1 -.25 3.9697 -12.0525 -.25 3.9697
4 14 -13.3425 -.25 4.0022 -13.3275 -.25 3.9847 -13.315 -.25 3.9772 -13.3075 -.25 3.9847
4 14 -12.0975 -.25 4.0047 -12.1075 -.25 3.9972 -12.105 -.25 3.9822 -12.08 -.25 3.9947
4 14 -12.26 -.25 4.0172 -12.3 -.25 3.9447 -12.27 -.25 3.9022 -12.23 -.25 3.9722
4 14 -13.355 -.25 4.0172 -13.3425 -.25 4.0022 -13.3075 -.25 3.9847 -13.3075 -.25 4.0022
4 14 -13.375 -.25 4.0472 -13.355 -.25 4.0172 -13.3075 -.25 4.0022 -13.3225 -.25 4.0322
4 14 -13.385 -.25 4.0822 -13.375 -.25 4.0472 -13.3225 -.25 4.0322 -13.34 -.25 4.0672
4 14 -13.14 -.25 4.1022 -13.14 -.25 4.0672 -13.135 -.25 4.0322 -13.12 -.25 4.0122
4 14 -14.1 -.25 4.1022 -14.1 -.25 3.2022 -13.7885 -.25 3.4707 -13.782 -.25 3.5407
4 14 -14.1 -.25 4.1022 -14.5198 -.25 3.2534 -14.5625 -.25 2.6022 -14.1 -.25 3.2022
3 14 -14.1 -.25 4.1022 -13.782 -.25 3.5407 -13.772 -.25 3.5987
3 14 -14.1 -.25 4.1022 -13.772 -.25 3.5987 -13.75 -.25 3.6572
3 14 -14.1 -.25 4.1022 -13.75 -.25 3.6572 -13.7125 -.25 3.7222
3 14 -14.1 -.25 4.1022 -13.7125 -.25 3.7222 -13.6775 -.25 3.7747
3 14 -14.1 -.25 4.1022 -13.6775 -.25 3.7747 -13.625 -.25 3.8297
3 14 -14.1 -.25 4.1022 -13.625 -.25 3.8297 -13.55 -.25 3.8797
3 14 -14.1 -.25 4.1022 -13.55 -.25 3.8797 -13.485 -.25 3.9097
3 14 -14.1 -.25 4.1022 -13.485 -.25 3.9097 -13.455 -.25 3.9222
4 14 -14.1 -.25 4.1022 -13.455 -.25 3.9222 -13.429 -.25 3.9282 -13.43 -.25 3.9422
3 14 -14.1 -.25 4.1022 -13.43 -.25 3.9422 -13.445 -.25 3.9772
3 14 -14.1 -.25 4.1022 -13.445 -.25 3.9772 -13.455 -.25 4.0072
3 14 -14.1 -.25 4.1022 -13.455 -.25 4.0072 -13.465 -.25 4.0522
3 14 -14.1 -.25 4.1022 -13.465 -.25 4.0522 -13.47 -.25 4.0872
4 14 -13.35 -.25 4.1122 -13.39 -.25 4.1072 -13.385 -.25 4.0822 -13.34 -.25 4.0672
4 14 -12.2 -.25 4.1247 -12.26 -.25 4.0172 -12.23 -.25 3.9722 -12.185 -.25 4.0472
3 14 -13.47 -.25 4.1322 -14.1 -.25 4.1022 -13.47 -.25 4.0872
4 14 -13.135 -.25 4.1372 -13.14 -.25 4.1022 -13.12 -.25 4.0122 -13.1 -.25 4.0042
4 14 -13.3525 -.25 4.1622 -13.395 -.25 4.1522 -13.39 -.25 4.1072 -13.35 -.25 4.1122
4 14 -13.1775 -.25 4.1722 -13.215 -.25 4.1322 -13.204 -.25 4.1322 -13.1885 -.25 4.1437
4 14 -13.12 -.25 4.1872 -13.135 -.25 4.1372 -13.1 -.25 4.0042 -13.085 -.25 4.0122
4 14 -13.1775 -.25 4.1972 -13.23 -.25 4.1522 -13.215 -.25 4.1322 -13.1775 -.25 4.1722
4 14 -10 -.25 4.2022 -10 -.25 3.2022 -9.4375 -.25 2.6022 -9.4802 -.25 3.2534
4 14 -10 -.25 4.2022 -10.4925 -.25 3.2422 -10.4875 -.25 3.1947 -10 -.25 3.2022
3 14 -10 -.25 4.2022 -10.4925 -.25 3.2772 -10.4925 -.25 3.2422
3 14 -10 -.25 4.2022 -10.5025 -.25 3.3072 -10.4925 -.25 3.2772
3 14 -10 -.25 4.2022 -10.5125 -.25 3.3297 -10.5025 -.25 3.3072
4 14 -10 -.25 4.2022 -10.5525 -.25 3.3772 -10.535 -.25 3.3522 -10.5125 -.25 3.3297
4 14 -10 -.25 4.2022 -10.6125 -.25 3.5022 -10.5775 -.25 3.4247 -10.5525 -.25 3.3772
3 14 -10 -.25 4.2022 -10.6375 -.25 3.5497 -10.6125 -.25 3.5022
3 14 -10 -.25 4.2022 -10.6525 -.25 3.5772 -10.6375 -.25 3.5497
3 14 -10 -.25 4.2022 -10.6725 -.25 3.6072 -10.6525 -.25 3.5772
3 14 -10 -.25 4.2022 -10.6925 -.25 3.6347 -10.6725 -.25 3.6072
3 14 -10 -.25 4.2022 -10.715 -.25 3.6647 -10.6925 -.25 3.6347
3 14 -10 -.25 4.2022 -10.7375 -.25 3.6872 -10.715 -.25 3.6647
3 14 -10 -.25 4.2022 -10.755 -.25 3.6947 -10.7375 -.25 3.6872
4 14 -10 -.25 4.2022 -11.35 -.25 4.2022 -10.775 -.25 3.6947 -10.755 -.25 3.6947
4 14 -11.35 -.25 4.2022 -11.4325 -.25 3.4022 -10.84 -.25 3.4397 -10.845 -.25 3.4722
3 14 -11.35 -.25 4.2022 -10.845 -.25 3.4722 -10.8475 -.25 3.5147
3 14 -11.35 -.25 4.2022 -11.5325 -.25 3.4972 -11.4325 -.25 3.4022
3 14 -11.35 -.25 4.2022 -10.8475 -.25 3.5147 -10.845 -.25 3.5597
3 14 -11.35 -.25 4.2022 -10.845 -.25 3.5597 -10.8375 -.25 3.6022
3 14 -11.35 -.25 4.2022 -11.6175 -.25 3.5772 -11.5325 -.25 3.4972
3 14 -11.35 -.25 4.2022 -10.8375 -.25 3.6022 -10.8325 -.25 3.6247
3 14 -11.35 -.25 4.2022 -10.8325 -.25 3.6247 -10.825 -.25 3.6447
3 14 -11.35 -.25 4.2022 -10.825 -.25 3.6447 -10.81 -.25 3.6697
3 14 -11.35 -.25 4.2022 -10.81 -.25 3.6697 -10.7925 -.25 3.6847
3 14 -11.35 -.25 4.2022 -10.7925 -.25 3.6847 -10.775 -.25 3.6947
4 14 -11.35 -.25 4.2022 -11.7625 -.25 3.7647 -11.7625 -.25 3.6972 -11.6175 -.25 3.5772
3 14 -11.35 -.25 4.2022 -11.7575 -.25 3.8022 -11.7625 -.25 3.7647
3 14 -11.35 -.25 4.2022 -11.755 -.25 3.8272 -11.7575 -.25 3.8022
3 14 -11.35 -.25 4.2022 -11.755 -.25 3.8522 -11.755 -.25 3.8272
3 14 -11.35 -.25 4.2022 -11.755 -.25 3.9022 -11.755 -.25 3.8522
3 14 -11.35 -.25 4.2022 -11.7575 -.25 3.9322 -11.755 -.25 3.9022
3 14 -11.35 -.25 4.2022 -11.7625 -.25 3.9772 -11.7575 -.25 3.9322
3 14 -11.35 -.25 4.2022 -11.77 -.25 4.0272 -11.7625 -.25 3.9772
3 14 -11.35 -.25 4.2022 -11.7825 -.25 4.0772 -11.77 -.25 4.0272
3 14 -11.35 -.25 4.2022 -11.7925 -.25 4.1122 -11.7825 -.25 4.0772
3 14 -11.35 -.25 4.2022 -11.805 -.25 4.1522 -11.7925 -.25 4.1122
3 14 -11.35 -.25 4.2022 -11.825 -.25 4.2022 -11.805 -.25 4.1522
4 14 -13.35 -.25 4.2022 -13.395 -.25 4.2022 -13.395 -.25 4.1522 -13.3525 -.25 4.1622
4 14 -13.44 -.25 4.2122 -14.1 -.25 4.1022 -13.47 -.25 4.1322 -13.455 -.25 4.1672
4 14 -13.17 -.25 4.2372 -13.236 -.25 4.1852 -13.23 -.25 4.1522 -13.1775 -.25 4.1972
4 14 -12.165 -.25 4.2422 -12.2 -.25 4.1247 -12.185 -.25 4.0472 -12.15 -.25 4.1172
4 14 -13.11 -.25 4.2472 -13.12 -.25 4.1872 -13.085 -.25 4.0122 -13.075 -.25 4.0522
3 14 -11.845 -.25 4.2522 -11.825 -.25 4.2022 -11.35 -.25 4.2022
4 14 -13.4475 -.25 4.2722 -14.1 -.25 4.1022 -13.44 -.25 4.2122 -13.44 -.25 4.2422
4 14 -13.155 -.25 4.2772 -13.236 -.25 4.2177 -13.236 -.25 4.1852 -13.17 -.25 4.2372
4 14 -13.335 -.25 4.2772 -13.4 -.25 4.2522 -13.395 -.25 4.2022 -13.35 -.25 4.2022
4 14 -13.105 -.25 4.2822 -13.11 -.25 4.2472 -13.075 -.25 4.0522 -13.065 -.25 4.1172
4 14 -13.14 -.25 4.3022 -13.2325 -.25 4.2572 -13.236 -.25 4.2177 -13.155 -.25 4.2772
3 14 -13.455 -.25 4.3022 -14.1 -.25 4.1022 -13.4475 -.25 4.2722
4 14 -13.105 -.25 4.3172 -13.105 -.25 4.2822 -13.065 -.25 4.1172 -13.04 -.25 4.1872
4 14 -13.32 -.25 4.3172 -13.41 -.25 4.2822 -13.4 -.25 4.2522 -13.335 -.25 4.2772
3 14 -13.4575 -.25 4.3322 -14.1 -.25 4.1022 -13.455 -.25 4.3022
4 14 -13.1325 -.25 4.3372 -13.215 -.25 4.3222 -13.2325 -.25 4.2572 -13.14 -.25 4.3022
3 14 -11.8925 -.25 4.3522 -11.845 -.25 4.2522 -11.35 -.25 4.2022
4 14 -12.15 -.25 4.3572 -12.165 -.25 4.2422 -12.15 -.25 4.1172 -12.13 -.25 4.1822
4 14 -13.3 -.25 4.3572 -13.425 -.25 4.3122 -13.41 -.25 4.2822 -13.32 -.25 4.3172
3 14 -13.3 -.25 4.3572 -13.44 -.25 4.3372 -13.425 -.25 4.3122
4 14 -13.115 -.25 4.3622 -13.105 -.25 4.3172 -13.04 -.25 4.1872 -13.005 -.25 4.2522
4 14 -13.195 -.25 4.3697 -13.215 -.25 4.3222 -13.1325 -.25 4.3372 -13.13 -.25 4.3672
4 14 -13.12 -.25 4.3747 -13.115 -.25 4.3622 -13.005 -.25 4.2522 -12.965 -.25 4.3097
4 14 -13.1275 -.25 4.3822 -13.12 -.25 4.3747 -12.965 -.25 4.3097 -12.93 -.25 4.3647
4 14 -13.17 -.25 4.4147 -13.195 -.25 4.3697 -13.13 -.25 4.3672 -13.1275 -.25 4.3822
3 14 -11.93 -.25 4.4272 -11.8925 -.25 4.3522 -11.35 -.25 4.2022
4 14 -12.15 -.25 4.4372 -12.15 -.25 4.3572 -12.13 -.25 4.1822 -12.11 -.25 4.2572
4 14 -12.8435 -.25 4.4427 -13.17 -.25 4.4147 -13.1275 -.25 4.3822 -12.93 -.25 4.3647
3 14 -13.1525 -.25 4.4472 -13.17 -.25 4.4147 -12.8435 -.25 4.4427
3 14 -11.9575 -.25 4.4772 -11.93 -.25 4.4272 -11.35 -.25 4.2022
4 14 -12.16 -.25 4.5022 -12.15 -.25 4.4372 -12.11 -.25 4.2572 -12.1 -.25 4.3422
4 14 -9.8173 -.25 4.5115 -10 -.25 4.2022 -9.4802 -.25 3.2534 -9.6075 -.25 3.8935
4 14 -14.1827 -.25 4.5115 -14.3925 -.25 3.8935 -14.5198 -.25 3.2534 -14.1 -.25 4.1022
4 14 -12.7215 -.25 4.5392 -13.1325 -.25 4.4847 -13.1525 -.25 4.4472 -12.8435 -.25 4.4427
3 14 -11.9975 -.25 4.5422 -11.9575 -.25 4.4772 -11.35 -.25 4.2022
4 14 -12.17 -.25 4.5672 -12.16 -.25 4.5022 -12.1 -.25 4.3422 -12.1 -.25 4.4122
4 14 -12.015 -.25 4.5797 -12.01 -.25 4.5622 -11.9975 -.25 4.5422 -11.35 -.25 4.2022
4 14 -12.6425 -.25 4.5922 -13.115 -.25 4.5222 -13.1325 -.25 4.4847 -12.7215 -.25 4.5392
4 14 -12.6 -.25 4.6247 -13.1 -.25 4.5622 -13.115 -.25 4.5222 -12.6425 -.25 4.5922
4 14 -12.005 -.25 4.6297 -12.0175 -.25 4.6047 -12.015 -.25 4.5797 -11.35 -.25 4.2022
4 14 -12.195 -.25 4.6422 -12.17 -.25 4.5672 -12.1 -.25 4.4122 -12.105 -.25 4.4922
4 14 -12.575 -.25 4.6572 -13.105 -.25 4.5972 -13.1 -.25 4.5622 -12.6 -.25 4.6247
3 14 -11.365 -.25 4.6597 -11.415 -.25 4.6597 -11.35 -.25 4.2022
3 14 -11.3175 -.25 4.6647 -11.365 -.25 4.6597 -11.35 -.25 4.2022
4 14 -11.495 -.25 4.6672 -11.35 -.25 4.2022 -11.415 -.25 4.6597 -11.4625 -.25 4.6647
4 14 -11.97 -.25 4.6722 -11.99 -.25 4.6547 -12.005 -.25 4.6297 -11.35 -.25 4.2022
3 14 -11.2625 -.25 4.6772 -11.3175 -.25 4.6647 -11.35 -.25 4.2022
4 14 -11.625 -.25 4.6772 -11.35 -.25 4.2022 -11.495 -.25 4.6672 -11.5325 -.25 4.6722
3 14 -11.9375 -.25 4.6772 -11.97 -.25 4.6722 -11.35 -.25 4.2022
4 14 -11.155 -.25 4.6797 -11.203 -.25 4.6797 -11.2625 -.25 4.6772 -11.35 -.25 4.2022
4 14 -11.695 -.25 4.6797 -11.775 -.25 4.6797 -11.35 -.25 4.2022 -11.625 -.25 4.6772
4 14 -11.775 -.25 4.6797 -11.88 -.25 4.6797 -11.9375 -.25 4.6772 -11.35 -.25 4.2022
3 14 -11.11 -.25 4.6847 -11.155 -.25 4.6797 -11.35 -.25 4.2022
4 14 -11.055 -.25 4.6972 -11.11 -.25 4.6847 -11.35 -.25 4.2022 -10 -.25 4.2022
3 14 -11.005 -.25 4.7122 -11.055 -.25 4.6972 -10 -.25 4.2022
4 14 -12.54 -.25 4.7222 -13.1225 -.25 4.6372 -13.105 -.25 4.5972 -12.575 -.25 4.6572
3 14 -10.955 -.25 4.7372 -11.005 -.25 4.7122 -10 -.25 4.2022
3 14 -10.93 -.25 4.7522 -10.955 -.25 4.7372 -10 -.25 4.2022
3 14 -10.91 -.25 4.7722 -10.93 -.25 4.7522 -10 -.25 4.2022
3 14 -12.245 -.25 4.7722 -12.115 -.25 4.5572 -12.1425 -.25 4.6372
4 14 -12.245 -.25 4.7722 -12.1425 -.25 4.6372 -12.1775 -.25 4.7272 -12.1925 -.25 4.7647
4 14 -12.245 -.25 4.7722 -12.195 -.25 4.6422 -12.105 -.25 4.4922 -12.115 -.25 4.5572
4 14 -12.53 -.25 4.7722 -13.1425 -.25 4.6497 -13.1225 -.25 4.6372 -12.54 -.25 4.7222
3 14 -10.9 -.25 4.7872 -10.91 -.25 4.7722 -10 -.25 4.2022
3 14 -10.8975 -.25 4.7997 -10.9 -.25 4.7872 -10 -.25 4.2022
4 14 -13.65 -.25 4.8522 -14.1 -.25 4.1022 -13.4575 -.25 4.3322 -13.455 -.25 4.3522
4 14 -13.65 -.25 4.8522 -13.455 -.25 4.3522 -13.44 -.25 4.3372 -13.3 -.25 4.3572
3 14 -13.65 -.25 4.8522 -13.3 -.25 4.3572 -13.2775 -.25 4.3947
3 14 -13.65 -.25 4.8522 -13.2775 -.25 4.3947 -13.255 -.25 4.4322
3 14 -13.65 -.25 4.8522 -13.255 -.25 4.4322 -13.215 -.25 4.4797
4 14 -13.65 -.25 4.8522 -13.215 -.25 4.4797 -13.1875 -.25 4.5122 -13.1725 -.25 4.5372
4 14 -13.65 -.25 4.8522 -13.1725 -.25 4.5372 -13.1425 -.25 4.5872 -13.14 -.25 4.6222
3 14 -13.65 -.25 4.8522 -13.14 -.25 4.6222 -13.1425 -.25 4.6497
4 14 -13.65 -.25 4.8522 -13.1425 -.25 4.6497 -12.53 -.25 4.7722 -12.535 -.25 4.8322
4 14 -12.31 -.25 4.8972 -12.245 -.25 4.7722 -12.1925 -.25 4.7647 -12.195 -.25 4.7972
3 14 -12.585 -.25 4.9272 -13.65 -.25 4.8522 -12.535 -.25 4.8322
3 14 -12.605 -.25 4.9752 -13.65 -.25 4.8522 -12.585 -.25 4.9272
4 14 -12.37 -.25 4.9872 -12.31 -.25 4.8972 -12.195 -.25 4.7972 -12.19 -.25 4.8572
4 14 -12.3715 -.25 5.0092 -12.37 -.25 4.9872 -12.19 -.25 4.8572 -12.17 -.25 4.8922
4 14 -12.3655 -.25 5.0352 -12.3715 -.25 5.0092 -12.17 -.25 4.8922 -12.145 -.25 4.9062
3 14 -12.61 -.25 5.0522 -13.65 -.25 4.8522 -12.605 -.25 4.9752
4 14 -13.8941 -.25 5.0968 -14.1827 -.25 4.5115 -14.1 -.25 4.1022 -13.65 -.25 4.8522
4 14 -12.52 -.25 5.2872 -12.605 -.25 5.1022 -12.595 -.25 5.1172 -12.5 -.25 5.3072
4 14 -12.28 -.25 5.1322 -12.3655 -.25 5.0352 -12.145 -.25 4.9062 -12.115 -.25 4.9072
3 14 -13.43 -.25 5.1847 -13.455 -.25 5.1747 -13.65 -.25 4.8522
3 14 -13.4125 -.25 5.1922 -13.43 -.25 5.1847 -13.65 -.25 4.8522
3 14 -11.245 -.25 5.1947 -11.285 -.25 5.1947 -11.365 -.25 5.1047
3 14 -11.3175 -.25 5.1997 -11.365 -.25 5.1047 -11.285 -.25 5.1947
4 14 -11.05 -.25 5.2022 -11.575 -.25 4.8097 -11.525 -.25 4.8097 -11.4825 -.25 4.8147
4 14 -11.05 -.25 5.2022 -10.9025 -.25 4.8122 -10.8975 -.25 4.7997 -10 -.25 4.2022
4 14 -11.05 -.25 5.2022 -11.2675 -.25 4.8147 -11.2525 -.25 4.8222 -11.235 -.25 4.8347
4 14 -11.05 -.25 5.2022 -11.4825 -.25 4.8147 -11.4525 -.25 4.8172 -11.435 -.25 4.8222
4 14 -11.05 -.25 5.2022 -11.3075 -.25 4.8172 -11.2875 -.25 4.8122 -11.2675 -.25 4.8147
4 14 -11.05 -.25 5.2022 -11.705 -.25 4.8197 -11.645 -.25 4.8122 -11.575 -.25 4.8097
3 14 -11.05 -.25 5.2022 -11.435 -.25 4.8222 -11.4 -.25 4.8322
3 14 -11.05 -.25 5.2022 -10.92 -.25 4.8272 -10.9025 -.25 4.8122
4 14 -11.05 -.25 5.2022 -11.3375 -.25 4.8322 -11.32 -.25 4.8222 -11.3075 -.25 4.8172
3 14 -11.05 -.25 5.2022 -11.4 -.25 4.8322 -11.371 -.25 4.8362
4 14 -11.05 -.25 5.2022 -11.235 -.25 4.8347 -11.22 -.25 4.8547 -11.21 -.25 4.8747
3 14 -11.05 -.25 5.2022 -11.3525 -.25 4.8347 -11.3375 -.25 4.8322
3 14 -11.05 -.25 5.2022 -11.371 -.25 4.8362 -11.3525 -.25 4.8347
3 14 -11.05 -.25 5.2022 -10.9475 -.25 4.8472 -10.92 -.25 4.8272
3 14 -11.05 -.25 5.2022 -10.9725 -.25 4.8622 -10.9475 -.25 4.8472
3 14 -11.05 -.25 5.2022 -11.21 -.25 4.8747 -11.1925 -.25 4.8972
3 14 -11.05 -.25 5.2022 -11.0275 -.25 4.8847 -10.9725 -.25 4.8622
3 14 -11.05 -.25 5.2022 -11.1925 -.25 4.8972 -11.18 -.25 4.9072
3 14 -11.05 -.25 5.2022 -11.09 -.25 4.8997 -11.0275 -.25 4.8847
3 14 -11.05 -.25 5.2022 -11.125 -.25 4.9072 -11.09 -.25 4.8997
3 14 -11.05 -.25 5.2022 -11.18 -.25 4.9072 -11.15 -.25 4.9097
3 14 -11.05 -.25 5.2022 -11.15 -.25 4.9097 -11.125 -.25 4.9072
3 14 -11.05 -.25 5.2022 -11.365 -.25 5.1047 -11.705 -.25 4.8197
4 14 -11.05 -.25 5.2022 -11.2075 -.25 5.1972 -11.245 -.25 5.1947 -11.365 -.25 5.1047
3 14 -11.05 -.25 5.2022 -11.1025 -.25 5.2547 -11.125 -.25 5.2347
3 14 -11.05 -.25 5.2022 -11.0825 -.25 5.2797 -11.1025 -.25 5.2547
3 14 -11.05 -.25 5.2022 -11.065 -.25 5.3122 -11.0825 -.25 5.2797
3 14 -11.05 -.25 5.2022 -11.0625 -.25 5.3347 -11.065 -.25 5.3122
3 14 -11.05 -.25 5.2022 -11.0625 -.25 5.3722 -11.0625 -.25 5.3347
4 14 -11.495 -.25 5.2022 -11.505 -.25 5.1972 -11.705 -.25 4.8197 -11.365 -.25 5.1047
3 14 -11.18 -.25 5.2047 -11.2075 -.25 5.1972 -11.05 -.25 5.2022
3 14 -11.5125 -.25 5.2047 -11.705 -.25 4.8197 -11.505 -.25 5.1972
3 14 -11.3525 -.25 5.2072 -11.365 -.25 5.1047 -11.3175 -.25 5.1997
3 14 -11.4875 -.25 5.2097 -11.495 -.25 5.2022 -11.365 -.25 5.1047
4 14 -13.3675 -.25 5.2097 -13.39 -.25 5.2022 -13.4125 -.25 5.1922 -13.65 -.25 4.8522
3 14 -11.155 -.25 5.2147 -11.18 -.25 5.2047 -11.05 -.25 5.2022
3 14 -13.3475 -.25 5.2147 -13.3675 -.25 5.2097 -13.65 -.25 4.8522
3 14 -11.3775 -.25 5.2172 -11.365 -.25 5.1047 -11.3525 -.25 5.2072
3 14 -12.71 -.25 5.2172 -12.74 -.25 5.2172 -12.605 -.25 5.1022
3 14 -12.74 -.25 5.2172 -12.77 -.25 5.2172 -12.605 -.25 5.1022
3 14 -12.77 -.25 5.2172 -12.8075 -.25 5.2172 -12.605 -.25 5.1022
3 14 -12.6775 -.25 5.2197 -12.71 -.25 5.2172 -12.605 -.25 5.1022
3 14 -11.5175 -.25 5.2222 -11.705 -.25 4.8197 -11.5125 -.25 5.2047
4 14 -12.8825 -.25 5.2222 -12.605 -.25 5.1022 -12.8075 -.25 5.2172 -12.8425 -.25 5.2197
3 14 -13.3225 -.25 5.2222 -13.3475 -.25 5.2147 -13.65 -.25 4.8522
3 14 -12.65 -.25 5.2247 -12.6775 -.25 5.2197 -12.605 -.25 5.1022
3 14 -12.625 -.25 5.2297 -12.65 -.25 5.2247 -12.605 -.25 5.1022
3 14 -12.94 -.25 5.2297 -12.605 -.25 5.1022 -12.8825 -.25 5.2222
3 14 -11.125 -.25 5.2347 -11.155 -.25 5.2147 -11.05 -.25 5.2022
4 14 -11.465 -.25 5.2347 -11.4775 -.25 5.2222 -11.4875 -.25 5.2097 -11.365 -.25 5.1047
4 14 -13.2675 -.25 5.2347 -13.295 -.25 5.2297 -13.3225 -.25 5.2222 -13.65 -.25 4.8522
3 14 -12.6 -.25 5.2372 -12.625 -.25 5.2297 -12.605 -.25 5.1022
4 14 -11.43 -.25 5.2397 -11.365 -.25 5.1047 -11.3775 -.25 5.2172 -11.4025 -.25 5.2297
4 14 -11.45 -.25 5.2397 -11.465 -.25 5.2347 -11.365 -.25 5.1047 -11.43 -.25 5.2397
4 14 -13 -.25 5.2397 -13.65 -.25 4.8522 -12.61 -.25 5.0522 -12.605 -.25 5.1022
3 14 -13 -.25 5.2397 -12.605 -.25 5.1022 -12.94 -.25 5.2297
4 14 -13.21 -.25 5.2422 -13.2375 -.25 5.2397 -13.2675 -.25 5.2347 -13.65 -.25 4.8522
3 14 -12.5775 -.25 5.2447 -12.6 -.25 5.2372 -12.605 -.25 5.1022
4 14 -12.155 -.25 5.2472 -12.28 -.25 5.1322 -12.115 -.25 4.9072 -12.025 -.25 4.8922
4 14 -13.0825 -.25 5.2472 -13.65 -.25 4.8522 -13 -.25 5.2397 -13.05 -.25 5.2447
3 14 -13.0825 -.25 5.2472 -13.105 -.25 5.2472 -13.65 -.25 4.8522
3 14 -13.105 -.25 5.2472 -13.1325 -.25 5.2472 -13.65 -.25 4.8522
4 14 -13.1325 -.25 5.2472 -13.1725 -.25 5.2447 -13.21 -.25 5.2422 -13.65 -.25 4.8522
3 14 -12.5575 -.25 5.2572 -12.5775 -.25 5.2447 -12.605 -.25 5.1022
3 14 -12.5375 -.25 5.2722 -12.5575 -.25 5.2572 -12.605 -.25 5.1022
3 14 -12.52 -.25 5.2872 -12.5375 -.25 5.2722 -12.605 -.25 5.1022
3 14 -11.165 -.25 5.3122 -11.1875 -.25 5.2847 -11.1725 -.25 5.2972
4 14 -12.0785 -.25 5.3122 -12.155 -.25 5.2472 -12.025 -.25 4.8922 -11.96 -.25 4.8722
4 14 -11.1625 -.25 5.3297 -11.2025 -.25 5.2747 -11.1875 -.25 5.2847 -11.165 -.25 5.3122
3 14 -12.0375 -.25 5.3407 -11.875 -.25 4.8522 -11.7875 -.25 4.8347
4 14 -12.0375 -.25 5.3407 -12.0785 -.25 5.3122 -11.96 -.25 4.8722 -11.875 -.25 4.8522
4 14 -11.1625 -.25 5.3447 -11.2225 -.25 5.2672 -11.2025 -.25 5.2747 -11.1625 -.25 5.3297
4 14 -11.6075 -.25 5.3522 -11.705 -.25 4.8197 -11.5175 -.25 5.2222 -11.5175 -.25 5.2422
4 14 -11.6075 -.25 5.3522 -11.5175 -.25 5.2422 -11.5175 -.25 5.2672 -11.52 -.25 5.3022
4 14 -11.1675 -.25 5.3597 -11.25 -.25 5.2597 -11.2225 -.25 5.2672 -11.1625 -.25 5.3447
4 14 -12.7175 -.25 5.3697 -12.66 -.25 5.2797 -12.6425 -.25 5.2822 -12.6225 -.25 5.2872
4 14 -12.7175 -.25 5.3697 -12.7125 -.25 5.2822 -12.6825 -.25 5.2797 -12.66 -.25 5.2797
4 14 -12.7175 -.25 5.3697 -12.6225 -.25 5.2872 -12.6075 -.25 5.2922 -12.595 -.25 5.2972
4 14 -12.7175 -.25 5.3697 -12.765 -.25 5.2897 -12.7325 -.25 5.2847 -12.7125 -.25 5.2822
4 14 -12.7175 -.25 5.3697 -12.595 -.25 5.2972 -12.5825 -.25 5.3047 -12.5725 -.25 5.3122
4 14 -12.7175 -.25 5.3697 -12.8375 -.25 5.3047 -12.8025 -.25 5.2972 -12.765 -.25 5.2897
4 14 -12.7175 -.25 5.3697 -12.5725 -.25 5.3122 -12.56 -.25 5.3222 -12.5475 -.25 5.3372
4 14 -12.7175 -.25 5.3697 -12.9125 -.25 5.3247 -12.8675 -.25 5.3122 -12.8375 -.25 5.3047
4 14 -12.7175 -.25 5.3697 -12.5475 -.25 5.3372 -12.54 -.25 5.3472 -12.535 -.25 5.3572
4 14 -11.175 -.25 5.3722 -11.2875 -.25 5.2597 -11.25 -.25 5.2597 -11.1675 -.25 5.3597
4 14 -12.535 -.25 5.3572 -12.5325 -.25 5.3697 -12.5325 -.25 5.3747 -12.7175 -.25 5.3697
4 14 -11.984 -.25 5.3812 -12.0375 -.25 5.3407 -11.7875 -.25 4.8347 -11.705 -.25 4.8197
4 14 -11.5375 -.25 5.3822 -11.6075 -.25 5.3522 -11.52 -.25 5.3022 -11.5275 -.25 5.3447
3 14 -12.5325 -.25 5.3847 -12.7175 -.25 5.3697 -12.5325 -.25 5.3747
4 14 -11.1875 -.25 5.3872 -11.3075 -.25 5.2622 -11.2875 -.25 5.2597 -11.175 -.25 5.3722
4 14 -12.7125 -.25 5.3947 -12.9 -.25 5.3422 -12.9125 -.25 5.3247 -12.7175 -.25 5.3697
4 14 -11.205 -.25 5.4022 -11.3375 -.25 5.2722 -11.3075 -.25 5.2622 -11.1875 -.25 5.3872
4 14 -12.5375 -.25 5.4022 -12.7175 -.25 5.3697 -12.5325 -.25 5.3847 -12.535 -.25 5.3947
4 14 -12.6725 -.25 5.4022 -12.69 -.25 5.3922 -12.7 -.25 5.3847 -12.7175 -.25 5.3697
4 14 -11.565 -.25 5.4047 -11.6075 -.25 5.3522 -11.5375 -.25 5.3822 -11.5525 -.25 5.3997
4 14 -11.9515 -.25 5.4112 -11.984 -.25 5.3812 -11.705 -.25 4.8197 -11.6075 -.25 5.3522
4 14 -12.705 -.25 5.4147 -12.885 -.25 5.3672 -12.9 -.25 5.3422 -12.7125 -.25 5.3947
4 14 -11.225 -.25 5.4172 -11.37 -.25 5.2872 -11.3375 -.25 5.2722 -11.205 -.25 5.4022
4 14 -12.6425 -.25 5.4172 -12.66 -.25 5.4097 -12.6725 -.25 5.4022 -12.7175 -.25 5.3697
3 14 -11.565 -.25 5.4197 -11.6075 -.25 5.3522 -11.565 -.25 5.4047
4 14 -12.56 -.25 5.4197 -12.7175 -.25 5.3697 -12.5375 -.25 5.4022 -12.5475 -.25 5.4122
4 14 -12.5775 -.25 5.4247 -12.59 -.25 5.4247 -12.7175 -.25 5.3697 -12.56 -.25 5.4197
3 14 -12.59 -.25 5.4247 -12.61 -.25 5.4247 -12.7175 -.25 5.3697
4 14 -12.61 -.25 5.4247 -12.6275 -.25 5.4222 -12.6425 -.25 5.4172 -12.7175 -.25 5.3697
3 14 -11.9365 -.25 5.4272 -11.9515 -.25 5.4112 -11.6075 -.25 5.3522
4 14 -11.25 -.25 5.4322 -11.4 -.25 5.3047 -11.37 -.25 5.2872 -11.225 -.25 5.4172
3 14 -11.56 -.25 5.4347 -11.6075 -.25 5.3522 -11.565 -.25 5.4197
4 14 -12.69 -.25 5.4397 -12.845 -.25 5.4347 -12.885 -.25 5.3672 -12.705 -.25 5.4147
3 14 -11.9255 -.25 5.4427 -11.9365 -.25 5.4272 -11.6075 -.25 5.3522
4 14 -11.275 -.25 5.4447 -11.4275 -.25 5.3247 -11.4 -.25 5.3047 -11.25 -.25 5.4322
4 14 -11.3025 -.25 5.4547 -11.4525 -.25 5.3472 -11.4275 -.25 5.3247 -11.275 -.25 5.4447
4 14 -11.335 -.25 5.4672 -11.4725 -.25 5.3697 -11.4525 -.25 5.3472 -11.3025 -.25 5.4547
4 14 -11.36 -.25 5.4747 -11.485 -.25 5.3897 -11.4725 -.25 5.3697 -11.335 -.25 5.4672
4 14 -11.3925 -.25 5.4847 -11.495 -.25 5.4072 -11.485 -.25 5.3897 -11.36 -.25 5.4747
4 14 -11.897 -.25 5.4942 -11.916 -.25 5.4632 -11.9255 -.25 5.4427 -11.6075 -.25 5.3522
4 14 -12.815 -.25 5.4947 -12.845 -.25 5.4347 -12.69 -.25 5.4397 -12.67 -.25 5.4597
3 14 -12.935 -.25 5.4947 -12.93 -.25 5.5647 -12.95 -.25 5.5647
4 14 -11.4225 -.25 5.4972 -11.51 -.25 5.4247 -11.495 -.25 5.4072 -11.3925 -.25 5.4847
4 14 -11.455 -.25 5.5122 -11.5225 -.25 5.4372 -11.51 -.25 5.4247 -11.4225 -.25 5.4972
4 14 -13.045 -.25 5.5172 -13.0675 -.25 5.3197 -13.035 -.25 5.3222 -13.0225 -.25 5.3297
4 14 -11.49 -.25 5.5347 -11.5375 -.25 5.4472 -11.5225 -.25 5.4372 -11.455 -.25 5.5122
4 14 -13.03 -.25 5.5347 -13.0375 -.25 5.5272 -13.045 -.25 5.5172 -13.0225 -.25 5.3297
4 14 -11.8465 -.25 5.5372 -11.8705 -.25 5.5207 -11.897 -.25 5.4942 -11.6075 -.25 5.3522
4 14 -13.02 -.25 5.5422 -13.03 -.25 5.5347 -13.0225 -.25 5.3297 -13.0125 -.25 5.3422
4 14 -13.01 -.25 5.5497 -13.02 -.25 5.5422 -13.0125 -.25 5.3422 -12.9975 -.25 5.3672
4 14 -11.5225 -.25 5.5597 -11.55 -.25 5.4472 -11.5375 -.25 5.4472 -11.49 -.25 5.5347
4 14 -12.77 -.25 5.5622 -12.7875 -.25 5.5622 -12.65 -.25 5.4747 -12.6275 -.25 5.4847
4 14 -12.7875 -.25 5.5622 -12.815 -.25 5.4947 -12.67 -.25 5.4597 -12.65 -.25 5.4747
4 14 -12.985 -.25 5.5622 -12.9975 -.25 5.5572 -13.01 -.25 5.5497 -12.9975 -.25 5.3672
4 14 -12.7475 -.25 5.5647 -12.77 -.25 5.5622 -12.6275 -.25 5.4847 -12.6075 -.25 5.4897
3 14 -12.91 -.25 5.5647 -12.93 -.25 5.5647 -12.935 -.25 5.4947
4 14 -12.95 -.25 5.5647 -12.965 -.25 5.5647 -12.9625 -.25 5.4347 -12.935 -.25 5.4947
4 14 -12.965 -.25 5.5647 -12.985 -.25 5.5622 -12.9975 -.25 5.3672 -12.9625 -.25 5.4347
4 14 -11.8 -.25 5.5672 -11.8215 -.25 5.5537 -11.8465 -.25 5.5372 -11.6075 -.25 5.3522
4 14 -12.73 -.25 5.5697 -12.7475 -.25 5.5647 -12.6075 -.25 5.4897 -12.58 -.25 5.4922
3 14 -11.7815 -.25 5.5807 -11.8 -.25 5.5672 -11.6075 -.25 5.3522
4 14 -11.55 -.25 5.5922 -11.56 -.25 5.4347 -11.55 -.25 5.4472 -11.5225 -.25 5.5597
4 14 -12.3375 -.25 5.6172 -12.4775 -.25 5.4072 -12.4775 -.25 5.3772 -12.325 -.25 5.6172
4 14 -12.3125 -.25 5.6197 -12.325 -.25 5.6172 -12.4775 -.25 5.3772 -12.4825 -.25 5.3522
4 14 -12.3 -.25 5.6222 -12.3125 -.25 5.6197 -12.4825 -.25 5.3522 -12.49 -.25 5.3272
4 14 -12.355 -.25 5.6222 -12.48 -.25 5.4322 -12.4775 -.25 5.4072 -12.3375 -.25 5.6172
4 14 -11.1225 -.25 5.6247 -11.1525 -.25 5.6247 -11.12 -.25 5.5197 -11.095 -.25 5.4897
4 14 -11.1 -.25 5.6272 -11.1225 -.25 5.6247 -11.095 -.25 5.4897 -11.075 -.25 5.4497
4 14 -12.37 -.25 5.6272 -12.485 -.25 5.4472 -12.48 -.25 5.4322 -12.355 -.25 5.6222
4 14 -11.1725 -.25 5.6297 -11.1475 -.25 5.5447 -11.12 -.25 5.5197 -11.1525 -.25 5.6247
4 14 -11.0725 -.25 5.6347 -11.1 -.25 5.6272 -11.075 -.25 5.4497 -11.065 -.25 5.4097
4 14 -12.3825 -.25 5.6347 -12.4925 -.25 5.4622 -12.485 -.25 5.4472 -12.37 -.25 5.6272
3 14 -12.755 -.25 5.6372 -12.7475 -.25 5.6322 -12.735 -.25 5.6322
4 14 -11.7265 -.25 5.6377 -11.766 -.25 5.5982 -11.7815 -.25 5.5807 -11.6075 -.25 5.3522
4 14 -10.4685 -.25 5.6394 -10 -.25 4.2022 -9.8173 -.25 4.5115 -10.1059 -.25 5.0968
4 14 -11.1925 -.25 5.6422 -11.1825 -.25 5.5622 -11.1475 -.25 5.5447 -11.1725 -.25 5.6297
4 14 -12.3975 -.25 5.6447 -12.5075 -.25 5.4772 -12.4925 -.25 5.4622 -12.3825 -.25 5.6347
4 14 -12.7575 -.25 5.6472 -12.755 -.25 5.6372 -12.735 -.25 5.6322 -12.7175 -.25 5.6372
4 14 -11.04 -.25 5.6522 -11.0725 -.25 5.6347 -11.065 -.25 5.4097 -11.0625 -.25 5.3722
4 14 -12.225 -.25 5.6522 -12.57 -.25 5.1372 -12.4425 -.25 5.2172 -12.3375 -.25 5.2897
4 14 -12.225 -.25 5.6522 -12.3375 -.25 5.2897 -12.265 -.25 5.3622 -12.18 -.25 5.4522
4 14 -12.225 -.25 5.6522 -12.5 -.25 5.3072 -12.595 -.25 5.1172 -12.57 -.25 5.1372
3 14 -12.225 -.25 5.6522 -12.49 -.25 5.3272 -12.5 -.25 5.3072
4 14 -12.225 -.25 5.6522 -12.18 -.25 5.4522 -12.16 -.25 5.4772 -12.15 -.25 5.5022
3 14 -12.225 -.25 5.6522 -12.15 -.25 5.5022 -12.145 -.25 5.5172
3 14 -12.225 -.25 5.6522 -12.145 -.25 5.5172 -12.1325 -.25 5.5397
3 14 -12.225 -.25 5.6522 -12.1325 -.25 5.5397 -12.115 -.25 5.5572
4 14 -12.225 -.25 5.6522 -12.115 -.25 5.5572 -12.075 -.25 5.5822 -12.0615 -.25 5.5922
4 14 -12.225 -.25 5.6522 -12.0615 -.25 5.5922 -12.04 -.25 5.6072 -12.03 -.25 5.6222
4 14 -12.225 -.25 5.6522 -12.2875 -.25 5.6297 -12.3 -.25 5.6222 -12.49 -.25 5.3272
3 14 -12.225 -.25 5.6522 -12.275 -.25 5.6422 -12.2875 -.25 5.6297
4 14 -12.4075 -.25 5.6522 -12.53 -.25 5.4872 -12.5075 -.25 5.4772 -12.3975 -.25 5.6447
3 14 -12.265 -.25 5.6547 -12.275 -.25 5.6422 -12.225 -.25 5.6522
4 14 -11.2075 -.25 5.6597 -11.2275 -.25 5.5772 -11.1825 -.25 5.5622 -11.1925 -.25 5.6422
4 14 -12.04 -.25 5.6597 -12.225 -.25 5.6522 -12.03 -.25 5.6222 -12.03 -.25 5.6422
4 14 -12.4175 -.25 5.6597 -12.555 -.25 5.4922 -12.53 -.25 5.4872 -12.4075 -.25 5.6522
4 14 -12.4275 -.25 5.6672 -12.58 -.25 5.4922 -12.555 -.25 5.4922 -12.4175 -.25 5.6597
4 14 -12.4275 -.25 5.6672 -12.7125 -.25 5.5772 -12.73 -.25 5.5697 -12.58 -.25 5.4922
4 14 -12.755 -.25 5.6672 -12.7575 -.25 5.6472 -12.7175 -.25 5.6372 -12.7 -.25 5.6447
4 14 -11.025 -.25 5.6747 -11.04 -.25 5.6522 -11.0625 -.25 5.3722 -11.05 -.25 5.2022
3 14 -12.255 -.25 5.6747 -12.265 -.25 5.6547 -12.225 -.25 5.6522
4 14 -11.21 -.25 5.6772 -11.28 -.25 5.5872 -11.2275 -.25 5.5772 -11.2075 -.25 5.6597
3 14 -12.045 -.25 5.6772 -12.225 -.25 5.6522 -12.04 -.25 5.6597
4 14 -12.435 -.25 5.6772 -12.6975 -.25 5.5897 -12.7125 -.25 5.5772 -12.4275 -.25 5.6672
4 14 -12.75 -.25 5.6797 -12.755 -.25 5.6672 -12.7 -.25 5.6447 -12.685 -.25 5.6522
3 14 -11.6875 -.25 5.6857 -11.7265 -.25 5.6377 -11.6075 -.25 5.3522
4 14 -12.44 -.25 5.6897 -12.6825 -.25 5.6047 -12.6975 -.25 5.5897 -12.435 -.25 5.6772
4 14 -11.2075 -.25 5.6922 -11.325 -.25 5.5997 -11.28 -.25 5.5872 -11.21 -.25 5.6772
3 14 -12.25 -.25 5.6947 -12.255 -.25 5.6747 -12.225 -.25 5.6522
4 14 -12.7425 -.25 5.6972 -12.75 -.25 5.6797 -12.685 -.25 5.6522 -12.6725 -.25 5.6597
4 14 -12.4425 -.25 5.7022 -12.67 -.25 5.6197 -12.6825 -.25 5.6047 -12.44 -.25 5.6897
3 14 -12.045 -.25 5.7097 -12.225 -.25 5.6522 -12.045 -.25 5.6772
3 14 -11.679 -.25 5.7107 -11.6875 -.25 5.6857 -11.6075 -.25 5.3522
4 14 -11.195 -.25 5.7172 -11.365 -.25 5.6122 -11.325 -.25 5.5997 -11.2075 -.25 5.6922
4 14 -11.195 -.25 5.7172 -11.4225 -.25 5.6397 -11.4 -.25 5.6272 -11.365 -.25 5.6122
4 14 -11.195 -.25 5.7172 -11.4625 -.25 5.6672 -11.445 -.25 5.6522 -11.4225 -.25 5.6397
4 14 -11.195 -.25 5.7172 -11.4975 -.25 5.7072 -11.4825 -.25 5.6872 -11.4625 -.25 5.6672
4 14 -12.4425 -.25 5.7197 -12.6625 -.25 5.6347 -12.67 -.25 5.6197 -12.4425 -.25 5.7022
4 14 -12.7275 -.25 5.7272 -12.7425 -.25 5.6972 -12.6725 -.25 5.6597 -12.6625 -.25 5.6672
4 14 -12.4425 -.25 5.7297 -12.655 -.25 5.6522 -12.6625 -.25 5.6347 -12.4425 -.25 5.7197
4 14 -11.6795 -.25 5.7332 -11.56 -.25 5.4347 -11.55 -.25 5.5922 -11.5725 -.25 5.6297
3 14 -11.6795 -.25 5.7332 -11.5725 -.25 5.6297 -11.585 -.25 5.6622
3 14 -11.6795 -.25 5.7332 -11.585 -.25 5.6622 -11.595 -.25 5.7022
3 14 -11.6795 -.25 5.7332 -11.595 -.25 5.7022 -11.6 -.25 5.7322
4 14 -11.6795 -.25 5.7332 -11.679 -.25 5.7107 -11.6075 -.25 5.3522 -11.56 -.25 5.4347
4 14 -12.2425 -.25 5.7372 -12.2475 -.25 5.7097 -12.25 -.25 5.6947 -12.225 -.25 5.6522
4 14 -12.44 -.25 5.7422 -12.65 -.25 5.6747 -12.655 -.25 5.6522 -12.4425 -.25 5.7297
4 14 -12.7075 -.25 5.7597 -12.65 -.25 5.6747 -12.44 -.25 5.7422 -12.43 -.25 5.7522
4 14 -12.7075 -.25 5.7597 -12.7275 -.25 5.7272 -12.6625 -.25 5.6672 -12.65 -.25 5.6747
4 14 -11.09 -.25 5.7622 -11.1175 -.25 5.7472 -11.1 -.25 5.7372 -11.0925 -.25 5.7497
4 14 -11.51 -.25 5.7647 -11.5075 -.25 5.7272 -11.4975 -.25 5.7072 -11.195 -.25 5.7172
3 14 -11.6 -.25 5.7647 -11.6795 -.25 5.7332 -11.6 -.25 5.7322
4 14 -12.295 -.25 5.7872 -12.3475 -.25 5.7547 -12.3175 -.25 5.7422 -12.3075 -.25 5.7572
4 14 -11.0875 -.25 5.7897 -11.135 -.25 5.7522 -11.1175 -.25 5.7472 -11.09 -.25 5.7622
3 14 -11.595 -.25 5.8022 -11.6795 -.25 5.7332 -11.6 -.25 5.7647
4 14 -12.2925 -.25 5.8122 -12.385 -.25 5.7622 -12.3475 -.25 5.7547 -12.295 -.25 5.7872
4 14 -11.09 -.25 5.8147 -11.15 -.25 5.7522 -11.135 -.25 5.7522 -11.0875 -.25 5.7897
4 14 -11.5 -.25 5.8172 -11.5075 -.25 5.7922 -11.51 -.25 5.7647 -11.195 -.25 5.7172
4 14 -12.665 -.25 5.8272 -12.69 -.25 5.7897 -12.7075 -.25 5.7597 -12.43 -.25 5.7522
4 14 -12.295 -.25 5.8322 -12.4025 -.25 5.7622 -12.385 -.25 5.7622 -12.2925 -.25 5.8122
4 14 -11.095 -.25 5.8372 -11.16 -.25 5.7472 -11.15 -.25 5.7522 -11.09 -.25 5.8147
4 14 -11.105 -.25 5.8547 -11.175 -.25 5.7372 -11.16 -.25 5.7472 -11.095 -.25 5.8372
4 14 -12.3025 -.25 5.8547 -12.4175 -.25 5.7597 -12.4025 -.25 5.7622 -12.295 -.25 5.8322
4 14 -11.48 -.25 5.8597 -11.4925 -.25 5.8372 -11.5 -.25 5.8172 -11.195 -.25 5.7172
4 14 -11.1175 -.25 5.8697 -11.195 -.25 5.7172 -11.175 -.25 5.7372 -11.105 -.25 5.8547
4 14 -12.3175 -.25 5.8747 -12.43 -.25 5.7522 -12.4175 -.25 5.7597 -12.3025 -.25 5.8547
4 14 -12.615 -.25 5.8922 -12.6425 -.25 5.8572 -12.665 -.25 5.8272 -12.43 -.25 5.7522
4 14 -11.445 -.25 5.8972 -11.465 -.25 5.8797 -11.48 -.25 5.8597 -11.195 -.25 5.7172
4 14 -11.1525 -.25 5.8997 -11.195 -.25 5.7172 -11.1175 -.25 5.8697 -11.135 -.25 5.8872
4 14 -12.355 -.25 5.9097 -12.43 -.25 5.7522 -12.3175 -.25 5.8747 -12.3325 -.25 5.8922
4 14 -11.19 -.25 5.9172 -11.195 -.25 5.7172 -11.1525 -.25 5.8997 -11.17 -.25 5.9097
4 14 -11.405 -.25 5.9197 -11.4275 -.25 5.9072 -11.445 -.25 5.8972 -11.195 -.25 5.7172
4 14 -11.235 -.25 5.9297 -11.195 -.25 5.7172 -11.19 -.25 5.9172 -11.2125 -.25 5.9247
4 14 -12.575 -.25 5.9297 -12.595 -.25 5.9147 -12.615 -.25 5.8922 -12.43 -.25 5.7522
4 14 -11.36 -.25 5.9322 -11.3825 -.25 5.9272 -11.405 -.25 5.9197 -11.195 -.25 5.7172
4 14 -12.3975 -.25 5.9322 -12.43 -.25 5.7522 -12.355 -.25 5.9097 -12.375 -.25 5.9222
4 14 -11.2975 -.25 5.9372 -11.195 -.25 5.7172 -11.235 -.25 5.9297 -11.265 -.25 5.9347
4 14 -11.2975 -.25 5.9372 -11.325 -.25 5.9372 -11.36 -.25 5.9322 -11.195 -.25 5.7172
4 14 -12.445 -.25 5.9472 -12.43 -.25 5.7522 -12.3975 -.25 5.9322 -12.4175 -.25 5.9397
4 14 -12.535 -.25 5.9472 -12.5575 -.25 5.9397 -12.575 -.25 5.9297 -12.43 -.25 5.7522
4 14 -12.465 -.25 5.9522 -12.4875 -.25 5.9522 -12.43 -.25 5.7522 -12.445 -.25 5.9472
4 14 -12.4875 -.25 5.9522 -12.51 -.25 5.9522 -12.535 -.25 5.9472 -12.43 -.25 5.7522
4 14 -10.8988 -.25 6.1301 -11.05 -.25 5.2022 -10 -.25 4.2022 -10.4685 -.25 5.6394
4 14 -10.8988 -.25 6.1301 -11.0175 -.25 5.7047 -11.025 -.25 5.6747 -11.05 -.25 5.2022
3 14 -10.8988 -.25 6.1301 -11.015 -.25 5.7347 -11.0175 -.25 5.7047
3 14 -10.8988 -.25 6.1301 -11.015 -.25 5.7622 -11.015 -.25 5.7347
3 14 -10.8988 -.25 6.1301 -11.0175 -.25 5.7922 -11.015 -.25 5.7622
3 14 -10.8988 -.25 6.1301 -11.0225 -.25 5.8197 -11.0175 -.25 5.7922
3 14 -10.8988 -.25 6.1301 -11.0275 -.25 5.8397 -11.0225 -.25 5.8197
3 14 -10.8988 -.25 6.1301 -11.0375 -.25 5.8672 -11.0275 -.25 5.8397
3 14 -10.8988 -.25 6.1301 -11.05 -.25 5.8897 -11.0375 -.25 5.8672
3 14 -10.8988 -.25 6.1301 -11.07 -.25 5.9172 -11.05 -.25 5.8897
3 14 -10.8988 -.25 6.1301 -11.0975 -.25 5.9422 -11.07 -.25 5.9172
3 14 -10.8988 -.25 6.1301 -11.12 -.25 5.9597 -11.0975 -.25 5.9422
3 14 -10.8988 -.25 6.1301 -11.145 -.25 5.9722 -11.12 -.25 5.9597
3 14 -10.8988 -.25 6.1301 -11.18 -.25 5.9872 -11.145 -.25 5.9722
3 14 -10.8988 -.25 6.1301 -11.215 -.25 5.9972 -11.18 -.25 5.9872
3 14 -10.8988 -.25 6.1301 -11.24 -.25 6.0022 -11.215 -.25 5.9972
3 14 -10.8988 -.25 6.1301 -11.27 -.25 6.0047 -11.24 -.25 6.0022
4 14 -13.1012 -.25 6.1301 -13.65 -.25 4.8522 -13.455 -.25 5.1747 -13.445 -.25 5.1947
3 14 -13.1012 -.25 6.1301 -13.445 -.25 5.1947 -13.43 -.25 5.2097
3 14 -13.1012 -.25 6.1301 -13.43 -.25 5.2097 -13.4175 -.25 5.2222
3 14 -13.1012 -.25 6.1301 -13.4175 -.25 5.2222 -13.3975 -.25 5.2372
3 14 -13.1012 -.25 6.1301 -13.3975 -.25 5.2372 -13.38 -.25 5.2472
3 14 -13.1012 -.25 6.1301 -13.38 -.25 5.2472 -13.3575 -.25 5.2597
3 14 -13.1012 -.25 6.1301 -13.3575 -.25 5.2597 -13.33 -.25 5.2722
3 14 -13.1012 -.25 6.1301 -13.33 -.25 5.2722 -13.2925 -.25 5.2872
3 14 -13.1012 -.25 6.1301 -13.2925 -.25 5.2872 -13.265 -.25 5.2947
3 14 -13.1012 -.25 6.1301 -13.265 -.25 5.2947 -13.2325 -.25 5.3022
3 14 -13.1012 -.25 6.1301 -13.2325 -.25 5.3022 -13.2 -.25 5.3097
3 14 -13.1012 -.25 6.1301 -13.2 -.25 5.3097 -13.175 -.25 5.3147
3 14 -13.1012 -.25 6.1301 -13.175 -.25 5.3147 -13.14 -.25 5.3172
3 14 -13.1012 -.25 6.1301 -13.14 -.25 5.3172 -13.105 -.25 5.3197
4 14 -13.1012 -.25 6.1301 -13.0675 -.25 5.3197 -13.045 -.25 5.5172 -13.045 -.25 5.5397
3 14 -13.1012 -.25 6.1301 -13.105 -.25 5.3197 -13.0675 -.25 5.3197
3 14 -13.1012 -.25 6.1301 -13.045 -.25 5.5397 -13.04 -.25 5.5572
3 14 -13.1012 -.25 6.1301 -13.04 -.25 5.5572 -13.0325 -.25 5.5722
3 14 -13.1012 -.25 6.1301 -13.0325 -.25 5.5722 -13.0225 -.25 5.5897
3 14 -13.1012 -.25 6.1301 -13.0225 -.25 5.5897 -13.01 -.25 5.6047
3 14 -13.1012 -.25 6.1301 -13.01 -.25 5.6047 -12.9925 -.25 5.6172
3 14 -13.1012 -.25 6.1301 -12.9925 -.25 5.6172 -12.9725 -.25 5.6297
3 14 -13.1012 -.25 6.1301 -12.9725 -.25 5.6297 -12.945 -.25 5.6397
4 14 -13.1012 -.25 6.1301 -13.5315 -.25 5.6394 -13.8941 -.25 5.0968 -13.65 -.25 4.8522
3 14 -13.1012 -.25 6.1301 -12.945 -.25 5.6397 -12.9175 -.25 5.6422
4 14 -13.1012 -.25 6.1301 -12.88 -.25 5.6422 -12.875 -.25 5.6497 -12.8725 -.25 5.6622
3 14 -13.1012 -.25 6.1301 -12.9175 -.25 5.6422 -12.88 -.25 5.6422
4 14 -13.1012 -.25 6.1301 -12.8725 -.25 5.6622 -12.865 -.25 5.6797 -12.8575 -.25 5.6997
3 14 -13.1012 -.25 6.1301 -12.8575 -.25 5.6997 -12.8475 -.25 5.7247
3 14 -13.1012 -.25 6.1301 -12.8475 -.25 5.7247 -12.8325 -.25 5.7597
3 14 -13.1012 -.25 6.1301 -12.8325 -.25 5.7597 -12.815 -.25 5.7947
3 14 -13.1012 -.25 6.1301 -12.815 -.25 5.7947 -12.7925 -.25 5.8347
3 14 -13.1012 -.25 6.1301 -12.7925 -.25 5.8347 -12.76 -.25 5.8847
3 14 -13.1012 -.25 6.1301 -12.76 -.25 5.8847 -12.725 -.25 5.9272
3 14 -13.1012 -.25 6.1301 -12.725 -.25 5.9272 -12.6875 -.25 5.9647
3 14 -13.1012 -.25 6.1301 -12.6875 -.25 5.9647 -12.655 -.25 5.9897
3 14 -13.1012 -.25 6.1301 -12.655 -.25 5.9897 -12.62 -.25 6.0072
3 14 -13.1012 -.25 6.1301 -12.62 -.25 6.0072 -12.59 -.25 6.0197
3 14 -13.1012 -.25 6.1301 -12.59 -.25 6.0197 -12.56 -.25 6.0272
4 14 -12 -.25 6.3522 -12.225 -.25 5.6522 -12.045 -.25 5.7097 -12.0338 -.25 5.7222
3 14 -12 -.25 6.3522 -12.0338 -.25 5.7222 -12.0125 -.25 5.7322
3 14 -12 -.25 6.3522 -12.0125 -.25 5.7322 -11.95 -.25 5.7522
4 14 -12 -.25 6.3522 -11.6905 -.25 5.7422 -11.6795 -.25 5.7332 -11.595 -.25 5.8022
3 14 -12 -.25 6.3522 -11.7095 -.25 5.7477 -11.6905 -.25 5.7422
3 14 -12 -.25 6.3522 -11.95 -.25 5.7522 -11.925 -.25 5.7572
3 14 -12 -.25 6.3522 -11.77 -.25 5.7572 -11.7095 -.25 5.7477
3 14 -12 -.25 6.3522 -11.925 -.25 5.7572 -11.85 -.25 5.7622
3 14 -12 -.25 6.3522 -11.85 -.25 5.7622 -11.77 -.25 5.7572
4 14 -12 -.25 6.3522 -12.24 -.25 5.7722 -12.2425 -.25 5.7372 -12.225 -.25 5.6522
3 14 -12 -.25 6.3522 -12.2425 -.25 5.7972 -12.24 -.25 5.7722
3 14 -12 -.25 6.3522 -11.595 -.25 5.8022 -11.5875 -.25 5.8422
3 14 -12 -.25 6.3522 -12.2475 -.25 5.8272 -12.2425 -.25 5.7972
3 14 -12 -.25 6.3522 -11.5875 -.25 5.8422 -11.5725 -.25 5.8772
3 14 -12 -.25 6.3522 -12.2575 -.25 5.8622 -12.2475 -.25 5.8272
3 14 -12 -.25 6.3522 -11.5725 -.25 5.8772 -11.5525 -.25 5.9097
3 14 -12 -.25 6.3522 -12.2725 -.25 5.8972 -12.2575 -.25 5.8622
3 14 -12 -.25 6.3522 -11.5525 -.25 5.9097 -11.5225 -.25 5.9422
3 14 -12 -.25 6.3522 -12.2875 -.25 5.9222 -12.2725 -.25 5.8972
3 14 -12 -.25 6.3522 -11.5225 -.25 5.9422 -11.495 -.25 5.9647
3 14 -12 -.25 6.3522 -12.3075 -.25 5.9472 -12.2875 -.25 5.9222
3 14 -12 -.25 6.3522 -11.495 -.25 5.9647 -11.4425 -.25 5.9897
3 14 -12 -.25 6.3522 -12.3275 -.25 5.9672 -12.3075 -.25 5.9472
3 14 -12 -.25 6.3522 -12.355 -.25 5.9872 -12.3275 -.25 5.9672
3 14 -12 -.25 6.3522 -11.4425 -.25 5.9897 -11.4075 -.25 6
3 14 -12 -.25 6.3522 -11.4075 -.25 6 -11.375 -.25 6.0047
3 14 -12 -.25 6.3522 -12.3825 -.25 6.0022 -12.355 -.25 5.9872
3 14 -12 -.25 6.3522 -11.375 -.25 6.0047 -11.34 -.25 6.0072
4 14 -12 -.25 6.3522 -11.3025 -.25 6.0072 -11.27 -.25 6.0047 -10.8988 -.25 6.1301
3 14 -12 -.25 6.3522 -11.34 -.25 6.0072 -11.3025 -.25 6.0072
3 14 -12 -.25 6.3522 -12.41 -.25 6.0122 -12.3825 -.25 6.0022
3 14 -12 -.25 6.3522 -12.45 -.25 6.0222 -12.41 -.25 6.0122
3 14 -12 -.25 6.3522 -12.475 -.25 6.0272 -12.45 -.25 6.0222
3 14 -12 -.25 6.3522 -12.5075 -.25 6.0272 -12.475 -.25 6.0272
4 14 -12 -.25 6.3522 -13.1012 -.25 6.1301 -12.56 -.25 6.0272 -12.5075 -.25 6.0272
3 14 -13.1012 -.25 6.1301 -12 -.25 6.3522 -12.6106 -.25 6.5604
3 14 -12 -.25 6.3522 -12.1795 -.25 6.8484 -12.6106 -.25 6.5604
3 14 -12 -.25 6.3522 -10.8988 -.25 6.1301 -11.3895 -.25 6.5604
3 14 -11.3895 -.25 6.5604 -11.8205 -.25 6.8484 -12 -.25 6.3522
3 14 -12.1795 -.25 6.8484 -12 -.25 6.3522 -11.8205 -.25 6.8484
0 // White faces
4 15 -14.73 -.25 .3322 -13.153 -.25 -.0144 -12.3985 -.25 -.0144 -14.73 -.25 .5322
4 15 -10.847 -.25 -.0144 -9.27 -.25 .3322 -9.27 -.25 .5322 -11.6015 -.25 -.0144