0 ~Sticker  1.9 x  1.8 with 488 GTE Logo and Ferrari Badge on Black and Red Background Left - Fifth Face
0 Name: s\6221805bns05.dat
0 Author: Massimo Maso [Sirio]
0 !LDRAW_ORG Unofficial_Subpart
0 !LICENSE Licensed under CC BY 4.0 : see CAreadme.txt

0 BFC CERTIFY CCW

0 // Faces
0 // Green faces
3 2 18 -.25 3.6522 14.677 -.25 3.3199 14.6859 -.25 3.2753
3 2 18 -.25 3.6522 14.6859 -.25 3.2753 14.73 -.25 2.6022
3 2 18 -.25 3.6522 14.73 -.25 2.6022 14.73 -.25 .7547
3 2 18 -.25 3.6522 14.73 -.25 .7547 14.73 -.25 .5322
4 2 18 -.25 3.6522 14.73 -.25 .5322 14.73 -.25 .3322 18 -.25 -.0144
3 2 -18 -.25 .6522 -18 -.25 -.0144 -11.334 -.25 -.0144
4 2 -5.334 -.25 -.0144 9.27 -.25 2.6022 9.2817 -.25 2.7804 -12 -.25 .6522
3 2 -5.334 -.25 -.0144 9.27 -.25 .7547 9.27 -.25 2.6022
3 2 -5.334 -.25 -.0144 9.27 -.25 .5322 9.27 -.25 .7547
3 2 -5.334 -.25 -.0144 9.27 -.25 .3322 9.27 -.25 .5322
3 2 -5.334 -.25 -.0144 10.847 -.25 -.0144 9.27 -.25 .3322
3 2 18 -.25 -.0144 14.73 -.25 .3322 13.153 -.25 -.0144
0 // White faces
4 15 9.1771 -.25 6.8484 -14.7 -.25 6.8484 9.3141 -.25 3.2753 9.4457 -.25 3.9369
3 15 9.1771 -.25 6.8484 9.4457 -.25 3.9369 9.6626 -.25 4.5756
3 15 9.1771 -.25 6.8484 9.6626 -.25 4.5756 9.9609 -.25 5.1806
3 15 9.1771 -.25 6.8484 9.9609 -.25 5.1806 10.3356 -.25 5.7414
3 15 9.1771 -.25 6.8484 10.3356 -.25 5.7414 10.7804 -.25 6.2485
3 15 9.1771 -.25 6.8484 10.7804 -.25 6.2485 11.2875 -.25 6.6933
3 15 9.1771 -.25 6.8484 11.2875 -.25 6.6933 11.5197 -.25 6.8484
3 15 18 -.25 6.8484 12.4803 -.25 6.8484 12.7125 -.25 6.6933
3 15 18 -.25 6.8484 12.7125 -.25 6.6933 13.2197 -.25 6.2485
3 15 18 -.25 6.8484 13.2197 -.25 6.2485 13.6644 -.25 5.7414
3 15 18 -.25 6.8484 13.6644 -.25 5.7414 14.0392 -.25 5.1806
3 15 18 -.25 6.8484 14.0392 -.25 5.1806 14.3375 -.25 4.5756
3 15 18 -.25 6.8484 14.3375 -.25 4.5756 14.5543 -.25 3.9369
4 15 18 -.25 6.8484 14.5543 -.25 3.9369 14.677 -.25 3.3199 18 -.25 3.6522
4 15 -12 -.25 .6522 9.2817 -.25 2.7804 9.3141 -.25 3.2753 -14.7 -.25 6.8484
4 15 -12 -.25 .6522 -14.7 -.25 6.8484 -18 -.25 6.8484 -18 -.25 .6522
4 15 -12 -.25 .6522 -18 -.25 .6522 -11.334 -.25 -.0144 -5.334 -.25 -.0144
0 // Badge faces
0 // Black faces
4 0 12.0775 -.25 .5122 12.085 -.25 .4972 12.095 -.25 .4897 12.1 -.25 .5022
4 0 11.955 -.25 .5122 11.94 -.25 .4997 11.9475 -.25 .4922 11.9525 -.25 .5022
4 0 12.0675 -.25 .5247 12.0775 -.25 .5122 12.1 -.25 .5022 12.1025 -.25 .5197
4 0 11.9575 -.25 .5272 11.9325 -.25 .5072 11.94 -.25 .4997 11.955 -.25 .5122
4 0 12.0575 -.25 .5422 12.0675 -.25 .5247 12.1025 -.25 .5197 12.1075 -.25 .5397
4 0 11.9625 -.25 .5422 11.925 -.25 .5147 11.9325 -.25 .5072 11.9575 -.25 .5272
4 0 11.9675 -.25 .5572 11.915 -.25 .5247 11.925 -.25 .5147 11.9625 -.25 .5422
4 0 12.0425 -.25 .5597 12.0575 -.25 .5422 12.1075 -.25 .5397 12.115 -.25 .5547
4 0 11.9725 -.25 .5697 11.905 -.25 .5347 11.915 -.25 .5247 11.9675 -.25 .5572
4 0 12.0275 -.25 .5797 12.0425 -.25 .5597 12.115 -.25 .5547 12.125 -.25 .5672
4 0 11.9775 -.25 .5822 11.8925 -.25 .5447 11.905 -.25 .5347 11.9725 -.25 .5697
4 0 12.0175 -.25 .5972 12.0275 -.25 .5797 12.125 -.25 .5672 12.13 -.25 .5747
4 0 11.98 -.25 .5997 11.88 -.25 .5547 11.8925 -.25 .5447 11.9775 -.25 .5822
4 0 11.9 -.25 .6022 11.82 -.25 .5997 11.835 -.25 .5847 11.85 -.25 .5747
3 0 11.9 -.25 .6022 11.7825 -.25 .6447 11.8 -.25 .6222
3 0 11.9 -.25 .6022 11.7725 -.25 .6572 11.7825 -.25 .6447
4 0 11.9775 -.25 .6097 11.865 -.25 .5647 11.88 -.25 .5547 11.98 -.25 .5997
4 0 11.9775 -.25 .6097 11.9 -.25 .6022 11.85 -.25 .5747 11.865 -.25 .5647
4 0 12.0125 -.25 .6122 12.0175 -.25 .5972 12.13 -.25 .5747 12.13 -.25 .5847
3 0 12.21 -.25 .6197 12.225 -.25 .6622 12.1975 -.25 .6197
3 0 12.1975 -.25 .6197 12.225 -.25 .6622 12.185 -.25 .6197
3 0 12.185 -.25 .6197 12.15 -.25 .6522 12.1725 -.25 .6222
4 0 11.8 -.25 .6222 11.81 -.25 .6097 11.82 -.25 .5997 11.9 -.25 .6022
4 0 12.01 -.25 .6247 12.0125 -.25 .6122 12.13 -.25 .5847 12.1225 -.25 .5947
3 0 12.1375 -.25 .6297 12.15 -.25 .6522 12.125 -.25 .6372
3 0 12.0725 -.25 .6322 12.035 -.25 .6447 12.015 -.25 .6422
4 0 11.9625 -.25 .6322 11.9 -.25 .6022 11.9775 -.25 .6097 11.97 -.25 .6222
3 0 11.9625 -.25 .6322 11.96 -.25 .6422 11.9 -.25 .6022
4 0 12.01 -.25 .6347 12.01 -.25 .6247 12.1225 -.25 .5947 12.1025 -.25 .6122
3 0 12.125 -.25 .6372 12.15 -.25 .6522 12.115 -.25 .6422
4 0 12.3025 -.25 .6422 12.3025 -.25 .6297 12.31 -.25 .6297 12.31 -.25 .6372
3 0 12.115 -.25 .6422 12.15 -.25 .6522 12.1025 -.25 .6472
4 0 12.015 -.25 .6422 12.01 -.25 .6347 12.1025 -.25 .6122 12.0725 -.25 .6322
3 0 11.96 -.25 .6422 11.96 -.25 .6497 11.9 -.25 .6022
4 0 12.2925 -.25 .6447 12.295 -.25 .6297 12.3025 -.25 .6297 12.3025 -.25 .6422
4 0 12.285 -.25 .6472 12.285 -.25 .6297 12.295 -.25 .6297 12.2925 -.25 .6447
4 0 12.2725 -.25 .6522 12.2725 -.25 .6272 12.285 -.25 .6297 12.285 -.25 .6472
4 0 12.15 -.25 .6522 12.1375 -.25 .6297 12.155 -.25 .6247 12.1725 -.25 .6222
3 0 12.09 -.25 .6522 12 -.25 .7897 12.07 -.25 .6622
4 0 12.2575 -.25 .6547 12.2575 -.25 .6247 12.2725 -.25 .6272 12.2725 -.25 .6522
4 0 12.245 -.25 .6572 12.2425 -.25 .6222 12.2575 -.25 .6247 12.2575 -.25 .6547
4 0 12.2325 -.25 .6597 12.225 -.25 .6197 12.2425 -.25 .6222 12.245 -.25 .6572
4 0 12.225 -.25 .6622 12.21 -.25 .6197 12.225 -.25 .6197 12.2325 -.25 .6597
4 0 12.2225 -.25 .6672 12.15 -.25 .6522 12.185 -.25 .6197 12.225 -.25 .6622
3 0 11.98 -.25 .6672 12 -.25 .7897 11.965 -.25 .6597
3 0 11.76 -.25 .6697 11.8 -.25 1.1022 11.7175 -.25 .7547
3 0 12.0375 -.25 .6747 12 -.25 .7897 12.02 -.25 .6772
3 0 12 -.25 .6747 12 -.25 .7897 11.98 -.25 .6672
3 0 12.2325 -.25 .6772 12.18 -.25 .7022 12.225 -.25 .6747
3 0 12.02 -.25 .6772 12 -.25 .7897 12 -.25 .6747
3 0 11.655 -.25 .6822 11.6875 -.25 .7397 11.64 -.25 .6872
3 0 11.64 -.25 .6872 11.6 -.25 .7522 11.62 -.25 .6972
3 0 12.385 -.25 .6947 12.3925 -.25 .7097 12.3825 -.25 .7097
4 0 12.18 -.25 .7022 12.15 -.25 .6522 12.2225 -.25 .6672 12.225 -.25 .6747
3 0 12.18 -.25 .7022 12.19 -.25 .7347 12.17 -.25 .7347
4 0 12.3425 -.25 .7047 12.3175 -.25 .7047 12.31 -.25 .6772 12.33 -.25 .6772
4 0 12.355 -.25 .7072 12.3425 -.25 .7047 12.33 -.25 .6772 12.355 -.25 .6822
4 0 12.2975 -.25 .7072 12.285 -.25 .6797 12.31 -.25 .6772 12.3175 -.25 .7047
4 0 12.3925 -.25 .7097 12.385 -.25 .6947 12.395 -.25 .6997 12.3975 -.25 .7072
4 0 12.3825 -.25 .7097 12.37 -.25 .7097 12.37 -.25 .6872 12.385 -.25 .6947
4 0 12.37 -.25 .7097 12.355 -.25 .7072 12.355 -.25 .6822 12.37 -.25 .6872
4 0 12.275 -.25 .7122 12.2675 -.25 .6797 12.285 -.25 .6797 12.2975 -.25 .7072
4 0 12.255 -.25 .7172 12.2425 -.25 .6797 12.2675 -.25 .6797 12.275 -.25 .7122
3 0 11.5925 -.25 .7197 11.6 -.25 .7522 11.58 -.25 .7322
4 0 12.2375 -.25 .7222 12.2325 -.25 .6772 12.2425 -.25 .6797 12.255 -.25 .7172
4 0 12.22 -.25 .7272 12.18 -.25 .7022 12.2325 -.25 .6772 12.2375 -.25 .7222
3 0 11.58 -.25 .7322 11.6 -.25 .7522 11.5675 -.25 .7447
4 0 12.19 -.25 .7347 12.18 -.25 .7022 12.22 -.25 .7272 12.205 -.25 .7322
3 0 12.17 -.25 .7347 12.1625 -.25 .7397 12.18 -.25 .7022
4 0 11.6875 -.25 .7397 11.655 -.25 .6822 11.67 -.25 .6772 11.71 -.25 .6697
4 0 11.705 -.25 .7422 11.6875 -.25 .7397 11.71 -.25 .6697 11.7325 -.25 .6697
3 0 11.675 -.25 .7447 11.665 -.25 .7522 11.6 -.25 .7522
4 0 11.7125 -.25 .7472 11.705 -.25 .7422 11.7325 -.25 .6697 11.7475 -.25 .6747
3 0 11.665 -.25 .7522 11.66 -.25 .7597 11.6 -.25 .7522
4 0 11.6 -.25 .7522 11.64 -.25 .6872 11.6875 -.25 .7397 11.675 -.25 .7447
4 0 11.6 -.25 .7522 11.5925 -.25 .7197 11.605 -.25 .7072 11.62 -.25 .6972
3 0 11.6 -.25 .7522 11.55 -.25 .7622 11.5675 -.25 .7447
3 0 11.6 -.25 .7522 11.54 -.25 .7722 11.55 -.25 .7622
4 0 11.7175 -.25 .7547 11.7125 -.25 .7472 11.7475 -.25 .6747 11.76 -.25 .6697
3 0 11.7175 -.25 .7547 11.8 -.25 1.1022 11.715 -.25 .7597
3 0 11.66 -.25 .7597 11.655 -.25 .7672 11.6 -.25 .7522
4 0 12.1575 -.25 .7622 12.15 -.25 .7622 12.1675 -.25 .7472 12.175 -.25 .7522
4 0 12.18 -.25 .7647 12.17 -.25 .7647 12.185 -.25 .7547 12.1925 -.25 .7622
4 0 12.17 -.25 .7647 12.1575 -.25 .7622 12.175 -.25 .7522 12.185 -.25 .7547
3 0 12.1425 -.25 .7672 12 -.25 .7897 12.15 -.25 .7622
3 0 11.655 -.25 .7672 11.65 -.25 .7747 11.6 -.25 .7522
3 0 12.135 -.25 .7747 12 -.25 .7897 12.1425 -.25 .7672
3 0 12.14 -.25 .7822 12 -.25 .7897 12.135 -.25 .7747
3 0 12.14 -.25 .7822 12.16 -.25 .7922 12 -.25 .7897
3 0 11.525 -.25 .7822 11.55 -.25 .9022 11.4625 -.25 .8922
4 0 12 -.25 .7897 11.9 -.25 .6022 11.96 -.25 .6497 11.965 -.25 .6597
4 0 12 -.25 .7897 12.15 -.25 .6522 12.18 -.25 .7022 12.1625 -.25 .7397
4 0 12 -.25 .7897 12.09 -.25 .6522 12.1025 -.25 .6472 12.15 -.25 .6522
4 0 12 -.25 .7897 12.0375 -.25 .6747 12.05 -.25 .6697 12.07 -.25 .6622
4 0 12 -.25 .7897 12.1625 -.25 .7397 12.1675 -.25 .7472 12.15 -.25 .7622
3 0 12 -.25 .7897 12.0475 -.25 .8597 12.0375 -.25 .8597
3 0 12.1825 -.25 .7972 12.185 -.25 .8772 12.16 -.25 .7922
4 0 11.3275 -.25 .8447 11.31 -.25 .8447 11.3275 -.25 .7847 11.3475 -.25 .7872
4 0 11.31 -.25 .8447 11.2925 -.25 .8447 11.305 -.25 .7872 11.3275 -.25 .7847
4 0 11.34 -.25 .8472 11.3275 -.25 .8447 11.3475 -.25 .7872 11.37 -.25 .7897
4 0 11.2825 -.25 .8472 11.285 -.25 .7972 11.305 -.25 .7872 11.2925 -.25 .8447
4 0 11.3625 -.25 .8522 11.34 -.25 .8472 11.37 -.25 .7897 11.395 -.25 .7897
4 0 11.2725 -.25 .8522 11.2675 -.25 .8072 11.285 -.25 .7972 11.2825 -.25 .8472
4 0 11.2625 -.25 .8572 11.25 -.25 .8197 11.2675 -.25 .8072 11.2725 -.25 .8522
4 0 12.0575 -.25 .8597 12.0475 -.25 .8597 12 -.25 .7897 12.16 -.25 .7922
3 0 12.0375 -.25 .8597 12.0275 -.25 .8622 12 -.25 .7897
4 0 11.65 -.25 .8597 11.6325 -.25 .8572 11.67 -.25 .7797 11.68 -.25 .7772
4 0 11.3825 -.25 .8597 11.3625 -.25 .8522 11.395 -.25 .7897 11.42 -.25 .7897
4 0 11.25 -.25 .8597 11.2375 -.25 .8347 11.25 -.25 .8197 11.2625 -.25 .8572
4 0 11.25 -.25 .8597 11.24 -.25 .8597 11.2325 -.25 .8472 11.2375 -.25 .8347
3 0 12.0275 -.25 .8622 12.015 -.25 .8672 12 -.25 .7897
4 0 11.62 -.25 .8622 11.655 -.25 .7797 11.67 -.25 .7797 11.6325 -.25 .8572
4 0 11.6575 -.25 .8647 11.65 -.25 .8597 11.68 -.25 .7772 11.6925 -.25 .7722
3 0 12.015 -.25 .8672 12.005 -.25 .8747 12 -.25 .7897
4 0 11.61 -.25 .8697 11.65 -.25 .7747 11.655 -.25 .7797 11.62 -.25 .8622
4 0 11.4125 -.25 .8697 11.3825 -.25 .8597 11.42 -.25 .7897 11.44 -.25 .7897
4 0 11.6625 -.25 .8722 11.6575 -.25 .8647 11.6925 -.25 .7722 11.705 -.25 .7672
3 0 12.005 -.25 .8747 11.995 -.25 .8847 12 -.25 .7897
4 0 12.185 -.25 .8772 12.1825 -.25 .7972 12.21 -.25 .8072 12.2325 -.25 .8172
4 0 12.185 -.25 .8772 12.065 -.25 .8672 12.0575 -.25 .8597 12.16 -.25 .7922
3 0 12.185 -.25 .8772 12.125 -.25 .9222 12.11 -.25 .9122
3 0 12.185 -.25 .8772 12.135 -.25 .9322 12.125 -.25 .9222
3 0 12.185 -.25 .8772 12.14 -.25 .9397 12.135 -.25 .9322
3 0 12.185 -.25 .8772 12.1425 -.25 .9472 12.14 -.25 .9397
4 0 11.605 -.25 .8772 11.6 -.25 .7522 11.65 -.25 .7747 11.61 -.25 .8697
4 0 11.435 -.25 .8772 11.4125 -.25 .8697 11.44 -.25 .7897 11.47 -.25 .7897
4 0 11.445 -.25 .8822 11.435 -.25 .8772 11.47 -.25 .7897 11.49 -.25 .7872
4 0 12.235 -.25 .8872 12.185 -.25 .8772 12.2325 -.25 .8172 12.26 -.25 .8322
3 0 12.235 -.25 .8872 12.2325 -.25 .8947 12.185 -.25 .8772
4 0 11.455 -.25 .8872 11.445 -.25 .8822 11.49 -.25 .7872 11.5125 -.25 .7847
4 0 12.24 -.25 .8897 12.235 -.25 .8872 12.26 -.25 .8322 12.275 -.25 .8397
3 0 11.595 -.25 .8922 11.55 -.25 .9022 11.6 -.25 .8847
4 0 11.4625 -.25 .8922 11.455 -.25 .8872 11.5125 -.25 .7847 11.525 -.25 .7822
4 0 12.2475 -.25 .8947 12.24 -.25 .8897 12.275 -.25 .8397 12.285 -.25 .8472
3 0 11.99 -.25 .8972 11.8 -.25 1.1022 11.995 -.25 .8847
3 0 11.46 -.25 .8997 11.4525 -.25 1.0372 11.4475 -.25 .9022
4 0 12.2575 -.25 .9022 12.2475 -.25 .8947 12.285 -.25 .8472 12.3 -.25 .8572
4 0 11.55 -.25 .9022 11.6 -.25 .7522 11.605 -.25 .8772 11.6 -.25 .8847
4 0 11.55 -.25 .9022 11.525 -.25 .7822 11.54 -.25 .7722 11.6 -.25 .7522
3 0 11.55 -.25 .9022 11.565 -.25 1 11.555 -.25 1
4 0 12.095 -.25 .9047 12.075 -.25 .9022 12.045 -.25 .8747 12.0525 -.25 .8747
4 0 12.0575 -.25 .9047 12.0375 -.25 .8772 12.045 -.25 .8747 12.075 -.25 .9022
3 0 11.9875 -.25 .9047 11.8 -.25 1.1022 11.99 -.25 .8972
4 0 12.2675 -.25 .9097 12.2575 -.25 .9022 12.3 -.25 .8572 12.3125 -.25 .8672
4 0 12.045 -.25 .9097 12.03 -.25 .8797 12.0375 -.25 .8772 12.0575 -.25 .9047
3 0 11.99 -.25 .9097 11.8 -.25 1.1022 11.9875 -.25 .9047
4 0 12.11 -.25 .9122 12.06 -.25 .8747 12.065 -.25 .8672 12.185 -.25 .8772
4 0 12.11 -.25 .9122 12.095 -.25 .9047 12.0525 -.25 .8747 12.06 -.25 .8747
4 0 12.035 -.25 .9172 12.02 -.25 .8847 12.03 -.25 .8797 12.045 -.25 .9097
4 0 12.2825 -.25 .9197 12.2675 -.25 .9097 12.3125 -.25 .8672 12.3325 -.25 .8797
3 0 12.2475 -.25 .9197 12.185 -.25 1.0972 12.2375 -.25 .9047
4 0 12.0275 -.25 .9272 12.0125 -.25 .8897 12.02 -.25 .8847 12.035 -.25 .9172
4 0 12.2975 -.25 .9297 12.2825 -.25 .9197 12.3325 -.25 .8797 12.36 -.25 .8922
3 0 12.26 -.25 .9347 12.185 -.25 1.0972 12.2475 -.25 .9197
4 0 12.02 -.25 .9397 12.005 -.25 .8972 12.0125 -.25 .8897 12.0275 -.25 .9272
4 0 12.32 -.25 .9422 12.2975 -.25 .9297 12.36 -.25 .8922 12.38 -.25 .9022
3 0 12.275 -.25 .9497 12.185 -.25 1.0972 12.26 -.25 .9347
4 0 12.015 -.25 .9497 12 -.25 .9022 12.005 -.25 .8972 12.02 -.25 .9397
4 0 12.3375 -.25 .9522 12.32 -.25 .9422 12.38 -.25 .9022 12.4025 -.25 .9122
3 0 12.1075 -.25 .9547 12.185 -.25 1.0972 12.0975 -.25 .9547
3 0 12.0975 -.25 .9547 12.185 -.25 1.0972 12.09 -.25 .9547
4 0 12.3575 -.25 .9597 12.3375 -.25 .9522 12.4025 -.25 .9122 12.425 -.25 .9222
3 0 12.14 -.25 .9597 12.185 -.25 1.0972 12.13 -.25 .9597
3 0 12.13 -.25 .9597 12.185 -.25 1.0972 12.1225 -.25 .9572
3 0 12.2925 -.25 .9622 12.185 -.25 1.0972 12.275 -.25 .9497
4 0 12.01 -.25 .9622 11.995 -.25 .9072 12 -.25 .9022 12.015 -.25 .9497
4 0 12.375 -.25 .9672 12.3575 -.25 .9597 12.425 -.25 .9222 12.4525 -.25 .9322
4 0 12.0075 -.25 .9747 11.99 -.25 .9097 11.995 -.25 .9072 12.01 -.25 .9622
4 0 12.4 -.25 .9772 12.375 -.25 .9672 12.4525 -.25 .9322 12.48 -.25 .9422
3 0 12.055 -.25 .9797 12.185 -.25 1.0972 12.0475 -.25 .9872
4 0 12.4175 -.25 .9822 12.4 -.25 .9772 12.48 -.25 .9422 12.51 -.25 .9547
4 0 12.43 -.25 .9872 12.4175 -.25 .9822 12.51 -.25 .9547 12.53 -.25 .9622
3 0 12.0475 -.25 .9872 12.185 -.25 1.0972 12.0425 -.25 .9922
3 0 12.665 -.25 .9897 12.4 -.25 1.0522 12.455 -.25 1.0022
4 0 12.44 -.25 .9897 12.43 -.25 .9872 12.53 -.25 .9622 12.555 -.25 .9697
4 0 12.4525 -.25 .9922 12.44 -.25 .9897 12.555 -.25 .9697 12.5775 -.25 .9747
3 0 12.0425 -.25 .9922 12.185 -.25 1.0972 12.035 -.25 .9972
3 0 12.3725 -.25 .9947 12.4 -.25 1.0522 12.355 -.25 .9897
4 0 11.635 -.25 .9947 11.6275 -.25 .9947 11.615 -.25 .8972 11.625 -.25 .8947
4 0 11.6275 -.25 .9947 11.6225 -.25 .9947 11.6 -.25 .8972 11.615 -.25 .8972
4 0 12.46 -.25 .9972 12.4525 -.25 .9922 12.5775 -.25 .9747 12.635 -.25 .9797
3 0 12.035 -.25 .9972 12.185 -.25 1.0972 12.025 -.25 1
4 0 11.64 -.25 .9972 11.635 -.25 .9947 11.625 -.25 .8947 11.6375 -.25 .8897
4 0 11.615 -.25 .9972 11.595 -.25 .8922 11.6 -.25 .8972 11.6225 -.25 .9947
3 0 11.615 -.25 .9972 11.605 -.25 1 11.595 -.25 .8922
3 0 12.3925 -.25 1 12.4 -.25 1.0522 12.3725 -.25 .9947
3 0 12.015 -.25 1 11.8 -.25 1.1022 12.01 -.25 .9897
4 0 11.5825 -.25 1 11.565 -.25 1 11.55 -.25 .9022 11.595 -.25 .8922
3 0 12.6875 -.25 1.0022 12.6575 -.25 1.1172 12.665 -.25 .9897
4 0 12.455 -.25 1.0022 12.46 -.25 .9972 12.635 -.25 .9797 12.665 -.25 .9897
3 0 12.455 -.25 1.0022 12.4 -.25 1.0522 12.445 -.25 1.0022
3 0 12.445 -.25 1.0022 12.4 -.25 1.0522 12.4325 -.25 1.0022
3 0 12.4325 -.25 1.0022 12.4 -.25 1.0522 12.415 -.25 1.0022
3 0 12.415 -.25 1.0022 12.4 -.25 1.0522 12.3925 -.25 1
4 0 11.595 -.25 1.0022 11.5825 -.25 1 11.595 -.25 .8922 11.605 -.25 1
4 0 11.5425 -.25 1.0022 11.53 -.25 1.0022 11.55 -.25 .9022 11.555 -.25 1
3 0 11.53 -.25 1.0022 11.5175 -.25 1.0047 11.55 -.25 .9022
3 0 11.5175 -.25 1.0047 11.51 -.25 1.0072 11.55 -.25 .9022
4 0 11.645 -.25 1.0097 11.64 -.25 .9972 11.6375 -.25 .8897 11.65 -.25 .8847
3 0 11.505 -.25 1.0197 11.4525 -.25 1.0522 11.455 -.25 1.0422
4 0 11.65 -.25 1.0222 11.645 -.25 1.0097 11.65 -.25 .8847 11.66 -.25 .8772
3 0 11.65 -.25 1.0222 11.8 -.25 1.1022 11.65 -.25 1.0447
4 0 11.445 -.25 1.0322 11.425 -.25 1.0322 11.405 -.25 .9122 11.43 -.25 .9072
4 0 11.4525 -.25 1.0372 11.46 -.25 .8997 11.4625 -.25 .8922 11.55 -.25 .9022
4 0 11.4525 -.25 1.0372 11.55 -.25 .9022 11.51 -.25 1.0072 11.505 -.25 1.0122
4 0 11.4525 -.25 1.0372 11.445 -.25 1.0322 11.43 -.25 .9072 11.4475 -.25 .9022
4 0 11.4 -.25 1.0397 11.3775 -.25 .9222 11.405 -.25 .9122 11.425 -.25 1.0322
4 0 11.455 -.25 1.0422 11.4525 -.25 1.0372 11.505 -.25 1.0122 11.505 -.25 1.0197
4 0 11.3725 -.25 1.0472 11.3525 -.25 .9322 11.3775 -.25 .9222 11.4 -.25 1.0397
4 0 12.4 -.25 1.0522 12.31 -.25 .9722 12.33 -.25 .9797 12.355 -.25 .9897
3 0 12.4 -.25 1.0522 12.485 -.25 1.1872 12.475 -.25 1.1847
3 0 12.4 -.25 1.0522 12.4925 -.25 1.1922 12.485 -.25 1.1872
4 0 11.3375 -.25 1.0572 11.3275 -.25 .9447 11.3525 -.25 .9322 11.3725 -.25 1.0472
3 0 11.4475 -.25 1.0597 11.5225 -.25 1.1647 11.4375 -.25 1.0672
3 0 11.4375 -.25 1.0672 11.5225 -.25 1.1647 11.4225 -.25 1.0747
4 0 11.3075 -.25 1.0672 11.3 -.25 .9622 11.3275 -.25 .9447 11.3375 -.25 1.0572
4 0 11.2725 -.25 1.0797 11.2775 -.25 .9772 11.3 -.25 .9622 11.3075 -.25 1.0672
4 0 11.145 -.25 1.0797 11.1325 -.25 1.0797 11.13 -.25 1.0222 11.145 -.25 1.0147
4 0 11.1575 -.25 1.0822 11.145 -.25 1.0797 11.145 -.25 1.0147 11.16 -.25 1.0097
4 0 11.1175 -.25 1.0822 11.11 -.25 1.0322 11.13 -.25 1.0222 11.1325 -.25 1.0797
4 0 11.25 -.25 1.0847 11.255 -.25 .9922 11.2775 -.25 .9772 11.2725 -.25 1.0797
4 0 11.17 -.25 1.0847 11.1575 -.25 1.0822 11.16 -.25 1.0097 11.175 -.25 1.0072
4 0 11.23 -.25 1.0872 11.235 -.25 1.0022 11.255 -.25 .9922 11.25 -.25 1.0847
4 0 11.23 -.25 1.0872 11.21 -.25 1.0872 11.22 -.25 1.0072 11.235 -.25 1.0022
4 0 11.21 -.25 1.0872 11.1875 -.25 1.0872 11.195 -.25 1.0072 11.22 -.25 1.0072
4 0 11.1875 -.25 1.0872 11.17 -.25 1.0847 11.175 -.25 1.0072 11.195 -.25 1.0072
4 0 11.1 -.25 1.0872 11.095 -.25 1.0422 11.11 -.25 1.0322 11.1175 -.25 1.0822
4 0 12.185 -.25 1.0972 12.185 -.25 .8772 12.2325 -.25 .8947 12.2375 -.25 .9047
4 0 12.185 -.25 1.0972 12.1075 -.25 .9547 12.115 -.25 .9547 12.1225 -.25 .9572
4 0 12.185 -.25 1.0972 12.14 -.25 .9597 12.1425 -.25 .9472 12.185 -.25 .8772
4 0 12.185 -.25 1.0972 12.0775 -.25 .9597 12.0825 -.25 .9572 12.09 -.25 .9547
4 0 12.185 -.25 1.0972 12.2925 -.25 .9622 12.31 -.25 .9722 12.4 -.25 1.0522
4 0 12.185 -.25 1.0972 12.0675 -.25 .9672 12.0725 -.25 .9622 12.0775 -.25 .9597
4 0 12.185 -.25 1.0972 12.055 -.25 .9797 12.06 -.25 .9722 12.0675 -.25 .9672
3 0 12.185 -.25 1.0972 11.9975 -.25 1.1522 11.99 -.25 1.1472
3 0 12.185 -.25 1.0972 12.005 -.25 1.1597 11.9975 -.25 1.1522
3 0 12.185 -.25 1.0972 12.03 -.25 1.1797 12.02 -.25 1.1722
3 0 12.185 -.25 1.0972 12.04 -.25 1.1872 12.03 -.25 1.1797
3 0 12.185 -.25 1.0972 12.095 -.25 1.2247 12.0825 -.25 1.2172
3 0 12.185 -.25 1.0972 12.1375 -.25 1.2447 12.1225 -.25 1.2372
3 0 12.185 -.25 1.0972 12.1475 -.25 1.2497 12.1375 -.25 1.2447
3 0 12.185 -.25 1.0972 12.15 -.25 1.2597 12.1475 -.25 1.2497
4 0 11.0825 -.25 1.0972 11.08 -.25 1.0522 11.095 -.25 1.0422 11.1 -.25 1.0872
4 0 12.7 -.25 1.0997 12.6875 -.25 1.0972 12.73 -.25 1.0472 12.7425 -.25 1.0647
4 0 12.675 -.25 1.1022 12.7175 -.25 1.0297 12.73 -.25 1.0472 12.6875 -.25 1.0972
4 0 11.8 -.25 1.1022 11.9 -.25 .6022 12 -.25 .7897 11.995 -.25 .8847
4 0 11.8 -.25 1.1022 11.76 -.25 .6697 11.7725 -.25 .6572 11.9 -.25 .6022
4 0 11.8 -.25 1.1022 11.6625 -.25 .8722 11.705 -.25 .7672 11.715 -.25 .7597
4 0 11.8 -.25 1.1022 11.99 -.25 .9097 12.0075 -.25 .9747 12.01 -.25 .9897
4 0 11.8 -.25 1.1022 12.015 -.25 1 12.025 -.25 1 12.185 -.25 1.0972
4 0 11.8 -.25 1.1022 11.65 -.25 1.0222 11.66 -.25 .8772 11.6625 -.25 .8722
4 0 11.8 -.25 1.1022 11.64 -.25 1.0522 11.645 -.25 1.0472 11.65 -.25 1.0447
3 0 11.8 -.25 1.1022 11.855 -.25 1.2772 11.8525 -.25 1.2772
4 0 11.0675 -.25 1.1047 11.065 -.25 1.0622 11.08 -.25 1.0522 11.0825 -.25 1.0972
4 0 12.7125 -.25 1.1072 12.7 -.25 1.0997 12.7425 -.25 1.0647 12.7525 -.25 1.0822
4 0 12.665 -.25 1.1097 12.705 -.25 1.0172 12.7175 -.25 1.0297 12.675 -.25 1.1022
4 0 11.0525 -.25 1.1122 11.05 -.25 1.0747 11.065 -.25 1.0622 11.0675 -.25 1.1047
4 0 12.72 -.25 1.1172 12.7125 -.25 1.1072 12.7525 -.25 1.0822 12.765 -.25 1.1022
4 0 12.6575 -.25 1.1172 12.6875 -.25 1.0022 12.705 -.25 1.0172 12.665 -.25 1.1097
4 0 11.0375 -.25 1.1197 11.0375 -.25 1.0847 11.05 -.25 1.0747 11.0525 -.25 1.1122
4 0 11.575 -.25 1.1247 11.5575 -.25 1.1247 11.585 -.25 1.0322 11.5975 -.25 1.0372
4 0 11.5575 -.25 1.1247 11.55 -.25 1.0197 11.56 -.25 1.0222 11.5675 -.25 1.0247
4 0 11.5575 -.25 1.1247 11.5675 -.25 1.0247 11.575 -.25 1.0272 11.585 -.25 1.0322
4 0 11.025 -.25 1.1247 11.0275 -.25 1.0922 11.0375 -.25 1.0847 11.0375 -.25 1.1197
4 0 11.585 -.25 1.1272 11.575 -.25 1.1247 11.5975 -.25 1.0372 11.61 -.25 1.0422
4 0 11.015 -.25 1.1272 11.015 -.25 1.0997 11.0275 -.25 1.0922 11.025 -.25 1.1247
4 0 11.5475 -.25 1.1297 11.54 -.25 1.0197 11.55 -.25 1.0197 11.5575 -.25 1.1247
3 0 11.33 -.25 1.1297 11.3575 -.25 1.2222 11.3525 -.25 1.2197
4 0 11.0025 -.25 1.1297 11.005 -.25 1.1072 11.015 -.25 1.0997 11.015 -.25 1.1272
4 0 11.0025 -.25 1.1297 10.995 -.25 1.1297 10.9975 -.25 1.1147 11.005 -.25 1.1072
4 0 10.995 -.25 1.1297 10.99 -.25 1.1272 10.99 -.25 1.1222 10.9975 -.25 1.1147
4 0 12.73 -.25 1.1322 12.72 -.25 1.1172 12.765 -.25 1.1022 12.7725 -.25 1.1172
4 0 11.595 -.25 1.1322 11.585 -.25 1.1272 11.61 -.25 1.0422 11.62 -.25 1.0472
4 0 11.5375 -.25 1.1372 11.53 -.25 1.0222 11.54 -.25 1.0197 11.5475 -.25 1.1297
3 0 12.6575 -.25 1.1397 12.5875 -.25 1.2197 12.655 -.25 1.1272
4 0 11.5975 -.25 1.1447 11.63 -.25 1.0522 11.64 -.25 1.0522 11.8 -.25 1.1022
4 0 11.5975 -.25 1.1447 11.595 -.25 1.1322 11.62 -.25 1.0472 11.63 -.25 1.0522
4 0 12.735 -.25 1.1472 12.73 -.25 1.1322 12.7725 -.25 1.1172 12.7825 -.25 1.1397
4 0 11.99 -.25 1.1472 11.985 -.25 1.1472 11.8 -.25 1.1022 12.185 -.25 1.0972
3 0 11.985 -.25 1.1472 11.925 -.25 1.2572 11.9175 -.25 1.2522
4 0 11.53 -.25 1.1472 11.52 -.25 1.0222 11.53 -.25 1.0222 11.5375 -.25 1.1372
3 0 11.58 -.25 1.1522 11.5725 -.25 1.2222 11.5525 -.25 1.2222
4 0 11.525 -.25 1.1547 11.51 -.25 1.0222 11.52 -.25 1.0222 11.53 -.25 1.1472
4 0 12.7875 -.25 1.1597 12.7375 -.25 1.1597 12.735 -.25 1.1472 12.7825 -.25 1.1397
4 0 11.5225 -.25 1.1647 11.505 -.25 1.0197 11.51 -.25 1.0222 11.525 -.25 1.1547
4 0 11.5225 -.25 1.1647 11.4475 -.25 1.0597 11.4525 -.25 1.0522 11.505 -.25 1.0197
4 0 11.5225 -.25 1.1647 11.375 -.25 1.0972 11.3975 -.25 1.0847 11.4225 -.25 1.0747
4 0 11.5225 -.25 1.1647 11.33 -.25 1.1297 11.3525 -.25 1.1097 11.375 -.25 1.0972
4 0 12.02 -.25 1.1722 12.01 -.25 1.1647 12.005 -.25 1.1597 12.185 -.25 1.0972
3 0 12.7175 -.25 1.1797 12.7275 -.25 1.2622 12.7125 -.25 1.1747
3 0 12.7225 -.25 1.1847 12.7275 -.25 1.2622 12.7175 -.25 1.1797
3 0 12.475 -.25 1.1847 12.4675 -.25 1.1872 12.4 -.25 1.0522
3 0 12.7275 -.25 1.1872 12.7275 -.25 1.2622 12.7225 -.25 1.1847
3 0 12.4925 -.25 1.1922 12.5875 -.25 1.2197 12.4975 -.25 1.1997
4 0 12.4625 -.25 1.1922 12.185 -.25 1.0972 12.4 -.25 1.0522 12.4675 -.25 1.1872
3 0 12.4625 -.25 1.1922 12.4625 -.25 1.1972 12.185 -.25 1.0972
4 0 12.79 -.25 1.1972 12.7375 -.25 1.1597 12.7875 -.25 1.1597 12.79 -.25 1.1772
3 0 12.4975 -.25 1.1997 12.5875 -.25 1.2197 12.5 -.25 1.2122
4 0 12.0625 -.25 1.2047 12.0525 -.25 1.1972 12.04 -.25 1.1872 12.185 -.25 1.0972
4 0 12.7875 -.25 1.2147 12.74 -.25 1.1722 12.7375 -.25 1.1597 12.79 -.25 1.1972
4 0 12.0825 -.25 1.2172 12.07 -.25 1.2097 12.0625 -.25 1.2047 12.185 -.25 1.0972
4 0 12.5875 -.25 1.2197 12.665 -.25 .9897 12.6575 -.25 1.1172 12.655 -.25 1.1272
4 0 12.5875 -.25 1.2197 12.4925 -.25 1.1922 12.4 -.25 1.0522 12.665 -.25 .9897
3 0 11.8875 -.25 1.2197 11.8825 -.25 1.2222 11.8 -.25 1.1022
4 0 11.89 -.25 1.2222 11.8875 -.25 1.2197 11.8 -.25 1.1022 11.985 -.25 1.1472
4 0 11.3425 -.25 1.2222 11.31 -.25 1.1497 11.33 -.25 1.1297 11.3525 -.25 1.2197
4 0 12.5975 -.25 1.2247 12.5875 -.25 1.2197 12.6575 -.25 1.1397 12.66 -.25 1.1422
4 0 12.5675 -.25 1.2272 12.4975 -.25 1.2197 12.5 -.25 1.2122 12.5875 -.25 1.2197
4 0 11.585 -.25 1.2272 11.5725 -.25 1.2222 11.58 -.25 1.1522 11.59 -.25 1.1472
4 0 11.5425 -.25 1.2272 11.57 -.25 1.1572 11.58 -.25 1.1522 11.5525 -.25 1.2222
4 0 12.785 -.25 1.2297 12.7375 -.25 1.1797 12.74 -.25 1.1722 12.7875 -.25 1.2147
4 0 12.6125 -.25 1.2297 12.5975 -.25 1.2247 12.66 -.25 1.1422 12.665 -.25 1.1447
4 0 11.895 -.25 1.2297 11.8925 -.25 1.2272 11.89 -.25 1.2222 11.985 -.25 1.1472
4 0 11.36 -.25 1.2297 11.3575 -.25 1.2222 11.33 -.25 1.1297 11.5225 -.25 1.1647
4 0 11.3325 -.25 1.2297 11.3 -.25 1.1672 11.31 -.25 1.1497 11.3425 -.25 1.2222
4 0 11.5925 -.25 1.2347 11.585 -.25 1.2272 11.59 -.25 1.1472 11.5975 -.25 1.1447
4 0 11.535 -.25 1.2347 11.5575 -.25 1.1597 11.57 -.25 1.1572 11.5425 -.25 1.2272
4 0 12.63 -.25 1.2372 12.6125 -.25 1.2297 12.665 -.25 1.1447 12.675 -.25 1.1472
4 0 12.1225 -.25 1.2372 12.11 -.25 1.2322 12.095 -.25 1.2247 12.185 -.25 1.0972
4 0 12.6475 -.25 1.2422 12.63 -.25 1.2372 12.675 -.25 1.1472 12.6825 -.25 1.1522
4 0 12.565 -.25 1.2422 12.4875 -.25 1.2222 12.4975 -.25 1.2197 12.5675 -.25 1.2272
4 0 11.905 -.25 1.2422 11.8975 -.25 1.2347 11.895 -.25 1.2297 11.985 -.25 1.1472
4 0 11.5925 -.25 1.2447 11.5925 -.25 1.2347 11.5975 -.25 1.1447 11.8 -.25 1.1022
4 0 11.525 -.25 1.2447 11.5475 -.25 1.1622 11.5575 -.25 1.1597 11.535 -.25 1.2347
4 0 11.3175 -.25 1.2447 11.2875 -.25 1.1797 11.3 -.25 1.1672 11.3325 -.25 1.2297
4 0 12.6775 -.25 1.2497 12.6475 -.25 1.2422 12.6825 -.25 1.1522 12.695 -.25 1.1597
4 0 11.9175 -.25 1.2522 11.91 -.25 1.2472 11.905 -.25 1.2422 11.985 -.25 1.1472
4 0 11.52 -.25 1.2522 11.535 -.25 1.1647 11.5475 -.25 1.1622 11.525 -.25 1.2447
4 0 11.305 -.25 1.2547 11.275 -.25 1.1897 11.2875 -.25 1.1797 11.3175 -.25 1.2447
4 0 12.7 -.25 1.2572 12.6775 -.25 1.2497 12.695 -.25 1.1597 12.705 -.25 1.1672
4 0 12.77 -.25 1.2597 12.7375 -.25 1.1797 12.785 -.25 1.2297 12.78 -.25 1.2447
4 0 12.7275 -.25 1.2622 12.7 -.25 1.2572 12.705 -.25 1.1672 12.7125 -.25 1.1747
4 0 11.9325 -.25 1.2622 11.925 -.25 1.2572 11.985 -.25 1.1472 11.985 -.25 1.1522
4 0 12.7575 -.25 1.2647 12.735 -.25 1.1847 12.7375 -.25 1.1797 12.77 -.25 1.2597
4 0 12.7575 -.25 1.2647 12.7275 -.25 1.2622 12.7275 -.25 1.1872 12.735 -.25 1.1847
4 0 11.515 -.25 1.2647 11.5225 -.25 1.1647 11.535 -.25 1.1647 11.52 -.25 1.2522
3 0 11.515 -.25 1.2647 11.4375 -.25 1.3372 11.425 -.25 1.3347
3 0 11.515 -.25 1.2647 11.4475 -.25 1.3397 11.4375 -.25 1.3372
4 0 11.94 -.25 1.2672 11.9325 -.25 1.2622 11.985 -.25 1.1522 11.9875 -.25 1.1572
4 0 11.2875 -.25 1.2672 11.2625 -.25 1.1972 11.275 -.25 1.1897 11.305 -.25 1.2547
4 0 11.1425 -.25 1.2722 11.125 -.25 1.2697 11.1325 -.25 1.2222 11.1525 -.25 1.2172
4 0 11.1075 -.25 1.2722 11.11 -.25 1.2297 11.1325 -.25 1.2222 11.125 -.25 1.2697
4 0 11.95 -.25 1.2747 11.94 -.25 1.2672 11.9875 -.25 1.1572 11.9925 -.25 1.1647
4 0 11.2725 -.25 1.2747 11.25 -.25 1.2022 11.2625 -.25 1.1972 11.2875 -.25 1.2672
3 0 11.8525 -.25 1.2772 11.85 -.25 1.2822 11.8 -.25 1.1022
4 0 11.1625 -.25 1.2772 11.1425 -.25 1.2722 11.1525 -.25 1.2172 11.17 -.25 1.2122
4 0 11.0925 -.25 1.2772 11.09 -.25 1.2372 11.11 -.25 1.2297 11.1075 -.25 1.2722
4 0 11.9625 -.25 1.2797 11.95 -.25 1.2747 11.9925 -.25 1.1647 12 -.25 1.1747
4 0 11.86 -.25 1.2797 11.855 -.25 1.2772 11.8 -.25 1.1022 11.8825 -.25 1.2222
4 0 11.26 -.25 1.2797 11.24 -.25 1.2047 11.25 -.25 1.2022 11.2725 -.25 1.2747
4 0 11.24 -.25 1.2822 11.2275 -.25 1.2072 11.24 -.25 1.2047 11.26 -.25 1.2797
4 0 11.185 -.25 1.2822 11.1625 -.25 1.2772 11.17 -.25 1.2122 11.19 -.25 1.2097
4 0 11.075 -.25 1.2822 11.0725 -.25 1.2472 11.09 -.25 1.2372 11.0925 -.25 1.2772
4 0 11.9725 -.25 1.2847 11.9625 -.25 1.2797 12 -.25 1.1747 12.01 -.25 1.1872
4 0 11.865 -.25 1.2847 11.86 -.25 1.2797 11.8825 -.25 1.2222 11.8825 -.25 1.2297
4 0 11.21 -.25 1.2847 11.21 -.25 1.2072 11.2275 -.25 1.2072 11.24 -.25 1.2822
4 0 11.21 -.25 1.2847 11.185 -.25 1.2822 11.19 -.25 1.2097 11.21 -.25 1.2072
4 0 11.9775 -.25 1.2872 11.9725 -.25 1.2847 12.01 -.25 1.1872 12.02 -.25 1.1997
4 0 11.065 -.25 1.2872 11.0575 -.25 1.2572 11.0725 -.25 1.2472 11.075 -.25 1.2822
4 0 11.98 -.25 1.2897 11.9775 -.25 1.2872 12.02 -.25 1.1997 12.0325 -.25 1.2147
4 0 11.8725 -.25 1.2897 11.865 -.25 1.2847 11.8825 -.25 1.2297 11.885 -.25 1.2372
4 0 11.8775 -.25 1.2922 11.8725 -.25 1.2897 11.885 -.25 1.2372 11.8875 -.25 1.2472
4 0 11.055 -.25 1.2922 11.0475 -.25 1.2647 11.0575 -.25 1.2572 11.065 -.25 1.2872
4 0 11.885 -.25 1.2972 11.8775 -.25 1.2922 11.8875 -.25 1.2472 11.8925 -.25 1.2572
4 0 12.485 -.25 1.2997 12.46 -.25 1.2997 12.4725 -.25 1.2147 12.48 -.25 1.2197
4 0 12.51 -.25 1.3022 12.485 -.25 1.2997 12.48 -.25 1.2197 12.4875 -.25 1.2222
4 0 12.4225 -.25 1.3022 12.465 -.25 1.2047 12.4725 -.25 1.2147 12.46 -.25 1.2997
4 0 11.895 -.25 1.3022 11.885 -.25 1.2972 11.8925 -.25 1.2572 11.9 -.25 1.2647
4 0 11.0425 -.25 1.3022 11.0375 -.25 1.2722 11.0475 -.25 1.2647 11.055 -.25 1.2922
4 0 11.9025 -.25 1.3047 11.895 -.25 1.3022 11.9 -.25 1.2647 11.9125 -.25 1.2722
4 0 12.3925 -.25 1.3072 12.4625 -.25 1.1972 12.465 -.25 1.2047 12.4225 -.25 1.3022
4 0 11.9075 -.25 1.3072 11.9025 -.25 1.3047 11.9125 -.25 1.2722 11.925 -.25 1.2797
3 0 11.86 -.25 1.3072 11.8 -.25 1.6022 11.855 -.25 1.2947
4 0 11.9175 -.25 1.3097 11.9075 -.25 1.3072 11.925 -.25 1.2797 11.935 -.25 1.2822
4 0 11.035 -.25 1.3097 11.03 -.25 1.2797 11.0375 -.25 1.2722 11.0425 -.25 1.3022
4 0 12.535 -.25 1.3122 12.51 -.25 1.3022 12.4875 -.25 1.2222 12.565 -.25 1.2422
4 0 12.36 -.25 1.3122 12.185 -.25 1.0972 12.4625 -.25 1.1972 12.3925 -.25 1.3072
3 0 12.36 -.25 1.3122 12.325 -.25 1.3197 12.185 -.25 1.0972
4 0 11.9325 -.25 1.3147 11.9175 -.25 1.3097 11.935 -.25 1.2822 11.9475 -.25 1.2872
3 0 11.865 -.25 1.3172 11.8 -.25 1.6022 11.86 -.25 1.3072
4 0 11.0275 -.25 1.3172 11.015 -.25 1.2922 11.03 -.25 1.2797 11.035 -.25 1.3097
4 0 12.5525 -.25 1.3197 12.535 -.25 1.3122 12.565 -.25 1.2422 12.57 -.25 1.2497
3 0 12.325 -.25 1.3197 12.29 -.25 1.3297 12.185 -.25 1.0972
4 0 11.95 -.25 1.3197 11.9325 -.25 1.3147 11.9475 -.25 1.2872 11.9575 -.25 1.2897
4 0 11.5575 -.25 1.3197 11.5425 -.25 1.3197 11.5525 -.25 1.2597 11.5625 -.25 1.2572
4 0 11.57 -.25 1.3222 11.5575 -.25 1.3197 11.5625 -.25 1.2572 11.5725 -.25 1.2547
4 0 11.0225 -.25 1.3222 11.0075 -.25 1.2997 11.015 -.25 1.2922 11.0275 -.25 1.3172
4 0 11.9725 -.25 1.3247 11.95 -.25 1.3197 11.9575 -.25 1.2897 11.9675 -.25 1.2922
3 0 11.875 -.25 1.3247 11.8 -.25 1.6022 11.865 -.25 1.3172
4 0 11.58 -.25 1.3247 11.57 -.25 1.3222 11.5725 -.25 1.2547 11.5825 -.25 1.2497
4 0 11.5325 -.25 1.3247 11.5425 -.25 1.2622 11.5525 -.25 1.2597 11.5425 -.25 1.3197
4 0 11.985 -.25 1.3272 11.9725 -.25 1.3247 11.9675 -.25 1.2922 11.975 -.25 1.2922
4 0 11.0175 -.25 1.3272 11 -.25 1.3097 11.0075 -.25 1.2997 11.0225 -.25 1.3222
4 0 12.6875 -.25 1.3297 12.6975 -.25 1.2897 12.7075 -.25 1.2997 12.7025 -.25 1.3172
4 0 12.58 -.25 1.3297 12.5525 -.25 1.3197 12.57 -.25 1.2497 12.585 -.25 1.2572
4 0 11.9875 -.25 1.3297 11.985 -.25 1.3272 11.975 -.25 1.2922 11.98 -.25 1.2897
3 0 11.9875 -.25 1.3297 12.0325 -.25 1.4222 11.985 -.25 1.3347
3 0 11.8825 -.25 1.3297 11.8 -.25 1.6022 11.875 -.25 1.3247
4 0 11.5875 -.25 1.3297 11.58 -.25 1.3247 11.5825 -.25 1.2497 11.5925 -.25 1.2447
3 0 11.9 -.25 1.3322 11.8 -.25 1.6022 11.8825 -.25 1.3297
4 0 11.5225 -.25 1.3322 11.5275 -.25 1.2647 11.5425 -.25 1.2622 11.5325 -.25 1.3247
4 0 11.015 -.25 1.3322 10.9975 -.25 1.3222 11 -.25 1.3097 11.0175 -.25 1.3272
3 0 11.985 -.25 1.3347 12.0325 -.25 1.4222 11.975 -.25 1.3347
3 0 11.975 -.25 1.3347 12.0325 -.25 1.4222 11.9625 -.25 1.3347
3 0 11.9625 -.25 1.3347 12.0325 -.25 1.4222 11.9425 -.25 1.3347
3 0 11.9425 -.25 1.3347 12.0325 -.25 1.4222 11.9175 -.25 1.3347
3 0 11.9175 -.25 1.3347 12.0325 -.25 1.4222 11.9 -.25 1.3322
4 0 11.41 -.25 1.3347 11.5225 -.25 1.1647 11.515 -.25 1.2647 11.425 -.25 1.3347
4 0 11.41 -.25 1.3347 11.3575 -.25 1.2372 11.36 -.25 1.2297 11.5225 -.25 1.1647
3 0 11.41 -.25 1.3347 11.395 -.25 1.3397 11.3575 -.25 1.2372
4 0 12.6675 -.25 1.3372 12.675 -.25 1.2822 12.6975 -.25 1.2897 12.6875 -.25 1.3297
4 0 11.59 -.25 1.3372 11.5875 -.25 1.3297 11.5925 -.25 1.2447 11.8 -.25 1.1022
3 0 11.59 -.25 1.3372 11.8 -.25 1.6022 11.59 -.25 1.4472
4 0 11.01 -.25 1.3372 10.9975 -.25 1.3297 10.9975 -.25 1.3222 11.015 -.25 1.3322
4 0 12.6025 -.25 1.3397 12.58 -.25 1.3297 12.585 -.25 1.2572 12.6075 -.25 1.2647
4 0 11.515 -.25 1.3397 11.515 -.25 1.2647 11.5275 -.25 1.2647 11.5225 -.25 1.3322
4 0 11.005 -.25 1.3397 11 -.25 1.3372 10.9975 -.25 1.3297 11.01 -.25 1.3372
4 0 12.6475 -.25 1.3422 12.6525 -.25 1.2772 12.675 -.25 1.2822 12.6675 -.25 1.3372
4 0 12.6475 -.25 1.3422 12.6225 -.25 1.3422 12.6275 -.25 1.2697 12.6525 -.25 1.2772
4 0 12.6225 -.25 1.3422 12.6025 -.25 1.3397 12.6075 -.25 1.2647 12.6275 -.25 1.2697
4 0 12.2475 -.25 1.3422 12.15 -.25 1.2597 12.185 -.25 1.0972 12.29 -.25 1.3297
4 0 12.23 -.25 1.3447 12.145 -.25 1.2622 12.15 -.25 1.2597 12.2475 -.25 1.3422
4 0 12.1325 -.25 1.3447 12.1175 -.25 1.3422 12.06 -.25 1.2472 12.07 -.25 1.2547
4 0 12.1 -.25 1.3447 12.05 -.25 1.2372 12.06 -.25 1.2472 12.1175 -.25 1.3422
4 0 11.455 -.25 1.3447 11.4475 -.25 1.3397 11.515 -.25 1.2647 11.515 -.25 1.3397
4 0 11.38 -.25 1.3447 11.34 -.25 1.2572 11.3575 -.25 1.2372 11.395 -.25 1.3397
4 0 12.2125 -.25 1.3472 12.14 -.25 1.2647 12.145 -.25 1.2622 12.23 -.25 1.3447
4 0 12.195 -.25 1.3497 12.1225 -.25 1.2647 12.14 -.25 1.2647 12.2125 -.25 1.3472
4 0 12.195 -.25 1.3497 12.175 -.25 1.3497 12.105 -.25 1.2647 12.1225 -.25 1.2647
4 0 12.175 -.25 1.3497 12.155 -.25 1.3497 12.0875 -.25 1.2622 12.105 -.25 1.2647
4 0 12.155 -.25 1.3497 12.1325 -.25 1.3447 12.07 -.25 1.2547 12.0875 -.25 1.2622
4 0 12.09 -.25 1.3497 12.0425 -.25 1.2272 12.05 -.25 1.2372 12.1 -.25 1.3447
3 0 11.5675 -.25 1.3497 11.5625 -.25 1.4347 11.5475 -.25 1.4347
4 0 11.5075 -.25 1.3522 11.46 -.25 1.3522 11.455 -.25 1.3447 11.515 -.25 1.3397
4 0 11.3575 -.25 1.3547 11.3225 -.25 1.2747 11.34 -.25 1.2572 11.38 -.25 1.3447
4 0 12.085 -.25 1.3572 12.0325 -.25 1.2147 12.0425 -.25 1.2272 12.09 -.25 1.3497
4 0 11.505 -.25 1.3647 11.455 -.25 1.3647 11.46 -.25 1.3522 11.5075 -.25 1.3522
3 0 11.435 -.25 1.3722 11.505 -.25 1.4847 11.4125 -.25 1.3772
4 0 11.3325 -.25 1.3722 11.3025 -.25 1.2947 11.3225 -.25 1.2747 11.3575 -.25 1.3547
4 0 11.31 -.25 1.3822 11.2775 -.25 1.3197 11.3025 -.25 1.2947 11.3325 -.25 1.3722
4 0 11.29 -.25 1.3897 11.2625 -.25 1.3322 11.2775 -.25 1.3197 11.31 -.25 1.3822
4 0 11.275 -.25 1.3922 11.2475 -.25 1.3397 11.2625 -.25 1.3322 11.29 -.25 1.3897
3 0 12.0775 -.25 1.3997 12.0325 -.25 1.4222 12.08 -.25 1.3772
4 0 11.25 -.25 1.3997 11.23 -.25 1.3422 11.2475 -.25 1.3397 11.275 -.25 1.3922
4 0 11.23 -.25 1.4022 11.2175 -.25 1.3447 11.23 -.25 1.3422 11.25 -.25 1.3997
4 0 11.21 -.25 1.4072 11.2 -.25 1.3497 11.2175 -.25 1.3447 11.23 -.25 1.4022
4 0 11.19 -.25 1.4122 11.18 -.25 1.3597 11.2 -.25 1.3497 11.21 -.25 1.4072
4 0 11.175 -.25 1.4172 11.16 -.25 1.3697 11.18 -.25 1.3597 11.19 -.25 1.4122
4 0 12.0325 -.25 1.4222 12.0325 -.25 1.2147 12.085 -.25 1.3572 12.08 -.25 1.3772
4 0 12.0325 -.25 1.4222 11.9875 -.25 1.3297 11.98 -.25 1.2897 12.0325 -.25 1.2147
4 0 12.0325 -.25 1.4222 11.9 -.25 1.5497 11.8 -.25 1.6022 11.9 -.25 1.3322
3 0 12.0325 -.25 1.4222 12.075 -.25 1.5872 11.9125 -.25 1.5472
4 0 11.165 -.25 1.4222 11.14 -.25 1.3822 11.16 -.25 1.3697 11.175 -.25 1.4172
4 0 11.155 -.25 1.4272 11.13 -.25 1.3897 11.14 -.25 1.3822 11.165 -.25 1.4222
4 0 11.0675 -.25 1.4272 11.06 -.25 1.4197 11.06 -.25 1.4097 11.0675 -.25 1.4072
4 0 11.1375 -.25 1.4347 11.1225 -.25 1.3947 11.13 -.25 1.3897 11.155 -.25 1.4272
4 0 11.0825 -.25 1.4347 11.0675 -.25 1.4272 11.0675 -.25 1.4072 11.08 -.25 1.4072
4 0 11.5725 -.25 1.4372 11.5625 -.25 1.4347 11.5675 -.25 1.3497 11.5775 -.25 1.3447
4 0 11.1175 -.25 1.4372 11.11 -.25 1.3997 11.1225 -.25 1.3947 11.1375 -.25 1.4347
4 0 11.1175 -.25 1.4372 11.0975 -.25 1.4372 11.095 -.25 1.4047 11.11 -.25 1.3997
4 0 11.0975 -.25 1.4372 11.0825 -.25 1.4347 11.08 -.25 1.4072 11.095 -.25 1.4047
4 0 11.58 -.25 1.4397 11.5725 -.25 1.4372 11.5775 -.25 1.3447 11.585 -.25 1.3422
4 0 11.535 -.25 1.4397 11.5575 -.25 1.3547 11.5675 -.25 1.3497 11.5475 -.25 1.4347
4 0 11.59 -.25 1.4472 11.58 -.25 1.4397 11.585 -.25 1.3422 11.59 -.25 1.3372
4 0 11.525 -.25 1.4497 11.545 -.25 1.3597 11.5575 -.25 1.3547 11.535 -.25 1.4397
4 0 11.515 -.25 1.4597 11.5325 -.25 1.3622 11.545 -.25 1.3597 11.525 -.25 1.4497
4 0 11.51 -.25 1.4697 11.52 -.25 1.3647 11.5325 -.25 1.3622 11.515 -.25 1.4597
4 0 11.505 -.25 1.4847 11.505 -.25 1.3647 11.52 -.25 1.3647 11.51 -.25 1.4697
4 0 11.505 -.25 1.4847 11.435 -.25 1.3722 11.455 -.25 1.3647 11.505 -.25 1.3647
3 0 11.505 -.25 1.4847 11.445 -.25 1.5247 11.4425 -.25 1.5197
3 0 11.505 -.25 1.4847 11.4425 -.25 1.5322 11.445 -.25 1.5247
4 0 11.4425 -.25 1.5197 11.4375 -.25 1.5172 11.4125 -.25 1.3772 11.505 -.25 1.4847
4 0 11.425 -.25 1.5197 11.3925 -.25 1.3847 11.4125 -.25 1.3772 11.4375 -.25 1.5172
4 0 11.4125 -.25 1.5247 11.37 -.25 1.3922 11.3925 -.25 1.3847 11.425 -.25 1.5197
4 0 11.3975 -.25 1.5322 11.3475 -.25 1.4022 11.37 -.25 1.3922 11.4125 -.25 1.5247
4 0 11.38 -.25 1.5397 11.3225 -.25 1.4147 11.3475 -.25 1.4022 11.3975 -.25 1.5322
3 0 11.9125 -.25 1.5472 11.9 -.25 1.5497 12.0325 -.25 1.4222
4 0 11.3575 -.25 1.5472 11.2975 -.25 1.4297 11.3225 -.25 1.4147 11.38 -.25 1.5397
4 0 11.5725 -.25 1.5497 11.5575 -.25 1.5472 11.565 -.25 1.4697 11.575 -.25 1.4672
4 0 11.5425 -.25 1.5497 11.55 -.25 1.4747 11.565 -.25 1.4697 11.5575 -.25 1.5472
3 0 11.5425 -.25 1.5497 11.535 -.25 1.5547 11.55 -.25 1.4747
4 0 11.5825 -.25 1.5522 11.5725 -.25 1.5497 11.575 -.25 1.4672 11.58 -.25 1.4622
3 0 11.535 -.25 1.5547 11.5275 -.25 1.5622 11.55 -.25 1.4747
4 0 11.335 -.25 1.5572 11.2775 -.25 1.4447 11.2975 -.25 1.4297 11.3575 -.25 1.5472
3 0 11.8975 -.25 1.5597 11.8 -.25 1.6022 11.9 -.25 1.5497
3 0 11.5275 -.25 1.5622 11.52 -.25 1.5697 11.55 -.25 1.4747
3 0 11.4225 -.25 1.5622 11.475 -.25 1.7397 11.455 -.25 1.7347
4 0 11.6 -.25 1.5672 11.5825 -.25 1.5522 11.58 -.25 1.4622 11.5875 -.25 1.4572
3 0 11.9225 -.25 1.5697 12.075 -.25 1.5872 11.9275 -.25 1.5822
3 0 11.8975 -.25 1.5697 11.8 -.25 1.6022 11.8975 -.25 1.5597
4 0 11.31 -.25 1.5722 11.2575 -.25 1.4672 11.2775 -.25 1.4447 11.335 -.25 1.5572
4 0 11.51 -.25 1.5797 11.5375 -.25 1.4797 11.55 -.25 1.4747 11.52 -.25 1.5697
4 0 11.2875 -.25 1.5822 11.24 -.25 1.4922 11.2575 -.25 1.4672 11.31 -.25 1.5722
3 0 11.8975 -.25 1.5847 11.8 -.25 1.6022 11.8975 -.25 1.5697
4 0 12.075 -.25 1.5872 12.0325 -.25 1.4222 12.0775 -.25 1.3997 12.09 -.25 1.4472
4 0 12.075 -.25 1.5872 11.9225 -.25 1.5697 11.9175 -.25 1.5597 11.9125 -.25 1.5472
3 0 12.075 -.25 1.5872 11.9325 -.25 1.5972 11.9275 -.25 1.5822
4 0 12.075 -.25 1.5872 11.96 -.25 1.6772 11.95 -.25 1.6522 11.945 -.25 1.6347
3 0 12.075 -.25 1.5872 11.975 -.25 1.7122 11.96 -.25 1.6772
3 0 12.075 -.25 1.5872 11.9875 -.25 1.7422 11.975 -.25 1.7122
4 0 11.505 -.25 1.5897 11.525 -.25 1.4822 11.5375 -.25 1.4797 11.51 -.25 1.5797
4 0 11.265 -.25 1.5897 11.225 -.25 1.5172 11.24 -.25 1.4922 11.2875 -.25 1.5822
4 0 11.25 -.25 1.5947 11.215 -.25 1.5297 11.225 -.25 1.5172 11.265 -.25 1.5897
3 0 11.8975 -.25 1.5997 11.8 -.25 1.6022 11.8975 -.25 1.5847
3 0 11.8975 -.25 1.5997 11.8975 -.25 1.6122 11.8 -.25 1.6022
4 0 11.2325 -.25 1.5997 11.2075 -.25 1.5347 11.215 -.25 1.5297 11.25 -.25 1.5947
4 0 12.1625 -.25 1.6022 12.075 -.25 1.5872 12.09 -.25 1.4472 12.13 -.25 1.5297
3 0 12.1625 -.25 1.6022 12.195 -.25 1.6697 12.075 -.25 1.5872
4 0 11.8 -.25 1.6022 11.85 -.25 1.2822 11.8525 -.25 1.2872 11.855 -.25 1.2947
4 0 11.8 -.25 1.6022 11.59 -.25 1.3372 11.8 -.25 1.1022 11.85 -.25 1.2822
4 0 11.8 -.25 1.6022 11.6 -.25 1.5672 11.5875 -.25 1.4572 11.59 -.25 1.4472
3 0 11.8 -.25 1.6022 11.7375 -.25 2.2772 11.7325 -.25 2.2722
4 0 11.5 -.25 1.6047 11.505 -.25 1.4847 11.525 -.25 1.4822 11.505 -.25 1.5897
4 0 11.5 -.25 1.6047 11.4375 -.25 1.5422 11.4425 -.25 1.5322 11.505 -.25 1.4847
4 0 11.2125 -.25 1.6047 11.1875 -.25 1.5447 11.2075 -.25 1.5347 11.2325 -.25 1.5997
3 0 11.8975 -.25 1.6122 11.9 -.25 1.6347 11.8 -.25 1.6022
4 0 11.195 -.25 1.6122 11.165 -.25 1.5622 11.1875 -.25 1.5447 11.2125 -.25 1.6047
4 0 11.1775 -.25 1.6247 11.15 -.25 1.5772 11.165 -.25 1.5622 11.195 -.25 1.6122
4 0 11.945 -.25 1.6347 11.9375 -.25 1.6147 11.9325 -.25 1.5972 12.075 -.25 1.5872
3 0 11.9 -.25 1.6347 11.905 -.25 1.6597 11.8 -.25 1.6022
4 0 11.1625 -.25 1.6397 11.1375 -.25 1.5972 11.15 -.25 1.5772 11.1775 -.25 1.6247
4 0 11.15 -.25 1.6497 11.1325 -.25 1.6072 11.1375 -.25 1.5972 11.1625 -.25 1.6397
3 0 11.905 -.25 1.6597 11.9125 -.25 1.6897 11.8 -.25 1.6022
4 0 11.1325 -.25 1.6622 11.1225 -.25 1.6172 11.1325 -.25 1.6072 11.15 -.25 1.6497
4 0 11.5875 -.25 1.6647 11.575 -.25 1.6647 11.58 -.25 1.5847 11.59 -.25 1.5797
4 0 11.575 -.25 1.6647 11.5625 -.25 1.6647 11.57 -.25 1.5897 11.58 -.25 1.5847
4 0 11.1175 -.25 1.6672 11.11 -.25 1.6272 11.1225 -.25 1.6172 11.1325 -.25 1.6622
4 0 11.0575 -.25 1.6672 11.05 -.25 1.6597 11.055 -.25 1.6497 11.065 -.25 1.6447
4 0 11.5975 -.25 1.6697 11.5875 -.25 1.6647 11.59 -.25 1.5797 11.595 -.25 1.5747
4 0 11.5525 -.25 1.6697 11.56 -.25 1.5947 11.57 -.25 1.5897 11.5625 -.25 1.6647
4 0 11.1025 -.25 1.6697 11.0975 -.25 1.6322 11.11 -.25 1.6272 11.1175 -.25 1.6672
4 0 11.0675 -.25 1.6697 11.0575 -.25 1.6672 11.065 -.25 1.6447 11.075 -.25 1.6397
4 0 11.085 -.25 1.6722 11.085 -.25 1.6372 11.0975 -.25 1.6322 11.1025 -.25 1.6697
4 0 11.085 -.25 1.6722 11.0675 -.25 1.6697 11.075 -.25 1.6397 11.085 -.25 1.6372
4 0 11.605 -.25 1.6747 11.5975 -.25 1.6697 11.595 -.25 1.5747 11.6 -.25 1.5672
4 0 11.54 -.25 1.6797 11.55 -.25 1.5972 11.56 -.25 1.5947 11.5525 -.25 1.6697
4 0 11.6075 -.25 1.6822 11.605 -.25 1.6747 11.6 -.25 1.5672 11.8 -.25 1.6022
3 0 11.9125 -.25 1.6897 11.925 -.25 1.7247 11.8 -.25 1.6022
4 0 11.53 -.25 1.6897 11.535 -.25 1.6022 11.55 -.25 1.5972 11.54 -.25 1.6797
4 0 11.525 -.25 1.6972 11.52 -.25 1.6047 11.535 -.25 1.6022 11.53 -.25 1.6897
4 0 11.5225 -.25 1.7097 11.5 -.25 1.6047 11.52 -.25 1.6047 11.525 -.25 1.6972
3 0 11.925 -.25 1.7247 11.94 -.25 1.7547 11.8 -.25 1.6022
4 0 11.44 -.25 1.7372 11.4075 -.25 1.5822 11.4225 -.25 1.5622 11.455 -.25 1.7347
4 0 11.475 -.25 1.7397 11.4225 -.25 1.5622 11.4375 -.25 1.5422 11.5 -.25 1.6047
4 0 11.485 -.25 1.7422 11.475 -.25 1.7397 11.5 -.25 1.6047 11.5225 -.25 1.7097
4 0 11.4225 -.25 1.7422 11.3825 -.25 1.6022 11.4075 -.25 1.5822 11.44 -.25 1.7372
3 0 11.49 -.25 1.7522 11.54 -.25 1.8047 11.485 -.25 1.7597
4 0 11.3975 -.25 1.7522 11.3525 -.25 1.6222 11.3825 -.25 1.6022 11.4225 -.25 1.7422
3 0 11.485 -.25 1.7597 11.54 -.25 1.8047 11.475 -.25 1.7672
4 0 11.36 -.25 1.7622 11.3225 -.25 1.6397 11.3525 -.25 1.6222 11.3975 -.25 1.7522
4 0 12.2575 -.25 1.7647 12.14 -.25 1.7647 12.075 -.25 1.5872 12.195 -.25 1.6697
3 0 12.14 -.25 1.7647 12.06 -.25 1.8572 12.045 -.25 1.8347
3 0 12.14 -.25 1.7647 12.075 -.25 1.8797 12.06 -.25 1.8572
3 0 12.14 -.25 1.7647 12.1175 -.25 1.9472 12.1075 -.25 1.9272
4 0 11.5925 -.25 1.7672 11.5775 -.25 1.7672 11.5825 -.25 1.6972 11.5925 -.25 1.6922
3 0 11.475 -.25 1.7672 11.54 -.25 1.8047 11.46 -.25 1.7747
4 0 11.57 -.25 1.7697 11.5725 -.25 1.7022 11.5825 -.25 1.6972 11.5775 -.25 1.7672
4 0 11.6025 -.25 1.7722 11.5925 -.25 1.7672 11.5925 -.25 1.6922 11.6025 -.25 1.6872
4 0 11.3275 -.25 1.7722 11.295 -.25 1.6572 11.3225 -.25 1.6397 11.36 -.25 1.7622
4 0 12.005 -.25 1.7747 11.9875 -.25 1.7422 12.075 -.25 1.5872 12.14 -.25 1.7647
4 0 11.56 -.25 1.7747 11.5625 -.25 1.7047 11.5725 -.25 1.7022 11.57 -.25 1.7697
3 0 11.46 -.25 1.7747 11.54 -.25 1.8047 11.435 -.25 1.7872
4 0 11.3125 -.25 1.7772 11.2725 -.25 1.6772 11.295 -.25 1.6572 11.3275 -.25 1.7722
4 0 11.61 -.25 1.7822 11.6025 -.25 1.7722 11.6025 -.25 1.6872 11.6075 -.25 1.6822
3 0 11.61 -.25 1.7822 11.62 -.25 1.8772 11.615 -.25 1.8697
4 0 11.55 -.25 1.7847 11.55 -.25 1.7072 11.5625 -.25 1.7047 11.56 -.25 1.7747
4 0 11.3 -.25 1.7847 11.255 -.25 1.6972 11.2725 -.25 1.6772 11.3125 -.25 1.7772
4 0 11.5425 -.25 1.7922 11.5375 -.25 1.7097 11.55 -.25 1.7072 11.55 -.25 1.7847
4 0 11.2875 -.25 1.7972 11.2425 -.25 1.7197 11.255 -.25 1.6972 11.3 -.25 1.7847
4 0 11.54 -.25 1.8047 11.5225 -.25 1.7097 11.5375 -.25 1.7097 11.5425 -.25 1.7922
4 0 11.54 -.25 1.8047 11.49 -.25 1.7522 11.485 -.25 1.7422 11.5225 -.25 1.7097
4 0 11.275 -.25 1.8097 11.2325 -.25 1.7472 11.2425 -.25 1.7197 11.2875 -.25 1.7972
3 0 11.98 -.25 1.8147 12.01 -.25 2.0447 11.9575 -.25 1.7822
4 0 11.4 -.25 1.8147 11.4125 -.25 1.8022 11.435 -.25 1.7872 11.54 -.25 1.8047
4 0 11.26 -.25 1.8272 11.2225 -.25 1.7697 11.2325 -.25 1.7472 11.275 -.25 1.8097
4 0 12.045 -.25 1.8347 12.0225 -.25 1.8047 12.005 -.25 1.7747 12.14 -.25 1.7647
3 0 12 -.25 1.8397 12.01 -.25 2.0447 11.98 -.25 1.8147
4 0 11.2375 -.25 1.8422 11.21 -.25 1.7872 11.2225 -.25 1.7697 11.26 -.25 1.8272
4 0 11.215 -.25 1.8547 11.1975 -.25 1.7997 11.21 -.25 1.7872 11.2375 -.25 1.8422
4 0 11.1975 -.25 1.8622 11.1825 -.25 1.8122 11.1975 -.25 1.7997 11.215 -.25 1.8547
3 0 12.02 -.25 1.8647 12.01 -.25 2.0447 12 -.25 1.8397
4 0 11.605 -.25 1.8647 11.595 -.25 1.8647 11.5925 -.25 1.7922 11.6025 -.25 1.7872
4 0 11.5875 -.25 1.8672 11.58 -.25 1.7972 11.5925 -.25 1.7922 11.595 -.25 1.8647
4 0 11.1775 -.25 1.8672 11.1675 -.25 1.8172 11.1825 -.25 1.8122 11.1975 -.25 1.8622
4 0 11.095 -.25 1.8672 11.08 -.25 1.8622 11.0875 -.25 1.8472 11.1 -.25 1.8372
3 0 12.3475 -.25 1.8697 12.295 -.25 2.0422 12.3025 -.25 1.8197
4 0 11.615 -.25 1.8697 11.605 -.25 1.8647 11.6025 -.25 1.7872 11.61 -.25 1.7822
4 0 11.58 -.25 1.8722 11.57 -.25 1.8022 11.58 -.25 1.7972 11.5875 -.25 1.8672
4 0 11.1575 -.25 1.8722 11.1475 -.25 1.8222 11.1675 -.25 1.8172 11.1775 -.25 1.8672
4 0 11.115 -.25 1.8722 11.095 -.25 1.8672 11.1 -.25 1.8372 11.115 -.25 1.8322
4 0 11.1375 -.25 1.8747 11.13 -.25 1.8272 11.1475 -.25 1.8222 11.1575 -.25 1.8722
4 0 11.1375 -.25 1.8747 11.115 -.25 1.8722 11.115 -.25 1.8322 11.13 -.25 1.8272
4 0 11.62 -.25 1.8772 11.61 -.25 1.7822 11.6075 -.25 1.6822 11.8 -.25 1.6022
4 0 11.5725 -.25 1.8797 11.56 -.25 1.8047 11.57 -.25 1.8022 11.58 -.25 1.8722
3 0 12.04 -.25 1.8872 12.01 -.25 2.0447 12.02 -.25 1.8647
4 0 11.5675 -.25 1.8872 11.55 -.25 1.8072 11.56 -.25 1.8047 11.5725 -.25 1.8797
3 0 12.3675 -.25 1.8897 12.295 -.25 2.0422 12.3475 -.25 1.8697
4 0 11.565 -.25 1.8997 11.54 -.25 1.8047 11.55 -.25 1.8072 11.5675 -.25 1.8872
3 0 11.565 -.25 1.8997 11.415 -.25 1.9522 11.415 -.25 1.9447
3 0 11.565 -.25 1.8997 11.465 -.25 1.9947 11.455 -.25 1.9947
3 0 11.565 -.25 1.8997 11.4725 -.25 2 11.465 -.25 1.9947
4 0 12.1075 -.25 1.9272 12.09 -.25 1.9022 12.075 -.25 1.8797 12.14 -.25 1.7647
3 0 12.0925 -.25 1.9447 12.01 -.25 2.0447 12.0775 -.25 1.9297
4 0 11.415 -.25 1.9447 11.4 -.25 1.8147 11.54 -.25 1.8047 11.565 -.25 1.8997
4 0 11.415 -.25 1.9447 11.405 -.25 1.9422 11.385 -.25 1.8372 11.4 -.25 1.8147
4 0 11.395 -.25 1.9472 11.37 -.25 1.8522 11.385 -.25 1.8372 11.405 -.25 1.9422
4 0 11.3825 -.25 1.9522 11.3575 -.25 1.8647 11.37 -.25 1.8522 11.395 -.25 1.9472
3 0 12.105 -.25 1.9547 12.01 -.25 2.0447 12.0925 -.25 1.9447
4 0 11.62 -.25 1.9547 11.61 -.25 1.9547 11.6025 -.25 1.8897 11.61 -.25 1.8847
4 0 11.6275 -.25 1.9572 11.62 -.25 1.9547 11.61 -.25 1.8847 11.615 -.25 1.8822
4 0 11.6025 -.25 1.9597 11.595 -.25 1.8922 11.6025 -.25 1.8897 11.61 -.25 1.9547
4 0 11.3625 -.25 1.9622 11.3375 -.25 1.8772 11.3575 -.25 1.8647 11.3825 -.25 1.9522
4 0 11.635 -.25 1.9672 11.6275 -.25 1.9572 11.615 -.25 1.8822 11.62 -.25 1.8772
4 0 11.595 -.25 1.9672 11.585 -.25 1.8947 11.595 -.25 1.8922 11.6025 -.25 1.9597
4 0 11.59 -.25 1.9722 11.575 -.25 1.8972 11.585 -.25 1.8947 11.595 -.25 1.9672
4 0 11.335 -.25 1.9747 11.3075 -.25 1.8922 11.3375 -.25 1.8772 11.3625 -.25 1.9622
4 0 11.5875 -.25 1.9872 11.565 -.25 1.8997 11.575 -.25 1.8972 11.59 -.25 1.9722
4 0 11.3125 -.25 1.9872 11.2825 -.25 1.9072 11.3075 -.25 1.8922 11.335 -.25 1.9747
4 0 11.455 -.25 1.9947 11.4125 -.25 1.9597 11.415 -.25 1.9522 11.565 -.25 1.8997
3 0 11.455 -.25 1.9947 11.4325 -.25 2.0022 11.4125 -.25 1.9597
4 0 11.2875 -.25 1.9972 11.2625 -.25 1.9197 11.2825 -.25 1.9072 11.3125 -.25 1.9872
3 0 13.145 -.25 2 13.05 -.25 2.2022 13.1225 -.25 2.0222
4 0 11.265 -.25 2.0047 11.245 -.25 1.9372 11.2625 -.25 1.9197 11.2875 -.25 1.9972
4 0 13.3025 -.25 2.0072 13.285 -.25 2.0022 13.335 -.25 1.9397 13.3575 -.25 1.9472
4 0 13.2675 -.25 2.0072 13.3075 -.25 1.9347 13.335 -.25 1.9397 13.285 -.25 2.0022
4 0 13.2675 -.25 2.0072 13.25 -.25 1.9422 13.28 -.25 1.9372 13.3075 -.25 1.9347
4 0 13.2675 -.25 2.0072 13.1825 -.25 1.9722 13.215 -.25 1.9547 13.25 -.25 1.9422
4 0 11.4725 -.25 2.0072 11.4725 -.25 2 11.565 -.25 1.8997 11.5875 -.25 1.9872
4 0 11.4125 -.25 2.0097 11.4025 -.25 1.9697 11.4125 -.25 1.9597 11.4325 -.25 2.0022
4 0 11.245 -.25 2.0122 11.2275 -.25 1.9572 11.245 -.25 1.9372 11.265 -.25 2.0047
4 0 13.3175 -.25 2.0147 13.3025 -.25 2.0072 13.3575 -.25 1.9472 13.385 -.25 1.9622
4 0 13.26 -.25 2.0147 13.145 -.25 2 13.1825 -.25 1.9722 13.2675 -.25 2.0072
3 0 13.26 -.25 2.0147 13.26 -.25 2.0247 13.145 -.25 2
4 0 11.3975 -.25 2.0172 11.3925 -.25 1.9797 11.4025 -.25 1.9697 11.4125 -.25 2.0097
4 0 13.325 -.25 2.0197 13.3175 -.25 2.0147 13.385 -.25 1.9622 13.4075 -.25 1.9797
4 0 11.2325 -.25 2.0197 11.215 -.25 1.9747 11.2275 -.25 1.9572 11.245 -.25 2.0122
4 0 13.33 -.25 2.0247 13.325 -.25 2.0197 13.4075 -.25 1.9797 13.4225 -.25 2
3 0 13.33 -.25 2.0247 13.415 -.25 2.1247 13.3275 -.25 2.0347
3 0 13.26 -.25 2.0247 13.27 -.25 2.0322 13.145 -.25 2
3 0 12.48 -.25 2.0272 12.52 -.25 2.0672 12.295 -.25 2.0422
4 0 11.6475 -.25 2.0272 11.635 -.25 2.0272 11.6225 -.25 1.9747 11.63 -.25 1.9722
4 0 11.3825 -.25 2.0272 11.38 -.25 1.9897 11.3925 -.25 1.9797 11.3975 -.25 2.0172
3 0 13.27 -.25 2.0322 13.415 -.25 2.1247 13.145 -.25 2
4 0 11.6275 -.25 2.0322 11.6125 -.25 1.9797 11.6225 -.25 1.9747 11.635 -.25 2.0272
4 0 11.22 -.25 2.0322 11.2025 -.25 1.9922 11.215 -.25 1.9747 11.2325 -.25 2.0197
3 0 13.3275 -.25 2.0347 13.415 -.25 2.1247 13.32 -.25 2.0347
3 0 13.32 -.25 2.0347 13.415 -.25 2.1247 13.3075 -.25 2.0347
3 0 13.3075 -.25 2.0347 13.415 -.25 2.1247 13.29 -.25 2.0347
3 0 13.29 -.25 2.0347 13.415 -.25 2.1247 13.27 -.25 2.0322
4 0 11.6575 -.25 2.0347 11.635 -.25 1.9672 11.62 -.25 1.8772 11.8 -.25 1.6022
4 0 11.6575 -.25 2.0347 11.6475 -.25 2.0272 11.63 -.25 1.9722 11.635 -.25 1.9672
4 0 11.37 -.25 2.0347 11.3675 -.25 2 11.38 -.25 1.9897 11.3825 -.25 2.0272
4 0 11.62 -.25 2.0372 11.605 -.25 1.9822 11.6125 -.25 1.9797 11.6275 -.25 2.0322
4 0 11.355 -.25 2.0397 11.3575 -.25 2.0072 11.3675 -.25 2 11.37 -.25 2.0347
4 0 11.355 -.25 2.0397 11.34 -.25 2.0397 11.345 -.25 2.0147 11.3575 -.25 2.0072
4 0 11.34 -.25 2.0397 11.3325 -.25 2.0322 11.335 -.25 2.0222 11.345 -.25 2.0147
4 0 12.295 -.25 2.0422 12.14 -.25 1.7647 12.2575 -.25 1.7647 12.3025 -.25 1.8197
4 0 12.295 -.25 2.0422 12.3675 -.25 1.8897 12.3975 -.25 1.9147 12.4275 -.25 1.9497
4 0 12.295 -.25 2.0422 12.4275 -.25 1.9497 12.4575 -.25 1.9922 12.48 -.25 2.0272
4 0 12.295 -.25 2.0422 12.1175 -.25 1.9572 12.1175 -.25 1.9472 12.14 -.25 1.7647
3 0 12.295 -.25 2.0422 12.355 -.25 2.1397 12.325 -.25 2.1397
3 0 12.295 -.25 2.0422 12.3825 -.25 2.1422 12.355 -.25 2.1397
3 0 12.295 -.25 2.0422 12.405 -.25 2.1472 12.3825 -.25 2.1422
3 0 12.295 -.25 2.0422 12.4325 -.25 2.1547 12.405 -.25 2.1472
4 0 12.01 -.25 2.0447 11.8 -.25 1.6022 11.94 -.25 1.7547 11.9575 -.25 1.7822
4 0 12.01 -.25 2.0447 12.04 -.25 1.8872 12.06 -.25 1.9097 12.0775 -.25 1.9297
4 0 12.01 -.25 2.0447 12.105 -.25 1.9547 12.1175 -.25 1.9572 12.295 -.25 2.0422
4 0 11.6125 -.25 2.0447 11.595 -.25 1.9847 11.605 -.25 1.9822 11.62 -.25 2.0372
4 0 11.21 -.25 2.0447 11.1925 -.25 2.0072 11.2025 -.25 1.9922 11.22 -.25 2.0322
3 0 13.4525 -.25 2.0497 13.5025 -.25 2.1247 13.415 -.25 2.1247
4 0 11.6075 -.25 2.0572 11.5875 -.25 1.9872 11.595 -.25 1.9847 11.6125 -.25 2.0447
3 0 11.6075 -.25 2.0572 11.4775 -.25 2.1347 11.4675 -.25 2.1297
3 0 11.6075 -.25 2.0572 11.4825 -.25 2.1397 11.4775 -.25 2.1347
4 0 11.1975 -.25 2.0597 11.185 -.25 2.0222 11.1925 -.25 2.0072 11.21 -.25 2.0447
3 0 12.52 -.25 2.0672 12.55 -.25 2.0922 12.295 -.25 2.0422
4 0 11.185 -.25 2.0697 11.1775 -.25 2.0372 11.185 -.25 2.0222 11.1975 -.25 2.0597
4 0 11.175 -.25 2.0772 11.17 -.25 2.0447 11.1775 -.25 2.0372 11.185 -.25 2.0697
4 0 11.16 -.25 2.0797 11.1625 -.25 2.0522 11.17 -.25 2.0447 11.175 -.25 2.0772
4 0 11.16 -.25 2.0797 11.145 -.25 2.0697 11.1525 -.25 2.0597 11.1625 -.25 2.0522
3 0 12.55 -.25 2.0922 12.47 -.25 2.1722 12.4525 -.25 2.1622
3 0 12.55 -.25 2.0922 12.4825 -.25 2.1822 12.47 -.25 2.1722
4 0 11.6675 -.25 2.1147 11.6575 -.25 2.1147 11.64 -.25 2.0522 11.65 -.25 2.0472
4 0 11.65 -.25 2.1197 11.63 -.25 2.0547 11.64 -.25 2.0522 11.6575 -.25 2.1147
4 0 11.68 -.25 2.1222 11.6575 -.25 2.0422 11.6575 -.25 2.0347 11.8 -.25 1.6022
4 0 11.68 -.25 2.1222 11.6675 -.25 2.1147 11.65 -.25 2.0472 11.6575 -.25 2.0422
4 0 11.435 -.25 2.1222 11.41 -.25 2.1222 11.4125 -.25 2.0522 11.4325 -.25 2.0422
3 0 13.5025 -.25 2.1247 13.4875 -.25 2.1822 13.4725 -.25 2.1697
3 0 13.5025 -.25 2.1247 13.5025 -.25 2.2072 13.4875 -.25 2.1822
4 0 13.415 -.25 2.1247 13.33 -.25 2.0247 13.4225 -.25 2 13.4525 -.25 2.0497
4 0 11.645 -.25 2.1247 11.62 -.25 2.0572 11.63 -.25 2.0547 11.65 -.25 2.1197
4 0 11.3925 -.25 2.1247 11.39 -.25 2.0572 11.4125 -.25 2.0522 11.41 -.25 2.1222
4 0 11.455 -.25 2.1272 11.435 -.25 2.1222 11.4325 -.25 2.0422 11.45 -.25 2.0297
4 0 11.4675 -.25 2.1297 11.4725 -.25 2.0072 11.5875 -.25 1.9872 11.6075 -.25 2.0572
4 0 11.4675 -.25 2.1297 11.455 -.25 2.1272 11.45 -.25 2.0297 11.4725 -.25 2.0072
4 0 11.3775 -.25 2.1297 11.3675 -.25 2.0622 11.39 -.25 2.0572 11.3925 -.25 2.1247
4 0 11.365 -.25 2.1347 11.3325 -.25 2.0722 11.3675 -.25 2.0622 11.3775 -.25 2.1297
4 0 11.64 -.25 2.1372 11.6075 -.25 2.0572 11.62 -.25 2.0572 11.645 -.25 2.1247
3 0 12.325 -.25 2.1397 12.3 -.25 2.1422 12.295 -.25 2.0422
3 0 12.3 -.25 2.1422 12.275 -.25 2.1472 12.295 -.25 2.0422
3 0 12.275 -.25 2.1472 12.2525 -.25 2.1547 12.295 -.25 2.0422
4 0 11.345 -.25 2.1472 11.3175 -.25 2.0797 11.3325 -.25 2.0722 11.365 -.25 2.1347
3 0 12.2525 -.25 2.1547 12.23 -.25 2.1647 12.295 -.25 2.0422
4 0 11.325 -.25 2.1572 11.2975 -.25 2.0922 11.3175 -.25 2.0797 11.345 -.25 2.1472
4 0 12.4525 -.25 2.1622 12.4325 -.25 2.1547 12.295 -.25 2.0422 12.55 -.25 2.0922
3 0 13.4575 -.25 2.1672 13.455 -.25 2.1822 13.415 -.25 2.1247
4 0 11.3075 -.25 2.1672 11.285 -.25 2.1047 11.2975 -.25 2.0922 11.325 -.25 2.1572
4 0 13.4725 -.25 2.1697 13.4575 -.25 2.1672 13.415 -.25 2.1247 13.5025 -.25 2.1247
4 0 12.2125 -.25 2.1747 12.01 -.25 2.0447 12.295 -.25 2.0422 12.23 -.25 2.1647
3 0 12.2125 -.25 2.1747 12.1975 -.25 2.1872 12.01 -.25 2.0447
4 0 11.29 -.25 2.1747 11.2675 -.25 2.1172 11.285 -.25 2.1047 11.3075 -.25 2.1672
3 0 12.4825 -.25 2.1822 12.6125 -.25 2.2322 12.4875 -.25 2.1947
4 0 11.27 -.25 2.1822 11.2575 -.25 2.1247 11.2675 -.25 2.1172 11.29 -.25 2.1747
4 0 11.1825 -.25 2.1822 11.1725 -.25 2.1747 11.1775 -.25 2.1622 11.185 -.25 2.1572
3 0 12.1975 -.25 2.1872 12.185 -.25 2.1997 12.01 -.25 2.0447
4 0 11.2475 -.25 2.1872 11.245 -.25 2.1347 11.2575 -.25 2.1247 11.27 -.25 2.1822
4 0 11.1925 -.25 2.1872 11.1825 -.25 2.1822 11.185 -.25 2.1572 11.2 -.25 2.1522
4 0 11.23 -.25 2.1897 11.23 -.25 2.1422 11.245 -.25 2.1347 11.2475 -.25 2.1872
4 0 11.23 -.25 2.1897 11.2075 -.25 2.1897 11.215 -.25 2.1472 11.23 -.25 2.1422
4 0 11.2075 -.25 2.1897 11.1925 -.25 2.1872 11.2 -.25 2.1522 11.215 -.25 2.1472
3 0 12.4875 -.25 2.1947 12.6125 -.25 2.2322 12.4825 -.25 2.2047
3 0 12.265 -.25 2.1947 12.35 -.25 2.4022 12.2425 -.25 2.2022
4 0 11.6975 -.25 2.1947 11.6875 -.25 2.1947 11.665 -.25 2.1322 11.6725 -.25 2.1297
3 0 12.445 -.25 2.1997 12.35 -.25 2.4022 12.43 -.25 2.1947
3 0 12.185 -.25 2.1997 12.1775 -.25 2.2097 12.01 -.25 2.0447
4 0 11.68 -.25 2.1997 11.6575 -.25 2.1347 11.665 -.25 2.1322 11.6875 -.25 2.1947
4 0 13.05 -.25 2.2022 13.07 -.25 2.0772 13.095 -.25 2.0497 13.1225 -.25 2.0222
4 0 13.05 -.25 2.2022 12.965 -.25 2.1447 13.0175 -.25 2.1097 13.07 -.25 2.0772
3 0 13.05 -.25 2.2022 12.81 -.25 2.2522 12.8675 -.25 2.2122
3 0 13.05 -.25 2.2022 13.185 -.25 2.2622 13.1775 -.25 2.2622
3 0 13.05 -.25 2.2022 12.8275 -.25 2.3747 12.8125 -.25 2.3622
3 0 13.05 -.25 2.2022 12.8475 -.25 2.3947 12.8275 -.25 2.3747
3 0 13.05 -.25 2.2022 12.865 -.25 2.4197 12.8475 -.25 2.3947
3 0 13.05 -.25 2.2022 12.8825 -.25 2.4497 12.865 -.25 2.4197
3 0 13.05 -.25 2.2022 12.8975 -.25 2.4772 12.8825 -.25 2.4497
3 0 13.05 -.25 2.2022 12.9075 -.25 2.4997 12.8975 -.25 2.4772
3 0 13.05 -.25 2.2022 12.93 -.25 2.5497 12.925 -.25 2.5372
3 0 13.05 -.25 2.2022 12.93 -.25 2.5622 12.93 -.25 2.5497
4 0 11.705 -.25 2.2022 11.6975 -.25 2.1947 11.6725 -.25 2.1297 11.68 -.25 2.1222
4 0 11.675 -.25 2.2047 11.65 -.25 2.1372 11.6575 -.25 2.1347 11.68 -.25 2.1997
4 0 10.2175 -.25 2.2072 10.22 -.25 2.1947 10.2325 -.25 2.1922 10.255 -.25 2.2022
3 0 11.6075 -.25 2.2097 11.5925 -.25 2.2122 11.64 -.25 2.1372
4 0 12.8675 -.25 2.2122 12.91 -.25 2.1822 12.965 -.25 2.1447 13.05 -.25 2.2022
3 0 12.21 -.25 2.2122 12.35 -.25 2.4022 12.195 -.25 2.2172
4 0 11.6725 -.25 2.2147 11.64 -.25 2.1372 11.65 -.25 2.1372 11.675 -.25 2.2047
3 0 11.6725 -.25 2.2147 11.6225 -.25 2.2222 11.62 -.25 2.2147
3 0 11.6725 -.25 2.2147 11.62 -.25 2.2297 11.6225 -.25 2.2222
4 0 11.62 -.25 2.2147 11.6075 -.25 2.2097 11.64 -.25 2.1372 11.6725 -.25 2.2147
3 0 12.195 -.25 2.2172 12.35 -.25 2.4022 12.185 -.25 2.2197
4 0 13.3575 -.25 2.2247 13.05 -.25 2.2022 13.145 -.25 2 13.415 -.25 2.1247
3 0 13.3575 -.25 2.2247 13.3475 -.25 2.2472 13.325 -.25 2.2472
3 0 13.3575 -.25 2.2247 13.36 -.25 2.2572 13.3475 -.25 2.2472
4 0 10.2925 -.25 2.2272 10.235 -.25 2.2247 10.2175 -.25 2.2072 10.255 -.25 2.2022
4 0 11.5525 -.25 2.2297 11.64 -.25 2.1372 11.5925 -.25 2.2122 11.57 -.25 2.2222
4 0 12.6125 -.25 2.2322 12.575 -.25 2.1022 12.6125 -.25 2.1147 12.6575 -.25 2.1372
4 0 12.6125 -.25 2.2322 12.6575 -.25 2.1372 12.705 -.25 2.1672 12.7425 -.25 2.1947
4 0 12.6125 -.25 2.2322 12.4825 -.25 2.1822 12.55 -.25 2.0922 12.575 -.25 2.1022
3 0 13.4775 -.25 2.2347 13.46 -.25 2.3422 13.46 -.25 2.2047
4 0 11.5375 -.25 2.2347 11.6075 -.25 2.0572 11.64 -.25 2.1372 11.5525 -.25 2.2297
4 0 11.5375 -.25 2.2347 11.4825 -.25 2.1447 11.4825 -.25 2.1397 11.6075 -.25 2.0572
3 0 11.5375 -.25 2.2347 11.5075 -.25 2.2422 11.4825 -.25 2.1447
4 0 11.3725 -.25 2.2347 11.35 -.25 2.2347 11.3575 -.25 2.1697 11.3775 -.25 2.1622
4 0 11.395 -.25 2.2372 11.3725 -.25 2.2347 11.3775 -.25 2.1622 11.4025 -.25 2.1572
4 0 11.3375 -.25 2.2372 11.3375 -.25 2.1822 11.3575 -.25 2.1697 11.35 -.25 2.2347
4 0 11.5075 -.25 2.2422 11.4825 -.25 2.2422 11.4675 -.25 2.1497 11.4825 -.25 2.1447
4 0 11.4825 -.25 2.2422 11.445 -.25 2.2422 11.4275 -.25 2.1522 11.4675 -.25 2.1497
4 0 11.445 -.25 2.2422 11.395 -.25 2.2372 11.4025 -.25 2.1572 11.4275 -.25 2.1522
4 0 11.3125 -.25 2.2472 11.3175 -.25 2.1997 11.3375 -.25 2.1822 11.3375 -.25 2.2372
4 0 13.305 -.25 2.2497 13.05 -.25 2.2022 13.3575 -.25 2.2247 13.325 -.25 2.2472
3 0 13.305 -.25 2.2497 13.29 -.25 2.2547 13.05 -.25 2.2022
4 0 12.81 -.25 2.2522 12.6125 -.25 2.2322 12.7425 -.25 2.1947 12.7775 -.25 2.2222
4 0 10.3275 -.25 2.2522 10.248 -.25 2.2412 10.235 -.25 2.2247 10.2925 -.25 2.2272
4 0 11.2925 -.25 2.2547 11.2975 -.25 2.2172 11.3175 -.25 2.1997 11.3125 -.25 2.2472
4 0 11.2825 -.25 2.2597 11.285 -.25 2.2272 11.2975 -.25 2.2172 11.2925 -.25 2.2547
4 0 13.2775 -.25 2.2622 13.185 -.25 2.2622 13.05 -.25 2.2022 13.29 -.25 2.2547
3 0 13.1775 -.25 2.2622 13.165 -.25 2.2697 13.05 -.25 2.2022
4 0 13.585 -.25 2.2647 13.5225 -.25 2.2397 13.5025 -.25 2.2072 13.5025 -.25 2.1247
3 0 13.585 -.25 2.2647 13.57 -.25 2.3247 13.5575 -.25 2.3022
3 0 13.585 -.25 2.2647 13.5725 -.25 2.3372 13.57 -.25 2.3247
3 0 13.4975 -.25 2.2647 13.46 -.25 2.3422 13.4775 -.25 2.2347
4 0 11.2675 -.25 2.2672 11.2725 -.25 2.2372 11.285 -.25 2.2272 11.2825 -.25 2.2597
3 0 13.165 -.25 2.2697 13.155 -.25 2.2772 13.05 -.25 2.2022
4 0 11.7325 -.25 2.2722 11.705 -.25 2.2022 11.68 -.25 2.1222 11.8 -.25 1.6022
4 0 11.7325 -.25 2.2722 11.7225 -.25 2.2697 11.7 -.25 2.2072 11.705 -.25 2.2022
4 0 11.2575 -.25 2.2722 11.2625 -.25 2.2472 11.2725 -.25 2.2372 11.2675 -.25 2.2672
4 0 11.715 -.25 2.2747 11.6925 -.25 2.2122 11.7 -.25 2.2072 11.7225 -.25 2.2697
4 0 11.2475 -.25 2.2747 11.2525 -.25 2.2547 11.2625 -.25 2.2472 11.2575 -.25 2.2722
4 0 11.2475 -.25 2.2747 11.24 -.25 2.2722 11.2425 -.25 2.2597 11.2525 -.25 2.2547
3 0 13.155 -.25 2.2772 13.1425 -.25 2.2897 13.05 -.25 2.2022
3 0 11.7375 -.25 2.2772 11.8 -.25 2.4022 11.735 -.25 2.2822
4 0 11.71 -.25 2.2797 11.6825 -.25 2.2147 11.6925 -.25 2.2122 11.715 -.25 2.2747
3 0 11.735 -.25 2.2822 11.8 -.25 2.4022 11.7275 -.25 2.2872
4 0 10.3625 -.25 2.2822 10.275 -.25 2.2622 10.248 -.25 2.2412 10.3275 -.25 2.2522
3 0 13.1825 -.25 2.2847 13.23 -.25 2.3347 13.1775 -.25 2.2947
4 0 13.2575 -.25 2.2872 13.185 -.25 2.2697 13.185 -.25 2.2622 13.2775 -.25 2.2622
3 0 11.7275 -.25 2.2872 11.8 -.25 2.4022 11.72 -.25 2.2922
4 0 13.535 -.25 2.3197 13.46 -.25 2.3422 13.4975 -.25 2.2647 13.515 -.25 2.2897
3 0 13.1425 -.25 2.2897 13.13 -.25 2.3022 13.05 -.25 2.2022
4 0 11.7075 -.25 2.2922 11.6725 -.25 2.2147 11.6825 -.25 2.2147 11.71 -.25 2.2797
3 0 13.1775 -.25 2.2947 13.23 -.25 2.3347 13.17 -.25 2.3072
4 0 13.5575 -.25 2.3022 13.54 -.25 2.2722 13.5225 -.25 2.2397 13.585 -.25 2.2647
3 0 13.13 -.25 2.3022 13.12 -.25 2.3172 13.05 -.25 2.2022
3 0 13.17 -.25 2.3072 13.23 -.25 2.3347 13.16 -.25 2.3222
4 0 10.32 -.25 2.3122 10.275 -.25 2.2622 10.3625 -.25 2.2822 10.39 -.25 2.3047
4 0 13.3925 -.25 2.3197 13.3725 -.25 2.2847 13.36 -.25 2.2572 13.3575 -.25 2.2247
3 0 13.5475 -.25 2.3347 13.46 -.25 2.3422 13.535 -.25 2.3197
4 0 13.23 -.25 2.3347 13.1825 -.25 2.2847 13.185 -.25 2.2697 13.2575 -.25 2.2872
3 0 13.5725 -.25 2.3372 13.6075 -.25 2.3997 13.57 -.25 2.3472
3 0 13.15 -.25 2.3372 13.185 -.25 2.3972 13.1375 -.25 2.3522
4 0 13.46 -.25 2.3422 13.415 -.25 2.1247 13.455 -.25 2.1822 13.46 -.25 2.2047
4 0 13.46 -.25 2.3422 13.3925 -.25 2.3197 13.3575 -.25 2.2247 13.415 -.25 2.1247
4 0 10.3425 -.25 2.3422 10.32 -.25 2.3122 10.39 -.25 2.3047 10.4125 -.25 2.3272
3 0 13.57 -.25 2.3472 13.6075 -.25 2.3997 13.56 -.25 2.3447
4 0 13.1025 -.25 2.3497 13.05 -.25 2.2022 13.12 -.25 2.3172 13.1125 -.25 2.3322
4 0 11.6275 -.25 2.3497 11.6125 -.25 2.2347 11.62 -.25 2.2297 11.6725 -.25 2.2147
4 0 11.6275 -.25 2.3497 11.6175 -.25 2.3497 11.6025 -.25 2.2397 11.6125 -.25 2.2347
3 0 13.1375 -.25 2.3522 13.185 -.25 2.3972 13.125 -.25 2.3647
4 0 11.6075 -.25 2.3522 11.5825 -.25 2.2472 11.6025 -.25 2.2397 11.6175 -.25 2.3497
4 0 11.63 -.25 2.3547 11.6275 -.25 2.3497 11.6725 -.25 2.2147 11.7075 -.25 2.2922
3 0 11.63 -.25 2.3547 11.8 -.25 2.4022 11.625 -.25 2.3622
4 0 11.59 -.25 2.3572 11.5625 -.25 2.2547 11.5825 -.25 2.2472 11.6075 -.25 2.3522
4 0 12.79 -.25 2.3597 12.6125 -.25 2.2322 12.81 -.25 2.2522 12.795 -.25 2.3572
3 0 12.79 -.25 2.3597 12.79 -.25 2.3647 12.6125 -.25 2.2322
4 0 12.8125 -.25 2.3622 12.795 -.25 2.3572 12.81 -.25 2.2522 13.05 -.25 2.2022
3 0 13.125 -.25 2.3647 13.185 -.25 2.3972 13.115 -.25 2.3722
3 0 12.79 -.25 2.3647 12.8 -.25 2.3797 12.6125 -.25 2.2322
4 0 11.565 -.25 2.3647 11.525 -.25 2.2722 11.5625 -.25 2.2547 11.59 -.25 2.3572
3 0 13.105 -.25 2.3697 13.035 -.25 2.4722 13.1 -.25 2.3622
3 0 13.115 -.25 2.3722 13.035 -.25 2.4722 13.105 -.25 2.3697
4 0 11.535 -.25 2.3722 11.5 -.25 2.2797 11.525 -.25 2.2722 11.565 -.25 2.3647
4 0 11.5 -.25 2.3797 11.4725 -.25 2.2872 11.5 -.25 2.2797 11.535 -.25 2.3722
4 0 10.37 -.25 2.3822 10.3425 -.25 2.3422 10.4125 -.25 2.3272 10.4375 -.25 2.3572
4 0 10.1825 -.25 2.3822 10.15 -.25 2.3797 10.1575 -.25 2.3697 10.1725 -.25 2.3697
4 0 11.4575 -.25 2.3897 11.4275 -.25 2.3022 11.4725 -.25 2.2872 11.5 -.25 2.3797
4 0 11.1475 -.25 2.3947 11.1225 -.25 2.3922 11.125 -.25 2.3822 11.1375 -.25 2.3847
4 0 13.185 -.25 2.3972 13.15 -.25 2.3372 13.16 -.25 2.3222 13.23 -.25 2.3347
3 0 11.5525 -.25 2.3972 11.555 -.25 2.4697 11.545 -.25 2.4672
4 0 13.6075 -.25 2.3997 13.46 -.25 2.3422 13.5475 -.25 2.3347 13.56 -.25 2.3447
4 0 12.35 -.25 2.4022 12.35 -.25 2.1847 12.375 -.25 2.1847 12.3975 -.25 2.1872
4 0 12.35 -.25 2.4022 12.3975 -.25 2.1872 12.415 -.25 2.1897 12.43 -.25 2.1947
4 0 12.35 -.25 2.4022 12.305 -.25 2.1872 12.325 -.25 2.1847 12.35 -.25 2.1847
4 0 12.35 -.25 2.4022 12.265 -.25 2.1947 12.2875 -.25 2.1897 12.305 -.25 2.1872
4 0 12.35 -.25 2.4022 12.445 -.25 2.1997 12.46 -.25 2.2022 12.47 -.25 2.2047
4 0 12.35 -.25 2.4022 12.47 -.25 2.2047 12.4825 -.25 2.2047 12.6125 -.25 2.2322
4 0 12.35 -.25 2.4022 12.21 -.25 2.2122 12.225 -.25 2.2072 12.2425 -.25 2.2022
3 0 12.35 -.25 2.4022 12.85 -.25 2.9022 11.8 -.25 2.4022
4 0 11.8 -.25 2.4022 12.01 -.25 2.0447 12.1775 -.25 2.2097 12.175 -.25 2.2172
4 0 11.8 -.25 2.4022 12.175 -.25 2.2172 12.185 -.25 2.2197 12.35 -.25 2.4022
4 0 11.8 -.25 2.4022 11.7375 -.25 2.2772 11.8 -.25 1.6022 12.01 -.25 2.0447
4 0 11.8 -.25 2.4022 11.63 -.25 2.3547 11.7075 -.25 2.2922 11.72 -.25 2.2922
3 0 11.8 -.25 2.4022 11.745 -.25 2.4822 11.735 -.25 2.4797
3 0 11.8 -.25 2.4022 11.75 -.25 2.4897 11.745 -.25 2.4822
3 0 11.8 -.25 2.4022 11.7575 -.25 2.5147 11.75 -.25 2.4897
3 0 11.8 -.25 2.4022 11.765 -.25 2.5822 11.7575 -.25 2.5147
3 0 11.8 -.25 2.4022 11.885 -.25 2.6947 11.8725 -.25 2.6822
3 0 11.8 -.25 2.4022 12.15 -.25 2.9772 11.885 -.25 2.6947
4 0 11.4275 -.25 2.4022 11.4 -.25 2.3197 11.4275 -.25 2.3022 11.4575 -.25 2.3897
4 0 11.125 -.25 2.4047 11.1225 -.25 2.3922 11.1475 -.25 2.3947 11.1625 -.25 2.4022
4 0 10.2025 -.25 2.4072 10.15 -.25 2.4022 10.15 -.25 2.3797 10.1825 -.25 2.3822
4 0 13.46 -.25 2.4097 13.415 -.25 2.3522 13.3925 -.25 2.3197 13.46 -.25 2.3422
4 0 11.395 -.25 2.4172 11.3725 -.25 2.3472 11.4 -.25 2.3197 11.4275 -.25 2.4022
4 0 11.145 -.25 2.4222 11.125 -.25 2.4047 11.1625 -.25 2.4022 11.18 -.25 2.4122
4 0 12.835 -.25 2.4297 12.6125 -.25 2.2322 12.8 -.25 2.3797 12.815 -.25 2.3997
4 0 11.36 -.25 2.4322 11.3475 -.25 2.3697 11.3725 -.25 2.3472 11.395 -.25 2.4172
4 0 10.2175 -.25 2.4322 10.15 -.25 2.4222 10.15 -.25 2.4022 10.2025 -.25 2.4072
4 0 11.165 -.25 2.4347 11.145 -.25 2.4222 11.18 -.25 2.4122 11.195 -.25 2.4197
4 0 11.3325 -.25 2.4447 11.3275 -.25 2.3922 11.3475 -.25 2.3697 11.36 -.25 2.4322
4 0 11.185 -.25 2.4447 11.165 -.25 2.4347 11.195 -.25 2.4197 11.2125 -.25 2.4222
4 0 10.4025 -.25 2.4447 10.37 -.25 2.3822 10.4375 -.25 2.3572 10.4775 -.25 2.4122
4 0 11.305 -.25 2.4522 11.3025 -.25 2.4122 11.3275 -.25 2.3922 11.3325 -.25 2.4447
4 0 11.2125 -.25 2.4522 11.185 -.25 2.4447 11.2125 -.25 2.4222 11.23 -.25 2.4247
4 0 13.685 -.25 2.4547 13.6075 -.25 2.3997 13.5725 -.25 2.3372 13.585 -.25 2.2647
4 0 11.2675 -.25 2.4547 11.2725 -.25 2.4222 11.3025 -.25 2.4122 11.305 -.25 2.4522
4 0 11.2675 -.25 2.4547 11.2375 -.25 2.4547 11.255 -.25 2.4247 11.2725 -.25 2.4222
4 0 11.2375 -.25 2.4547 11.2125 -.25 2.4522 11.23 -.25 2.4247 11.255 -.25 2.4247
3 0 13.3975 -.25 2.4647 13.455 -.25 2.5372 13.3625 -.25 2.4672
4 0 11.53 -.25 2.4697 11.5325 -.25 2.4022 11.5525 -.25 2.3972 11.545 -.25 2.4672
4 0 13.11 -.25 2.4722 13.115 -.25 2.3722 13.185 -.25 2.3972 13.15 -.25 2.4347
4 0 13.035 -.25 2.4722 13.05 -.25 2.2022 13.1025 -.25 2.3497 13.1 -.25 2.3622
4 0 11.5125 -.25 2.4722 11.505 -.25 2.4122 11.5325 -.25 2.4022 11.53 -.25 2.4697
4 0 11.49 -.25 2.4772 11.48 -.25 2.4247 11.505 -.25 2.4122 11.5125 -.25 2.4722
4 0 10.245 -.25 2.4772 10.16 -.25 2.4622 10.15 -.25 2.4222 10.2175 -.25 2.4322
4 0 11.7225 -.25 2.4822 11.625 -.25 2.3622 11.8 -.25 2.4022 11.735 -.25 2.4797
4 0 11.4675 -.25 2.4872 11.4575 -.25 2.4422 11.48 -.25 2.4247 11.49 -.25 2.4772
4 0 11.45 -.25 2.4972 11.4375 -.25 2.4597 11.4575 -.25 2.4422 11.4675 -.25 2.4872
4 0 11.6925 -.25 2.4997 11.61 -.25 2.3722 11.625 -.25 2.3622 11.7225 -.25 2.4822
4 0 13.075 -.25 2.5022 13.035 -.25 2.4722 13.115 -.25 2.3722 13.11 -.25 2.4722
4 0 10.43 -.25 2.5022 10.4025 -.25 2.4447 10.4775 -.25 2.4122 10.5175 -.25 2.4772
4 0 13.545 -.25 2.5047 13.4925 -.25 2.4472 13.46 -.25 2.4097 13.46 -.25 2.3422
3 0 13.545 -.25 2.5047 13.7 -.25 2.6022 13.575 -.25 2.5422
4 0 11.435 -.25 2.5072 11.42 -.25 2.4747 11.4375 -.25 2.4597 11.45 -.25 2.4972
4 0 11.42 -.25 2.5172 11.4075 -.25 2.4847 11.42 -.25 2.4747 11.435 -.25 2.5072
4 0 11.6625 -.25 2.5222 11.5925 -.25 2.3822 11.61 -.25 2.3722 11.6925 -.25 2.4997
3 0 12.8975 -.25 2.5247 12.925 -.25 2.6272 12.885 -.25 2.5047
4 0 11.4075 -.25 2.5272 11.3925 -.25 2.4972 11.4075 -.25 2.4847 11.42 -.25 2.5172
4 0 11.64 -.25 2.5297 11.5725 -.25 2.3897 11.5925 -.25 2.3822 11.6625 -.25 2.5222
4 0 10.2825 -.25 2.5297 10.18 -.25 2.5122 10.16 -.25 2.4622 10.245 -.25 2.4772
4 0 13.4625 -.25 2.5322 13.4275 -.25 2.4647 13.4525 -.25 2.4697 13.4725 -.25 2.4797
4 0 13.4625 -.25 2.5322 13.4725 -.25 2.4797 13.49 -.25 2.4897 13.5075 -.25 2.5022
4 0 13.47 -.25 2.5347 13.4625 -.25 2.5322 13.5075 -.25 2.5022 13.5225 -.25 2.5172
4 0 13.0375 -.25 2.5347 13.035 -.25 2.4722 13.075 -.25 2.5022 13.0525 -.25 2.5222
4 0 11.605 -.25 2.5347 11.5525 -.25 2.3972 11.5725 -.25 2.3897 11.64 -.25 2.5297
4 0 11.605 -.25 2.5347 11.5575 -.25 2.4797 11.555 -.25 2.4697 11.5525 -.25 2.3972
4 0 13.455 -.25 2.5372 13.3975 -.25 2.4647 13.4275 -.25 2.4647 13.4625 -.25 2.5322
3 0 13.09 -.25 2.5372 13.4 -.25 2.6522 13.0575 -.25 2.5522
4 0 12.925 -.25 2.5372 12.9175 -.25 2.5222 12.9075 -.25 2.4997 13.05 -.25 2.2022
4 0 11.395 -.25 2.5372 11.3775 -.25 2.5122 11.3925 -.25 2.4972 11.4075 -.25 2.5272
3 0 12.9075 -.25 2.5397 12.925 -.25 2.6272 12.8975 -.25 2.5247
4 0 11.5775 -.25 2.5397 11.5525 -.25 2.4872 11.5575 -.25 2.4797 11.605 -.25 2.5347
3 0 13.575 -.25 2.5422 13.7 -.25 2.6022 13.605 -.25 2.5797
4 0 13.4775 -.25 2.5422 13.47 -.25 2.5347 13.5225 -.25 2.5172 13.535 -.25 2.5322
4 0 11.56 -.25 2.5472 11.5375 -.25 2.4922 11.5525 -.25 2.4872 11.5775 -.25 2.5397
4 0 11.38 -.25 2.5497 11.365 -.25 2.5247 11.3775 -.25 2.5122 11.395 -.25 2.5372
4 0 13.485 -.25 2.5522 13.4775 -.25 2.5422 13.535 -.25 2.5322 13.5475 -.25 2.5497
3 0 13.0275 -.25 2.5547 12.925 -.25 2.6272 13.0275 -.25 2.5447
4 0 11.37 -.25 2.5547 11.3625 -.25 2.5447 11.365 -.25 2.5247 11.38 -.25 2.5497
3 0 13.46 -.25 2.5572 13.4 -.25 2.6522 13.455 -.25 2.5472
3 0 13.045 -.25 2.5572 13.1 -.25 2.7022 13.035 -.25 2.5597
3 0 12.92 -.25 2.5572 12.925 -.25 2.6272 12.9075 -.25 2.5397
4 0 11.5375 -.25 2.5572 11.515 -.25 2.4972 11.5375 -.25 2.4922 11.56 -.25 2.5472
3 0 12.93 -.25 2.5622 12.925 -.25 2.6272 12.92 -.25 2.5572
4 0 13.56 -.25 2.5672 13.4925 -.25 2.5647 13.485 -.25 2.5522 13.5475 -.25 2.5497
3 0 13.4675 -.25 2.5672 13.4 -.25 2.6522 13.46 -.25 2.5572
4 0 11.515 -.25 2.5697 11.4875 -.25 2.5097 11.515 -.25 2.4972 11.5375 -.25 2.5572
4 0 10.45 -.25 2.5772 10.43 -.25 2.5022 10.5175 -.25 2.4772 10.5425 -.25 2.539
3 0 11.765 -.25 2.5822 11.8525 -.25 2.7022 11.7575 -.25 2.6672
4 0 11.4925 -.25 2.5822 11.47 -.25 2.5247 11.4875 -.25 2.5097 11.515 -.25 2.5697
4 0 10.33 -.25 2.5822 10.21 -.25 2.5597 10.18 -.25 2.5122 10.2825 -.25 2.5297
4 0 13.57 -.25 2.5872 13.4975 -.25 2.5747 13.4925 -.25 2.5647 13.56 -.25 2.5672
3 0 13.4875 -.25 2.5947 13.4 -.25 2.6522 13.48 -.25 2.5847
4 0 11.475 -.25 2.5972 11.4475 -.25 2.5447 11.47 -.25 2.5247 11.4925 -.25 2.5822
4 0 13.7 -.25 2.6022 13.6075 -.25 2.3997 13.685 -.25 2.4547 13.765 -.25 2.5847
4 0 13.7 -.25 2.6022 13.545 -.25 2.5047 13.46 -.25 2.3422 13.6075 -.25 2.3997
3 0 13.7 -.25 2.6022 13.62 -.25 2.6122 13.605 -.25 2.5797
3 0 13.7 -.25 2.6022 13.63 -.25 2.6497 13.62 -.25 2.6122
4 0 13.5825 -.25 2.6097 13.5 -.25 2.5847 13.4975 -.25 2.5747 13.57 -.25 2.5872
4 0 11.4525 -.25 2.6122 11.43 -.25 2.5697 11.4475 -.25 2.5447 11.475 -.25 2.5972
4 0 12.925 -.25 2.6272 12.6125 -.25 2.2322 12.835 -.25 2.4297 12.855 -.25 2.4572
4 0 12.925 -.25 2.6272 12.855 -.25 2.4572 12.87 -.25 2.4797 12.885 -.25 2.5047
4 0 12.925 -.25 2.6272 13.035 -.25 2.4722 13.0375 -.25 2.5347 13.0275 -.25 2.5447
4 0 12.925 -.25 2.6272 12.93 -.25 2.5622 13.05 -.25 2.2022 13.035 -.25 2.4722
3 0 13.75 -.25 2.6297 13.7475 -.25 2.6372 13.7 -.25 2.6022
4 0 13.7575 -.25 2.6322 13.75 -.25 2.6297 13.7 -.25 2.6022 13.765 -.25 2.5847
4 0 11.43 -.25 2.6322 11.415 -.25 2.5972 11.43 -.25 2.5697 11.4525 -.25 2.6122
4 0 10.3875 -.25 2.6347 10.248 -.25 2.6097 10.21 -.25 2.5597 10.33 -.25 2.5822
4 0 13.765 -.25 2.6372 13.7575 -.25 2.6322 13.765 -.25 2.5847 13.785 -.25 2.6197
3 0 13.7475 -.25 2.6372 13.7475 -.25 2.6472 13.7 -.25 2.6022
4 0 13.5875 -.25 2.6397 13.4975 -.25 2.5972 13.5 -.25 2.5847 13.5825 -.25 2.6097
4 0 11.4175 -.25 2.6422 11.405 -.25 2.6122 11.415 -.25 2.5972 11.43 -.25 2.6322
4 0 10.455 -.25 2.6422 10.45 -.25 2.5772 10.5425 -.25 2.539 10.56 -.25 2.6022
3 0 13.8 -.25 2.6447 13.785 -.25 2.6647 13.7775 -.25 2.6522
4 0 13.7775 -.25 2.6522 13.765 -.25 2.6372 13.785 -.25 2.6197 13.8 -.25 2.6447
4 0 13.4 -.25 2.6522 13.3625 -.25 2.4672 13.455 -.25 2.5372 13.455 -.25 2.5472
4 0 13.4 -.25 2.6522 13.24 -.25 2.4897 13.3175 -.25 2.4747 13.3625 -.25 2.4672
4 0 13.4 -.25 2.6522 13.09 -.25 2.5372 13.14 -.25 2.5172 13.24 -.25 2.4897
4 0 13.4 -.25 2.6522 13.4675 -.25 2.5672 13.475 -.25 2.5772 13.48 -.25 2.5847
3 0 13.4 -.25 2.6522 13.2625 -.25 2.7222 13.2525 -.25 2.7222
3 0 13.4 -.25 2.6522 13.3825 -.25 2.7322 13.3675 -.25 2.7322
3 0 13.4 -.25 2.6522 13.395 -.25 2.7372 13.3825 -.25 2.7322
3 0 13.4 -.25 2.6522 13.405 -.25 2.7497 13.395 -.25 2.7372
4 0 11.4025 -.25 2.6522 11.395 -.25 2.6247 11.405 -.25 2.6122 11.4175 -.25 2.6422
4 0 11.3875 -.25 2.6597 11.385 -.25 2.6347 11.395 -.25 2.6247 11.4025 -.25 2.6522
4 0 11.375 -.25 2.6647 11.375 -.25 2.6422 11.385 -.25 2.6347 11.3875 -.25 2.6597
4 0 11.375 -.25 2.6647 11.36 -.25 2.6647 11.3675 -.25 2.6472 11.375 -.25 2.6422
4 0 11.36 -.25 2.6647 11.3575 -.25 2.6547 11.3625 -.25 2.6497 11.3675 -.25 2.6472
4 0 10.145 -.25 2.6722 10.11 -.25 2.6422 10.12 -.25 2.6322 10.13 -.25 2.6372
4 0 10.565 -.25 2.6742 10.45 -.25 2.6697 10.455 -.25 2.6422 10.56 -.25 2.6022
4 0 10.435 -.25 2.6772 10.28 -.25 2.6522 10.248 -.25 2.6097 10.3875 -.25 2.6347
3 0 10.435 -.25 2.6772 10.315 -.25 2.7022 10.28 -.25 2.6522
4 0 13.7925 -.25 2.6822 13.785 -.25 2.6647 13.8 -.25 2.6447 13.815 -.25 2.6772
3 0 11.8725 -.25 2.6822 11.8575 -.25 2.6897 11.8 -.25 2.4022
3 0 11.885 -.25 2.6947 12.15 -.25 2.9772 11.8875 -.25 2.7222
3 0 13.7925 -.25 2.7022 13.825 -.25 2.7222 13.7875 -.25 2.7097
4 0 13.1 -.25 2.7022 13.045 -.25 2.5572 13.0575 -.25 2.5522 13.4 -.25 2.6522
4 0 13.1 -.25 2.7022 12.925 -.25 2.6272 13.0275 -.25 2.5547 13.035 -.25 2.5597
3 0 13.1 -.25 2.7022 12.85 -.25 2.9022 12.925 -.25 2.6272
4 0 11.8525 -.25 2.7022 11.765 -.25 2.5822 11.8 -.25 2.4022 11.8575 -.25 2.6897
3 0 11.8525 -.25 2.7022 11.735 -.25 2.7372 11.7575 -.25 2.6672
3 0 11.8525 -.25 2.7022 11.705 -.25 2.8122 11.735 -.25 2.7372
4 0 10.16 -.25 2.7072 10.1 -.25 2.6622 10.11 -.25 2.6422 10.145 -.25 2.6722
3 0 13.7875 -.25 2.7097 13.75 -.25 2.7522 13.78 -.25 2.7097
3 0 13.78 -.25 2.7097 13.75 -.25 2.7522 13.7725 -.25 2.7022
4 0 13.825 -.25 2.7222 13.7925 -.25 2.7022 13.7925 -.25 2.6822 13.815 -.25 2.6772
3 0 13.2525 -.25 2.7222 13.235 -.25 2.7272 13.4 -.25 2.6522
3 0 11.8875 -.25 2.7222 12.15 -.25 2.9772 11.885 -.25 2.7522
4 0 13.585 -.25 2.7322 13.4975 -.25 2.5972 13.5875 -.25 2.6397 13.59 -.25 2.6747
4 0 13.585 -.25 2.7322 13.4 -.25 2.6522 13.4875 -.25 2.5947 13.4975 -.25 2.5972
3 0 13.3675 -.25 2.7322 13.35 -.25 2.7347 13.4 -.25 2.6522
4 0 13.22 -.25 2.7322 13.1 -.25 2.7022 13.4 -.25 2.6522 13.235 -.25 2.7272
3 0 13.22 -.25 2.7322 13.2025 -.25 2.7397 13.1 -.25 2.7022
4 0 13.35 -.25 2.7347 13.2725 -.25 2.7297 13.2625 -.25 2.7222 13.4 -.25 2.6522
3 0 13.35 -.25 2.7347 13.335 -.25 2.7422 13.2725 -.25 2.7297
3 0 13.2675 -.25 2.7397 13.2975 -.25 2.7697 13.255 -.25 2.7472
3 0 13.2025 -.25 2.7397 13.18 -.25 2.7497 13.1 -.25 2.7022
4 0 10.565 -.25 2.7397 10.435 -.25 2.6772 10.45 -.25 2.6697 10.565 -.25 2.6742
3 0 10.565 -.25 2.7397 10.5575 -.25 2.8047 10.435 -.25 2.6772
3 0 13.335 -.25 2.7422 13.32 -.25 2.7522 13.2725 -.25 2.7297
3 0 13.825 -.25 2.7447 13.8275 -.25 2.7622 13.75 -.25 2.7522
3 0 13.255 -.25 2.7472 13.2975 -.25 2.7697 13.2425 -.25 2.7522
3 0 13.18 -.25 2.7497 13.165 -.25 2.7572 13.1 -.25 2.7022
4 0 13.75 -.25 2.7522 13.7 -.25 2.6022 13.7475 -.25 2.6472 13.755 -.25 2.6697
4 0 13.75 -.25 2.7522 13.755 -.25 2.6697 13.765 -.25 2.6872 13.7725 -.25 2.7022
4 0 13.75 -.25 2.7522 13.64 -.25 2.6872 13.63 -.25 2.6497 13.7 -.25 2.6022
4 0 13.75 -.25 2.7522 13.7875 -.25 2.7097 13.825 -.25 2.7222 13.825 -.25 2.7447
4 0 13.75 -.25 2.7522 13.645 -.25 2.7297 13.6375 -.25 2.7072 13.64 -.25 2.6872
3 0 13.75 -.25 2.7522 13.665 -.25 2.7572 13.645 -.25 2.7297
3 0 13.75 -.25 2.7522 13.675 -.25 2.7722 13.665 -.25 2.7572
3 0 13.75 -.25 2.7522 13.6775 -.25 2.7897 13.675 -.25 2.7722
3 0 11.885 -.25 2.7522 12.15 -.25 2.9772 11.8775 -.25 2.7922
3 0 11.8425 -.25 2.7522 11.675 -.25 2.8722 11.8475 -.25 2.7222
3 0 10.335 -.25 2.7522 10.5575 -.25 2.8047 10.345 -.25 2.7872
4 0 10.18 -.25 2.7522 10.1 -.25 2.7222 10.1 -.25 2.6622 10.16 -.25 2.7072
3 0 13.165 -.25 2.7572 13.145 -.25 2.7672 13.1 -.25 2.7022
3 0 13.41 -.25 2.7647 13.45 -.25 2.8022 13.4075 -.25 2.7922
3 0 13.145 -.25 2.7672 13.13 -.25 2.7747 13.1 -.25 2.7022
4 0 13.2975 -.25 2.7697 13.2675 -.25 2.7397 13.2725 -.25 2.7297 13.32 -.25 2.7522
4 0 13.2975 -.25 2.7697 13.2025 -.25 2.7697 13.2225 -.25 2.7597 13.2425 -.25 2.7522
4 0 13.2975 -.25 2.7697 13.2775 -.25 2.7847 13.2425 -.25 2.8097 13.17 -.25 2.7897
3 0 13.13 -.25 2.7747 13.1175 -.25 2.7822 13.1 -.25 2.7022
3 0 13.1175 -.25 2.7822 13.1025 -.25 2.7922 13.1 -.25 2.7022
4 0 13.17 -.25 2.7897 13.185 -.25 2.7797 13.2025 -.25 2.7697 13.2975 -.25 2.7697
3 0 11.8775 -.25 2.7922 12.15 -.25 2.9772 11.8675 -.25 2.8322
3 0 11.8375 -.25 2.7922 11.675 -.25 2.8722 11.8425 -.25 2.7522
4 0 10.205 -.25 2.7982 10.11 -.25 2.7522 10.1 -.25 2.7222 10.18 -.25 2.7522
4 0 13.45 -.25 2.8022 13.41 -.25 2.7647 13.405 -.25 2.7497 13.4 -.25 2.6522
3 0 13.45 -.25 2.8022 13.4 -.25 2.8247 13.4075 -.25 2.7922
3 0 13.45 -.25 2.8022 13.38 -.25 2.9297 13.385 -.25 2.8972
4 0 10.5575 -.25 2.8047 10.335 -.25 2.7522 10.315 -.25 2.7022 10.435 -.25 2.6772
3 0 10.5575 -.25 2.8047 10.3485 -.25 2.8312 10.345 -.25 2.7872
3 0 13.1425 -.25 2.8072 13.155 -.25 2.8622 13.1275 -.25 2.8172
4 0 13.0725 -.25 2.8122 13.1 -.25 2.7022 13.1025 -.25 2.7922 13.085 -.25 2.8047
3 0 13.1275 -.25 2.8172 13.155 -.25 2.8622 13.1125 -.25 2.8272
4 0 13.575 -.25 2.8247 13.45 -.25 2.8022 13.4 -.25 2.6522 13.585 -.25 2.7322
3 0 13.575 -.25 2.8247 13.5125 -.25 2.8647 13.51 -.25 2.8547
3 0 13.575 -.25 2.8247 13.515 -.25 2.8747 13.5125 -.25 2.8647
3 0 13.575 -.25 2.8247 13.515 -.25 2.8897 13.515 -.25 2.8747
3 0 13.575 -.25 2.8247 13.515 -.25 2.9097 13.515 -.25 2.8897
3 0 13.575 -.25 2.8247 13.515 -.25 2.9247 13.515 -.25 2.9097
3 0 10.15 -.25 2.8272 10.295 -.25 2.8972 10.195 -.25 2.8922
3 0 11.8675 -.25 2.8322 12.15 -.25 2.9772 11.85 -.25 2.8747
3 0 13.095 -.25 2.8372 12.85 -.25 2.9022 13.075 -.25 2.8397
3 0 13.06 -.25 2.8372 12.85 -.25 2.9022 13.0625 -.25 2.8197
3 0 13.075 -.25 2.8397 12.85 -.25 2.9022 13.06 -.25 2.8372
3 0 13.5025 -.25 2.8497 13.4925 -.25 2.8547 13.45 -.25 2.8022
4 0 13.85 -.25 2.8522 13.75 -.25 2.7522 13.8275 -.25 2.7622 13.835 -.25 2.7847
4 0 13.85 -.25 2.8522 13.835 -.25 2.7847 13.85 -.25 2.8147 13.8625 -.25 2.8422
3 0 13.85 -.25 2.8522 13.84 -.25 2.9072 13.8325 -.25 2.9047
3 0 10.35 -.25 2.8522 10.54 -.25 2.8872 10.345 -.25 2.8872
4 0 10.25 -.25 2.8522 10.13 -.25 2.7922 10.11 -.25 2.7522 10.205 -.25 2.7982
4 0 13.51 -.25 2.8547 13.5025 -.25 2.8497 13.45 -.25 2.8022 13.575 -.25 2.8247
3 0 13.4925 -.25 2.8547 13.49 -.25 2.8647 13.45 -.25 2.8022
4 0 13.155 -.25 2.8622 13.17 -.25 2.7897 13.2425 -.25 2.8097 13.2025 -.25 2.8347
4 0 13.155 -.25 2.8622 13.1425 -.25 2.8072 13.1575 -.25 2.7972 13.17 -.25 2.7897
3 0 13.49 -.25 2.8647 13.4887 -.25 2.8772 13.45 -.25 2.8022
4 0 11.675 -.25 2.8722 11.8375 -.25 2.7922 11.825 -.25 2.8247 11.81 -.25 2.8597
4 0 11.675 -.25 2.8722 11.705 -.25 2.8122 11.8525 -.25 2.7022 11.8475 -.25 2.7222
3 0 11.675 -.25 2.8722 11.5725 -.25 3.1672 11.5 -.25 3.1522
3 0 11.85 -.25 2.8747 12.15 -.25 2.9772 11.8275 -.25 2.9172
4 0 13.115 -.25 2.8847 13.095 -.25 2.8372 13.1125 -.25 2.8272 13.155 -.25 2.8622
3 0 13.115 -.25 2.8847 13.07 -.25 2.9122 13.095 -.25 2.8372
4 0 10.54 -.25 2.8872 10.35 -.25 2.8522 10.3485 -.25 2.8312 10.5575 -.25 2.8047
4 0 13.68 -.25 2.8897 13.6725 -.25 2.8147 13.6775 -.25 2.7897 13.75 -.25 2.7522
4 0 13.68 -.25 2.8897 13.6425 -.25 2.8622 13.655 -.25 2.8372 13.6725 -.25 2.8147
4 0 13.385 -.25 2.8972 13.39 -.25 2.8597 13.4 -.25 2.8247 13.45 -.25 2.8022
4 0 10.295 -.25 2.8972 10.15 -.25 2.8272 10.13 -.25 2.7922 10.25 -.25 2.8522
4 0 12.85 -.25 2.9022 12.35 -.25 2.4022 12.6125 -.25 2.2322 12.925 -.25 2.6272
4 0 12.85 -.25 2.9022 13.1 -.25 2.7022 13.0725 -.25 2.8122 13.0625 -.25 2.8197
3 0 12.85 -.25 2.9022 12.645 -.25 3.1022 12.63 -.25 3.1022
3 0 12.85 -.25 2.9022 12.645 -.25 3.1172 12.645 -.25 3.1022
3 0 12.85 -.25 2.9022 12.6325 -.25 3.1472 12.645 -.25 3.1172
4 0 13.84 -.25 2.9072 13.85 -.25 2.8522 13.8625 -.25 2.8422 13.87 -.25 2.8597
4 0 13.645 -.25 2.9072 13.64 -.25 2.8847 13.6425 -.25 2.8622 13.68 -.25 2.8897
4 0 13.485 -.25 2.9122 13.45 -.25 2.8022 13.4887 -.25 2.8772 13.4875 -.25 2.8947
3 0 13.485 -.25 2.9122 13.485 -.25 2.9297 13.45 -.25 2.8022
3 0 13.07 -.25 2.9122 13.025 -.25 2.9422 13.095 -.25 2.8372
3 0 10.33 -.25 2.9122 10.515 -.25 2.9747 10.31 -.25 2.9122
4 0 13.8475 -.25 2.9147 13.84 -.25 2.9072 13.87 -.25 2.8597 13.875 -.25 2.8797
3 0 11.8275 -.25 2.9172 12.15 -.25 2.9772 11.805 -.25 2.9572
3 0 13.8225 -.25 2.9222 13.75 -.25 2.9522 13.825 -.25 2.9122
4 0 13.8525 -.25 2.9272 13.8475 -.25 2.9147 13.875 -.25 2.8797 13.88 -.25 2.8997
3 0 13.38 -.25 2.9297 13.4 -.25 3.0522 13.3775 -.25 3.0047
4 0 11.77 -.25 2.9347 11.675 -.25 2.8722 11.81 -.25 2.8597 11.7925 -.25 2.8947
3 0 13.8225 -.25 2.9372 13.75 -.25 2.9522 13.8225 -.25 2.9222
3 0 13.8225 -.25 2.9372 13.8275 -.25 2.9547 13.75 -.25 2.9522
4 0 13.515 -.25 2.9422 13.515 -.25 2.9247 13.575 -.25 2.8247 13.555 -.25 2.9272
4 0 13.89 -.25 2.9472 13.8525 -.25 2.9272 13.88 -.25 2.8997 13.885 -.25 2.9222
4 0 13.67 -.25 2.9472 13.655 -.25 2.9247 13.645 -.25 2.9072 13.68 -.25 2.8897
4 0 13.75 -.25 2.9522 13.85 -.25 2.8522 13.8325 -.25 2.9047 13.825 -.25 2.9122
4 0 13.75 -.25 2.9522 13.68 -.25 2.8897 13.75 -.25 2.7522 13.85 -.25 2.8522
4 0 13.015 -.25 2.9522 12.85 -.25 2.9022 13.095 -.25 2.8372 13.025 -.25 2.9422
3 0 13.015 -.25 2.9522 13.005 -.25 2.9672 12.85 -.25 2.9022
4 0 10.22 -.25 2.9522 10.195 -.25 2.8922 10.295 -.25 2.8972 10.31 -.25 2.9122
3 0 13.8275 -.25 2.9547 13.8325 -.25 2.9672 13.75 -.25 2.9522
3 0 13.5125 -.25 2.9622 13.545 -.25 2.9947 13.51 -.25 2.9772
4 0 13.48 -.25 2.9647 13.45 -.25 2.8022 13.485 -.25 2.9297 13.4825 -.25 2.9497
3 0 13.8325 -.25 2.9672 13.84 -.25 2.9722 13.75 -.25 2.9522
4 0 13.6875 -.25 2.9672 13.67 -.25 2.9472 13.68 -.25 2.8897 13.75 -.25 2.9522
4 0 13.8925 -.25 2.9722 13.855 -.25 2.9422 13.8525 -.25 2.9272 13.89 -.25 2.9472
4 0 10.515 -.25 2.9747 10.33 -.25 2.9122 10.345 -.25 2.8872 10.54 -.25 2.8872
3 0 12.15 -.25 2.9772 11.7825 -.25 2.9922 11.805 -.25 2.9572
3 0 12.15 -.25 2.9772 11.7575 -.25 3.0247 11.7825 -.25 2.9922
4 0 13.8925 -.25 2.9922 13.8525 -.25 2.9597 13.855 -.25 2.9422 13.8925 -.25 2.9722
4 0 13.545 -.25 2.9947 13.5125 -.25 2.9622 13.515 -.25 2.9422 13.555 -.25 2.9272
3 0 11.585 -.25 2.9972 11.5 -.25 3.1522 11.5275 -.25 3.0622
3 0 13.3775 -.25 3.0047 13.4 -.25 3.0522 13.375 -.25 3.0522
4 0 11.72 -.25 3.0097 11.675 -.25 2.8722 11.77 -.25 2.9347 11.745 -.25 2.9772
4 0 13.775 -.25 3.0122 13.7275 -.25 2.9897 13.6875 -.25 2.9672 13.75 -.25 2.9522
3 0 13.5 -.25 3.0122 13.5325 -.25 3.0872 13.4925 -.25 3.0297
3 0 13.4675 -.25 3.0147 13.4 -.25 3.0522 13.4725 -.25 2.9972
4 0 12.95 -.25 3.0222 12.85 -.25 2.9022 13.005 -.25 2.9672 12.985 -.25 2.9922
3 0 13.4925 -.25 3.0297 13.5 -.25 3.1022 13.485 -.25 3.0447
3 0 13.465 -.25 3.0297 13.4 -.25 3.0522 13.4675 -.25 3.0147
4 0 13.54 -.25 3.0322 13.505 -.25 2.9947 13.51 -.25 2.9772 13.545 -.25 2.9947
4 0 13.89 -.25 3.0347 13.8525 -.25 2.9597 13.8925 -.25 2.9922 13.8925 -.25 3.0172
4 0 13.835 -.25 3.0372 13.775 -.25 3.0122 13.75 -.25 2.9522 13.84 -.25 2.9722
4 0 13.8825 -.25 3.0422 13.8475 -.25 2.9697 13.8525 -.25 2.9597 13.89 -.25 3.0347
4 0 13.8725 -.25 3.0422 13.84 -.25 2.9722 13.8475 -.25 2.9697 13.8825 -.25 3.0422
4 0 13.8525 -.25 3.0422 13.835 -.25 3.0372 13.84 -.25 2.9722 13.8725 -.25 3.0422
4 0 13.4 -.25 3.0522 13.38 -.25 2.9297 13.45 -.25 2.8022 13.48 -.25 2.9647
4 0 13.4 -.25 3.0522 13.48 -.25 2.9647 13.4775 -.25 2.9797 13.4725 -.25 2.9972
3 0 13.375 -.25 3.0522 13.4 -.25 3.1022 13.3675 -.25 3.1022
4 0 10.5 -.25 3.0522 10.22 -.25 2.9522 10.31 -.25 2.9122 10.515 -.25 2.9747
4 0 13.46 -.25 3.0622 13.4 -.25 3.0522 13.465 -.25 3.0297 13.4625 -.25 3.0472
3 0 13.46 -.25 3.0622 13.465 -.25 3.0722 13.4 -.25 3.0522
4 0 12.865 -.25 3.0622 12.85 -.25 2.9022 12.95 -.25 3.0222 12.915 -.25 3.0422
3 0 11.725 -.25 3.0622 11.8 -.25 3.4022 11.6975 -.25 3.0872
3 0 11.5275 -.25 3.0622 11.5 -.25 3.1522 11.475 -.25 3.1172
3 0 13.4725 -.25 3.0672 13.5 -.25 3.1022 13.465 -.25 3.0722
3 0 13.465 -.25 3.0722 13.5 -.25 3.1022 13.4 -.25 3.0522
4 0 11.6675 -.25 3.0722 11.675 -.25 2.8722 11.72 -.25 3.0097 11.695 -.25 3.0422
3 0 11.6675 -.25 3.0722 11.6525 -.25 3.0872 11.675 -.25 2.8722
4 0 12.8125 -.25 3.0747 12.85 -.25 2.9022 12.865 -.25 3.0622 12.8375 -.25 3.0697
3 0 12.8125 -.25 3.0747 12.795 -.25 3.0872 12.85 -.25 2.9022
4 0 13.5325 -.25 3.0872 13.5 -.25 3.0122 13.505 -.25 2.9947 13.54 -.25 3.0322
3 0 12.795 -.25 3.0872 12.7825 -.25 3.1047 12.85 -.25 2.9022
3 0 11.6975 -.25 3.0872 11.8 -.25 3.4022 11.6725 -.25 3.1097
4 0 13.5 -.25 3.1022 13.4725 -.25 3.0672 13.475 -.25 3.0597 13.485 -.25 3.0447
4 0 13.5 -.25 3.1022 13.4 -.25 3.1022 13.375 -.25 3.0522 13.4 -.25 3.0522
3 0 13.4 -.25 3.1022 13.345 -.25 3.1522 13.3675 -.25 3.1022
4 0 12.63 -.25 3.1022 12.15 -.25 2.9772 11.8 -.25 2.4022 12.85 -.25 2.9022
3 0 12.63 -.25 3.1022 12.605 -.25 3.1222 12.15 -.25 2.9772
3 0 12.7825 -.25 3.1047 12.7525 -.25 3.1522 12.85 -.25 2.9022
3 0 11.6725 -.25 3.1097 11.8 -.25 3.4022 11.655 -.25 3.1247
4 0 13.53 -.25 3.1197 13.5 -.25 3.1022 13.4925 -.25 3.0297 13.5325 -.25 3.0872
4 0 11.6175 -.25 3.1222 11.675 -.25 2.8722 11.6525 -.25 3.0872 11.635 -.25 3.1072
3 0 11.6175 -.25 3.1222 11.595 -.25 3.1422 11.675 -.25 2.8722
3 0 11.655 -.25 3.1247 11.8 -.25 3.4022 11.63 -.25 3.1422
4 0 10.485 -.25 3.1297 10.235 -.25 3.0272 10.22 -.25 2.9522 10.5 -.25 3.0522
3 0 11.63 -.25 3.1422 11.8 -.25 3.4022 11.61 -.25 3.1547
4 0 11.5 -.25 3.1522 11.585 -.25 2.9972 11.635 -.25 2.9272 11.675 -.25 2.8722
3 0 11.5 -.25 3.1522 11.395 -.25 3.1722 11.475 -.25 3.1172
3 0 11.61 -.25 3.1547 11.8 -.25 3.4022 11.5925 -.25 3.1647
3 0 11.5925 -.25 3.1647 11.8 -.25 3.4022 11.5825 -.25 3.1697
4 0 11.5725 -.25 3.1672 11.675 -.25 2.8722 11.595 -.25 3.1422 11.5825 -.25 3.1572
3 0 11.5825 -.25 3.1697 11.8 -.25 3.4022 11.5725 -.25 3.1672
4 0 12.545 -.25 3.1897 12.15 -.25 2.9772 12.605 -.25 3.1222 12.58 -.25 3.1522
3 0 12.545 -.25 3.1897 12.5 -.25 3.2397 12.15 -.25 2.9772
4 0 13.5125 -.25 3.1947 13.5 -.25 3.1022 13.53 -.25 3.1197 13.5225 -.25 3.1672
4 0 10.479 -.25 3.2042 10.24 -.25 3.1272 10.235 -.25 3.0272 10.485 -.25 3.1297
3 0 10.479 -.25 3.2042 10.385 -.25 3.2322 10.38 -.25 3.2222
4 0 10.38 -.25 3.2222 10.235 -.25 3.2022 10.24 -.25 3.1272 10.479 -.25 3.2042
3 0 10.38 -.25 3.2222 10.37 -.25 3.2322 10.235 -.25 3.2022
4 0 13.3125 -.25 3.2247 13.345 -.25 3.1522 13.4 -.25 3.1022 13.5 -.25 3.1022
3 0 12.5 -.25 3.2397 12.455 -.25 3.2922 12.15 -.25 2.9772
4 0 10.385 -.25 3.2522 10.385 -.25 3.2322 10.479 -.25 3.2042 10.4775 -.25 3.2422
3 0 13.305 -.25 3.2672 13.35 -.25 3.3522 13.305 -.25 3.2922
3 0 12.5375 -.25 3.2772 12.54 -.25 3.3722 12.5 -.25 3.3222
4 0 10.3575 -.25 3.2772 10.235 -.25 3.2022 10.37 -.25 3.2322 10.365 -.25 3.2522
3 0 12.66 -.25 3.2872 12.54 -.25 3.3722 12.7025 -.25 3.2247
3 0 13.305 -.25 3.2922 13.35 -.25 3.3522 13.305 -.25 3.3147
4 0 10.475 -.25 3.2972 10.3825 -.25 3.2722 10.385 -.25 3.2522 10.4775 -.25 3.2422
4 0 11.225 -.25 3.3072 11.305 -.25 3.2397 11.395 -.25 3.1722 11.5 -.25 3.1522
3 0 11.225 -.25 3.3072 11.1 -.25 3.7022 11.155 -.25 3.3772
3 0 10.3525 -.25 3.3112 10.345 -.25 3.3472 10.2215 -.25 3.3237
3 0 13.305 -.25 3.3147 13.35 -.25 3.3522 13.3 -.25 3.3297
3 0 12.5 -.25 3.3222 12.54 -.25 3.3722 12.46 -.25 3.3672
4 0 10.2215 -.25 3.3237 10.235 -.25 3.2022 10.3575 -.25 3.2772 10.3525 -.25 3.3112
3 0 13.3 -.25 3.3297 13.35 -.25 3.3522 13.29 -.25 3.3397
4 0 13.465 -.25 3.3522 13.45 -.25 3.3522 13.4975 -.25 3.3072 13.4875 -.25 3.3297
3 0 13.465 -.25 3.3522 13.4475 -.25 3.3772 13.45 -.25 3.3522
4 0 13.45 -.25 3.3522 13.5 -.25 3.1022 13.5125 -.25 3.1947 13.5075 -.25 3.2422
4 0 13.45 -.25 3.3522 13.5075 -.25 3.2422 13.5075 -.25 3.2772 13.4975 -.25 3.3072
4 0 13.45 -.25 3.3522 13.35 -.25 3.3522 13.3125 -.25 3.2247 13.5 -.25 3.1022
4 0 13.35 -.25 3.3522 13.305 -.25 3.2672 13.3075 -.25 3.2447 13.3125 -.25 3.2247
3 0 13.35 -.25 3.3522 13.27 -.25 3.3547 13.29 -.25 3.3397
3 0 13.27 -.25 3.3547 13.2 -.25 3.4022 13.2425 -.25 3.3647
4 0 10.475 -.25 3.3572 10.3825 -.25 3.3037 10.3825 -.25 3.2722 10.475 -.25 3.2972
4 0 12.54 -.25 3.3722 12.85 -.25 2.9022 12.7525 -.25 3.1522 12.7025 -.25 3.2247
4 0 12.54 -.25 3.3722 12.61 -.25 3.1822 12.6325 -.25 3.1472 12.85 -.25 2.9022
4 0 12.54 -.25 3.3722 12.5375 -.25 3.2772 12.575 -.25 3.2272 12.61 -.25 3.1822
3 0 12.54 -.25 3.3722 12.42 -.25 3.4072 12.46 -.25 3.3672
3 0 12.54 -.25 3.3722 12.3775 -.25 3.4497 12.42 -.25 3.4072
4 0 10.3825 -.25 3.3797 10.38 -.25 3.3372 10.3825 -.25 3.3037 10.475 -.25 3.3572
4 0 12.365 -.25 3.3872 12.15 -.25 2.9772 12.455 -.25 3.2922 12.41 -.25 3.3422
4 0 13.2 -.25 3.4022 13.27 -.25 3.3547 13.35 -.25 3.3522 13.45 -.25 3.3522
4 0 13.2 -.25 3.4022 13.1875 -.25 3.3872 13.21 -.25 3.3722 13.2425 -.25 3.3647
4 0 11.8 -.25 3.4022 11.725 -.25 3.0622 11.7575 -.25 3.0247 12.15 -.25 2.9772
4 0 11.8 -.25 3.4022 11.5 -.25 3.4022 11.5 -.25 3.1522 11.5725 -.25 3.1672
3 0 11.8 -.25 3.4022 11.635 -.25 3.4772 11.62 -.25 3.4697
3 0 11.8 -.25 3.4022 11.655 -.25 3.4897 11.635 -.25 3.4772
3 0 11.8 -.25 3.4022 11.67 -.25 3.5072 11.655 -.25 3.4897
3 0 11.8 -.25 3.4022 11.685 -.25 3.5272 11.67 -.25 3.5072
3 0 11.8 -.25 3.4022 11.695 -.25 3.5497 11.685 -.25 3.5272
3 0 11.8 -.25 3.4022 11.7 -.25 3.5672 11.695 -.25 3.5497
3 0 11.5 -.25 3.4022 11.6 -.25 3.4647 11.58 -.25 3.4647
4 0 10.213 -.25 3.4107 10.2215 -.25 3.3237 10.345 -.25 3.3472 10.3425 -.25 3.4022
4 0 13.1675 -.25 3.4172 13.1775 -.25 3.3997 13.1875 -.25 3.3872 13.2 -.25 3.4022
4 0 12.33 -.25 3.4222 11.8 -.25 3.4022 12.15 -.25 2.9772 12.365 -.25 3.3872
4 0 10.3825 -.25 3.4297 10.3825 -.25 3.3797 10.475 -.25 3.3572 10.4825 -.25 3.4222
3 0 11.58 -.25 3.4647 11.565 -.25 3.4722 11.5 -.25 3.4022
4 0 11.62 -.25 3.4697 11.6 -.25 3.4647 11.5 -.25 3.4022 11.8 -.25 3.4022
4 0 10.2115 -.25 3.4707 10.213 -.25 3.4107 10.3425 -.25 3.4022 10.3425 -.25 3.4522
4 0 13.155 -.25 3.4722 13.16 -.25 3.4397 13.1675 -.25 3.4172 13.2 -.25 3.4022
3 0 11.565 -.25 3.4722 11.565 -.25 3.4847 11.5 -.25 3.4022
3 0 12.335 -.25 3.4847 12.2375 -.25 3.6972 12.295 -.25 3.5172
4 0 10.4925 -.25 3.4872 10.39 -.25 3.4722 10.3825 -.25 3.4297 10.4825 -.25 3.4222
3 0 11.575 -.25 3.4947 11.5 -.25 3.7022 11.565 -.25 3.4847
4 0 12.4675 -.25 3.4972 12.54 -.25 3.3722 12.66 -.25 3.2872 12.5675 -.25 3.4022
4 0 12.2575 -.25 3.4972 11.8 -.25 3.4022 12.33 -.25 3.4222 12.295 -.25 3.4597
4 0 13.35 -.25 3.5022 13.45 -.25 3.3522 13.4475 -.25 3.3772 13.4225 -.25 3.4247
3 0 13.35 -.25 3.5022 13.3 -.25 3.5597 13.2925 -.25 3.5597
3 0 13.35 -.25 3.5022 13.3 -.25 3.5672 13.3 -.25 3.5597
3 0 11.595 -.25 3.5047 11.5 -.25 3.7022 11.575 -.25 3.4947
4 0 10.505 -.25 3.5272 10.4 -.25 3.5222 10.39 -.25 3.4722 10.4925 -.25 3.4872
4 0 10.218 -.25 3.5407 10.2115 -.25 3.4707 10.3425 -.25 3.4522 10.345 -.25 3.4972
4 0 13.3625 -.25 3.5497 13.35 -.25 3.5022 13.4225 -.25 3.4247 13.3875 -.25 3.5022
4 0 12.1925 -.25 3.5572 11.8 -.25 3.4022 12.2575 -.25 3.4972 12.23 -.25 3.5247
3 0 13.2925 -.25 3.5597 13.285 -.25 3.5635 13.35 -.25 3.5022
3 0 13.285 -.25 3.5635 13.275 -.25 3.5697 13.35 -.25 3.5022
4 0 10.4225 -.25 3.5747 10.4 -.25 3.5222 10.505 -.25 3.5272 10.5225 -.25 3.5672
4 0 13.2975 -.25 3.5772 13.3 -.25 3.5672 13.35 -.25 3.5022 13.3625 -.25 3.5497
3 0 12.21 -.25 3.5822 12.2375 -.25 3.6972 12.1825 -.25 3.6022
3 0 13.2525 -.25 3.5872 13.2 -.25 3.6022 13.2625 -.25 3.5772
3 0 13.2525 -.25 3.5872 13.2425 -.25 3.6047 13.2 -.25 3.6022
4 0 13.2925 -.25 3.5897 13.2975 -.25 3.5772 13.3625 -.25 3.5497 13.3475 -.25 3.5772
3 0 11.7 -.25 3.5947 11.8 -.25 3.7022 11.69 -.25 3.6172
3 0 11.6675 -.25 3.5972 11.5 -.25 3.7022 11.66 -.25 3.5672
4 0 10.228 -.25 3.5987 10.218 -.25 3.5407 10.345 -.25 3.4972 10.36 -.25 3.5497
4 0 12.1525 -.25 3.5997 11.8 -.25 3.4022 12.1925 -.25 3.5572 12.17 -.25 3.5822
3 0 12.1525 -.25 3.5997 12.1425 -.25 3.6122 11.8 -.25 3.4022
4 0 13.2 -.25 3.6022 13.2 -.25 3.4022 13.45 -.25 3.3522 13.35 -.25 3.5022
4 0 13.2 -.25 3.6022 13.35 -.25 3.5022 13.275 -.25 3.5697 13.2625 -.25 3.5772
4 0 13.2 -.25 3.6022 13.1525 -.25 3.5147 13.155 -.25 3.4722 13.2 -.25 3.4022
4 0 13.2 -.25 3.6022 13.1625 -.25 3.6022 13.155 -.25 3.5597 13.1525 -.25 3.5147
3 0 12.1825 -.25 3.6022 12.2375 -.25 3.6972 12.165 -.25 3.6122
3 0 13.2425 -.25 3.6047 13.2425 -.25 3.6147 13.2 -.25 3.6022
4 0 13.3275 -.25 3.6072 13.285 -.25 3.6022 13.2925 -.25 3.5897 13.3475 -.25 3.5772
3 0 12.165 -.25 3.6122 12.2375 -.25 3.6972 12.1525 -.25 3.6172
3 0 11.6775 -.25 3.6197 11.5 -.25 3.7022 11.6675 -.25 3.5972
4 0 13.3075 -.25 3.6347 13.2775 -.25 3.6147 13.285 -.25 3.6022 13.3275 -.25 3.6072
4 0 10.455 -.25 3.6347 10.4225 -.25 3.5747 10.5225 -.25 3.5672 10.55 -.25 3.6122
4 0 13.175 -.25 3.6447 13.1675 -.25 3.6247 13.1625 -.25 3.6022 13.2 -.25 3.6022
4 0 10.25 -.25 3.6572 10.228 -.25 3.5987 10.36 -.25 3.5497 10.375 -.25 3.6022
4 0 13.285 -.25 3.6647 13.265 -.25 3.6222 13.2775 -.25 3.6147 13.3075 -.25 3.6347
4 0 10.485 -.25 3.6722 10.455 -.25 3.6347 10.55 -.25 3.6122 10.57 -.25 3.6397
4 0 13.2075 -.25 3.6847 13.19 -.25 3.6697 13.175 -.25 3.6447 13.2 -.25 3.6022
4 0 13.2625 -.25 3.6872 13.255 -.25 3.6222 13.265 -.25 3.6222 13.285 -.25 3.6647
3 0 13.2625 -.25 3.6872 13.245 -.25 3.6947 13.255 -.25 3.6222
4 0 13.245 -.25 3.6947 13.2 -.25 3.6022 13.2425 -.25 3.6147 13.255 -.25 3.6222
4 0 13.225 -.25 3.6947 13.2075 -.25 3.6847 13.2 -.25 3.6022 13.245 -.25 3.6947
4 0 12.2375 -.25 3.6972 12.54 -.25 3.3722 12.4675 -.25 3.4972 12.3825 -.25 3.5772
4 0 12.2375 -.25 3.6972 12.335 -.25 3.4847 12.3775 -.25 3.4497 12.54 -.25 3.3722
4 0 12.2375 -.25 3.6972 12.21 -.25 3.5822 12.255 -.25 3.5472 12.295 -.25 3.5172
4 0 11.8 -.25 3.7022 11.8 -.25 3.4022 12.1425 -.25 3.6122 12.14 -.25 3.6197
4 0 11.8 -.25 3.7022 11.7 -.25 3.5947 11.7 -.25 3.5672 11.8 -.25 3.4022
4 0 11.8 -.25 3.7022 12.14 -.25 3.6197 12.1525 -.25 3.6172 12.2375 -.25 3.6972
4 0 11.8 -.25 3.7022 11.5 -.25 3.7022 11.6775 -.25 3.6197 11.69 -.25 3.6172
3 0 11.8 -.25 3.7022 11.7 -.25 3.8072 11.69 -.25 3.7847
4 0 11.5 -.25 3.7022 11.595 -.25 3.5047 11.61 -.25 3.5122 11.635 -.25 3.5297
4 0 11.5 -.25 3.7022 11.635 -.25 3.5297 11.6475 -.25 3.5447 11.66 -.25 3.5672
4 0 11.5 -.25 3.7022 11.1 -.25 3.7022 11.5 -.25 3.4022 11.565 -.25 3.4847
4 0 11.1 -.25 3.7022 11.225 -.25 3.3072 11.5 -.25 3.1522 11.5 -.25 3.4022
4 0 11.1 -.25 3.7022 11.0075 -.25 3.5647 11.0675 -.25 3.4822 11.155 -.25 3.3772
4 0 10.515 -.25 3.7022 10.485 -.25 3.6722 10.57 -.25 3.6397 10.59 -.25 3.6622
4 0 10.94 -.25 3.7097 10.96 -.25 3.6547 11.0075 -.25 3.5647 11.1 -.25 3.7022
4 0 10.2875 -.25 3.7222 10.25 -.25 3.6572 10.375 -.25 3.6022 10.395 -.25 3.6372
4 0 10.55 -.25 3.7372 10.515 -.25 3.7022 10.59 -.25 3.6622 10.63 -.25 3.7022
4 0 12.165 -.25 3.7522 11.8 -.25 3.7022 12.2375 -.25 3.6972 12.2025 -.25 3.7247
3 0 10.71 -.25 3.7597 10.765 -.25 3.7847 10.585 -.25 3.7822
4 0 10.57 -.25 3.7622 10.55 -.25 3.7372 10.63 -.25 3.7022 10.67 -.25 3.7372
4 0 10.3225 -.25 3.7747 10.2875 -.25 3.7222 10.395 -.25 3.6372 10.42 -.25 3.6747
4 0 10.585 -.25 3.7822 10.57 -.25 3.7622 10.67 -.25 3.7372 10.71 -.25 3.7597
4 0 11.69 -.25 3.7847 11.675 -.25 3.7847 11.5 -.25 3.7022 11.8 -.25 3.7022
3 0 11.675 -.25 3.7847 11.67 -.25 3.8022 11.5 -.25 3.7022
4 0 12.11 -.25 3.7897 11.8 -.25 3.7022 12.165 -.25 3.7522 12.14 -.25 3.7697
3 0 12.11 -.25 3.7897 12.07 -.25 3.8172 11.8 -.25 3.7022
3 0 10.82 -.25 3.8072 10.8 -.25 3.9522 10.765 -.25 3.7847
4 0 10.915 -.25 3.8122 10.925 -.25 3.7672 10.94 -.25 3.7097 11.1 -.25 3.7022
3 0 10.915 -.25 3.8122 10.8 -.25 3.9522 10.82 -.25 3.8072
3 0 12.07 -.25 3.8172 12.0325 -.25 3.8447 11.8 -.25 3.7022
3 0 12.245 -.25 3.8272 12.245 -.25 3.8522 12.2 -.25 3.8522
4 0 10.375 -.25 3.8297 10.3225 -.25 3.7747 10.42 -.25 3.6747 10.455 -.25 3.7147
4 0 12.2 -.25 3.8522 12.2375 -.25 3.7647 12.2425 -.25 3.8022 12.245 -.25 3.8272
4 0 12.2 -.25 3.8522 12.2025 -.25 3.7797 12.2225 -.25 3.7697 12.2375 -.25 3.7647
4 0 12.2 -.25 3.8522 12.1625 -.25 3.8047 12.18 -.25 3.7922 12.2025 -.25 3.7797
4 0 12.2 -.25 3.8522 12.11 -.25 3.8397 12.135 -.25 3.8222 12.1625 -.25 3.8047
3 0 12.2 -.25 3.8522 12.085 -.25 3.8572 12.11 -.25 3.8397
3 0 12.2 -.25 3.8522 12.005 -.25 3.9222 12.03 -.25 3.9022
4 0 10.45 -.25 3.8797 10.375 -.25 3.8297 10.455 -.25 3.7147 10.4925 -.25 3.7497
4 0 11.965 -.25 3.8947 11.8 -.25 3.7022 12.0325 -.25 3.8447 11.9925 -.25 3.8747
3 0 11.965 -.25 3.8947 11.9425 -.25 3.9147 11.8 -.25 3.7022
3 0 11.035 -.25 3.8972 11.0175 -.25 3.9022 11.1 -.25 3.7022
3 0 11.035 -.25 3.8972 11.5 -.25 3.9522 11.0475 -.25 3.9072
4 0 12.03 -.25 3.9022 12.0625 -.25 3.8747 12.085 -.25 3.8572 12.2 -.25 3.8522
4 0 11.73 -.25 3.9022 11.71 -.25 3.8522 11.7 -.25 3.8072 11.8 -.25 3.7022
3 0 11.0175 -.25 3.9022 10.9 -.25 3.9522 11.1 -.25 3.7022
3 0 11.0475 -.25 3.9072 11.5 -.25 3.9522 11.055 -.25 3.9222
4 0 10.515 -.25 3.9097 10.45 -.25 3.8797 10.4925 -.25 3.7497 10.525 -.25 3.7722
3 0 11.9425 -.25 3.9147 11.92 -.25 3.9397 11.8 -.25 3.7022
3 0 11.055 -.25 3.9222 11.5 -.25 3.9522 11.055 -.25 3.9472
3 0 11.01 -.25 3.9222 10.9 -.25 3.9522 11.0175 -.25 3.9022
4 0 10.545 -.25 3.9222 10.515 -.25 3.9097 10.525 -.25 3.7722 10.545 -.25 3.7872
4 0 10.571 -.25 3.9282 10.545 -.25 3.9222 10.545 -.25 3.7872 10.565 -.25 3.8022
4 0 12.2425 -.25 3.9322 12.2 -.25 3.8522 12.245 -.25 3.8522 12.245 -.25 3.9022
3 0 11.92 -.25 3.9397 11.9075 -.25 3.9547 11.8 -.25 3.7022
3 0 11.005 -.25 3.9422 10.9 -.25 3.9522 11.01 -.25 3.9222
3 0 11.005 -.25 3.9422 11.005 -.25 3.9672 10.9 -.25 3.9522
3 0 11.7 -.25 3.9447 11.5 -.25 3.9522 11.68 -.25 3.8872
3 0 11.7 -.25 3.9447 11.74 -.25 4.0172 11.5 -.25 3.9522
4 0 11.5 -.25 3.9522 11.5 -.25 3.7022 11.67 -.25 3.8022 11.68 -.25 3.8872
4 0 11.5 -.25 3.9522 11.035 -.25 3.8972 11.1 -.25 3.7022 11.5 -.25 3.7022
3 0 11.5 -.25 3.9522 11.0525 -.25 3.9772 11.055 -.25 3.9472
3 0 11.5 -.25 3.9522 11.05 -.25 4.0072 11.0525 -.25 3.9772
3 0 11.5 -.25 3.9522 11.07 -.25 4.0772 11.065 -.25 4.0572
3 0 11.5 -.25 3.9522 11.065 -.25 4.0897 11.07 -.25 4.0772
3 0 11.5 -.25 3.9522 10.995 -.25 4.1722 11.05 -.25 4.0922
4 0 10.9 -.25 3.9522 10.8 -.25 3.9522 10.915 -.25 3.8122 11.1 -.25 3.7022
3 0 10.9 -.25 3.9522 10.915 -.25 4.0122 10.9 -.25 4.0042
4 0 10.8 -.25 3.9522 10.5825 -.25 3.7972 10.585 -.25 3.7822 10.765 -.25 3.7847
4 0 10.8 -.25 3.9522 10.571 -.25 3.9282 10.565 -.25 3.8022 10.5825 -.25 3.7972
3 0 10.8 -.25 3.9522 10.6925 -.25 3.9847 10.685 -.25 3.9772
3 0 10.8 -.25 3.9522 10.6925 -.25 4.0022 10.6925 -.25 3.9847
3 0 11.9075 -.25 3.9547 11.9 -.25 3.9697 11.8 -.25 3.7022
3 0 11.005 -.25 3.9672 11.013 -.25 4.0022 10.9 -.25 3.9522
3 0 11.9 -.25 3.9697 11.895 -.25 3.9822 11.8 -.25 3.7022
4 0 10.685 -.25 3.9772 10.57 -.25 3.9422 10.571 -.25 3.9282 10.8 -.25 3.9522
3 0 10.685 -.25 3.9772 10.6725 -.25 3.9847 10.57 -.25 3.9422
3 0 11.92 -.25 3.9947 11.9 -.25 4.0522 11.9025 -.25 4.0047
4 0 10.6575 -.25 4.0022 10.555 -.25 3.9772 10.57 -.25 3.9422 10.6725 -.25 3.9847
3 0 10.9 -.25 4.0042 10.88 -.25 4.0122 10.9 -.25 3.9522
3 0 11.9025 -.25 4.0047 11.9 -.25 4.0522 11.8925 -.25 3.9972
3 0 10.915 -.25 4.0122 10.995 -.25 4.1722 10.925 -.25 4.0522
3 0 11.74 -.25 4.0172 11.8 -.25 4.1247 11.5 -.25 3.9522
4 0 10.645 -.25 4.0172 10.545 -.25 4.0072 10.555 -.25 3.9772 10.6575 -.25 4.0022
3 0 11.02 -.25 4.0322 10.995 -.25 4.1722 11.013 -.25 4.0022
4 0 11.815 -.25 4.0472 11.8 -.25 3.7022 11.895 -.25 3.9822 11.8925 -.25 3.9972
4 0 11.815 -.25 4.0472 11.77 -.25 3.9722 11.73 -.25 3.9022 11.8 -.25 3.7022
4 0 11.9 -.25 4.0522 11.9775 -.25 3.9447 12.005 -.25 3.9222 12.2 -.25 3.8522
4 0 11.9 -.25 4.0522 11.92 -.25 3.9947 11.9475 -.25 3.9697 11.9775 -.25 3.9447
3 0 11.9 -.25 4.0522 11.87 -.25 4.1822 11.85 -.25 4.1172
3 0 11.9 -.25 4.0522 11.89 -.25 4.2572 11.87 -.25 4.1822
4 0 10.535 -.25 4.0522 10.545 -.25 4.0072 10.645 -.25 4.0172 10.625 -.25 4.0472
4 0 11.065 -.25 4.0572 11.055 -.25 4.0322 11.05 -.25 4.0072 11.5 -.25 3.9522
3 0 11.03 -.25 4.0622 10.995 -.25 4.1722 11.02 -.25 4.0322
3 0 10.86 -.25 4.0672 10.86 -.25 4.1022 10.8 -.25 4.1022
3 0 10.86 -.25 4.0672 10.8 -.25 4.1022 10.865 -.25 4.0322
3 0 11.04 -.25 4.0822 10.995 -.25 4.1722 11.03 -.25 4.0622
4 0 10.53 -.25 4.0872 10.535 -.25 4.0522 10.625 -.25 4.0472 10.615 -.25 4.0822
3 0 11.065 -.25 4.0897 11.05 -.25 4.0922 11.5 -.25 3.9522
3 0 11.05 -.25 4.0922 10.995 -.25 4.1722 11.04 -.25 4.0822
4 0 10.8 -.25 4.1022 10.9 -.25 3.9522 10.88 -.25 4.0122 10.865 -.25 4.0322
4 0 10.8 -.25 4.1022 10.7 -.25 4.1022 10.8 -.25 3.9522 10.9 -.25 3.9522
3 0 10.8 -.25 4.1022 10.796 -.25 4.1322 10.785 -.25 4.1322
3 0 10.8 -.25 4.1022 10.8115 -.25 4.1437 10.796 -.25 4.1322
4 0 10.7 -.25 4.1022 10.6775 -.25 4.0322 10.6925 -.25 4.0022 10.8 -.25 3.9522
3 0 12.2075 -.25 4.1122 12.15 -.25 4.1522 12.2175 -.25 4.0772
4 0 10.65 -.25 4.1122 10.66 -.25 4.0672 10.6775 -.25 4.0322 10.7 -.25 4.1022
4 0 11.85 -.25 4.1172 11.815 -.25 4.0472 11.8925 -.25 3.9972 11.9 -.25 4.0522
3 0 11.8 -.25 4.1247 11.755 -.25 4.1972 11.74 -.25 4.1872
3 0 11.8 -.25 4.1247 11.77 -.25 4.2172 11.755 -.25 4.1972
4 0 10.785 -.25 4.1322 10.65 -.25 4.1122 10.7 -.25 4.1022 10.8 -.25 4.1022
4 0 10.53 -.25 4.1322 10.53 -.25 4.0872 10.615 -.25 4.0822 10.61 -.25 4.1072
3 0 10.865 -.25 4.1372 10.8225 -.25 4.1722 10.8115 -.25 4.1437
4 0 10.8115 -.25 4.1437 10.8 -.25 4.1022 10.86 -.25 4.1022 10.865 -.25 4.1372
4 0 12.15 -.25 4.1522 12.2 -.25 3.8522 12.2425 -.25 3.9322 12.2375 -.25 3.9772
4 0 12.15 -.25 4.1522 12.2375 -.25 3.9772 12.23 -.25 4.0272 12.2175 -.25 4.0772
4 0 10.6475 -.25 4.1622 10.65 -.25 4.1122 10.785 -.25 4.1322 10.77 -.25 4.1522
4 0 10.545 -.25 4.1672 10.53 -.25 4.1322 10.61 -.25 4.1072 10.605 -.25 4.1522
4 0 10.995 -.25 4.1722 10.915 -.25 4.0122 10.9 -.25 3.9522 11.013 -.25 4.0022
4 0 11.74 -.25 4.1872 11.73 -.25 4.1872 11.5 -.25 3.9522 11.8 -.25 4.1247
3 0 11.73 -.25 4.1872 11.725 -.25 4.1972 11.5 -.25 3.9522
4 0 10.96 -.25 4.1872 10.935 -.25 4.1172 10.925 -.25 4.0522 10.995 -.25 4.1722
4 0 10.8225 -.25 4.1972 10.8225 -.25 4.1722 10.865 -.25 4.1372 10.88 -.25 4.1872
4 0 12.175 -.25 4.2022 12.15 -.25 4.1522 12.2075 -.25 4.1122 12.195 -.25 4.1522
3 0 12.175 -.25 4.2022 12.155 -.25 4.2522 12.15 -.25 4.1522
4 0 10.65 -.25 4.2022 10.6475 -.25 4.1622 10.77 -.25 4.1522 10.764 -.25 4.1852
4 0 10.56 -.25 4.2122 10.545 -.25 4.1672 10.605 -.25 4.1522 10.605 -.25 4.2022
4 0 11.835 -.25 4.2422 11.78 -.25 4.2372 11.77 -.25 4.2172 11.8 -.25 4.1247
3 0 11.835 -.25 4.2422 11.79 -.25 4.2672 11.78 -.25 4.2372
3 0 11.835 -.25 4.2422 11.7925 -.25 4.2922 11.79 -.25 4.2672
4 0 10.89 -.25 4.2472 10.83 -.25 4.2372 10.8225 -.25 4.1972 10.88 -.25 4.1872
4 0 10.6 -.25 4.2522 10.56 -.25 4.2422 10.56 -.25 4.2122 10.605 -.25 4.2022
4 0 10.665 -.25 4.2772 10.65 -.25 4.2022 10.764 -.25 4.1852 10.764 -.25 4.2177
4 0 10.895 -.25 4.2822 10.845 -.25 4.2772 10.83 -.25 4.2372 10.89 -.25 4.2472
4 0 10.59 -.25 4.2822 10.5525 -.25 4.2722 10.56 -.25 4.2422 10.6 -.25 4.2522
4 0 11.5 -.25 4.3022 11.5 -.25 3.9522 11.725 -.25 4.1972 11.73 -.25 4.2147
4 0 11.5 -.25 4.3022 11.73 -.25 4.2147 11.74 -.25 4.2337 11.7475 -.25 4.2522
4 0 11.5 -.25 4.3022 11.7475 -.25 4.2522 11.754 -.25 4.2722 11.757 -.25 4.2922
3 0 11.5 -.25 4.3022 11.4 -.25 4.6247 11.3575 -.25 4.5922
3 0 11.5 -.25 4.3022 11.425 -.25 4.6572 11.4 -.25 4.6247
4 0 11.035 -.25 4.3097 10.995 -.25 4.1722 11.5 -.25 3.9522 11.5 -.25 4.3022
4 0 11.035 -.25 4.3097 10.995 -.25 4.2522 10.96 -.25 4.1872 10.995 -.25 4.1722
3 0 11.7925 -.25 4.3122 11.85 -.25 4.3572 11.7925 -.25 4.3372
4 0 10.575 -.25 4.3122 10.545 -.25 4.3022 10.5525 -.25 4.2722 10.59 -.25 4.2822
4 0 10.895 -.25 4.3172 10.86 -.25 4.3022 10.845 -.25 4.2772 10.895 -.25 4.2822
4 0 10.68 -.25 4.3172 10.665 -.25 4.2772 10.764 -.25 4.2177 10.7675 -.25 4.2572
4 0 11.7585 -.25 4.3372 11.5 -.25 4.3022 11.757 -.25 4.2922 11.7585 -.25 4.3122
4 0 10.56 -.25 4.3372 10.5425 -.25 4.3322 10.545 -.25 4.3022 10.575 -.25 4.3122
3 0 10.56 -.25 4.3372 10.545 -.25 4.3522 10.5425 -.25 4.3322
3 0 11.9 -.25 4.3422 11.95 -.25 4.5522 11.9 -.25 4.4122
4 0 11.85 -.25 4.3572 11.7925 -.25 4.3122 11.7925 -.25 4.2922 11.835 -.25 4.2422
3 0 11.85 -.25 4.3572 11.79 -.25 4.3597 11.7925 -.25 4.3372
3 0 11.85 -.25 4.3572 11.785 -.25 4.3772 11.79 -.25 4.3597
3 0 11.85 -.25 4.3572 11.7775 -.25 4.4022 11.785 -.25 4.3772
3 0 11.85 -.25 4.3572 11.65 -.25 4.6522 11.7775 -.25 4.4022
4 0 10.7 -.25 4.3572 10.68 -.25 4.3172 10.7675 -.25 4.2572 10.785 -.25 4.3222
4 0 10.885 -.25 4.3622 10.8675 -.25 4.3372 10.86 -.25 4.3022 10.895 -.25 4.3172
4 0 10.88 -.25 4.3747 10.87 -.25 4.3672 10.8675 -.25 4.3372 10.885 -.25 4.3622
3 0 10.88 -.25 4.3747 10.8725 -.25 4.3822 10.87 -.25 4.3672
4 0 11.755 -.25 4.3797 11.5 -.25 4.3022 11.7585 -.25 4.3372 11.7575 -.25 4.3597
3 0 11.755 -.25 4.3797 11.755 -.25 4.3972 11.5 -.25 4.3022
4 0 10.7225 -.25 4.3947 10.7 -.25 4.3572 10.785 -.25 4.3222 10.805 -.25 4.3697
3 0 11.7775 -.25 4.4022 11.65 -.25 4.6522 11.7625 -.25 4.4072
3 0 11.9 -.25 4.4122 11.95 -.25 4.5522 11.895 -.25 4.4922
4 0 12.07 -.25 4.4272 12.15 -.25 4.1522 12.155 -.25 4.2522 12.1075 -.25 4.3522
4 0 10.745 -.25 4.4322 10.7225 -.25 4.3947 10.805 -.25 4.3697 10.83 -.25 4.4147
4 0 11.1565 -.25 4.4427 11.07 -.25 4.3647 11.035 -.25 4.3097 11.5 -.25 4.3022
4 0 10.785 -.25 4.4797 10.745 -.25 4.4322 10.83 -.25 4.4147 10.8475 -.25 4.4472
3 0 10.8675 -.25 4.4847 10.885 -.25 4.5222 10.8125 -.25 4.5122
4 0 10.8125 -.25 4.5122 10.785 -.25 4.4797 10.8475 -.25 4.4472 10.8675 -.25 4.4847
4 0 11.95 -.25 4.5522 11.9 -.25 4.0522 12.2 -.25 3.8522 12.15 -.25 4.1522
4 0 11.95 -.25 4.5522 12.15 -.25 4.1522 12.07 -.25 4.4272 12.0425 -.25 4.4772
4 0 11.95 -.25 4.5522 11.9 -.25 4.3422 11.89 -.25 4.2572 11.9 -.25 4.0522
3 0 11.95 -.25 4.5522 11.885 -.25 4.5572 11.895 -.25 4.4922
4 0 11.99 -.25 4.5622 11.95 -.25 4.5522 12.0425 -.25 4.4772 12.0025 -.25 4.5422
3 0 11.99 -.25 4.5622 11.985 -.25 4.5797 11.95 -.25 4.5522
4 0 10.9 -.25 4.5622 10.8275 -.25 4.5372 10.8125 -.25 4.5122 10.885 -.25 4.5222
3 0 11.83 -.25 4.5672 11.65 -.25 4.6522 11.84 -.25 4.5022
3 0 11.985 -.25 4.5797 11.9825 -.25 4.6047 11.95 -.25 4.5522
4 0 11.3575 -.25 4.5922 11.2785 -.25 4.5392 11.1565 -.25 4.4427 11.5 -.25 4.3022
4 0 10.895 -.25 4.5972 10.8575 -.25 4.5872 10.8275 -.25 4.5372 10.9 -.25 4.5622
4 0 10.8775 -.25 4.6372 10.86 -.25 4.6222 10.8575 -.25 4.5872 10.895 -.25 4.5972
3 0 10.8775 -.25 4.6372 10.8575 -.25 4.6497 10.86 -.25 4.6222
4 0 11.9225 -.25 4.6522 11.905 -.25 4.6522 11.95 -.25 4.5522 11.9825 -.25 4.6047
4 0 11.905 -.25 4.6522 11.8575 -.25 4.6372 11.885 -.25 4.5572 11.95 -.25 4.5522
3 0 11.905 -.25 4.6522 11.905 -.25 4.6697 11.8575 -.25 4.6372
4 0 11.65 -.25 4.6522 11.5 -.25 4.3022 11.755 -.25 4.3972 11.7625 -.25 4.4072
4 0 11.65 -.25 4.6522 11.85 -.25 4.3572 11.85 -.25 4.4372 11.84 -.25 4.5022
3 0 11.65 -.25 4.6522 11.47 -.25 4.7722 11.46 -.25 4.7222
3 0 11.65 -.25 4.6522 11.465 -.25 4.8322 11.47 -.25 4.7722
3 0 11.65 -.25 4.6522 11.45 -.25 4.9522 11.465 -.25 4.8322
3 0 12.635 -.25 4.6597 12.565 -.25 4.7047 12.585 -.25 4.6597
4 0 11.9355 -.25 4.6647 11.9225 -.25 4.6522 11.9825 -.25 4.6047 11.995 -.25 4.6297
3 0 12.03 -.25 4.6722 11.9475 -.25 4.6772 12.01 -.25 4.6547
3 0 12.0625 -.25 4.6772 12.155 -.25 4.7247 12.1325 -.25 4.7247
3 0 12.0625 -.25 4.6772 12.1325 -.25 4.7247 12.125 -.25 4.7247
4 0 11.9475 -.25 4.6772 11.9355 -.25 4.6647 11.995 -.25 4.6297 12.01 -.25 4.6547
3 0 12.797 -.25 4.6797 12.8 -.25 4.7022 12.7375 -.25 4.6772
3 0 12.945 -.25 4.6972 12.955 -.25 4.7247 12.9375 -.25 4.7247
4 0 12.8 -.25 4.7022 12.797 -.25 4.6797 12.845 -.25 4.6797 12.89 -.25 4.6847
4 0 12.65 -.25 4.7022 12.635 -.25 4.6597 12.6825 -.25 4.6647 12.7375 -.25 4.6772
3 0 12.65 -.25 4.7022 12.7325 -.25 4.8147 12.7125 -.25 4.8122
3 0 12.65 -.25 4.7022 12.5475 -.25 4.8172 12.5175 -.25 4.8147
3 0 12.65 -.25 4.7022 12.7475 -.25 4.8222 12.7325 -.25 4.8147
3 0 12.65 -.25 4.7022 12.565 -.25 4.8222 12.5475 -.25 4.8172
3 0 12.65 -.25 4.7022 12.6 -.25 4.8322 12.565 -.25 4.8222
4 0 12 -.25 4.7022 11.935 -.25 4.6872 11.9475 -.25 4.6772 12.03 -.25 4.6722
3 0 12 -.25 4.7022 11.85 -.25 4.7522 11.935 -.25 4.6872
4 0 12.5405 -.25 4.7027 12.505 -.25 4.6672 12.5375 -.25 4.6647 12.5525 -.25 4.6997
4 0 12.565 -.25 4.7047 12.5525 -.25 4.6997 12.5375 -.25 4.6647 12.585 -.25 4.6597
4 0 12.53 -.25 4.7072 12.4675 -.25 4.6722 12.505 -.25 4.6672 12.5405 -.25 4.7027
4 0 12.4075 -.25 4.7072 12.3925 -.25 4.7072 12.375 -.25 4.6772 12.4675 -.25 4.6722
3 0 12.3925 -.25 4.7072 12.3775 -.25 4.7097 12.375 -.25 4.6772
4 0 12.415 -.25 4.7097 12.4075 -.25 4.7072 12.4675 -.25 4.6722 12.53 -.25 4.7072
4 0 12.5675 -.25 4.7122 12.565 -.25 4.7047 12.635 -.25 4.6597 12.65 -.25 4.7022
4 0 12.36 -.25 4.7122 12.305 -.25 4.6797 12.375 -.25 4.6772 12.3775 -.25 4.7097
4 0 12.5325 -.25 4.7172 12.415 -.25 4.7147 12.415 -.25 4.7097 12.53 -.25 4.7072
3 0 12.555 -.25 4.7197 12.55 -.25 4.7622 12.5425 -.25 4.7197
3 0 12.5425 -.25 4.7197 12.55 -.25 4.7622 12.5325 -.25 4.7172
4 0 12.3175 -.25 4.7197 12.305 -.25 4.6797 12.36 -.25 4.7122 12.3375 -.25 4.7172
4 0 12.2875 -.25 4.7222 12.225 -.25 4.6797 12.305 -.25 4.6797 12.3175 -.25 4.7197
4 0 11.46 -.25 4.7222 11.425 -.25 4.6572 11.5 -.25 4.3022 11.65 -.25 4.6522
3 0 12.4075 -.25 4.7247 12.55 -.25 4.7622 12.3975 -.25 4.7297
4 0 12.26 -.25 4.7247 12.225 -.25 4.7247 12.225 -.25 4.6797 12.2875 -.25 4.7222
4 0 12.19 -.25 4.7247 12.12 -.25 4.6797 12.225 -.25 4.6797 12.225 -.25 4.7247
4 0 12.19 -.25 4.7247 12.155 -.25 4.7247 12.0625 -.25 4.6772 12.12 -.25 4.6797
4 0 12.125 -.25 4.7247 12 -.25 4.7022 12.03 -.25 4.6722 12.0625 -.25 4.6772
3 0 12.125 -.25 4.7247 12.125 -.25 4.7322 12 -.25 4.7022
4 0 12.9225 -.25 4.7272 12.89 -.25 4.6847 12.945 -.25 4.6972 12.9375 -.25 4.7247
4 0 12.9675 -.25 4.7297 12.955 -.25 4.7247 12.945 -.25 4.6972 12.995 -.25 4.7122
3 0 12.3975 -.25 4.7297 12.55 -.25 4.7622 12.3825 -.25 4.7347
4 0 12.92 -.25 4.7347 12.8 -.25 4.7022 12.89 -.25 4.6847 12.9225 -.25 4.7272
3 0 12.3825 -.25 4.7347 12.55 -.25 4.7622 12.3675 -.25 4.7397
3 0 13.045 -.25 4.7372 12.9775 -.25 4.7447 12.9775 -.25 4.7372
4 0 12.9775 -.25 4.7372 12.9675 -.25 4.7297 12.995 -.25 4.7122 13.045 -.25 4.7372
3 0 12.145 -.25 4.7397 12.15 -.25 4.8022 12.13 -.25 4.7355
3 0 12.165 -.25 4.7447 12.15 -.25 4.8022 12.145 -.25 4.7397
3 0 12.205 -.25 4.7472 12.15 -.25 4.8022 12.165 -.25 4.7447
3 0 12.97 -.25 4.7522 13.05 -.25 4.8022 12.9525 -.25 4.7597
4 0 11.85 -.25 4.7522 11.905 -.25 4.6697 11.92 -.25 4.6772 11.935 -.25 4.6872
4 0 11.85 -.25 4.7522 11.8225 -.25 4.7272 11.8575 -.25 4.6372 11.905 -.25 4.6697
3 0 12.9375 -.25 4.7547 12.85 -.25 4.8022 12.9275 -.25 4.7447
4 0 12.55 -.25 4.7622 12.555 -.25 4.7197 12.5675 -.25 4.7122 12.65 -.25 4.7022
4 0 12.55 -.25 4.7622 12.4075 -.25 4.7247 12.415 -.25 4.7147 12.5325 -.25 4.7172
4 0 12.55 -.25 4.7622 12.325 -.25 4.7497 12.345 -.25 4.7447 12.3675 -.25 4.7397
3 0 12.55 -.25 4.7622 12.475 -.25 4.8097 12.425 -.25 4.8097
4 0 11.755 -.25 4.7722 11.65 -.25 4.6522 11.83 -.25 4.5672 11.805 -.25 4.6422
4 0 11.805 -.25 4.7972 11.8075 -.25 4.7647 11.8225 -.25 4.7272 11.85 -.25 4.7522
4 0 13.05 -.25 4.8022 13.045 -.25 4.7372 13.07 -.25 4.7522 13.09 -.25 4.7722
4 0 13.05 -.25 4.8022 12.97 -.25 4.7522 12.9775 -.25 4.7447 13.045 -.25 4.7372
4 0 13.05 -.25 4.8022 13.09 -.25 4.7722 13.1 -.25 4.7872 13.1025 -.25 4.7997
4 0 12.85 -.25 4.8022 12.8 -.25 4.7022 12.92 -.25 4.7347 12.9275 -.25 4.7447
4 0 12.85 -.25 4.8022 12.65 -.25 4.7022 12.7375 -.25 4.6772 12.8 -.25 4.7022
4 0 12.85 -.25 4.8022 12.9375 -.25 4.7547 12.9525 -.25 4.7597 13.05 -.25 4.8022
3 0 12.85 -.25 4.8022 12.78 -.25 4.8547 12.765 -.25 4.8347
3 0 12.85 -.25 4.8022 12.79 -.25 4.8747 12.78 -.25 4.8547
4 0 12.15 -.25 4.8022 12 -.25 4.7022 12.125 -.25 4.7322 12.13 -.25 4.7355
4 0 12.15 -.25 4.8022 12.205 -.25 4.7472 12.25 -.25 4.7497 12.2875 -.25 4.7522
4 0 12.15 -.25 4.8022 12.2875 -.25 4.7522 12.325 -.25 4.7497 12.55 -.25 4.7622
3 0 12.425 -.25 4.8097 12.355 -.25 4.8122 12.55 -.25 4.7622
3 0 12.7125 -.25 4.8122 12.6925 -.25 4.8172 12.65 -.25 4.7022
3 0 12.355 -.25 4.8122 12.295 -.25 4.8197 12.55 -.25 4.7622
4 0 12.5175 -.25 4.8147 12.475 -.25 4.8097 12.55 -.25 4.7622 12.65 -.25 4.7022
3 0 12.6925 -.25 4.8172 12.68 -.25 4.8222 12.65 -.25 4.7022
4 0 13.08 -.25 4.8272 13.05 -.25 4.8022 13.1025 -.25 4.7997 13.0975 -.25 4.8122
4 0 12.765 -.25 4.8347 12.7475 -.25 4.8222 12.65 -.25 4.7022 12.85 -.25 4.8022
4 0 12.6475 -.25 4.8347 12.65 -.25 4.7022 12.68 -.25 4.8222 12.6625 -.25 4.8322
4 0 12.2125 -.25 4.8347 12.15 -.25 4.8022 12.55 -.25 4.7622 12.295 -.25 4.8197
3 0 12.2125 -.25 4.8347 12.125 -.25 4.8522 12.15 -.25 4.8022
4 0 12.629 -.25 4.8362 12.6 -.25 4.8322 12.65 -.25 4.7022 12.6475 -.25 4.8347
3 0 12.125 -.25 4.8522 12.04 -.25 4.8722 12.15 -.25 4.8022
4 0 11.85 -.25 4.8522 11.85 -.25 4.7522 12 -.25 4.7022 12.15 -.25 4.8022
4 0 11.81 -.25 4.8572 11.805 -.25 4.7972 11.85 -.25 4.7522 11.85 -.25 4.8522
4 0 13.0275 -.25 4.8622 13.05 -.25 4.8022 13.08 -.25 4.8272 13.0525 -.25 4.8472
4 0 12.9725 -.25 4.8847 12.85 -.25 4.8022 13.05 -.25 4.8022 13.0275 -.25 4.8622
4 0 11.975 -.25 4.8922 11.85 -.25 4.8522 12.15 -.25 4.8022 12.04 -.25 4.8722
4 0 11.855 -.25 4.9062 11.83 -.25 4.8922 11.81 -.25 4.8572 11.85 -.25 4.8522
4 0 12.875 -.25 4.9072 12.85 -.25 4.8022 12.9725 -.25 4.8847 12.91 -.25 4.8997
4 0 12.82 -.25 4.9072 12.8075 -.25 4.8972 12.79 -.25 4.8747 12.85 -.25 4.8022
4 0 11.885 -.25 4.9072 11.855 -.25 4.9062 11.85 -.25 4.8522 11.975 -.25 4.8922
4 0 12.85 -.25 4.9097 12.82 -.25 4.9072 12.85 -.25 4.8022 12.875 -.25 4.9072
3 0 11.45 -.25 4.9522 11.48 -.25 5.0597 11.465 -.25 5.0472
4 0 11.395 -.25 4.9752 11.415 -.25 4.9272 11.465 -.25 4.8322 11.45 -.25 4.9522
4 0 11.63 -.25 4.9872 11.65 -.25 4.6522 11.755 -.25 4.7722 11.69 -.25 4.8972
3 0 11.6345 -.25 5.0352 11.525 -.25 5.0772 11.6285 -.25 5.0092
3 0 11.6345 -.25 5.0352 11.66 -.25 5.1422 11.635 -.25 5.1272
4 0 11.4475 -.25 5.0472 11.395 -.25 4.9752 11.45 -.25 4.9522 11.465 -.25 5.0472
3 0 11.48 -.25 5.0597 11.525 -.25 5.0772 11.48 -.25 5.0772
4 0 11.445 -.25 5.0622 11.39 -.25 5.0522 11.395 -.25 4.9752 11.4475 -.25 5.0472
4 0 11.525 -.25 5.0772 11.65 -.25 4.6522 11.63 -.25 4.9872 11.6285 -.25 5.0092
4 0 11.525 -.25 5.0772 11.48 -.25 5.0597 11.45 -.25 4.9522 11.65 -.25 4.6522
3 0 11.525 -.25 5.0772 11.47 -.25 5.0847 11.48 -.25 5.0772
4 0 11.395 -.25 5.1022 11.39 -.25 5.0522 11.445 -.25 5.0622 11.455 -.25 5.0747
4 0 11.405 -.25 5.1172 11.395 -.25 5.1022 11.455 -.25 5.0747 11.47 -.25 5.0847
4 0 11.635 -.25 5.1272 11.6225 -.25 5.1272 11.525 -.25 5.0772 11.6345 -.25 5.0352
4 0 11.43 -.25 5.1372 11.405 -.25 5.1172 11.47 -.25 5.0847 11.525 -.25 5.0772
4 0 11.6 -.25 5.1522 11.525 -.25 5.0772 11.6225 -.25 5.1272 11.6225 -.25 5.1372
4 0 11.5575 -.25 5.2172 11.43 -.25 5.1372 11.525 -.25 5.0772 11.6 -.25 5.1522
4 0 11.5575 -.25 5.2172 11.6 -.25 5.1522 11.6225 -.25 5.1372 11.6325 -.25 5.1497
4 0 11.745 -.25 5.2197 11.66 -.25 5.1422 11.6345 -.25 5.0352 11.72 -.25 5.1322
3 0 11.7225 -.25 5.2422 11.805 -.25 5.3147 11.6625 -.25 5.2897
3 0 11.845 -.25 5.2472 11.8275 -.25 5.3022 11.82 -.25 5.2922
3 0 11.845 -.25 5.2472 11.8375 -.25 5.3197 11.8275 -.25 5.3022
4 0 11.6625 -.25 5.2897 11.5575 -.25 5.2172 11.6325 -.25 5.1497 11.7225 -.25 5.2422
4 0 11.82 -.25 5.2922 11.745 -.25 5.2197 11.72 -.25 5.1322 11.845 -.25 5.2472
3 0 11.9215 -.25 5.3122 11.88 -.25 5.3722 11.845 -.25 5.2472
3 0 11.815 -.25 5.3247 11.75 -.25 5.3522 11.805 -.25 5.3147
3 0 11.8275 -.25 5.3347 11.75 -.25 5.3522 11.815 -.25 5.3247
3 0 11.75 -.25 5.3522 11.82 -.25 5.4522 11.735 -.25 5.3622
4 0 11.735 -.25 5.3622 11.6625 -.25 5.2897 11.805 -.25 5.3147 11.75 -.25 5.3522
4 0 11.88 -.25 5.3722 11.8425 -.25 5.3347 11.8375 -.25 5.3197 11.845 -.25 5.2472
4 0 11.88 -.25 5.3722 11.75 -.25 5.3522 11.8275 -.25 5.3347 11.8425 -.25 5.3347
3 0 11.88 -.25 5.3722 11.9675 -.25 5.4047 11.96 -.25 5.4047
4 0 12.013 -.25 5.3962 11.88 -.25 5.3722 11.9215 -.25 5.3122 11.9625 -.25 5.3407
3 0 12.013 -.25 5.3962 11.99 -.25 5.4147 11.98 -.25 5.4072
3 0 12.013 -.25 5.3962 12.0025 -.25 5.4297 11.99 -.25 5.4147
3 0 12.013 -.25 5.3962 12.005 -.25 5.4372 12.0025 -.25 5.4297
3 0 11.96 -.25 5.4047 11.96 -.25 5.4122 11.88 -.25 5.3722
4 0 11.98 -.25 5.4072 11.9675 -.25 5.4047 11.88 -.25 5.3722 12.013 -.25 5.3962
4 0 12.0485 -.25 5.4112 12.013 -.25 5.3962 11.9625 -.25 5.3407 12.016 -.25 5.3812
3 0 11.96 -.25 5.4122 11.96 -.25 5.4197 11.88 -.25 5.3722
3 0 12.004 -.25 5.4447 11.96 -.25 5.5122 11.9975 -.25 5.4447
3 0 11.9975 -.25 5.4447 11.96 -.25 5.5122 11.9875 -.25 5.4447
3 0 11.9875 -.25 5.4447 11.96 -.25 5.5122 11.97 -.25 5.4322
3 0 11.82 -.25 5.4522 11.96 -.25 5.5122 11.84 -.25 5.4772
4 0 12.05 -.25 5.4622 12.013 -.25 5.3962 12.0485 -.25 5.4112 12.0635 -.25 5.4272
4 0 12.05 -.25 5.4622 12.004 -.25 5.4447 12.005 -.25 5.4372 12.013 -.25 5.3962
4 0 12.084 -.25 5.4632 12.05 -.25 5.4622 12.0635 -.25 5.4272 12.0745 -.25 5.4427
3 0 12.084 -.25 5.4632 12.103 -.25 5.4942 12.05 -.25 5.4622
3 0 11.84 -.25 5.4772 11.96 -.25 5.5122 11.85 -.25 5.5022
4 0 11.96 -.25 5.5122 11.88 -.25 5.3722 11.96 -.25 5.4197 11.97 -.25 5.4322
4 0 11.96 -.25 5.5122 11.82 -.25 5.4522 11.75 -.25 5.3522 11.88 -.25 5.3722
3 0 12.1535 -.25 5.5372 12.075 -.25 5.5772 12.1295 -.25 5.5207
4 0 11.8675 -.25 5.5397 11.855 -.25 5.5172 11.85 -.25 5.5022 11.96 -.25 5.5122
3 0 12.1785 -.25 5.5537 12.075 -.25 5.5772 12.1535 -.25 5.5372
4 0 12.075 -.25 5.5772 12.05 -.25 5.4622 12.103 -.25 5.4942 12.1295 -.25 5.5207
4 0 12.075 -.25 5.5772 11.96 -.25 5.5122 12.004 -.25 5.4447 12.05 -.25 5.4622
3 0 12.075 -.25 5.5772 11.97 -.25 5.6422 11.97 -.25 5.6222
3 0 12.075 -.25 5.5772 11.96 -.25 5.6597 11.97 -.25 5.6422
4 0 12.2185 -.25 5.5807 12.075 -.25 5.5772 12.1785 -.25 5.5537 12.2 -.25 5.5672
4 0 11.925 -.25 5.5822 11.885 -.25 5.5572 11.8675 -.25 5.5397 11.96 -.25 5.5122
4 0 11.96 -.25 5.6072 11.9385 -.25 5.5922 11.925 -.25 5.5822 11.96 -.25 5.5122
4 0 11.97 -.25 5.6222 11.96 -.25 5.6072 11.96 -.25 5.5122 12.075 -.25 5.5772
4 0 12.206 -.25 5.6242 12.1905 -.25 5.6242 12.075 -.25 5.5772 12.2185 -.25 5.5807
3 0 12.1905 -.25 5.6242 12.1835 -.25 5.6307 12.075 -.25 5.5772
4 0 12.22 -.25 5.6307 12.206 -.25 5.6242 12.2185 -.25 5.5807 12.234 -.25 5.5982
3 0 12.1835 -.25 5.6307 12.1815 -.25 5.6392 12.075 -.25 5.5772
3 0 12.1815 -.25 5.6392 12.1805 -.25 5.6487 12.075 -.25 5.5772
4 0 12.2305 -.25 5.6437 12.22 -.25 5.6307 12.234 -.25 5.5982 12.2735 -.25 5.6377
3 0 12.2055 -.25 5.6592 12.18 -.25 5.7022 12.195 -.25 5.6597
3 0 12.195 -.25 5.6597 12.18 -.25 5.7022 12.1855 -.25 5.6542
4 0 12.251 -.25 5.6692 12.2425 -.25 5.6592 12.2305 -.25 5.6437 12.2735 -.25 5.6377
4 0 12.3125 -.25 5.6857 12.2545 -.25 5.6797 12.251 -.25 5.6692 12.2735 -.25 5.6377
3 0 12.254 -.25 5.6937 12.2575 -.25 5.7397 12.242 -.25 5.6982
3 0 12.2285 -.25 5.6967 12.18 -.25 5.7022 12.221 -.25 5.6927
3 0 12.242 -.25 5.6982 12.2575 -.25 5.7397 12.2285 -.25 5.6967
4 0 12.18 -.25 5.7022 12.075 -.25 5.5772 12.1805 -.25 5.6487 12.1855 -.25 5.6542
4 0 12.18 -.25 5.7022 12.2055 -.25 5.6592 12.215 -.25 5.6597 12.22 -.25 5.6682
4 0 12.18 -.25 5.7022 12.22 -.25 5.6682 12.2215 -.25 5.6797 12.221 -.25 5.6927
4 0 11.955 -.25 5.7097 11.955 -.25 5.6772 11.96 -.25 5.6597 12.075 -.25 5.5772
4 0 11.9875 -.25 5.7322 11.9662 -.25 5.7222 11.955 -.25 5.7097 12.075 -.25 5.5772
4 0 12.2575 -.25 5.7397 12.3125 -.25 5.6857 12.321 -.25 5.7107 12.3205 -.25 5.7332
4 0 12.2575 -.25 5.7397 12.254 -.25 5.6937 12.2545 -.25 5.6797 12.3125 -.25 5.6857
4 0 12.2905 -.25 5.7477 12.2575 -.25 5.7397 12.3205 -.25 5.7332 12.3095 -.25 5.7422
4 0 12.075 -.25 5.7572 12.05 -.25 5.7522 11.9875 -.25 5.7322 12.075 -.25 5.5772
4 0 12.15 -.25 5.7622 12.18 -.25 5.7022 12.2285 -.25 5.6967 12.2575 -.25 5.7397
4 0 12.15 -.25 5.7622 12.2575 -.25 5.7397 12.2905 -.25 5.7477 12.23 -.25 5.7572
4 0 12.15 -.25 5.7622 12.075 -.25 5.7572 12.075 -.25 5.5772 12.18 -.25 5.7022
4 0 12.3372 -.25 .3411 12 -.25 .3322 12 -.25 .1647 12.346 -.25 .1738
4 0 11.6627 -.25 .3411 11.654 -.25 .1738 12 -.25 .1647 12 -.25 .3322
4 0 12.6735 -.25 .3675 12.3372 -.25 .3411 12.346 -.25 .1738 12.691 -.25 .2009
4 0 11.3264 -.25 .3675 11.3089 -.25 .2009 11.654 -.25 .1738 11.6627 -.25 .3411
4 0 13.008 -.25 .4116 12.6735 -.25 .3675 12.691 -.25 .2009 13.0342 -.25 .2461
4 0 10.992 -.25 .4116 10.9658 -.25 .2461 11.3089 -.25 .2009 11.3264 -.25 .3675
4 0 13.3397 -.25 .473 13.008 -.25 .4116 13.0342 -.25 .2461 13.3745 -.25 .3092
4 0 10.6603 -.25 .473 10.6255 -.25 .3092 10.9658 -.25 .2461 10.992 -.25 .4116
4 0 13.6677 -.25 .5518 13.3397 -.25 .473 13.3745 -.25 .3092 13.711 -.25 .39
4 0 10.3323 -.25 .5518 10.2889 -.25 .39 10.6255 -.25 .3092 10.6603 -.25 .473
4 0 13.9911 -.25 .6476 13.6677 -.25 .5518 13.711 -.25 .39 14.0429 -.25 .4883
4 0 10.0088 -.25 .6476 9.9571 -.25 .4883 10.2889 -.25 .39 10.3323 -.25 .5518
4 0 14.3091 -.25 .7602 13.9911 -.25 .6476 14.0429 -.25 .4883 14.3692 -.25 .6038
4 0 9.6908 -.25 .7602 9.6308 -.25 .6038 9.9571 -.25 .4883 10.0088 -.25 .6476
4 0 14.5625 -.25 .8637 14.3091 -.25 .7602 14.3692 -.25 .6038 14.6889 -.25 .7363
4 0 9.4375 -.25 .8637 9.311 -.25 .7363 9.6308 -.25 .6038 9.6908 -.25 .7602
4 0 14.73 -.25 2.6022 14.5625 -.25 .8637 14.6889 -.25 .7363 14.73 -.25 .7547
4 0 9.4375 -.25 .8637 9.4375 -.25 2.6022 9.2817 -.25 2.7804 9.27 -.25 2.6022
3 0 14.73 -.25 2.6022 14.5625 -.25 2.6022 14.5625 -.25 .8637
4 0 9.27 -.25 2.6022 9.27 -.25 .7547 9.311 -.25 .7363 9.4375 -.25 .8637
4 0 14.5625 -.25 2.6022 14.73 -.25 2.6022 14.6859 -.25 3.2753 14.5198 -.25 3.2534
4 0 9.4802 -.25 3.2534 9.6075 -.25 3.8935 9.4457 -.25 3.9369 9.3141 -.25 3.2753
4 0 14.3374 -.25 4.5756 14.1827 -.25 4.5115 14.3925 -.25 3.8935 14.5543 -.25 3.9369
4 0 9.6625 -.25 4.5756 9.4457 -.25 3.9369 9.6075 -.25 3.8935 9.8173 -.25 4.5115
4 0 14.0391 -.25 5.1806 13.8941 -.25 5.0968 14.1827 -.25 4.5115 14.3374 -.25 4.5756
4 0 9.9608 -.25 5.1806 9.6625 -.25 4.5756 9.8173 -.25 4.5115 10.1059 -.25 5.0968
4 0 13.6644 -.25 5.7414 13.5315 -.25 5.6394 13.8941 -.25 5.0968 14.0391 -.25 5.1806
4 0 10.3356 -.25 5.7414 9.9608 -.25 5.1806 10.1059 -.25 5.0968 10.4685 -.25 5.6394
4 0 13.2196 -.25 6.2485 13.1012 -.25 6.1301 13.5315 -.25 5.6394 13.6644 -.25 5.7414
4 0 10.7803 -.25 6.2485 10.3356 -.25 5.7414 10.4685 -.25 5.6394 10.8988 -.25 6.1301
4 0 12.7125 -.25 6.6933 12.6105 -.25 6.5604 13.1012 -.25 6.1301 13.2196 -.25 6.2485
4 0 11.2875 -.25 6.6933 10.7803 -.25 6.2485 10.8988 -.25 6.1301 11.3894 -.25 6.5604
4 0 12.5125 -.25 5.2097 12.4875 -.25 5.2047 12.495 -.25 5.1972 12.505 -.25 5.2022
4 0 12.4825 -.25 5.2222 12.4875 -.25 5.2047 12.5125 -.25 5.2097 12.5225 -.25 5.2222
4 0 12.4825 -.25 5.2422 12.4825 -.25 5.2222 12.5225 -.25 5.2222 12.535 -.25 5.2347
4 0 12.7125 -.25 5.2597 12.6825 -.25 5.1997 12.715 -.25 5.1947 12.75 -.25 5.2597
4 0 12.6925 -.25 5.2622 12.6475 -.25 5.2072 12.6825 -.25 5.1997 12.7125 -.25 5.2597
4 0 12.7775 -.25 5.2672 12.75 -.25 5.2597 12.715 -.25 5.1947 12.755 -.25 5.1947
4 0 12.4825 -.25 5.2672 12.4825 -.25 5.2422 12.535 -.25 5.2347 12.55 -.25 5.2397
4 0 12.6625 -.25 5.2722 12.6225 -.25 5.2172 12.6475 -.25 5.2072 12.6925 -.25 5.2622
4 0 12.7975 -.25 5.2747 12.7775 -.25 5.2672 12.755 -.25 5.1947 12.7925 -.25 5.1972
4 0 12.8125 -.25 5.2847 12.7975 -.25 5.2747 12.7925 -.25 5.1972 12.82 -.25 5.2047
4 0 12.63 -.25 5.2872 12.5975 -.25 5.2297 12.6225 -.25 5.2172 12.6625 -.25 5.2722
4 0 12.8275 -.25 5.2972 12.8125 -.25 5.2847 12.82 -.25 5.2047 12.845 -.25 5.2147
4 0 12.6 -.25 5.3047 12.57 -.25 5.2397 12.5975 -.25 5.2297 12.63 -.25 5.2872
4 0 12.835 -.25 5.3122 12.8275 -.25 5.2972 12.845 -.25 5.2147 12.875 -.25 5.2347
4 0 12.5725 -.25 5.3247 12.55 -.25 5.2397 12.57 -.25 5.2397 12.6 -.25 5.3047
4 0 12.5725 -.25 5.3247 12.48 -.25 5.3022 12.4825 -.25 5.2672 12.55 -.25 5.2397
4 0 12.8375 -.25 5.3297 12.835 -.25 5.3122 12.875 -.25 5.2347 12.8975 -.25 5.2547
4 0 12.8375 -.25 5.3447 12.8375 -.25 5.3297 12.8975 -.25 5.2547 12.9175 -.25 5.2797
4 0 12.5475 -.25 5.3472 12.4725 -.25 5.3447 12.48 -.25 5.3022 12.5725 -.25 5.3247
4 0 12.8325 -.25 5.3597 12.8375 -.25 5.3447 12.9175 -.25 5.2797 12.935 -.25 5.3122
4 0 12.825 -.25 5.3722 12.8325 -.25 5.3597 12.935 -.25 5.3122 12.9375 -.25 5.3347
4 0 12.4625 -.25 5.3822 12.4725 -.25 5.3447 12.5475 -.25 5.3472 12.5275 -.25 5.3697
4 0 12.8125 -.25 5.3872 12.825 -.25 5.3722 12.9375 -.25 5.3347 12.9375 -.25 5.3722
4 0 12.4475 -.25 5.3997 12.4625 -.25 5.3822 12.5275 -.25 5.3697 12.515 -.25 5.3897
4 0 12.505 -.25 5.4072 12.435 -.25 5.4047 12.4475 -.25 5.3997 12.515 -.25 5.3897
4 0 12.935 -.25 5.4097 12.795 -.25 5.4022 12.8125 -.25 5.3872 12.9375 -.25 5.3722
4 0 12.49 -.25 5.4247 12.435 -.25 5.4197 12.435 -.25 5.4047 12.505 -.25 5.4072
4 0 12.4775 -.25 5.4372 12.44 -.25 5.4347 12.435 -.25 5.4197 12.49 -.25 5.4247
4 0 12.4625 -.25 5.4472 12.45 -.25 5.4472 12.44 -.25 5.4347 12.4775 -.25 5.4372
4 0 12.925 -.25 5.4497 12.775 -.25 5.4172 12.795 -.25 5.4022 12.935 -.25 5.4097
4 0 12.905 -.25 5.4897 12.75 -.25 5.4322 12.775 -.25 5.4172 12.925 -.25 5.4497
4 0 12.88 -.25 5.5197 12.725 -.25 5.4447 12.75 -.25 5.4322 12.905 -.25 5.4897
4 0 12.8525 -.25 5.5447 12.6975 -.25 5.4547 12.725 -.25 5.4447 12.88 -.25 5.5197
4 0 12.8175 -.25 5.5622 12.665 -.25 5.4672 12.6975 -.25 5.4547 12.8525 -.25 5.5447
4 0 12.7725 -.25 5.5772 12.64 -.25 5.4747 12.665 -.25 5.4672 12.8175 -.25 5.5622
4 0 12.72 -.25 5.5872 12.6075 -.25 5.4847 12.64 -.25 5.4747 12.7725 -.25 5.5772
4 0 12.675 -.25 5.5997 12.5775 -.25 5.4972 12.6075 -.25 5.4847 12.72 -.25 5.5872
4 0 12.635 -.25 5.6122 12.545 -.25 5.5122 12.5775 -.25 5.4972 12.675 -.25 5.5997
4 0 12.6 -.25 5.6272 12.51 -.25 5.5347 12.545 -.25 5.5122 12.635 -.25 5.6122
4 0 12.5775 -.25 5.6397 12.4775 -.25 5.5597 12.51 -.25 5.5347 12.6 -.25 5.6272
4 0 12.555 -.25 5.6522 12.45 -.25 5.5922 12.4775 -.25 5.5597 12.5775 -.25 5.6397
4 0 12.5375 -.25 5.6672 12.4275 -.25 5.6297 12.45 -.25 5.5922 12.555 -.25 5.6522
4 0 12.5175 -.25 5.6872 12.415 -.25 5.6622 12.4275 -.25 5.6297 12.5375 -.25 5.6672
4 0 12.5025 -.25 5.7072 12.405 -.25 5.7022 12.415 -.25 5.6622 12.5175 -.25 5.6872
4 0 12.4 -.25 5.7322 12.405 -.25 5.7022 12.5025 -.25 5.7072 12.4925 -.25 5.7272
4 0 12.9 -.25 5.7372 12.8475 -.25 5.6247 12.8775 -.25 5.6247 12.9 -.25 5.6272
4 0 12.9 -.25 5.7372 12.9 -.25 5.6272 12.9275 -.25 5.6347 12.96 -.25 5.6522
4 0 12.9 -.25 5.7372 12.8075 -.25 5.6422 12.8275 -.25 5.6297 12.8475 -.25 5.6247
4 0 12.9 -.25 5.7372 12.96 -.25 5.6522 12.975 -.25 5.6747 12.9825 -.25 5.7047
4 0 12.9 -.25 5.7372 12.79 -.25 5.6772 12.7925 -.25 5.6597 12.8075 -.25 5.6422
4 0 12.9 -.25 5.7372 12.805 -.25 5.7172 12.7925 -.25 5.6922 12.79 -.25 5.6772
4 0 12.84 -.25 5.7472 12.825 -.25 5.7372 12.805 -.25 5.7172 12.9 -.25 5.7372
4 0 12.9075 -.25 5.7497 12.9 -.25 5.7372 12.9825 -.25 5.7047 12.985 -.25 5.7347
3 0 12.865 -.25 5.7522 12.9 -.25 5.7372 12.8825 -.25 5.7472
4 0 12.85 -.25 5.7522 12.84 -.25 5.7472 12.9 -.25 5.7372 12.865 -.25 5.7522
4 0 12.985 -.25 5.7622 12.91 -.25 5.7622 12.9075 -.25 5.7497 12.985 -.25 5.7347
4 0 12.49 -.25 5.7647 12.4 -.25 5.7647 12.4 -.25 5.7322 12.4925 -.25 5.7272
4 0 12.9825 -.25 5.7922 12.9125 -.25 5.7897 12.91 -.25 5.7622 12.985 -.25 5.7622
4 0 12.405 -.25 5.8022 12.4 -.25 5.7647 12.49 -.25 5.7647 12.4925 -.25 5.7922
4 0 12.9775 -.25 5.8197 12.91 -.25 5.8147 12.9125 -.25 5.7897 12.9825 -.25 5.7922
4 0 12.9725 -.25 5.8397 12.905 -.25 5.8372 12.91 -.25 5.8147 12.9775 -.25 5.8197
4 0 12.4125 -.25 5.8422 12.405 -.25 5.8022 12.4925 -.25 5.7922 12.5 -.25 5.8172
4 0 12.9625 -.25 5.8672 12.895 -.25 5.8547 12.905 -.25 5.8372 12.9725 -.25 5.8397
4 0 12.4275 -.25 5.8772 12.4125 -.25 5.8422 12.5 -.25 5.8172 12.5075 -.25 5.8372
4 0 12.95 -.25 5.8897 12.8825 -.25 5.8697 12.895 -.25 5.8547 12.9625 -.25 5.8672
4 0 12.4475 -.25 5.9097 12.4275 -.25 5.8772 12.5075 -.25 5.8372 12.52 -.25 5.8597
4 0 12.93 -.25 5.9172 12.865 -.25 5.8872 12.8825 -.25 5.8697 12.95 -.25 5.8897
4 0 12.9025 -.25 5.9422 12.8475 -.25 5.8997 12.865 -.25 5.8872 12.93 -.25 5.9172
4 0 12.4775 -.25 5.9422 12.4475 -.25 5.9097 12.52 -.25 5.8597 12.535 -.25 5.8797
4 0 12.88 -.25 5.9597 12.83 -.25 5.9097 12.8475 -.25 5.8997 12.9025 -.25 5.9422
4 0 12.505 -.25 5.9647 12.4775 -.25 5.9422 12.535 -.25 5.8797 12.555 -.25 5.8972
4 0 12.855 -.25 5.9722 12.81 -.25 5.9172 12.83 -.25 5.9097 12.88 -.25 5.9597
4 0 12.82 -.25 5.9872 12.7875 -.25 5.9247 12.81 -.25 5.9172 12.855 -.25 5.9722
4 0 12.5575 -.25 5.9897 12.505 -.25 5.9647 12.555 -.25 5.8972 12.5725 -.25 5.9072
4 0 12.785 -.25 5.9972 12.765 -.25 5.9297 12.7875 -.25 5.9247 12.82 -.25 5.9872
4 0 12.5925 -.25 6 12.5575 -.25 5.9897 12.5725 -.25 5.9072 12.595 -.25 5.9197
4 0 12.76 -.25 6.0022 12.735 -.25 5.9347 12.765 -.25 5.9297 12.785 -.25 5.9972
4 0 12.73 -.25 6.0047 12.7025 -.25 5.9372 12.735 -.25 5.9347 12.76 -.25 6.0022
4 0 12.625 -.25 6.0047 12.5925 -.25 6 12.595 -.25 5.9197 12.6175 -.25 5.9272
4 0 12.6975 -.25 6.0072 12.675 -.25 5.9372 12.7025 -.25 5.9372 12.73 -.25 6.0047
4 0 12.66 -.25 6.0072 12.64 -.25 5.9322 12.675 -.25 5.9372 12.6975 -.25 6.0072
4 0 12.66 -.25 6.0072 12.625 -.25 6.0047 12.6175 -.25 5.9272 12.64 -.25 5.9322
4 0 10.57 -.25 5.2097 10.555 -.25 5.1947 10.545 -.25 5.1747 10.57 -.25 5.1847
4 0 10.5825 -.25 5.2222 10.57 -.25 5.2097 10.57 -.25 5.1847 10.5875 -.25 5.1922
4 0 10.6025 -.25 5.2372 10.5825 -.25 5.2222 10.5875 -.25 5.1922 10.61 -.25 5.2022
4 0 10.895 -.25 5.2472 10.9175 -.25 5.2472 10.9325 -.25 5.3197 10.895 -.25 5.3197
4 0 10.895 -.25 5.2472 10.895 -.25 5.3197 10.86 -.25 5.3172 10.8675 -.25 5.2472
4 0 10.8675 -.25 5.2472 10.86 -.25 5.3172 10.825 -.25 5.3147 10.8275 -.25 5.2447
4 0 10.62 -.25 5.2472 10.6025 -.25 5.2372 10.61 -.25 5.2022 10.6325 -.25 5.2097
4 0 11.4425 -.25 5.2572 11.4175 -.25 5.3047 11.405 -.25 5.2972 11.4225 -.25 5.2447
4 0 10.6425 -.25 5.2597 10.62 -.25 5.2472 10.6325 -.25 5.2097 10.6525 -.25 5.2147
4 0 10.67 -.25 5.2722 10.6425 -.25 5.2597 10.6525 -.25 5.2147 10.6775 -.25 5.2222
4 0 11.34 -.25 5.2797 11.3175 -.25 5.2797 11.29 -.25 5.2172 11.3225 -.25 5.2197
4 0 11.3575 -.25 5.2822 11.34 -.25 5.2797 11.3225 -.25 5.2197 11.35 -.25 5.2247
4 0 11.2875 -.25 5.2822 11.26 -.25 5.2172 11.29 -.25 5.2172 11.3175 -.25 5.2797
4 0 11.2675 -.25 5.2847 11.23 -.25 5.2172 11.26 -.25 5.2172 11.2875 -.25 5.2822
4 0 11.3775 -.25 5.2872 11.3575 -.25 5.2822 11.35 -.25 5.2247 11.375 -.25 5.2297
4 0 10.7075 -.25 5.2872 10.67 -.25 5.2722 10.6775 -.25 5.2222 10.705 -.25 5.2297
4 0 11.235 -.25 5.2897 11.1925 -.25 5.2172 11.23 -.25 5.2172 11.2675 -.25 5.2847
4 0 11.3925 -.25 5.2922 11.3775 -.25 5.2872 11.375 -.25 5.2297 11.4 -.25 5.2372
4 0 10.735 -.25 5.2947 10.7075 -.25 5.2872 10.705 -.25 5.2297 10.7325 -.25 5.2347
4 0 11.405 -.25 5.2972 11.3925 -.25 5.2922 11.4 -.25 5.2372 11.4225 -.25 5.2447
4 0 11.1975 -.25 5.2972 11.1575 -.25 5.2197 11.1925 -.25 5.2172 11.235 -.25 5.2897
4 0 10.7675 -.25 5.3022 10.735 -.25 5.2947 10.7325 -.25 5.2347 10.7625 -.25 5.2397
4 0 11.1625 -.25 5.3047 11.1175 -.25 5.2222 11.1575 -.25 5.2197 11.1975 -.25 5.2972
4 0 10.8 -.25 5.3097 10.7675 -.25 5.3022 10.7625 -.25 5.2397 10.79 -.25 5.2422
4 0 11.4275 -.25 5.3122 11.4175 -.25 5.3047 11.4425 -.25 5.2572 11.4625 -.25 5.2722
4 0 11.1325 -.25 5.3122 11.06 -.25 5.2297 11.1175 -.25 5.2222 11.1625 -.25 5.3047
4 0 10.825 -.25 5.3147 10.8 -.25 5.3097 10.79 -.25 5.2422 10.8275 -.25 5.2447
4 0 11.44 -.25 5.3222 11.4275 -.25 5.3122 11.4625 -.25 5.2722 11.48 -.25 5.2872
4 0 10.965 -.25 5.3222 10.9325 -.25 5.3197 10.9175 -.25 5.2472 10.95 -.25 5.2447
4 0 11.0875 -.25 5.3247 11 -.25 5.2397 11.06 -.25 5.2297 11.1325 -.25 5.3122
4 0 11.0875 -.25 5.3247 10.965 -.25 5.3222 10.95 -.25 5.2447 11 -.25 5.2397
4 0 11.4525 -.25 5.3372 11.44 -.25 5.3222 11.48 -.25 5.2872 11.5 -.25 5.3072
4 0 11.1 -.25 5.3422 10.9775 -.25 5.3297 10.965 -.25 5.3222 11.0875 -.25 5.3247
4 0 11.46 -.25 5.3472 11.4525 -.25 5.3372 11.5 -.25 5.3072 11.51 -.25 5.3272
4 0 11.465 -.25 5.3572 11.46 -.25 5.3472 11.51 -.25 5.3272 11.5175 -.25 5.3522
4 0 11.115 -.25 5.3672 10.9875 -.25 5.3422 10.9775 -.25 5.3297 11.1 -.25 5.3422
4 0 11.5225 -.25 5.3772 11.4675 -.25 5.3697 11.465 -.25 5.3572 11.5175 -.25 5.3522
3 0 11.2875 -.25 5.3947 11.2825 -.25 5.3697 11.3 -.25 5.3847
4 0 11.5225 -.25 5.4072 11.4675 -.25 5.3747 11.4675 -.25 5.3697 11.5225 -.25 5.3772
4 0 11.295 -.25 5.4147 11.2875 -.25 5.3947 11.3 -.25 5.3847 11.31 -.25 5.3922
4 0 11.52 -.25 5.4322 11.4675 -.25 5.3847 11.4675 -.25 5.3747 11.5225 -.25 5.4072
4 0 11.155 -.25 5.4347 11.0025 -.25 5.3672 10.9875 -.25 5.3422 11.115 -.25 5.3672
4 0 11.31 -.25 5.4397 11.295 -.25 5.4147 11.31 -.25 5.3922 11.3275 -.25 5.4022
4 0 11.515 -.25 5.4472 11.465 -.25 5.3947 11.4675 -.25 5.3847 11.52 -.25 5.4322
4 0 11.33 -.25 5.4597 11.31 -.25 5.4397 11.3275 -.25 5.4022 11.34 -.25 5.4097
4 0 11.5075 -.25 5.4622 11.4625 -.25 5.4022 11.465 -.25 5.3947 11.515 -.25 5.4472
4 0 11.35 -.25 5.4747 11.33 -.25 5.4597 11.34 -.25 5.4097 11.3575 -.25 5.4172
4 0 11.4925 -.25 5.4772 11.4525 -.25 5.4122 11.4625 -.25 5.4022 11.5075 -.25 5.4622
4 0 11.3725 -.25 5.4847 11.35 -.25 5.4747 11.3575 -.25 5.4172 11.3725 -.25 5.4222
4 0 11.47 -.25 5.4872 11.44 -.25 5.4197 11.4525 -.25 5.4122 11.4925 -.25 5.4772
4 0 11.3925 -.25 5.4897 11.3725 -.25 5.4847 11.3725 -.25 5.4222 11.39 -.25 5.4247
4 0 11.445 -.25 5.4922 11.4225 -.25 5.4247 11.44 -.25 5.4197 11.47 -.25 5.4872
4 0 11.42 -.25 5.4922 11.41 -.25 5.4247 11.4225 -.25 5.4247 11.445 -.25 5.4922
4 0 11.42 -.25 5.4922 11.3925 -.25 5.4897 11.39 -.25 5.4247 11.41 -.25 5.4247
4 0 11.185 -.25 5.4947 11.0375 -.25 5.4347 11.0025 -.25 5.3672 11.155 -.25 5.4347
3 0 10.955 -.25 5.5397 10.955 -.25 5.5172 10.9625 -.25 5.5272
4 0 10.96 -.25 5.5572 10.955 -.25 5.5397 10.9625 -.25 5.5272 10.97 -.25 5.5347
4 0 11.2125 -.25 5.5622 11.065 -.25 5.4947 11.0375 -.25 5.4347 11.185 -.25 5.4947
4 0 10.9675 -.25 5.5722 10.96 -.25 5.5572 10.97 -.25 5.5347 10.98 -.25 5.5422
4 0 10.9775 -.25 5.5897 10.9675 -.25 5.5722 10.98 -.25 5.5422 10.99 -.25 5.5497
4 0 10.99 -.25 5.6047 10.9775 -.25 5.5897 10.99 -.25 5.5497 11.0025 -.25 5.5572
4 0 11.0075 -.25 5.6172 10.99 -.25 5.6047 11.0025 -.25 5.5572 11.015 -.25 5.5622
4 0 11.0275 -.25 5.6297 11.0075 -.25 5.6172 11.015 -.25 5.5622 11.035 -.25 5.5647
4 0 11.265 -.25 5.6322 11.2525 -.25 5.6322 11.2525 -.25 5.5647 11.27 -.25 5.5697
4 0 11.2825 -.25 5.6372 11.265 -.25 5.6322 11.27 -.25 5.5697 11.2875 -.25 5.5772
4 0 11.245 -.25 5.6372 11.23 -.25 5.5622 11.2525 -.25 5.5647 11.2525 -.25 5.6322
4 0 11.055 -.25 5.6397 11.0275 -.25 5.6297 11.035 -.25 5.5647 11.05 -.25 5.5647
4 0 11.12 -.25 5.6422 11.2125 -.25 5.5622 11.23 -.25 5.5622 11.245 -.25 5.6372
4 0 11.12 -.25 5.6422 11.09 -.25 5.5647 11.065 -.25 5.4947 11.2125 -.25 5.5622
4 0 11.0825 -.25 5.6422 11.07 -.25 5.5647 11.09 -.25 5.5647 11.12 -.25 5.6422
4 0 11.0825 -.25 5.6422 11.055 -.25 5.6397 11.05 -.25 5.5647 11.07 -.25 5.5647
4 0 11.3 -.25 5.6447 11.2825 -.25 5.6372 11.2875 -.25 5.5772 11.3025 -.25 5.5897
4 0 11.125 -.25 5.6497 11.12 -.25 5.6422 11.245 -.25 5.6372 11.2425 -.25 5.6472
4 0 11.315 -.25 5.6522 11.3 -.25 5.6447 11.3025 -.25 5.5897 11.3175 -.25 5.6047
4 0 11.3275 -.25 5.6597 11.315 -.25 5.6522 11.3175 -.25 5.6047 11.33 -.25 5.6197
4 0 11.3375 -.25 5.6672 11.3275 -.25 5.6597 11.33 -.25 5.6197 11.3375 -.25 5.6347
4 0 11.245 -.25 5.6672 11.1275 -.25 5.6622 11.125 -.25 5.6497 11.2425 -.25 5.6472
4 0 11.35 -.25 5.6747 11.3375 -.25 5.6672 11.3375 -.25 5.6347 11.345 -.25 5.6522
4 0 11.135 -.25 5.6797 11.1275 -.25 5.6622 11.245 -.25 5.6672 11.25 -.25 5.6797
4 0 11.1425 -.25 5.6997 11.135 -.25 5.6797 11.25 -.25 5.6797 11.2575 -.25 5.6972
4 0 11.2725 -.25 5.7272 11.1525 -.25 5.7247 11.1425 -.25 5.6997 11.2575 -.25 5.6972
4 0 11.6825 -.25 5.7422 11.6625 -.25 5.6172 11.675 -.25 5.6172 11.6875 -.25 5.6197
3 0 11.6825 -.25 5.7422 11.6875 -.25 5.6197 11.7 -.25 5.6222
4 0 11.6825 -.25 5.7422 11.7 -.25 5.6222 11.7125 -.25 5.6297 11.725 -.25 5.6422
4 0 11.6825 -.25 5.7422 11.63 -.25 5.6272 11.645 -.25 5.6222 11.6625 -.25 5.6172
4 0 11.6825 -.25 5.7422 11.725 -.25 5.6422 11.735 -.25 5.6547 11.745 -.25 5.6747
4 0 11.6825 -.25 5.7422 11.6025 -.25 5.6447 11.6175 -.25 5.6347 11.63 -.25 5.6272
3 0 11.6825 -.25 5.7422 11.5925 -.25 5.6522 11.6025 -.25 5.6447
3 0 11.6825 -.25 5.7422 11.5825 -.25 5.6597 11.5925 -.25 5.6522
4 0 11.6825 -.25 5.7422 11.745 -.25 5.6747 11.75 -.25 5.6947 11.7525 -.25 5.7097
4 0 11.6825 -.25 5.7422 11.565 -.25 5.6772 11.5725 -.25 5.6672 11.5825 -.25 5.6597
4 0 11.6825 -.25 5.7422 11.5575 -.25 5.7022 11.56 -.25 5.6897 11.565 -.25 5.6772
3 0 11.6825 -.25 5.7422 11.7525 -.25 5.7097 11.7575 -.25 5.7372
3 0 11.6825 -.25 5.7422 11.5575 -.25 5.7197 11.5575 -.25 5.7022
4 0 11.6825 -.25 5.7422 11.56 -.25 5.7422 11.5575 -.25 5.7297 11.5575 -.25 5.7197
4 0 11.5825 -.25 5.7597 11.57 -.25 5.7522 11.56 -.25 5.7422 11.6825 -.25 5.7422
4 0 11.1675 -.25 5.7597 11.1525 -.25 5.7247 11.2725 -.25 5.7272 11.2925 -.25 5.7597
3 0 11.615 -.25 5.7622 11.6825 -.25 5.7422 11.6525 -.25 5.7547
4 0 11.5975 -.25 5.7622 11.5825 -.25 5.7597 11.6825 -.25 5.7422 11.615 -.25 5.7622
4 0 11.76 -.25 5.7722 11.6925 -.25 5.7572 11.6825 -.25 5.7422 11.7575 -.25 5.7372
4 0 11.185 -.25 5.7947 11.1675 -.25 5.7597 11.2925 -.25 5.7597 11.31 -.25 5.7897
4 0 11.7575 -.25 5.7972 11.705 -.25 5.7872 11.6925 -.25 5.7572 11.76 -.25 5.7722
4 0 11.7525 -.25 5.8272 11.7075 -.25 5.8122 11.705 -.25 5.7872 11.7575 -.25 5.7972
4 0 11.2075 -.25 5.8347 11.185 -.25 5.7947 11.31 -.25 5.7897 11.335 -.25 5.8272
4 0 11.7425 -.25 5.8622 11.705 -.25 5.8322 11.7075 -.25 5.8122 11.7525 -.25 5.8272
4 0 11.24 -.25 5.8847 11.2075 -.25 5.8347 11.335 -.25 5.8272 11.3575 -.25 5.8572
4 0 11.7275 -.25 5.8972 11.6975 -.25 5.8547 11.705 -.25 5.8322 11.7425 -.25 5.8622
4 0 11.7125 -.25 5.9222 11.6825 -.25 5.8747 11.6975 -.25 5.8547 11.7275 -.25 5.8972
4 0 11.275 -.25 5.9272 11.24 -.25 5.8847 11.3575 -.25 5.8572 11.385 -.25 5.8922
4 0 11.6925 -.25 5.9472 11.6675 -.25 5.8922 11.6825 -.25 5.8747 11.7125 -.25 5.9222
4 0 11.3125 -.25 5.9647 11.275 -.25 5.9272 11.385 -.25 5.8922 11.405 -.25 5.9147
4 0 11.6725 -.25 5.9672 11.645 -.25 5.9097 11.6675 -.25 5.8922 11.6925 -.25 5.9472
4 0 11.645 -.25 5.9872 11.625 -.25 5.9222 11.645 -.25 5.9097 11.6725 -.25 5.9672
4 0 11.345 -.25 5.9897 11.3125 -.25 5.9647 11.405 -.25 5.9147 11.425 -.25 5.9297
4 0 11.6175 -.25 6.0022 11.6025 -.25 5.9322 11.625 -.25 5.9222 11.645 -.25 5.9872
4 0 11.38 -.25 6.0072 11.345 -.25 5.9897 11.425 -.25 5.9297 11.4425 -.25 5.9397
4 0 11.59 -.25 6.0122 11.5825 -.25 5.9397 11.6025 -.25 5.9322 11.6175 -.25 6.0022
4 0 11.41 -.25 6.0197 11.38 -.25 6.0072 11.4425 -.25 5.9397 11.465 -.25 5.9472
4 0 11.55 -.25 6.0222 11.555 -.25 5.9472 11.5825 -.25 5.9397 11.59 -.25 6.0122
4 0 11.525 -.25 6.0272 11.535 -.25 5.9522 11.555 -.25 5.9472 11.55 -.25 6.0222
4 0 11.525 -.25 6.0272 11.4925 -.25 6.0272 11.5125 -.25 5.9522 11.535 -.25 5.9522
4 0 11.4925 -.25 6.0272 11.44 -.25 6.0272 11.49 -.25 5.9522 11.5125 -.25 5.9522
4 0 11.44 -.25 6.0272 11.41 -.25 6.0197 11.465 -.25 5.9472 11.49 -.25 5.9522
4 0 11.3894 -.25 6.5604 11.8205 -.25 6.8484 11.5197 -.25 6.8484 11.2875 -.25 6.6933
4 0 12.1795 -.25 6.8484 12.6105 -.25 6.5604 12.7125 -.25 6.6933 12.4803 -.25 6.8484
4 0 14.3925 -.25 3.8935 14.5198 -.25 3.2534 14.677 -.25 3.3199 14.5543 -.25 3.9369
3 0 14.677 -.25 3.3199 14.5198 -.25 3.2534 14.6859 -.25 3.2753
4 0 9.2817 -.25 2.7804 9.4375 -.25 2.6022 9.4802 -.25 3.2534 9.3141 -.25 3.2753
0 // Red faces
3 4 9.27 -.25 .5322 10.6255 -.25 .3092 10.2889 -.25 .39
3 4 9.27 -.25 .5322 10.2889 -.25 .39 9.9571 -.25 .4883
3 4 9.27 -.25 .5322 9.9571 -.25 .4883 9.6308 -.25 .6038
3 4 14.73 -.25 .5322 14.0429 -.25 .4883 13.711 -.25 .39
3 4 14.73 -.25 .5322 14.3692 -.25 .6038 14.0429 -.25 .4883
3 4 14.73 -.25 .5322 14.6889 -.25 .7363 14.3692 -.25 .6038
3 4 14.73 -.25 .5322 14.73 -.25 .7547 14.6889 -.25 .7363
3 4 9.311 -.25 .7363 9.27 -.25 .5322 9.6308 -.25 .6038
3 4 9.27 -.25 .7547 9.27 -.25 .5322 9.311 -.25 .7363
3 4 12.3985 -.25 -.0144 13.3745 -.25 .3092 13.0342 -.25 .2461
3 4 11.6015 -.25 -.0144 11.3089 -.25 .2009 10.9658 -.25 .2461
4 4 10.6255 -.25 .3092 9.27 -.25 .5322 11.6015 -.25 -.0144 10.9658 -.25 .2461
3 4 11.654 -.25 .1738 11.3089 -.25 .2009 11.6015 -.25 -.0144
3 4 13.3745 -.25 .3092 12.3985 -.25 -.0144 14.73 -.25 .5322
3 4 12.3985 -.25 -.0144 12.346 -.25 .1738 12 -.25 .1647
3 4 13.3745 -.25 .3092 14.73 -.25 .5322 13.711 -.25 .39
3 4 12.346 -.25 .1738 12.3985 -.25 -.0144 12.691 -.25 .2009
3 4 12.691 -.25 .2009 12.3985 -.25 -.0144 13.0342 -.25 .2461
3 4 11.6015 -.25 -.0144 12.3985 -.25 -.0144 12 -.25 .1647
3 4 11.6015 -.25 -.0144 12 -.25 .1647 11.654 -.25 .1738
0 // Yellow faces
4 14 11.715 -.25 .7597 11.705 -.25 .7422 11.7125 -.25 .7472 11.7175 -.25 .7547
4 14 11.705 -.25 .7672 11.6875 -.25 .7397 11.705 -.25 .7422 11.715 -.25 .7597
4 14 11.6925 -.25 .7722 11.675 -.25 .7447 11.6875 -.25 .7397 11.705 -.25 .7672
4 14 11.68 -.25 .7772 11.665 -.25 .7522 11.675 -.25 .7447 11.6925 -.25 .7722
4 14 11.67 -.25 .7797 11.66 -.25 .7597 11.665 -.25 .7522 11.68 -.25 .7772
4 14 11.67 -.25 .7797 11.655 -.25 .7797 11.655 -.25 .7672 11.66 -.25 .7597
3 14 11.655 -.25 .7797 11.65 -.25 .7747 11.655 -.25 .7672
4 14 12.06 -.25 .8747 12.0525 -.25 .8747 12.0575 -.25 .8597 12.065 -.25 .8672
4 14 12.0525 -.25 .8747 12.045 -.25 .8747 12.0475 -.25 .8597 12.0575 -.25 .8597
4 14 12.0375 -.25 .8772 12.0375 -.25 .8597 12.0475 -.25 .8597 12.045 -.25 .8747
4 14 11.66 -.25 .8772 11.65 -.25 .8597 11.6575 -.25 .8647 11.6625 -.25 .8722
4 14 12.03 -.25 .8797 12.0275 -.25 .8622 12.0375 -.25 .8597 12.0375 -.25 .8772
4 14 12.02 -.25 .8847 12.015 -.25 .8672 12.0275 -.25 .8622 12.03 -.25 .8797
4 14 11.65 -.25 .8847 11.6325 -.25 .8572 11.65 -.25 .8597 11.66 -.25 .8772
4 14 12.0125 -.25 .8897 12.005 -.25 .8747 12.015 -.25 .8672 12.02 -.25 .8847
4 14 11.6375 -.25 .8897 11.62 -.25 .8622 11.6325 -.25 .8572 11.65 -.25 .8847
4 14 12.2325 -.25 .8947 12.235 -.25 .8872 12.24 -.25 .8897 12.2475 -.25 .8947
4 14 11.625 -.25 .8947 11.61 -.25 .8697 11.62 -.25 .8622 11.6375 -.25 .8897
4 14 12.005 -.25 .8972 11.995 -.25 .8847 12.005 -.25 .8747 12.0125 -.25 .8897
4 14 11.615 -.25 .8972 11.605 -.25 .8772 11.61 -.25 .8697 11.625 -.25 .8947
4 14 11.615 -.25 .8972 11.6 -.25 .8972 11.6 -.25 .8847 11.605 -.25 .8772
3 14 11.6 -.25 .8972 11.595 -.25 .8922 11.6 -.25 .8847
4 14 12 -.25 .9022 11.99 -.25 .8972 11.995 -.25 .8847 12.005 -.25 .8972
4 14 12.2375 -.25 .9047 12.2325 -.25 .8947 12.2475 -.25 .8947 12.2575 -.25 .9022
4 14 11.995 -.25 .9072 11.9875 -.25 .9047 11.99 -.25 .8972 12 -.25 .9022
3 14 11.99 -.25 .9097 11.9875 -.25 .9047 11.995 -.25 .9072
4 14 12.2475 -.25 .9197 12.2375 -.25 .9047 12.2575 -.25 .9022 12.2675 -.25 .9097
4 14 12.26 -.25 .9347 12.2475 -.25 .9197 12.2675 -.25 .9097 12.2825 -.25 .9197
4 14 12.275 -.25 .9497 12.26 -.25 .9347 12.2825 -.25 .9197 12.2975 -.25 .9297
4 14 12.115 -.25 .9547 12.1075 -.25 .9547 12.125 -.25 .9222 12.135 -.25 .9322
4 14 12.1075 -.25 .9547 12.0975 -.25 .9547 12.11 -.25 .9122 12.125 -.25 .9222
4 14 12.0975 -.25 .9547 12.09 -.25 .9547 12.095 -.25 .9047 12.11 -.25 .9122
4 14 12.1225 -.25 .9572 12.115 -.25 .9547 12.135 -.25 .9322 12.14 -.25 .9397
4 14 12.0825 -.25 .9572 12.075 -.25 .9022 12.095 -.25 .9047 12.09 -.25 .9547
3 14 12.14 -.25 .9597 12.13 -.25 .9597 12.1425 -.25 .9472
4 14 12.13 -.25 .9597 12.1225 -.25 .9572 12.14 -.25 .9397 12.1425 -.25 .9472
4 14 12.0775 -.25 .9597 12.0575 -.25 .9047 12.075 -.25 .9022 12.0825 -.25 .9572
4 14 12.2925 -.25 .9622 12.275 -.25 .9497 12.2975 -.25 .9297 12.32 -.25 .9422
4 14 12.0725 -.25 .9622 12.045 -.25 .9097 12.0575 -.25 .9047 12.0775 -.25 .9597
4 14 12.0675 -.25 .9672 12.035 -.25 .9172 12.045 -.25 .9097 12.0725 -.25 .9622
4 14 12.31 -.25 .9722 12.2925 -.25 .9622 12.32 -.25 .9422 12.3375 -.25 .9522
4 14 12.06 -.25 .9722 12.0275 -.25 .9272 12.035 -.25 .9172 12.0675 -.25 .9672
4 14 12.33 -.25 .9797 12.31 -.25 .9722 12.3375 -.25 .9522 12.3575 -.25 .9597
4 14 12.055 -.25 .9797 12.02 -.25 .9397 12.0275 -.25 .9272 12.06 -.25 .9722
4 14 12.0475 -.25 .9872 12.015 -.25 .9497 12.02 -.25 .9397 12.055 -.25 .9797
4 14 12.355 -.25 .9897 12.33 -.25 .9797 12.3575 -.25 .9597 12.375 -.25 .9672
4 14 12.0425 -.25 .9922 12.01 -.25 .9622 12.015 -.25 .9497 12.0475 -.25 .9872
4 14 12.3725 -.25 .9947 12.355 -.25 .9897 12.375 -.25 .9672 12.4 -.25 .9772
4 14 12.035 -.25 .9972 12.0075 -.25 .9747 12.01 -.25 .9622 12.0425 -.25 .9922
4 14 12.3925 -.25 1 12.3725 -.25 .9947 12.4 -.25 .9772 12.4175 -.25 .9822
4 14 12.025 -.25 1 12.01 -.25 .9897 12.0075 -.25 .9747 12.035 -.25 .9972
3 14 12.025 -.25 1 12.015 -.25 1 12.01 -.25 .9897
4 14 12.455 -.25 1.0022 12.445 -.25 1.0022 12.4525 -.25 .9922 12.46 -.25 .9972
4 14 12.445 -.25 1.0022 12.4325 -.25 1.0022 12.44 -.25 .9897 12.4525 -.25 .9922
4 14 12.4325 -.25 1.0022 12.415 -.25 1.0022 12.43 -.25 .9872 12.44 -.25 .9897
4 14 12.415 -.25 1.0022 12.3925 -.25 1 12.4175 -.25 .9822 12.43 -.25 .9872
4 14 11.55 -.25 1.0197 11.54 -.25 1.0197 11.5425 -.25 1.0022 11.555 -.25 1
4 14 11.56 -.25 1.0222 11.55 -.25 1.0197 11.555 -.25 1 11.565 -.25 1
4 14 11.53 -.25 1.0222 11.53 -.25 1.0022 11.5425 -.25 1.0022 11.54 -.25 1.0197
4 14 11.53 -.25 1.0222 11.52 -.25 1.0222 11.5175 -.25 1.0047 11.53 -.25 1.0022
4 14 11.52 -.25 1.0222 11.51 -.25 1.0222 11.51 -.25 1.0072 11.5175 -.25 1.0047
4 14 11.51 -.25 1.0222 11.505 -.25 1.0197 11.505 -.25 1.0122 11.51 -.25 1.0072
4 14 11.5675 -.25 1.0247 11.56 -.25 1.0222 11.565 -.25 1 11.5825 -.25 1
4 14 11.575 -.25 1.0272 11.5675 -.25 1.0247 11.5825 -.25 1 11.595 -.25 1.0022
4 14 11.585 -.25 1.0322 11.575 -.25 1.0272 11.595 -.25 1.0022 11.605 -.25 1
4 14 11.5975 -.25 1.0372 11.585 -.25 1.0322 11.605 -.25 1 11.615 -.25 .9972
4 14 11.61 -.25 1.0422 11.5975 -.25 1.0372 11.615 -.25 .9972 11.6225 -.25 .9947
4 14 11.645 -.25 1.0472 11.645 -.25 1.0097 11.65 -.25 1.0222 11.65 -.25 1.0447
4 14 11.62 -.25 1.0472 11.61 -.25 1.0422 11.6225 -.25 .9947 11.6275 -.25 .9947
4 14 11.64 -.25 1.0522 11.64 -.25 .9972 11.645 -.25 1.0097 11.645 -.25 1.0472
4 14 11.64 -.25 1.0522 11.63 -.25 1.0522 11.635 -.25 .9947 11.64 -.25 .9972
4 14 11.63 -.25 1.0522 11.62 -.25 1.0472 11.6275 -.25 .9947 11.635 -.25 .9947
3 14 12.655 -.25 1.1272 12.6575 -.25 1.1172 12.665 -.25 1.1097
4 14 12.6575 -.25 1.1397 12.655 -.25 1.1272 12.665 -.25 1.1097 12.675 -.25 1.1022
4 14 12.66 -.25 1.1422 12.6575 -.25 1.1397 12.675 -.25 1.1022 12.6875 -.25 1.0972
4 14 12.665 -.25 1.1447 12.66 -.25 1.1422 12.6875 -.25 1.0972 12.7 -.25 1.0997
4 14 12.675 -.25 1.1472 12.665 -.25 1.1447 12.7 -.25 1.0997 12.7125 -.25 1.1072
4 14 11.59 -.25 1.1472 11.585 -.25 1.1272 11.595 -.25 1.1322 11.5975 -.25 1.1447
4 14 11.59 -.25 1.1472 11.58 -.25 1.1522 11.575 -.25 1.1247 11.585 -.25 1.1272
4 14 12.6825 -.25 1.1522 12.675 -.25 1.1472 12.7125 -.25 1.1072 12.72 -.25 1.1172
4 14 11.985 -.25 1.1522 11.985 -.25 1.1472 11.99 -.25 1.1472 11.9975 -.25 1.1522
4 14 11.57 -.25 1.1572 11.5575 -.25 1.1247 11.575 -.25 1.1247 11.58 -.25 1.1522
4 14 12.695 -.25 1.1597 12.6825 -.25 1.1522 12.72 -.25 1.1172 12.73 -.25 1.1322
4 14 12.005 -.25 1.1597 11.9875 -.25 1.1572 11.985 -.25 1.1522 11.9975 -.25 1.1522
4 14 11.5575 -.25 1.1597 11.5475 -.25 1.1297 11.5575 -.25 1.1247 11.57 -.25 1.1572
4 14 11.5475 -.25 1.1622 11.5375 -.25 1.1372 11.5475 -.25 1.1297 11.5575 -.25 1.1597
4 14 11.9925 -.25 1.1647 11.9875 -.25 1.1572 12.005 -.25 1.1597 12.01 -.25 1.1647
4 14 11.535 -.25 1.1647 11.53 -.25 1.1472 11.5375 -.25 1.1372 11.5475 -.25 1.1622
4 14 11.535 -.25 1.1647 11.5225 -.25 1.1647 11.525 -.25 1.1547 11.53 -.25 1.1472
4 14 12.705 -.25 1.1672 12.695 -.25 1.1597 12.73 -.25 1.1322 12.735 -.25 1.1472
4 14 12.7125 -.25 1.1747 12.705 -.25 1.1672 12.735 -.25 1.1472 12.7375 -.25 1.1597
4 14 12 -.25 1.1747 11.9925 -.25 1.1647 12.01 -.25 1.1647 12.02 -.25 1.1722
4 14 12.7175 -.25 1.1797 12.7125 -.25 1.1747 12.7375 -.25 1.1597 12.74 -.25 1.1722
4 14 12.7225 -.25 1.1847 12.7175 -.25 1.1797 12.74 -.25 1.1722 12.7375 -.25 1.1797
4 14 12.7275 -.25 1.1872 12.7225 -.25 1.1847 12.7375 -.25 1.1797 12.735 -.25 1.1847
4 14 12.01 -.25 1.1872 12 -.25 1.1747 12.02 -.25 1.1722 12.03 -.25 1.1797
4 14 12.4625 -.25 1.1972 12.4625 -.25 1.1922 12.4675 -.25 1.1872 12.475 -.25 1.1847
4 14 12.02 -.25 1.1997 12.01 -.25 1.1872 12.03 -.25 1.1797 12.04 -.25 1.1872
4 14 12.465 -.25 1.2047 12.4625 -.25 1.1972 12.475 -.25 1.1847 12.485 -.25 1.1872
4 14 12.4725 -.25 1.2147 12.465 -.25 1.2047 12.485 -.25 1.1872 12.4925 -.25 1.1922
4 14 12.0325 -.25 1.2147 12.02 -.25 1.1997 12.04 -.25 1.1872 12.0525 -.25 1.1972
4 14 12.48 -.25 1.2197 12.4725 -.25 1.2147 12.4925 -.25 1.1922 12.4975 -.25 1.1997
3 14 12.4875 -.25 1.2222 12.5 -.25 1.2122 12.4975 -.25 1.2197
4 14 12.4875 -.25 1.2222 12.48 -.25 1.2197 12.4975 -.25 1.1997 12.5 -.25 1.2122
4 14 12.0425 -.25 1.2272 12.0325 -.25 1.2147 12.0525 -.25 1.1972 12.0625 -.25 1.2047
4 14 11.8925 -.25 1.2272 11.8825 -.25 1.2222 11.8875 -.25 1.2197 11.89 -.25 1.2222
4 14 11.8825 -.25 1.2297 11.8825 -.25 1.2222 11.8925 -.25 1.2272 11.895 -.25 1.2297
4 14 12.05 -.25 1.2372 12.0425 -.25 1.2272 12.0625 -.25 1.2047 12.07 -.25 1.2097
4 14 11.885 -.25 1.2372 11.8825 -.25 1.2297 11.895 -.25 1.2297 11.8975 -.25 1.2347
4 14 12.06 -.25 1.2472 12.05 -.25 1.2372 12.07 -.25 1.2097 12.0825 -.25 1.2172
4 14 11.8875 -.25 1.2472 11.885 -.25 1.2372 11.8975 -.25 1.2347 11.905 -.25 1.2422
3 14 11.5825 -.25 1.2497 11.5725 -.25 1.2222 11.585 -.25 1.2272
4 14 11.5825 -.25 1.2497 11.585 -.25 1.2272 11.5925 -.25 1.2347 11.5925 -.25 1.2447
4 14 12.07 -.25 1.2547 12.06 -.25 1.2472 12.0825 -.25 1.2172 12.095 -.25 1.2247
4 14 11.5725 -.25 1.2547 11.5525 -.25 1.2222 11.5725 -.25 1.2222 11.5825 -.25 1.2497
4 14 11.8925 -.25 1.2572 11.8875 -.25 1.2472 11.905 -.25 1.2422 11.91 -.25 1.2472
4 14 11.5625 -.25 1.2572 11.5425 -.25 1.2272 11.5525 -.25 1.2222 11.5725 -.25 1.2547
4 14 11.5525 -.25 1.2597 11.535 -.25 1.2347 11.5425 -.25 1.2272 11.5625 -.25 1.2572
3 14 12.145 -.25 1.2622 12.1475 -.25 1.2497 12.15 -.25 1.2597
4 14 12.0875 -.25 1.2622 12.07 -.25 1.2547 12.095 -.25 1.2247 12.11 -.25 1.2322
4 14 11.5425 -.25 1.2622 11.525 -.25 1.2447 11.535 -.25 1.2347 11.5525 -.25 1.2597
4 14 12.14 -.25 1.2647 12.1375 -.25 1.2447 12.1475 -.25 1.2497 12.145 -.25 1.2622
4 14 12.14 -.25 1.2647 12.1225 -.25 1.2647 12.1225 -.25 1.2372 12.1375 -.25 1.2447
4 14 12.1225 -.25 1.2647 12.105 -.25 1.2647 12.11 -.25 1.2322 12.1225 -.25 1.2372
3 14 12.105 -.25 1.2647 12.0875 -.25 1.2622 12.11 -.25 1.2322
4 14 11.9 -.25 1.2647 11.8925 -.25 1.2572 11.91 -.25 1.2472 11.9175 -.25 1.2522
4 14 11.5275 -.25 1.2647 11.52 -.25 1.2522 11.525 -.25 1.2447 11.5425 -.25 1.2622
3 14 11.5275 -.25 1.2647 11.515 -.25 1.2647 11.52 -.25 1.2522
4 14 11.9125 -.25 1.2722 11.9 -.25 1.2647 11.9175 -.25 1.2522 11.925 -.25 1.2572
4 14 11.925 -.25 1.2797 11.9125 -.25 1.2722 11.925 -.25 1.2572 11.9325 -.25 1.2622
4 14 11.935 -.25 1.2822 11.925 -.25 1.2797 11.9325 -.25 1.2622 11.94 -.25 1.2672
4 14 11.85 -.25 1.2822 11.8525 -.25 1.2772 11.855 -.25 1.2772 11.86 -.25 1.2797
4 14 11.9475 -.25 1.2872 11.935 -.25 1.2822 11.94 -.25 1.2672 11.95 -.25 1.2747
4 14 11.8525 -.25 1.2872 11.85 -.25 1.2822 11.86 -.25 1.2797 11.865 -.25 1.2847
4 14 11.9575 -.25 1.2897 11.9475 -.25 1.2872 11.95 -.25 1.2747 11.9625 -.25 1.2797
4 14 11.975 -.25 1.2922 11.9725 -.25 1.2847 11.9775 -.25 1.2872 11.98 -.25 1.2897
4 14 11.975 -.25 1.2922 11.9675 -.25 1.2922 11.9625 -.25 1.2797 11.9725 -.25 1.2847
3 14 11.9675 -.25 1.2922 11.9575 -.25 1.2897 11.9625 -.25 1.2797
4 14 11.855 -.25 1.2947 11.8525 -.25 1.2872 11.865 -.25 1.2847 11.8725 -.25 1.2897
4 14 11.86 -.25 1.3072 11.855 -.25 1.2947 11.8725 -.25 1.2897 11.8775 -.25 1.2922
4 14 11.865 -.25 1.3172 11.86 -.25 1.3072 11.8775 -.25 1.2922 11.885 -.25 1.2972
4 14 11.875 -.25 1.3247 11.865 -.25 1.3172 11.885 -.25 1.2972 11.895 -.25 1.3022
4 14 11.8825 -.25 1.3297 11.875 -.25 1.3247 11.895 -.25 1.3022 11.9025 -.25 1.3047
4 14 11.9 -.25 1.3322 11.8825 -.25 1.3297 11.9025 -.25 1.3047 11.9075 -.25 1.3072
4 14 11.985 -.25 1.3347 11.9725 -.25 1.3247 11.985 -.25 1.3272 11.9875 -.25 1.3297
4 14 11.985 -.25 1.3347 11.975 -.25 1.3347 11.95 -.25 1.3197 11.9725 -.25 1.3247
4 14 11.975 -.25 1.3347 11.9625 -.25 1.3347 11.9325 -.25 1.3147 11.95 -.25 1.3197
4 14 11.9625 -.25 1.3347 11.9425 -.25 1.3347 11.9175 -.25 1.3097 11.9325 -.25 1.3147
4 14 11.9425 -.25 1.3347 11.9175 -.25 1.3347 11.9075 -.25 1.3072 11.9175 -.25 1.3097
3 14 11.9175 -.25 1.3347 11.9 -.25 1.3322 11.9075 -.25 1.3072
4 14 11.585 -.25 1.3422 11.58 -.25 1.3247 11.5875 -.25 1.3297 11.59 -.25 1.3372
3 14 11.5775 -.25 1.3447 11.5575 -.25 1.3197 11.57 -.25 1.3222
4 14 11.5775 -.25 1.3447 11.57 -.25 1.3222 11.58 -.25 1.3247 11.585 -.25 1.3422
4 14 11.5675 -.25 1.3497 11.5425 -.25 1.3197 11.5575 -.25 1.3197 11.5775 -.25 1.3447
4 14 11.5575 -.25 1.3547 11.5325 -.25 1.3247 11.5425 -.25 1.3197 11.5675 -.25 1.3497
4 14 11.545 -.25 1.3597 11.5225 -.25 1.3322 11.5325 -.25 1.3247 11.5575 -.25 1.3547
4 14 11.5325 -.25 1.3622 11.515 -.25 1.3397 11.5225 -.25 1.3322 11.545 -.25 1.3597
4 14 11.52 -.25 1.3647 11.5075 -.25 1.3522 11.515 -.25 1.3397 11.5325 -.25 1.3622
3 14 11.52 -.25 1.3647 11.505 -.25 1.3647 11.5075 -.25 1.3522
4 14 11.5875 -.25 1.4572 11.5725 -.25 1.4372 11.58 -.25 1.4397 11.59 -.25 1.4472
4 14 11.58 -.25 1.4622 11.5625 -.25 1.4347 11.5725 -.25 1.4372 11.5875 -.25 1.4572
4 14 11.575 -.25 1.4672 11.5475 -.25 1.4347 11.5625 -.25 1.4347 11.58 -.25 1.4622
4 14 11.565 -.25 1.4697 11.535 -.25 1.4397 11.5475 -.25 1.4347 11.575 -.25 1.4672
4 14 11.55 -.25 1.4747 11.525 -.25 1.4497 11.535 -.25 1.4397 11.565 -.25 1.4697
4 14 11.5375 -.25 1.4797 11.515 -.25 1.4597 11.525 -.25 1.4497 11.55 -.25 1.4747
4 14 11.525 -.25 1.4822 11.51 -.25 1.4697 11.515 -.25 1.4597 11.5375 -.25 1.4797
3 14 11.505 -.25 1.4847 11.51 -.25 1.4697 11.525 -.25 1.4822
4 14 11.9175 -.25 1.5597 11.8975 -.25 1.5597 11.9 -.25 1.5497 11.9125 -.25 1.5472
4 14 11.9225 -.25 1.5697 11.8975 -.25 1.5697 11.8975 -.25 1.5597 11.9175 -.25 1.5597
4 14 11.595 -.25 1.5747 11.5725 -.25 1.5497 11.5825 -.25 1.5522 11.6 -.25 1.5672
4 14 11.59 -.25 1.5797 11.5575 -.25 1.5472 11.5725 -.25 1.5497 11.595 -.25 1.5747
4 14 11.8975 -.25 1.5847 11.8975 -.25 1.5697 11.9225 -.25 1.5697 11.9275 -.25 1.5822
4 14 11.58 -.25 1.5847 11.5425 -.25 1.5497 11.5575 -.25 1.5472 11.59 -.25 1.5797
4 14 11.57 -.25 1.5897 11.535 -.25 1.5547 11.5425 -.25 1.5497 11.58 -.25 1.5847
4 14 11.56 -.25 1.5947 11.5275 -.25 1.5622 11.535 -.25 1.5547 11.57 -.25 1.5897
4 14 11.55 -.25 1.5972 11.52 -.25 1.5697 11.5275 -.25 1.5622 11.56 -.25 1.5947
4 14 11.8975 -.25 1.5997 11.8975 -.25 1.5847 11.9275 -.25 1.5822 11.9325 -.25 1.5972
4 14 11.535 -.25 1.6022 11.51 -.25 1.5797 11.52 -.25 1.5697 11.55 -.25 1.5972
4 14 11.52 -.25 1.6047 11.505 -.25 1.5897 11.51 -.25 1.5797 11.535 -.25 1.6022
3 14 11.52 -.25 1.6047 11.5 -.25 1.6047 11.505 -.25 1.5897
4 14 11.9375 -.25 1.6147 11.8975 -.25 1.6122 11.8975 -.25 1.5997 11.9325 -.25 1.5972
4 14 11.945 -.25 1.6347 11.9 -.25 1.6347 11.8975 -.25 1.6122 11.9375 -.25 1.6147
4 14 11.905 -.25 1.6597 11.9 -.25 1.6347 11.945 -.25 1.6347 11.95 -.25 1.6522
4 14 11.6025 -.25 1.6872 11.5975 -.25 1.6697 11.605 -.25 1.6747 11.6075 -.25 1.6822
4 14 11.9125 -.25 1.6897 11.905 -.25 1.6597 11.95 -.25 1.6522 11.96 -.25 1.6772
4 14 11.5925 -.25 1.6922 11.5875 -.25 1.6647 11.5975 -.25 1.6697 11.6025 -.25 1.6872
3 14 11.5925 -.25 1.6922 11.575 -.25 1.6647 11.5875 -.25 1.6647
4 14 11.5825 -.25 1.6972 11.5625 -.25 1.6647 11.575 -.25 1.6647 11.5925 -.25 1.6922
4 14 11.5725 -.25 1.7022 11.5525 -.25 1.6697 11.5625 -.25 1.6647 11.5825 -.25 1.6972
4 14 11.5625 -.25 1.7047 11.54 -.25 1.6797 11.5525 -.25 1.6697 11.5725 -.25 1.7022
4 14 11.55 -.25 1.7072 11.53 -.25 1.6897 11.54 -.25 1.6797 11.5625 -.25 1.7047
4 14 11.5375 -.25 1.7097 11.525 -.25 1.6972 11.53 -.25 1.6897 11.55 -.25 1.7072
3 14 11.5375 -.25 1.7097 11.5225 -.25 1.7097 11.525 -.25 1.6972
4 14 11.925 -.25 1.7247 11.9125 -.25 1.6897 11.96 -.25 1.6772 11.975 -.25 1.7122
4 14 11.94 -.25 1.7547 11.925 -.25 1.7247 11.975 -.25 1.7122 11.9875 -.25 1.7422
4 14 11.9575 -.25 1.7822 11.94 -.25 1.7547 11.9875 -.25 1.7422 12.005 -.25 1.7747
4 14 11.6025 -.25 1.7872 11.5925 -.25 1.7672 11.6025 -.25 1.7722 11.61 -.25 1.7822
4 14 11.5925 -.25 1.7922 11.5775 -.25 1.7672 11.5925 -.25 1.7672 11.6025 -.25 1.7872
4 14 11.58 -.25 1.7972 11.57 -.25 1.7697 11.5775 -.25 1.7672 11.5925 -.25 1.7922
4 14 11.57 -.25 1.8022 11.56 -.25 1.7747 11.57 -.25 1.7697 11.58 -.25 1.7972
4 14 11.56 -.25 1.8047 11.55 -.25 1.7847 11.56 -.25 1.7747 11.57 -.25 1.8022
4 14 11.55 -.25 1.8072 11.5425 -.25 1.7922 11.55 -.25 1.7847 11.56 -.25 1.8047
3 14 11.55 -.25 1.8072 11.54 -.25 1.8047 11.5425 -.25 1.7922
4 14 11.98 -.25 1.8147 11.9575 -.25 1.7822 12.005 -.25 1.7747 12.0225 -.25 1.8047
4 14 12 -.25 1.8397 11.98 -.25 1.8147 12.0225 -.25 1.8047 12.045 -.25 1.8347
4 14 12.02 -.25 1.8647 12 -.25 1.8397 12.045 -.25 1.8347 12.06 -.25 1.8572
4 14 11.615 -.25 1.8822 11.605 -.25 1.8647 11.615 -.25 1.8697 11.62 -.25 1.8772
4 14 11.61 -.25 1.8847 11.595 -.25 1.8647 11.605 -.25 1.8647 11.615 -.25 1.8822
4 14 12.04 -.25 1.8872 12.02 -.25 1.8647 12.06 -.25 1.8572 12.075 -.25 1.8797
4 14 11.6025 -.25 1.8897 11.5875 -.25 1.8672 11.595 -.25 1.8647 11.61 -.25 1.8847
4 14 11.595 -.25 1.8922 11.58 -.25 1.8722 11.5875 -.25 1.8672 11.6025 -.25 1.8897
4 14 11.585 -.25 1.8947 11.5725 -.25 1.8797 11.58 -.25 1.8722 11.595 -.25 1.8922
4 14 11.575 -.25 1.8972 11.5675 -.25 1.8872 11.5725 -.25 1.8797 11.585 -.25 1.8947
3 14 11.565 -.25 1.8997 11.5675 -.25 1.8872 11.575 -.25 1.8972
4 14 12.06 -.25 1.9097 12.04 -.25 1.8872 12.075 -.25 1.8797 12.09 -.25 1.9022
4 14 12.0775 -.25 1.9297 12.06 -.25 1.9097 12.09 -.25 1.9022 12.1075 -.25 1.9272
4 14 12.1175 -.25 1.9472 12.0925 -.25 1.9447 12.0775 -.25 1.9297 12.1075 -.25 1.9272
4 14 12.1175 -.25 1.9572 12.105 -.25 1.9547 12.0925 -.25 1.9447 12.1175 -.25 1.9472
4 14 11.63 -.25 1.9722 11.62 -.25 1.9547 11.6275 -.25 1.9572 11.635 -.25 1.9672
4 14 11.6225 -.25 1.9747 11.61 -.25 1.9547 11.62 -.25 1.9547 11.63 -.25 1.9722
4 14 11.6125 -.25 1.9797 11.6025 -.25 1.9597 11.61 -.25 1.9547 11.6225 -.25 1.9747
4 14 11.605 -.25 1.9822 11.595 -.25 1.9672 11.6025 -.25 1.9597 11.6125 -.25 1.9797
4 14 11.595 -.25 1.9847 11.59 -.25 1.9722 11.595 -.25 1.9672 11.605 -.25 1.9822
3 14 11.5875 -.25 1.9872 11.59 -.25 1.9722 11.595 -.25 1.9847
3 14 13.26 -.25 2.0247 13.26 -.25 2.0147 13.2675 -.25 2.0072
4 14 13.27 -.25 2.0322 13.26 -.25 2.0247 13.2675 -.25 2.0072 13.285 -.25 2.0022
4 14 13.3275 -.25 2.0347 13.32 -.25 2.0347 13.325 -.25 2.0197 13.33 -.25 2.0247
4 14 13.32 -.25 2.0347 13.3075 -.25 2.0347 13.3175 -.25 2.0147 13.325 -.25 2.0197
4 14 13.3075 -.25 2.0347 13.29 -.25 2.0347 13.3025 -.25 2.0072 13.3175 -.25 2.0147
4 14 13.29 -.25 2.0347 13.27 -.25 2.0322 13.285 -.25 2.0022 13.3025 -.25 2.0072
4 14 11.65 -.25 2.0472 11.6475 -.25 2.0272 11.6575 -.25 2.0347 11.6575 -.25 2.0422
4 14 11.64 -.25 2.0522 11.635 -.25 2.0272 11.6475 -.25 2.0272 11.65 -.25 2.0472
4 14 11.63 -.25 2.0547 11.6275 -.25 2.0322 11.635 -.25 2.0272 11.64 -.25 2.0522
4 14 11.62 -.25 2.0572 11.62 -.25 2.0372 11.6275 -.25 2.0322 11.63 -.25 2.0547
4 14 11.62 -.25 2.0572 11.6075 -.25 2.0572 11.6125 -.25 2.0447 11.62 -.25 2.0372
4 14 11.665 -.25 2.1322 11.6675 -.25 2.1147 11.68 -.25 2.1222 11.6725 -.25 2.1297
4 14 11.6575 -.25 2.1347 11.6575 -.25 2.1147 11.6675 -.25 2.1147 11.665 -.25 2.1322
4 14 11.65 -.25 2.1372 11.65 -.25 2.1197 11.6575 -.25 2.1147 11.6575 -.25 2.1347
4 14 11.65 -.25 2.1372 11.64 -.25 2.1372 11.645 -.25 2.1247 11.65 -.25 2.1197
4 14 13.4875 -.25 2.1822 13.455 -.25 2.1822 13.4575 -.25 2.1672 13.4725 -.25 2.1697
4 14 12.375 -.25 2.1847 12.35 -.25 2.1847 12.325 -.25 2.1397 12.355 -.25 2.1397
4 14 12.35 -.25 2.1847 12.325 -.25 2.1847 12.3 -.25 2.1422 12.325 -.25 2.1397
4 14 12.3975 -.25 2.1872 12.375 -.25 2.1847 12.355 -.25 2.1397 12.3825 -.25 2.1422
4 14 12.305 -.25 2.1872 12.275 -.25 2.1472 12.3 -.25 2.1422 12.325 -.25 2.1847
4 14 12.415 -.25 2.1897 12.3975 -.25 2.1872 12.3825 -.25 2.1422 12.405 -.25 2.1472
4 14 12.2875 -.25 2.1897 12.2525 -.25 2.1547 12.275 -.25 2.1472 12.305 -.25 2.1872
4 14 12.43 -.25 2.1947 12.415 -.25 2.1897 12.405 -.25 2.1472 12.4325 -.25 2.1547
4 14 12.265 -.25 2.1947 12.23 -.25 2.1647 12.2525 -.25 2.1547 12.2875 -.25 2.1897
4 14 12.445 -.25 2.1997 12.43 -.25 2.1947 12.4325 -.25 2.1547 12.4525 -.25 2.1622
4 14 12.46 -.25 2.2022 12.445 -.25 2.1997 12.4525 -.25 2.1622 12.47 -.25 2.1722
4 14 12.2425 -.25 2.2022 12.2125 -.25 2.1747 12.23 -.25 2.1647 12.265 -.25 2.1947
4 14 12.4825 -.25 2.2047 12.47 -.25 2.2047 12.4825 -.25 2.1822 12.4875 -.25 2.1947
4 14 12.47 -.25 2.2047 12.46 -.25 2.2022 12.47 -.25 2.1722 12.4825 -.25 2.1822
4 14 13.5025 -.25 2.2072 13.46 -.25 2.2047 13.455 -.25 2.1822 13.4875 -.25 2.1822
4 14 12.225 -.25 2.2072 12.1975 -.25 2.1872 12.2125 -.25 2.1747 12.2425 -.25 2.2022
4 14 11.7 -.25 2.2072 11.6875 -.25 2.1947 11.6975 -.25 2.1947 11.705 -.25 2.2022
4 14 12.21 -.25 2.2122 12.185 -.25 2.1997 12.1975 -.25 2.1872 12.225 -.25 2.2072
4 14 11.6925 -.25 2.2122 11.68 -.25 2.1997 11.6875 -.25 2.1947 11.7 -.25 2.2072
4 14 11.6825 -.25 2.2147 11.675 -.25 2.2047 11.68 -.25 2.1997 11.6925 -.25 2.2122
3 14 11.6825 -.25 2.2147 11.6725 -.25 2.2147 11.675 -.25 2.2047
4 14 12.195 -.25 2.2172 12.1775 -.25 2.2097 12.185 -.25 2.1997 12.21 -.25 2.2122
4 14 12.185 -.25 2.2197 12.175 -.25 2.2172 12.1775 -.25 2.2097 12.195 -.25 2.2172
4 14 13.5225 -.25 2.2397 13.4775 -.25 2.2347 13.46 -.25 2.2047 13.5025 -.25 2.2072
4 14 13.54 -.25 2.2722 13.4975 -.25 2.2647 13.4775 -.25 2.2347 13.5225 -.25 2.2397
4 14 11.735 -.25 2.2822 11.7225 -.25 2.2697 11.7325 -.25 2.2722 11.7375 -.25 2.2772
4 14 13.1825 -.25 2.2847 13.1775 -.25 2.2622 13.185 -.25 2.2622 13.185 -.25 2.2697
4 14 11.7275 -.25 2.2872 11.715 -.25 2.2747 11.7225 -.25 2.2697 11.735 -.25 2.2822
4 14 11.72 -.25 2.2922 11.71 -.25 2.2797 11.715 -.25 2.2747 11.7275 -.25 2.2872
3 14 11.72 -.25 2.2922 11.7075 -.25 2.2922 11.71 -.25 2.2797
4 14 13.1775 -.25 2.2947 13.165 -.25 2.2697 13.1775 -.25 2.2622 13.1825 -.25 2.2847
4 14 13.5575 -.25 2.3022 13.515 -.25 2.2897 13.4975 -.25 2.2647 13.54 -.25 2.2722
4 14 13.17 -.25 2.3072 13.155 -.25 2.2772 13.165 -.25 2.2697 13.1775 -.25 2.2947
4 14 13.16 -.25 2.3222 13.1425 -.25 2.2897 13.155 -.25 2.2772 13.17 -.25 2.3072
4 14 13.57 -.25 2.3247 13.535 -.25 2.3197 13.515 -.25 2.2897 13.5575 -.25 2.3022
4 14 13.5725 -.25 2.3372 13.5475 -.25 2.3347 13.535 -.25 2.3197 13.57 -.25 2.3247
4 14 13.15 -.25 2.3372 13.13 -.25 2.3022 13.1425 -.25 2.2897 13.16 -.25 2.3222
4 14 13.57 -.25 2.3472 13.56 -.25 2.3447 13.5475 -.25 2.3347 13.5725 -.25 2.3372
4 14 13.1375 -.25 2.3522 13.12 -.25 2.3172 13.13 -.25 2.3022 13.15 -.25 2.3372
4 14 13.125 -.25 2.3647 13.1125 -.25 2.3322 13.12 -.25 2.3172 13.1375 -.25 2.3522
4 14 12.79 -.25 2.3647 12.79 -.25 2.3597 12.795 -.25 2.3572 12.8125 -.25 2.3622
4 14 13.115 -.25 2.3722 13.1025 -.25 2.3497 13.1125 -.25 2.3322 13.125 -.25 2.3647
4 14 13.115 -.25 2.3722 13.105 -.25 2.3697 13.1 -.25 2.3622 13.1025 -.25 2.3497
4 14 12.8 -.25 2.3797 12.79 -.25 2.3647 12.8125 -.25 2.3622 12.8275 -.25 2.3747
4 14 12.815 -.25 2.3997 12.8 -.25 2.3797 12.8275 -.25 2.3747 12.8475 -.25 2.3947
4 14 12.835 -.25 2.4297 12.815 -.25 2.3997 12.8475 -.25 2.3947 12.865 -.25 2.4197
4 14 12.855 -.25 2.4572 12.835 -.25 2.4297 12.865 -.25 2.4197 12.8825 -.25 2.4497
4 14 12.87 -.25 2.4797 12.855 -.25 2.4572 12.8825 -.25 2.4497 12.8975 -.25 2.4772
4 14 12.885 -.25 2.5047 12.87 -.25 2.4797 12.8975 -.25 2.4772 12.9075 -.25 2.4997
4 14 12.8975 -.25 2.5247 12.885 -.25 2.5047 12.9075 -.25 2.4997 12.9175 -.25 2.5222
4 14 12.9075 -.25 2.5397 12.8975 -.25 2.5247 12.9175 -.25 2.5222 12.925 -.25 2.5372
4 14 13.455 -.25 2.5472 13.455 -.25 2.5372 13.4625 -.25 2.5322 13.47 -.25 2.5347
4 14 13.46 -.25 2.5572 13.455 -.25 2.5472 13.47 -.25 2.5347 13.4775 -.25 2.5422
4 14 12.92 -.25 2.5572 12.9075 -.25 2.5397 12.925 -.25 2.5372 12.93 -.25 2.5497
3 14 12.93 -.25 2.5622 12.92 -.25 2.5572 12.93 -.25 2.5497
4 14 13.4675 -.25 2.5672 13.46 -.25 2.5572 13.4775 -.25 2.5422 13.485 -.25 2.5522
4 14 13.475 -.25 2.5772 13.4675 -.25 2.5672 13.485 -.25 2.5522 13.4925 -.25 2.5647
4 14 13.48 -.25 2.5847 13.475 -.25 2.5772 13.4925 -.25 2.5647 13.4975 -.25 2.5747
4 14 13.4875 -.25 2.5947 13.48 -.25 2.5847 13.4975 -.25 2.5747 13.5 -.25 2.5847
3 14 13.4975 -.25 2.5972 13.4875 -.25 2.5947 13.5 -.25 2.5847
4 14 13.7475 -.25 2.6372 13.75 -.25 2.6297 13.7575 -.25 2.6322 13.765 -.25 2.6372
4 14 13.7775 -.25 2.6522 13.7475 -.25 2.6472 13.7475 -.25 2.6372 13.765 -.25 2.6372
4 14 13.755 -.25 2.6697 13.7475 -.25 2.6472 13.7775 -.25 2.6522 13.785 -.25 2.6647
4 14 13.765 -.25 2.6872 13.755 -.25 2.6697 13.785 -.25 2.6647 13.7925 -.25 2.6822
4 14 13.7725 -.25 2.7022 13.765 -.25 2.6872 13.7925 -.25 2.6822 13.7925 -.25 2.7022
4 14 11.8525 -.25 2.7022 11.8575 -.25 2.6897 11.8725 -.25 2.6822 11.885 -.25 2.6947
4 14 13.78 -.25 2.7097 13.7725 -.25 2.7022 13.7925 -.25 2.7022 13.7875 -.25 2.7097
4 14 11.8875 -.25 2.7222 11.8475 -.25 2.7222 11.8525 -.25 2.7022 11.885 -.25 2.6947
4 14 13.2675 -.25 2.7397 13.2525 -.25 2.7222 13.2625 -.25 2.7222 13.2725 -.25 2.7297
4 14 13.255 -.25 2.7472 13.235 -.25 2.7272 13.2525 -.25 2.7222 13.2675 -.25 2.7397
4 14 13.2425 -.25 2.7522 13.22 -.25 2.7322 13.235 -.25 2.7272 13.255 -.25 2.7472
4 14 11.885 -.25 2.7522 11.8425 -.25 2.7522 11.8475 -.25 2.7222 11.8875 -.25 2.7222
4 14 13.2225 -.25 2.7597 13.2025 -.25 2.7397 13.22 -.25 2.7322 13.2425 -.25 2.7522
4 14 13.2025 -.25 2.7697 13.18 -.25 2.7497 13.2025 -.25 2.7397 13.2225 -.25 2.7597
4 14 13.185 -.25 2.7797 13.165 -.25 2.7572 13.18 -.25 2.7497 13.2025 -.25 2.7697
4 14 13.17 -.25 2.7897 13.145 -.25 2.7672 13.165 -.25 2.7572 13.185 -.25 2.7797
4 14 11.8775 -.25 2.7922 11.8375 -.25 2.7922 11.8425 -.25 2.7522 11.885 -.25 2.7522
4 14 13.1575 -.25 2.7972 13.13 -.25 2.7747 13.145 -.25 2.7672 13.17 -.25 2.7897
4 14 13.1425 -.25 2.8072 13.1175 -.25 2.7822 13.13 -.25 2.7747 13.1575 -.25 2.7972
4 14 13.1275 -.25 2.8172 13.1025 -.25 2.7922 13.1175 -.25 2.7822 13.1425 -.25 2.8072
4 14 13.1125 -.25 2.8272 13.085 -.25 2.8047 13.1025 -.25 2.7922 13.1275 -.25 2.8172
4 14 11.8675 -.25 2.8322 11.825 -.25 2.8247 11.8375 -.25 2.7922 11.8775 -.25 2.7922
4 14 13.095 -.25 2.8372 13.0725 -.25 2.8122 13.085 -.25 2.8047 13.1125 -.25 2.8272
4 14 13.075 -.25 2.8397 13.0625 -.25 2.8197 13.0725 -.25 2.8122 13.095 -.25 2.8372
3 14 13.075 -.25 2.8397 13.06 -.25 2.8372 13.0625 -.25 2.8197
4 14 13.5125 -.25 2.8647 13.4925 -.25 2.8547 13.5025 -.25 2.8497 13.51 -.25 2.8547
4 14 13.515 -.25 2.8747 13.49 -.25 2.8647 13.4925 -.25 2.8547 13.5125 -.25 2.8647
4 14 11.85 -.25 2.8747 11.81 -.25 2.8597 11.825 -.25 2.8247 11.8675 -.25 2.8322
4 14 13.515 -.25 2.8897 13.4887 -.25 2.8772 13.49 -.25 2.8647 13.515 -.25 2.8747
4 14 13.515 -.25 2.9097 13.4875 -.25 2.8947 13.4887 -.25 2.8772 13.515 -.25 2.8897
4 14 13.8475 -.25 2.9147 13.825 -.25 2.9122 13.8325 -.25 2.9047 13.84 -.25 2.9072
4 14 11.8275 -.25 2.9172 11.7925 -.25 2.8947 11.81 -.25 2.8597 11.85 -.25 2.8747
4 14 13.515 -.25 2.9247 13.485 -.25 2.9122 13.4875 -.25 2.8947 13.515 -.25 2.9097
4 14 13.8525 -.25 2.9272 13.8225 -.25 2.9222 13.825 -.25 2.9122 13.8475 -.25 2.9147
4 14 13.855 -.25 2.9422 13.8225 -.25 2.9372 13.8225 -.25 2.9222 13.8525 -.25 2.9272
4 14 13.515 -.25 2.9422 13.485 -.25 2.9297 13.485 -.25 2.9122 13.515 -.25 2.9247
4 14 11.805 -.25 2.9572 11.77 -.25 2.9347 11.7925 -.25 2.8947 11.8275 -.25 2.9172
4 14 13.8525 -.25 2.9597 13.8275 -.25 2.9547 13.8225 -.25 2.9372 13.855 -.25 2.9422
4 14 13.5125 -.25 2.9622 13.4825 -.25 2.9497 13.485 -.25 2.9297 13.515 -.25 2.9422
4 14 13.8475 -.25 2.9697 13.8325 -.25 2.9672 13.8275 -.25 2.9547 13.8525 -.25 2.9597
3 14 13.84 -.25 2.9722 13.8325 -.25 2.9672 13.8475 -.25 2.9697
4 14 13.51 -.25 2.9772 13.48 -.25 2.9647 13.4825 -.25 2.9497 13.5125 -.25 2.9622
4 14 11.7825 -.25 2.9922 11.745 -.25 2.9772 11.77 -.25 2.9347 11.805 -.25 2.9572
4 14 13.505 -.25 2.9947 13.4775 -.25 2.9797 13.48 -.25 2.9647 13.51 -.25 2.9772
4 14 13.5 -.25 3.0122 13.4725 -.25 2.9972 13.4775 -.25 2.9797 13.505 -.25 2.9947
4 14 11.7575 -.25 3.0247 11.72 -.25 3.0097 11.745 -.25 2.9772 11.7825 -.25 2.9922
4 14 13.4925 -.25 3.0297 13.4675 -.25 3.0147 13.4725 -.25 2.9972 13.5 -.25 3.0122
4 14 13.485 -.25 3.0447 13.465 -.25 3.0297 13.4675 -.25 3.0147 13.4925 -.25 3.0297
4 14 13.475 -.25 3.0597 13.4625 -.25 3.0472 13.465 -.25 3.0297 13.485 -.25 3.0447
4 14 11.725 -.25 3.0622 11.695 -.25 3.0422 11.72 -.25 3.0097 11.7575 -.25 3.0247
4 14 13.4725 -.25 3.0672 13.46 -.25 3.0622 13.4625 -.25 3.0472 13.475 -.25 3.0597
3 14 13.465 -.25 3.0722 13.46 -.25 3.0622 13.4725 -.25 3.0672
4 14 11.6975 -.25 3.0872 11.6675 -.25 3.0722 11.695 -.25 3.0422 11.725 -.25 3.0622
4 14 11.6725 -.25 3.1097 11.6525 -.25 3.0872 11.6675 -.25 3.0722 11.6975 -.25 3.0872
4 14 11.655 -.25 3.1247 11.635 -.25 3.1072 11.6525 -.25 3.0872 11.6725 -.25 3.1097
4 14 11.63 -.25 3.1422 11.6175 -.25 3.1222 11.635 -.25 3.1072 11.655 -.25 3.1247
4 14 12.6325 -.25 3.1472 12.63 -.25 3.1022 12.645 -.25 3.1022 12.645 -.25 3.1172
4 14 11.61 -.25 3.1547 11.595 -.25 3.1422 11.6175 -.25 3.1222 11.63 -.25 3.1422
4 14 11.5925 -.25 3.1647 11.5825 -.25 3.1572 11.595 -.25 3.1422 11.61 -.25 3.1547
4 14 11.5825 -.25 3.1697 11.5725 -.25 3.1672 11.5825 -.25 3.1572 11.5925 -.25 3.1647
4 14 12.61 -.25 3.1822 12.605 -.25 3.1222 12.63 -.25 3.1022 12.6325 -.25 3.1472
4 14 12.575 -.25 3.2272 12.58 -.25 3.1522 12.605 -.25 3.1222 12.61 -.25 3.1822
4 14 10.385 -.25 3.2522 10.37 -.25 3.2322 10.38 -.25 3.2222 10.385 -.25 3.2322
4 14 10.3825 -.25 3.2722 10.365 -.25 3.2522 10.37 -.25 3.2322 10.385 -.25 3.2522
4 14 12.5375 -.25 3.2772 12.545 -.25 3.1897 12.58 -.25 3.1522 12.575 -.25 3.2272
4 14 10.3825 -.25 3.3037 10.3575 -.25 3.2772 10.365 -.25 3.2522 10.3825 -.25 3.2722
4 14 12.5 -.25 3.3222 12.5 -.25 3.2397 12.545 -.25 3.1897 12.5375 -.25 3.2772
4 14 10.38 -.25 3.3372 10.3525 -.25 3.3112 10.3575 -.25 3.2772 10.3825 -.25 3.3037
4 14 12.46 -.25 3.3672 12.455 -.25 3.2922 12.5 -.25 3.2397 12.5 -.25 3.3222
4 14 10.3825 -.25 3.3797 10.345 -.25 3.3472 10.3525 -.25 3.3112 10.38 -.25 3.3372
4 14 12.42 -.25 3.4072 12.41 -.25 3.3422 12.455 -.25 3.2922 12.46 -.25 3.3672
4 14 10.3825 -.25 3.4297 10.3425 -.25 3.4022 10.345 -.25 3.3472 10.3825 -.25 3.3797
4 14 12.3775 -.25 3.4497 12.365 -.25 3.3872 12.41 -.25 3.3422 12.42 -.25 3.4072
4 14 11.565 -.25 3.4722 11.58 -.25 3.4647 11.6 -.25 3.4647 11.62 -.25 3.4697
4 14 10.39 -.25 3.4722 10.3425 -.25 3.4522 10.3425 -.25 3.4022 10.3825 -.25 3.4297
4 14 12.335 -.25 3.4847 12.33 -.25 3.4222 12.365 -.25 3.3872 12.3775 -.25 3.4497
4 14 11.565 -.25 3.4847 11.565 -.25 3.4722 11.62 -.25 3.4697 11.635 -.25 3.4772
4 14 11.575 -.25 3.4947 11.565 -.25 3.4847 11.635 -.25 3.4772 11.655 -.25 3.4897
4 14 11.67 -.25 3.5072 11.595 -.25 3.5047 11.575 -.25 3.4947 11.655 -.25 3.4897
4 14 12.295 -.25 3.5172 12.295 -.25 3.4597 12.33 -.25 3.4222 12.335 -.25 3.4847
4 14 10.4 -.25 3.5222 10.345 -.25 3.4972 10.3425 -.25 3.4522 10.39 -.25 3.4722
4 14 11.685 -.25 3.5272 11.61 -.25 3.5122 11.595 -.25 3.5047 11.67 -.25 3.5072
4 14 12.255 -.25 3.5472 12.2575 -.25 3.4972 12.295 -.25 3.4597 12.295 -.25 3.5172
4 14 11.695 -.25 3.5497 11.635 -.25 3.5297 11.61 -.25 3.5122 11.685 -.25 3.5272
4 14 11.7 -.25 3.5672 11.6475 -.25 3.5447 11.635 -.25 3.5297 11.695 -.25 3.5497
4 14 10.4225 -.25 3.5747 10.36 -.25 3.5497 10.345 -.25 3.4972 10.4 -.25 3.5222
4 14 13.2975 -.25 3.5772 13.2925 -.25 3.5597 13.3 -.25 3.5597 13.3 -.25 3.5672
4 14 12.21 -.25 3.5822 12.23 -.25 3.5247 12.2575 -.25 3.4972 12.255 -.25 3.5472
4 14 13.2925 -.25 3.5897 13.285 -.25 3.5635 13.2925 -.25 3.5597 13.2975 -.25 3.5772
4 14 11.7 -.25 3.5947 11.66 -.25 3.5672 11.6475 -.25 3.5447 11.7 -.25 3.5672
4 14 13.285 -.25 3.6022 13.275 -.25 3.5697 13.285 -.25 3.5635 13.2925 -.25 3.5897
4 14 12.1825 -.25 3.6022 12.1925 -.25 3.5572 12.23 -.25 3.5247 12.21 -.25 3.5822
4 14 12.165 -.25 3.6122 12.17 -.25 3.5822 12.1925 -.25 3.5572 12.1825 -.25 3.6022
4 14 13.2775 -.25 3.6147 13.2625 -.25 3.5772 13.275 -.25 3.5697 13.285 -.25 3.6022
4 14 12.1525 -.25 3.6172 12.1525 -.25 3.5997 12.17 -.25 3.5822 12.165 -.25 3.6122
4 14 11.69 -.25 3.6172 11.6675 -.25 3.5972 11.66 -.25 3.5672 11.7 -.25 3.5947
4 14 12.14 -.25 3.6197 12.1425 -.25 3.6122 12.1525 -.25 3.5997 12.1525 -.25 3.6172
3 14 11.6775 -.25 3.6197 11.6675 -.25 3.5972 11.69 -.25 3.6172
4 14 13.265 -.25 3.6222 13.2525 -.25 3.5872 13.2625 -.25 3.5772 13.2775 -.25 3.6147
4 14 13.265 -.25 3.6222 13.255 -.25 3.6222 13.2425 -.25 3.6047 13.2525 -.25 3.5872
3 14 13.255 -.25 3.6222 13.2425 -.25 3.6147 13.2425 -.25 3.6047
4 14 10.455 -.25 3.6347 10.375 -.25 3.6022 10.36 -.25 3.5497 10.4225 -.25 3.5747
4 14 10.485 -.25 3.6722 10.395 -.25 3.6372 10.375 -.25 3.6022 10.455 -.25 3.6347
4 14 10.515 -.25 3.7022 10.42 -.25 3.6747 10.395 -.25 3.6372 10.485 -.25 3.6722
4 14 10.55 -.25 3.7372 10.455 -.25 3.7147 10.42 -.25 3.6747 10.515 -.25 3.7022
4 14 10.57 -.25 3.7622 10.4925 -.25 3.7497 10.455 -.25 3.7147 10.55 -.25 3.7372
3 14 10.525 -.25 3.7722 10.4925 -.25 3.7497 10.57 -.25 3.7622
4 14 10.545 -.25 3.7872 10.525 -.25 3.7722 10.57 -.25 3.7622 10.585 -.25 3.7822
4 14 10.565 -.25 3.8022 10.545 -.25 3.7872 10.585 -.25 3.7822 10.5825 -.25 3.7972
4 14 11.01 -.25 3.9222 11.0175 -.25 3.9022 11.035 -.25 3.8972 11.0475 -.25 3.9072
4 14 11.005 -.25 3.9422 11.01 -.25 3.9222 11.0475 -.25 3.9072 11.055 -.25 3.9222
4 14 11.005 -.25 3.9672 11.005 -.25 3.9422 11.055 -.25 3.9222 11.055 -.25 3.9472
4 14 11.013 -.25 4.0022 11.005 -.25 3.9672 11.055 -.25 3.9472 11.0525 -.25 3.9772
4 14 11.02 -.25 4.0322 11.013 -.25 4.0022 11.0525 -.25 3.9772 11.05 -.25 4.0072
4 14 11.03 -.25 4.0622 11.02 -.25 4.0322 11.05 -.25 4.0072 11.055 -.25 4.0322
3 14 11.04 -.25 4.0822 11.065 -.25 4.0572 11.07 -.25 4.0772
4 14 11.04 -.25 4.0822 11.03 -.25 4.0622 11.055 -.25 4.0322 11.065 -.25 4.0572
4 14 11.05 -.25 4.0922 11.04 -.25 4.0822 11.07 -.25 4.0772 11.065 -.25 4.0897
4 14 11.725 -.25 4.1972 11.73 -.25 4.1872 11.74 -.25 4.1872 11.755 -.25 4.1972
4 14 11.77 -.25 4.2172 11.73 -.25 4.2147 11.725 -.25 4.1972 11.755 -.25 4.1972
4 14 11.78 -.25 4.2372 11.74 -.25 4.2337 11.73 -.25 4.2147 11.77 -.25 4.2172
4 14 11.79 -.25 4.2672 11.7475 -.25 4.2522 11.74 -.25 4.2337 11.78 -.25 4.2372
4 14 11.7925 -.25 4.2922 11.754 -.25 4.2722 11.7475 -.25 4.2522 11.79 -.25 4.2672
4 14 11.7925 -.25 4.3122 11.757 -.25 4.2922 11.754 -.25 4.2722 11.7925 -.25 4.2922
4 14 11.7925 -.25 4.3372 11.7585 -.25 4.3122 11.757 -.25 4.2922 11.7925 -.25 4.3122
4 14 11.79 -.25 4.3597 11.7585 -.25 4.3372 11.7585 -.25 4.3122 11.7925 -.25 4.3372
4 14 11.785 -.25 4.3772 11.7575 -.25 4.3597 11.7585 -.25 4.3372 11.79 -.25 4.3597
4 14 11.7775 -.25 4.4022 11.755 -.25 4.3797 11.7575 -.25 4.3597 11.785 -.25 4.3772
4 14 11.7625 -.25 4.4072 11.755 -.25 4.3972 11.755 -.25 4.3797 11.7775 -.25 4.4022
3 14 11.92 -.25 4.6772 11.9225 -.25 4.6522 11.9355 -.25 4.6647
4 14 11.92 -.25 4.6772 11.905 -.25 4.6697 11.905 -.25 4.6522 11.9225 -.25 4.6522
4 14 11.935 -.25 4.6872 11.92 -.25 4.6772 11.9355 -.25 4.6647 11.9475 -.25 4.6772
4 14 12.555 -.25 4.7197 12.5525 -.25 4.6997 12.565 -.25 4.7047 12.5675 -.25 4.7122
4 14 12.555 -.25 4.7197 12.5425 -.25 4.7197 12.5405 -.25 4.7027 12.5525 -.25 4.6997
4 14 12.5425 -.25 4.7197 12.5325 -.25 4.7172 12.53 -.25 4.7072 12.5405 -.25 4.7027
4 14 12.4075 -.25 4.7247 12.4075 -.25 4.7072 12.415 -.25 4.7097 12.415 -.25 4.7147
4 14 12.3975 -.25 4.7297 12.3925 -.25 4.7072 12.4075 -.25 4.7072 12.4075 -.25 4.7247
4 14 12.3825 -.25 4.7347 12.3775 -.25 4.7097 12.3925 -.25 4.7072 12.3975 -.25 4.7297
4 14 12.13 -.25 4.7355 12.125 -.25 4.7322 12.125 -.25 4.7247 12.1325 -.25 4.7247
4 14 12.3675 -.25 4.7397 12.36 -.25 4.7122 12.3775 -.25 4.7097 12.3825 -.25 4.7347
4 14 12.145 -.25 4.7397 12.13 -.25 4.7355 12.1325 -.25 4.7247 12.155 -.25 4.7247
4 14 12.9275 -.25 4.7447 12.92 -.25 4.7347 12.9225 -.25 4.7272 12.9375 -.25 4.7247
4 14 12.345 -.25 4.7447 12.3375 -.25 4.7172 12.36 -.25 4.7122 12.3675 -.25 4.7397
4 14 12.165 -.25 4.7447 12.145 -.25 4.7397 12.155 -.25 4.7247 12.19 -.25 4.7247
4 14 12.205 -.25 4.7472 12.165 -.25 4.7447 12.19 -.25 4.7247 12.225 -.25 4.7247
4 14 12.325 -.25 4.7497 12.3175 -.25 4.7197 12.3375 -.25 4.7172 12.345 -.25 4.7447
4 14 12.25 -.25 4.7497 12.205 -.25 4.7472 12.225 -.25 4.7247 12.26 -.25 4.7247
4 14 12.97 -.25 4.7522 12.9675 -.25 4.7297 12.9775 -.25 4.7372 12.9775 -.25 4.7447
4 14 12.2875 -.25 4.7522 12.2875 -.25 4.7222 12.3175 -.25 4.7197 12.325 -.25 4.7497
4 14 12.2875 -.25 4.7522 12.25 -.25 4.7497 12.26 -.25 4.7247 12.2875 -.25 4.7222
4 14 12.9375 -.25 4.7547 12.9275 -.25 4.7447 12.9375 -.25 4.7247 12.955 -.25 4.7247
4 14 12.9525 -.25 4.7597 12.955 -.25 4.7247 12.9675 -.25 4.7297 12.97 -.25 4.7522
3 14 12.9525 -.25 4.7597 12.9375 -.25 4.7547 12.955 -.25 4.7247
4 14 11.4635 -.25 5.0642 11.445 -.25 5.0622 11.4475 -.25 5.0472 11.465 -.25 5.0472
4 14 11.48 -.25 5.0772 11.4635 -.25 5.0642 11.465 -.25 5.0472 11.48 -.25 5.0597
3 14 11.47 -.25 5.0847 11.4635 -.25 5.0642 11.48 -.25 5.0772
4 14 11.47 -.25 5.0847 11.455 -.25 5.0747 11.445 -.25 5.0622 11.4635 -.25 5.0642
4 14 11.66 -.25 5.1422 11.6225 -.25 5.1372 11.6225 -.25 5.1272 11.635 -.25 5.1272
3 14 11.7225 -.25 5.2422 11.66 -.25 5.1422 11.745 -.25 5.2197
4 14 11.7225 -.25 5.2422 11.6325 -.25 5.1497 11.6225 -.25 5.1372 11.66 -.25 5.1422
4 14 11.805 -.25 5.3147 11.7225 -.25 5.2422 11.745 -.25 5.2197 11.82 -.25 5.2922
4 14 11.815 -.25 5.3247 11.805 -.25 5.3147 11.82 -.25 5.2922 11.8275 -.25 5.3022
4 14 11.8425 -.25 5.3347 11.815 -.25 5.3247 11.8275 -.25 5.3022 11.8375 -.25 5.3197
3 14 11.8425 -.25 5.3347 11.8275 -.25 5.3347 11.815 -.25 5.3247
4 14 11.96 -.25 5.4122 11.96 -.25 5.4047 11.9675 -.25 5.4047 11.98 -.25 5.4072
4 14 11.96 -.25 5.4197 11.96 -.25 5.4122 11.98 -.25 5.4072 11.99 -.25 5.4147
4 14 11.97 -.25 5.4322 11.96 -.25 5.4197 11.99 -.25 5.4147 12.0025 -.25 5.4297
3 14 12.004 -.25 5.4447 11.9975 -.25 5.4447 12.005 -.25 5.4372
3 14 11.9975 -.25 5.4447 11.9875 -.25 5.4447 12.005 -.25 5.4372
4 14 11.9875 -.25 5.4447 11.97 -.25 5.4322 12.0025 -.25 5.4297 12.005 -.25 5.4372
3 14 12.1855 -.25 5.6542 12.1805 -.25 5.6487 12.1815 -.25 5.6392
4 14 12.215 -.25 5.6597 12.206 -.25 5.6242 12.22 -.25 5.6307 12.2305 -.25 5.6437
4 14 12.215 -.25 5.6597 12.2055 -.25 5.6592 12.1905 -.25 5.6242 12.206 -.25 5.6242
4 14 12.195 -.25 5.6597 12.1835 -.25 5.6307 12.1905 -.25 5.6242 12.2055 -.25 5.6592
4 14 12.195 -.25 5.6597 12.1855 -.25 5.6542 12.1815 -.25 5.6392 12.1835 -.25 5.6307
4 14 12.22 -.25 5.6682 12.215 -.25 5.6597 12.2305 -.25 5.6437 12.2425 -.25 5.6592
4 14 12.2215 -.25 5.6797 12.22 -.25 5.6682 12.2425 -.25 5.6592 12.251 -.25 5.6692
4 14 12.254 -.25 5.6937 12.2215 -.25 5.6797 12.251 -.25 5.6692 12.2545 -.25 5.6797
4 14 12.242 -.25 5.6982 12.221 -.25 5.6927 12.2215 -.25 5.6797 12.254 -.25 5.6937
3 14 12.242 -.25 5.6982 12.2285 -.25 5.6967 12.221 -.25 5.6927
4 14 12 -.25 .4522 12 -.25 .3322 12.3372 -.25 .3411 12.6735 -.25 .3675
4 14 12 -.25 .4522 11.3264 -.25 .3675 11.6627 -.25 .3411 12 -.25 .3322
4 14 12 -.25 .4522 11.5 -.25 .4522 10.992 -.25 .4116 11.3264 -.25 .3675
4 14 11.9475 -.25 .4922 11.5 -.25 .4522 12 -.25 .4522 12.095 -.25 .4897
3 14 11.94 -.25 .4997 11.5 -.25 .4522 11.9475 -.25 .4922
3 14 11.9525 -.25 .5022 11.9475 -.25 .4922 12.095 -.25 .4897
3 14 11.9325 -.25 .5072 11.5 -.25 .4522 11.94 -.25 .4997
3 14 11.955 -.25 .5122 11.9525 -.25 .5022 12.095 -.25 .4897
3 14 11.925 -.25 .5147 11.5 -.25 .4522 11.9325 -.25 .5072
3 14 11.915 -.25 .5247 11.5 -.25 .4522 11.925 -.25 .5147
4 14 11.9625 -.25 .5422 11.9575 -.25 .5272 11.955 -.25 .5122 12.095 -.25 .4897
4 14 11.8925 -.25 .5447 11.5 -.25 .4522 11.915 -.25 .5247 11.905 -.25 .5347
4 14 10.3323 -.25 .5518 10.6603 -.25 .473 10.992 -.25 .4116 11.5 -.25 .4522
4 14 11.9675 -.25 .5572 11.9625 -.25 .5422 12.095 -.25 .4897 12.085 -.25 .4972
4 14 11.865 -.25 .5647 11.5 -.25 .4522 11.8925 -.25 .5447 11.88 -.25 .5547
4 14 11.9725 -.25 .5697 11.9675 -.25 .5572 12.085 -.25 .4972 12.0775 -.25 .5122
3 14 11.85 -.25 .5747 11.5 -.25 .4522 11.865 -.25 .5647
4 14 11.9775 -.25 .5822 11.9725 -.25 .5697 12.0775 -.25 .5122 12.0675 -.25 .5247
3 14 11.835 -.25 .5847 11.5 -.25 .4522 11.85 -.25 .5747
4 14 11.98 -.25 .5997 11.9775 -.25 .5822 12.0675 -.25 .5247 12.0575 -.25 .5422
3 14 11.82 -.25 .5997 11.5 -.25 .4522 11.835 -.25 .5847
3 14 13.5 -.25 .6022 12.6735 -.25 .3675 13.008 -.25 .4116
4 14 13.5 -.25 .6022 13.008 -.25 .4116 13.3397 -.25 .473 13.6677 -.25 .5518
4 14 13.5 -.25 .6022 12.095 -.25 .4897 12 -.25 .4522 12.6735 -.25 .3675
4 14 11.9775 -.25 .6097 11.98 -.25 .5997 12.0575 -.25 .5422 12.0425 -.25 .5597
3 14 11.81 -.25 .6097 11.5 -.25 .4522 11.82 -.25 .5997
4 14 12.225 -.25 .6197 12.21 -.25 .6197 12.13 -.25 .5847 12.13 -.25 .5747
4 14 12.21 -.25 .6197 12.1975 -.25 .6197 12.1225 -.25 .5947 12.13 -.25 .5847
3 14 12.1975 -.25 .6197 12.185 -.25 .6197 12.1225 -.25 .5947
4 14 12.2425 -.25 .6222 12.225 -.25 .6197 12.13 -.25 .5747 12.125 -.25 .5672
4 14 11.97 -.25 .6222 11.9775 -.25 .6097 12.0425 -.25 .5597 12.0275 -.25 .5797
3 14 11.8 -.25 .6222 11.5 -.25 .4522 11.81 -.25 .6097
4 14 12.2575 -.25 .6247 12.2425 -.25 .6222 12.125 -.25 .5672 12.115 -.25 .5547
4 14 12.155 -.25 .6247 12.1225 -.25 .5947 12.185 -.25 .6197 12.1725 -.25 .6222
4 14 12.2725 -.25 .6272 12.2575 -.25 .6247 12.115 -.25 .5547 12.1075 -.25 .5397
4 14 12.31 -.25 .6297 12.3025 -.25 .6297 12.095 -.25 .4897 13.5 -.25 .6022
4 14 12.3025 -.25 .6297 12.295 -.25 .6297 12.1 -.25 .5022 12.095 -.25 .4897
4 14 12.295 -.25 .6297 12.285 -.25 .6297 12.1025 -.25 .5197 12.1 -.25 .5022
4 14 12.285 -.25 .6297 12.2725 -.25 .6272 12.1075 -.25 .5397 12.1025 -.25 .5197
3 14 12.1375 -.25 .6297 12.1225 -.25 .5947 12.155 -.25 .6247
4 14 11.9625 -.25 .6322 11.97 -.25 .6222 12.0275 -.25 .5797 12.0175 -.25 .5972
4 14 12.115 -.25 .6422 12.1225 -.25 .5947 12.1375 -.25 .6297 12.125 -.25 .6372
4 14 11.96 -.25 .6422 11.9625 -.25 .6322 12.0175 -.25 .5972 12.0125 -.25 .6122
3 14 12.1025 -.25 .6472 12.1225 -.25 .5947 12.115 -.25 .6422
4 14 11.96 -.25 .6497 11.96 -.25 .6422 12.0125 -.25 .6122 12.01 -.25 .6247
3 14 12.09 -.25 .6522 12.1225 -.25 .5947 12.1025 -.25 .6472
4 14 11.7725 -.25 .6572 11.5 -.25 .4522 11.8 -.25 .6222 11.7825 -.25 .6447
4 14 11.965 -.25 .6597 11.96 -.25 .6497 12.01 -.25 .6247 12.01 -.25 .6347
4 14 11.98 -.25 .6672 11.965 -.25 .6597 12.01 -.25 .6347 12.015 -.25 .6422
4 14 12.05 -.25 .6697 12.1225 -.25 .5947 12.09 -.25 .6522 12.07 -.25 .6622
3 14 11.7325 -.25 .6697 11.5 -.25 .4522 11.7475 -.25 .6747
3 14 11.71 -.25 .6697 11.5 -.25 .4522 11.7325 -.25 .6697
4 14 12.0375 -.25 .6747 12.1025 -.25 .6122 12.1225 -.25 .5947 12.05 -.25 .6697
4 14 12 -.25 .6747 11.98 -.25 .6672 12.015 -.25 .6422 12.035 -.25 .6447
4 14 11.7475 -.25 .6747 11.5 -.25 .4522 11.7725 -.25 .6572 11.76 -.25 .6697
4 14 12.31 -.25 .6772 12.2725 -.25 .6522 12.285 -.25 .6472 12.33 -.25 .6772
4 14 12.2325 -.25 .6772 12.225 -.25 .6747 12.2225 -.25 .6672 12.225 -.25 .6622
4 14 12.02 -.25 .6772 12.0725 -.25 .6322 12.1025 -.25 .6122 12.0375 -.25 .6747
4 14 12.02 -.25 .6772 12 -.25 .6747 12.035 -.25 .6447 12.0725 -.25 .6322
3 14 11.67 -.25 .6772 11.5 -.25 .4522 11.71 -.25 .6697
4 14 12.285 -.25 .6797 12.2575 -.25 .6547 12.2725 -.25 .6522 12.31 -.25 .6772
4 14 12.2675 -.25 .6797 12.245 -.25 .6572 12.2575 -.25 .6547 12.285 -.25 .6797
4 14 12.2425 -.25 .6797 12.2325 -.25 .6597 12.245 -.25 .6572 12.2675 -.25 .6797
4 14 12.2425 -.25 .6797 12.2325 -.25 .6772 12.225 -.25 .6622 12.2325 -.25 .6597
4 14 12.355 -.25 .6822 12.33 -.25 .6772 12.285 -.25 .6472 12.2925 -.25 .6447
3 14 11.655 -.25 .6822 11.5 -.25 .4522 11.67 -.25 .6772
4 14 12.37 -.25 .6872 12.355 -.25 .6822 12.2925 -.25 .6447 12.3025 -.25 .6422
3 14 11.64 -.25 .6872 11.5 -.25 .4522 11.655 -.25 .6822
3 14 12.385 -.25 .6947 12.31 -.25 .6372 12.31 -.25 .6297
4 14 12.385 -.25 .6947 12.37 -.25 .6872 12.3025 -.25 .6422 12.31 -.25 .6372
3 14 11.62 -.25 .6972 11.5 -.25 .4522 11.64 -.25 .6872
4 14 12.395 -.25 .6997 12.385 -.25 .6947 12.31 -.25 .6297 13.5 -.25 .6022
3 14 11.605 -.25 .7072 11.5 -.25 .4522 11.62 -.25 .6972
3 14 11.5925 -.25 .7197 11.5 -.25 .4522 11.605 -.25 .7072
3 14 11.58 -.25 .7322 11.5 -.25 .4522 11.5925 -.25 .7197
3 14 11.5675 -.25 .7447 11.5 -.25 .4522 11.58 -.25 .7322
4 14 12.175 -.25 .7522 12.1675 -.25 .7472 12.1625 -.25 .7397 12.17 -.25 .7347
4 14 12.185 -.25 .7547 12.175 -.25 .7522 12.17 -.25 .7347 12.19 -.25 .7347
4 14 14.3091 -.25 .7602 13.5 -.25 .6022 13.6677 -.25 .5518 13.9911 -.25 .6476
4 14 9.6908 -.25 .7602 10.0088 -.25 .6476 10.3323 -.25 .5518 11.5 -.25 .4522
4 14 12.1925 -.25 .7622 12.185 -.25 .7547 12.19 -.25 .7347 12.205 -.25 .7322
3 14 11.55 -.25 .7622 11.5 -.25 .4522 11.5675 -.25 .7447
4 14 12.14 -.25 .7822 12.135 -.25 .7747 12.1425 -.25 .7672 12.15 -.25 .7622
4 14 11.525 -.25 .7822 11.5 -.25 .4522 11.55 -.25 .7622 11.54 -.25 .7722
4 14 11.49 -.25 .7872 11.5 -.25 .4522 11.525 -.25 .7822 11.5125 -.25 .7847
3 14 11.3475 -.25 .7872 11.3275 -.25 .7847 11.5 -.25 .4522
3 14 11.305 -.25 .7872 11.5 -.25 .4522 11.3275 -.25 .7847
4 14 11.47 -.25 .7897 11.44 -.25 .7897 11.5 -.25 .4522 11.49 -.25 .7872
3 14 11.44 -.25 .7897 11.42 -.25 .7897 11.5 -.25 .4522
3 14 11.42 -.25 .7897 11.395 -.25 .7897 11.5 -.25 .4522
4 14 11.395 -.25 .7897 11.37 -.25 .7897 11.3475 -.25 .7872 11.5 -.25 .4522
4 14 12.16 -.25 .7922 12.14 -.25 .7822 12.15 -.25 .7622 12.1575 -.25 .7622
4 14 12.1825 -.25 .7972 12.16 -.25 .7922 12.1575 -.25 .7622 12.17 -.25 .7647
4 14 12.21 -.25 .8072 12.1825 -.25 .7972 12.17 -.25 .7647 12.18 -.25 .7647
4 14 12.2325 -.25 .8172 12.1925 -.25 .7622 12.205 -.25 .7322 12.22 -.25 .7272
4 14 12.2325 -.25 .8172 12.21 -.25 .8072 12.18 -.25 .7647 12.1925 -.25 .7622
4 14 12.26 -.25 .8322 12.2325 -.25 .8172 12.22 -.25 .7272 12.2375 -.25 .7222
4 14 12.275 -.25 .8397 12.26 -.25 .8322 12.2375 -.25 .7222 12.255 -.25 .7172
4 14 12.285 -.25 .8472 12.275 -.25 .8397 12.255 -.25 .7172 12.275 -.25 .7122
4 14 12.3 -.25 .8572 12.285 -.25 .8472 12.275 -.25 .7122 12.2975 -.25 .7072
4 14 12.3125 -.25 .8672 12.3 -.25 .8572 12.2975 -.25 .7072 12.3175 -.25 .7047
4 14 12.3325 -.25 .8797 12.3125 -.25 .8672 12.3175 -.25 .7047 12.3425 -.25 .7047
4 14 12.36 -.25 .8922 12.3325 -.25 .8797 12.3425 -.25 .7047 12.355 -.25 .7072
4 14 12.38 -.25 .9022 12.36 -.25 .8922 12.355 -.25 .7072 12.37 -.25 .7097
4 14 11.4475 -.25 .9022 11.455 -.25 .8872 11.4625 -.25 .8922 11.46 -.25 .8997
4 14 10.85 -.25 .9022 11.5 -.25 .4522 11.305 -.25 .7872 11.285 -.25 .7972
3 14 10.85 -.25 .9022 11.285 -.25 .7972 11.2675 -.25 .8072
3 14 10.85 -.25 .9022 11.2675 -.25 .8072 11.25 -.25 .8197
3 14 10.85 -.25 .9022 11.25 -.25 .8197 11.2375 -.25 .8347
3 14 10.85 -.25 .9022 11.2375 -.25 .8347 11.2325 -.25 .8472
3 14 10.85 -.25 .9022 11.2325 -.25 .8472 11.24 -.25 .8597
4 14 10.85 -.25 .9022 9.4375 -.25 .8637 9.6908 -.25 .7602 11.5 -.25 .4522
4 14 11.43 -.25 .9072 11.445 -.25 .8822 11.455 -.25 .8872 11.4475 -.25 .9022
4 14 12.4025 -.25 .9122 12.38 -.25 .9022 12.37 -.25 .7097 12.3825 -.25 .7097
4 14 11.405 -.25 .9122 11.435 -.25 .8772 11.445 -.25 .8822 11.43 -.25 .9072
4 14 12.425 -.25 .9222 12.4025 -.25 .9122 12.3825 -.25 .7097 12.3925 -.25 .7097
4 14 11.3775 -.25 .9222 11.4125 -.25 .8697 11.435 -.25 .8772 11.405 -.25 .9122
4 14 12.4525 -.25 .9322 12.425 -.25 .9222 12.3925 -.25 .7097 12.3975 -.25 .7072
4 14 11.3525 -.25 .9322 11.3825 -.25 .8597 11.4125 -.25 .8697 11.3775 -.25 .9222
4 14 12.48 -.25 .9422 12.3975 -.25 .7072 12.395 -.25 .6997 13.5 -.25 .6022
3 14 12.48 -.25 .9422 12.4525 -.25 .9322 12.3975 -.25 .7072
4 14 11.3275 -.25 .9447 11.3625 -.25 .8522 11.3825 -.25 .8597 11.3525 -.25 .9322
4 14 12.53 -.25 .9622 12.51 -.25 .9547 12.48 -.25 .9422 13.5 -.25 .6022
4 14 11.3 -.25 .9622 11.34 -.25 .8472 11.3625 -.25 .8522 11.3275 -.25 .9447
3 14 12.555 -.25 .9697 12.53 -.25 .9622 13.5 -.25 .6022
4 14 11.2775 -.25 .9772 11.3275 -.25 .8447 11.34 -.25 .8472 11.3 -.25 .9622
4 14 12.635 -.25 .9797 12.5775 -.25 .9747 12.555 -.25 .9697 13.5 -.25 .6022
3 14 12.665 -.25 .9897 12.635 -.25 .9797 13.5 -.25 .6022
4 14 11.255 -.25 .9922 11.31 -.25 .8447 11.3275 -.25 .8447 11.2775 -.25 .9772
3 14 12.6875 -.25 1.0022 12.665 -.25 .9897 13.5 -.25 .6022
4 14 11.235 -.25 1.0022 11.2925 -.25 .8447 11.31 -.25 .8447 11.255 -.25 .9922
4 14 11.22 -.25 1.0072 11.2825 -.25 .8472 11.2925 -.25 .8447 11.235 -.25 1.0022
4 14 11.22 -.25 1.0072 11.195 -.25 1.0072 11.2725 -.25 .8522 11.2825 -.25 .8472
4 14 11.195 -.25 1.0072 11.175 -.25 1.0072 11.2625 -.25 .8572 11.2725 -.25 .8522
4 14 11.16 -.25 1.0097 11.25 -.25 .8597 11.2625 -.25 .8572 11.175 -.25 1.0072
4 14 11.145 -.25 1.0147 11.24 -.25 .8597 11.25 -.25 .8597 11.16 -.25 1.0097
3 14 12.705 -.25 1.0172 12.6875 -.25 1.0022 13.5 -.25 .6022
4 14 11.13 -.25 1.0222 10.85 -.25 .9022 11.24 -.25 .8597 11.145 -.25 1.0147
3 14 12.7175 -.25 1.0297 12.705 -.25 1.0172 13.5 -.25 .6022
3 14 11.11 -.25 1.0322 10.85 -.25 .9022 11.13 -.25 1.0222
3 14 11.095 -.25 1.0422 10.85 -.25 .9022 11.11 -.25 1.0322
4 14 11.4525 -.25 1.0522 11.445 -.25 1.0322 11.4525 -.25 1.0372 11.455 -.25 1.0422
3 14 11.08 -.25 1.0522 10.85 -.25 .9022 11.095 -.25 1.0422
4 14 11.4475 -.25 1.0597 11.425 -.25 1.0322 11.445 -.25 1.0322 11.4525 -.25 1.0522
3 14 11.065 -.25 1.0622 10.85 -.25 .9022 11.08 -.25 1.0522
4 14 11.4375 -.25 1.0672 11.4 -.25 1.0397 11.425 -.25 1.0322 11.4475 -.25 1.0597
4 14 11.4225 -.25 1.0747 11.3725 -.25 1.0472 11.4 -.25 1.0397 11.4375 -.25 1.0672
4 14 11.3975 -.25 1.0847 11.3375 -.25 1.0572 11.3725 -.25 1.0472 11.4225 -.25 1.0747
4 14 11.0375 -.25 1.0847 10.85 -.25 .9022 11.065 -.25 1.0622 11.05 -.25 1.0747
4 14 11.375 -.25 1.0972 11.3075 -.25 1.0672 11.3375 -.25 1.0572 11.3975 -.25 1.0847
4 14 11.015 -.25 1.0997 10.85 -.25 .9022 11.0375 -.25 1.0847 11.0275 -.25 1.0922
3 14 11.005 -.25 1.1072 10.85 -.25 .9022 11.015 -.25 1.0997
4 14 11.3525 -.25 1.1097 11.2725 -.25 1.0797 11.3075 -.25 1.0672 11.375 -.25 1.0972
3 14 10.9975 -.25 1.1147 10.85 -.25 .9022 11.005 -.25 1.1072
3 14 10.99 -.25 1.1222 10.85 -.25 .9022 10.9975 -.25 1.1147
4 14 11.33 -.25 1.1297 11.25 -.25 1.0847 11.2725 -.25 1.0797 11.3525 -.25 1.1097
4 14 11.31 -.25 1.1497 11.23 -.25 1.0872 11.25 -.25 1.0847 11.33 -.25 1.1297
4 14 11.3 -.25 1.1672 11.21 -.25 1.0872 11.23 -.25 1.0872 11.31 -.25 1.1497
4 14 11.2875 -.25 1.1797 11.1875 -.25 1.0872 11.21 -.25 1.0872 11.3 -.25 1.1672
4 14 11.275 -.25 1.1897 11.17 -.25 1.0847 11.1875 -.25 1.0872 11.2875 -.25 1.1797
4 14 11.2625 -.25 1.1972 11.1575 -.25 1.0822 11.17 -.25 1.0847 11.275 -.25 1.1897
4 14 13.5 -.25 1.2022 13.5 -.25 .6022 14.3091 -.25 .7602 14.5625 -.25 .8637
4 14 13.5 -.25 1.2022 12.73 -.25 1.0472 12.7175 -.25 1.0297 13.5 -.25 .6022
3 14 13.5 -.25 1.2022 12.7425 -.25 1.0647 12.73 -.25 1.0472
4 14 13.5 -.25 1.2022 12.765 -.25 1.1022 12.7525 -.25 1.0822 12.7425 -.25 1.0647
3 14 13.5 -.25 1.2022 12.7725 -.25 1.1172 12.765 -.25 1.1022
3 14 13.5 -.25 1.2022 12.7825 -.25 1.1397 12.7725 -.25 1.1172
3 14 13.5 -.25 1.2022 12.7875 -.25 1.1597 12.7825 -.25 1.1397
3 14 13.5 -.25 1.2022 12.79 -.25 1.1772 12.7875 -.25 1.1597
3 14 13.5 -.25 1.2022 12.79 -.25 1.1972 12.79 -.25 1.1772
4 14 11.25 -.25 1.2022 11.145 -.25 1.0797 11.1575 -.25 1.0822 11.2625 -.25 1.1972
4 14 11.24 -.25 1.2047 11.1325 -.25 1.0797 11.145 -.25 1.0797 11.25 -.25 1.2022
4 14 11.2275 -.25 1.2072 11.1175 -.25 1.0822 11.1325 -.25 1.0797 11.24 -.25 1.2047
4 14 11.2275 -.25 1.2072 11.21 -.25 1.2072 11.1 -.25 1.0872 11.1175 -.25 1.0822
4 14 11.19 -.25 1.2097 11.0825 -.25 1.0972 11.1 -.25 1.0872 11.21 -.25 1.2072
4 14 11.17 -.25 1.2122 11.0675 -.25 1.1047 11.0825 -.25 1.0972 11.19 -.25 1.2097
3 14 12.7875 -.25 1.2147 12.79 -.25 1.1972 13.5 -.25 1.2022
4 14 11.1525 -.25 1.2172 11.0525 -.25 1.1122 11.0675 -.25 1.1047 11.17 -.25 1.2122
4 14 11.1325 -.25 1.2222 11.0375 -.25 1.1197 11.0525 -.25 1.1122 11.1525 -.25 1.2172
3 14 12.785 -.25 1.2297 12.7875 -.25 1.2147 13.5 -.25 1.2022
4 14 11.36 -.25 1.2297 11.3425 -.25 1.2222 11.3525 -.25 1.2197 11.3575 -.25 1.2222
4 14 11.11 -.25 1.2297 11.025 -.25 1.1247 11.0375 -.25 1.1197 11.1325 -.25 1.2222
4 14 11.3575 -.25 1.2372 11.3325 -.25 1.2297 11.3425 -.25 1.2222 11.36 -.25 1.2297
4 14 11.09 -.25 1.2372 11.015 -.25 1.1272 11.025 -.25 1.1247 11.11 -.25 1.2297
3 14 12.78 -.25 1.2447 12.785 -.25 1.2297 13.5 -.25 1.2022
4 14 11.0725 -.25 1.2472 11.0025 -.25 1.1297 11.015 -.25 1.1272 11.09 -.25 1.2372
4 14 12.57 -.25 1.2497 12.565 -.25 1.2422 12.5675 -.25 1.2272 12.5875 -.25 1.2197
4 14 12.585 -.25 1.2572 12.57 -.25 1.2497 12.5875 -.25 1.2197 12.5975 -.25 1.2247
4 14 11.34 -.25 1.2572 11.3175 -.25 1.2447 11.3325 -.25 1.2297 11.3575 -.25 1.2372
4 14 11.0575 -.25 1.2572 10.995 -.25 1.1297 11.0025 -.25 1.1297 11.0725 -.25 1.2472
4 14 12.6075 -.25 1.2647 12.585 -.25 1.2572 12.5975 -.25 1.2247 12.6125 -.25 1.2297
4 14 11.0475 -.25 1.2647 10.99 -.25 1.1272 10.995 -.25 1.1297 11.0575 -.25 1.2572
4 14 12.6275 -.25 1.2697 12.6075 -.25 1.2647 12.6125 -.25 1.2297 12.63 -.25 1.2372
3 14 11.0375 -.25 1.2722 10.99 -.25 1.1272 11.0475 -.25 1.2647
4 14 11.3225 -.25 1.2747 11.305 -.25 1.2547 11.3175 -.25 1.2447 11.34 -.25 1.2572
4 14 12.6525 -.25 1.2772 12.6275 -.25 1.2697 12.63 -.25 1.2372 12.6475 -.25 1.2422
4 14 12.675 -.25 1.2822 12.6525 -.25 1.2772 12.6475 -.25 1.2422 12.6775 -.25 1.2497
4 14 12.6975 -.25 1.2897 12.675 -.25 1.2822 12.6775 -.25 1.2497 12.7 -.25 1.2572
4 14 11.015 -.25 1.2922 10.99 -.25 1.1272 11.0375 -.25 1.2722 11.03 -.25 1.2797
4 14 11.3025 -.25 1.2947 11.2875 -.25 1.2672 11.305 -.25 1.2547 11.3225 -.25 1.2747
4 14 12.7075 -.25 1.2997 12.6975 -.25 1.2897 12.7 -.25 1.2572 12.7275 -.25 1.2622
3 14 11.0075 -.25 1.2997 10.99 -.25 1.1272 11.015 -.25 1.2922
3 14 11 -.25 1.3097 10.99 -.25 1.1272 11.0075 -.25 1.2997
4 14 11.2775 -.25 1.3197 11.2725 -.25 1.2747 11.2875 -.25 1.2672 11.3025 -.25 1.2947
4 14 11.2625 -.25 1.3322 11.26 -.25 1.2797 11.2725 -.25 1.2747 11.2775 -.25 1.3197
4 14 11.2475 -.25 1.3397 11.24 -.25 1.2822 11.26 -.25 1.2797 11.2625 -.25 1.3322
4 14 11.23 -.25 1.3422 11.21 -.25 1.2847 11.24 -.25 1.2822 11.2475 -.25 1.3397
4 14 11.2175 -.25 1.3447 11.185 -.25 1.2822 11.21 -.25 1.2847 11.23 -.25 1.3422
4 14 11.2 -.25 1.3497 11.1625 -.25 1.2772 11.185 -.25 1.2822 11.2175 -.25 1.3447
4 14 11.46 -.25 1.3522 11.4375 -.25 1.3372 11.4475 -.25 1.3397 11.455 -.25 1.3447
4 14 11.18 -.25 1.3597 11.1425 -.25 1.2722 11.1625 -.25 1.2772 11.2 -.25 1.3497
4 14 11.455 -.25 1.3647 11.425 -.25 1.3347 11.4375 -.25 1.3372 11.46 -.25 1.3522
4 14 11.16 -.25 1.3697 11.125 -.25 1.2697 11.1425 -.25 1.2722 11.18 -.25 1.3597
4 14 11.435 -.25 1.3722 11.41 -.25 1.3347 11.425 -.25 1.3347 11.455 -.25 1.3647
4 14 11.4125 -.25 1.3772 11.395 -.25 1.3397 11.41 -.25 1.3347 11.435 -.25 1.3722
4 14 11.14 -.25 1.3822 11.1075 -.25 1.2722 11.125 -.25 1.2697 11.16 -.25 1.3697
4 14 11.3925 -.25 1.3847 11.38 -.25 1.3447 11.395 -.25 1.3397 11.4125 -.25 1.3772
4 14 11.13 -.25 1.3897 11.0925 -.25 1.2772 11.1075 -.25 1.2722 11.14 -.25 1.3822
4 14 11.37 -.25 1.3922 11.3575 -.25 1.3547 11.38 -.25 1.3447 11.3925 -.25 1.3847
4 14 11.1225 -.25 1.3947 11.075 -.25 1.2822 11.0925 -.25 1.2772 11.13 -.25 1.3897
4 14 11.11 -.25 1.3997 11.065 -.25 1.2872 11.075 -.25 1.2822 11.1225 -.25 1.3947
4 14 11.3475 -.25 1.4022 11.3325 -.25 1.3722 11.3575 -.25 1.3547 11.37 -.25 1.3922
3 14 10.85 -.25 1.4022 9.4375 -.25 .8637 10.85 -.25 .9022
4 14 10.85 -.25 1.4022 10.85 -.25 .9022 10.99 -.25 1.1222 10.99 -.25 1.1272
4 14 10.85 -.25 1.4022 10.99 -.25 1.1272 11 -.25 1.3097 10.9975 -.25 1.3222
3 14 10.85 -.25 1.4022 10.9975 -.25 1.3222 10.9975 -.25 1.3297
3 14 10.85 -.25 1.4022 10.9975 -.25 1.3297 11 -.25 1.3372
4 14 11.095 -.25 1.4047 11.055 -.25 1.2922 11.065 -.25 1.2872 11.11 -.25 1.3997
4 14 11.08 -.25 1.4072 11.0425 -.25 1.3022 11.055 -.25 1.2922 11.095 -.25 1.4047
4 14 11.08 -.25 1.4072 11.0675 -.25 1.4072 11.035 -.25 1.3097 11.0425 -.25 1.3022
4 14 11.06 -.25 1.4097 11.0275 -.25 1.3172 11.035 -.25 1.3097 11.0675 -.25 1.4072
4 14 11.3225 -.25 1.4147 11.31 -.25 1.3822 11.3325 -.25 1.3722 11.3475 -.25 1.4022
4 14 11.06 -.25 1.4197 11.0225 -.25 1.3222 11.0275 -.25 1.3172 11.06 -.25 1.4097
4 14 11.06 -.25 1.4197 11.015 -.25 1.3322 11.0175 -.25 1.3272 11.0225 -.25 1.3222
3 14 11.06 -.25 1.4197 11.01 -.25 1.3372 11.015 -.25 1.3322
3 14 11.06 -.25 1.4197 11.005 -.25 1.3397 11.01 -.25 1.3372
4 14 11.06 -.25 1.4197 10.85 -.25 1.4022 11 -.25 1.3372 11.005 -.25 1.3397
4 14 11.2975 -.25 1.4297 11.29 -.25 1.3897 11.31 -.25 1.3822 11.3225 -.25 1.4147
4 14 11.0975 -.25 1.4372 11.1225 -.25 1.6172 11.11 -.25 1.6272 11.0825 -.25 1.4347
4 14 11.2775 -.25 1.4447 11.275 -.25 1.3922 11.29 -.25 1.3897 11.2975 -.25 1.4297
4 14 11.2575 -.25 1.4672 11.25 -.25 1.3997 11.275 -.25 1.3922 11.2775 -.25 1.4447
4 14 11.24 -.25 1.4922 11.23 -.25 1.4022 11.25 -.25 1.3997 11.2575 -.25 1.4672
4 14 11.225 -.25 1.5172 11.21 -.25 1.4072 11.23 -.25 1.4022 11.24 -.25 1.4922
4 14 11.445 -.25 1.5247 11.425 -.25 1.5197 11.4375 -.25 1.5172 11.4425 -.25 1.5197
4 14 11.215 -.25 1.5297 11.19 -.25 1.4122 11.21 -.25 1.4072 11.225 -.25 1.5172
4 14 11.4425 -.25 1.5322 11.4125 -.25 1.5247 11.425 -.25 1.5197 11.445 -.25 1.5247
4 14 11.2075 -.25 1.5347 11.175 -.25 1.4172 11.19 -.25 1.4122 11.215 -.25 1.5297
4 14 11.4375 -.25 1.5422 11.3975 -.25 1.5322 11.4125 -.25 1.5247 11.4425 -.25 1.5322
4 14 11.1875 -.25 1.5447 11.165 -.25 1.4222 11.175 -.25 1.4172 11.2075 -.25 1.5347
4 14 11.4225 -.25 1.5622 11.38 -.25 1.5397 11.3975 -.25 1.5322 11.4375 -.25 1.5422
4 14 11.165 -.25 1.5622 11.155 -.25 1.4272 11.165 -.25 1.4222 11.1875 -.25 1.5447
4 14 11.15 -.25 1.5772 11.1375 -.25 1.4347 11.155 -.25 1.4272 11.165 -.25 1.5622
4 14 11.4075 -.25 1.5822 11.3575 -.25 1.5472 11.38 -.25 1.5397 11.4225 -.25 1.5622
4 14 11.1375 -.25 1.5972 11.1175 -.25 1.4372 11.1375 -.25 1.4347 11.15 -.25 1.5772
4 14 11.3825 -.25 1.6022 11.335 -.25 1.5572 11.3575 -.25 1.5472 11.4075 -.25 1.5822
4 14 11.1325 -.25 1.6072 11.0975 -.25 1.4372 11.1175 -.25 1.4372 11.1375 -.25 1.5972
3 14 11.1225 -.25 1.6172 11.0975 -.25 1.4372 11.1325 -.25 1.6072
4 14 11.3525 -.25 1.6222 11.31 -.25 1.5722 11.335 -.25 1.5572 11.3825 -.25 1.6022
4 14 11.0975 -.25 1.6322 11.0675 -.25 1.4272 11.0825 -.25 1.4347 11.11 -.25 1.6272
4 14 11.085 -.25 1.6372 11.06 -.25 1.4197 11.0675 -.25 1.4272 11.0975 -.25 1.6322
4 14 11.3225 -.25 1.6397 11.2875 -.25 1.5822 11.31 -.25 1.5722 11.3525 -.25 1.6222
4 14 11.075 -.25 1.6397 10.85 -.25 1.4022 11.06 -.25 1.4197 11.085 -.25 1.6372
3 14 11.065 -.25 1.6447 10.85 -.25 1.4022 11.075 -.25 1.6397
3 14 11.055 -.25 1.6497 10.85 -.25 1.4022 11.065 -.25 1.6447
4 14 11.295 -.25 1.6572 11.265 -.25 1.5897 11.2875 -.25 1.5822 11.3225 -.25 1.6397
4 14 11.2725 -.25 1.6772 11.25 -.25 1.5947 11.265 -.25 1.5897 11.295 -.25 1.6572
4 14 11.255 -.25 1.6972 11.2325 -.25 1.5997 11.25 -.25 1.5947 11.2725 -.25 1.6772
4 14 13.5 -.25 1.7022 12.75 -.25 1.7022 13.5 -.25 1.2022 14.5625 -.25 .8637
4 14 12.75 -.25 1.7022 12.77 -.25 1.2597 12.78 -.25 1.2447 13.5 -.25 1.2022
3 14 12.75 -.25 1.7022 12.7575 -.25 1.2647 12.77 -.25 1.2597
4 14 12.75 -.25 1.7022 12.7075 -.25 1.2997 12.7275 -.25 1.2622 12.7575 -.25 1.2647
4 14 12.75 -.25 1.7022 12.46 -.25 1.2997 12.485 -.25 1.2997 12.51 -.25 1.3022
4 14 12.75 -.25 1.7022 12.51 -.25 1.3022 12.535 -.25 1.3122 12.5525 -.25 1.3197
4 14 12.75 -.25 1.7022 12.3925 -.25 1.3072 12.4225 -.25 1.3022 12.46 -.25 1.2997
3 14 12.75 -.25 1.7022 12.7025 -.25 1.3172 12.7075 -.25 1.2997
4 14 12.75 -.25 1.7022 12.5525 -.25 1.3197 12.58 -.25 1.3297 12.6025 -.25 1.3397
4 14 12.75 -.25 1.7022 12.325 -.25 1.3197 12.36 -.25 1.3122 12.3925 -.25 1.3072
3 14 12.75 -.25 1.7022 12.6875 -.25 1.3297 12.7025 -.25 1.3172
3 14 12.75 -.25 1.7022 12.6675 -.25 1.3372 12.6875 -.25 1.3297
3 14 12.75 -.25 1.7022 12.6025 -.25 1.3397 12.6225 -.25 1.3422
3 14 12.75 -.25 1.7022 12.6475 -.25 1.3422 12.6675 -.25 1.3372
3 14 12.75 -.25 1.7022 12.6225 -.25 1.3422 12.6475 -.25 1.3422
4 14 12.75 -.25 1.7022 12.2475 -.25 1.3422 12.29 -.25 1.3297 12.325 -.25 1.3197
4 14 12.75 -.25 1.7022 12.1175 -.25 1.3422 12.1325 -.25 1.3447 12.155 -.25 1.3497
3 14 12.75 -.25 1.7022 12.23 -.25 1.3447 12.2475 -.25 1.3422
3 14 12.75 -.25 1.7022 12.1 -.25 1.3447 12.1175 -.25 1.3422
3 14 12.75 -.25 1.7022 12.2125 -.25 1.3472 12.23 -.25 1.3447
3 14 12.75 -.25 1.7022 12.195 -.25 1.3497 12.2125 -.25 1.3472
3 14 12.75 -.25 1.7022 12.175 -.25 1.3497 12.195 -.25 1.3497
3 14 12.75 -.25 1.7022 12.155 -.25 1.3497 12.175 -.25 1.3497
4 14 12.75 -.25 1.7022 12.085 -.25 1.3572 12.09 -.25 1.3497 12.1 -.25 1.3447
4 14 12.75 -.25 1.7022 12.0775 -.25 1.3997 12.08 -.25 1.3772 12.085 -.25 1.3572
4 14 12.75 -.25 1.7022 12.13 -.25 1.5297 12.09 -.25 1.4472 12.0775 -.25 1.3997
4 14 12.75 -.25 1.7022 12.195 -.25 1.6697 12.1625 -.25 1.6022 12.13 -.25 1.5297
4 14 11.2425 -.25 1.7197 11.2125 -.25 1.6047 11.2325 -.25 1.5997 11.255 -.25 1.6972
4 14 11.2325 -.25 1.7472 11.195 -.25 1.6122 11.2125 -.25 1.6047 11.2425 -.25 1.7197
3 14 11.49 -.25 1.7522 11.475 -.25 1.7397 11.485 -.25 1.7422
4 14 11.485 -.25 1.7597 11.455 -.25 1.7347 11.475 -.25 1.7397 11.49 -.25 1.7522
3 14 12.2575 -.25 1.7647 12.195 -.25 1.6697 12.75 -.25 1.7022
4 14 11.475 -.25 1.7672 11.44 -.25 1.7372 11.455 -.25 1.7347 11.485 -.25 1.7597
4 14 11.2225 -.25 1.7697 11.1775 -.25 1.6247 11.195 -.25 1.6122 11.2325 -.25 1.7472
4 14 11.46 -.25 1.7747 11.4225 -.25 1.7422 11.44 -.25 1.7372 11.475 -.25 1.7672
4 14 11.435 -.25 1.7872 11.3975 -.25 1.7522 11.4225 -.25 1.7422 11.46 -.25 1.7747
4 14 11.21 -.25 1.7872 11.1625 -.25 1.6397 11.1775 -.25 1.6247 11.2225 -.25 1.7697
4 14 11.1975 -.25 1.7997 11.15 -.25 1.6497 11.1625 -.25 1.6397 11.21 -.25 1.7872
4 14 11.4125 -.25 1.8022 11.36 -.25 1.7622 11.3975 -.25 1.7522 11.435 -.25 1.7872
4 14 10.85 -.25 1.8022 10.85 -.25 1.4022 11.055 -.25 1.6497 11.05 -.25 1.6597
4 14 10.85 -.25 1.8022 9.9 -.25 1.8022 9.4375 -.25 .8637 10.85 -.25 1.4022
4 14 10.85 -.25 1.8022 11.125 -.25 2.3822 11.1225 -.25 2.3922 10.85 -.25 2.7522
4 14 10.85 -.25 1.8022 10.85 -.25 2.7522 10.4125 -.25 2.3272 10.39 -.25 2.3047
4 14 9.9 -.25 1.8022 10.1 -.25 2.6622 10.1 -.25 2.7222 9.9 -.25 3.2022
4 14 9.9 -.25 1.8022 9.9 -.25 3.2022 9.4375 -.25 2.6022 9.4375 -.25 .8637
4 14 11.1825 -.25 1.8122 11.1325 -.25 1.6622 11.15 -.25 1.6497 11.1975 -.25 1.7997
4 14 11.4 -.25 1.8147 11.3275 -.25 1.7722 11.36 -.25 1.7622 11.4125 -.25 1.8022
4 14 11.1675 -.25 1.8172 11.1175 -.25 1.6672 11.1325 -.25 1.6622 11.1825 -.25 1.8122
4 14 11.1475 -.25 1.8222 11.1025 -.25 1.6697 11.1175 -.25 1.6672 11.1675 -.25 1.8172
4 14 11.13 -.25 1.8272 11.085 -.25 1.6722 11.1025 -.25 1.6697 11.1475 -.25 1.8222
4 14 11.115 -.25 1.8322 11.0675 -.25 1.6697 11.085 -.25 1.6722 11.13 -.25 1.8272
4 14 11.385 -.25 1.8372 11.3125 -.25 1.7772 11.3275 -.25 1.7722 11.4 -.25 1.8147
4 14 11.1 -.25 1.8372 11.0575 -.25 1.6672 11.0675 -.25 1.6697 11.115 -.25 1.8322
4 14 11.0875 -.25 1.8472 11.05 -.25 1.6597 11.0575 -.25 1.6672 11.1 -.25 1.8372
4 14 11.37 -.25 1.8522 11.3 -.25 1.7847 11.3125 -.25 1.7772 11.385 -.25 1.8372
4 14 11.08 -.25 1.8622 10.85 -.25 1.8022 11.05 -.25 1.6597 11.0875 -.25 1.8472
4 14 11.3575 -.25 1.8647 11.2875 -.25 1.7972 11.3 -.25 1.7847 11.37 -.25 1.8522
4 14 12.3475 -.25 1.8697 12.3025 -.25 1.8197 12.2575 -.25 1.7647 12.75 -.25 1.7022
4 14 11.3375 -.25 1.8772 11.275 -.25 1.8097 11.2875 -.25 1.7972 11.3575 -.25 1.8647
4 14 11.3075 -.25 1.8922 11.26 -.25 1.8272 11.275 -.25 1.8097 11.3375 -.25 1.8772
4 14 11.2825 -.25 1.9072 11.2375 -.25 1.8422 11.26 -.25 1.8272 11.3075 -.25 1.8922
4 14 12.3975 -.25 1.9147 12.3675 -.25 1.8897 12.3475 -.25 1.8697 12.75 -.25 1.7022
4 14 11.2625 -.25 1.9197 11.215 -.25 1.8547 11.2375 -.25 1.8422 11.2825 -.25 1.9072
3 14 13.28 -.25 1.9372 13.5 -.25 1.7022 13.3075 -.25 1.9347
4 14 11.245 -.25 1.9372 11.1975 -.25 1.8622 11.215 -.25 1.8547 11.2625 -.25 1.9197
3 14 13.335 -.25 1.9397 13.3075 -.25 1.9347 13.5 -.25 1.7022
4 14 13.25 -.25 1.9422 12.75 -.25 1.7022 13.5 -.25 1.7022 13.28 -.25 1.9372
3 14 13.3575 -.25 1.9472 13.335 -.25 1.9397 13.5 -.25 1.7022
3 14 12.4275 -.25 1.9497 12.3975 -.25 1.9147 12.75 -.25 1.7022
4 14 11.415 -.25 1.9522 11.395 -.25 1.9472 11.405 -.25 1.9422 11.415 -.25 1.9447
3 14 13.215 -.25 1.9547 12.75 -.25 1.7022 13.25 -.25 1.9422
4 14 11.2275 -.25 1.9572 11.1775 -.25 1.8672 11.1975 -.25 1.8622 11.245 -.25 1.9372
4 14 11.4125 -.25 1.9597 11.3825 -.25 1.9522 11.395 -.25 1.9472 11.415 -.25 1.9522
3 14 13.385 -.25 1.9622 13.3575 -.25 1.9472 13.5 -.25 1.7022
4 14 11.4025 -.25 1.9697 11.3625 -.25 1.9622 11.3825 -.25 1.9522 11.4125 -.25 1.9597
3 14 13.1825 -.25 1.9722 12.75 -.25 1.7022 13.215 -.25 1.9547
4 14 11.215 -.25 1.9747 11.1575 -.25 1.8722 11.1775 -.25 1.8672 11.2275 -.25 1.9572
3 14 13.4075 -.25 1.9797 13.385 -.25 1.9622 13.5 -.25 1.7022
4 14 11.3925 -.25 1.9797 11.335 -.25 1.9747 11.3625 -.25 1.9622 11.4025 -.25 1.9697
4 14 11.38 -.25 1.9897 11.3125 -.25 1.9872 11.335 -.25 1.9747 11.3925 -.25 1.9797
3 14 12.4575 -.25 1.9922 12.4275 -.25 1.9497 12.75 -.25 1.7022
4 14 11.2025 -.25 1.9922 11.1375 -.25 1.8747 11.1575 -.25 1.8722 11.215 -.25 1.9747
3 14 13.4225 -.25 2 13.4075 -.25 1.9797 13.5 -.25 1.7022
3 14 13.145 -.25 2 12.75 -.25 1.7022 13.1825 -.25 1.9722
4 14 11.3675 -.25 2 11.2875 -.25 1.9972 11.3125 -.25 1.9872 11.38 -.25 1.9897
4 14 11.3575 -.25 2.0072 11.265 -.25 2.0047 11.2875 -.25 1.9972 11.3675 -.25 2
4 14 11.1925 -.25 2.0072 11.115 -.25 1.8722 11.1375 -.25 1.8747 11.2025 -.25 1.9922
4 14 11.345 -.25 2.0147 11.245 -.25 2.0122 11.265 -.25 2.0047 11.3575 -.25 2.0072
3 14 13.1225 -.25 2.0222 12.75 -.25 1.7022 13.145 -.25 2
4 14 11.335 -.25 2.0222 11.2325 -.25 2.0197 11.245 -.25 2.0122 11.345 -.25 2.0147
4 14 11.185 -.25 2.0222 11.095 -.25 1.8672 11.115 -.25 1.8722 11.1925 -.25 2.0072
3 14 12.48 -.25 2.0272 12.4575 -.25 1.9922 12.75 -.25 1.7022
4 14 11.45 -.25 2.0297 11.465 -.25 1.9947 11.4725 -.25 2 11.4725 -.25 2.0072
4 14 11.3325 -.25 2.0322 11.22 -.25 2.0322 11.2325 -.25 2.0197 11.335 -.25 2.0222
4 14 11.1775 -.25 2.0372 11.08 -.25 1.8622 11.095 -.25 1.8672 11.185 -.25 2.0222
4 14 11.4325 -.25 2.0422 11.455 -.25 1.9947 11.465 -.25 1.9947 11.45 -.25 2.0297
4 14 11.17 -.25 2.0447 10.85 -.25 1.8022 11.08 -.25 1.8622 11.1775 -.25 2.0372
3 14 13.095 -.25 2.0497 12.75 -.25 1.7022 13.1225 -.25 2.0222
4 14 11.4125 -.25 2.0522 11.4325 -.25 2.0022 11.455 -.25 1.9947 11.4325 -.25 2.0422
4 14 11.39 -.25 2.0572 11.4125 -.25 2.0097 11.4325 -.25 2.0022 11.4125 -.25 2.0522
4 14 11.1525 -.25 2.0597 10.85 -.25 1.8022 11.17 -.25 2.0447 11.1625 -.25 2.0522
4 14 11.3675 -.25 2.0622 11.3975 -.25 2.0172 11.4125 -.25 2.0097 11.39 -.25 2.0572
3 14 11.145 -.25 2.0697 10.85 -.25 1.8022 11.1525 -.25 2.0597
4 14 11.3325 -.25 2.0722 11.3825 -.25 2.0272 11.3975 -.25 2.0172 11.3675 -.25 2.0622
4 14 11.3175 -.25 2.0797 11.37 -.25 2.0347 11.3825 -.25 2.0272 11.3325 -.25 2.0722
4 14 12.55 -.25 2.0922 12.52 -.25 2.0672 12.48 -.25 2.0272 12.75 -.25 1.7022
4 14 11.2975 -.25 2.0922 11.355 -.25 2.0397 11.37 -.25 2.0347 11.3175 -.25 2.0797
3 14 11.2975 -.25 2.0922 11.34 -.25 2.0397 11.355 -.25 2.0397
4 14 11.285 -.25 2.1047 11.3325 -.25 2.0322 11.34 -.25 2.0397 11.2975 -.25 2.0922
4 14 13.0175 -.25 2.1097 12.75 -.25 1.7022 13.095 -.25 2.0497 13.07 -.25 2.0772
4 14 12.6125 -.25 2.1147 12.575 -.25 2.1022 12.55 -.25 2.0922 12.75 -.25 1.7022
4 14 11.2675 -.25 2.1172 11.22 -.25 2.0322 11.3325 -.25 2.0322 11.285 -.25 2.1047
4 14 13.5025 -.25 2.1247 13.4525 -.25 2.0497 13.4225 -.25 2 13.5 -.25 1.7022
4 14 11.2575 -.25 2.1247 11.21 -.25 2.0447 11.22 -.25 2.0322 11.2675 -.25 2.1172
4 14 11.245 -.25 2.1347 11.1975 -.25 2.0597 11.21 -.25 2.0447 11.2575 -.25 2.1247
3 14 12.6575 -.25 2.1372 12.6125 -.25 2.1147 12.75 -.25 1.7022
4 14 11.23 -.25 2.1422 11.185 -.25 2.0697 11.1975 -.25 2.0597 11.245 -.25 2.1347
3 14 12.965 -.25 2.1447 12.75 -.25 1.7022 13.0175 -.25 2.1097
4 14 11.4825 -.25 2.1447 11.4675 -.25 2.1297 11.4775 -.25 2.1347 11.4825 -.25 2.1397
4 14 11.215 -.25 2.1472 11.175 -.25 2.0772 11.185 -.25 2.0697 11.23 -.25 2.1422
4 14 11.4675 -.25 2.1497 11.455 -.25 2.1272 11.4675 -.25 2.1297 11.4825 -.25 2.1447
4 14 11.4275 -.25 2.1522 11.435 -.25 2.1222 11.455 -.25 2.1272 11.4675 -.25 2.1497
4 14 11.2 -.25 2.1522 11.16 -.25 2.0797 11.175 -.25 2.0772 11.215 -.25 2.1472
4 14 11.4025 -.25 2.1572 11.41 -.25 2.1222 11.435 -.25 2.1222 11.4275 -.25 2.1522
4 14 11.185 -.25 2.1572 11.145 -.25 2.0697 11.16 -.25 2.0797 11.2 -.25 2.1522
4 14 11.3775 -.25 2.1622 11.3925 -.25 2.1247 11.41 -.25 2.1222 11.4025 -.25 2.1572
3 14 11.1775 -.25 2.1622 11.145 -.25 2.0697 11.185 -.25 2.1572
3 14 12.705 -.25 2.1672 12.6575 -.25 2.1372 12.75 -.25 1.7022
4 14 11.3575 -.25 2.1697 11.3775 -.25 2.1297 11.3925 -.25 2.1247 11.3775 -.25 2.1622
4 14 11.1725 -.25 2.1747 10.85 -.25 1.8022 11.145 -.25 2.0697 11.1775 -.25 2.1622
4 14 11.1725 -.25 2.1747 11.1825 -.25 2.1822 11.24 -.25 2.2722 11.195 -.25 2.4197
4 14 11.1725 -.25 2.1747 11.195 -.25 2.4197 11.18 -.25 2.4122 11.1625 -.25 2.4022
3 14 12.91 -.25 2.1822 12.75 -.25 1.7022 12.965 -.25 2.1447
4 14 11.3375 -.25 2.1822 11.365 -.25 2.1347 11.3775 -.25 2.1297 11.3575 -.25 2.1697
3 14 12.7425 -.25 2.1947 12.705 -.25 2.1672 12.75 -.25 1.7022
4 14 10.22 -.25 2.1947 9.9 -.25 1.8022 10.85 -.25 1.8022 10.2325 -.25 2.1922
4 14 11.3175 -.25 2.1997 11.345 -.25 2.1472 11.365 -.25 2.1347 11.3375 -.25 2.1822
3 14 10.255 -.25 2.2022 10.2325 -.25 2.1922 10.85 -.25 1.8022
4 14 11.2975 -.25 2.2172 11.325 -.25 2.1572 11.345 -.25 2.1472 11.3175 -.25 2.1997
3 14 12.7775 -.25 2.2222 12.7425 -.25 2.1947 12.75 -.25 1.7022
4 14 11.285 -.25 2.2272 11.3075 -.25 2.1672 11.325 -.25 2.1572 11.2975 -.25 2.2172
3 14 10.2925 -.25 2.2272 10.255 -.25 2.2022 10.85 -.25 1.8022
4 14 11.62 -.25 2.2297 11.6075 -.25 2.2097 11.62 -.25 2.2147 11.6225 -.25 2.2222
4 14 11.6125 -.25 2.2347 11.5925 -.25 2.2122 11.6075 -.25 2.2097 11.62 -.25 2.2297
4 14 11.2725 -.25 2.2372 11.29 -.25 2.1747 11.3075 -.25 2.1672 11.285 -.25 2.2272
4 14 11.6025 -.25 2.2397 11.57 -.25 2.2222 11.5925 -.25 2.2122 11.6125 -.25 2.2347
4 14 11.5825 -.25 2.2472 11.5525 -.25 2.2297 11.57 -.25 2.2222 11.6025 -.25 2.2397
4 14 11.2625 -.25 2.2472 11.27 -.25 2.1822 11.29 -.25 2.1747 11.2725 -.25 2.2372
4 14 12.81 -.25 2.2522 12.75 -.25 1.7022 12.91 -.25 2.1822 12.8675 -.25 2.2122
3 14 12.81 -.25 2.2522 12.7775 -.25 2.2222 12.75 -.25 1.7022
3 14 10.3275 -.25 2.2522 10.2925 -.25 2.2272 10.85 -.25 1.8022
4 14 11.5625 -.25 2.2547 11.5375 -.25 2.2347 11.5525 -.25 2.2297 11.5825 -.25 2.2472
4 14 11.2525 -.25 2.2547 11.2475 -.25 2.1872 11.27 -.25 2.1822 11.2625 -.25 2.2472
4 14 11.2425 -.25 2.2597 11.23 -.25 2.1897 11.2475 -.25 2.1872 11.2525 -.25 2.2547
3 14 11.2425 -.25 2.2597 11.2075 -.25 2.1897 11.23 -.25 2.1897
4 14 11.525 -.25 2.2722 11.5075 -.25 2.2422 11.5375 -.25 2.2347 11.5625 -.25 2.2547
3 14 11.24 -.25 2.2722 11.1825 -.25 2.1822 11.1925 -.25 2.1872
4 14 11.24 -.25 2.2722 11.1925 -.25 2.1872 11.2075 -.25 2.1897 11.2425 -.25 2.2597
4 14 11.5 -.25 2.2797 11.4825 -.25 2.2422 11.5075 -.25 2.2422 11.525 -.25 2.2722
4 14 13.3725 -.25 2.2847 13.325 -.25 2.2472 13.3475 -.25 2.2472 13.36 -.25 2.2572
4 14 11.4725 -.25 2.2872 11.445 -.25 2.2422 11.4825 -.25 2.2422 11.5 -.25 2.2797
4 14 11.4275 -.25 2.3022 11.395 -.25 2.2372 11.445 -.25 2.2422 11.4725 -.25 2.2872
4 14 10.39 -.25 2.3047 10.3625 -.25 2.2822 10.3275 -.25 2.2522 10.85 -.25 1.8022
4 14 13.3925 -.25 2.3197 13.305 -.25 2.2497 13.325 -.25 2.2472 13.3725 -.25 2.2847
4 14 11.4 -.25 2.3197 11.3725 -.25 2.2347 11.395 -.25 2.2372 11.4275 -.25 2.3022
4 14 11.3725 -.25 2.3472 11.35 -.25 2.2347 11.3725 -.25 2.2347 11.4 -.25 2.3197
4 14 13.415 -.25 2.3522 13.29 -.25 2.2547 13.305 -.25 2.2497 13.3925 -.25 2.3197
4 14 11.3475 -.25 2.3697 11.3375 -.25 2.2372 11.35 -.25 2.2347 11.3725 -.25 2.3472
4 14 10.1725 -.25 2.3697 10.1575 -.25 2.3697 10.248 -.25 2.2412 10.275 -.25 2.2622
4 14 10.1575 -.25 2.3697 9.9 -.25 1.8022 10.22 -.25 2.1947 10.2175 -.25 2.2072
4 14 10.1575 -.25 2.3697 10.2175 -.25 2.2072 10.235 -.25 2.2247 10.248 -.25 2.2412
4 14 11.61 -.25 2.3722 11.6275 -.25 2.3497 11.63 -.25 2.3547 11.625 -.25 2.3622
3 14 10.15 -.25 2.3797 9.9 -.25 1.8022 10.1575 -.25 2.3697
4 14 11.5925 -.25 2.3822 11.6175 -.25 2.3497 11.6275 -.25 2.3497 11.61 -.25 2.3722
4 14 10.1825 -.25 2.3822 10.1725 -.25 2.3697 10.275 -.25 2.2622 10.32 -.25 2.3122
4 14 11.1375 -.25 2.3847 11.125 -.25 2.3822 10.85 -.25 1.8022 11.1725 -.25 2.1747
4 14 11.5725 -.25 2.3897 11.6075 -.25 2.3522 11.6175 -.25 2.3497 11.5925 -.25 2.3822
4 14 11.3275 -.25 2.3922 11.3125 -.25 2.2472 11.3375 -.25 2.2372 11.3475 -.25 2.3697
4 14 11.5525 -.25 2.3972 11.59 -.25 2.3572 11.6075 -.25 2.3522 11.5725 -.25 2.3897
4 14 11.5325 -.25 2.4022 11.565 -.25 2.3647 11.59 -.25 2.3572 11.5525 -.25 2.3972
4 14 11.1625 -.25 2.4022 11.1475 -.25 2.3947 11.1375 -.25 2.3847 11.1725 -.25 2.1747
3 14 10.15 -.25 2.4022 9.9 -.25 1.8022 10.15 -.25 2.3797
4 14 10.2025 -.25 2.4072 10.1825 -.25 2.3822 10.32 -.25 2.3122 10.3425 -.25 2.3422
4 14 13.46 -.25 2.4097 13.2775 -.25 2.2622 13.29 -.25 2.2547 13.415 -.25 2.3522
4 14 13.46 -.25 2.4097 13.4925 -.25 2.4472 13.49 -.25 2.4897 13.4725 -.25 2.4797
4 14 11.505 -.25 2.4122 11.535 -.25 2.3722 11.565 -.25 2.3647 11.5325 -.25 2.4022
4 14 11.3025 -.25 2.4122 11.2925 -.25 2.2547 11.3125 -.25 2.2472 11.3275 -.25 2.3922
4 14 11.2725 -.25 2.4222 11.2825 -.25 2.2597 11.2925 -.25 2.2547 11.3025 -.25 2.4122
4 14 11.2125 -.25 2.4222 11.195 -.25 2.4197 11.24 -.25 2.2722 11.2475 -.25 2.2747
4 14 11.48 -.25 2.4247 11.5 -.25 2.3797 11.535 -.25 2.3722 11.505 -.25 2.4122
4 14 11.255 -.25 2.4247 11.2675 -.25 2.2672 11.2825 -.25 2.2597 11.2725 -.25 2.4222
4 14 11.255 -.25 2.4247 11.23 -.25 2.4247 11.2575 -.25 2.2722 11.2675 -.25 2.2672
4 14 11.23 -.25 2.4247 11.2125 -.25 2.4222 11.2475 -.25 2.2747 11.2575 -.25 2.2722
4 14 10.2175 -.25 2.4322 10.2025 -.25 2.4072 10.3425 -.25 2.3422 10.37 -.25 2.3822
4 14 11.4575 -.25 2.4422 11.4575 -.25 2.3897 11.5 -.25 2.3797 11.48 -.25 2.4247
4 14 11.4375 -.25 2.4597 11.4275 -.25 2.4022 11.4575 -.25 2.3897 11.4575 -.25 2.4422
3 14 13.4275 -.25 2.4647 13.3975 -.25 2.4647 13.46 -.25 2.4097
4 14 13.3975 -.25 2.4647 13.2575 -.25 2.2872 13.2775 -.25 2.2622 13.46 -.25 2.4097
4 14 13.3625 -.25 2.4672 13.23 -.25 2.3347 13.2575 -.25 2.2872 13.3975 -.25 2.4647
3 14 13.4525 -.25 2.4697 13.4275 -.25 2.4647 13.46 -.25 2.4097
4 14 13.3175 -.25 2.4747 13.185 -.25 2.3972 13.23 -.25 2.3347 13.3625 -.25 2.4672
4 14 11.42 -.25 2.4747 11.395 -.25 2.4172 11.4275 -.25 2.4022 11.4375 -.25 2.4597
4 14 10.245 -.25 2.4772 10.2175 -.25 2.4322 10.37 -.25 2.3822 10.4025 -.25 2.4447
3 14 13.4725 -.25 2.4797 13.4525 -.25 2.4697 13.46 -.25 2.4097
4 14 11.4075 -.25 2.4847 11.36 -.25 2.4322 11.395 -.25 2.4172 11.42 -.25 2.4747
4 14 13.24 -.25 2.4897 13.15 -.25 2.4347 13.185 -.25 2.3972 13.3175 -.25 2.4747
4 14 11.75 -.25 2.4897 11.7225 -.25 2.4822 11.735 -.25 2.4797 11.745 -.25 2.4822
4 14 11.5375 -.25 2.4922 11.555 -.25 2.4697 11.5575 -.25 2.4797 11.5525 -.25 2.4872
4 14 11.515 -.25 2.4972 11.545 -.25 2.4672 11.555 -.25 2.4697 11.5375 -.25 2.4922
4 14 11.3925 -.25 2.4972 11.3325 -.25 2.4447 11.36 -.25 2.4322 11.4075 -.25 2.4847
3 14 13.5075 -.25 2.5022 13.49 -.25 2.4897 13.4925 -.25 2.4472
4 14 11.4875 -.25 2.5097 11.53 -.25 2.4697 11.545 -.25 2.4672 11.515 -.25 2.4972
4 14 11.3775 -.25 2.5122 11.305 -.25 2.4522 11.3325 -.25 2.4447 11.3925 -.25 2.4972
4 14 11.7575 -.25 2.5147 11.6925 -.25 2.4997 11.7225 -.25 2.4822 11.75 -.25 2.4897
3 14 13.5225 -.25 2.5172 13.5075 -.25 2.5022 13.4925 -.25 2.4472
4 14 13.14 -.25 2.5172 13.11 -.25 2.4722 13.15 -.25 2.4347 13.24 -.25 2.4897
4 14 11.47 -.25 2.5247 11.5125 -.25 2.4722 11.53 -.25 2.4697 11.4875 -.25 2.5097
4 14 11.365 -.25 2.5247 11.2675 -.25 2.4547 11.305 -.25 2.4522 11.3775 -.25 2.5122
4 14 10.2825 -.25 2.5297 10.245 -.25 2.4772 10.4025 -.25 2.4447 10.43 -.25 2.5022
4 14 13.535 -.25 2.5322 13.5225 -.25 2.5172 13.4925 -.25 2.4472 13.545 -.25 2.5047
4 14 13.09 -.25 2.5372 13.075 -.25 2.5022 13.11 -.25 2.4722 13.14 -.25 2.5172
4 14 11.4475 -.25 2.5447 11.49 -.25 2.4772 11.5125 -.25 2.4722 11.47 -.25 2.5247
4 14 11.3625 -.25 2.5447 11.2375 -.25 2.4547 11.2675 -.25 2.4547 11.365 -.25 2.5247
3 14 13.5475 -.25 2.5497 13.535 -.25 2.5322 13.545 -.25 2.5047
4 14 13.0575 -.25 2.5522 13.0525 -.25 2.5222 13.075 -.25 2.5022 13.09 -.25 2.5372
3 14 11.37 -.25 2.5547 11.2375 -.25 2.4547 11.3625 -.25 2.5447
4 14 13.045 -.25 2.5572 13.0375 -.25 2.5347 13.0525 -.25 2.5222 13.0575 -.25 2.5522
4 14 13.035 -.25 2.5597 13.0275 -.25 2.5447 13.0375 -.25 2.5347 13.045 -.25 2.5572
3 14 13.035 -.25 2.5597 13.0275 -.25 2.5547 13.0275 -.25 2.5447
4 14 13.56 -.25 2.5672 13.5475 -.25 2.5497 13.545 -.25 2.5047 13.575 -.25 2.5422
4 14 11.43 -.25 2.5697 11.4675 -.25 2.4872 11.49 -.25 2.4772 11.4475 -.25 2.5447
4 14 11.765 -.25 2.5822 11.6625 -.25 2.5222 11.6925 -.25 2.4997 11.7575 -.25 2.5147
4 14 10.33 -.25 2.5822 10.2825 -.25 2.5297 10.43 -.25 2.5022 10.45 -.25 2.5772
4 14 11.415 -.25 2.5972 11.45 -.25 2.4972 11.4675 -.25 2.4872 11.43 -.25 2.5697
4 14 13.5825 -.25 2.6097 13.57 -.25 2.5872 13.56 -.25 2.5672 13.575 -.25 2.5422
4 14 11.405 -.25 2.6122 11.435 -.25 2.5072 11.45 -.25 2.4972 11.415 -.25 2.5972
4 14 11.395 -.25 2.6247 11.42 -.25 2.5172 11.435 -.25 2.5072 11.405 -.25 2.6122
4 14 10.12 -.25 2.6322 9.9 -.25 1.8022 10.15 -.25 2.4022 10.15 -.25 2.4222
3 14 10.12 -.25 2.6322 10.15 -.25 2.4222 10.16 -.25 2.4622
3 14 10.12 -.25 2.6322 10.16 -.25 2.4622 10.18 -.25 2.5122
4 14 11.385 -.25 2.6347 11.4075 -.25 2.5272 11.42 -.25 2.5172 11.395 -.25 2.6247
4 14 10.13 -.25 2.6372 10.12 -.25 2.6322 10.18 -.25 2.5122 10.21 -.25 2.5597
3 14 13.5875 -.25 2.6397 13.605 -.25 2.5797 13.62 -.25 2.6122
4 14 13.5875 -.25 2.6397 13.5825 -.25 2.6097 13.575 -.25 2.5422 13.605 -.25 2.5797
4 14 11.375 -.25 2.6422 11.395 -.25 2.5372 11.4075 -.25 2.5272 11.385 -.25 2.6347
4 14 10.455 -.25 2.6422 10.3875 -.25 2.6347 10.33 -.25 2.5822 10.45 -.25 2.5772
3 14 10.11 -.25 2.6422 9.9 -.25 1.8022 10.12 -.25 2.6322
4 14 11.3675 -.25 2.6472 11.38 -.25 2.5497 11.395 -.25 2.5372 11.375 -.25 2.6422
4 14 11.3625 -.25 2.6497 11.2125 -.25 2.4522 11.2375 -.25 2.4547 11.37 -.25 2.5547
4 14 11.3625 -.25 2.6497 11.37 -.25 2.5547 11.38 -.25 2.5497 11.3675 -.25 2.6472
4 14 14 -.25 2.6522 13.5 -.25 1.7022 14.5625 -.25 .8637 14.5625 -.25 2.6022
4 14 14 -.25 2.6522 13.585 -.25 2.2647 13.5025 -.25 2.1247 13.5 -.25 1.7022
4 14 14 -.25 2.6522 13.765 -.25 2.5847 13.685 -.25 2.4547 13.585 -.25 2.2647
4 14 14 -.25 2.6522 13.8 -.25 2.6447 13.785 -.25 2.6197 13.765 -.25 2.5847
4 14 10.28 -.25 2.6522 10.13 -.25 2.6372 10.21 -.25 2.5597 10.248 -.25 2.6097
4 14 11.3575 -.25 2.6547 11.185 -.25 2.4447 11.2125 -.25 2.4522 11.3625 -.25 2.6497
3 14 10.1 -.25 2.6622 9.9 -.25 1.8022 10.11 -.25 2.6422
4 14 11.36 -.25 2.6647 11.165 -.25 2.4347 11.185 -.25 2.4447 11.3575 -.25 2.6547
4 14 11.7575 -.25 2.6672 11.64 -.25 2.5297 11.6625 -.25 2.5222 11.765 -.25 2.5822
4 14 13.59 -.25 2.6747 13.5875 -.25 2.6397 13.62 -.25 2.6122 13.63 -.25 2.6497
3 14 13.815 -.25 2.6772 13.8 -.25 2.6447 14 -.25 2.6522
4 14 10.435 -.25 2.6772 10.3875 -.25 2.6347 10.455 -.25 2.6422 10.45 -.25 2.6697
4 14 10.315 -.25 2.7022 10.145 -.25 2.6722 10.13 -.25 2.6372 10.28 -.25 2.6522
4 14 13.6375 -.25 2.7072 13.59 -.25 2.6747 13.63 -.25 2.6497 13.64 -.25 2.6872
3 14 13.825 -.25 2.7222 13.815 -.25 2.6772 14 -.25 2.6522
4 14 13.585 -.25 2.7322 13.59 -.25 2.6747 13.6375 -.25 2.7072 13.645 -.25 2.7297
3 14 13.3675 -.25 2.7322 13.3825 -.25 2.7322 13.395 -.25 2.7372
4 14 11.735 -.25 2.7372 11.605 -.25 2.5347 11.64 -.25 2.5297 11.7575 -.25 2.6672
4 14 13.405 -.25 2.7497 13.35 -.25 2.7347 13.3675 -.25 2.7322 13.395 -.25 2.7372
3 14 10.85 -.25 2.7522 10.4375 -.25 2.3572 10.4125 -.25 2.3272
3 14 10.85 -.25 2.7522 11.1225 -.25 2.3922 11.125 -.25 2.4047
3 14 10.85 -.25 2.7522 11.125 -.25 2.4047 11.145 -.25 2.4222
3 14 10.85 -.25 2.7522 10.4775 -.25 2.4122 10.4375 -.25 2.3572
4 14 10.85 -.25 2.7522 11.145 -.25 2.4222 11.165 -.25 2.4347 11.36 -.25 2.6647
3 14 10.85 -.25 2.7522 10.5175 -.25 2.4772 10.4775 -.25 2.4122
3 14 10.85 -.25 2.7522 10.5425 -.25 2.539 10.5175 -.25 2.4772
3 14 10.85 -.25 2.7522 10.56 -.25 2.6022 10.5425 -.25 2.539
3 14 10.85 -.25 2.7522 10.565 -.25 2.6742 10.56 -.25 2.6022
3 14 10.85 -.25 2.7522 10.565 -.25 2.7397 10.565 -.25 2.6742
4 14 10.335 -.25 2.7522 10.16 -.25 2.7072 10.145 -.25 2.6722 10.315 -.25 2.7022
4 14 13.8275 -.25 2.7622 13.825 -.25 2.7447 13.825 -.25 2.7222 14 -.25 2.6522
4 14 13.41 -.25 2.7647 13.335 -.25 2.7422 13.35 -.25 2.7347 13.405 -.25 2.7497
4 14 10.345 -.25 2.7872 10.18 -.25 2.7522 10.16 -.25 2.7072 10.335 -.25 2.7522
4 14 13.4075 -.25 2.7922 13.32 -.25 2.7522 13.335 -.25 2.7422 13.41 -.25 2.7647
3 14 10.5575 -.25 2.8047 10.565 -.25 2.7397 10.85 -.25 2.7522
4 14 11.705 -.25 2.8122 11.5775 -.25 2.5397 11.605 -.25 2.5347 11.735 -.25 2.7372
4 14 13.85 -.25 2.8147 13.835 -.25 2.7847 13.8275 -.25 2.7622 14 -.25 2.6522
4 14 13.575 -.25 2.8247 13.585 -.25 2.7322 13.645 -.25 2.7297 13.665 -.25 2.7572
4 14 13.575 -.25 2.8247 13.665 -.25 2.7572 13.675 -.25 2.7722 13.6775 -.25 2.7897
4 14 13.4 -.25 2.8247 13.2975 -.25 2.7697 13.32 -.25 2.7522 13.4075 -.25 2.7922
4 14 10.3485 -.25 2.8312 10.205 -.25 2.7982 10.18 -.25 2.7522 10.345 -.25 2.7872
4 14 13.655 -.25 2.8372 13.575 -.25 2.8247 13.6775 -.25 2.7897 13.6725 -.25 2.8147
3 14 13.8625 -.25 2.8422 13.85 -.25 2.8147 14 -.25 2.6522
4 14 10.35 -.25 2.8522 10.25 -.25 2.8522 10.205 -.25 2.7982 10.3485 -.25 2.8312
3 14 13.87 -.25 2.8597 13.8625 -.25 2.8422 14 -.25 2.6522
4 14 13.39 -.25 2.8597 13.2775 -.25 2.7847 13.2975 -.25 2.7697 13.4 -.25 2.8247
3 14 13.6425 -.25 2.8622 13.575 -.25 2.8247 13.655 -.25 2.8372
4 14 11.675 -.25 2.8722 11.56 -.25 2.5472 11.5775 -.25 2.5397 11.705 -.25 2.8122
3 14 13.875 -.25 2.8797 13.87 -.25 2.8597 14 -.25 2.6522
3 14 10.54 -.25 2.8872 10.5575 -.25 2.8047 10.85 -.25 2.7522
4 14 13.385 -.25 2.8972 13.2425 -.25 2.8097 13.2775 -.25 2.7847 13.39 -.25 2.8597
4 14 10.295 -.25 2.8972 10.25 -.25 2.8522 10.35 -.25 2.8522 10.345 -.25 2.8872
3 14 13.88 -.25 2.8997 13.875 -.25 2.8797 14 -.25 2.6522
4 14 10.33 -.25 2.9122 10.31 -.25 2.9122 10.295 -.25 2.8972 10.345 -.25 2.8872
3 14 13.885 -.25 2.9222 13.88 -.25 2.8997 14 -.25 2.6522
4 14 13.555 -.25 2.9272 13.575 -.25 2.8247 13.6425 -.25 2.8622 13.64 -.25 2.8847
3 14 13.555 -.25 2.9272 13.64 -.25 2.8847 13.645 -.25 2.9072
3 14 13.555 -.25 2.9272 13.645 -.25 2.9072 13.655 -.25 2.9247
4 14 11.635 -.25 2.9272 11.5375 -.25 2.5572 11.56 -.25 2.5472 11.675 -.25 2.8722
4 14 13.38 -.25 2.9297 13.2025 -.25 2.8347 13.2425 -.25 2.8097 13.385 -.25 2.8972
3 14 13.89 -.25 2.9472 13.885 -.25 2.9222 14 -.25 2.6522
3 14 13.8925 -.25 2.9722 13.89 -.25 2.9472 14 -.25 2.6522
4 14 13.545 -.25 2.9947 13.555 -.25 2.9272 13.655 -.25 2.9247 13.67 -.25 2.9472
4 14 11.585 -.25 2.9972 11.515 -.25 2.5697 11.5375 -.25 2.5572 11.635 -.25 2.9272
4 14 13.3775 -.25 3.0047 13.155 -.25 2.8622 13.2025 -.25 2.8347 13.38 -.25 2.9297
4 14 13.54 -.25 3.0322 13.545 -.25 2.9947 13.67 -.25 2.9472 13.6875 -.25 2.9672
4 14 13.375 -.25 3.0522 13.115 -.25 2.8847 13.155 -.25 2.8622 13.3775 -.25 3.0047
4 14 10.5 -.25 3.0522 10.515 -.25 2.9747 10.54 -.25 2.8872 10.85 -.25 2.7522
4 14 11.5275 -.25 3.0622 11.4925 -.25 2.5822 11.515 -.25 2.5697 11.585 -.25 2.9972
3 14 11.5275 -.25 3.0622 11.475 -.25 2.5972 11.4925 -.25 2.5822
4 14 11.5275 -.25 3.0622 11.43 -.25 2.6322 11.4525 -.25 2.6122 11.475 -.25 2.5972
3 14 11.5275 -.25 3.0622 11.4175 -.25 2.6422 11.43 -.25 2.6322
3 14 11.5275 -.25 3.0622 11.4025 -.25 2.6522 11.4175 -.25 2.6422
3 14 11.5275 -.25 3.0622 11.3875 -.25 2.6597 11.4025 -.25 2.6522
3 14 11.5275 -.25 3.0622 11.375 -.25 2.6647 11.3875 -.25 2.6597
4 14 11.5275 -.25 3.0622 10.85 -.25 2.7522 11.36 -.25 2.6647 11.375 -.25 2.6647
4 14 13.5325 -.25 3.0872 13.54 -.25 3.0322 13.6875 -.25 2.9672 13.7275 -.25 2.9897
4 14 13.3675 -.25 3.1022 13.07 -.25 2.9122 13.115 -.25 2.8847 13.375 -.25 3.0522
4 14 13.53 -.25 3.1197 13.5325 -.25 3.0872 13.7275 -.25 2.9897 13.775 -.25 3.0122
3 14 10.485 -.25 3.1297 10.5 -.25 3.0522 10.85 -.25 2.7522
4 14 13.345 -.25 3.1522 13.025 -.25 2.9422 13.07 -.25 2.9122 13.3675 -.25 3.1022
4 14 13.5225 -.25 3.1672 13.53 -.25 3.1197 13.775 -.25 3.0122 13.835 -.25 3.0372
4 14 11.395 -.25 3.1722 10.85 -.25 2.7522 11.5275 -.25 3.0622 11.475 -.25 3.1172
4 14 13.5125 -.25 3.1947 13.5225 -.25 3.1672 13.835 -.25 3.0372 13.8525 -.25 3.0422
4 14 14 -.25 3.2022 13.8925 -.25 2.9722 14 -.25 2.6522 14.5625 -.25 2.6022
3 14 14 -.25 3.2022 13.8925 -.25 2.9922 13.8925 -.25 2.9722
3 14 14 -.25 3.2022 13.8925 -.25 3.0172 13.8925 -.25 2.9922
3 14 14 -.25 3.2022 13.89 -.25 3.0347 13.8925 -.25 3.0172
3 14 14 -.25 3.2022 13.8825 -.25 3.0422 13.89 -.25 3.0347
3 14 14 -.25 3.2022 13.8725 -.25 3.0422 13.8825 -.25 3.0422
4 14 14 -.25 3.2022 13.5125 -.25 3.1947 13.8525 -.25 3.0422 13.8725 -.25 3.0422
3 14 9.9 -.25 3.2022 10.1 -.25 2.7222 10.11 -.25 2.7522
3 14 9.9 -.25 3.2022 10.11 -.25 2.7522 10.13 -.25 2.7922
3 14 9.9 -.25 3.2022 10.13 -.25 2.7922 10.15 -.25 2.8272
4 14 9.9 -.25 3.2022 10.15 -.25 2.8272 10.195 -.25 2.8922 10.22 -.25 2.9522
4 14 9.9 -.25 3.2022 10.22 -.25 2.9522 10.235 -.25 3.0272 10.24 -.25 3.1272
4 14 13.3125 -.25 3.2247 13.015 -.25 2.9522 13.025 -.25 2.9422 13.345 -.25 3.1522
3 14 11.305 -.25 3.2397 10.85 -.25 2.7522 11.395 -.25 3.1722
4 14 10.4775 -.25 3.2422 10.479 -.25 3.2042 10.485 -.25 3.1297 10.85 -.25 2.7522
4 14 13.3075 -.25 3.2447 13.005 -.25 2.9672 13.015 -.25 2.9522 13.3125 -.25 3.2247
4 14 13.305 -.25 3.2672 12.985 -.25 2.9922 13.005 -.25 2.9672 13.3075 -.25 3.2447
4 14 13.305 -.25 3.2922 12.95 -.25 3.0222 12.985 -.25 2.9922 13.305 -.25 3.2672
3 14 11.225 -.25 3.3072 10.85 -.25 2.7522 11.305 -.25 3.2397
4 14 13.305 -.25 3.3147 12.915 -.25 3.0422 12.95 -.25 3.0222 13.305 -.25 3.2922
4 14 10.2215 -.25 3.3237 9.9 -.25 3.2022 10.24 -.25 3.1272 10.235 -.25 3.2022
4 14 13.3 -.25 3.3297 12.865 -.25 3.0622 12.915 -.25 3.0422 13.305 -.25 3.3147
4 14 13.29 -.25 3.3397 12.8375 -.25 3.0697 12.865 -.25 3.0622 13.3 -.25 3.3297
4 14 13.27 -.25 3.3547 12.8125 -.25 3.0747 12.8375 -.25 3.0697 13.29 -.25 3.3397
4 14 10.475 -.25 3.3572 10.475 -.25 3.2972 10.4775 -.25 3.2422 10.85 -.25 2.7522
4 14 13.2425 -.25 3.3647 12.795 -.25 3.0872 12.8125 -.25 3.0747 13.27 -.25 3.3547
4 14 13.21 -.25 3.3722 12.7825 -.25 3.1047 12.795 -.25 3.0872 13.2425 -.25 3.3647
3 14 11.155 -.25 3.3772 10.85 -.25 2.7522 11.225 -.25 3.3072
4 14 13.1875 -.25 3.3872 12.7525 -.25 3.1522 12.7825 -.25 3.1047 13.21 -.25 3.3722
4 14 13.1775 -.25 3.3997 12.7025 -.25 3.2247 12.7525 -.25 3.1522 13.1875 -.25 3.3872
3 14 10.213 -.25 3.4107 9.9 -.25 3.2022 10.2215 -.25 3.3237
4 14 13.1675 -.25 3.4172 12.66 -.25 3.2872 12.7025 -.25 3.2247 13.1775 -.25 3.3997
4 14 13.16 -.25 3.4397 12.5675 -.25 3.4022 12.66 -.25 3.2872 13.1675 -.25 3.4172
3 14 10.2115 -.25 3.4707 9.9 -.25 3.2022 10.213 -.25 3.4107
3 14 11.0675 -.25 3.4822 10.85 -.25 2.7522 11.155 -.25 3.3772
4 14 10.4925 -.25 3.4872 10.4825 -.25 3.4222 10.475 -.25 3.3572 10.85 -.25 2.7522
3 14 11.0075 -.25 3.5647 10.85 -.25 2.7522 11.0675 -.25 3.4822
4 14 10.5225 -.25 3.5672 10.505 -.25 3.5272 10.4925 -.25 3.4872 10.85 -.25 2.7522
4 14 10.57 -.25 3.6397 10.55 -.25 3.6122 10.5225 -.25 3.5672 10.85 -.25 2.7522
3 14 10.96 -.25 3.6547 10.85 -.25 2.7522 11.0075 -.25 3.5647
4 14 10.63 -.25 3.7022 10.59 -.25 3.6622 10.57 -.25 3.6397 10.85 -.25 2.7522
3 14 10.94 -.25 3.7097 10.85 -.25 2.7522 10.96 -.25 3.6547
4 14 10.71 -.25 3.7597 10.67 -.25 3.7372 10.63 -.25 3.7022 10.85 -.25 2.7522
3 14 10.925 -.25 3.7672 10.85 -.25 2.7522 10.94 -.25 3.7097
4 14 12.2225 -.25 3.7697 12.2025 -.25 3.7247 12.2375 -.25 3.6972 12.2375 -.25 3.7647
4 14 12.2025 -.25 3.7797 12.165 -.25 3.7522 12.2025 -.25 3.7247 12.2225 -.25 3.7697
4 14 12.18 -.25 3.7922 12.14 -.25 3.7697 12.165 -.25 3.7522 12.2025 -.25 3.7797
4 14 12.1625 -.25 3.8047 12.11 -.25 3.7897 12.14 -.25 3.7697 12.18 -.25 3.7922
4 14 11.7 -.25 3.8072 11.67 -.25 3.8022 11.675 -.25 3.7847 11.69 -.25 3.7847
4 14 10.82 -.25 3.8072 10.765 -.25 3.7847 10.71 -.25 3.7597 10.85 -.25 2.7522
4 14 10.915 -.25 3.8122 10.82 -.25 3.8072 10.85 -.25 2.7522 10.925 -.25 3.7672
4 14 12.135 -.25 3.8222 12.07 -.25 3.8172 12.11 -.25 3.7897 12.1625 -.25 3.8047
4 14 12.0325 -.25 3.8447 12.07 -.25 3.8172 12.135 -.25 3.8222 12.11 -.25 3.8397
4 14 11.9925 -.25 3.8747 12.0325 -.25 3.8447 12.11 -.25 3.8397 12.085 -.25 3.8572
4 14 11.68 -.25 3.8872 11.67 -.25 3.8022 11.7 -.25 3.8072 11.71 -.25 3.8522
4 14 11.965 -.25 3.8947 11.9925 -.25 3.8747 12.085 -.25 3.8572 12.0625 -.25 3.8747
4 14 11.9425 -.25 3.9147 11.965 -.25 3.8947 12.0625 -.25 3.8747 12.03 -.25 3.9022
4 14 11.92 -.25 3.9397 11.9425 -.25 3.9147 12.03 -.25 3.9022 12.005 -.25 3.9222
4 14 11.7 -.25 3.9447 11.68 -.25 3.8872 11.71 -.25 3.8522 11.73 -.25 3.9022
4 14 11.9075 -.25 3.9547 11.92 -.25 3.9397 12.005 -.25 3.9222 11.9775 -.25 3.9447
4 14 11.9475 -.25 3.9697 11.9 -.25 3.9697 11.9075 -.25 3.9547 11.9775 -.25 3.9447
4 14 11.92 -.25 3.9947 11.895 -.25 3.9822 11.9 -.25 3.9697 11.9475 -.25 3.9697
4 14 10.6575 -.25 4.0022 10.6725 -.25 3.9847 10.685 -.25 3.9772 10.6925 -.25 3.9847
4 14 11.9025 -.25 4.0047 11.8925 -.25 3.9972 11.895 -.25 3.9822 11.92 -.25 3.9947
4 14 11.74 -.25 4.0172 11.7 -.25 3.9447 11.73 -.25 3.9022 11.77 -.25 3.9722
4 14 10.645 -.25 4.0172 10.6575 -.25 4.0022 10.6925 -.25 3.9847 10.6925 -.25 4.0022
4 14 10.625 -.25 4.0472 10.645 -.25 4.0172 10.6925 -.25 4.0022 10.6775 -.25 4.0322
4 14 10.615 -.25 4.0822 10.625 -.25 4.0472 10.6775 -.25 4.0322 10.66 -.25 4.0672
4 14 10.86 -.25 4.1022 10.86 -.25 4.0672 10.865 -.25 4.0322 10.88 -.25 4.0122
4 14 9.9 -.25 4.1022 9.9 -.25 3.2022 10.2115 -.25 3.4707 10.218 -.25 3.5407
4 14 9.9 -.25 4.1022 9.4802 -.25 3.2534 9.4375 -.25 2.6022 9.9 -.25 3.2022
3 14 9.9 -.25 4.1022 10.218 -.25 3.5407 10.228 -.25 3.5987
3 14 9.9 -.25 4.1022 10.228 -.25 3.5987 10.25 -.25 3.6572
3 14 9.9 -.25 4.1022 10.25 -.25 3.6572 10.2875 -.25 3.7222
3 14 9.9 -.25 4.1022 10.2875 -.25 3.7222 10.3225 -.25 3.7747
3 14 9.9 -.25 4.1022 10.3225 -.25 3.7747 10.375 -.25 3.8297
3 14 9.9 -.25 4.1022 10.375 -.25 3.8297 10.45 -.25 3.8797
3 14 9.9 -.25 4.1022 10.45 -.25 3.8797 10.515 -.25 3.9097
3 14 9.9 -.25 4.1022 10.515 -.25 3.9097 10.545 -.25 3.9222
4 14 9.9 -.25 4.1022 10.545 -.25 3.9222 10.571 -.25 3.9282 10.57 -.25 3.9422
3 14 9.9 -.25 4.1022 10.57 -.25 3.9422 10.555 -.25 3.9772
3 14 9.9 -.25 4.1022 10.555 -.25 3.9772 10.545 -.25 4.0072
3 14 9.9 -.25 4.1022 10.545 -.25 4.0072 10.535 -.25 4.0522
3 14 9.9 -.25 4.1022 10.535 -.25 4.0522 10.53 -.25 4.0872
4 14 10.65 -.25 4.1122 10.61 -.25 4.1072 10.615 -.25 4.0822 10.66 -.25 4.0672
4 14 11.8 -.25 4.1247 11.74 -.25 4.0172 11.77 -.25 3.9722 11.815 -.25 4.0472
3 14 10.53 -.25 4.1322 9.9 -.25 4.1022 10.53 -.25 4.0872
4 14 10.865 -.25 4.1372 10.86 -.25 4.1022 10.88 -.25 4.0122 10.9 -.25 4.0042
4 14 10.6475 -.25 4.1622 10.605 -.25 4.1522 10.61 -.25 4.1072 10.65 -.25 4.1122
4 14 10.8225 -.25 4.1722 10.785 -.25 4.1322 10.796 -.25 4.1322 10.8115 -.25 4.1437
4 14 10.88 -.25 4.1872 10.865 -.25 4.1372 10.9 -.25 4.0042 10.915 -.25 4.0122
4 14 10.8225 -.25 4.1972 10.77 -.25 4.1522 10.785 -.25 4.1322 10.8225 -.25 4.1722
4 14 14 -.25 4.2022 14 -.25 3.2022 14.5625 -.25 2.6022 14.5198 -.25 3.2534
4 14 14 -.25 4.2022 13.5075 -.25 3.2422 13.5125 -.25 3.1947 14 -.25 3.2022
3 14 14 -.25 4.2022 13.5075 -.25 3.2772 13.5075 -.25 3.2422
3 14 14 -.25 4.2022 13.4975 -.25 3.3072 13.5075 -.25 3.2772
3 14 14 -.25 4.2022 13.4875 -.25 3.3297 13.4975 -.25 3.3072
4 14 14 -.25 4.2022 13.4475 -.25 3.3772 13.465 -.25 3.3522 13.4875 -.25 3.3297
4 14 14 -.25 4.2022 13.3875 -.25 3.5022 13.4225 -.25 3.4247 13.4475 -.25 3.3772
3 14 14 -.25 4.2022 13.3625 -.25 3.5497 13.3875 -.25 3.5022
3 14 14 -.25 4.2022 13.3475 -.25 3.5772 13.3625 -.25 3.5497
3 14 14 -.25 4.2022 13.3275 -.25 3.6072 13.3475 -.25 3.5772
3 14 14 -.25 4.2022 13.3075 -.25 3.6347 13.3275 -.25 3.6072
3 14 14 -.25 4.2022 13.285 -.25 3.6647 13.3075 -.25 3.6347
3 14 14 -.25 4.2022 13.2625 -.25 3.6872 13.285 -.25 3.6647
3 14 14 -.25 4.2022 13.245 -.25 3.6947 13.2625 -.25 3.6872
4 14 14 -.25 4.2022 12.65 -.25 4.2022 13.225 -.25 3.6947 13.245 -.25 3.6947
4 14 12.65 -.25 4.2022 12.5675 -.25 3.4022 13.16 -.25 3.4397 13.155 -.25 3.4722
3 14 12.65 -.25 4.2022 13.155 -.25 3.4722 13.1525 -.25 3.5147
3 14 12.65 -.25 4.2022 12.4675 -.25 3.4972 12.5675 -.25 3.4022
3 14 12.65 -.25 4.2022 13.1525 -.25 3.5147 13.155 -.25 3.5597
3 14 12.65 -.25 4.2022 13.155 -.25 3.5597 13.1625 -.25 3.6022
3 14 12.65 -.25 4.2022 12.3825 -.25 3.5772 12.4675 -.25 3.4972
3 14 12.65 -.25 4.2022 13.1625 -.25 3.6022 13.1675 -.25 3.6247
3 14 12.65 -.25 4.2022 13.1675 -.25 3.6247 13.175 -.25 3.6447
3 14 12.65 -.25 4.2022 13.175 -.25 3.6447 13.19 -.25 3.6697
3 14 12.65 -.25 4.2022 13.19 -.25 3.6697 13.2075 -.25 3.6847
3 14 12.65 -.25 4.2022 13.2075 -.25 3.6847 13.225 -.25 3.6947
4 14 12.65 -.25 4.2022 12.2375 -.25 3.7647 12.2375 -.25 3.6972 12.3825 -.25 3.5772
3 14 12.65 -.25 4.2022 12.2425 -.25 3.8022 12.2375 -.25 3.7647
3 14 12.65 -.25 4.2022 12.245 -.25 3.8272 12.2425 -.25 3.8022
3 14 12.65 -.25 4.2022 12.245 -.25 3.8522 12.245 -.25 3.8272
3 14 12.65 -.25 4.2022 12.245 -.25 3.9022 12.245 -.25 3.8522
3 14 12.65 -.25 4.2022 12.2425 -.25 3.9322 12.245 -.25 3.9022
3 14 12.65 -.25 4.2022 12.2375 -.25 3.9772 12.2425 -.25 3.9322
3 14 12.65 -.25 4.2022 12.23 -.25 4.0272 12.2375 -.25 3.9772
3 14 12.65 -.25 4.2022 12.2175 -.25 4.0772 12.23 -.25 4.0272
3 14 12.65 -.25 4.2022 12.2075 -.25 4.1122 12.2175 -.25 4.0772
3 14 12.65 -.25 4.2022 12.195 -.25 4.1522 12.2075 -.25 4.1122
3 14 12.65 -.25 4.2022 12.175 -.25 4.2022 12.195 -.25 4.1522
4 14 10.65 -.25 4.2022 10.605 -.25 4.2022 10.605 -.25 4.1522 10.6475 -.25 4.1622
4 14 10.56 -.25 4.2122 9.9 -.25 4.1022 10.53 -.25 4.1322 10.545 -.25 4.1672
4 14 10.83 -.25 4.2372 10.764 -.25 4.1852 10.77 -.25 4.1522 10.8225 -.25 4.1972
4 14 11.835 -.25 4.2422 11.8 -.25 4.1247 11.815 -.25 4.0472 11.85 -.25 4.1172
4 14 10.89 -.25 4.2472 10.88 -.25 4.1872 10.915 -.25 4.0122 10.925 -.25 4.0522
3 14 12.155 -.25 4.2522 12.175 -.25 4.2022 12.65 -.25 4.2022
4 14 10.5525 -.25 4.2722 9.9 -.25 4.1022 10.56 -.25 4.2122 10.56 -.25 4.2422
4 14 10.845 -.25 4.2772 10.764 -.25 4.2177 10.764 -.25 4.1852 10.83 -.25 4.2372
4 14 10.665 -.25 4.2772 10.6 -.25 4.2522 10.605 -.25 4.2022 10.65 -.25 4.2022
4 14 10.895 -.25 4.2822 10.89 -.25 4.2472 10.925 -.25 4.0522 10.935 -.25 4.1172
4 14 10.86 -.25 4.3022 10.7675 -.25 4.2572 10.764 -.25 4.2177 10.845 -.25 4.2772
3 14 10.545 -.25 4.3022 9.9 -.25 4.1022 10.5525 -.25 4.2722
4 14 10.895 -.25 4.3172 10.895 -.25 4.2822 10.935 -.25 4.1172 10.96 -.25 4.1872
4 14 10.68 -.25 4.3172 10.59 -.25 4.2822 10.6 -.25 4.2522 10.665 -.25 4.2772
3 14 10.5425 -.25 4.3322 9.9 -.25 4.1022 10.545 -.25 4.3022
4 14 10.8675 -.25 4.3372 10.785 -.25 4.3222 10.7675 -.25 4.2572 10.86 -.25 4.3022
3 14 12.1075 -.25 4.3522 12.155 -.25 4.2522 12.65 -.25 4.2022
4 14 11.85 -.25 4.3572 11.835 -.25 4.2422 11.85 -.25 4.1172 11.87 -.25 4.1822
4 14 10.7 -.25 4.3572 10.575 -.25 4.3122 10.59 -.25 4.2822 10.68 -.25 4.3172
3 14 10.7 -.25 4.3572 10.56 -.25 4.3372 10.575 -.25 4.3122
4 14 10.885 -.25 4.3622 10.895 -.25 4.3172 10.96 -.25 4.1872 10.995 -.25 4.2522
4 14 10.805 -.25 4.3697 10.785 -.25 4.3222 10.8675 -.25 4.3372 10.87 -.25 4.3672
4 14 10.88 -.25 4.3747 10.885 -.25 4.3622 10.995 -.25 4.2522 11.035 -.25 4.3097
4 14 10.8725 -.25 4.3822 10.88 -.25 4.3747 11.035 -.25 4.3097 11.07 -.25 4.3647
4 14 10.83 -.25 4.4147 10.805 -.25 4.3697 10.87 -.25 4.3672 10.8725 -.25 4.3822
3 14 12.07 -.25 4.4272 12.1075 -.25 4.3522 12.65 -.25 4.2022
4 14 11.85 -.25 4.4372 11.85 -.25 4.3572 11.87 -.25 4.1822 11.89 -.25 4.2572
4 14 11.1565 -.25 4.4427 10.83 -.25 4.4147 10.8725 -.25 4.3822 11.07 -.25 4.3647
3 14 10.8475 -.25 4.4472 10.83 -.25 4.4147 11.1565 -.25 4.4427
3 14 12.0425 -.25 4.4772 12.07 -.25 4.4272 12.65 -.25 4.2022
4 14 11.84 -.25 4.5022 11.85 -.25 4.4372 11.89 -.25 4.2572 11.9 -.25 4.3422
4 14 14.1827 -.25 4.5115 14 -.25 4.2022 14.5198 -.25 3.2534 14.3925 -.25 3.8935
4 14 9.8173 -.25 4.5115 9.6075 -.25 3.8935 9.4802 -.25 3.2534 9.9 -.25 4.1022
4 14 11.2785 -.25 4.5392 10.8675 -.25 4.4847 10.8475 -.25 4.4472 11.1565 -.25 4.4427
3 14 12.0025 -.25 4.5422 12.0425 -.25 4.4772 12.65 -.25 4.2022
4 14 11.83 -.25 4.5672 11.84 -.25 4.5022 11.9 -.25 4.3422 11.9 -.25 4.4122
4 14 11.985 -.25 4.5797 11.99 -.25 4.5622 12.0025 -.25 4.5422 12.65 -.25 4.2022
4 14 11.3575 -.25 4.5922 10.885 -.25 4.5222 10.8675 -.25 4.4847 11.2785 -.25 4.5392
4 14 11.4 -.25 4.6247 10.9 -.25 4.5622 10.885 -.25 4.5222 11.3575 -.25 4.5922
4 14 11.995 -.25 4.6297 11.9825 -.25 4.6047 11.985 -.25 4.5797 12.65 -.25 4.2022
4 14 11.805 -.25 4.6422 11.83 -.25 4.5672 11.9 -.25 4.4122 11.895 -.25 4.4922
4 14 11.425 -.25 4.6572 10.895 -.25 4.5972 10.9 -.25 4.5622 11.4 -.25 4.6247
3 14 12.635 -.25 4.6597 12.585 -.25 4.6597 12.65 -.25 4.2022
3 14 12.6825 -.25 4.6647 12.635 -.25 4.6597 12.65 -.25 4.2022
4 14 12.505 -.25 4.6672 12.65 -.25 4.2022 12.585 -.25 4.6597 12.5375 -.25 4.6647
4 14 12.03 -.25 4.6722 12.01 -.25 4.6547 11.995 -.25 4.6297 12.65 -.25 4.2022
3 14 12.7375 -.25 4.6772 12.6825 -.25 4.6647 12.65 -.25 4.2022
4 14 12.375 -.25 4.6772 12.65 -.25 4.2022 12.505 -.25 4.6672 12.4675 -.25 4.6722
3 14 12.0625 -.25 4.6772 12.03 -.25 4.6722 12.65 -.25 4.2022
4 14 12.845 -.25 4.6797 12.797 -.25 4.6797 12.7375 -.25 4.6772 12.65 -.25 4.2022
4 14 12.305 -.25 4.6797 12.225 -.25 4.6797 12.65 -.25 4.2022 12.375 -.25 4.6772
4 14 12.225 -.25 4.6797 12.12 -.25 4.6797 12.0625 -.25 4.6772 12.65 -.25 4.2022
3 14 12.89 -.25 4.6847 12.845 -.25 4.6797 12.65 -.25 4.2022
4 14 12.945 -.25 4.6972 12.89 -.25 4.6847 12.65 -.25 4.2022 14 -.25 4.2022
3 14 12.995 -.25 4.7122 12.945 -.25 4.6972 14 -.25 4.2022
4 14 11.46 -.25 4.7222 10.8775 -.25 4.6372 10.895 -.25 4.5972 11.425 -.25 4.6572
3 14 13.045 -.25 4.7372 12.995 -.25 4.7122 14 -.25 4.2022
3 14 13.07 -.25 4.7522 13.045 -.25 4.7372 14 -.25 4.2022
3 14 13.09 -.25 4.7722 13.07 -.25 4.7522 14 -.25 4.2022
3 14 11.755 -.25 4.7722 11.885 -.25 4.5572 11.8575 -.25 4.6372
4 14 11.755 -.25 4.7722 11.8575 -.25 4.6372 11.8225 -.25 4.7272 11.8075 -.25 4.7647
4 14 11.755 -.25 4.7722 11.805 -.25 4.6422 11.895 -.25 4.4922 11.885 -.25 4.5572
4 14 11.47 -.25 4.7722 10.8575 -.25 4.6497 10.8775 -.25 4.6372 11.46 -.25 4.7222
3 14 13.1 -.25 4.7872 13.09 -.25 4.7722 14 -.25 4.2022
3 14 13.1025 -.25 4.7997 13.1 -.25 4.7872 14 -.25 4.2022
4 14 10.35 -.25 4.8522 9.9 -.25 4.1022 10.5425 -.25 4.3322 10.545 -.25 4.3522
4 14 10.35 -.25 4.8522 10.545 -.25 4.3522 10.56 -.25 4.3372 10.7 -.25 4.3572
3 14 10.35 -.25 4.8522 10.7 -.25 4.3572 10.7225 -.25 4.3947
3 14 10.35 -.25 4.8522 10.7225 -.25 4.3947 10.745 -.25 4.4322
3 14 10.35 -.25 4.8522 10.745 -.25 4.4322 10.785 -.25 4.4797
4 14 10.35 -.25 4.8522 10.785 -.25 4.4797 10.8125 -.25 4.5122 10.8275 -.25 4.5372
4 14 10.35 -.25 4.8522 10.8275 -.25 4.5372 10.8575 -.25 4.5872 10.86 -.25 4.6222
3 14 10.35 -.25 4.8522 10.86 -.25 4.6222 10.8575 -.25 4.6497
4 14 10.35 -.25 4.8522 10.8575 -.25 4.6497 11.47 -.25 4.7722 11.465 -.25 4.8322
4 14 11.69 -.25 4.8972 11.755 -.25 4.7722 11.8075 -.25 4.7647 11.805 -.25 4.7972
3 14 11.415 -.25 4.9272 10.35 -.25 4.8522 11.465 -.25 4.8322
3 14 11.395 -.25 4.9752 10.35 -.25 4.8522 11.415 -.25 4.9272
4 14 11.63 -.25 4.9872 11.69 -.25 4.8972 11.805 -.25 4.7972 11.81 -.25 4.8572
4 14 11.6285 -.25 5.0092 11.63 -.25 4.9872 11.81 -.25 4.8572 11.83 -.25 4.8922
4 14 11.6345 -.25 5.0352 11.6285 -.25 5.0092 11.83 -.25 4.8922 11.855 -.25 4.9062
3 14 11.39 -.25 5.0522 10.35 -.25 4.8522 11.395 -.25 4.9752
4 14 10.1059 -.25 5.0968 9.8173 -.25 4.5115 9.9 -.25 4.1022 10.35 -.25 4.8522
4 14 11.48 -.25 5.2872 11.395 -.25 5.1022 11.405 -.25 5.1172 11.5 -.25 5.3072
4 14 11.72 -.25 5.1322 11.6345 -.25 5.0352 11.855 -.25 4.9062 11.885 -.25 4.9072
3 14 10.57 -.25 5.1847 10.545 -.25 5.1747 10.35 -.25 4.8522
3 14 10.5875 -.25 5.1922 10.57 -.25 5.1847 10.35 -.25 4.8522
3 14 12.755 -.25 5.1947 12.715 -.25 5.1947 12.635 -.25 5.1047
3 14 12.6825 -.25 5.1997 12.635 -.25 5.1047 12.715 -.25 5.1947
4 14 12.95 -.25 5.2022 12.425 -.25 4.8097 12.475 -.25 4.8097 12.5175 -.25 4.8147
4 14 12.95 -.25 5.2022 13.0975 -.25 4.8122 13.1025 -.25 4.7997 14 -.25 4.2022
4 14 12.95 -.25 5.2022 12.7325 -.25 4.8147 12.7475 -.25 4.8222 12.765 -.25 4.8347
4 14 12.95 -.25 5.2022 12.5175 -.25 4.8147 12.5475 -.25 4.8172 12.565 -.25 4.8222
4 14 12.95 -.25 5.2022 12.6925 -.25 4.8172 12.7125 -.25 4.8122 12.7325 -.25 4.8147
4 14 12.95 -.25 5.2022 12.295 -.25 4.8197 12.355 -.25 4.8122 12.425 -.25 4.8097
3 14 12.95 -.25 5.2022 12.565 -.25 4.8222 12.6 -.25 4.8322
3 14 12.95 -.25 5.2022 13.08 -.25 4.8272 13.0975 -.25 4.8122
4 14 12.95 -.25 5.2022 12.6625 -.25 4.8322 12.68 -.25 4.8222 12.6925 -.25 4.8172
3 14 12.95 -.25 5.2022 12.6 -.25 4.8322 12.629 -.25 4.8362
4 14 12.95 -.25 5.2022 12.765 -.25 4.8347 12.78 -.25 4.8547 12.79 -.25 4.8747
3 14 12.95 -.25 5.2022 12.6475 -.25 4.8347 12.6625 -.25 4.8322
3 14 12.95 -.25 5.2022 12.629 -.25 4.8362 12.6475 -.25 4.8347
3 14 12.95 -.25 5.2022 13.0525 -.25 4.8472 13.08 -.25 4.8272
3 14 12.95 -.25 5.2022 13.0275 -.25 4.8622 13.0525 -.25 4.8472
3 14 12.95 -.25 5.2022 12.79 -.25 4.8747 12.8075 -.25 4.8972
3 14 12.95 -.25 5.2022 12.9725 -.25 4.8847 13.0275 -.25 4.8622
3 14 12.95 -.25 5.2022 12.8075 -.25 4.8972 12.82 -.25 4.9072
3 14 12.95 -.25 5.2022 12.91 -.25 4.8997 12.9725 -.25 4.8847
3 14 12.95 -.25 5.2022 12.875 -.25 4.9072 12.91 -.25 4.8997
3 14 12.95 -.25 5.2022 12.82 -.25 4.9072 12.85 -.25 4.9097
3 14 12.95 -.25 5.2022 12.85 -.25 4.9097 12.875 -.25 4.9072
3 14 12.95 -.25 5.2022 12.635 -.25 5.1047 12.295 -.25 4.8197
4 14 12.95 -.25 5.2022 12.7925 -.25 5.1972 12.755 -.25 5.1947 12.635 -.25 5.1047
3 14 12.95 -.25 5.2022 12.8975 -.25 5.2547 12.875 -.25 5.2347
3 14 12.95 -.25 5.2022 12.9175 -.25 5.2797 12.8975 -.25 5.2547
3 14 12.95 -.25 5.2022 12.935 -.25 5.3122 12.9175 -.25 5.2797
3 14 12.95 -.25 5.2022 12.9375 -.25 5.3347 12.935 -.25 5.3122
3 14 12.95 -.25 5.2022 12.9375 -.25 5.3722 12.9375 -.25 5.3347
4 14 12.505 -.25 5.2022 12.495 -.25 5.1972 12.295 -.25 4.8197 12.635 -.25 5.1047
3 14 12.82 -.25 5.2047 12.7925 -.25 5.1972 12.95 -.25 5.2022
3 14 12.4875 -.25 5.2047 12.295 -.25 4.8197 12.495 -.25 5.1972
3 14 12.6475 -.25 5.2072 12.635 -.25 5.1047 12.6825 -.25 5.1997
3 14 12.5125 -.25 5.2097 12.505 -.25 5.2022 12.635 -.25 5.1047
4 14 10.6325 -.25 5.2097 10.61 -.25 5.2022 10.5875 -.25 5.1922 10.35 -.25 4.8522
3 14 12.845 -.25 5.2147 12.82 -.25 5.2047 12.95 -.25 5.2022
3 14 10.6525 -.25 5.2147 10.6325 -.25 5.2097 10.35 -.25 4.8522
3 14 12.6225 -.25 5.2172 12.635 -.25 5.1047 12.6475 -.25 5.2072
3 14 11.29 -.25 5.2172 11.26 -.25 5.2172 11.395 -.25 5.1022
3 14 11.26 -.25 5.2172 11.23 -.25 5.2172 11.395 -.25 5.1022
3 14 11.23 -.25 5.2172 11.1925 -.25 5.2172 11.395 -.25 5.1022
3 14 11.3225 -.25 5.2197 11.29 -.25 5.2172 11.395 -.25 5.1022
3 14 12.4825 -.25 5.2222 12.295 -.25 4.8197 12.4875 -.25 5.2047
4 14 11.1175 -.25 5.2222 11.395 -.25 5.1022 11.1925 -.25 5.2172 11.1575 -.25 5.2197
3 14 10.6775 -.25 5.2222 10.6525 -.25 5.2147 10.35 -.25 4.8522
3 14 11.35 -.25 5.2247 11.3225 -.25 5.2197 11.395 -.25 5.1022
3 14 11.375 -.25 5.2297 11.35 -.25 5.2247 11.395 -.25 5.1022
3 14 11.06 -.25 5.2297 11.395 -.25 5.1022 11.1175 -.25 5.2222
3 14 12.875 -.25 5.2347 12.845 -.25 5.2147 12.95 -.25 5.2022
4 14 12.535 -.25 5.2347 12.5225 -.25 5.2222 12.5125 -.25 5.2097 12.635 -.25 5.1047
4 14 10.7325 -.25 5.2347 10.705 -.25 5.2297 10.6775 -.25 5.2222 10.35 -.25 4.8522
3 14 11.4 -.25 5.2372 11.375 -.25 5.2297 11.395 -.25 5.1022
4 14 12.57 -.25 5.2397 12.635 -.25 5.1047 12.6225 -.25 5.2172 12.5975 -.25 5.2297
4 14 12.55 -.25 5.2397 12.535 -.25 5.2347 12.635 -.25 5.1047 12.57 -.25 5.2397
4 14 11 -.25 5.2397 10.35 -.25 4.8522 11.39 -.25 5.0522 11.395 -.25 5.1022
3 14 11 -.25 5.2397 11.395 -.25 5.1022 11.06 -.25 5.2297
4 14 10.79 -.25 5.2422 10.7625 -.25 5.2397 10.7325 -.25 5.2347 10.35 -.25 4.8522
3 14 11.4225 -.25 5.2447 11.4 -.25 5.2372 11.395 -.25 5.1022
4 14 11.845 -.25 5.2472 11.72 -.25 5.1322 11.885 -.25 4.9072 11.975 -.25 4.8922
4 14 10.9175 -.25 5.2472 10.35 -.25 4.8522 11 -.25 5.2397 10.95 -.25 5.2447
3 14 10.9175 -.25 5.2472 10.895 -.25 5.2472 10.35 -.25 4.8522
3 14 10.895 -.25 5.2472 10.8675 -.25 5.2472 10.35 -.25 4.8522
4 14 10.8675 -.25 5.2472 10.8275 -.25 5.2447 10.79 -.25 5.2422 10.35 -.25 4.8522
3 14 11.4425 -.25 5.2572 11.4225 -.25 5.2447 11.395 -.25 5.1022
3 14 11.4625 -.25 5.2722 11.4425 -.25 5.2572 11.395 -.25 5.1022
3 14 11.48 -.25 5.2872 11.4625 -.25 5.2722 11.395 -.25 5.1022
3 14 12.835 -.25 5.3122 12.8125 -.25 5.2847 12.8275 -.25 5.2972
4 14 11.9215 -.25 5.3122 11.845 -.25 5.2472 11.975 -.25 4.8922 12.04 -.25 4.8722
4 14 12.8375 -.25 5.3297 12.7975 -.25 5.2747 12.8125 -.25 5.2847 12.835 -.25 5.3122
3 14 11.9625 -.25 5.3407 12.125 -.25 4.8522 12.2125 -.25 4.8347
4 14 11.9625 -.25 5.3407 11.9215 -.25 5.3122 12.04 -.25 4.8722 12.125 -.25 4.8522
4 14 12.8375 -.25 5.3447 12.7775 -.25 5.2672 12.7975 -.25 5.2747 12.8375 -.25 5.3297
4 14 12.3925 -.25 5.3522 12.295 -.25 4.8197 12.4825 -.25 5.2222 12.4825 -.25 5.2422
4 14 12.3925 -.25 5.3522 12.4825 -.25 5.2422 12.4825 -.25 5.2672 12.48 -.25 5.3022
4 14 12.8325 -.25 5.3597 12.75 -.25 5.2597 12.7775 -.25 5.2672 12.8375 -.25 5.3447
4 14 11.2825 -.25 5.3697 11.34 -.25 5.2797 11.3575 -.25 5.2822 11.3775 -.25 5.2872
4 14 11.2825 -.25 5.3697 11.2875 -.25 5.2822 11.3175 -.25 5.2797 11.34 -.25 5.2797
4 14 11.2825 -.25 5.3697 11.3775 -.25 5.2872 11.3925 -.25 5.2922 11.405 -.25 5.2972
4 14 11.2825 -.25 5.3697 11.235 -.25 5.2897 11.2675 -.25 5.2847 11.2875 -.25 5.2822
4 14 11.2825 -.25 5.3697 11.405 -.25 5.2972 11.4175 -.25 5.3047 11.4275 -.25 5.3122
4 14 11.2825 -.25 5.3697 11.1625 -.25 5.3047 11.1975 -.25 5.2972 11.235 -.25 5.2897
4 14 11.2825 -.25 5.3697 11.4275 -.25 5.3122 11.44 -.25 5.3222 11.4525 -.25 5.3372
4 14 11.2825 -.25 5.3697 11.0875 -.25 5.3247 11.1325 -.25 5.3122 11.1625 -.25 5.3047
4 14 11.2825 -.25 5.3697 11.4525 -.25 5.3372 11.46 -.25 5.3472 11.465 -.25 5.3572
4 14 12.825 -.25 5.3722 12.7125 -.25 5.2597 12.75 -.25 5.2597 12.8325 -.25 5.3597
4 14 11.465 -.25 5.3572 11.4675 -.25 5.3697 11.4675 -.25 5.3747 11.2825 -.25 5.3697
4 14 12.016 -.25 5.3812 11.9625 -.25 5.3407 12.2125 -.25 4.8347 12.295 -.25 4.8197
4 14 12.4625 -.25 5.3822 12.3925 -.25 5.3522 12.48 -.25 5.3022 12.4725 -.25 5.3447
3 14 11.4675 -.25 5.3847 11.2825 -.25 5.3697 11.4675 -.25 5.3747
4 14 12.8125 -.25 5.3872 12.6925 -.25 5.2622 12.7125 -.25 5.2597 12.825 -.25 5.3722
4 14 11.2875 -.25 5.3947 11.1 -.25 5.3422 11.0875 -.25 5.3247 11.2825 -.25 5.3697
4 14 12.795 -.25 5.4022 12.6625 -.25 5.2722 12.6925 -.25 5.2622 12.8125 -.25 5.3872
4 14 11.4625 -.25 5.4022 11.2825 -.25 5.3697 11.4675 -.25 5.3847 11.465 -.25 5.3947
4 14 11.3275 -.25 5.4022 11.31 -.25 5.3922 11.3 -.25 5.3847 11.2825 -.25 5.3697
4 14 12.435 -.25 5.4047 12.3925 -.25 5.3522 12.4625 -.25 5.3822 12.4475 -.25 5.3997
4 14 12.0485 -.25 5.4112 12.016 -.25 5.3812 12.295 -.25 4.8197 12.3925 -.25 5.3522
4 14 11.295 -.25 5.4147 11.115 -.25 5.3672 11.1 -.25 5.3422 11.2875 -.25 5.3947
4 14 12.775 -.25 5.4172 12.63 -.25 5.2872 12.6625 -.25 5.2722 12.795 -.25 5.4022
4 14 11.3575 -.25 5.4172 11.34 -.25 5.4097 11.3275 -.25 5.4022 11.2825 -.25 5.3697
3 14 12.435 -.25 5.4197 12.3925 -.25 5.3522 12.435 -.25 5.4047
4 14 11.44 -.25 5.4197 11.2825 -.25 5.3697 11.4625 -.25 5.4022 11.4525 -.25 5.4122
4 14 11.4225 -.25 5.4247 11.41 -.25 5.4247 11.2825 -.25 5.3697 11.44 -.25 5.4197
3 14 11.41 -.25 5.4247 11.39 -.25 5.4247 11.2825 -.25 5.3697
4 14 11.39 -.25 5.4247 11.3725 -.25 5.4222 11.3575 -.25 5.4172 11.2825 -.25 5.3697
3 14 12.0635 -.25 5.4272 12.0485 -.25 5.4112 12.3925 -.25 5.3522
4 14 12.75 -.25 5.4322 12.6 -.25 5.3047 12.63 -.25 5.2872 12.775 -.25 5.4172
3 14 12.44 -.25 5.4347 12.3925 -.25 5.3522 12.435 -.25 5.4197
4 14 11.31 -.25 5.4397 11.155 -.25 5.4347 11.115 -.25 5.3672 11.295 -.25 5.4147
3 14 12.0745 -.25 5.4427 12.0635 -.25 5.4272 12.3925 -.25 5.3522
4 14 12.725 -.25 5.4447 12.5725 -.25 5.3247 12.6 -.25 5.3047 12.75 -.25 5.4322
4 14 12.6975 -.25 5.4547 12.5475 -.25 5.3472 12.5725 -.25 5.3247 12.725 -.25 5.4447
4 14 12.665 -.25 5.4672 12.5275 -.25 5.3697 12.5475 -.25 5.3472 12.6975 -.25 5.4547
4 14 12.64 -.25 5.4747 12.515 -.25 5.3897 12.5275 -.25 5.3697 12.665 -.25 5.4672
4 14 12.6075 -.25 5.4847 12.505 -.25 5.4072 12.515 -.25 5.3897 12.64 -.25 5.4747
4 14 12.103 -.25 5.4942 12.084 -.25 5.4632 12.0745 -.25 5.4427 12.3925 -.25 5.3522
4 14 11.185 -.25 5.4947 11.155 -.25 5.4347 11.31 -.25 5.4397 11.33 -.25 5.4597
3 14 11.065 -.25 5.4947 11.07 -.25 5.5647 11.05 -.25 5.5647
4 14 12.5775 -.25 5.4972 12.49 -.25 5.4247 12.505 -.25 5.4072 12.6075 -.25 5.4847
4 14 12.545 -.25 5.5122 12.4775 -.25 5.4372 12.49 -.25 5.4247 12.5775 -.25 5.4972
4 14 10.955 -.25 5.5172 10.9325 -.25 5.3197 10.965 -.25 5.3222 10.9775 -.25 5.3297
4 14 12.51 -.25 5.5347 12.4625 -.25 5.4472 12.4775 -.25 5.4372 12.545 -.25 5.5122
4 14 10.97 -.25 5.5347 10.9625 -.25 5.5272 10.955 -.25 5.5172 10.9775 -.25 5.3297
4 14 12.1535 -.25 5.5372 12.1295 -.25 5.5207 12.103 -.25 5.4942 12.3925 -.25 5.3522
4 14 10.98 -.25 5.5422 10.97 -.25 5.5347 10.9775 -.25 5.3297 10.9875 -.25 5.3422
4 14 10.99 -.25 5.5497 10.98 -.25 5.5422 10.9875 -.25 5.3422 11.0025 -.25 5.3672
4 14 12.4775 -.25 5.5597 12.45 -.25 5.4472 12.4625 -.25 5.4472 12.51 -.25 5.5347
4 14 11.23 -.25 5.5622 11.2125 -.25 5.5622 11.35 -.25 5.4747 11.3725 -.25 5.4847
4 14 11.2125 -.25 5.5622 11.185 -.25 5.4947 11.33 -.25 5.4597 11.35 -.25 5.4747
4 14 11.015 -.25 5.5622 11.0025 -.25 5.5572 10.99 -.25 5.5497 11.0025 -.25 5.3672
4 14 11.2525 -.25 5.5647 11.23 -.25 5.5622 11.3725 -.25 5.4847 11.3925 -.25 5.4897
3 14 11.09 -.25 5.5647 11.07 -.25 5.5647 11.065 -.25 5.4947
4 14 11.05 -.25 5.5647 11.035 -.25 5.5647 11.0375 -.25 5.4347 11.065 -.25 5.4947
4 14 11.035 -.25 5.5647 11.015 -.25 5.5622 11.0025 -.25 5.3672 11.0375 -.25 5.4347
4 14 12.2 -.25 5.5672 12.1785 -.25 5.5537 12.1535 -.25 5.5372 12.3925 -.25 5.3522
4 14 11.27 -.25 5.5697 11.2525 -.25 5.5647 11.3925 -.25 5.4897 11.42 -.25 5.4922
3 14 12.2185 -.25 5.5807 12.2 -.25 5.5672 12.3925 -.25 5.3522
4 14 12.45 -.25 5.5922 12.44 -.25 5.4347 12.45 -.25 5.4472 12.4775 -.25 5.5597
4 14 11.6625 -.25 5.6172 11.5225 -.25 5.4072 11.5225 -.25 5.3772 11.675 -.25 5.6172
4 14 11.6875 -.25 5.6197 11.675 -.25 5.6172 11.5225 -.25 5.3772 11.5175 -.25 5.3522
4 14 11.7 -.25 5.6222 11.6875 -.25 5.6197 11.5175 -.25 5.3522 11.51 -.25 5.3272
4 14 11.645 -.25 5.6222 11.52 -.25 5.4322 11.5225 -.25 5.4072 11.6625 -.25 5.6172
4 14 12.8775 -.25 5.6247 12.8475 -.25 5.6247 12.88 -.25 5.5197 12.905 -.25 5.4897
4 14 12.9 -.25 5.6272 12.8775 -.25 5.6247 12.905 -.25 5.4897 12.925 -.25 5.4497
4 14 11.63 -.25 5.6272 11.515 -.25 5.4472 11.52 -.25 5.4322 11.645 -.25 5.6222
4 14 12.8275 -.25 5.6297 12.8525 -.25 5.5447 12.88 -.25 5.5197 12.8475 -.25 5.6247
4 14 12.9275 -.25 5.6347 12.9 -.25 5.6272 12.925 -.25 5.4497 12.935 -.25 5.4097
4 14 11.6175 -.25 5.6347 11.5075 -.25 5.4622 11.515 -.25 5.4472 11.63 -.25 5.6272
3 14 11.245 -.25 5.6372 11.2525 -.25 5.6322 11.265 -.25 5.6322
4 14 12.2735 -.25 5.6377 12.234 -.25 5.5982 12.2185 -.25 5.5807 12.3925 -.25 5.3522
4 14 13.5315 -.25 5.6394 14 -.25 4.2022 14.1827 -.25 4.5115 13.8941 -.25 5.0968
4 14 12.8075 -.25 5.6422 12.8175 -.25 5.5622 12.8525 -.25 5.5447 12.8275 -.25 5.6297
4 14 11.6025 -.25 5.6447 11.4925 -.25 5.4772 11.5075 -.25 5.4622 11.6175 -.25 5.6347
4 14 11.2425 -.25 5.6472 11.245 -.25 5.6372 11.265 -.25 5.6322 11.2825 -.25 5.6372
4 14 12.96 -.25 5.6522 12.9275 -.25 5.6347 12.935 -.25 5.4097 12.9375 -.25 5.3722
4 14 11.775 -.25 5.6522 11.43 -.25 5.1372 11.5575 -.25 5.2172 11.6625 -.25 5.2897
4 14 11.775 -.25 5.6522 11.6625 -.25 5.2897 11.735 -.25 5.3622 11.82 -.25 5.4522
4 14 11.775 -.25 5.6522 11.5 -.25 5.3072 11.405 -.25 5.1172 11.43 -.25 5.1372
3 14 11.775 -.25 5.6522 11.51 -.25 5.3272 11.5 -.25 5.3072
4 14 11.775 -.25 5.6522 11.82 -.25 5.4522 11.84 -.25 5.4772 11.85 -.25 5.5022
3 14 11.775 -.25 5.6522 11.85 -.25 5.5022 11.855 -.25 5.5172
3 14 11.775 -.25 5.6522 11.855 -.25 5.5172 11.8675 -.25 5.5397
3 14 11.775 -.25 5.6522 11.8675 -.25 5.5397 11.885 -.25 5.5572
4 14 11.775 -.25 5.6522 11.885 -.25 5.5572 11.925 -.25 5.5822 11.9385 -.25 5.5922
4 14 11.775 -.25 5.6522 11.9385 -.25 5.5922 11.96 -.25 5.6072 11.97 -.25 5.6222
4 14 11.775 -.25 5.6522 11.7125 -.25 5.6297 11.7 -.25 5.6222 11.51 -.25 5.3272
3 14 11.775 -.25 5.6522 11.725 -.25 5.6422 11.7125 -.25 5.6297
4 14 11.5925 -.25 5.6522 11.47 -.25 5.4872 11.4925 -.25 5.4772 11.6025 -.25 5.6447
3 14 11.735 -.25 5.6547 11.725 -.25 5.6422 11.775 -.25 5.6522
4 14 12.7925 -.25 5.6597 12.7725 -.25 5.5772 12.8175 -.25 5.5622 12.8075 -.25 5.6422
4 14 11.96 -.25 5.6597 11.775 -.25 5.6522 11.97 -.25 5.6222 11.97 -.25 5.6422
4 14 11.5825 -.25 5.6597 11.445 -.25 5.4922 11.47 -.25 5.4872 11.5925 -.25 5.6522
4 14 11.5725 -.25 5.6672 11.42 -.25 5.4922 11.445 -.25 5.4922 11.5825 -.25 5.6597
4 14 11.5725 -.25 5.6672 11.2875 -.25 5.5772 11.27 -.25 5.5697 11.42 -.25 5.4922
4 14 11.245 -.25 5.6672 11.2425 -.25 5.6472 11.2825 -.25 5.6372 11.3 -.25 5.6447
4 14 12.975 -.25 5.6747 12.96 -.25 5.6522 12.9375 -.25 5.3722 12.95 -.25 5.2022
3 14 11.745 -.25 5.6747 11.735 -.25 5.6547 11.775 -.25 5.6522
4 14 12.79 -.25 5.6772 12.72 -.25 5.5872 12.7725 -.25 5.5772 12.7925 -.25 5.6597
3 14 11.955 -.25 5.6772 11.775 -.25 5.6522 11.96 -.25 5.6597
4 14 11.565 -.25 5.6772 11.3025 -.25 5.5897 11.2875 -.25 5.5772 11.5725 -.25 5.6672
4 14 11.25 -.25 5.6797 11.245 -.25 5.6672 11.3 -.25 5.6447 11.315 -.25 5.6522
3 14 12.3125 -.25 5.6857 12.2735 -.25 5.6377 12.3925 -.25 5.3522
4 14 11.56 -.25 5.6897 11.3175 -.25 5.6047 11.3025 -.25 5.5897 11.565 -.25 5.6772
4 14 12.7925 -.25 5.6922 12.675 -.25 5.5997 12.72 -.25 5.5872 12.79 -.25 5.6772
3 14 11.75 -.25 5.6947 11.745 -.25 5.6747 11.775 -.25 5.6522
4 14 11.2575 -.25 5.6972 11.25 -.25 5.6797 11.315 -.25 5.6522 11.3275 -.25 5.6597
4 14 11.5575 -.25 5.7022 11.33 -.25 5.6197 11.3175 -.25 5.6047 11.56 -.25 5.6897
3 14 11.955 -.25 5.7097 11.775 -.25 5.6522 11.955 -.25 5.6772
3 14 12.321 -.25 5.7107 12.3125 -.25 5.6857 12.3925 -.25 5.3522
4 14 12.805 -.25 5.7172 12.635 -.25 5.6122 12.675 -.25 5.5997 12.7925 -.25 5.6922
4 14 12.805 -.25 5.7172 12.5775 -.25 5.6397 12.6 -.25 5.6272 12.635 -.25 5.6122
4 14 12.805 -.25 5.7172 12.5375 -.25 5.6672 12.555 -.25 5.6522 12.5775 -.25 5.6397
4 14 12.805 -.25 5.7172 12.5025 -.25 5.7072 12.5175 -.25 5.6872 12.5375 -.25 5.6672
4 14 11.5575 -.25 5.7197 11.3375 -.25 5.6347 11.33 -.25 5.6197 11.5575 -.25 5.7022
4 14 11.2725 -.25 5.7272 11.2575 -.25 5.6972 11.3275 -.25 5.6597 11.3375 -.25 5.6672
4 14 11.5575 -.25 5.7297 11.345 -.25 5.6522 11.3375 -.25 5.6347 11.5575 -.25 5.7197
4 14 12.3205 -.25 5.7332 12.44 -.25 5.4347 12.45 -.25 5.5922 12.4275 -.25 5.6297
3 14 12.3205 -.25 5.7332 12.4275 -.25 5.6297 12.415 -.25 5.6622
3 14 12.3205 -.25 5.7332 12.415 -.25 5.6622 12.405 -.25 5.7022
3 14 12.3205 -.25 5.7332 12.405 -.25 5.7022 12.4 -.25 5.7322
4 14 12.3205 -.25 5.7332 12.321 -.25 5.7107 12.3925 -.25 5.3522 12.44 -.25 5.4347
4 14 11.7575 -.25 5.7372 11.7525 -.25 5.7097 11.75 -.25 5.6947 11.775 -.25 5.6522
4 14 11.56 -.25 5.7422 11.35 -.25 5.6747 11.345 -.25 5.6522 11.5575 -.25 5.7297
4 14 11.2925 -.25 5.7597 11.35 -.25 5.6747 11.56 -.25 5.7422 11.57 -.25 5.7522
4 14 11.2925 -.25 5.7597 11.2725 -.25 5.7272 11.3375 -.25 5.6672 11.35 -.25 5.6747
4 14 12.91 -.25 5.7622 12.8825 -.25 5.7472 12.9 -.25 5.7372 12.9075 -.25 5.7497
4 14 12.49 -.25 5.7647 12.4925 -.25 5.7272 12.5025 -.25 5.7072 12.805 -.25 5.7172
3 14 12.4 -.25 5.7647 12.3205 -.25 5.7332 12.4 -.25 5.7322
4 14 11.705 -.25 5.7872 11.6525 -.25 5.7547 11.6825 -.25 5.7422 11.6925 -.25 5.7572
4 14 12.9125 -.25 5.7897 12.865 -.25 5.7522 12.8825 -.25 5.7472 12.91 -.25 5.7622
3 14 12.405 -.25 5.8022 12.3205 -.25 5.7332 12.4 -.25 5.7647
4 14 11.7075 -.25 5.8122 11.615 -.25 5.7622 11.6525 -.25 5.7547 11.705 -.25 5.7872
4 14 12.91 -.25 5.8147 12.85 -.25 5.7522 12.865 -.25 5.7522 12.9125 -.25 5.7897
4 14 12.5 -.25 5.8172 12.4925 -.25 5.7922 12.49 -.25 5.7647 12.805 -.25 5.7172
4 14 11.335 -.25 5.8272 11.31 -.25 5.7897 11.2925 -.25 5.7597 11.57 -.25 5.7522
4 14 11.705 -.25 5.8322 11.5975 -.25 5.7622 11.615 -.25 5.7622 11.7075 -.25 5.8122
4 14 12.905 -.25 5.8372 12.84 -.25 5.7472 12.85 -.25 5.7522 12.91 -.25 5.8147
4 14 12.895 -.25 5.8547 12.825 -.25 5.7372 12.84 -.25 5.7472 12.905 -.25 5.8372
4 14 11.6975 -.25 5.8547 11.5825 -.25 5.7597 11.5975 -.25 5.7622 11.705 -.25 5.8322
4 14 12.52 -.25 5.8597 12.5075 -.25 5.8372 12.5 -.25 5.8172 12.805 -.25 5.7172
4 14 12.8825 -.25 5.8697 12.805 -.25 5.7172 12.825 -.25 5.7372 12.895 -.25 5.8547
4 14 11.6825 -.25 5.8747 11.57 -.25 5.7522 11.5825 -.25 5.7597 11.6975 -.25 5.8547
4 14 11.385 -.25 5.8922 11.3575 -.25 5.8572 11.335 -.25 5.8272 11.57 -.25 5.7522
4 14 12.555 -.25 5.8972 12.535 -.25 5.8797 12.52 -.25 5.8597 12.805 -.25 5.7172
4 14 12.8475 -.25 5.8997 12.805 -.25 5.7172 12.8825 -.25 5.8697 12.865 -.25 5.8872
4 14 11.645 -.25 5.9097 11.57 -.25 5.7522 11.6825 -.25 5.8747 11.6675 -.25 5.8922
4 14 12.81 -.25 5.9172 12.805 -.25 5.7172 12.8475 -.25 5.8997 12.83 -.25 5.9097
4 14 12.595 -.25 5.9197 12.5725 -.25 5.9072 12.555 -.25 5.8972 12.805 -.25 5.7172
4 14 12.765 -.25 5.9297 12.805 -.25 5.7172 12.81 -.25 5.9172 12.7875 -.25 5.9247
4 14 11.425 -.25 5.9297 11.405 -.25 5.9147 11.385 -.25 5.8922 11.57 -.25 5.7522
4 14 12.64 -.25 5.9322 12.6175 -.25 5.9272 12.595 -.25 5.9197 12.805 -.25 5.7172
4 14 11.6025 -.25 5.9322 11.57 -.25 5.7522 11.645 -.25 5.9097 11.625 -.25 5.9222
4 14 12.7025 -.25 5.9372 12.805 -.25 5.7172 12.765 -.25 5.9297 12.735 -.25 5.9347
4 14 12.7025 -.25 5.9372 12.675 -.25 5.9372 12.64 -.25 5.9322 12.805 -.25 5.7172
4 14 11.555 -.25 5.9472 11.57 -.25 5.7522 11.6025 -.25 5.9322 11.5825 -.25 5.9397
4 14 11.465 -.25 5.9472 11.4425 -.25 5.9397 11.425 -.25 5.9297 11.57 -.25 5.7522
4 14 11.535 -.25 5.9522 11.5125 -.25 5.9522 11.57 -.25 5.7522 11.555 -.25 5.9472
4 14 11.5125 -.25 5.9522 11.49 -.25 5.9522 11.465 -.25 5.9472 11.57 -.25 5.7522
4 14 13.1012 -.25 6.1301 12.95 -.25 5.2022 14 -.25 4.2022 13.5315 -.25 5.6394
4 14 13.1012 -.25 6.1301 12.9825 -.25 5.7047 12.975 -.25 5.6747 12.95 -.25 5.2022
3 14 13.1012 -.25 6.1301 12.985 -.25 5.7347 12.9825 -.25 5.7047
3 14 13.1012 -.25 6.1301 12.985 -.25 5.7622 12.985 -.25 5.7347
3 14 13.1012 -.25 6.1301 12.9825 -.25 5.7922 12.985 -.25 5.7622
3 14 13.1012 -.25 6.1301 12.9775 -.25 5.8197 12.9825 -.25 5.7922
3 14 13.1012 -.25 6.1301 12.9725 -.25 5.8397 12.9775 -.25 5.8197
3 14 13.1012 -.25 6.1301 12.9625 -.25 5.8672 12.9725 -.25 5.8397
3 14 13.1012 -.25 6.1301 12.95 -.25 5.8897 12.9625 -.25 5.8672
3 14 13.1012 -.25 6.1301 12.93 -.25 5.9172 12.95 -.25 5.8897
3 14 13.1012 -.25 6.1301 12.9025 -.25 5.9422 12.93 -.25 5.9172
3 14 13.1012 -.25 6.1301 12.88 -.25 5.9597 12.9025 -.25 5.9422
3 14 13.1012 -.25 6.1301 12.855 -.25 5.9722 12.88 -.25 5.9597
3 14 13.1012 -.25 6.1301 12.82 -.25 5.9872 12.855 -.25 5.9722
3 14 13.1012 -.25 6.1301 12.785 -.25 5.9972 12.82 -.25 5.9872
3 14 13.1012 -.25 6.1301 12.76 -.25 6.0022 12.785 -.25 5.9972
3 14 13.1012 -.25 6.1301 12.73 -.25 6.0047 12.76 -.25 6.0022
4 14 10.8988 -.25 6.1301 10.35 -.25 4.8522 10.545 -.25 5.1747 10.555 -.25 5.1947
3 14 10.8988 -.25 6.1301 10.555 -.25 5.1947 10.57 -.25 5.2097
3 14 10.8988 -.25 6.1301 10.57 -.25 5.2097 10.5825 -.25 5.2222
3 14 10.8988 -.25 6.1301 10.5825 -.25 5.2222 10.6025 -.25 5.2372
3 14 10.8988 -.25 6.1301 10.6025 -.25 5.2372 10.62 -.25 5.2472
3 14 10.8988 -.25 6.1301 10.62 -.25 5.2472 10.6425 -.25 5.2597
3 14 10.8988 -.25 6.1301 10.6425 -.25 5.2597 10.67 -.25 5.2722
3 14 10.8988 -.25 6.1301 10.67 -.25 5.2722 10.7075 -.25 5.2872
3 14 10.8988 -.25 6.1301 10.7075 -.25 5.2872 10.735 -.25 5.2947
3 14 10.8988 -.25 6.1301 10.735 -.25 5.2947 10.7675 -.25 5.3022
3 14 10.8988 -.25 6.1301 10.7675 -.25 5.3022 10.8 -.25 5.3097
3 14 10.8988 -.25 6.1301 10.8 -.25 5.3097 10.825 -.25 5.3147
3 14 10.8988 -.25 6.1301 10.825 -.25 5.3147 10.86 -.25 5.3172
3 14 10.8988 -.25 6.1301 10.86 -.25 5.3172 10.895 -.25 5.3197
4 14 10.8988 -.25 6.1301 10.9325 -.25 5.3197 10.955 -.25 5.5172 10.955 -.25 5.5397
3 14 10.8988 -.25 6.1301 10.895 -.25 5.3197 10.9325 -.25 5.3197
3 14 10.8988 -.25 6.1301 10.955 -.25 5.5397 10.96 -.25 5.5572
3 14 10.8988 -.25 6.1301 10.96 -.25 5.5572 10.9675 -.25 5.5722
3 14 10.8988 -.25 6.1301 10.9675 -.25 5.5722 10.9775 -.25 5.5897
3 14 10.8988 -.25 6.1301 10.9775 -.25 5.5897 10.99 -.25 5.6047
3 14 10.8988 -.25 6.1301 10.99 -.25 5.6047 11.0075 -.25 5.6172
3 14 10.8988 -.25 6.1301 11.0075 -.25 5.6172 11.0275 -.25 5.6297
3 14 10.8988 -.25 6.1301 11.0275 -.25 5.6297 11.055 -.25 5.6397
4 14 10.8988 -.25 6.1301 10.4685 -.25 5.6394 10.1059 -.25 5.0968 10.35 -.25 4.8522
3 14 10.8988 -.25 6.1301 11.055 -.25 5.6397 11.0825 -.25 5.6422
4 14 10.8988 -.25 6.1301 11.12 -.25 5.6422 11.125 -.25 5.6497 11.1275 -.25 5.6622
3 14 10.8988 -.25 6.1301 11.0825 -.25 5.6422 11.12 -.25 5.6422
4 14 10.8988 -.25 6.1301 11.1275 -.25 5.6622 11.135 -.25 5.6797 11.1425 -.25 5.6997
3 14 10.8988 -.25 6.1301 11.1425 -.25 5.6997 11.1525 -.25 5.7247
3 14 10.8988 -.25 6.1301 11.1525 -.25 5.7247 11.1675 -.25 5.7597
3 14 10.8988 -.25 6.1301 11.1675 -.25 5.7597 11.185 -.25 5.7947
3 14 10.8988 -.25 6.1301 11.185 -.25 5.7947 11.2075 -.25 5.8347
3 14 10.8988 -.25 6.1301 11.2075 -.25 5.8347 11.24 -.25 5.8847
3 14 10.8988 -.25 6.1301 11.24 -.25 5.8847 11.275 -.25 5.9272
3 14 10.8988 -.25 6.1301 11.275 -.25 5.9272 11.3125 -.25 5.9647
3 14 10.8988 -.25 6.1301 11.3125 -.25 5.9647 11.345 -.25 5.9897
3 14 10.8988 -.25 6.1301 11.345 -.25 5.9897 11.38 -.25 6.0072
3 14 10.8988 -.25 6.1301 11.38 -.25 6.0072 11.41 -.25 6.0197
3 14 10.8988 -.25 6.1301 11.41 -.25 6.0197 11.44 -.25 6.0272
4 14 12 -.25 6.3522 11.775 -.25 5.6522 11.955 -.25 5.7097 11.9662 -.25 5.7222
3 14 12 -.25 6.3522 11.9662 -.25 5.7222 11.9875 -.25 5.7322
3 14 12 -.25 6.3522 11.9875 -.25 5.7322 12.05 -.25 5.7522
4 14 12 -.25 6.3522 12.3095 -.25 5.7422 12.3205 -.25 5.7332 12.405 -.25 5.8022
3 14 12 -.25 6.3522 12.2905 -.25 5.7477 12.3095 -.25 5.7422
3 14 12 -.25 6.3522 12.05 -.25 5.7522 12.075 -.25 5.7572
3 14 12 -.25 6.3522 12.23 -.25 5.7572 12.2905 -.25 5.7477
3 14 12 -.25 6.3522 12.075 -.25 5.7572 12.15 -.25 5.7622
3 14 12 -.25 6.3522 12.15 -.25 5.7622 12.23 -.25 5.7572
4 14 12 -.25 6.3522 11.76 -.25 5.7722 11.7575 -.25 5.7372 11.775 -.25 5.6522
3 14 12 -.25 6.3522 11.7575 -.25 5.7972 11.76 -.25 5.7722
3 14 12 -.25 6.3522 12.405 -.25 5.8022 12.4125 -.25 5.8422
3 14 12 -.25 6.3522 11.7525 -.25 5.8272 11.7575 -.25 5.7972
3 14 12 -.25 6.3522 12.4125 -.25 5.8422 12.4275 -.25 5.8772
3 14 12 -.25 6.3522 11.7425 -.25 5.8622 11.7525 -.25 5.8272
3 14 12 -.25 6.3522 12.4275 -.25 5.8772 12.4475 -.25 5.9097
3 14 12 -.25 6.3522 11.7275 -.25 5.8972 11.7425 -.25 5.8622
3 14 12 -.25 6.3522 12.4475 -.25 5.9097 12.4775 -.25 5.9422
3 14 12 -.25 6.3522 11.7125 -.25 5.9222 11.7275 -.25 5.8972
3 14 12 -.25 6.3522 12.4775 -.25 5.9422 12.505 -.25 5.9647
3 14 12 -.25 6.3522 11.6925 -.25 5.9472 11.7125 -.25 5.9222
3 14 12 -.25 6.3522 12.505 -.25 5.9647 12.5575 -.25 5.9897
3 14 12 -.25 6.3522 11.6725 -.25 5.9672 11.6925 -.25 5.9472
3 14 12 -.25 6.3522 11.645 -.25 5.9872 11.6725 -.25 5.9672
3 14 12 -.25 6.3522 12.5575 -.25 5.9897 12.5925 -.25 6
3 14 12 -.25 6.3522 12.5925 -.25 6 12.625 -.25 6.0047
3 14 12 -.25 6.3522 11.6175 -.25 6.0022 11.645 -.25 5.9872
3 14 12 -.25 6.3522 12.625 -.25 6.0047 12.66 -.25 6.0072
4 14 12 -.25 6.3522 12.6975 -.25 6.0072 12.73 -.25 6.0047 13.1012 -.25 6.1301
3 14 12 -.25 6.3522 12.66 -.25 6.0072 12.6975 -.25 6.0072
3 14 12 -.25 6.3522 11.59 -.25 6.0122 11.6175 -.25 6.0022
3 14 12 -.25 6.3522 11.55 -.25 6.0222 11.59 -.25 6.0122
3 14 12 -.25 6.3522 11.525 -.25 6.0272 11.55 -.25 6.0222
3 14 12 -.25 6.3522 11.4925 -.25 6.0272 11.525 -.25 6.0272
4 14 12 -.25 6.3522 10.8988 -.25 6.1301 11.44 -.25 6.0272 11.4925 -.25 6.0272
3 14 10.8988 -.25 6.1301 12 -.25 6.3522 11.3894 -.25 6.5604
3 14 12 -.25 6.3522 11.8205 -.25 6.8484 11.3894 -.25 6.5604
3 14 12 -.25 6.3522 13.1012 -.25 6.1301 12.6105 -.25 6.5604
3 14 12.6105 -.25 6.5604 12.1795 -.25 6.8484 12 -.25 6.3522
3 14 11.8205 -.25 6.8484 12 -.25 6.3522 12.1795 -.25 6.8484
0 // White faces
4 15 9.27 -.25 .3322 10.847 -.25 -.0144 11.6015 -.25 -.0144 9.27 -.25 .5322
4 15 13.153 -.25 -.0144 14.73 -.25 .3322 14.73 -.25 .5322 12.3985 -.25 -.0144