0 ~Minifig Helmet Roman Soldier Broom Bristles
0 Name: s\75717s03.dat
0 Author: Fredrik Hareide [fhareide]
0 !LDRAW_ORG Unofficial_Subpart
0 !LICENSE Licensed under CC BY 4.0 : see CAreadme.txt

0 BFC CERTIFY CCW

3 16 -6.339 -22.066 17.369 -6.401 -23.9 18.838 -6.854 -21.63 18
3 16 -6.854 -21.63 18 -6.401 -23.9 18.838 -7.017 -23.742 19.797
3 16 -6.579 -20.072 16.608 -6.339 -22.066 17.369 -6.854 -21.63 18
3 16 -6.337 -19.295 15.446 -6.339 -22.066 17.369 -6.579 -20.072 16.608
3 16 -6.339 -22.066 17.369 -6.885 -22.49 16.679 -6.401 -23.9 18.838
3 16 -6.401 -23.9 18.838 -6.885 -22.49 16.679 -7.172 -24.895 18.09
3 16 -6.885 -22.49 16.679 -6.339 -22.066 17.369 -6.618 -20.574 15.64
3 16 -6.618 -20.574 15.64 -6.339 -22.066 17.369 -6.337 -19.295 15.446
3 16 -3.489 -24.326 19.317 -3.407 -24.19 20.04 -6.401 -23.9 18.838
3 16 -6.401 -23.9 18.838 -3.407 -24.19 20.04 -7.017 -23.742 19.797
3 16 -3.407 -24.19 20.04 -3.489 -24.326 19.317 -1.878 -24.379 19.913
3 16 -1.878 -24.379 19.913 -3.489 -24.326 19.317 -0.844 -24.728 19.548
3 16 -3.489 -24.326 19.317 -6.401 -23.9 18.838 -3.475 -24.917 18.889
3 16 -3.475 -24.917 18.889 -6.401 -23.9 18.838 -7.172 -24.895 18.09
3 16 -1.995 -24.85 19.172 -3.489 -24.326 19.317 -3.475 -24.917 18.889
3 16 -0.844 -24.728 19.548 -3.489 -24.326 19.317 -1.995 -24.85 19.172
3 16 -3.475 -24.917 18.889 -7.172 -24.895 18.09 -5.093 -26.907 14.913
3 16 -5.093 -26.907 14.913 -7.172 -24.895 18.09 -7.025 -26.473 14.634
3 16 -3.254 -27.081 14.951 -3.475 -24.917 18.889 -5.093 -26.907 14.913
3 16 -3.254 -27.081 14.951 -0.929 -26.643 16.114 -3.475 -24.917 18.889
3 16 -3.475 -24.917 18.889 -0.929 -26.643 16.114 -1.995 -24.85 19.172
3 16 -0.929 -26.643 16.114 -0.844 -24.728 19.548 -1.995 -24.85 19.172
3 16 1.209 -26.404 16.65 -0.844 -24.728 19.548 -0.929 -26.643 16.114
4 16 0.563 -27.874 13.25 1.209 -26.404 16.65 -0.929 -26.643 16.114 -2.406 -27.367 14.463
4 16 1.209 -26.404 16.65 0.563 -27.874 13.25 1.941 -27.704 13.753 2.317 -26.61 16.313
4 16 2.317 -26.61 16.313 1.941 -27.704 13.753 4.35 -27.487 13.939 4.354 -26.528 16.246
4 16 4.354 -26.528 16.246 4.35 -27.487 13.939 7.045 -27.069 14.009 6.922 -26.235 16.093
4 16 1.188 -23.623 21.341 -0.844 -24.728 19.548 1.209 -26.404 16.65 2.335 -26.093 17.157
3 16 2.496 -23.83 21.04 1.188 -23.623 21.341 2.335 -26.093 17.157
4 16 2.496 -23.83 21.04 2.335 -26.093 17.157 4.403 -25.844 17.382 4.666 -23.736 21.003
4 16 4.666 -23.736 21.003 4.403 -25.844 17.382 7.004 -25.323 17.503 7.422 -23.32 20.868
3 16 -0.844 -24.728 19.548 1.188 -23.623 21.341 -0.663 -23.037 22.005
3 16 1.188 -23.623 21.341 2.326 -23.044 21.978 -0.663 -23.037 22.005
3 16 2.326 -23.044 21.978 0.515 -21.11 24.434 -0.663 -23.037 22.005
4 16 -0.663 -23.037 22.005 0.515 -21.11 24.434 -3.2 -21.131 24.238 -3.752 -22.765 22.211
3 16 -0.663 -23.037 22.005 -3.752 -22.765 22.211 -1.878 -24.379 19.913
3 16 -1.878 -24.379 19.913 -3.752 -22.765 22.211 -3.407 -24.19 20.04
3 16 -3.407 -24.19 20.04 -3.752 -22.765 22.211 -7.017 -23.742 19.797
3 16 -7.017 -23.742 19.797 -3.752 -22.765 22.211 -7.183 -22.396 22.114
3 16 -3.2 -21.131 24.238 -6.991 -20.88 23.799 -3.752 -22.765 22.211
3 16 -3.752 -22.765 22.211 -6.991 -20.88 23.799 -7.183 -22.396 22.114
3 16 -0.844 -24.728 19.548 -0.663 -23.037 22.005 -1.878 -24.379 19.913
3 16 0.515 -21.11 24.434 2.326 -23.044 21.978 3.892 -20.942 24.461
3 16 3.892 -20.942 24.461 2.326 -23.044 21.978 4.364 -22.735 22.109
3 16 4.364 -22.735 22.109 6.918 -20.546 24.168 3.892 -20.942 24.461
3 16 6.904 -22.167 22.056 6.918 -20.546 24.168 4.364 -22.735 22.109
3 16 -7.582 -27.114 13.105 -7.383 -28.237 10.611 -5.372 -27.553 13.525
3 16 -5.372 -27.553 13.525 -7.383 -28.237 10.611 -5.417 -28.666 10.547
3 16 -5.372 -27.553 13.525 -5.417 -28.666 10.547 -2.547 -28.197 12.308
3 16 -2.547 -28.197 12.308 -5.417 -28.666 10.547 -4.719 -28.799 10.252
3 16 -2.547 -28.197 12.308 -4.719 -28.799 10.252 -2.743 -29.07 9.7
4 16 -2.743 -29.07 9.7 -4.719 -28.799 10.252 -5.411 -28.892 9.748 -4.357 -29.501 7.642
3 16 -7.234 -29.309 7.248 -4.357 -29.501 7.642 -5.411 -28.892 9.748
3 16 -7.234 -29.309 7.248 -5.411 -28.892 9.748 -7.188 -28.554 9.192
3 16 -4.357 -29.501 7.642 -7.234 -29.309 7.248 -6.977 -29.455 5.414
3 16 -4.357 -29.501 7.642 -6.977 -29.455 5.414 -4.006 -29.831 5.72
4 16 -0.663 -29.607 7.499 -4.357 -29.501 7.642 -4.006 -29.831 5.72 -0.561 -29.874 5.879
4 16 -2.743 -29.07 9.7 -4.357 -29.501 7.642 -0.663 -29.607 7.499 -0.594 -29.259 9.035
4 16 -0.663 -29.607 7.499 -0.561 -29.874 5.879 3.205 -29.506 7.257 0.755 -29.365 8.547
3 16 -0.663 -29.607 7.499 0.755 -29.365 8.547 -0.594 -29.259 9.035
3 16 0.755 -29.365 8.547 3.205 -29.506 7.257 3.323 -29.236 8.471
3 16 3.323 -29.236 8.471 3.205 -29.506 7.257 7.169 -29.222 7.15
3 16 3.323 -29.236 8.471 7.169 -29.222 7.15 7.139 -28.835 8.301
4 16 6.856 -29.468 5.763 7.169 -29.222 7.15 3.205 -29.506 7.257 3.127 -29.74 5.857
3 16 3.127 -29.74 5.857 3.205 -29.506 7.257 -0.561 -29.874 5.879
4 16 -0.462 -28.079 12.711 -0.594 -29.259 9.035 0.483 -29.102 9.523 0.627 -28.185 12.332
3 16 0.627 -28.185 12.332 0.483 -29.102 9.523 2.068 -28.176 12.254
3 16 2.068 -28.176 12.254 0.483 -29.102 9.523 3.155 -28.826 9.66
3 16 3.155 -28.826 9.66 4.259 -28.084 12.315 2.068 -28.176 12.254
3 16 6.972 -28.326 9.796 4.259 -28.084 12.315 3.155 -28.826 9.66
3 16 6.858 -27.832 12.323 4.259 -28.084 12.315 6.972 -28.326 9.796
3 16 -0.594 -29.259 9.035 -0.462 -28.079 12.711 -2.743 -29.07 9.7
3 16 -2.743 -29.07 9.7 -0.462 -28.079 12.711 -2.547 -28.197 12.308
4 16 -2.547 -28.197 12.308 -0.462 -28.079 12.711 -2.406 -27.367 14.463 -3.552 -27.564 13.902
3 16 -2.406 -27.367 14.463 -0.462 -28.079 12.711 0.563 -27.874 13.25
3 16 -3.254 -27.081 14.951 -2.406 -27.367 14.463 -0.929 -26.643 16.114
3 16 -2.547 -28.197 12.308 -3.552 -27.564 13.902 -5.372 -27.553 13.525
3 16 -5.082 -26.914 14.156 -6.852 -26.527 13.9 -5.372 -27.553 13.525
3 16 -5.372 -27.553 13.525 -6.852 -26.527 13.9 -7.582 -27.114 13.105
3 16 -5.372 -27.553 13.525 -3.552 -27.564 13.902 -5.082 -26.914 14.156
3 16 -5.082 -26.914 14.156 -3.552 -27.564 13.902 -2.406 -27.367 14.463
3 16 -2.406 -27.367 14.463 -3.254 -27.081 14.951 -5.082 -26.914 14.156
3 16 -5.082 -26.914 14.156 -3.254 -27.081 14.951 -5.093 -26.907 14.913
4 16 -5.082 -26.914 14.156 -5.093 -26.907 14.913 -7.025 -26.473 14.634 -6.852 -26.527 13.9
4 16 -6.852 -26.527 13.9 -6.506 -24.422 12.994 -7.114 -24.778 12.225 -7.582 -27.114 13.105
3 16 -7.114 -24.778 12.225 -6.506 -24.422 12.994 -6.777 -22.585 11.321
3 16 -6.506 -24.422 12.994 -6.139 -22.185 11.986 -6.777 -22.585 11.321
3 16 -6.777 -22.585 11.321 -6.139 -22.185 11.986 -6.365 -20.252 10.28
4 16 -6.365 -20.252 10.28 -6.139 -22.185 11.986 -5.765 -19.993 10.905 -5.899 -17.973 9.258
3 16 -5.899 -17.973 9.258 -5.765 -19.993 10.905 -5.498 -17.692 9.726
3 16 -6.506 -24.422 12.994 -6.852 -26.527 13.9 -6.74 -24.255 13.631
3 16 -6.74 -24.255 13.631 -6.852 -26.527 13.9 -7.025 -26.473 14.634
3 16 -6.296 -21.962 12.574 -6.506 -24.422 12.994 -6.74 -24.255 13.631
3 16 -6.139 -22.185 11.986 -6.506 -24.422 12.994 -6.296 -21.962 12.574
3 16 -6.139 -22.185 11.986 -6.296 -21.962 12.574 -5.765 -19.993 10.905
3 16 -5.765 -19.993 10.905 -6.296 -21.962 12.574 -5.94 -19.605 11.452
3 16 -5.765 -19.993 10.905 -5.94 -19.605 11.452 -5.498 -17.692 9.726
3 16 -5.498 -17.692 9.726 -5.94 -19.605 11.452 -5.772 -17.452 10.321
3 16 -7.383 -28.237 10.611 -7.177 -25.993 10.096 -6.783 -27.992 9.829
3 16 -6.783 -27.992 9.829 -7.177 -25.993 10.096 -6.701 -26.152 9.426
3 16 -7.177 -25.993 10.096 -6.948 -24.31 9.616 -6.701 -26.152 9.426
3 16 -6.701 -26.152 9.426 -6.948 -24.31 9.616 -6.801 -23.638 8.941
3 16 -7.383 -28.237 10.611 -7.582 -27.114 13.105 -7.177 -25.993 10.096
3 16 -7.177 -25.993 10.096 -7.582 -27.114 13.105 -7.114 -24.778 12.225
3 16 -7.177 -25.993 10.096 -7.114 -24.778 12.225 -6.948 -24.31 9.616
3 16 -6.948 -24.31 9.616 -7.114 -24.778 12.225 -6.777 -22.585 11.321
4 16 -6.801 -23.638 8.941 -6.948 -24.31 9.616 -6.777 -22.585 11.321 -6.357 -20.869 8.735
4 16 -6.801 -23.638 8.941 -6.357 -20.869 8.735 -6.137 -21.393 7.095 -6.6 -23.915 7.576
3 16 -6.137 -21.393 7.095 -6.357 -20.869 8.735 -5.929 -19.123 6.561
3 16 -5.929 -19.123 6.561 -6.357 -20.869 8.735 -6.021 -18.583 7.874
3 16 -6.357 -20.869 8.735 -6.365 -20.252 10.28 -6.021 -18.583 7.874
3 16 -6.777 -22.585 11.321 -6.365 -20.252 10.28 -6.357 -20.869 8.735
3 16 -6.021 -18.583 7.874 -6.365 -20.252 10.28 -5.899 -17.973 9.258
3 16 -6.884 -24.815 8.649 -6.801 -23.638 8.941 -6.6 -23.915 7.576
3 16 -6.711 -25.037 7.091 -6.884 -24.815 8.649 -6.6 -23.915 7.576
3 16 -7.026 -26.364 8.85 -6.884 -24.815 8.649 -6.711 -25.037 7.091
3 16 -7.022 -26.638 7.223 -7.026 -26.364 8.85 -6.711 -25.037 7.091
4 16 -7.188 -28.554 9.192 -7.026 -26.364 8.85 -7.022 -26.638 7.223 -7.234 -29.309 7.248
3 16 -6.884 -26.877 5.18 -7.234 -29.309 7.248 -7.022 -26.638 7.223
3 16 -6.711 -25.037 7.091 -6.884 -26.877 5.18 -7.022 -26.638 7.223
3 16 -6.977 -29.455 5.414 -7.234 -29.309 7.248 -6.884 -26.877 5.18
3 16 -6.884 -26.877 5.18 -6.711 -25.037 7.091 -6.378 -23.497 4.584
3 16 -6.378 -23.497 4.584 -6.711 -25.037 7.091 -6.576 -24.155 6.426
3 16 -6.239 -21.777 5.792 -6.378 -23.497 4.584 -6.576 -24.155 6.426
3 16 -6.181 -22.011 3.805 -6.378 -23.497 4.584 -6.239 -21.777 5.792
3 16 -6.239 -21.777 5.792 -6.035 -20.223 3.504 -6.181 -22.011 3.805
3 16 -5.968 -19.673 5.144 -6.035 -20.223 3.504 -6.239 -21.777 5.792
3 16 -5.735 -20.895 1.521 -6.181 -22.011 3.805 -6.035 -20.223 3.504
3 16 -6.005 -24.105 1.67 -6.181 -22.011 3.805 -5.735 -20.895 1.521
3 16 -6.377 -23.501 3.552 -6.181 -22.011 3.805 -6.005 -24.105 1.67
3 16 -6.005 -24.105 1.67 -6.973 -27.199 3.878 -6.377 -23.501 3.552
3 16 -6.536 -27.272 1.677 -6.973 -27.199 3.878 -6.005 -24.105 1.67
3 16 -6.536 -27.272 1.677 -7.103 -29.668 4.111 -6.973 -27.199 3.878
3 16 -6.966 -29.748 1.518 -7.103 -29.668 4.111 -6.536 -27.272 1.677
3 16 -7.383 -28.237 10.611 -6.783 -27.992 9.829 -5.417 -28.666 10.547
3 16 -5.417 -28.666 10.547 -6.783 -27.992 9.829 -4.719 -28.799 10.252
3 16 -7.188 -28.554 9.192 -5.411 -28.892 9.748 -6.783 -27.992 9.829
3 16 -6.783 -27.992 9.829 -5.411 -28.892 9.748 -4.719 -28.799 10.252
4 16 -6.701 -26.152 9.426 -6.884 -24.815 8.649 -7.026 -26.364 8.85 -6.783 -27.992 9.829
3 16 -6.801 -23.638 8.941 -6.884 -24.815 8.649 -6.701 -26.152 9.426
3 16 -7.026 -26.364 8.85 -7.188 -28.554 9.192 -6.783 -27.992 9.829
3 16 -6.576 -24.155 6.426 -5.732 -21.542 6.392 -6.239 -21.777 5.792
3 16 -6.576 -24.155 6.426 -6.711 -25.037 7.091 -5.732 -21.542 6.392
3 16 -5.732 -21.542 6.392 -5.968 -19.673 5.144 -6.239 -21.777 5.792
3 16 -5.732 -21.542 6.392 -5.545 -19.348 5.823 -5.968 -19.673 5.144
3 16 -6.6 -23.915 7.576 -5.732 -21.542 6.392 -6.711 -25.037 7.091
3 16 -6.6 -23.915 7.576 -6.137 -21.393 7.095 -5.732 -21.542 6.392
3 16 -5.732 -21.542 6.392 -6.137 -21.393 7.095 -5.929 -19.123 6.561
3 16 -5.732 -21.542 6.392 -5.929 -19.123 6.561 -5.545 -19.348 5.823
3 16 -6.378 -23.497 4.584 -6.207 -26.939 4.539 -6.884 -26.877 5.18
3 16 -6.378 -23.497 4.584 -6.181 -22.011 3.805 -6.207 -26.939 4.539
3 16 -6.238 -29.14 4.801 -6.884 -26.877 5.18 -6.207 -26.939 4.539
3 16 -6.238 -29.14 4.801 -6.977 -29.455 5.414 -6.884 -26.877 5.18
3 16 -6.207 -26.939 4.539 -6.377 -23.501 3.552 -6.973 -27.199 3.878
3 16 -6.207 -26.939 4.539 -6.181 -22.011 3.805 -6.377 -23.501 3.552
3 16 -6.973 -27.199 3.878 -6.238 -29.14 4.801 -6.207 -26.939 4.539
3 16 -6.973 -27.199 3.878 -7.103 -29.668 4.111 -6.238 -29.14 4.801
3 16 -6.238 -29.14 4.801 -3.991 -30.059 4.255 -3.969 -29.618 4.946
3 16 -6.238 -29.14 4.801 -7.103 -29.668 4.111 -3.991 -30.059 4.255
3 16 -3.969 -29.618 4.946 -3.991 -30.059 4.255 -0.579 -30.121 4.39
3 16 -3.969 -29.618 4.946 -0.579 -30.121 4.39 -0.606 -29.604 5.056
3 16 -0.579 -30.121 4.39 3.018 -29.419 5.062 -0.606 -29.604 5.056
3 16 -0.579 -30.121 4.39 3.227 -29.968 4.295 3.018 -29.419 5.062
3 16 3.227 -29.968 4.295 6.04 -29.012 4.856 3.018 -29.419 5.062
3 16 3.227 -29.968 4.295 6.634 -29.661 4.083 6.04 -29.012 4.856
3 16 -4.006 -29.831 5.72 -6.238 -29.14 4.801 -3.969 -29.618 4.946
3 16 -4.006 -29.831 5.72 -6.977 -29.455 5.414 -6.238 -29.14 4.801
3 16 -0.606 -29.604 5.056 -4.006 -29.831 5.72 -3.969 -29.618 4.946
3 16 -0.606 -29.604 5.056 -0.561 -29.874 5.879 -4.006 -29.831 5.72
3 16 3.018 -29.419 5.062 -0.561 -29.874 5.879 -0.606 -29.604 5.056
3 16 3.018 -29.419 5.062 3.127 -29.74 5.857 -0.561 -29.874 5.879
3 16 6.04 -29.012 4.856 3.127 -29.74 5.857 3.018 -29.419 5.062
3 16 6.04 -29.012 4.856 6.856 -29.468 5.763 3.127 -29.74 5.857
3 16 -3.206 -20.02 25.665 -6.267 -19.765 24.327 -3.11 -20.093 24.633
3 16 -3.206 -20.02 25.665 -7.282 -19.531 25.173 -6.267 -19.765 24.327
3 16 0.569 -20.216 24.834 -3.206 -20.02 25.665 -3.11 -20.093 24.633
3 16 0.569 -20.216 24.834 0.629 -20.127 25.848 -3.206 -20.02 25.665
3 16 3.786 -20.08 24.792 0.629 -20.127 25.848 0.569 -20.216 24.834
3 16 3.786 -20.08 24.792 4.027 -20.004 25.805 0.629 -20.127 25.848
3 16 4.027 -20.004 25.805 3.786 -20.08 24.792 6.435 -19.858 24.587
3 16 4.027 -20.004 25.805 6.435 -19.858 24.587 7.203 -19.586 25.562
4 16 -3.2 -21.131 24.238 -3.11 -20.093 24.633 -6.267 -19.765 24.327 -6.991 -20.88 23.799
3 16 -3.2 -21.131 24.238 0.515 -21.11 24.434 -3.11 -20.093 24.633
3 16 0.515 -21.11 24.434 0.569 -20.216 24.834 -3.11 -20.093 24.633
3 16 0.569 -20.216 24.834 0.515 -21.11 24.434 3.892 -20.942 24.461
3 16 3.786 -20.08 24.792 0.569 -20.216 24.834 3.892 -20.942 24.461
3 16 6.435 -19.858 24.587 3.786 -20.08 24.792 3.892 -20.942 24.461
3 16 6.918 -20.546 24.168 6.435 -19.858 24.587 3.892 -20.942 24.461
3 16 -7.183 -22.396 22.114 -6.991 -20.88 23.799 -6.875 -19.7 19.979
3 16 -7.183 -22.396 22.114 -6.875 -19.7 19.979 -7.017 -23.742 19.797
3 16 -7.017 -23.742 19.797 -6.875 -19.7 19.979 -6.854 -21.63 18
3 16 -6.875 -19.7 19.979 -6.668 -19.326 18.67 -6.854 -21.63 18
3 16 -6.854 -21.63 18 -6.668 -19.326 18.67 -6.579 -20.072 16.608
3 16 -6.579 -20.072 16.608 -6.668 -19.326 18.67 -6.28 -17.893 16.844
3 16 -6.337 -19.295 15.446 -6.579 -20.072 16.608 -6.28 -17.893 16.844
3 16 -6.337 -19.295 15.446 -6.28 -17.893 16.844 -5.934 -15.699 13.507
3 16 -6.28 -17.893 16.844 -5.779 -15.198 14.395 -5.934 -15.699 13.507
3 16 -6.254 -18.869 13.722 -6.337 -19.295 15.446 -5.934 -15.699 13.507
3 16 -5.922 -16.173 12.709 -6.254 -18.869 13.722 -5.934 -15.699 13.507
3 16 -6.254 -18.869 13.722 -6.42 -20.296 13.757 -6.337 -19.295 15.446
3 16 -6.42 -20.296 13.757 -6.618 -20.574 15.64 -6.337 -19.295 15.446
3 16 -6.618 -20.574 15.64 -6.42 -20.296 13.757 -6.928 -23.299 15.201
3 16 -6.885 -22.49 16.679 -6.618 -20.574 15.64 -6.928 -23.299 15.201
3 16 -6.42 -20.296 13.757 -6.296 -21.962 12.574 -6.928 -23.299 15.201
3 16 -6.296 -21.962 12.574 -6.74 -24.255 13.631 -6.928 -23.299 15.201
3 16 -6.928 -23.299 15.201 -6.74 -24.255 13.631 -7.025 -26.473 14.634
3 16 -7.172 -24.895 18.09 -6.928 -23.299 15.201 -7.025 -26.473 14.634
3 16 -6.885 -22.49 16.679 -6.928 -23.299 15.201 -7.172 -24.895 18.09
3 16 -5.94 -19.605 11.452 -6.296 -21.962 12.574 -6.42 -20.296 13.757
3 16 -6.148 -19.394 12.806 -5.94 -19.605 11.452 -6.42 -20.296 13.757
3 16 -5.94 -19.605 11.452 -6.148 -19.394 12.806 -5.758 -16.78 11.657
3 16 -5.772 -17.452 10.321 -5.94 -19.605 11.452 -5.758 -16.78 11.657
3 16 -7.282 -19.531 25.173 -7.305 -17.066 27.892 -7.169 -15.942 26.628
3 16 -7.169 -15.942 26.628 -7.1 -16.07 25.782 -7.282 -19.531 25.173
3 16 -6.536 -16.206 21.94 -7.282 -19.531 25.173 -7.1 -16.07 25.782
3 16 -6.797 -15.5 24.438 -6.536 -16.206 21.94 -7.1 -16.07 25.782
3 16 -6.536 -16.206 21.94 -6.797 -15.5 24.438 -6.505 -14.583 23.225
4 16 -6.536 -16.206 21.94 -6.505 -14.583 23.225 -6.342 -13.722 23.004 -6.108 -14.619 20.541
3 16 -6.342 -13.722 23.004 -5.689 -11.507 21.824 -6.108 -14.619 20.541
3 16 -6.342 -13.722 23.004 -6.053 -11.515 22.864 -5.689 -11.507 21.824
3 16 -6.452 -13.589 23.808 -6.053 -11.515 22.864 -6.342 -13.722 23.004
4 16 -6.312 -11.602 24.771 -6.053 -11.515 22.864 -6.452 -13.589 23.808 -6.627 -12.546 26.317
3 16 -6.627 -12.546 26.317 -6.452 -13.589 23.808 -6.786 -14.356 25.303
4 16 -6.006 -9.252 25.71 -6.312 -11.602 24.771 -6.627 -12.546 26.317 -6.519 -10.6 28.996
3 16 -6.829 -13.168 28.661 -6.519 -10.6 28.996 -6.627 -12.546 26.317
3 16 -6.538 -11.457 31.05 -6.519 -10.6 28.996 -6.829 -13.168 28.661
3 16 -6.663 -13.507 30.251 -6.538 -11.457 31.05 -6.829 -13.168 28.661
3 16 -6.874 -13.486 27.957 -6.829 -13.168 28.661 -6.627 -12.546 26.317
3 16 -6.312 -11.602 24.771 -6.04 -10.878 23.665 -6.053 -11.515 22.864
3 16 -6.04 -10.878 23.665 -6.312 -11.602 24.771 -6.006 -9.252 25.71
3 16 -6.04 -10.878 23.665 -5.945 -9.643 21.877 -6.053 -11.515 22.864
3 16 -5.945 -9.643 21.877 -5.897 -10.396 20.852 -6.053 -11.515 22.864
3 16 -5.624 -8.107 23.601 -5.945 -9.643 21.877 -6.04 -10.878 23.665
3 16 -6.006 -9.252 25.71 -5.624 -8.107 23.601 -6.04 -10.878 23.665
3 16 -7.068 -15.219 26.397 -6.874 -13.486 27.957 -6.627 -12.546 26.317
3 16 -6.786 -14.356 25.303 -7.068 -15.219 26.397 -6.627 -12.546 26.317
4 16 -6.972 -14.188 28.258 -6.874 -13.486 27.957 -7.068 -15.219 26.397 -7.169 -15.942 26.628
3 16 -6.972 -14.188 28.258 -7.169 -15.942 26.628 -6.852 -14.949 29.309
3 16 -6.852 -14.949 29.309 -7.169 -15.942 26.628 -7.305 -17.066 27.892
3 16 -6.342 -13.722 23.004 -6.505 -14.583 23.225 -6.339 -14.869 24.772
3 16 -6.339 -14.869 24.772 -6.505 -14.583 23.225 -6.797 -15.5 24.438
3 16 -6.797 -15.5 24.438 -7.1 -16.07 25.782 -6.339 -14.869 24.772
3 16 -6.339 -14.869 24.772 -7.1 -16.07 25.782 -7.169 -15.942 26.628
3 16 -3.692 -14.291 30.318 -6.545 -13.97 29.341 -4.441 -14.843 29.97
3 16 -4.441 -14.843 29.97 -6.545 -13.97 29.341 -6.852 -14.949 29.309
3 16 -6.874 -13.486 27.957 -6.545 -13.97 29.341 -6.829 -13.168 28.661
3 16 -6.829 -13.168 28.661 -6.545 -13.97 29.341 -6.663 -13.507 30.251
4 16 -4.441 -14.843 29.97 -7.305 -17.066 27.892 -2.853 -17.635 28.151 -2.038 -17.387 28.465
3 16 -6.852 -14.949 29.309 -7.305 -17.066 27.892 -4.441 -14.843 29.97
3 16 -2.038 -17.387 28.465 -3.692 -14.291 30.318 -4.441 -14.843 29.97
4 16 -0.788 -14.524 30.324 -3.692 -14.291 30.318 -2.038 -17.387 28.465 -0.046 -17.26 28.66
3 16 -2.824 -11.307 31.403 -3.692 -14.291 30.318 -0.788 -14.524 30.324
3 16 -4.474 -13.786 30.521 -3.692 -14.291 30.318 -2.824 -11.307 31.403
3 16 -2.824 -11.307 31.403 -6.538 -11.457 31.05 -4.474 -13.786 30.521
3 16 -4.474 -13.786 30.521 -6.538 -11.457 31.05 -6.663 -13.507 30.251
3 16 0.039 -11.366 31.533 -2.824 -11.307 31.403 -0.788 -14.524 30.324
3 16 0.039 -11.366 31.533 -0.788 -14.524 30.324 2.701 -14.277 30.527
4 16 3.171 -11.429 31.41 0.039 -11.366 31.533 2.701 -14.277 30.527 4.806 -14.099 30.52
3 16 6.456 -11.573 31.045 3.171 -11.429 31.41 4.806 -14.099 30.52
3 16 6.456 -11.573 31.045 4.806 -14.099 30.52 7.206 -13.734 30.184
3 16 -0.788 -14.524 30.324 1.578 -14.951 30.138 2.701 -14.277 30.527
3 16 -0.046 -17.26 28.66 1.578 -14.951 30.138 -0.788 -14.524 30.324
3 16 3.982 -17.139 28.599 1.578 -14.951 30.138 -0.046 -17.26 28.66
3 16 3.03 -15.526 29.833 1.578 -14.951 30.138 3.982 -17.139 28.599
3 16 4.929 -15.483 29.679 3.03 -15.526 29.833 3.982 -17.139 28.599
3 16 3.982 -17.139 28.599 7.251 -16.843 28.114 4.929 -15.483 29.679
3 16 4.929 -15.483 29.679 7.251 -16.843 28.114 7.18 -15.375 29.308
3 16 6.831 -17.058 25.192 6.445 -16.542 25.662 7.291 -17.967 27.115
3 16 7.291 -17.967 27.115 6.445 -16.542 25.662 6.752 -17.339 27.544
3 16 6.831 -17.058 25.192 5.973 -15.099 22.646 6.445 -16.542 25.662
3 16 6.445 -16.542 25.662 5.973 -15.099 22.646 5.795 -14.134 22.018
3 16 6.288 -13.663 27.658 6.689 -14.468 29.436 6.76 -14.318 27.298
3 16 6.76 -14.318 27.298 6.689 -14.468 29.436 7.18 -15.375 29.308
3 16 6.288 -13.663 27.658 6.76 -14.318 27.298 5.727 -12.669 25.492
3 16 5.727 -12.669 25.492 6.76 -14.318 27.298 6.176 -13.198 24.918
3 16 6.176 -13.198 24.918 5.56 -11.471 22.48 5.727 -12.669 25.492
3 16 5.727 -12.669 25.492 5.56 -11.471 22.48 5.347 -10.126 21.841
3 16 6.288 -13.663 27.658 6.725 -12.865 28.088 6.689 -14.468 29.436
3 16 6.689 -14.468 29.436 6.725 -12.865 28.088 7.206 -13.734 30.184
4 16 6.148 -12.048 26.038 6.725 -12.865 28.088 6.288 -13.663 27.658 5.727 -12.669 25.492
3 16 5.727 -12.669 25.492 5.504 -10.478 23.352 6.148 -12.048 26.038
3 16 5.727 -12.669 25.492 5.347 -10.126 21.841 5.504 -10.478 23.352
3 16 4.277 -14.688 29.78 2.701 -14.277 30.527 1.578 -14.951 30.138
3 16 4.277 -14.688 29.78 4.806 -14.099 30.52 2.701 -14.277 30.527
3 16 6.689 -14.468 29.436 4.806 -14.099 30.52 4.277 -14.688 29.78
3 16 6.689 -14.468 29.436 7.206 -13.734 30.184 4.806 -14.099 30.52
3 16 2.326 -23.044 21.978 4.348 -22.969 21.314 4.364 -22.735 22.109
3 16 2.326 -23.044 21.978 1.188 -23.623 21.341 4.348 -22.969 21.314
4 16 4.364 -22.735 22.109 4.348 -22.969 21.314 6.513 -22.494 21.216 6.904 -22.167 22.056
3 16 2.496 -23.83 21.04 4.666 -23.736 21.003 4.348 -22.969 21.314
3 16 1.188 -23.623 21.341 2.496 -23.83 21.04 4.348 -22.969 21.314
3 16 6.513 -22.494 21.216 4.348 -22.969 21.314 4.666 -23.736 21.003
3 16 7.422 -23.32 20.868 6.513 -22.494 21.216 4.666 -23.736 21.003
3 16 6.758 -21.27 19.469 6.069 -20.7 19.914 6.513 -22.494 21.216
3 16 7.422 -23.32 20.868 6.758 -21.27 19.469 6.513 -22.494 21.216
3 16 6.069 -20.7 19.914 6.758 -21.27 19.469 6.099 -19.238 18.093
3 16 5.791 -17.892 17.932 6.069 -20.7 19.914 6.099 -19.238 18.093
3 16 6.758 -21.27 19.469 7.422 -23.32 20.868 7.004 -25.323 17.503
3 16 6.68 -23.392 16.383 6.758 -21.27 19.469 7.004 -25.323 17.503
3 16 6.758 -21.27 19.469 6.68 -23.392 16.383 6.205 -21.614 15.456
3 16 6.099 -19.238 18.093 6.758 -21.27 19.469 6.205 -21.614 15.456
4 16 6.099 -19.238 18.093 6.205 -21.614 15.456 5.578 -19.497 14.211 5.791 -17.892 17.932
3 16 5.541 -16.663 17.005 5.791 -17.892 17.932 5.578 -19.497 14.211
4 16 5.541 -16.663 17.005 5.578 -19.497 14.211 5.277 -15.846 13.505 5.289 -14.62 15.428
3 16 5.578 -19.497 14.211 5.343 -18.907 13.302 5.277 -15.846 13.505
3 16 5.343 -18.907 13.302 5.192 -16.628 12.087 5.277 -15.846 13.505
4 16 5.541 -16.663 17.005 5.289 -14.62 15.428 5.218 -13.467 17.104 5.484 -15.609 18.761
3 16 5.541 -16.663 17.005 5.484 -15.609 18.761 5.791 -17.892 17.932
3 16 5.343 -18.907 13.302 5.18 -19.497 10.524 5.192 -16.628 12.087
3 16 5.18 -19.497 10.524 5.343 -18.907 13.302 5.539 -19.977 13.311
3 16 5.517 -21.188 11.179 5.18 -19.497 10.524 5.539 -19.977 13.311
3 16 5.539 -19.977 13.311 6.133 -22.215 14.314 5.517 -21.188 11.179
3 16 6.133 -22.215 14.314 6.188 -23.53 12.121 5.517 -21.188 11.179
3 16 6.133 -22.215 14.314 6.573 -23.958 15.129 6.188 -23.53 12.121
3 16 6.573 -23.958 15.129 6.684 -25.147 12.996 6.188 -23.53 12.121
3 16 6.684 -25.147 12.996 6.573 -23.958 15.129 6.922 -26.235 16.093
3 16 7.045 -27.069 14.009 6.684 -25.147 12.996 6.922 -26.235 16.093
3 16 5.18 -19.497 10.524 5.152 -17.609 10.119 5.192 -16.628 12.087
3 16 5.152 -17.609 10.119 5.18 -19.497 10.524 5.023 -19.073 9.717
3 16 5.172 -18 9.239 5.152 -17.609 10.119 5.023 -19.073 9.717
3 16 5.023 -19.073 9.717 5.234 -20.157 9.435 5.172 -18 9.239
3 16 5.234 -20.157 9.435 5.254 -18.885 7.189 5.172 -18 9.239
3 16 5.234 -20.157 9.435 5.49 -21.376 7.805 5.254 -18.885 7.189
3 16 5.254 -18.885 7.189 5.49 -21.376 7.805 5.228 -19.407 5.836
3 16 5.49 -21.376 7.805 5.381 -21.601 6.151 5.228 -19.407 5.836
3 16 5.49 -21.376 7.805 5.234 -20.157 9.435 5.573 -21.82 10.123
3 16 5.697 -22.292 8.452 5.49 -21.376 7.805 5.573 -21.82 10.123
3 16 5.697 -22.292 8.452 5.573 -21.82 10.123 6.148 -24.347 9.04
3 16 5.573 -21.82 10.123 6.149 -23.888 10.83 6.148 -24.347 9.04
3 16 6.148 -24.347 9.04 6.149 -23.888 10.83 6.571 -26.264 9.414
3 16 6.149 -23.888 10.83 6.672 -25.957 11.602 6.571 -26.264 9.414
3 16 6.972 -28.326 9.796 6.571 -26.264 9.414 6.672 -25.957 11.602
3 16 6.858 -27.832 12.323 6.972 -28.326 9.796 6.672 -25.957 11.602
3 16 5.381 -21.601 6.151 5.49 -21.376 7.805 5.685 -22.527 7.651
3 16 5.519 -22.602 5.876 5.381 -21.601 6.151 5.685 -22.527 7.651
3 16 5.519 -22.602 5.876 5.685 -22.527 7.651 6.111 -24.473 7.884
4 16 6.13 -24.926 6.216 5.519 -22.602 5.876 6.111 -24.473 7.884 6.614 -26.442 8.083
3 16 6.13 -24.926 6.216 6.614 -26.442 8.083 6.642 -26.731 6.639
3 16 6.614 -26.442 8.083 7.139 -28.835 8.301 6.642 -26.731 6.639
3 16 6.642 -26.731 6.639 7.139 -28.835 8.301 7.169 -29.222 7.15
3 16 6.856 -29.468 5.763 6.642 -26.731 6.639 7.169 -29.222 7.15
3 16 6.436 -27.053 5.176 6.642 -26.731 6.639 6.856 -29.468 5.763
4 16 6.13 -24.926 6.216 6.642 -26.731 6.639 6.436 -27.053 5.176 5.947 -25.409 4.75
3 16 6.13 -24.926 6.216 5.574 -23.591 4.424 5.519 -22.602 5.876
3 16 6.13 -24.926 6.216 5.947 -25.409 4.75 5.574 -23.591 4.424
3 16 5.316 -22.216 4.077 5.519 -22.602 5.876 5.574 -23.591 4.424
3 16 5.316 -22.216 4.077 5.297 -21.738 5.105 5.519 -22.602 5.876
3 16 5.316 -22.216 4.077 5.225 -19.912 4.496 5.297 -21.738 5.105
3 16 5.169 -21.257 3.301 5.225 -19.912 4.496 5.316 -22.216 4.077
3 16 5.169 -21.257 3.301 5.204 -20.489 3.092 5.225 -19.912 4.496
3 16 5.169 -21.257 3.301 4.843 -20.844 1.319 5.204 -20.489 3.092
3 16 4.843 -20.844 1.319 5.169 -21.257 3.301 5.303 -22.252 3.031
3 16 5.303 -22.252 3.031 5.129 -23.743 1.507 4.843 -20.844 1.319
3 16 5.129 -23.743 1.507 5.303 -22.252 3.031 5.509 -23.836 3.236
4 16 5.129 -23.743 1.507 5.509 -23.836 3.236 5.879 -25.685 3.533 5.687 -26.98 1.453
3 16 6.321 -27.448 3.812 5.687 -26.98 1.453 5.879 -25.685 3.533
3 16 6.103 -29.76 1.365 5.687 -26.98 1.453 6.321 -27.448 3.812
3 16 6.634 -29.661 4.083 6.103 -29.76 1.365 6.321 -27.448 3.812
3 16 6.442 -25.359 16.571 4.353 -25.929 16.693 4.354 -26.528 16.246
3 16 6.922 -26.235 16.093 6.442 -25.359 16.571 4.354 -26.528 16.246
3 16 4.354 -26.528 16.246 4.353 -25.929 16.693 2.317 -26.61 16.313
3 16 4.353 -25.929 16.693 1.209 -26.404 16.65 2.317 -26.61 16.313
4 16 6.442 -25.359 16.571 6.205 -23.658 15.645 6.68 -23.392 16.383 7.004 -25.323 17.503
3 16 6.68 -23.392 16.383 6.205 -23.658 15.645 6.205 -21.614 15.456
3 16 6.205 -21.614 15.456 6.205 -23.658 15.645 5.831 -21.916 14.77
3 16 6.205 -21.614 15.456 5.831 -21.916 14.77 5.578 -19.497 14.211
3 16 5.578 -19.497 14.211 5.831 -21.916 14.77 5.343 -18.907 13.302
3 16 6.205 -23.658 15.645 6.442 -25.359 16.571 6.573 -23.958 15.129
3 16 6.573 -23.958 15.129 6.442 -25.359 16.571 6.922 -26.235 16.093
3 16 6.133 -22.215 14.314 6.205 -23.658 15.645 6.573 -23.958 15.129
3 16 5.831 -21.916 14.77 6.205 -23.658 15.645 6.133 -22.215 14.314
3 16 6.133 -22.215 14.314 5.539 -19.977 13.311 5.831 -21.916 14.77
3 16 5.831 -21.916 14.77 5.539 -19.977 13.311 5.343 -18.907 13.302
3 16 4.175 -27.377 12.997 6.389 -26.926 12.883 4.35 -27.487 13.939
3 16 4.35 -27.487 13.939 6.389 -26.926 12.883 7.045 -27.069 14.009
3 16 1.941 -27.704 13.753 4.175 -27.377 12.997 4.35 -27.487 13.939
3 16 2.127 -27.638 12.925 4.175 -27.377 12.997 1.941 -27.704 13.753
3 16 1.941 -27.704 13.753 0.563 -27.874 13.25 2.127 -27.638 12.925
3 16 2.127 -27.638 12.925 0.563 -27.874 13.25 -0.462 -28.079 12.711
3 16 4.175 -27.377 12.997 4.259 -28.084 12.315 6.389 -26.926 12.883
3 16 6.389 -26.926 12.883 4.259 -28.084 12.315 6.858 -27.832 12.323
3 16 4.175 -27.377 12.997 2.127 -27.638 12.925 4.259 -28.084 12.315
3 16 4.259 -28.084 12.315 2.127 -27.638 12.925 2.068 -28.176 12.254
3 16 2.127 -27.638 12.925 0.627 -28.185 12.332 2.068 -28.176 12.254
3 16 -0.462 -28.079 12.711 0.627 -28.185 12.332 2.127 -27.638 12.925
4 16 6.684 -25.147 12.996 6.389 -26.926 12.883 6.055 -25.393 12.217 6.188 -23.53 12.121
3 16 7.045 -27.069 14.009 6.389 -26.926 12.883 6.684 -25.147 12.996
3 16 6.188 -23.53 12.121 6.055 -25.393 12.217 5.626 -23.813 11.557
3 16 5.626 -23.813 11.557 5.517 -21.188 11.179 6.188 -23.53 12.121
3 16 5.626 -23.813 11.557 5.013 -21.576 10.725 5.517 -21.188 11.179
3 16 5.013 -21.576 10.725 5.18 -19.497 10.524 5.517 -21.188 11.179
3 16 5.013 -21.576 10.725 5.023 -19.073 9.717 5.18 -19.497 10.524
4 16 6.055 -25.393 12.217 6.389 -26.926 12.883 6.672 -25.957 11.602 6.149 -23.888 10.83
3 16 6.672 -25.957 11.602 6.389 -26.926 12.883 6.858 -27.832 12.323
3 16 6.149 -23.888 10.83 5.626 -23.813 11.557 6.055 -25.393 12.217
3 16 6.149 -23.888 10.83 5.573 -21.82 10.123 5.626 -23.813 11.557
3 16 5.573 -21.82 10.123 5.013 -21.576 10.725 5.626 -23.813 11.557
3 16 5.013 -21.576 10.725 5.573 -21.82 10.123 5.234 -20.157 9.435
3 16 5.023 -19.073 9.717 5.013 -21.576 10.725 5.234 -20.157 9.435
3 16 6.386 -28.172 9.021 6.972 -28.326 9.796 3.155 -28.826 9.66
3 16 3.109 -28.815 9.014 6.386 -28.172 9.021 3.155 -28.826 9.66
3 16 3.109 -28.815 9.014 3.155 -28.826 9.66 0.483 -29.102 9.523
3 16 -0.594 -29.259 9.035 3.109 -28.815 9.014 0.483 -29.102 9.523
3 16 6.386 -28.172 9.021 3.109 -28.815 9.014 3.323 -29.236 8.471
3 16 7.139 -28.835 8.301 6.386 -28.172 9.021 3.323 -29.236 8.471
3 16 3.323 -29.236 8.471 3.109 -28.815 9.014 0.755 -29.365 8.547
3 16 3.109 -28.815 9.014 -0.594 -29.259 9.035 0.755 -29.365 8.547
3 16 6.386 -28.172 9.021 6.041 -26.271 8.79 6.571 -26.264 9.414
3 16 6.972 -28.326 9.796 6.386 -28.172 9.021 6.571 -26.264 9.414
3 16 6.148 -24.347 9.04 6.571 -26.264 9.414 6.041 -26.271 8.79
3 16 5.688 -24.319 8.442 6.148 -24.347 9.04 6.041 -26.271 8.79
3 16 5.697 -22.292 8.452 6.148 -24.347 9.04 5.688 -24.319 8.442
3 16 5.49 -21.376 7.805 5.697 -22.292 8.452 5.688 -24.319 8.442
3 16 6.614 -26.442 8.083 6.041 -26.271 8.79 6.386 -28.172 9.021
3 16 7.139 -28.835 8.301 6.614 -26.442 8.083 6.386 -28.172 9.021
3 16 6.614 -26.442 8.083 6.111 -24.473 7.884 6.041 -26.271 8.79
4 16 5.688 -24.319 8.442 6.041 -26.271 8.79 6.111 -24.473 7.884 5.685 -22.527 7.651
3 16 5.688 -24.319 8.442 5.685 -22.527 7.651 5.49 -21.376 7.805
3 16 5.675 -27.178 4.457 6.436 -27.053 5.176 6.04 -29.012 4.856
3 16 6.04 -29.012 4.856 6.436 -27.053 5.176 6.856 -29.468 5.763
3 16 6.436 -27.053 5.176 5.675 -27.178 4.457 5.947 -25.409 4.75
3 16 5.947 -25.409 4.75 5.675 -27.178 4.457 5.366 -25.548 4.075
3 16 5.947 -25.409 4.75 5.366 -25.548 4.075 5.574 -23.591 4.424
3 16 5.574 -23.591 4.424 5.366 -25.548 4.075 5.144 -23.79 3.741
3 16 5.144 -23.79 3.741 5.316 -22.216 4.077 5.574 -23.591 4.424
3 16 5.169 -21.257 3.301 5.316 -22.216 4.077 5.144 -23.79 3.741
4 16 5.675 -27.178 4.457 6.04 -29.012 4.856 6.321 -27.448 3.812 5.879 -25.685 3.533
3 16 6.634 -29.661 4.083 6.321 -27.448 3.812 6.04 -29.012 4.856
3 16 5.675 -27.178 4.457 5.879 -25.685 3.533 5.366 -25.548 4.075
3 16 5.366 -25.548 4.075 5.879 -25.685 3.533 5.509 -23.836 3.236
3 16 5.366 -25.548 4.075 5.509 -23.836 3.236 5.144 -23.79 3.741
3 16 5.144 -23.79 3.741 5.509 -23.836 3.236 5.303 -22.252 3.031
3 16 5.144 -23.79 3.741 5.303 -22.252 3.031 5.169 -21.257 3.301
4 16 2.858 -10.24 28.567 0.004 -10.219 28.729 0.039 -11.366 31.533 3.171 -11.429 31.41
4 16 -0.033 -9.162 26.114 0.004 -10.219 28.729 2.858 -10.24 28.567 2.584 -9.146 25.943
3 16 2.858 -10.24 28.567 5.369 -9.226 25.406 2.584 -9.146 25.943
3 16 5.96 -10.495 28.139 5.369 -9.226 25.406 2.858 -10.24 28.567
3 16 3.171 -11.429 31.41 5.96 -10.495 28.139 2.858 -10.24 28.567
3 16 6.456 -11.573 31.045 5.96 -10.495 28.139 3.171 -11.429 31.41
4 16 0.004 -10.219 28.729 -0.033 -9.162 26.114 -2.693 -9.214 26.051 -2.855 -10.305 28.786
4 16 -2.855 -10.305 28.786 -2.693 -9.214 26.051 -6.006 -9.252 25.71 -6.519 -10.6 28.996
3 16 -2.824 -11.307 31.403 -2.855 -10.305 28.786 -6.519 -10.6 28.996
3 16 0.004 -10.219 28.729 -2.855 -10.305 28.786 -2.824 -11.307 31.403
3 16 0.039 -11.366 31.533 0.004 -10.219 28.729 -2.824 -11.307 31.403
3 16 -6.538 -11.457 31.05 -2.824 -11.307 31.403 -6.519 -10.6 28.996
3 16 -5.624 -8.107 23.601 -6.006 -9.252 25.71 -2.693 -9.214 26.051
3 16 -2.475 -7.925 23.916 -5.624 -8.107 23.601 -2.693 -9.214 26.051
4 16 -2.475 -7.925 23.916 -2.693 -9.214 26.051 -0.033 -9.162 26.114 0 -7.931 24.033
3 16 5.369 -9.226 25.406 2.477 -7.924 23.931 2.584 -9.146 25.943
3 16 5.369 -9.226 25.406 5.182 -8.038 23.67 2.477 -7.924 23.931
4 16 2.584 -9.146 25.943 2.477 -7.924 23.931 0 -7.931 24.033 -0.033 -9.162 26.114
3 16 -3.991 -30.059 4.255 -6.966 -29.748 1.518 -3.772 -30.07 1.125
3 16 -3.991 -30.059 4.255 -7.103 -29.668 4.111 -6.966 -29.748 1.518
3 16 -0.579 -30.121 4.39 -3.991 -30.059 4.255 -3.772 -30.07 1.125
3 16 -0.579 -30.121 4.39 -3.772 -30.07 1.125 0.348 -30.192 1.004
3 16 0.348 -30.192 1.004 3.227 -29.968 4.295 -0.579 -30.121 4.39
3 16 0.348 -30.192 1.004 4.116 -29.979 1.188 3.227 -29.968 4.295
3 16 4.116 -29.979 1.188 6.634 -29.661 4.083 3.227 -29.968 4.295
3 16 4.116 -29.979 1.188 6.103 -29.76 1.365 6.634 -29.661 4.083
3 16 -6.267 -19.765 24.327 -6.536 -16.206 21.94 -6.165 -16.641 21.357
3 16 -6.267 -19.765 24.327 -7.282 -19.531 25.173 -6.536 -16.206 21.94
3 16 -6.165 -16.641 21.357 -6.536 -16.206 21.94 -6.108 -14.619 20.541
3 16 -6.165 -16.641 21.357 -6.108 -14.619 20.541 -5.915 -14.182 19.446
3 16 -6.267 -19.765 24.327 -6.656 -17.05 20.841 -6.991 -20.88 23.799
3 16 -6.267 -19.765 24.327 -6.165 -16.641 21.357 -6.656 -17.05 20.841
3 16 -6.276 -15.494 19.855 -6.656 -17.05 20.841 -6.165 -16.641 21.357
3 16 -6.276 -15.494 19.855 -6.165 -16.641 21.357 -5.915 -14.182 19.446
4 16 -5.428 -11.514 19.494 -5.915 -14.182 19.446 -6.108 -14.619 20.541 -5.406 -10.735 20.538
3 16 -5.915 -14.182 19.446 -5.428 -11.514 19.494 -5.583 -12.538 18.179
3 16 -5.406 -10.735 20.538 -6.108 -14.619 20.541 -5.689 -11.507 21.824
4 16 -5.915 -14.182 19.446 -5.583 -12.538 18.179 -5.811 -14.256 15.876 -6.321 -16.897 18.11
3 16 -5.915 -14.182 19.446 -6.321 -16.897 18.11 -6.276 -15.494 19.855
3 16 -6.321 -16.897 18.11 -6.656 -17.05 20.841 -6.276 -15.494 19.855
3 16 -6.718 -18.687 19.574 -6.656 -17.05 20.841 -6.321 -16.897 18.11
3 16 -6.718 -18.687 19.574 -6.875 -19.7 19.979 -6.656 -17.05 20.841
3 16 -6.656 -17.05 20.841 -6.875 -19.7 19.979 -6.991 -20.88 23.799
3 16 -6.786 -14.356 25.303 -6.452 -13.589 23.808 -6.339 -14.869 24.772
3 16 -6.339 -14.869 24.772 -6.452 -13.589 23.808 -6.342 -13.722 23.004
3 16 -6.786 -14.356 25.303 -6.339 -14.869 24.772 -7.068 -15.219 26.397
3 16 -7.068 -15.219 26.397 -6.339 -14.869 24.772 -7.169 -15.942 26.628
3 16 -6.874 -13.486 27.957 -6.972 -14.188 28.258 -6.545 -13.97 29.341
3 16 -6.545 -13.97 29.341 -6.972 -14.188 28.258 -6.852 -14.949 29.309
3 16 -3.692 -14.291 30.318 -4.474 -13.786 30.521 -6.545 -13.97 29.341
3 16 -6.545 -13.97 29.341 -4.474 -13.786 30.521 -6.663 -13.507 30.251
4 16 0.023 -18.293 27.762 4.229 -18.395 27.625 4.083 -17.614 27.926 0.186 -17.613 28.023
3 16 4.229 -18.395 27.625 6.752 -17.339 27.544 4.083 -17.614 27.926
3 16 4.229 -18.395 27.625 7.291 -17.967 27.115 6.752 -17.339 27.544
3 16 -1.933 -18.018 27.878 0.023 -18.293 27.762 0.186 -17.613 28.023
3 16 -1.933 -18.018 27.878 0.186 -17.613 28.023 -2.853 -17.635 28.151
3 16 3.982 -17.139 28.599 0.186 -17.613 28.023 4.083 -17.614 27.926
3 16 3.982 -17.139 28.599 -0.046 -17.26 28.66 0.186 -17.613 28.023
3 16 3.982 -17.139 28.599 4.083 -17.614 27.926 6.752 -17.339 27.544
3 16 3.982 -17.139 28.599 6.752 -17.339 27.544 7.251 -16.843 28.114
3 16 0.186 -17.613 28.023 -0.046 -17.26 28.66 -2.038 -17.387 28.465
3 16 0.186 -17.613 28.023 -2.038 -17.387 28.465 -2.853 -17.635 28.151
3 16 6.76 -14.318 27.298 7.251 -16.843 28.114 6.818 -15.873 26.11
3 16 6.76 -14.318 27.298 7.18 -15.375 29.308 7.251 -16.843 28.114
3 16 6.176 -13.198 24.918 6.76 -14.318 27.298 6.818 -15.873 26.11
3 16 6.176 -13.198 24.918 6.818 -15.873 26.11 6.052 -14.451 23.423
3 16 6.176 -13.198 24.918 6.052 -14.451 23.423 5.56 -11.471 22.48
3 16 6.052 -14.451 23.423 5.598 -13.262 21.136 5.56 -11.471 22.48
3 16 6.052 -14.451 23.423 5.795 -14.134 22.018 5.598 -13.262 21.136
3 16 5.795 -14.134 22.018 5.499 -14.613 19.988 5.598 -13.262 21.136
3 16 5.598 -13.262 21.136 5.499 -14.613 19.988 5.24 -12.567 18.291
3 16 5.598 -13.262 21.136 5.24 -12.567 18.291 5.445 -11.35 19.845
3 16 5.598 -13.262 21.136 5.445 -11.35 19.845 5.56 -11.471 22.48
3 16 5.445 -11.35 19.845 5.347 -10.126 21.841 5.56 -11.471 22.48
3 16 5.347 -10.126 21.841 5.445 -11.35 19.845 5.446 -9.89 21.632
3 16 5.795 -14.134 22.018 5.973 -15.099 22.646 5.499 -14.613 19.988
3 16 5.973 -15.099 22.646 6.06 -16.503 21.747 5.499 -14.613 19.988
4 16 6.682 -18.076 23.484 6.06 -16.503 21.747 5.973 -15.099 22.646 6.831 -17.058 25.192
3 16 6.682 -18.076 23.484 6.831 -17.058 25.192 7.203 -19.586 25.562
3 16 6.831 -17.058 25.192 7.291 -17.967 27.115 7.203 -19.586 25.562
3 16 5.347 -10.126 21.841 5.446 -9.89 21.632 5.182 -8.038 23.67
3 16 5.347 -10.126 21.841 5.182 -8.038 23.67 5.504 -10.478 23.352
3 16 5.504 -10.478 23.352 5.182 -8.038 23.67 5.369 -9.226 25.406
4 16 6.148 -12.048 26.038 5.504 -10.478 23.352 5.369 -9.226 25.406 5.96 -10.495 28.139
3 16 5.96 -10.495 28.139 6.725 -12.865 28.088 6.148 -12.048 26.038
3 16 5.96 -10.495 28.139 6.456 -11.573 31.045 6.725 -12.865 28.088
3 16 6.725 -12.865 28.088 6.456 -11.573 31.045 7.206 -13.734 30.184
3 16 6.445 -16.542 25.662 6.818 -15.873 26.11 6.752 -17.339 27.544
3 16 6.752 -17.339 27.544 6.818 -15.873 26.11 7.251 -16.843 28.114
3 16 6.445 -16.542 25.662 6.052 -14.451 23.423 6.818 -15.873 26.11
3 16 5.795 -14.134 22.018 6.052 -14.451 23.423 6.445 -16.542 25.662
3 16 6.043 -17.466 20.552 5.69 -17.117 21.217 6.571 -19.045 22.147
3 16 6.571 -19.045 22.147 5.69 -17.117 21.217 6.174 -18.554 22.806
3 16 6.571 -19.045 22.147 6.174 -18.554 22.806 6.918 -20.546 24.168
3 16 6.918 -20.546 24.168 6.174 -18.554 22.806 6.435 -19.858 24.587
3 16 5.69 -17.117 21.217 6.043 -17.466 20.552 5.023 -15.234 19.407
3 16 5.023 -15.234 19.407 6.043 -17.466 20.552 5.484 -15.609 18.761
3 16 5.023 -15.234 19.407 5.484 -15.609 18.761 4.795 -12.995 17.697
3 16 4.795 -12.995 17.697 5.484 -15.609 18.761 5.218 -13.467 17.104
3 16 6.174 -18.554 22.806 6.682 -18.076 23.484 6.435 -19.858 24.587
3 16 6.435 -19.858 24.587 6.682 -18.076 23.484 7.203 -19.586 25.562
3 16 6.174 -18.554 22.806 6.06 -16.503 21.747 6.682 -18.076 23.484
3 16 5.69 -17.117 21.217 6.06 -16.503 21.747 6.174 -18.554 22.806
3 16 5.69 -17.117 21.217 5.499 -14.613 19.988 6.06 -16.503 21.747
3 16 5.023 -15.234 19.407 5.499 -14.613 19.988 5.69 -17.117 21.217
3 16 4.795 -12.995 17.697 5.499 -14.613 19.988 5.023 -15.234 19.407
3 16 5.24 -12.567 18.291 5.499 -14.613 19.988 4.795 -12.995 17.697
3 16 6.071 -18.464 18.986 6.043 -17.466 20.552 6.616 -20.273 20.546
3 16 6.616 -20.273 20.546 6.043 -17.466 20.552 6.571 -19.045 22.147
3 16 6.616 -20.273 20.546 6.571 -19.045 22.147 6.904 -22.167 22.056
3 16 6.904 -22.167 22.056 6.571 -19.045 22.147 6.918 -20.546 24.168
3 16 6.071 -18.464 18.986 5.484 -15.609 18.761 6.043 -17.466 20.552
3 16 6.071 -18.464 18.986 5.791 -17.892 17.932 5.484 -15.609 18.761
3 16 6.069 -20.7 19.914 6.616 -20.273 20.546 6.513 -22.494 21.216
3 16 6.513 -22.494 21.216 6.616 -20.273 20.546 6.904 -22.167 22.056
3 16 6.616 -20.273 20.546 6.069 -20.7 19.914 6.071 -18.464 18.986
3 16 6.071 -18.464 18.986 6.069 -20.7 19.914 5.791 -17.892 17.932
3 16 4.353 -25.929 16.693 6.442 -25.359 16.571 4.403 -25.844 17.382
3 16 4.403 -25.844 17.382 6.442 -25.359 16.571 7.004 -25.323 17.503
3 16 4.403 -25.844 17.382 2.335 -26.093 17.157 4.353 -25.929 16.693
3 16 4.353 -25.929 16.693 2.335 -26.093 17.157 1.209 -26.404 16.65
3 16 -7.282 -19.531 25.173 -3.206 -20.02 25.665 -2.853 -17.635 28.151
3 16 -2.853 -17.635 28.151 -3.206 -20.02 25.665 -1.933 -18.018 27.878
4 16 -1.933 -18.018 27.878 -3.206 -20.02 25.665 0.629 -20.127 25.848 0.023 -18.293 27.762
3 16 4.229 -18.395 27.625 0.023 -18.293 27.762 0.629 -20.127 25.848
3 16 4.229 -18.395 27.625 0.629 -20.127 25.848 4.027 -20.004 25.805
3 16 4.229 -18.395 27.625 4.027 -20.004 25.805 7.203 -19.586 25.562
3 16 4.229 -18.395 27.625 7.203 -19.586 25.562 7.291 -17.967 27.115
3 16 -7.282 -19.531 25.173 -2.853 -17.635 28.151 -7.305 -17.066 27.892
3 16 5.687 -26.98 1.453 4.116 -29.979 1.188 3.672 -27.152 1.119
3 16 5.687 -26.98 1.453 6.103 -29.76 1.365 4.116 -29.979 1.188
3 16 3.672 -27.152 1.119 5.129 -23.743 1.507 5.687 -26.98 1.453
3 16 3.672 -27.152 1.119 3.35 -23.916 1.148 5.129 -23.743 1.507
3 16 0.348 -30.192 1.004 3.672 -27.152 1.119 4.116 -29.979 1.188
3 16 0.348 -30.192 1.004 0.151 -27.147 0.993 3.672 -27.152 1.119
4 16 3.35 -23.916 1.148 3.672 -27.152 1.119 0.151 -27.147 0.993 0.126 -24.106 1.059
4 16 -3.448 -27.359 1.111 0.151 -27.147 0.993 0.348 -30.192 1.004 -3.772 -30.07 1.125
3 16 -6.536 -27.272 1.677 -3.448 -27.359 1.111 -3.772 -30.07 1.125
3 16 -6.536 -27.272 1.677 -3.772 -30.07 1.125 -6.966 -29.748 1.518
3 16 -6.005 -24.105 1.67 -3.448 -27.359 1.111 -6.536 -27.272 1.677
3 16 -6.005 -24.105 1.67 -3.146 -24.196 1.225 -3.448 -27.359 1.111
3 16 -3.146 -24.196 1.225 0.151 -27.147 0.993 -3.448 -27.359 1.111
3 16 0.151 -27.147 0.993 -3.146 -24.196 1.225 0.126 -24.106 1.059
4 16 0.126 -24.106 1.059 -3.146 -24.196 1.225 -3 -21.093 1.013 0.307 -21.116 0.85
4 16 3.35 -23.916 1.148 0.126 -24.106 1.059 0.307 -21.116 0.85 3.222 -21.061 0.915
3 16 -6.005 -24.105 1.67 -5.735 -20.895 1.521 -3.146 -24.196 1.225
3 16 -3.146 -24.196 1.225 -5.735 -20.895 1.521 -3 -21.093 1.013
3 16 5.129 -23.743 1.507 3.35 -23.916 1.148 3.222 -21.061 0.915
3 16 4.843 -20.844 1.319 5.129 -23.743 1.507 3.222 -21.061 0.915
3 16 4.277 -14.688 29.78 1.578 -14.951 30.138 3.03 -15.526 29.833
3 16 4.929 -15.483 29.679 4.277 -14.688 29.78 3.03 -15.526 29.833
3 16 6.689 -14.468 29.436 4.277 -14.688 29.78 4.929 -15.483 29.679
3 16 7.18 -15.375 29.308 6.689 -14.468 29.436 4.929 -15.483 29.679
3 16 -5.887 -17.324 17.492 -6.28 -17.893 16.844 -6.668 -19.326 18.67
3 16 -6.875 -19.7 19.979 -5.887 -17.324 17.492 -6.668 -19.326 18.67
3 16 -5.779 -15.198 14.395 -6.28 -17.893 16.844 -5.887 -17.324 17.492
3 16 -5.309 -14.712 15.078 -5.779 -15.198 14.395 -5.887 -17.324 17.492
3 16 -5.887 -17.324 17.492 -6.875 -19.7 19.979 -6.718 -18.687 19.574
3 16 -6.321 -16.897 18.11 -5.887 -17.324 17.492 -6.718 -18.687 19.574
3 16 -6.321 -16.897 18.11 -5.811 -14.256 15.876 -5.887 -17.324 17.492
3 16 -5.811 -14.256 15.876 -5.309 -14.712 15.078 -5.887 -17.324 17.492
3 16 -5.897 -10.396 20.852 -5.406 -10.735 20.538 -5.689 -11.507 21.824
3 16 -6.053 -11.515 22.864 -5.897 -10.396 20.852 -5.689 -11.507 21.824
3 16 -6.148 -19.394 12.806 -6.42 -20.296 13.757 -5.568 -16.447 12.151
3 16 -5.758 -16.78 11.657 -6.148 -19.394 12.806 -5.568 -16.447 12.151
3 16 -6.254 -18.869 13.722 -5.922 -16.173 12.709 -5.568 -16.447 12.151
3 16 -6.42 -20.296 13.757 -6.254 -18.869 13.722 -5.568 -16.447 12.151
3 16 4.792 -19.691 5.134 5.228 -19.407 5.836 5.381 -21.601 6.151
3 16 5.519 -22.602 5.876 4.792 -19.691 5.134 5.381 -21.601 6.151
3 16 4.792 -19.691 5.134 5.519 -22.602 5.876 5.297 -21.738 5.105
3 16 5.225 -19.912 4.496 4.792 -19.691 5.134 5.297 -21.738 5.105

0 // Edge_Colour
2 24 -6.74 -24.255 13.631 -7.025 -26.473 14.634
2 24 -6.74 -24.255 13.631 -6.296 -21.962 12.574
2 24 -5.406 -10.735 20.538 -5.689 -11.507 21.824
2 24 -7.103 -29.668 4.111 -6.966 -29.748 1.518
2 24 5.685 -22.527 7.651 6.111 -24.473 7.884
2 24 -6.536 -27.272 1.677 -6.966 -29.748 1.518
2 24 -6.875 -19.7 19.979 -6.718 -18.687 19.574
2 24 4.175 -27.377 12.997 2.127 -27.638 12.925
2 24 0.569 -20.216 24.834 3.786 -20.08 24.792
2 24 6.055 -25.393 12.217 5.626 -23.813 11.557
2 24 5.343 -18.907 13.302 5.539 -19.977 13.311
2 24 5.675 -27.178 4.457 5.366 -25.548 4.075
2 24 0.483 -29.102 9.523 3.155 -28.826 9.66
2 24 6.831 -17.058 25.192 7.291 -17.967 27.115
2 24 5.023 -19.073 9.717 5.234 -20.157 9.435
2 24 -6.452 -13.589 23.808 -6.342 -13.722 23.004
2 24 4.35 -27.487 13.939 7.045 -27.069 14.009
2 24 -6.28 -17.893 16.844 -5.779 -15.198 14.395
2 24 -6.972 -14.188 28.258 -6.852 -14.949 29.309
2 24 -7.114 -24.778 12.225 -6.777 -22.585 11.321
2 24 -7.234 -29.309 7.248 -6.977 -29.455 5.414
2 24 2.317 -26.61 16.313 1.209 -26.404 16.65
2 24 -6.973 -27.199 3.878 -6.377 -23.501 3.552
2 24 -3.969 -29.618 4.946 -0.606 -29.604 5.056
2 24 3.786 -20.08 24.792 6.435 -19.858 24.587
2 24 0.755 -29.365 8.547 -0.594 -29.259 9.035
2 24 5.69 -17.117 21.217 6.174 -18.554 22.806
2 24 -6.545 -13.97 29.341 -6.852 -14.949 29.309
2 24 -5.689 -11.507 21.824 -6.053 -11.515 22.864
2 24 -6.28 -17.893 16.844 -6.668 -19.326 18.67
2 24 -6.884 -26.877 5.18 -6.378 -23.497 4.584
2 24 -6.786 -14.356 25.303 -6.452 -13.589 23.808
2 24 -6.006 -9.252 25.71 -6.519 -10.6 28.996
2 24 -6.874 -13.486 27.957 -6.545 -13.97 29.341
2 24 4.229 -18.395 27.625 0.023 -18.293 27.762
2 24 6.288 -13.663 27.658 6.689 -14.468 29.436
2 24 -6.777 -22.585 11.321 -6.365 -20.252 10.28
2 24 6.06 -16.503 21.747 5.499 -14.613 19.988
2 24 6.435 -19.858 24.587 7.203 -19.586 25.562
2 24 -6.854 -21.63 18 -6.579 -20.072 16.608
2 24 4.083 -17.614 27.926 6.752 -17.339 27.544
2 24 -6.884 -26.877 5.18 -6.977 -29.455 5.414
2 24 5.49 -21.376 7.805 5.697 -22.292 8.452
2 24 5.49 -21.376 7.805 5.685 -22.527 7.651
2 24 2.127 -27.638 12.925 -0.462 -28.079 12.711
2 24 4.175 -27.377 12.997 6.389 -26.926 12.883
2 24 -2.853 -17.635 28.151 -2.038 -17.387 28.465
2 24 6.069 -20.7 19.914 6.513 -22.494 21.216
2 24 6.111 -24.473 7.884 6.614 -26.442 8.083
2 24 -7.188 -28.554 9.192 -5.411 -28.892 9.748
2 24 2.701 -14.277 30.527 4.806 -14.099 30.52
2 24 6.389 -26.926 12.883 7.045 -27.069 14.009
2 24 -0.606 -29.604 5.056 3.018 -29.419 5.062
2 24 -6.005 -24.105 1.67 -6.536 -27.272 1.677
2 24 5.234 -20.157 9.435 5.573 -21.82 10.123
2 24 -2.853 -17.635 28.151 -1.933 -18.018 27.878
2 24 4.027 -20.004 25.805 7.203 -19.586 25.562
2 24 5.519 -22.602 5.876 4.792 -19.691 5.134
2 24 5.539 -19.977 13.311 6.133 -22.215 14.314
2 24 5.69 -17.117 21.217 5.023 -15.234 19.407
2 24 -5.411 -28.892 9.748 -4.719 -28.799 10.252
2 24 6.041 -26.271 8.79 5.688 -24.319 8.442
2 24 6.818 -15.873 26.11 6.052 -14.451 23.423
2 24 -6.137 -21.393 7.095 -5.929 -19.123 6.561
2 24 4.843 -20.844 1.319 5.129 -23.743 1.507
2 24 5.697 -22.292 8.452 6.148 -24.347 9.04
2 24 6.436 -27.053 5.176 5.947 -25.409 4.75
2 24 -5.732 -21.542 6.392 -5.545 -19.348 5.823
2 24 -6.505 -14.583 23.225 -6.797 -15.5 24.438
2 24 -7.582 -27.114 13.105 -5.372 -27.553 13.525
2 24 6.76 -14.318 27.298 7.18 -15.375 29.308
2 24 -6.797 -15.5 24.438 -7.1 -16.07 25.782
2 24 6.043 -17.466 20.552 6.571 -19.045 22.147
2 24 4.116 -29.979 1.188 6.103 -29.76 1.365
2 24 -3.407 -24.19 20.04 -7.017 -23.742 19.797
2 24 -3.407 -24.19 20.04 -1.878 -24.379 19.913
2 24 -7.282 -19.531 25.173 -6.536 -16.206 21.94
2 24 5.574 -23.591 4.424 5.316 -22.216 4.077
2 24 -6.829 -13.168 28.661 -6.663 -13.507 30.251
2 24 5.573 -21.82 10.123 6.149 -23.888 10.83
2 24 -5.082 -26.914 14.156 -6.852 -26.527 13.9
2 24 7.251 -16.843 28.114 7.18 -15.375 29.308
2 24 -0.561 -29.874 5.879 3.127 -29.74 5.857
2 24 5.578 -19.497 14.211 5.343 -18.907 13.302
2 24 6.972 -28.326 9.796 6.386 -28.172 9.021
2 24 -7.305 -17.066 27.892 -7.282 -19.531 25.173
2 24 -6.874 -13.486 27.957 -6.972 -14.188 28.258
2 24 -3.2 -21.131 24.238 0.515 -21.11 24.434
2 24 4.666 -23.736 21.003 7.422 -23.32 20.868
2 24 6.205 -21.614 15.456 5.578 -19.497 14.211
2 24 -5.765 -19.993 10.905 -5.498 -17.692 9.726
2 24 -6.576 -24.155 6.426 -6.239 -21.777 5.792
2 24 4.666 -23.736 21.003 2.496 -23.83 21.04
2 24 5.727 -12.669 25.492 5.347 -10.126 21.841
2 24 2.496 -23.83 21.04 1.188 -23.623 21.341
2 24 -5.735 -20.895 1.521 -6.005 -24.105 1.67
2 24 5.519 -22.602 5.876 5.297 -21.738 5.105
2 24 2.068 -28.176 12.254 0.627 -28.185 12.332
2 24 5.228 -19.407 5.836 5.381 -21.601 6.151
2 24 0.629 -20.127 25.848 4.027 -20.004 25.805
2 24 -6.538 -11.457 31.05 -6.663 -13.507 30.251
2 24 0.563 -27.874 13.25 1.941 -27.704 13.753
2 24 -7.169 -15.942 26.628 -7.068 -15.219 26.397
2 24 -6.378 -23.497 4.584 -6.181 -22.011 3.805
2 24 0.348 -30.192 1.004 4.116 -29.979 1.188
2 24 -6.108 -14.619 20.541 -5.915 -14.182 19.446
2 24 3.109 -28.815 9.014 -0.594 -29.259 9.035
2 24 4.353 -25.929 16.693 6.442 -25.359 16.571
2 24 4.353 -25.929 16.693 1.209 -26.404 16.65
2 24 -3.206 -20.02 25.665 0.629 -20.127 25.848
2 24 -3.489 -24.326 19.317 -6.401 -23.9 18.838
2 24 -3.489 -24.326 19.317 -0.844 -24.728 19.548
2 24 6.052 -14.451 23.423 5.795 -14.134 22.018
2 24 5.369 -9.226 25.406 5.96 -10.495 28.139
2 24 5.369 -9.226 25.406 5.182 -8.038 23.67
2 24 0.039 -11.366 31.533 3.171 -11.429 31.41
2 24 6.68 -23.392 16.383 6.205 -21.614 15.456
2 24 6.069 -20.7 19.914 5.791 -17.892 17.932
2 24 -6.254 -18.869 13.722 -6.42 -20.296 13.757
2 24 -6.321 -16.897 18.11 -6.718 -18.687 19.574
2 24 1.578 -14.951 30.138 2.701 -14.277 30.527
2 24 1.578 -14.951 30.138 4.277 -14.688 29.78
2 24 -7.177 -25.993 10.096 -6.948 -24.31 9.616
2 24 5.347 -10.126 21.841 5.504 -10.478 23.352
2 24 6.445 -16.542 25.662 5.795 -14.134 22.018
2 24 6.04 -29.012 4.856 6.856 -29.468 5.763
2 24 -7.188 -28.554 9.192 -6.783 -27.992 9.829
2 24 6.071 -18.464 18.986 5.791 -17.892 17.932
2 24 6.205 -23.658 15.645 6.442 -25.359 16.571
2 24 -7.383 -28.237 10.611 -7.177 -25.993 10.096
2 24 6.04 -29.012 4.856 6.634 -29.661 4.083
2 24 5.297 -21.738 5.105 5.225 -19.912 4.496
2 24 5.96 -10.495 28.139 6.456 -11.573 31.045
2 24 0.627 -28.185 12.332 -0.462 -28.079 12.711
2 24 -6.579 -20.072 16.608 -6.337 -19.295 15.446
2 24 6.041 -26.271 8.79 6.386 -28.172 9.021
2 24 -6.885 -22.49 16.679 -7.172 -24.895 18.09
2 24 -6.401 -23.9 18.838 -7.172 -24.895 18.09
2 24 -5.915 -14.182 19.446 -6.276 -15.494 19.855
2 24 4.354 -26.528 16.246 6.922 -26.235 16.093
2 24 5.509 -23.836 3.236 5.303 -22.252 3.031
2 24 6.389 -26.926 12.883 6.858 -27.832 12.323
2 24 -6.519 -10.6 28.996 -6.538 -11.457 31.05
2 24 6.513 -22.494 21.216 7.422 -23.32 20.868
2 24 -0.844 -24.728 19.548 -1.878 -24.379 19.913
2 24 -6.238 -29.14 4.801 -6.977 -29.455 5.414
2 24 -2.406 -27.367 14.463 -5.082 -26.914 14.156
2 24 -6.506 -24.422 12.994 -6.139 -22.185 11.986
2 24 0.515 -21.11 24.434 3.892 -20.942 24.461
2 24 -6.207 -26.939 4.539 -6.238 -29.14 4.801
2 24 6.918 -20.546 24.168 6.435 -19.858 24.587
2 24 -7.026 -26.364 8.85 -7.188 -28.554 9.192
2 24 6.442 -25.359 16.571 7.004 -25.323 17.503
2 24 4.35 -27.487 13.939 1.941 -27.704 13.753
2 24 5.013 -21.576 10.725 5.023 -19.073 9.717
2 24 -6.505 -14.583 23.225 -6.342 -13.722 23.004
2 24 -3.692 -14.291 30.318 -6.545 -13.97 29.341
2 24 3.982 -17.139 28.599 7.251 -16.843 28.114
2 24 -6.874 -13.486 27.957 -6.829 -13.168 28.661
2 24 -2.824 -11.307 31.403 -6.538 -11.457 31.05
2 24 -5.887 -17.324 17.492 -6.875 -19.7 19.979
2 24 5.381 -21.601 6.151 5.519 -22.602 5.876
2 24 5.973 -15.099 22.646 5.795 -14.134 22.018
2 24 -4.006 -29.831 5.72 -0.561 -29.874 5.879
2 24 -5.093 -26.907 14.913 -7.025 -26.473 14.634
2 24 4.348 -22.969 21.314 1.188 -23.623 21.341
2 24 4.348 -22.969 21.314 6.513 -22.494 21.216
2 24 -6.296 -21.962 12.574 -5.94 -19.605 11.452
2 24 6.043 -17.466 20.552 5.484 -15.609 18.761
2 24 6.922 -26.235 16.093 7.045 -27.069 14.009
2 24 6.456 -11.573 31.045 7.206 -13.734 30.184
2 24 6.972 -28.326 9.796 6.858 -27.832 12.323
2 24 -7.383 -28.237 10.611 -6.783 -27.992 9.829
2 24 6.672 -25.957 11.602 6.858 -27.832 12.323
2 24 6.672 -25.957 11.602 6.149 -23.888 10.83
2 24 -6.576 -24.155 6.426 -6.711 -25.037 7.091
2 24 -1.933 -18.018 27.878 0.023 -18.293 27.762
2 24 -6.973 -27.199 3.878 -7.103 -29.668 4.111
2 24 -3.772 -30.07 1.125 -6.966 -29.748 1.518
2 24 -3.969 -29.618 4.946 -6.238 -29.14 4.801
2 24 4.364 -22.735 22.109 6.904 -22.167 22.056
2 24 -6.875 -19.7 19.979 -6.668 -19.326 18.67
2 24 -6.339 -22.066 17.369 -6.401 -23.9 18.838
2 24 -6.339 -22.066 17.369 -6.337 -19.295 15.446
2 24 -1.995 -24.85 19.172 -0.844 -24.728 19.548
2 24 5.879 -25.685 3.533 5.509 -23.836 3.236
2 24 3.227 -29.968 4.295 6.634 -29.661 4.083
2 24 2.335 -26.093 17.157 1.209 -26.404 16.65
2 24 -7.017 -23.742 19.797 -7.183 -22.396 22.114
2 24 -7.234 -29.309 7.248 -7.188 -28.554 9.192
2 24 -6.948 -24.31 9.616 -6.801 -23.638 8.941
2 24 3.982 -17.139 28.599 -0.046 -17.26 28.66
2 24 6.06 -16.503 21.747 6.682 -18.076 23.484
2 24 6.76 -14.318 27.298 6.176 -13.198 24.918
2 24 -3.254 -27.081 14.951 -5.093 -26.907 14.913
2 24 -6.852 -26.527 13.9 -7.025 -26.473 14.634
2 24 0.186 -17.613 28.023 -2.853 -17.635 28.151
2 24 6.386 -28.172 9.021 7.139 -28.835 8.301
2 24 5.499 -14.613 19.988 5.24 -12.567 18.291
2 24 -7.582 -27.114 13.105 -7.114 -24.778 12.225
2 24 6.725 -12.865 28.088 7.206 -13.734 30.184
2 24 5.169 -21.257 3.301 5.303 -22.252 3.031
2 24 5.484 -15.609 18.761 5.218 -13.467 17.104
2 24 5.144 -23.79 3.741 5.169 -21.257 3.301
2 24 4.806 -14.099 30.52 7.206 -13.734 30.184
2 24 6.684 -25.147 12.996 7.045 -27.069 14.009
2 24 6.205 -23.658 15.645 5.831 -21.916 14.77
2 24 3.171 -11.429 31.41 6.456 -11.573 31.045
2 24 6.689 -14.468 29.436 7.18 -15.375 29.308
2 24 3.018 -29.419 5.062 6.04 -29.012 4.856
2 24 5.366 -25.548 4.075 5.144 -23.79 3.741
2 24 -6.786 -14.356 25.303 -7.068 -15.219 26.397
2 24 -6.545 -13.97 29.341 -6.663 -13.507 30.251
2 24 -7.183 -22.396 22.114 -6.991 -20.88 23.799
2 24 -6.006 -9.252 25.71 -5.624 -8.107 23.601
2 24 -6.991 -20.88 23.799 -6.656 -17.05 20.841
2 24 2.068 -28.176 12.254 4.259 -28.084 12.315
2 24 6.288 -13.663 27.658 5.727 -12.669 25.492
2 24 4.229 -18.395 27.625 7.291 -17.967 27.115
2 24 -6.139 -22.185 11.986 -5.765 -19.993 10.905
2 24 6.818 -15.873 26.11 7.251 -16.843 28.114
2 24 6.682 -18.076 23.484 7.203 -19.586 25.562
2 24 6.758 -21.27 19.469 7.422 -23.32 20.868
2 24 -6.991 -20.88 23.799 -6.267 -19.765 24.327
2 24 6.758 -21.27 19.469 6.099 -19.238 18.093
2 24 6.689 -14.468 29.436 7.206 -13.734 30.184
2 24 6.614 -26.442 8.083 7.139 -28.835 8.301
2 24 -5.568 -16.447 12.151 -6.42 -20.296 13.757
2 24 -3.991 -30.059 4.255 -7.103 -29.668 4.111
2 24 6.188 -23.53 12.121 5.517 -21.188 11.179
2 24 -5.417 -28.666 10.547 -4.719 -28.799 10.252
2 24 6.972 -28.326 9.796 3.155 -28.826 9.66
2 24 -6.885 -22.49 16.679 -6.618 -20.574 15.64
2 24 4.083 -17.614 27.926 0.186 -17.613 28.023
2 24 -3.475 -24.917 18.889 -7.172 -24.895 18.09
2 24 -3.475 -24.917 18.889 -1.995 -24.85 19.172
2 24 -6.339 -14.869 24.772 -7.169 -15.942 26.628
2 24 6.321 -27.448 3.812 5.879 -25.685 3.533
2 24 1.188 -23.623 21.341 2.326 -23.044 21.978
2 24 -7.305 -17.066 27.892 -6.852 -14.949 29.309
2 24 -6.977 -29.455 5.414 -4.006 -29.831 5.72
2 24 1.578 -14.951 30.138 3.03 -15.526 29.833
2 24 4.929 -15.483 29.679 7.18 -15.375 29.308
2 24 -6.276 -15.494 19.855 -6.656 -17.05 20.841
2 24 -6.148 -19.394 12.806 -5.758 -16.78 11.657
2 24 -6.342 -13.722 23.004 -6.339 -14.869 24.772
2 24 3.127 -29.74 5.857 6.856 -29.468 5.763
2 24 5.504 -10.478 23.352 6.148 -12.048 26.038
2 24 -7.383 -28.237 10.611 -5.417 -28.666 10.547
2 24 6.445 -16.542 25.662 6.752 -17.339 27.544
2 24 5.626 -23.813 11.557 5.013 -21.576 10.725
2 24 -7.017 -23.742 19.797 -6.854 -21.63 18
2 24 6.386 -28.172 9.021 3.109 -28.815 9.014
2 24 -7.025 -26.473 14.634 -7.172 -24.895 18.09
2 24 5.688 -24.319 8.442 5.49 -21.376 7.805
2 24 -6.053 -11.515 22.864 -5.897 -10.396 20.852
2 24 2.335 -26.093 17.157 4.403 -25.844 17.382
2 24 -4.474 -13.786 30.521 -6.663 -13.507 30.251
2 24 3.892 -20.942 24.461 6.918 -20.546 24.168
2 24 4.259 -28.084 12.315 6.858 -27.832 12.323
2 24 -6.207 -26.939 4.539 -6.181 -22.011 3.805
2 24 4.277 -14.688 29.78 6.689 -14.468 29.436
2 24 -6.852 -26.527 13.9 -7.582 -27.114 13.105
2 24 -5.94 -19.605 11.452 -5.772 -17.452 10.321
2 24 6.904 -22.167 22.056 6.918 -20.546 24.168
2 24 7.203 -19.586 25.562 7.291 -17.967 27.115
2 24 6.174 -18.554 22.806 6.435 -19.858 24.587
2 24 -5.887 -17.324 17.492 -5.309 -14.712 15.078
2 24 -6.711 -25.037 7.091 -5.732 -21.542 6.392
2 24 6.68 -23.392 16.383 7.004 -25.323 17.503
2 24 6.684 -25.147 12.996 6.188 -23.53 12.121
2 24 -3.11 -20.093 24.633 -6.267 -19.765 24.327
2 24 -3.11 -20.093 24.633 0.569 -20.216 24.834
2 24 6.055 -25.393 12.217 6.389 -26.926 12.883
2 24 5.687 -26.98 1.453 6.103 -29.76 1.365
2 24 5.831 -21.916 14.77 5.343 -18.907 13.302
2 24 6.571 -26.264 9.414 6.972 -28.326 9.796
2 24 6.571 -26.264 9.414 6.148 -24.347 9.04
2 24 -6.618 -20.574 15.64 -6.337 -19.295 15.446
2 24 6.436 -27.053 5.176 6.856 -29.468 5.763
2 24 -5.811 -14.256 15.876 -6.321 -16.897 18.11
2 24 6.176 -13.198 24.918 5.56 -11.471 22.48
2 24 -6.506 -24.422 12.994 -6.852 -26.527 13.9
2 24 -6.165 -16.641 21.357 -5.915 -14.182 19.446
2 24 -6.801 -23.638 8.941 -6.884 -24.815 8.649
2 24 5.129 -23.743 1.507 5.687 -26.98 1.453
2 24 4.403 -25.844 17.382 7.004 -25.323 17.503
2 24 -4.441 -14.843 29.97 -6.852 -14.949 29.309
2 24 -4.441 -14.843 29.97 -3.692 -14.291 30.318
2 24 3.323 -29.236 8.471 0.755 -29.365 8.547
2 24 -6.701 -26.152 9.426 -6.801 -23.638 8.941
2 24 5.973 -15.099 22.646 6.831 -17.058 25.192
2 24 6.752 -17.339 27.544 7.291 -17.967 27.115
2 24 -3.692 -14.291 30.318 -4.474 -13.786 30.521
2 24 7.422 -23.32 20.868 7.004 -25.323 17.503
2 24 -6.181 -22.011 3.805 -6.377 -23.501 3.552
2 24 -6.6 -23.915 7.576 -6.137 -21.393 7.095
2 24 6.103 -29.76 1.365 6.634 -29.661 4.083
2 24 -6.238 -29.14 4.801 -7.103 -29.668 4.111
2 24 5.18 -19.497 10.524 5.023 -19.073 9.717
2 24 0.483 -29.102 9.523 -0.594 -29.259 9.035
2 24 5.316 -22.216 4.077 5.169 -21.257 3.301
2 24 -6.783 -27.992 9.829 -4.719 -28.799 10.252
2 24 -7.282 -19.531 25.173 -3.206 -20.02 25.665
2 24 -3.772 -30.07 1.125 0.348 -30.192 1.004
2 24 6.752 -17.339 27.544 7.251 -16.843 28.114
2 24 -3.254 -27.081 14.951 -2.406 -27.367 14.463
2 24 -2.406 -27.367 14.463 -3.552 -27.564 13.902
2 24 5.675 -27.178 4.457 6.04 -29.012 4.856
2 24 5.18 -19.497 10.524 5.517 -21.188 11.179
2 24 -6.239 -21.777 5.792 -5.968 -19.673 5.144
2 24 6.571 -19.045 22.147 6.918 -20.546 24.168
2 24 -7.1 -16.07 25.782 -7.169 -15.942 26.628
2 24 6.573 -23.958 15.129 6.922 -26.235 16.093
2 24 6.573 -23.958 15.129 6.133 -22.215 14.314
2 24 -6.267 -19.765 24.327 -7.282 -19.531 25.173
2 24 6.148 -12.048 26.038 6.725 -12.865 28.088
2 24 -6.401 -23.9 18.838 -7.017 -23.742 19.797
2 24 -6.165 -16.641 21.357 -6.267 -19.765 24.327
2 24 -7.582 -27.114 13.105 -7.383 -28.237 10.611
2 24 -2.038 -17.387 28.465 -0.046 -17.26 28.66
2 24 3.03 -15.526 29.833 4.929 -15.483 29.679
2 24 5.947 -25.409 4.75 5.574 -23.591 4.424
2 24 5.56 -11.471 22.48 5.347 -10.126 21.841
2 24 4.364 -22.735 22.109 2.326 -23.044 21.978
2 24 6.099 -19.238 18.093 5.791 -17.892 17.932
2 24 -6.783 -27.992 9.829 -6.701 -26.152 9.426
2 24 7.139 -28.835 8.301 7.169 -29.222 7.15
2 24 6.616 -20.273 20.546 6.904 -22.167 22.056
2 24 6.616 -20.273 20.546 6.071 -18.464 18.986
2 24 -6.711 -25.037 7.091 -6.6 -23.915 7.576
2 24 0.563 -27.874 13.25 -0.462 -28.079 12.711
2 24 0.039 -11.366 31.533 -2.824 -11.307 31.403
2 24 -5.372 -27.553 13.525 -3.552 -27.564 13.902
2 24 7.169 -29.222 7.15 6.856 -29.468 5.763
2 24 -3.991 -30.059 4.255 -0.579 -30.121 4.39
2 24 5.023 -15.234 19.407 4.795 -12.995 17.697
2 24 6.321 -27.448 3.812 6.634 -29.661 4.083
2 24 -6.42 -20.296 13.757 -6.148 -19.394 12.806
2 24 3.323 -29.236 8.471 7.139 -28.835 8.301
2 24 -6.536 -16.206 21.94 -6.108 -14.619 20.541
2 24 -3.2 -21.131 24.238 -6.991 -20.88 23.799
2 24 4.354 -26.528 16.246 2.317 -26.61 16.313
2 24 -0.579 -30.121 4.39 3.227 -29.968 4.295
2 24 -6.365 -20.252 10.28 -5.899 -17.973 9.258
2 24 -6.254 -18.869 13.722 -5.922 -16.173 12.709
2 24 -7.026 -26.364 8.85 -6.884 -24.815 8.649
2 24 6.513 -22.494 21.216 6.904 -22.167 22.056
2 24 6.442 -25.359 16.571 6.922 -26.235 16.093

5 24 -6.339 -22.066 17.369 -6.854 -21.63 18 -6.579 -20.072 16.608 -6.401 -23.9 18.838
5 24 -3.489 -24.326 19.317 -1.878 -24.379 19.913 -3.407 -24.19 20.04 -0.844 -24.728 19.548
5 24 -6.579 -20.072 16.608 -6.339 -22.066 17.369 -6.337 -19.295 15.446 -6.854 -21.63 18
5 24 -6.854 -21.63 18 -6.401 -23.9 18.838 -6.339 -22.066 17.369 -7.017 -23.742 19.797
5 24 3.109 -28.815 9.014 0.755 -29.365 8.547 3.323 -29.236 8.471 -0.594 -29.259 9.035
5 24 2.127 -27.638 12.925 1.941 -27.704 13.753 4.175 -27.377 12.997 0.563 -27.874 13.25
5 24 2.068 -28.176 12.254 0.483 -29.102 9.523 0.627 -28.185 12.332 3.155 -28.826 9.66
5 24 5.277 -15.846 13.505 5.343 -18.907 13.302 5.578 -19.497 14.211 5.192 -16.628 12.087
5 24 4.354 -26.528 16.246 4.35 -27.487 13.939 2.317 -26.61 16.313 7.045 -27.069 14.009
5 24 6.041 -26.271 8.79 6.111 -24.473 7.884 6.614 -26.442 8.083 5.688 -24.319 8.442
5 24 5.541 -16.663 17.005 5.578 -19.497 14.211 5.791 -17.892 17.932 5.277 -15.846 13.505
5 24 0.186 -17.613 28.023 -2.038 -17.387 28.465 -0.046 -17.26 28.66 -2.853 -17.635 28.151
5 24 -6.42 -20.296 13.757 -6.296 -21.962 12.574 -6.928 -23.299 15.201 -5.94 -19.605 11.452
5 24 6.442 -25.359 16.571 4.354 -26.528 16.246 4.353 -25.929 16.693 6.922 -26.235 16.093
5 24 -6.928 -23.299 15.201 -7.025 -26.473 14.634 -6.74 -24.255 13.631 -7.172 -24.895 18.09
5 24 -4.006 -29.831 5.72 -3.969 -29.618 4.946 -6.238 -29.14 4.801 -0.606 -29.604 5.056
5 24 0.569 -20.216 24.834 0.629 -20.127 25.848 3.786 -20.08 24.792 -3.206 -20.02 25.665
5 24 6.111 -24.473 7.884 5.519 -22.602 5.876 5.685 -22.527 7.651 6.13 -24.926 6.216
5 24 -6.053 -11.515 22.864 -6.342 -13.722 23.004 -5.689 -11.507 21.824 -6.452 -13.589 23.808
5 24 5.727 -12.669 25.492 6.148 -12.048 26.038 6.288 -13.663 27.658 5.504 -10.478 23.352
5 24 6.68 -23.392 16.383 6.758 -21.27 19.469 7.004 -25.323 17.503 6.205 -21.614 15.456
5 24 5.254 -18.885 7.189 5.234 -20.157 9.435 5.172 -18 9.239 5.49 -21.376 7.805
5 24 -0.594 -29.259 9.035 -2.743 -29.07 9.7 -0.462 -28.079 12.711 -0.663 -29.607 7.499
5 24 3.018 -29.419 5.062 3.227 -29.968 4.295 -0.579 -30.121 4.39 6.04 -29.012 4.856
5 24 -5.689 -11.507 21.824 -6.108 -14.619 20.541 -6.342 -13.722 23.004 -5.406 -10.735 20.538
5 24 -5.082 -26.914 14.156 -5.372 -27.553 13.525 -6.852 -26.527 13.9 -3.552 -27.564 13.902
5 24 5.539 -19.977 13.311 5.831 -21.916 14.77 6.133 -22.215 14.314 5.343 -18.907 13.302
5 24 0.126 -24.106 1.059 3.35 -23.916 1.148 0.151 -27.147 0.993 0.307 -21.116 0.85
5 24 -6.238 -29.14 4.801 -6.973 -27.199 3.878 -6.207 -26.939 4.539 -7.103 -29.668 4.111
5 24 6.725 -12.865 28.088 6.456 -11.573 31.045 5.96 -10.495 28.139 7.206 -13.734 30.184
5 24 -5.417 -28.666 10.547 -6.783 -27.992 9.829 -7.383 -28.237 10.611 -4.719 -28.799 10.252
5 24 0.483 -29.102 9.523 3.109 -28.815 9.014 3.155 -28.826 9.66 -0.594 -29.259 9.035
5 24 -6.312 -11.602 24.771 -6.053 -11.515 22.864 -6.452 -13.589 23.808 -6.04 -10.878 23.665
5 24 -6.801 -23.638 8.941 -6.357 -20.869 8.735 -6.777 -22.585 11.321 -6.137 -21.393 7.095
5 24 -6.829 -13.168 28.661 -6.519 -10.6 28.996 -6.627 -12.546 26.317 -6.538 -11.457 31.05
5 24 5.366 -25.548 4.075 5.509 -23.836 3.236 5.879 -25.685 3.533 5.144 -23.79 3.741
5 24 4.348 -22.969 21.314 4.364 -22.735 22.109 2.326 -23.044 21.978 6.513 -22.494 21.216
5 24 5.254 -18.885 7.189 5.49 -21.376 7.805 5.234 -20.157 9.435 5.228 -19.407 5.836
5 24 3.672 -27.152 1.119 3.35 -23.916 1.148 5.129 -23.743 1.507 0.151 -27.147 0.993
5 24 -0.046 -17.26 28.66 0.186 -17.613 28.023 3.982 -17.139 28.599 -2.038 -17.387 28.465
5 24 -6.874 -13.486 27.957 -7.068 -15.219 26.397 -6.627 -12.546 26.317 -6.972 -14.188 28.258
5 24 3.127 -29.74 5.857 6.04 -29.012 4.856 3.018 -29.419 5.062 6.856 -29.468 5.763
5 24 -6.519 -10.6 28.996 -6.627 -12.546 26.317 -6.006 -9.252 25.71 -6.829 -13.168 28.661
5 24 6.68 -23.392 16.383 6.205 -23.658 15.645 6.442 -25.359 16.571 6.205 -21.614 15.456
5 24 -6.165 -16.641 21.357 -6.536 -16.206 21.94 -6.267 -19.765 24.327 -6.108 -14.619 20.541
5 24 -6.342 -13.722 23.004 -5.689 -11.507 21.824 -6.053 -11.515 22.864 -6.108 -14.619 20.541
5 24 -6.377 -23.501 3.552 -6.207 -26.939 4.539 -6.973 -27.199 3.878 -6.181 -22.011 3.805
5 24 6.616 -20.273 20.546 6.571 -19.045 22.147 6.043 -17.466 20.552 6.904 -22.167 22.056
5 24 5.129 -23.743 1.507 3.672 -27.152 1.119 5.687 -26.98 1.453 3.35 -23.916 1.148
5 24 7.139 -28.835 8.301 6.642 -26.731 6.639 6.614 -26.442 8.083 7.169 -29.222 7.15
5 24 -3.969 -29.618 4.946 -0.579 -30.121 4.39 -3.991 -30.059 4.255 -0.606 -29.604 5.056
5 24 -6.973 -27.199 3.878 -6.005 -24.105 1.67 -6.377 -23.501 3.552 -6.536 -27.272 1.677
5 24 -0.462 -28.079 12.711 -0.594 -29.259 9.035 -2.743 -29.07 9.7 0.483 -29.102 9.523
5 24 -4.357 -29.501 7.642 -2.743 -29.07 9.7 -5.411 -28.892 9.748 -0.663 -29.607 7.499
5 24 3.171 -11.429 31.41 5.96 -10.495 28.139 6.456 -11.573 31.045 2.858 -10.24 28.567
5 24 4.277 -14.688 29.78 4.806 -14.099 30.52 6.689 -14.468 29.436 2.701 -14.277 30.527
5 24 7.251 -16.843 28.114 6.76 -14.318 27.298 6.818 -15.873 26.11 7.18 -15.375 29.308
5 24 5.49 -21.376 7.805 5.228 -19.407 5.836 5.254 -18.885 7.189 5.381 -21.601 6.151
5 24 -6.884 -26.877 5.18 -6.207 -26.939 4.539 -6.378 -23.497 4.584 -6.238 -29.14 4.801
5 24 4.027 -20.004 25.805 3.786 -20.08 24.792 0.629 -20.127 25.848 6.435 -19.858 24.587
5 24 5.144 -23.79 3.741 5.316 -22.216 4.077 5.169 -21.257 3.301 5.574 -23.591 4.424
5 24 0.023 -18.293 27.762 0.629 -20.127 25.848 -1.933 -18.018 27.878 4.229 -18.395 27.625
5 24 -6.296 -21.962 12.574 -6.506 -24.422 12.994 -6.74 -24.255 13.631 -6.139 -22.185 11.986
5 24 -6.948 -24.31 9.616 -6.777 -22.585 11.321 -7.114 -24.778 12.225 -6.801 -23.638 8.941
5 24 -6.538 -11.457 31.05 -6.829 -13.168 28.661 -6.519 -10.6 28.996 -6.663 -13.507 30.251
5 24 -4.441 -14.843 29.97 -7.305 -17.066 27.892 -2.853 -17.635 28.151 -6.852 -14.949 29.309
5 24 6.725 -12.865 28.088 5.96 -10.495 28.139 6.148 -12.048 26.038 6.456 -11.573 31.045
5 24 -6.972 -14.188 28.258 -7.169 -15.942 26.628 -6.852 -14.949 29.309 -7.068 -15.219 26.397
5 24 -4.441 -14.843 29.97 -2.038 -17.387 28.465 -2.853 -17.635 28.151 -3.692 -14.291 30.318
5 24 -6.545 -13.97 29.341 -4.441 -14.843 29.97 -3.692 -14.291 30.318 -6.852 -14.949 29.309
5 24 -6.239 -21.777 5.792 -5.732 -21.542 6.392 -6.576 -24.155 6.426 -5.968 -19.673 5.144
5 24 -6.656 -17.05 20.841 -6.718 -18.687 19.574 -6.321 -16.897 18.11 -6.875 -19.7 19.979
5 24 4.259 -28.084 12.315 3.155 -28.826 9.66 2.068 -28.176 12.254 6.972 -28.326 9.796
5 24 -5.765 -19.993 10.905 -5.899 -17.973 9.258 -6.365 -20.252 10.28 -5.498 -17.692 9.726
5 24 6.76 -14.318 27.298 6.818 -15.873 26.11 7.251 -16.843 28.114 6.176 -13.198 24.918
5 24 5.013 -21.576 10.725 5.18 -19.497 10.524 5.517 -21.188 11.179 5.023 -19.073 9.717
5 24 5.96 -10.495 28.139 6.148 -12.048 26.038 5.369 -9.226 25.406 6.725 -12.865 28.088
5 24 -7.282 -19.531 25.173 -7.1 -16.07 25.782 -6.536 -16.206 21.94 -7.169 -15.942 26.628
5 24 -7.282 -19.531 25.173 -7.169 -15.942 26.628 -7.305 -17.066 27.892 -7.1 -16.07 25.782
5 24 -3.407 -24.19 20.04 -3.752 -22.765 22.211 -1.878 -24.379 19.913 -7.017 -23.742 19.797
5 24 -0.663 -23.037 22.005 -0.844 -24.728 19.548 1.188 -23.623 21.341 -1.878 -24.379 19.913
5 24 -3.475 -24.917 18.889 -0.929 -26.643 16.114 -3.254 -27.081 14.951 -1.995 -24.85 19.172
5 24 -0.663 -23.037 22.005 -3.752 -22.765 22.211 -3.2 -21.131 24.238 -1.878 -24.379 19.913
5 24 -0.561 -29.874 5.879 3.205 -29.506 7.257 -0.663 -29.607 7.499 3.127 -29.74 5.857
5 24 -6.884 -26.877 5.18 -6.238 -29.14 4.801 -6.207 -26.939 4.539 -6.977 -29.455 5.414
5 24 -6.42 -20.296 13.757 -6.337 -19.295 15.446 -6.254 -18.869 13.722 -6.618 -20.574 15.64
5 24 -5.732 -21.542 6.392 -6.137 -21.393 7.095 -6.6 -23.915 7.576 -5.929 -19.123 6.561
5 24 -6.928 -23.299 15.201 -6.42 -20.296 13.757 -6.296 -21.962 12.574 -6.618 -20.574 15.64
5 24 3.018 -29.419 5.062 -0.579 -30.121 4.39 -0.606 -29.604 5.056 3.227 -29.968 4.295
5 24 5.598 -13.262 21.136 5.24 -12.567 18.291 5.499 -14.613 19.988 5.445 -11.35 19.845
5 24 -6.506 -24.422 12.994 -6.74 -24.255 13.631 -6.852 -26.527 13.9 -6.296 -21.962 12.574
5 24 -6.884 -26.877 5.18 -7.022 -26.638 7.223 -7.234 -29.309 7.248 -6.711 -25.037 7.091
5 24 -0.788 -14.524 30.324 2.701 -14.277 30.527 1.578 -14.951 30.138 0.039 -11.366 31.533
5 24 2.584 -9.146 25.943 2.858 -10.24 28.567 -0.033 -9.162 26.114 5.369 -9.226 25.406
5 24 6.06 -16.503 21.747 6.174 -18.554 22.806 6.682 -18.076 23.484 5.69 -17.117 21.217
5 24 6.099 -19.238 18.093 6.205 -21.614 15.456 6.758 -21.27 19.469 5.578 -19.497 14.211
5 24 2.127 -27.638 12.925 0.563 -27.874 13.25 1.941 -27.704 13.753 -0.462 -28.079 12.711
5 24 6.752 -17.339 27.544 4.229 -18.395 27.625 4.083 -17.614 27.926 7.291 -17.967 27.115
5 24 6.642 -26.731 6.639 6.856 -29.468 5.763 7.169 -29.222 7.15 6.436 -27.053 5.176
5 24 -0.788 -14.524 30.324 -3.692 -14.291 30.318 -2.038 -17.387 28.465 -2.824 -11.307 31.403
5 24 3.227 -29.968 4.295 0.348 -30.192 1.004 -0.579 -30.121 4.39 4.116 -29.979 1.188
5 24 5.49 -21.376 7.805 5.381 -21.601 6.151 5.228 -19.407 5.836 5.685 -22.527 7.651
5 24 0.004 -10.219 28.729 -2.824 -11.307 31.403 -2.855 -10.305 28.786 0.039 -11.366 31.533
5 24 -6.884 -24.815 8.649 -6.6 -23.915 7.576 -6.801 -23.638 8.941 -6.711 -25.037 7.091
5 24 6.205 -23.658 15.645 6.205 -21.614 15.456 6.68 -23.392 16.383 5.831 -21.916 14.77
5 24 2.068 -28.176 12.254 2.127 -27.638 12.925 4.259 -28.084 12.315 0.627 -28.185 12.332
5 24 -6.006 -9.252 25.71 -6.312 -11.602 24.771 -6.627 -12.546 26.317 -6.04 -10.878 23.665
5 24 5.18 -19.497 10.524 5.539 -19.977 13.311 5.343 -18.907 13.302 5.517 -21.188 11.179
5 24 5.69 -17.117 21.217 5.499 -14.613 19.988 6.06 -16.503 21.747 5.023 -15.234 19.407
5 24 6.642 -26.731 6.639 7.169 -29.222 7.15 7.139 -28.835 8.301 6.856 -29.468 5.763
5 24 5.297 -21.738 5.105 5.316 -22.216 4.077 5.519 -22.602 5.876 5.225 -19.912 4.496
5 24 5.519 -22.602 5.876 5.685 -22.527 7.651 6.111 -24.473 7.884 5.381 -21.601 6.151
5 24 6.205 -23.658 15.645 6.133 -22.215 14.314 6.573 -23.958 15.129 5.831 -21.916 14.77
5 24 3.672 -27.152 1.119 0.348 -30.192 1.004 4.116 -29.979 1.188 0.151 -27.147 0.993
5 24 6.571 -19.045 22.147 6.174 -18.554 22.806 5.69 -17.117 21.217 6.918 -20.546 24.168
5 24 5.504 -10.478 23.352 5.727 -12.669 25.492 6.148 -12.048 26.038 5.347 -10.126 21.841
5 24 5.182 -8.038 23.67 5.347 -10.126 21.841 5.504 -10.478 23.352 5.446 -9.89 21.632
5 24 -6.656 -17.05 20.841 -6.321 -16.897 18.11 -6.276 -15.494 19.855 -6.718 -18.687 19.574
5 24 -6.701 -26.152 9.426 -7.177 -25.993 10.096 -6.783 -27.992 9.829 -6.948 -24.31 9.616
5 24 -5.934 -15.699 13.507 -6.337 -19.295 15.446 -6.28 -17.893 16.844 -6.254 -18.869 13.722
5 24 6.071 -18.464 18.986 6.043 -17.466 20.552 5.484 -15.609 18.761 6.616 -20.273 20.546
5 24 -6.777 -22.585 11.321 -6.357 -20.869 8.735 -6.801 -23.638 8.941 -6.365 -20.252 10.28
5 24 -6.656 -17.05 20.841 -6.267 -19.765 24.327 -6.991 -20.88 23.799 -6.165 -16.641 21.357
5 24 -7.068 -15.219 26.397 -6.339 -14.869 24.772 -6.786 -14.356 25.303 -7.169 -15.942 26.628
5 24 5.172 -18 9.239 5.234 -20.157 9.435 5.023 -19.073 9.717 5.254 -18.885 7.189
5 24 -0.663 -23.037 22.005 0.515 -21.11 24.434 2.326 -23.044 21.978 -3.2 -21.131 24.238
5 24 -6.991 -20.88 23.799 -3.752 -22.765 22.211 -3.2 -21.131 24.238 -7.183 -22.396 22.114
5 24 3.892 -20.942 24.461 2.326 -23.044 21.978 0.515 -21.11 24.434 4.364 -22.735 22.109
5 24 0.126 -24.106 1.059 0.151 -27.147 0.993 3.35 -23.916 1.148 -3.146 -24.196 1.225
5 24 -6.711 -25.037 7.091 -6.884 -24.815 8.649 -6.6 -23.915 7.576 -7.026 -26.364 8.85
5 24 0.004 -10.219 28.729 2.858 -10.24 28.567 0.039 -11.366 31.533 -0.033 -9.162 26.114
5 24 -6.829 -13.168 28.661 -6.545 -13.97 29.341 -6.874 -13.486 27.957 -6.663 -13.507 30.251
5 24 -5.082 -26.914 14.156 -3.254 -27.081 14.951 -2.406 -27.367 14.463 -5.093 -26.907 14.913
5 24 5.381 -21.601 6.151 5.685 -22.527 7.651 5.49 -21.376 7.805 5.519 -22.602 5.876
5 24 4.175 -27.377 12.997 4.35 -27.487 13.939 6.389 -26.926 12.883 1.941 -27.704 13.753
5 24 0.126 -24.106 1.059 -3.146 -24.196 1.225 0.151 -27.147 0.993 -3 -21.093 1.013
5 24 -2.855 -10.305 28.786 -2.824 -11.307 31.403 -6.519 -10.6 28.996 0.004 -10.219 28.729
5 24 5.598 -13.262 21.136 5.795 -14.134 22.018 6.052 -14.451 23.423 5.499 -14.613 19.988
5 24 -7.114 -24.778 12.225 -6.506 -24.422 12.994 -6.852 -26.527 13.9 -6.777 -22.585 11.321
5 24 -3.752 -22.765 22.211 -7.183 -22.396 22.114 -7.017 -23.742 19.797 -6.991 -20.88 23.799
5 24 -7.234 -29.309 7.248 -5.411 -28.892 9.748 -4.357 -29.501 7.642 -7.188 -28.554 9.192
5 24 5.598 -13.262 21.136 6.052 -14.451 23.423 5.56 -11.471 22.48 5.795 -14.134 22.018
5 24 -5.945 -9.643 21.877 -6.04 -10.878 23.665 -6.053 -11.515 22.864 -5.624 -8.107 23.601
5 24 -6.801 -23.638 8.941 -6.6 -23.915 7.576 -6.884 -24.815 8.649 -6.137 -21.393 7.095
5 24 -6.797 -15.5 24.438 -6.536 -16.206 21.94 -7.1 -16.07 25.782 -6.505 -14.583 23.225
5 24 4.843 -20.844 1.319 5.169 -21.257 3.301 5.204 -20.489 3.092 5.303 -22.252 3.031
5 24 -3.991 -30.059 4.255 -6.238 -29.14 4.801 -3.969 -29.618 4.946 -7.103 -29.668 4.111
5 24 2.068 -28.176 12.254 3.155 -28.826 9.66 0.483 -29.102 9.523 4.259 -28.084 12.315
5 24 -6.365 -20.252 10.28 -6.021 -18.583 7.874 -6.357 -20.869 8.735 -5.899 -17.973 9.258
5 24 -6.207 -26.939 4.539 -6.973 -27.199 3.878 -6.377 -23.501 3.552 -6.238 -29.14 4.801
5 24 -5.915 -14.182 19.446 -6.321 -16.897 18.11 -5.811 -14.256 15.876 -6.276 -15.494 19.855
5 24 6.831 -17.058 25.192 6.445 -16.542 25.662 7.291 -17.967 27.115 5.973 -15.099 22.646
5 24 6.386 -28.172 9.021 3.155 -28.826 9.66 6.972 -28.326 9.796 3.109 -28.815 9.014
5 24 3.786 -20.08 24.792 3.892 -20.942 24.461 0.569 -20.216 24.834 6.435 -19.858 24.587
5 24 -6.579 -20.072 16.608 -6.668 -19.326 18.67 -6.854 -21.63 18 -6.28 -17.893 16.844
5 24 5.445 -11.35 19.845 5.347 -10.126 21.841 5.56 -11.471 22.48 5.446 -9.89 21.632
5 24 -6.378 -23.497 4.584 -6.576 -24.155 6.426 -6.711 -25.037 7.091 -6.239 -21.777 5.792
5 24 -2.475 -7.925 23.916 -2.693 -9.214 26.051 -5.624 -8.107 23.601 -0.033 -9.162 26.114
5 24 4.229 -18.395 27.625 0.629 -20.127 25.848 0.023 -18.293 27.762 4.027 -20.004 25.805
5 24 6.04 -29.012 4.856 6.436 -27.053 5.176 5.675 -27.178 4.457 6.856 -29.468 5.763
5 24 6.052 -14.451 23.423 6.445 -16.542 25.662 5.795 -14.134 22.018 6.818 -15.873 26.11
5 24 1.941 -27.704 13.753 4.175 -27.377 12.997 4.35 -27.487 13.939 2.127 -27.638 12.925
5 24 -7.017 -23.742 19.797 -6.875 -19.7 19.979 -7.183 -22.396 22.114 -6.854 -21.63 18
5 24 -6.928 -23.299 15.201 -6.74 -24.255 13.631 -6.296 -21.962 12.574 -7.025 -26.473 14.634
5 24 6.725 -12.865 28.088 6.288 -13.663 27.658 6.689 -14.468 29.436 6.148 -12.048 26.038
5 24 -1.933 -18.018 27.878 0.186 -17.613 28.023 0.023 -18.293 27.762 -2.853 -17.635 28.151
5 24 5.343 -18.907 13.302 5.192 -16.628 12.087 5.277 -15.846 13.505 5.18 -19.497 10.524
5 24 -6.339 -14.869 24.772 -6.797 -15.5 24.438 -6.505 -14.583 23.225 -7.1 -16.07 25.782
5 24 6.149 -23.888 10.83 6.055 -25.393 12.217 5.626 -23.813 11.557 6.672 -25.957 11.602
5 24 -5.765 -19.993 10.905 -6.296 -21.962 12.574 -6.139 -22.185 11.986 -5.94 -19.605 11.452
5 24 5.18 -19.497 10.524 5.343 -18.907 13.302 5.192 -16.628 12.087 5.539 -19.977 13.311
5 24 5.225 -19.912 4.496 5.169 -21.257 3.301 5.316 -22.216 4.077 5.204 -20.489 3.092
5 24 4.083 -17.614 27.926 3.982 -17.139 28.599 0.186 -17.613 28.023 6.752 -17.339 27.544
5 24 6.818 -15.873 26.11 6.752 -17.339 27.544 6.445 -16.542 25.662 7.251 -16.843 28.114
5 24 5.366 -25.548 4.075 5.879 -25.685 3.533 5.675 -27.178 4.457 5.509 -23.836 3.236
5 24 6.386 -28.172 9.021 6.614 -26.442 8.083 6.041 -26.271 8.79 7.139 -28.835 8.301
5 24 5.574 -23.591 4.424 6.13 -24.926 6.216 5.519 -22.602 5.876 5.947 -25.409 4.75
5 24 -6.337 -19.295 15.446 -6.254 -18.869 13.722 -5.934 -15.699 13.507 -6.42 -20.296 13.757
5 24 2.701 -14.277 30.527 4.277 -14.688 29.78 1.578 -14.951 30.138 4.806 -14.099 30.52
5 24 -0.462 -28.079 12.711 -2.406 -27.367 14.463 -2.547 -28.197 12.308 0.563 -27.874 13.25
5 24 -2.547 -28.197 12.308 -4.719 -28.799 10.252 -5.417 -28.666 10.547 -2.743 -29.07 9.7
5 24 6.758 -21.27 19.469 6.069 -20.7 19.914 6.513 -22.494 21.216 6.099 -19.238 18.093
5 24 6.148 -24.347 9.04 6.149 -23.888 10.83 5.573 -21.82 10.123 6.571 -26.264 9.414
5 24 -5.732 -21.542 6.392 -6.576 -24.155 6.426 -6.239 -21.777 5.792 -6.711 -25.037 7.091
5 24 -6.668 -19.326 18.67 -6.854 -21.63 18 -6.875 -19.7 19.979 -6.579 -20.072 16.608
5 24 6.386 -28.172 9.021 6.571 -26.264 9.414 6.041 -26.271 8.79 6.972 -28.326 9.796
5 24 5.499 -14.613 19.988 4.795 -12.995 17.697 5.24 -12.567 18.291 5.023 -15.234 19.407
5 24 -3.146 -24.196 1.225 -3 -21.093 1.013 0.126 -24.106 1.059 -5.735 -20.895 1.521
5 24 4.403 -25.844 17.382 6.442 -25.359 16.571 4.353 -25.929 16.693 7.004 -25.323 17.503
5 24 -0.579 -30.121 4.39 0.348 -30.192 1.004 3.227 -29.968 4.295 -3.772 -30.07 1.125
5 24 5.626 -23.813 11.557 5.573 -21.82 10.123 6.149 -23.888 10.83 5.013 -21.576 10.725
5 24 3.109 -28.815 9.014 3.155 -28.826 9.66 6.386 -28.172 9.021 0.483 -29.102 9.523
5 24 5.18 -19.497 10.524 5.192 -16.628 12.087 5.152 -17.609 10.119 5.343 -18.907 13.302
5 24 -5.624 -8.107 23.601 -2.693 -9.214 26.051 -6.006 -9.252 25.71 -2.475 -7.925 23.916
5 24 5.225 -19.912 4.496 5.316 -22.216 4.077 5.297 -21.738 5.105 5.169 -21.257 3.301
5 24 -6.627 -12.546 26.317 -6.829 -13.168 28.661 -6.519 -10.6 28.996 -6.874 -13.486 27.957
5 24 6.13 -24.926 6.216 6.614 -26.442 8.083 6.111 -24.473 7.884 6.642 -26.731 6.639
5 24 4.259 -28.084 12.315 2.127 -27.638 12.925 4.175 -27.377 12.997 2.068 -28.176 12.254
5 24 -6.786 -14.356 25.303 -6.339 -14.869 24.772 -6.452 -13.589 23.808 -7.068 -15.219 26.397
5 24 -0.788 -14.524 30.324 -2.824 -11.307 31.403 -3.692 -14.291 30.318 0.039 -11.366 31.533
5 24 -4.474 -13.786 30.521 -2.824 -11.307 31.403 -3.692 -14.291 30.318 -6.538 -11.457 31.05
5 24 -4.357 -29.501 7.642 -4.006 -29.831 5.72 -6.977 -29.455 5.414 -0.663 -29.607 7.499
5 24 -5.732 -21.542 6.392 -6.6 -23.915 7.576 -6.711 -25.037 7.091 -6.137 -21.393 7.095
5 24 -5.887 -17.324 17.492 -6.668 -19.326 18.67 -6.28 -17.893 16.844 -6.875 -19.7 19.979
5 24 -6.884 -26.877 5.18 -6.711 -25.037 7.091 -7.022 -26.638 7.223 -6.378 -23.497 4.584
5 24 2.317 -26.61 16.313 1.941 -27.704 13.753 1.209 -26.404 16.65 4.35 -27.487 13.939
5 24 4.795 -12.995 17.697 5.484 -15.609 18.761 5.023 -15.234 19.407 5.218 -13.467 17.104
5 24 -6.966 -29.748 1.518 -3.991 -30.059 4.255 -3.772 -30.07 1.125 -7.103 -29.668 4.111
5 24 4.277 -14.688 29.78 3.03 -15.526 29.833 1.578 -14.951 30.138 4.929 -15.483 29.679
5 24 -7.177 -25.993 10.096 -7.114 -24.778 12.225 -7.582 -27.114 13.105 -6.948 -24.31 9.616
5 24 6.672 -25.957 11.602 6.972 -28.326 9.796 6.571 -26.264 9.414 6.858 -27.832 12.323
5 24 6.043 -17.466 20.552 5.69 -17.117 21.217 5.023 -15.234 19.407 6.571 -19.045 22.147
5 24 6.445 -16.542 25.662 5.973 -15.099 22.646 6.831 -17.058 25.192 5.795 -14.134 22.018
5 24 -0.663 -29.607 7.499 0.755 -29.365 8.547 3.205 -29.506 7.257 -0.594 -29.259 9.035
5 24 -6.452 -13.589 23.808 -6.627 -12.546 26.317 -6.312 -11.602 24.771 -6.786 -14.356 25.303
5 24 6.442 -25.359 16.571 6.573 -23.958 15.129 6.205 -23.658 15.645 6.922 -26.235 16.093
5 24 -6.973 -27.199 3.878 -6.536 -27.272 1.677 -6.005 -24.105 1.67 -7.103 -29.668 4.111
5 24 6.922 -26.235 16.093 6.684 -25.147 12.996 6.573 -23.958 15.129 7.045 -27.069 14.009
5 24 5.687 -26.98 1.453 6.321 -27.448 3.812 5.879 -25.685 3.533 6.103 -29.76 1.365
5 24 6.616 -20.273 20.546 6.069 -20.7 19.914 6.513 -22.494 21.216 6.071 -18.464 18.986
5 24 6.06 -16.503 21.747 5.973 -15.099 22.646 6.682 -18.076 23.484 5.499 -14.613 19.988
5 24 5.169 -21.257 3.301 5.204 -20.489 3.092 5.225 -19.912 4.496 4.843 -20.844 1.319
5 24 5.687 -26.98 1.453 5.879 -25.685 3.533 5.129 -23.743 1.507 6.321 -27.448 3.812
5 24 2.477 -7.924 23.931 5.369 -9.226 25.406 2.584 -9.146 25.943 5.182 -8.038 23.67
5 24 6.904 -22.167 22.056 6.571 -19.045 22.147 6.616 -20.273 20.546 6.918 -20.546 24.168
5 24 7.203 -19.586 25.562 4.229 -18.395 27.625 4.027 -20.004 25.805 7.291 -17.967 27.115
5 24 -3.552 -27.564 13.902 -5.082 -26.914 14.156 -5.372 -27.553 13.525 -2.406 -27.367 14.463
5 24 -3.254 -27.081 14.951 -0.929 -26.643 16.114 -3.475 -24.917 18.889 -2.406 -27.367 14.463
5 24 -6.339 -22.066 17.369 -6.618 -20.574 15.64 -6.885 -22.49 16.679 -6.337 -19.295 15.446
5 24 -5.968 -19.673 5.144 -5.732 -21.542 6.392 -6.239 -21.777 5.792 -5.545 -19.348 5.823
5 24 5.831 -21.916 14.77 6.133 -22.215 14.314 6.205 -23.658 15.645 5.539 -19.977 13.311
5 24 4.353 -25.929 16.693 2.317 -26.61 16.313 4.354 -26.528 16.246 1.209 -26.404 16.65
5 24 -1.878 -24.379 19.913 -0.663 -23.037 22.005 -3.752 -22.765 22.211 -0.844 -24.728 19.548
5 24 -3.692 -14.291 30.318 -2.824 -11.307 31.403 -0.788 -14.524 30.324 -4.474 -13.786 30.521
5 24 1.578 -14.951 30.138 -0.046 -17.26 28.66 -0.788 -14.524 30.324 3.982 -17.139 28.599
5 24 6.76 -14.318 27.298 6.288 -13.663 27.658 6.689 -14.468 29.436 5.727 -12.669 25.492
5 24 5.685 -22.527 7.651 5.688 -24.319 8.442 6.111 -24.473 7.884 5.49 -21.376 7.805
5 24 6.571 -26.264 9.414 6.041 -26.271 8.79 6.386 -28.172 9.021 6.148 -24.347 9.04
5 24 -6.238 -29.14 4.801 -4.006 -29.831 5.72 -3.969 -29.618 4.946 -6.977 -29.455 5.414
5 24 -6.28 -17.893 16.844 -5.934 -15.699 13.507 -6.337 -19.295 15.446 -5.779 -15.198 14.395
5 24 6.672 -25.957 11.602 6.389 -26.926 12.883 6.055 -25.393 12.217 6.858 -27.832 12.323
5 24 7.203 -19.586 25.562 6.831 -17.058 25.192 6.682 -18.076 23.484 7.291 -17.967 27.115
5 24 4.353 -25.929 16.693 4.403 -25.844 17.382 6.442 -25.359 16.571 2.335 -26.093 17.157
5 24 -4.006 -29.831 5.72 -0.606 -29.604 5.056 -3.969 -29.618 4.946 -0.561 -29.874 5.879
5 24 1.188 -23.623 21.341 2.335 -26.093 17.157 1.209 -26.404 16.65 2.496 -23.83 21.04
5 24 -3.11 -20.093 24.633 -3.2 -21.131 24.238 -6.267 -19.765 24.327 0.515 -21.11 24.434
5 24 6.614 -26.442 8.083 6.041 -26.271 8.79 6.386 -28.172 9.021 6.111 -24.473 7.884
5 24 0.186 -17.613 28.023 3.982 -17.139 28.599 4.083 -17.614 27.926 -0.046 -17.26 28.66
5 24 -3.969 -29.618 4.946 -3.991 -30.059 4.255 -6.238 -29.14 4.801 -0.579 -30.121 4.39
5 24 -0.561 -29.874 5.879 3.018 -29.419 5.062 -0.606 -29.604 5.056 3.127 -29.74 5.857
5 24 5.484 -15.609 18.761 5.791 -17.892 17.932 5.541 -16.663 17.005 6.071 -18.464 18.986
5 24 7.291 -17.967 27.115 6.445 -16.542 25.662 6.831 -17.058 25.192 6.752 -17.339 27.544
5 24 5.446 -9.89 21.632 5.347 -10.126 21.841 5.182 -8.038 23.67 5.445 -11.35 19.845
5 24 -2.853 -17.635 28.151 -3.206 -20.02 25.665 -7.282 -19.531 25.173 -1.933 -18.018 27.878
5 24 5.49 -21.376 7.805 5.573 -21.82 10.123 5.234 -20.157 9.435 5.697 -22.292 8.452
5 24 -2.693 -9.214 26.051 -6.006 -9.252 25.71 -2.855 -10.305 28.786 -5.624 -8.107 23.601
5 24 -6.357 -20.869 8.735 -6.137 -21.393 7.095 -6.801 -23.638 8.941 -5.929 -19.123 6.561
5 24 4.806 -14.099 30.52 6.689 -14.468 29.436 4.277 -14.688 29.78 7.206 -13.734 30.184
5 24 4.229 -18.395 27.625 4.027 -20.004 25.805 0.629 -20.127 25.848 7.203 -19.586 25.562
5 24 -5.093 -26.907 14.913 -7.172 -24.895 18.09 -3.475 -24.917 18.889 -7.025 -26.473 14.634
5 24 1.209 -26.404 16.65 -0.844 -24.728 19.548 1.188 -23.623 21.341 -0.929 -26.643 16.114
5 24 -0.033 -9.162 26.114 0.004 -10.219 28.729 -2.693 -9.214 26.051 2.858 -10.24 28.567
5 24 -5.897 -10.396 20.852 -5.689 -11.507 21.824 -5.406 -10.735 20.538 -6.053 -11.515 22.864
5 24 6.133 -22.215 14.314 5.517 -21.188 11.179 5.539 -19.977 13.311 6.188 -23.53 12.121
5 24 0.348 -30.192 1.004 0.151 -27.147 0.993 3.672 -27.152 1.119 -3.448 -27.359 1.111
5 24 -6.74 -24.255 13.631 -6.852 -26.527 13.9 -6.506 -24.422 12.994 -7.025 -26.473 14.634
5 24 6.76 -14.318 27.298 6.689 -14.468 29.436 6.288 -13.663 27.658 7.18 -15.375 29.308
5 24 5.517 -21.188 11.179 5.539 -19.977 13.311 5.18 -19.497 10.524 6.133 -22.215 14.314
5 24 5.574 -23.591 4.424 5.366 -25.548 4.075 5.947 -25.409 4.75 5.144 -23.79 3.741
5 24 -0.033 -9.162 26.114 0 -7.931 24.033 2.584 -9.146 25.943 -2.475 -7.925 23.916
5 24 -6.656 -17.05 20.841 -6.165 -16.641 21.357 -6.276 -15.494 19.855 -6.267 -19.765 24.327
5 24 4.354 -26.528 16.246 4.353 -25.929 16.693 6.442 -25.359 16.571 2.317 -26.61 16.313
5 24 2.326 -23.044 21.978 -0.663 -23.037 22.005 1.188 -23.623 21.341 0.515 -21.11 24.434
5 24 3.171 -11.429 31.41 2.858 -10.24 28.567 0.039 -11.366 31.533 5.96 -10.495 28.139
5 24 -3.206 -20.02 25.665 -3.11 -20.093 24.633 -6.267 -19.765 24.327 0.569 -20.216 24.834
5 24 5.517 -21.188 11.179 5.013 -21.576 10.725 5.626 -23.813 11.557 5.18 -19.497 10.524
5 24 0.483 -29.102 9.523 0.627 -28.185 12.332 -0.462 -28.079 12.711 2.068 -28.176 12.254
5 24 4.083 -17.614 27.926 4.229 -18.395 27.625 0.023 -18.293 27.762 6.752 -17.339 27.544
5 24 4.175 -27.377 12.997 4.259 -28.084 12.315 2.127 -27.638 12.925 6.389 -26.926 12.883
5 24 6.055 -25.393 12.217 6.188 -23.53 12.121 6.684 -25.147 12.996 5.626 -23.813 11.557
5 24 -2.406 -27.367 14.463 0.563 -27.874 13.25 -0.929 -26.643 16.114 -0.462 -28.079 12.711
5 24 -6.991 -20.88 23.799 -6.875 -19.7 19.979 -7.183 -22.396 22.114 -6.656 -17.05 20.841
5 24 -6.108 -14.619 20.541 -5.406 -10.735 20.538 -5.428 -11.514 19.494 -5.689 -11.507 21.824
5 24 6.389 -26.926 12.883 6.684 -25.147 12.996 6.055 -25.393 12.217 7.045 -27.069 14.009
5 24 4.116 -29.979 1.188 6.634 -29.661 4.083 3.227 -29.968 4.295 6.103 -29.76 1.365
5 24 0.039 -11.366 31.533 2.701 -14.277 30.527 -0.788 -14.524 30.324 3.171 -11.429 31.41
5 24 3.982 -17.139 28.599 4.929 -15.483 29.679 3.03 -15.526 29.833 7.251 -16.843 28.114
5 24 5.369 -9.226 25.406 2.584 -9.146 25.943 2.858 -10.24 28.567 2.477 -7.924 23.931
5 24 -6.148 -19.394 12.806 -5.568 -16.447 12.151 -6.42 -20.296 13.757 -5.758 -16.78 11.657
5 24 6.918 -20.546 24.168 4.364 -22.735 22.109 3.892 -20.942 24.461 6.904 -22.167 22.056
5 24 3.323 -29.236 8.471 7.169 -29.222 7.15 3.205 -29.506 7.257 7.139 -28.835 8.301
5 24 -6.783 -27.992 9.829 -5.411 -28.892 9.748 -7.188 -28.554 9.192 -4.719 -28.799 10.252
5 24 5.509 -23.836 3.236 5.129 -23.743 1.507 5.303 -22.252 3.031 5.879 -25.685 3.533
5 24 0.515 -21.11 24.434 0.569 -20.216 24.834 -3.11 -20.093 24.633 3.892 -20.942 24.461
5 24 5.578 -19.497 14.211 5.831 -21.916 14.77 6.205 -21.614 15.456 5.343 -18.907 13.302
5 24 4.843 -20.844 1.319 5.303 -22.252 3.031 5.129 -23.743 1.507 5.169 -21.257 3.301
5 24 -6.928 -23.299 15.201 -7.172 -24.895 18.09 -7.025 -26.473 14.634 -6.885 -22.49 16.679
5 24 -6.181 -22.011 3.805 -5.735 -20.895 1.521 -6.035 -20.223 3.504 -6.005 -24.105 1.67
5 24 3.323 -29.236 8.471 3.205 -29.506 7.257 0.755 -29.365 8.547 7.169 -29.222 7.15
5 24 -5.929 -19.123 6.561 -6.357 -20.869 8.735 -6.137 -21.393 7.095 -6.021 -18.583 7.874
5 24 0.151 -27.147 0.993 3.672 -27.152 1.119 0.348 -30.192 1.004 3.35 -23.916 1.148
5 24 4.792 -19.691 5.134 5.381 -21.601 6.151 5.228 -19.407 5.836 5.519 -22.602 5.876
5 24 -6.711 -25.037 7.091 -6.378 -23.497 4.584 -6.884 -26.877 5.18 -6.576 -24.155 6.426
5 24 -3.448 -27.359 1.111 -6.005 -24.105 1.67 -6.536 -27.272 1.677 -3.146 -24.196 1.225
5 24 5.152 -17.609 10.119 5.18 -19.497 10.524 5.192 -16.628 12.087 5.023 -19.073 9.717
5 24 5.499 -14.613 19.988 5.973 -15.099 22.646 5.795 -14.134 22.018 6.06 -16.503 21.747
5 24 -6.254 -18.869 13.722 -5.568 -16.447 12.151 -5.922 -16.173 12.709 -6.42 -20.296 13.757
5 24 4.116 -29.979 1.188 3.672 -27.152 1.119 5.687 -26.98 1.453 0.348 -30.192 1.004
5 24 6.758 -21.27 19.469 6.205 -21.614 15.456 6.68 -23.392 16.383 6.099 -19.238 18.093
5 24 -4.357 -29.501 7.642 -7.234 -29.309 7.248 -5.411 -28.892 9.748 -6.977 -29.455 5.414
5 24 5.598 -13.262 21.136 5.56 -11.471 22.48 6.052 -14.451 23.423 5.445 -11.35 19.845
5 24 -6.321 -16.897 18.11 -5.887 -17.324 17.492 -6.718 -18.687 19.574 -5.811 -14.256 15.876
5 24 -3.146 -24.196 1.225 0.151 -27.147 0.993 -3.448 -27.359 1.111 0.126 -24.106 1.059
5 24 1.578 -14.951 30.138 3.982 -17.139 28.599 -0.046 -17.26 28.66 3.03 -15.526 29.833
5 24 3.127 -29.74 5.857 3.205 -29.506 7.257 6.856 -29.468 5.763 -0.561 -29.874 5.879
5 24 -7.026 -26.364 8.85 -6.711 -25.037 7.091 -6.884 -24.815 8.649 -7.022 -26.638 7.223
5 24 5.023 -15.234 19.407 5.484 -15.609 18.761 6.043 -17.466 20.552 4.795 -12.995 17.697
5 24 -0.579 -30.121 4.39 -0.606 -29.604 5.056 -3.969 -29.618 4.946 3.018 -29.419 5.062
5 24 6.436 -27.053 5.176 5.675 -27.178 4.457 6.04 -29.012 4.856 5.947 -25.409 4.75
5 24 6.205 -21.614 15.456 5.831 -21.916 14.77 6.205 -23.658 15.645 5.578 -19.497 14.211
5 24 -5.887 -17.324 17.492 -6.718 -18.687 19.574 -6.875 -19.7 19.979 -6.321 -16.897 18.11
5 24 0.004 -10.219 28.729 0.039 -11.366 31.533 -2.824 -11.307 31.403 2.858 -10.24 28.567
5 24 -7.305 -17.066 27.892 -7.169 -15.942 26.628 -6.852 -14.949 29.309 -7.282 -19.531 25.173
5 24 -2.743 -29.07 9.7 -4.719 -28.799 10.252 -5.411 -28.892 9.748 -2.547 -28.197 12.308
5 24 4.403 -25.844 17.382 4.666 -23.736 21.003 2.496 -23.83 21.04 7.004 -25.323 17.503
5 24 -0.606 -29.604 5.056 -0.561 -29.874 5.879 3.018 -29.419 5.062 -4.006 -29.831 5.72
5 24 0.307 -21.116 0.85 0.126 -24.106 1.059 -3 -21.093 1.013 3.35 -23.916 1.148
5 24 -6.536 -27.272 1.677 -3.448 -27.359 1.111 -3.772 -30.07 1.125 -6.005 -24.105 1.67
5 24 -6.786 -14.356 25.303 -6.627 -12.546 26.317 -7.068 -15.219 26.397 -6.452 -13.589 23.808
5 24 5.626 -23.813 11.557 6.149 -23.888 10.83 6.055 -25.393 12.217 5.573 -21.82 10.123
5 24 3.222 -21.061 0.915 3.35 -23.916 1.148 0.307 -21.116 0.85 5.129 -23.743 1.507
5 24 -7.026 -26.364 8.85 -7.022 -26.638 7.223 -6.711 -25.037 7.091 -7.188 -28.554 9.192
5 24 6.642 -26.731 6.639 6.436 -27.053 5.176 6.856 -29.468 5.763 6.13 -24.926 6.216
5 24 5.519 -22.602 5.876 5.574 -23.591 4.424 6.13 -24.926 6.216 5.316 -22.216 4.077
5 24 -6.267 -19.765 24.327 -3.206 -20.02 25.665 -3.11 -20.093 24.633 -7.282 -19.531 25.173
5 24 -6.053 -11.515 22.864 -6.452 -13.589 23.808 -6.342 -13.722 23.004 -6.312 -11.602 24.771
5 24 5.499 -14.613 19.988 5.023 -15.234 19.407 5.69 -17.117 21.217 4.795 -12.995 17.697
5 24 -3.752 -22.765 22.211 -1.878 -24.379 19.913 -0.663 -23.037 22.005 -3.407 -24.19 20.04
5 24 -3.475 -24.917 18.889 -6.401 -23.9 18.838 -3.489 -24.326 19.317 -7.172 -24.895 18.09
5 24 -3.475 -24.917 18.889 -5.093 -26.907 14.913 -3.254 -27.081 14.951 -7.172 -24.895 18.09
5 24 -2.743 -29.07 9.7 -2.547 -28.197 12.308 -0.462 -28.079 12.711 -4.719 -28.799 10.252
5 24 -6.378 -23.497 4.584 -6.239 -21.777 5.792 -6.181 -22.011 3.805 -6.576 -24.155 6.426
5 24 -6.321 -16.897 18.11 -6.276 -15.494 19.855 -6.656 -17.05 20.841 -5.915 -14.182 19.446
5 24 6.682 -18.076 23.484 6.831 -17.058 25.192 5.973 -15.099 22.646 7.203 -19.586 25.562
5 24 1.188 -23.623 21.341 -0.844 -24.728 19.548 -0.663 -23.037 22.005 1.209 -26.404 16.65
5 24 6.972 -28.326 9.796 4.259 -28.084 12.315 6.858 -27.832 12.323 3.155 -28.826 9.66
5 24 -2.547 -28.197 12.308 -5.372 -27.553 13.525 -5.417 -28.666 10.547 -3.552 -27.564 13.902
5 24 6.188 -23.53 12.121 6.133 -22.215 14.314 5.517 -21.188 11.179 6.573 -23.958 15.129
5 24 -3.692 -14.291 30.318 -2.038 -17.387 28.465 -4.441 -14.843 29.97 -0.788 -14.524 30.324
5 24 4.806 -14.099 30.52 3.171 -11.429 31.41 2.701 -14.277 30.527 6.456 -11.573 31.045
5 24 -6.885 -22.49 16.679 -6.339 -22.066 17.369 -6.401 -23.9 18.838 -6.618 -20.574 15.64
5 24 -6.401 -23.9 18.838 -6.885 -22.49 16.679 -6.339 -22.066 17.369 -7.172 -24.895 18.09
5 24 -3.11 -20.093 24.633 0.515 -21.11 24.434 -3.2 -21.131 24.238 0.569 -20.216 24.834
5 24 5.727 -12.669 25.492 6.176 -13.198 24.918 6.76 -14.318 27.298 5.56 -11.471 22.48
5 24 5.598 -13.262 21.136 5.445 -11.35 19.845 5.24 -12.567 18.291 5.56 -11.471 22.48
5 24 -3.772 -30.07 1.125 -0.579 -30.121 4.39 -3.991 -30.059 4.255 0.348 -30.192 1.004
5 24 6.513 -22.494 21.216 6.616 -20.273 20.546 6.069 -20.7 19.914 6.904 -22.167 22.056
5 24 -7.017 -23.742 19.797 -3.752 -22.765 22.211 -3.407 -24.19 20.04 -7.183 -22.396 22.114
5 24 -4.357 -29.501 7.642 -5.411 -28.892 9.748 -2.743 -29.07 9.7 -7.234 -29.309 7.248
5 24 -6.207 -26.939 4.539 -6.378 -23.497 4.584 -6.884 -26.877 5.18 -6.181 -22.011 3.805
5 24 5.727 -12.669 25.492 5.56 -11.471 22.48 6.176 -13.198 24.918 5.347 -10.126 21.841
5 24 5.675 -27.178 4.457 5.947 -25.409 4.75 6.436 -27.053 5.176 5.366 -25.548 4.075
5 24 -6.005 -24.105 1.67 -3.146 -24.196 1.225 -5.735 -20.895 1.521 -3.448 -27.359 1.111
5 24 6.321 -27.448 3.812 6.103 -29.76 1.365 5.687 -26.98 1.453 6.634 -29.661 4.083
5 24 6.043 -17.466 20.552 6.616 -20.273 20.546 6.071 -18.464 18.986 6.571 -19.045 22.147
5 24 6.06 -16.503 21.747 5.69 -17.117 21.217 6.174 -18.554 22.806 5.499 -14.613 19.988
5 24 3.672 -27.152 1.119 5.687 -26.98 1.453 4.116 -29.979 1.188 5.129 -23.743 1.507
5 24 2.496 -23.83 21.04 4.348 -22.969 21.314 4.666 -23.736 21.003 1.188 -23.623 21.341
5 24 -7.022 -26.638 7.223 -7.234 -29.309 7.248 -7.188 -28.554 9.192 -6.884 -26.877 5.18
5 24 -6.656 -17.05 20.841 -6.875 -19.7 19.979 -6.718 -18.687 19.574 -6.991 -20.88 23.799
5 24 -5.583 -12.538 18.179 -5.915 -14.182 19.446 -5.428 -11.514 19.494 -5.811 -14.256 15.876
5 24 3.982 -17.139 28.599 6.752 -17.339 27.544 4.083 -17.614 27.926 7.251 -16.843 28.114
5 24 -6.108 -14.619 20.541 -6.342 -13.722 23.004 -5.689 -11.507 21.824 -6.536 -16.206 21.94
5 24 -2.855 -10.305 28.786 0.004 -10.219 28.729 -2.693 -9.214 26.051 -2.824 -11.307 31.403
5 24 3.127 -29.74 5.857 3.018 -29.419 5.062 -0.561 -29.874 5.879 6.04 -29.012 4.856
5 24 6.435 -19.858 24.587 3.892 -20.942 24.461 3.786 -20.08 24.792 6.918 -20.546 24.168
5 24 7.169 -29.222 7.15 3.205 -29.506 7.257 3.323 -29.236 8.471 6.856 -29.468 5.763
5 24 -6.536 -16.206 21.94 -7.1 -16.07 25.782 -7.282 -19.531 25.173 -6.797 -15.5 24.438
5 24 -5.887 -17.324 17.492 -5.811 -14.256 15.876 -6.321 -16.897 18.11 -5.309 -14.712 15.078
5 24 -3.407 -24.19 20.04 -3.489 -24.326 19.317 -6.401 -23.9 18.838 -1.878 -24.379 19.913
5 24 -6.053 -11.515 22.864 -5.945 -9.643 21.877 -5.897 -10.396 20.852 -6.04 -10.878 23.665
5 24 6.188 -23.53 12.121 5.626 -23.813 11.557 5.517 -21.188 11.179 6.055 -25.393 12.217
5 24 -3.448 -27.359 1.111 -3.772 -30.07 1.125 0.348 -30.192 1.004 -6.536 -27.272 1.677
5 24 -6.536 -16.206 21.94 -6.505 -14.583 23.225 -6.797 -15.5 24.438 -6.342 -13.722 23.004
5 24 4.116 -29.979 1.188 5.687 -26.98 1.453 3.672 -27.152 1.119 6.103 -29.76 1.365
5 24 -3.772 -30.07 1.125 -6.536 -27.272 1.677 -6.966 -29.748 1.518 -3.448 -27.359 1.111
5 24 -7.177 -25.993 10.096 -7.582 -27.114 13.105 -7.383 -28.237 10.611 -7.114 -24.778 12.225
5 24 0.629 -20.127 25.848 3.786 -20.08 24.792 0.569 -20.216 24.834 4.027 -20.004 25.805
5 24 -2.855 -10.305 28.786 -6.519 -10.6 28.996 -2.824 -11.307 31.403 -6.006 -9.252 25.71
5 24 5.129 -23.743 1.507 3.222 -21.061 0.915 3.35 -23.916 1.148 4.843 -20.844 1.319
5 24 6.041 -26.271 8.79 6.148 -24.347 9.04 6.571 -26.264 9.414 5.688 -24.319 8.442
5 24 3.227 -29.968 4.295 4.116 -29.979 1.188 0.348 -30.192 1.004 6.634 -29.661 4.083
5 24 6.918 -20.546 24.168 6.174 -18.554 22.806 6.571 -19.045 22.147 6.435 -19.858 24.587
5 24 5.504 -10.478 23.352 5.369 -9.226 25.406 5.182 -8.038 23.67 6.148 -12.048 26.038
5 24 6.043 -17.466 20.552 5.023 -15.234 19.407 5.69 -17.117 21.217 5.484 -15.609 18.761
5 24 -6.339 -14.869 24.772 -6.452 -13.589 23.808 -6.786 -14.356 25.303 -6.342 -13.722 23.004
5 24 -2.743 -29.07 9.7 -0.462 -28.079 12.711 -0.594 -29.259 9.035 -2.547 -28.197 12.308
5 24 -1.995 -24.85 19.172 -0.929 -26.643 16.114 -3.475 -24.917 18.889 -0.844 -24.728 19.548
5 24 -6.401 -23.9 18.838 -3.407 -24.19 20.04 -3.489 -24.326 19.317 -7.017 -23.742 19.797
5 24 6.642 -26.731 6.639 6.13 -24.926 6.216 6.614 -26.442 8.083 6.436 -27.053 5.176
5 24 4.929 -15.483 29.679 4.277 -14.688 29.78 3.03 -15.526 29.833 6.689 -14.468 29.436
5 24 5.541 -16.663 17.005 5.289 -14.62 15.428 5.277 -15.846 13.505 5.218 -13.467 17.104
5 24 5.573 -21.82 10.123 6.148 -24.347 9.04 5.697 -22.292 8.452 6.149 -23.888 10.83
5 24 -4.357 -29.501 7.642 -0.663 -29.607 7.499 -4.006 -29.831 5.72 -2.743 -29.07 9.7
5 24 6.758 -21.27 19.469 7.004 -25.323 17.503 7.422 -23.32 20.868 6.68 -23.392 16.383
5 24 6.573 -23.958 15.129 6.205 -23.658 15.645 6.442 -25.359 16.571 6.133 -22.215 14.314
5 24 5.129 -23.743 1.507 5.303 -22.252 3.031 4.843 -20.844 1.319 5.509 -23.836 3.236
5 24 5.504 -10.478 23.352 5.182 -8.038 23.67 5.347 -10.126 21.841 5.369 -9.226 25.406
5 24 6.176 -13.198 24.918 6.818 -15.873 26.11 6.76 -14.318 27.298 6.052 -14.451 23.423
5 24 6.188 -23.53 12.121 6.573 -23.958 15.129 6.133 -22.215 14.314 6.684 -25.147 12.996
5 24 6.571 -26.264 9.414 6.672 -25.957 11.602 6.972 -28.326 9.796 6.149 -23.888 10.83
5 24 6.445 -16.542 25.662 6.818 -15.873 26.11 6.752 -17.339 27.544 6.052 -14.451 23.423
5 24 5.69 -17.117 21.217 6.571 -19.045 22.147 6.043 -17.466 20.552 6.174 -18.554 22.806
5 24 -6.627 -12.546 26.317 -6.874 -13.486 27.957 -7.068 -15.219 26.397 -6.829 -13.168 28.661
5 24 5.697 -22.292 8.452 5.688 -24.319 8.442 6.148 -24.347 9.04 5.49 -21.376 7.805
5 24 -6.181 -22.011 3.805 -6.005 -24.105 1.67 -5.735 -20.895 1.521 -6.377 -23.501 3.552
5 24 5.697 -22.292 8.452 5.573 -21.82 10.123 5.49 -21.376 7.805 6.148 -24.347 9.04
5 24 -0.033 -9.162 26.114 -2.693 -9.214 26.051 0.004 -10.219 28.729 -2.475 -7.925 23.916
5 24 0.186 -17.613 28.023 0.023 -18.293 27.762 -1.933 -18.018 27.878 4.083 -17.614 27.926
5 24 5.316 -22.216 4.077 5.519 -22.602 5.876 5.574 -23.591 4.424 5.297 -21.738 5.105
5 24 0.569 -20.216 24.834 3.892 -20.942 24.461 0.515 -21.11 24.434 3.786 -20.08 24.792
5 24 -5.765 -19.993 10.905 -5.94 -19.605 11.452 -6.296 -21.962 12.574 -5.498 -17.692 9.726
5 24 -6.337 -19.295 15.446 -6.28 -17.893 16.844 -5.934 -15.699 13.507 -6.579 -20.072 16.608
5 24 6.456 -11.573 31.045 4.806 -14.099 30.52 3.171 -11.429 31.41 7.206 -13.734 30.184
5 24 4.348 -22.969 21.314 2.326 -23.044 21.978 4.364 -22.735 22.109 1.188 -23.623 21.341
5 24 6.571 -26.264 9.414 6.149 -23.888 10.83 6.148 -24.347 9.04 6.672 -25.957 11.602
5 24 5.144 -23.79 3.741 5.509 -23.836 3.236 5.366 -25.548 4.075 5.303 -22.252 3.031
5 24 -6.04 -10.878 23.665 -6.053 -11.515 22.864 -6.312 -11.602 24.771 -5.945 -9.643 21.877
5 24 -5.779 -15.198 14.395 -5.887 -17.324 17.492 -6.28 -17.893 16.844 -5.309 -14.712 15.078
5 24 6.04 -29.012 4.856 3.227 -29.968 4.295 3.018 -29.419 5.062 6.634 -29.661 4.083
5 24 5.795 -14.134 22.018 5.499 -14.613 19.988 5.598 -13.262 21.136 5.973 -15.099 22.646
5 24 5.879 -25.685 3.533 5.675 -27.178 4.457 6.321 -27.448 3.812 5.366 -25.548 4.075
5 24 -6.783 -27.992 9.829 -7.177 -25.993 10.096 -7.383 -28.237 10.611 -6.701 -26.152 9.426
5 24 4.259 -28.084 12.315 6.389 -26.926 12.883 4.175 -27.377 12.997 6.858 -27.832 12.323
5 24 -5.732 -21.542 6.392 -5.929 -19.123 6.561 -6.137 -21.393 7.095 -5.545 -19.348 5.823
5 24 -6.777 -22.585 11.321 -6.139 -22.185 11.986 -6.506 -24.422 12.994 -6.365 -20.252 10.28
5 24 -3.991 -30.059 4.255 -3.772 -30.07 1.125 -6.966 -29.748 1.518 -0.579 -30.121 4.39
5 24 -6.618 -20.574 15.64 -6.928 -23.299 15.201 -6.42 -20.296 13.757 -6.885 -22.49 16.679
5 24 -5.94 -19.605 11.452 -5.758 -16.78 11.657 -6.148 -19.394 12.806 -5.772 -17.452 10.321
5 24 -5.94 -19.605 11.452 -5.498 -17.692 9.726 -5.765 -19.993 10.905 -5.772 -17.452 10.321
5 24 -0.663 -29.607 7.499 -0.594 -29.259 9.035 0.755 -29.365 8.547 -2.743 -29.07 9.7
5 24 -6.711 -25.037 7.091 -7.022 -26.638 7.223 -7.026 -26.364 8.85 -6.884 -26.877 5.18
5 24 5.541 -16.663 17.005 5.484 -15.609 18.761 5.218 -13.467 17.104 5.791 -17.892 17.932
5 24 -3.146 -24.196 1.225 -5.735 -20.895 1.521 -6.005 -24.105 1.67 -3 -21.093 1.013
5 24 5.152 -17.609 10.119 5.023 -19.073 9.717 5.18 -19.497 10.524 5.172 -18 9.239
5 24 6.682 -18.076 23.484 6.435 -19.858 24.587 6.174 -18.554 22.806 7.203 -19.586 25.562
5 24 6.071 -18.464 18.986 5.484 -15.609 18.761 6.043 -17.466 20.552 5.791 -17.892 17.932
5 24 5.541 -16.663 17.005 5.791 -17.892 17.932 5.484 -15.609 18.761 5.578 -19.497 14.211
5 24 5.56 -11.471 22.48 5.445 -11.35 19.845 5.598 -13.262 21.136 5.347 -10.126 21.841
5 24 5.574 -23.591 4.424 5.144 -23.79 3.741 5.316 -22.216 4.077 5.366 -25.548 4.075
5 24 3.205 -29.506 7.257 0.755 -29.365 8.547 -0.663 -29.607 7.499 3.323 -29.236 8.471
5 24 -2.547 -28.197 12.308 -5.417 -28.666 10.547 -5.372 -27.553 13.525 -4.719 -28.799 10.252
5 24 -3.489 -24.326 19.317 -3.475 -24.917 18.889 -6.401 -23.9 18.838 -1.995 -24.85 19.172
5 24 -6.519 -10.6 28.996 -2.824 -11.307 31.403 -2.855 -10.305 28.786 -6.538 -11.457 31.05
5 24 -6.852 -14.949 29.309 -7.169 -15.942 26.628 -6.972 -14.188 28.258 -7.305 -17.066 27.892
5 24 6.689 -14.468 29.436 4.929 -15.483 29.679 4.277 -14.688 29.78 7.18 -15.375 29.308
5 24 2.584 -9.146 25.943 -0.033 -9.162 26.114 0 -7.931 24.033 2.858 -10.24 28.567
5 24 -0.788 -14.524 30.324 1.578 -14.951 30.138 2.701 -14.277 30.527 -0.046 -17.26 28.66
5 24 -6.627 -12.546 26.317 -6.312 -11.602 24.771 -6.452 -13.589 23.808 -6.006 -9.252 25.71
5 24 5.023 -19.073 9.717 5.172 -18 9.239 5.152 -17.609 10.119 5.234 -20.157 9.435
5 24 -7.068 -15.219 26.397 -6.627 -12.546 26.317 -6.874 -13.486 27.957 -6.786 -14.356 25.303
5 24 -2.406 -27.367 14.463 -0.929 -26.643 16.114 0.563 -27.874 13.25 -3.254 -27.081 14.951
5 24 -5.082 -26.914 14.156 -5.093 -26.907 14.913 -7.025 -26.473 14.634 -3.254 -27.081 14.951
5 24 -6.296 -21.962 12.574 -6.928 -23.299 15.201 -6.74 -24.255 13.631 -6.42 -20.296 13.757
5 24 -1.995 -24.85 19.172 -3.489 -24.326 19.317 -3.475 -24.917 18.889 -0.844 -24.728 19.548
5 24 -0.929 -26.643 16.114 1.209 -26.404 16.65 -0.844 -24.728 19.548 0.563 -27.874 13.25
5 24 6.642 -26.731 6.639 6.614 -26.442 8.083 6.13 -24.926 6.216 7.139 -28.835 8.301
5 24 -6.181 -22.011 3.805 -6.239 -21.777 5.792 -6.035 -20.223 3.504 -6.378 -23.497 4.584
5 24 -6.783 -27.992 9.829 -7.026 -26.364 8.85 -6.701 -26.152 9.426 -7.188 -28.554 9.192
5 24 3.323 -29.236 8.471 3.109 -28.815 9.014 6.386 -28.172 9.021 0.755 -29.365 8.547
5 24 -6.254 -18.869 13.722 -5.934 -15.699 13.507 -6.337 -19.295 15.446 -5.922 -16.173 12.709
5 24 -5.372 -27.553 13.525 -6.852 -26.527 13.9 -5.082 -26.914 14.156 -7.582 -27.114 13.105
5 24 -7.234 -29.309 7.248 -6.884 -26.877 5.18 -7.022 -26.638 7.223 -6.977 -29.455 5.414
5 24 2.335 -26.093 17.157 4.353 -25.929 16.693 4.403 -25.844 17.382 1.209 -26.404 16.65
5 24 4.666 -23.736 21.003 4.348 -22.969 21.314 6.513 -22.494 21.216 2.496 -23.83 21.04
5 24 6.513 -22.494 21.216 4.666 -23.736 21.003 4.348 -22.969 21.314 7.422 -23.32 20.868
5 24 6.321 -27.448 3.812 6.04 -29.012 4.856 5.675 -27.178 4.457 6.634 -29.661 4.083
5 24 -6.545 -13.97 29.341 -4.474 -13.786 30.521 -3.692 -14.291 30.318 -6.663 -13.507 30.251
5 24 4.027 -20.004 25.805 6.435 -19.858 24.587 3.786 -20.08 24.792 7.203 -19.586 25.562
5 24 -6.579 -20.072 16.608 -6.28 -17.893 16.844 -6.668 -19.326 18.67 -6.337 -19.295 15.446
5 24 -6.04 -10.878 23.665 -5.624 -8.107 23.601 -5.945 -9.643 21.877 -6.006 -9.252 25.71
5 24 4.792 -19.691 5.134 5.297 -21.738 5.105 5.519 -22.602 5.876 5.225 -19.912 4.496
5 24 -6.339 -14.869 24.772 -7.1 -16.07 25.782 -6.797 -15.5 24.438 -7.169 -15.942 26.628
5 24 6.148 -24.347 9.04 5.688 -24.319 8.442 6.041 -26.271 8.79 5.697 -22.292 8.452
5 24 -6.108 -14.619 20.541 -6.165 -16.641 21.357 -6.536 -16.206 21.94 -5.915 -14.182 19.446
5 24 0.039 -11.366 31.533 -0.788 -14.524 30.324 -2.824 -11.307 31.403 2.701 -14.277 30.527
5 24 -5.94 -19.605 11.452 -6.148 -19.394 12.806 -6.42 -20.296 13.757 -5.758 -16.78 11.657
5 24 4.35 -27.487 13.939 6.389 -26.926 12.883 4.175 -27.377 12.997 7.045 -27.069 14.009
5 24 6.386 -28.172 9.021 3.323 -29.236 8.471 3.109 -28.815 9.014 7.139 -28.835 8.301
5 24 -3.2 -21.131 24.238 -3.752 -22.765 22.211 -0.663 -23.037 22.005 -6.991 -20.88 23.799
5 24 2.326 -23.044 21.978 0.515 -21.11 24.434 -0.663 -23.037 22.005 3.892 -20.942 24.461
5 24 6.689 -14.468 29.436 6.725 -12.865 28.088 6.288 -13.663 27.658 7.206 -13.734 30.184
5 24 -5.887 -17.324 17.492 -6.28 -17.893 16.844 -6.668 -19.326 18.67 -5.779 -15.198 14.395
5 24 5.578 -19.497 14.211 5.791 -17.892 17.932 6.099 -19.238 18.093 5.541 -16.663 17.005
5 24 -6.239 -21.777 5.792 -6.035 -20.223 3.504 -5.968 -19.673 5.144 -6.181 -22.011 3.805
5 24 -6.505 -14.583 23.225 -6.339 -14.869 24.772 -6.342 -13.722 23.004 -6.797 -15.5 24.438
5 24 -5.372 -27.553 13.525 -7.383 -28.237 10.611 -7.582 -27.114 13.105 -5.417 -28.666 10.547
5 24 -7.305 -17.066 27.892 -2.853 -17.635 28.151 -4.441 -14.843 29.97 -7.282 -19.531 25.173
5 24 5.013 -21.576 10.725 5.573 -21.82 10.123 5.626 -23.813 11.557 5.234 -20.157 9.435
5 24 6.684 -25.147 12.996 6.573 -23.958 15.129 6.188 -23.53 12.121 6.922 -26.235 16.093
5 24 -6.884 -24.815 8.649 -6.701 -26.152 9.426 -7.026 -26.364 8.85 -6.801 -23.638 8.941
5 24 5.96 -10.495 28.139 2.858 -10.24 28.567 3.171 -11.429 31.41 5.369 -9.226 25.406
5 24 6.13 -24.926 6.216 5.519 -22.602 5.876 5.574 -23.591 4.424 6.111 -24.473 7.884
5 24 -2.855 -10.305 28.786 -2.693 -9.214 26.051 0.004 -10.219 28.729 -6.006 -9.252 25.71
5 24 -6.536 -16.206 21.94 -6.267 -19.765 24.327 -6.165 -16.641 21.357 -7.282 -19.531 25.173
5 24 5.303 -22.252 3.031 5.144 -23.79 3.741 5.509 -23.836 3.236 5.169 -21.257 3.301
5 24 -6.021 -18.583 7.874 -6.357 -20.869 8.735 -5.929 -19.123 6.561 -6.365 -20.252 10.28
5 24 -6.545 -13.97 29.341 -6.972 -14.188 28.258 -6.874 -13.486 27.957 -6.852 -14.949 29.309
5 24 5.277 -15.846 13.505 5.578 -19.497 14.211 5.343 -18.907 13.302 5.541 -16.663 17.005
5 24 5.517 -21.188 11.179 5.626 -23.813 11.557 6.188 -23.53 12.121 5.013 -21.576 10.725
5 24 5.499 -14.613 19.988 5.598 -13.262 21.136 5.795 -14.134 22.018 5.24 -12.567 18.291
5 24 5.56 -11.471 22.48 6.052 -14.451 23.423 6.176 -13.198 24.918 5.598 -13.262 21.136
5 24 3.35 -23.916 1.148 5.129 -23.743 1.507 3.222 -21.061 0.915 3.672 -27.152 1.119
5 24 5.234 -20.157 9.435 5.013 -21.576 10.725 5.573 -21.82 10.123 5.023 -19.073 9.717
5 24 -6.035 -20.223 3.504 -6.181 -22.011 3.805 -6.239 -21.777 5.792 -5.735 -20.895 1.521
5 24 5.369 -9.226 25.406 2.858 -10.24 28.567 5.96 -10.495 28.139 2.584 -9.146 25.943
5 24 -6.006 -9.252 25.71 -6.04 -10.878 23.665 -5.624 -8.107 23.601 -6.312 -11.602 24.771
5 24 -6.506 -24.422 12.994 -6.777 -22.585 11.321 -7.114 -24.778 12.225 -6.139 -22.185 11.986
5 24 -6.618 -20.574 15.64 -6.42 -20.296 13.757 -6.337 -19.295 15.446 -6.928 -23.299 15.201
5 24 2.127 -27.638 12.925 0.627 -28.185 12.332 2.068 -28.176 12.254 -0.462 -28.079 12.711
5 24 6.174 -18.554 22.806 6.682 -18.076 23.484 6.435 -19.858 24.587 6.06 -16.503 21.747
5 24 -1.933 -18.018 27.878 -3.206 -20.02 25.665 0.629 -20.127 25.848 -2.853 -17.635 28.151
5 24 6.13 -24.926 6.216 5.947 -25.409 4.75 6.436 -27.053 5.176 5.574 -23.591 4.424
5 24 -7.114 -24.778 12.225 -6.948 -24.31 9.616 -7.177 -25.993 10.096 -6.777 -22.585 11.321
5 24 1.209 -26.404 16.65 0.563 -27.874 13.25 -0.929 -26.643 16.114 1.941 -27.704 13.753
5 24 -0.844 -24.728 19.548 -0.929 -26.643 16.114 -1.995 -24.85 19.172 1.209 -26.404 16.65
5 24 -6.365 -20.252 10.28 -6.139 -22.185 11.986 -6.777 -22.585 11.321 -5.765 -19.993 10.905
5 24 6.052 -14.451 23.423 6.176 -13.198 24.918 6.818 -15.873 26.11 5.56 -11.471 22.48
5 24 2.584 -9.146 25.943 2.477 -7.924 23.931 0 -7.931 24.033 5.369 -9.226 25.406
5 24 -6.854 -21.63 18 -6.875 -19.7 19.979 -7.017 -23.742 19.797 -6.668 -19.326 18.67
5 24 5.727 -12.669 25.492 6.76 -14.318 27.298 6.288 -13.663 27.658 6.176 -13.198 24.918
5 24 -5.915 -14.182 19.446 -5.428 -11.514 19.494 -6.108 -14.619 20.541 -5.583 -12.538 18.179
5 24 -2.853 -17.635 28.151 -7.282 -19.531 25.173 -7.305 -17.066 27.892 -3.206 -20.02 25.665
5 24 -5.417 -28.666 10.547 -5.372 -27.553 13.525 -7.383 -28.237 10.611 -2.547 -28.197 12.308
5 24 5.234 -20.157 9.435 5.49 -21.376 7.805 5.254 -18.885 7.189 5.573 -21.82 10.123
5 24 -6.165 -16.641 21.357 -6.276 -15.494 19.855 -5.915 -14.182 19.446 -6.656 -17.05 20.841
5 24 2.496 -23.83 21.04 2.335 -26.093 17.157 4.403 -25.844 17.382 1.188 -23.623 21.341
5 24 6.069 -20.7 19.914 6.071 -18.464 18.986 6.616 -20.273 20.546 5.791 -17.892 17.932
5 24 -3.448 -27.359 1.111 0.151 -27.147 0.993 -3.146 -24.196 1.225 0.348 -30.192 1.004
5 24 4.929 -15.483 29.679 7.251 -16.843 28.114 3.982 -17.139 28.599 7.18 -15.375 29.308
5 24 5.947 -25.409 4.75 5.366 -25.548 4.075 5.675 -27.178 4.457 5.574 -23.591 4.424
5 24 -6.005 -24.105 1.67 -6.377 -23.501 3.552 -6.181 -22.011 3.805 -6.973 -27.199 3.878
5 24 -4.474 -13.786 30.521 -6.538 -11.457 31.05 -2.824 -11.307 31.403 -6.663 -13.507 30.251
5 24 -0.561 -29.874 5.879 -0.663 -29.607 7.499 3.205 -29.506 7.257 -4.006 -29.831 5.72
5 24 -6.928 -23.299 15.201 -6.885 -22.49 16.679 -6.618 -20.574 15.64 -7.172 -24.895 18.09
5 24 6.069 -20.7 19.914 6.099 -19.238 18.093 6.758 -21.27 19.469 5.791 -17.892 17.932
5 24 -3.448 -27.359 1.111 -3.146 -24.196 1.225 -6.005 -24.105 1.67 0.151 -27.147 0.993
5 24 -6.139 -22.185 11.986 -6.296 -21.962 12.574 -6.506 -24.422 12.994 -5.765 -19.993 10.905
5 24 -0.663 -23.037 22.005 1.188 -23.623 21.341 -0.844 -24.728 19.548 2.326 -23.044 21.978
5 24 4.364 -22.735 22.109 3.892 -20.942 24.461 2.326 -23.044 21.978 6.918 -20.546 24.168
5 24 -3.206 -20.02 25.665 0.569 -20.216 24.834 -3.11 -20.093 24.633 0.629 -20.127 25.848
5 24 -6.977 -29.455 5.414 -4.357 -29.501 7.642 -7.234 -29.309 7.248 -4.006 -29.831 5.72
5 24 -6.948 -24.31 9.616 -6.701 -26.152 9.426 -7.177 -25.993 10.096 -6.801 -23.638 8.941
5 24 -5.94 -19.605 11.452 -6.42 -20.296 13.757 -6.296 -21.962 12.574 -6.148 -19.394 12.806
5 24 3.03 -15.526 29.833 3.982 -17.139 28.599 1.578 -14.951 30.138 4.929 -15.483 29.679
5 24 -2.547 -28.197 12.308 -0.462 -28.079 12.711 -2.743 -29.07 9.7 -2.406 -27.367 14.463
5 24 -3.552 -27.564 13.902 -2.547 -28.197 12.308 -2.406 -27.367 14.463 -5.372 -27.553 13.525
5 24 -7.183 -22.396 22.114 -6.875 -19.7 19.979 -6.991 -20.88 23.799 -7.017 -23.742 19.797
5 24 -6.365 -20.252 10.28 -6.357 -20.869 8.735 -6.021 -18.583 7.874 -6.777 -22.585 11.321
5 24 6.758 -21.27 19.469 6.513 -22.494 21.216 6.069 -20.7 19.914 7.422 -23.32 20.868
5 24 -0.046 -17.26 28.66 -0.788 -14.524 30.324 -2.038 -17.387 28.465 1.578 -14.951 30.138
5 24 -7.103 -29.668 4.111 -6.536 -27.272 1.677 -6.973 -27.199 3.878 -6.966 -29.748 1.518
5 24 -3.254 -27.081 14.951 -3.475 -24.917 18.889 -0.929 -26.643 16.114 -5.093 -26.907 14.913
2 24 4.930959 -21.113231 1.646361 4.868789 -21.105407 1.335952
2 24 4.958562 -21.000546 2.008252 4.933746 -21.113797 1.667199
2 24 4.960228 -20.992513 2.031718 4.958562 -21.000546 2.008252
2 24 4.930959 -21.113231 1.646361 4.933746 -21.113797 1.667199
2 24 5.234139 -20.143376 4.453923 5.211954 -20.225332 4.217612
2 24 5.2339 -20.137384 4.472306 5.234139 -20.143376 4.453923
2 24 5.232578 -20.104189 4.560098 5.2339 -20.137384 4.472306
2 24 4.960228 -20.992513 2.031718 5.19946 -20.588615 3.119109
2 24 5.19946 -20.588615 3.119109 5.211954 -20.225332 4.217612
2 24 -5.514846 -8.148226 23.692241 -3.119614 -7.995312 23.907375
2 24 -3.119614 -7.995312 23.907375 -2.479358 -7.950769 23.958682
2 24 -5.514846 -8.148226 23.692241 -5.638873 -8.151579 23.683111
2 24 2.529781 -7.947762 23.95792 2.478677 -7.943158 23.962543
2 24 -2.479358 -7.950769 23.958682 -2.424683 -7.950488 23.96129
2 24 -0.00058 -7.952639 24.06958 -2.424683 -7.950488 23.96129
2 24 3.052953 -7.977741 23.919227 5.18952 -8.085777 23.739816
2 24 3.052953 -7.977741 23.919227 2.529781 -7.947762 23.95792
2 24 0.046523 -7.952875 24.067388 0 -7.952665 24.069593
2 24 0.046523 -7.952875 24.067388 2.478677 -7.943158 23.962543
2 24 -5.576876 -12.459135 18.516465 -5.466809 -11.726613 19.490175
2 24 -5.603886 -12.641423 18.258706 -5.576876 -12.459135 18.516465
2 24 -5.464459 -11.680477 19.550136 -5.466809 -11.726613 19.490175
2 24 -5.435235 -10.814751 20.67085 -5.438933 -10.917211 20.538141
2 24 -5.464459 -11.680477 19.550136 -5.438933 -10.917211 20.538141
2 24 -5.815542 -14.279521 15.895896 -5.812622 -14.254846 15.931686
2 24 -5.603886 -12.641423 18.258706 -5.656643 -13.04572 17.68936
2 24 -5.812622 -14.254846 15.931686 -5.656643 -13.04572 17.68936
2 24 5.450513 -11.355801 19.97133 5.450463 -11.418275 19.8911
2 24 5.261971 -12.573123 18.463901 5.25725 -12.600487 18.428081
2 24 5.450463 -11.418275 19.8911 5.261971 -12.573123 18.463901
2 24 5.411366 -10.929923 20.530028 5.408713 -10.709503 20.813942
2 24 5.408169 -10.376181 21.22581 5.408616 -9.979118 21.710923
2 24 5.408169 -10.376181 21.22581 5.408713 -10.709503 20.813942
2 24 5.411366 -10.929923 20.530028 5.450513 -11.355801 19.97133
2 24 5.25725 -12.600487 18.428081 5.250667 -12.651268 18.360894
2 24 5.219873 -8.32499 23.632597 5.23958 -8.505006 23.552105
2 24 5.243662 -8.563752 23.492759 5.285223 -9.344242 22.525787
2 24 5.243662 -8.563752 23.492759 5.23958 -8.505006 23.552105
2 24 5.285223 -9.344242 22.525787 5.408616 -9.979118 21.710923
2 24 5.219873 -8.32499 23.632597 5.18952 -8.085777 23.739816
2 24 4.954297 -13.271005 17.581775 4.834631 -13.145357 17.758201
2 24 5.224761 -13.521443 17.146116 4.954297 -13.271005 17.581775
2 24 4.834631 -13.145357 17.758201 4.807792 -13.120617 17.792938
2 24 5.250667 -12.651268 18.360894 5.146667 -12.769859 18.233001
2 24 4.964798 -12.969711 18.004914 4.837019 -13.091571 17.833739
2 24 4.964798 -12.969711 18.004914 5.146667 -12.769859 18.233001
2 24 4.807792 -13.120617 17.792938 4.837019 -13.091571 17.833739
2 24 -5.350348 -21.095021 1.459778 -5.636037 -21.021178 1.509686
2 24 -3.002713 -21.150659 1.016939 -5.350348 -21.095021 1.459778
2 24 -5.743355 -20.994335 1.525611 -5.636037 -21.021178 1.509686
2 24 3.27809 -21.139884 0.932412 3.225591 -21.141098 0.921537
2 24 2.134547 -21.172632 0.89809 0.42604 -21.225534 0.861658
2 24 2.134547 -21.172632 0.89809 3.225591 -21.141098 0.921537
2 24 -2.9383 -21.152469 1.013908 -3.002713 -21.150659 1.016939
2 24 0.42604 -21.225534 0.861658 0.300136 -21.229394 0.857926
2 24 0 -21.239507 0.873536 -2.384328 -21.168026 0.987386
2 24 -2.384328 -21.168026 0.987386 -2.9383 -21.152469 1.013908
2 24 0.300136 -21.229394 0.857926 0 -21.239507 0.873536
2 24 4.868789 -21.105407 1.335952 3.27809 -21.139884 0.932412
2 24 -5.435235 -10.814751 20.67085 -5.514459 -10.758397 20.719624
2 24 -5.514459 -10.758397 20.719624 -5.87942 -10.4899 20.934152
2 24 -5.336193 -14.834884 15.191569 -5.357258 -14.810635 15.222618
2 24 -5.646012 -14.487482 15.652626 -5.811693 -14.283983 15.890739
2 24 -5.357258 -14.810635 15.222618 -5.646012 -14.487482 15.652626
2 24 -5.595643 -16.587455 12.182218 -5.596472 -16.575624 12.204669
2 24 -5.905719 -10.458539 20.964448 -5.87942 -10.4899 20.934152
2 24 -5.336193 -14.834884 15.191569 -5.779964 -15.216983 14.422653
2 24 4.856888 -19.954023 5.130274 4.851402 -19.928852 5.194627
2 24 4.851402 -19.928852 5.194627 4.858207 -19.905694 5.248316
2 24 4.856888 -19.954023 5.130274 5.049189 -20.035635 4.840321
2 24 5.049189 -20.035635 4.840321 5.232578 -20.104189 4.560098
2 24 -5.928258 -16.223818 12.728094 -5.615006 -16.549246 12.248082
2 24 -5.615006 -16.549246 12.248082 -5.60096 -16.563368 12.226481
2 24 -5.595643 -16.587455 12.182218 -5.763529 -16.817059 11.673289
2 24 4.858207 -19.905694 5.248316 5.240309 -19.583503 5.861341
2 24 -5.596472 -16.575624 12.204669 -5.60096 -16.563368 12.226481
2 24 -5.928258 -16.223818 12.728094 -5.933197 -16.094711 12.968628
2 24 -5.743355 -20.994335 1.525611 -5.75867 -20.954228 1.642216
2 24 -5.75867 -20.954228 1.642216 -5.914467 -20.594805 2.675314
2 24 -6.021232 -18.584581 7.874595 -5.964533 -18.978769 7.008678
2 24 -6.021232 -18.584126 7.875624 -5.991204 -18.433888 8.228554
2 24 -5.638873 -8.151579 23.683111 -5.647791 -8.238392 23.64433
2 24 -5.920902 -10.179996 21.303611 -5.947457 -9.685582 21.899451
2 24 -5.947457 -9.685582 21.899451 -5.947149 -9.670937 21.917446
2 24 -5.751728 -8.773029 23.076515 -5.947149 -9.670937 21.917446
2 24 -5.936077 -19.15187 6.596946 -5.932692 -19.163292 6.570478
2 24 -5.964533 -18.978769 7.008678 -5.936077 -19.15187 6.596946
2 24 -5.559687 -19.520318 5.86769 -5.827504 -19.656601 5.408332
2 24 -5.932692 -19.163292 6.570478 -5.925179 -19.169913 6.557722
2 24 -5.559687 -19.520318 5.86769 -5.925179 -19.169913 6.557722
2 24 -5.933197 -16.094711 12.968628 -5.939467 -15.753161 13.510673
2 24 -5.938742 -15.741314 13.529816 -5.939467 -15.753161 13.510673
2 24 -5.783215 -15.220671 14.415602 -5.938573 -15.727996 13.551101
2 24 -5.938573 -15.727996 13.551101 -5.938742 -15.741314 13.529816
2 24 -5.595724 -17.731259 9.979801 -5.775972 -17.502907 10.347742
2 24 -5.763529 -16.817059 11.673289 -5.761081 -16.827827 11.653529
2 24 -5.761081 -16.827827 11.653529 -5.775972 -17.502907 10.347742
2 24 -5.905719 -10.458539 20.964448 -5.920902 -10.179996 21.303611
2 24 -5.914467 -20.594805 2.675314 -6.040798 -20.294003 3.515953
2 24 -6.014551 -20.050705 4.272215 -6.041616 -20.273396 3.578199
2 24 -6.040798 -20.294003 3.515953 -6.041616 -20.273396 3.578199
2 24 -5.513882 -17.828867 9.796129 -5.897985 -17.9883 9.270475
2 24 -5.525342 -17.810339 9.832771 -5.595724 -17.731259 9.979801
2 24 -5.525342 -17.810339 9.832771 -5.513882 -17.828867 9.796129
2 24 -5.902408 -17.989667 9.265474 -5.991204 -18.433888 8.228554
2 24 -5.649634 -8.277747 23.604944 -5.647791 -8.238392 23.64433
2 24 -5.649634 -8.277747 23.604944 -5.751728 -8.773029 23.076515
2 24 -5.974196 -19.721108 5.158816 -6.014551 -20.050705 4.272215
2 24 -5.974196 -19.721108 5.158816 -5.96234 -19.717821 5.173929
2 24 -5.96234 -19.717821 5.173929 -5.827504 -19.656601 5.408332
2 24 5.248875 -16.236829 12.988856 5.23414 -16.370595 12.743679
2 24 5.252644 -18.971271 7.341331 5.266884 -19.020989 7.222629
2 24 5.242781 -18.864371 7.587352 5.252644 -18.971271 7.341331
2 24 5.266884 -19.020989 7.222629 5.265657 -19.059091 7.137043
2 24 5.278356 -15.908899 13.500829 5.281382 -15.899148 13.515277
2 24 5.282205 -15.862108 13.574008 5.281382 -15.899148 13.515277
2 24 5.282205 -15.862108 13.574008 5.294044 -14.784994 15.286271
2 24 5.248875 -16.236829 12.988856 5.278356 -15.908899 13.500829
2 24 5.24557 -19.539044 5.968044 5.240309 -19.583503 5.861341
2 24 5.24557 -19.539044 5.968044 5.265657 -19.059091 7.137043
2 24 5.191461 -16.756947 12.016751 5.196741 -16.699559 12.12515
2 24 5.196741 -16.699559 12.12515 5.23414 -16.370595 12.743679
2 24 5.153886 -17.736144 10.146274 5.137121 -17.777854 10.072634
2 24 5.191461 -16.756947 12.016751 5.153886 -17.736144 10.146274
2 24 5.137121 -17.777854 10.072634 5.13733 -17.785027 10.05874
2 24 5.226659 -13.552681 17.101346 5.224761 -13.521443 17.146116
2 24 5.226659 -13.552681 17.101346 5.288961 -14.555373 15.663919
2 24 5.175932 -18.136802 9.251431 5.242781 -18.864371 7.587352
2 24 5.175932 -18.136802 9.251431 5.155035 -18.122168 9.293423
2 24 5.13733 -17.785027 10.05874 5.155035 -18.122168 9.293423
2 24 5.295547 -14.673077 15.46897 5.288961 -14.555373 15.663919
2 24 5.295547 -14.673077 15.46897 5.294044 -14.784994 15.286271
