0 Sticker  3.6 x  1.6 with Lord Vampyre Portrait
0 Name: 6011268a.dat
0 Author: Philippe Hurbain [Philo]
0 !LDRAW_ORG Unofficial_Part
0 !LICENSE Licensed under CC BY 4.0 : see CAreadme.txt

0 BFC CERTIFY CCW

0 !KEYWORDS Bricklink 10228stk01, Brickowl 692797, Monster Fighters
0 !KEYWORDS Rebrickable 11085, Set 10228

1 16 -15 -0.25 -35.3 -1 0 0 0 0.25 0 0 0 -1 1-4cyli.dat
1 16 -15 -0.25 -35.3 -1 0 0 0 1 0 0 0 -1 1-4chrd.dat
1 16 -15 0 -35.3 -1 0 0 0 -1 0 0 0 -1 1-4chrd.dat
3 16 -16 -0.25 -35.3 -15 -0.25 -36.3 -15 -0.25 -35.33
1 16 15 -0.25 -35.3 1 0 0 0 0.25 0 0 0 -1 1-4cyli.dat
1 16 15 -0.25 -35.3 1 0 0 0 1 0 0 0 -1 1-4chrd.dat
1 16 15 0 -35.3 1 0 0 0 -1 0 0 0 -1 1-4chrd.dat
3 16 15 -0.25 -36.3 16 -0.25 -35.3 15 -0.25 -35.33
4 16 15 -0.25 -36.3 15 -0.25 -35.33 -15 -0.25 -35.33 -15 -0.25 -36.3
4 16 15 -0.25 -36.3 -15 -0.25 -36.3 -15 0 -36.3 15 0 -36.3
4 16 15 0 -36.3 -15 0 -36.3 -16 0 -35.3 16 0 -35.3
1 16 -15 -0.25 35.3 -1 0 0 0 0.25 0 0 0 1 1-4cyli.dat
1 16 -15 -0.25 35.3 -1 0 0 0 1 0 0 0 1 1-4chrd.dat
1 16 -15 0 35.3 -1 0 0 0 -1 0 0 0 1 1-4chrd.dat
3 16 -15 -0.25 36.3 -16 -0.25 35.3 -15 -0.25 35.33
1 16 15 -0.25 35.3 1 0 0 0 0.25 0 0 0 1 1-4cyli.dat
1 16 15 -0.25 35.3 1 0 0 0 1 0 0 0 1 1-4chrd.dat
1 16 15 0 35.3 1 0 0 0 -1 0 0 0 1 1-4chrd.dat
3 16 16 -0.25 35.3 15 -0.25 36.3 15 -0.25 35.33
4 16 -15 -0.25 35.33 15 -0.25 35.33 15 -0.25 36.3 -15 -0.25 36.3
4 16 -15 0 36.3 -15 -0.25 36.3 15 -0.25 36.3 15 0 36.3
4 16 -16 0 35.3 -15 0 36.3 15 0 36.3 16 0 35.3
4 16 16 -0.25 35.3 16 -0.25 -35.3 16 0 -35.3 16 0 35.3
4 16 16 -0.25 -35.3 16 -0.25 35.3 15 -0.25 35.33 15 -0.25 -35.33
4 16 -16 0 -35.3 -16 -0.25 -35.3 -16 -0.25 35.3 -16 0 35.3
4 16 -15 -0.25 35.33 -16 -0.25 35.3 -16 -0.25 -35.3 -15 -0.25 -35.33
4 16 16 0 -35.3 -16 0 -35.3 -16 0 35.3 16 0 35.3

4 71 13.92 -0.25 27.35 14 -0.25 27.35 14.08 -0.25 27.55 13.51 -0.25 27.81
3 0 14.08 -0.25 25.74 15 -0.25 35.33 14.08 -0.25 26.18
3 0 15 -0.25 35.33 14.08 -0.25 1 15 -0.25 -35.33
4 0 14.08 -0.25 27.55 14 -0.25 27.35 13.92 -0.25 26.38 14.08 -0.25 26.18
4 0 13.8 -0.25 24.74 14 -0.25 25.58 13.23 -0.25 24.98 13.51 -0.25 24.66
4 71 10.82 -0.25 26.71 13.31 -0.25 27.19 12.97 -0.25 27.7 10.5267 -0.25 27.3233
4 71 12.9367 -0.25 28.51 13.51 -0.25 27.81 14.08 -0.25 27.55 14.08 -0.25 34.26
4 71 12.63 -0.25 24.54 10.82 -0.25 26.14 11.31 -0.25 24.62 12.03 -0.25 24.3
4 71 12.23 -0.25 29.53 12.9367 -0.25 28.51 14.08 -0.25 34.26 11.67 -0.25 30.38
4 71 10.82 -0.25 26.14 12.63 -0.25 24.54 12.95 -0.25 24.74 13.23 -0.25 24.98
3 71 12.31 -0.25 24.3 12.63 -0.25 24.54 12.03 -0.25 24.3
4 71 14.08 -0.25 34.26 11.91 -0.25 33.53 11.55 -0.25 32.77 11.67 -0.25 30.38
4 71 11.345 -0.25 30.92 11.55 -0.25 32.77 11.18 -0.25 32.01 11.0067 -0.25 31.51
4 0 11.61 -0.25 29.84 12.23 -0.25 29.53 11.67 -0.25 30.38 11.31 -0.25 30.36
4 71 10.66 -0.25 24.94 11.31 -0.25 24.62 10.82 -0.25 26.14 10.54 -0.25 25.06
4 0 11.345 -0.25 30.92 11.0067 -0.25 31.51 10.9 -0.25 31.12 11.06 -0.25 30.8
3 71 11.55 -0.25 32.77 11.345 -0.25 30.92 11.67 -0.25 30.38
4 0 10.62 -0.25 32.05 11.0067 -0.25 31.51 11.18 -0.25 32.01 10.82 -0.25 32.37
4 0 10.82 -0.25 32.49 11.18 -0.25 32.01 11.55 -0.25 32.77 11.18 -0.25 33.25
3 71 12.27 -0.25 34.22 11.91 -0.25 33.53 14.08 -0.25 34.26
4 0 11.18 -0.25 33.25 11.55 -0.25 32.77 11.91 -0.25 33.53 11.55 -0.25 34.06
4 0 12.27 -0.25 34.22 14.08 -0.25 34.26 15 -0.25 35.33 11.55 -0.25 34.26
4 0 12.27 -0.25 34.22 11.59 -0.25 34.22 11.55 -0.25 34.06 11.91 -0.25 33.53
3 0 14.08 -0.25 34.26 14.08 -0.25 27.55 15 -0.25 35.33
4 71 14.08 -0.25 25.74 14.08 -0.25 26.18 13.92 -0.25 26.38 14 -0.25 25.58
3 0 14.08 -0.25 21.04 15 -0.25 35.33 14.08 -0.25 24.18
4 71 12.11 -0.25 19.92 10.94 -0.25 19.56 12.95 -0.25 15.58 13.55 -0.25 15.7
4 0 14.08 -0.25 25.74 14 -0.25 25.58 13.8 -0.25 24.74 14.08 -0.25 24.18
4 71 13.71 -0.25 26.59 13.71 -0.25 26.67 13.31 -0.25 27.19 13.23 -0.25 24.98
4 0 13.92 -0.25 27.35 13.51 -0.25 27.81 12.97 -0.25 27.7 13.31 -0.25 27.19
4 0 12.97 -0.25 27.7 13.51 -0.25 27.81 12.9367 -0.25 28.51 12.35 -0.25 28.59
4 71 11.67 -0.25 20.24 10.81 -0.25 22.68 9.78 -0.25 20.92 10.64 -0.25 19.92
4 71 9.7 -0.25 20.52 9.98 -0.25 19.72 10.64 -0.25 19.92 9.78 -0.25 20.92
4 71 10.5267 -0.25 27.3233 12.35 -0.25 28.59 12.05 -0.25 29.095 10.1 -0.25 27.99
4 0 11.59 -0.25 23.85 11.55 -0.25 23.69 11.9367 -0.25 23.5033 12.03 -0.25 24.3
4 71 8.94 -0.25 26.3 10.22 -0.25 26.38 10.06 -0.25 26.95 8.78 -0.25 27.11
4 0 10.54 -0.25 25.06 10.06 -0.25 25.54 9.9 -0.25 25.34 10.42 -0.25 24.5
4 0 12.05 -0.25 29.095 12.9367 -0.25 28.51 12.23 -0.25 29.53 11.61 -0.25 29.84
4 71 7.61 -0.25 28.95 7.17 -0.25 28.67 8.73 -0.25 27.79 8.37 -0.25 28.91
4 71 9.7 -0.25 25.54 9.78 -0.25 25.34 9.9 -0.25 25.34 10.06 -0.25 25.54
4 71 9.74 -0.25 29.03 9.58 -0.25 28.67 9.66 -0.25 28.47 10.1 -0.25 27.99
4 71 9.7 -0.25 25.54 10.06 -0.25 25.54 10.14 -0.25 25.98 8.94 -0.25 26.3
4 0 10.14 -0.25 25.98 10.06 -0.25 25.54 10.82 -0.25 26.14 10.22 -0.25 26.38
4 71 12.05 -0.25 29.095 11.61 -0.25 29.84 10.1 -0.25 29.8 9.74 -0.25 29.03
4 71 10.46 -0.25 30.58 11.31 -0.25 30.36 11.06 -0.25 30.8 10.7 -0.25 31.12
4 71 9.58 -0.25 20.24 9.38 -0.25 20 9.38 -0.25 19.8 9.46 -0.25 19.72
4 0 11.345 -0.25 30.92 11.06 -0.25 30.8 11.31 -0.25 30.36 11.67 -0.25 30.38
4 0 10.06 -0.25 26.95 10.22 -0.25 26.38 10.82 -0.25 26.71 10.5267 -0.25 27.3233
4 71 10.62 -0.25 32.05 10.82 -0.25 32.37 10.82 -0.25 32.49 10.42 -0.25 31.97
3 71 10.7 -0.25 31.12 11.06 -0.25 30.8 10.9 -0.25 31.12
4 0 10.7 -0.25 31.12 10.9 -0.25 31.12 11.0067 -0.25 31.51 10.26 -0.25 31.26
4 0 9.58 -0.25 28.67 9.74 -0.25 29.03 9.3 -0.25 29.2 9.1 -0.25 29.16
4 71 11.31 -0.25 30.36 10.46 -0.25 30.58 10.1 -0.25 29.8 11.61 -0.25 29.84
3 71 10.1 -0.25 27.99 12.05 -0.25 29.095 9.74 -0.25 29.03
3 0 12.9367 -0.25 28.51 12.05 -0.25 29.095 12.35 -0.25 28.59
3 71 12.97 -0.25 27.7 12.35 -0.25 28.59 10.5267 -0.25 27.3233
4 0 14 -0.25 27.35 13.92 -0.25 27.35 13.71 -0.25 26.67 13.92 -0.25 26.38
4 71 13.31 -0.25 27.19 10.82 -0.25 26.71 10.82 -0.25 26.14 13.23 -0.25 24.98
3 0 13.92 -0.25 27.35 13.31 -0.25 27.19 13.71 -0.25 26.67
4 71 14 -0.25 25.58 13.92 -0.25 26.38 13.71 -0.25 26.59 13.23 -0.25 24.98
3 0 13.92 -0.25 26.38 13.71 -0.25 26.67 13.71 -0.25 26.59
3 0 14.08 -0.25 27.55 14.08 -0.25 26.18 15 -0.25 35.33
4 71 14.08 -0.25 21.04 14.08 -0.25 24.18 13.8 -0.25 24.74 13.51 -0.25 24.66
3 0 14.08 -0.25 20.48 14.08 -0.25 15.9 15 -0.25 35.33
4 71 12.87 -0.25 20.64 13.35 -0.25 20.8 11.9367 -0.25 23.5033 11.51 -0.25 23.17
4 0 13.92 -0.25 20.48 14.08 -0.25 21.04 13.35 -0.25 20.8 13.27 -0.25 20.28
4 0 13.27 -0.25 20.28 13.35 -0.25 20.8 12.87 -0.25 20.64 12.11 -0.25 19.92
4 0 9.38 -0.25 20 9.58 -0.25 20.24 8.98 -0.25 20.52 8.73 -0.25 20.2
4 0 12.11 -0.25 19.92 12.87 -0.25 20.64 11.67 -0.25 20.24 10.94 -0.25 19.56
4 71 9.58 -0.25 20.24 9.46 -0.25 19.72 9.98 -0.25 19.72 9.7 -0.25 20.52
4 71 11.14 -0.25 23.37 11.1 -0.25 24.14 10.34 -0.25 23.97 10.22 -0.25 23.49
4 71 10.94 -0.25 19.56 9.9 -0.25 19.24 9.86 -0.25 15.58 11.99 -0.25 15.22
4 0 8.61 -0.25 18.27 8.45 -0.25 17.27 9.06 -0.25 17.35 9.42 -0.25 19.12
4 71 9.94 -0.25 22.55 10.02 -0.25 22.53 10.14 -0.25 22.65 10.06 -0.25 22.85
4 0 9.38 -0.25 19.8 8.73 -0.25 20.2 8.69 -0.25 19.52 9.46 -0.25 19.72
4 0 9.94 -0.25 22.55 9.32 -0.25 22.11 9.98 -0.25 22.05 10.02 -0.25 22.53
4 71 7.57 -0.25 14.72 7.21 -0.25 14.055 7.6633 -0.25 13.7167 8.17 -0.25 14.14
4 0 12.35 -0.25 23.81 12.31 -0.25 24.3 12.03 -0.25 24.3 11.9367 -0.25 23.5033
4 0 9.3 -0.25 21.44 9.14 -0.25 20.84 9.78 -0.25 20.92 9.98 -0.25 22.05
4 71 10.22 -0.25 23.49 10.06 -0.25 22.85 10.54 -0.25 22.93 11.14 -0.25 23.37
4 0 10.81 -0.25 22.68 10.14 -0.25 22.65 10.02 -0.25 22.53 9.98 -0.25 22.05
3 71 9.98 -0.25 22.05 9.78 -0.25 20.92 10.81 -0.25 22.68
4 71 10.81 -0.25 22.68 11.67 -0.25 20.24 12.87 -0.25 20.64 11.51 -0.25 23.17
4 0 11.51 -0.25 23.17 11.31 -0.25 23.49 11.14 -0.25 23.37 10.81 -0.25 22.68
4 0 12.63 -0.25 24.01 12.95 -0.25 24.74 12.63 -0.25 24.54 12.31 -0.25 24.3
4 0 11.51 -0.25 23.17 11.9367 -0.25 23.5033 11.55 -0.25 23.69 11.31 -0.25 23.49
4 71 11.9367 -0.25 23.5033 13.35 -0.25 20.8 14.08 -0.25 21.04 12.35 -0.25 23.81
3 0 12.31 -0.25 24.3 12.35 -0.25 23.81 12.63 -0.25 24.01
3 71 12.63 -0.25 24.01 12.35 -0.25 23.81 14.08 -0.25 21.04
4 0 13.51 -0.25 24.66 13.23 -0.25 24.98 12.95 -0.25 24.74 12.63 -0.25 24.01
3 71 14.08 -0.25 21.04 13.51 -0.25 24.66 12.63 -0.25 24.01
3 0 14.08 -0.25 24.18 15 -0.25 35.33 14.08 -0.25 25.74
4 71 14.08 -0.25 15.9 14.08 -0.25 20.48 13.92 -0.25 20.48 13.27 -0.25 20.28
4 330 14.04 -0.25 6.91 13.67 -0.25 8.75 12.67 -0.25 7.07 12.83 -0.25 6.87
3 0 14.08 -0.25 14.94 15 -0.25 35.33 14.08 -0.25 15.9
4 71 11.99 -0.25 15.22 12.51 -0.25 15.1667 12.95 -0.25 15.58 10.94 -0.25 19.56
3 330 14.08 -0.25 15.9 13.55 -0.25 15.7 14.08 -0.25 14.94
4 330 14.08 -0.25 14.94 13.55 -0.25 15.7 12.95 -0.25 15.58 12.51 -0.25 15.1667
4 71 9.86 -0.25 15.58 9.9 -0.25 19.24 8.98 -0.25 16.63 8.86 -0.25 16.18
4 330 10.82 -0.25 10.96 11.63 -0.25 11.52 11.55 -0.25 11.73 9.94 -0.25 11.65
4 71 8.78 -0.25 14.54 7.69 -0.25 15.14 7.57 -0.25 14.72 8.17 -0.25 14.14
4 330 10.42 -0.25 10.24 10.1 -0.25 9.88 11.22 -0.25 8.75 11.67 -0.25 10.56
4 0 8.33 -0.25 21.2 8.01 -0.25 21.81 7.65 -0.25 21.36 7.93 -0.25 20.6
4 0 9.66 -0.25 9.48 10.9 -0.25 8.23 11.22 -0.25 8.75 10.1 -0.25 9.88
4 72 6.53 -0.25 20.52 6.93 -0.25 20.36 7.13 -0.25 20.44 7.45 -0.25 21
3 71 8.69 -0.25 15.78 9.86 -0.25 15.58 8.86 -0.25 16.18
4 0 10.94 -0.25 19.56 11.67 -0.25 20.24 10.64 -0.25 19.92 9.9 -0.25 19.24
4 71 9.9 -0.25 19.24 9.42 -0.25 19.12 9.06 -0.25 17.35 8.98 -0.25 16.63
4 71 8.13 -0.25 15.42 7.85 -0.25 15.34 7.69 -0.25 15.14 8.78 -0.25 14.54
4 0 9.46 -0.25 19.72 8.69 -0.25 19.52 9.42 -0.25 19.12 9.9 -0.25 19.24
3 0 9.98 -0.25 19.72 9.9 -0.25 19.24 10.64 -0.25 19.92
3 0 9.98 -0.25 19.72 9.46 -0.25 19.72 9.9 -0.25 19.24
4 71 12.11 -0.25 19.92 13.55 -0.25 15.7 14.08 -0.25 15.9 13.27 -0.25 20.28
3 0 14.08 -0.25 20.48 14.08 -0.25 21.04 13.92 -0.25 20.48
3 0 14.08 -0.25 20.48 15 -0.25 35.33 14.08 -0.25 21.04
4 330 12.55 -0.25 14.78 12.69 -0.25 13.63 12.99 -0.25 12.61 13.88 -0.25 14.5
4 330 13.88 -0.25 14.5 13.65 -0.25 12.71 14.08 -0.25 12.97 14.08 -0.25 14.46
4 71 11.55 -0.25 12.41 12.31 -0.25 11.93 12.67 -0.25 12.09 12.99 -0.25 12.61
4 0 12.55 -0.25 14.78 13.88 -0.25 14.5 14.08 -0.25 14.94 12.51 -0.25 15.1667
4 0 12.55 -0.25 14.78 12.51 -0.25 15.1667 11.99 -0.25 15.22 11.91 -0.25 14.86
3 0 13.88 -0.25 14.5 14.08 -0.25 14.46 14.08 -0.25 14.94
3 0 14.08 -0.25 12.97 15 -0.25 35.33 14.08 -0.25 14.46
3 0 14.08 -0.25 14.46 15 -0.25 35.33 14.08 -0.25 14.94
4 330 12.99 -0.25 11.2 14.08 -0.25 12.37 13.92 -0.25 12.33 13.15 -0.25 11.97
4 71 12.59 -0.25 10.44 12.83 -0.25 10.52 12.99 -0.25 11.2 12.19 -0.25 11.36
4 330 13.65 -0.25 12.71 13.88 -0.25 14.5 12.99 -0.25 12.61 13.03 -0.25 12.33
4 0 14.08 -0.25 12.97 13.65 -0.25 12.71 13.15 -0.25 11.97 13.92 -0.25 12.33
4 71 9.34 -0.25 14.58 9.1 -0.25 14.42 9.86 -0.25 14.1 9.94 -0.25 14.5
4 330 13.55 -0.25 9.48 13.96 -0.25 9.12 14.08 -0.25 9.2 12.99 -0.25 11.2
4 0 11.67 -0.25 10.56 12.59 -0.25 10.44 11.91 -0.25 11.12 11.39 -0.25 10.8
4 0 13.15 -0.25 11.97 13.65 -0.25 12.71 13.03 -0.25 12.33 12.67 -0.25 12.09
3 330 14.08 -0.25 12.37 12.99 -0.25 11.2 14.08 -0.25 9.2
3 0 14.08 -0.25 12.97 13.92 -0.25 12.33 14.08 -0.25 12.37
3 0 14.08 -0.25 12.37 14.08 -0.25 9.2 15 -0.25 35.33
3 0 14.08 -0.25 12.97 14.08 -0.25 12.37 15 -0.25 35.33
4 330 13.67 -0.25 5.82 13.92 -0.25 6.18 13.59 -0.25 5.98 13.59 -0.25 5.86
4 0 13.67 -0.25 8.75 14.08 -0.25 8.43 14.08 -0.25 9.2 13.96 -0.25 9.12
4 330 13.55 -0.25 9.48 12.99 -0.25 11.2 12.83 -0.25 10.52 12.79 -0.25 10.2
4 330 12.83 -0.25 6.87 13.31 -0.25 6.46 13.76 -0.25 6.67 14.04 -0.25 6.91
3 330 12.59 -0.25 10.44 12.79 -0.25 10.2 12.83 -0.25 10.52
4 0 13.8 -0.25 5.54 13.23 -0.25 5.34 13.51 -0.25 4.9 14 -0.25 5.42
3 330 14.04 -0.25 6.91 14.08 -0.25 8.43 13.67 -0.25 8.75
4 0 13.92 -0.25 6.18 14.08 -0.25 6.18 14.04 -0.25 6.91 13.76 -0.25 6.67
3 330 13.11 -0.25 6.5 13.31 -0.25 6.46 12.83 -0.25 6.87
4 330 12.15 -0.25 7.67 12.35 -0.25 7.43 13.67 -0.25 8.75 12.47 -0.25 9.84
4 15 13.96 -0.25 4.34 13.71 -0.25 4.62 13.39 -0.25 3.61 13.71 -0.25 3.07
4 0 13.55 -0.25 9.48 12.47 -0.25 9.84 13.67 -0.25 8.75 13.96 -0.25 9.12
4 72 12.15 -0.25 0.4 13.35 -0.25 3.01 10.1 -0.25 1.77 11.31 -0.25 0.28
4 330 11.22 -0.25 8.75 12.15 -0.25 7.67 12.47 -0.25 9.84 12.07 -0.25 10.2
4 15 12.67 -0.25 4.74 12.87 -0.25 4.42 13.51 -0.25 4.9 13.23 -0.25 5.34
3 0 12.79 -0.25 10.2 12.47 -0.25 9.84 13.55 -0.25 9.48
4 15 12.27 -0.25 5.3 12.27 -0.25 5.26 13.07 -0.25 5.54 12.87 -0.25 5.82
4 15 9.1 -0.25 9.16 9.14 -0.25 8.95 9.66 -0.25 9.48 9.3 -0.25 9.8
4 71 9.54 -0.25 11.16 8.33 -0.25 11.2 8.57 -0.25 10.88 9.42 -0.25 10.92
4 0 10.5 -0.25 7.55 10.06 -0.25 7.63 10.37 -0.25 7.24 10.82 -0.25 7.11
4 71 9.86 -0.25 14.1 8.86 -0.25 14.22 8.65 -0.25 14.1 9.94 -0.25 12.25
4 330 9.42 -0.25 10.52 9.3 -0.25 10.48 9.74 -0.25 10.28 10.18 -0.25 10.52
3 330 10.42 -0.25 10.24 10.1 -0.25 10.04 10.1 -0.25 9.88
4 0 9.74 -0.25 10.28 9.3 -0.25 10.48 9.3 -0.25 9.8 9.66 -0.25 9.48
4 0 10.18 -0.25 10.52 10.1 -0.25 10.04 10.42 -0.25 10.24 10.46 -0.25 10.72
4 330 11.67 -0.25 10.56 11.39 -0.25 10.8 11.22 -0.25 10.84 10.42 -0.25 10.24
4 71 12.55 -0.25 11.61 12.19 -0.25 11.36 12.99 -0.25 11.2 12.91 -0.25 11.81
3 0 12.07 -0.25 10.2 12.59 -0.25 10.44 11.67 -0.25 10.56
3 330 11.22 -0.25 8.75 12.07 -0.25 10.2 11.67 -0.25 10.56
4 0 12.47 -0.25 9.84 12.79 -0.25 10.2 12.59 -0.25 10.44 12.07 -0.25 10.2
3 330 13.67 -0.25 8.75 12.35 -0.25 7.43 12.67 -0.25 7.07
4 330 14.08 -0.25 5.46 14.08 -0.25 6.18 13.92 -0.25 6.18 13.67 -0.25 5.82
3 0 15 -0.25 35.33 14.08 -0.25 9.2 14.08 -0.25 8.43
3 0 15 -0.25 35.33 14.08 -0.25 5.46 14.08 -0.25 4.14
3 0 15 -0.25 35.33 14.08 -0.25 6.18 14.08 -0.25 5.46
4 330 14 -0.25 5.42 14.08 -0.25 5.46 13.67 -0.25 5.82 13.8 -0.25 5.54
4 0 13.96 -0.25 1.77 14.06 -0.25 1.34 14.04 -0.25 2.85 13.96 -0.25 2.77
4 0 12.87 -0.25 5.82 13.59 -0.25 5.86 13.59 -0.25 5.98 13.31 -0.25 6.46
4 0 13.8 -0.25 5.54 13.67 -0.25 5.82 13.59 -0.25 5.86 13.23 -0.25 5.34
4 15 13.71 -0.25 3.07 13.96 -0.25 2.77 14.04 -0.25 2.85 13.96 -0.25 4.34
4 0 13.92 -0.25 6.18 13.76 -0.25 6.67 13.31 -0.25 6.46 13.59 -0.25 5.98
4 0 14.08 -0.25 8.43 14.04 -0.25 6.91 14.08 -0.25 6.18 15 -0.25 35.33
4 72 12.95 -0.25 0.64 13.96 -0.25 1.77 13.71 -0.25 2.29 13.35 -0.25 3.01
4 0 13.35 -0.25 3.01 13.71 -0.25 2.29 13.71 -0.25 3.07 13.39 -0.25 3.61
4 0 13.59 -0.25 5.86 12.87 -0.25 5.82 13.07 -0.25 5.54 13.23 -0.25 5.34
4 0 9.94 -0.25 2.93 9.74 -0.25 4.46 9.38 -0.25 3.25 9.5 -0.25 2.69
3 0 14.08 -0.25 4.14 14.08 -0.25 5.46 13.96 -0.25 4.34
4 15 12.87 -0.25 4.42 13.11 -0.25 4.06 13.71 -0.25 4.74 13.51 -0.25 4.9
4 15 11.87 -0.25 5.8067 12.87 -0.25 5.82 11.99 -0.25 6.9633 11.2367 -0.25 6.6133
4 0 12.87 -0.25 4.42 12.51 -0.25 4.38 12.71 -0.25 4.1 13.11 -0.25 4.06
4 0 12.99 -0.25 3.61 13.39 -0.25 3.61 13.11 -0.25 4.06 12.71 -0.25 4.1
4 0 11.99 -0.25 6.9633 13.11 -0.25 6.5 12.83 -0.25 6.87 12.67 -0.25 7.07
4 0 12.51 -0.25 4.38 12.87 -0.25 4.42 12.67 -0.25 4.74 12.27 -0.25 4.74
4 0 12.27 -0.25 4.74 12.67 -0.25 4.74 12.27 -0.25 5.26 11.91 -0.25 5.26
3 0 12.87 -0.25 5.82 13.31 -0.25 6.46 13.11 -0.25 6.5
4 0 11.91 -0.25 5.26 12.27 -0.25 5.26 12.27 -0.25 5.3 11.87 -0.25 5.8067
4 15 10.82 -0.25 7.11 11.2367 -0.25 6.6133 11.4567 -0.25 7.5767 10.5 -0.25 7.55
4 0 11.55 -0.25 5.74 11.87 -0.25 5.8067 11.2367 -0.25 6.6133 10.82 -0.25 6.67
4 15 9.58 -0.25 8.63 10.14 -0.25 7.95 10.9 -0.25 8.23 9.66 -0.25 9.48
4 15 9.7 -0.25 7.27 10.06 -0.25 7.63 9.38 -0.25 8.39 9.38 -0.25 7.19
4 72 6.51 -0.25 4.055 9.38 -0.25 3.25 9.02 -0.25 5.26 6.85 -0.25 6.02
4 0 8.65 -0.25 7.31 9.38 -0.25 7.03 9.38 -0.25 7.19 9.22 -0.25 8.39
4 71 9.54 -0.25 11.16 9.94 -0.25 11.65 9.94 -0.25 12.25 8.33 -0.25 11.2
4 0 9.74 -0.25 10.28 9.66 -0.25 9.48 10.1 -0.25 9.88 10.1 -0.25 10.04
4 0 9.06 -0.25 9.84 9.3 -0.25 9.8 9.3 -0.25 10.48 8.82 -0.25 10.56
3 15 9.06 -0.25 9.84 9.1 -0.25 9.16 9.3 -0.25 9.8
3 15 9.14 -0.25 8.95 9.58 -0.25 8.63 9.66 -0.25 9.48
4 15 10.9 -0.25 8.23 10.14 -0.25 7.95 10.5 -0.25 7.55 11.4567 -0.25 7.5767
4 0 11.4567 -0.25 7.5767 12.15 -0.25 7.67 11.22 -0.25 8.75 10.9 -0.25 8.23
4 0 11.99 -0.25 6.9633 12.35 -0.25 7.43 12.15 -0.25 7.67 11.4567 -0.25 7.5767
3 15 11.2367 -0.25 6.6133 11.99 -0.25 6.9633 11.4567 -0.25 7.5767
3 0 12.67 -0.25 7.07 12.35 -0.25 7.43 11.99 -0.25 6.9633
3 0 13.11 -0.25 6.5 11.99 -0.25 6.9633 12.87 -0.25 5.82
3 15 11.87 -0.25 5.8067 12.27 -0.25 5.3 12.87 -0.25 5.82
4 15 13.07 -0.25 5.54 12.27 -0.25 5.26 12.67 -0.25 4.74 13.23 -0.25 5.34
4 0 14 -0.25 5.42 13.51 -0.25 4.9 13.71 -0.25 4.74 14.08 -0.25 5.46
4 15 13.71 -0.25 4.74 13.11 -0.25 4.06 13.39 -0.25 3.61 13.71 -0.25 4.62
4 0 13.96 -0.25 4.34 14.08 -0.25 5.46 13.71 -0.25 4.74 13.71 -0.25 4.62
3 15 13.96 -0.25 4.34 14.04 -0.25 2.85 14.08 -0.25 4.14
4 0 15 -0.25 35.33 14.08 -0.25 4.14 14.06 -0.25 1.34 14.08 -0.25 1
4 0 9.38 -0.25 8.39 10.06 -0.25 7.63 10.14 -0.25 7.95 9.58 -0.25 8.63
4 0 10.82 -0.25 6.67 11.2367 -0.25 6.6133 10.82 -0.25 7.11 10.37 -0.25 7.24
4 0 10.1 -0.25 1.77 9.94 -0.25 2.93 9.6 -0.25 2.05 9.74 -0.25 1.28
4 72 9.94 -0.25 2.93 10.1 -0.25 1.77 12.99 -0.25 3.61 12.71 -0.25 4.1
3 15 9.7 -0.25 7.27 9.38 -0.25 7.19 9.42 -0.25 7.15
4 72 10.37 -0.25 7.24 9.7 -0.25 7.27 9.38 -0.25 7.03 10.82 -0.25 6.67
4 72 9.74 -0.25 4.46 11.91 -0.25 5.26 11.55 -0.25 5.74 10.82 -0.25 6.67
3 0 11.91 -0.25 5.26 11.87 -0.25 5.8067 11.55 -0.25 5.74
4 72 11.31 -0.25 0.28 10.1 -0.25 1.77 10.26 -0.25 0.44 10.34 -0.25 0.28
4 0 13.96 -0.25 2.77 13.71 -0.25 3.07 13.71 -0.25 2.29 13.96 -0.25 1.77
3 0 12.99 -0.25 3.61 13.35 -0.25 3.01 13.39 -0.25 3.61
3 72 12.15 -0.25 0.4 12.95 -0.25 0.64 13.35 -0.25 3.01
4 72 13.96 -0.25 1.77 12.95 -0.25 0.64 13.43 -0.25 0.76 14.06 -0.25 1.34
4 0 13.11 -0.25 0.36 13.43 -0.25 0.76 12.95 -0.25 0.64 12.15 -0.25 0.4
3 0 14.06 -0.25 1.34 14.08 -0.25 4.14 14.04 -0.25 2.85
3 72 14.06 -0.25 1.34 13.43 -0.25 0.76 14.08 -0.25 1
4 72 14.08 -0.25 -4.06 14.06 -0.25 0.52 13.92 -0.25 0.6 13.63 -0.25 0.48
3 72 13.35 -0.25 3.01 12.99 -0.25 3.61 10.1 -0.25 1.77
4 0 13.92 -0.25 0.6 14.08 -0.25 1 13.43 -0.25 0.76 13.63 -0.25 0.48
3 72 12.71 -0.25 4.1 12.51 -0.25 4.38 9.94 -0.25 2.93
4 72 13.47 -0.25 -4.26 13.92 -0.25 -4.22 14.08 -0.25 -4.06 11.99 -0.25 0.04
4 72 9.94 -0.25 2.93 12.51 -0.25 4.38 12.27 -0.25 4.74 9.74 -0.25 4.46
4 72 13.47 -0.25 -4.26 11.99 -0.25 0.04 10.82 -0.25 -2.69 13.07 -0.25 -4.34
4 0 10.86 -0.25 -4.7 11.18 -0.25 -4.98 11.18 -0.25 -4.66 10.78 -0.25 -4.22
4 72 11.18 -0.25 -4.66 11.18 -0.25 -4.98 11.43 -0.25 -5.06 11.83 -0.25 -4.86
3 72 9.7 -0.25 -4.46 9.62 -0.25 -4.46 10.46 -0.25 -6.03
3 72 12.27 -0.25 4.74 11.91 -0.25 5.26 9.74 -0.25 4.46
4 0 10.26 -0.25 0.44 9.74 -0.25 1.28 10.1 -0.25 -0.48 10.34 -0.25 0.28
3 72 9.38 -0.25 7.03 9.74 -0.25 4.46 10.82 -0.25 6.67
3 72 9.7 -0.25 7.27 9.42 -0.25 7.15 9.38 -0.25 7.03
3 72 9.42 -0.25 7.15 9.38 -0.25 7.19 9.38 -0.25 7.03
4 15 12.87 -0.25 -10.2 12.87 -0.25 -9.6 11.83 -0.25 -9.84 11.91 -0.25 -10.72
4 0 14.06 -0.25 0.52 14.08 -0.25 -4.06 15 -0.25 -35.33 14.08 -0.25 1
4 15 14.08 -0.25 -6.55 14.08 -0.25 -4.98 13.63 -0.25 -5.02 12.8967 -0.25 -5.3
4 15 13.45 -0.25 -6.89 13.96 -0.25 -6.63 12.8967 -0.25 -5.3 12.35 -0.25 -5.94
4 72 10.62 -0.25 -1.61 10.82 -0.25 -2.69 11.99 -0.25 0.04 11.14 -0.25 -0.08
3 72 12.51 -0.25 -4.54 13.07 -0.25 -4.34 10.82 -0.25 -2.69
4 0 13.63 -0.25 -5.02 13.92 -0.25 -4.22 13.47 -0.25 -4.26 13.07 -0.25 -4.34
4 72 11.99 -0.25 -4.74 10.82 -0.25 -2.69 11.18 -0.25 -4.66 11.83 -0.25 -4.86
3 15 12.35 -0.25 -5.94 12.8967 -0.25 -5.3 12.35 -0.25 -5.74
4 15 10.14 -0.25 -3.74 10.86 -0.25 -4.7 10.78 -0.25 -4.22 10.46 -0.25 -2.53
4 330 11.87 -0.25 -6.99 11.75 -0.25 -7.23 12.03 -0.25 -7.19 11.91 -0.25 -6.99
4 0 11.14 -0.25 -0.08 11.99 -0.25 0.04 11.31 -0.25 0.28 10.34 -0.25 0.28
4 0 11.43 -0.25 -5.06 11.1 -0.25 -5.82 12.35 -0.25 -5.74 11.83 -0.25 -4.86
3 72 12.51 -0.25 -4.54 10.82 -0.25 -2.69 11.99 -0.25 -4.74
4 72 10.38 -0.25 -0.16 10.46 -0.25 -0.68 11.14 -0.25 -0.08 10.42 -0.25 -0.08
4 15 10.3 -0.25 -7.11 9.82 -0.25 -7.59 9.86 -0.25 -7.71 10.38 -0.25 -7.11
4 15 10 -0.25 -2.37 10.14 -0.25 -3.74 10.46 -0.25 -2.53 10.1 -0.25 -0.48
4 72 2.23 -0.25 -11.41 6.53 -0.25 -14.1 7.77 -0.25 -13.7 2.27 -0.25 -11.33
4 72 1.43 -0.25 -20.36 10.66 -0.25 -20.36 3.19 -0.25 -17.07 1.39 -0.25 -20.24
3 0 10.38 -0.25 -0.16 10.1 -0.25 -0.48 10.46 -0.25 -0.68
4 0 10.38 -0.25 -0.16 10.42 -0.25 -0.08 10.34 -0.25 0.28 10.1 -0.25 -0.48
3 0 10.34 -0.25 0.28 10.42 -0.25 -0.08 11.14 -0.25 -0.08
3 72 11.14 -0.25 -0.08 10.46 -0.25 -0.68 10.62 -0.25 -1.61
4 0 12.15 -0.25 0.4 11.31 -0.25 0.28 11.99 -0.25 0.04 13.11 -0.25 0.36
4 72 13.11 -0.25 0.36 11.99 -0.25 0.04 14.08 -0.25 -4.06 13.63 -0.25 0.48
3 0 13.63 -0.25 0.48 13.43 -0.25 0.76 13.11 -0.25 0.36
3 0 13.92 -0.25 0.6 14.06 -0.25 0.52 14.08 -0.25 1
3 0 14.08 -0.25 -7.03 14.08 -0.25 -7.83 15 -0.25 -35.33
3 0 14.08 -0.25 -4.98 14.08 -0.25 -6.55 15 -0.25 -35.33
4 15 13.45 -0.25 -6.89 12.35 -0.25 -5.94 12.63 -0.25 -7.07 12.75 -0.25 -7.23
4 0 14.08 -0.25 -6.55 13.96 -0.25 -6.63 13.96 -0.25 -6.99 14.08 -0.25 -7.03
3 15 12.63 -0.25 -7.23 12.75 -0.25 -7.23 12.63 -0.25 -7.07
4 0 13.96 -0.25 -6.99 13.96 -0.25 -6.63 13.45 -0.25 -6.89 13.53 -0.25 -7.17
4 0 12.31 -0.25 -8.27 12.51 -0.25 -8.03 11.91 -0.25 -7.83 11.59 -0.25 -8.43
4 15 13.67 -0.25 -8.2033 13.53 -0.25 -7.17 12.87 -0.25 -7.63 13.31 -0.25 -8.56
4 0 12.75 -0.25 -7.23 12.87 -0.25 -7.63 13.53 -0.25 -7.17 13.45 -0.25 -6.89
4 0 11.1 -0.25 -5.82 11.18 -0.25 -6.71 12.35 -0.25 -5.94 12.35 -0.25 -5.74
4 0 12.8967 -0.25 -5.3 11.99 -0.25 -4.74 11.83 -0.25 -4.86 12.35 -0.25 -5.74
4 0 12.8967 -0.25 -5.3 13.07 -0.25 -4.34 12.51 -0.25 -4.54 11.99 -0.25 -4.74
3 15 14.08 -0.25 -6.55 12.8967 -0.25 -5.3 13.96 -0.25 -6.63
3 0 13.07 -0.25 -4.34 12.8967 -0.25 -5.3 13.63 -0.25 -5.02
4 0 14.08 -0.25 -4.06 13.92 -0.25 -4.22 13.63 -0.25 -5.02 14.08 -0.25 -4.98
3 0 14.08 -0.25 -4.06 14.08 -0.25 -4.98 15 -0.25 -35.33
4 15 14.08 -0.25 -7.83 14.08 -0.25 -7.03 13.96 -0.25 -6.99 13.53 -0.25 -7.17
4 15 13.67 -0.25 -8.2033 14 -0.25 -8.03 14.08 -0.25 -7.83 13.53 -0.25 -7.17
4 15 14.06 -0.25 -8.64 14.08 -0.25 -8.39 13.96 -0.25 -8.39 13.67 -0.25 -8.64
4 15 12.35 -0.25 -11.69 12.69 -0.25 -12.05 13.19 -0.25 -11.09 12.07 -0.25 -11.13
4 0 14.08 -0.25 -7.83 14 -0.25 -8.03 13.96 -0.25 -8.39 14.08 -0.25 -8.39
4 15 13.31 -0.25 -8.56 12.51 -0.25 -8.03 12.31 -0.25 -8.27 13.03 -0.25 -9.04
4 15 13.03 -0.25 -9.04 12.31 -0.25 -8.27 11.95 -0.25 -9.04 12.87 -0.25 -9.6
4 0 13.67 -0.25 -8.64 13.67 -0.25 -8.2033 13.31 -0.25 -8.56 13.51 -0.25 -8.84
4 0 13.39 -0.25 -9 13.31 -0.25 -8.56 13.03 -0.25 -9.04 13.39 -0.25 -9.16
4 15 12.99 -0.25 -10.68 12.95 -0.25 -10.48 11.91 -0.25 -10.72 12.07 -0.25 -11.13
4 0 13.39 -0.25 -9.16 13.03 -0.25 -9.04 12.87 -0.25 -9.6 13.8 -0.25 -9.76
4 15 13.31 -0.25 -11.21 13.19 -0.25 -11.09 12.69 -0.25 -12.05 13.59 -0.25 -11.81
4 0 14.06 -0.25 -8.64 13.55 -0.25 -9.16 14 -0.25 -9.6 14.08 -0.25 -9.64
4 0 12.87 -0.25 -10.2 12.95 -0.25 -10.48 13.71 -0.25 -10.04 12.87 -0.25 -9.6
4 15 13.59 -0.25 -11.81 12.69 -0.25 -12.05 13.07 -0.25 -12.37 13.63 -0.25 -12.37
4 0 13.71 -0.25 -10.76 12.95 -0.25 -10.48 12.99 -0.25 -10.68 13.19 -0.25 -11.09
4 15 13.35 -0.25 -12.57 13.59 -0.25 -12.57 13.63 -0.25 -12.37 13.07 -0.25 -12.37
4 0 13.71 -0.25 -13.21 13.71 -0.25 -13.29 14.04 -0.25 -14.22 14 -0.25 -11.01
4 0 13.63 -0.25 -13.37 13.43 -0.25 -14.02 14.04 -0.25 -14.22 13.71 -0.25 -13.29
4 0 14.04 -0.25 -34.26 -14 -0.25 -34.26 -15 -0.25 -35.33 15 -0.25 -35.33
4 330 11.22 -0.25 -20.56 11.43 -0.25 -24.82 14.08 -0.25 -26.91 13.43 -0.25 -14.02
3 330 14.08 -0.25 -26.91 11.43 -0.25 -24.82 11.53 -0.25 -26.95
3 15 13.19 -0.25 -11.09 12.99 -0.25 -10.68 12.07 -0.25 -11.13
4 330 11.06 -0.25 -16.11 11.14 -0.25 -17.87 13.43 -0.25 -14.02 12.83 -0.25 -13.7
4 15 12.27 -0.25 -12.01 12.19 -0.25 -12.17 12.31 -0.25 -12.45 12.9233 -0.25 -12.61
3 15 12.87 -0.25 -10.2 11.91 -0.25 -10.72 12.95 -0.25 -10.48
3 15 11.83 -0.25 -9.84 12.87 -0.25 -9.6 11.95 -0.25 -9.04
4 0 11.63 -0.25 -12.45 11.99 -0.25 -13.01 12.31 -0.25 -12.45 12.19 -0.25 -12.17
4 330 10.86 -0.25 -10.97 11.27 -0.25 -11.25 11.22 -0.25 -9.56 10.86 -0.25 -8.35
4 0 11.39 -0.25 -11.77 12.35 -0.25 -11.69 12.07 -0.25 -11.13 11.27 -0.25 -11.25
4 0 11.91 -0.25 -10.72 11.83 -0.25 -9.84 11.22 -0.25 -9.56 11.27 -0.25 -11.25
4 0 11.22 -0.25 -9.56 11.83 -0.25 -9.84 11.95 -0.25 -9.04 11.35 -0.25 -9
4 0 12.63 -0.25 -7.23 11.91 -0.25 -7.83 12.51 -0.25 -8.03 12.87 -0.25 -7.63
3 0 12.75 -0.25 -7.23 12.63 -0.25 -7.23 12.87 -0.25 -7.63
3 15 13.31 -0.25 -8.56 12.87 -0.25 -7.63 12.51 -0.25 -8.03
3 0 15 -0.25 -35.33 14.08 -0.25 -6.55 14.08 -0.25 -7.03
4 0 13.71 -0.25 -10.76 13.19 -0.25 -11.09 13.31 -0.25 -11.21 13.88 -0.25 -11.01
4 0 14.06 -0.25 -8.64 14.08 -0.25 -9.64 15 -0.25 -35.33 14.08 -0.25 -8.39
4 15 13.55 -0.25 -9.16 13.67 -0.25 -8.64 13.51 -0.25 -8.84 13.39 -0.25 -9
4 0 13.55 -0.25 -9.16 13.39 -0.25 -9.16 13.8 -0.25 -9.76 14 -0.25 -9.6
3 15 13.39 -0.25 -9.16 13.55 -0.25 -9.16 13.39 -0.25 -9
3 0 13.39 -0.25 -9 13.51 -0.25 -8.84 13.31 -0.25 -8.56
3 15 13.55 -0.25 -9.16 14.06 -0.25 -8.64 13.67 -0.25 -8.64
4 0 13.96 -0.25 -8.39 14 -0.25 -8.03 13.67 -0.25 -8.2033 13.67 -0.25 -8.64
3 0 15 -0.25 -35.33 14.08 -0.25 -7.83 14.08 -0.25 -8.39
4 0 13.88 -0.25 -11.01 13.31 -0.25 -11.21 13.59 -0.25 -11.81 14 -0.25 -11.01
4 0 14.08 -0.25 -9.64 14.04 -0.25 -10.56 14.04 -0.25 -14.22 15 -0.25 -35.33
4 0 14 -0.25 -11.01 13.59 -0.25 -11.81 13.63 -0.25 -12.37 13.71 -0.25 -13.21
3 330 14.04 -0.25 -14.22 13.43 -0.25 -14.02 14.08 -0.25 -26.91
4 330 13.71 -0.25 -10.76 13.88 -0.25 -11.01 14 -0.25 -11.01 14.04 -0.25 -10.56
3 0 13.71 -0.25 -10.76 13.71 -0.25 -10.04 12.95 -0.25 -10.48
4 330 13.71 -0.25 -10.04 13.71 -0.25 -10.76 14.04 -0.25 -10.56 14 -0.25 -9.6
3 0 13.71 -0.25 -10.04 13.8 -0.25 -9.76 12.87 -0.25 -9.6
3 330 14 -0.25 -9.6 13.8 -0.25 -9.76 13.71 -0.25 -10.04
3 330 14.08 -0.25 -9.64 14 -0.25 -9.6 14.04 -0.25 -10.56
3 330 13.43 -0.25 -14.02 11.14 -0.25 -17.87 11.22 -0.25 -20.56
3 0 14.08 -0.25 -26.91 14.04 -0.25 -34.26 15 -0.25 -35.33
4 330 11.06 -0.25 -16.11 12.83 -0.25 -13.7 12.63 -0.25 -13.62 10.98 -0.25 -13.54
4 71 11.55 -0.25 -28.56 14.04 -0.25 -34.26 14.08 -0.25 -26.91 11.53 -0.25 -26.95
3 330 11.99 -0.25 -13.01 10.98 -0.25 -13.54 12.63 -0.25 -13.62
4 0 11.55 -0.25 -28.56 10.98 -0.25 -27.75 10.94 -0.25 -27.91 10.94 -0.25 -28.52
4 0 10.66 -0.25 -20.36 1.43 -0.25 -20.36 1.35 -0.25 -21.25 10.66 -0.25 -21.21
4 72 1.35 -0.25 -21.25 0.9 -0.25 -22.09 0.86 -0.25 -27.79 10.82 -0.25 -24.18
3 0 11.91 -0.25 -10.72 11.27 -0.25 -11.25 12.07 -0.25 -11.13
4 0 2.75 -0.25 -15.94 2.27 -0.25 -15.62 2.51 -0.25 -16.39 2.79 -0.25 -16.11
4 330 10.86 -0.25 -8.35 11.22 -0.25 -9.56 11.35 -0.25 -9 11.06 -0.25 -8.23
4 72 1.47 -0.25 -11.33 1.83 -0.25 -13.37 1.71 -0.25 -11.41 1.63 -0.25 -11.29
4 0 -0.78 -0.25 -27.73 -0.3 -0.25 -28.03 -0.22 -0.25 -22.09 -0.86 -0.25 -26.07
4 330 11.06 -0.25 -8.23 11.35 -0.25 -9 11.59 -0.25 -8.43 11.51 -0.25 -8.23
4 15 10.46 -0.25 -6.03 11.18 -0.25 -6.71 11.1 -0.25 -5.82 10.86 -0.25 -4.7
4 0 11.91 -0.25 -7.83 11.79 -0.25 -7.71 11.51 -0.25 -8.23 11.59 -0.25 -8.43
4 0 11.95 -0.25 -9.04 12.31 -0.25 -8.27 11.59 -0.25 -8.43 11.35 -0.25 -9
4 330 11.39 -0.25 -11.77 11.27 -0.25 -11.25 10.86 -0.25 -10.97 10.98 -0.25 -13.54
4 0 12.9233 -0.25 -12.61 13.07 -0.25 -12.37 12.69 -0.25 -12.05 12.27 -0.25 -12.01
4 0 12.19 -0.25 -12.01 12.35 -0.25 -11.69 11.39 -0.25 -11.77 11.63 -0.25 -12.45
3 330 11.39 -0.25 -11.77 10.98 -0.25 -13.54 11.63 -0.25 -12.45
3 330 11.63 -0.25 -12.45 10.98 -0.25 -13.54 11.99 -0.25 -13.01
4 15 13.59 -0.25 -13.05 13.01 -0.25 -13.11 13.31 -0.25 -13.29 13.63 -0.25 -13.37
3 0 14.04 -0.25 -14.22 14.08 -0.25 -26.91 15 -0.25 -35.33
3 0 14.04 -0.25 -14.22 14.04 -0.25 -10.56 14 -0.25 -11.01
4 71 0.3 -0.25 -26.83 -0.22 -0.25 -26.91 -0.3 -0.25 -28.03 0.34 -0.25 -33.37
3 0 11.55 -0.25 -28.56 10.94 -0.25 -28.52 11.02 -0.25 -29.6
4 71 14.04 -0.25 -34.26 -0.38 -0.25 -33.33 -11.75 -0.25 -33.29 -14 -0.25 -34.26
3 71 11.75 -0.25 -33.37 0.34 -0.25 -33.37 14.04 -0.25 -34.26
4 0 11.18 -0.25 -32.85 11.75 -0.25 -33.37 11.55 -0.25 -28.56 11.02 -0.25 -29.6
3 71 -0.38 -0.25 -33.33 0.34 -0.25 -33.37 -0.3 -0.25 -28.03
3 71 0.06 -0.25 -26.75 -0.22 -0.25 -26.91 0.3 -0.25 -26.83
4 0 -0.9 -0.25 -28.52 -0.86 -0.25 -29.6 -0.3 -0.25 -28.03 -0.9 -0.25 -27.95
4 330 0.06 -0.25 -26.75 0.3 -0.25 -26.83 0.26 -0.25 -22.09 -0.22 -0.25 -22.09
4 72 -0.94 -0.25 -21.93 -1.14 -0.25 -21.45 -1.39 -0.25 -21.25 -0.86 -0.25 -26.07
4 71 -11.55 -0.25 -28.56 -11.55 -0.25 -26.95 -14.04 -0.25 -26.95 -14 -0.25 -34.26
3 71 -11.55 -0.25 -28.56 -14 -0.25 -34.26 -11.75 -0.25 -33.29
4 0 -0.74 -0.25 -30.56 -0.38 -0.25 -33.33 -0.3 -0.25 -28.03 -0.86 -0.25 -29.6
4 72 -1.75 -0.25 -32.77 -0.74 -0.25 -32.77 -0.74 -0.25 -30.56 -0.86 -0.25 -29.6
3 71 0.34 -0.25 -33.37 -0.38 -0.25 -33.33 14.04 -0.25 -34.26
4 72 5.98 -0.25 -1.73 9.74 -0.25 -0.36 5.6 -0.25 1.2 5.1067 -0.25 0.4133
4 0 10.78 -0.25 -4.22 11.18 -0.25 -4.66 10.82 -0.25 -2.69 10.46 -0.25 -2.53
3 71 11.75 -0.25 -33.37 14.04 -0.25 -34.26 11.55 -0.25 -28.56
3 0 -14.04 -0.25 -26.95 -15 -0.25 -35.33 -14 -0.25 -34.26
4 0 13.43 -0.25 -14.02 13.63 -0.25 -13.37 13.31 -0.25 -13.29 12.83 -0.25 -13.7
4 0 13.35 -0.25 -12.57 12.9233 -0.25 -12.61 13.59 -0.25 -13.05 13.59 -0.25 -12.57
4 0 13.01 -0.25 -13.11 12.63 -0.25 -13.62 12.83 -0.25 -13.7 13.31 -0.25 -13.29
4 15 13.01 -0.25 -13.11 13.59 -0.25 -13.05 12.9233 -0.25 -12.61 12.63 -0.25 -12.81
4 0 12.63 -0.25 -12.81 11.99 -0.25 -13.01 12.63 -0.25 -13.62 13.01 -0.25 -13.11
3 0 12.31 -0.25 -12.45 11.99 -0.25 -13.01 12.63 -0.25 -12.81
3 15 12.19 -0.25 -12.01 12.19 -0.25 -12.17 12.27 -0.25 -12.01
3 0 12.19 -0.25 -12.17 12.19 -0.25 -12.01 11.63 -0.25 -12.45
3 0 12.35 -0.25 -11.69 12.19 -0.25 -12.01 12.27 -0.25 -12.01
3 0 12.35 -0.25 -11.69 12.27 -0.25 -12.01 12.69 -0.25 -12.05
3 15 12.9233 -0.25 -12.61 12.31 -0.25 -12.45 12.63 -0.25 -12.81
3 0 12.9233 -0.25 -12.61 13.35 -0.25 -12.57 13.07 -0.25 -12.37
4 15 13.71 -0.25 -13.21 13.59 -0.25 -13.05 13.63 -0.25 -13.37 13.71 -0.25 -13.29
4 0 13.71 -0.25 -13.21 13.63 -0.25 -12.37 13.59 -0.25 -12.57 13.59 -0.25 -13.05
4 0 11.39 -0.25 10.8 11.91 -0.25 11.12 11.63 -0.25 11.52 11.22 -0.25 10.84
4 71 11.91 -0.25 11.12 12.59 -0.25 10.44 12.19 -0.25 11.36 11.91 -0.25 11.2
4 0 12.91 -0.25 11.81 13.15 -0.25 11.97 12.67 -0.25 12.09 12.55 -0.25 11.61
4 0 11.83 -0.25 11.61 11.63 -0.25 11.52 11.91 -0.25 11.2 12.19 -0.25 11.36
3 71 12.99 -0.25 11.2 13.15 -0.25 11.97 12.91 -0.25 11.81
4 71 8.57 -0.25 10.88 8.73 -0.25 10.6 8.82 -0.25 10.56 9.42 -0.25 10.92
4 0 9.14 -0.25 8.95 9.1 -0.25 9.16 8.29 -0.25 9.2 9.22 -0.25 8.39
4 0 8.25 -0.25 10.28 9.06 -0.25 9.84 8.82 -0.25 10.56 8.73 -0.25 10.6
4 0 8.29 -0.25 9.2 9.1 -0.25 9.16 9.06 -0.25 9.84 8.25 -0.25 10.28
4 71 7.89 -0.25 11.44 9.94 -0.25 12.25 7.93 -0.25 13.53 7.77 -0.25 13.41
4 71 7.89 -0.25 11.44 7.77 -0.25 13.41 7.33 -0.25 13.01 7.49 -0.25 11.48
4 0 7.6633 -0.25 13.7167 6.93 -0.25 13.13 7.33 -0.25 13.01 7.77 -0.25 13.41
4 0 8.13 -0.25 10.72 8.73 -0.25 10.6 8.57 -0.25 10.88 8.33 -0.25 11.2
4 71 7.49 -0.25 11.48 7.33 -0.25 13.01 6.93 -0.25 12.69 5.84 -0.25 11.57
4 0 9.86 -0.25 15.58 9.62 -0.25 15.22 10.14 -0.25 15.1 10.38 -0.25 15.1
4 71 3.07 -0.25 32.73 4.04 -0.25 32.41 3.19 -0.25 32.81 3.11 -0.25 32.81
4 72 5.64 -0.25 10.08 6.61 -0.25 10.44 5.8 -0.25 11 5.64 -0.25 10.88
4 71 6.93 -0.25 13.13 7.6633 -0.25 13.7167 6.73 -0.25 13.49 6.33 -0.25 13.13
3 71 9.94 -0.25 12.25 8.65 -0.25 14.1 7.93 -0.25 13.53
4 0 7.6633 -0.25 13.7167 7.77 -0.25 13.41 7.93 -0.25 13.53 8.17 -0.25 14.14
4 0 11.22 -0.25 10.84 11.63 -0.25 11.52 10.82 -0.25 10.96 10.42 -0.25 10.24
4 0 8.17 -0.25 14.14 7.93 -0.25 13.53 8.65 -0.25 14.1 8.78 -0.25 14.54
4 71 11.55 -0.25 11.73 11.63 -0.25 11.52 11.83 -0.25 11.61 11.55 -0.25 12.41
4 0 8.78 -0.25 14.54 8.65 -0.25 14.1 8.86 -0.25 14.22 9.1 -0.25 14.42
4 71 10.38 -0.25 15.1 10.14 -0.25 14.82 10.7 -0.25 14.82 11.91 -0.25 14.86
4 71 11.55 -0.25 12.41 12.99 -0.25 12.61 12.69 -0.25 13.63 11.39 -0.25 13.21
4 0 9.34 -0.25 14.58 10.14 -0.25 15.1 9.62 -0.25 15.14 9.34 -0.25 14.94
4 0 11.99 -0.25 15.22 9.86 -0.25 15.58 10.38 -0.25 15.1 11.91 -0.25 14.86
4 71 11.27 -0.25 13.69 11.39 -0.25 13.21 12.69 -0.25 13.63 11.31 -0.25 14.22
3 0 11.91 -0.25 11.12 11.91 -0.25 11.2 11.63 -0.25 11.52
3 71 13.03 -0.25 12.33 12.99 -0.25 12.61 12.67 -0.25 12.09
4 71 10.14 -0.25 15.1 9.34 -0.25 14.58 10.14 -0.25 14.82 10.38 -0.25 15.1
4 330 9.94 -0.25 12.25 9.94 -0.25 11.65 11.55 -0.25 12.41 11.39 -0.25 13.21
4 71 11.31 -0.25 14.22 12.69 -0.25 13.63 12.55 -0.25 14.78 11.91 -0.25 14.86
4 330 10.7 -0.25 14.82 9.94 -0.25 14.5 9.86 -0.25 14.1 11.18 -0.25 14.54
4 330 9.86 -0.25 14.1 11.27 -0.25 13.69 11.31 -0.25 14.22 11.18 -0.25 14.54
3 71 11.91 -0.25 14.86 11.18 -0.25 14.54 11.31 -0.25 14.22
3 71 10.7 -0.25 14.82 11.18 -0.25 14.54 11.91 -0.25 14.86
3 330 10.14 -0.25 14.82 9.94 -0.25 14.5 10.7 -0.25 14.82
3 71 9.34 -0.25 14.58 9.94 -0.25 14.5 10.14 -0.25 14.82
3 71 8.86 -0.25 14.22 9.86 -0.25 14.1 9.1 -0.25 14.42
4 330 11.39 -0.25 13.21 11.27 -0.25 13.69 9.86 -0.25 14.1 9.94 -0.25 12.25
3 71 8.33 -0.25 11.2 9.94 -0.25 12.25 7.89 -0.25 11.44
4 330 10.46 -0.25 10.72 10.82 -0.25 10.96 9.94 -0.25 11.65 9.54 -0.25 11.16
3 330 11.55 -0.25 12.41 9.94 -0.25 11.65 11.55 -0.25 11.73
4 330 10.18 -0.25 10.52 9.54 -0.25 11.16 9.42 -0.25 10.92 9.42 -0.25 10.52
4 71 9.42 -0.25 10.92 8.82 -0.25 10.56 9.3 -0.25 10.48 9.42 -0.25 10.52
4 0 12.55 -0.25 11.61 12.67 -0.25 12.09 12.31 -0.25 11.93 12.19 -0.25 11.36
3 71 11.83 -0.25 11.61 12.31 -0.25 11.93 11.55 -0.25 12.41
3 0 12.31 -0.25 11.93 11.83 -0.25 11.61 12.19 -0.25 11.36
4 330 11.79 -0.25 -7.71 11.91 -0.25 -7.83 12.03 -0.25 -7.55 11.75 -0.25 -7.23
3 0 12.03 -0.25 -7.55 11.91 -0.25 -7.83 12.63 -0.25 -7.23
4 0 11.14 -0.25 -7.67 11.06 -0.25 -8.23 11.51 -0.25 -8.23 11.79 -0.25 -7.71
4 15 10.38 -0.25 -7.11 9.86 -0.25 -7.71 11.14 -0.25 -7.67 11.18 -0.25 -6.71
3 15 10.54 -0.25 -6.83 10.38 -0.25 -7.11 11.18 -0.25 -6.71
4 0 12.63 -0.25 -7.07 11.91 -0.25 -6.99 12.03 -0.25 -7.19 12.63 -0.25 -7.23
4 0 11.87 -0.25 -6.99 11.91 -0.25 -6.99 12.35 -0.25 -5.94 11.18 -0.25 -6.71
3 0 12.35 -0.25 -5.94 11.91 -0.25 -6.99 12.63 -0.25 -7.07
3 330 12.03 -0.25 -7.19 11.75 -0.25 -7.23 12.03 -0.25 -7.55
3 0 12.63 -0.25 -7.23 12.03 -0.25 -7.19 12.03 -0.25 -7.55
3 0 10.42 -0.25 10.24 10.82 -0.25 10.96 10.46 -0.25 10.72
3 330 9.54 -0.25 11.16 10.18 -0.25 10.52 10.46 -0.25 10.72
3 0 9.74 -0.25 10.28 10.1 -0.25 10.04 10.18 -0.25 10.52
4 71 3.23 -0.25 34.14 3.15 -0.25 33.33 4.4 -0.25 32.57 4.44 -0.25 32.57
4 71 10.82 -0.25 32.49 11.18 -0.25 33.25 9.58 -0.25 31.85 10.42 -0.25 31.97
3 0 10.82 -0.25 32.37 11.18 -0.25 32.01 10.82 -0.25 32.49
4 0 10.1 -0.25 30.86 10.46 -0.25 30.58 10.7 -0.25 31.12 10.26 -0.25 31.26
4 0 11.0067 -0.25 31.51 10.62 -0.25 32.05 10.42 -0.25 31.97 10.26 -0.25 31.26
4 71 7.33 -0.25 31.89 9.58 -0.25 31.85 11.18 -0.25 33.25 11.55 -0.25 34.26
4 71 9.3 -0.25 31.24 9.74 -0.25 30.08 10.1 -0.25 30.86 10.18 -0.25 31.32
4 71 8.86 -0.25 29.36 9.3 -0.25 29.2 9.54 -0.25 29.72 8.49 -0.25 29.6
4 71 6.49 -0.25 32.05 7.33 -0.25 31.89 11.55 -0.25 34.26 3.23 -0.25 34.14
4 71 8.49 -0.25 29.6 9.54 -0.25 29.72 9.74 -0.25 30.08 9.3 -0.25 31.24
4 71 5.6 -0.25 32.21 6.49 -0.25 32.05 3.23 -0.25 34.14 4.44 -0.25 32.57
4 0 10.06 -0.25 22.85 10.22 -0.25 23.49 9.54 -0.25 23.25 9.34 -0.25 22.85
3 71 4.4 -0.25 32.57 3.15 -0.25 33.33 3.23 -0.25 33.13
4 0 7.33 -0.25 31.89 6.49 -0.25 32.05 6.65 -0.25 31.52 7.29 -0.25 31.44
4 71 2.95 -0.25 31.2 2.99 -0.25 31.12 3.35 -0.25 31.12 4.04 -0.25 32.41
4 0 3.23 -0.25 33.13 3.15 -0.25 33.33 2.51 -0.25 33.01 3.11 -0.25 32.81
3 71 3.23 -0.25 34.14 11.55 -0.25 34.26 3.23 -0.25 34.26
4 0 2.59 -0.25 33.85 3.15 -0.25 33.33 3.23 -0.25 34.14 3.23 -0.25 34.26
4 0 3.23 -0.25 34.26 11.55 -0.25 34.26 15 -0.25 35.33 2.47 -0.25 34.3
4 71 11.55 -0.25 34.26 11.18 -0.25 33.25 11.55 -0.25 34.06 11.59 -0.25 34.22
3 0 11.55 -0.25 34.26 11.59 -0.25 34.22 12.27 -0.25 34.22
4 0 11.59 -0.25 23.85 12.03 -0.25 24.3 11.31 -0.25 24.62 11.1 -0.25 24.14
4 71 11.31 -0.25 23.49 11.55 -0.25 23.69 11.1 -0.25 24.14 11.14 -0.25 23.37
3 0 11.14 -0.25 23.37 10.54 -0.25 22.93 10.81 -0.25 22.68
3 0 10.54 -0.25 22.93 10.14 -0.25 22.65 10.81 -0.25 22.68
3 71 10.06 -0.25 22.85 10.14 -0.25 22.65 10.54 -0.25 22.93
4 71 7.57 -0.25 29.68 8.01 -0.25 31.32 6.89 -0.25 30.04 7.33 -0.25 29.6
4 0 9.94 -0.25 22.55 10.06 -0.25 22.85 9.34 -0.25 22.85 9.32 -0.25 22.11
4 71 10.34 -0.25 23.97 11.1 -0.25 24.14 10.74 -0.25 24.34 10.34 -0.25 24.42
3 71 10.74 -0.25 24.34 10.42 -0.25 24.5 10.34 -0.25 24.42
4 0 10.34 -0.25 24.42 10.42 -0.25 24.5 9.9 -0.25 25.34 9.74 -0.25 25.1
4 0 9.74 -0.25 24.18 10.22 -0.25 23.49 10.34 -0.25 23.97 10.34 -0.25 24.42
4 0 10.66 -0.25 24.94 10.54 -0.25 25.06 10.42 -0.25 24.5 10.74 -0.25 24.34
4 0 11.31 -0.25 24.62 10.66 -0.25 24.94 10.74 -0.25 24.34 11.1 -0.25 24.14
3 71 11.55 -0.25 23.69 11.59 -0.25 23.85 11.1 -0.25 24.14
4 0 0.9 -0.25 -28.8 0.86 -0.25 -27.79 0.3 -0.25 -26.83 0.9 -0.25 -29.64
4 15 10.94 -0.25 -28.52 0.94 -0.25 -28.52 0.9 -0.25 -28.8 0.9 -0.25 -29.64
4 0 0.34 -0.25 -33.37 11.75 -0.25 -33.37 11.18 -0.25 -32.85 0.82 -0.25 -32.77
4 72 11.18 -0.25 -32.85 11.02 -0.25 -29.6 0.9 -0.25 -29.64 0.82 -0.25 -32.77
4 0 0.9 -0.25 -29.64 0.3 -0.25 -26.83 0.34 -0.25 -33.37 0.82 -0.25 -32.77
4 0 9.66 -0.25 -4.26 9.5 -0.25 -4.26 9.62 -0.25 -4.46 9.7 -0.25 -4.3
4 0 8.59 -0.25 -3.84 8.0367 -0.25 -3.4167 8.01 -0.25 -3.86 8.25 -0.25 -4.02
3 0 10.26 -0.25 0.44 10.1 -0.25 1.77 9.74 -0.25 1.28
4 0 10.86 -0.25 -10.97 10.22 -0.25 -10.72 10.18 -0.25 -11.33 10.3 -0.25 -11.49
4 72 10.3 -0.25 -7.11 10.54 -0.25 -6.83 10.46 -0.25 -6.03 9.82 -0.25 -7.59
4 72 10.26 -0.25 -10.68 9.54 -0.25 -9.76 9.54 -0.25 -10 9.94 -0.25 -10.64
4 0 11.14 -0.25 -7.67 9.86 -0.25 -7.71 10.86 -0.25 -8.35 11.06 -0.25 -8.23
3 72 10.3 -0.25 -7.11 10.38 -0.25 -7.11 10.54 -0.25 -6.83
4 0 11.18 -0.25 -6.71 11.14 -0.25 -7.67 11.75 -0.25 -7.23 11.87 -0.25 -6.99
4 72 8.88 -0.25 -4.26 9.82 -0.25 -7.59 10.46 -0.25 -6.03 9.62 -0.25 -4.46
4 72 2.15 -0.25 -7.63 9.86 -0.25 -7.71 9.82 -0.25 -7.59 8.25 -0.25 -4.02
4 72 3.8 -0.25 -16.55 3.51 -0.25 -16.83 10.66 -0.25 -20.36 4.38 -0.25 -16.065
4 0 10.62 -0.25 -1.61 10.1 -0.25 -0.48 10.46 -0.25 -2.53 10.82 -0.25 -2.69
4 15 9.74 -0.25 -0.36 10 -0.25 -2.37 10.1 -0.25 -0.48 9.74 -0.25 1.28
4 0 1.59 -0.25 -10.48 2.15 -0.25 -10.56 2.15 -0.25 -8.56 1.59 -0.25 -8.6
4 15 9.58 -0.25 1.69 9.74 -0.25 -0.36 9.74 -0.25 1.28 9.6 -0.25 2.05
3 0 10.46 -0.25 -0.68 10.1 -0.25 -0.48 10.62 -0.25 -1.61
3 15 10.46 -0.25 -6.03 10.86 -0.25 -4.7 10.14 -0.25 -3.74
3 0 11.1 -0.25 -5.82 11.18 -0.25 -4.98 10.86 -0.25 -4.7
3 0 11.43 -0.25 -5.06 11.18 -0.25 -4.98 11.1 -0.25 -5.82
3 15 10.46 -0.25 -6.03 10.54 -0.25 -6.83 11.18 -0.25 -6.71
3 0 11.75 -0.25 -7.23 11.14 -0.25 -7.67 11.79 -0.25 -7.71
4 0 1.14 -0.25 -27.95 0.94 -0.25 -28.52 10.94 -0.25 -28.52 10.78 -0.25 -27.95
4 72 10.98 -0.25 -27.75 10.82 -0.25 -24.18 0.86 -0.25 -27.79 1.14 -0.25 -27.95
3 15 0.9 -0.25 -29.64 11.02 -0.25 -29.6 10.94 -0.25 -28.52
4 0 10.98 -0.25 -27.75 11.55 -0.25 -28.56 11.53 -0.25 -26.95 10.82 -0.25 -24.18
4 72 10.98 -0.25 -27.75 1.14 -0.25 -27.95 10.78 -0.25 -27.95 10.94 -0.25 -27.91
3 0 10.78 -0.25 -27.95 10.94 -0.25 -28.52 10.94 -0.25 -27.91
3 0 0.94 -0.25 -27.87 0.94 -0.25 -28.52 1.14 -0.25 -27.95
3 72 0.86 -0.25 -27.79 0.94 -0.25 -27.87 1.14 -0.25 -27.95
4 0 0.94 -0.25 -28.52 0.94 -0.25 -27.87 0.86 -0.25 -27.79 0.9 -0.25 -28.8
4 0 0.3 -0.25 -26.83 0.86 -0.25 -27.79 0.9 -0.25 -22.09 0.26 -0.25 -22.09
4 72 -1.43 -0.25 -20.32 -2.67 -0.25 -16.87 -2.95 -0.25 -17.23 -1.51 -0.25 -20.36
3 330 -0.3 -0.25 -28.03 -0.22 -0.25 -26.91 -0.22 -0.25 -22.09
4 0 0.5 -0.25 -21.37 -0.46 -0.25 -21.37 -0.22 -0.25 -22.09 0.26 -0.25 -22.09
3 72 1.39 -0.25 -20.24 2.71 -0.25 -16.79 2.51 -0.25 -16.39
4 0 0.74 -0.25 -21.21 0.9 -0.25 -22.09 1.22 -0.25 -21.37 0.9 -0.25 -20.84
3 72 1.35 -0.25 -21.25 1.22 -0.25 -21.37 0.9 -0.25 -22.09
4 0 10.66 -0.25 -21.21 10.82 -0.25 -24.18 11.43 -0.25 -24.82 11.22 -0.25 -20.56
3 72 10.82 -0.25 -24.18 10.66 -0.25 -21.21 1.35 -0.25 -21.25
3 0 10.82 -0.25 -24.18 11.53 -0.25 -26.95 11.43 -0.25 -24.82
4 0 10.66 -0.25 -20.36 10.66 -0.25 -21.21 11.22 -0.25 -20.56 11.14 -0.25 -17.87
4 0 1.35 -0.25 -21.25 1.43 -0.25 -20.36 0.9 -0.25 -20.84 1.22 -0.25 -21.37
4 72 5.56 -0.25 -1.69 2.79 -0.25 -1.37 2.33 -0.25 -1.59 2.15 -0.25 -7.63
4 72 -0.9 -0.25 -11.33 -0.9 -0.25 -20.84 0.9 -0.25 -20.84 0.94 -0.25 -11.29
4 72 8.33 -0.25 -8.64 8.53 -0.25 -8.6 8.53 -0.25 -8.52 6.24 -0.25 -8.88
4 71 -9.06 -0.25 11.52 -9.02 -0.25 11 -8.21 -0.25 11.28 -7.85 -0.25 11.85
4 72 10.3 -0.25 -11.49 8.37 -0.25 -13.62 9.46 -0.25 -13.46 10.38 -0.25 -12.25
4 0 1.47 -0.25 -10.64 1.47 -0.25 -11.33 1.63 -0.25 -11.29 2.15 -0.25 -10.56
4 72 1.83 -0.25 -13.37 1.47 -0.25 -11.33 1.39 -0.25 -20.24 1.95 -0.25 -14.1
4 72 2.23 -0.25 -11.41 2.31 -0.25 -12.69 5.96 -0.25 -14.38 6.53 -0.25 -14.1
4 0 2.31 -0.25 -12.69 2.23 -0.25 -11.41 1.71 -0.25 -11.41 1.83 -0.25 -13.37
3 72 1.39 -0.25 -20.24 2.15 -0.25 -15.06 1.95 -0.25 -14.1
4 72 2.31 -0.25 -12.69 2.43 -0.25 -14.1 5.3467 -0.25 -14.7 5.96 -0.25 -14.38
3 72 2.15 -0.25 -15.06 1.39 -0.25 -20.24 2.27 -0.25 -15.62
4 72 2.43 -0.25 -14.1 2.55 -0.25 -15.26 4.04 -0.25 -15.54 4.32 -0.25 -15.34
3 72 2.51 -0.25 -16.39 2.27 -0.25 -15.62 1.39 -0.25 -20.24
3 72 1.39 -0.25 -20.24 2.91 -0.25 -17.07 2.71 -0.25 -16.79
4 0 2.91 -0.25 -16.31 2.51 -0.25 -16.39 2.71 -0.25 -16.79 2.91 -0.25 -17.07
3 72 1.39 -0.25 -20.24 3.19 -0.25 -17.07 2.91 -0.25 -17.07
4 0 2.91 -0.25 -17.07 3.19 -0.25 -17.07 3.51 -0.25 -16.83 3.07 -0.25 -16.31
3 72 3.19 -0.25 -17.07 10.66 -0.25 -20.36 3.51 -0.25 -16.83
4 72 5.32 -0.25 -15.4067 4.38 -0.25 -16.065 10.66 -0.25 -20.36 10.5 -0.25 -16.47
4 0 3.07 -0.25 -16.31 3.51 -0.25 -16.83 3.8 -0.25 -16.55 3.67 -0.25 -15.78
4 0 3.67 -0.25 -15.78 3.8 -0.25 -16.55 4.38 -0.25 -16.065 4.04 -0.25 -15.54
4 0 6.16 -0.25 -14.86 5.96 -0.25 -14.38 5.3467 -0.25 -14.7 5.32 -0.25 -15.4067
4 0 10.98 -0.25 -13.54 10.38 -0.25 -12.97 10.34 -0.25 -13.62 10.42 -0.25 -13.7
4 72 6.16 -0.25 -14.86 5.32 -0.25 -15.4067 10.5 -0.25 -16.47 6.41 -0.25 -14.74
4 72 7.17 -0.25 -14.38 6.41 -0.25 -14.74 10.5 -0.25 -16.47 8.475 -0.25 -14.02
4 0 5.96 -0.25 -14.38 6.16 -0.25 -14.86 6.41 -0.25 -14.74 6.53 -0.25 -14.1
4 0 6.53 -0.25 -14.1 6.41 -0.25 -14.74 7.17 -0.25 -14.38 7.77 -0.25 -13.7
4 0 9.46 -0.25 -13.46 8.37 -0.25 -13.62 8.475 -0.25 -14.02 9.58 -0.25 -13.86
3 72 8.475 -0.25 -14.02 10.5 -0.25 -16.47 9.58 -0.25 -13.86
4 72 10.38 -0.25 -12.25 9.46 -0.25 -13.46 10.06 -0.25 -13.29 10.38 -0.25 -12.97
4 72 9.58 -0.25 -13.86 10.5 -0.25 -16.47 10.42 -0.25 -13.7 10.34 -0.25 -13.62
4 0 10.38 -0.25 -12.25 10.38 -0.25 -12.97 10.98 -0.25 -13.54 10.86 -0.25 -10.97
4 0 10.42 -0.25 -13.7 10.5 -0.25 -16.47 11.06 -0.25 -16.11 10.98 -0.25 -13.54
4 0 10.5 -0.25 -16.47 10.66 -0.25 -20.36 11.14 -0.25 -17.87 11.06 -0.25 -16.11
4 72 6.51 -0.25 4.055 6.37 -0.25 3.21 9.5 -0.25 2.69 9.38 -0.25 3.25
4 72 8.59 -0.25 -3.84 9.5 -0.25 -4.26 10.14 -0.25 -3.74 10 -0.25 -2.37
4 0 8.88 -0.25 -4.26 9.5 -0.25 -4.26 8.59 -0.25 -3.84 8.25 -0.25 -4.02
4 0 2.23 -0.25 -8.48 2.15 -0.25 -7.63 1.51 -0.25 -8.48 2.15 -0.25 -8.56
4 72 5.32 -0.25 -1.45 3.55 -0.25 -1.01 2.79 -0.25 -1.37 5.56 -0.25 -1.69
4 0 -0.02 -0.25 -4.46 0.34 -0.25 -4.26 -0.02 -0.25 -4.1 -0.22 -0.25 -4.46
4 330 -0.18 -0.25 -0.88 -0.46 -0.25 -1.25 0.02 -0.25 -1.85 0.34 -0.25 -0.72
4 0 5.72 -0.25 2.89 6.12 -0.25 2.37 6.37 -0.25 3.21 5.8 -0.25 3.25
4 72 5.72 -0.25 2.89 5.8 -0.25 3.25 4.68 -0.25 3.13 5.4 -0.25 2.01
4 72 3.63 -0.25 -0.24 4.44 -0.25 0.6 3.6167 -0.25 0.36 3.35 -0.25 -0.36
4 0 6.93 -0.25 -2.93 7.37 -0.25 -2.85 6.97 -0.25 -2.49 6.65 -0.25 -2.69
4 72 5.6 -0.25 1.2 9.74 -0.25 -0.36 9.58 -0.25 1.69 5.92 -0.25 1.85
4 0 4.2 -0.25 -0.56 5.1067 -0.25 0.4133 4.44 -0.25 0.6 3.63 -0.25 -0.24
4 72 6.12 -0.25 2.37 5.92 -0.25 1.85 9.58 -0.25 1.69 9.6 -0.25 2.05
4 72 9.5 -0.25 2.69 6.37 -0.25 3.21 6.12 -0.25 2.37 9.6 -0.25 2.05
4 0 6.12 -0.25 4.74 6.04 -0.25 4.1 6.51 -0.25 4.055 6.85 -0.25 6.02
4 0 5.92 -0.25 1.85 6.12 -0.25 2.37 5.4 -0.25 2.01 5.6 -0.25 1.2
4 0 5.8 -0.25 3.25 6.37 -0.25 3.21 6.51 -0.25 4.055 6.04 -0.25 4.1
4 72 6.93 -0.25 6.99 6.85 -0.25 6.02 8.65 -0.25 7.31 8.29 -0.25 9.2
4 0 9.02 -0.25 5.26 9.74 -0.25 4.46 9.38 -0.25 7.03 8.65 -0.25 7.31
4 0 6.93 -0.25 6.99 6.53 -0.25 8.43 6.45 -0.25 6.95 6.85 -0.25 6.02
4 72 7.09 -0.25 9.72 8.29 -0.25 9.2 8.25 -0.25 10.28 7.49 -0.25 11.04
4 0 7.93 -0.25 10.96 8.33 -0.25 11.2 7.89 -0.25 11.44 7.49 -0.25 11.04
4 0 7.01 -0.25 11 6.57 -0.25 11 6.61 -0.25 10.44 7.09 -0.25 9.72
4 0 7.49 -0.25 11.04 7.89 -0.25 11.44 7.49 -0.25 11.48 7.01 -0.25 11
4 0 7.01 -0.25 11 7.49 -0.25 11.48 5.84 -0.25 11.57 6.57 -0.25 11
3 72 7.01 -0.25 11 7.09 -0.25 9.72 7.49 -0.25 11.04
4 72 8.13 -0.25 10.72 7.93 -0.25 10.96 7.49 -0.25 11.04 8.25 -0.25 10.28
3 0 7.93 -0.25 10.96 8.13 -0.25 10.72 8.33 -0.25 11.2
3 0 8.13 -0.25 10.72 8.25 -0.25 10.28 8.73 -0.25 10.6
3 72 7.09 -0.25 9.72 6.93 -0.25 6.99 8.29 -0.25 9.2
3 0 8.65 -0.25 7.31 9.22 -0.25 8.39 8.29 -0.25 9.2
3 72 9.02 -0.25 5.26 8.65 -0.25 7.31 6.85 -0.25 6.02
3 0 9.38 -0.25 3.25 9.74 -0.25 4.46 9.02 -0.25 5.26
3 0 9.5 -0.25 2.69 9.6 -0.25 2.05 9.94 -0.25 2.93
3 15 10.06 -0.25 7.63 9.7 -0.25 7.27 10.37 -0.25 7.24
4 0 10.34 -0.25 -13.62 10.38 -0.25 -12.97 10.06 -0.25 -13.29 9.58 -0.25 -13.86
3 0 9.58 -0.25 -13.86 10.06 -0.25 -13.29 9.46 -0.25 -13.46
4 72 7.77 -0.25 -13.7 8.37 -0.25 -13.62 10.18 -0.25 -11.33 2.27 -0.25 -11.33
4 0 7.77 -0.25 -13.7 7.17 -0.25 -14.38 8.475 -0.25 -14.02 8.37 -0.25 -13.62
4 0 4.64 -0.25 -15.14 4.38 -0.25 -16.065 5.32 -0.25 -15.4067 5.3467 -0.25 -14.7
3 72 2.43 -0.25 -14.1 4.64 -0.25 -15.14 5.3467 -0.25 -14.7
4 0 4.38 -0.25 -16.065 4.64 -0.25 -15.14 4.32 -0.25 -15.34 4.04 -0.25 -15.54
4 0 2.43 -0.25 -14.1 1.83 -0.25 -13.37 1.95 -0.25 -14.1 2.15 -0.25 -15.06
4 72 3.67 -0.25 -15.78 4.04 -0.25 -15.54 2.55 -0.25 -15.26 2.75 -0.25 -15.94
4 72 2.79 -0.25 -16.11 2.91 -0.25 -16.31 3.07 -0.25 -16.31 2.75 -0.25 -15.94
3 0 3.07 -0.25 -16.31 2.91 -0.25 -16.31 2.91 -0.25 -17.07
3 0 2.51 -0.25 -16.39 2.91 -0.25 -16.31 2.79 -0.25 -16.11
3 72 2.75 -0.25 -15.94 3.07 -0.25 -16.31 3.67 -0.25 -15.78
4 0 2.55 -0.25 -15.26 2.15 -0.25 -15.06 2.27 -0.25 -15.62 2.75 -0.25 -15.94
3 0 2.15 -0.25 -15.06 2.55 -0.25 -15.26 2.43 -0.25 -14.1
3 72 4.64 -0.25 -15.14 2.43 -0.25 -14.1 4.32 -0.25 -15.34
3 0 1.83 -0.25 -13.37 2.43 -0.25 -14.1 2.31 -0.25 -12.69
4 0 2.27 -0.25 -11.33 1.63 -0.25 -11.29 1.71 -0.25 -11.41 2.23 -0.25 -11.41
3 0 10.26 -0.25 -10.68 10.22 -0.25 -10.72 10.86 -0.25 -10.97
3 72 9.94 -0.25 -10.64 10.22 -0.25 -10.72 10.26 -0.25 -10.68
3 72 10.18 -0.25 -11.33 8.37 -0.25 -13.62 10.3 -0.25 -11.49
3 0 10.86 -0.25 -10.97 10.3 -0.25 -11.49 10.38 -0.25 -12.25
4 0 9.22 -0.25 8.39 9.38 -0.25 8.39 9.58 -0.25 8.63 9.14 -0.25 8.95
3 15 9.38 -0.25 7.19 9.38 -0.25 8.39 9.22 -0.25 8.39
3 0 10.5 -0.25 7.55 10.14 -0.25 7.95 10.06 -0.25 7.63
4 0 10.26 -0.25 -10.68 10.86 -0.25 -10.97 10.86 -0.25 -8.35 10.3 -0.25 -8.6
4 0 10.18 -0.25 -11.33 10.22 -0.25 -10.72 9.94 -0.25 -10.64 2.27 -0.25 -11.33
4 72 9.38 -0.25 -8.96 10.3 -0.25 -8.6 10.18 -0.25 -8.52 9.58 -0.25 -8.48
3 0 2.31 -0.25 -10.64 2.27 -0.25 -11.33 9.94 -0.25 -10.64
4 72 2.15 -0.25 -10.56 2.31 -0.25 -10.64 2.23 -0.25 -8.48 2.15 -0.25 -8.56
4 0 2.15 -0.25 -10.56 1.63 -0.25 -11.29 2.27 -0.25 -11.33 2.31 -0.25 -10.64
4 0 8.53 -0.25 -8.52 9.86 -0.25 -7.71 2.15 -0.25 -7.63 2.23 -0.25 -8.48
4 0 9.38 -0.25 -8.52 9.86 -0.25 -7.71 8.53 -0.25 -8.52 8.53 -0.25 -8.6
4 0 9.06 -0.25 -9.2 9.06 -0.25 -9.64 9.54 -0.25 -9.76 9.38 -0.25 -8.96
4 72 5.76 -0.25 -10.32 4.8 -0.25 -10.32 2.31 -0.25 -10.64 9.94 -0.25 -10.64
4 0 8.9 -0.25 -9 9.38 -0.25 -8.52 8.53 -0.25 -8.6 8.33 -0.25 -8.64
4 72 6.24 -0.25 -8.88 8.53 -0.25 -8.52 2.23 -0.25 -8.48 5.48 -0.25 -8.96
4 72 7.61 -0.25 -9.08 6.69 -0.25 -9.96 8.61 -0.25 -9.68 8.9 -0.25 -9
4 72 5.76 -0.25 -10.04 6.33 -0.25 -9.2 5.24 -0.25 -9.32 4.8 -0.25 -10.12
3 72 2.23 -0.25 -8.48 4.6 -0.25 -9.08 5.48 -0.25 -8.96
4 72 5.24 -0.25 -9.32 4.68 -0.25 -9.4 4.68 -0.25 -10 4.8 -0.25 -10.12
3 72 4.6 -0.25 -9.08 2.23 -0.25 -8.48 4.44 -0.25 -9.16
4 72 4.44 -0.25 -9.16 2.23 -0.25 -8.48 2.31 -0.25 -10.64 4.48 -0.25 -9.8
4 0 4.68 -0.25 -9.4 4.6 -0.25 -9.08 4.44 -0.25 -9.16 4.48 -0.25 -9.8
3 72 4.56 -0.25 -10.08 4.48 -0.25 -9.8 2.31 -0.25 -10.64
4 0 4.48 -0.25 -9.8 4.56 -0.25 -10.08 4.68 -0.25 -10 4.68 -0.25 -9.4
3 72 4.8 -0.25 -10.32 4.56 -0.25 -10.08 2.31 -0.25 -10.64
4 0 5.76 -0.25 -10.32 5.76 -0.25 -10.04 4.8 -0.25 -10.12 4.8 -0.25 -10.32
4 0 6.69 -0.25 -9.96 5.76 -0.25 -10.04 5.76 -0.25 -10.32 7.53 -0.25 -10.2
3 72 9.94 -0.25 -10.64 7.53 -0.25 -10.2 5.76 -0.25 -10.32
4 72 8.57 -0.25 -10.08 7.53 -0.25 -10.2 9.94 -0.25 -10.64 9.34 -0.25 -10.04
4 0 8.57 -0.25 -10.08 9.34 -0.25 -10.04 9.06 -0.25 -9.64 8.61 -0.25 -9.68
3 72 9.54 -0.25 -10 9.34 -0.25 -10.04 9.94 -0.25 -10.64
4 0 9.34 -0.25 -10.04 9.54 -0.25 -10 9.54 -0.25 -9.76 9.06 -0.25 -9.64
4 72 9.54 -0.25 -9.76 10.26 -0.25 -10.68 10.3 -0.25 -8.6 9.38 -0.25 -8.96
3 72 9.38 -0.25 -8.52 9.38 -0.25 -8.96 9.58 -0.25 -8.48
4 0 9.02 -0.25 -9.04 9.38 -0.25 -8.96 9.38 -0.25 -8.52 8.9 -0.25 -9
3 0 9.38 -0.25 -8.52 9.58 -0.25 -8.48 9.86 -0.25 -7.71
4 0 9.86 -0.25 -7.71 9.58 -0.25 -8.48 10.18 -0.25 -8.52 10.86 -0.25 -8.35
3 0 10.3 -0.25 -8.6 10.86 -0.25 -8.35 10.18 -0.25 -8.52
4 0 9.74 -0.25 30.08 10.1 -0.25 29.8 10.46 -0.25 30.58 10.1 -0.25 30.86
4 71 8.25 -0.25 29.68 8.49 -0.25 29.6 9.3 -0.25 31.24 8.01 -0.25 31.32
4 0 9.54 -0.25 29.72 9.74 -0.25 29.03 10.1 -0.25 29.8 9.74 -0.25 30.08
3 0 9.3 -0.25 29.2 9.74 -0.25 29.03 9.54 -0.25 29.72
3 71 8.86 -0.25 29.36 9.1 -0.25 29.16 9.3 -0.25 29.2
4 71 9.18 -0.25 28.11 9.06 -0.25 28.03 9.02 -0.25 27.71 9.62 -0.25 27.59
4 71 9.62 -0.25 27.59 9.02 -0.25 27.71 8.78 -0.25 27.11 10.06 -0.25 26.95
4 0 8.01 -0.25 31.32 9.3 -0.25 31.24 9.58 -0.25 31.85 7.33 -0.25 31.89
4 0 8.37 -0.25 28.91 9.1 -0.25 29.16 8.86 -0.25 29.36 8.49 -0.25 29.6
4 71 6.45 -0.25 30.24 6.89 -0.25 30.04 7.29 -0.25 31.44 6.65 -0.25 31.52
4 0 9.1 -0.25 29.16 8.37 -0.25 28.91 8.9 -0.25 28.47 9.58 -0.25 28.67
4 0 7.85 -0.25 16.02 7.85 -0.25 15.34 8.13 -0.25 15.42 8.17 -0.25 16.18
4 71 6 -0.25 30.36 6.65 -0.25 31.52 5.68 -0.25 31.81 4.76 -0.25 30.4
4 71 4.76 -0.25 30.4 5.68 -0.25 31.81 5.32 -0.25 31.89 4.44 -0.25 30.72
4 71 6.49 -0.25 27.75 6.33 -0.25 27.31 6.33 -0.25 27.23 6.73 -0.25 27.15
4 71 6.85 -0.25 28.35 6.65 -0.25 28.07 7.13 -0.25 26.87 8.57 -0.25 27.35
4 0 5.32 -0.25 31.89 5.68 -0.25 31.81 5.6 -0.25 32.21 4.56 -0.25 32.21
4 71 6.65 -0.25 28.07 6.49 -0.25 27.75 6.73 -0.25 27.15 7.13 -0.25 26.87
4 71 3.84 -0.25 31 4.48 -0.25 32.21 4.04 -0.25 32.41 3.35 -0.25 31.12
4 72 7.21 -0.25 24.82 8.61 -0.25 22.41 9.14 -0.25 22.77 9.54 -0.25 23.25
3 0 5.6 -0.25 32.21 4.44 -0.25 32.57 4.56 -0.25 32.21
4 0 4.48 -0.25 29.84 4.72 -0.25 29.76 4.76 -0.25 30.4 4.44 -0.25 30.72
4 71 4.76 -0.25 29.44 4.72 -0.25 29.76 4.48 -0.25 29.84 3.03 -0.25 29.88
4 0 4.48 -0.25 32.21 4.44 -0.25 32.57 4.4 -0.25 32.57 4.04 -0.25 32.41
4 71 3.07 -0.25 28.35 3.07 -0.25 27.99 3.63 -0.25 27.99 4.76 -0.25 29.44
4 15 -2.15 -0.25 15.12 -1.95 -0.25 15.22 -1.87 -0.25 15.42 -2.43 -0.25 15.66
3 0 3.19 -0.25 32.81 3.23 -0.25 33.13 3.11 -0.25 32.81
4 71 2.11 -0.25 31 1.51 -0.25 31.2 2.59 -0.25 30.24 2.47 -0.25 30.72
4 0 2.95 -0.25 31.2 2.31 -0.25 31.61 2.11 -0.25 31 2.47 -0.25 30.72
4 0 3.07 -0.25 32.73 3.11 -0.25 32.81 2.51 -0.25 33.01 2.51 -0.25 32.01
3 71 3.07 -0.25 32.73 2.95 -0.25 31.2 4.04 -0.25 32.41
4 0 4.04 -0.25 32.41 4.4 -0.25 32.57 3.23 -0.25 33.13 3.19 -0.25 32.81
4 71 4.48 -0.25 32.21 3.84 -0.25 31 4.44 -0.25 30.72 4.56 -0.25 32.21
3 0 4.44 -0.25 32.57 4.48 -0.25 32.21 4.56 -0.25 32.21
3 71 4.56 -0.25 32.21 4.44 -0.25 30.72 5.32 -0.25 31.89
4 0 6.49 -0.25 32.05 5.6 -0.25 32.21 5.68 -0.25 31.81 6.65 -0.25 31.52
3 71 6.65 -0.25 31.52 6 -0.25 30.36 6.45 -0.25 30.24
3 71 6.89 -0.25 30.04 8.01 -0.25 31.32 7.29 -0.25 31.44
3 0 8.01 -0.25 31.32 7.33 -0.25 31.89 7.29 -0.25 31.44
3 71 8.01 -0.25 31.32 7.57 -0.25 29.68 8.25 -0.25 29.68
4 0 10.18 -0.25 31.32 10.42 -0.25 31.97 9.58 -0.25 31.85 9.3 -0.25 31.24
3 71 10.26 -0.25 31.26 10.18 -0.25 31.32 10.1 -0.25 30.86
3 0 10.18 -0.25 31.32 10.26 -0.25 31.26 10.42 -0.25 31.97
3 72 9.78 -0.25 25.34 9.74 -0.25 25.1 9.9 -0.25 25.34
3 71 8.78 -0.25 27.11 8.61 -0.25 26.46 8.94 -0.25 26.3
4 72 9.74 -0.25 25.1 9.78 -0.25 25.34 9.7 -0.25 25.54 7.77 -0.25 25.54
3 71 8.78 -0.25 27.11 8.47 -0.25 26.505 8.61 -0.25 26.46
4 72 9.74 -0.25 25.1 7.77 -0.25 25.54 7.53 -0.25 25.22 9.74 -0.25 24.18
3 72 9.54 -0.25 23.25 9.14 -0.25 22.77 9.34 -0.25 22.85
4 0 6.85 -0.25 28.35 6.77 -0.25 29.03 6.24 -0.25 28.51 6.65 -0.25 28.07
4 0 8.47 -0.25 26.505 8.29 -0.25 26.87 8.05 -0.25 26.5 8.11 -0.25 26
4 0 9.02 -0.25 27.71 9.06 -0.25 28.03 8.73 -0.25 27.79 8.57 -0.25 27.35
4 0 9.18 -0.25 28.11 9.66 -0.25 28.47 9.58 -0.25 28.67 8.9 -0.25 28.47
4 0 9.62 -0.25 27.59 10.5267 -0.25 27.3233 10.1 -0.25 27.99 9.66 -0.25 28.47
3 0 9.62 -0.25 27.59 9.66 -0.25 28.47 9.18 -0.25 28.11
3 0 10.06 -0.25 26.95 10.5267 -0.25 27.3233 9.62 -0.25 27.59
3 71 8.94 -0.25 26.3 10.14 -0.25 25.98 10.22 -0.25 26.38
3 0 10.22 -0.25 26.38 10.82 -0.25 26.14 10.82 -0.25 26.71
3 0 10.82 -0.25 26.14 10.06 -0.25 25.54 10.54 -0.25 25.06
4 72 7.21 -0.25 24.82 9.54 -0.25 23.25 9.74 -0.25 24.18 7.53 -0.25 25.22
3 0 9.74 -0.25 25.1 9.74 -0.25 24.18 10.34 -0.25 24.42
3 0 9.74 -0.25 24.18 9.54 -0.25 23.25 10.22 -0.25 23.49
4 72 8.61 -0.25 22.41 7.21 -0.25 24.82 6.73 -0.25 24.2033 8.01 -0.25 21.81
4 0 9.32 -0.25 22.11 9.34 -0.25 22.85 9.14 -0.25 22.77 9.14 -0.25 22.13
4 72 6.73 -0.25 24.2033 6.53 -0.25 20.52 7.65 -0.25 21.36 8.01 -0.25 21.81
4 0 8.73 -0.25 21.77 9.14 -0.25 22.13 8.61 -0.25 22.41 8.01 -0.25 21.81
4 72 9.14 -0.25 20.84 9.3 -0.25 21.44 8.33 -0.25 21.2 8.98 -0.25 20.52
4 72 7.93 -0.25 20.6 8.73 -0.25 20.2 8.98 -0.25 20.52 8.33 -0.25 21.2
3 72 7.65 -0.25 21.36 6.53 -0.25 20.52 7.45 -0.25 21
4 72 6.53 -0.25 20.52 6.73 -0.25 24.2033 6.12 -0.25 22.29 6.2 -0.25 20.84
4 72 8.33 -0.25 19.32 8.69 -0.25 19.52 8.73 -0.25 20.2 7.57 -0.25 20
4 0 5.36 -0.25 22.93 6.12 -0.25 22.29 6.12 -0.25 23.13 5.88 -0.25 23.45
4 0 6.81 -0.25 14.58 7.21 -0.25 14.055 7.57 -0.25 14.72 6.97 -0.25 14.98
4 71 5.52 -0.25 11.93 6 -0.25 12.37 5.56 -0.25 12.77 5.2 -0.25 12.69
4 71 5.04 -0.25 12.13 5.52 -0.25 11.93 5.2 -0.25 12.69 5.08 -0.25 12.61
4 71 6.24 -0.25 28.51 6.73 -0.25 29.28 6.37 -0.25 29.64 5.68 -0.25 29.76
4 72 5 -0.25 24.26 5.76 -0.25 23.49 5.88 -0.25 23.45 6.45 -0.25 24.46
4 72 4 -0.25 19.2 4.16 -0.25 19.32 4.12 -0.25 19.6 3.39 -0.25 19.28
3 72 6.12 -0.25 22.29 6.73 -0.25 24.2033 6.12 -0.25 23.13
4 72 6.73 -0.25 27.15 6.33 -0.25 27.23 6.16 -0.25 26.95 6.04 -0.25 26.5
4 71 7.17 -0.25 28.67 6.85 -0.25 28.35 8.57 -0.25 27.35 8.73 -0.25 27.79
4 0 6.45 -0.25 24.46 5.88 -0.25 23.45 6.12 -0.25 23.13 6.73 -0.25 24.2033
4 72 7.77 -0.25 25.54 9.7 -0.25 25.54 8.94 -0.25 26.3 8.61 -0.25 26.46
4 72 7.93 -0.25 26.3 8.05 -0.25 26.5 7.37 -0.25 26.5 7.21 -0.25 25.5
3 72 8.61 -0.25 26.46 8.11 -0.25 26 7.77 -0.25 25.54
4 0 7.93 -0.25 26.3 7.21 -0.25 24.82 7.53 -0.25 25.22 7.77 -0.25 25.54
3 72 8.61 -0.25 26.46 8.47 -0.25 26.505 8.11 -0.25 26
4 72 9.7 -0.25 -4.46 10.46 -0.25 -6.03 10.14 -0.25 -3.74 9.7 -0.25 -4.3
4 0 7.61 -0.25 -3.52 8.0367 -0.25 -3.4167 7.37 -0.25 -2.85 6.93 -0.25 -2.93
3 72 8.25 -0.25 -4.02 9.82 -0.25 -7.59 8.88 -0.25 -4.26
3 72 8.01 -0.25 -3.86 2.15 -0.25 -7.63 8.25 -0.25 -4.02
3 72 8.01 -0.25 -3.86 7.61 -0.25 -3.52 2.15 -0.25 -7.63
4 72 4.2 -0.25 -0.56 3.55 -0.25 -1.01 5.32 -0.25 -1.45 5.32 -0.25 -1.37
4 72 6.97 -0.25 -2.49 7.37 -0.25 -2.85 10 -0.25 -2.37 9.74 -0.25 -0.36
4 0 6.97 -0.25 -2.49 6.61 -0.25 -2.21 6.37 -0.25 -2.41 6.65 -0.25 -2.69
4 0 5.56 -0.25 -1.69 5.98 -0.25 -1.73 5.44 -0.25 -1.37 5.32 -0.25 -1.45
4 72 2.15 -0.25 -7.63 7.61 -0.25 -3.52 6.93 -0.25 -2.93 6.65 -0.25 -2.69
4 72 2.15 -0.25 -7.63 6.65 -0.25 -2.69 6.37 -0.25 -2.41 5.56 -0.25 -1.69
3 72 5.98 -0.25 -1.73 5.1067 -0.25 0.4133 5.44 -0.25 -1.37
4 72 5.1067 -0.25 0.4133 4.2 -0.25 -0.56 5.32 -0.25 -1.37 5.44 -0.25 -1.37
3 0 5.32 -0.25 -1.45 5.44 -0.25 -1.37 5.32 -0.25 -1.37
4 0 5.98 -0.25 -1.73 5.56 -0.25 -1.69 6.37 -0.25 -2.41 6.61 -0.25 -2.21
3 72 6.61 -0.25 -2.21 9.74 -0.25 -0.36 5.98 -0.25 -1.73
3 72 6.97 -0.25 -2.49 9.74 -0.25 -0.36 6.61 -0.25 -2.21
4 72 10 -0.25 -2.37 7.37 -0.25 -2.85 8.0367 -0.25 -3.4167 8.59 -0.25 -3.84
3 0 7.61 -0.25 -3.52 8.01 -0.25 -3.86 8.0367 -0.25 -3.4167
3 0 9.5 -0.25 -4.26 8.88 -0.25 -4.26 9.62 -0.25 -4.46
3 72 9.5 -0.25 -4.26 9.66 -0.25 -4.26 10.14 -0.25 -3.74
3 72 9.66 -0.25 -4.26 9.7 -0.25 -4.3 10.14 -0.25 -3.74
3 0 9.7 -0.25 -4.46 9.7 -0.25 -4.3 9.62 -0.25 -4.46
4 71 9.34 -0.25 14.94 9.62 -0.25 15.22 8.82 -0.25 15.38 9.1 -0.25 14.78
3 0 9.62 -0.25 15.14 10.14 -0.25 15.1 9.62 -0.25 15.22
4 0 9.1 -0.25 14.78 9.1 -0.25 14.42 9.34 -0.25 14.58 9.34 -0.25 14.94
3 0 9.1 -0.25 14.78 8.78 -0.25 14.54 9.1 -0.25 14.42
4 71 8.82 -0.25 15.38 8.13 -0.25 15.42 8.78 -0.25 14.54 9.1 -0.25 14.78
4 0 6.93 -0.25 12.69 7.33 -0.25 13.01 6.93 -0.25 13.13 6.16 -0.25 12.49
4 71 6.16 -0.25 12.49 6.93 -0.25 13.13 6.33 -0.25 13.13 5.56 -0.25 12.77
4 0 5.84 -0.25 11.57 6.93 -0.25 12.69 6.16 -0.25 12.49 6 -0.25 12.37
3 0 6 -0.25 12.37 5.52 -0.25 11.93 5.84 -0.25 11.57
4 71 5.24 -0.25 11.69 5.52 -0.25 11.93 5.04 -0.25 12.13 5.16 -0.25 11.73
4 0 5.84 -0.25 11.57 5.52 -0.25 11.93 5.24 -0.25 11.69 5.8 -0.25 11
4 72 3.63 -0.25 7.87 3.96 -0.25 7.51 3.96 -0.25 7.95 3.59 -0.25 7.99
4 72 6.33 -0.25 6.02 6.45 -0.25 6.95 5.28 -0.25 6.3 5.04 -0.25 4.82
4 0 5.64 -0.25 13.49 4.96 -0.25 13.33 5.56 -0.25 12.77 6.33 -0.25 13.13
4 0 4.84 -0.25 10.88 5.24 -0.25 11.69 5.16 -0.25 11.73 4.4 -0.25 11.69
4 15 6.97 -0.25 14.98 6.97 -0.25 17.59 3.67 -0.25 15.82 6.81 -0.25 14.58
4 0 6.65 -0.25 19.76 6.93 -0.25 20.36 6.53 -0.25 20.52 6.2 -0.25 19.96
4 15 6.41 -0.25 14.06 6.81 -0.25 14.58 3.67 -0.25 15.82 6.06 -0.25 13.77
4 72 7.57 -0.25 18.59 7.65 -0.25 18.55 7.97 -0.25 18.95 7.57 -0.25 20
3 71 6 -0.25 12.37 6.16 -0.25 12.49 5.56 -0.25 12.77
4 0 6.93 -0.25 19.6 6.97 -0.25 17.59 7.57 -0.25 18.59 7.57 -0.25 20
3 71 6.73 -0.25 13.49 7.6633 -0.25 13.7167 7.21 -0.25 14.055
4 0 6.06 -0.25 13.77 6.33 -0.25 13.13 6.73 -0.25 13.49 6.41 -0.25 14.06
4 0 6.41 -0.25 14.06 6.73 -0.25 13.49 7.21 -0.25 14.055 6.81 -0.25 14.58
4 0 8.17 -0.25 16.18 8.13 -0.25 15.42 8.69 -0.25 15.78 8.86 -0.25 16.18
4 0 1.51 -0.25 14.82 1.51 -0.25 14.14 2.39 -0.25 13.85 2.11 -0.25 15.26
4 0 6.97 -0.25 14.98 7.57 -0.25 14.72 7.69 -0.25 15.14 7.69 -0.25 16.02
4 72 8.45 -0.25 17.27 7.89 -0.25 17.79 7.77 -0.25 17.47 7.65 -0.25 16.91
4 0 8.69 -0.25 15.78 8.13 -0.25 15.42 8.82 -0.25 15.38 9.86 -0.25 15.58
3 0 9.86 -0.25 15.58 8.82 -0.25 15.38 9.62 -0.25 15.22
3 71 9.34 -0.25 14.94 9.62 -0.25 15.14 9.62 -0.25 15.22
4 0 9.7 -0.25 20.52 9.78 -0.25 20.92 9.14 -0.25 20.84 8.98 -0.25 20.52
4 72 9.3 -0.25 21.44 9.14 -0.25 22.13 8.73 -0.25 21.77 8.33 -0.25 21.2
3 0 8.98 -0.25 20.52 9.58 -0.25 20.24 9.7 -0.25 20.52
3 0 7.93 -0.25 20.6 7.65 -0.25 21.36 7.45 -0.25 21
3 0 8.73 -0.25 20.2 9.38 -0.25 19.8 9.38 -0.25 20
4 0 8.73 -0.25 19.08 9.42 -0.25 19.12 8.69 -0.25 19.52 8.65 -0.25 19.08
4 72 8.69 -0.25 18.79 8.65 -0.25 19.08 8.25 -0.25 18.5633 8.61 -0.25 18.27
4 0 7.57 -0.25 20 7.13 -0.25 20.44 6.93 -0.25 20.36 6.85 -0.25 19.72
4 72 7.69 -0.25 16.02 8.33 -0.25 16.67 8.45 -0.25 17.27 7.65 -0.25 16.91
3 72 7.97 -0.25 18.95 8.33 -0.25 19.32 7.57 -0.25 20
4 0 7.93 -0.25 20.6 7.45 -0.25 21 7.13 -0.25 20.44 7.57 -0.25 20
3 72 7.57 -0.25 20 8.73 -0.25 20.2 7.93 -0.25 20.6
3 0 8.01 -0.25 21.81 8.33 -0.25 21.2 8.73 -0.25 21.77
3 0 9.14 -0.25 22.77 8.61 -0.25 22.41 9.14 -0.25 22.13
3 72 9.3 -0.25 21.44 9.32 -0.25 22.11 9.14 -0.25 22.13
3 0 9.32 -0.25 22.11 9.3 -0.25 21.44 9.98 -0.25 22.05
4 0 7.53 -0.25 -10.2 8.57 -0.25 -10.08 8.61 -0.25 -9.68 6.69 -0.25 -9.96
4 0 5.24 -0.25 -9.32 6.33 -0.25 -9.2 5.48 -0.25 -8.96 4.6 -0.25 -9.08
4 0 4.56 -0.25 -10.08 4.8 -0.25 -10.32 4.8 -0.25 -10.12 4.68 -0.25 -10
3 72 5.24 -0.25 -9.32 4.76 -0.25 -9.32 4.68 -0.25 -9.4
3 0 4.76 -0.25 -9.32 4.6 -0.25 -9.08 4.68 -0.25 -9.4
3 0 4.6 -0.25 -9.08 4.76 -0.25 -9.32 5.24 -0.25 -9.32
4 0 6.24 -0.25 -8.88 5.48 -0.25 -8.96 6.33 -0.25 -9.2 7.61 -0.25 -9.08
4 72 6.33 -0.25 -9.2 5.76 -0.25 -10.04 6.69 -0.25 -9.96 7.61 -0.25 -9.08
4 0 8.33 -0.25 -8.64 6.24 -0.25 -8.88 7.61 -0.25 -9.08 8.9 -0.25 -9
4 72 8.9 -0.25 -9 8.61 -0.25 -9.68 9.06 -0.25 -9.2 9.02 -0.25 -9.04
3 0 9.02 -0.25 -9.04 9.06 -0.25 -9.2 9.38 -0.25 -8.96
3 72 9.06 -0.25 -9.64 9.06 -0.25 -9.2 8.61 -0.25 -9.68
4 71 7.13 -0.25 26.87 7.37 -0.25 26.5 8.05 -0.25 26.5 8.29 -0.25 26.87
4 0 7.21 -0.25 24.82 7.93 -0.25 26.3 7.21 -0.25 25.5 6.97 -0.25 25.22
4 0 6.33 -0.25 27.31 5.88 -0.25 27.87 5.68 -0.25 27.31 6.16 -0.25 26.95
4 72 6.04 -0.25 26.5 6.97 -0.25 25.22 7.21 -0.25 25.5 7.37 -0.25 26.5
4 0 6 -0.25 30.36 5.68 -0.25 29.76 6.37 -0.25 29.64 6.45 -0.25 30.24
4 71 5.04 -0.25 29.44 6.24 -0.25 28.51 5.68 -0.25 29.76 4.96 -0.25 29.76
4 71 5.04 -0.25 28.55 5.88 -0.25 27.87 6.24 -0.25 28.51 5.04 -0.25 29.44
4 0 7.33 -0.25 29.6 6.77 -0.25 29.03 7.61 -0.25 28.95 7.57 -0.25 29.68
4 0 6.65 -0.25 28.07 6.24 -0.25 28.51 5.88 -0.25 27.87 6.49 -0.25 27.75
4 0 8.78 -0.25 27.11 9.02 -0.25 27.71 8.57 -0.25 27.35 8.29 -0.25 26.87
3 0 7.61 -0.25 28.95 6.77 -0.25 29.03 7.17 -0.25 28.67
4 0 8.25 -0.25 29.68 7.57 -0.25 29.68 8.09 -0.25 29.08 8.49 -0.25 29.6
3 0 7.57 -0.25 29.68 7.61 -0.25 28.95 8.09 -0.25 29.08
3 71 8.09 -0.25 29.08 7.61 -0.25 28.95 8.37 -0.25 28.91
3 0 8.49 -0.25 29.6 8.09 -0.25 29.08 8.37 -0.25 28.91
4 71 8.9 -0.25 28.47 8.37 -0.25 28.91 8.73 -0.25 27.79 8.94 -0.25 28.23
4 0 8.94 -0.25 28.23 9.06 -0.25 28.03 9.18 -0.25 28.11 8.9 -0.25 28.47
3 0 9.06 -0.25 28.03 8.94 -0.25 28.23 8.73 -0.25 27.79
3 71 8.57 -0.25 27.35 7.13 -0.25 26.87 8.29 -0.25 26.87
3 0 8.29 -0.25 26.87 8.47 -0.25 26.505 8.78 -0.25 27.11
4 0 8.25 -0.25 18.5633 8.65 -0.25 19.08 8.33 -0.25 19.32 7.97 -0.25 18.95
3 0 8.69 -0.25 18.79 8.61 -0.25 18.27 9.42 -0.25 19.12
4 0 8.98 -0.25 16.63 9.06 -0.25 17.35 8.45 -0.25 17.27 8.33 -0.25 16.67
4 0 8.86 -0.25 16.18 8.98 -0.25 16.63 8.33 -0.25 16.67 8.25 -0.25 16.34
4 72 7.85 -0.25 16.02 8.17 -0.25 16.18 8.25 -0.25 16.34 7.69 -0.25 16.02
4 0 7.69 -0.25 16.02 7.69 -0.25 15.14 7.85 -0.25 15.34 7.85 -0.25 16.02
3 0 8.17 -0.25 16.18 8.86 -0.25 16.18 8.25 -0.25 16.34
3 72 8.25 -0.25 16.34 8.33 -0.25 16.67 7.69 -0.25 16.02
3 0 6.97 -0.25 17.59 7.65 -0.25 16.91 7.77 -0.25 17.47
4 0 7.89 -0.25 17.79 7.65 -0.25 18.55 6.97 -0.25 17.59 7.77 -0.25 17.47
4 0 6.97 -0.25 17.59 6.97 -0.25 14.98 7.61 -0.25 16.14 7.65 -0.25 16.91
3 72 7.61 -0.25 16.14 7.69 -0.25 16.02 7.65 -0.25 16.91
4 72 7.89 -0.25 17.79 8.45 -0.25 17.27 8.61 -0.25 18.27 7.97 -0.25 18.07
3 0 7.89 -0.25 17.79 7.97 -0.25 18.07 7.65 -0.25 18.55
4 0 8.25 -0.25 18.5633 7.97 -0.25 18.95 7.65 -0.25 18.55 7.97 -0.25 18.07
3 72 7.97 -0.25 18.07 8.61 -0.25 18.27 8.25 -0.25 18.5633
3 0 8.33 -0.25 19.32 8.65 -0.25 19.08 8.69 -0.25 19.52
3 72 8.65 -0.25 19.08 8.69 -0.25 18.79 8.73 -0.25 19.08
3 0 9.42 -0.25 19.12 8.73 -0.25 19.08 8.69 -0.25 18.79
4 0 7.93 -0.25 26.3 7.77 -0.25 25.54 8.11 -0.25 26 8.05 -0.25 26.5
4 72 6.04 -0.25 26.5 7.37 -0.25 26.5 7.13 -0.25 26.87 6.73 -0.25 27.15
4 0 6.45 -0.25 24.46 6.73 -0.25 24.2033 7.21 -0.25 24.82 6.97 -0.25 25.22
4 72 6.97 -0.25 25.22 6.04 -0.25 26.5 5.64 -0.25 25.7 6.45 -0.25 24.46
4 72 5 -0.25 24.26 6.45 -0.25 24.46 5.2 -0.25 25.1 4.68 -0.25 24.66
3 72 5 -0.25 24.26 4.68 -0.25 24.66 4.52 -0.25 24.54
4 0 6.12 -0.25 22.29 5.52 -0.25 22.21 5.56 -0.25 20.92 6.2 -0.25 20.84
4 0 3.35 -0.25 21.69 3.88 -0.25 21.81 4.04 -0.25 22.29 3.43 -0.25 22.45
4 72 3.96 -0.25 25.94 4.68 -0.25 25.38 5 -0.25 25.78 4.24 -0.25 26.34
4 0 2.71 -0.25 24.74 2.31 -0.25 24.98 2.07 -0.25 24.86 2.27 -0.25 24.06
4 15 -6.33 -0.25 13.89 -5.68 -0.25 13.49 -3.67 -0.25 15.42 -6.77 -0.25 14.38
4 0 5.64 -0.25 25.7 5.12 -0.25 26.06 5 -0.25 25.78 5.2 -0.25 25.1
3 72 6.45 -0.25 24.46 5.64 -0.25 25.7 5.2 -0.25 25.1
4 0 4.32 -0.25 25.06 4.52 -0.25 24.54 4.68 -0.25 24.66 4.68 -0.25 25.38
4 0 5.36 -0.25 26.46 5.64 -0.25 25.7 6.04 -0.25 26.5 5.48 -0.25 26.79
4 0 6.04 -0.25 26.5 6.16 -0.25 26.95 5.68 -0.25 27.31 5.48 -0.25 26.79
3 72 6.16 -0.25 26.95 6.33 -0.25 27.23 6.33 -0.25 27.31
3 0 7.69 -0.25 16.02 7.61 -0.25 16.14 6.97 -0.25 14.98
3 0 4.96 -0.25 13.33 5.2 -0.25 12.69 5.56 -0.25 12.77
4 0 5.08 -0.25 12.61 5.2 -0.25 12.69 4.96 -0.25 13.33 4.4 -0.25 12.57
3 0 6.06 -0.25 13.77 5.64 -0.25 13.49 6.33 -0.25 13.13
4 15 4.96 -0.25 13.33 5.64 -0.25 13.49 6.06 -0.25 13.77 3.67 -0.25 15.82
4 0 3.55 -0.25 14.58 3.67 -0.25 15.18 2.11 -0.25 15.26 3.39 -0.25 14.26
4 15 -4.56 -0.25 18.83 -4.6 -0.25 19.48 -6.2 -0.25 20.04 -4.56 -0.25 18.55
4 0 5.04 -0.25 12.13 4.4 -0.25 12.57 4.4 -0.25 11.69 5.16 -0.25 11.73
4 15 -0.94 -0.25 16.18 -0.5 -0.25 16.42 -1.59 -0.25 16.63 -1.43 -0.25 16.3
3 72 5.04 -0.25 4.82 5.28 -0.25 6.3 5.04 -0.25 5.14
4 15 -7.09 -0.25 15.06 -6.77 -0.25 14.38 -3.67 -0.25 15.42 -3.67 -0.25 15.94
4 15 -4.52 -0.25 12.57 -4.52 -0.25 11.69 -4.44 -0.25 11.61 4.32 -0.25 11.61
4 0 -4.8 -0.25 13.29 -5.2 -0.25 12.65 -4.52 -0.25 12.57 -4.36 -0.25 12.65
4 15 -3.67 -0.25 15.42 -5.68 -0.25 13.49 -5.44 -0.25 13.41 -3.55 -0.25 14.78
4 330 -6.85 -0.25 11.52 -5.24 -0.25 11.52 -5.56 -0.25 12.77 -6.37 -0.25 13.17
4 15 -1.55 -0.25 17.87 -1.75 -0.25 17.19 -0.86 -0.25 17.03 -1.1 -0.25 18.35
4 330 0.5 -0.25 -4.58 0.5 -0.25 -4.98 1.55 -0.25 -6.83 1.55 -0.25 -1.05
4 15 -7.09 -0.25 16.63 -7.09 -0.25 15.06 -3.67 -0.25 15.94 -3.55 -0.25 16.46
4 15 -3.67 -0.25 9.16 -3.84 -0.25 9.44 -4.8 -0.25 9.24 -4.68 -0.25 8.47
4 71 -9.38 -0.25 12.41 -7.85 -0.25 11.85 -8.86 -0.25 13.05 -9.5 -0.25 12.61
4 0 -0.5 -0.25 20.8 -0.34 -0.25 19.96 -0.14 -0.25 20.12 -0.1 -0.25 20.56
4 0 2.51 -0.25 33.65 2.51 -0.25 33.01 3.15 -0.25 33.33 2.59 -0.25 33.85
4 330 -1.63 -0.25 20.2 -1.51 -0.25 20.24 -1.95 -0.25 20.44 -1.87 -0.25 20.28
4 0 -3.55 -0.25 19.24 -2.87 -0.25 19.24 -2.95 -0.25 19.64 -3.55 -0.25 19.76
4 0 -6.97 -0.25 20.4 -7.05 -0.25 19.64 -6.2 -0.25 20.04 -6.69 -0.25 20.52
4 15 -3.96 -0.25 21.69 -5.04 -0.25 23.57 -5.36 -0.25 23.17 -5.56 -0.25 22.65
4 0 -6.69 -0.25 20.52 -6.2 -0.25 20.04 -6.08 -0.25 20.28 -6.49 -0.25 20.68
4 15 -6 -0.25 20.28 -6.08 -0.25 20.28 -6.2 -0.25 20.04 -4.6 -0.25 19.56
4 0 -6.08 -0.25 20.28 -6 -0.25 20.28 -5.76 -0.25 20.76 -6.49 -0.25 20.68
4 15 -3.67 -0.25 21.81 -3.07 -0.25 21.97 -3.71 -0.25 24.06 -4.6 -0.25 23.85
4 72 -6.24 -0.25 21.77 -7.77 -0.25 21.36 -7.53 -0.25 20.96 -6.33 -0.25 21
4 0 -4.12 -0.25 21.24 -3.96 -0.25 21.69 -4.32 -0.25 21.44 -4.4 -0.25 21.24
4 0 -6.85 -0.25 24.62 -7.21 -0.25 25.06 -7.21 -0.25 24.5 -6.85 -0.25 24.06
4 15 -4.32 -0.25 21.44 -3.96 -0.25 21.69 -5.56 -0.25 22.65 -5.64 -0.25 22.09
4 71 -5.76 -0.25 29.76 -6.49 -0.25 29.64 -6.61 -0.25 28.83 -6.12 -0.25 28.19
4 0 -3.43 -0.25 31.12 -3.96 -0.25 31 -3.92 -0.25 30.36 -3.19 -0.25 30.48
4 0 3.35 -0.25 31.12 2.99 -0.25 31.12 3.15 -0.25 30.48 3.84 -0.25 31
4 330 -2.27 -0.25 20 -2.11 -0.25 20.24 -2.39 -0.25 20.44 -2.75 -0.25 20.2
4 71 2.23 -0.25 33.61 2.51 -0.25 33.65 2.59 -0.25 33.85 0.66 -0.25 33.45
4 71 1.59 -0.25 28.79 2.59 -0.25 29.36 2.59 -0.25 30.24 0.98 -0.25 28.95
4 15 -0.34 -0.25 21.4 -0.26 -0.25 21.4 0.34 -0.25 21.93 -0.58 -0.25 23.73
4 72 0.98 -0.25 28.95 2.07 -0.25 26.42 2.27 -0.25 27.15 1.59 -0.25 28.79
4 0 -2.91 -0.25 21.08 -2.39 -0.25 20.44 -2.07 -0.25 21.36 -2.47 -0.25 21.77
4 0 2.27 -0.25 27.15 2.07 -0.25 26.42 2.87 -0.25 26.87 2.99 -0.25 27.39
4 0 1.91 -0.25 17.91 1.79 -0.25 18.71 1.51 -0.25 17.87 1.87 -0.25 17.67
4 72 2.03 -0.25 24.98 2.07 -0.25 24.86 2.31 -0.25 24.98 2.51 -0.25 25.9
4 15 2.27 -0.25 24.06 1.35 -0.25 23.89 2.99 -0.25 22.45 3.59 -0.25 24.06
4 15 5 -0.25 23.49 4.68 -0.25 23.73 4.04 -0.25 22.29 5.36 -0.25 22.93
4 0 2.07 -0.25 24.86 1.35 -0.25 24.86 1.35 -0.25 23.89 2.27 -0.25 24.06
4 15 4.56 -0.25 21.97 4.64 -0.25 21.77 5.52 -0.25 22.21 5.36 -0.25 22.93
4 0 4.44 -0.25 23.85 5 -0.25 24.26 4.52 -0.25 24.54 3.59 -0.25 24.06
3 0 4.68 -0.25 23.73 5 -0.25 24.26 4.44 -0.25 23.85
4 0 5 -0.25 23.49 5.76 -0.25 23.49 5 -0.25 24.26 4.68 -0.25 23.73
4 0 5.76 -0.25 23.49 5 -0.25 23.49 5.36 -0.25 22.93 5.88 -0.25 23.45
4 0 2.83 -0.25 22.17 3.07 -0.25 21.4 3.35 -0.25 21.69 3.43 -0.25 22.45
3 0 5.52 -0.25 22.21 6.12 -0.25 22.29 5.36 -0.25 22.93
4 15 3.43 -0.25 22.45 4.44 -0.25 23.85 3.59 -0.25 24.06 2.99 -0.25 22.45
4 330 2.59 -0.25 20.12 2.47 -0.25 20.28 2.43 -0.25 20.2 2.51 -0.25 20.04
4 0 6.53 -0.25 20.52 6.2 -0.25 20.84 5.56 -0.25 20.92 6.2 -0.25 19.96
4 0 1.47 -0.25 18.87 0.82 -0.25 18.55 1.51 -0.25 17.87 1.79 -0.25 18.71
3 0 6.2 -0.25 19.96 5.56 -0.25 20.92 5.8 -0.25 20.4
4 15 6.65 -0.25 19.76 6.2 -0.25 19.96 6.97 -0.25 17.59 6.93 -0.25 19.6
3 0 6.65 -0.25 19.76 6.85 -0.25 19.72 6.93 -0.25 20.36
3 15 6.85 -0.25 19.72 6.65 -0.25 19.76 6.93 -0.25 19.6
3 0 6.93 -0.25 19.6 7.57 -0.25 20 6.85 -0.25 19.72
3 0 7.57 -0.25 18.59 6.97 -0.25 17.59 7.65 -0.25 18.55
4 0 2.31 -0.25 17.39 2.59 -0.25 17.39 2.47 -0.25 17.59 2.03 -0.25 17.75
4 71 5.68 -0.25 27.31 5.88 -0.25 27.87 4.92 -0.25 27.91 4.76 -0.25 27.51
4 0 4.68 -0.25 25.38 4.68 -0.25 24.66 5.2 -0.25 25.1 5 -0.25 25.78
4 0 3.43 -0.25 25.94 3.03 -0.25 25.06 3.96 -0.25 25.94 3.84 -0.25 26.46
4 0 4.48 -0.25 27.71 4.76 -0.25 27.51 4.92 -0.25 27.91 4.68 -0.25 28.31
4 71 4.68 -0.25 28.31 4.76 -0.25 29.44 3.63 -0.25 27.99 4.48 -0.25 27.71
4 0 4.76 -0.25 30.4 4.96 -0.25 29.76 5.68 -0.25 29.76 6 -0.25 30.36
4 0 4.76 -0.25 29.44 4.68 -0.25 28.31 5.04 -0.25 28.55 5.04 -0.25 29.44
4 0 6.89 -0.25 30.04 6.45 -0.25 30.24 6.37 -0.25 29.64 6.73 -0.25 29.28
3 71 6.24 -0.25 28.51 6.77 -0.25 29.03 6.73 -0.25 29.28
4 0 7.33 -0.25 29.6 6.89 -0.25 30.04 6.73 -0.25 29.28 6.77 -0.25 29.03
3 0 6.85 -0.25 28.35 7.17 -0.25 28.67 6.77 -0.25 29.03
3 71 5.88 -0.25 27.87 5.04 -0.25 28.55 4.92 -0.25 27.91
3 0 5.88 -0.25 27.87 6.33 -0.25 27.31 6.49 -0.25 27.75
4 0 6.53 -0.25 8.43 6.93 -0.25 6.99 7.09 -0.25 9.72 6.61 -0.25 10.44
4 72 6.53 -0.25 8.43 6.61 -0.25 10.44 5.56 -0.25 9.03 5.4 -0.25 7.35
4 15 3.96 -0.25 7.95 4.4 -0.25 7.43 4.6 -0.25 8.03 3.8 -0.25 8.23
3 0 6.45 -0.25 6.95 6.33 -0.25 6.02 6.85 -0.25 6.02
4 72 6.04 -0.25 4.1 6.12 -0.25 4.74 5.04 -0.25 4.82 4.84 -0.25 3.85
3 0 6.33 -0.25 6.02 6.12 -0.25 4.74 6.85 -0.25 6.02
4 0 4.89 -0.25 1.15 5.1067 -0.25 0.4133 5.6 -0.25 1.2 5.4 -0.25 2.01
4 72 4.89 -0.25 1.15 5.4 -0.25 2.01 4.32 -0.25 1.93 3.9867 -0.25 1.0933
3 0 6.12 -0.25 2.37 5.72 -0.25 2.89 5.4 -0.25 2.01
4 72 3.23 -0.25 -0.36 3.35 -0.25 -0.36 3.6167 -0.25 0.36 3.23 -0.25 -0.16
4 0 3.55 -0.25 -1.01 4.2 -0.25 -0.56 3.63 -0.25 -0.24 3.35 -0.25 -0.36
4 0 3.23 -0.25 -0.36 2.79 -0.25 -1.37 3.55 -0.25 -1.01 3.35 -0.25 -0.36
3 0 4.44 -0.25 0.6 5.1067 -0.25 0.4133 4.89 -0.25 1.15
4 0 2.43 -0.25 -0.08 2.33 -0.25 -1.59 2.79 -0.25 -1.37 3.23 -0.25 -0.36
4 330 2.43 -0.25 -0.08 2.15 -0.25 0.64 1.22 -0.25 -0.28 1.71 -0.25 -0.76
4 0 3.96 -0.25 5.86 3.71 -0.25 5.14 5.04 -0.25 5.14 5.28 -0.25 6.3
4 0 2.83 -0.25 0.44 3.23 -0.25 -0.16 3.6167 -0.25 0.36 3.03 -0.25 0.76
4 330 2.55 -0.25 1.2 3.03 -0.25 0.76 3.27 -0.25 1.28 2.85 -0.25 1.71
4 72 4.44 -0.25 0.6 4.89 -0.25 1.15 3.9867 -0.25 1.0933 3.6167 -0.25 0.36
4 0 3.27 -0.25 1.28 3.6167 -0.25 0.36 3.9867 -0.25 1.0933 3.59 -0.25 2.05
3 72 5.4 -0.25 2.01 4.68 -0.25 3.13 4.32 -0.25 1.93
4 72 4.84 -0.25 3.85 4.68 -0.25 3.13 5.8 -0.25 3.25 6.04 -0.25 4.1
4 0 3.59 -0.25 2.05 3.9867 -0.25 1.0933 4.32 -0.25 1.93 3.96 -0.25 3.11
3 72 6.33 -0.25 6.02 5.04 -0.25 4.82 6.12 -0.25 4.74
4 0 4.68 -0.25 3.13 4.84 -0.25 3.85 3.96 -0.25 3.11 4.32 -0.25 1.93
4 0 4.32 -0.25 4.58 4.28 -0.25 4.3 4.84 -0.25 3.85 5.04 -0.25 4.82
4 15 3.71 -0.25 5.14 3.96 -0.25 5.86 3.59 -0.25 5.82 3.55 -0.25 5.1
4 72 5.4 -0.25 7.35 5.28 -0.25 6.3 6.45 -0.25 6.95 6.53 -0.25 8.43
4 0 5.64 -0.25 10.88 4.84 -0.25 10.88 4.92 -0.25 10.4 5.64 -0.25 10.08
4 15 3.11 -0.25 5.34 3.55 -0.25 5.1 3.59 -0.25 5.82 3.15 -0.25 5.46
3 72 6.61 -0.25 10.44 5.64 -0.25 10.08 5.56 -0.25 9.03
4 0 5.64 -0.25 10.88 5.8 -0.25 11 5.24 -0.25 11.69 4.84 -0.25 10.88
3 72 6.61 -0.25 10.44 6.57 -0.25 11 5.8 -0.25 11
3 0 6.57 -0.25 11 5.84 -0.25 11.57 5.8 -0.25 11
4 72 5.48 -0.25 26.79 5.68 -0.25 27.31 4.76 -0.25 27.51 4.64 -0.25 27.11
4 72 5.36 -0.25 26.46 5.48 -0.25 26.79 4.64 -0.25 27.11 4.24 -0.25 26.34
3 0 5.64 -0.25 25.7 5.36 -0.25 26.46 5.12 -0.25 26.06
3 72 5.12 -0.25 26.06 5.36 -0.25 26.46 4.24 -0.25 26.34
4 72 4.32 -0.25 25.06 4.68 -0.25 25.38 3.96 -0.25 25.94 3.76 -0.25 24.78
4 0 3.76 -0.25 24.78 3.59 -0.25 24.06 4.52 -0.25 24.54 4.32 -0.25 25.06
3 0 3.31 -0.25 24.7 3.59 -0.25 24.06 3.76 -0.25 24.78
4 0 2.71 -0.25 24.74 2.27 -0.25 24.06 3.59 -0.25 24.06 3.31 -0.25 24.7
4 72 3.31 -0.25 24.7 3.76 -0.25 24.78 3.03 -0.25 25.06 2.71 -0.25 24.74
4 0 1.02 -0.25 24.46 0.58 -0.25 23.73 1.35 -0.25 23.89 1.35 -0.25 24.86
3 72 3.76 -0.25 24.78 3.96 -0.25 25.94 3.03 -0.25 25.06
3 72 5 -0.25 25.78 5.12 -0.25 26.06 4.24 -0.25 26.34
4 0 4.04 -0.25 26.79 4.24 -0.25 26.34 4.64 -0.25 27.11 4.32 -0.25 27.27
4 0 4.32 -0.25 4.58 5.04 -0.25 4.82 5.04 -0.25 5.14 3.71 -0.25 5.14
4 15 3.59 -0.25 6.5 3.96 -0.25 5.86 4.32 -0.25 7.07 3.76 -0.25 7.15
4 330 4.28 -0.25 4.3 4.24 -0.25 4.58 4.08 -0.25 4.38 3.92 -0.25 3.81
4 0 2.79 -0.25 3.01 3.23 -0.25 2.37 3.57 -0.25 3.03 2.83 -0.25 3.13
4 0 4.32 -0.25 10.4 3.88 -0.25 9.44 4.92 -0.25 10.4 4.68 -0.25 10.66
3 15 3.59 -0.25 6.5 3.76 -0.25 7.15 3.51 -0.25 6.95
3 15 3.59 -0.25 6.5 3.51 -0.25 6.95 3.31 -0.25 6.87
4 72 2.75 -0.25 5.42 3.15 -0.25 5.46 3.03 -0.25 5.82 2.35 -0.25 5.82
4 15 3.59 -0.25 8.75 3.8 -0.25 8.23 4.68 -0.25 8.51 3.88 -0.25 9.44
4 72 3.39 -0.25 4.82 3.71 -0.25 5.14 3.55 -0.25 5.1 3.19 -0.25 4.98
4 72 2.59 -0.25 6.79 3.03 -0.25 6.46 3.31 -0.25 6.87 2.87 -0.25 7.23
4 0 5.56 -0.25 9.03 4.84 -0.25 9.24 4.68 -0.25 8.51 5.4 -0.25 7.35
4 72 3.35 -0.25 7.27 3.31 -0.25 6.87 3.51 -0.25 6.95 3.76 -0.25 7.15
4 15 3.96 -0.25 7.51 4.32 -0.25 7.07 4.4 -0.25 7.43 3.96 -0.25 7.95
4 0 5.4 -0.25 7.35 4.4 -0.25 7.43 4.32 -0.25 7.07 5.28 -0.25 6.3
4 72 3.76 -0.25 7.15 3.96 -0.25 7.51 3.59 -0.25 7.51 3.35 -0.25 7.27
4 15 3.88 -0.25 9.44 4.84 -0.25 9.24 4.92 -0.25 9.84 4.92 -0.25 10.4
4 72 3.59 -0.25 7.99 3.96 -0.25 7.95 3.8 -0.25 8.23 3.51 -0.25 8.39
4 15 2.35 -0.25 5.82 2.35 -0.25 6.18 2.11 -0.25 6.02 2.11 -0.25 5.94
4 72 2.47 -0.25 8.31 2.59 -0.25 8.07 2.91 -0.25 8.47 2.43 -0.25 8.59
3 15 3.8 -0.25 8.23 3.59 -0.25 8.75 3.51 -0.25 8.39
4 15 3.11 -0.25 8.59 3.27 -0.25 8.83 3.07 -0.25 9.08 2.91 -0.25 8.47
4 0 3.88 -0.25 9.44 3.84 -0.25 10.08 3.47 -0.25 9.88 3.59 -0.25 9.24
3 15 3.59 -0.25 9.24 3.59 -0.25 8.75 3.88 -0.25 9.44
4 0 4.92 -0.25 9.84 5.56 -0.25 9.03 5.64 -0.25 10.08 4.92 -0.25 10.4
3 0 4.92 -0.25 9.84 4.84 -0.25 9.24 5.56 -0.25 9.03
3 15 3.88 -0.25 9.44 4.68 -0.25 8.51 4.84 -0.25 9.24
3 15 3.8 -0.25 8.23 4.6 -0.25 8.03 4.68 -0.25 8.51
3 0 5.4 -0.25 7.35 4.68 -0.25 8.51 4.6 -0.25 8.03
3 0 4.4 -0.25 7.43 5.4 -0.25 7.35 4.6 -0.25 8.03
3 15 3.96 -0.25 7.51 3.76 -0.25 7.15 4.32 -0.25 7.07
3 0 4.32 -0.25 7.07 3.96 -0.25 5.86 5.28 -0.25 6.3
3 15 3.59 -0.25 6.5 3.59 -0.25 5.82 3.96 -0.25 5.86
4 15 3.84 -0.25 10.08 4.32 -0.25 10.4 4.56 -0.25 10.92 1.8833 -0.25 10.2667
4 15 -4.36 -0.25 12.65 4.32 -0.25 11.61 4.4 -0.25 11.69 4.32 -0.25 12.65
3 0 3.84 -0.25 10.08 3.88 -0.25 9.44 4.32 -0.25 10.4
4 15 2.87 -0.25 9.68 3.47 -0.25 9.88 1.8833 -0.25 10.2667 2.43 -0.25 9.56
4 72 3.59 -0.25 8.75 3.59 -0.25 9.24 3.27 -0.25 9.12 3.27 -0.25 8.83
4 0 3.59 -0.25 9.24 3.47 -0.25 9.88 2.87 -0.25 9.68 3.27 -0.25 9.12
4 0 3.07 -0.25 9.08 3.27 -0.25 9.12 2.87 -0.25 9.68 2.43 -0.25 9.56
3 15 2.27 -0.25 9.64 2.43 -0.25 9.56 1.8833 -0.25 10.2667
4 15 2.43 -0.25 8.59 3.07 -0.25 9.08 2.19 -0.25 8.79 2.11 -0.25 8.67
4 0 2.43 -0.25 9.56 2.27 -0.25 9.64 2.19 -0.25 8.79 3.07 -0.25 9.08
3 15 3.47 -0.25 9.88 3.84 -0.25 10.08 1.8833 -0.25 10.2667
4 330 0.34 -0.25 8.71 1.35 -0.25 8.07 1.22 -0.25 9.6 0.42 -0.25 9.92
4 15 1.8833 -0.25 10.2667 4.56 -0.25 10.92 1.47 -0.25 10.88 1.43 -0.25 10.76
4 0 2.27 -0.25 9.64 1.8833 -0.25 10.2667 1.22 -0.25 9.6 2.19 -0.25 8.79
4 0 1.06 -0.25 10.36 1.8833 -0.25 10.2667 1.43 -0.25 10.76 0.9 -0.25 10.48
3 15 -4.36 -0.25 12.65 -4.52 -0.25 12.57 4.32 -0.25 11.61
4 15 4.56 -0.25 10.92 4.32 -0.25 10.4 4.68 -0.25 10.66 4.84 -0.25 10.88
4 0 4.56 -0.25 10.92 4.84 -0.25 10.88 4.4 -0.25 11.69 4.32 -0.25 11.61
3 0 4.84 -0.25 10.88 4.68 -0.25 10.66 4.92 -0.25 10.4
4 0 2.79 -0.25 25.34 2.71 -0.25 24.74 3.03 -0.25 25.06 3.43 -0.25 25.94
4 0 4.32 -0.25 27.27 4.64 -0.25 27.11 4.76 -0.25 27.51 4.48 -0.25 27.71
4 72 3.63 -0.25 27.99 4.04 -0.25 26.79 4.32 -0.25 27.27 4.48 -0.25 27.71
4 72 2.51 -0.25 25.9 2.31 -0.25 24.98 2.79 -0.25 25.34 2.87 -0.25 26.87
4 0 3.15 -0.25 30.48 3.84 -0.25 30.36 4.44 -0.25 30.72 3.84 -0.25 31
4 0 2.51 -0.25 28.51 2.99 -0.25 27.39 3.07 -0.25 28.35 3.03 -0.25 29.88
4 0 2.99 -0.25 31.12 2.47 -0.25 30.72 2.95 -0.25 30.4 3.15 -0.25 30.48
4 71 3.15 -0.25 30.48 2.95 -0.25 30.4 3.03 -0.25 29.88 3.84 -0.25 30.36
4 0 4.96 -0.25 29.76 4.76 -0.25 30.4 4.72 -0.25 29.76 4.76 -0.25 29.44
3 0 4.48 -0.25 29.84 4.44 -0.25 30.72 3.84 -0.25 30.36
3 71 4.48 -0.25 29.84 3.84 -0.25 30.36 3.03 -0.25 29.88
3 0 5.04 -0.25 29.44 4.96 -0.25 29.76 4.76 -0.25 29.44
3 71 4.76 -0.25 29.44 3.03 -0.25 29.88 3.07 -0.25 28.35
3 0 4.92 -0.25 27.91 5.04 -0.25 28.55 4.68 -0.25 28.31
4 15 1.35 -0.25 23.89 0.58 -0.25 23.73 0.42 -0.25 21.85 1.55 -0.25 21.48
3 71 0.34 -0.25 21.85 0.42 -0.25 21.85 0.34 -0.25 21.93
4 72 0.34 -0.25 21.85 0.34 -0.25 21.73 0.42 -0.25 21.77 0.42 -0.25 21.85
4 72 3.39 -0.25 19.8 4.12 -0.25 19.6 4.04 -0.25 19.84 3.84 -0.25 20.16
4 15 1.95 -0.25 15.34 1.99 -0.25 15.26 2.11 -0.25 15.26 2.43 -0.25 15.7
4 72 4.16 -0.25 19.32 4.4 -0.25 19.32 4.36 -0.25 19.52 4.12 -0.25 19.6
4 15 2.07 -0.25 17.95 1.91 -0.25 17.91 2.03 -0.25 17.75 2.67 -0.25 17.91
4 0 -2.63 -0.25 16.26 -3.55 -0.25 16.46 -3.67 -0.25 15.94 -2.43 -0.25 15.66
4 0 2.11 -0.25 15.26 2.39 -0.25 13.85 2.87 -0.25 13.85 3.39 -0.25 14.26
3 72 2.07 -0.25 17.95 2.67 -0.25 17.91 2.39 -0.25 18.03
4 0 1.22 -0.25 19.16 1.1 -0.25 19.44 0.54 -0.25 19.12 0.82 -0.25 18.55
4 0 3.07 -0.25 18.59 2.51 -0.25 18.83 2.15 -0.25 18.71 2.59 -0.25 18.15
4 15 1.75 -0.25 16.38 1.83 -0.25 16.3 2.19 -0.25 16.79 1.91 -0.25 16.71
3 15 2.03 -0.25 17.75 2.47 -0.25 17.59 2.67 -0.25 17.91
4 72 3.07 -0.25 18.59 3.96 -0.25 18.87 4 -0.25 19.2 3.23 -0.25 18.83
4 0 2.71 -0.25 16.46 3.67 -0.25 15.82 3.55 -0.25 16.38 3.39 -0.25 16.67
4 15 3.19 -0.25 16.95 3.39 -0.25 16.67 3.8 -0.25 18.07 3.39 -0.25 18.15
4 15 3.55 -0.25 16.38 3.67 -0.25 15.82 6.97 -0.25 17.59 4.24 -0.25 18.27
4 15 4.96 -0.25 13.33 3.55 -0.25 14.58 3.39 -0.25 14.26 3.67 -0.25 13.25
3 15 4.96 -0.25 13.33 3.67 -0.25 15.82 3.67 -0.25 15.18
3 15 4.96 -0.25 13.33 3.67 -0.25 15.18 3.55 -0.25 14.58
3 0 2.87 -0.25 13.85 3.19 -0.25 14.01 3.39 -0.25 14.26
3 15 3.19 -0.25 14.01 3.67 -0.25 13.25 3.39 -0.25 14.26
4 0 2.43 -0.25 15.7 3.67 -0.25 15.18 3.67 -0.25 15.82 2.71 -0.25 16.46
3 15 2.87 -0.25 13.85 3.67 -0.25 13.25 3.19 -0.25 14.01
3 15 3.67 -0.25 13.25 2.87 -0.25 13.85 2.39 -0.25 13.85
4 15 -2.47 -0.25 13.77 -4.8 -0.25 13.29 3.67 -0.25 13.25 -2.03 -0.25 13.85
4 0 3.19 -0.25 16.95 2.59 -0.25 17.39 2.71 -0.25 16.67 3.39 -0.25 16.67
4 15 -2.03 -0.25 13.85 3.67 -0.25 13.25 2.39 -0.25 13.85 1.51 -0.25 14.14
3 0 2.71 -0.25 16.67 2.71 -0.25 16.46 3.39 -0.25 16.67
4 330 -0.58 -0.25 14.98 -0.02 -0.25 15.38 -0.42 -0.25 15.54 -0.86 -0.25 15.54
4 15 -1.35 -0.25 14.14 1.51 -0.25 14.14 0.54 -0.25 14.42 -0.46 -0.25 14.42
4 0 -2.15 -0.25 15.12 -3.55 -0.25 14.78 -3.47 -0.25 14.58 -3.19 -0.25 14.14
3 15 -0.46 -0.25 14.42 0.54 -0.25 14.42 0.1 -0.25 14.5
4 0 -2.15 -0.25 15.12 -3.19 -0.25 14.14 -2.83 -0.25 13.85 -2.47 -0.25 13.77
3 15 -2.03 -0.25 13.85 1.51 -0.25 14.14 -1.35 -0.25 14.14
4 0 -2.43 -0.25 15.66 -3.67 -0.25 15.94 -3.67 -0.25 15.42 -3.55 -0.25 14.78
3 15 -2.83 -0.25 13.85 -4.8 -0.25 13.29 -2.47 -0.25 13.77
3 15 -4.8 -0.25 13.29 -2.83 -0.25 13.85 -3.19 -0.25 14.14
4 15 -3.55 -0.25 14.78 -5.44 -0.25 13.41 -4.8 -0.25 13.29 -3.47 -0.25 14.58
3 15 -3.19 -0.25 14.14 -3.47 -0.25 14.58 -4.8 -0.25 13.29
4 15 -5.76 -0.25 20.76 -4.48 -0.25 20.24 -4.4 -0.25 21.24 -5.68 -0.25 21.48
4 72 -4.32 -0.25 18.15 -3.96 -0.25 17.99 -3.88 -0.25 18.07 -4.28 -0.25 18.39
4 15 -1.79 -0.25 16.3 -2.63 -0.25 16.26 -2.43 -0.25 15.66 -1.87 -0.25 15.42
4 0 -1.43 -0.25 16.3 -1.79 -0.25 16.3 -1.87 -0.25 15.42 -1.06 -0.25 15.42
4 0 -1.47 -0.25 14.82 -2.15 -0.25 15.12 -2.03 -0.25 13.85 -1.35 -0.25 14.14
4 15 -4.56 -0.25 18.55 -6.2 -0.25 20.04 -7.05 -0.25 19.64 -7.09 -0.25 16.63
4 0 -2.87 -0.25 19.24 -3.47 -0.25 19.03 -3.23 -0.25 18.63 -2.67 -0.25 18.91
4 0 -0.5 -0.25 16.42 -0.02 -0.25 16.95 -0.86 -0.25 17.03 -1.59 -0.25 16.63
4 0 -2.67 -0.25 16.67 -2.63 -0.25 17.19 -3.19 -0.25 16.95 -3.27 -0.25 16.83
4 15 -3.07 -0.25 17.99 -3.88 -0.25 17.99 -3.19 -0.25 16.95 -2.55 -0.25 17.91
4 15 -3.96 -0.25 17.99 -3.55 -0.25 16.46 -3.27 -0.25 16.83 -3.88 -0.25 17.99
4 0 -2.67 -0.25 18.91 -3.23 -0.25 18.63 -2.79 -0.25 18.15 -2.31 -0.25 18.71
4 15 -1.79 -0.25 16.3 -1.59 -0.25 16.63 -2.67 -0.25 16.67 -2.63 -0.25 16.26
4 15 -2.31 -0.25 17.39 -2.63 -0.25 17.19 -1.75 -0.25 17.19 -1.91 -0.25 17.59
3 0 1.91 -0.25 17.91 1.87 -0.25 17.67 2.03 -0.25 17.75
4 0 1.51 -0.25 16.63 2.31 -0.25 17.39 0.86 -0.25 17.03 0.58 -0.25 16.42
4 15 1.87 -0.25 17.67 1.51 -0.25 17.87 0.86 -0.25 17.03 2.31 -0.25 17.39
4 0 0.1 -0.25 14.5 0.7 -0.25 14.98 -0.58 -0.25 14.98 -0.46 -0.25 14.42
4 15 0.82 -0.25 18.55 -0.02 -0.25 16.95 0.86 -0.25 17.03 1.51 -0.25 17.87
3 0 2.03 -0.25 17.75 1.87 -0.25 17.67 2.31 -0.25 17.39
4 330 2.47 -0.25 20.28 2.07 -0.25 20.48 2.19 -0.25 20.28 2.43 -0.25 20.2
4 15 -1.1 -0.25 18.35 -0.86 -0.25 17.03 -0.02 -0.25 16.95 0.82 -0.25 18.55
4 330 1.83 -0.25 20.04 1.83 -0.25 20.48 1.55 -0.25 20.4 1.27 -0.25 20.16
3 15 0.82 -0.25 18.55 0.54 -0.25 19.12 -1.1 -0.25 18.35
4 0 0.26 -0.25 21 0.38 -0.25 20.6 0.62 -0.25 21.4 0.34 -0.25 21.73
4 0 -2.15 -0.25 17.99 -1.95 -0.25 17.99 -1.91 -0.25 18.67 -2.31 -0.25 18.71
4 330 2.51 -0.25 19.8 2.31 -0.25 19.56 2.75 -0.25 19.24 2.79 -0.25 19.8
4 0 0.66 -0.25 20.4 1.55 -0.25 20.4 1.1 -0.25 21.36 0.62 -0.25 21.4
4 15 0.5 -0.25 19.84 0.66 -0.25 20.4 0.38 -0.25 20.6 -0.14 -0.25 20.12
3 0 0.42 -0.25 21.77 0.34 -0.25 21.73 0.62 -0.25 21.4
4 15 4.64 -0.25 21.77 3.88 -0.25 21.81 4.52 -0.25 20.2 5.56 -0.25 20.92
4 330 2.31 -0.25 19.56 2.15 -0.25 18.71 2.51 -0.25 18.83 2.75 -0.25 19.24
4 15 3.63 -0.25 20.36 3.84 -0.25 20.16 4.52 -0.25 20.2 3.47 -0.25 20.56
4 72 3.23 -0.25 20.32 3.63 -0.25 20.36 3.47 -0.25 20.56 3.11 -0.25 20.76
4 0 3.23 -0.25 18.83 3.39 -0.25 19.28 2.75 -0.25 19.24 3.07 -0.25 18.59
4 72 2.59 -0.25 18.15 3.39 -0.25 18.15 3.71 -0.25 18.47 3.07 -0.25 18.59
4 0 2.39 -0.25 18.03 2.59 -0.25 18.15 2.15 -0.25 18.71 2.07 -0.25 17.95
4 0 1.79 -0.25 18.71 1.91 -0.25 17.91 2.07 -0.25 17.95 2.15 -0.25 18.71
4 72 2.59 -0.25 18.15 2.39 -0.25 18.03 2.67 -0.25 17.91 3.39 -0.25 18.15
4 15 1.1 -0.25 21.36 1.55 -0.25 21.48 0.42 -0.25 21.85 0.42 -0.25 21.77
3 0 0.62 -0.25 21.4 0.38 -0.25 20.6 0.66 -0.25 20.4
3 15 0.42 -0.25 21.77 0.62 -0.25 21.4 1.1 -0.25 21.36
4 0 1.55 -0.25 21.48 1.1 -0.25 21.36 1.55 -0.25 20.4 1.83 -0.25 20.48
4 0 1.55 -0.25 21.48 2.55 -0.25 21 2.55 -0.25 21.12 2.39 -0.25 21.81
4 15 1.35 -0.25 23.89 1.55 -0.25 21.48 2.39 -0.25 21.81 2.99 -0.25 22.45
4 0 2.39 -0.25 21.81 2.55 -0.25 21.12 2.91 -0.25 21.36 2.83 -0.25 22.17
3 15 5.36 -0.25 22.93 4.04 -0.25 22.29 4.56 -0.25 21.97
3 15 2.39 -0.25 21.81 2.83 -0.25 22.17 2.99 -0.25 22.45
4 15 4.04 -0.25 22.29 4.68 -0.25 23.73 4.44 -0.25 23.85 3.43 -0.25 22.45
3 0 3.43 -0.25 22.45 2.99 -0.25 22.45 2.83 -0.25 22.17
4 0 3.88 -0.25 21.81 4.64 -0.25 21.77 4.56 -0.25 21.97 4.04 -0.25 22.29
3 15 4.64 -0.25 21.77 5.56 -0.25 20.92 5.52 -0.25 22.21
4 15 3.11 -0.25 20.76 3.47 -0.25 20.56 3.88 -0.25 21.81 3.35 -0.25 21.69
3 15 3.07 -0.25 21.4 3.11 -0.25 20.76 3.35 -0.25 21.69
3 0 3.07 -0.25 21.4 2.83 -0.25 22.17 2.91 -0.25 21.36
4 15 3.11 -0.25 20.76 3.07 -0.25 21.4 2.91 -0.25 21.36 2.55 -0.25 21
3 15 2.55 -0.25 21.12 2.55 -0.25 21 2.91 -0.25 21.36
4 0 2.07 -0.25 20.48 2.55 -0.25 21 1.55 -0.25 21.48 1.83 -0.25 20.48
4 0 2.47 -0.25 20.28 3.23 -0.25 20.32 3.11 -0.25 20.76 2.55 -0.25 21
3 15 3.47 -0.25 20.56 4.52 -0.25 20.2 3.88 -0.25 21.81
4 72 3.63 -0.25 20.36 3.23 -0.25 20.32 3.39 -0.25 19.8 3.84 -0.25 20.16
4 15 5.8 -0.25 20.4 5.56 -0.25 20.92 4.52 -0.25 20.2 4.36 -0.25 19.52
4 15 4.04 -0.25 19.84 4.12 -0.25 19.6 4.36 -0.25 19.52 4.52 -0.25 20.2
4 15 4.4 -0.25 19.32 6.2 -0.25 19.96 5.8 -0.25 20.4 4.36 -0.25 19.52
3 72 4.04 -0.25 19.84 4.52 -0.25 20.2 3.84 -0.25 20.16
3 72 4.12 -0.25 19.6 3.39 -0.25 19.8 3.39 -0.25 19.28
4 15 6.97 -0.25 17.59 6.2 -0.25 19.96 4.4 -0.25 19.32 4.4 -0.25 18.83
4 15 4 -0.25 18.11 3.39 -0.25 16.67 3.55 -0.25 16.38 4.24 -0.25 18.27
4 15 3.96 -0.25 18.87 4.4 -0.25 19.32 4.16 -0.25 19.32 4 -0.25 19.2
3 72 3.23 -0.25 18.83 4 -0.25 19.2 3.39 -0.25 19.28
4 72 4 -0.25 18.11 4.24 -0.25 18.27 4.2 -0.25 18.51 3.8 -0.25 18.11
3 72 3.07 -0.25 18.59 3.71 -0.25 18.47 3.96 -0.25 18.87
4 15 3.19 -0.25 16.95 3.39 -0.25 18.15 2.67 -0.25 17.91 2.59 -0.25 17.39
3 15 2.59 -0.25 17.39 2.67 -0.25 17.91 2.47 -0.25 17.59
4 72 4.04 -0.25 26.79 2.99 -0.25 27.39 2.87 -0.25 26.87 3.84 -0.25 26.46
4 0 3.84 -0.25 26.46 3.96 -0.25 25.94 4.24 -0.25 26.34 4.04 -0.25 26.79
4 72 3.43 -0.25 25.94 3.84 -0.25 26.46 2.87 -0.25 26.87 2.79 -0.25 25.34
3 0 2.79 -0.25 25.34 2.31 -0.25 24.98 2.71 -0.25 24.74
4 0 1.79 -0.25 25.7 1.63 -0.25 25.34 2.03 -0.25 24.98 2.51 -0.25 25.9
4 72 -1.71 -0.25 25.1 -1.39 -0.25 24.66 -0.94 -0.25 24.42 -0.5 -0.25 24.34
4 72 0.42 -0.25 24.34 1.02 -0.25 24.46 1.35 -0.25 24.86 1.63 -0.25 25.34
4 0 -0.94 -0.25 24.42 -1.39 -0.25 24.66 -1.47 -0.25 23.89 -0.58 -0.25 23.73
3 72 3.07 -0.25 27.99 3.07 -0.25 28.35 2.99 -0.25 27.39
4 72 2.99 -0.25 27.39 4.04 -0.25 26.79 3.63 -0.25 27.99 3.07 -0.25 27.99
4 72 4.4 -0.25 18.59 4.28 -0.25 18.83 4.2 -0.25 18.51 4.24 -0.25 18.27
3 15 6.97 -0.25 17.59 4.4 -0.25 18.59 4.24 -0.25 18.27
4 15 3.71 -0.25 18.47 3.8 -0.25 18.11 4.2 -0.25 18.51 3.96 -0.25 18.87
3 15 3.39 -0.25 16.67 4 -0.25 18.11 3.8 -0.25 18.07
4 15 3.8 -0.25 18.11 3.71 -0.25 18.47 3.39 -0.25 18.15 3.8 -0.25 18.07
3 72 3.8 -0.25 18.07 4 -0.25 18.11 3.8 -0.25 18.11
4 15 3.96 -0.25 18.87 4.2 -0.25 18.51 4.28 -0.25 18.83 4.4 -0.25 19.32
3 15 4.4 -0.25 19.32 4.28 -0.25 18.83 4.4 -0.25 18.83
3 15 4.4 -0.25 18.83 4.4 -0.25 18.59 6.97 -0.25 17.59
3 72 4.4 -0.25 18.83 4.28 -0.25 18.83 4.4 -0.25 18.59
4 0 4.32 -0.25 11.61 -1.87 -0.25 10.92 1.47 -0.25 10.88 4.56 -0.25 10.92
4 0 -5.12 -0.25 11.73 -4.52 -0.25 11.69 -4.52 -0.25 12.57 -5.2 -0.25 12.65
4 0 2.33 -0.25 -1.59 2.43 -0.25 -0.08 1.71 -0.25 -0.76 1.55 -0.25 -1.05
4 330 -0.62 -0.25 -2.05 -0.78 -0.25 -1.65 -1.06 -0.25 -1.89 -0.78 -0.25 -2.29
4 0 -4.44 -0.25 11.61 -4.68 -0.25 10.92 -1.87 -0.25 10.92 4.32 -0.25 11.61
4 0 -4.36 -0.25 12.65 4.32 -0.25 12.65 3.67 -0.25 13.25 -4.8 -0.25 13.29
3 0 4.96 -0.25 13.33 4.32 -0.25 12.65 4.4 -0.25 12.57
3 0 4.96 -0.25 13.33 3.67 -0.25 13.25 4.32 -0.25 12.65
3 15 4.4 -0.25 12.57 4.32 -0.25 12.65 4.4 -0.25 11.69
3 0 5.04 -0.25 12.13 5.08 -0.25 12.61 4.4 -0.25 12.57
4 0 4.08 -0.25 4.38 4.24 -0.25 4.58 3.71 -0.25 5.14 3.51 -0.25 4.58
3 0 4.28 -0.25 4.3 3.96 -0.25 3.11 4.84 -0.25 3.85
4 330 3.96 -0.25 3.11 3.92 -0.25 3.81 3.57 -0.25 3.03 3.59 -0.25 2.05
4 330 3.59 -0.25 2.05 3.23 -0.25 2.37 2.85 -0.25 1.71 3.27 -0.25 1.28
4 0 2.43 -0.25 -0.08 3.23 -0.25 -0.36 3.23 -0.25 -0.16 2.83 -0.25 0.44
3 0 3.27 -0.25 1.28 3.03 -0.25 0.76 3.6167 -0.25 0.36
4 330 1.55 -0.25 -1.05 1.22 -0.25 -0.28 0.66 -0.25 -0.6 0.34 -0.25 -2.01
4 330 -0.3 -0.25 -1.85 -0.46 -0.25 -1.25 -0.7 -0.25 -1.49 -0.78 -0.25 -1.65
4 0 2.15 -0.25 -7.63 2.33 -0.25 -1.59 1.55 -0.25 -1.05 1.55 -0.25 -6.83
4 330 0.3 -0.25 -5.26 0.0067 -0.25 -6.35 0.6467 -0.25 -6.91 1.55 -0.25 -6.83
4 0 2.15 -0.25 -7.63 1.55 -0.25 -6.83 1.47 -0.25 -7.59 1.51 -0.25 -8.48
4 330 -14.04 -0.25 -26.95 -11.51 -0.25 -26.43 -11.35 -0.25 -23.33 -14.04 -0.25 -22.57
4 72 -1.47 -0.25 -8.72 -1.51 -0.25 -10.52 -1.43 -0.25 -10.64 1.47 -0.25 -10.64
3 330 0.6467 -0.25 -6.91 1.47 -0.25 -7.59 1.55 -0.25 -6.83
4 0 1.47 -0.25 -7.59 0.6467 -0.25 -6.91 0.34 -0.25 -7.47 0.34 -0.25 -7.75
3 330 1.55 -0.25 -6.83 0.5 -0.25 -4.98 0.3 -0.25 -5.26
4 72 -1.47 -0.25 -8.72 1.47 -0.25 -10.64 1.59 -0.25 -10.48 -1.43 -0.25 -8.48
4 0 -1.31 -0.25 -5.7 -1.02 -0.25 -5.5 -1.14 -0.25 -5.22 -1.43 -0.25 -5.74
4 0 0.34 -0.25 -7.75 -1.43 -0.25 -8.48 1.51 -0.25 -8.48 1.47 -0.25 -7.59
4 330 -2.87 -0.25 0.6 -2.15 -0.25 0.6 -2.47 -0.25 1 -3.23 -0.25 1.34
4 330 -3.67 -0.25 2.49 -3.51 -0.25 1.97 -3.15 -0.25 2.05 -3.59 -0.25 2.99
4 0 -1.51 -0.25 -10.52 -1.47 -0.25 -8.72 -2.11 -0.25 -10.16 -2.19 -0.25 -10.6
4 72 -10.1 -0.25 -13.66 -10.4 -0.25 -13.6 -10.5 -0.25 -16.71 -9.58 -0.25 -13.86
4 0 -0.3 -0.25 -1.85 -0.62 -0.25 -2.05 -0.26 -0.25 -2.21 0.02 -0.25 -1.85
4 0 -1.14 -0.25 -2.25 -1.06 -0.25 -1.89 -1.31 -0.25 -1.73 -1.43 -0.25 -1.73
4 330 0.22 -0.25 7.95 0.26 -0.25 7.47 1.31 -0.25 7.11 1.35 -0.25 8.07
4 330 0.34 -0.25 -2.01 0.66 -0.25 -0.6 0.34 -0.25 -0.72 0.02 -0.25 -1.85
4 0 -0.82 -0.25 -1.09 -1.06 -0.25 -1.89 -0.78 -0.25 -1.65 -0.7 -0.25 -1.49
4 0 0.9 -0.25 0.48 0.14 -0.25 0.52 0.14 -0.25 0.4 0.66 -0.25 -0.6
4 0 -0.62 -0.25 -0.8 -0.46 -0.25 -1.25 -0.18 -0.25 -0.88 -0.62 -0.25 -0.72
4 330 2.83 -0.25 0.44 2.55 -0.25 1.2 2.15 -0.25 0.64 2.43 -0.25 -0.08
4 0 1.06 -0.25 6.06 1.79 -0.25 5.62 1.83 -0.25 6.14 1.18 -0.25 6.46
3 330 1.71 -0.25 -0.76 1.22 -0.25 -0.28 1.55 -0.25 -1.05
4 15 0.9 -0.25 3.57 1.02 -0.25 3.05 1.27 -0.25 3.05 1.75 -0.25 3.25
4 0 1.22 -0.25 -0.28 2.15 -0.25 0.64 1.39 -0.25 0.76 1.02 -0.25 0.44
3 330 1.22 -0.25 -0.28 1.14 -0.25 -0.28 0.66 -0.25 -0.6
3 330 2.55 -0.25 1.2 2.83 -0.25 0.44 3.03 -0.25 0.76
4 15 0.86 -0.25 1.2 1.14 -0.25 1.24 1.02 -0.25 1.81 0.82 -0.25 1.65
3 330 2.15 -0.25 0.64 2.55 -0.25 1.2 2.15 -0.25 0.72
4 72 2.75 -0.25 3.17 2.99 -0.25 3.41 2.39 -0.25 3.45 2.31 -0.25 3.17
4 72 2.27 -0.25 2.05 2.11 -0.25 2.05 2.07 -0.25 1.89 2.07 -0.25 1.69
4 15 2.35 -0.25 3.93 2.39 -0.25 3.45 2.99 -0.25 3.41 3.03 -0.25 4.06
3 330 3.23 -0.25 2.37 3.59 -0.25 2.05 3.57 -0.25 3.03
4 0 2.85 -0.25 1.71 3.23 -0.25 2.37 2.51 -0.25 2.29 2.27 -0.25 2.05
4 72 3.39 -0.25 4.66 3.51 -0.25 4.58 3.71 -0.25 5.14 3.39 -0.25 4.82
3 330 3.96 -0.25 3.11 4.28 -0.25 4.3 3.92 -0.25 3.81
3 0 3.71 -0.25 5.14 4.24 -0.25 4.58 4.32 -0.25 4.58
3 330 4.24 -0.25 4.58 4.28 -0.25 4.3 4.32 -0.25 4.58
4 72 3.51 -0.25 8.39 3.27 -0.25 8.83 3.11 -0.25 8.59 3.11 -0.25 7.99
4 0 1.22 -0.25 9.6 1.35 -0.25 8.07 2.0902 -0.25 8.3537 2.11 -0.25 8.67
3 0 2.0902 -0.25 8.3537 1.35 -0.25 8.07 2.07 -0.25 8.03
4 72 2.0902 -0.25 8.3537 2.47 -0.25 8.31 2.43 -0.25 8.59 2.11 -0.25 8.67
4 72 3.11 -0.25 7.99 3.11 -0.25 8.59 2.91 -0.25 8.47 2.59 -0.25 8.07
4 15 3.63 -0.25 7.87 3.59 -0.25 7.99 3.43 -0.25 8.03 3.59 -0.25 7.51
3 15 2.43 -0.25 8.59 2.91 -0.25 8.47 3.07 -0.25 9.08
3 72 3.51 -0.25 8.39 3.59 -0.25 8.75 3.27 -0.25 8.83
4 0 2.07 -0.25 7.87 1.35 -0.25 8.07 1.31 -0.25 7.11 2.03 -0.25 6.91
4 15 2.07 -0.25 8.03 2.07 -0.25 7.87 2.23 -0.25 7.87 2.47 -0.25 8.31
4 0 1.95 -0.25 6.5 2.03 -0.25 6.91 1.31 -0.25 7.11 1.18 -0.25 6.46
4 72 2.47 -0.25 7.63 2.59 -0.25 8.07 2.23 -0.25 7.87 2.31 -0.25 7.63
3 15 2.23 -0.25 7.87 2.59 -0.25 8.07 2.47 -0.25 8.31
4 72 2.11 -0.25 7.27 2.03 -0.25 6.91 2.51 -0.25 6.91 2.87 -0.25 7.23
3 15 2.47 -0.25 8.31 2.0902 -0.25 8.3537 2.07 -0.25 8.03
3 0 1.83 -0.25 6.14 1.95 -0.25 6.5 1.18 -0.25 6.46
4 72 2.35 -0.25 3.93 2.03 -0.25 4.3 1.75 -0.25 4.38 1.79 -0.25 4.06
3 72 2.87 -0.25 7.23 2.51 -0.25 6.91 2.59 -0.25 6.79
4 72 2.31 -0.25 7.63 2.23 -0.25 7.87 2.07 -0.25 7.87 2.11 -0.25 7.47
4 15 2.43 -0.25 6.59 2.59 -0.25 6.79 2.51 -0.25 6.91 2.03 -0.25 6.91
3 72 1.95 -0.25 6.5 1.83 -0.25 6.14 1.95 -0.25 6.42
4 15 1.95 -0.25 6.5 1.95 -0.25 6.42 2.43 -0.25 6.59 2.03 -0.25 6.91
4 72 3.23 -0.25 6.42 3.59 -0.25 6.5 3.31 -0.25 6.87 3.03 -0.25 6.46
4 72 3.59 -0.25 6.5 3.31 -0.25 6.26 3.31 -0.25 6.14 3.59 -0.25 5.82
4 72 2.07 -0.25 7.87 2.03 -0.25 6.91 2.11 -0.25 7.27 2.11 -0.25 7.47
4 0 0.62 -0.25 4.54 1.14 -0.25 4.01 1.59 -0.25 4.74 0.66 -0.25 4.86
4 15 1.79 -0.25 5.62 1.59 -0.25 4.74 2.27 -0.25 5.1 2.23 -0.25 5.5
4 0 1.02 -0.25 5.86 1.59 -0.25 5.26 1.79 -0.25 5.62 1.06 -0.25 6.06
4 72 2.23 -0.25 6.18 2.35 -0.25 6.18 2.43 -0.25 6.59 1.95 -0.25 6.42
4 15 1.71 -0.25 3.85 1.51 -0.25 4.01 0.9 -0.25 3.57 1.75 -0.25 3.25
4 0 1.75 -0.25 4.38 1.59 -0.25 4.74 1.51 -0.25 4.01 1.79 -0.25 4.06
4 72 3.19 -0.25 4.98 3.55 -0.25 5.1 3.11 -0.25 5.34 2.75 -0.25 5.3
4 72 2.75 -0.25 5.42 2.75 -0.25 5.3 3.11 -0.25 5.34 3.15 -0.25 5.46
4 72 1.83 -0.25 5.66 2.23 -0.25 5.5 2.11 -0.25 5.94 1.83 -0.25 6.14
4 15 2.75 -0.25 5.3 2.75 -0.25 5.42 2.23 -0.25 5.5 2.27 -0.25 5.1
3 15 1.83 -0.25 5.66 1.79 -0.25 5.62 2.23 -0.25 5.5
3 72 1.83 -0.25 6.14 1.79 -0.25 5.62 1.83 -0.25 5.66
4 72 1.27 -0.25 3.05 1.02 -0.25 3.05 1.43 -0.25 2.73 1.55 -0.25 2.89
4 72 0.9 -0.25 0.48 1.02 -0.25 0.44 1.39 -0.25 0.76 1.14 -0.25 1.24
4 15 2.35 -0.25 3.93 1.79 -0.25 4.06 1.71 -0.25 3.85 2.39 -0.25 3.45
4 15 2.91 -0.25 5.02 2.55 -0.25 4.9 2.63 -0.25 4.3 3.19 -0.25 4.42
3 0 1.67 -0.25 4.7 1.59 -0.25 4.74 1.75 -0.25 4.38
4 72 2.75 -0.25 5.3 2.27 -0.25 5.1 2.55 -0.25 4.9 2.91 -0.25 5.02
4 72 2.27 -0.25 5.1 1.59 -0.25 4.74 1.67 -0.25 4.7 1.91 -0.25 4.62
4 0 3.23 -0.25 3.81 3.57 -0.25 3.03 3.92 -0.25 3.81 3.27 -0.25 4.14
4 72 2.63 -0.25 4.3 2.35 -0.25 3.93 3.03 -0.25 4.06 3.19 -0.25 4.42
4 15 3.03 -0.25 4.06 2.99 -0.25 3.41 3.23 -0.25 3.81 3.27 -0.25 4.14
3 0 1.71 -0.25 3.85 1.79 -0.25 4.06 1.51 -0.25 4.01
4 72 2.51 -0.25 2.49 2.79 -0.25 3.01 2.43 -0.25 2.77 2.27 -0.25 2.45
4 0 4.08 -0.25 4.38 3.51 -0.25 4.58 3.27 -0.25 4.14 3.92 -0.25 3.81
4 72 3.27 -0.25 4.14 3.51 -0.25 4.58 3.19 -0.25 4.42 3.03 -0.25 4.06
3 72 3.59 -0.25 7.99 3.51 -0.25 8.39 3.43 -0.25 8.03
4 15 2.87 -0.25 7.23 3.35 -0.25 7.27 3.11 -0.25 7.99 2.47 -0.25 7.63
3 72 3.35 -0.25 7.27 2.87 -0.25 7.23 3.31 -0.25 6.87
4 15 2.31 -0.25 7.63 2.11 -0.25 7.47 2.11 -0.25 7.27 2.47 -0.25 7.63
3 15 2.87 -0.25 7.23 2.47 -0.25 7.63 2.11 -0.25 7.27
3 72 2.59 -0.25 8.07 2.47 -0.25 7.63 3.11 -0.25 7.99
4 15 3.11 -0.25 7.99 3.35 -0.25 7.27 3.59 -0.25 7.51 3.43 -0.25 8.03
3 72 3.11 -0.25 7.99 3.43 -0.25 8.03 3.51 -0.25 8.39
3 72 3.96 -0.25 7.51 3.63 -0.25 7.87 3.59 -0.25 7.51
4 15 3.39 -0.25 4.66 3.19 -0.25 4.98 2.91 -0.25 5.02 3.19 -0.25 4.42
3 72 3.39 -0.25 4.66 3.19 -0.25 4.42 3.51 -0.25 4.58
4 15 2.03 -0.25 4.3 2.55 -0.25 4.9 1.91 -0.25 4.62 1.75 -0.25 4.5
3 72 2.03 -0.25 4.3 2.35 -0.25 3.93 2.63 -0.25 4.3
3 15 1.75 -0.25 4.38 2.03 -0.25 4.3 1.75 -0.25 4.5
3 72 1.75 -0.25 4.38 1.75 -0.25 4.5 1.67 -0.25 4.7
3 72 1.75 -0.25 4.5 1.91 -0.25 4.62 1.67 -0.25 4.7
3 72 1.91 -0.25 4.62 2.55 -0.25 4.9 2.27 -0.25 5.1
3 15 2.03 -0.25 4.3 2.63 -0.25 4.3 2.55 -0.25 4.9
3 72 2.75 -0.25 5.3 2.91 -0.25 5.02 3.19 -0.25 4.98
3 15 3.19 -0.25 4.98 3.39 -0.25 4.66 3.39 -0.25 4.82
3 0 2.11 -0.25 8.67 2.19 -0.25 8.79 1.22 -0.25 9.6
3 15 3.07 -0.25 9.08 3.27 -0.25 8.83 3.27 -0.25 9.12
4 72 3.19 -0.25 5.86 3.15 -0.25 5.46 3.59 -0.25 5.82 3.31 -0.25 6.14
4 15 3.03 -0.25 5.82 3.19 -0.25 5.86 3.31 -0.25 6.14 3.03 -0.25 6.46
3 72 3.19 -0.25 5.86 3.03 -0.25 5.82 3.15 -0.25 5.46
4 15 2.35 -0.25 5.82 3.03 -0.25 5.82 2.71 -0.25 6.38 2.35 -0.25 6.18
4 72 2.23 -0.25 5.5 2.75 -0.25 5.42 2.35 -0.25 5.82 2.11 -0.25 5.94
4 72 2.23 -0.25 6.18 1.95 -0.25 6.42 1.83 -0.25 6.14 2.11 -0.25 6.02
3 72 1.83 -0.25 6.14 2.11 -0.25 5.94 2.11 -0.25 6.02
3 15 2.11 -0.25 6.02 2.35 -0.25 6.18 2.23 -0.25 6.18
4 72 2.43 -0.25 6.59 2.35 -0.25 6.18 2.71 -0.25 6.38 2.59 -0.25 6.79
3 15 2.71 -0.25 6.38 3.03 -0.25 5.82 3.03 -0.25 6.46
3 72 2.59 -0.25 6.79 2.71 -0.25 6.38 3.03 -0.25 6.46
4 15 3.31 -0.25 6.26 3.23 -0.25 6.42 3.03 -0.25 6.46 3.31 -0.25 6.14
3 72 3.59 -0.25 6.5 3.23 -0.25 6.42 3.31 -0.25 6.26
4 0 3.57 -0.25 3.03 3.23 -0.25 3.81 2.99 -0.25 3.41 2.83 -0.25 3.13
4 0 2.55 -0.25 1.2 2.85 -0.25 1.71 2.07 -0.25 1.69 2.15 -0.25 0.72
3 15 1.71 -0.25 3.85 1.75 -0.25 3.25 2.39 -0.25 3.45
4 15 1.55 -0.25 2.89 1.55 -0.25 2.61 2.11 -0.25 2.65 1.99 -0.25 3.09
3 15 0.86 -0.25 3.29 1.02 -0.25 3.05 0.9 -0.25 3.57
4 15 0.14 -0.25 1.08 0.38 -0.25 1.08 -0.1 -0.25 1.73 -0.38 -0.25 1.12
4 15 0.9 -0.25 2.37 0.86 -0.25 2.25 1.39 -0.25 2.05 1.63 -0.25 2.33
4 0 0.82 -0.25 1.65 0.86 -0.25 2.25 0.42 -0.25 2.37 0.38 -0.25 1.08
3 15 1.51 -0.25 4.01 1.14 -0.25 4.01 0.9 -0.25 3.57
4 0 0.86 -0.25 3.29 0.9 -0.25 3.57 0.34 -0.25 4.1 0.26 -0.25 4.1
3 0 1.51 -0.25 4.01 1.59 -0.25 4.74 1.14 -0.25 4.01
4 0 2.51 -0.25 2.49 2.51 -0.25 2.29 3.23 -0.25 2.37 2.79 -0.25 3.01
4 15 2.43 -0.25 2.77 2.79 -0.25 3.01 2.31 -0.25 3.17 1.99 -0.25 3.09
4 15 2.11 -0.25 2.05 2.27 -0.25 2.05 2.03 -0.25 2.33 1.99 -0.25 2.25
4 72 1.99 -0.25 3.09 2.39 -0.25 3.45 1.75 -0.25 3.25 1.55 -0.25 2.89
4 15 1.02 -0.25 1.81 1.14 -0.25 1.24 1.83 -0.25 1.32 2.07 -0.25 1.69
4 72 1.67 -0.25 2.21 2.07 -0.25 1.89 2.11 -0.25 2.05 1.99 -0.25 2.25
3 72 1.55 -0.25 2.89 1.75 -0.25 3.25 1.27 -0.25 3.05
3 15 1.55 -0.25 2.61 1.55 -0.25 2.89 1.43 -0.25 2.73
3 15 2.43 -0.25 2.77 1.99 -0.25 3.09 2.11 -0.25 2.65
3 72 2.31 -0.25 3.17 2.39 -0.25 3.45 1.99 -0.25 3.09
4 15 2.75 -0.25 3.17 2.31 -0.25 3.17 2.79 -0.25 3.01 2.83 -0.25 3.13
3 72 2.75 -0.25 3.17 2.83 -0.25 3.13 2.99 -0.25 3.41
4 0 2.79 -0.25 19.8 2.75 -0.25 19.24 3.39 -0.25 19.28 3.39 -0.25 19.8
3 0 3.07 -0.25 18.59 2.75 -0.25 19.24 2.51 -0.25 18.83
4 330 1.79 -0.25 18.71 2.15 -0.25 18.71 1.95 -0.25 19.56 1.47 -0.25 18.87
4 0 1.1 -0.25 19.84 0.5 -0.25 19.84 0.46 -0.25 19.56 1.1 -0.25 19.44
3 0 1.1 -0.25 19.44 0.46 -0.25 19.56 0.54 -0.25 19.12
3 0 0.82 -0.25 18.55 1.47 -0.25 18.87 1.22 -0.25 19.16
4 330 1.1 -0.25 19.44 1.22 -0.25 19.16 1.79 -0.25 19.76 1.1 -0.25 19.84
4 330 1.27 -0.25 20.16 1.1 -0.25 19.84 1.79 -0.25 19.76 1.83 -0.25 20.04
4 0 0.5 -0.25 19.84 1.1 -0.25 19.84 1.27 -0.25 20.16 0.66 -0.25 20.4
4 330 1.99 -0.25 20.24 2.07 -0.25 20.48 1.83 -0.25 20.48 1.83 -0.25 20.04
3 0 0.66 -0.25 20.4 1.27 -0.25 20.16 1.55 -0.25 20.4
4 330 2.79 -0.25 19.8 2.59 -0.25 20.12 2.51 -0.25 20.04 2.51 -0.25 19.8
3 0 2.07 -0.25 20.48 2.47 -0.25 20.28 2.55 -0.25 21
3 0 3.23 -0.25 20.32 2.47 -0.25 20.28 2.59 -0.25 20.12
4 0 2.79 -0.25 19.8 3.39 -0.25 19.8 3.23 -0.25 20.32 2.59 -0.25 20.12
4 0 0.34 -0.25 4.1 0.9 -0.25 3.57 1.14 -0.25 4.01 0.62 -0.25 4.54
3 15 1.79 -0.25 5.62 1.59 -0.25 5.26 1.59 -0.25 4.74
4 15 1.83 -0.25 16.3 1.95 -0.25 15.34 2.43 -0.25 15.7 2.71 -0.25 16.46
3 0 3.67 -0.25 15.18 2.43 -0.25 15.7 2.11 -0.25 15.26
4 0 1.18 -0.25 14.86 0.54 -0.25 14.42 1.51 -0.25 14.14 1.51 -0.25 14.82
4 0 1.51 -0.25 14.82 2.11 -0.25 15.26 1.99 -0.25 15.26 1.51 -0.25 14.98
4 330 1.18 -0.25 14.86 1.43 -0.25 15.18 1.27 -0.25 15.22 0.7 -0.25 14.98
4 0 1.35 -0.25 16.3 1.95 -0.25 15.34 1.83 -0.25 16.3 1.75 -0.25 16.38
4 0 1.91 -0.25 16.71 2.19 -0.25 16.79 2.31 -0.25 17.39 1.51 -0.25 16.63
4 15 1.35 -0.25 16.3 1.51 -0.25 16.63 0.58 -0.25 16.42 0.66 -0.25 16.1
4 0 1.27 -0.25 15.22 1.43 -0.25 15.18 1.35 -0.25 16.3 0.66 -0.25 16.1
4 15 -0.1 -0.25 16.06 0.58 -0.25 16.42 -0.5 -0.25 16.42 -0.94 -0.25 16.18
4 330 -1.06 -0.25 14.86 -0.58 -0.25 14.98 -1.06 -0.25 15.42 -1.39 -0.25 15.22
4 0 -2.67 -0.25 16.67 -1.59 -0.25 16.63 -1.75 -0.25 17.19 -2.63 -0.25 17.19
4 0 -3.27 -0.25 16.83 -3.55 -0.25 16.46 -2.63 -0.25 16.26 -2.67 -0.25 16.67
4 0 -1.95 -0.25 15.22 -1.47 -0.25 14.98 -1.39 -0.25 15.22 -1.87 -0.25 15.42
4 0 -0.94 -0.25 16.18 -1.43 -0.25 16.3 -1.06 -0.25 15.42 -0.86 -0.25 15.54
3 0 -2.15 -0.25 15.12 -2.47 -0.25 13.77 -2.03 -0.25 13.85
4 0 -1.95 -0.25 15.22 -2.15 -0.25 15.12 -1.47 -0.25 14.82 -1.47 -0.25 14.98
3 0 -2.15 -0.25 15.12 -2.43 -0.25 15.66 -3.55 -0.25 14.78
3 15 -1.59 -0.25 16.63 -1.79 -0.25 16.3 -1.43 -0.25 16.3
3 0 -1.75 -0.25 17.19 -1.59 -0.25 16.63 -0.86 -0.25 17.03
4 0 0.58 -0.25 16.42 0.86 -0.25 17.03 -0.02 -0.25 16.95 -0.5 -0.25 16.42
3 15 0.66 -0.25 16.1 0.58 -0.25 16.42 -0.1 -0.25 16.06
4 15 1.51 -0.25 16.63 1.35 -0.25 16.3 1.75 -0.25 16.38 1.91 -0.25 16.71
4 15 2.19 -0.25 16.79 1.83 -0.25 16.3 2.71 -0.25 16.46 2.43 -0.25 16.79
4 0 2.43 -0.25 16.79 2.59 -0.25 17.39 2.31 -0.25 17.39 2.19 -0.25 16.79
3 0 2.43 -0.25 16.79 2.71 -0.25 16.67 2.59 -0.25 17.39
3 15 2.43 -0.25 16.79 2.71 -0.25 16.46 2.71 -0.25 16.67
4 71 0.66 -0.25 33.45 2.59 -0.25 33.85 2.63 -0.25 34.26 -0.38 -0.25 33.41
4 72 -1.95 -0.25 25.66 1.63 -0.25 25.34 1.79 -0.25 25.7 -2.15 -0.25 26.18
4 71 2.51 -0.25 32.01 2.51 -0.25 33.01 2.23 -0.25 32.97 1.51 -0.25 31.85
4 71 -0.46 -0.25 28.99 0.86 -0.25 31.36 0.06 -0.25 31.48 -0.5 -0.25 31.44
4 71 -2.15 -0.25 33.49 -0.38 -0.25 33.41 2.63 -0.25 34.26 -3.27 -0.25 33.61
3 71 2.27 -0.25 28.59 2.51 -0.25 28.51 2.59 -0.25 29.36
4 0 -4.32 -0.25 27.55 -4.32 -0.25 27.79 -4.68 -0.25 27.55 -4.6 -0.25 27.11
4 71 -2.79 -0.25 30.32 -1.22 -0.25 28.91 -2.11 -0.25 31.04 -2.55 -0.25 30.76
4 71 -5.4 -0.25 33.93 -4.16 -0.25 33.69 -6.37 -0.25 34.3 -5.8 -0.25 34.01
4 71 -2.79 -0.25 30.32 -2.71 -0.25 28.83 -2.23 -0.25 28.59 -1.22 -0.25 28.91
4 0 -4.56 -0.25 30.72 -4.72 -0.25 30.52 -3.92 -0.25 30.36 -3.96 -0.25 31
4 0 -2.67 -0.25 33.05 -2.15 -0.25 33.49 -3.27 -0.25 33.61 -3.84 -0.25 33.25
4 71 -6.37 -0.25 34.1 -5.8 -0.25 34.01 -6.37 -0.25 34.3 -6.41 -0.25 34.22
4 71 -3.96 -0.25 31 -3.84 -0.25 33.25 -4.48 -0.25 33.33 -4.56 -0.25 30.72
4 71 -6.37 -0.25 34.3 -4.16 -0.25 33.69 -3.27 -0.25 33.61 2.47 -0.25 34.3
4 0 -5.8 -0.25 34.01 -6.37 -0.25 34.1 -5.88 -0.25 33.65 -5.4 -0.25 33.93
4 0 -15 -0.25 35.33 -6.37 -0.25 34.3 2.47 -0.25 34.3 15 -0.25 35.33
3 0 2.63 -0.25 34.26 3.23 -0.25 34.26 2.47 -0.25 34.3
3 71 -3.27 -0.25 33.61 2.63 -0.25 34.26 2.47 -0.25 34.3
3 0 2.63 -0.25 34.26 2.59 -0.25 33.85 3.23 -0.25 34.26
3 0 2.51 -0.25 28.51 2.51 -0.25 28.03 2.99 -0.25 27.39
4 72 2.27 -0.25 28.59 1.59 -0.25 28.79 2.51 -0.25 28.03 2.51 -0.25 28.51
4 71 -1.22 -0.25 28.91 -0.46 -0.25 28.99 -1.14 -0.25 31.32 -1.67 -0.25 31.16
4 72 -3.51 -0.25 25.58 -2.43 -0.25 25.42 -2.87 -0.25 26.34 -3.92 -0.25 26.34
4 0 -1.79 -0.25 31.81 -2.11 -0.25 31.04 -1.67 -0.25 31.16 -1.31 -0.25 31.89
4 72 -3.92 -0.25 27.95 -3.19 -0.25 27.55 -3.27 -0.25 28.07 -3.51 -0.25 28.07
4 72 -1.95 -0.25 25.66 -1.71 -0.25 25.1 -0.5 -0.25 24.34 1.63 -0.25 25.34
4 71 -2.75 -0.25 31.36 -2.67 -0.25 33.05 -3.84 -0.25 33.25 -3.43 -0.25 31.12
3 71 -2.67 -0.25 28.39 -2.23 -0.25 28.59 -2.71 -0.25 28.83
4 0 -2.55 -0.25 30.76 -2.95 -0.25 31.12 -3.19 -0.25 30.48 -2.79 -0.25 30.32
4 71 -2.67 -0.25 33.05 -2.47 -0.25 31.57 -1.79 -0.25 31.81 -1.39 -0.25 32.93
4 0 -2.11 -0.25 31.04 -2.47 -0.25 31.57 -2.75 -0.25 31.36 -2.55 -0.25 30.76
4 71 -1.31 -0.25 31.89 -0.78 -0.25 32.01 -1.39 -0.25 32.93 -1.79 -0.25 31.81
3 71 -2.11 -0.25 31.04 -1.22 -0.25 28.91 -1.67 -0.25 31.16
4 0 2.23 -0.25 32.97 2.23 -0.25 33.61 0.66 -0.25 33.45 -1.39 -0.25 32.93
3 71 -0.5 -0.25 31.44 -1.14 -0.25 31.32 -0.46 -0.25 28.99
4 0 -0.78 -0.25 32.01 -1.31 -0.25 31.89 -1.14 -0.25 31.32 -0.5 -0.25 31.44
4 71 0.86 -0.25 31.36 -0.46 -0.25 28.99 0.98 -0.25 28.95 1.51 -0.25 31.2
4 0 -0.78 -0.25 32.01 -0.5 -0.25 31.44 0.06 -0.25 31.48 0.54 -0.25 32.01
4 71 0.54 -0.25 32.01 1.51 -0.25 31.85 2.23 -0.25 32.97 -1.39 -0.25 32.93
4 0 0.54 -0.25 32.01 0.06 -0.25 31.48 0.86 -0.25 31.36 1.51 -0.25 31.85
3 71 1.51 -0.25 31.2 0.98 -0.25 28.95 2.59 -0.25 30.24
4 0 2.31 -0.25 31.61 1.51 -0.25 31.85 1.51 -0.25 31.2 2.11 -0.25 31
3 0 2.95 -0.25 31.2 2.47 -0.25 30.72 2.99 -0.25 31.12
4 0 2.95 -0.25 30.4 2.47 -0.25 30.72 2.59 -0.25 30.24 3.03 -0.25 29.88
3 0 2.59 -0.25 29.36 3.03 -0.25 29.88 2.59 -0.25 30.24
3 71 2.59 -0.25 29.36 1.59 -0.25 28.79 2.27 -0.25 28.59
3 0 2.51 -0.25 28.51 3.03 -0.25 29.88 2.59 -0.25 29.36
4 0 2.95 -0.25 31.2 3.07 -0.25 32.73 2.51 -0.25 32.01 2.43 -0.25 31.65
4 71 2.51 -0.25 32.01 1.51 -0.25 31.85 2.31 -0.25 31.61 2.43 -0.25 31.65
3 0 2.95 -0.25 31.2 2.43 -0.25 31.65 2.31 -0.25 31.61
3 0 1.51 -0.25 31.85 0.86 -0.25 31.36 1.51 -0.25 31.2
3 71 0.54 -0.25 32.01 -1.39 -0.25 32.93 -0.78 -0.25 32.01
3 0 0.66 -0.25 33.45 -0.38 -0.25 33.41 -1.39 -0.25 32.93
3 0 -1.67 -0.25 31.16 -1.14 -0.25 31.32 -1.31 -0.25 31.89
3 0 -2.47 -0.25 31.57 -2.11 -0.25 31.04 -1.79 -0.25 31.81
4 0 -1.39 -0.25 32.93 -0.38 -0.25 33.41 -2.15 -0.25 33.49 -2.67 -0.25 33.05
3 0 -2.55 -0.25 30.76 -2.75 -0.25 31.36 -2.95 -0.25 31.12
3 71 -3.43 -0.25 31.12 -2.95 -0.25 31.12 -2.75 -0.25 31.36
3 0 -2.67 -0.25 28.39 -2.71 -0.25 28.83 -3.23 -0.25 29.88
4 71 -3.15 -0.25 30.32 -3.19 -0.25 30.48 -3.92 -0.25 30.36 -3.23 -0.25 29.88
4 71 -6.165 -0.25 30.8 -5.92 -0.25 30.4 -4.96 -0.25 30.4 -4.56 -0.25 30.72
3 71 -4.96 -0.25 30.4 -4.72 -0.25 30.52 -4.56 -0.25 30.72
3 71 -3.23 -0.25 29.88 -3.51 -0.25 28.07 -3.27 -0.25 28.07
4 0 -2.51 -0.25 27.47 -2.67 -0.25 28.39 -3.23 -0.25 29.88 -3.19 -0.25 27.55
4 71 -4.68 -0.25 27.55 -4.76 -0.25 28.47 -5.92 -0.25 27.71 -4.8 -0.25 27.39
4 0 -5.32 -0.25 26.26 -6.12 -0.25 26.54 -5.64 -0.25 25.5 -4.88 -0.25 25.46
4 71 -6.5833 -0.25 31.5525 -6.165 -0.25 30.8 -4.56 -0.25 30.72 -4.48 -0.25 33.33
4 0 -5.92 -0.25 30.4 -6.165 -0.25 30.8 -6.49 -0.25 29.64 -5.76 -0.25 29.76
4 71 -6.77 -0.25 30.16 -6.77 -0.25 30.84 -7.09 -0.25 30 -6.93 -0.25 30.04
4 0 -4.48 -0.25 33.33 -4.16 -0.25 33.69 -5.4 -0.25 33.93 -5.88 -0.25 33.65
4 71 -5.88 -0.25 33.65 -7.21 -0.25 32.71 -7.05 -0.25 32.37 -6.5833 -0.25 31.5525
4 71 -8.45 -0.25 28.95 -9.38 -0.25 28.03 -9.38 -0.25 27.91 -9.02 -0.25 27.27
4 71 -7.41 -0.25 33.05 -7.21 -0.25 32.71 -5.88 -0.25 33.65 -7.21 -0.25 34.01
4 71 -7.61 -0.25 28.91 -8.17 -0.25 29.08 -8.45 -0.25 28.95 -9.02 -0.25 27.27
4 71 -9.02 -0.25 26.18 -8.9 -0.25 26.42 -10.3 -0.25 26.67 -10.34 -0.25 26.14
3 71 -7.41 -0.25 33.05 -7.21 -0.25 34.01 -7.65 -0.25 33.53
4 0 -7.21 -0.25 32.71 -7.69 -0.25 32.49 -7.29 -0.25 31.7833 -7.05 -0.25 32.37
4 71 -7.93 -0.25 34.01 -7.21 -0.25 34.01 -7.89 -0.25 34.22 -7.97 -0.25 34.22
4 0 -6.37 -0.25 34.3 -7.89 -0.25 34.22 -7.21 -0.25 34.01 -6.41 -0.25 34.22
4 71 -9.78 -0.25 28.51 -8.9 -0.25 29.4 -12.99 -0.25 31.2 -13.42 -0.25 30.35
4 0 -7.89 -0.25 34.22 -6.37 -0.25 34.3 -8.9 -0.25 34.3 -7.97 -0.25 34.22
3 71 -7.21 -0.25 34.01 -7.93 -0.25 34.01 -7.65 -0.25 33.53
3 0 -7.21 -0.25 34.01 -6.37 -0.25 34.1 -6.41 -0.25 34.22
3 0 -5.88 -0.25 33.65 -6.37 -0.25 34.1 -7.21 -0.25 34.01
3 71 -5.88 -0.25 33.65 -6.5833 -0.25 31.5525 -4.48 -0.25 33.33
4 0 -3.84 -0.25 33.25 -3.27 -0.25 33.61 -4.16 -0.25 33.69 -4.48 -0.25 33.33
3 71 -3.96 -0.25 31 -3.43 -0.25 31.12 -3.84 -0.25 33.25
3 71 -2.75 -0.25 31.36 -2.47 -0.25 31.57 -2.67 -0.25 33.05
4 0 2.23 -0.25 33.61 2.23 -0.25 32.97 2.51 -0.25 33.01 2.51 -0.25 33.65
4 0 2.51 -0.25 25.9 2.87 -0.25 26.87 2.07 -0.25 26.42 1.79 -0.25 25.7
3 0 2.27 -0.25 27.15 2.99 -0.25 27.39 2.51 -0.25 28.03
3 72 1.59 -0.25 28.79 2.27 -0.25 27.15 2.51 -0.25 28.03
4 72 2.07 -0.25 26.42 0.98 -0.25 28.95 -0.46 -0.25 28.99 -2.15 -0.25 26.18
3 72 -2.15 -0.25 26.18 1.79 -0.25 25.7 2.07 -0.25 26.42
3 0 -0.58 -0.25 23.73 -0.5 -0.25 24.34 -0.94 -0.25 24.42
4 0 1.35 -0.25 24.86 2.07 -0.25 24.86 2.03 -0.25 24.98 1.63 -0.25 25.34
4 0 0.58 -0.25 23.73 1.02 -0.25 24.46 0.42 -0.25 24.34 -0.58 -0.25 23.73
3 0 -0.58 -0.25 23.73 0.42 -0.25 24.34 -0.5 -0.25 24.34
3 72 -0.5 -0.25 24.34 0.42 -0.25 24.34 1.63 -0.25 25.34
4 0 -2.07 -0.25 24.66 -2.35 -0.25 24.06 -1.47 -0.25 23.89 -1.39 -0.25 24.66
4 72 -2.39 -0.25 26.99 -2.15 -0.25 26.18 -0.46 -0.25 28.99 -1.22 -0.25 28.91
4 0 -2.03 -0.25 24.78 -1.39 -0.25 24.66 -1.71 -0.25 25.1 -2.43 -0.25 25.42
3 0 -1.71 -0.25 25.1 -1.95 -0.25 25.66 -2.43 -0.25 25.42
4 72 -2.51 -0.25 27.47 -2.39 -0.25 26.99 -1.22 -0.25 28.91 -2.23 -0.25 28.59
4 0 -2.39 -0.25 26.99 -3.11 -0.25 27.19 -2.87 -0.25 26.34 -2.15 -0.25 26.18
3 72 -2.67 -0.25 28.39 -2.51 -0.25 27.47 -2.23 -0.25 28.59
4 72 -4.32 -0.25 27.55 -3.11 -0.25 27.19 -3.19 -0.25 27.55 -3.92 -0.25 27.95
4 0 -2.87 -0.25 24.7 -3.19 -0.25 25.06 -3.55 -0.25 24.9 -3.63 -0.25 24.74
4 330 1.22 -0.25 19.16 1.47 -0.25 18.87 1.95 -0.25 19.56 1.79 -0.25 19.76
3 330 1.95 -0.25 19.56 2.15 -0.25 18.71 2.31 -0.25 19.56
4 15 1.83 -0.25 20.04 1.79 -0.25 19.76 1.95 -0.25 19.56 2.31 -0.25 19.56
4 15 1.83 -0.25 20.04 2.31 -0.25 19.56 2.51 -0.25 19.8 2.19 -0.25 20.28
3 15 2.19 -0.25 20.28 1.99 -0.25 20.24 1.83 -0.25 20.04
3 330 2.07 -0.25 20.48 1.99 -0.25 20.24 2.19 -0.25 20.28
4 15 2.51 -0.25 20.04 2.43 -0.25 20.2 2.19 -0.25 20.28 2.51 -0.25 19.8
3 0 2.27 -0.25 2.05 2.07 -0.25 1.69 2.85 -0.25 1.71
4 72 1.02 -0.25 1.81 2.07 -0.25 1.89 1.39 -0.25 2.05 0.94 -0.25 2.05
4 72 1.71 -0.25 2.29 1.67 -0.25 2.21 1.99 -0.25 2.25 2.03 -0.25 2.33
4 72 2.11 -0.25 2.65 1.71 -0.25 2.29 2.03 -0.25 2.33 2.27 -0.25 2.45
4 15 2.27 -0.25 2.45 2.03 -0.25 2.33 2.27 -0.25 2.05 2.51 -0.25 2.29
3 72 2.27 -0.25 2.45 2.43 -0.25 2.77 2.11 -0.25 2.65
3 15 2.27 -0.25 2.45 2.51 -0.25 2.29 2.51 -0.25 2.49
4 0 2.15 -0.25 0.72 1.83 -0.25 1.32 1.39 -0.25 0.76 2.15 -0.25 0.64
4 0 0.34 -0.25 -0.72 0.66 -0.25 -0.6 -0.02 -0.25 0.2 -0.18 -0.25 -0.88
3 72 1.14 -0.25 1.24 1.39 -0.25 0.76 1.83 -0.25 1.32
4 72 0.9 -0.25 2.37 1.63 -0.25 2.33 1.55 -0.25 2.61 1.43 -0.25 2.73
4 0 0.38 -0.25 1.08 0.9 -0.25 0.48 0.86 -0.25 1.2 0.82 -0.25 1.65
4 72 0.94 -0.25 2.05 0.86 -0.25 2.25 0.82 -0.25 1.65 1.02 -0.25 1.81
4 330 -0.82 -0.25 -1.09 -0.74 -0.25 -1.05 -0.62 -0.25 -0.8 -0.98 -0.25 -0.52
3 15 1.02 -0.25 1.81 2.07 -0.25 1.69 2.07 -0.25 1.89
3 0 2.15 -0.25 0.72 2.07 -0.25 1.69 1.83 -0.25 1.32
4 0 1.14 -0.25 -0.28 1.22 -0.25 -0.28 1.02 -0.25 0.44 0.9 -0.25 0.48
3 0 0.9 -0.25 0.48 0.66 -0.25 -0.6 1.14 -0.25 -0.28
3 72 0.86 -0.25 1.2 0.9 -0.25 0.48 1.14 -0.25 1.24
3 72 1.39 -0.25 2.05 2.07 -0.25 1.89 1.67 -0.25 2.21
3 15 0.86 -0.25 2.25 0.94 -0.25 2.05 1.39 -0.25 2.05
3 72 1.02 -0.25 3.05 0.86 -0.25 3.29 0.9 -0.25 2.37
3 72 1.02 -0.25 3.05 0.9 -0.25 2.37 1.43 -0.25 2.73
4 15 1.63 -0.25 2.33 1.39 -0.25 2.05 1.67 -0.25 2.21 1.71 -0.25 2.29
4 72 1.71 -0.25 2.29 2.11 -0.25 2.65 1.55 -0.25 2.61 1.63 -0.25 2.33
4 72 1.51 -0.25 -8.48 -1.43 -0.25 -8.48 1.59 -0.25 -10.48 1.59 -0.25 -8.6
3 0 2.15 -0.25 -10.56 1.59 -0.25 -10.48 1.47 -0.25 -10.64
4 72 0.78 -0.25 -11.21 -0.82 -0.25 -11.21 -0.9 -0.25 -11.33 0.94 -0.25 -11.29
4 0 -7.61 -0.25 -20.4 -10.62 -0.25 -20.36 -8.33 -0.25 -21.21 -1.39 -0.25 -21.25
4 0 0.0067 -0.25 -6.35 -1.02 -0.25 -5.5 -1.31 -0.25 -5.7 0.18 -0.25 -7.19
4 330 -1.31 -0.25 -7.75 0.18 -0.25 -7.19 -1.31 -0.25 -5.7 -1.43 -0.25 -7.71
3 0 1.51 -0.25 -8.48 1.59 -0.25 -8.6 2.15 -0.25 -8.56
4 0 1.95 -0.25 15.34 1.35 -0.25 16.3 1.43 -0.25 15.18 1.51 -0.25 14.98
4 0 0.7 -0.25 14.98 0.1 -0.25 14.5 0.54 -0.25 14.42 1.18 -0.25 14.86
4 330 0.7 -0.25 14.98 1.27 -0.25 15.22 0.34 -0.25 15.54 -0.02 -0.25 15.38
4 0 -0.42 -0.25 15.54 -0.02 -0.25 15.38 -0.1 -0.25 16.06 -0.94 -0.25 16.18
4 0 -0.46 -0.25 14.42 -0.58 -0.25 14.98 -1.06 -0.25 14.86 -1.35 -0.25 14.14
4 330 -1.06 -0.25 14.86 -1.39 -0.25 15.22 -1.47 -0.25 14.98 -1.47 -0.25 14.82
3 0 -1.35 -0.25 14.14 -1.06 -0.25 14.86 -1.47 -0.25 14.82
3 0 -1.87 -0.25 15.42 -1.39 -0.25 15.22 -1.06 -0.25 15.42
3 330 -0.58 -0.25 14.98 -0.86 -0.25 15.54 -1.06 -0.25 15.42
3 0 -0.94 -0.25 16.18 -0.86 -0.25 15.54 -0.42 -0.25 15.54
3 330 -0.02 -0.25 15.38 -0.58 -0.25 14.98 0.7 -0.25 14.98
4 0 0.34 -0.25 15.54 0.66 -0.25 16.1 -0.1 -0.25 16.06 -0.02 -0.25 15.38
3 0 0.34 -0.25 15.54 1.27 -0.25 15.22 0.66 -0.25 16.1
4 330 1.51 -0.25 14.98 1.43 -0.25 15.18 1.18 -0.25 14.86 1.51 -0.25 14.82
3 0 1.99 -0.25 15.26 1.95 -0.25 15.34 1.51 -0.25 14.98
4 330 1.31 -0.25 7.11 0.26 -0.25 7.47 0.42 -0.25 6.91 0.78 -0.25 5.9
4 330 1.18 -0.25 6.46 1.31 -0.25 7.11 0.86 -0.25 5.82 1.06 -0.25 6.06
3 330 1.02 -0.25 5.86 1.06 -0.25 6.06 0.86 -0.25 5.82
4 0 1.59 -0.25 5.26 1.02 -0.25 5.86 0.86 -0.25 5.82 0.66 -0.25 4.86
3 330 0.86 -0.25 5.82 1.31 -0.25 7.11 0.78 -0.25 5.9
3 0 1.59 -0.25 5.26 0.66 -0.25 4.86 1.59 -0.25 4.74
4 330 0.3 -0.25 5.1 0.1 -0.25 5.1 0.1 -0.25 5.06 0.62 -0.25 4.54
4 0 0.66 -0.25 4.86 0.86 -0.25 5.82 0.38 -0.25 5.54 0.3 -0.25 5.1
4 330 -1.02 -0.25 6.54 -0.86 -0.25 6.22 0.02 -0.25 7.03 -1.18 -0.25 6.95
4 330 -1.39 -0.25 7.51 -0.02 -0.25 7.23 -0.34 -0.25 8.27 -1.47 -0.25 8.03
4 330 -1.51 -0.25 9.8 -1.55 -0.25 8.67 -0.66 -0.25 9.52 -1.39 -0.25 10.04
4 0 0.9 -0.25 10.48 1.43 -0.25 10.76 1.47 -0.25 10.88 0.42 -0.25 10.48
4 330 0.9 -0.25 10.48 0.42 -0.25 10.48 0.42 -0.25 9.92 1.06 -0.25 10.36
3 0 1.22 -0.25 9.6 1.8833 -0.25 10.2667 1.06 -0.25 10.36
3 330 0.42 -0.25 9.92 1.22 -0.25 9.6 1.06 -0.25 10.36
3 330 0.22 -0.25 7.95 1.35 -0.25 8.07 0.34 -0.25 8.71
3 0 1.35 -0.25 8.07 2.07 -0.25 7.87 2.07 -0.25 8.03
3 0 0.9 -0.25 -20.84 1.43 -0.25 -20.36 1.39 -0.25 -20.24
4 72 0.74 -0.25 -21.21 0.9 -0.25 -20.84 -0.46 -0.25 -21.37 0.5 -0.25 -21.37
4 0 0.9 -0.25 -22.09 0.74 -0.25 -21.21 0.5 -0.25 -21.37 0.26 -0.25 -22.09
4 72 -0.74 -0.25 -21.25 -0.46 -0.25 -21.37 0.9 -0.25 -20.84 -0.9 -0.25 -20.84
4 0 -0.94 -0.25 -21.93 -0.22 -0.25 -22.09 -0.46 -0.25 -21.37 -0.74 -0.25 -21.25
4 0 -1.14 -0.25 -21.45 -0.74 -0.25 -21.25 -0.9 -0.25 -20.84 -1.39 -0.25 -21.25
4 0 -1.43 -0.25 -11.37 -0.9 -0.25 -11.33 -0.82 -0.25 -11.21 -1.43 -0.25 -10.64
4 0 -1.43 -0.25 -10.64 -0.82 -0.25 -11.21 0.78 -0.25 -11.21 1.47 -0.25 -10.64
4 0 1.47 -0.25 -10.64 0.78 -0.25 -11.21 0.94 -0.25 -11.29 1.47 -0.25 -11.33
4 0 0.94 -0.25 -11.29 0.9 -0.25 -20.84 1.39 -0.25 -20.24 1.47 -0.25 -11.33
4 330 0.34 -0.25 4.1 0.62 -0.25 4.54 0.1 -0.25 5.06 0.26 -0.25 4.34
4 0 0.1 -0.25 5.1 0.3 -0.25 5.1 0.38 -0.25 5.54 0.22 -0.25 5.62
4 330 0.22 -0.25 5.62 0.38 -0.25 5.54 0.46 -0.25 5.7 0.46 -0.25 5.78
3 330 0.34 -0.25 4.1 0.26 -0.25 4.34 0.26 -0.25 4.1
4 0 0.02 -0.25 7.03 0.34 -0.25 6.1 0.42 -0.25 6.91 0.26 -0.25 7.47
4 0 0.26 -0.25 4.1 0.26 -0.25 4.34 -0.22 -0.25 4.18 -0.38 -0.25 3.85
4 330 0.34 -0.25 6.1 -0.1 -0.25 6.1 0.02 -0.25 5.86 0.46 -0.25 5.78
4 330 -0.42 -0.25 4.7 -0.18 -0.25 4.54 -0.26 -0.25 4.74 -0.38 -0.25 4.78
3 330 0.62 -0.25 4.54 0.66 -0.25 4.86 0.3 -0.25 5.1
4 0 -0.34 -0.25 -4.1 -0.7 -0.25 -4.34 -0.22 -0.25 -4.46 -0.02 -0.25 -4.1
4 0 -0.02 -0.25 -2.77 -0.02 -0.25 -3.17 0.26 -0.25 -3.05 0.14 -0.25 -2.61
4 330 0.34 -0.25 -4.26 0.46 -0.25 -2.77 0.26 -0.25 -3.05 -0.02 -0.25 -4.1
4 0 -0.22 -0.25 -2.77 -0.58 -0.25 -2.97 -0.34 -0.25 -3.17 -0.02 -0.25 -3.17
4 330 -0.34 -0.25 -3.17 -0.7 -0.25 -4.34 -0.34 -0.25 -4.1 -0.02 -0.25 -3.17
4 330 -0.38 -0.25 -2.33 -0.38 -0.25 -2.65 -0.22 -0.25 -2.77 0.14 -0.25 -2.37
3 330 -0.7 -0.25 -4.34 -0.58 -0.25 -2.97 -0.78 -0.25 -2.73
4 330 -1.14 -0.25 -2.25 -0.78 -0.25 -2.73 -0.78 -0.25 -2.29 -1.06 -0.25 -1.89
4 330 -0.7 -0.25 -4.34 -0.78 -0.25 -2.73 -1.14 -0.25 -2.25 -1.14 -0.25 -5.22
4 0 0.34 -0.25 -2.01 0.02 -0.25 -1.85 0.14 -0.25 -2.37 0.5 -0.25 -2.29
3 330 -0.3 -0.25 -1.85 -0.78 -0.25 -1.65 -0.62 -0.25 -2.05
3 330 0.02 -0.25 -1.85 -0.46 -0.25 -1.25 -0.3 -0.25 -1.85
4 0 0.14 -0.25 -2.37 0.14 -0.25 -2.61 0.46 -0.25 -2.77 0.5 -0.25 -2.29
3 330 1.55 -0.25 -1.05 0.34 -0.25 -2.01 0.5 -0.25 -2.29
4 330 1.55 -0.25 -1.05 0.5 -0.25 -2.29 0.46 -0.25 -2.77 0.5 -0.25 -4.58
4 0 -0.34 -0.25 -4.58 -0.7 -0.25 -4.34 -0.82 -0.25 -4.78 -0.34 -0.25 -4.86
3 330 0.1 -0.25 -5.38 0.0067 -0.25 -6.35 0.3 -0.25 -5.26
4 330 -1.02 -0.25 -5.5 -0.54 -0.25 -5.34 -0.74 -0.25 -5.1 -1.14 -0.25 -5.22
3 330 0.0067 -0.25 -6.35 0.1 -0.25 -5.38 -0.22 -0.25 -5.42
4 330 -0.54 -0.25 -5.34 -1.02 -0.25 -5.5 0.0067 -0.25 -6.35 -0.22 -0.25 -5.42
4 0 -0.34 -0.25 -4.86 -0.82 -0.25 -4.78 -0.74 -0.25 -5.1 -0.26 -0.25 -4.98
4 0 -0.26 -0.25 -4.98 -0.74 -0.25 -5.1 -0.54 -0.25 -5.34 -0.22 -0.25 -5.42
3 330 -1.14 -0.25 -5.22 -0.74 -0.25 -5.1 -0.82 -0.25 -4.78
3 330 -0.82 -0.25 -4.78 -0.7 -0.25 -4.34 -1.14 -0.25 -5.22
3 330 -0.7 -0.25 -4.34 -0.34 -0.25 -3.17 -0.58 -0.25 -2.97
4 0 0.02 -0.25 -4.98 -0.22 -0.25 -5.42 0.1 -0.25 -5.38 0.3 -0.25 -5.26
4 330 -0.02 -0.25 -4.1 0.26 -0.25 -3.05 -0.02 -0.25 -3.17 -0.34 -0.25 -4.1
4 0 0.5 -0.25 -4.58 0.14 -0.25 -4.66 0.14 -0.25 -4.84 0.5 -0.25 -4.98
3 330 0.5 -0.25 -4.58 0.46 -0.25 -2.77 0.34 -0.25 -4.26
4 0 0.02 -0.25 -4.98 0.3 -0.25 -5.26 0.5 -0.25 -4.98 0.14 -0.25 -4.84
4 0 0.46 -0.25 5.7 0.86 -0.25 5.82 0.78 -0.25 5.9 0.46 -0.25 5.78
3 0 0.38 -0.25 5.54 0.86 -0.25 5.82 0.46 -0.25 5.7
4 0 -0.38 -0.25 5.74 0.1 -0.25 5.1 0.22 -0.25 5.62 0.02 -0.25 5.86
4 0 -0.38 -0.25 4.78 -0.26 -0.25 4.74 0.1 -0.25 5.06 0.1 -0.25 5.1
3 330 0.02 -0.25 7.03 -0.1 -0.25 6.1 0.34 -0.25 6.1
4 330 -0.26 -0.25 6.06 -0.86 -0.25 6.22 -0.66 -0.25 5.9 -0.34 -0.25 5.94
4 0 0.02 -0.25 5.86 -0.1 -0.25 6.1 -0.26 -0.25 6.06 -0.34 -0.25 5.94
4 330 -0.34 -0.25 5.94 -0.66 -0.25 5.9 -0.54 -0.25 5.74 -0.38 -0.25 5.74
3 0 -0.38 -0.25 5.74 0.02 -0.25 5.86 -0.34 -0.25 5.94
4 0 -0.38 -0.25 4.78 0.1 -0.25 5.1 -0.38 -0.25 5.74 -0.54 -0.25 5.74
3 15 -0.1 -0.25 1.73 -0.34 -0.25 1.36 -0.38 -0.25 1.12
4 330 -0.7 -0.25 3.73 -0.54 -0.25 3.73 -0.38 -0.25 3.85 -0.22 -0.25 4.18
4 330 -1.18 -0.25 6.95 0.02 -0.25 7.03 -0.02 -0.25 7.23 -1.39 -0.25 7.51
4 72 -1.63 -0.25 4.01 -1.47 -0.25 4.01 -1.79 -0.25 4.46 -1.87 -0.25 4.26
4 72 -1.79 -0.25 1.16 -1.47 -0.25 0.76 -1.39 -0.25 0.8 -1.27 -0.25 0.88
4 0 0.22 -0.25 7.95 -0.34 -0.25 8.27 -0.02 -0.25 7.23 0.26 -0.25 7.47
4 15 -1.83 -0.25 1.4 -1.1 -0.25 1.52 -1.79 -0.25 1.89 -2.11 -0.25 1.52
4 330 -1.55 -0.25 8.67 -1.47 -0.25 8.03 -0.34 -0.25 8.27 -0.54 -0.25 8.99
4 72 -1.79 -0.25 6.22 -2.03 -0.25 5.46 -1.39 -0.25 5.66 -1.71 -0.25 6.3
4 0 -2.11 -0.25 7.27 -1.87 -0.25 6.71 -1.47 -0.25 8.03 -2.15 -0.25 7.43
4 330 -0.22 -0.25 9.28 -0.18 -0.25 9.08 -0.02 -0.25 9.12 0.02 -0.25 9.28
4 15 -2.51 -0.25 7.95 -2.31 -0.25 7.87 -2.23 -0.25 7.95 -2.27 -0.25 8.23
4 330 -0.98 -0.25 10.44 -1.39 -0.25 10.04 -0.66 -0.25 9.52 -0.7 -0.25 10.44
4 0 -2.11 -0.25 10.4 -2.27 -0.25 10.16 -1.51 -0.25 9.8 -1.39 -0.25 10.04
4 0 -1.83 -0.25 10.68 -2.11 -0.25 10.4 -1.39 -0.25 10.04 -0.98 -0.25 10.44
4 0 -0.7 -0.25 10.44 -0.38 -0.25 10.4 -0.34 -0.25 10.52 -0.86 -0.25 10.52
4 0 -1.71 -0.25 10.88 -1.83 -0.25 10.68 -0.98 -0.25 10.44 -0.86 -0.25 10.52
4 330 -0.1 -0.25 10.52 -0.34 -0.25 10.52 -0.38 -0.25 10.4 -0.02 -0.25 10.4
3 330 -0.98 -0.25 10.44 -0.7 -0.25 10.44 -0.86 -0.25 10.52
4 0 0.42 -0.25 9.92 0.06 -0.25 10.2 0.02 -0.25 9.88 -0.02 -0.25 9.4
4 330 -0.3 -0.25 9.84 -0.1 -0.25 9.76 0.02 -0.25 9.88 -0.38 -0.25 10.04
3 330 -0.54 -0.25 8.99 -0.66 -0.25 9.52 -1.55 -0.25 8.67
4 0 -0.34 -0.25 8.27 0.22 -0.25 7.95 0.34 -0.25 8.71 -0.02 -0.25 9.12
4 0 -0.22 -0.25 9.28 -0.66 -0.25 9.52 -0.54 -0.25 8.99 -0.18 -0.25 9.08
4 330 0.02 -0.25 7.03 -0.86 -0.25 6.22 -0.26 -0.25 6.06 -0.1 -0.25 6.1
3 0 -0.02 -0.25 7.23 0.02 -0.25 7.03 0.26 -0.25 7.47
3 330 0.22 -0.25 5.62 0.46 -0.25 5.78 0.02 -0.25 5.86
4 0 0.78 -0.25 5.9 0.42 -0.25 6.91 0.34 -0.25 6.1 0.46 -0.25 5.78
4 0 -0.26 -0.25 21.4 -0.34 -0.25 21.4 -0.38 -0.25 20.88 -0.1 -0.25 20.56
4 15 -2.07 -0.25 21.36 -1.59 -0.25 21.08 -0.34 -0.25 21.4 -0.58 -0.25 23.73
4 15 0.34 -0.25 21.93 0.42 -0.25 21.85 0.58 -0.25 23.73 -0.58 -0.25 23.73
4 15 -0.1 -0.25 1.73 0.38 -0.25 1.08 0.42 -0.25 2.37 0.1 -0.25 2.17
4 0 -0.82 -0.25 -1.09 -0.7 -0.25 -1.49 -0.46 -0.25 -1.25 -0.74 -0.25 -1.05
4 0 -0.38 -0.25 3.85 -0.54 -0.25 3.73 0.3 -0.25 2.45 0.86 -0.25 3.29
4 15 -0.02 -0.25 0.72 -0.26 -0.25 0.72 -0.34 -0.25 0.6 0.14 -0.25 0.52
4 0 -1.06 -0.25 0.48 -1.27 -0.25 -0.32 -0.98 -0.25 -0.52 -0.34 -0.25 0.32
4 15 -1.06 -0.25 2.09 -1.18 -0.25 2.25 -1.35 -0.25 2.05 -1.1 -0.25 1.52
4 0 -1.06 -0.25 2.09 -1.1 -0.25 1.52 -0.34 -0.25 1.36 -0.1 -0.25 1.73
4 0 -1.18 -0.25 2.25 0.1 -0.25 2.17 0.3 -0.25 2.45 -0.54 -0.25 3.73
4 0 0.42 -0.25 2.37 0.86 -0.25 2.25 0.9 -0.25 2.37 0.3 -0.25 2.45
3 0 0.3 -0.25 2.45 0.9 -0.25 2.37 0.86 -0.25 3.29
3 15 0.42 -0.25 2.37 0.3 -0.25 2.45 0.1 -0.25 2.17
3 0 -1.43 -0.25 -8.48 0.34 -0.25 -7.75 -1.31 -0.25 -7.75
4 0 -1.43 -0.25 -8.48 -1.31 -0.25 -7.75 -1.43 -0.25 -7.71 -2.11 -0.25 -8.48
4 0 -1.47 -0.25 -8.72 -1.43 -0.25 -8.48 -2.11 -0.25 -8.48 -2.07 -0.25 -8.92
4 72 -2.79 -0.25 -5.42 -2.67 -0.25 -5.66 -2.75 -0.25 -2.57 -2.91 -0.25 -2.89
4 72 -6.45 -0.25 -1.81 -5.4 -0.25 0.96 -5.64 -0.25 1.4 -9.44 -0.25 1.345
3 330 -1.43 -0.25 -7.71 -1.31 -0.25 -5.7 -1.43 -0.25 -5.74
4 330 0.18 -0.25 -7.19 -1.31 -0.25 -7.75 0.34 -0.25 -7.75 0.34 -0.25 -7.47
4 0 0.6467 -0.25 -6.91 0.0067 -0.25 -6.35 0.18 -0.25 -7.19 0.34 -0.25 -7.47
3 330 -0.22 -0.25 -22.09 -0.22 -0.25 -26.91 0.06 -0.25 -26.75
4 0 0.14 -0.25 0.52 0.9 -0.25 0.48 0.38 -0.25 1.08 -0.02 -0.25 0.72
3 0 0.14 -0.25 0.4 -0.02 -0.25 0.2 0.66 -0.25 -0.6
4 15 -0.34 -0.25 0.32 -0.26 -0.25 0.2 -0.02 -0.25 0.2 0.14 -0.25 0.4
4 0 -0.18 -0.25 -0.88 -0.02 -0.25 0.2 -0.26 -0.25 0.2 -0.62 -0.25 -0.72
4 330 -1.51 -0.25 -0.92 -1.43 -0.25 -1.33 -0.82 -0.25 -1.09 -0.98 -0.25 -0.52
4 15 0.14 -0.25 0.52 -0.34 -0.25 0.6 -0.34 -0.25 0.32 0.14 -0.25 0.4
4 0 -0.34 -0.25 0.6 -0.26 -0.25 0.72 -0.38 -0.25 1.12 -1.1 -0.25 0.8
4 0 -0.38 -0.25 1.12 -0.26 -0.25 0.72 -0.02 -0.25 0.72 0.14 -0.25 1.08
3 0 -0.02 -0.25 0.72 0.38 -0.25 1.08 0.14 -0.25 1.08
4 330 -0.22 -0.25 -2.77 -0.02 -0.25 -2.77 0.14 -0.25 -2.61 0.14 -0.25 -2.37
3 0 0.46 -0.25 -2.77 0.14 -0.25 -2.61 0.26 -0.25 -3.05
3 0 -0.02 -0.25 -3.17 -0.02 -0.25 -2.77 -0.22 -0.25 -2.77
4 0 -0.58 -0.25 -2.97 -0.22 -0.25 -2.77 -0.38 -0.25 -2.65 -0.78 -0.25 -2.73
4 0 -0.38 -0.25 -2.33 -0.62 -0.25 -2.05 -0.78 -0.25 -2.29 -0.38 -0.25 -2.65
3 0 -0.78 -0.25 -2.29 -0.78 -0.25 -2.73 -0.38 -0.25 -2.65
3 0 -0.26 -0.25 -2.21 -0.62 -0.25 -2.05 -0.38 -0.25 -2.33
4 330 -0.26 -0.25 -2.21 -0.38 -0.25 -2.33 0.14 -0.25 -2.37 0.02 -0.25 -2.21
3 0 0.02 -0.25 -1.85 -0.26 -0.25 -2.21 0.02 -0.25 -2.21
3 0 0.14 -0.25 -2.37 0.02 -0.25 -1.85 0.02 -0.25 -2.21
4 0 0.14 -0.25 -4.66 0.5 -0.25 -4.58 0.34 -0.25 -4.26 -0.02 -0.25 -4.46
3 0 0.02 -0.25 -4.98 -0.26 -0.25 -4.98 -0.22 -0.25 -5.42
4 330 -0.34 -0.25 -4.86 -0.26 -0.25 -4.98 0.02 -0.25 -4.98 0.14 -0.25 -4.84
4 330 -0.34 -0.25 -4.58 -0.34 -0.25 -4.86 0.14 -0.25 -4.84 0.14 -0.25 -4.66
3 0 -0.22 -0.25 -4.46 -0.7 -0.25 -4.34 -0.34 -0.25 -4.58
4 330 -0.02 -0.25 -4.46 -0.22 -0.25 -4.46 -0.34 -0.25 -4.58 0.14 -0.25 -4.66
4 0 0.02 -0.25 9.28 -0.02 -0.25 9.12 0.34 -0.25 8.71 0.42 -0.25 9.92
4 330 -0.02 -0.25 10.4 -0.38 -0.25 10.4 -0.38 -0.25 10.04 0.06 -0.25 10.2
4 0 -0.14 -0.25 9.4 -0.1 -0.25 9.76 -0.3 -0.25 9.84 -0.66 -0.25 9.52
4 0 -0.66 -0.25 9.52 -0.3 -0.25 9.84 -0.38 -0.25 10.04 -0.7 -0.25 10.44
3 0 -0.7 -0.25 10.44 -0.38 -0.25 10.04 -0.38 -0.25 10.4
4 0 -1.71 -0.25 10.88 -0.34 -0.25 10.52 -0.1 -0.25 10.52 1.47 -0.25 10.88
3 0 -0.34 -0.25 10.52 -1.71 -0.25 10.88 -0.86 -0.25 10.52
4 0 -0.1 -0.25 10.52 -0.02 -0.25 10.4 0.42 -0.25 10.48 1.47 -0.25 10.88
4 0 0.06 -0.25 10.2 0.42 -0.25 9.92 0.42 -0.25 10.48 -0.02 -0.25 10.4
3 330 -0.38 -0.25 10.04 0.02 -0.25 9.88 0.06 -0.25 10.2
3 0 -0.34 -0.25 8.27 -0.18 -0.25 9.08 -0.54 -0.25 8.99
3 0 -0.02 -0.25 9.12 -0.18 -0.25 9.08 -0.34 -0.25 8.27
3 0 -0.22 -0.25 9.28 -0.14 -0.25 9.4 -0.66 -0.25 9.52
4 330 -0.14 -0.25 9.4 -0.22 -0.25 9.28 0.02 -0.25 9.28 -0.02 -0.25 9.4
4 0 -0.02 -0.25 9.4 0.02 -0.25 9.88 -0.1 -0.25 9.76 -0.14 -0.25 9.4
3 0 -0.02 -0.25 9.4 0.02 -0.25 9.28 0.42 -0.25 9.92
4 15 -2.15 -0.25 17.67 -1.79 -0.25 17.87 -1.95 -0.25 17.99 -2.55 -0.25 17.91
4 15 -1.59 -0.25 19.72 -2.11 -0.25 20.24 -2.27 -0.25 20 -1.79 -0.25 19.56
4 72 -3.07 -0.25 17.99 -2.79 -0.25 18.15 -3.23 -0.25 18.63 -3.43 -0.25 18.15
3 15 -2.55 -0.25 17.91 -2.63 -0.25 17.51 -2.15 -0.25 17.67
4 15 -3.8 -0.25 20.28 -3.47 -0.25 20.56 -4.12 -0.25 21.24 -4.48 -0.25 20.24
4 0 -2.75 -0.25 20.2 -2.39 -0.25 20.44 -2.91 -0.25 20.92 -3.27 -0.25 20.68
4 72 -3.92 -0.25 18.63 -3.47 -0.25 19.03 -3.55 -0.25 19.24 -4.16 -0.25 19.4
4 72 -4.16 -0.25 19.4 -3.55 -0.25 19.24 -3.55 -0.25 19.76 -4.08 -0.25 19.84
4 15 -4.32 -0.25 21.44 -5.64 -0.25 22.09 -5.68 -0.25 21.48 -4.4 -0.25 21.24
4 72 -3.55 -0.25 19.76 -3.47 -0.25 20.04 -4.08 -0.25 19.96 -4.08 -0.25 19.84
4 0 -3.35 -0.25 21.24 -3.07 -0.25 21.97 -3.67 -0.25 21.81 -3.96 -0.25 21.69
4 15 -3.35 -0.25 21.24 -4.12 -0.25 21.24 -3.27 -0.25 20.68 -2.91 -0.25 20.92
4 0 -3.27 -0.25 20.68 -3.47 -0.25 20.56 -3.47 -0.25 20.04 -2.75 -0.25 20.2
3 15 -0.1 -0.25 20.56 -0.14 -0.25 20.12 0.38 -0.25 20.6
4 15 0.34 -0.25 21.73 0.34 -0.25 21.85 -0.26 -0.25 21.4 0.26 -0.25 21
3 15 -3.35 -0.25 21.24 -2.91 -0.25 20.92 -2.91 -0.25 21.08
4 15 -2.07 -0.25 21.36 -0.58 -0.25 23.73 -1.47 -0.25 23.89 -2.47 -0.25 21.77
4 15 -3.67 -0.25 21.81 -4.6 -0.25 23.85 -5.04 -0.25 23.57 -3.96 -0.25 21.69
3 15 -4.12 -0.25 21.24 -3.47 -0.25 20.56 -3.27 -0.25 20.68
4 72 -3.47 -0.25 20.04 -3.47 -0.25 20.56 -3.8 -0.25 20.28 -4.08 -0.25 19.96
3 0 -3.96 -0.25 21.69 -4.12 -0.25 21.24 -3.35 -0.25 21.24
4 15 -2.35 -0.25 24.06 -3.71 -0.25 24.06 -3.07 -0.25 21.97 -2.59 -0.25 21.97
4 0 -3.07 -0.25 21.97 -3.35 -0.25 21.24 -2.91 -0.25 21.08 -2.47 -0.25 21.77
4 15 -1.47 -0.25 23.89 -2.35 -0.25 24.06 -2.59 -0.25 21.97 -2.47 -0.25 21.77
3 0 -2.47 -0.25 21.77 -2.59 -0.25 21.97 -3.07 -0.25 21.97
4 0 -1.95 -0.25 20.44 -1.59 -0.25 21.08 -2.07 -0.25 21.36 -2.39 -0.25 20.44
4 0 -0.82 -0.25 20.84 -1.31 -0.25 19.96 -0.62 -0.25 19.88 -0.5 -0.25 20.8
3 15 -0.34 -0.25 21.4 -1.59 -0.25 21.08 -1.31 -0.25 21
4 15 -0.34 -0.25 21.4 -1.31 -0.25 21 -0.82 -0.25 20.84 -0.38 -0.25 20.88
3 0 -0.1 -0.25 20.56 -0.38 -0.25 20.88 -0.5 -0.25 20.8
3 15 -0.5 -0.25 20.8 -0.38 -0.25 20.88 -0.82 -0.25 20.84
4 15 -0.26 -0.25 21.4 -0.1 -0.25 20.56 0.38 -0.25 20.6 0.26 -0.25 21
3 15 0.34 -0.25 21.93 -0.26 -0.25 21.4 0.34 -0.25 21.85
4 15 0.46 -0.25 19.56 0.5 -0.25 19.84 -0.14 -0.25 20.12 -0.34 -0.25 19.96
4 15 -1.1 -0.25 18.35 0.54 -0.25 19.12 0.46 -0.25 19.56 -0.74 -0.25 18.87
3 0 -0.62 -0.25 19.88 -0.34 -0.25 19.96 -0.5 -0.25 20.8
4 15 -0.62 -0.25 19.56 0.46 -0.25 19.56 -0.34 -0.25 19.96 -0.62 -0.25 19.88
3 0 -2.91 -0.25 21.08 -2.91 -0.25 20.92 -2.39 -0.25 20.44
4 330 -2.15 -0.25 19.56 -2.31 -0.25 18.71 -1.91 -0.25 18.67 -1.79 -0.25 19.56
4 330 -1.79 -0.25 19.56 -1.91 -0.25 18.67 -1.51 -0.25 18.91 -1.27 -0.25 19.28
3 15 -0.62 -0.25 19.56 -0.74 -0.25 18.87 0.46 -0.25 19.56
4 0 -1.1 -0.25 18.35 -1.91 -0.25 18.67 -1.83 -0.25 17.99 -1.55 -0.25 17.87
3 0 -1.55 -0.25 17.87 -1.83 -0.25 17.99 -1.79 -0.25 17.87
4 0 -1.91 -0.25 17.59 -1.79 -0.25 17.87 -2.15 -0.25 17.67 -2.31 -0.25 17.39
3 15 -1.91 -0.25 17.59 -1.75 -0.25 17.19 -1.55 -0.25 17.87
4 0 -2.31 -0.25 17.39 -2.15 -0.25 17.67 -2.63 -0.25 17.51 -2.71 -0.25 17.31
4 15 -2.71 -0.25 17.31 -3.19 -0.25 16.95 -2.63 -0.25 17.19 -2.31 -0.25 17.39
4 15 -2.55 -0.25 17.91 -3.19 -0.25 16.95 -2.71 -0.25 17.31 -2.63 -0.25 17.51
3 0 -1.55 -0.25 17.87 -1.79 -0.25 17.87 -1.91 -0.25 17.59
3 15 -1.95 -0.25 17.99 -1.79 -0.25 17.87 -1.83 -0.25 17.99
3 0 -1.91 -0.25 18.67 -1.95 -0.25 17.99 -1.83 -0.25 17.99
3 0 0.86 -0.25 3.29 0.26 -0.25 4.1 -0.38 -0.25 3.85
4 330 -0.7 -0.25 3.89 -0.7 -0.25 3.73 -0.22 -0.25 4.18 -0.42 -0.25 4.7
4 330 -2.59 -0.25 0.16 -1.27 -0.25 -0.32 -2.15 -0.25 0.6 -2.87 -0.25 0.6
4 330 -3.51 -0.25 1.97 -3.23 -0.25 1.34 -2.89 -0.25 1.645 -3.15 -0.25 2.05
4 0 -0.42 -0.25 4.7 -0.38 -0.25 4.78 -1.1 -0.25 5.06 -1.27 -0.25 4.78
4 330 -3.96 -0.25 3.85 -4.12 -0.25 3.93 -3.96 -0.25 3.35 -3.59 -0.25 2.99
4 0 0.1 -0.25 5.06 -0.26 -0.25 4.74 -0.18 -0.25 4.54 0.26 -0.25 4.34
3 330 -0.22 -0.25 4.18 -0.18 -0.25 4.54 -0.42 -0.25 4.7
3 0 0.26 -0.25 4.34 -0.18 -0.25 4.54 -0.22 -0.25 4.18
3 0 -0.46 -0.25 -1.25 -0.62 -0.25 -0.8 -0.74 -0.25 -1.05
4 330 -1.51 -0.25 -0.92 -0.98 -0.25 -0.52 -1.27 -0.25 -0.32 -2.59 -0.25 0.16
3 0 -0.82 -0.25 -1.09 -1.31 -0.25 -1.73 -1.06 -0.25 -1.89
4 72 -3.55 -0.25 -0.28 -3.23 -0.25 -0.2 -3.51 -0.25 0.2 -4.32 -0.25 0.48
4 330 -1.31 -0.25 -1.73 -0.82 -0.25 -1.09 -1.43 -0.25 -1.33 -1.43 -0.25 -1.73
4 72 -10.14 -0.25 -8.48 -10.26 -0.25 -8.64 -9.74 -0.25 -9.56 -9.66 -0.25 -8.6
4 72 -3.8 -0.25 -2.69 -7.01 -0.25 -2.69 -3.59 -0.25 -5.34 -3.51 -0.25 -2.97
4 0 -2.23 -0.25 -1.61 -1.43 -0.25 -1.73 -1.43 -0.25 -1.33 -2.31 -0.25 -1.49
4 0 -2.31 -0.25 -1.49 -1.43 -0.25 -1.33 -1.51 -0.25 -0.92 -2.59 -0.25 0.16
4 15 -3.03 -0.25 7.03 -2.79 -0.25 7.71 -3.19 -0.25 7.87 -3.59 -0.25 7.27
4 72 -6.85 -0.25 -2.13 -6.45 -0.25 -1.81 -9.82 -0.25 0.08 -7.33 -0.25 -2.49
4 15 -1.14 -0.25 5.38 -1.39 -0.25 5.66 -2.03 -0.25 5.46 -1.43 -0.25 4.78
4 0 -3.47 -0.25 4.46 -3.59 -0.25 4.66 -3.96 -0.25 4.01 -3.35 -0.25 4.18
4 330 -3.96 -0.25 4.01 -4.12 -0.25 4.01 -4.12 -0.25 3.93 -3.96 -0.25 3.85
4 0 -3.23 -0.25 1.34 -3.51 -0.25 1.97 -4.08 -0.25 1.48 -3.84 -0.25 0.88
4 72 -2.07 -0.25 -8.92 -2.59 -0.25 -9.16 -2.59 -0.25 -9.24 -2.11 -0.25 -10.16
4 72 -4.08 -0.25 1.48 -4.32 -0.25 2.17 -5 -0.25 1.36 -4.68 -0.25 0.92
4 0 -0.86 -0.25 6.22 -1.02 -0.25 6.54 -1.71 -0.25 6.3 -1.39 -0.25 5.66
4 0 -5.24 -0.25 11.52 -5.6 -0.25 10.88 -4.88 -0.25 10.84 -4.68 -0.25 10.92
4 0 -7.97 -0.25 -3.52 -8.13 -0.25 -3.21 -8.41 -0.25 -3.46 -8.45 -0.25 -3.9
4 0 -1.71 -0.25 6.3 -1.02 -0.25 6.54 -1.18 -0.25 6.95 -1.87 -0.25 6.71
4 15 -1.87 -0.25 4.26 -1.79 -0.25 4.46 -2.23 -0.25 4.7 -2.35 -0.25 4.1
4 15 -1.43 -0.25 3.93 -1.47 -0.25 4.01 -1.63 -0.25 4.01 -1.43 -0.25 3.73
4 15 -2.59 -0.25 3.77 -2.99 -0.25 3.25 -2.79 -0.25 3.25 -2.35 -0.25 3.37
4 0 -3.96 -0.25 3.85 -3.59 -0.25 2.99 -3.2433 -0.25 3.8233 -3.96 -0.25 4.01
3 330 -3.59 -0.25 2.99 -3.96 -0.25 3.35 -3.67 -0.25 2.49
4 0 0.1 -0.25 2.17 -1.18 -0.25 2.25 -1.06 -0.25 2.09 -0.1 -0.25 1.73
4 72 -2.43 -0.25 2.09 -2.11 -0.25 1.52 -2.15 -0.25 1.81 -2.19 -0.25 1.93
3 330 -2.89 -0.25 1.645 -3.23 -0.25 1.34 -2.47 -0.25 1
4 0 -2.11 -0.25 1.52 -2.89 -0.25 1.645 -2.47 -0.25 1 -1.95 -0.25 1.4
4 0 -2.15 -0.25 0.6 -1.47 -0.25 0.76 -1.79 -0.25 1.16 -2.47 -0.25 1
4 0 -1.22 -0.25 0.44 -1.39 -0.25 0.64 -2.15 -0.25 0.6 -1.27 -0.25 -0.32
4 0 -0.26 -0.25 0.2 -0.34 -0.25 0.32 -0.98 -0.25 -0.52 -0.62 -0.25 -0.72
3 330 -0.98 -0.25 -0.52 -0.62 -0.25 -0.8 -0.62 -0.25 -0.72
4 0 -11.02 -0.25 -29.64 -11.55 -0.25 -28.56 -11.75 -0.25 -33.29 -11.18 -0.25 -32.77
4 15 -10.98 -0.25 -28.56 -11.02 -0.25 -29.64 -0.86 -0.25 -29.6 -0.9 -0.25 -28.52
3 0 -0.74 -0.25 -32.77 -0.38 -0.25 -33.33 -0.74 -0.25 -30.56
3 72 -0.74 -0.25 -32.77 -1.75 -0.25 -32.77 -0.9 -0.25 -32.85
3 0 -0.9 -0.25 -32.85 -0.38 -0.25 -33.33 -0.74 -0.25 -32.77
4 0 -0.38 -0.25 -33.33 -0.9 -0.25 -32.85 -1.75 -0.25 -32.77 -11.75 -0.25 -33.29
4 72 -1.75 -0.25 -32.77 -0.86 -0.25 -29.6 -11.02 -0.25 -29.64 -11.18 -0.25 -32.77
3 0 -11.75 -0.25 -33.29 -1.75 -0.25 -32.77 -11.18 -0.25 -32.77
4 0 -10.94 -0.25 -27.87 -11.51 -0.25 -26.43 -11.55 -0.25 -26.95 -11.55 -0.25 -28.56
3 0 -0.9 -0.25 -27.95 -0.3 -0.25 -28.03 -0.78 -0.25 -27.73
3 0 -11.02 -0.25 -29.64 -10.98 -0.25 -28.56 -11.55 -0.25 -28.56
4 72 -10.94 -0.25 -27.87 -10.86 -0.25 -27.95 -1.39 -0.25 -21.25 -8.33 -0.25 -21.21
4 0 -10.98 -0.25 -28.56 -10.86 -0.25 -27.95 -10.94 -0.25 -27.87 -11.55 -0.25 -28.56
4 72 -8.33 -0.25 -21.21 -10.72 -0.25 -21.33 -10.82 -0.25 -24.14 -10.94 -0.25 -27.87
4 0 -11.35 -0.25 -23.33 -11.51 -0.25 -26.43 -10.82 -0.25 -24.14 -10.72 -0.25 -21.33
4 15 -11.418 -0.25 6.408 -10.78 -0.25 7.2167 -11.365 -0.25 7.7 -12.0167 -0.25 6.9367
4 72 -0.86 -0.25 -26.07 -1.39 -0.25 -21.25 -10.86 -0.25 -27.95 -0.9 -0.25 -27.95
3 0 -0.94 -0.25 -21.93 -0.74 -0.25 -21.25 -1.14 -0.25 -21.45
3 72 -0.86 -0.25 -26.07 -0.86 -0.25 -22.33 -0.94 -0.25 -21.93
3 0 -0.22 -0.25 -22.09 -0.94 -0.25 -21.93 -0.86 -0.25 -22.33
3 0 -0.86 -0.25 -26.07 -0.22 -0.25 -22.09 -0.86 -0.25 -22.33
3 72 -0.9 -0.25 -27.95 -0.78 -0.25 -27.73 -0.86 -0.25 -26.07
4 0 -0.9 -0.25 -28.52 -0.9 -0.25 -27.95 -10.86 -0.25 -27.95 -10.98 -0.25 -28.56
3 15 -2.11 -0.25 1.52 -1.79 -0.25 1.89 -2.15 -0.25 1.81
3 72 -1.39 -0.25 0.8 -1.47 -0.25 0.76 -1.39 -0.25 0.64
4 15 -1.27 -0.25 0.88 -1.39 -0.25 0.8 -1.39 -0.25 0.64 -1.1 -0.25 0.8
4 0 -3.15 -0.25 2.05 -2.89 -0.25 1.645 -2.51 -0.25 2.29 -2.71 -0.25 2.77
4 72 -1.1 -0.25 1.52 -1.83 -0.25 1.4 -1.79 -0.25 1.16 -1.27 -0.25 0.88
3 15 -1.83 -0.25 1.4 -2.11 -0.25 1.52 -1.95 -0.25 1.4
4 72 -2.59 -0.25 3.77 -1.99 -0.25 3.85 -2.35 -0.25 4.1 -2.99 -0.25 4.1
4 72 -2.71 -0.25 2.93 -2.79 -0.25 3.25 -2.99 -0.25 3.25 -2.71 -0.25 2.77
4 15 -1.99 -0.25 3.85 -2.35 -0.25 3.37 -1.91 -0.25 3.29 -1.43 -0.25 3.73
3 15 -1.79 -0.25 1.89 -1.1 -0.25 1.52 -1.35 -0.25 2.05
4 0 -1.75 -0.25 2.77 -1.79 -0.25 1.89 -1.35 -0.25 2.05 -1.18 -0.25 2.25
4 0 -1.18 -0.25 2.25 -0.54 -0.25 3.73 -0.7 -0.25 3.73 -1.59 -0.25 3.29
4 15 -1.22 -0.25 0.44 -1.06 -0.25 0.48 -1.1 -0.25 0.8 -1.39 -0.25 0.64
4 0 -0.34 -0.25 0.6 -1.1 -0.25 0.8 -1.06 -0.25 0.48 -0.34 -0.25 0.32
4 0 -1.1 -0.25 0.8 -0.38 -0.25 1.12 -0.34 -0.25 1.36 -1.1 -0.25 1.52
3 72 -1.1 -0.25 1.52 -1.27 -0.25 0.88 -1.1 -0.25 0.8
3 0 -1.27 -0.25 -0.32 -1.06 -0.25 0.48 -1.22 -0.25 0.44
4 0 -0.7 -0.25 3.89 -0.42 -0.25 4.7 -1.27 -0.25 4.38 -1.43 -0.25 3.93
4 0 -1.1 -0.25 5.06 -0.38 -0.25 4.78 -0.54 -0.25 5.74 -1.14 -0.25 5.38
4 15 -2.03 -0.25 5.46 -2.59 -0.25 5.22 -2.59 -0.25 5.14 -1.43 -0.25 4.78
4 15 -2.99 -0.25 4.1 -2.35 -0.25 4.1 -2.99 -0.25 4.74 -3.35 -0.25 4.18
3 72 -3.59 -0.25 4.66 -3.63 -0.25 4.86 -3.67 -0.25 4.94
4 72 -3.59 -0.25 4.66 -3.35 -0.25 4.58 -3.35 -0.25 4.94 -3.63 -0.25 4.86
3 0 -1.87 -0.25 6.71 -1.18 -0.25 6.95 -1.39 -0.25 7.51
4 0 -0.66 -0.25 5.9 -0.86 -0.25 6.22 -1.39 -0.25 5.66 -1.14 -0.25 5.38
3 0 -0.54 -0.25 5.74 -0.66 -0.25 5.9 -1.14 -0.25 5.38
4 15 -1.1 -0.25 5.06 -1.14 -0.25 5.38 -1.43 -0.25 4.78 -1.27 -0.25 4.78
3 0 -1.39 -0.25 0.64 -1.47 -0.25 0.76 -2.15 -0.25 0.6
3 72 -1.79 -0.25 1.16 -1.83 -0.25 1.4 -1.95 -0.25 1.4
3 0 -2.47 -0.25 1 -1.79 -0.25 1.16 -1.95 -0.25 1.4
4 0 -1.27 -0.25 19.28 -1.51 -0.25 18.91 -0.74 -0.25 18.87 -0.62 -0.25 19.56
4 0 -1.51 -0.25 18.91 -1.91 -0.25 18.67 -1.1 -0.25 18.35 -0.74 -0.25 18.87
3 0 -2.31 -0.25 18.71 -2.79 -0.25 18.15 -2.15 -0.25 17.99
3 0 -2.87 -0.25 19.24 -3.55 -0.25 19.24 -3.47 -0.25 19.03
4 330 -1.59 -0.25 19.72 -1.79 -0.25 19.56 -1.27 -0.25 19.28 -1.22 -0.25 19.6
4 0 -3.47 -0.25 20.04 -3.55 -0.25 19.76 -2.95 -0.25 19.64 -2.87 -0.25 20
4 330 -2.27 -0.25 20 -2.75 -0.25 20.2 -2.87 -0.25 20 -2.27 -0.25 19.76
3 0 -3.47 -0.25 20.04 -2.87 -0.25 20 -2.75 -0.25 20.2
4 0 -1.51 -0.25 20.24 -1.31 -0.25 21 -1.59 -0.25 21.08 -1.95 -0.25 20.44
4 0 -0.82 -0.25 20.84 -1.31 -0.25 21 -1.51 -0.25 20.24 -1.31 -0.25 19.96
4 0 -1.22 -0.25 19.6 -0.62 -0.25 19.56 -0.62 -0.25 19.88 -1.31 -0.25 19.96
4 330 -1.31 -0.25 19.96 -1.51 -0.25 19.96 -1.59 -0.25 19.72 -1.22 -0.25 19.6
3 0 -1.22 -0.25 19.6 -1.27 -0.25 19.28 -0.62 -0.25 19.56
4 15 -2.27 -0.25 5.74 -2.07 -0.25 5.94 -2.39 -0.25 6.14 -2.71 -0.25 5.58
4 15 -1.87 -0.25 6.71 -2.07 -0.25 6.91 -2.55 -0.25 6.75 -2.15 -0.25 6.4
3 0 -2.07 -0.25 6.91 -1.87 -0.25 6.71 -2.11 -0.25 7.27
4 0 -2.23 -0.25 7.95 -2.15 -0.25 7.43 -1.47 -0.25 8.03 -2.27 -0.25 8.23
4 72 -3.03 -0.25 7.03 -3.43 -0.25 7.07 -3.23 -0.25 6.63 -2.55 -0.25 6.75
3 15 -2.55 -0.25 6.75 -2.55 -0.25 6.59 -2.15 -0.25 6.4
4 72 -1.79 -0.25 6.22 -2.07 -0.25 5.94 -2.07 -0.25 5.86 -2.03 -0.25 5.46
4 15 -2.15 -0.25 6.4 -1.79 -0.25 6.22 -1.71 -0.25 6.3 -1.87 -0.25 6.71
4 15 -2.23 -0.25 7.51 -3.03 -0.25 7.03 -2.11 -0.25 7.15 -2.11 -0.25 7.27
4 72 -2.11 -0.25 7.15 -3.03 -0.25 7.03 -2.55 -0.25 6.75 -2.07 -0.25 6.91
4 72 -2.23 -0.25 7.51 -2.15 -0.25 7.43 -2.23 -0.25 7.95 -2.31 -0.25 7.87
3 15 -2.15 -0.25 7.43 -2.23 -0.25 7.51 -2.11 -0.25 7.27
4 15 -2.51 -0.25 7.95 -2.27 -0.25 8.23 -2.43 -0.25 8.27 -2.73 -0.25 8.13
4 15 -3.07 -0.25 5.58 -3.07 -0.25 6.26 -3.31 -0.25 5.9 -3.23 -0.25 5.66
3 15 -2.79 -0.25 7.71 -3.03 -0.25 7.03 -2.23 -0.25 7.51
4 72 -2.73 -0.25 8.13 -2.43 -0.25 8.27 -2.59 -0.25 8.39 -3.07 -0.25 8.39
4 15 -4.68 -0.25 10.92 -4.2 -0.25 10.28 -3.76 -0.25 10.04 -2.11 -0.25 10.4
4 72 -3.67 -0.25 6.83 -3.59 -0.25 7.27 -3.59 -0.25 7.87 -3.96 -0.25 7.11
3 15 -3.19 -0.25 7.87 -3.59 -0.25 7.87 -3.59 -0.25 7.27
4 72 -2.71 -0.25 5.58 -3.07 -0.25 5.58 -3.11 -0.25 5.22 -3.03 -0.25 5.14
3 15 -3.59 -0.25 7.27 -3.43 -0.25 7.07 -3.03 -0.25 7.03
4 72 -2.55 -0.25 6.59 -2.55 -0.25 6.75 -3.23 -0.25 6.63 -2.79 -0.25 6.26
3 72 -2.11 -0.25 7.15 -2.07 -0.25 6.91 -2.11 -0.25 7.27
4 72 -2.73 -0.25 8.13 -3.19 -0.25 7.87 -2.79 -0.25 7.71 -2.51 -0.25 7.95
4 72 -2.51 -0.25 7.95 -2.79 -0.25 7.71 -2.23 -0.25 7.51 -2.31 -0.25 7.87
4 72 -2.43 -0.25 8.27 -2.27 -0.25 8.23 -2.31 -0.25 8.51 -2.59 -0.25 8.39
4 0 -1.55 -0.25 8.67 -2.31 -0.25 8.51 -2.27 -0.25 8.23 -1.47 -0.25 8.03
4 72 -3.23 -0.25 8.59 -3.59 -0.25 8.59 -3.47 -0.25 8.27 -3.07 -0.25 8.39
4 72 -3.19 -0.25 7.87 -3.07 -0.25 8.39 -3.47 -0.25 8.27 -3.59 -0.25 7.87
4 15 -2.59 -0.25 8.39 -2.31 -0.25 8.71 -2.63 -0.25 8.91 -3.07 -0.25 8.39
4 15 -3.23 -0.25 8.59 -3.07 -0.25 8.39 -2.63 -0.25 8.91 -3.23 -0.25 9.08
4 0 -3.23 -0.25 9.08 -2.57 -0.25 9.56 -3.11 -0.25 9.76 -3.43 -0.25 9.16
4 72 -3.35 -0.25 9.08 -3.23 -0.25 9.08 -3.43 -0.25 9.16 -3.67 -0.25 9.16
3 15 -3.35 -0.25 9.08 -3.23 -0.25 8.59 -3.23 -0.25 9.08
3 72 -3.07 -0.25 8.39 -3.19 -0.25 7.87 -2.73 -0.25 8.13
4 72 -3.35 -0.25 9.08 -3.67 -0.25 9.16 -3.59 -0.25 8.59 -3.23 -0.25 8.59
4 15 -4.68 -0.25 10.92 -2.11 -0.25 10.4 -1.83 -0.25 10.68 -1.87 -0.25 10.92
3 15 -3.11 -0.25 9.76 -2.57 -0.25 9.56 -2.27 -0.25 10.16
4 72 -2.99 -0.25 4.74 -2.59 -0.25 5.14 -3.03 -0.25 5.14 -3.35 -0.25 4.94
4 0 -3.59 -0.25 4.66 -3.67 -0.25 4.94 -4.12 -0.25 4.01 -3.96 -0.25 4.01
4 15 -3.35 -0.25 4.94 -3.03 -0.25 5.14 -3.11 -0.25 5.22 -3.59 -0.25 5.58
4 15 -3.67 -0.25 4.94 -3.63 -0.25 4.86 -3.35 -0.25 4.94 -3.59 -0.25 5.58
4 72 -3.03 -0.25 5.14 -2.59 -0.25 5.14 -2.59 -0.25 5.22 -2.71 -0.25 5.58
4 72 -3.31 -0.25 5.9 -3.59 -0.25 6.26 -3.59 -0.25 5.58 -3.23 -0.25 5.66
4 0 -6.37 -0.25 6.34 -6.85 -0.25 6.75 -6.69 -0.25 5.38 -6.16 -0.25 5.14
4 72 -8.29 -0.25 6.18 -8.65 -0.25 4.62 -6.69 -0.25 5.38 -6.85 -0.25 6.75
4 72 -3.23 -0.25 6.63 -3.43 -0.25 7.07 -3.59 -0.25 7.27 -3.67 -0.25 6.83
4 15 -3.59 -0.25 6.26 -3.23 -0.25 6.63 -3.67 -0.25 6.83 -4.32 -0.25 7.03
4 72 -3.23 -0.25 6.22 -3.23 -0.25 6.63 -3.59 -0.25 6.26 -3.31 -0.25 5.9
4 15 -3.96 -0.25 5.74 -3.59 -0.25 5.58 -3.59 -0.25 6.26 -4.32 -0.25 7.03
4 0 -4.2 -0.25 10.28 -4.48 -0.25 10.52 -4.56 -0.25 10.52 -4.76 -0.25 10.2
4 72 -3.96 -0.25 7.95 -3.96 -0.25 7.11 -3.59 -0.25 7.87 -3.47 -0.25 8.27
4 15 -4.56 -0.25 10.52 -4.48 -0.25 10.52 -4.68 -0.25 10.92 -4.88 -0.25 10.84
4 15 -3.96 -0.25 7.95 -3.47 -0.25 8.27 -3.59 -0.25 8.59 -4.68 -0.25 8.47
3 72 -3.43 -0.25 9.16 -3.67 -0.25 9.32 -3.67 -0.25 9.16
3 15 -4.68 -0.25 8.47 -3.59 -0.25 8.59 -3.67 -0.25 9.16
3 0 -3.2433 -0.25 3.8233 -3.35 -0.25 4.18 -3.96 -0.25 4.01
4 72 -2.23 -0.25 4.7 -1.79 -0.25 4.46 -1.43 -0.25 4.78 -2.59 -0.25 5.14
4 15 -2.99 -0.25 4.74 -3.35 -0.25 4.58 -3.47 -0.25 4.46 -3.35 -0.25 4.18
4 0 -2.71 -0.25 2.77 -2.99 -0.25 3.25 -3.59 -0.25 2.99 -3.15 -0.25 2.05
4 0 -1.43 -0.25 3.73 -0.7 -0.25 3.73 -0.7 -0.25 3.89 -1.43 -0.25 3.93
3 72 -1.27 -0.25 4.38 -1.47 -0.25 4.01 -1.43 -0.25 3.93
4 72 -1.27 -0.25 4.38 -1.27 -0.25 4.78 -1.43 -0.25 4.78 -1.79 -0.25 4.46
3 15 -2.23 -0.25 4.7 -2.99 -0.25 4.74 -2.35 -0.25 4.1
3 72 -2.59 -0.25 5.14 -2.99 -0.25 4.74 -2.23 -0.25 4.7
3 72 -3.35 -0.25 4.58 -2.99 -0.25 4.74 -3.35 -0.25 4.94
3 72 -3.47 -0.25 4.46 -3.35 -0.25 4.58 -3.59 -0.25 4.66
4 72 -3.2433 -0.25 3.8233 -2.59 -0.25 3.77 -2.99 -0.25 4.1 -3.35 -0.25 4.18
4 15 -1.95 -0.25 2.61 -1.75 -0.25 2.77 -1.99 -0.25 3.05 -2.47 -0.25 2.61
3 72 -1.47 -0.25 4.01 -1.27 -0.25 4.38 -1.79 -0.25 4.46
4 72 -1.99 -0.25 3.85 -1.63 -0.25 4.01 -1.87 -0.25 4.26 -2.35 -0.25 4.1
3 15 -1.63 -0.25 4.01 -1.99 -0.25 3.85 -1.43 -0.25 3.73
3 0 -1.27 -0.25 4.38 -0.42 -0.25 4.7 -1.27 -0.25 4.78
3 15 -1.43 -0.25 3.73 -1.91 -0.25 3.29 -1.59 -0.25 3.29
3 0 -0.7 -0.25 3.73 -1.43 -0.25 3.73 -1.59 -0.25 3.29
4 0 -1.71 -0.25 2.93 -1.75 -0.25 2.77 -1.18 -0.25 2.25 -1.59 -0.25 3.29
3 15 -2.59 -0.25 3.77 -2.35 -0.25 3.37 -1.99 -0.25 3.85
4 15 -2.19 -0.25 1.93 -1.99 -0.25 2.25 -2.23 -0.25 2.41 -2.43 -0.25 2.09
4 15 -2.47 -0.25 2.61 -1.99 -0.25 3.05 -2.47 -0.25 3.05 -2.71 -0.25 2.77
3 15 -3.2433 -0.25 3.8233 -2.99 -0.25 3.25 -2.59 -0.25 3.77
3 0 -2.99 -0.25 3.25 -3.2433 -0.25 3.8233 -3.59 -0.25 2.99
4 0 -1.51 -0.25 -20.36 -1.39 -0.25 -21.25 -0.9 -0.25 -20.84 -1.43 -0.25 -20.32
4 72 -1.75 -0.25 -12.91 -1.79 -0.25 -13.54 -1.43 -0.25 -11.37 -1.59 -0.25 -11.45
3 0 -1.39 -0.25 -21.25 -1.51 -0.25 -20.36 -7.61 -0.25 -20.4
4 72 -8.57 -0.25 -13.98 -9.58 -0.25 -13.86 -10.5 -0.25 -16.71 -7.54 -0.25 -14.24
4 0 -10.72 -0.25 -21.33 -8.33 -0.25 -21.21 -10.62 -0.25 -20.36 -11.22 -0.25 -20.64
4 72 -10.5 -0.25 -16.71 -10.62 -0.25 -20.36 -7.61 -0.25 -20.4 -5.7067 -0.25 -15.1933
4 0 -2.87 -0.25 -1.33 -2.59 -0.25 0.16 -3.27 -0.25 -0.32 -3.55 -0.25 -0.97
4 72 -9.05 -0.25 3 -9.44 -0.25 1.345 -6.04 -0.25 2.33 -6.16 -0.25 2.77
4 330 -14.04 -0.25 -22.57 -11.22 -0.25 -20.64 -11.14 -0.25 -17.67 -14 -0.25 -14.38
4 0 -1.43 -0.25 -5.74 -2.19 -0.25 -1.73 -2.11 -0.25 -7.23 -1.43 -0.25 -7.71
4 72 -10.26 -0.25 -11.33 -6.71 -0.25 -14.02 -5.96 -0.25 -14.34 -2.19 -0.25 -12.45
4 0 -10.4 -0.25 -13.6 -10.1 -0.25 -13.66 -10.02 -0.25 -13.25 -10.3 -0.25 -12.93
4 72 -2.19 -0.25 -7.71 -2.07 -0.25 -7.47 -2.11 -0.25 -7.23 -3.31 -0.25 -6.27
4 72 -6.33 -0.25 -14.82 -7.54 -0.25 -14.24 -10.5 -0.25 -16.71 -5.7067 -0.25 -15.1933
4 0 -7.91 -0.25 -13.68 -8.57 -0.25 -13.98 -7.54 -0.25 -14.24 -6.71 -0.25 -14.02
4 0 -1.75 -0.25 -12.91 -1.59 -0.25 -11.45 -2.19 -0.25 -12.45 -2.27 -0.25 -13.46
4 0 -5.96 -0.25 -14.34 -6.33 -0.25 -14.82 -5.7067 -0.25 -15.1933 -5.2933 -0.25 -14.6733
4 72 -5.16 -0.25 -15.54 -5.7067 -0.25 -15.1933 -7.61 -0.25 -20.4 -4.6 -0.25 -15.9625
4 72 -2.27 -0.25 -13.46 -5.2933 -0.25 -14.6733 -4.58 -0.25 -15.1 -2.45 -0.25 -14.74
4 0 -4.58 -0.25 -15.1 -5.16 -0.25 -15.54 -4.6 -0.25 -15.9625 -4.08 -0.25 -15.42
3 72 -7.61 -0.25 -20.4 -3.88 -0.25 -16.59 -4.6 -0.25 -15.9625
4 72 -3.47 -0.25 -16.91 -3.88 -0.25 -16.59 -7.61 -0.25 -20.4 -3.11 -0.25 -17.23
4 0 -5.7067 -0.25 -15.1933 -5.16 -0.25 -15.54 -4.58 -0.25 -15.1 -5.2933 -0.25 -14.6733
4 72 -2.75 -0.25 -16.11 -3.27 -0.25 -16.03 -3.07 -0.25 -16.19 -2.87 -0.25 -16.27
4 72 -3.11 -0.25 -17.23 -7.61 -0.25 -20.4 -1.51 -0.25 -20.36 -2.95 -0.25 -17.23
4 0 -3.27 -0.25 -16.03 -4.6 -0.25 -15.9625 -3.88 -0.25 -16.59 -3.07 -0.25 -16.19
4 0 -2.67 -0.25 -16.87 -3.47 -0.25 -16.91 -3.11 -0.25 -17.23 -2.95 -0.25 -17.23
3 72 -1.43 -0.25 -20.32 -2.43 -0.25 -16.3233 -2.67 -0.25 -16.87
4 0 -2.87 -0.25 -16.27 -3.47 -0.25 -16.91 -2.67 -0.25 -16.87 -2.43 -0.25 -16.3233
4 0 -2.55 -0.25 -15.58 -2.75 -0.25 -16.11 -2.43 -0.25 -16.3233 -2.19 -0.25 -15.62
3 72 -1.43 -0.25 -20.32 -2.19 -0.25 -15.62 -2.43 -0.25 -16.3233
4 72 -2.19 -0.25 -15.62 -1.43 -0.25 -20.32 -1.79 -0.25 -13.54 -2.11 -0.25 -15.14
3 72 -1.43 -0.25 -11.37 -1.79 -0.25 -13.54 -1.43 -0.25 -20.32
4 0 -2.55 -0.25 -15.58 -2.19 -0.25 -15.62 -2.11 -0.25 -15.14 -2.45 -0.25 -14.74
4 0 -1.43 -0.25 -11.37 -1.43 -0.25 -20.32 -0.9 -0.25 -20.84 -0.9 -0.25 -11.33
4 0 -2.45 -0.25 -14.74 -2.11 -0.25 -15.14 -1.79 -0.25 -13.54 -2.27 -0.25 -13.46
4 0 -1.51 -0.25 -11.33 -1.43 -0.25 -10.64 -2.19 -0.25 -10.6 -1.59 -0.25 -11.45
3 0 -2.27 -0.25 -13.46 -1.79 -0.25 -13.54 -1.75 -0.25 -12.91
3 72 -1.43 -0.25 -11.37 -1.51 -0.25 -11.33 -1.59 -0.25 -11.45
3 0 -1.43 -0.25 -10.64 -1.51 -0.25 -11.33 -1.43 -0.25 -11.37
4 15 -2.27 -0.25 19.76 -2.15 -0.25 19.56 -1.79 -0.25 19.56 -2.27 -0.25 20
4 330 -2.15 -0.25 19.56 -2.87 -0.25 19.24 -2.67 -0.25 18.91 -2.31 -0.25 18.71
4 330 -2.27 -0.25 19.76 -2.87 -0.25 20 -2.95 -0.25 19.64 -2.87 -0.25 19.24
3 330 -2.27 -0.25 19.76 -2.87 -0.25 19.24 -2.15 -0.25 19.56
4 330 -2.11 -0.25 20.24 -1.87 -0.25 20.28 -1.95 -0.25 20.44 -2.39 -0.25 20.44
4 15 -1.87 -0.25 20.28 -2.11 -0.25 20.24 -1.59 -0.25 19.72 -1.63 -0.25 20.2
4 330 -1.31 -0.25 19.96 -1.51 -0.25 20.24 -1.63 -0.25 20.2 -1.51 -0.25 19.96
3 15 -1.51 -0.25 19.96 -1.63 -0.25 20.2 -1.59 -0.25 19.72
4 15 -3.47 -0.25 9.88 -3.11 -0.25 9.76 -2.27 -0.25 10.16 -2.11 -0.25 10.4
4 0 -3.67 -0.25 9.32 -3.43 -0.25 9.16 -3.11 -0.25 9.76 -3.47 -0.25 9.88
4 0 -2.31 -0.25 8.71 -1.55 -0.25 8.67 -1.51 -0.25 9.8 -2.57 -0.25 9.56
3 0 -2.57 -0.25 9.56 -1.51 -0.25 9.8 -2.27 -0.25 10.16
3 15 -2.11 -0.25 10.4 -3.76 -0.25 10.04 -3.47 -0.25 9.88
4 0 -3.84 -0.25 9.44 -3.67 -0.25 9.32 -3.47 -0.25 9.88 -3.76 -0.25 10.04
4 15 -4.8 -0.25 9.24 -4.16 -0.25 9.72 -4.76 -0.25 10.2 -4.88 -0.25 10.16
3 15 -4.2 -0.25 10.28 -4.68 -0.25 10.92 -4.48 -0.25 10.52
4 0 -4.68 -0.25 10.92 -4.44 -0.25 11.61 -4.52 -0.25 11.69 -5.24 -0.25 11.52
4 72 -8.65 -0.25 4.62 -6.45 -0.25 3.73 -6.53 -0.25 4.46 -6.69 -0.25 5.38
4 0 -5.2 -0.25 12.65 -4.8 -0.25 13.29 -5.44 -0.25 13.41 -5.56 -0.25 12.77
4 72 -7.93 -0.25 7.55 -6.85 -0.25 6.75 -6.93 -0.25 8.15 -7.81 -0.25 7.95
4 72 -9.05 -0.25 3 -6.16 -0.25 2.77 -6.45 -0.25 3.73 -8.65 -0.25 4.62
3 0 1.47 -0.25 10.88 -1.87 -0.25 10.92 -1.71 -0.25 10.88
3 15 -1.71 -0.25 10.88 -1.87 -0.25 10.92 -1.83 -0.25 10.68
3 0 -1.87 -0.25 6.71 -1.39 -0.25 7.51 -1.47 -0.25 8.03
4 0 -1.79 -0.25 1.89 -1.75 -0.25 2.77 -1.99 -0.25 2.25 -2.15 -0.25 1.81
4 72 -1.71 -0.25 2.93 -1.59 -0.25 3.29 -1.91 -0.25 3.29 -1.99 -0.25 3.05
3 15 -2.47 -0.25 3.05 -2.71 -0.25 2.93 -2.71 -0.25 2.77
4 72 -2.47 -0.25 2.41 -2.47 -0.25 2.61 -2.71 -0.25 2.77 -2.51 -0.25 2.29
4 72 -2.79 -0.25 3.25 -2.71 -0.25 2.93 -2.47 -0.25 3.05 -2.35 -0.25 3.37
4 72 -1.99 -0.25 3.05 -1.91 -0.25 3.29 -2.35 -0.25 3.37 -2.47 -0.25 3.05
3 15 -1.75 -0.25 2.77 -1.71 -0.25 2.93 -1.99 -0.25 3.05
3 72 -2.15 -0.25 17.99 -2.55 -0.25 17.91 -1.95 -0.25 17.99
4 72 -2.55 -0.25 17.91 -2.15 -0.25 17.99 -2.79 -0.25 18.15 -3.07 -0.25 17.99
3 15 -3.27 -0.25 16.83 -3.19 -0.25 16.95 -3.88 -0.25 17.99
4 72 -3.92 -0.25 18.63 -3.43 -0.25 18.15 -3.23 -0.25 18.63 -3.47 -0.25 19.03
4 15 -4.32 -0.25 18.15 -7.09 -0.25 16.63 -3.55 -0.25 16.46 -3.96 -0.25 17.99
4 15 -3.88 -0.25 17.99 -3.07 -0.25 17.99 -3.43 -0.25 18.15 -3.88 -0.25 18.07
4 15 -4.48 -0.25 20.24 -5.76 -0.25 20.76 -6 -0.25 20.28 -4.6 -0.25 19.56
4 72 -4.4 -0.25 18.87 -4.56 -0.25 18.83 -4.56 -0.25 18.55 -4.28 -0.25 18.39
3 15 -6.2 -0.25 20.04 -4.6 -0.25 19.48 -4.6 -0.25 19.56
4 72 -4.32 -0.25 19.6 -4.6 -0.25 19.56 -4.6 -0.25 19.48 -4.16 -0.25 19.4
4 15 -4.48 -0.25 20.24 -4.6 -0.25 19.56 -4.32 -0.25 19.6 -4.08 -0.25 19.96
3 72 -4.08 -0.25 19.84 -4.32 -0.25 19.6 -4.16 -0.25 19.4
3 15 -4.08 -0.25 19.84 -4.08 -0.25 19.96 -4.32 -0.25 19.6
3 15 -4.12 -0.25 21.24 -4.4 -0.25 21.24 -4.48 -0.25 20.24
3 72 -4.08 -0.25 19.96 -3.8 -0.25 20.28 -4.48 -0.25 20.24
3 0 -2.43 -0.25 2.09 -2.89 -0.25 1.645 -2.11 -0.25 1.52
4 15 -2.23 -0.25 2.41 -2.47 -0.25 2.41 -2.51 -0.25 2.29 -2.43 -0.25 2.09
3 0 -2.43 -0.25 2.09 -2.51 -0.25 2.29 -2.89 -0.25 1.645
4 72 -2.47 -0.25 2.61 -2.47 -0.25 2.41 -2.23 -0.25 2.41 -1.95 -0.25 2.61
3 72 -1.99 -0.25 2.25 -1.95 -0.25 2.61 -2.23 -0.25 2.41
3 0 -1.99 -0.25 2.25 -2.19 -0.25 1.93 -2.15 -0.25 1.81
3 72 -1.75 -0.25 2.77 -1.95 -0.25 2.61 -1.99 -0.25 2.25
4 0 -4.96 -0.25 30.4 -4.84 -0.25 29.76 -4.48 -0.25 29.96 -4.72 -0.25 30.52
4 72 -6.85 -0.25 24.62 -5.4 -0.25 25.22 -5.64 -0.25 25.5 -7.21 -0.25 25.06
4 71 -4.52 -0.25 28.79 -4.32 -0.25 27.79 -3.92 -0.25 27.95 -3.23 -0.25 29.88
3 71 -3.23 -0.25 29.88 -3.92 -0.25 27.95 -3.51 -0.25 28.07
3 0 -3.23 -0.25 29.88 -3.27 -0.25 28.07 -3.19 -0.25 27.55
4 0 -3.23 -0.25 29.88 -2.71 -0.25 28.83 -2.79 -0.25 30.32 -3.15 -0.25 30.32
4 0 -3.11 -0.25 27.19 -2.39 -0.25 26.99 -2.51 -0.25 27.47 -3.19 -0.25 27.55
4 72 -2.43 -0.25 25.42 -3.19 -0.25 25.06 -2.87 -0.25 24.7 -2.03 -0.25 24.78
4 0 -2.43 -0.25 25.42 -1.95 -0.25 25.66 -2.15 -0.25 26.18 -2.87 -0.25 26.34
4 0 -2.87 -0.25 24.7 -3.63 -0.25 24.74 -3.71 -0.25 24.06 -2.35 -0.25 24.06
3 72 -2.03 -0.25 24.78 -2.87 -0.25 24.7 -2.07 -0.25 24.66
3 0 -2.07 -0.25 24.66 -1.39 -0.25 24.66 -2.03 -0.25 24.78
3 0 -2.07 -0.25 24.66 -2.87 -0.25 24.7 -2.35 -0.25 24.06
3 72 -3.19 -0.25 25.06 -2.43 -0.25 25.42 -3.51 -0.25 25.58
4 72 -3.88 -0.25 24.74 -3.63 -0.25 24.74 -3.55 -0.25 24.9 -3.96 -0.25 25.5
4 72 -3.92 -0.25 26.34 -2.87 -0.25 26.34 -3.11 -0.25 27.19 -4.32 -0.25 27.55
4 0 -3.55 -0.25 24.9 -3.19 -0.25 25.06 -3.51 -0.25 25.58 -3.96 -0.25 25.5
4 72 -4.28 -0.25 26.14 -4.36 -0.25 26.38 -5.32 -0.25 26.26 -4.88 -0.25 25.46
3 72 -4.6 -0.25 27.11 -4.68 -0.25 27.55 -4.8 -0.25 27.39
3 72 -3.92 -0.25 27.95 -4.32 -0.25 27.79 -4.32 -0.25 27.55
4 72 -2.03 -0.25 5.46 -2.07 -0.25 5.86 -2.27 -0.25 5.74 -2.59 -0.25 5.22
4 72 -2.07 -0.25 5.94 -1.79 -0.25 6.22 -2.15 -0.25 6.4 -2.39 -0.25 6.14
3 72 -2.71 -0.25 5.58 -2.59 -0.25 5.22 -2.27 -0.25 5.74
4 15 -3.07 -0.25 5.58 -2.71 -0.25 5.58 -2.79 -0.25 6.26 -3.07 -0.25 6.26
4 72 -3.23 -0.25 5.66 -3.59 -0.25 5.58 -3.11 -0.25 5.22 -3.07 -0.25 5.58
3 15 -3.07 -0.25 6.26 -3.23 -0.25 6.22 -3.31 -0.25 5.9
3 72 -3.23 -0.25 6.22 -3.07 -0.25 6.26 -3.23 -0.25 6.63
3 72 -3.23 -0.25 6.63 -3.07 -0.25 6.26 -2.79 -0.25 6.26
3 15 -2.71 -0.25 5.58 -2.39 -0.25 6.14 -2.79 -0.25 6.26
4 72 -2.39 -0.25 6.14 -2.15 -0.25 6.4 -2.55 -0.25 6.59 -2.79 -0.25 6.26
3 15 -2.07 -0.25 5.86 -2.07 -0.25 5.94 -2.27 -0.25 5.74
4 0 -2.79 -0.25 -5.42 -2.99 -0.25 -5.26 -3.27 -0.25 -5.22 -3.71 -0.25 -5.62
4 330 -7.37 -0.25 12.97 -7.53 -0.25 12.69 -6.37 -0.25 13.17 -7.13 -0.25 13.29
4 15 -10.02 -0.25 -0.04 -10.02 -0.25 -0.12 -9.82 -0.25 0.08 -9.74 -0.25 1.32
4 330 -10.98 -0.25 -14.42 -12.79 -0.25 -13.66 -13.37 -0.25 -13.96 -14 -0.25 -14.38
4 72 -5.4 -0.25 2.13 -4.32 -0.25 2.17 -4.6 -0.25 3.09 -5.72 -0.25 3.01
4 0 -4.6 -0.25 3.09 -4.32 -0.25 2.17 -3.67 -0.25 2.49 -3.96 -0.25 3.35
4 15 -9.74 -0.25 1.32 -9.82 -0.25 0.08 -9.44 -0.25 1.345 -9.05 -0.25 3
4 72 -7.89 -0.25 25.18 -9.82 -0.25 24.18 -9.46 -0.25 22.93 -9.3 -0.25 22.81
4 0 -4.68 -0.25 3.45 -4.6 -0.25 3.09 -3.96 -0.25 3.35 -4.12 -0.25 3.93
4 0 -4.68 -0.25 3.45 -4.12 -0.25 3.93 -4.12 -0.25 4.01 -5 -0.25 4.82
4 15 -9.38 -0.25 3.37 -9.74 -0.25 1.32 -9.05 -0.25 3 -8.65 -0.25 4.62
4 0 -5.04 -0.25 5.22 -5 -0.25 4.82 -3.67 -0.25 4.94 -3.96 -0.25 5.74
4 0 -10.84 -0.25 6.625 -10.46 -0.25 7.11 -10.78 -0.25 7.2167 -11.418 -0.25 6.408
4 15 -8.29 -0.25 6.18 -7.93 -0.25 7.55 -8.65 -0.25 7.43 -9.02 -0.25 5.3
4 0 -5.44 -0.25 13.41 -5.68 -0.25 13.49 -6.73 -0.25 13.45 -6.37 -0.25 13.17
4 72 -6.93 -0.25 8.15 -6.97 -0.25 9.16 -7.37 -0.25 8.71 -7.81 -0.25 7.95
4 0 -9.26 -0.25 8.39 -8.65 -0.25 7.43 -8.29 -0.25 9.48 -9.22 -0.25 8.95
4 15 -7.81 -0.25 7.95 -8.29 -0.25 9.48 -8.65 -0.25 7.43 -7.93 -0.25 7.55
4 0 -6.85 -0.25 11.52 -7.49 -0.25 11.44 -7.05 -0.25 10.88 -6.57 -0.25 10.88
4 15 -3.96 -0.25 7.95 -4.68 -0.25 8.47 -4.32 -0.25 7.19 -3.96 -0.25 7.11
4 0 -5.28 -0.25 6.71 -4.32 -0.25 7.03 -4.32 -0.25 7.19 -5.4 -0.25 7.71
4 15 -3.96 -0.25 7.11 -4.32 -0.25 7.19 -4.32 -0.25 7.03 -3.67 -0.25 6.83
4 0 -6.93 -0.25 8.15 -6.49 -0.25 7.43 -6.55 -0.25 9.28 -6.97 -0.25 9.16
3 72 -8.29 -0.25 6.18 -6.85 -0.25 6.75 -7.93 -0.25 7.55
4 0 -6.16 -0.25 5.14 -6.69 -0.25 5.38 -6.53 -0.25 4.46 -6.08 -0.25 4.5
4 72 -4.68 -0.25 3.45 -5 -0.25 4.82 -5.8 -0.25 3.41 -5.72 -0.25 3.01
4 72 -5.76 -0.25 1.69 -6.04 -0.25 2.33 -9.44 -0.25 1.345 -5.64 -0.25 1.4
4 0 -5.72 -0.25 3.01 -6.16 -0.25 2.77 -6.04 -0.25 2.33 -5.4 -0.25 2.13
4 0 -6.73 -0.25 -2.41 -5.88 -0.25 -1.65 -6.45 -0.25 -1.81 -6.85 -0.25 -2.13
4 0 -3.84 -0.25 0.88 -3.51 -0.25 0.2 -2.87 -0.25 0.6 -3.23 -0.25 1.34
4 0 -5 -0.25 1.36 -5.64 -0.25 1.4 -5.4 -0.25 0.96 -4.68 -0.25 0.92
4 72 -5.72 -0.25 -1.41 -4.68 -0.25 -0.04 -4.92 -0.25 0.24 -5.84 -0.25 -1.41
4 72 -3.84 -0.25 0.88 -4.68 -0.25 0.92 -4.32 -0.25 0.48 -3.51 -0.25 0.2
4 72 -4.36 -0.25 -0.36 -4.68 -0.25 -0.04 -5.72 -0.25 -1.41 -5.72 -0.25 -1.49
3 72 -2.99 -0.25 -6.23 -2.11 -0.25 -7.23 -2.71 -0.25 -5.94
4 0 -2.19 -0.25 -1.73 -1.14 -0.25 -2.25 -1.43 -0.25 -1.73 -2.23 -0.25 -1.61
4 0 -2.71 -0.25 -5.94 -2.67 -0.25 -5.66 -2.79 -0.25 -5.42 -2.99 -0.25 -6.23
4 72 -2.23 -0.25 -1.61 -2.31 -0.25 -1.49 -2.91 -0.25 -2.13 -2.19 -0.25 -1.73
3 0 -2.59 -0.25 0.16 -2.87 -0.25 -1.33 -2.31 -0.25 -1.49
4 0 -2.19 -0.25 -1.73 -1.43 -0.25 -5.74 -1.14 -0.25 -5.22 -1.14 -0.25 -2.25
4 0 -7.29 -0.25 -2.93 -7.01 -0.25 -2.69 -7.33 -0.25 -2.49 -7.69 -0.25 -2.81
3 0 -1.43 -0.25 -7.71 -2.11 -0.25 -7.23 -2.07 -0.25 -7.47
4 0 -1.43 -0.25 -7.71 -2.07 -0.25 -7.47 -2.19 -0.25 -7.71 -2.11 -0.25 -8.48
4 0 -10.02 -0.25 -13.25 -10.1 -0.25 -13.66 -9.58 -0.25 -13.86 -9.22 -0.25 -13.5
4 0 -3.23 -0.25 -3.01 -2.91 -0.25 -2.89 -2.75 -0.25 -2.57 -2.91 -0.25 -2.13
4 0 -10.06 -0.25 2.41 -10.14 -0.25 1.61 -9.74 -0.25 1.32 -9.38 -0.25 3.37
4 0 -3.51 -0.25 -2.97 -3.23 -0.25 -3.01 -3.67 -0.25 -2.13 -3.8 -0.25 -2.69
4 0 -6.73 -0.25 -2.41 -6.85 -0.25 -2.13 -7.33 -0.25 -2.49 -7.01 -0.25 -2.69
4 0 -11.55 -0.25 -6.03 -11.18 -0.25 -6.75 -11.1 -0.25 -5.94 -11.55 -0.25 -5.66
3 72 -10.14 -0.25 -0.84 -10.02 -0.25 -0.12 -10.02 -0.25 -0.04
4 72 -9.82 -0.25 0.08 -10.02 -0.25 -0.12 -10.14 -0.25 -0.84 -7.33 -0.25 -2.49
4 0 -9.22 -0.25 -13.5 -9.58 -0.25 -13.86 -8.57 -0.25 -13.98 -7.91 -0.25 -13.68
3 0 -1.51 -0.25 -10.52 -2.19 -0.25 -10.6 -1.43 -0.25 -10.64
4 0 -10.26 -0.25 -11.37 -10.26 -0.25 -11.33 -10.9 -0.25 -12.21 -10.38 -0.25 -12.73
4 0 -10.4 -0.25 -13.6 -10.3 -0.25 -12.93 -10.38 -0.25 -12.73 -10.9 -0.25 -12.21
4 0 -9.74 -0.25 -8.48 -9.66 -0.25 -8.6 -8.78 -0.25 -8.56 -8.73 -0.25 -8.52
4 0 -10.82 -0.25 -8.27 -10.26 -0.25 -8.64 -10.14 -0.25 -8.48 -11.14 -0.25 -7.71
3 0 -9.74 -0.25 -8.48 -11.14 -0.25 -7.71 -10.14 -0.25 -8.48
4 72 -8.73 -0.25 -8.52 -8.78 -0.25 -8.56 -5.56 -0.25 -8.96 -3.11 -0.25 -8.72
4 72 -4.92 -0.25 -10.24 -5.2 -0.25 -10.32 -2.19 -0.25 -10.6 -3.19 -0.25 -9.8
3 72 -9.74 -0.25 -8.48 -10.14 -0.25 -8.48 -9.66 -0.25 -8.6
4 72 -9.74 -0.25 -9.56 -10.26 -0.25 -8.64 -10.26 -0.25 -10.64 -9.78 -0.25 -10.04
4 72 -9.34 -0.25 -9.2 -9.34 -0.25 -9.52 -9.26 -0.25 -9.6 -9.02 -0.25 -9.68
4 72 -9.3 -0.25 -10.04 -9.78 -0.25 -10.04 -10.26 -0.25 -10.64 -6.77 -0.25 -10.24
4 0 -9.74 -0.25 -9.56 -9.78 -0.25 -10.04 -9.3 -0.25 -10.04 -9.26 -0.25 -9.6
4 0 -5.04 -0.25 -10.12 -5.2 -0.25 -10.32 -4.92 -0.25 -10.24 -4.92 -0.25 -10
4 72 -5.2 -0.25 -10.32 -6.77 -0.25 -10.24 -10.26 -0.25 -10.64 -2.19 -0.25 -10.6
4 72 -4.76 -0.25 -10 -4.92 -0.25 -10.24 -3.19 -0.25 -9.8 -3.51 -0.25 -9.64
4 0 -8.69 -0.25 -9.68 -9.02 -0.25 -9.68 -9.3 -0.25 -10.04 -6.77 -0.25 -10.24
4 0 -3.19 -0.25 -9.8 -2.95 -0.25 -9.76 -3.59 -0.25 -9.48 -3.51 -0.25 -9.64
4 72 -9.34 -0.25 -9.2 -9.02 -0.25 -9.68 -8.69 -0.25 -9.68 -9.18 -0.25 -9.04
4 0 -4.76 -0.25 -10 -4.68 -0.25 -9.56 -4.92 -0.25 -10 -4.92 -0.25 -10.24
4 72 -3.59 -0.25 -9.48 -3.59 -0.25 -9 -4.64 -0.25 -9.16 -4.68 -0.25 -9.56
4 0 -4.64 -0.25 -9.16 -4.76 -0.25 -9.04 -4.88 -0.25 -9.4 -4.68 -0.25 -9.56
4 0 -3.31 -0.25 -8.76 -3.59 -0.25 -9 -3.59 -0.25 -9.48 -2.71 -0.25 -8.92
3 72 -8.73 -0.25 -8.52 -3.11 -0.25 -8.72 -2.11 -0.25 -8.48
4 72 -4.92 -0.25 -10 -4.88 -0.25 -9.4 -5 -0.25 -9.32 -5.04 -0.25 -10.12
4 0 -5 -0.25 -9.32 -4.76 -0.25 -9.04 -5.56 -0.25 -8.96 -9.18 -0.25 -9.04
4 0 -11.14 -0.25 -7.71 -9.74 -0.25 -8.48 -8.73 -0.25 -8.52 -2.19 -0.25 -7.71
3 72 -8.73 -0.25 -8.6 -5.56 -0.25 -8.96 -8.78 -0.25 -8.56
3 0 -8.73 -0.25 -8.52 -2.11 -0.25 -8.48 -2.19 -0.25 -7.71
3 0 -2.07 -0.25 -8.92 -2.11 -0.25 -10.16 -1.47 -0.25 -8.72
4 72 -2.45 -0.25 -14.74 -4.58 -0.25 -15.1 -4.08 -0.25 -15.42 -2.55 -0.25 -15.58
4 72 -2.55 -0.25 -15.58 -4.08 -0.25 -15.42 -3.27 -0.25 -16.03 -2.75 -0.25 -16.11
3 0 -2.75 -0.25 -16.11 -2.87 -0.25 -16.27 -2.43 -0.25 -16.3233
4 0 -3.07 -0.25 -16.19 -3.88 -0.25 -16.59 -3.47 -0.25 -16.91 -2.87 -0.25 -16.27
3 0 -4.08 -0.25 -15.42 -4.6 -0.25 -15.9625 -3.27 -0.25 -16.03
4 72 -5.2933 -0.25 -14.6733 -2.27 -0.25 -13.46 -2.19 -0.25 -12.45 -5.96 -0.25 -14.34
4 0 -6.71 -0.25 -14.02 -7.54 -0.25 -14.24 -6.33 -0.25 -14.82 -5.96 -0.25 -14.34
4 72 -7.91 -0.25 -13.68 -6.71 -0.25 -14.02 -10.26 -0.25 -11.33 -10.26 -0.25 -11.37
3 72 -10.26 -0.25 -11.33 -2.19 -0.25 -12.45 -2.17 -0.25 -11.35
4 72 -9.22 -0.25 -13.5 -7.91 -0.25 -13.68 -10.26 -0.25 -11.37 -10.38 -0.25 -12.73
4 72 -10.3 -0.25 -12.93 -10.02 -0.25 -13.25 -9.22 -0.25 -13.5 -10.38 -0.25 -12.73
4 0 -10.5 -0.25 -16.71 -10.4 -0.25 -13.6 -10.98 -0.25 -14.42 -11.14 -0.25 -17.67
4 0 -2.19 -0.25 -10.6 -10.26 -0.25 -10.64 -10.26 -0.25 -11.33 -2.17 -0.25 -11.35
4 330 -10.98 -0.25 -14.42 -10.9 -0.25 -12.21 -11.75 -0.25 -12.57 -11.99 -0.25 -12.93
3 0 -2.17 -0.25 -11.35 -1.59 -0.25 -11.45 -2.19 -0.25 -10.6
3 0 -2.19 -0.25 -12.45 -1.59 -0.25 -11.45 -2.17 -0.25 -11.35
3 0 -3.23 -0.25 9.08 -2.63 -0.25 8.91 -2.57 -0.25 9.56
3 0 -2.63 -0.25 8.91 -2.31 -0.25 8.71 -2.57 -0.25 9.56
3 15 -2.31 -0.25 8.71 -2.59 -0.25 8.39 -2.31 -0.25 8.51
3 0 -2.31 -0.25 8.71 -2.31 -0.25 8.51 -1.55 -0.25 8.67
4 0 -2.95 -0.25 -9.76 -2.67 -0.25 -9.56 -2.59 -0.25 -9.24 -3.59 -0.25 -9.48
4 72 -2.95 -0.25 -9.76 -2.19 -0.25 -10.6 -2.11 -0.25 -10.16 -2.67 -0.25 -9.56
3 72 -2.11 -0.25 -10.16 -2.59 -0.25 -9.24 -2.67 -0.25 -9.56
4 72 -3.51 -0.25 -9.64 -3.59 -0.25 -9.48 -4.68 -0.25 -9.56 -4.76 -0.25 -10
3 72 -2.19 -0.25 -10.6 -2.95 -0.25 -9.76 -3.19 -0.25 -9.8
4 72 -4.76 -0.25 -9.04 -4.64 -0.25 -9.16 -3.59 -0.25 -9 -3.31 -0.25 -8.76
4 72 -3.31 -0.25 -8.76 -3.11 -0.25 -8.72 -5.56 -0.25 -8.96 -4.76 -0.25 -9.04
4 0 -3.11 -0.25 -8.72 -3.31 -0.25 -8.76 -2.71 -0.25 -8.92 -2.91 -0.25 -8.76
3 72 -2.91 -0.25 -8.76 -2.11 -0.25 -8.48 -3.11 -0.25 -8.72
4 72 -2.71 -0.25 -8.92 -2.07 -0.25 -8.92 -2.11 -0.25 -8.48 -2.91 -0.25 -8.76
4 0 -2.71 -0.25 -8.92 -3.59 -0.25 -9.48 -2.59 -0.25 -9.24 -2.59 -0.25 -9.16
3 72 -2.59 -0.25 -9.16 -2.07 -0.25 -8.92 -2.71 -0.25 -8.92
4 72 -2.19 -0.25 -1.73 -2.75 -0.25 -2.37 -2.75 -0.25 -2.57 -2.67 -0.25 -5.66
3 72 -3.31 -0.25 -6.27 -2.11 -0.25 -7.23 -2.99 -0.25 -6.23
4 72 -3.55 -0.25 -6.15 -11.14 -0.25 -7.71 -2.19 -0.25 -7.71 -3.31 -0.25 -6.27
4 72 -9.02 -0.25 -4.22 -11.1 -0.25 -5.94 -11.18 -0.25 -6.75 -11.14 -0.25 -7.71
4 0 -3.55 -0.25 -6.15 -3.31 -0.25 -6.27 -2.99 -0.25 -6.23 -3.71 -0.25 -5.62
4 72 -11.14 -0.25 -7.71 -3.55 -0.25 -6.15 -3.71 -0.25 -5.9 -9.02 -0.25 -4.22
3 0 -3.71 -0.25 -5.9 -3.55 -0.25 -6.15 -3.71 -0.25 -5.62
4 72 -6.73 -0.25 -2.41 -7.01 -0.25 -2.69 -3.8 -0.25 -2.69 -5.88 -0.25 -1.65
4 72 -8.45 -0.25 -3.9 -3.71 -0.25 -5.9 -3.71 -0.25 -5.62 -7.97 -0.25 -3.52
3 0 -3.27 -0.25 -5.22 -3.59 -0.25 -5.34 -3.71 -0.25 -5.62
4 72 -3.23 -0.25 -3.01 -3.27 -0.25 -5.22 -2.99 -0.25 -5.26 -2.91 -0.25 -2.89
3 0 -2.79 -0.25 -5.42 -3.71 -0.25 -5.62 -2.99 -0.25 -6.23
3 72 -2.79 -0.25 -5.42 -2.91 -0.25 -2.89 -2.99 -0.25 -5.26
3 72 -2.67 -0.25 -5.66 -2.71 -0.25 -5.94 -2.11 -0.25 -7.23
3 72 -2.67 -0.25 -5.66 -2.11 -0.25 -7.23 -2.19 -0.25 -1.73
4 72 -3.51 -0.25 -2.97 -3.59 -0.25 -5.34 -3.27 -0.25 -5.22 -3.23 -0.25 -3.01
4 0 -3.67 -0.25 -2.13 -3.23 -0.25 -3.01 -2.91 -0.25 -2.13 -3.11 -0.25 -1.97
4 72 -7.29 -0.25 -2.93 -3.71 -0.25 -5.62 -3.59 -0.25 -5.34 -7.01 -0.25 -2.69
3 0 -3.8 -0.25 -2.69 -3.67 -0.25 -2.13 -3.84 -0.25 -2.41
4 72 -3.67 -0.25 -2.13 -4.36 -0.25 -0.36 -5.72 -0.25 -1.49 -3.84 -0.25 -2.41
4 72 -3.55 -0.25 -0.97 -4.36 -0.25 -0.36 -3.67 -0.25 -2.13 -3.47 -0.25 -1.97
4 72 -2.87 -0.25 -1.33 -3.55 -0.25 -0.97 -3.47 -0.25 -1.97 -3.11 -0.25 -1.97
3 0 -3.67 -0.25 -2.13 -3.11 -0.25 -1.97 -3.47 -0.25 -1.97
4 72 -2.91 -0.25 -2.13 -2.31 -0.25 -1.49 -2.87 -0.25 -1.33 -3.11 -0.25 -1.97
3 72 -2.91 -0.25 -2.13 -2.75 -0.25 -2.37 -2.19 -0.25 -1.73
3 0 -2.91 -0.25 -2.13 -2.75 -0.25 -2.57 -2.75 -0.25 -2.37
4 72 -5.28 -0.25 6.71 -6.49 -0.25 7.43 -6.37 -0.25 6.34 -5.04 -0.25 5.22
3 15 -3.59 -0.25 5.58 -3.96 -0.25 5.74 -3.67 -0.25 4.94
4 0 -4.2 -0.25 10.28 -4.76 -0.25 10.2 -4.16 -0.25 9.72 -3.76 -0.25 10.04
4 0 -5.4 -0.25 7.71 -4.32 -0.25 7.19 -4.68 -0.25 8.47 -5.48 -0.25 9.24
4 72 -5.92 -0.25 10.16 -6.49 -0.25 9.92 -5.48 -0.25 9.24 -5.56 -0.25 10.2
4 0 -4.76 -0.25 10.2 -4.56 -0.25 10.52 -4.88 -0.25 10.84 -4.88 -0.25 10.16
4 0 -4.88 -0.25 10.16 -5.56 -0.25 10.2 -5.48 -0.25 9.24 -4.8 -0.25 9.24
3 0 -3.84 -0.25 9.44 -3.76 -0.25 10.04 -4.16 -0.25 9.72
3 15 -3.84 -0.25 9.44 -4.16 -0.25 9.72 -4.8 -0.25 9.24
3 15 -3.67 -0.25 9.32 -3.84 -0.25 9.44 -3.67 -0.25 9.16
4 0 -4.76 -0.25 28.47 -4.68 -0.25 27.55 -4.32 -0.25 27.79 -4.52 -0.25 28.79
4 71 -4.6 -0.25 29.68 -4.52 -0.25 28.79 -3.23 -0.25 29.88 -4.48 -0.25 29.96
3 0 -4.48 -0.25 29.96 -4.84 -0.25 29.76 -4.6 -0.25 29.68
3 0 -3.92 -0.25 30.36 -4.72 -0.25 30.52 -4.48 -0.25 29.96
3 71 -3.92 -0.25 30.36 -4.48 -0.25 29.96 -3.23 -0.25 29.88
3 0 -3.19 -0.25 30.48 -3.15 -0.25 30.32 -2.79 -0.25 30.32
3 0 -3.19 -0.25 30.48 -2.95 -0.25 31.12 -3.43 -0.25 31.12
4 15 -8.29 -0.25 9.48 -7.37 -0.25 8.71 -6.97 -0.25 9.16 -8.13 -0.25 10.36
4 15 -6.57 -0.25 10.88 -6.49 -0.25 9.92 -5.92 -0.25 10.16 -5.6 -0.25 10.48
3 72 -5.56 -0.25 10.2 -5.68 -0.25 10.28 -5.92 -0.25 10.16
4 0 -5.6 -0.25 10.48 -5.56 -0.25 10.2 -4.88 -0.25 10.16 -4.88 -0.25 10.84
3 15 -5.68 -0.25 10.28 -5.6 -0.25 10.48 -5.92 -0.25 10.16
3 72 -5.6 -0.25 10.48 -5.68 -0.25 10.28 -5.56 -0.25 10.2
4 72 -5.4 -0.25 7.71 -6.55 -0.25 9.28 -6.49 -0.25 7.43 -5.28 -0.25 6.71
3 0 -4.8 -0.25 9.24 -5.48 -0.25 9.24 -4.68 -0.25 8.47
4 0 -6.49 -0.25 7.43 -6.93 -0.25 8.15 -6.85 -0.25 6.75 -6.37 -0.25 6.34
4 0 -3.96 -0.25 5.74 -4.32 -0.25 7.03 -5.28 -0.25 6.71 -5.04 -0.25 5.22
4 72 -5.04 -0.25 5.22 -6.37 -0.25 6.34 -6.16 -0.25 5.14 -5 -0.25 4.82
4 72 -5 -0.25 4.82 -6.16 -0.25 5.14 -6.08 -0.25 4.5 -5.8 -0.25 3.41
3 0 -5 -0.25 4.82 -4.12 -0.25 4.01 -3.67 -0.25 4.94
4 0 -6.08 -0.25 4.5 -6.53 -0.25 4.46 -6.45 -0.25 3.73 -5.8 -0.25 3.41
4 0 -5.8 -0.25 3.41 -6.45 -0.25 3.73 -6.16 -0.25 2.77 -5.72 -0.25 3.01
3 0 -6.04 -0.25 2.33 -5.76 -0.25 1.69 -5.4 -0.25 2.13
4 0 -3.51 -0.25 1.97 -3.67 -0.25 2.49 -4.32 -0.25 2.17 -4.08 -0.25 1.48
4 0 -5.4 -0.25 2.13 -5.76 -0.25 1.69 -5.64 -0.25 1.4 -5 -0.25 1.36
4 0 -4.68 -0.25 0.92 -5.4 -0.25 0.96 -4.92 -0.25 0.24 -4.32 -0.25 0.48
4 0 -4.32 -0.25 0.48 -4.92 -0.25 0.24 -4.68 -0.25 -0.04 -4.36 -0.25 -0.36
4 0 -2.87 -0.25 0.6 -3.51 -0.25 0.2 -3.23 -0.25 -0.2 -2.59 -0.25 0.16
3 0 -3.23 -0.25 -0.2 -3.27 -0.25 -0.32 -2.59 -0.25 0.16
4 0 -3.55 -0.25 -0.28 -4.36 -0.25 -0.36 -3.55 -0.25 -0.97 -3.27 -0.25 -0.32
3 72 -3.27 -0.25 -0.32 -3.23 -0.25 -0.2 -3.55 -0.25 -0.28
3 0 -4.32 -0.25 0.48 -4.36 -0.25 -0.36 -3.55 -0.25 -0.28
3 72 -4.68 -0.25 0.92 -3.84 -0.25 0.88 -4.08 -0.25 1.48
3 72 -4.32 -0.25 2.17 -5.4 -0.25 2.13 -5 -0.25 1.36
3 72 -4.68 -0.25 3.45 -5.72 -0.25 3.01 -4.6 -0.25 3.09
4 0 -6.97 -0.25 9.16 -6.55 -0.25 9.28 -6.49 -0.25 9.92 -7.05 -0.25 10.88
4 72 -6.55 -0.25 9.28 -5.4 -0.25 7.71 -5.48 -0.25 9.24 -6.49 -0.25 9.92
4 71 -5.76 -0.25 29.76 -6.12 -0.25 28.19 -4.76 -0.25 28.47 -4.84 -0.25 29.76
4 72 -7.29 -0.25 26.54 -7.49 -0.25 26.46 -7.57 -0.25 25.46 -7.21 -0.25 25.06
4 72 -4.6 -0.25 27.11 -5.56 -0.25 26.75 -5.32 -0.25 26.26 -4.36 -0.25 26.38
3 71 -4.8 -0.25 27.39 -5.92 -0.25 27.71 -5.76 -0.25 27.27
4 0 -3.92 -0.25 26.34 -4.32 -0.25 27.55 -4.6 -0.25 27.11 -4.36 -0.25 26.38
4 72 -3.96 -0.25 25.5 -4.28 -0.25 26.14 -4.88 -0.25 25.46 -4.44 -0.25 25.02
4 0 -3.96 -0.25 25.5 -3.51 -0.25 25.58 -3.92 -0.25 26.34 -4.28 -0.25 26.14
3 0 -4.36 -0.25 26.38 -4.28 -0.25 26.14 -3.92 -0.25 26.34
4 0 -3.88 -0.25 24.74 -4.44 -0.25 25.02 -4.64 -0.25 24.58 -4.68 -0.25 24.46
3 72 -3.96 -0.25 25.5 -4.44 -0.25 25.02 -3.88 -0.25 24.74
4 0 -3.71 -0.25 24.06 -3.63 -0.25 24.74 -3.88 -0.25 24.74 -4.68 -0.25 24.46
4 0 -4.6 -0.25 23.85 -3.71 -0.25 24.06 -4.68 -0.25 24.46 -5.24 -0.25 24.18
4 0 -5.04 -0.25 23.57 -5.24 -0.25 24.18 -5.72 -0.25 23.73 -5.36 -0.25 23.17
4 72 -6.49 -0.25 24.14 -5.72 -0.25 23.73 -5.24 -0.25 24.18 -5.4 -0.25 25.22
4 72 -5.56 -0.25 26.75 -4.6 -0.25 27.11 -4.8 -0.25 27.39 -5.76 -0.25 27.27
4 0 -6.24 -0.25 23.13 -5.36 -0.25 23.17 -5.8 -0.25 23.53 -6.04 -0.25 23.53
3 15 -7.09 -0.25 16.63 -4.32 -0.25 18.15 -4.56 -0.25 18.55
4 15 -4.6 -0.25 19.48 -4.56 -0.25 18.83 -4.4 -0.25 18.87 -4.16 -0.25 19.4
4 15 -4.4 -0.25 18.87 -4.28 -0.25 18.39 -3.92 -0.25 18.63 -4.16 -0.25 19.4
3 72 -4.28 -0.25 18.39 -4.56 -0.25 18.55 -4.32 -0.25 18.15
4 15 -3.88 -0.25 18.07 -3.43 -0.25 18.15 -3.92 -0.25 18.63 -4.28 -0.25 18.39
3 72 -3.88 -0.25 18.07 -3.96 -0.25 17.99 -3.88 -0.25 17.99
4 72 -8.01 -0.25 21.73 -7.77 -0.25 21.36 -6.24 -0.25 21.77 -6.16 -0.25 22.81
4 0 -8.9 -0.25 26.42 -8.61 -0.25 26.46 -8.73 -0.25 26.75 -9.02 -0.25 27.27
4 0 -7.01 -0.25 28.47 -6.61 -0.25 27.83 -6.61 -0.25 28.83 -6.85 -0.25 28.99
4 0 -8.9 -0.25 29.4 -9.78 -0.25 28.51 -9.38 -0.25 28.03 -8.45 -0.25 28.95
4 71 -7.13 -0.25 26.91 -8.29 -0.25 26.59 -7.49 -0.25 26.46 -7.29 -0.25 26.54
4 72 -7.29 -0.25 26.54 -6.12 -0.25 26.54 -6.49 -0.25 27.19 -6.77 -0.25 27.15
3 72 -7.29 -0.25 26.54 -6.77 -0.25 27.15 -7.13 -0.25 26.91
4 71 -9.02 -0.25 27.27 -8.29 -0.25 26.59 -7.13 -0.25 26.91 -7.01 -0.25 28.47
3 72 -6.49 -0.25 27.19 -6.12 -0.25 26.54 -6.45 -0.25 27.35
4 0 -6.45 -0.25 27.35 -6.12 -0.25 26.54 -5.56 -0.25 26.75 -5.76 -0.25 27.27
4 71 -6.77 -0.25 27.15 -6.49 -0.25 27.19 -6.45 -0.25 27.35 -6.53 -0.25 27.63
3 0 -5.56 -0.25 26.75 -6.12 -0.25 26.54 -5.32 -0.25 26.26
3 72 -6.16 -0.25 23.73 -5.72 -0.25 23.73 -6.49 -0.25 24.14
4 0 -4.64 -0.25 24.58 -4.44 -0.25 25.02 -4.88 -0.25 25.46 -5.4 -0.25 25.22
3 0 -4.88 -0.25 25.46 -5.64 -0.25 25.5 -5.4 -0.25 25.22
4 72 -5.24 -0.25 24.18 -4.68 -0.25 24.46 -4.64 -0.25 24.58 -5.4 -0.25 25.22
3 0 -5.24 -0.25 24.18 -5.04 -0.25 23.57 -4.6 -0.25 23.85
4 72 -5.72 -0.25 23.73 -6.16 -0.25 23.73 -6.04 -0.25 23.53 -5.8 -0.25 23.53
4 0 -6.16 -0.25 22.81 -5.56 -0.25 22.65 -5.36 -0.25 23.17 -6.24 -0.25 23.13
3 0 -5.72 -0.25 23.73 -5.8 -0.25 23.53 -5.36 -0.25 23.17
4 0 -6.85 -0.25 24.06 -6.57 -0.25 23.69 -6.49 -0.25 24.14 -6.85 -0.25 24.62
4 0 -5.64 -0.25 22.09 -5.56 -0.25 22.65 -6.16 -0.25 22.81 -6.24 -0.25 21.77
3 72 -6.85 -0.25 24.62 -6.49 -0.25 24.14 -5.4 -0.25 25.22
4 0 -6.57 -0.25 23.69 -6.04 -0.25 23.53 -6.16 -0.25 23.73 -6.49 -0.25 24.14
4 72 -7.21 -0.25 25.06 -5.64 -0.25 25.5 -6.12 -0.25 26.54 -7.29 -0.25 26.54
4 72 -8.01 -0.25 21.73 -6.16 -0.25 22.81 -6.24 -0.25 23.13 -6.57 -0.25 23.69
4 72 -7.57 -0.25 25.46 -7.49 -0.25 26.46 -8.29 -0.25 26.59 -8.53 -0.25 26.42
4 0 -7.89 -0.25 25.18 -7.21 -0.25 25.06 -7.57 -0.25 25.46 -8.49 -0.25 25.86
3 72 -8.29 -0.25 26.59 -8.61 -0.25 26.46 -8.53 -0.25 26.42
4 0 -6.45 -0.25 27.35 -5.76 -0.25 27.27 -5.92 -0.25 27.71 -6.53 -0.25 27.63
4 71 -7.13 -0.25 26.91 -6.77 -0.25 27.15 -6.61 -0.25 27.83 -7.01 -0.25 28.47
4 0 -6.61 -0.25 27.83 -5.92 -0.25 27.71 -6.12 -0.25 28.19 -6.61 -0.25 28.83
4 71 -6.85 -0.25 28.99 -6.61 -0.25 28.83 -6.49 -0.25 29.64 -6.85 -0.25 29.28
4 71 -7.09 -0.25 30 -6.97 -0.25 31.24 -8.41 -0.25 29.68 -7.33 -0.25 29.68
3 71 -8.73 -0.25 26.75 -8.61 -0.25 26.46 -8.29 -0.25 26.59
4 0 -6.49 -0.25 29.64 -6.77 -0.25 30.16 -6.93 -0.25 30.04 -6.85 -0.25 29.28
4 0 -7.61 -0.25 28.91 -6.85 -0.25 29.28 -7.33 -0.25 29.68 -8.17 -0.25 29.08
4 0 -4.96 -0.25 30.4 -5.92 -0.25 30.4 -5.76 -0.25 29.76 -4.84 -0.25 29.76
4 0 -4.52 -0.25 28.79 -4.6 -0.25 29.68 -4.84 -0.25 29.76 -4.76 -0.25 28.47
3 71 -6.12 -0.25 28.19 -5.92 -0.25 27.71 -4.76 -0.25 28.47
4 72 -5.92 -0.25 -10.04 -5.04 -0.25 -10.12 -5 -0.25 -9.32 -9.18 -0.25 -9.04
4 0 -5.92 -0.25 -10.04 -6.77 -0.25 -10.24 -5.2 -0.25 -10.32 -5.04 -0.25 -10.12
3 0 -8.69 -0.25 -9.68 -6.77 -0.25 -10.24 -5.92 -0.25 -10.04
3 72 -8.69 -0.25 -9.68 -5.92 -0.25 -10.04 -9.18 -0.25 -9.04
3 0 -9.26 -0.25 -9.6 -9.3 -0.25 -10.04 -9.02 -0.25 -9.68
3 0 -9.74 -0.25 -9.56 -9.26 -0.25 -9.6 -9.34 -0.25 -9.52
4 0 -9.74 -0.25 -9.56 -9.34 -0.25 -9.52 -9.34 -0.25 -9.2 -9.66 -0.25 -8.6
4 0 -9.34 -0.25 -9.2 -9.18 -0.25 -9.04 -8.78 -0.25 -8.56 -9.66 -0.25 -8.6
3 0 -8.73 -0.25 -8.6 -8.78 -0.25 -8.56 -9.18 -0.25 -9.04
3 0 -5.56 -0.25 -8.96 -8.73 -0.25 -8.6 -9.18 -0.25 -9.04
3 0 -4.88 -0.25 -9.4 -4.76 -0.25 -9.04 -5 -0.25 -9.32
3 0 -4.88 -0.25 -9.4 -4.92 -0.25 -10 -4.68 -0.25 -9.56
4 15 -8.65 -0.25 4.62 -8.29 -0.25 6.18 -9.02 -0.25 5.3 -9.38 -0.25 3.37
4 72 -7.89 -0.25 18.31 -7.77 -0.25 18.23 -7.73 -0.25 18.31 -8.1967 -0.25 18.8167
4 330 -7.85 -0.25 11.85 -7.97 -0.25 11.4 -7.49 -0.25 11.44 -7.61 -0.25 12.41
3 71 -9.38 -0.25 12.41 -9.06 -0.25 11.52 -7.85 -0.25 11.85
3 71 -8.21 -0.25 11.28 -7.97 -0.25 11.4 -7.85 -0.25 11.85
4 71 -8.86 -0.25 13.05 -7.85 -0.25 11.85 -7.61 -0.25 12.41 -7.53 -0.25 12.69
4 0 -7.37 -0.25 14.1 -7.09 -0.25 13.65 -6.89 -0.25 13.65 -6.77 -0.25 14.38
4 71 -7.77 -0.25 13.41 -8.86 -0.25 13.05 -7.53 -0.25 12.69 -7.37 -0.25 12.97
4 71 -7.13 -0.25 13.29 -6.73 -0.25 13.45 -7.09 -0.25 13.65 -7.77 -0.25 13.41
4 0 -6.33 -0.25 13.89 -6.89 -0.25 13.65 -6.73 -0.25 13.45 -5.68 -0.25 13.49
3 330 -6.73 -0.25 13.45 -7.13 -0.25 13.29 -6.37 -0.25 13.17
4 330 -6.85 -0.25 11.52 -6.37 -0.25 13.17 -7.53 -0.25 12.69 -7.61 -0.25 12.41
3 0 -5.56 -0.25 12.77 -5.44 -0.25 13.41 -6.37 -0.25 13.17
3 0 -5.6 -0.25 10.48 -4.88 -0.25 10.84 -5.6 -0.25 10.88
4 330 -5.12 -0.25 11.73 -5.2 -0.25 12.65 -5.56 -0.25 12.77 -5.24 -0.25 11.52
3 0 -5.12 -0.25 11.73 -5.24 -0.25 11.52 -4.52 -0.25 11.69
3 330 -7.49 -0.25 11.44 -6.85 -0.25 11.52 -7.61 -0.25 12.41
4 0 -5.6 -0.25 10.88 -5.24 -0.25 11.52 -6.85 -0.25 11.52 -6.57 -0.25 10.88
3 0 -6.57 -0.25 10.88 -7.05 -0.25 10.88 -6.49 -0.25 9.92
3 15 -6.57 -0.25 10.88 -5.6 -0.25 10.48 -5.6 -0.25 10.88
4 72 -5.88 -0.25 -1.65 -3.8 -0.25 -2.69 -3.84 -0.25 -2.41 -5.72 -0.25 -1.49
4 72 -10.46 -0.25 -2.45 -8.13 -0.25 -3.21 -7.69 -0.25 -2.81 -10.14 -0.25 -0.84
4 0 -8.45 -0.25 -3.9 -8.41 -0.25 -3.46 -8.715 -0.25 -3.68 -9.02 -0.25 -4.22
3 72 -7.29 -0.25 -2.93 -7.97 -0.25 -3.52 -3.71 -0.25 -5.62
4 72 -9.18 -0.25 -3.94 -8.715 -0.25 -3.68 -10.46 -0.25 -2.45 -9.78 -0.25 -4.22
4 72 -10.82 -0.25 -4.42 -11.1 -0.25 -5.94 -10.1 -0.25 -4.46 -10.06 -0.25 -4.34
3 72 -3.71 -0.25 -5.9 -8.45 -0.25 -3.9 -9.02 -0.25 -4.22
4 0 -9.02 -0.25 -4.22 -9.18 -0.25 -3.94 -9.78 -0.25 -4.22 -9.94 -0.25 -4.46
4 0 -9.94 -0.25 -4.46 -9.78 -0.25 -4.22 -10.06 -0.25 -4.34 -10.1 -0.25 -4.46
3 72 -9.02 -0.25 -4.22 -9.94 -0.25 -4.46 -11.1 -0.25 -5.94
4 72 -10.06 -0.25 -4.34 -9.78 -0.25 -4.22 -10.46 -0.25 -2.45 -10.82 -0.25 -4.42
3 72 -11.1 -0.25 -5.94 -9.94 -0.25 -4.46 -10.1 -0.25 -4.46
3 0 -9.18 -0.25 -3.94 -9.02 -0.25 -4.22 -8.715 -0.25 -3.68
4 72 -10.46 -0.25 -2.45 -8.715 -0.25 -3.68 -8.41 -0.25 -3.46 -8.13 -0.25 -3.21
4 0 -7.69 -0.25 -2.81 -8.13 -0.25 -3.21 -7.97 -0.25 -3.52 -7.29 -0.25 -2.93
3 72 -7.33 -0.25 -2.49 -10.14 -0.25 -0.84 -7.69 -0.25 -2.81
3 72 -9.44 -0.25 1.345 -9.82 -0.25 0.08 -6.45 -0.25 -1.81
4 0 -5.84 -0.25 -1.41 -6.45 -0.25 -1.81 -5.88 -0.25 -1.65 -5.72 -0.25 -1.49
4 72 -5.4 -0.25 0.96 -6.45 -0.25 -1.81 -5.84 -0.25 -1.41 -4.92 -0.25 0.24
3 0 -5.72 -0.25 -1.41 -5.84 -0.25 -1.41 -5.72 -0.25 -1.49
4 0 -8.9 -0.25 26.42 -8.49 -0.25 25.86 -7.57 -0.25 25.46 -8.53 -0.25 26.42
3 0 -8.53 -0.25 26.42 -8.61 -0.25 26.46 -8.9 -0.25 26.42
3 72 -9.02 -0.25 26.18 -8.49 -0.25 25.86 -8.9 -0.25 26.42
4 72 -8.49 -0.25 25.86 -9.02 -0.25 26.18 -9.9 -0.25 25.14 -7.89 -0.25 25.18
3 0 -7.21 -0.25 24.5 -7.21 -0.25 25.06 -7.89 -0.25 25.18
4 72 -6.85 -0.25 24.06 -7.21 -0.25 24.5 -8.78 -0.25 22.45 -6.57 -0.25 23.69
4 72 -6.49 -0.25 20.68 -6.33 -0.25 21 -7.53 -0.25 20.96 -6.69 -0.25 20.52
3 0 -6.57 -0.25 23.69 -6.24 -0.25 23.13 -6.04 -0.25 23.53
4 0 -5.68 -0.25 21.48 -5.64 -0.25 22.09 -6.24 -0.25 21.77 -6.33 -0.25 21
4 72 -6.97 -0.25 20.4 -6.69 -0.25 20.52 -7.53 -0.25 20.96 -7.21 -0.25 20.4
4 0 -5.76 -0.25 20.76 -5.68 -0.25 21.48 -6.33 -0.25 21 -6.49 -0.25 20.68
4 0 -7.05 -0.25 19.64 -6.97 -0.25 20.4 -7.21 -0.25 20.4 -7.8633 -0.25 20.3067
4 0 -7.09 -0.25 16.63 -7.05 -0.25 19.64 -7.65 -0.25 19.64 -7.73 -0.25 18.31
3 72 -8.78 -0.25 22.45 -8.01 -0.25 21.73 -6.57 -0.25 23.69
4 72 -7.73 -0.25 18.31 -7.65 -0.25 19.64 -7.8633 -0.25 20.3067 -8.1967 -0.25 18.8167
4 72 -9.02 -0.25 22.61 -8.78 -0.25 22.45 -7.21 -0.25 24.5 -9.3 -0.25 22.81
4 72 -7.8633 -0.25 20.3067 -8.86 -0.25 20.16 -8.86 -0.25 19.52 -8.1967 -0.25 18.8167
3 72 -7.89 -0.25 25.18 -9.3 -0.25 22.81 -7.21 -0.25 24.5
4 0 -10.46 -0.25 24.62 -9.82 -0.25 24.18 -9.9 -0.25 25.14 -10.04 -0.25 25.26
4 71 -13.35 -0.25 23.29 -10.3 -0.25 23.25 -10.46 -0.25 24.06 -12.99 -0.25 24.46
4 71 -10.98 -0.25 25.62 -10.86 -0.25 25.62 -10.82 -0.25 25.74 -11.59 -0.25 25.98
4 0 -10.3 -0.25 26.67 -10.84 -0.25 26.95 -10.94 -0.25 26.38 -10.34 -0.25 26.14
3 72 -9.82 -0.25 24.18 -9.7 -0.25 23.33 -9.46 -0.25 22.93
3 72 -9.82 -0.25 24.18 -7.89 -0.25 25.18 -9.9 -0.25 25.14
3 72 -9.9 -0.25 25.14 -9.02 -0.25 26.18 -10.04 -0.25 25.26
3 71 -8.29 -0.25 26.59 -9.02 -0.25 27.27 -8.73 -0.25 26.75
4 71 -8.41 -0.25 29.68 -7.29 -0.25 31.7833 -7.69 -0.25 32.49 -7.97 -0.25 32.93
4 0 -6.5833 -0.25 31.5525 -7.05 -0.25 32.37 -7.29 -0.25 31.7833 -6.97 -0.25 31.24
4 71 -9.38 -0.25 27.35 -9.5 -0.25 27.75 -9.62 -0.25 27.75 -10.02 -0.25 27.23
4 71 -8.9 -0.25 29.4 -7.97 -0.25 32.93 -12.29 -0.25 32.79 -12.63 -0.25 31.99
4 0 -8.17 -0.25 29.08 -7.33 -0.25 29.68 -8.41 -0.25 29.68 -8.45 -0.25 28.95
4 0 -6.85 -0.25 28.99 -6.85 -0.25 29.28 -7.61 -0.25 28.91 -7.01 -0.25 28.47
3 71 -9.02 -0.25 27.27 -7.01 -0.25 28.47 -7.61 -0.25 28.91
3 71 -6.61 -0.25 27.83 -6.77 -0.25 27.15 -6.53 -0.25 27.63
3 0 -6.61 -0.25 27.83 -6.53 -0.25 27.63 -5.92 -0.25 27.71
3 0 -6.49 -0.25 29.64 -6.165 -0.25 30.8 -6.49 -0.25 30.24
3 0 -6.77 -0.25 30.16 -6.49 -0.25 29.64 -6.49 -0.25 30.24
4 0 -6.5833 -0.25 31.5525 -6.97 -0.25 31.24 -6.77 -0.25 30.84 -6.165 -0.25 30.8
4 0 -7.33 -0.25 29.68 -6.85 -0.25 29.28 -6.93 -0.25 30.04 -7.09 -0.25 30
3 0 -8.9 -0.25 29.4 -8.45 -0.25 28.95 -8.41 -0.25 29.68
4 0 -9.62 -0.25 27.75 -9.38 -0.25 27.91 -9.38 -0.25 28.03 -10.1 -0.25 28.11
4 71 -10.42 -0.25 27.75 -13.42 -0.25 30.35 -13.7567 -0.25 29.7867 -13.25 -0.25 27.15
3 0 -9.78 -0.25 28.51 -10.1 -0.25 28.11 -9.38 -0.25 28.03
4 71 -14 -0.25 29.24 -13.77 -0.25 27.51 -13.25 -0.25 27.15 -13.7567 -0.25 29.7867
4 71 -10.54 -0.25 27.55 -10.42 -0.25 27.75 -13.25 -0.25 27.15 -12.73 -0.25 26.79
4 0 -9.62 -0.25 27.75 -10.1 -0.25 28.11 -10.42 -0.25 27.75 -10.54 -0.25 27.55
4 0 -10.02 -0.25 27.23 -9.62 -0.25 27.75 -10.54 -0.25 27.55 -10.84 -0.25 26.95
4 71 -11.59 -0.25 25.98 -10.94 -0.25 26.38 -10.84 -0.25 26.95 -12.19 -0.25 26.42
4 0 -10.04 -0.25 25.26 -10.14 -0.25 25.58 -10.86 -0.25 25.62 -11.14 -0.25 25.06
4 71 -9.5 -0.25 12.61 -8.86 -0.25 13.05 -9.22 -0.25 12.93 -9.9 -0.25 12.69
3 71 -11.59 -0.25 25.98 -10.82 -0.25 25.74 -10.94 -0.25 26.38
4 71 -12.99 -0.25 24.46 -10.46 -0.25 24.06 -11.14 -0.25 25.06 -11.95 -0.25 25.58
4 0 -10.3 -0.25 23.25 -10.1 -0.25 22.81 -9.7 -0.25 23.33 -9.82 -0.25 24.18
4 71 -12.73 -0.25 26.79 -12.19 -0.25 26.42 -10.84 -0.25 26.95 -10.54 -0.25 27.55
4 71 -11.18 -0.25 18.95 -10.98 -0.25 19.92 -11.22 -0.25 20.04 -11.99 -0.25 20.28
4 0 -11.59 -0.25 25.98 -12.19 -0.25 26.42 -12.23 -0.25 25.78 -11.95 -0.25 25.58
3 71 -10.86 -0.25 24.86 -10.46 -0.25 24.06 -10.46 -0.25 24.62
4 0 -12.59 -0.25 26.02 -12.19 -0.25 26.42 -12.73 -0.25 26.79 -12.71 -0.25 25.98
4 0 -8.01 -0.25 21.73 -8.78 -0.25 22.45 -8.5833 -0.25 21.4433 -7.77 -0.25 21.36
4 0 -13.35 -0.25 26.54 -12.73 -0.25 26.79 -13.25 -0.25 27.15 -13.67 -0.25 26.79
4 0 -7.77 -0.25 14.98 -7.57 -0.25 14.22 -7.41 -0.25 14.22 -7.09 -0.25 15.06
3 71 -14 -0.25 27.75 -13.77 -0.25 27.51 -14 -0.25 29.24
4 72 -9.34 -0.25 21.16 -8.5833 -0.25 21.4433 -9.1 -0.25 22.05 -9.38 -0.25 22.17
3 0 -14 -0.25 29.24 -15 -0.25 35.33 -14 -0.25 27.75
4 0 -13.96 -0.25 30.8 -15 -0.25 35.33 -14 -0.25 29.24 -13.7567 -0.25 29.7867
3 0 -8.9 -0.25 34.3 -6.37 -0.25 34.3 -15 -0.25 35.33
4 71 -13.42 -0.25 30.35 -10.42 -0.25 27.75 -10.1 -0.25 28.11 -9.78 -0.25 28.51
4 0 -13.35 -0.25 31.63 -13.63 -0.25 31.08 -12.99 -0.25 31.2 -12.63 -0.25 31.99
3 71 -12.99 -0.25 31.2 -8.9 -0.25 29.4 -12.63 -0.25 31.99
4 0 -12.99 -0.25 32.39 -13.35 -0.25 31.63 -12.63 -0.25 31.99 -12.29 -0.25 32.79
4 71 -12.29 -0.25 32.79 -7.97 -0.25 32.93 -8.2767 -0.25 33.5033 -11.91 -0.25 33.81
4 0 -13.96 -0.25 30.8 -13.7567 -0.25 29.7867 -13.42 -0.25 30.35 -13.76 -0.25 30.8
4 0 -8.2767 -0.25 33.5033 -7.97 -0.25 32.93 -7.65 -0.25 33.53 -7.93 -0.25 34.01
4 0 -12.27 -0.25 33.9067 -12.29 -0.25 32.79 -11.91 -0.25 33.81 -11.75 -0.25 34.26
4 71 -11.63 -0.25 34.3 -11.75 -0.25 34.26 -11.91 -0.25 33.81 -8.69 -0.25 34.22
4 71 -12.27 -0.25 33.9067 -12.27 -0.25 34.3 -13.88 -0.25 34.3 -12.65 -0.25 33.11
4 0 -11.75 -0.25 34.26 -11.63 -0.25 34.3 -12.27 -0.25 34.3 -12.19 -0.25 34.22
3 0 -11.63 -0.25 34.3 -8.9 -0.25 34.3 -15 -0.25 35.33
4 0 -8.2767 -0.25 33.5033 -7.93 -0.25 34.01 -7.97 -0.25 34.22 -8.69 -0.25 34.22
3 0 -8.69 -0.25 34.22 -7.97 -0.25 34.22 -8.9 -0.25 34.3
3 71 -11.63 -0.25 34.3 -8.69 -0.25 34.22 -8.9 -0.25 34.3
3 71 -11.91 -0.25 33.81 -8.2767 -0.25 33.5033 -8.69 -0.25 34.22
4 0 -7.41 -0.25 33.05 -7.65 -0.25 33.53 -7.97 -0.25 32.93 -7.69 -0.25 32.49
3 71 -8.41 -0.25 29.68 -7.97 -0.25 32.93 -8.9 -0.25 29.4
3 0 -7.21 -0.25 32.71 -7.41 -0.25 33.05 -7.69 -0.25 32.49
3 71 -6.97 -0.25 31.24 -7.29 -0.25 31.7833 -8.41 -0.25 29.68
3 71 -6.77 -0.25 30.84 -6.97 -0.25 31.24 -7.09 -0.25 30
4 71 -6.49 -0.25 30.44 -6.77 -0.25 30.84 -6.77 -0.25 30.16 -6.49 -0.25 30.24
3 0 -6.165 -0.25 30.8 -6.77 -0.25 30.84 -6.49 -0.25 30.44
3 0 -6.165 -0.25 30.8 -6.49 -0.25 30.44 -6.49 -0.25 30.24
4 71 -9.38 -0.25 18.39 -9.58 -0.25 19.44 -9.82 -0.25 19.56 -10.86 -0.25 19.03
4 0 -7.57 -0.25 14.1 -8.25 -0.25 14.06 -7.77 -0.25 13.41 -7.45 -0.25 14.06
3 71 -9.9 -0.25 12.69 -9.78 -0.25 12.53 -9.5 -0.25 12.61
4 330 -9.62 -0.25 11.44 -9.02 -0.25 11 -9.06 -0.25 11.52 -9.38 -0.25 12.41
4 0 -13.8 -0.25 23.25 -13.51 -0.25 22.85 -13.35 -0.25 23.29 -13.71 -0.25 23.49
4 330 -9.38 -0.25 12.41 -9.5 -0.25 12.61 -9.78 -0.25 12.53 -10.02 -0.25 11.85
4 0 -13.35 -0.25 25.46 -13.47 -0.25 24.58 -12.99 -0.25 24.46 -12.75 -0.25 25.62
3 330 -9.38 -0.25 12.41 -10.02 -0.25 11.85 -9.62 -0.25 11.44
3 71 -8.78 -0.25 10.76 -8.21 -0.25 11.28 -9.02 -0.25 11
4 0 -7.49 -0.25 11.44 -7.97 -0.25 11.4 -8.21 -0.25 11.28 -7.89 -0.25 10.84
4 0 -7.77 -0.25 16.02 -7.77 -0.25 15.18 -7.09 -0.25 15.06 -7.09 -0.25 16.63
4 71 -9.74 -0.25 13.17 -9.06 -0.25 13.41 -9.86 -0.25 13.41 -9.82 -0.25 13.17
3 71 -7.37 -0.25 12.97 -7.13 -0.25 13.29 -7.77 -0.25 13.41
4 0 -7.45 -0.25 14.06 -7.77 -0.25 13.41 -7.09 -0.25 13.65 -7.37 -0.25 14.1
3 71 -7.09 -0.25 13.65 -6.73 -0.25 13.45 -6.89 -0.25 13.65
3 0 -6.89 -0.25 13.65 -6.33 -0.25 13.89 -6.77 -0.25 14.38
4 0 -10.14 -0.25 -0.84 -10.02 -0.25 -0.04 -10.44 -0.25 -0.54 -10.46 -0.25 -2.45
4 0 -10.34 -0.25 0.28 -10.02 -0.25 -0.04 -9.74 -0.25 1.32 -10.14 -0.25 1.61
4 0 -8.78 -0.25 10.76 -9.3 -0.25 10.48 -9.1 -0.25 9.8 -8.13 -0.25 10.36
4 0 -9.5 -0.25 10.36 -9.3 -0.25 9.76 -9.18 -0.25 9.84 -9.3 -0.25 10.48
3 15 -7.81 -0.25 7.95 -7.37 -0.25 8.71 -8.29 -0.25 9.48
4 0 -9.1 -0.25 9.8 -9.14 -0.25 9.12 -8.29 -0.25 9.48 -8.13 -0.25 10.36
4 15 -8.13 -0.25 10.36 -6.97 -0.25 9.16 -7.05 -0.25 10.88 -7.41 -0.25 10.92
4 0 -7.89 -0.25 10.84 -8.21 -0.25 11.28 -8.78 -0.25 10.76 -8.13 -0.25 10.36
3 15 -8.13 -0.25 10.36 -7.41 -0.25 10.92 -7.89 -0.25 10.84
3 0 -7.41 -0.25 10.92 -7.49 -0.25 11.44 -7.89 -0.25 10.84
3 0 -7.41 -0.25 10.92 -7.05 -0.25 10.88 -7.49 -0.25 11.44
3 0 -7.37 -0.25 14.18 -7.37 -0.25 14.1 -6.77 -0.25 14.38
4 0 -8.53 -0.25 13.57 -8.86 -0.25 13.05 -7.77 -0.25 13.41 -8.33 -0.25 13.85
4 72 -7.57 -0.25 14.1 -7.45 -0.25 14.06 -7.41 -0.25 14.22 -7.57 -0.25 14.22
4 71 -8.25 -0.25 14.06 -7.93 -0.25 14.62 -8.45 -0.25 15.58 -8.65 -0.25 15.74
4 72 -7.37 -0.25 14.18 -7.41 -0.25 14.22 -7.45 -0.25 14.06 -7.37 -0.25 14.1
4 0 -6.77 -0.25 14.38 -7.09 -0.25 15.06 -7.41 -0.25 14.22 -7.37 -0.25 14.18
4 0 -7.09 -0.25 16.63 -7.73 -0.25 18.31 -7.77 -0.25 18.23 -7.93 -0.25 16.99
4 72 -7.93 -0.25 16.99 -8.49 -0.25 16.83 -8.37 -0.25 16.38 -7.77 -0.25 16.22
4 72 -7.77 -0.25 16.22 -8.37 -0.25 16.38 -8.21 -0.25 16.18 -7.89 -0.25 15.98
4 72 -7.8633 -0.25 20.3067 -8.5833 -0.25 21.4433 -9.06 -0.25 20.52 -8.98 -0.25 20.32
4 0 -9.58 -0.25 19.44 -8.86 -0.25 19.52 -8.86 -0.25 20.16 -8.98 -0.25 20.32
3 72 -7.8633 -0.25 20.3067 -8.98 -0.25 20.32 -8.86 -0.25 20.16
4 0 -9.3 -0.25 22.17 -9.02 -0.25 22.61 -9.3 -0.25 22.81 -9.38 -0.25 22.17
4 0 -7.77 -0.25 21.36 -8.5833 -0.25 21.4433 -7.8633 -0.25 20.3067 -7.53 -0.25 20.96
4 0 -9.1 -0.25 22.05 -8.78 -0.25 22.45 -9.02 -0.25 22.61 -9.3 -0.25 22.17
4 0 -8.65 -0.25 17.91 -8.86 -0.25 18.91 -9.38 -0.25 18.39 -9.1 -0.25 16.87
4 0 -9.98 -0.25 22.65 -9.38 -0.25 22.17 -9.3 -0.25 22.81 -9.46 -0.25 22.93
3 0 -9.06 -0.25 20.52 -9.62 -0.25 20.12 -9.64 -0.25 19.96
3 72 -9.38 -0.25 22.17 -9.1 -0.25 22.05 -9.3 -0.25 22.17
3 0 -8.78 -0.25 22.45 -9.1 -0.25 22.05 -8.5833 -0.25 21.4433
4 72 -8.5833 -0.25 21.4433 -9.34 -0.25 21.16 -9.22 -0.25 20.76 -9.06 -0.25 20.52
3 0 -7.21 -0.25 20.4 -7.53 -0.25 20.96 -7.8633 -0.25 20.3067
3 0 -7.8633 -0.25 20.3067 -7.65 -0.25 19.64 -7.05 -0.25 19.64
4 0 -9.74 -0.25 13.17 -9.9 -0.25 12.69 -9.22 -0.25 12.93 -9.06 -0.25 13.41
3 0 -7.09 -0.25 16.63 -7.93 -0.25 16.99 -7.77 -0.25 16.22
4 0 -7.77 -0.25 15.18 -7.77 -0.25 16.02 -7.89 -0.25 15.98 -8.09 -0.25 15.38
4 0 -8.09 -0.25 17.71 -7.77 -0.25 18.23 -7.89 -0.25 18.31 -8.41 -0.25 18.43
4 72 -8.65 -0.25 17.91 -8.09 -0.25 17.71 -8.41 -0.25 18.43 -8.61 -0.25 18.75
4 71 -11.18 -0.25 17.95 -9.1 -0.25 16.87 -9.38 -0.25 18.39 -10.86 -0.25 19.03
4 71 -9.02 -0.25 16.34 -9.1 -0.25 16.87 -11.55 -0.25 17.03 -11.91 -0.25 16.22
4 72 -8.61 -0.25 18.75 -8.795 -0.25 19.03 -8.86 -0.25 18.91 -8.65 -0.25 17.91
4 0 -8.49 -0.25 16.83 -8.65 -0.25 17.91 -9.1 -0.25 16.87 -9.02 -0.25 16.34
4 0 -8.795 -0.25 19.03 -8.61 -0.25 18.75 -8.1967 -0.25 18.8167 -8.86 -0.25 19.52
4 0 -8.1967 -0.25 18.8167 -8.61 -0.25 18.75 -8.41 -0.25 18.43 -7.89 -0.25 18.31
4 72 -8.09 -0.25 17.71 -8.65 -0.25 17.91 -8.49 -0.25 16.83 -7.93 -0.25 16.99
3 0 -7.77 -0.25 18.23 -8.09 -0.25 17.71 -7.93 -0.25 16.99
3 72 -7.77 -0.25 16.02 -7.77 -0.25 16.22 -7.89 -0.25 15.98
3 0 -7.77 -0.25 16.02 -7.09 -0.25 16.63 -7.77 -0.25 16.22
4 0 -8.45 -0.25 15.58 -7.89 -0.25 15.98 -8.21 -0.25 16.18 -8.65 -0.25 15.74
4 0 -9.9 -0.25 12.69 -9.74 -0.25 13.17 -10.26 -0.25 13.01 -10.46 -0.25 12.49
4 330 -9.9 -0.25 12.69 -10.46 -0.25 12.49 -10.46 -0.25 12.41 -9.78 -0.25 12.53
4 71 -8.94 -0.25 16.1 -9.02 -0.25 16.34 -11.91 -0.25 16.22 -10.26 -0.25 13.77
3 330 -9.74 -0.25 13.17 -9.82 -0.25 13.17 -10.26 -0.25 13.01
4 71 -11.02 -0.25 13.77 -12.07 -0.25 14.7 -11.63 -0.25 14.06 -11.14 -0.25 13.49
4 330 -10.26 -0.25 13.77 -11.02 -0.25 13.77 -11.14 -0.25 13.49 -10.26 -0.25 13.01
3 71 -11.31 -0.25 13.37 -11.14 -0.25 13.49 -11.63 -0.25 14.06
4 0 -10.82 -0.25 12.33 -10.06 -0.25 11.48 -10.02 -0.25 11.85 -10.46 -0.25 12.41
4 0 -13.47 -0.25 5.98 -13.0567 -0.25 5.58 -12.67 -0.25 6.06 -12.83 -0.25 6.83
4 71 -12.07 -0.25 14.7 -11.02 -0.25 13.77 -10.26 -0.25 13.77 -11.91 -0.25 16.22
4 330 -12.35 -0.25 12.33 -11.31 -0.25 13.37 -11.63 -0.25 14.06 -13.39 -0.25 13.69
4 71 -12.31 -0.25 14.94 -12.07 -0.25 14.7 -11.91 -0.25 16.22 -12.47 -0.25 15.2
4 330 -13.39 -0.25 13.69 -11.63 -0.25 14.06 -12.07 -0.25 14.7 -12.99 -0.25 14.36
4 330 -12.07 -0.25 14.7 -12.31 -0.25 14.94 -12.69 -0.25 14.84 -12.99 -0.25 14.36
4 0 -12.07 -0.25 7.79 -12.0167 -0.25 6.9367 -11.365 -0.25 7.7 -12.07 -0.25 7.91
4 330 -14 -0.25 12.21 -13.88 -0.25 11.85 -13.39 -0.25 11.97 -13.92 -0.25 12.85
3 71 -12.69 -0.25 14.84 -12.31 -0.25 14.94 -12.47 -0.25 15.2
4 0 -12.79 -0.25 15.3 -12.69 -0.25 14.84 -12.47 -0.25 15.2 -12.43 -0.25 15.94
4 0 -9.82 -0.25 19.56 -9.58 -0.25 19.44 -8.98 -0.25 20.32 -9.06 -0.25 20.52
4 71 -12.99 -0.25 16.42 -12.43 -0.25 15.94 -11.91 -0.25 16.99 -13.07 -0.25 16.67
3 71 -9.9 -0.25 20.92 -10.48 -0.25 20.28 -9.74 -0.25 20.32
4 0 -9.9 -0.25 20.92 -9.74 -0.25 20.32 -9.22 -0.25 20.76 -9.34 -0.25 21.16
4 71 -11.55 -0.25 17.87 -11.18 -0.25 18.95 -11.99 -0.25 20.28 -13.03 -0.25 20.64
4 71 -10.48 -0.25 20.28 -9.9 -0.25 20.92 -9.98 -0.25 21.44 -11.45 -0.25 20.64
4 0 -10.62 -0.25 19.84 -10.48 -0.25 20.28 -10.98 -0.25 19.92 -10.74 -0.25 19.76
4 71 -10.62 -0.25 19.84 -10.74 -0.25 19.76 -10.86 -0.25 19.03 -9.82 -0.25 19.56
4 71 -9.64 -0.25 19.96 -9.62 -0.25 20.12 -9.74 -0.25 20.32 -10.48 -0.25 20.28
4 0 -9.58 -0.25 19.44 -8.86 -0.25 18.91 -8.795 -0.25 19.03 -8.86 -0.25 19.52
3 0 -8.86 -0.25 18.91 -9.58 -0.25 19.44 -9.38 -0.25 18.39
3 71 -11.55 -0.25 17.03 -9.1 -0.25 16.87 -11.18 -0.25 17.95
4 0 -8.37 -0.25 16.38 -8.49 -0.25 16.83 -9.02 -0.25 16.34 -8.94 -0.25 16.1
4 0 -8.65 -0.25 15.74 -8.21 -0.25 16.18 -8.37 -0.25 16.38 -8.94 -0.25 16.1
4 71 -8.65 -0.25 15.74 -8.94 -0.25 16.1 -10.26 -0.25 13.77 -8.25 -0.25 14.06
4 71 -8.09 -0.25 15.38 -8.45 -0.25 15.58 -7.93 -0.25 14.62 -7.77 -0.25 14.98
3 0 -8.45 -0.25 15.58 -8.09 -0.25 15.38 -7.89 -0.25 15.98
3 0 -7.09 -0.25 15.06 -7.77 -0.25 15.18 -7.77 -0.25 14.98
3 71 -7.77 -0.25 15.18 -8.09 -0.25 15.38 -7.77 -0.25 14.98
3 0 -7.93 -0.25 14.62 -7.57 -0.25 14.22 -7.77 -0.25 14.98
4 71 -8.25 -0.25 14.06 -10.26 -0.25 13.77 -9.06 -0.25 13.41 -8.33 -0.25 13.85
4 0 -8.25 -0.25 14.06 -7.57 -0.25 14.1 -7.57 -0.25 14.22 -7.93 -0.25 14.62
3 0 -8.33 -0.25 13.85 -7.77 -0.25 13.41 -8.25 -0.25 14.06
3 71 -9.06 -0.25 13.41 -8.53 -0.25 13.57 -8.33 -0.25 13.85
4 0 -8.86 -0.25 13.05 -8.53 -0.25 13.57 -9.06 -0.25 13.41 -9.22 -0.25 12.93
3 71 -10.26 -0.25 13.77 -9.86 -0.25 13.41 -9.06 -0.25 13.41
4 0 -10.82 -0.25 25.74 -10.86 -0.25 25.62 -10.14 -0.25 25.58 -10.34 -0.25 26.14
3 71 -10.04 -0.25 25.26 -9.02 -0.25 26.18 -10.14 -0.25 25.58
3 0 -10.82 -0.25 25.74 -10.34 -0.25 26.14 -10.94 -0.25 26.38
3 71 -10.14 -0.25 25.58 -9.02 -0.25 26.18 -10.34 -0.25 26.14
4 71 -10.02 -0.25 27.23 -10.3 -0.25 26.67 -8.9 -0.25 26.42 -9.38 -0.25 27.35
3 0 -10.3 -0.25 26.67 -10.02 -0.25 27.23 -10.84 -0.25 26.95
3 0 -9.38 -0.25 27.91 -9.62 -0.25 27.75 -9.5 -0.25 27.75
4 0 -9.38 -0.25 27.91 -9.5 -0.25 27.75 -9.38 -0.25 27.35 -9.02 -0.25 27.27
3 0 -9.02 -0.25 27.27 -9.38 -0.25 27.35 -8.9 -0.25 26.42
3 330 -10.02 -0.25 11.85 -9.78 -0.25 12.53 -10.46 -0.25 12.41
4 15 -9.14 -0.25 9.12 -9.3 -0.25 9.76 -9.66 -0.25 9.48 -9.22 -0.25 8.95
4 330 -11.18 -0.25 12.69 -10.26 -0.25 13.01 -11.14 -0.25 13.49 -11.31 -0.25 13.37
4 0 -10.82 -0.25 12.33 -10.46 -0.25 12.49 -11.18 -0.25 12.69 -11.24 -0.25 12.2233
4 15 -9.86 -0.25 8.31 -9.22 -0.25 8.95 -9.66 -0.25 9.48 -11.365 -0.25 7.7
4 0 -9.02 -0.25 5.3 -8.65 -0.25 7.43 -9.42 -0.25 7.07 -9.62 -0.25 5.82
3 0 -9.14 -0.25 9.12 -9.22 -0.25 8.95 -8.29 -0.25 9.48
4 72 -10.46 -0.25 7.11 -10.84 -0.25 6.625 -9.62 -0.25 5.82 -9.46 -0.25 7.03
4 15 -9.38 -0.25 7.47 -9.34 -0.25 8.43 -10.02 -0.25 7.63 -9.94 -0.25 7.27
4 15 -12.174 -0.25 5.412 -11.418 -0.25 6.408 -12.0167 -0.25 6.9367 -12.67 -0.25 6.06
4 0 -11.35 -0.25 -5.1 -11.1 -0.25 -5.94 -10.82 -0.25 -4.42 -10.82 -0.25 -2.69
4 0 -11.51 -0.25 -8.23 -10.82 -0.25 -8.27 -11.14 -0.25 -7.71 -11.79 -0.25 -7.87
4 0 -13.96 -0.25 4.3 -13.71 -0.25 4.7 -13.7667 -0.25 5.6067 -14 -0.25 5.54
4 15 -12.174 -0.25 5.412 -12.67 -0.25 6.06 -13.0567 -0.25 5.58 -13.39 -0.25 5.14
4 15 -13.59 -0.25 -9.2 -13.43 -0.25 -9.28 -13.39 -0.25 -9.24 -13.39 -0.25 -9.08
3 0 -14.04 -0.25 -22.57 -15 -0.25 -35.33 -14.04 -0.25 -26.95
4 0 -11.76 -0.25 5.47 -11.418 -0.25 6.408 -12.174 -0.25 5.412 -12.7233 -0.25 4.0967
4 0 -13.7667 -0.25 5.6067 -13.39 -0.25 5.14 -13.0567 -0.25 5.58 -13.47 -0.25 5.98
4 15 -13.02 -0.25 4.2275 -12.174 -0.25 5.412 -13.39 -0.25 5.14 -13.71 -0.25 4.7
4 0 -12.7233 -0.25 4.0967 -12.174 -0.25 5.412 -13.02 -0.25 4.2275 -13.6567 -0.25 3.1433
4 72 -10.14 -0.25 1.61 -13.35 -0.25 3.01 -12.11 -0.25 0.4 -11.27 -0.25 0.28
4 15 -13.6567 -0.25 3.1433 -13.02 -0.25 4.2275 -13.71 -0.25 4.7 -13.96 -0.25 4.3
4 15 -13.92 -0.25 2.81 -13.6567 -0.25 3.1433 -13.96 -0.25 4.3 -14 -0.25 2.85
4 0 -13.55 -0.25 9.12 -13.07 -0.25 9.4 -13.31 -0.25 9.56 -13.84 -0.25 9.4
4 0 -15 -0.25 35.33 -15 -0.25 -35.33 -14 -0.25 0.92 -14 -0.25 1.69
4 0 -12.35 -0.25 12.33 -12.27 -0.25 11.85 -11.67 -0.25 12.05 -11.18 -0.25 12.69
4 0 -13.92 -0.25 11.24 -13.88 -0.25 11.85 -14 -0.25 12.21 -14 -0.25 11
3 0 -14 -0.25 1.69 -14 -0.25 2.85 -15 -0.25 35.33
3 0 -14 -0.25 5.54 -14 -0.25 10.2 -15 -0.25 35.33
4 330 -11.59 -0.25 8.39 -10.1 -0.25 9.88 -12.17 -0.25 8.71 -11.79 -0.25 8.43
4 330 -12.27 -0.25 11.85 -12.91 -0.25 11.61 -13.07 -0.25 9.4 -12.87 -0.25 9.24
3 0 -13.71 -0.25 4.7 -13.39 -0.25 5.14 -13.7667 -0.25 5.6067
4 0 -10.1 -0.25 9.88 -11.59 -0.25 8.39 -11.365 -0.25 7.7 -9.66 -0.25 9.48
4 330 -10.1 -0.25 9.88 -9.7 -0.25 11.04 -10.06 -0.25 11.48 -11.67 -0.25 12.05
3 15 -10.78 -0.25 7.2167 -9.86 -0.25 8.31 -11.365 -0.25 7.7
4 0 -8.78 -0.25 10.76 -9.02 -0.25 11 -9.3 -0.25 10.6 -9.3 -0.25 10.48
4 15 -9.3 -0.25 9.76 -9.14 -0.25 9.12 -9.1 -0.25 9.8 -9.18 -0.25 9.84
3 0 -9.1 -0.25 9.8 -9.3 -0.25 10.48 -9.18 -0.25 9.84
4 15 -9.94 -0.25 7.27 -9.46 -0.25 7.03 -9.42 -0.25 7.07 -9.38 -0.25 7.47
4 0 -9.74 -0.25 4.78 -9.38 -0.25 3.37 -9.02 -0.25 5.3 -9.62 -0.25 5.82
3 72 -9.94 -0.25 7.27 -10.18 -0.25 7.43 -10.46 -0.25 7.11
3 15 -10.18 -0.25 7.43 -9.94 -0.25 7.27 -10.02 -0.25 7.63
4 0 -10.02 -0.25 7.63 -9.86 -0.25 8.31 -10.78 -0.25 7.2167 -10.18 -0.25 7.43
4 0 -9.34 -0.25 8.43 -9.22 -0.25 8.95 -9.86 -0.25 8.31 -10.02 -0.25 7.63
3 0 -9.26 -0.25 8.39 -9.22 -0.25 8.95 -9.34 -0.25 8.43
4 0 -9.38 -0.25 7.47 -9.42 -0.25 7.07 -8.65 -0.25 7.43 -9.26 -0.25 8.39
3 15 -9.26 -0.25 8.39 -9.34 -0.25 8.43 -9.38 -0.25 7.47
4 0 -10.1 -0.25 9.88 -9.66 -0.25 9.48 -9.3 -0.25 9.76 -9.5 -0.25 10.36
4 330 -9.5 -0.25 10.36 -9.42 -0.25 10.76 -9.7 -0.25 11.04 -10.1 -0.25 9.88
4 0 -10.06 -0.25 11.48 -9.7 -0.25 11.04 -9.62 -0.25 11.44 -10.02 -0.25 11.85
4 330 -12.87 -0.25 9.24 -12.17 -0.25 8.71 -10.1 -0.25 9.88 -12.27 -0.25 11.85
4 0 -12.07 -0.25 7.91 -11.365 -0.25 7.7 -11.59 -0.25 8.39 -11.79 -0.25 8.43
4 330 -13.31 -0.25 9.56 -13.07 -0.25 9.4 -12.91 -0.25 11.61 -13.55 -0.25 11.4
4 330 -12.31 -0.25 7.51 -12.07 -0.25 7.79 -12.27 -0.25 8.07 -13.01 -0.25 8.69
4 330 -13.31 -0.25 9.56 -13.55 -0.25 11.4 -14 -0.25 10.2 -13.88 -0.25 9.92
4 330 -13.01 -0.25 8.69 -12.83 -0.25 6.83 -12.59 -0.25 7.11 -12.31 -0.25 7.51
4 0 -12.17 -0.25 8.71 -12.87 -0.25 9.24 -13.01 -0.25 8.69 -12.27 -0.25 8.07
4 0 -12.91 -0.25 11.61 -12.35 -0.25 12.33 -13.39 -0.25 11.97 -13.55 -0.25 11.4
4 0 -14 -0.25 20.88 -13.96 -0.25 21.61 -13.96 -0.25 21.89 -14 -0.25 23.21
3 0 -14 -0.25 5.54 -13.96 -0.25 9.36 -14 -0.25 10.2
4 330 -13.92 -0.25 12.85 -13.39 -0.25 11.97 -12.35 -0.25 12.33 -13.39 -0.25 13.69
3 0 -14 -0.25 11 -15 -0.25 35.33 -14 -0.25 10.2
4 330 -13.55 -0.25 11.4 -13.92 -0.25 11.24 -14 -0.25 11 -14 -0.25 10.2
4 71 -12.99 -0.25 15.62 -12.87 -0.25 15.34 -12.43 -0.25 15.94 -12.99 -0.25 16.42
4 0 -13.55 -0.25 11.4 -13.39 -0.25 11.97 -13.88 -0.25 11.85 -13.92 -0.25 11.24
3 330 -12.27 -0.25 11.85 -10.1 -0.25 9.88 -11.67 -0.25 12.05
4 330 -11.24 -0.25 12.2233 -11.67 -0.25 12.05 -10.06 -0.25 11.48 -10.82 -0.25 12.33
3 0 -12.35 -0.25 12.33 -12.91 -0.25 11.61 -12.27 -0.25 11.85
3 0 -11.24 -0.25 12.2233 -11.18 -0.25 12.69 -11.67 -0.25 12.05
3 0 -10.46 -0.25 12.41 -10.46 -0.25 12.49 -10.82 -0.25 12.33
4 0 -9.62 -0.25 11.44 -9.7 -0.25 11.04 -9.42 -0.25 10.76 -9.02 -0.25 11
4 330 -9.3 -0.25 10.6 -9.42 -0.25 10.76 -9.5 -0.25 10.36 -9.3 -0.25 10.48
3 0 -9.3 -0.25 10.6 -9.02 -0.25 11 -9.42 -0.25 10.76
3 72 -9.46 -0.25 7.03 -9.62 -0.25 5.82 -9.42 -0.25 7.07
4 72 -9.74 -0.25 4.78 -9.62 -0.25 5.82 -10.84 -0.25 6.625 -10.06 -0.25 2.41
3 0 -10.06 -0.25 2.41 -9.38 -0.25 3.37 -9.74 -0.25 4.78
3 72 -10.14 -0.25 1.61 -11.27 -0.25 0.28 -10.34 -0.25 0.28
4 0 -10.38 -0.25 -0.16 -10.02 -0.25 -0.04 -10.34 -0.25 0.28 -10.46 -0.25 -0.12
4 72 -12.11 -0.25 0.4 -13.35 -0.25 3.01 -13.71 -0.25 2.33 -13.47 -0.25 0.76
4 0 -10.82 -0.25 -2.69 -10.82 -0.25 -4.42 -10.46 -0.25 -2.45 -10.44 -0.25 -0.54
4 72 -10.82 -0.25 -2.69 -11.5733 -0.25 0 -14 -0.25 -4.06 -13.27 -0.25 -4.3
4 72 -14 -0.25 1.69 -14 -0.25 0.92 -13.47 -0.25 0.76 -13.71 -0.25 2.33
4 0 -13.71 -0.25 2.33 -13.92 -0.25 2.81 -14 -0.25 2.85 -14 -0.25 1.69
4 0 -13.6567 -0.25 3.1433 -13.92 -0.25 2.81 -13.71 -0.25 2.33 -13.35 -0.25 3.01
4 72 -13.35 -0.25 3.01 -10.14 -0.25 1.61 -10.06 -0.25 2.41 -12.7233 -0.25 4.0967
3 0 -13.6567 -0.25 3.1433 -13.35 -0.25 3.01 -12.7233 -0.25 4.0967
4 72 -11.76 -0.25 5.47 -12.7233 -0.25 4.0967 -10.06 -0.25 2.41 -10.84 -0.25 6.625
3 0 -10.84 -0.25 6.625 -11.418 -0.25 6.408 -11.76 -0.25 5.47
3 72 -9.94 -0.25 7.27 -10.46 -0.25 7.11 -9.46 -0.25 7.03
3 0 -10.46 -0.25 7.11 -10.18 -0.25 7.43 -10.78 -0.25 7.2167
3 0 -9.64 -0.25 19.96 -9.82 -0.25 19.56 -9.06 -0.25 20.52
4 0 -10.48 -0.25 20.28 -10.62 -0.25 19.84 -9.82 -0.25 19.56 -9.64 -0.25 19.96
4 71 -9.98 -0.25 21.44 -9.98 -0.25 22.65 -10.1 -0.25 22.81 -11.45 -0.25 20.64
4 71 -12.48 -0.25 21.02 -11.45 -0.25 20.64 -10.1 -0.25 22.81 -10.3 -0.25 23.25
4 0 -11.91 -0.25 16.99 -12.43 -0.25 15.94 -11.91 -0.25 16.22 -11.55 -0.25 17.03
4 0 -11.22 -0.25 20.04 -10.48 -0.25 20.28 -11.45 -0.25 20.64 -11.99 -0.25 20.28
4 71 -12.48 -0.25 21.02 -10.3 -0.25 23.25 -13.51 -0.25 22.85 -13.29 -0.25 21.32
4 0 -11.99 -0.25 20.28 -11.45 -0.25 20.64 -12.48 -0.25 21.02 -13.03 -0.25 20.64
4 71 -13.29 -0.25 21.32 -13.51 -0.25 22.85 -13.59 -0.25 22.73 -13.8 -0.25 22.17
4 71 -13.96 -0.25 21.61 -13.76 -0.25 21.48 -13.29 -0.25 21.32 -13.96 -0.25 21.89
4 0 -14 -0.25 26.79 -13.92 -0.25 26.87 -14 -0.25 27.75 -15 -0.25 35.33
3 330 -14 -0.25 12.61 -14 -0.25 12.21 -13.92 -0.25 12.85
4 0 -13.8 -0.25 22.17 -13.92 -0.25 23.13 -14 -0.25 23.21 -13.96 -0.25 21.89
3 71 -13.29 -0.25 21.32 -13.8 -0.25 22.17 -13.96 -0.25 21.89
3 0 -13.92 -0.25 23.13 -13.8 -0.25 22.17 -13.59 -0.25 22.73
4 0 -13.67 -0.25 26.79 -13.25 -0.25 27.15 -13.77 -0.25 27.51 -13.92 -0.25 26.87
4 0 -11.59 -0.25 25.98 -11.95 -0.25 25.58 -11.14 -0.25 25.06 -10.98 -0.25 25.62
4 71 -12.75 -0.25 25.62 -11.95 -0.25 25.58 -12.23 -0.25 25.78 -12.59 -0.25 26.02
4 0 -13.71 -0.25 23.49 -13.35 -0.25 23.29 -12.99 -0.25 24.46 -13.47 -0.25 24.58
3 71 -12.59 -0.25 26.02 -12.71 -0.25 25.98 -12.75 -0.25 25.62
4 0 -13.35 -0.25 25.46 -12.75 -0.25 25.62 -12.71 -0.25 25.98 -13.31 -0.25 26.34
3 0 -12.23 -0.25 25.78 -12.19 -0.25 26.42 -12.59 -0.25 26.02
3 71 -11.95 -0.25 25.58 -12.75 -0.25 25.62 -12.99 -0.25 24.46
4 0 -10.04 -0.25 25.26 -11.14 -0.25 25.06 -10.86 -0.25 24.86 -10.46 -0.25 24.62
3 0 -10.86 -0.25 25.62 -10.98 -0.25 25.62 -11.14 -0.25 25.06
3 71 -11.14 -0.25 25.06 -10.46 -0.25 24.06 -10.86 -0.25 24.86
4 0 -9.82 -0.25 24.18 -10.46 -0.25 24.62 -10.46 -0.25 24.06 -10.3 -0.25 23.25
4 0 -9.46 -0.25 22.93 -9.7 -0.25 23.33 -10.1 -0.25 22.81 -9.98 -0.25 22.65
3 71 -13.51 -0.25 22.85 -10.3 -0.25 23.25 -13.35 -0.25 23.29
4 0 -9.38 -0.25 22.17 -9.98 -0.25 22.65 -9.98 -0.25 21.44 -9.34 -0.25 21.16
3 0 -9.34 -0.25 21.16 -9.98 -0.25 21.44 -9.9 -0.25 20.92
4 0 -9.06 -0.25 20.52 -9.22 -0.25 20.76 -9.74 -0.25 20.32 -9.62 -0.25 20.12
4 330 -10.26 -0.25 13.01 -9.82 -0.25 13.17 -9.86 -0.25 13.41 -10.26 -0.25 13.77
3 0 -10.26 -0.25 13.01 -11.18 -0.25 12.69 -10.46 -0.25 12.49
3 330 -11.31 -0.25 13.37 -12.35 -0.25 12.33 -11.18 -0.25 12.69
3 0 -15 -0.25 35.33 -14 -0.25 12.21 -14 -0.25 12.61
3 0 -14 -0.25 11 -14 -0.25 12.21 -15 -0.25 35.33
4 330 -13.92 -0.25 15.58 -14 -0.25 15.58 -13.51 -0.25 14.14 -13.31 -0.25 14.46
4 71 -14 -0.25 20.88 -14 -0.25 15.58 -13.92 -0.25 15.58 -13.8 -0.25 16.3
4 0 -14 -0.25 12.61 -13.92 -0.25 13.73 -14 -0.25 15.58 -15 -0.25 35.33
4 0 -13.92 -0.25 13.73 -13.92 -0.25 12.85 -13.71 -0.25 13.21 -13.71 -0.25 13.81
4 0 -13.39 -0.25 13.69 -12.99 -0.25 14.36 -13.51 -0.25 14.14 -13.71 -0.25 13.81
3 330 -13.71 -0.25 13.21 -13.92 -0.25 12.85 -13.39 -0.25 13.69
3 0 -13.71 -0.25 13.81 -13.71 -0.25 13.21 -13.39 -0.25 13.69
3 0 -10.02 -0.25 -0.04 -10.38 -0.25 -0.16 -10.44 -0.25 -0.54
3 72 -10.82 -0.25 -2.69 -12.11 -0.25 -4.7 -11.35 -0.25 -5.1
4 0 -11.55 -0.25 -5.66 -11.1 -0.25 -5.94 -11.35 -0.25 -5.1 -12.11 -0.25 -4.7
3 72 -12.11 -0.25 -4.7 -10.82 -0.25 -2.69 -12.65 -0.25 -4.5
3 72 -12.65 -0.25 -4.5 -10.82 -0.25 -2.69 -13.27 -0.25 -4.3
4 72 -11.83 -0.25 -5.86 -11.55 -0.25 -5.66 -11.71 -0.25 -5.54 -11.87 -0.25 -5.54
4 0 -12.43 -0.25 -5.74 -12.43 -0.25 -6.07 -11.83 -0.25 -5.86 -11.87 -0.25 -5.54
3 72 -13.27 -0.25 -4.3 -14 -0.25 -4.06 -13.84 -0.25 -4.22
4 72 -14 -0.25 -4.06 -11.5733 -0.25 0 -13.23 -0.25 0.4 -13.98 -0.25 0.44
4 0 -11.18 -0.25 -6.75 -11.75 -0.25 -6.11 -11.79 -0.25 -6.11 -11.79 -0.25 -6.95
4 0 -13.23 -0.25 0.4 -11.5733 -0.25 0 -12.11 -0.25 0.4 -13.47 -0.25 0.76
4 15 -11.99 -0.25 -10.805 -12.99 -0.25 -10.56 -13.19 -0.25 -11.01 -12.35 -0.25 -11.61
4 0 -13.47 -0.25 0.76 -14 -0.25 0.92 -13.88 -0.25 0.56 -13.23 -0.25 0.4
3 72 -13.88 -0.25 0.56 -13.98 -0.25 0.44 -13.23 -0.25 0.4
3 0 -14 -0.25 -5.06 -14 -0.25 -4.06 -14.08 -0.25 -6.55
3 0 -13.98 -0.25 0.44 -13.88 -0.25 0.56 -14 -0.25 0.92
3 0 -11.27 -0.25 0.28 -12.11 -0.25 0.4 -11.5733 -0.25 0
4 72 -11.5733 -0.25 0 -10.82 -0.25 -2.69 -10.44 -0.25 -0.54 -10.46 -0.25 -0.12
4 0 -10.34 -0.25 0.28 -11.27 -0.25 0.28 -11.5733 -0.25 0 -10.46 -0.25 -0.12
3 72 -10.44 -0.25 -0.54 -10.38 -0.25 -0.16 -10.46 -0.25 -0.12
4 0 -15 -0.25 -35.33 -14.04 -0.25 -22.57 -14 -0.25 -14.38 -14.06 -0.25 -8.72
3 0 -13.98 -0.25 0.44 -14.08 -0.25 -6.55 -14 -0.25 -4.06
3 330 -14 -0.25 -14.38 -11.14 -0.25 -17.67 -10.98 -0.25 -14.42
4 330 -11.27 -0.25 -10.97 -11.39 -0.25 -11.57 -10.9 -0.25 -12.21 -10.82 -0.25 -9.68
4 0 -11.55 -0.25 -12.13 -11.39 -0.25 -11.57 -12.35 -0.25 -11.61 -12.23 -0.25 -12.09
4 15 -13.67 -0.25 -11.81 -13.67 -0.25 -12.57 -13.39 -0.25 -12.53 -12.9367 -0.25 -12.2233
3 330 -14 -0.25 -14.38 -13.37 -0.25 -13.96 -13.88 -0.25 -14.14
4 15 -13.39 -0.25 -11.33 -13.67 -0.25 -11.81 -12.9367 -0.25 -12.2233 -12.35 -0.25 -11.61
3 330 -12.35 -0.25 -13.29 -10.98 -0.25 -14.42 -11.99 -0.25 -12.93
3 330 -10.9 -0.25 -12.21 -11.55 -0.25 -12.13 -11.75 -0.25 -12.57
4 0 -10.26 -0.25 -10.64 -10.82 -0.25 -9.68 -10.9 -0.25 -12.21 -10.26 -0.25 -11.33
4 0 -12.55 -0.25 -12.6767 -12.35 -0.25 -13.29 -11.99 -0.25 -12.93 -11.75 -0.25 -12.57
4 0 -12.23 -0.25 -12.09 -12.27 -0.25 -12.29 -11.75 -0.25 -12.57 -11.55 -0.25 -12.13
3 330 -11.27 -0.25 -10.97 -10.82 -0.25 -9.68 -11.22 -0.25 -10.24
4 0 -11.99 -0.25 -10.805 -11.39 -0.25 -11.57 -11.27 -0.25 -10.97 -11.22 -0.25 -10.24
4 330 -11.31 -0.25 -9.36 -11.22 -0.25 -10.24 -10.82 -0.25 -9.68 -10.82 -0.25 -8.27
4 330 -11.55 -0.25 -8.64 -11.31 -0.25 -9.36 -10.82 -0.25 -8.27 -11.51 -0.25 -8.23
4 0 -11.87 -0.25 -9.64 -11.99 -0.25 -10.805 -11.22 -0.25 -10.24 -11.31 -0.25 -9.36
4 0 -11.63 -0.25 -8.31 -11.51 -0.25 -8.23 -11.79 -0.25 -7.87 -11.91 -0.25 -7.83
3 330 -11.51 -0.25 -8.23 -11.63 -0.25 -8.31 -11.55 -0.25 -8.64
4 0 -10.82 -0.25 -9.68 -10.26 -0.25 -10.64 -10.26 -0.25 -8.64 -10.82 -0.25 -8.27
3 330 -11.55 -0.25 -12.13 -10.9 -0.25 -12.21 -11.39 -0.25 -11.57
3 0 -10.4 -0.25 -13.6 -10.9 -0.25 -12.21 -10.98 -0.25 -14.42
3 330 -12.79 -0.25 -13.66 -10.98 -0.25 -14.42 -12.35 -0.25 -13.29
4 0 -10.62 -0.25 -20.36 -10.5 -0.25 -16.71 -11.14 -0.25 -17.67 -11.22 -0.25 -20.64
3 330 -11.35 -0.25 -23.33 -11.22 -0.25 -20.64 -14.04 -0.25 -22.57
3 0 -11.22 -0.25 -20.64 -11.35 -0.25 -23.33 -10.72 -0.25 -21.33
3 330 -11.51 -0.25 -26.43 -14.04 -0.25 -26.95 -11.55 -0.25 -26.95
3 0 -10.82 -0.25 -24.14 -11.51 -0.25 -26.43 -10.94 -0.25 -27.87
4 0 -13.03 -0.25 14.86 -12.99 -0.25 14.36 -12.69 -0.25 14.84 -12.95 -0.25 15.06
3 0 -12.95 -0.25 15.06 -12.69 -0.25 14.84 -12.79 -0.25 15.3
3 330 -12.95 -0.25 15.06 -12.79 -0.25 15.3 -12.87 -0.25 15.34
4 0 -13.03 -0.25 20.64 -12.48 -0.25 21.02 -13.29 -0.25 21.32 -13.84 -0.25 20.92
4 330 -12.95 -0.25 15.06 -12.87 -0.25 15.34 -12.99 -0.25 15.62 -13.92 -0.25 15.58
4 330 -13.8 -0.25 16.3 -12.99 -0.25 15.62 -12.99 -0.25 16.42 -13.35 -0.25 16.79
4 71 -13.71 -0.25 16.67 -13.35 -0.25 16.79 -13.84 -0.25 20.92 -14 -0.25 20.88
3 330 -12.99 -0.25 16.42 -13.07 -0.25 16.67 -13.35 -0.25 16.79
4 0 -13.84 -0.25 20.92 -13.29 -0.25 21.32 -13.76 -0.25 21.48 -14 -0.25 20.88
3 330 -13.8 -0.25 16.3 -13.35 -0.25 16.79 -13.71 -0.25 16.67
3 71 -14 -0.25 20.88 -13.8 -0.25 16.3 -13.71 -0.25 16.67
3 330 -13.92 -0.25 15.58 -12.99 -0.25 15.62 -13.8 -0.25 16.3
3 0 -14 -0.25 20.88 -15 -0.25 35.33 -14 -0.25 15.58
3 0 -14 -0.25 20.88 -13.76 -0.25 21.48 -13.96 -0.25 21.61
3 0 -14 -0.25 20.88 -14 -0.25 23.21 -15 -0.25 35.33
4 71 -13.03 -0.25 20.64 -13.84 -0.25 20.92 -13.35 -0.25 16.79 -11.55 -0.25 17.87
4 0 -11.18 -0.25 18.95 -11.55 -0.25 17.87 -11.18 -0.25 17.95 -10.86 -0.25 19.03
3 0 -11.22 -0.25 20.04 -10.98 -0.25 19.92 -10.48 -0.25 20.28
4 0 -10.86 -0.25 19.03 -10.74 -0.25 19.76 -10.98 -0.25 19.92 -11.18 -0.25 18.95
4 0 -11.55 -0.25 17.03 -11.18 -0.25 17.95 -11.55 -0.25 17.87 -11.91 -0.25 16.99
4 71 -11.91 -0.25 16.99 -11.55 -0.25 17.87 -13.35 -0.25 16.79 -13.07 -0.25 16.67
3 71 -12.43 -0.25 15.94 -12.87 -0.25 15.34 -12.79 -0.25 15.3
3 0 -12.47 -0.25 15.2 -11.91 -0.25 16.22 -12.43 -0.25 15.94
4 0 -11.79 -0.25 -7.87 -11.14 -0.25 -7.71 -11.18 -0.25 -6.75 -11.79 -0.25 -6.95
3 0 -11.75 -0.25 -6.11 -11.18 -0.25 -6.75 -11.55 -0.25 -6.03
4 0 -12.11 -0.25 -4.7 -12.65 -0.25 -4.5 -12.63 -0.25 -5.42 -11.87 -0.25 -5.54
4 0 -11.79 -0.25 -6.11 -12.43 -0.25 -6.07 -11.91 -0.25 -6.99 -11.79 -0.25 -6.95
4 330 -11.91 -0.25 -7.83 -11.79 -0.25 -7.87 -11.79 -0.25 -6.95 -11.91 -0.25 -6.99
4 0 -12.59 -0.25 -6.79 -12.07 -0.25 -7.19 -11.91 -0.25 -6.99 -12.43 -0.25 -6.07
4 72 -11.83 -0.25 -5.86 -11.79 -0.25 -6.11 -11.75 -0.25 -6.11 -11.55 -0.25 -5.66
3 0 -11.87 -0.25 -5.54 -11.71 -0.25 -5.54 -12.11 -0.25 -4.7
3 0 -12.11 -0.25 -4.7 -11.71 -0.25 -5.54 -11.55 -0.25 -5.66
3 72 -11.55 -0.25 -6.03 -11.55 -0.25 -5.66 -11.75 -0.25 -6.11
4 0 -11.31 -0.25 -9.36 -11.55 -0.25 -8.64 -11.95 -0.25 -9.16 -11.87 -0.25 -9.64
4 330 -12.07 -0.25 -7.19 -12.07 -0.25 -7.63 -11.91 -0.25 -7.83 -11.91 -0.25 -6.99
4 0 -12.27 -0.25 -8.43 -11.63 -0.25 -8.31 -11.91 -0.25 -7.83 -12.63 -0.25 -7.95
4 0 -12.07 -0.25 -7.63 -12.07 -0.25 -7.19 -12.67 -0.25 -7.15 -12.75 -0.25 -7.23
4 15 -13.9 -0.25 -6.75 -13.07 -0.25 -5.22 -13.71 -0.25 -4.98 -13.96 -0.25 -4.98
4 15 -12.99 -0.25 -9.32 -12.99 -0.25 -10.56 -11.87 -0.25 -9.64 -11.95 -0.25 -9.16
3 0 -11.99 -0.25 -10.805 -12.35 -0.25 -11.61 -11.39 -0.25 -11.57
4 0 -14 -0.25 -14.38 -13.88 -0.25 -14.14 -13.71 -0.25 -13.41 -13.71 -0.25 -13.09
4 0 -13.71 -0.25 -13.41 -13.88 -0.25 -14.14 -13.37 -0.25 -13.96 -13.59 -0.25 -13.37
4 15 -12.91 -0.25 -13.01 -12.55 -0.25 -12.6767 -12.65 -0.25 -12.35 -13.43 -0.25 -12.93
3 15 -13.39 -0.25 -11.33 -12.35 -0.25 -11.61 -13.19 -0.25 -11.01
4 0 -13.71 -0.25 -13.09 -13.67 -0.25 -12.57 -13.92 -0.25 -10.88 -14 -0.25 -14.38
4 0 -13.39 -0.25 -12.53 -13.47 -0.25 -12.93 -13.43 -0.25 -12.93 -12.65 -0.25 -12.35
4 0 -13.71 -0.25 -4.98 -13.07 -0.25 -5.22 -13.27 -0.25 -4.3 -13.84 -0.25 -4.22
3 15 -13.39 -0.25 -11.33 -13.59 -0.25 -11.57 -13.67 -0.25 -11.81
4 0 -12.99 -0.25 -9.32 -13.39 -0.25 -9.24 -13.43 -0.25 -9.28 -13.76 -0.25 -10.08
3 0 -13.92 -0.25 -10.88 -13.67 -0.25 -12.57 -13.67 -0.25 -11.81
4 15 -13.63 -0.25 -7.15 -13.88 -0.25 -7.03 -14 -0.25 -7.03 -14.04 -0.25 -7.99
4 15 -12.27 -0.25 -8.48 -12.27 -0.25 -8.43 -12.63 -0.25 -7.95 -13.35 -0.25 -8.56
4 0 -13.8 -0.25 -10.88 -13.59 -0.25 -11.57 -13.39 -0.25 -11.33 -13.19 -0.25 -11.01
4 0 -13.39 -0.25 -9.08 -13.39 -0.25 -9.24 -12.99 -0.25 -9.32 -13.35 -0.25 -8.56
4 0 -13.19 -0.25 -11.01 -12.99 -0.25 -10.56 -13.76 -0.25 -10.72 -13.8 -0.25 -10.88
4 0 -12.99 -0.25 -10.56 -12.99 -0.25 -9.32 -13.76 -0.25 -10.08 -13.76 -0.25 -10.72
4 15 -13.9 -0.25 -6.75 -13.03 -0.25 -7.15 -12.59 -0.25 -6.79 -12.43 -0.25 -6.07
4 0 -14.04 -0.25 -7.99 -14 -0.25 -7.03 -14.08 -0.25 -6.55 -14.08 -0.25 -8.6
4 0 -13.9 -0.25 -6.75 -14.08 -0.25 -6.55 -14 -0.25 -7.03 -13.88 -0.25 -7.03
4 0 -12.07 -0.25 -7.63 -12.75 -0.25 -7.23 -12.63 -0.25 -7.95 -11.91 -0.25 -7.83
4 15 -13.2033 -0.25 -7.4167 -13.63 -0.25 -7.15 -14.04 -0.25 -7.99 -13.35 -0.25 -8.56
4 0 -13.63 -0.25 -7.15 -13.03 -0.25 -7.15 -13.9 -0.25 -6.75 -13.88 -0.25 -7.03
4 0 -12.75 -0.25 -7.23 -13.03 -0.25 -7.15 -13.2033 -0.25 -7.4167 -12.63 -0.25 -7.95
3 15 -13.35 -0.25 -8.56 -12.63 -0.25 -7.95 -13.2033 -0.25 -7.4167
4 0 -12.27 -0.25 -8.48 -11.55 -0.25 -8.64 -11.63 -0.25 -8.31 -12.27 -0.25 -8.43
4 15 -12.27 -0.25 -8.48 -13.35 -0.25 -8.56 -12.99 -0.25 -9.32 -11.95 -0.25 -9.16
3 0 -12.27 -0.25 -8.48 -11.95 -0.25 -9.16 -11.55 -0.25 -8.64
3 15 -11.99 -0.25 -10.805 -11.87 -0.25 -9.64 -12.99 -0.25 -10.56
4 0 -12.0167 -0.25 6.9367 -12.07 -0.25 7.79 -12.31 -0.25 7.51 -12.59 -0.25 7.11
4 0 -11.79 -0.25 8.43 -12.17 -0.25 8.71 -12.27 -0.25 8.07 -12.07 -0.25 7.91
4 0 -12.83 -0.25 6.83 -12.67 -0.25 6.06 -12.0167 -0.25 6.9367 -12.59 -0.25 7.11
4 0 -13.01 -0.25 8.69 -12.87 -0.25 9.24 -13.07 -0.25 9.4 -13.55 -0.25 9.12
4 330 -13.47 -0.25 5.98 -13.55 -0.25 9.12 -13.96 -0.25 9.36 -13.7667 -0.25 5.6067
3 330 -13.7667 -0.25 5.6067 -13.96 -0.25 9.36 -14 -0.25 5.54
3 0 -14 -0.25 5.54 -14 -0.25 2.85 -13.96 -0.25 4.3
3 0 -14 -0.25 5.54 -15 -0.25 35.33 -14 -0.25 2.85
4 0 -13.96 -0.25 9.36 -13.84 -0.25 9.4 -13.88 -0.25 9.92 -14 -0.25 10.2
3 330 -13.84 -0.25 9.4 -13.96 -0.25 9.36 -13.55 -0.25 9.12
3 0 -13.31 -0.25 9.56 -13.88 -0.25 9.92 -13.84 -0.25 9.4
4 330 -13.55 -0.25 9.12 -13.47 -0.25 5.98 -12.83 -0.25 6.83 -13.01 -0.25 8.69
3 330 -12.07 -0.25 7.79 -12.07 -0.25 7.91 -12.27 -0.25 8.07
4 0 -12.29 -0.25 32.79 -12.27 -0.25 33.9067 -12.65 -0.25 33.11 -12.99 -0.25 32.39
4 71 -12.65 -0.25 33.11 -13.88 -0.25 34.3 -14 -0.25 34.18 -12.99 -0.25 32.39
4 71 -13.35 -0.25 31.63 -12.99 -0.25 32.39 -14 -0.25 34.18 -13.96 -0.25 30.8
4 0 -13.42 -0.25 30.35 -12.99 -0.25 31.2 -13.63 -0.25 31.08 -13.76 -0.25 30.8
3 71 -13.96 -0.25 30.8 -13.63 -0.25 31.08 -13.35 -0.25 31.63
3 71 -13.96 -0.25 30.8 -13.76 -0.25 30.8 -13.63 -0.25 31.08
3 0 -14 -0.25 34.18 -15 -0.25 35.33 -13.96 -0.25 30.8
3 0 -13.88 -0.25 34.3 -15 -0.25 35.33 -14 -0.25 34.18
3 0 -12.27 -0.25 34.3 -15 -0.25 35.33 -13.88 -0.25 34.3
3 0 -12.27 -0.25 34.3 -11.63 -0.25 34.3 -15 -0.25 35.33
3 71 -12.27 -0.25 33.9067 -12.19 -0.25 34.22 -12.27 -0.25 34.3
3 0 -12.19 -0.25 34.22 -12.27 -0.25 33.9067 -11.75 -0.25 34.26
3 0 -11.75 -0.25 -12.57 -12.27 -0.25 -12.29 -12.55 -0.25 -12.6767
4 0 -12.35 -0.25 -13.29 -12.55 -0.25 -12.6767 -12.91 -0.25 -13.01 -12.79 -0.25 -13.66
4 0 -13.19 -0.25 -13.21 -13.37 -0.25 -13.96 -12.79 -0.25 -13.66 -12.91 -0.25 -13.01
4 15 -13.59 -0.25 -13.37 -13.19 -0.25 -13.21 -13.43 -0.25 -12.93 -13.47 -0.25 -12.93
3 0 -13.19 -0.25 -13.21 -13.59 -0.25 -13.37 -13.37 -0.25 -13.96
4 15 -13.59 -0.25 -13.37 -13.47 -0.25 -12.93 -13.71 -0.25 -13.09 -13.71 -0.25 -13.41
4 0 -13.67 -0.25 -12.57 -13.71 -0.25 -13.09 -13.47 -0.25 -12.93 -13.39 -0.25 -12.53
3 15 -13.19 -0.25 -13.21 -12.91 -0.25 -13.01 -13.43 -0.25 -12.93
4 0 -12.9367 -0.25 -12.2233 -13.39 -0.25 -12.53 -12.65 -0.25 -12.35 -12.31 -0.25 -12.05
4 15 -12.65 -0.25 -12.35 -12.55 -0.25 -12.6767 -12.27 -0.25 -12.29 -12.31 -0.25 -12.05
3 0 -12.9367 -0.25 -12.2233 -12.31 -0.25 -12.05 -12.35 -0.25 -11.61
3 0 -12.31 -0.25 -12.05 -12.23 -0.25 -12.09 -12.35 -0.25 -11.61
3 15 -12.27 -0.25 -12.29 -12.23 -0.25 -12.09 -12.31 -0.25 -12.05
3 0 -11.83 -0.25 -5.86 -12.43 -0.25 -6.07 -11.79 -0.25 -6.11
3 0 -12.07 -0.25 -7.19 -12.59 -0.25 -6.79 -12.67 -0.25 -7.15
4 15 -13.03 -0.25 -7.15 -12.75 -0.25 -7.23 -12.67 -0.25 -7.15 -12.59 -0.25 -6.79
3 0 -13.03 -0.25 -7.15 -13.63 -0.25 -7.15 -13.2033 -0.25 -7.4167
4 0 -12.65 -0.25 -4.5 -13.27 -0.25 -4.3 -13.07 -0.25 -5.22 -12.63 -0.25 -5.42
4 0 -15 -0.25 -35.33 -14.08 -0.25 -6.55 -13.98 -0.25 0.44 -14 -0.25 0.92
4 15 -14 -0.25 -5.06 -14.08 -0.25 -6.55 -13.9 -0.25 -6.75 -13.96 -0.25 -4.98
4 0 -13.96 -0.25 -4.98 -13.84 -0.25 -4.22 -14 -0.25 -4.06 -14 -0.25 -5.06
3 0 -13.71 -0.25 -4.98 -13.84 -0.25 -4.22 -13.96 -0.25 -4.98
4 15 -13.07 -0.25 -5.22 -13.9 -0.25 -6.75 -12.43 -0.25 -6.07 -12.63 -0.25 -5.42
3 0 -12.43 -0.25 -5.74 -11.87 -0.25 -5.54 -12.63 -0.25 -5.42
3 15 -12.43 -0.25 -5.74 -12.63 -0.25 -5.42 -12.43 -0.25 -6.07
4 330 -13.03 -0.25 14.86 -12.95 -0.25 15.06 -13.92 -0.25 15.58 -13.31 -0.25 14.46
4 0 -12.99 -0.25 14.36 -13.03 -0.25 14.86 -13.31 -0.25 14.46 -13.51 -0.25 14.14
4 330 -13.92 -0.25 13.73 -13.71 -0.25 13.81 -13.51 -0.25 14.14 -14 -0.25 15.58
3 0 -14 -0.25 12.61 -13.92 -0.25 12.85 -13.92 -0.25 13.73
4 0 -13.31 -0.25 26.34 -12.71 -0.25 25.98 -12.73 -0.25 26.79 -13.35 -0.25 26.54
4 71 -13.47 -0.25 24.58 -13.35 -0.25 25.46 -13.67 -0.25 26.79 -14 -0.25 26.79
4 0 -13.92 -0.25 23.13 -13.59 -0.25 22.73 -13.51 -0.25 22.85 -13.8 -0.25 23.25
4 71 -13.71 -0.25 23.49 -13.47 -0.25 24.58 -13.92 -0.25 23.13 -13.8 -0.25 23.25
4 71 -13.92 -0.25 23.13 -13.47 -0.25 24.58 -14 -0.25 26.79 -14 -0.25 23.21
3 0 -14 -0.25 23.21 -14 -0.25 26.79 -15 -0.25 35.33
3 71 -13.92 -0.25 26.87 -14 -0.25 26.79 -13.67 -0.25 26.79
3 0 -14 -0.25 27.75 -13.92 -0.25 26.87 -13.77 -0.25 27.51
4 71 -13.31 -0.25 26.34 -13.35 -0.25 26.54 -13.67 -0.25 26.79 -13.35 -0.25 25.46
4 0 -13.92 -0.25 -10.88 -13.67 -0.25 -11.81 -13.59 -0.25 -11.57 -13.8 -0.25 -10.88
4 15 -13.59 -0.25 -9.2 -13.39 -0.25 -9.08 -13.8 -0.25 -8.52 -14.06 -0.25 -8.72
4 330 -13.76 -0.25 -10.72 -13.76 -0.25 -10.08 -14 -0.25 -10 -14 -0.25 -10.6
4 0 -13.8 -0.25 -8.52 -13.39 -0.25 -9.08 -13.35 -0.25 -8.56 -14.04 -0.25 -7.99
3 0 -14.08 -0.25 -8.6 -14.08 -0.25 -6.55 -15 -0.25 -35.33
4 15 -13.8 -0.25 -8.52 -13.88 -0.25 -8.48 -14.08 -0.25 -8.6 -14.06 -0.25 -8.72
3 0 -14.04 -0.25 -7.99 -14.08 -0.25 -8.6 -13.88 -0.25 -8.48
3 0 -14.04 -0.25 -7.99 -13.88 -0.25 -8.48 -13.8 -0.25 -8.52
4 330 -13.76 -0.25 -10.08 -13.84 -0.25 -9.8 -13.92 -0.25 -9.84 -14 -0.25 -10
4 330 -13.92 -0.25 -10.88 -13.8 -0.25 -10.88 -13.76 -0.25 -10.72 -14 -0.25 -10.6
3 0 -14 -0.25 -10.6 -14 -0.25 -14.38 -13.92 -0.25 -10.88
3 0 -14 -0.25 -10 -14.06 -0.25 -8.72 -14 -0.25 -10.6
3 0 -14.06 -0.25 -8.72 -14 -0.25 -14.38 -14 -0.25 -10.6
4 0 -13.92 -0.25 -9.84 -13.84 -0.25 -9.8 -13.59 -0.25 -9.2 -14.06 -0.25 -8.72
3 0 -14 -0.25 -10 -13.92 -0.25 -9.84 -14.06 -0.25 -8.72
4 0 -13.43 -0.25 -9.28 -13.59 -0.25 -9.2 -13.84 -0.25 -9.8 -13.76 -0.25 -10.08

3 0 -15 -0.25 -35.33 -14.06 -0.25 -8.72 -14.08 -0.25 -8.6
