0 Sticker with "80" in Circle, Sponsorship Logos, Lime and Red Stripes for Panel Smooth Medium 4 #
0 Name: 6171761f.dat
0 Author: Evert-Jan Boer [ejboer]
0 !LDRAW_ORG Unofficial_Part
0 !LICENSE Licensed under CC BY 4.0 : see CAreadme.txt

0 BFC CERTIFY CCW

0 !KEYWORDS RC Tracked Racer, Set 42065

1 16 0 0 0 -1 0 0 0 1 0 0 0 1 s\13710as01.dat

4 0 -15.527 -.25 61.145 -16.364 -.25 60.759 -14.004 -.25 60.7 -14.695 -.25 61.093
4 0 -20.983 -.25 57.032 -21.912 -.25 54.998 -14.004 -.25 60.7 -16.364 -.25 60.759
3 0 -20.983 -.25 57.032 -21.561 -.25 56.284 -21.912 -.25 54.998
4 0 19.575 -.25 38.36 18.084 -.25 39.353 21.677 -.25 35 21.013 -.25 36.664
4 15 30.6861 -.25 -21.0131 31.689 -.25 -23.918 32.83 -.25 -22.928 33.048 -.25 -21.458
4 27 -10.504 -.25 -66.3 -12.802 -.25 -64.539 -12.448 -.25 -65.249 -11.917 -.25 -65.795
4 27 -12.92 -.25 -63.658 -12.802 -.25 -64.539 -10.504 -.25 -66.3 -5.504 -.25 -66.3
4 0 -21.935 -.25 -12.382 -21.79 -.25 -13.866 -20.928 -.25 -15.089 -19.507 -.25 -15.595
4 0 18.2659 -.25 19.2607 21.2906 -.25 25.3912 19.7038 -.25 26.1916 17.7844 -.25 19.4973
4 0 21.2906 -.25 25.3912 18.2659 -.25 19.2607 18.6625 -.25 18.8579 22.5861 -.25 24.0068
4 0 18.6625 -.25 18.8579 18.9471 -.25 18.3164 23.5021 -.25 22.133 22.5861 -.25 24.0068
4 0 18.9471 -.25 18.3164 19.1001 -.25 17.6733 23.9761 -.25 19.8974 23.5021 -.25 22.133
4 0 19.1001 -.25 17.6733 19.1112 -.25 16.9722 23.976 -.25 17.4524 23.9761 -.25 19.8974
4 0 19.1112 -.25 16.9722 18.9796 -.25 16.261 23.5017 -.25 14.9644 23.976 -.25 17.4524
4 0 14.3314 -.25 7.4556 16.1012 -.25 7.2936 16.785 -.25 14.0954 16.251 -.25 14.15
4 0 17.3347 -.25 14.2268 16.785 -.25 14.0954 16.1012 -.25 7.2936 17.9334 -.25 7.7811
4 0 17.3347 -.25 14.2268 17.9334 -.25 7.7811 19.7032 -.25 8.8848 17.8629 -.25 14.5352
4 0 21.2899 -.25 10.5295 18.3333 -.25 14.9996 17.8629 -.25 14.5352 19.7032 -.25 8.8848
4 0 18.3333 -.25 14.9996 21.2899 -.25 10.5295 22.5856 -.25 12.6031 18.7143 -.25 15.5883
4 0 23.5017 -.25 14.9644 18.9796 -.25 16.261 18.7143 -.25 15.5883 22.5856 -.25 12.6031
4 0 15.2553 -.25 27.4671 13.4542 -.25 27.5435 12.802 -.25 20.8274 13.3358 -.25 20.7729
4 0 12.0474 -.25 26.944 12.2521 -.25 20.6959 12.802 -.25 20.8274 13.4542 -.25 27.5435
3 0 11.3209 -.25 15.6622 10.9242 -.25 16.065 8.3149 -.25 9.621
4 0 6.8828 -.25 12.6302 7.4397 -.25 10.8749 8.3149 -.25 9.621 10.9242 -.25 16.065
4 0 9.883 -.25 8.7313 11.8026 -.25 15.4255 11.3209 -.25 15.6622 8.3149 -.25 9.621
4 0 16.251 -.25 14.15 11.8026 -.25 15.4255 9.883 -.25 8.7313 14.3314 -.25 7.4556
4 0 15.2553 -.25 27.4671 13.3358 -.25 20.7729 17.7844 -.25 19.4973 19.7038 -.25 26.1916
4 15 12.802 -.25 20.8274 18.2659 -.25 19.2607 17.7844 -.25 19.4973 13.3358 -.25 20.7729
4 15 18.2659 -.25 19.2607 12.802 -.25 20.8274 12.2521 -.25 20.6959 18.6625 -.25 18.8579
4 15 18.9471 -.25 18.3164 18.6625 -.25 18.8579 12.2521 -.25 20.6959 11.7241 -.25 20.3876
4 15 18.9471 -.25 18.3164 11.7241 -.25 20.3876 11.2534 -.25 19.9233 19.1001 -.25 17.6733
4 15 11.2534 -.25 19.9233 10.8725 -.25 19.3347 19.1112 -.25 16.9722 19.1001 -.25 17.6733
4 15 10.6072 -.25 18.6617 18.9796 -.25 16.261 19.1112 -.25 16.9722 10.8725 -.25 19.3347
4 15 10.6072 -.25 18.6617 10.4756 -.25 17.9506 18.7143 -.25 15.5883 18.9796 -.25 16.261
4 15 10.4867 -.25 17.2496 18.3333 -.25 14.9996 18.7143 -.25 15.5883 10.4756 -.25 17.9506
4 15 10.4867 -.25 17.2496 10.6398 -.25 16.6065 17.8629 -.25 14.5352 18.3333 -.25 14.9996
4 15 17.8629 -.25 14.5352 10.6398 -.25 16.6065 10.9242 -.25 16.065 17.3347 -.25 14.2268
4 15 16.785 -.25 14.0954 17.3347 -.25 14.2268 10.9242 -.25 16.065 11.3209 -.25 15.6622
4 15 11.8026 -.25 15.4255 16.251 -.25 14.15 16.785 -.25 14.0954 11.3209 -.25 15.6622
4 0 -1.0038 -.25 24.7862 -.4698 -.25 24.7316 1.4496 -.25 31.4259 -.3201 -.25 31.5879
4 0 -1.5535 -.25 24.6547 -1.0038 -.25 24.7862 -.3201 -.25 31.5879 -2.1523 -.25 31.1004
4 0 -1.5535 -.25 24.6547 -2.1523 -.25 31.1004 -3.922 -.25 29.9968 -2.0817 -.25 24.3463
4 0 -5.5088 -.25 28.352 -2.5523 -.25 23.8819 -2.0817 -.25 24.3463 -3.922 -.25 29.9968
4 0 -2.5523 -.25 23.8819 -5.5088 -.25 28.352 -6.8044 -.25 26.2785 -2.9332 -.25 23.2933
4 0 -2.9332 -.25 23.2933 -6.8044 -.25 26.2785 -7.7207 -.25 23.9172 -3.1984 -.25 22.6205
4 0 -3.9228 -.25 12.6901 1.9063 -.25 11.0185 -2.0032 -.25 19.3843 -2.4849 -.25 19.621
4 0 -5.5094 -.25 13.4904 -3.9228 -.25 12.6901 -2.4849 -.25 19.621 -2.8815 -.25 20.0238
4 0 -3.166 -.25 20.5651 -6.8049 -.25 14.8747 -5.5094 -.25 13.4904 -2.8815 -.25 20.0238
3 0 -3.166 -.25 20.5651 -7.7209 -.25 16.7485 -6.8049 -.25 14.8747
4 0 -8.1951 -.25 18.9841 -7.7209 -.25 16.7485 -3.166 -.25 20.5651 -3.3189 -.25 21.2084
4 0 -8.1949 -.25 21.4293 -8.1951 -.25 18.9841 -3.3189 -.25 21.2084 -3.33 -.25 21.9094
4 0 -7.7207 -.25 23.9172 -8.1949 -.25 21.4293 -3.33 -.25 21.9094 -3.1984 -.25 22.6205
4 0 5.8408 -.25 22.8235 8.8468 -.25 28.8647 7.2788 -.25 29.7545 5.3592 -.25 23.0601
4 0 9.722 -.25 27.6108 8.8468 -.25 28.8647 5.8408 -.25 22.8235 6.2374 -.25 22.4207
4 0 6.2374 -.25 22.4207 10.3278 -.25 25.3353 10.279 -.25 25.8554 9.722 -.25 27.6108
4 0 5.1142 -.25 11.5418 6.5168 -.25 12.7352 4.9095 -.25 17.7896 4.3598 -.25 17.6582
4 0 3.8259 -.25 17.7128 3.7074 -.25 10.9421 5.1142 -.25 11.5418 4.3598 -.25 17.6582
4 0 3.7074 -.25 10.9421 3.8259 -.25 17.7128 -2.0032 -.25 19.3843 1.9063 -.25 11.0185
4 0 -.4698 -.25 24.7316 5.3592 -.25 23.0601 7.2788 -.25 29.7545 1.4496 -.25 31.4259
4 15 -.4698 -.25 24.7316 -1.0038 -.25 24.7862 5.8408 -.25 22.8235 5.3592 -.25 23.0601
4 15 6.2374 -.25 22.4207 5.8408 -.25 22.8235 -1.0038 -.25 24.7862 -1.5535 -.25 24.6547
4 15 -2.0817 -.25 24.3463 6.522 -.25 21.8793 6.2374 -.25 22.4207 -1.5535 -.25 24.6547
4 15 -2.0817 -.25 24.3463 -2.5523 -.25 23.8819 6.675 -.25 21.2362 6.522 -.25 21.8793
4 15 6.675 -.25 21.2362 -2.5523 -.25 23.8819 -2.9332 -.25 23.2933 6.6861 -.25 20.535
4 15 6.5545 -.25 19.8238 6.6861 -.25 20.535 -2.9332 -.25 23.2933 -3.1984 -.25 22.6205
4 15 -3.33 -.25 21.9094 6.2892 -.25 19.1511 6.5545 -.25 19.8238 -3.1984 -.25 22.6205
4 15 -3.33 -.25 21.9094 -3.3189 -.25 21.2084 5.9082 -.25 18.5624 6.2892 -.25 19.1511
4 15 -3.166 -.25 20.5651 5.4378 -.25 18.098 5.9082 -.25 18.5624 -3.3189 -.25 21.2084
4 15 4.9095 -.25 17.7896 5.4378 -.25 18.098 -3.166 -.25 20.5651 -2.8815 -.25 20.0238
4 15 4.9095 -.25 17.7896 -2.8815 -.25 20.0238 -2.4849 -.25 19.621 4.3598 -.25 17.6582
4 15 3.8259 -.25 17.7128 4.3598 -.25 17.6582 -2.4849 -.25 19.621 -2.0032 -.25 19.3843
3 0 11.7241 -.25 20.3876 10.6448 -.25 25.7505 10.3278 -.25 25.3353
4 0 12.0474 -.25 26.944 10.6448 -.25 25.7505 11.7241 -.25 20.3876 12.2521 -.25 20.6959
4 0 6.522 -.25 21.8793 11.7241 -.25 20.3876 10.3278 -.25 25.3353 6.2374 -.25 22.4207
4 0 11.7241 -.25 20.3876 6.522 -.25 21.8793 6.675 -.25 21.2362 11.2534 -.25 19.9233
4 0 6.6861 -.25 20.535 10.8725 -.25 19.3347 11.2534 -.25 19.9233 6.675 -.25 21.2362
4 0 6.5545 -.25 19.8238 10.6072 -.25 18.6617 10.8725 -.25 19.3347 6.6861 -.25 20.535
4 0 6.2892 -.25 19.1511 10.4756 -.25 17.9506 10.6072 -.25 18.6617 6.5545 -.25 19.8238
4 0 5.9082 -.25 18.5624 10.4867 -.25 17.2496 10.4756 -.25 17.9506 6.2892 -.25 19.1511
4 0 10.4867 -.25 17.2496 5.9082 -.25 18.5624 5.4378 -.25 18.098 10.6398 -.25 16.6065
4 0 5.4378 -.25 18.098 6.8339 -.25 13.1504 10.9242 -.25 16.065 10.6398 -.25 16.6065
3 0 10.9242 -.25 16.065 6.8339 -.25 13.1504 6.8828 -.25 12.6302
4 0 5.4378 -.25 18.098 4.9095 -.25 17.7896 6.5168 -.25 12.7352 6.8339 -.25 13.1504
3 15 10.6448 -.25 25.7505 10.279 -.25 25.8554 10.3278 -.25 25.3353
4 15 10.279 -.25 25.8554 10.6448 -.25 25.7505 12.0474 -.25 26.944 9.722 -.25 27.6108
4 15 9.722 -.25 27.6108 12.0474 -.25 26.944 13.4542 -.25 27.5435 8.8468 -.25 28.8647
4 15 8.8468 -.25 28.8647 13.4542 -.25 27.5435 15.2553 -.25 27.4671 7.2788 -.25 29.7545
3 15 6.8828 -.25 12.6302 6.8339 -.25 13.1504 6.5168 -.25 12.7352
4 15 6.5168 -.25 12.7352 5.1142 -.25 11.5418 7.4397 -.25 10.8749 6.8828 -.25 12.6302
4 15 3.7074 -.25 10.9421 8.3149 -.25 9.621 7.4397 -.25 10.8749 5.1142 -.25 11.5418
4 15 1.9063 -.25 11.0185 9.883 -.25 8.7313 8.3149 -.25 9.621 3.7074 -.25 10.9421
4 0 13.6339 -.25 5.0228 11.7143 -.25 -1.6714 12.196 -.25 -1.9081 15.2205 -.25 4.2223
4 0 15.2205 -.25 4.2223 12.196 -.25 -1.9081 12.5925 -.25 -2.3109 16.516 -.25 2.8381
4 0 12.5925 -.25 -2.3109 12.8771 -.25 -2.8523 17.432 -.25 .9643 16.516 -.25 2.8381
4 0 12.8771 -.25 -2.8523 13.03 -.25 -3.4955 17.906 -.25 -1.2714 17.432 -.25 .9643
4 0 17.906 -.25 -3.7165 17.906 -.25 -1.2714 13.03 -.25 -3.4955 13.0411 -.25 -4.1965
4 0 8.2614 -.25 -13.713 10.0311 -.25 -13.8751 10.7149 -.25 -7.0733 10.1809 -.25 -7.0189
4 0 13.6331 -.25 -12.2839 11.2646 -.25 -6.9419 10.7149 -.25 -7.0733 10.0311 -.25 -13.8751
3 0 13.6331 -.25 -12.2839 10.0311 -.25 -13.8751 11.8633 -.25 -13.3876
4 0 11.7928 -.25 -6.6335 11.2646 -.25 -6.9419 13.6331 -.25 -12.2839 15.2199 -.25 -10.6393
4 0 15.2199 -.25 -10.6393 16.5155 -.25 -8.5656 12.2634 -.25 -6.1692 11.7928 -.25 -6.6335
4 0 -7.0739 -.25 3.6173 -6.5399 -.25 3.5629 -4.6203 -.25 10.2571 -6.3901 -.25 10.4191
4 0 -7.6236 -.25 3.4859 -7.0739 -.25 3.6173 -6.3901 -.25 10.4191 -8.2223 -.25 9.9318
4 0 -9.9921 -.25 8.8281 -8.1518 -.25 3.1777 -7.6236 -.25 3.4859 -8.2223 -.25 9.9318
4 0 -8.1518 -.25 3.1777 -9.9921 -.25 8.8281 -11.5788 -.25 7.1833 -8.6224 -.25 2.7132
4 0 -12.8745 -.25 5.1096 -9.0032 -.25 2.1246 -8.6224 -.25 2.7132 -11.5788 -.25 7.1833
4 0 -13.7908 -.25 2.7485 -9.2685 -.25 1.4517 -9.0032 -.25 2.1246 -12.8745 -.25 5.1096
3 0 -8.0733 -.25 -1.7846 -8.555 -.25 -1.5478 -9.9929 -.25 -8.4788
4 0 -11.5795 -.25 -7.6783 -9.9929 -.25 -8.4788 -8.555 -.25 -1.5478 -8.9515 -.25 -1.145
4 0 -9.2361 -.25 -.6036 -12.875 -.25 -6.2941 -11.5795 -.25 -7.6783 -8.9515 -.25 -1.145
4 0 -9.389 -.25 .0395 -13.791 -.25 -4.4203 -12.875 -.25 -6.2941 -9.2361 -.25 -.6036
3 0 -9.4001 -.25 .7405 -14.265 -.25 .2605 -14.265 -.25 -2.1846
4 0 -13.791 -.25 -4.4203 -9.389 -.25 .0395 -9.4001 -.25 .7405 -14.265 -.25 -2.1846
4 0 -9.4001 -.25 .7405 -9.2685 -.25 1.4517 -13.7908 -.25 2.7485 -14.265 -.25 .2605
4 0 -4.6203 -.25 10.2571 -6.5399 -.25 3.5629 11.7143 -.25 -1.6714 13.6339 -.25 5.0228
4 0 -8.0733 -.25 -1.7846 -9.9929 -.25 -8.4788 8.2614 -.25 -13.713 10.1809 -.25 -7.0189
4 15 11.7143 -.25 -1.6714 -6.5399 -.25 3.5629 -7.0739 -.25 3.6173 12.196 -.25 -1.9081
4 15 -7.6236 -.25 3.4859 12.5925 -.25 -2.3109 12.196 -.25 -1.9081 -7.0739 -.25 3.6173
4 15 -7.6236 -.25 3.4859 -8.1518 -.25 3.1777 12.8771 -.25 -2.8523 12.5925 -.25 -2.3109
4 15 -8.6224 -.25 2.7132 13.03 -.25 -3.4955 12.8771 -.25 -2.8523 -8.1518 -.25 3.1777
4 15 -8.6224 -.25 2.7132 -9.0032 -.25 2.1246 13.0411 -.25 -4.1965 13.03 -.25 -3.4955
4 15 13.0411 -.25 -4.1965 -9.0032 -.25 2.1246 -9.2685 -.25 1.4517 12.9095 -.25 -4.9077
4 15 12.6443 -.25 -5.5806 12.9095 -.25 -4.9077 -9.2685 -.25 1.4517 -9.4001 -.25 .7405
4 15 -9.389 -.25 .0395 12.2634 -.25 -6.1692 12.6443 -.25 -5.5806 -9.4001 -.25 .7405
4 15 -9.389 -.25 .0395 -9.2361 -.25 -.6036 11.7928 -.25 -6.6335 12.2634 -.25 -6.1692
4 15 11.7928 -.25 -6.6335 -9.2361 -.25 -.6036 -8.9515 -.25 -1.145 11.2646 -.25 -6.9419
4 15 -8.9515 -.25 -1.145 -8.555 -.25 -1.5478 10.7149 -.25 -7.0733 11.2646 -.25 -6.9419
4 15 -8.0733 -.25 -1.7846 10.1809 -.25 -7.0189 10.7149 -.25 -7.0733 -8.555 -.25 -1.5478
4 15 17.906 -.25 -3.7165 17.4318 -.25 -6.2045 23.5017 -.25 14.9644 22.5856 -.25 12.6031
4 15 17.906 -.25 -1.2714 17.906 -.25 -3.7165 22.5856 -.25 12.6031 21.2899 -.25 10.5295
4 15 17.432 -.25 .9643 17.906 -.25 -1.2714 21.2899 -.25 10.5295 19.7032 -.25 8.8848
4 15 19.7032 -.25 8.8848 17.9334 -.25 7.7811 16.516 -.25 2.8381 17.432 -.25 .9643
4 15 15.2205 -.25 4.2223 16.516 -.25 2.8381 17.9334 -.25 7.7811 16.1012 -.25 7.2936
4 15 13.6339 -.25 5.0228 15.2205 -.25 4.2223 16.1012 -.25 7.2936 14.3314 -.25 7.4556
4 15 -8.1949 -.25 21.4293 -7.7207 -.25 23.9172 -13.7908 -.25 2.7485 -12.8745 -.25 5.1096
4 15 -8.1951 -.25 18.9841 -8.1949 -.25 21.4293 -12.8745 -.25 5.1096 -11.5788 -.25 7.1833
4 15 -11.5788 -.25 7.1833 -9.9921 -.25 8.8281 -7.7209 -.25 16.7485 -8.1951 -.25 18.9841
4 15 -6.8049 -.25 14.8747 -7.7209 -.25 16.7485 -9.9921 -.25 8.8281 -8.2223 -.25 9.9318
4 15 -8.2223 -.25 9.9318 -6.3901 -.25 10.4191 -5.5094 -.25 13.4904 -6.8049 -.25 14.8747
4 15 -6.3901 -.25 10.4191 -4.6203 -.25 10.2571 -3.9228 -.25 12.6901 -5.5094 -.25 13.4904
3 15 1.9063 -.25 11.0185 -3.9228 -.25 12.6901 -4.6203 -.25 10.2571
3 15 14.3314 -.25 7.4556 9.883 -.25 8.7313 13.6339 -.25 5.0228
4 15 -4.6203 -.25 10.2571 13.6339 -.25 5.0228 9.883 -.25 8.7313 1.9063 -.25 11.0185
4 0 12.9095 -.25 -4.9077 17.4318 -.25 -6.2045 17.906 -.25 -3.7165 13.0411 -.25 -4.1965
3 0 17.4318 -.25 -6.2045 12.9095 -.25 -4.9077 12.6443 -.25 -5.5806
4 0 12.6443 -.25 -5.5806 12.2634 -.25 -6.1692 16.5155 -.25 -8.5656 17.4318 -.25 -6.2045
4 15 21.2906 -.25 25.3912 21.5769 -.25 30.964 20.111 -.25 32.0145 19.7038 -.25 26.1916
4 15 15.3464 -.25 34.5612 15.2553 -.25 27.4671 18.5795 -.25 32.9668 16.989 -.25 33.8169
4 15 20.111 -.25 32.0145 18.5795 -.25 32.9668 15.2553 -.25 27.4671 19.7038 -.25 26.1916
4 15 15.3464 -.25 34.5612 13.6586 -.25 35.1964 11.9328 -.25 35.7199 15.2553 -.25 27.4671
4 15 10.1765 -.25 36.1295 7.2788 -.25 29.7545 15.2553 -.25 27.4671 11.9328 -.25 35.7199
4 15 10.1765 -.25 36.1295 8.3972 -.25 36.4232 6.6024 -.25 36.6 7.2788 -.25 29.7545
4 15 2.9976 -.25 36.6 7.2788 -.25 29.7545 6.6024 -.25 36.6 4.8 -.25 36.659
4 15 7.2788 -.25 29.7545 2.9976 -.25 36.6 1.2028 -.25 36.4232 1.4496 -.25 31.4259
4 15 -.5765 -.25 36.1295 -.3201 -.25 31.5879 1.4496 -.25 31.4259 1.2028 -.25 36.4232
4 15 -2.1523 -.25 31.1004 -.3201 -.25 31.5879 -.5765 -.25 36.1295 -2.3328 -.25 35.7199
4 15 -3.922 -.25 29.9968 -2.1523 -.25 31.1004 -2.3328 -.25 35.7199 -4.0586 -.25 35.1964
4 15 -7.389 -.25 33.8169 -3.922 -.25 29.9968 -4.0586 -.25 35.1964 -5.7464 -.25 34.5612
4 15 -8.9795 -.25 32.9668 -5.5088 -.25 28.352 -3.922 -.25 29.9968 -7.389 -.25 33.8169
4 15 -5.5088 -.25 28.352 -8.9795 -.25 32.9668 -10.511 -.25 32.0145 -6.8044 -.25 26.2785
4 15 -11.9769 -.25 30.964 -7.7207 -.25 23.9172 -6.8044 -.25 26.2785 -10.511 -.25 32.0145
4 15 -14.6872 -.25 28.5872 -7.7207 -.25 23.9172 -11.9769 -.25 30.964 -13.3709 -.25 29.82
3 15 -7.7207 -.25 23.9172 -14.6872 -.25 28.5872 -15.92 -.25 27.2709
4 15 -15.92 -.25 27.2709 -17.064 -.25 25.8769 -18.1145 -.25 24.411 -7.7207 -.25 23.9172
4 15 -19.9169 -.25 21.289 -7.7207 -.25 23.9172 -18.1145 -.25 24.411 -19.0668 -.25 22.8795
4 15 -19.9169 -.25 21.289 -20.6612 -.25 19.6464 -21.2964 -.25 17.9586 -7.7207 -.25 23.9172
4 15 -13.7908 -.25 2.7485 -7.7207 -.25 23.9172 -21.2964 -.25 17.9586 -21.8199 -.25 16.2328
4 15 -14.265 -.25 .2605 -13.7908 -.25 2.7485 -21.8199 -.25 1.9672 -21.2964 -.25 .2414
4 15 -14.265 -.25 -2.1846 -14.265 -.25 .2605 -21.2964 -.25 .2414 -20.6612 -.25 -1.4464
4 15 -20.6612 -.25 -1.4464 -19.9169 -.25 -3.089 -13.791 -.25 -4.4203 -14.265 -.25 -2.1846
4 15 -18.1145 -.25 -6.211 -13.791 -.25 -4.4203 -19.9169 -.25 -3.089 -19.0668 -.25 -4.6795
3 15 -13.791 -.25 -4.4203 -18.1145 -.25 -6.211 -17.064 -.25 -7.6769
4 15 -17.064 -.25 -7.6769 -15.92 -.25 -9.0709 -12.875 -.25 -6.2941 -13.791 -.25 -4.4203
4 15 -15.92 -.25 -9.0709 -14.6872 -.25 -10.3872 -11.5795 -.25 -7.6783 -12.875 -.25 -6.2941
4 15 -14.6872 -.25 -10.3872 -13.3709 -.25 -11.62 -11.9769 -.25 -12.764 -11.5795 -.25 -7.6783
4 15 -10.511 -.25 -13.8145 -9.9929 -.25 -8.4788 -11.5795 -.25 -7.6783 -11.9769 -.25 -12.764
4 15 -7.389 -.25 -15.6169 -9.9929 -.25 -8.4788 -10.511 -.25 -13.8145 -8.9795 -.25 -14.7668
4 15 -7.389 -.25 -15.6169 -5.7464 -.25 -16.3612 -4.0586 -.25 -16.9964 -9.9929 -.25 -8.4788
4 15 -4.0586 -.25 -16.9964 -2.3328 -.25 -17.5199 -.5765 -.25 -17.9295 -9.9929 -.25 -8.4788
4 15 -.5765 -.25 -17.9295 1.2028 -.25 -18.2232 8.2614 -.25 -13.713 -9.9929 -.25 -8.4788
3 15 8.2614 -.25 -13.713 1.2028 -.25 -18.2232 2.9976 -.25 -18.4
4 15 6.6024 -.25 -18.4 8.2614 -.25 -13.713 2.9976 -.25 -18.4 4.8 -.25 -18.459
4 15 6.6024 -.25 -18.4 8.3972 -.25 -18.2232 10.1765 -.25 -17.9295 8.2614 -.25 -13.713
4 15 11.9328 -.25 -17.5199 10.0311 -.25 -13.8751 8.2614 -.25 -13.713 10.1765 -.25 -17.9295
4 15 10.0311 -.25 -13.8751 11.9328 -.25 -17.5199 13.6586 -.25 -16.9964 11.8633 -.25 -13.3876
4 15 13.6331 -.25 -12.2839 11.8633 -.25 -13.3876 13.6586 -.25 -16.9964 15.3464 -.25 -16.3612
4 15 15.2199 -.25 -10.6393 13.6331 -.25 -12.2839 15.3464 -.25 -16.3612 16.989 -.25 -15.6169
4 15 16.5155 -.25 -8.5656 15.2199 -.25 -10.6393 16.989 -.25 -15.6169 18.5795 -.25 -14.7668
4 15 21.5769 -.25 -12.764 16.5155 -.25 -8.5656 18.5795 -.25 -14.7668 20.111 -.25 -13.8145
4 15 22.9709 -.25 -11.62 17.4318 -.25 -6.2045 16.5155 -.25 -8.5656 21.5769 -.25 -12.764
4 15 22.9709 -.25 -11.62 24.2872 -.25 -10.3872 25.52 -.25 -9.0709 17.4318 -.25 -6.2045
4 15 27.7145 -.25 -6.211 17.4318 -.25 -6.2045 25.52 -.25 -9.0709 26.664 -.25 -7.6769
4 15 21.5769 -.25 30.964 21.2906 -.25 25.3912 22.5861 -.25 24.0068 22.6759 -.25 30.0621
3 15 23.5021 -.25 22.133 22.6759 -.25 30.0621 22.5861 -.25 24.0068
4 15 23.5021 -.25 22.133 23.9761 -.25 19.8974 29.419 -.25 -3.2722 22.6759 -.25 30.0621
3 15 29.419 -.25 -3.2722 23.9761 -.25 19.8974 23.976 -.25 17.4524
4 15 23.976 -.25 17.4524 23.5017 -.25 14.9644 28.6668 -.25 -4.6795 29.419 -.25 -3.2722
4 15 27.7145 -.25 -6.211 28.6668 -.25 -4.6795 23.5017 -.25 14.9644 17.4318 -.25 -6.2045
4 15 -21.9299 -.25 2.4389 -13.7908 -.25 2.7485 -21.8199 -.25 16.2328 -21.9254 -.25 15.7806
3 15 -13.7908 -.25 2.7485 -21.9299 -.25 2.4389 -21.8199 -.25 1.9672
4 0 -10.7184 -.25 50.7447 -9.3966 -.25 51.6709 -12.4396 -.25 51.6178 -11.0528 -.25 50.7388
3 0 -11.0528 -.25 50.7388 -12.4396 -.25 51.6178 -12.4239 -.25 50.7149
3 0 -9.3808 -.25 50.768 -9.3966 -.25 51.6709 -10.7184 -.25 50.7447
4 0 -12.4028 -.25 49.5111 -12.3871 -.25 48.6082 -9.344 -.25 48.6613 -11.0318 -.25 49.535
3 0 -9.344 -.25 48.6613 -10.6974 -.25 49.5408 -11.0318 -.25 49.535
3 0 -9.344 -.25 48.6613 -9.3598 -.25 49.5642 -10.6974 -.25 49.5408
4 0 -10.6974 -.25 49.5408 -10.7184 -.25 50.7447 -11.0528 -.25 50.7388 -11.0318 -.25 49.535
4 0 -9.3207 -.25 47.3237 -9.3364 -.25 48.2266 -12.3795 -.25 48.1735 -12.3637 -.25 47.2706
4 0 -10.5772 -.25 42.6522 -9.2553 -.25 43.5784 -12.2984 -.25 43.5253 -10.9116 -.25 42.6463
3 0 -10.9116 -.25 42.6463 -12.2984 -.25 43.5253 -12.2826 -.25 42.6224
3 0 -9.2396 -.25 42.6755 -9.2553 -.25 43.5784 -10.5772 -.25 42.6522
4 0 -12.2616 -.25 41.4185 -12.2458 -.25 40.5157 -9.2028 -.25 40.5688 -10.8905 -.25 41.4425
3 0 -9.2028 -.25 40.5688 -10.5561 -.25 41.4483 -10.8905 -.25 41.4425
3 0 -9.2028 -.25 40.5688 -9.2185 -.25 41.4717 -10.5561 -.25 41.4483
4 0 -10.5561 -.25 41.4483 -10.5772 -.25 42.6522 -10.9116 -.25 42.6463 -10.8905 -.25 41.4425
4 15 -9.9222 -.25 45.3731 -9.7195 -.25 45.729 -9.8235 -.25 45.8353 -9.9309 -.25 45.8747
4 15 -9.9222 -.25 45.3731 -10.1475 -.25 44.8674 -9.9134 -.25 44.8715 -9.8074 -.25 44.9146
4 15 -9.7072 -.25 45.0244 -9.6474 -.25 45.1871 -9.9222 -.25 45.3731 -9.8074 -.25 44.9146
4 15 -9.6541 -.25 45.5685 -9.7195 -.25 45.729 -9.9222 -.25 45.3731 -9.6474 -.25 45.1871
4 15 -11.7932 -.25 44.8799 -11.6858 -.25 44.8405 -11.6945 -.25 45.3421 -11.8972 -.25 44.9862
4 15 -11.7033 -.25 45.8437 -11.9095 -.25 45.6908 -11.9693 -.25 45.5281 -11.6945 -.25 45.3421
3 15 -11.7033 -.25 45.8437 -11.8093 -.25 45.8006 -11.9095 -.25 45.6908
4 15 -11.9627 -.25 45.1467 -11.8972 -.25 44.9862 -11.6945 -.25 45.3421 -11.9693 -.25 45.5281
3 15 -10.1475 -.25 44.8674 -10.7911 -.25 45.3245 -10.7829 -.25 44.8563
3 15 -9.9309 -.25 45.8747 -11.7033 -.25 45.8437 -11.6945 -.25 45.3421
4 15 -11.6858 -.25 44.8405 -11.1173 -.25 44.8505 -11.1255 -.25 45.3186 -11.6945 -.25 45.3421
4 0 -9.9309 -.25 45.8747 -9.8235 -.25 45.8353 -9.6166 -.25 46.7224 -9.8129 -.25 46.7799
4 0 -9.2991 -.25 46.0864 -9.3339 -.25 46.3515 -9.6166 -.25 46.7224 -9.8235 -.25 45.8353
3 0 -9.3339 -.25 46.3515 -9.4484 -.25 46.5748 -9.6166 -.25 46.7224
3 0 -9.2991 -.25 46.0864 -9.8235 -.25 45.8353 -9.7195 -.25 45.729
4 0 -9.6474 -.25 45.1871 -9.3001 -.25 44.4157 -9.2746 -.25 44.6819 -9.6541 -.25 45.5685
4 0 -9.3001 -.25 44.4157 -9.6474 -.25 45.1871 -9.7072 -.25 45.0244 -9.4068 -.25 44.1886
4 0 -9.7639 -.25 43.9709 -9.5697 -.25 44.0352 -9.7072 -.25 45.0244 -9.8074 -.25 44.9146
3 0 -9.4068 -.25 44.1886 -9.7072 -.25 45.0244 -9.5697 -.25 44.0352
3 0 -9.9134 -.25 44.8715 -10.1475 -.25 44.8674 -10.1318 -.25 43.9645
4 0 -9.8074 -.25 44.9146 -9.9134 -.25 44.8715 -10.1318 -.25 43.9645 -9.7639 -.25 43.9709
4 0 -11.7033 -.25 45.8437 -11.8528 -.25 46.7443 -12.047 -.25 46.68 -11.8093 -.25 45.8006
4 0 -12.2099 -.25 46.5266 -11.9095 -.25 45.6908 -11.8093 -.25 45.8006 -12.047 -.25 46.68
4 0 -12.3166 -.25 46.2995 -12.3421 -.25 46.0333 -11.9095 -.25 45.6908 -12.2099 -.25 46.5266
4 0 -11.9693 -.25 45.5281 -11.9095 -.25 45.6908 -12.3421 -.25 46.0333 -12.3211 -.25 44.8294
3 0 -11.9627 -.25 45.1467 -11.9693 -.25 45.5281 -12.3211 -.25 44.8294
4 0 -11.8972 -.25 44.9862 -11.9627 -.25 45.1467 -12.3211 -.25 44.8294 -12.3054 -.25 43.9266
3 0 -11.7932 -.25 44.8799 -11.8972 -.25 44.9862 -12.3054 -.25 43.9266
4 0 -12.3054 -.25 43.9266 -10.7671 -.25 43.9534 -11.6858 -.25 44.8405 -11.7932 -.25 44.8799
3 0 -10.7671 -.25 43.9534 -11.1173 -.25 44.8505 -11.6858 -.25 44.8405
4 0 -10.7829 -.25 44.8563 -11.1255 -.25 45.3186 -11.1173 -.25 44.8505 -10.7671 -.25 43.9534
3 0 -10.7829 -.25 44.8563 -10.7911 -.25 45.3245 -11.1255 -.25 45.3186
4 0 -11.7033 -.25 45.8437 -9.9309 -.25 45.8747 -9.8129 -.25 46.7799 -11.8528 -.25 46.7443
4 15 -10.7829 -.25 44.8563 -10.7671 -.25 43.9534 -10.1318 -.25 43.9645 -10.1475 -.25 44.8674
4 15 -12.4239 -.25 50.7149 -12.4028 -.25 49.5111 -11.0318 -.25 49.535 -11.0528 -.25 50.7388
4 15 -12.3871 -.25 48.6082 -12.3795 -.25 48.1735 -9.3364 -.25 48.2266 -9.344 -.25 48.6613
4 15 -9.3468 -.25 50.7352 -10.7184 -.25 50.7447 -10.3095 -.25 50.317 -9.0054 -.25 50.3397
4 15 -10.7184 -.25 50.7447 -10.6974 -.25 49.5408 -10.3037 -.25 49.9826 -10.3095 -.25 50.317
4 15 -10.3037 -.25 49.9826 -10.6974 -.25 49.5408 -9.3598 -.25 49.5642 -8.9995 -.25 50.0053
4 15 -9.344 -.25 48.6613 -8.9447 -.25 46.8619 -8.9995 -.25 50.0053 -9.3598 -.25 49.5642
4 15 -9.045 -.25 46.8602 -8.9447 -.25 46.8619 -9.344 -.25 48.6613 -9.3364 -.25 48.2266
3 15 -9.045 -.25 46.8602 -9.3364 -.25 48.2266 -9.3207 -.25 47.3237
4 15 -9.8129 -.25 46.7799 -9.6166 -.25 46.7224 -9.045 -.25 46.8602 -9.3207 -.25 47.3237
3 15 -9.045 -.25 46.8602 -9.6166 -.25 46.7224 -9.4484 -.25 46.5748
3 15 -9.045 -.25 46.8602 -9.4484 -.25 46.5748 -9.3339 -.25 46.3515
4 15 -9.045 -.25 46.8602 -9.3339 -.25 46.3515 -9.2991 -.25 46.0864 -8.9406 -.25 46.6279
4 15 -9.2991 -.25 46.0864 -9.2746 -.25 44.6819 -8.9015 -.25 44.3874 -8.9406 -.25 46.6279
4 15 -8.9015 -.25 44.3874 -9.2746 -.25 44.6819 -9.3001 -.25 44.4157 -8.9314 -.25 44.1861
4 15 -9.3001 -.25 44.4157 -9.4068 -.25 44.1886 -9.0288 -.25 44.0172 -8.9314 -.25 44.1861
4 15 -9.2553 -.25 43.5784 -9.0288 -.25 44.0172 -9.4068 -.25 44.1886 -9.5697 -.25 44.0352
3 15 -9.2553 -.25 43.5784 -9.5697 -.25 44.0352 -9.7639 -.25 43.9709
4 15 -10.1318 -.25 43.9645 -12.2984 -.25 43.5253 -9.2553 -.25 43.5784 -9.7639 -.25 43.9709
3 15 -10.1318 -.25 43.9645 -10.7671 -.25 43.9534 -12.2984 -.25 43.5253
4 15 -11.8528 -.25 46.7443 -9.8129 -.25 46.7799 -9.3207 -.25 47.3237 -12.3637 -.25 47.2706
3 15 -11.8528 -.25 46.7443 -12.3637 -.25 47.2706 -12.047 -.25 46.68
4 15 -12.8595 -.25 46.9274 -12.2099 -.25 46.5266 -12.047 -.25 46.68 -12.3637 -.25 47.2706
4 15 -12.2826 -.25 42.6224 -12.2616 -.25 41.4185 -10.8905 -.25 41.4425 -10.9116 -.25 42.6463
4 0 -13.4669 -.25 51.0647 -13.4027 -.25 51.0531 -13.0357 -.25 51.4091 -13.1455 -.25 51.4797
4 0 -12.9336 -.25 51.1743 -12.9614 -.25 51.3019 -13.3478 -.25 51.0178 -13.3106 -.25 50.9642
4 0 -13.4027 -.25 51.0531 -13.3478 -.25 51.0178 -12.9614 -.25 51.3019 -13.0357 -.25 51.4091
4 0 -12.9196 -.25 50.3717 -12.9336 -.25 51.1743 -13.3106 -.25 50.9642 -13.2968 -.25 50.9004
4 0 -13.0135 -.25 50.1336 -13.3926 -.25 50.4766 -13.4564 -.25 50.4627 -13.1207 -.25 50.0592
4 0 -14.9612 -.25 50.4365 -13.2482 -.25 50.0315 -13.1207 -.25 50.0592 -13.4564 -.25 50.4627
4 0 -12.9429 -.25 50.2434 -13.339 -.25 50.5137 -13.3926 -.25 50.4766 -13.0135 -.25 50.1336
4 0 -12.9196 -.25 50.3717 -13.3037 -.25 50.5686 -13.339 -.25 50.5137 -12.9429 -.25 50.2434
3 0 -12.9196 -.25 50.3717 -13.2921 -.25 50.6328 -13.3037 -.25 50.5686
3 0 -12.9196 -.25 50.3717 -13.2968 -.25 50.9004 -13.2921 -.25 50.6328
4 0 -15.0355 -.25 51.0246 -14.9717 -.25 51.0384 -15.18 -.25 51.4696 -15.3075 -.25 51.442
4 0 -15.0891 -.25 50.9874 -15.0355 -.25 51.0246 -15.3075 -.25 51.442 -15.4147 -.25 51.3676
4 0 -15.1244 -.25 50.9325 -15.0891 -.25 50.9874 -15.4147 -.25 51.3676 -15.4853 -.25 51.2578
4 0 -15.136 -.25 50.8683 -15.1244 -.25 50.9325 -15.4853 -.25 51.2578 -15.5085 -.25 51.1294
4 0 -15.0255 -.25 50.4481 -15.2827 -.25 50.0215 -15.1543 -.25 49.9982 -14.9612 -.25 50.4365
4 0 -15.0803 -.25 50.4834 -15.3925 -.25 50.0921 -15.2827 -.25 50.0215 -15.0255 -.25 50.4481
4 0 -15.4945 -.25 50.3268 -15.4669 -.25 50.1993 -15.0803 -.25 50.4834 -15.1175 -.25 50.537
3 0 -15.0803 -.25 50.4834 -15.4669 -.25 50.1993 -15.3925 -.25 50.0921
3 0 -15.1175 -.25 50.537 -15.1313 -.25 50.6007 -15.4945 -.25 50.3268
4 0 -15.5085 -.25 51.1294 -15.4945 -.25 50.3268 -15.1313 -.25 50.6007 -15.136 -.25 50.8683
3 0 -13.2739 -.25 51.5029 -15.18 -.25 51.4696 -14.9717 -.25 51.0384
4 0 -13.1455 -.25 51.4797 -13.2739 -.25 51.5029 -14.9717 -.25 51.0384 -13.4669 -.25 51.0647
3 0 -13.2482 -.25 50.0315 -14.9612 -.25 50.4365 -15.1543 -.25 49.9982
4 0 -13.0036 -.25 49.5699 -13.1134 -.25 49.6405 -13.4348 -.25 49.2254 -13.3706 -.25 49.2139
4 0 -14.9396 -.25 49.1992 -13.4348 -.25 49.2254 -13.1134 -.25 49.6405 -13.2418 -.25 49.6637
4 0 -12.9015 -.25 49.3351 -12.9292 -.25 49.4627 -13.3157 -.25 49.1786 -13.2785 -.25 49.1249
4 0 -13.3706 -.25 49.2139 -13.3157 -.25 49.1786 -12.9292 -.25 49.4627 -13.0036 -.25 49.5699
4 0 -12.9837 -.25 48.4282 -13.3629 -.25 48.7711 -13.4267 -.25 48.7573 -13.0909 -.25 48.3538
4 0 -12.8899 -.25 48.6663 -13.274 -.25 48.8632 -13.3093 -.25 48.8083 -12.9131 -.25 48.5379
4 0 -13.3629 -.25 48.7711 -12.9837 -.25 48.4282 -12.9131 -.25 48.5379 -13.3093 -.25 48.8083
3 0 -12.8899 -.25 48.6663 -13.2624 -.25 48.9274 -13.274 -.25 48.8632
3 0 -12.8899 -.25 48.6663 -13.2647 -.25 49.0612 -13.2624 -.25 48.9274
4 0 -13.2785 -.25 49.1249 -13.2647 -.25 49.0612 -12.8899 -.25 48.6663 -12.9015 -.25 49.3351
4 0 -15.0034 -.25 49.1854 -14.9396 -.25 49.1992 -15.1479 -.25 49.6304 -15.2754 -.25 49.6027
4 0 -15.057 -.25 49.1482 -15.0034 -.25 49.1854 -15.2754 -.25 49.6027 -15.3826 -.25 49.5284
4 0 -15.0923 -.25 49.0933 -15.057 -.25 49.1482 -15.3826 -.25 49.5284 -15.4532 -.25 49.4186
4 0 -15.1039 -.25 49.0291 -15.0923 -.25 49.0933 -15.4532 -.25 49.4186 -15.4764 -.25 49.2902
4 0 -14.7901 -.25 48.2986 -14.9957 -.25 48.7426 -15.0506 -.25 48.7779 -15.1245 -.25 48.2928
4 0 -15.1245 -.25 48.2928 -15.0506 -.25 48.7779 -15.0878 -.25 48.8315 -15.253 -.25 48.316
4 0 -15.1016 -.25 48.8953 -15.3627 -.25 48.3866 -15.253 -.25 48.316 -15.0878 -.25 48.8315
3 0 -15.4371 -.25 48.4939 -15.4764 -.25 49.2902 -15.4647 -.25 48.6214
4 0 -15.3627 -.25 48.3866 -15.1016 -.25 48.8953 -15.4764 -.25 49.2902 -15.4371 -.25 48.4939
3 0 -15.1016 -.25 48.8953 -15.1039 -.25 49.0291 -15.4764 -.25 49.2902
3 0 -13.2418 -.25 49.6637 -15.1479 -.25 49.6304 -14.9396 -.25 49.1992
3 0 -13.4267 -.25 48.7573 -13.6607 -.25 48.7532 -13.6531 -.25 48.3185
4 0 -13.0909 -.25 48.3538 -13.4267 -.25 48.7573 -13.6531 -.25 48.3185 -13.2184 -.25 48.3261
3 0 -14.7901 -.25 48.2986 -14.7977 -.25 48.7333 -14.9315 -.25 48.731
3 0 -14.7901 -.25 48.2986 -14.9315 -.25 48.731 -14.9957 -.25 48.7426
3 0 -12.8805 -.25 48.1313 -13.2484 -.25 48.1248 -13.2414 -.25 47.7236
4 0 -15.4414 -.25 47.2837 -13.2344 -.25 47.3223 -13.2414 -.25 47.7236 -15.4484 -.25 47.685
3 0 -12.8805 -.25 48.1313 -13.2414 -.25 47.7236 -13.2344 -.25 47.3223
4 0 -13.2344 -.25 47.3223 -13.2273 -.25 46.921 -12.8595 -.25 46.9274 -12.8805 -.25 48.1313
4 0 -12.9517 -.25 46.5937 -13.0614 -.25 46.6643 -13.3829 -.25 46.2493 -13.3186 -.25 46.2377
4 0 -14.1854 -.25 46.2353 -13.3829 -.25 46.2493 -13.0614 -.25 46.6643 -13.1898 -.25 46.6875
4 0 -12.8496 -.25 46.3589 -12.8773 -.25 46.4865 -13.2638 -.25 46.2024 -13.2266 -.25 46.1488
4 0 -13.3186 -.25 46.2377 -13.2638 -.25 46.2024 -12.8773 -.25 46.4865 -12.9517 -.25 46.5937
4 0 -12.9294 -.25 45.3182 -13.3086 -.25 45.6612 -13.3724 -.25 45.6473 -13.0366 -.25 45.2438
4 0 -14.1749 -.25 45.6333 -13.1641 -.25 45.2161 -13.0366 -.25 45.2438 -13.3724 -.25 45.6473
4 0 -12.8356 -.25 45.5564 -13.2197 -.25 45.7532 -13.255 -.25 45.6984 -12.8588 -.25 45.428
4 0 -13.3086 -.25 45.6612 -12.9294 -.25 45.3182 -12.8588 -.25 45.428 -13.255 -.25 45.6984
3 0 -12.8356 -.25 45.5564 -13.2081 -.25 45.8175 -13.2197 -.25 45.7532
3 0 -12.8356 -.25 45.5564 -13.2128 -.25 46.085 -13.2081 -.25 45.8175
4 0 -13.2266 -.25 46.1488 -13.2128 -.25 46.085 -12.8356 -.25 45.5564 -12.8496 -.25 46.3589
4 0 -14.453 -.25 46.2306 -14.4425 -.25 45.6287 -14.1749 -.25 45.6333 -14.1854 -.25 46.2353
3 0 -13.1898 -.25 46.6875 -14.453 -.25 46.2306 -14.1854 -.25 46.2353
4 0 -15.4227 -.25 46.2137 -14.453 -.25 46.2306 -13.1898 -.25 46.6875 -15.4303 -.25 46.6484
4 0 -14.4425 -.25 45.6287 -15.4046 -.25 45.177 -13.1641 -.25 45.2161 -14.1749 -.25 45.6333
3 0 -14.4425 -.25 45.6287 -15.4122 -.25 45.6117 -15.4046 -.25 45.177
4 0 -13.8195 -.25 44.4353 -13.9451 -.25 43.9648 -12.8163 -.25 44.4528 -12.8233 -.25 44.8541
4 0 -13.8195 -.25 44.4353 -12.8233 -.25 44.8541 -15.3982 -.25 44.8092 -15.3912 -.25 44.4079
3 0 -14.8814 -.25 43.9485 -15.383 -.25 43.9397 -15.376 -.25 43.5385
4 0 -13.9451 -.25 43.9648 -13.8195 -.25 44.4353 -14.8814 -.25 43.9485 -15.376 -.25 43.5385
4 0 -12.8011 -.25 43.5834 -12.8081 -.25 43.9847 -13.9451 -.25 43.9648 -15.376 -.25 43.5385
4 0 -14.1241 -.25 42.724 -14.1136 -.25 42.1221 -13.8461 -.25 42.1268 -13.8566 -.25 42.7287
4 0 -12.776 -.25 42.1455 -12.7935 -.25 43.1487 -13.1209 -.25 42.7416 -13.1104 -.25 42.1396
4 0 -13.1209 -.25 42.7416 -12.7935 -.25 43.1487 -15.3684 -.25 43.1037 -13.8566 -.25 42.7287
3 0 -13.8566 -.25 42.7287 -15.3684 -.25 43.1037 -14.1241 -.25 42.724
3 0 -14.1241 -.25 42.724 -15.3684 -.25 43.1037 -15.027 -.25 42.7083
4 0 -15.027 -.25 42.7083 -15.3684 -.25 43.1037 -15.3509 -.25 42.1005 -15.0165 -.25 42.1064
4 0 -13.7405 -.25 41.8276 -13.2982 -.25 41.4004 -12.9768 -.25 41.8154 -13.1052 -.25 41.8387
4 0 -12.7927 -.25 41.6376 -12.8671 -.25 41.7448 -13.234 -.25 41.3889 -13.1791 -.25 41.3536
4 0 -13.2982 -.25 41.4004 -13.234 -.25 41.3889 -12.8671 -.25 41.7448 -12.9768 -.25 41.8154
3 0 -12.7927 -.25 41.6376 -13.1791 -.25 41.3536 -13.1419 -.25 41.2999
4 0 -12.7927 -.25 41.6376 -13.1419 -.25 41.2999 -13.1281 -.25 41.2362 -12.7649 -.25 41.5101
4 0 -13.2901 -.25 40.9323 -12.9543 -.25 40.5287 -12.8471 -.25 40.6031 -13.2263 -.25 40.9461
4 0 -13.2263 -.25 40.9461 -12.8471 -.25 40.6031 -12.7765 -.25 40.7129 -13.1727 -.25 40.9833
4 0 -13.1727 -.25 40.9833 -12.7765 -.25 40.7129 -12.7533 -.25 40.8413 -13.1374 -.25 41.0382
3 0 -12.7533 -.25 40.8413 -13.1258 -.25 41.1024 -13.1374 -.25 41.0382
4 0 -13.1258 -.25 41.1024 -12.7533 -.25 40.8413 -12.7649 -.25 41.5101 -13.1281 -.25 41.2362
4 0 -15.0113 -.25 41.8054 -15.1388 -.25 41.7777 -14.8668 -.25 41.3604 -14.803 -.25 41.3742
4 0 -14.9204 -.25 41.3232 -14.8668 -.25 41.3604 -15.1388 -.25 41.7777 -15.2461 -.25 41.7033
4 0 -15.3398 -.25 41.4652 -14.9557 -.25 41.2683 -14.9204 -.25 41.3232 -15.3167 -.25 41.5935
3 0 -14.9204 -.25 41.3232 -15.2461 -.25 41.7033 -15.3167 -.25 41.5935
4 0 -14.9879 -.25 40.4678 -14.7949 -.25 40.906 -14.8591 -.25 40.9176 -15.1164 -.25 40.491
4 0 -14.914 -.25 40.9529 -15.2261 -.25 40.5616 -15.1164 -.25 40.491 -14.8591 -.25 40.9176
4 0 -14.9512 -.25 41.0065 -15.3005 -.25 40.6688 -15.2261 -.25 40.5616 -14.914 -.25 40.9529
4 0 -14.965 -.25 41.0703 -15.3282 -.25 40.7964 -15.3005 -.25 40.6688 -14.9512 -.25 41.0065
4 0 -14.9557 -.25 41.2683 -15.3398 -.25 41.4652 -15.3282 -.25 40.7964 -14.9673 -.25 41.2041
3 0 -14.965 -.25 41.0703 -14.9673 -.25 41.2041 -15.3282 -.25 40.7964
3 0 -13.2901 -.25 40.9323 -13.4238 -.25 40.93 -13.4162 -.25 40.4952
4 0 -12.9543 -.25 40.5287 -13.2901 -.25 40.9323 -13.4162 -.25 40.4952 -13.0818 -.25 40.5011
4 0 -15.0113 -.25 41.8054 -14.803 -.25 41.3742 -14.6358 -.25 41.3771 -14.6434 -.25 41.8118
4 0 -13.7405 -.25 41.8276 -13.8681 -.25 41.7999 -13.5961 -.25 41.3825 -13.5323 -.25 41.3964
4 0 -13.6497 -.25 41.3453 -13.5961 -.25 41.3825 -13.8681 -.25 41.7999 -13.9753 -.25 41.7255
4 0 -13.9753 -.25 41.7255 -14.0459 -.25 41.6157 -13.685 -.25 41.2905 -13.6497 -.25 41.3453
4 0 -14.3632 -.25 40.9263 -14.427 -.25 40.9124 -14.2188 -.25 40.4812 -14.0913 -.25 40.5089
3 0 -13.9841 -.25 40.5833 -14.3632 -.25 40.9263 -14.0913 -.25 40.5089
4 0 -14.3632 -.25 40.9263 -13.9841 -.25 40.5833 -13.9135 -.25 40.693 -14.3096 -.25 40.9635
3 0 -13.9135 -.25 40.693 -14.2743 -.25 41.0183 -14.3096 -.25 40.9635
4 0 -13.9135 -.25 40.693 -13.685 -.25 41.2905 -14.0459 -.25 41.6157 -14.2743 -.25 41.0183
3 0 -13.2982 -.25 41.4004 -13.7405 -.25 41.8276 -13.5323 -.25 41.3964
4 15 -13.4027 -.25 51.0531 -13.2968 -.25 50.9004 -13.3106 -.25 50.9642 -13.3478 -.25 51.0178
3 15 -13.2921 -.25 50.6328 -13.2968 -.25 50.9004 -13.4027 -.25 51.0531
3 15 -13.3037 -.25 50.5686 -13.4669 -.25 51.0647 -13.4564 -.25 50.4627
4 15 -13.4027 -.25 51.0531 -13.4669 -.25 51.0647 -13.3037 -.25 50.5686 -13.2921 -.25 50.6328
4 15 -13.3926 -.25 50.4766 -13.339 -.25 50.5137 -13.3037 -.25 50.5686 -13.4564 -.25 50.4627
4 15 -14.9717 -.25 51.0384 -14.9612 -.25 50.4365 -13.4564 -.25 50.4627 -13.4669 -.25 51.0647
4 15 -15.1244 -.25 50.9325 -15.136 -.25 50.8683 -15.0355 -.25 51.0246 -15.0891 -.25 50.9874
3 15 -15.0355 -.25 51.0246 -15.136 -.25 50.8683 -15.1313 -.25 50.6007
4 15 -15.1175 -.25 50.537 -14.9717 -.25 51.0384 -15.0355 -.25 51.0246 -15.1313 -.25 50.6007
4 15 -15.0803 -.25 50.4834 -14.9612 -.25 50.4365 -14.9717 -.25 51.0384 -15.1175 -.25 50.537
3 15 -14.9612 -.25 50.4365 -15.0803 -.25 50.4834 -15.0255 -.25 50.4481
4 15 -15.4764 -.25 49.2902 -15.4532 -.25 49.4186 -15.4669 -.25 50.1993 -15.4945 -.25 50.3268
4 15 -15.4532 -.25 49.4186 -15.3826 -.25 49.5284 -15.3925 -.25 50.0921 -15.4669 -.25 50.1993
4 15 -15.2827 -.25 50.0215 -15.3925 -.25 50.0921 -15.3826 -.25 49.5284 -15.2754 -.25 49.6027
4 15 -15.2754 -.25 49.6027 -15.1479 -.25 49.6304 -15.1543 -.25 49.9982 -15.2827 -.25 50.0215
4 15 -15.1543 -.25 49.9982 -15.1479 -.25 49.6304 -13.2418 -.25 49.6637 -13.2482 -.25 50.0315
4 15 -12.9292 -.25 49.4627 -12.9015 -.25 49.3351 -12.9196 -.25 50.3717 -12.9429 -.25 50.2434
4 15 -12.9429 -.25 50.2434 -13.0135 -.25 50.1336 -13.0036 -.25 49.5699 -12.9292 -.25 49.4627
4 15 -13.1134 -.25 49.6405 -13.0036 -.25 49.5699 -13.0135 -.25 50.1336 -13.1207 -.25 50.0592
4 15 -13.2418 -.25 49.6637 -13.1134 -.25 49.6405 -13.1207 -.25 50.0592 -13.2482 -.25 50.0315
4 15 -13.0357 -.25 51.4091 -12.9614 -.25 51.3019 -12.4396 -.25 51.6178 -12.9447 -.25 51.8097
4 15 -12.4396 -.25 51.6178 -12.9614 -.25 51.3019 -12.9336 -.25 51.1743 -12.4239 -.25 50.7149
4 15 -12.9196 -.25 50.3717 -12.4028 -.25 49.5111 -12.4239 -.25 50.7149 -12.9336 -.25 51.1743
4 15 -12.4028 -.25 49.5111 -12.9196 -.25 50.3717 -12.9015 -.25 49.3351 -12.3871 -.25 48.6082
4 15 -12.8899 -.25 48.6663 -12.3795 -.25 48.1735 -12.3871 -.25 48.6082 -12.9015 -.25 49.3351
4 15 -12.8805 -.25 48.1313 -12.3795 -.25 48.1735 -12.8899 -.25 48.6663 -12.9131 -.25 48.5379
3 15 -12.8805 -.25 48.1313 -12.9131 -.25 48.5379 -12.9837 -.25 48.4282
4 15 -12.8805 -.25 48.1313 -12.9837 -.25 48.4282 -13.0909 -.25 48.3538 -13.2484 -.25 48.1248
3 15 -13.0909 -.25 48.3538 -13.2184 -.25 48.3261 -13.2484 -.25 48.1248
3 15 -13.2184 -.25 48.3261 -13.6531 -.25 48.3185 -13.2484 -.25 48.1248
4 15 -13.2785 -.25 49.1249 -13.3157 -.25 49.1786 -13.3706 -.25 49.2139 -13.2647 -.25 49.0612
4 15 -13.3629 -.25 48.7711 -13.3093 -.25 48.8083 -13.274 -.25 48.8632 -13.4267 -.25 48.7573
4 15 -13.3706 -.25 49.2139 -13.4267 -.25 48.7573 -13.274 -.25 48.8632 -13.2647 -.25 49.0612
3 15 -13.2624 -.25 48.9274 -13.2647 -.25 49.0612 -13.274 -.25 48.8632
3 15 -13.3706 -.25 49.2139 -13.4348 -.25 49.2254 -13.4267 -.25 48.7573
4 15 -13.4348 -.25 49.2254 -14.9396 -.25 49.1992 -13.6607 -.25 48.7532 -13.4267 -.25 48.7573
4 15 -13.6607 -.25 48.7532 -14.9396 -.25 49.1992 -14.7977 -.25 48.7333 -13.6531 -.25 48.3185
4 15 -15.0923 -.25 49.0933 -15.1039 -.25 49.0291 -15.0034 -.25 49.1854 -15.057 -.25 49.1482
4 15 -15.1039 -.25 49.0291 -15.1016 -.25 48.8953 -14.9396 -.25 49.1992 -15.0034 -.25 49.1854
4 15 -14.9315 -.25 48.731 -14.7977 -.25 48.7333 -14.9396 -.25 49.1992 -15.1016 -.25 48.8953
4 15 -15.0878 -.25 48.8315 -15.0506 -.25 48.7779 -14.9957 -.25 48.7426 -15.1016 -.25 48.8953
3 15 -14.9315 -.25 48.731 -15.1016 -.25 48.8953 -14.9957 -.25 48.7426
4 15 -15.3627 -.25 48.3866 -15.4371 -.25 48.4939 -15.7846 -.25 47.7795 -15.4484 -.25 47.685
3 15 -15.253 -.25 48.316 -15.3627 -.25 48.3866 -15.4484 -.25 47.685
3 15 -15.1245 -.25 48.2928 -15.253 -.25 48.316 -15.4484 -.25 47.685
4 15 -15.1245 -.25 48.2928 -15.4484 -.25 47.685 -13.2414 -.25 47.7236 -14.7901 -.25 48.2986
4 15 -14.7977 -.25 48.7333 -14.7901 -.25 48.2986 -13.2414 -.25 47.7236 -13.6531 -.25 48.3185
3 15 -13.2414 -.25 47.7236 -13.2484 -.25 48.1248 -13.6531 -.25 48.3185
4 15 -15.4414 -.25 47.2837 -15.4303 -.25 46.6484 -13.2273 -.25 46.921 -13.2344 -.25 47.3223
4 15 -13.1898 -.25 46.6875 -12.8595 -.25 46.9274 -13.2273 -.25 46.921 -15.4303 -.25 46.6484
3 15 -12.8595 -.25 46.9274 -13.1898 -.25 46.6875 -13.0614 -.25 46.6643
3 15 -12.8595 -.25 46.9274 -13.0614 -.25 46.6643 -12.9517 -.25 46.5937
3 15 -12.8595 -.25 46.9274 -12.9517 -.25 46.5937 -12.8773 -.25 46.4865
4 15 -12.2099 -.25 46.5266 -12.8595 -.25 46.9274 -12.8773 -.25 46.4865 -12.3166 -.25 46.2995
3 15 -12.3166 -.25 46.2995 -12.8773 -.25 46.4865 -12.8496 -.25 46.3589
4 15 -12.8805 -.25 48.1313 -12.8595 -.25 46.9274 -12.3637 -.25 47.2706 -12.3795 -.25 48.1735
4 15 -12.8496 -.25 46.3589 -12.8356 -.25 45.5564 -12.3421 -.25 46.0333 -12.3166 -.25 46.2995
4 15 -12.3211 -.25 44.8294 -12.8233 -.25 44.8541 -12.8163 -.25 44.4528 -12.3054 -.25 43.9266
4 15 -12.2984 -.25 43.5253 -12.3054 -.25 43.9266 -12.8163 -.25 44.4528 -12.8081 -.25 43.9847
4 15 -12.2826 -.25 42.6224 -12.2984 -.25 43.5253 -12.8081 -.25 43.9847 -12.8011 -.25 43.5834
4 15 -15.3912 -.25 44.4079 -15.383 -.25 43.9397 -14.8814 -.25 43.9485 -13.8195 -.25 44.4353
3 15 -12.8081 -.25 43.9847 -12.8163 -.25 44.4528 -13.9451 -.25 43.9648
3 15 -12.3421 -.25 46.0333 -12.8356 -.25 45.5564 -12.8588 -.25 45.428
4 15 -12.9294 -.25 45.3182 -12.8233 -.25 44.8541 -12.3421 -.25 46.0333 -12.8588 -.25 45.428
3 15 -12.8233 -.25 44.8541 -12.9294 -.25 45.3182 -13.0366 -.25 45.2438
3 15 -12.8233 -.25 44.8541 -13.0366 -.25 45.2438 -13.1641 -.25 45.2161
3 15 -12.3211 -.25 44.8294 -12.3421 -.25 46.0333 -12.8233 -.25 44.8541
4 15 -15.4227 -.25 46.2137 -15.4122 -.25 45.6117 -14.4425 -.25 45.6287 -14.453 -.25 46.2306
4 15 -13.1641 -.25 45.2161 -15.4046 -.25 45.177 -15.3982 -.25 44.8092 -12.8233 -.25 44.8541
4 15 -13.2266 -.25 46.1488 -13.2638 -.25 46.2024 -13.3186 -.25 46.2377 -13.2128 -.25 46.085
4 15 -13.3086 -.25 45.6612 -13.2081 -.25 45.8175 -13.3186 -.25 46.2377 -13.3829 -.25 46.2493
3 15 -13.2081 -.25 45.8175 -13.2128 -.25 46.085 -13.3186 -.25 46.2377
4 15 -13.3086 -.25 45.6612 -13.255 -.25 45.6984 -13.2197 -.25 45.7532 -13.2081 -.25 45.8175
3 15 -13.3086 -.25 45.6612 -13.3829 -.25 46.2493 -13.3724 -.25 45.6473
4 15 -14.1854 -.25 46.2353 -14.1749 -.25 45.6333 -13.3724 -.25 45.6473 -13.3829 -.25 46.2493
4 15 -12.8011 -.25 43.5834 -15.376 -.25 43.5385 -15.3684 -.25 43.1037 -12.7935 -.25 43.1487
3 15 -12.2616 -.25 41.4185 -12.7935 -.25 43.1487 -12.776 -.25 42.1455
4 15 -12.8011 -.25 43.5834 -12.7935 -.25 43.1487 -12.2616 -.25 41.4185 -12.2826 -.25 42.6224
4 15 -12.776 -.25 42.1455 -12.7927 -.25 41.6376 -12.7649 -.25 41.5101 -12.2616 -.25 41.4185
3 15 -12.776 -.25 42.1455 -12.8671 -.25 41.7448 -12.7927 -.25 41.6376
3 15 -12.9768 -.25 41.8154 -13.1104 -.25 42.1396 -13.1052 -.25 41.8387
4 15 -12.8671 -.25 41.7448 -12.776 -.25 42.1455 -13.1104 -.25 42.1396 -12.9768 -.25 41.8154
4 15 -13.8566 -.25 42.7287 -13.8461 -.25 42.1268 -13.1104 -.25 42.1396 -13.1209 -.25 42.7416
4 15 -13.1104 -.25 42.1396 -13.8461 -.25 42.1268 -13.7405 -.25 41.8276 -13.1052 -.25 41.8387
4 15 -13.8461 -.25 42.1268 -14.1136 -.25 42.1221 -13.8681 -.25 41.7999 -13.7405 -.25 41.8276
3 15 -13.8681 -.25 41.7999 -14.1136 -.25 42.1221 -14.6434 -.25 41.8118
4 15 -13.8681 -.25 41.7999 -14.6434 -.25 41.8118 -14.6358 -.25 41.3771 -13.9753 -.25 41.7255
3 15 -13.9753 -.25 41.7255 -14.6358 -.25 41.3771 -14.0459 -.25 41.6157
4 15 -14.6358 -.25 41.3771 -14.3096 -.25 40.9635 -14.2743 -.25 41.0183 -14.0459 -.25 41.6157
4 15 -14.803 -.25 41.3742 -14.427 -.25 40.9124 -14.3096 -.25 40.9635 -14.6358 -.25 41.3771
3 15 -14.3096 -.25 40.9635 -14.427 -.25 40.9124 -14.3632 -.25 40.9263
4 15 -15.027 -.25 42.7083 -15.0165 -.25 42.1064 -14.1136 -.25 42.1221 -14.1241 -.25 42.724
4 15 -15.0165 -.25 42.1064 -15.0113 -.25 41.8054 -14.6434 -.25 41.8118 -14.1136 -.25 42.1221
4 15 -15.1388 -.25 41.7777 -15.0113 -.25 41.8054 -15.0165 -.25 42.1064 -15.3509 -.25 42.1005
3 15 -15.1388 -.25 41.7777 -15.3509 -.25 42.1005 -15.2461 -.25 41.7033
3 15 -14.9204 -.25 41.3232 -14.9557 -.25 41.2683 -14.9673 -.25 41.2041
4 15 -14.9204 -.25 41.3232 -14.9673 -.25 41.2041 -14.965 -.25 41.0703 -14.8668 -.25 41.3604
4 15 -14.8591 -.25 40.9176 -14.803 -.25 41.3742 -14.8668 -.25 41.3604 -14.965 -.25 41.0703
4 15 -14.427 -.25 40.9124 -14.803 -.25 41.3742 -14.8591 -.25 40.9176 -14.7949 -.25 40.906
4 15 -14.8591 -.25 40.9176 -14.965 -.25 41.0703 -14.9512 -.25 41.0065 -14.914 -.25 40.9529
4 0 -14.7949 -.25 40.906 -14.9879 -.25 40.4678 -14.2188 -.25 40.4812 -14.427 -.25 40.9124
4 15 -13.1419 -.25 41.2999 -13.1791 -.25 41.3536 -13.234 -.25 41.3889 -13.1281 -.25 41.2362
3 15 -13.1258 -.25 41.1024 -13.1281 -.25 41.2362 -13.234 -.25 41.3889
4 15 -13.1374 -.25 41.0382 -13.2901 -.25 40.9323 -13.2263 -.25 40.9461 -13.1727 -.25 40.9833
3 15 -13.1374 -.25 41.0382 -13.2982 -.25 41.4004 -13.2901 -.25 40.9323
4 15 -13.234 -.25 41.3889 -13.2982 -.25 41.4004 -13.1374 -.25 41.0382 -13.1258 -.25 41.1024
4 15 -13.4238 -.25 40.93 -13.2901 -.25 40.9323 -13.2982 -.25 41.4004 -13.5323 -.25 41.3964
4 15 -13.5961 -.25 41.3825 -13.6497 -.25 41.3453 -13.4238 -.25 40.93 -13.5323 -.25 41.3964
4 15 -13.9135 -.25 40.693 -13.4162 -.25 40.4952 -13.6497 -.25 41.3453 -13.685 -.25 41.2905
3 15 -13.4162 -.25 40.4952 -13.4238 -.25 40.93 -13.6497 -.25 41.3453
3 15 -13.4162 -.25 40.4952 -13.9135 -.25 40.693 -13.9841 -.25 40.5833
4 15 -13.9841 -.25 40.5833 -14.0913 -.25 40.5089 -13.4092 -.25 40.0939 -13.4162 -.25 40.4952
3 15 -13.4092 -.25 40.0939 -14.0913 -.25 40.5089 -14.2188 -.25 40.4812
4 15 -12.7533 -.25 40.8413 -12.2458 -.25 40.5157 -12.2616 -.25 41.4185 -12.7649 -.25 41.5101
3 15 -12.2458 -.25 40.5157 -12.7533 -.25 40.8413 -12.7765 -.25 40.7129
3 15 -12.2458 -.25 40.5157 -12.7765 -.25 40.7129 -12.8471 -.25 40.6031
4 15 -12.5404 -.25 40.1426 -12.2458 -.25 40.5157 -12.8471 -.25 40.6031 -12.9543 -.25 40.5287
4 15 -11.8899 -.25 54.7239 -12.5618 -.25 54.7847 -12.5475 -.25 53.9655 -11.9622 -.25 53.91
4 15 -11.9622 -.25 53.91 -11.3847 -.25 53.7244 -11.2268 -.25 54.5188 -11.8899 -.25 54.7239
4 15 -10.5841 -.25 54.1732 -11.2268 -.25 54.5188 -11.3847 -.25 53.7244 -10.8248 -.25 53.4118
4 15 -10.8248 -.25 53.4118 -10.2921 -.25 52.9775 -9.9728 -.25 53.6928 -10.5841 -.25 54.1732
4 15 -9.4031 -.25 53.0859 -9.9728 -.25 53.6928 -10.2921 -.25 52.9775 -9.7957 -.25 52.4289
4 15 -8.9449 -.25 51.0282 -8.6052 -.25 50.2002 -8.0377 -.25 50.6199 -8.4273 -.25 51.5362
4 15 -8.6052 -.25 50.2002 -8.3306 -.25 49.3054 -7.7231 -.25 49.6296 -8.0377 -.25 50.6199
4 15 -8.3306 -.25 49.3054 -8.1259 -.25 48.3592 -7.4887 -.25 48.5824 -7.7231 -.25 49.6296
4 15 -8.1259 -.25 48.3592 -7.9945 -.25 47.3777 -7.3386 -.25 47.4961 -7.4887 -.25 48.5824
4 15 -7.3386 -.25 47.4961 -7.9945 -.25 47.3777 -7.9387 -.25 46.3777 -7.2753 -.25 46.3893
4 15 -7.412 -.25 44.1902 -8.0566 -.25 44.391 -8.2281 -.25 43.4382 -7.6097 -.25 43.1354
4 15 -8.0566 -.25 44.391 -7.412 -.25 44.1902 -7.2999 -.25 45.281 -7.9595 -.25 45.3765
4 15 -7.9387 -.25 46.3777 -7.9595 -.25 45.3765 -7.2999 -.25 45.281 -7.2753 -.25 46.3893
4 15 -13.2312 -.25 54.7005 -13.1305 -.25 53.8897 -12.5475 -.25 53.9655 -12.5618 -.25 54.7847
4 15 -13.8867 -.25 54.4724 -13.7012 -.25 53.684 -13.1305 -.25 53.8897 -13.2312 -.25 54.7005
4 15 -14.5169 -.25 54.1046 -14.2498 -.25 53.352 -13.7012 -.25 53.684 -13.8867 -.25 54.4724
4 15 -15.1112 -.25 53.6031 -14.7671 -.25 52.8994 -14.2498 -.25 53.352 -14.5169 -.25 54.1046
4 15 -15.6593 -.25 52.9767 -15.244 -.25 52.3338 -14.7671 -.25 52.8994 -15.1112 -.25 53.6031
4 15 -15.244 -.25 52.3338 -15.6593 -.25 52.9767 -16.1518 -.25 52.2361 -15.5446 -.25 51.8646
4 15 -16.8887 -.25 46.2215 -16.8679 -.25 47.2228 -17.5275 -.25 47.3183 -17.5521 -.25 46.2099
4 15 -12.8652 -.25 38.6892 -13.4427 -.25 38.8748 -13.6005 -.25 38.0804 -12.9375 -.25 37.8754
4 15 -14.2433 -.25 38.4261 -13.6005 -.25 38.0804 -13.4427 -.25 38.8748 -14.0025 -.25 39.1875
4 15 -14.0025 -.25 39.1875 -14.5353 -.25 39.6218 -14.8546 -.25 38.9065 -14.2433 -.25 38.4261
4 15 -14.5353 -.25 39.6218 -14.9384 -.25 40.0673 -15.4242 -.25 39.5133 -14.8546 -.25 38.9065
4 15 -15.8824 -.25 41.571 -16.2222 -.25 42.3991 -16.7897 -.25 41.9794 -16.4001 -.25 41.063
4 15 -17.1043 -.25 42.9697 -16.7897 -.25 41.9794 -16.2222 -.25 42.3991 -16.4968 -.25 43.2939
4 15 -16.4968 -.25 43.2939 -16.7015 -.25 44.2401 -17.3387 -.25 44.0169 -17.1043 -.25 42.9697
4 15 -17.4888 -.25 45.1032 -17.3387 -.25 44.0169 -16.7015 -.25 44.2401 -16.8329 -.25 45.2216
4 15 -16.8887 -.25 46.2215 -17.5521 -.25 46.2099 -17.4888 -.25 45.1032 -16.8329 -.25 45.2216
4 15 -12.8802 -.25 51.9446 -12.9447 -.25 51.8097 -12.4396 -.25 51.6178 -12.781 -.25 52.0132
4 15 -12.9447 -.25 51.8097 -13.0128 -.25 51.8754 -13.1455 -.25 51.4797 -13.0357 -.25 51.4091
4 15 -13.2739 -.25 51.5029 -13.1455 -.25 51.4797 -13.0128 -.25 51.8754 -13.1137 -.25 51.9071
4 0 -12.781 -.25 52.0132 -9.5474 -.25 52.0697 -9.7957 -.25 52.4289 -10.2921 -.25 52.9775
4 0 -10.8248 -.25 53.4118 -11.3847 -.25 53.7244 -12.781 -.25 52.0132 -10.2921 -.25 52.9775
3 0 -11.3847 -.25 53.7244 -11.9622 -.25 53.91 -12.5475 -.25 53.9655
3 0 -12.8802 -.25 51.9446 -13.0128 -.25 51.8754 -12.9447 -.25 51.8097
3 0 -12.5475 -.25 53.9655 -13.1305 -.25 53.8897 -13.1137 -.25 51.9071
4 0 -13.7012 -.25 53.684 -14.2498 -.25 53.352 -13.1137 -.25 51.9071 -13.1305 -.25 53.8897
3 0 -14.2498 -.25 53.352 -14.7671 -.25 52.8994 -15.244 -.25 52.3338
4 0 -14.2498 -.25 53.352 -15.244 -.25 52.3338 -15.5446 -.25 51.8646 -13.1137 -.25 51.9071
4 0 -10.3095 -.25 50.317 -10.3037 -.25 49.9826 -8.9995 -.25 50.0053 -9.0054 -.25 50.3397
4 0 -8.9449 -.25 51.0282 -9.0198 -.25 51.1685 -9.0054 -.25 50.3397 -8.6052 -.25 50.2002
4 0 -8.6052 -.25 50.2002 -9.0054 -.25 50.3397 -8.9995 -.25 50.0053 -8.3306 -.25 49.3054
4 0 -8.9995 -.25 50.0053 -8.9447 -.25 46.8619 -8.1259 -.25 48.3592 -8.3306 -.25 49.3054
4 0 -7.9945 -.25 47.3777 -8.1259 -.25 48.3592 -8.9447 -.25 46.8619 -7.9387 -.25 46.3777
4 0 -8.9447 -.25 46.8619 -9.045 -.25 46.8602 -8.9406 -.25 46.6279 -7.9387 -.25 46.3777
4 0 -7.9595 -.25 45.3765 -7.9387 -.25 46.3777 -8.9406 -.25 46.6279 -8.9015 -.25 44.3874
4 0 -8.9015 -.25 44.3874 -8.9314 -.25 44.1861 -8.0566 -.25 44.391 -7.9595 -.25 45.3765
4 15 -8.8951 -.25 44.0195 -9.0288 -.25 44.0172 -9.2553 -.25 43.5784 -8.8758 -.25 42.916
4 0 -16.2778 -.25 49.2093 -15.846 -.25 49.3841 -15.8847 -.25 49.6844 -16.6146 -.25 49.3372
4 0 -16.9068 -.25 48.8303 -16.6427 -.25 49.0356 -16.6146 -.25 49.3372 -17.2758 -.25 48.8908
4 0 -16.9068 -.25 48.8303 -17.2758 -.25 48.8908 -17.2734 -.25 48.757 -16.9015 -.25 48.5294
4 0 -16.9015 -.25 48.5294 -16.5284 -.25 48.2348 -16.5008 -.25 48.5698 -16.9068 -.25 48.8303
4 0 -16.0251 -.25 48.1433 -16.5008 -.25 48.5698 -16.5284 -.25 48.2348 -16.187 -.25 47.8394
4 0 -16.187 -.25 47.8394 -15.8139 -.25 47.5448 -15.7846 -.25 47.7795 -16.0251 -.25 48.1433
3 0 -15.8139 -.25 47.5448 -16.187 -.25 47.8394 -15.9794 -.25 47.4416
3 0 -16.2778 -.25 49.2093 -16.6146 -.25 49.3372 -16.6427 -.25 49.0356
4 15 -13.1137 -.25 51.9071 -15.5446 -.25 51.8646 -15.18 -.25 51.4696 -13.2739 -.25 51.5029
4 15 -15.18 -.25 51.4696 -15.5446 -.25 51.8646 -16.5804 -.25 51.3939 -15.3075 -.25 51.442
3 15 -15.3075 -.25 51.442 -16.5804 -.25 51.3939 -15.4147 -.25 51.3676
3 15 -15.4147 -.25 51.3676 -16.5804 -.25 51.3939 -15.4853 -.25 51.2578
4 15 -15.846 -.25 49.3841 -15.4945 -.25 50.3268 -15.5085 -.25 51.1294 -15.8847 -.25 49.6844
3 15 -15.4764 -.25 49.2902 -15.4945 -.25 50.3268 -15.846 -.25 49.3841
4 15 -15.846 -.25 49.3841 -16.0251 -.25 48.1433 -15.4647 -.25 48.6214 -15.4764 -.25 49.2902
4 15 -15.4371 -.25 48.4939 -15.4647 -.25 48.6214 -16.0251 -.25 48.1433 -15.7846 -.25 47.7795
4 15 -15.4484 -.25 47.685 -15.7846 -.25 47.7795 -15.8139 -.25 47.5448 -15.4414 -.25 47.2837
4 15 -15.9794 -.25 47.4416 -15.4303 -.25 46.6484 -15.4414 -.25 47.2837 -15.8139 -.25 47.5448
4 15 -16.2778 -.25 49.2093 -16.5008 -.25 48.5698 -16.0251 -.25 48.1433 -15.846 -.25 49.3841
4 15 -16.5008 -.25 48.5698 -16.2778 -.25 49.2093 -16.6427 -.25 49.0356 -16.9068 -.25 48.8303
4 15 -16.9378 -.25 50.4645 -16.6146 -.25 49.3372 -15.8847 -.25 49.6844 -16.5804 -.25 51.3939
4 15 -17.2177 -.25 49.4639 -17.2758 -.25 48.8908 -16.6146 -.25 49.3372 -16.9378 -.25 50.4645
3 15 -17.2734 -.25 48.757 -17.2758 -.25 48.8908 -17.4153 -.25 48.4091
4 15 -16.9015 -.25 48.5294 -17.2734 -.25 48.757 -17.4153 -.25 48.4091 -16.5284 -.25 48.2348
4 15 -16.5173 -.25 47.5995 -16.1753 -.25 47.1706 -15.9794 -.25 47.4416 -16.187 -.25 47.8394
4 15 -15.4303 -.25 46.6484 -15.9794 -.25 47.4416 -16.1753 -.25 47.1706 -15.8991 -.25 46.6737
4 15 -15.8991 -.25 46.6737 -15.6885 -.25 46.1087 -15.4227 -.25 46.2137 -15.4303 -.25 46.6484
3 15 -15.4122 -.25 45.6117 -15.4227 -.25 46.2137 -15.6885 -.25 46.1087
4 15 -15.6646 -.25 44.7376 -15.4046 -.25 45.177 -15.4122 -.25 45.6117 -15.6885 -.25 46.1087
3 15 -15.3982 -.25 44.8092 -15.4046 -.25 45.177 -15.6646 -.25 44.7376
4 15 -16.5173 -.25 47.5995 -16.187 -.25 47.8394 -16.5284 -.25 48.2348 -16.8081 -.25 47.8291
3 15 -15.3912 -.25 44.4079 -15.3982 -.25 44.8092 -15.6646 -.25 44.7376
3 15 -15.383 -.25 43.9397 -15.3912 -.25 44.4079 -15.6646 -.25 44.7376
4 15 -15.3684 -.25 43.1037 -15.6646 -.25 44.7376 -15.6079 -.25 41.4939 -15.3509 -.25 42.1005
4 15 -15.2461 -.25 41.7033 -15.3509 -.25 42.1005 -15.6079 -.25 41.4939 -15.3167 -.25 41.5935
3 15 -15.6079 -.25 41.4939 -15.8824 -.25 41.571 -16.4001 -.25 41.063
4 15 -15.3167 -.25 41.5935 -15.6079 -.25 41.4939 -16.4001 -.25 41.063 -15.3398 -.25 41.4652
3 15 -15.3282 -.25 40.7964 -15.3398 -.25 41.4652 -16.4001 -.25 41.063
4 15 -15.9424 -.25 40.2363 -15.3005 -.25 40.6688 -15.3282 -.25 40.7964 -16.4001 -.25 41.063
4 15 -15.9424 -.25 40.2363 -15.4242 -.25 39.5133 -15.2261 -.25 40.5616 -15.3005 -.25 40.6688
4 15 -13.0818 -.25 40.5011 -13.4162 -.25 40.4952 -13.4092 -.25 40.0939 -13.008 -.25 40.101
4 15 -12.9543 -.25 40.5287 -13.0818 -.25 40.5011 -13.008 -.25 40.101 -12.5404 -.25 40.1426
4 15 -13.4092 -.25 40.0939 -13.1646 -.25 39.4961 -12.7986 -.25 39.6029 -13.008 -.25 40.101
4 15 -13.1646 -.25 39.4961 -12.8197 -.25 38.9 -12.4548 -.25 39.0736 -12.7986 -.25 39.6029
4 0 -14.5353 -.25 39.6218 -14.0025 -.25 39.1875 -13.4092 -.25 40.0939 -14.9384 -.25 40.0673
4 0 -14.0025 -.25 39.1875 -13.4427 -.25 38.8748 -13.1646 -.25 39.4961 -13.4092 -.25 40.0939
4 0 -13.4427 -.25 38.8748 -12.8652 -.25 38.6892 -12.8197 -.25 38.9 -13.1646 -.25 39.4961
3 0 -12.6551 -.25 38.6693 -12.8197 -.25 38.9 -12.8652 -.25 38.6892
4 0 -16.5173 -.25 47.5995 -16.8081 -.25 47.8291 -16.8679 -.25 47.2228 -16.1753 -.25 47.1706
4 0 -16.1753 -.25 47.1706 -16.8679 -.25 47.2228 -16.8887 -.25 46.2215 -15.8991 -.25 46.6737
4 0 -16.8887 -.25 46.2215 -16.8329 -.25 45.2216 -15.6885 -.25 46.1087 -15.8991 -.25 46.6737
4 0 -16.8329 -.25 45.2216 -16.7015 -.25 44.2401 -15.6646 -.25 44.7376 -15.6885 -.25 46.1087
4 0 -15.6646 -.25 44.7376 -16.7015 -.25 44.2401 -16.4968 -.25 43.2939 -16.2222 -.25 42.3991
4 0 -15.6646 -.25 44.7376 -16.2222 -.25 42.3991 -15.8824 -.25 41.571 -15.6079 -.25 41.4939
4 15 -9.2028 -.25 40.5688 -12.2458 -.25 40.5157 -10.5005 -.25 40.1782 -9.7648 -.25 40.191
4 15 -10.5005 -.25 40.1782 -12.2458 -.25 40.5157 -12.5404 -.25 40.1426 -10.3234 -.25 39.6126
4 15 -10.3234 -.25 39.6126 -12.5404 -.25 40.1426 -12.2635 -.25 39.6122 -11.9538 -.25 39.1158
4 15 -10.6133 -.25 38.972 -10.3234 -.25 39.6126 -11.9538 -.25 39.1158 -11.339 -.25 38.3907
4 15 -11.339 -.25 38.3907 -10.6943 -.25 37.8667 -10.3358 -.25 38.4082 -10.6133 -.25 38.972
4 15 -10.6943 -.25 37.8667 -10.0185 -.25 37.4771 -9.9927 -.25 37.9124 -10.3358 -.25 38.4082
4 15 -10.0185 -.25 37.4771 -9.6806 -.25 37.2823 -9.7193 -.25 37.5827 -9.9927 -.25 37.9124
3 15 -9.243 -.25 37.1227 -9.7193 -.25 37.5827 -9.6806 -.25 37.2823
4 15 -10.2402 -.25 38.6774 -10.0471 -.25 39.1157 -10.3234 -.25 39.6126 -10.6133 -.25 38.972
4 15 -10.0471 -.25 39.1157 -10.2402 -.25 38.6774 -9.8677 -.25 38.4163 -9.6359 -.25 38.5542
4 15 -9.5298 -.25 38.2215 -9.2605 -.25 38.1259 -9.6359 -.25 38.5542 -9.8677 -.25 38.4163
4 15 -11.1578 -.25 37.591 -11.6342 -.25 38.051 -11.9651 -.25 37.8445 -11.2523 -.25 37.2549
4 15 -11.2523 -.25 37.2549 -10.7114 -.25 36.9298 -10.6169 -.25 37.266 -11.1578 -.25 37.591
4 15 -10.0098 -.25 36.9755 -10.6169 -.25 37.266 -10.7114 -.25 36.9298 -10.0039 -.25 36.6411
4 15 -10.0039 -.25 36.6411 -9.3316 -.25 36.4521 -9.4718 -.25 36.8176 -10.0098 -.25 36.9755
4 15 -9.3316 -.25 36.4521 -8.6617 -.25 36.3969 -8.8681 -.25 36.7278 -9.4718 -.25 36.8176
4 15 -8.6617 -.25 36.3969 -7.7916 -.25 36.3787 -8.1319 -.25 36.7072 -8.8681 -.25 36.7278
4 15 -7.5305 -.25 36.7512 -8.1319 -.25 36.7072 -7.7916 -.25 36.3787 -7.0571 -.25 36.4584
4 15 -7.0571 -.25 36.4584 -6.5573 -.25 36.5675 -7.297 -.25 36.7887 -7.5305 -.25 36.7512
4 15 -7.1985 -.25 36.8908 -7.297 -.25 36.7887 -6.5573 -.25 36.5675 -6.6329 -.25 37.0679
4 15 -9.2028 -.25 40.5688 -9.7648 -.25 40.191 -9.3964 -.25 40.164 -8.8954 -.25 40.2062
4 15 -9.7648 -.25 40.191 -9.6235 -.25 39.7586 -9.3577 -.25 39.8636 -9.3964 -.25 40.164
4 15 -9.6235 -.25 39.7586 -9.4505 -.25 39.4271 -9.2527 -.25 39.5978 -9.3577 -.25 39.8636
4 15 -9.4505 -.25 39.4271 -9.2768 -.25 39.0622 -9.0826 -.25 39.4336 -9.2527 -.25 39.5978
4 15 -8.6702 -.25 38.8052 -8.7441 -.25 39.2053 -9.0826 -.25 39.4336 -9.2768 -.25 39.0622
4 15 -8.7441 -.25 39.2053 -8.6702 -.25 38.8052 -8.4708 -.25 38.8756 -8.4414 -.25 39.1103
4 15 -8.3047 -.25 38.9454 -8.1399 -.25 39.0821 -8.4414 -.25 39.1103 -8.4708 -.25 38.8756
4 15 -9.2768 -.25 39.0622 -9.0346 -.25 38.5981 -8.6679 -.25 38.6714 -8.6702 -.25 38.8052
4 15 -9.0346 -.25 38.5981 -8.6591 -.25 38.1698 -8.5987 -.25 38.5388 -8.6679 -.25 38.6714
4 15 -8.4638 -.25 38.4743 -8.5987 -.25 38.5388 -8.6591 -.25 38.1698 -8.2174 -.25 37.7761
4 15 -8.2631 -.25 38.4778 -8.4638 -.25 38.4743 -8.2174 -.25 37.7761 -8.0226 -.25 38.1141
4 15 -7.8103 -.25 37.4487 -7.5128 -.25 37.6546 -8.0226 -.25 38.1141 -8.2174 -.25 37.7761
4 15 -7.5128 -.25 37.6546 -7.8103 -.25 37.4487 -7.4032 -.25 37.1214 -7.0383 -.25 37.295
4 15 -7.0383 -.25 37.295 -7.4032 -.25 37.1214 -7.2337 -.25 36.9905 -6.6329 -.25 37.0679
3 15 -6.6329 -.25 37.0679 -7.2337 -.25 36.9905 -7.1985 -.25 36.8908
4 15 -6.5573 -.25 36.5675 -6.1918 -.25 36.7076 -6.2287 -.25 36.9077 -6.6329 -.25 37.0679
3 15 -5.8931 -.25 36.8467 -6.2287 -.25 36.9077 -6.1918 -.25 36.7076
4 15 -8.2631 -.25 38.4778 -8.0226 -.25 38.1141 -7.4565 -.25 38.2577 -7.7627 -.25 38.5534
4 15 -6.9654 -.25 38.8684 -7.3303 -.25 38.6948 -7.4565 -.25 38.2577 -6.7912 -.25 38.47
3 15 -7.3303 -.25 38.6948 -7.7627 -.25 38.5534 -7.4565 -.25 38.2577
3 15 -6.1992 -.25 39.049 -6.5676 -.25 39.0761 -6.9654 -.25 38.8684
4 15 -6.7912 -.25 38.47 -6.2596 -.25 38.68 -6.1992 -.25 39.049 -6.9654 -.25 38.8684
4 15 -6.1992 -.25 39.049 -6.2596 -.25 38.68 -5.961 -.25 38.819 -5.7985 -.25 39.0895
4 15 -5.6958 -.25 38.9575 -5.3989 -.25 39.1968 -5.7985 -.25 39.0895 -5.961 -.25 38.819
4 0 -12.7986 -.25 39.6029 -12.2635 -.25 39.6122 -12.5404 -.25 40.1426 -13.008 -.25 40.101
4 0 -12.2635 -.25 39.6122 -12.7986 -.25 39.6029 -12.4548 -.25 39.0736 -11.9538 -.25 39.1158
4 0 -12.009 -.25 38.4459 -11.339 -.25 38.3907 -11.9538 -.25 39.1158 -12.4548 -.25 39.0736
4 0 -11.339 -.25 38.3907 -12.009 -.25 38.4459 -11.6342 -.25 38.051 -11.1578 -.25 37.591
4 0 -11.1578 -.25 37.591 -10.6169 -.25 37.266 -10.6943 -.25 37.8667 -11.339 -.25 38.3907
4 0 -10.6169 -.25 37.266 -10.0098 -.25 36.9755 -10.0185 -.25 37.4771 -10.6943 -.25 37.8667
4 0 -9.6806 -.25 37.2823 -10.0185 -.25 37.4771 -10.0098 -.25 36.9755 -9.4718 -.25 36.8176
4 0 -9.243 -.25 37.1227 -9.6806 -.25 37.2823 -9.4718 -.25 36.8176 -8.8681 -.25 36.7278
4 0 -8.8681 -.25 36.7278 -8.1319 -.25 36.7072 -8.2174 -.25 37.7761 -9.243 -.25 37.1227
4 0 -7.8103 -.25 37.4487 -8.2174 -.25 37.7761 -8.1319 -.25 36.7072 -7.5305 -.25 36.7512
4 0 -7.5305 -.25 36.7512 -7.297 -.25 36.7887 -7.4032 -.25 37.1214 -7.8103 -.25 37.4487
4 0 -7.2337 -.25 36.9905 -7.4032 -.25 37.1214 -7.297 -.25 36.7887 -7.1985 -.25 36.8908
4 0 -10.3234 -.25 39.6126 -9.6235 -.25 39.7586 -9.7648 -.25 40.191 -10.5005 -.25 40.1782
4 0 -10.0471 -.25 39.1157 -9.4505 -.25 39.4271 -9.6235 -.25 39.7586 -10.3234 -.25 39.6126
4 0 -9.6359 -.25 38.5542 -9.2768 -.25 39.0622 -9.4505 -.25 39.4271 -10.0471 -.25 39.1157
4 0 -9.2605 -.25 38.1259 -9.0346 -.25 38.5981 -9.2768 -.25 39.0622 -9.6359 -.25 38.5542
4 0 -8.6591 -.25 38.1698 -9.0346 -.25 38.5981 -9.2605 -.25 38.1259 -9.243 -.25 37.1227
3 0 -8.2174 -.25 37.7761 -8.6591 -.25 38.1698 -9.243 -.25 37.1227
3 0 -10.2402 -.25 38.6774 -10.6133 -.25 38.972 -10.3358 -.25 38.4082
4 0 -10.3358 -.25 38.4082 -9.9927 -.25 37.9124 -9.8677 -.25 38.4163 -10.2402 -.25 38.6774
4 0 -9.5298 -.25 38.2215 -9.8677 -.25 38.4163 -9.9927 -.25 37.9124 -9.7193 -.25 37.5827
4 0 -9.7193 -.25 37.5827 -9.243 -.25 37.1227 -9.2605 -.25 38.1259 -9.5298 -.25 38.2215
4 15 -8.8758 -.25 42.916 -9.2553 -.25 43.5784 -9.2396 -.25 42.6755 -8.9656 -.25 42.3123
4 15 -8.9656 -.25 42.3123 -8.7304 -.25 42.2495 -8.6042 -.25 42.6866 -8.8758 -.25 42.916
4 15 -7.6228 -.25 42.0347 -7.9179 -.25 41.6951 -7.4116 -.25 41.4363 -7.1165 -.25 41.776
4 15 -7.1165 -.25 41.776 -6.8731 -.25 41.245 -6.0341 -.25 41.0924 -6.6448 -.25 41.5835
4 15 -5.7032 -.25 41.2989 -6.2758 -.25 41.523 -6.6448 -.25 41.5835 -6.0341 -.25 41.0924
3 15 -5.7032 -.25 41.2989 -5.908 -.25 41.5294 -6.2758 -.25 41.523
3 15 -5.0749 -.25 41.7112 -5.908 -.25 41.5294 -5.7032 -.25 41.2989
3 15 -6.0341 -.25 41.0924 -6.8731 -.25 41.245 -6.8044 -.25 41.1458
4 15 -6.8044 -.25 41.1458 -6.903 -.25 41.0438 -6.6308 -.25 40.7809 -6.0341 -.25 41.0924
4 15 -6.903 -.25 41.0438 -7.6991 -.25 40.6619 -7.2281 -.25 40.5029 -6.6308 -.25 40.7809
4 15 -8.0911 -.25 40.1199 -7.2281 -.25 40.5029 -7.6991 -.25 40.6619 -8.4642 -.25 40.4144
4 15 -9.2654 -.25 42.2402 -8.9656 -.25 42.3123 -9.2396 -.25 42.6755 -10.5772 -.25 42.6522
4 15 -10.5772 -.25 42.6522 -10.5561 -.25 41.4483 -9.3299 -.25 42.1053 -9.2654 -.25 42.2402
4 15 -10.5561 -.25 41.4483 -9.2185 -.25 41.4717 -9.2942 -.25 41.9721 -9.3299 -.25 42.1053
3 15 -9.1592 -.25 41.9075 -9.2942 -.25 41.9721 -9.2185 -.25 41.4717
4 15 -9.2185 -.25 41.4717 -8.853 -.25 41.6118 -8.7251 -.25 41.9486 -9.1592 -.25 41.9075
4 15 -9.2185 -.25 41.4717 -9.2028 -.25 40.5688 -8.8478 -.25 41.3109 -8.853 -.25 41.6118
4 15 -8.4354 -.25 40.6825 -8.6096 -.25 41.0809 -8.7445 -.25 41.1454 -8.6677 -.25 40.5781
4 15 -8.6096 -.25 41.0809 -8.4354 -.25 40.6825 -8.2365 -.25 40.7863 -8.274 -.25 41.0198
3 15 -7.9056 -.25 40.9928 -8.274 -.25 41.0198 -8.2365 -.25 40.7863
4 15 -9.2028 -.25 40.5688 -8.6677 -.25 40.5781 -8.7445 -.25 41.1454 -8.8478 -.25 41.3109
4 15 -8.6677 -.25 40.5781 -9.2028 -.25 40.5688 -8.8954 -.25 40.2062 -8.632 -.25 40.4449
4 15 -8.8954 -.25 40.2062 -8.7264 -.25 40.1088 -8.4642 -.25 40.4144 -8.632 -.25 40.4449
4 15 -8.7264 -.25 40.1088 -8.4865 -.25 39.7785 -8.0911 -.25 40.1199 -8.4642 -.25 40.4144
4 15 -8.4865 -.25 39.7785 -8.2143 -.25 39.5156 -8.0882 -.25 39.9527 -8.0911 -.25 40.1199
4 15 -8.2143 -.25 39.5156 -7.8418 -.25 39.2545 -7.9861 -.25 39.8541 -8.0882 -.25 39.9527
4 15 -7.8418 -.25 39.2545 -7.403 -.25 39.028 -7.647 -.25 39.5924 -7.9861 -.25 39.8541
3 15 -7.1402 -.25 39.3002 -7.647 -.25 39.5924 -7.403 -.25 39.028
4 15 -6.5676 -.25 39.0761 -7.1402 -.25 39.3002 -7.403 -.25 39.028 -6.9654 -.25 38.8684
4 0 -9.2654 -.25 42.2402 -9.3299 -.25 42.1053 -9.2942 -.25 41.9721 -9.1592 -.25 41.9075
4 0 -9.1592 -.25 41.9075 -8.7304 -.25 42.2495 -8.9656 -.25 42.3123 -9.2654 -.25 42.2402
4 0 -8.7251 -.25 41.9486 -8.4934 -.25 42.0864 -8.7304 -.25 42.2495 -9.1592 -.25 41.9075
3 0 -8.4934 -.25 42.0864 -8.7251 -.25 41.9486 -8.853 -.25 41.6118
4 0 -8.4934 -.25 42.0864 -8.853 -.25 41.6118 -8.7445 -.25 41.1454 -7.9179 -.25 41.6951
3 0 -8.7445 -.25 41.1454 -8.853 -.25 41.6118 -8.8478 -.25 41.3109
4 0 -7.9179 -.25 41.6951 -8.7445 -.25 41.1454 -8.6096 -.25 41.0809 -8.274 -.25 41.0198
4 0 -7.9179 -.25 41.6951 -8.274 -.25 41.0198 -7.9056 -.25 40.9928 -7.4116 -.25 41.4363
4 0 -7.6991 -.25 40.6619 -7.0749 -.25 41.3084 -7.4116 -.25 41.4363 -7.9056 -.25 40.9928
4 0 -6.903 -.25 41.0438 -6.8731 -.25 41.245 -7.0749 -.25 41.3084 -7.6991 -.25 40.6619
3 0 -6.8044 -.25 41.1458 -6.8731 -.25 41.245 -6.903 -.25 41.0438
4 0 -7.9056 -.25 40.9928 -8.2365 -.25 40.7863 -8.4642 -.25 40.4144 -7.6991 -.25 40.6619
3 0 -8.2365 -.25 40.7863 -8.4354 -.25 40.6825 -8.4642 -.25 40.4144
4 0 -8.632 -.25 40.4449 -8.4642 -.25 40.4144 -8.4354 -.25 40.6825 -8.6677 -.25 40.5781
4 0 -8.8954 -.25 40.2062 -9.3964 -.25 40.164 -9.3577 -.25 39.8636 -9.2527 -.25 39.5978
4 0 -9.2527 -.25 39.5978 -9.0826 -.25 39.4336 -8.7264 -.25 40.1088 -8.8954 -.25 40.2062
4 0 -8.4865 -.25 39.7785 -8.7264 -.25 40.1088 -9.0826 -.25 39.4336 -8.7441 -.25 39.2053
4 0 -8.4865 -.25 39.7785 -8.7441 -.25 39.2053 -8.4414 -.25 39.1103 -8.2143 -.25 39.5156
4 0 -8.1399 -.25 39.0821 -7.8418 -.25 39.2545 -8.2143 -.25 39.5156 -8.4414 -.25 39.1103
4 0 -7.8418 -.25 39.2545 -8.1399 -.25 39.0821 -7.7627 -.25 38.5534 -7.403 -.25 39.028
4 0 -7.3303 -.25 38.6948 -6.9654 -.25 38.8684 -7.403 -.25 39.028 -7.7627 -.25 38.5534
4 0 -8.3047 -.25 38.9454 -8.2631 -.25 38.4778 -7.7627 -.25 38.5534 -8.1399 -.25 39.0821
4 0 -8.4708 -.25 38.8756 -8.4638 -.25 38.4743 -8.2631 -.25 38.4778 -8.3047 -.25 38.9454
4 0 -8.4708 -.25 38.8756 -8.6679 -.25 38.6714 -8.5987 -.25 38.5388 -8.4638 -.25 38.4743
3 0 -8.4708 -.25 38.8756 -8.6702 -.25 38.8052 -8.6679 -.25 38.6714
4 0 -8.8951 -.25 44.0195 -8.0566 -.25 44.391 -8.9314 -.25 44.1861 -9.0288 -.25 44.0172
4 0 -8.2281 -.25 43.4382 -8.0566 -.25 44.391 -8.8951 -.25 44.0195 -8.8758 -.25 42.916
3 15 -10.7671 -.25 43.9534 -12.3054 -.25 43.9266 -12.2984 -.25 43.5253
4 15 -12.9375 -.25 37.8754 -12.1986 -.25 37.807 -12.6551 -.25 38.6693 -12.8652 -.25 38.6892
4 15 -12.4548 -.25 39.0736 -12.8197 -.25 38.9 -12.6551 -.25 38.6693 -12.009 -.25 38.4459
4 15 -12.1986 -.25 37.807 -11.9651 -.25 37.8445 -11.6342 -.25 38.051 -12.009 -.25 38.4459
3 15 -12.009 -.25 38.4459 -12.6551 -.25 38.6693 -12.1986 -.25 37.807
4 15 -7.8758 -.25 42.1844 -7.6097 -.25 43.1354 -8.2281 -.25 43.4382 -8.4587 -.25 42.5814
4 15 -7.9179 -.25 41.6951 -7.6228 -.25 42.0347 -7.8758 -.25 42.1844 -8.4934 -.25 42.0864
3 15 -8.4587 -.25 42.5814 -8.6042 -.25 42.6866 -8.7304 -.25 42.2495
4 15 -8.4587 -.25 42.5814 -8.7304 -.25 42.2495 -8.4934 -.25 42.0864 -7.8758 -.25 42.1844
4 15 -17.4153 -.25 48.4091 -17.5275 -.25 47.3183 -16.8081 -.25 47.8291 -16.5284 -.25 48.2348
3 15 -16.8081 -.25 47.8291 -17.5275 -.25 47.3183 -16.8679 -.25 47.2228
3 15 -15.5446 -.25 51.8646 -16.1518 -.25 52.2361 -16.5804 -.25 51.3939
4 15 -9.7957 -.25 52.4289 -9.5474 -.25 52.0697 -8.885 -.25 52.363 -9.4031 -.25 53.0859
4 15 -8.4273 -.25 51.5362 -8.885 -.25 52.363 -9.0198 -.25 51.1685 -8.9449 -.25 51.0282
4 15 -9.3966 -.25 51.6709 -9.3468 -.25 50.7352 -9.0054 -.25 50.3397 -9.0198 -.25 51.1685
4 15 -8.885 -.25 52.363 -9.5474 -.25 52.0697 -9.3966 -.25 51.6709 -9.0198 -.25 51.1685
4 15 -12.4396 -.25 51.6178 -9.3966 -.25 51.6709 -9.5474 -.25 52.0697 -12.781 -.25 52.0132
4 15 -14.2188 -.25 40.4812 -14.9879 -.25 40.4678 -14.9384 -.25 40.0673 -13.4092 -.25 40.0939
4 15 -15.2261 -.25 40.5616 -15.4242 -.25 39.5133 -14.9384 -.25 40.0673 -15.1164 -.25 40.491
3 15 -14.9384 -.25 40.0673 -14.9879 -.25 40.4678 -15.1164 -.25 40.491
3 15 -15.376 -.25 43.5385 -15.383 -.25 43.9397 -15.6646 -.25 44.7376
3 15 -15.3684 -.25 43.1037 -15.376 -.25 43.5385 -15.6646 -.25 44.7376
4 15 -17.2758 -.25 48.8908 -17.2177 -.25 49.4639 -18.15 -.25 48.5 -17.4153 -.25 48.4091
3 0 -12.5618 -.25 54.7847 -14.004 -.25 60.7 -13.2312 -.25 54.7005
3 0 -13.8867 -.25 54.4724 -14.004 -.25 60.7 -14.5169 -.25 54.1046
3 0 -13.2312 -.25 54.7005 -14.004 -.25 60.7 -13.8867 -.25 54.4724
4 0 -21.912 -.25 54.998 -15.1112 -.25 53.6031 -14.5169 -.25 54.1046 -14.004 -.25 60.7
3 0 -15.1112 -.25 53.6031 -21.912 -.25 54.998 -15.6593 -.25 52.9767
3 0 -15.6593 -.25 52.9767 -21.912 -.25 54.998 -16.1518 -.25 52.2361
3 0 -16.1518 -.25 52.2361 -21.912 -.25 54.998 -16.5804 -.25 51.3939
3 0 -16.5804 -.25 51.3939 -21.912 -.25 54.998 -16.9378 -.25 50.4645
4 0 -16.9378 -.25 50.4645 -21.912 -.25 54.998 -18.15 -.25 48.5 -17.2177 -.25 49.4639
3 0 -17.4153 -.25 48.4091 -18.15 -.25 48.5 -17.5275 -.25 47.3183
4 0 -21.8199 -.25 16.2328 -21.2964 -.25 17.9586 -18.15 -.25 48.5 -21.912 -.25 54.998
3 0 -21.8199 -.25 16.2328 -21.912 -.25 54.998 -21.9254 -.25 15.7806
4 0 -17.5275 -.25 47.3183 -18.15 -.25 48.5 -21.2964 -.25 17.9586 -17.5521 -.25 46.2099
3 0 -17.5521 -.25 46.2099 -21.2964 -.25 17.9586 -20.6612 -.25 19.6464
4 0 -17.5521 -.25 46.2099 -20.6612 -.25 19.6464 -19.9169 -.25 21.289 -17.4888 -.25 45.1032
4 0 -17.4888 -.25 45.1032 -19.9169 -.25 21.289 -19.0668 -.25 22.8795 -17.3387 -.25 44.0169
4 0 -17.3387 -.25 44.0169 -19.0668 -.25 22.8795 -18.1145 -.25 24.411 -17.1043 -.25 42.9697
4 0 -17.1043 -.25 42.9697 -18.1145 -.25 24.411 -17.064 -.25 25.8769 -16.7897 -.25 41.9794
4 0 -16.7897 -.25 41.9794 -17.064 -.25 25.8769 -15.92 -.25 27.2709 -16.4001 -.25 41.063
4 0 -16.4001 -.25 41.063 -15.92 -.25 27.2709 -14.6872 -.25 28.5872 -15.9424 -.25 40.2363
3 0 -14.6872 -.25 28.5872 -15.4242 -.25 39.5133 -15.9424 -.25 40.2363
3 0 -14.6872 -.25 28.5872 -14.8546 -.25 38.9065 -15.4242 -.25 39.5133
3 0 -14.2433 -.25 38.4261 -14.8546 -.25 38.9065 -14.6872 -.25 28.5872
4 0 -14.6872 -.25 28.5872 -13.3709 -.25 29.82 -13.6005 -.25 38.0804 -14.2433 -.25 38.4261
4 0 -13.6005 -.25 38.0804 -13.3709 -.25 29.82 -11.9769 -.25 30.964 -12.9375 -.25 37.8754
3 0 -11.9769 -.25 30.964 -12.1986 -.25 37.807 -12.9375 -.25 37.8754
4 0 -12.1986 -.25 37.807 -11.9769 -.25 30.964 -11.2523 -.25 37.2549 -11.9651 -.25 37.8445
4 0 -11.2523 -.25 37.2549 -11.9769 -.25 30.964 -10.511 -.25 32.0145 -10.7114 -.25 36.9298
4 0 -10.7114 -.25 36.9298 -10.511 -.25 32.0145 -8.9795 -.25 32.9668 -10.0039 -.25 36.6411
3 0 -8.9795 -.25 32.9668 -9.3316 -.25 36.4521 -10.0039 -.25 36.6411
4 0 -9.3316 -.25 36.4521 -8.9795 -.25 32.9668 -7.389 -.25 33.8169 -8.6617 -.25 36.3969
3 0 -7.389 -.25 33.8169 -7.7916 -.25 36.3787 -8.6617 -.25 36.3969
3 0 -7.0571 -.25 36.4584 -7.7916 -.25 36.3787 -7.389 -.25 33.8169
4 0 -7.389 -.25 33.8169 -5.7464 -.25 34.5612 -6.5573 -.25 36.5675 -7.0571 -.25 36.4584
3 0 -5.7464 -.25 34.5612 -6.1918 -.25 36.7076 -6.5573 -.25 36.5675
4 0 -6.1918 -.25 36.7076 -5.7464 -.25 34.5612 -4.0586 -.25 35.1964 -5.8931 -.25 36.8467
3 0 -11.8899 -.25 54.7239 -14.004 -.25 60.7 -12.5618 -.25 54.7847
3 0 -11.2268 -.25 54.5188 -14.004 -.25 60.7 -11.8899 -.25 54.7239
4 0 -11.2268 -.25 54.5188 -10.5841 -.25 54.1732 -5.504 -.25 55 -14.004 -.25 60.7
3 0 -5.504 -.25 55 -10.5841 -.25 54.1732 -9.9728 -.25 53.6928
3 0 -5.504 -.25 55 -9.9728 -.25 53.6928 -9.4031 -.25 53.0859
3 0 -5.504 -.25 55 -9.4031 -.25 53.0859 -8.885 -.25 52.363
3 0 -5.504 -.25 55 -8.885 -.25 52.363 -8.4273 -.25 51.5362
3 0 -5.504 -.25 55 -8.4273 -.25 51.5362 -8.0377 -.25 50.6199
3 0 -5.504 -.25 55 -8.0377 -.25 50.6199 -7.7231 -.25 49.6296
3 0 -5.504 -.25 55 -7.7231 -.25 49.6296 -7.4887 -.25 48.5824
3 0 -5.504 -.25 55 -7.4887 -.25 48.5824 -7.3386 -.25 47.4961
4 0 -7.3386 -.25 47.4961 -7.2753 -.25 46.3893 -5.0749 -.25 41.7112 -5.504 -.25 55
4 0 -7.2753 -.25 46.3893 -7.2999 -.25 45.281 -5.908 -.25 41.5294 -5.0749 -.25 41.7112
4 0 -5.908 -.25 41.5294 -7.2999 -.25 45.281 -6.6448 -.25 41.5835 -6.2758 -.25 41.523
4 0 -7.2999 -.25 45.281 -7.412 -.25 44.1902 -7.1165 -.25 41.776 -6.6448 -.25 41.5835
4 0 -7.6228 -.25 42.0347 -7.1165 -.25 41.776 -7.412 -.25 44.1902 -7.6097 -.25 43.1354
3 0 -7.6097 -.25 43.1354 -7.8758 -.25 42.1844 -7.6228 -.25 42.0347
4 0 -4.0586 -.25 35.1964 -5.3989 -.25 39.1968 -5.6958 -.25 38.9575 -5.8931 -.25 36.8467
4 0 -5.961 -.25 38.819 -6.2287 -.25 36.9077 -5.8931 -.25 36.8467 -5.6958 -.25 38.9575
4 0 -6.2287 -.25 36.9077 -5.961 -.25 38.819 -6.2596 -.25 38.68 -6.6329 -.25 37.0679
4 0 -6.7912 -.25 38.47 -7.0383 -.25 37.295 -6.6329 -.25 37.0679 -6.2596 -.25 38.68
4 0 -7.0383 -.25 37.295 -6.7912 -.25 38.47 -7.4565 -.25 38.2577 -7.5128 -.25 37.6546
3 0 -7.4565 -.25 38.2577 -8.0226 -.25 38.1141 -7.5128 -.25 37.6546
4 0 -4.0586 -.25 35.1964 -5.0749 -.25 41.7112 -5.7032 -.25 41.2989 -5.3989 -.25 39.1968
4 0 -5.3989 -.25 39.1968 -5.7032 -.25 41.2989 -6.0341 -.25 41.0924 -5.7985 -.25 39.0895
4 0 -6.5676 -.25 39.0761 -6.1992 -.25 39.049 -5.7985 -.25 39.0895 -6.0341 -.25 41.0924
4 0 -6.0341 -.25 41.0924 -6.6308 -.25 40.7809 -7.1402 -.25 39.3002 -6.5676 -.25 39.0761
4 0 -6.6308 -.25 40.7809 -7.2281 -.25 40.5029 -7.647 -.25 39.5924 -7.1402 -.25 39.3002
3 0 -7.2281 -.25 40.5029 -8.0911 -.25 40.1199 -8.0882 -.25 39.9527
4 0 -8.0882 -.25 39.9527 -7.9861 -.25 39.8541 -7.647 -.25 39.5924 -7.2281 -.25 40.5029
4 0 -4.0586 -.25 35.1964 -2.3328 -.25 35.7199 -5.504 -.25 55 -5.0749 -.25 41.7112
4 0 -5.504 -.25 55 -2.3328 -.25 35.7199 -.5765 -.25 36.1295 3.379 -.25 49.1
3 0 3.379 -.25 49.1 1.2028 -.25 36.4232 2.9976 -.25 36.6
3 0 3.379 -.25 49.1 -.5765 -.25 36.1295 1.2028 -.25 36.4232
3 0 4.8 -.25 36.659 3.379 -.25 49.1 2.9976 -.25 36.6
4 0 4.8 -.25 36.659 6.6024 -.25 36.6 12.491 -.25 43.1 3.379 -.25 49.1
3 0 12.491 -.25 43.1 6.6024 -.25 36.6 8.3972 -.25 36.4232
3 0 12.491 -.25 43.1 8.3972 -.25 36.4232 10.1765 -.25 36.1295
3 0 12.491 -.25 43.1 10.1765 -.25 36.1295 11.9328 -.25 35.7199
4 0 11.9328 -.25 35.7199 13.6586 -.25 35.1964 18.084 -.25 39.353 12.491 -.25 43.1
3 0 18.084 -.25 39.353 13.6586 -.25 35.1964 15.3464 -.25 34.5612
4 0 15.3464 -.25 34.5612 16.989 -.25 33.8169 21.677 -.25 35 18.084 -.25 39.353
3 0 21.677 -.25 35 16.989 -.25 33.8169 18.5795 -.25 32.9668
3 0 21.677 -.25 35 18.5795 -.25 32.9668 20.111 -.25 32.0145
3 0 21.677 -.25 35 20.111 -.25 32.0145 21.5769 -.25 30.964
3 0 22.6759 -.25 30.0621 21.677 -.25 35 21.5769 -.25 30.964
4 0 -9.364 -.25 -19.9346 -9.9973 -.25 -19.8891 -10.5452 -.25 -20.1096 -9.4359 -.25 -21.6364
4 0 -11.0766 -.25 -21.1789 -9.4359 -.25 -21.6364 -10.5452 -.25 -20.1096 -10.9242 -.25 -20.5625
4 0 -11.0766 -.25 -21.1789 -10.9793 -.25 -21.865 -10.6469 -.25 -22.5163 -9.4359 -.25 -21.6364
4 0 -9.5078 -.25 -23.3383 -9.4359 -.25 -21.6364 -10.6469 -.25 -22.5163 -10.1302 -.25 -23.0337
4 0 -9.5078 -.25 -23.3383 -8.8744 -.25 -23.3838 -8.3265 -.25 -23.1633 -9.4359 -.25 -21.6364
4 0 -7.7951 -.25 -22.094 -9.4359 -.25 -21.6364 -8.3265 -.25 -23.1633 -7.9475 -.25 -22.7104
4 0 -7.7951 -.25 -22.094 -7.8925 -.25 -21.4079 -8.2248 -.25 -20.7566 -9.4359 -.25 -21.6364
4 0 -8.2248 -.25 -20.7566 -8.7416 -.25 -20.2392 -9.364 -.25 -19.9346 -9.4359 -.25 -21.6364
4 0 .3723 -.25 -22.2604 -.1399 -.25 -22.2235 -.5829 -.25 -22.4018 .3141 -.25 -23.6364
4 0 -1.0126 -.25 -23.2665 .3141 -.25 -23.6364 -.5829 -.25 -22.4018 -.8894 -.25 -22.7681
4 0 -1.0126 -.25 -23.2665 -.9339 -.25 -23.8213 -.6651 -.25 -24.3479 .3141 -.25 -23.6364
4 0 .256 -.25 -25.0125 .3141 -.25 -23.6364 -.6651 -.25 -24.3479 -.2473 -.25 -24.7662
4 0 .256 -.25 -25.0125 .7681 -.25 -25.0494 1.2111 -.25 -24.8711 .3141 -.25 -23.6364
4 0 1.6408 -.25 -24.0064 .3141 -.25 -23.6364 1.2111 -.25 -24.8711 1.5176 -.25 -24.5048
4 0 1.6408 -.25 -24.0064 1.5621 -.25 -23.4516 1.2934 -.25 -22.925 .3141 -.25 -23.6364
4 0 1.2934 -.25 -22.925 .8755 -.25 -22.5067 .3723 -.25 -22.2604 .3141 -.25 -23.6364
4 0 3.0138 -.25 -22.2739 4.3141 -.25 -22.6364 3.4349 -.25 -21.4264 3.1346 -.25 -21.7853
4 0 3.0138 -.25 -22.2739 3.091 -.25 -22.8176 3.3544 -.25 -23.3337 4.3141 -.25 -22.6364
3 0 4.3141 -.25 -22.6364 3.3544 -.25 -23.3337 3.7639 -.25 -23.7437
4 0 5.6144 -.25 -22.999 4.3141 -.25 -22.6364 5.1933 -.25 -23.8465 5.4936 -.25 -23.4876
4 0 5.2739 -.25 -21.9391 4.3141 -.25 -22.6364 5.6144 -.25 -22.999 5.5372 -.25 -22.4553
3 0 5.2739 -.25 -21.9391 4.8644 -.25 -21.5292 4.3141 -.25 -22.6364
4 0 20.5593 -.25 -17.2661 20.161 -.25 -17.2375 19.8164 -.25 -17.3761 20.5141 -.25 -18.3364
3 0 20.5141 -.25 -18.3364 19.8164 -.25 -17.3761 19.578 -.25 -17.661
4 0 19.578 -.25 -17.661 19.4822 -.25 -18.0487 19.5434 -.25 -18.4802 20.5141 -.25 -18.3364
4 0 19.5434 -.25 -18.4802 19.7524 -.25 -18.8898 20.0774 -.25 -19.2152 20.5141 -.25 -18.3364
4 0 20.0774 -.25 -19.2152 20.4689 -.25 -19.4068 20.8672 -.25 -19.4354 20.5141 -.25 -18.3364
4 0 20.8672 -.25 -19.4354 21.2118 -.25 -19.2968 21.4502 -.25 -19.0119 20.5141 -.25 -18.3364
4 0 21.4502 -.25 -19.0119 21.5461 -.25 -18.6242 21.4848 -.25 -18.1927 20.5141 -.25 -18.3364
4 0 20.9508 -.25 -17.4577 20.5141 -.25 -18.3364 21.4848 -.25 -18.1927 21.2758 -.25 -17.7831
3 0 20.9508 -.25 -17.4577 20.5593 -.25 -17.2661 20.5141 -.25 -18.3364
4 0 24.555 -.25 -16.4184 24.1948 -.25 -16.3925 23.8831 -.25 -16.5179 24.5141 -.25 -17.3864
3 0 24.5141 -.25 -17.3864 23.8831 -.25 -16.5179 23.6675 -.25 -16.7756
4 0 23.6675 -.25 -16.7756 23.5808 -.25 -17.1262 23.6362 -.25 -17.5165 24.5141 -.25 -17.3864
4 0 23.6362 -.25 -17.5165 23.8253 -.25 -17.8869 24.1192 -.25 -18.1812 24.5141 -.25 -17.3864
4 0 24.1192 -.25 -18.1812 24.4732 -.25 -18.3545 24.8335 -.25 -18.3804 24.5141 -.25 -17.3864
4 0 24.8335 -.25 -18.3804 25.1451 -.25 -18.2549 25.3607 -.25 -17.9973 24.5141 -.25 -17.3864
4 0 25.3607 -.25 -17.9973 25.4474 -.25 -17.6467 25.392 -.25 -17.2564 24.5141 -.25 -17.3864
4 0 24.909 -.25 -16.5917 24.5141 -.25 -17.3864 25.392 -.25 -17.2564 25.203 -.25 -16.886
3 0 24.909 -.25 -16.5917 24.555 -.25 -16.4184 24.5141 -.25 -17.3864
4 0 1.955 -.25 -27.2684 1.5948 -.25 -27.2425 1.2831 -.25 -27.3679 1.9141 -.25 -28.2364
3 0 1.9141 -.25 -28.2364 1.2831 -.25 -27.3679 1.0675 -.25 -27.6256
4 0 1.0675 -.25 -27.6256 .9808 -.25 -27.9762 1.0362 -.25 -28.3665 1.9141 -.25 -28.2364
4 0 1.0362 -.25 -28.3665 1.2253 -.25 -28.7369 1.5192 -.25 -29.0312 1.9141 -.25 -28.2364
4 0 1.5192 -.25 -29.0312 1.8732 -.25 -29.2045 2.2335 -.25 -29.2304 1.9141 -.25 -28.2364
4 0 2.2335 -.25 -29.2304 2.5451 -.25 -29.1049 2.7607 -.25 -28.8473 1.9141 -.25 -28.2364
4 0 2.7607 -.25 -28.8473 2.8474 -.25 -28.4967 2.792 -.25 -28.1064 1.9141 -.25 -28.2364
4 0 2.309 -.25 -27.4417 1.9141 -.25 -28.2364 2.792 -.25 -28.1064 2.603 -.25 -27.736
3 0 2.309 -.25 -27.4417 1.955 -.25 -27.2684 1.9141 -.25 -28.2364
4 0 5.9507 -.25 -26.4198 5.6282 -.25 -26.3966 5.3492 -.25 -26.5089 5.9141 -.25 -27.2864
4 0 5.5605 -.25 -27.9979 5.8775 -.25 -28.1531 6.2 -.25 -28.1762 5.9141 -.25 -27.2864
4 0 6.672 -.25 -27.8333 5.9141 -.25 -27.2864 6.2 -.25 -28.1762 6.479 -.25 -28.064
4 0 6.672 -.25 -27.8333 6.7496 -.25 -27.5194 6.7 -.25 -27.17 5.9141 -.25 -27.2864
4 0 6.7 -.25 -27.17 6.5308 -.25 -26.8384 6.2677 -.25 -26.575 5.9141 -.25 -27.2864
3 0 6.2677 -.25 -26.575 5.9507 -.25 -26.4198 5.9141 -.25 -27.2864
4 0 9.5897 -.25 -25.1524 9.4492 -.25 -25.2089 9.2562 -.25 -25.4396 10.0141 -.25 -25.9864
4 0 9.2562 -.25 -25.4396 9.1786 -.25 -25.7535 9.2282 -.25 -26.1028 10.0141 -.25 -25.9864
3 0 10.0141 -.25 -25.9864 9.2282 -.25 -26.1028 9.3974 -.25 -26.4345
4 0 9.8543 -.25 -26.7928 10.0141 -.25 -25.9864 9.3974 -.25 -26.4345 9.6605 -.25 -26.6979
4 0 9.8543 -.25 -26.7928 9.9775 -.25 -26.8531 10.3 -.25 -26.8762 10.0141 -.25 -25.9864
4 0 10.3 -.25 -26.8762 10.579 -.25 -26.764 10.772 -.25 -26.5333 10.0141 -.25 -25.9864
4 0 10.772 -.25 -26.5333 10.8496 -.25 -26.2194 10.8 -.25 -25.87 10.0141 -.25 -25.9864
3 0 10.8 -.25 -25.87 10.6308 -.25 -25.5384 10.0141 -.25 -25.9864
4 0 10.6308 -.25 -25.5384 10.3677 -.25 -25.275 10.0507 -.25 -25.1198 10.0141 -.25 -25.9864
4 0 9.5897 -.25 -25.1524 10.0141 -.25 -25.9864 10.0507 -.25 -25.1198 9.7282 -.25 -25.0966
4 0 14 -.25 -24.1871 13.6839 -.25 -24.1644 13.4104 -.25 -24.2744 13.9641 -.25 -25.0364
4 0 13.4104 -.25 -24.2744 13.2213 -.25 -24.5005 13.1452 -.25 -24.8081 13.9641 -.25 -25.0364
4 0 13.3597 -.25 -25.4756 13.9641 -.25 -25.0364 13.1452 -.25 -24.8081 13.1938 -.25 -25.1505
4 0 13.3597 -.25 -25.4756 13.6176 -.25 -25.7338 13.9282 -.25 -25.8858 13.9641 -.25 -25.0364
4 0 14.5178 -.25 -25.7985 13.9641 -.25 -25.0364 13.9282 -.25 -25.8858 14.2443 -.25 -25.9085
4 0 14.783 -.25 -25.2648 13.9641 -.25 -25.0364 14.5178 -.25 -25.7985 14.7069 -.25 -25.5724
4 0 14.5685 -.25 -24.5973 13.9641 -.25 -25.0364 14.783 -.25 -25.2648 14.7344 -.25 -24.9224
4 0 14.5685 -.25 -24.5973 14.3106 -.25 -24.3391 14 -.25 -24.1871 13.9641 -.25 -25.0364
4 0 21.4734 -.25 -22.061 21.3057 -.25 -22.2614 21.2383 -.25 -22.5341 21.9641 -.25 -22.7364
4 0 21.2383 -.25 -22.5341 21.2813 -.25 -22.8376 21.4284 -.25 -23.1257 21.9641 -.25 -22.7364
4 0 21.4284 -.25 -23.1257 21.657 -.25 -23.3545 21.9323 -.25 -23.4893 21.9641 -.25 -22.7364
4 0 22.4549 -.25 -23.4119 21.9641 -.25 -22.7364 21.9323 -.25 -23.4893 22.2125 -.25 -23.5095
4 0 22.69 -.25 -22.9388 21.9641 -.25 -22.7364 22.4549 -.25 -23.4119 22.6225 -.25 -23.2115
4 0 22.4999 -.25 -22.3472 21.9641 -.25 -22.7364 22.69 -.25 -22.9388 22.6469 -.25 -22.6353
4 0 22.4999 -.25 -22.3472 22.2713 -.25 -22.1183 21.9959 -.25 -21.9836 21.9641 -.25 -22.7364
4 0 21.4734 -.25 -22.061 21.9641 -.25 -22.7364 21.9959 -.25 -21.9836 21.7157 -.25 -21.9634
4 0 28.5996 -.25 -15.2465 28.287 -.25 -15.224 28.0166 -.25 -15.3328 28.5641 -.25 -16.0864
4 0 28.0166 -.25 -15.3328 27.8295 -.25 -15.5564 27.7543 -.25 -15.8606 28.5641 -.25 -16.0864
4 0 27.9664 -.25 -16.5207 28.5641 -.25 -16.0864 27.7543 -.25 -15.8606 27.8024 -.25 -16.1993
4 0 27.9664 -.25 -16.5207 28.2214 -.25 -16.776 28.5286 -.25 -16.9264 28.5641 -.25 -16.0864
4 0 29.1116 -.25 -16.84 28.5641 -.25 -16.0864 28.5286 -.25 -16.9264 28.8412 -.25 -16.9489
4 0 29.3739 -.25 -16.3123 28.5641 -.25 -16.0864 29.1116 -.25 -16.84 29.2987 -.25 -16.6165
4 0 29.1618 -.25 -15.6522 28.5641 -.25 -16.0864 29.3739 -.25 -16.3123 29.3259 -.25 -15.9736
4 0 29.1618 -.25 -15.6522 28.9068 -.25 -15.3968 28.5996 -.25 -15.2465 28.5641 -.25 -16.0864
4 0 25.7425 -.25 -21.0561 25.5985 -.25 -21.2283 25.5405 -.25 -21.4626 26.1641 -.25 -21.6364
4 0 25.5405 -.25 -21.4626 25.5775 -.25 -21.7233 25.7038 -.25 -21.9708 26.1641 -.25 -21.6364
4 0 25.7038 -.25 -21.9708 25.9002 -.25 -22.1675 26.1368 -.25 -22.2832 26.1641 -.25 -21.6364
4 0 26.5857 -.25 -22.2168 26.1641 -.25 -21.6364 26.1368 -.25 -22.2832 26.3775 -.25 -22.3005
4 0 26.7877 -.25 -21.8103 26.1641 -.25 -21.6364 26.5857 -.25 -22.2168 26.7298 -.25 -22.0446
4 0 26.6244 -.25 -21.302 26.1641 -.25 -21.6364 26.7877 -.25 -21.8103 26.7507 -.25 -21.5496
4 0 26.6244 -.25 -21.302 26.428 -.25 -21.1054 26.1914 -.25 -20.9897 26.1641 -.25 -21.6364
4 0 25.7425 -.25 -21.0561 26.1641 -.25 -21.6364 26.1914 -.25 -20.9897 25.9507 -.25 -20.9723
4 0 30.1893 -.25 -20.0396 29.9672 -.25 -20.0237 29.7751 -.25 -20.101 30.1641 -.25 -20.6364
3 0 30.1641 -.25 -20.6364 29.7751 -.25 -20.101 29.6422 -.25 -20.2598
4 0 29.6422 -.25 -20.2598 29.5887 -.25 -20.476 29.6229 -.25 -20.7166 30.1641 -.25 -20.6364
3 0 30.1641 -.25 -20.6364 29.6229 -.25 -20.7166 29.7394 -.25 -20.945
4 0 29.7394 -.25 -20.945 29.9206 -.25 -21.1264 30.1389 -.25 -21.2333 30.1641 -.25 -20.6364
4 0 30.5532 -.25 -21.1719 30.1641 -.25 -20.6364 30.1389 -.25 -21.2333 30.361 -.25 -21.2492
4 0 30.7395 -.25 -20.7969 30.1641 -.25 -20.6364 30.5532 -.25 -21.1719 30.6861 -.25 -21.0131
4 0 30.5888 -.25 -20.3279 30.1641 -.25 -20.6364 30.7395 -.25 -20.7969 30.7054 -.25 -20.5563
4 0 30.5888 -.25 -20.3279 30.4076 -.25 -20.1465 30.1893 -.25 -20.0396 30.1641 -.25 -20.6364
4 0 3.0135 -.25 -32.1351 2.8767 -.25 -32.2986 2.8216 -.25 -32.5212 3.4141 -.25 -32.6864
4 0 2.8216 -.25 -32.5212 2.8568 -.25 -32.769 2.9768 -.25 -33.0042 3.4141 -.25 -32.6864
4 0 2.9768 -.25 -33.0042 3.1634 -.25 -33.191 3.3881 -.25 -33.301 3.4141 -.25 -32.6864
4 0 3.8147 -.25 -33.2378 3.4141 -.25 -32.6864 3.3881 -.25 -33.301 3.6169 -.25 -33.3174
4 0 4.0066 -.25 -32.8517 3.4141 -.25 -32.6864 3.8147 -.25 -33.2378 3.9516 -.25 -33.0743
4 0 3.8514 -.25 -32.3687 3.4141 -.25 -32.6864 4.0066 -.25 -32.8517 3.9714 -.25 -32.6039
4 0 3.8514 -.25 -32.3687 3.6648 -.25 -32.1819 3.4401 -.25 -32.0719 3.4141 -.25 -32.6864
4 0 3.0135 -.25 -32.1351 3.4141 -.25 -32.6864 3.4401 -.25 -32.0719 3.2114 -.25 -32.0555
4 0 .0016 -.25 -34.2243 -.5359 -.25 -33.8364 -.3331 -.25 -34.4674 -.1353 -.25 -34.3878
4 0 .0016 -.25 -34.2243 .0566 -.25 -34.0017 .0214 -.25 -33.7539 -.5359 -.25 -33.8364
4 0 .0214 -.25 -33.7539 -.0986 -.25 -33.5187 -.2852 -.25 -33.3319 -.5359 -.25 -33.8364
4 0 -.7386 -.25 -33.2055 -.5359 -.25 -33.8364 -.2852 -.25 -33.3319 -.5099 -.25 -33.2219
4 0 7.1197 -.25 -31.4486 7.6141 -.25 -31.5864 7.2798 -.25 -31.1264 7.1656 -.25 -31.2628
3 0 7.6141 -.25 -31.5864 7.1197 -.25 -31.4486 7.1491 -.25 -31.6553
4 0 7.1491 -.25 -31.6553 7.2492 -.25 -31.8516 7.4049 -.25 -32.0074 7.6141 -.25 -31.5864
4 0 7.4049 -.25 -32.0074 7.5924 -.25 -32.0992 7.7833 -.25 -32.113 7.6141 -.25 -31.5864
4 0 8.0626 -.25 -31.91 7.6141 -.25 -31.5864 7.7833 -.25 -32.113 7.9484 -.25 -32.0465
4 0 8.0626 -.25 -31.91 8.1085 -.25 -31.7243 8.0792 -.25 -31.5176 7.6141 -.25 -31.5864
4 0 8.0792 -.25 -31.5176 7.979 -.25 -31.3213 7.8233 -.25 -31.1654 7.6141 -.25 -31.5864
3 0 7.8233 -.25 -31.1654 7.6358 -.25 -31.0737 7.6141 -.25 -31.5864
4 0 7.2798 -.25 -31.1264 7.6141 -.25 -31.5864 7.6358 -.25 -31.0737 7.4449 -.25 -31.0599
4 0 11.5371 -.25 -30.0421 11.3345 -.25 -30.0275 11.1593 -.25 -30.0981 11.5141 -.25 -30.5864
4 0 10.9893 -.25 -30.4401 11.5141 -.25 -30.5864 11.1593 -.25 -30.0981 11.0381 -.25 -30.2429
3 0 11.5141 -.25 -30.5864 10.9893 -.25 -30.4401 11.0205 -.25 -30.6596
4 0 11.0205 -.25 -30.6596 11.1268 -.25 -30.8679 11.292 -.25 -31.0334 11.5141 -.25 -30.5864
4 0 11.292 -.25 -31.0334 11.4911 -.25 -31.1308 11.6937 -.25 -31.1454 11.5141 -.25 -30.5864
4 0 11.9902 -.25 -30.93 11.5141 -.25 -30.5864 11.6937 -.25 -31.1454 11.8689 -.25 -31.0748
4 0 11.9902 -.25 -30.93 12.0389 -.25 -30.7328 12.0078 -.25 -30.5133 11.5141 -.25 -30.5864
4 0 12.0078 -.25 -30.5133 11.9015 -.25 -30.305 11.7362 -.25 -30.1395 11.5141 -.25 -30.5864
3 0 11.7362 -.25 -30.1395 11.5371 -.25 -30.0421 11.5141 -.25 -30.5864
4 15 30.202 -.25 -7.1429 29.8813 -.25 -7.6588 30.5875 -.25 -9.3144 30.6421 -.25 -9.3183
3 15 30.5875 -.25 -9.3144 29.8813 -.25 -7.6588 30.22 -.25 -9.4623
4 15 29.8813 -.25 -7.6588 28.7315 -.25 -9.2633 29.9658 -.25 -9.7661 30.22 -.25 -9.4623
4 15 29.8636 -.25 -10.1796 29.9658 -.25 -9.7661 28.7315 -.25 -9.2633 27.5838 -.25 -10.6618
4 15 27.5838 -.25 -10.6618 27.6156 -.25 -10.6773 29.9289 -.25 -10.6398 29.8636 -.25 -10.1796
4 15 27.6156 -.25 -10.6773 27.9888 -.25 -11.051 30.1518 -.25 -11.0766 29.9289 -.25 -10.6398
3 15 30.1518 -.25 -11.0766 27.9888 -.25 -11.051 28.2288 -.25 -11.5214
4 15 30.1518 -.25 -11.0766 28.2288 -.25 -11.5214 28.2991 -.25 -12.0169 30.4984 -.25 -11.4236
4 15 30.4984 -.25 -11.4236 28.2991 -.25 -12.0169 28.189 -.25 -12.4621 30.9159 -.25 -11.6279
4 15 31.1049 -.25 -11.6415 30.9159 -.25 -11.6279 30.7054 -.25 -20.5563 33.048 -.25 -21.458
3 15 33.048 -.25 -21.458 30.7054 -.25 -20.5563 30.7395 -.25 -20.7969
3 15 33.048 -.25 -21.458 30.7395 -.25 -20.7969 30.6861 -.25 -21.0131
4 15 31.689 -.25 -23.918 30.6861 -.25 -21.0131 30.5532 -.25 -21.1719 30.78 -.25 -24.1
3 15 30.78 -.25 -24.1 30.5532 -.25 -21.1719 30.361 -.25 -21.2492
4 15 28.9068 -.25 -15.3968 30.9159 -.25 -11.6279 28.189 -.25 -12.4621 28.5996 -.25 -15.2465
3 15 30.9159 -.25 -11.6279 28.9068 -.25 -15.3968 29.1618 -.25 -15.6522
3 15 30.9159 -.25 -11.6279 29.1618 -.25 -15.6522 29.3259 -.25 -15.9736
4 15 30.1893 -.25 -20.0396 30.9159 -.25 -11.6279 29.3259 -.25 -15.9736 29.3739 -.25 -16.3123
3 15 30.9159 -.25 -11.6279 30.1893 -.25 -20.0396 30.4076 -.25 -20.1465
3 15 30.9159 -.25 -11.6279 30.4076 -.25 -20.1465 30.5888 -.25 -20.3279
3 15 30.9159 -.25 -11.6279 30.5888 -.25 -20.3279 30.7054 -.25 -20.5563
4 15 29.2987 -.25 -16.6165 29.9672 -.25 -20.0237 30.1893 -.25 -20.0396 29.3739 -.25 -16.3123
4 15 29.2987 -.25 -16.6165 29.1116 -.25 -16.84 29.7751 -.25 -20.101 29.9672 -.25 -20.0237
4 15 29.1116 -.25 -16.84 28.8412 -.25 -16.9489 29.6422 -.25 -20.2598 29.7751 -.25 -20.101
3 15 30.78 -.25 -24.1 26.7298 -.25 -22.0446 26.5857 -.25 -22.2168
4 15 30.361 -.25 -21.2492 30.1389 -.25 -21.2333 26.7298 -.25 -22.0446 30.78 -.25 -24.1
3 15 30.1389 -.25 -21.2333 29.9206 -.25 -21.1264 26.7298 -.25 -22.0446
4 15 26.7298 -.25 -22.0446 29.9206 -.25 -21.1264 29.7394 -.25 -20.945 26.7877 -.25 -21.8103
4 15 26.7877 -.25 -21.8103 29.7394 -.25 -20.945 29.6229 -.25 -20.7166 26.7507 -.25 -21.5496
4 15 26.7507 -.25 -21.5496 29.6229 -.25 -20.7166 29.5887 -.25 -20.476 26.6244 -.25 -21.302
4 15 26.6244 -.25 -21.302 29.5887 -.25 -20.476 29.6422 -.25 -20.2598 26.428 -.25 -21.1054
4 15 28.8412 -.25 -16.9489 28.5286 -.25 -16.9264 26.428 -.25 -21.1054 29.6422 -.25 -20.2598
4 15 26.1914 -.25 -20.9897 26.428 -.25 -21.1054 28.5286 -.25 -16.9264 28.2214 -.25 -16.776
4 15 28.2214 -.25 -16.776 27.9664 -.25 -16.5207 25.9507 -.25 -20.9723 26.1914 -.25 -20.9897
4 15 27.9664 -.25 -16.5207 27.8024 -.25 -16.1993 25.3607 -.25 -17.9973 25.9507 -.25 -20.9723
3 15 27.8024 -.25 -16.1993 25.4474 -.25 -17.6467 25.3607 -.25 -17.9973
4 15 27.8024 -.25 -16.1993 27.7543 -.25 -15.8606 25.392 -.25 -17.2564 25.4474 -.25 -17.6467
4 15 27.7543 -.25 -15.8606 27.8295 -.25 -15.5564 25.203 -.25 -16.886 25.392 -.25 -17.2564
4 15 28.0166 -.25 -15.3328 27.5196 -.25 -12.9485 27.0622 -.25 -12.9156 27.8295 -.25 -15.5564
4 15 27.5196 -.25 -12.9485 28.0166 -.25 -15.3328 28.287 -.25 -15.224 27.9153 -.25 -12.7892
4 15 28.5996 -.25 -15.2465 28.189 -.25 -12.4621 27.9153 -.25 -12.7892 28.287 -.25 -15.224
4 15 26.1704 -.25 -12.1866 26.1299 -.25 -12.2299 24.555 -.25 -16.4184 26.2395 -.25 -12.3219
4 15 24.555 -.25 -16.4184 24.909 -.25 -16.5917 26.6126 -.25 -12.6956 26.2395 -.25 -12.3219
3 15 26.6126 -.25 -12.6956 24.909 -.25 -16.5917 25.203 -.25 -16.886
4 15 27.8295 -.25 -15.5564 27.0622 -.25 -12.9156 26.6126 -.25 -12.6956 25.203 -.25 -16.886
4 15 24.1948 -.25 -16.3925 24.555 -.25 -16.4184 26.1299 -.25 -12.2299 24.6892 -.25 -13.5792
4 15 24.6892 -.25 -13.5792 23.1633 -.25 -14.8315 23.8831 -.25 -16.5179 24.1948 -.25 -16.3925
4 15 23.6675 -.25 -16.7756 23.8831 -.25 -16.5179 23.1633 -.25 -14.8315 21.5588 -.25 -15.9813
4 15 20.9508 -.25 -17.4577 21.2758 -.25 -17.7831 23.6675 -.25 -16.7756 21.5588 -.25 -15.9813
4 15 23.6675 -.25 -16.7756 21.2758 -.25 -17.7831 21.4848 -.25 -18.1927 23.5808 -.25 -17.1262
4 15 23.5808 -.25 -17.1262 21.4848 -.25 -18.1927 21.5461 -.25 -18.6242 23.6362 -.25 -17.5165
4 15 23.6362 -.25 -17.5165 21.5461 -.25 -18.6242 21.4502 -.25 -19.0119 23.8253 -.25 -17.8869
3 15 24.1192 -.25 -18.1812 23.8253 -.25 -17.8869 21.4502 -.25 -19.0119
4 15 21.4502 -.25 -19.0119 21.2118 -.25 -19.2968 21.9959 -.25 -21.9836 24.1192 -.25 -18.1812
4 15 21.9959 -.25 -21.9836 22.2713 -.25 -22.1183 24.4732 -.25 -18.3545 24.1192 -.25 -18.1812
4 15 22.2713 -.25 -22.1183 22.4999 -.25 -22.3472 25.5405 -.25 -21.4626 24.4732 -.25 -18.3545
4 15 24.8335 -.25 -18.3804 24.4732 -.25 -18.3545 25.5405 -.25 -21.4626 25.5985 -.25 -21.2283
3 15 25.7425 -.25 -21.0561 24.8335 -.25 -18.3804 25.5985 -.25 -21.2283
4 15 25.9507 -.25 -20.9723 25.1451 -.25 -18.2549 24.8335 -.25 -18.3804 25.7425 -.25 -21.0561
3 15 25.9507 -.25 -20.9723 25.3607 -.25 -17.9973 25.1451 -.25 -18.2549
4 15 25.5405 -.25 -21.4626 22.4999 -.25 -22.3472 22.6469 -.25 -22.6353 25.5775 -.25 -21.7233
4 15 25.5775 -.25 -21.7233 22.6469 -.25 -22.6353 22.69 -.25 -22.9388 25.7038 -.25 -21.9708
4 15 25.7038 -.25 -21.9708 22.69 -.25 -22.9388 22.6225 -.25 -23.2115 25.9002 -.25 -22.1675
4 15 22.4549 -.25 -23.4119 26.1368 -.25 -22.2832 25.9002 -.25 -22.1675 22.6225 -.25 -23.2115
3 15 30.78 -.25 -24.1 26.5857 -.25 -22.2168 26.3775 -.25 -22.3005
4 15 26.3775 -.25 -22.3005 26.1368 -.25 -22.2832 22.4549 -.25 -23.4119 30.78 -.25 -24.1
4 15 22.4549 -.25 -23.4119 22.2125 -.25 -23.5095 21.677 -.25 -24.1 30.78 -.25 -24.1
3 15 22.2125 -.25 -23.5095 21.9323 -.25 -23.4893 21.677 -.25 -24.1
4 15 21.9323 -.25 -23.4893 21.657 -.25 -23.3545 20.323 -.25 -24.1 21.677 -.25 -24.1
3 15 20.323 -.25 -24.1 18.9274 -.25 -24.1493 18.9008 -.25 -24.2566
4 15 21.657 -.25 -23.3545 21.4284 -.25 -23.1257 18.9274 -.25 -24.1493 20.323 -.25 -24.1
4 15 18.9274 -.25 -24.1493 21.4284 -.25 -23.1257 21.2813 -.25 -22.8376 18.8798 -.25 -23.8257
4 15 18.8798 -.25 -23.8257 21.2813 -.25 -22.8376 21.2383 -.25 -22.5341 18.7275 -.25 -23.5271
4 15 18.7275 -.25 -23.5271 21.2383 -.25 -22.5341 20.0774 -.25 -19.2152 18.4871 -.25 -23.2865
4 15 21.3057 -.25 -22.2614 20.4689 -.25 -19.4068 20.0774 -.25 -19.2152 21.2383 -.25 -22.5341
4 15 20.4689 -.25 -19.4068 21.3057 -.25 -22.2614 21.4734 -.25 -22.061 20.8672 -.25 -19.4354
4 15 21.7157 -.25 -21.9634 21.2118 -.25 -19.2968 20.8672 -.25 -19.4354 21.4734 -.25 -22.061
3 15 21.9959 -.25 -21.9836 21.2118 -.25 -19.2968 21.7157 -.25 -21.9634
3 15 21.5588 -.25 -15.9813 20.5593 -.25 -17.2661 20.9508 -.25 -17.4577
4 15 20.5593 -.25 -17.2661 21.5588 -.25 -15.9813 19.8825 -.25 -17.0237 20.161 -.25 -17.2375
3 15 20.161 -.25 -17.2375 19.8825 -.25 -17.0237 19.8164 -.25 -17.3761
4 15 19.8164 -.25 -17.3761 19.8825 -.25 -17.0237 18.1416 -.25 -17.9542 19.578 -.25 -17.661
3 15 19.578 -.25 -17.661 18.1416 -.25 -17.9542 19.4822 -.25 -18.0487
3 15 19.5434 -.25 -18.4802 19.4822 -.25 -18.0487 18.1416 -.25 -17.9542
4 15 16.9721 -.25 -18.4841 17.1677 -.25 -18.68 19.5434 -.25 -18.4802 18.1416 -.25 -17.9542
3 15 19.5434 -.25 -18.4802 17.1677 -.25 -18.68 17.4157 -.25 -19.1659
4 15 19.5434 -.25 -18.4802 17.4157 -.25 -19.1659 17.4883 -.25 -19.6778 19.7524 -.25 -18.8898
4 15 17.3746 -.25 -20.1377 20.0774 -.25 -19.2152 19.7524 -.25 -18.8898 17.4883 -.25 -19.6778
3 15 20.0774 -.25 -19.2152 17.9029 -.25 -23.1236 18.1976 -.25 -23.1448
3 15 20.0774 -.25 -19.2152 18.1976 -.25 -23.1448 18.4871 -.25 -23.2865
4 15 20.0774 -.25 -19.2152 17.3746 -.25 -20.1377 17.0918 -.25 -20.4757 17.9029 -.25 -23.1236
4 15 17.9029 -.25 -23.1236 17.0918 -.25 -20.4757 16.683 -.25 -20.6402 17.6481 -.25 -23.2262
4 15 17.6481 -.25 -23.2262 16.683 -.25 -20.6402 16.2105 -.25 -20.6062 17.4718 -.25 -23.4369
4 15 13.4436 -.25 -21.1376 14.3106 -.25 -24.3391 17.4718 -.25 -23.4369 16.2105 -.25 -20.6062
4 15 14.3106 -.25 -24.3391 14.5685 -.25 -24.5973 17.4009 -.25 -23.7236 17.4718 -.25 -23.4369
3 15 17.4009 -.25 -23.7236 14.5685 -.25 -24.5973 14.7344 -.25 -24.9224
4 15 14.7344 -.25 -24.9224 17.118 -.25 -24.453 17.4462 -.25 -24.0428 17.4009 -.25 -23.7236
3 15 17.6494 -.25 -24.3945 17.6008 -.25 -24.3457 17.118 -.25 -24.453
3 15 17.6008 -.25 -24.3457 17.4462 -.25 -24.0428 17.118 -.25 -24.453
4 15 14.7344 -.25 -24.9224 14.783 -.25 -25.2648 15.003 -.25 -25.552 17.118 -.25 -24.453
3 15 15.003 -.25 -25.552 14.783 -.25 -25.2648 14.7069 -.25 -25.5724
4 15 14.7069 -.25 -25.5724 14.5178 -.25 -25.7985 13.45 -.25 -27.089 15.003 -.25 -25.552
3 15 14.5178 -.25 -25.7985 14.2443 -.25 -25.9085 13.45 -.25 -27.089
3 15 14.2443 -.25 -25.9085 13.9282 -.25 -25.8858 13.45 -.25 -27.089
3 15 13.9282 -.25 -25.8858 13.6176 -.25 -25.7338 13.45 -.25 -27.089
4 15 10.772 -.25 -26.5333 13.45 -.25 -27.089 13.6176 -.25 -25.7338 13.3597 -.25 -25.4756
4 15 15.0755 -.25 -19.2461 14.4962 -.25 -19.4641 13.4872 -.25 -20.1053 15.1126 -.25 -19.507
3 15 14.4962 -.25 -19.4641 13.3392 -.25 -19.8151 13.4872 -.25 -20.1053
4 15 15.1126 -.25 -19.507 13.4872 -.25 -20.1053 13.5644 -.25 -20.649 15.3605 -.25 -19.9929
4 15 13.4436 -.25 -21.1376 15.7461 -.25 -20.3789 15.3605 -.25 -19.9929 13.5644 -.25 -20.649
3 15 16.2105 -.25 -20.6062 15.7461 -.25 -20.3789 13.4436 -.25 -21.1376
4 15 14.3106 -.25 -24.3391 13.4436 -.25 -21.1376 13.1433 -.25 -21.4965 14 -.25 -24.1871
4 15 14 -.25 -24.1871 13.1433 -.25 -21.4965 12.7091 -.25 -21.6712 13.6839 -.25 -24.1644
4 15 13.6839 -.25 -24.1644 12.7091 -.25 -21.6712 12.2071 -.25 -21.6352 13.4104 -.25 -24.2744
4 15 13.4104 -.25 -24.2744 12.2071 -.25 -21.6352 11.7139 -.25 -21.3937 13.2213 -.25 -24.5005
4 15 13.2213 -.25 -24.5005 11.7139 -.25 -21.3937 10.6308 -.25 -25.5384 13.1452 -.25 -24.8081
4 15 10.6308 -.25 -25.5384 10.8 -.25 -25.87 13.1938 -.25 -25.1505 13.1452 -.25 -24.8081
4 15 10.8 -.25 -25.87 10.8496 -.25 -26.2194 13.3597 -.25 -25.4756 13.1938 -.25 -25.1505
3 15 13.3597 -.25 -25.4756 10.8496 -.25 -26.2194 10.772 -.25 -26.5333
4 15 10.772 -.25 -26.5333 10.579 -.25 -26.764 12.491 -.25 -29.214 13.45 -.25 -27.089
4 15 10.0507 -.25 -25.1198 10.3677 -.25 -25.275 9.8644 -.25 -21.899 9.7436 -.25 -22.3876
4 15 9.7872 -.25 -21.3553 9.8644 -.25 -21.899 10.3677 -.25 -25.275 11.3044 -.25 -20.9837
4 15 11.3044 -.25 -20.9837 10.3677 -.25 -25.275 10.6308 -.25 -25.5384 11.7139 -.25 -21.3937
3 15 11.041 -.25 -20.4676 11.032 -.25 -20.4045 10.6849 -.25 -20.4854
4 15 9.5239 -.25 -20.8391 9.7872 -.25 -21.3553 11.041 -.25 -20.4676 10.6849 -.25 -20.4854
3 15 11.3044 -.25 -20.9837 11.041 -.25 -20.4676 9.7872 -.25 -21.3553
3 15 10.6849 -.25 -20.4854 9.3849 -.25 -20.7 9.5239 -.25 -20.8391
3 15 12.491 -.25 -29.214 11.9015 -.25 -30.305 12.0078 -.25 -30.5133
3 15 12.491 -.25 -29.214 12.0078 -.25 -30.5133 12.0389 -.25 -30.7328
4 15 12.491 -.25 -29.214 12.0389 -.25 -30.7328 11.9902 -.25 -30.93 11.97 -.25 -31.586
3 15 11.9902 -.25 -30.93 11.8689 -.25 -31.0748 11.97 -.25 -31.586
4 15 11.3345 -.25 -30.0275 10.579 -.25 -26.764 10.3 -.25 -26.8762 11.1593 -.25 -30.0981
4 15 11.3345 -.25 -30.0275 11.5371 -.25 -30.0421 12.491 -.25 -29.214 10.579 -.25 -26.764
3 15 12.491 -.25 -29.214 11.5371 -.25 -30.0421 11.7362 -.25 -30.1395
3 15 12.491 -.25 -29.214 11.7362 -.25 -30.1395 11.9015 -.25 -30.305
4 15 9.9775 -.25 -26.8531 11.0381 -.25 -30.2429 11.1593 -.25 -30.0981 10.3 -.25 -26.8762
3 15 10.0507 -.25 -25.1198 9.7436 -.25 -22.3876 9.4433 -.25 -22.7465
4 15 10.0507 -.25 -25.1198 9.4433 -.25 -22.7465 9.2162 -.25 -22.8379 9.7282 -.25 -25.0966
3 15 9.7282 -.25 -25.0966 9.2162 -.25 -22.8379 9.5897 -.25 -25.1524
4 15 11.0381 -.25 -30.2429 9.9775 -.25 -26.8531 9.8543 -.25 -26.7928 10.9893 -.25 -30.4401
3 15 11.9705 -.25 -39.9085 11.292 -.25 -31.0334 11.1268 -.25 -30.8679
3 15 11.9705 -.25 -39.9085 11.4911 -.25 -31.1308 11.292 -.25 -31.0334
3 15 11.9705 -.25 -39.9085 11.6937 -.25 -31.1454 11.4911 -.25 -31.1308
4 15 11.8689 -.25 -31.0748 11.6937 -.25 -31.1454 11.9705 -.25 -39.9085 11.97 -.25 -31.586
4 15 2.8271 -.25 -21.0004 3.8692 -.25 -21.2516 4.2382 -.25 -21.2782 4.2006 -.25 -21.0454
3 15 3.8692 -.25 -21.2516 2.8271 -.25 -21.0004 3.4349 -.25 -21.4264
3 15 3.4349 -.25 -21.4264 2.8271 -.25 -21.0004 3.1346 -.25 -21.7853
3 15 3.1346 -.25 -21.7853 2.8271 -.25 -21.0004 3.0138 -.25 -22.2739
4 15 2.8271 -.25 -21.0004 1.2934 -.25 -22.925 3.091 -.25 -22.8176 3.0138 -.25 -22.2739
4 15 1.2934 -.25 -22.925 1.5621 -.25 -23.4516 3.3544 -.25 -23.3337 3.091 -.25 -22.8176
4 15 1.5621 -.25 -23.4516 1.6408 -.25 -24.0064 3.7639 -.25 -23.7437 3.3544 -.25 -23.3337
4 15 1.6408 -.25 -24.0064 1.5176 -.25 -24.5048 1.955 -.25 -27.2684 3.7639 -.25 -23.7437
4 15 1.955 -.25 -27.2684 2.309 -.25 -27.4417 4.2571 -.25 -23.9852 3.7639 -.25 -23.7437
4 15 2.309 -.25 -27.4417 2.603 -.25 -27.736 5.0786 -.25 -27.0535 4.2571 -.25 -23.9852
4 15 2.603 -.25 -27.736 2.792 -.25 -28.1064 5.1282 -.25 -27.4028 5.0786 -.25 -27.0535
4 15 5.0786 -.25 -27.0535 5.1335 -.25 -26.8313 4.6795 -.25 -24.0155 4.2571 -.25 -23.9852
4 15 5.1282 -.25 -27.4028 2.792 -.25 -28.1064 2.8474 -.25 -28.4967 5.2707 -.25 -27.6821
4 15 3.6648 -.25 -32.1819 5.2707 -.25 -27.6821 2.8474 -.25 -28.4967 2.7607 -.25 -28.8473
4 15 3.6648 -.25 -32.1819 2.7607 -.25 -28.8473 2.5451 -.25 -29.1049 3.4401 -.25 -32.0719
4 15 3.4401 -.25 -32.0719 2.5451 -.25 -29.1049 2.2335 -.25 -29.2304 3.2114 -.25 -32.0555
3 15 3.2114 -.25 -32.0555 2.2335 -.25 -29.2304 3.0135 -.25 -32.1351
4 15 2.2335 -.25 -29.2304 1.8732 -.25 -29.2045 2.8767 -.25 -32.2986 3.0135 -.25 -32.1351
3 15 5.2707 -.25 -27.6821 3.6648 -.25 -32.1819 3.8514 -.25 -32.3687
3 15 5.2707 -.25 -27.6821 3.8514 -.25 -32.3687 3.9714 -.25 -32.6039
4 15 .8627 -.25 -20.8069 .8755 -.25 -22.5067 1.2934 -.25 -22.925 2.8271 -.25 -21.0004
4 15 -.1283 -.25 -20.6433 .3723 -.25 -22.2604 .8755 -.25 -22.5067 .8627 -.25 -20.8069
4 15 -.1283 -.25 -20.6433 -.3929 -.25 -20.9596 -.1399 -.25 -22.2235 .3723 -.25 -22.2604
4 15 -.3929 -.25 -20.9596 -.9574 -.25 -21.1868 -.5829 -.25 -22.4018 -.1399 -.25 -22.2235
4 15 -.9574 -.25 -21.1868 -1.61 -.25 -21.1398 -.8894 -.25 -22.7681 -.5829 -.25 -22.4018
3 15 1.955 -.25 -27.2684 1.5176 -.25 -24.5048 1.2111 -.25 -24.8711
4 15 1.955 -.25 -27.2684 1.2111 -.25 -24.8711 .7681 -.25 -25.0494 1.5948 -.25 -27.2425
4 15 1.5948 -.25 -27.2425 .7681 -.25 -25.0494 .256 -.25 -25.0125 1.2831 -.25 -27.3679
4 15 -1.001 -.25 -25.4036 1.0675 -.25 -27.6256 1.2831 -.25 -27.3679 .256 -.25 -25.0125
4 15 2.8767 -.25 -32.2986 1.8732 -.25 -29.2045 -.2852 -.25 -33.3319 2.8216 -.25 -32.5212
3 15 2.8216 -.25 -32.5212 -.2852 -.25 -33.3319 -.0986 -.25 -33.5187
4 15 2.8216 -.25 -32.5212 -.0986 -.25 -33.5187 .0214 -.25 -33.7539 2.8568 -.25 -32.769
4 15 .0566 -.25 -34.0017 2.9768 -.25 -33.0042 2.8568 -.25 -32.769 .0214 -.25 -33.7539
3 27 -17.959 -.25 -15.5964 -18.4793 -.25 -15.0754 -18.4672 -.25 -15.1609
3 27 -17.959 -.25 -15.5964 -18.4672 -.25 -15.1609 -18.5748 -.25 -15.5958
3 27 -13.5633 -.25 -14.8315 -14.4461 -.25 -14.107 -14.4172 -.25 -14.3109
3 27 -13.5633 -.25 -14.8315 -14.4172 -.25 -14.3109 -14.6419 -.25 -15.2196
4 27 -13.5633 -.25 -14.8315 -14.6419 -.25 -15.2196 -14.9595 -.25 -15.5991 -14.004 -.25 -15.6
4 27 -12.9757 -.25 -15.6228 -12.782 -.25 -15.3914 -13.5633 -.25 -14.8315 -14.004 -.25 -15.6
3 27 -12.9757 -.25 -15.6228 -14.004 -.25 -15.6 -13.432 -.25 -15.832
3 27 -12.9757 -.25 -15.6228 -13.432 -.25 -15.832 -13.1303 -.25 -16.2482
4 27 -12.7416 -.25 -21.1892 -12.6236 -.25 -18.1037 -12.8991 -.25 -17.5637 -12.9007 -.25 -21.1113
4 27 -12.6236 -.25 -18.1037 -12.7416 -.25 -21.1892 -12.2248 -.25 -21.7066 -11.9675 -.25 -18.7605
4 27 -12.2248 -.25 -21.7066 -11.8925 -.25 -22.3579 -10.9793 -.25 -21.865 -11.0766 -.25 -21.1789
4 27 -10.9793 -.25 -21.865 -11.8925 -.25 -22.3579 -11.7951 -.25 -23.044 -10.6469 -.25 -22.5163
4 27 -10.6469 -.25 -22.5163 -11.7951 -.25 -23.044 -11.4622 -.25 -25.9827 -10.1302 -.25 -23.0337
4 27 -10.1302 -.25 -23.0337 -11.4622 -.25 -25.9827 -8.8584 -.25 -25.0765 -9.5078 -.25 -23.3383
4 27 -8.8744 -.25 -23.3838 -9.5078 -.25 -23.3383 -8.8584 -.25 -25.0765 -8.5725 -.25 -24.7349
4 27 -8.3265 -.25 -23.1633 -8.8744 -.25 -23.3838 -8.5725 -.25 -24.7349 -8.1593 -.25 -24.5686
3 27 -10.9242 -.25 -20.5625 -11.1772 -.25 -19.1473 -11.9675 -.25 -18.7605
4 27 -12.2248 -.25 -21.7066 -11.0766 -.25 -21.1789 -10.9242 -.25 -20.5625 -11.9675 -.25 -18.7605
4 27 -10.373 -.25 -19.2051 -11.1772 -.25 -19.1473 -10.9242 -.25 -20.5625 -10.5452 -.25 -20.1096
3 27 -9.9973 -.25 -19.8891 -10.373 -.25 -19.2051 -10.5452 -.25 -20.1096
4 27 -10.373 -.25 -19.2051 -9.9973 -.25 -19.8891 -9.364 -.25 -19.9346 -9.6773 -.25 -18.9252
4 27 -9.6773 -.25 -18.9252 -9.364 -.25 -19.9346 -8.7416 -.25 -20.2392 -9.1961 -.25 -18.3501
4 27 -7.026 -.25 -20.572 -7.1264 -.25 -19.8651 -9.1961 -.25 -18.3501 -8.7416 -.25 -20.2392
4 27 -7.1264 -.25 -19.8651 -6.9693 -.25 -19.23 -8.5416 -.25 -17.9542 -9.1961 -.25 -18.3501
3 27 -8.5416 -.25 -17.9542 -9.0332 -.25 -17.6914 -9.1961 -.25 -18.3501
3 27 -6.6218 -.25 -18.8147 -6.7436 -.25 -18.7688 -6.9693 -.25 -19.23
3 27 -6.7436 -.25 -18.7688 -8.5416 -.25 -17.9542 -6.9693 -.25 -19.23
3 27 -7.026 -.25 -20.572 -8.7416 -.25 -20.2392 -8.2248 -.25 -20.7566
4 27 -7.026 -.25 -20.572 -8.2248 -.25 -20.7566 -7.8925 -.25 -21.4079 -6.6836 -.25 -21.243
4 27 -7.8925 -.25 -21.4079 -7.7951 -.25 -22.094 -6.1513 -.25 -21.776 -6.6836 -.25 -21.243
4 27 -7.7951 -.25 -22.094 -7.9475 -.25 -22.7104 -7.6817 -.25 -24.6029 -6.1513 -.25 -21.776
4 27 -7.9475 -.25 -22.7104 -8.3265 -.25 -23.1633 -8.1593 -.25 -24.5686 -7.6817 -.25 -24.6029
4 0 8.1939 -.25 -45.3613 8.1939 -.25 -41.7415 7.728 -.25 -43.8919 7.728 -.25 -45.218
4 0 6.8678 -.25 -43.6273 6.4019 -.25 -43.4839 6.4019 -.25 -44.7879 6.8678 -.25 -44.9313
4 0 8.1939 -.25 -41.7415 4.9325 -.25 -40.8097 4.9325 -.25 -43.0317 6.4019 -.25 -43.4839
3 0 8.1939 -.25 -41.7415 6.4019 -.25 -43.4839 6.8678 -.25 -43.6273
3 0 8.1939 -.25 -41.7415 6.8678 -.25 -43.6273 7.728 -.25 -43.8919
3 0 8.1939 -.25 -53.7479 7.728 -.25 -52.2784 7.728 -.25 -53.6045
4 0 7.728 -.25 -49.9949 4.9325 -.25 -49.1962 4.9325 -.25 -51.4183 7.728 -.25 -52.2784
3 0 8.1939 -.25 -48.9095 7.728 -.25 -48.7661 7.728 -.25 -49.9949
4 0 7.728 -.25 -49.9949 7.728 -.25 -52.2784 8.1939 -.25 -53.7479 8.1939 -.25 -48.9095
4 0 6.4019 -.25 -46.544 6.8678 -.25 -46.329 6.7245 -.25 -45.9348 6.3661 -.25 -46.2932
4 0 6.3661 -.25 -46.2932 6.7245 -.25 -45.9348 6.4736 -.25 -45.6839 6.1869 -.25 -46.1498
4 0 6.1152 -.25 -45.5764 6.0077 -.25 -46.1498 6.1869 -.25 -46.1498 6.4736 -.25 -45.6839
4 0 6.0077 -.25 -46.1498 6.1152 -.25 -45.5764 5.7568 -.25 -45.6122 5.8643 -.25 -46.2215
4 0 5.5059 -.25 -45.8273 5.3984 -.25 -46.1498 5.8643 -.25 -46.2215 5.7568 -.25 -45.6122
4 0 5.7926 -.25 -46.4724 5.8643 -.25 -46.2215 5.3984 -.25 -46.1498 5.3984 -.25 -46.6516
4 0 5.3984 -.25 -46.6516 5.4701 -.25 -46.9741 5.8285 -.25 -46.7591 5.7926 -.25 -46.4724
4 0 5.4701 -.25 -46.9741 5.6134 -.25 -47.2967 5.936 -.25 -46.9741 5.8285 -.25 -46.7591
4 0 6.2586 -.25 -47.4042 5.936 -.25 -46.9741 5.6134 -.25 -47.2967 5.936 -.25 -47.6551
4 0 6.2227 -.25 -47.8701 6.4736 -.25 -47.6551 6.2586 -.25 -47.4042 5.936 -.25 -47.6551
4 0 6.4736 -.25 -47.6551 6.2227 -.25 -47.8701 6.5094 -.25 -47.9776 6.5811 -.25 -47.8343
4 0 7.0112 -.25 -46.7591 7.1546 -.25 -46.6874 7.1187 -.25 -46.2573 6.8678 -.25 -46.329
4 0 7.4054 -.25 -46.2573 7.1187 -.25 -46.2573 7.1546 -.25 -46.6874 7.3338 -.25 -46.7232
3 0 7.6563 -.25 -46.4007 7.4054 -.25 -46.2573 7.3338 -.25 -46.7232
4 0 7.7638 -.25 -46.6516 7.6563 -.25 -46.4007 7.3338 -.25 -46.7232 7.4413 -.25 -46.8308
4 0 7.4413 -.25 -46.8308 7.4413 -.25 -47.0816 7.7997 -.25 -47.0458 7.7638 -.25 -46.6516
4 0 7.728 -.25 -47.44 7.7997 -.25 -47.0458 7.4413 -.25 -47.0816 7.3696 -.25 -47.1892
4 0 7.5488 -.25 -47.6192 7.728 -.25 -47.44 7.3696 -.25 -47.1892 7.2979 -.25 -47.6551
4 0 7.2979 -.25 -47.6551 7.3696 -.25 -47.1892 7.2262 -.25 -47.225 7.0829 -.25 -47.6192
4 0 7.0829 -.25 -47.6192 7.2262 -.25 -47.225 7.0829 -.25 -47.1892 6.9037 -.25 -47.44
4 0 6.9037 -.25 -47.44 7.0829 -.25 -47.1892 6.9395 -.25 -47.0816 6.7962 -.25 -47.1533
4 0 6.4019 -.25 -46.544 6.5811 -.25 -47.0458 7.0112 -.25 -46.7591 6.8678 -.25 -46.329
4 0 6.5811 -.25 -47.0458 6.4019 -.25 -46.544 5.936 -.25 -46.9741 6.2586 -.25 -47.4042
4 0 5.7568 -.25 -47.8343 5.936 -.25 -47.6551 5.6134 -.25 -47.2967 5.4701 -.25 -47.6192
4 0 5.7568 -.25 -47.8343 5.4701 -.25 -47.6192 5.4342 -.25 -47.8343 5.6493 -.25 -48.0135
4 15 3.8214 -.25 -40.8198 2.2445 -.25 -40.3437 2.2445 -.25 -41.0247 3.8214 -.25 -41.5008
3 15 4.144 -.25 -40.0929 3.8214 -.25 -39.9853 3.8214 -.25 -40.8198
4 15 4.144 -.25 -42.2791 4.144 -.25 -40.0929 3.8214 -.25 -41.5008 3.8214 -.25 -42.1716
3 15 4.144 -.25 -40.0929 3.8214 -.25 -40.8198 3.8214 -.25 -41.5008
4 15 3.3434 -.25 -44.277 3.0162 -.25 -43.6948 2.2445 -.25 -44.1428 3.0162 -.25 -44.3757
3 15 3.0162 -.25 -43.6948 2.2445 -.25 -43.4618 2.2445 -.25 -44.1428
4 15 3.0162 -.25 -44.3757 4.144 -.25 -45.3255 4.144 -.25 -44.9671 3.3434 -.25 -44.277
4 15 3.0162 -.25 -43.6948 3.3434 -.25 -44.277 4.144 -.25 -44.0353 4.144 -.25 -43.3543
3 15 3.033 -.25 -46.9506 2.2445 -.25 -46.0423 2.2445 -.25 -46.7232
4 15 3.8214 -.25 -47.8343 3.8931 -.25 -48.3719 4.0723 -.25 -48.2285 4.144 -.25 -47.9418
4 15 3.8931 -.25 -48.3719 3.8214 -.25 -47.8343 3.7139 -.25 -47.906 3.6422 -.25 -48.3719
4 15 3.463 -.25 -47.8701 3.3914 -.25 -48.3002 3.6422 -.25 -48.3719 3.7139 -.25 -47.906
4 15 3.463 -.25 -47.8701 3.3914 -.25 -47.7626 3.033 -.25 -47.8701 3.3914 -.25 -48.3002
3 15 3.3914 -.25 -48.3002 3.033 -.25 -47.8701 3.1763 -.25 -48.1568
3 15 3.033 -.25 -47.8701 2.2445 -.25 -48.0135 2.6746 -.25 -47.9776
4 15 2.2445 -.25 -48.0135 3.033 -.25 -47.8701 2.6387 -.25 -47.2967 2.2445 -.25 -47.3325
4 15 3.3914 -.25 -47.054 3.033 -.25 -46.9506 3.033 -.25 -47.1892 3.3914 -.25 -47.7626
4 15 3.033 -.25 -47.8701 3.3914 -.25 -47.7626 3.033 -.25 -47.1892 2.6387 -.25 -47.2967
4 15 3.8214 -.25 -47.178 3.8214 -.25 -47.8343 4.144 -.25 -47.9418 4.144 -.25 -46.5901
3 15 4.144 -.25 -46.5901 3.3914 -.25 -47.054 3.8214 -.25 -47.178
4 15 2.2445 -.25 -46.0423 3.033 -.25 -46.9506 3.3914 -.25 -47.054 4.144 -.25 -46.5901
4 15 4.144 -.25 -51.2391 4.144 -.25 -49.8873 3.8214 -.25 -50.4608 3.8214 -.25 -51.1316
4 15 2.567 -.25 -50.809 2.567 -.25 -50.082 2.2445 -.25 -49.3037 2.2445 -.25 -50.7015
4 15 3.3555 -.25 -50.3201 3.033 -.25 -50.2227 3.033 -.25 -50.9165 3.3555 -.25 -51.024
3 15 4.144 -.25 -49.8873 3.3555 -.25 -50.3201 3.8214 -.25 -50.4608
3 15 3.033 -.25 -50.2227 2.2445 -.25 -49.3037 2.567 -.25 -50.082
4 15 4.144 -.25 -49.8873 2.2445 -.25 -49.3037 3.033 -.25 -50.2227 3.3555 -.25 -50.3201
4 15 4.0723 -.25 -52.8877 3.8931 -.25 -52.7444 3.8214 -.25 -53.3895 4.144 -.25 -53.1744
4 15 3.8931 -.25 -52.7444 3.6422 -.25 -52.6727 3.7139 -.25 -53.3178 3.8214 -.25 -53.3895
4 15 4.144 -.25 -54.4647 4.144 -.25 -53.1744 3.8214 -.25 -53.3895 3.8214 -.25 -54.3213
4 15 2.567 -.25 -53.4253 2.2445 -.25 -53.6403 2.3162 -.25 -53.9271 2.4954 -.25 -54.0704
4 15 2.2445 -.25 -52.3501 2.2445 -.25 -53.6403 2.567 -.25 -53.4253 2.567 -.25 -52.4935
4 15 3.5347 -.25 -53.3178 3.7139 -.25 -53.3178 3.6422 -.25 -52.6727 3.2838 -.25 -52.601
4 15 3.2838 -.25 -52.601 3.1046 -.25 -52.6727 3.4272 -.25 -53.3895 3.5347 -.25 -53.3178
4 15 3.4272 -.25 -53.9987 3.033 -.25 -53.5328 2.9254 -.25 -53.6045 3.3555 -.25 -54.2138
3 15 3.4272 -.25 -53.9987 3.033 -.25 -52.8519 3.033 -.25 -53.5328
4 15 3.1046 -.25 -52.6727 3.033 -.25 -52.8519 3.4272 -.25 -53.9987 3.4272 -.25 -53.3895
4 15 3.1763 -.25 -54.2496 3.3555 -.25 -54.2138 2.9254 -.25 -53.6045 2.8538 -.25 -54.2138
4 15 2.567 -.25 -53.4253 2.4954 -.25 -54.0704 2.8538 -.25 -54.2138 2.7104 -.25 -53.5687
3 15 2.9254 -.25 -53.6045 2.7104 -.25 -53.5687 2.8538 -.25 -54.2138
4 0 2.2445 -.25 -41.0247 2.2445 -.25 -43.4618 3.8214 -.25 -42.1716 3.8214 -.25 -41.5008
4 0 3.8214 -.25 -42.1716 2.2445 -.25 -43.4618 3.0162 -.25 -43.6948 4.144 -.25 -43.3543
4 0 4.144 -.25 -42.2791 3.8214 -.25 -42.1716 4.144 -.25 -43.3543 4.3949 -.25 -43.9636
4 0 3.0162 -.25 -44.3757 2.2445 -.25 -44.1428 2.2445 -.25 -46.0423 4.144 -.25 -46.5901
3 0 4.144 -.25 -45.3255 3.0162 -.25 -44.3757 4.144 -.25 -46.5901
3 0 3.8214 -.25 -47.8343 3.463 -.25 -47.8701 3.7139 -.25 -47.906
3 0 3.463 -.25 -47.8701 3.3914 -.25 -47.054 3.3914 -.25 -47.7626
4 0 3.8214 -.25 -47.8343 3.8214 -.25 -47.178 3.3914 -.25 -47.054 3.463 -.25 -47.8701
4 0 3.033 -.25 -47.1892 3.033 -.25 -46.9506 2.2445 -.25 -47.3325 2.6387 -.25 -47.2967
3 0 3.033 -.25 -46.9506 2.2445 -.25 -46.7232 2.2445 -.25 -47.3325
4 0 2.6746 -.25 -47.9776 2.2445 -.25 -49.3037 3.1763 -.25 -48.1568 3.033 -.25 -47.8701
3 0 2.6746 -.25 -47.9776 2.2445 -.25 -48.0135 2.2445 -.25 -49.3037
3 0 3.3914 -.25 -48.3002 3.1763 -.25 -48.1568 2.2445 -.25 -49.3037
4 0 3.3914 -.25 -48.3002 2.2445 -.25 -49.3037 4.144 -.25 -49.8873 3.6422 -.25 -48.3719
3 0 4.144 -.25 -49.8873 3.8931 -.25 -48.3719 3.6422 -.25 -48.3719
4 0 3.3555 -.25 -51.024 3.8214 -.25 -51.1316 3.8214 -.25 -50.4608 3.3555 -.25 -50.3201
3 0 4.144 -.25 -51.2391 3.6422 -.25 -52.6727 3.8931 -.25 -52.7444
4 0 3.2838 -.25 -52.601 3.6422 -.25 -52.6727 4.144 -.25 -51.2391 3.8214 -.25 -51.1316
4 0 4.3949 -.25 -50.3789 4.144 -.25 -51.2391 3.8931 -.25 -52.7444 4.0723 -.25 -52.8877
4 0 2.567 -.25 -50.809 3.033 -.25 -50.9165 3.033 -.25 -50.2227 2.567 -.25 -50.082
4 0 3.1046 -.25 -52.6727 3.3555 -.25 -51.024 3.033 -.25 -50.9165 3.033 -.25 -52.8519
4 0 3.8214 -.25 -51.1316 3.3555 -.25 -51.024 3.1046 -.25 -52.6727 3.2838 -.25 -52.601
3 0 2.567 -.25 -50.809 2.2445 -.25 -50.7015 2.2445 -.25 -52.3501
4 0 2.567 -.25 -50.809 2.2445 -.25 -52.3501 2.567 -.25 -52.4935 3.033 -.25 -50.9165
4 0 2.567 -.25 -52.4935 2.567 -.25 -53.4253 3.033 -.25 -52.8519 3.033 -.25 -50.9165
3 0 2.9254 -.25 -53.6045 2.567 -.25 -53.4253 2.7104 -.25 -53.5687
4 0 2.567 -.25 -53.4253 2.9254 -.25 -53.6045 3.033 -.25 -53.5328 3.033 -.25 -52.8519
4 0 3.4272 -.25 -53.3895 3.8214 -.25 -53.3895 3.7139 -.25 -53.3178 3.5347 -.25 -53.3178
4 0 3.8214 -.25 -53.3895 3.4272 -.25 -53.3895 3.4272 -.25 -53.9987 3.8214 -.25 -54.3213
4 15 6.8678 -.25 -44.9313 7.728 -.25 -45.218 7.728 -.25 -43.8919 6.8678 -.25 -43.6273
4 15 4.9325 -.25 -43.0317 5.7568 -.25 -45.6122 6.4019 -.25 -44.7879 6.4019 -.25 -43.4839
3 15 6.4019 -.25 -44.7879 5.7568 -.25 -45.6122 6.1152 -.25 -45.5764
4 15 6.8678 -.25 -44.9313 6.4019 -.25 -44.7879 6.1152 -.25 -45.5764 6.4736 -.25 -45.6839
4 15 6.7245 -.25 -45.9348 7.1187 -.25 -46.2573 6.8678 -.25 -44.9313 6.4736 -.25 -45.6839
4 15 7.4054 -.25 -46.2573 7.728 -.25 -45.218 6.8678 -.25 -44.9313 7.1187 -.25 -46.2573
3 15 7.728 -.25 -45.218 7.4054 -.25 -46.2573 7.6563 -.25 -46.4007
4 15 7.728 -.25 -45.218 7.6563 -.25 -46.4007 7.7638 -.25 -46.6516 8.1939 -.25 -45.3613
4 15 7.728 -.25 -48.7661 8.1939 -.25 -48.9095 7.728 -.25 -47.44 7.5488 -.25 -47.6192
4 15 7.4413 -.25 -46.8308 7.3338 -.25 -46.7232 7.3696 -.25 -47.1892 7.4413 -.25 -47.0816
4 15 7.3338 -.25 -46.7232 7.1546 -.25 -46.6874 7.2262 -.25 -47.225 7.3696 -.25 -47.1892
4 15 7.1546 -.25 -46.6874 6.9395 -.25 -47.0816 7.0829 -.25 -47.1892 7.2262 -.25 -47.225
3 15 7.1546 -.25 -46.6874 7.0112 -.25 -46.7591 6.5811 -.25 -47.0458
3 15 7.1187 -.25 -46.2573 6.7245 -.25 -45.9348 6.8678 -.25 -46.329
4 15 6.4019 -.25 -46.544 6.3661 -.25 -46.2932 6.1869 -.25 -46.1498 6.0077 -.25 -46.1498
4 15 5.8643 -.25 -46.2215 5.7926 -.25 -46.4724 6.4019 -.25 -46.544 6.0077 -.25 -46.1498
4 15 5.8285 -.25 -46.7591 5.936 -.25 -46.9741 6.4019 -.25 -46.544 5.7926 -.25 -46.4724
4 15 7.1546 -.25 -46.6874 6.5811 -.25 -47.0458 6.7962 -.25 -47.1533 6.9395 -.25 -47.0816
4 15 6.2586 -.25 -47.4042 6.4736 -.25 -47.6551 6.7962 -.25 -47.1533 6.5811 -.25 -47.0458
4 15 6.4736 -.25 -47.6551 6.5811 -.25 -47.8343 6.9037 -.25 -47.44 6.7962 -.25 -47.1533
4 15 6.5094 -.25 -47.9776 7.0829 -.25 -47.6192 6.9037 -.25 -47.44 6.5811 -.25 -47.8343
3 15 7.2979 -.25 -47.6551 7.0829 -.25 -47.6192 6.5094 -.25 -47.9776
4 15 7.2979 -.25 -47.6551 6.5094 -.25 -47.9776 7.728 -.25 -48.7661 7.5488 -.25 -47.6192
3 15 5.7568 -.25 -45.6122 4.9325 -.25 -43.0317 5.5059 -.25 -45.8273
3 15 5.5059 -.25 -45.8273 4.9325 -.25 -43.0317 5.3984 -.25 -46.1498
3 15 5.6134 -.25 -47.2967 5.4701 -.25 -46.9741 5.4701 -.25 -47.6192
4 15 5.7568 -.25 -47.8343 5.6493 -.25 -48.0135 6.2227 -.25 -47.8701 5.936 -.25 -47.6551
4 15 5.6493 -.25 -48.0135 4.9325 -.25 -49.1962 6.5094 -.25 -47.9776 6.2227 -.25 -47.8701
4 15 7.728 -.25 -48.7661 6.5094 -.25 -47.9776 4.9325 -.25 -49.1962 7.728 -.25 -49.9949
3 15 5.6493 -.25 -48.0135 5.4342 -.25 -47.8343 4.9325 -.25 -49.1962
4 15 5.3984 -.25 -46.6516 5.3984 -.25 -46.1498 4.9325 -.25 -43.0317 4.9325 -.25 -49.1962
3 15 5.4701 -.25 -47.6192 4.9325 -.25 -49.1962 5.4342 -.25 -47.8343
4 15 5.3984 -.25 -46.6516 4.9325 -.25 -49.1962 5.4701 -.25 -47.6192 5.4701 -.25 -46.9741
4 15 8.839 -.25 -39.5553 4.3949 -.25 -39.5553 4.9325 -.25 -40.8097 8.1939 -.25 -41.7415
4 15 8.1939 -.25 -45.3613 8.839 -.25 -50.3789 8.839 -.25 -39.5553 8.1939 -.25 -41.7415
4 15 7.728 -.25 -47.44 8.1939 -.25 -48.9095 8.839 -.25 -50.3789 7.7997 -.25 -47.0458
4 15 7.7638 -.25 -46.6516 7.7997 -.25 -47.0458 8.839 -.25 -50.3789 8.1939 -.25 -45.3613
4 15 8.839 -.25 -50.3789 8.1939 -.25 -48.9095 8.1939 -.25 -53.7479 8.839 -.25 -54.8231
4 15 7.728 -.25 -53.6045 4.3949 -.25 -54.8231 8.839 -.25 -54.8231 8.1939 -.25 -53.7479
4 15 4.9325 -.25 -43.0317 4.9325 -.25 -40.8097 4.3949 -.25 -39.5553 4.3949 -.25 -43.9636
4 15 4.3949 -.25 -43.9636 4.3949 -.25 -50.3789 4.9325 -.25 -49.1962 4.9325 -.25 -43.0317
4 15 4.9325 -.25 -51.4183 4.9325 -.25 -49.1962 4.3949 -.25 -50.3789 4.3949 -.25 -54.8231
4 15 4.9325 -.25 -51.4183 4.3949 -.25 -54.8231 7.728 -.25 -53.6045 7.728 -.25 -52.2784
4 15 1.9936 -.25 -43.9636 1.9936 -.25 -39.5553 1.4202 -.25 -39.5553 1.4202 -.25 -43.9636
4 15 1.4202 -.25 -43.9636 1.4202 -.25 -50.3789 1.9936 -.25 -50.3789 1.9936 -.25 -43.9636
4 15 1.9936 -.25 -54.8231 1.9936 -.25 -50.3789 1.4202 -.25 -50.3789 1.4202 -.25 -54.8231
3 0 4.3949 -.25 -39.5553 3.8214 -.25 -39.9853 4.144 -.25 -40.0929
4 0 3.8214 -.25 -39.9853 4.3949 -.25 -39.5553 1.9936 -.25 -39.5553 2.2445 -.25 -40.3437
3 0 3.8214 -.25 -39.9853 2.2445 -.25 -40.3437 3.8214 -.25 -40.8198
3 0 2.2445 -.25 -40.3437 1.9936 -.25 -39.5553 2.2445 -.25 -41.0247
4 0 1.9936 -.25 -43.9636 2.2445 -.25 -43.4618 2.2445 -.25 -41.0247 1.9936 -.25 -39.5553
3 0 2.2445 -.25 -44.1428 2.2445 -.25 -43.4618 1.9936 -.25 -43.9636
3 0 2.2445 -.25 -44.1428 1.9936 -.25 -43.9636 2.2445 -.25 -46.0423
3 0 2.2445 -.25 -46.0423 1.9936 -.25 -43.9636 2.2445 -.25 -46.7232
4 0 2.2445 -.25 -47.3325 2.2445 -.25 -46.7232 1.9936 -.25 -43.9636 1.9936 -.25 -50.3789
3 0 2.2445 -.25 -47.3325 1.9936 -.25 -50.3789 2.2445 -.25 -48.0135
3 0 2.2445 -.25 -48.0135 1.9936 -.25 -50.3789 2.2445 -.25 -49.3037
4 0 2.2445 -.25 -49.3037 1.9936 -.25 -50.3789 1.9936 -.25 -54.8231 2.2445 -.25 -50.7015
3 0 2.2445 -.25 -50.7015 1.9936 -.25 -54.8231 2.2445 -.25 -52.3501
3 0 2.2445 -.25 -52.3501 1.9936 -.25 -54.8231 2.2445 -.25 -53.6403
3 0 2.3162 -.25 -53.9271 2.2445 -.25 -53.6403 1.9936 -.25 -54.8231
3 0 2.4954 -.25 -54.0704 2.3162 -.25 -53.9271 1.9936 -.25 -54.8231
3 0 2.8538 -.25 -54.2138 2.4954 -.25 -54.0704 1.9936 -.25 -54.8231
4 0 1.9936 -.25 -54.8231 4.3949 -.25 -54.8231 3.1763 -.25 -54.2496 2.8538 -.25 -54.2138
3 0 4.3949 -.25 -54.8231 3.3555 -.25 -54.2138 3.1763 -.25 -54.2496
4 0 3.8214 -.25 -54.3213 3.4272 -.25 -53.9987 3.3555 -.25 -54.2138 4.3949 -.25 -54.8231
3 0 4.3949 -.25 -54.8231 4.144 -.25 -54.4647 3.8214 -.25 -54.3213
4 0 4.3949 -.25 -39.5553 4.144 -.25 -40.0929 4.144 -.25 -42.2791 4.3949 -.25 -43.9636
3 0 4.3949 -.25 -43.9636 4.144 -.25 -43.3543 4.144 -.25 -44.0353
3 0 4.3949 -.25 -43.9636 4.144 -.25 -44.9671 4.144 -.25 -45.3255
4 0 4.3949 -.25 -50.3789 4.3949 -.25 -43.9636 4.144 -.25 -45.3255 4.144 -.25 -46.5901
3 0 4.3949 -.25 -50.3789 4.144 -.25 -46.5901 4.144 -.25 -47.9418
4 0 3.8931 -.25 -48.3719 4.144 -.25 -49.8873 4.3949 -.25 -50.3789 4.0723 -.25 -48.2285
3 0 4.3949 -.25 -50.3789 4.144 -.25 -47.9418 4.0723 -.25 -48.2285
3 0 4.3949 -.25 -50.3789 4.144 -.25 -49.8873 4.144 -.25 -51.2391
3 0 4.3949 -.25 -50.3789 4.0723 -.25 -52.8877 4.144 -.25 -53.1744
4 0 4.3949 -.25 -54.8231 4.3949 -.25 -50.3789 4.144 -.25 -53.1744 4.144 -.25 -54.4647
4 0 7.1042 -.25 -39.0535 .9184 -.25 -39.0535 1.9936 -.25 -39.5553 4.3949 -.25 -39.5553
3 0 1.9936 -.25 -39.5553 .9184 -.25 -39.0535 1.4202 -.25 -39.5553
4 0 .9184 -.25 -44.5014 .9184 -.25 -55.3248 1.4202 -.25 -50.3789 1.4202 -.25 -43.9636
3 0 1.4202 -.25 -50.3789 .9184 -.25 -55.3248 1.4202 -.25 -54.8231
4 0 2.6554 -.25 -55.3248 1.9936 -.25 -54.8231 1.4202 -.25 -54.8231 .9184 -.25 -55.3248
4 0 2.6554 -.25 -55.3248 9.3408 -.25 -55.3248 4.3949 -.25 -54.8231 1.9936 -.25 -54.8231
3 0 9.3408 -.25 -55.3248 8.839 -.25 -54.8231 4.3949 -.25 -54.8231
3 4 4.3711 -.25 -21.2877 4.2006 -.25 -21.0454 4.2382 -.25 -21.2782
4 4 4.2006 -.25 -21.0454 4.3711 -.25 -21.2877 4.8644 -.25 -21.5292 4.8 -.25 -21.065
4 4 5.2739 -.25 -21.9391 6.7729 -.25 -21.0004 4.8 -.25 -21.065 4.8644 -.25 -21.5292
3 4 7.32 -.25 -20.9465 6.7729 -.25 -21.0004 7.2638 -.25 -21.1739
4 4 6.7729 -.25 -21.0004 5.2739 -.25 -21.9391 7.341 -.25 -21.7176 7.2638 -.25 -21.1739
3 4 7.341 -.25 -21.7176 5.2739 -.25 -21.9391 5.5372 -.25 -22.4553
4 4 7.341 -.25 -21.7176 5.5372 -.25 -22.4553 5.6144 -.25 -22.999 7.6044 -.25 -22.2337
4 4 5.4936 -.25 -23.4876 8.0139 -.25 -22.6437 7.6044 -.25 -22.2337 5.6144 -.25 -22.999
4 4 8.0139 -.25 -22.6437 5.4936 -.25 -23.4876 6.2677 -.25 -26.575 8.5071 -.25 -22.8852
4 4 6.2677 -.25 -26.575 5.4936 -.25 -23.4876 5.1933 -.25 -23.8465 5.9507 -.25 -26.4198
4 4 4.7591 -.25 -24.0212 5.6282 -.25 -26.3966 5.9507 -.25 -26.4198 5.1933 -.25 -23.8465
4 4 5.6282 -.25 -26.3966 4.7591 -.25 -24.0212 4.6795 -.25 -24.0155 5.3492 -.25 -26.5089
3 4 5.3492 -.25 -26.5089 4.6795 -.25 -24.0155 5.1562 -.25 -26.7396
3 4 5.1562 -.25 -26.7396 4.6795 -.25 -24.0155 5.1335 -.25 -26.8313
4 4 9.2162 -.25 -22.8379 9.0091 -.25 -22.9212 9.4492 -.25 -25.2089 9.5897 -.25 -25.1524
4 4 9.0091 -.25 -22.9212 8.5071 -.25 -22.8852 9.2562 -.25 -25.4396 9.4492 -.25 -25.2089
4 4 6.5308 -.25 -26.8384 9.2562 -.25 -25.4396 8.5071 -.25 -22.8852 6.2677 -.25 -26.575
4 4 9.2562 -.25 -25.4396 6.5308 -.25 -26.8384 6.7 -.25 -27.17 9.1786 -.25 -25.7535
4 4 6.7496 -.25 -27.5194 9.2282 -.25 -26.1028 9.1786 -.25 -25.7535 6.7 -.25 -27.17
3 4 9.3974 -.25 -26.4345 9.2282 -.25 -26.1028 6.7496 -.25 -27.5194
4 4 6.7496 -.25 -27.5194 6.672 -.25 -27.8333 9.6605 -.25 -26.6979 9.3974 -.25 -26.4345
4 4 6.672 -.25 -27.8333 6.479 -.25 -28.064 9.8543 -.25 -26.7928 9.6605 -.25 -26.6979
4 4 6.479 -.25 -28.064 7.6358 -.25 -31.0737 7.8233 -.25 -31.1654 9.8543 -.25 -26.7928
3 4 9.8543 -.25 -26.7928 7.8233 -.25 -31.1654 7.979 -.25 -31.3213
3 4 9.8543 -.25 -26.7928 7.979 -.25 -31.3213 8.0792 -.25 -31.5176
4 4 8.0792 -.25 -31.5176 8.1085 -.25 -31.7243 11.9705 -.25 -39.9085 9.8543 -.25 -26.7928
4 4 8.0626 -.25 -31.91 9.3408 -.25 -39.0535 11.9705 -.25 -39.9085 8.1085 -.25 -31.7243
3 4 9.3408 -.25 -39.0535 8.0626 -.25 -31.91 7.9484 -.25 -32.0465
3 4 9.3408 -.25 -39.0535 7.9484 -.25 -32.0465 7.7833 -.25 -32.113
3 4 9.3408 -.25 -39.0535 7.7833 -.25 -32.113 7.5924 -.25 -32.0992
3 4 7.1042 -.25 -39.0535 5.2974 -.25 -27.7345 5.2707 -.25 -27.6821
4 4 7.1197 -.25 -31.4486 5.5605 -.25 -27.9979 5.2974 -.25 -27.7345 7.1042 -.25 -39.0535
4 4 5.5605 -.25 -27.9979 7.1197 -.25 -31.4486 7.1656 -.25 -31.2628 5.8775 -.25 -28.1531
4 4 7.2798 -.25 -31.1264 6.2 -.25 -28.1762 5.8775 -.25 -28.1531 7.1656 -.25 -31.2628
4 4 7.4449 -.25 -31.0599 6.479 -.25 -28.064 6.2 -.25 -28.1762 7.2798 -.25 -31.1264
3 4 7.6358 -.25 -31.0737 6.479 -.25 -28.064 7.4449 -.25 -31.0599
3 4 7.1491 -.25 -31.6553 7.1197 -.25 -31.4486 7.1042 -.25 -39.0535
3 4 7.2492 -.25 -31.8516 7.1491 -.25 -31.6553 7.1042 -.25 -39.0535
4 4 7.2492 -.25 -31.8516 7.1042 -.25 -39.0535 9.3408 -.25 -39.0535 7.4049 -.25 -32.0074
3 4 9.3408 -.25 -39.0535 7.5924 -.25 -32.0992 7.4049 -.25 -32.0074
3 4 11.9705 -.25 -39.9085 9.3408 -.25 -39.0535 9.3408 -.25 -52.9253
4 4 9.3408 -.25 -52.9253 11.3569 -.25 -65.4293 11.537 -.25 -65.239 11.9705 -.25 -39.9085
3 4 11.972 -.25 -63.874 11.9705 -.25 -39.9085 11.537 -.25 -65.239
4 15 3.9714 -.25 -32.6039 4.0066 -.25 -32.8517 7.1042 -.25 -39.0535 5.2707 -.25 -27.6821
3 15 7.1042 -.25 -39.0535 4.0066 -.25 -32.8517 3.9516 -.25 -33.0743
3 15 7.1042 -.25 -39.0535 3.9516 -.25 -33.0743 3.8147 -.25 -33.2378
3 15 7.1042 -.25 -39.0535 3.8147 -.25 -33.2378 3.6169 -.25 -33.3174
4 15 7.1042 -.25 -39.0535 3.6169 -.25 -33.3174 3.3881 -.25 -33.301 .9184 -.25 -39.0535
3 15 3.1634 -.25 -33.191 2.9768 -.25 -33.0042 .0566 -.25 -34.0017
4 15 3.1634 -.25 -33.191 .0566 -.25 -34.0017 .0016 -.25 -34.2243 3.3881 -.25 -33.301
4 15 -.1353 -.25 -34.3878 .9184 -.25 -39.0535 3.3881 -.25 -33.301 .0016 -.25 -34.2243
4 15 .9184 -.25 -39.0535 -.5619 -.25 -34.451 -.7058 -.25 -34.3805 .9184 -.25 -44.5014
3 15 .9184 -.25 -39.0535 -.3331 -.25 -34.4674 -.5619 -.25 -34.451
3 15 .9184 -.25 -39.0535 -.1353 -.25 -34.3878 -.3331 -.25 -34.4674
4 15 9.3408 -.25 -52.9253 9.3408 -.25 -55.3248 10.971 -.25 -65.837 11.3569 -.25 -65.4293
4 15 10.971 -.25 -65.837 9.3408 -.25 -55.3248 8.084 -.25 -66.3 9.849 -.25 -66.209
4 15 9.3408 -.25 -55.3248 2.6554 -.25 -55.3248 4.4167 -.25 -66.3 8.084 -.25 -66.3
3 27 -3.0073 -.25 -20.0372 -4.0378 -.25 -19.7245 -3.8457 -.25 -20.1009
3 27 -3.0073 -.25 -20.0372 -3.8457 -.25 -20.1009 -3.7454 -.25 -20.8078
4 27 -3.6004 -.25 -22.9041 -3.0073 -.25 -20.0372 -3.7454 -.25 -20.8078 -3.9024 -.25 -21.4429
4 27 -11.7951 -.25 -23.044 -11.9475 -.25 -23.6604 -11.9317 -.25 -25.7529 -11.4622 -.25 -25.9827
4 27 -12.4093 -.25 -25.7186 -11.9317 -.25 -25.7529 -11.9475 -.25 -23.6604 -12.3265 -.25 -24.1133
4 27 -12.8225 -.25 -25.8849 -12.4093 -.25 -25.7186 -12.3265 -.25 -24.1133 -12.8744 -.25 -24.3338
4 27 -12.9022 -.25 -24.3318 -12.9029 -.25 -25.981 -12.8225 -.25 -25.8849 -12.8744 -.25 -24.3338
4 27 -12.9037 -.25 -27.6913 -12.9078 -.25 -36.7169 -12.8142 -.25 -36.7237 -12.5095 -.25 -28.0902
4 27 -12.8142 -.25 -36.7237 -12.6267 -.25 -36.8154 -12.0401 -.25 -28.32 -12.5095 -.25 -28.0902
3 27 -12.0401 -.25 -28.32 -12.6267 -.25 -36.8154 -12.471 -.25 -36.9713
4 27 3.379 -.25 -66.3 4.4167 -.25 -66.3 2.6554 -.25 -55.3248 .9184 -.25 -55.3248
3 0 -21.8199 -.25 1.9672 -21.9299 -.25 2.4389 -21.935 -.25 -12.382
3 0 -21.2964 -.25 .2414 -21.8199 -.25 1.9672 -21.935 -.25 -12.382
3 0 -20.6612 -.25 -1.4464 -21.2964 -.25 .2414 -21.935 -.25 -12.382
3 0 -19.9169 -.25 -3.089 -20.6612 -.25 -1.4464 -21.935 -.25 -12.382
3 0 -19.0668 -.25 -4.6795 -19.9169 -.25 -3.089 -21.935 -.25 -12.382
4 0 -19.0668 -.25 -4.6795 -21.935 -.25 -12.382 -19.507 -.25 -15.595 -18.1145 -.25 -6.211
4 0 -19.507 -.25 -15.595 -18.4793 -.25 -15.0754 -17.064 -.25 -7.6769 -18.1145 -.25 -6.211
4 0 -18.4793 -.25 -15.0754 -19.507 -.25 -15.595 -18.5748 -.25 -15.5958 -18.4672 -.25 -15.1609
3 0 -15.92 -.25 -9.0709 -17.064 -.25 -7.6769 -18.4793 -.25 -15.0754
4 0 -15.92 -.25 -9.0709 -18.4793 -.25 -15.0754 -14.4172 -.25 -14.3109 -14.4461 -.25 -14.107
4 0 -14.4172 -.25 -14.3109 -18.4793 -.25 -15.0754 -14.9595 -.25 -15.5991 -14.6419 -.25 -15.2196
3 0 -14.9595 -.25 -15.5991 -18.4793 -.25 -15.0754 -17.959 -.25 -15.5964
3 0 -14.4461 -.25 -14.107 -14.6872 -.25 -10.3872 -15.92 -.25 -9.0709
4 0 -13.5633 -.25 -14.8315 -13.3709 -.25 -11.62 -14.6872 -.25 -10.3872 -14.4461 -.25 -14.107
3 0 -11.9769 -.25 -12.764 -13.3709 -.25 -11.62 -13.5633 -.25 -14.8315
4 0 -13.5633 -.25 -14.8315 -12.782 -.25 -15.3914 -10.511 -.25 -13.8145 -11.9769 -.25 -12.764
4 0 -12.782 -.25 -15.3914 -12.9757 -.25 -15.6228 -12.984 -.25 -16.45 -9.0332 -.25 -17.6914
3 0 -12.9757 -.25 -15.6228 -13.1303 -.25 -16.2482 -12.984 -.25 -16.45
4 0 -12.984 -.25 -16.45 -12.899 -.25 -17.286 -9.1961 -.25 -18.3501 -9.0332 -.25 -17.6914
4 0 -9.1961 -.25 -18.3501 -12.899 -.25 -17.286 -10.373 -.25 -19.2051 -9.6773 -.25 -18.9252
4 0 -11.9675 -.25 -18.7605 -11.1772 -.25 -19.1473 -10.373 -.25 -19.2051 -12.899 -.25 -17.286
4 0 -11.9675 -.25 -18.7605 -12.899 -.25 -17.286 -12.8991 -.25 -17.5637 -12.6236 -.25 -18.1037
4 0 -12.782 -.25 -15.3914 -9.0332 -.25 -17.6914 -8.9795 -.25 -14.7668 -10.511 -.25 -13.8145
4 0 -9.0332 -.25 -17.6914 -8.5416 -.25 -17.9542 -7.389 -.25 -15.6169 -8.9795 -.25 -14.7668
4 0 -.3929 -.25 -20.9596 -2.3328 -.25 -17.5199 -1.61 -.25 -21.1398 -.9574 -.25 -21.1868
4 0 -1.61 -.25 -21.1398 -2.3328 -.25 -17.5199 -2.7836 -.25 -20.293 -2.2513 -.25 -20.826
4 0 -4.0586 -.25 -16.9964 -3.0073 -.25 -20.0372 -2.7836 -.25 -20.293 -2.3328 -.25 -17.5199
4 0 -3.9024 -.25 -21.4429 -3.7454 -.25 -20.8078 -4.8574 -.25 -22.1368 -4.2929 -.25 -21.9096
4 0 -4.8574 -.25 -22.1368 -3.7454 -.25 -20.8078 -6.1513 -.25 -21.776 -5.51 -.25 -22.0898
4 0 -6.1513 -.25 -21.776 -3.7454 -.25 -20.8078 -3.8457 -.25 -20.1009 -6.6836 -.25 -21.243
4 0 -6.6836 -.25 -21.243 -3.8457 -.25 -20.1009 -7.1264 -.25 -19.8651 -7.026 -.25 -20.572
4 0 -7.1264 -.25 -19.8651 -3.8457 -.25 -20.1009 -4.0378 -.25 -19.7245 -6.9693 -.25 -19.23
3 0 -4.0378 -.25 -19.7245 -6.6218 -.25 -18.8147 -6.9693 -.25 -19.23
4 0 -8.5416 -.25 -17.9542 -6.7436 -.25 -18.7688 -6.6218 -.25 -18.8147 -7.389 -.25 -15.6169
4 0 -7.389 -.25 -15.6169 -6.6218 -.25 -18.8147 -4.0378 -.25 -19.7245 -5.7464 -.25 -16.3612
4 0 -3.0073 -.25 -20.0372 -4.0586 -.25 -16.9964 -5.7464 -.25 -16.3612 -4.0378 -.25 -19.7245
4 0 -.3929 -.25 -20.9596 -.1283 -.25 -20.6433 -.5765 -.25 -17.9295 -2.3328 -.25 -17.5199
4 0 -.1283 -.25 -20.6433 .8627 -.25 -20.8069 1.2028 -.25 -18.2232 -.5765 -.25 -17.9295
4 0 2.9976 -.25 -18.4 1.2028 -.25 -18.2232 .8627 -.25 -20.8069 2.8271 -.25 -21.0004
3 0 4.2006 -.25 -21.0454 2.9976 -.25 -18.4 2.8271 -.25 -21.0004
4 0 4.2006 -.25 -21.0454 4.8 -.25 -21.065 4.8 -.25 -18.459 2.9976 -.25 -18.4
4 0 6.6024 -.25 -18.4 4.8 -.25 -18.459 4.8 -.25 -21.065 6.7729 -.25 -21.0004
4 0 9.3849 -.25 -20.7 7.32 -.25 -20.9465 7.2638 -.25 -21.1739 9.5239 -.25 -20.8391
4 0 7.2638 -.25 -21.1739 7.341 -.25 -21.7176 9.7872 -.25 -21.3553 9.5239 -.25 -20.8391
3 0 9.8644 -.25 -21.899 9.7872 -.25 -21.3553 7.341 -.25 -21.7176
4 0 9.8644 -.25 -21.899 7.341 -.25 -21.7176 7.6044 -.25 -22.2337 9.7436 -.25 -22.3876
4 0 7.6044 -.25 -22.2337 8.0139 -.25 -22.6437 9.4433 -.25 -22.7465 9.7436 -.25 -22.3876
3 0 9.4433 -.25 -22.7465 8.0139 -.25 -22.6437 9.2162 -.25 -22.8379
4 0 9.2162 -.25 -22.8379 8.0139 -.25 -22.6437 8.5071 -.25 -22.8852 9.0091 -.25 -22.9212
4 0 6.7729 -.25 -21.0004 7.32 -.25 -20.9465 8.3972 -.25 -18.2232 6.6024 -.25 -18.4
4 0 10.6849 -.25 -20.4854 8.3972 -.25 -18.2232 7.32 -.25 -20.9465 9.3849 -.25 -20.7
4 0 11.032 -.25 -20.4045 11.041 -.25 -20.4676 13.4872 -.25 -20.1053 13.3392 -.25 -19.8151
4 0 11.041 -.25 -20.4676 11.3044 -.25 -20.9837 13.5644 -.25 -20.649 13.4872 -.25 -20.1053
4 0 13.5644 -.25 -20.649 11.3044 -.25 -20.9837 13.1433 -.25 -21.4965 13.4436 -.25 -21.1376
4 0 12.2071 -.25 -21.6352 12.7091 -.25 -21.6712 13.1433 -.25 -21.4965 11.3044 -.25 -20.9837
3 0 12.2071 -.25 -21.6352 11.3044 -.25 -20.9837 11.7139 -.25 -21.3937
4 0 8.3972 -.25 -18.2232 10.6849 -.25 -20.4854 11.032 -.25 -20.4045 10.1765 -.25 -17.9295
4 0 10.1765 -.25 -17.9295 11.032 -.25 -20.4045 13.3392 -.25 -19.8151 11.9328 -.25 -17.5199
4 0 11.9328 -.25 -17.5199 13.3392 -.25 -19.8151 14.4962 -.25 -19.4641 13.6586 -.25 -16.9964
4 0 16.9721 -.25 -18.4841 15.0755 -.25 -19.2461 15.1126 -.25 -19.507 17.1677 -.25 -18.68
4 0 17.1677 -.25 -18.68 15.1126 -.25 -19.507 15.3605 -.25 -19.9929 17.4157 -.25 -19.1659
4 0 15.3605 -.25 -19.9929 15.7461 -.25 -20.3789 17.4883 -.25 -19.6778 17.4157 -.25 -19.1659
4 0 17.4883 -.25 -19.6778 15.7461 -.25 -20.3789 17.0918 -.25 -20.4757 17.3746 -.25 -20.1377
4 0 16.2105 -.25 -20.6062 16.683 -.25 -20.6402 17.0918 -.25 -20.4757 15.7461 -.25 -20.3789
4 0 15.3464 -.25 -16.3612 13.6586 -.25 -16.9964 14.4962 -.25 -19.4641 15.0755 -.25 -19.2461
3 0 16.9721 -.25 -18.4841 15.3464 -.25 -16.3612 15.0755 -.25 -19.2461
4 0 15.3464 -.25 -16.3612 16.9721 -.25 -18.4841 18.1416 -.25 -17.9542 16.989 -.25 -15.6169
4 0 18.5795 -.25 -14.7668 16.989 -.25 -15.6169 18.1416 -.25 -17.9542 19.8825 -.25 -17.0237
4 0 19.8825 -.25 -17.0237 21.5588 -.25 -15.9813 20.111 -.25 -13.8145 18.5795 -.25 -14.7668
4 0 21.5588 -.25 -15.9813 23.1633 -.25 -14.8315 21.5769 -.25 -12.764 20.111 -.25 -13.8145
4 0 23.1633 -.25 -14.8315 24.6892 -.25 -13.5792 22.9709 -.25 -11.62 21.5769 -.25 -12.764
4 0 26.1299 -.25 -12.2299 24.2872 -.25 -10.3872 22.9709 -.25 -11.62 24.6892 -.25 -13.5792
4 0 29.419 -.25 -3.2722 28.6668 -.25 -4.6795 29.8813 -.25 -7.6588 30.202 -.25 -7.1429
4 0 28.6668 -.25 -4.6795 27.7145 -.25 -6.211 28.7315 -.25 -9.2633 29.8813 -.25 -7.6588
3 0 28.7315 -.25 -9.2633 27.7145 -.25 -6.211 26.664 -.25 -7.6769
4 0 25.52 -.25 -9.0709 27.5838 -.25 -10.6618 28.7315 -.25 -9.2633 26.664 -.25 -7.6769
4 0 27.5838 -.25 -10.6618 25.52 -.25 -9.0709 26.1299 -.25 -12.2299 26.1704 -.25 -12.1866
3 0 26.1299 -.25 -12.2299 25.52 -.25 -9.0709 24.2872 -.25 -10.3872
4 0 27.5838 -.25 -10.6618 26.1704 -.25 -12.1866 26.2395 -.25 -12.3219 27.6156 -.25 -10.6773
3 0 27.6156 -.25 -10.6773 26.2395 -.25 -12.3219 26.6126 -.25 -12.6956
4 0 26.6126 -.25 -12.6956 27.0622 -.25 -12.9156 27.9888 -.25 -11.051 27.6156 -.25 -10.6773
4 0 27.9888 -.25 -11.051 27.0622 -.25 -12.9156 27.5196 -.25 -12.9485 28.2288 -.25 -11.5214
4 0 27.5196 -.25 -12.9485 27.9153 -.25 -12.7892 28.2991 -.25 -12.0169 28.2288 -.25 -11.5214
3 0 28.2991 -.25 -12.0169 27.9153 -.25 -12.7892 28.189 -.25 -12.4621
4 0 17.9029 -.25 -23.1236 17.6481 -.25 -23.2262 17.4718 -.25 -23.4369 18.1976 -.25 -23.1448
4 0 17.4009 -.25 -23.7236 18.4871 -.25 -23.2865 18.1976 -.25 -23.1448 17.4718 -.25 -23.4369
4 0 18.4871 -.25 -23.2865 17.4009 -.25 -23.7236 17.4462 -.25 -24.0428 18.7275 -.25 -23.5271
4 0 18.7275 -.25 -23.5271 17.4462 -.25 -24.0428 17.6008 -.25 -24.3457 18.8798 -.25 -23.8257
4 0 17.6008 -.25 -24.3457 17.6494 -.25 -24.3945 18.9274 -.25 -24.1493 18.8798 -.25 -23.8257
3 0 18.9274 -.25 -24.1493 17.6494 -.25 -24.3945 18.9008 -.25 -24.2566
4 0 30.6421 -.25 -9.3183 30.5875 -.25 -9.3144 30.22 -.25 -9.4623 30.78 -.25 -10
4 0 30.22 -.25 -9.4623 29.9658 -.25 -9.7661 29.8636 -.25 -10.1796 30.78 -.25 -10
3 0 30.78 -.25 -10 29.8636 -.25 -10.1796 29.9289 -.25 -10.6398
4 0 29.9289 -.25 -10.6398 30.1518 -.25 -11.0766 30.4984 -.25 -11.4236 30.78 -.25 -10
4 0 31.1049 -.25 -11.6415 30.78 -.25 -10 30.4984 -.25 -11.4236 30.9159 -.25 -11.6279
4 0 -12.7416 -.25 -21.1892 -12.9007 -.25 -21.1113 -12.9022 -.25 -24.3318 -12.8744 -.25 -24.3338
4 0 -12.2248 -.25 -21.7066 -12.7416 -.25 -21.1892 -12.8744 -.25 -24.3338 -12.3265 -.25 -24.1133
3 0 -11.9475 -.25 -23.6604 -12.2248 -.25 -21.7066 -12.3265 -.25 -24.1133
4 0 -12.2248 -.25 -21.7066 -11.9475 -.25 -23.6604 -11.7951 -.25 -23.044 -11.8925 -.25 -22.3579
4 0 -3.2005 -.25 -26.0035 -2.6006 -.25 -25.4036 -4.7002 -.25 -24.3038 -4.7002 -.25 -25.2037
4 0 -2.6006 -.25 -25.4036 -3.2005 -.25 -26.0035 -3.2005 -.25 -27.5032 -2.6006 -.25 -28.653
3 0 -2.6006 -.25 -28.653 -3.2005 -.25 -27.5032 -2.7506 -.25 -28.8029
4 0 -3.0006 -.25 -28.8529 -2.7506 -.25 -28.8029 -3.2005 -.25 -27.5032 -3.4005 -.25 -27.6032
4 0 -3.4005 -.25 -27.6032 -3.7504 -.25 -28.403 -3.5005 -.25 -28.653 -3.0006 -.25 -28.8529
4 0 -3.8504 -.25 -28.1531 -3.7504 -.25 -28.403 -3.4005 -.25 -27.6032 -3.7004 -.25 -27.4032
4 0 -4.0004 -.25 -26.1035 -4.0004 -.25 -27.0033 -3.7004 -.25 -27.4032 -3.7004 -.25 -26.3034
4 0 -3.8504 -.25 -28.1531 -3.7004 -.25 -27.4032 -4.0004 -.25 -27.0033 -4.0004 -.25 -28.0031
4 0 -5.4001 -.25 -27.9031 -5.0002 -.25 -28.603 -4.0004 -.25 -28.0031 -4.0004 -.25 -27.0033
4 0 -5.0002 -.25 -35.6516 -5.0002 -.25 -28.603 -5.4001 -.25 -27.9031 -5.4001 -.25 -35.4516
4 0 -4.7002 -.25 -29.3528 -4.1003 -.25 -30.5526 -3.2005 -.25 -31.0025 -2.6006 -.25 -30.4026
4 0 -3.2005 -.25 -32.7522 -2.6006 -.25 -34.0019 -2.6006 -.25 -30.4026 -3.2005 -.25 -31.0025
3 0 -4.1003 -.25 -30.5526 -4.7002 -.25 -29.3528 -4.3503 -.25 -30.6526
4 0 -4.3503 -.25 -32.1523 -4.3503 -.25 -30.6526 -4.7002 -.25 -29.3528 -4.7002 -.25 -32.9521
4 0 -4.7002 -.25 -32.9521 -2.6006 -.25 -34.0019 -3.2005 -.25 -32.7522 -4.3503 -.25 -32.1523
4 0 -3.2005 -.25 -35.9515 -2.6006 -.25 -36.5514 -2.6006 -.25 -35.0017 -3.2005 -.25 -35.6016
4 15 -3.7504 -.25 -36.2448 -3.2005 -.25 -35.9515 -3.2005 -.25 -35.6016 -3.7504 -.25 -35.3083
4 15 -4.7002 -.25 -36.7514 -4.1003 -.25 -36.4314 -4.1003 -.25 -35.1217 -4.7002 -.25 -34.8017
4 15 -3.2005 -.25 -31.0025 -4.1003 -.25 -30.5526 -4.3503 -.25 -30.6526 -4.3503 -.25 -32.1523
3 15 -3.2005 -.25 -31.0025 -4.3503 -.25 -32.1523 -3.2005 -.25 -32.7522
4 0 -4.1003 -.25 -36.4314 -3.7504 -.25 -36.2448 -3.7504 -.25 -35.3083 -4.1003 -.25 -35.1217
4 0 -4.7002 -.25 -33.9019 -4.7002 -.25 -34.8017 -4.1003 -.25 -35.1217 -2.6006 -.25 -35.0017
3 0 -2.6006 -.25 -35.0017 -4.1003 -.25 -35.1217 -3.7504 -.25 -35.3083
3 0 -2.6006 -.25 -35.0017 -3.7504 -.25 -35.3083 -3.2005 -.25 -35.6016
4 0 -3.7504 -.25 -36.2448 -4.7002 -.25 -37.6512 -2.6006 -.25 -36.5514 -3.2005 -.25 -35.9515
3 0 -3.7504 -.25 -36.2448 -4.1003 -.25 -36.4314 -4.7002 -.25 -37.6512
3 0 -4.1003 -.25 -36.4314 -4.7002 -.25 -36.7514 -4.7002 -.25 -37.6512
4 15 -4.7002 -.25 -25.2037 -4.7002 -.25 -26.1535 -4.0004 -.25 -26.1035 -3.2005 -.25 -26.0035
3 15 -3.2005 -.25 -26.0035 -4.0004 -.25 -26.1035 -3.7004 -.25 -26.3034
4 15 -3.7504 -.25 -28.403 -3.8504 -.25 -28.1531 -4.0004 -.25 -28.0031 -5.0002 -.25 -28.603
4 15 -4.7002 -.25 -29.3528 -3.5005 -.25 -28.653 -3.7504 -.25 -28.403 -5.0002 -.25 -28.603
4 15 -4.7002 -.25 -29.3528 -2.6006 -.25 -30.4026 -3.0006 -.25 -28.8529 -3.5005 -.25 -28.653
4 15 -3.7004 -.25 -27.4032 -3.2005 -.25 -27.5032 -3.2005 -.25 -26.0035 -3.7004 -.25 -26.3034
3 15 -3.2005 -.25 -27.5032 -3.7004 -.25 -27.4032 -3.4005 -.25 -27.6032
3 15 -4.7002 -.25 -32.9521 -5.0002 -.25 -35.6516 -4.7002 -.25 -33.9019
4 15 -4.7002 -.25 -29.3528 -5.0002 -.25 -28.603 -5.0002 -.25 -35.6516 -4.7002 -.25 -32.9521
3 15 -4.7002 -.25 -33.9019 -5.0002 -.25 -35.6516 -4.7002 -.25 -34.8017
3 15 -4.7002 -.25 -36.7514 -4.7002 -.25 -34.8017 -5.0002 -.25 -35.6516
4 15 -2.6006 -.25 -35.0017 -2.6006 -.25 -34.0019 -4.7002 -.25 -32.9521 -4.7002 -.25 -33.9019
4 15 -4.7002 -.25 -37.8011 -4.7002 -.25 -37.6512 -5.0002 -.25 -35.6516 -5.4001 -.25 -35.4516
3 15 -4.7002 -.25 -37.6512 -4.7002 -.25 -36.7514 -5.0002 -.25 -35.6516
4 0 -3.2005 -.25 -39.5008 -2.6006 -.25 -38.9009 -4.7002 -.25 -37.8011 -4.7002 -.25 -38.701
4 0 -2.6006 -.25 -38.9009 -3.2005 -.25 -39.5008 -3.2005 -.25 -41.0005 -2.6006 -.25 -42.1503
4 0 -2.7506 -.25 -42.3002 -2.6006 -.25 -42.1503 -3.2005 -.25 -41.0005 -3.0006 -.25 -42.3502
3 0 -3.0006 -.25 -42.3502 -3.2005 -.25 -41.0005 -3.5005 -.25 -42.1503
3 0 -3.5005 -.25 -42.1503 -3.8504 -.25 -41.6504 -3.7504 -.25 -41.9003
4 0 -3.2005 -.25 -41.0005 -3.4005 -.25 -41.1005 -3.8504 -.25 -41.6504 -3.5005 -.25 -42.1503
4 0 -4.0004 -.25 -41.5004 -3.8504 -.25 -41.6504 -3.4005 -.25 -41.1005 -3.7004 -.25 -40.9005
4 0 -4.0004 -.25 -39.6008 -4.0004 -.25 -40.5006 -3.7004 -.25 -40.9005 -3.7004 -.25 -39.8007
4 0 -3.7004 -.25 -40.9005 -4.0004 -.25 -40.5006 -5.0002 -.25 -42.1003 -4.0004 -.25 -41.5004
3 0 -4.0004 -.25 -40.5006 -5.4001 -.25 -41.4004 -5.0002 -.25 -42.1003
4 15 -3.2005 -.25 -39.5008 -4.7002 -.25 -38.701 -4.0004 -.25 -39.6008 -3.7004 -.25 -39.8007
4 15 -3.7004 -.25 -40.9005 -3.2005 -.25 -41.0005 -3.2005 -.25 -39.5008 -3.7004 -.25 -39.8007
3 15 -3.2005 -.25 -41.0005 -3.7004 -.25 -40.9005 -3.4005 -.25 -41.1005
4 0 -5.0002 -.25 -49.1489 -5.0002 -.25 -42.1003 -5.4001 -.25 -41.4004 -5.4001 -.25 -48.9489
4 0 -4.7002 -.25 -42.7002 -4.7002 -.25 -43.6 -2.6006 -.25 -44.6998 -2.6006 -.25 -43.7999
4 15 -4.0004 -.25 -40.5006 -4.0004 -.25 -39.6008 -4.7002 -.25 -38.701 -5.4001 -.25 -41.4004
4 15 -5.4001 -.25 -35.4516 -5.4001 -.25 -41.4004 -4.7002 -.25 -38.701 -4.7002 -.25 -37.8011
3 15 -4.0004 -.25 -41.5004 -5.0002 -.25 -42.1003 -4.7002 -.25 -42.7002
4 15 -3.8504 -.25 -41.6504 -4.0004 -.25 -41.5004 -4.7002 -.25 -42.7002 -3.7504 -.25 -41.9003
4 15 -2.6006 -.25 -43.7999 -3.5005 -.25 -42.1503 -3.7504 -.25 -41.9003 -4.7002 -.25 -42.7002
3 15 -4.7002 -.25 -43.6 -4.7002 -.25 -42.7002 -5.0002 -.25 -42.1003
3 15 -2.6006 -.25 -43.7999 -3.0006 -.25 -42.3502 -3.5005 -.25 -42.1503
3 0 -2.6006 -.25 -49.4488 -2.9506 -.25 -48.1491 -3.2005 -.25 -48.2491
4 0 -2.9506 -.25 -46.6494 -2.9506 -.25 -48.1491 -2.6006 -.25 -49.4488 -2.6006 -.25 -45.8495
4 0 -2.6006 -.25 -45.8495 -4.7002 -.25 -44.7997 -4.7002 -.25 -45.6996 -2.9506 -.25 -46.6494
4 0 -4.7002 -.25 -48.399 -2.6006 -.25 -49.4488 -3.2005 -.25 -48.2491 -4.7002 -.25 -47.4992
4 15 -2.6006 -.25 -44.6998 -4.7002 -.25 -43.6 -4.7002 -.25 -44.7997 -2.6006 -.25 -45.8495
3 15 -2.9506 -.25 -46.6494 -4.7002 -.25 -45.6996 -4.7002 -.25 -47.4992
4 15 -2.9506 -.25 -48.1491 -2.9506 -.25 -46.6494 -4.7002 -.25 -47.4992 -3.2005 -.25 -48.2491
3 15 -4.7002 -.25 -44.7997 -5.0002 -.25 -49.1489 -4.7002 -.25 -45.6996
4 15 -4.7002 -.25 -43.6 -5.0002 -.25 -42.1003 -5.0002 -.25 -49.1489 -4.7002 -.25 -44.7997
3 15 -4.7002 -.25 -47.4992 -4.7002 -.25 -45.6996 -5.0002 -.25 -49.1489
3 15 -4.7002 -.25 -47.4992 -5.0002 -.25 -49.1489 -4.7002 -.25 -48.399
3 0 -2.6006 -.25 -50.7486 -3.2005 -.25 -51.3484 -2.9506 -.25 -51.7484
4 0 -2.9506 -.25 -51.7484 -2.9506 -.25 -53.9479 -2.6006 -.25 -54.0979 -2.6006 -.25 -50.7486
4 0 -4.7002 -.25 -49.6488 -4.7002 -.25 -53.2481 -4.3503 -.25 -52.2815 -4.3503 -.25 -50.7353
4 0 -4.1503 -.25 -53.448 -4.0004 -.25 -52.4649 -4.3503 -.25 -52.2815 -4.7002 -.25 -53.2481
4 0 -4.0004 -.25 -52.4649 -4.1503 -.25 -53.448 -3.7004 -.25 -53.0481 -3.7004 -.25 -51.7484
3 0 -3.7004 -.25 -51.7484 -4.0004 -.25 -51.5484 -4.0004 -.25 -52.4649
4 0 -2.6006 -.25 -50.7486 -4.7002 -.25 -49.6488 -4.3503 -.25 -50.7353 -3.2005 -.25 -51.3484
3 15 -2.6006 -.25 -50.7486 -5.0002 -.25 -49.1489 -4.7002 -.25 -49.6488
4 15 -4.7002 -.25 -48.399 -5.0002 -.25 -49.1489 -2.6006 -.25 -50.7486 -2.6006 -.25 -49.4488
4 15 -6.1499 -.25 -50.9985 -4.7002 -.25 -53.2481 -5.0002 -.25 -49.1489 -5.4001 -.25 -48.9489
3 15 -4.7002 -.25 -49.6488 -5.0002 -.25 -49.1489 -4.7002 -.25 -53.2481
4 15 -4.3503 -.25 -52.2815 -4.0004 -.25 -52.4649 -4.0004 -.25 -51.5484 -4.3503 -.25 -50.7353
4 15 -4.0004 -.25 -51.5484 -3.7004 -.25 -51.7484 -3.2005 -.25 -51.3484 -4.3503 -.25 -50.7353
4 15 -3.7004 -.25 -51.7484 -3.7004 -.25 -53.0481 -2.9506 -.25 -51.7484 -3.2005 -.25 -51.3484
4 15 -3.8504 -.25 -55.3476 -2.9506 -.25 -53.9479 -2.9506 -.25 -51.7484 -3.7004 -.25 -53.0481
4 0 -6.1499 -.25 -30.2527 -7.0997 -.25 -29.8753 -7.0997 -.25 -30.4252 -6.1499 -.25 -30.8025
4 0 -7.0997 -.25 -32.2249 -6.1499 -.25 -32.6022 -6.1499 -.25 -32.0523 -7.0997 -.25 -31.675
4 0 -6.1499 -.25 -29.0029 -7.0997 -.25 -28.6256 -7.0997 -.25 -29.8753 -6.1499 -.25 -30.2527
4 0 -7.0997 -.25 -31.675 -6.1499 -.25 -32.0523 -6.1499 -.25 -30.8025 -7.0997 -.25 -30.4252
4 0 -6.1499 -.25 -32.6022 -7.0997 -.25 -32.2249 -7.0997 -.25 -33.4746 -6.1499 -.25 -33.8519
4 0 -7.0997 -.25 -28.6256 -9.7992 -.25 -27.5532 -9.7992 -.25 -28.8029 -7.0997 -.25 -29.8753
4 0 -7.0997 -.25 -30.4252 -9.7992 -.25 -29.3528 -9.7992 -.25 -30.6026 -7.0997 -.25 -31.675
4 0 -9.7992 -.25 -32.4022 -7.0997 -.25 -33.4746 -7.0997 -.25 -32.2249 -9.7992 -.25 -31.1525
4 0 -6.1499 -.25 -34.5018 -7.0997 -.25 -34.1245 -7.0997 -.25 -35.3742 -6.1499 -.25 -35.7516
4 0 -6.1499 -.25 -38.1011 -7.0997 -.25 -37.7238 -7.0997 -.25 -38.9735 -6.1499 -.25 -39.3508
4 0 -6.1499 -.25 -35.7516 -7.0997 -.25 -35.3742 -7.0997 -.25 -37.7238 -6.1499 -.25 -38.1011
4 0 -9.1493 -.25 -36.9095 -9.1493 -.25 -34.56 -9.7992 -.25 -34.3018 -9.7992 -.25 -36.6514
4 0 -9.7992 -.25 -33.0521 -9.7992 -.25 -34.3018 -9.1493 -.25 -34.56 -7.0997 -.25 -34.1245
3 0 -7.0997 -.25 -35.3742 -7.0997 -.25 -34.1245 -9.1493 -.25 -34.56
4 0 -7.0997 -.25 -41.373 -9.7992 -.25 -40.3006 -9.7992 -.25 -41.5504 -7.0997 -.25 -42.6228
4 0 -7.0997 -.25 -42.6228 -6.1499 -.25 -43.0001 -6.1499 -.25 -41.7504 -7.0997 -.25 -41.373
4 0 -6.1499 -.25 -39.9007 -7.0997 -.25 -39.5234 -7.0997 -.25 -41.373 -6.1499 -.25 -41.7504
4 0 -7.0997 -.25 -44.4224 -6.1499 -.25 -44.7997 -6.1499 -.25 -43.0001 -7.0997 -.25 -42.6228
4 0 -6.1499 -.25 -45.4996 -7.0997 -.25 -45.1223 -7.0997 -.25 -46.372 -6.1499 -.25 -46.7494
4 0 -6.1499 -.25 -49.0989 -7.0997 -.25 -48.7216 -7.0997 -.25 -49.9713 -6.1499 -.25 -50.3486
4 0 -6.1499 -.25 -46.7494 -7.0997 -.25 -46.372 -7.0997 -.25 -48.7216 -6.1499 -.25 -49.0989
4 0 -9.7992 -.25 -45.2996 -9.7992 -.25 -47.6492 -9.1493 -.25 -47.9073 -9.1493 -.25 -45.5578
4 0 -9.1493 -.25 -45.5578 -7.0997 -.25 -45.1223 -9.7992 -.25 -44.0499 -9.7992 -.25 -45.2996
3 0 -7.0997 -.25 -45.1223 -9.1493 -.25 -45.5578 -7.0997 -.25 -46.372
4 15 -9.7992 -.25 -29.3528 -7.0997 -.25 -30.4252 -7.0997 -.25 -29.8753 -9.7992 -.25 -28.8029
4 15 -7.0997 -.25 -31.675 -9.7992 -.25 -30.6026 -9.7992 -.25 -31.1525 -7.0997 -.25 -32.2249
4 15 -6.1499 -.25 -33.8519 -7.0997 -.25 -33.4746 -7.0997 -.25 -34.1245 -6.1499 -.25 -34.5018
4 15 -9.7992 -.25 -33.0521 -7.0997 -.25 -34.1245 -7.0997 -.25 -33.4746 -9.7992 -.25 -32.4022
4 15 -9.1493 -.25 -36.9095 -7.0997 -.25 -37.7238 -7.0997 -.25 -35.3742 -9.1493 -.25 -34.56
4 15 -6.1499 -.25 -39.3508 -7.0997 -.25 -38.9735 -7.0997 -.25 -39.5234 -6.1499 -.25 -39.9007
4 15 -7.0997 -.25 -45.1223 -6.1499 -.25 -45.4996 -6.1499 -.25 -44.7997 -7.0997 -.25 -44.4224
4 15 -7.0997 -.25 -44.4224 -7.8496 -.25 -43.5 -9.7992 -.25 -44.0499 -7.0997 -.25 -45.1223
4 15 -9.1493 -.25 -47.9073 -7.0997 -.25 -48.7216 -7.0997 -.25 -46.372 -9.1493 -.25 -45.5578
4 15 -6.1499 -.25 -29.0029 -6.1499 -.25 -30.2527 -5.4001 -.25 -27.9031 -6.05 -.25 -27.8531
3 15 -5.4001 -.25 -27.9031 -6.1499 -.25 -30.2527 -6.1499 -.25 -30.8025
3 15 -5.4001 -.25 -27.9031 -6.1499 -.25 -30.8025 -6.1499 -.25 -32.0523
3 15 -5.4001 -.25 -35.4516 -6.1499 -.25 -32.6022 -6.1499 -.25 -33.8519
4 15 -6.1499 -.25 -32.0523 -6.1499 -.25 -32.6022 -5.4001 -.25 -35.4516 -5.4001 -.25 -27.9031
3 15 -5.4001 -.25 -35.4516 -6.1499 -.25 -33.8519 -6.1499 -.25 -34.5018
3 15 -5.4001 -.25 -35.4516 -6.1499 -.25 -34.5018 -6.1499 -.25 -35.7516
3 15 -5.4001 -.25 -41.4004 -6.1499 -.25 -38.1011 -6.1499 -.25 -39.3508
4 15 -6.1499 -.25 -35.7516 -6.1499 -.25 -38.1011 -5.4001 -.25 -41.4004 -5.4001 -.25 -35.4516
3 15 -5.4001 -.25 -41.4004 -6.1499 -.25 -39.3508 -6.1499 -.25 -39.9007
3 15 -5.4001 -.25 -41.4004 -6.1499 -.25 -39.9007 -6.1499 -.25 -41.7504
3 15 -5.4001 -.25 -41.4004 -6.1499 -.25 -41.7504 -6.1499 -.25 -43.0001
4 15 -5.4001 -.25 -48.9489 -5.4001 -.25 -41.4004 -6.1499 -.25 -43.0001 -6.1499 -.25 -44.7997
3 15 -5.4001 -.25 -48.9489 -6.1499 -.25 -44.7997 -6.1499 -.25 -45.4996
3 15 -5.4001 -.25 -48.9489 -6.1499 -.25 -45.4996 -6.1499 -.25 -46.7494
3 15 -5.4001 -.25 -48.9489 -6.1499 -.25 -46.7494 -6.1499 -.25 -49.0989
3 15 -5.4001 -.25 -48.9489 -6.1499 -.25 -49.0989 -6.1499 -.25 -50.3486
4 0 -7.0997 -.25 -50.6212 -9.7992 -.25 -49.5488 -9.7992 -.25 -50.7985 -7.0997 -.25 -51.8709
3 0 -6.1499 -.25 -55.8475 -7.0997 -.25 -51.8709 -7.0997 -.25 -54.1205
4 0 -7.0997 -.25 -50.6212 -7.0997 -.25 -51.8709 -6.1499 -.25 -55.8475 -6.1499 -.25 -50.9985
4 0 -8.0995 -.25 -52.1983 -8.5994 -.25 -51.9983 -8.6494 -.25 -53.298 -8.0995 -.25 -53.598
4 0 -8.0995 -.25 -53.598 -8.6494 -.25 -53.298 -8.4495 -.25 -54.4478 -7.7996 -.25 -53.9479
4 0 -8.0995 -.25 -55.0477 -7.5996 -.25 -55.3476 -7.7996 -.25 -53.9479 -8.4495 -.25 -54.4478
4 0 -7.0997 -.25 -54.1205 -7.7996 -.25 -53.9479 -7.5996 -.25 -55.3476 -6.1499 -.25 -55.8475
4 0 -8.6494 -.25 -53.298 -9.7992 -.25 -53.7979 -9.7992 -.25 -54.9977 -8.4495 -.25 -54.4478
4 15 -7.0997 -.25 -49.9713 -9.7992 -.25 -48.8989 -9.7992 -.25 -49.5488 -7.0997 -.25 -50.6212
4 15 -7.0997 -.25 -50.6212 -6.1499 -.25 -50.9985 -6.1499 -.25 -50.3486 -7.0997 -.25 -49.9713
3 15 -5.4001 -.25 -48.9489 -6.1499 -.25 -50.3486 -6.1499 -.25 -50.9985
3 15 -7.7996 -.25 -53.9479 -8.0995 -.25 -52.1983 -8.0995 -.25 -53.598
4 15 -8.0995 -.25 -52.1983 -7.7996 -.25 -53.9479 -7.0997 -.25 -54.1205 -7.0997 -.25 -51.8709
4 15 -8.5994 -.25 -51.9983 -8.0995 -.25 -52.1983 -7.0997 -.25 -51.8709 -9.7992 -.25 -50.7985
4 0 -7.0997 -.25 -61.269 -6.1499 -.25 -61.6464 -6.1499 -.25 -56.7973 -7.0997 -.25 -57.6698
4 0 -9.7992 -.25 -55.3476 -9.7992 -.25 -60.1967 -9.1493 -.25 -59.2051 -9.1493 -.25 -55.6058
4 0 -6.1499 -.25 -56.7973 -8.5994 -.25 -55.8242 -8.0995 -.25 -57.2725 -7.0997 -.25 -57.6698
4 0 -8.0995 -.25 -60.8718 -8.0995 -.25 -57.2725 -8.5994 -.25 -55.8242 -8.5994 -.25 -59.4235
4 0 -9.1493 -.25 -59.2051 -9.7992 -.25 -60.1967 -8.0995 -.25 -60.8718 -8.5994 -.25 -59.4235
4 15 -9.7992 -.25 -55.3476 -8.0995 -.25 -55.0477 -8.4495 -.25 -54.4478 -9.7992 -.25 -54.9977
3 15 -7.5996 -.25 -55.3476 -9.1493 -.25 -55.6058 -8.5994 -.25 -55.8242
4 15 -9.7992 -.25 -55.3476 -9.1493 -.25 -55.6058 -7.5996 -.25 -55.3476 -8.0995 -.25 -55.0477
4 15 -7.5996 -.25 -55.3476 -8.5994 -.25 -55.8242 -6.1499 -.25 -56.7973 -6.1499 -.25 -55.8475
4 15 -8.5994 -.25 -55.8242 -9.1493 -.25 -55.6058 -9.1493 -.25 -59.2051 -8.5994 -.25 -59.4235
4 15 -8.0995 -.25 -60.8718 -7.0997 -.25 -61.269 -7.0997 -.25 -57.6698 -8.0995 -.25 -57.2725
4 15 -2.6006 -.25 -25.4036 -1.7508 -.25 -24.9537 -1.9008 -.25 -24.6538 -2.2507 -.25 -24.3538
4 15 -2.6006 -.25 -25.4036 -1.6508 -.25 -28.8529 -1.6508 -.25 -25.5036 -1.7508 -.25 -24.9537
4 15 -1.6508 -.25 -28.8529 -2.6006 -.25 -25.4036 -2.6006 -.25 -28.653 -1.8008 -.25 -29.2029
4 15 -3.0006 -.25 -28.8529 -2.6006 -.25 -30.4026 -2.1007 -.25 -29.4528 -2.7506 -.25 -28.8029
4 15 -1.8008 -.25 -29.2029 -2.6006 -.25 -28.653 -2.7506 -.25 -28.8029 -2.1007 -.25 -29.4528
3 15 -1.7008 -.25 -30.0027 -1.9008 -.25 -29.7028 -2.1007 -.25 -29.4528
4 15 -1.7508 -.25 -34.0519 -1.6508 -.25 -30.3026 -1.7008 -.25 -30.0027 -2.6006 -.25 -34.0019
4 15 -2.1007 -.25 -29.4528 -2.6006 -.25 -30.4026 -2.6006 -.25 -34.0019 -1.7008 -.25 -30.0027
3 15 -1.6508 -.25 -30.3026 -1.7508 -.25 -34.0519 -1.6508 -.25 -33.752
3 15 -1.7508 -.25 -34.0519 -2.6006 -.25 -34.0019 -1.9508 -.25 -34.2519
4 15 -2.6006 -.25 -35.0017 -1.7508 -.25 -34.5018 -1.9508 -.25 -34.2519 -2.6006 -.25 -34.0019
3 15 -1.6508 -.25 -34.8517 -1.7508 -.25 -34.5018 -2.6006 -.25 -35.0017
4 15 -2.6006 -.25 -35.0017 -2.6006 -.25 -36.5514 -1.6508 -.25 -36.5014 -1.6508 -.25 -34.8517
4 15 -1.7508 -.25 -36.8013 -1.6508 -.25 -36.5014 -2.6006 -.25 -36.5514 -2.0508 -.25 -37.1013
4 15 -2.6006 -.25 -36.5514 -4.7002 -.25 -37.6512 -2.8006 -.25 -37.5512 -2.0508 -.25 -37.1013
4 15 -4.7002 -.25 -37.8011 -2.6006 -.25 -38.9009 -2.8006 -.25 -37.5512 -4.7002 -.25 -37.6512
4 15 -2.6006 -.25 -38.9009 -1.8508 -.25 -38.1511 -2.2007 -.25 -37.8011 -2.8006 -.25 -37.5512
3 15 -1.8508 -.25 -38.1511 -2.6006 -.25 -38.9009 -2.6006 -.25 -42.1503
4 15 -1.8508 -.25 -38.1511 -2.6006 -.25 -42.1503 -1.7008 -.25 -42.5502 -1.6508 -.25 -38.651
3 15 -1.6508 -.25 -42.2003 -1.6508 -.25 -38.651 -1.7008 -.25 -42.5502
3 15 -1.7008 -.25 -42.5502 -2.0508 -.25 -42.9001 -1.8508 -.25 -42.8001
4 15 -3.0006 -.25 -42.3502 -2.6006 -.25 -43.7999 -2.0508 -.25 -42.9001 -2.7506 -.25 -42.3002
4 15 -1.7008 -.25 -42.5502 -2.6006 -.25 -42.1503 -2.7506 -.25 -42.3002 -2.0508 -.25 -42.9001
3 15 -1.7008 -.25 -43.4 -1.8508 -.25 -43.1501 -2.0508 -.25 -42.9001
4 15 -2.0508 -.25 -42.9001 -2.6006 -.25 -43.7999 -1.6508 -.25 -43.7 -1.7008 -.25 -43.4
4 15 -2.6006 -.25 -44.6998 -1.8008 -.25 -44.8497 -1.6508 -.25 -43.7 -2.6006 -.25 -43.7999
3 15 -1.6508 -.25 -43.7 -1.8008 -.25 -44.8497 -1.6508 -.25 -44.5498
3 15 -1.8008 -.25 -44.8497 -2.6006 -.25 -44.6998 -2.0008 -.25 -45.0497
4 15 -2.0008 -.25 -45.0497 -2.6006 -.25 -44.6998 -2.6006 -.25 -45.8495 -1.8508 -.25 -45.2497
4 15 -2.6006 -.25 -45.8495 -1.6508 -.25 -45.7496 -1.7008 -.25 -45.4996 -1.8508 -.25 -45.2497
4 15 -1.6508 -.25 -45.7496 -2.6006 -.25 -45.8495 -2.6006 -.25 -49.4488 -1.6508 -.25 -49.2489
3 15 -1.6508 -.25 -49.2489 -1.8008 -.25 -49.7987 -1.7008 -.25 -49.5488
4 15 -1.6508 -.25 -49.2489 -2.6006 -.25 -49.4488 -2.0008 -.25 -49.9487 -1.8008 -.25 -49.7987
4 15 -2.6006 -.25 -49.4488 -2.6006 -.25 -50.7486 -1.7008 -.25 -50.2986 -2.0008 -.25 -49.9487
3 15 -1.7008 -.25 -50.2986 -1.8008 -.25 -50.0987 -2.0008 -.25 -49.9487
4 15 -2.6006 -.25 -50.7486 -2.6006 -.25 -54.0979 -1.6508 -.25 -50.5486 -1.7008 -.25 -50.2986
4 15 -4.0504 -.25 -23.404 -4.7002 -.25 -24.3038 -2.6006 -.25 -25.4036 -2.2507 -.25 -24.3538
4 15 -4.5503 -.25 -23.404 -4.9502 -.25 -23.554 -4.7002 -.25 -24.3038 -4.0504 -.25 -23.404
4 15 -4.7002 -.25 -24.3038 -4.9502 -.25 -23.554 -5.2501 -.25 -23.9039 -5.4501 -.25 -24.3538
4 15 -5.4501 -.25 -24.3538 -5.4501 -.25 -25.0037 -4.7002 -.25 -25.2037 -4.7002 -.25 -24.3038
4 15 -4.7002 -.25 -25.2037 -5.4501 -.25 -25.0037 -5.3001 -.25 -25.6036 -5.0502 -.25 -25.9535
3 15 -4.7002 -.25 -25.2037 -5.0502 -.25 -25.9535 -4.7002 -.25 -26.1535
4 15 -4.7002 -.25 -26.4034 -4.0004 -.25 -27.0033 -4.0004 -.25 -26.1035 -4.7002 -.25 -26.1535
4 15 -5.2501 -.25 -26.6034 -5.4001 -.25 -27.9031 -4.0004 -.25 -27.0033 -4.7002 -.25 -26.4034
4 15 -6.05 -.25 -27.8531 -5.4001 -.25 -27.9031 -5.2501 -.25 -26.6034 -5.9 -.25 -27.4032
3 15 -5.2501 -.25 -26.6034 -5.7 -.25 -27.0033 -5.9 -.25 -27.4032
4 15 -6.05 -.25 -27.8531 -9.3493 -.25 -26.6034 -7.0997 -.25 -28.6256 -6.1499 -.25 -29.0029
3 15 -7.0997 -.25 -28.6256 -9.3493 -.25 -26.6034 -9.7992 -.25 -27.5532
4 15 -9.3493 -.25 -26.6034 -9.7992 -.25 -26.6034 -10.4991 -.25 -27.3032 -9.7992 -.25 -27.5532
3 15 -9.7992 -.25 -26.6034 -10.2491 -.25 -26.8033 -10.4991 -.25 -27.3032
4 15 -10.5491 -.25 -27.8031 -9.7992 -.25 -28.8029 -9.7992 -.25 -27.5532 -10.4991 -.25 -27.3032
4 15 -9.7992 -.25 -28.8029 -10.5491 -.25 -27.8031 -10.5491 -.25 -28.703 -10.3991 -.25 -29.0529
4 15 -9.7992 -.25 -30.6026 -9.7992 -.25 -29.3528 -10.5491 -.25 -29.4028 -10.5491 -.25 -30.4526
3 15 -9.7992 -.25 -31.1525 -9.7992 -.25 -30.6026 -10.5491 -.25 -30.4526
4 15 -9.7992 -.25 -32.4022 -9.7992 -.25 -31.1525 -10.5491 -.25 -30.4526 -10.4491 -.25 -30.8025
4 15 -10.3991 -.25 -29.0529 -10.5491 -.25 -29.4028 -9.7992 -.25 -29.3528 -9.7992 -.25 -28.8029
4 15 -10.3991 -.25 -32.8021 -9.7992 -.25 -32.4022 -10.4491 -.25 -30.8025 -10.5491 -.25 -31.1525
3 15 -10.3991 -.25 -32.8021 -10.5491 -.25 -31.1525 -10.5491 -.25 -32.5022
3 15 -9.7992 -.25 -34.3018 -9.7992 -.25 -33.0521 -10.5491 -.25 -33.1021
4 15 -9.7992 -.25 -32.4022 -10.3991 -.25 -32.8021 -10.5491 -.25 -33.1021 -9.7992 -.25 -33.0521
4 15 -9.7992 -.25 -36.6514 -9.7992 -.25 -34.3018 -10.5491 -.25 -33.1021 -10.5491 -.25 -37.7012
4 15 -10.2491 -.25 -38.401 -9.7992 -.25 -37.9011 -9.7992 -.25 -36.6514 -10.5491 -.25 -37.7012
3 15 -10.2491 -.25 -38.401 -10.5491 -.25 -37.7012 -10.4491 -.25 -38.0511
4 15 -9.7992 -.25 -37.9011 -10.2491 -.25 -38.401 -9.8492 -.25 -38.701 -7.8496 -.25 -39.5508
4 15 -9.7992 -.25 -37.9011 -7.8496 -.25 -39.5508 -7.0997 -.25 -39.5234 -7.0997 -.25 -38.9735
4 15 -7.0997 -.25 -39.5234 -7.8496 -.25 -39.5508 -7.8496 -.25 -39.9007 -7.0997 -.25 -41.373
4 15 -9.7992 -.25 -40.3006 -7.0997 -.25 -41.373 -7.8496 -.25 -39.9007 -9.3993 -.25 -39.3508
4 15 -9.3993 -.25 -39.3508 -9.7992 -.25 -39.3008 -10.3491 -.25 -39.7008 -9.7992 -.25 -40.3006
3 15 -9.7992 -.25 -39.3008 -10.0991 -.25 -39.4508 -10.3491 -.25 -39.7008
4 15 -10.4991 -.25 -40.1007 -10.5491 -.25 -40.5006 -9.7992 -.25 -40.3006 -10.3491 -.25 -39.7008
4 15 -9.7992 -.25 -41.5504 -9.7992 -.25 -40.3006 -10.5491 -.25 -40.5006 -10.5491 -.25 -41.5504
4 15 -9.7992 -.25 -41.5504 -10.5491 -.25 -41.5504 -10.4491 -.25 -41.9503 -10.1991 -.25 -42.2503
3 15 -7.0997 -.25 -42.6228 -9.7992 -.25 -41.5504 -10.1991 -.25 -42.2503
4 15 -10.1991 -.25 -42.2503 -9.7992 -.25 -42.4502 -7.8496 -.25 -43.2001 -7.0997 -.25 -42.6228
4 15 -7.0997 -.25 -42.6228 -7.8496 -.25 -43.2001 -7.8496 -.25 -43.5 -7.0997 -.25 -44.4224
4 15 -9.3993 -.25 -43.0001 -9.8992 -.25 -43.0501 -9.7992 -.25 -44.0499 -7.8496 -.25 -43.5
4 15 -9.7992 -.25 -44.0499 -9.8992 -.25 -43.0501 -10.2491 -.25 -43.3 -10.4491 -.25 -43.65
4 15 -10.5491 -.25 -44.0999 -9.7992 -.25 -45.2996 -9.7992 -.25 -44.0499 -10.4491 -.25 -43.65
4 15 -10.5491 -.25 -44.0999 -10.5491 -.25 -48.8489 -9.7992 -.25 -47.6492 -9.7992 -.25 -45.2996
4 15 -10.5491 -.25 -48.8489 -10.3991 -.25 -49.1989 -9.7992 -.25 -48.8989 -9.7992 -.25 -47.6492
4 15 -10.3991 -.25 -49.1989 -10.5491 -.25 -49.4988 -9.7992 -.25 -49.5488 -9.7992 -.25 -48.8989
4 15 -9.7992 -.25 -50.7985 -9.7992 -.25 -49.5488 -10.5491 -.25 -49.4988 -10.5491 -.25 -50.9485
4 15 -9.7992 -.25 -50.7985 -10.5491 -.25 -50.9485 -10.4491 -.25 -51.2984 -10.2491 -.25 -51.5484
4 15 -9.4493 -.25 -51.8983 -8.5994 -.25 -51.9983 -9.7992 -.25 -50.7985 -10.2491 -.25 -51.5484
4 15 -8.6494 -.25 -53.298 -8.5994 -.25 -51.9983 -9.4493 -.25 -51.8983 -9.4493 -.25 -52.6482
4 15 -9.4493 -.25 -52.6482 -10.1491 -.25 -52.9481 -9.7992 -.25 -53.7979 -8.6494 -.25 -53.298
4 15 -10.4491 -.25 -53.2481 -10.5491 -.25 -53.498 -9.7992 -.25 -53.7979 -10.1491 -.25 -52.9481
3 15 -9.7992 -.25 -53.7979 -10.5491 -.25 -53.498 -9.7992 -.25 -54.9977
3 15 -9.7992 -.25 -55.3476 -9.7992 -.25 -54.9977 -10.5491 -.25 -53.498
4 15 -10.1491 -.25 -60.9465 -9.7992 -.25 -55.3476 -10.5491 -.25 -53.498 -10.3991 -.25 -60.6966
3 15 -10.3991 -.25 -60.6966 -10.5491 -.25 -53.498 -10.5491 -.25 -60.3966
3 15 -9.7992 -.25 -55.3476 -10.1491 -.25 -60.9465 -9.7992 -.25 -60.1967
4 15 -9.7992 -.25 -60.1967 -10.1491 -.25 -60.9465 -8.4495 -.25 -61.6464 -8.1495 -.25 -61.6964
4 15 -8.1495 -.25 -61.6964 -7.8496 -.25 -61.6464 -8.0995 -.25 -60.8718 -9.7992 -.25 -60.1967
4 15 -7.0997 -.25 -61.269 -8.0995 -.25 -60.8718 -7.8496 -.25 -61.6464 -7.5996 -.25 -61.8963
4 15 -7.1997 -.25 -62.1463 -6.6498 -.25 -62.3462 -7.0997 -.25 -61.269 -7.5996 -.25 -61.8963
4 15 -6.1499 -.25 -61.6464 -7.0997 -.25 -61.269 -6.6498 -.25 -62.3462 -6.1499 -.25 -62.3962
4 15 -5.7 -.25 -62.3462 -5.3001 -.25 -61.9963 -6.1499 -.25 -61.6464 -6.1499 -.25 -62.3962
4 15 -6.1499 -.25 -61.6464 -5.3001 -.25 -61.9963 -5.1001 -.25 -61.6464 -5.0502 -.25 -61.0965
4 0 -5.2501 -.25 -55.1477 -5.0002 -.25 -54.9477 -5.0002 -.25 -53.9479 -5.2501 -.25 -53.7979
3 0 -5.0002 -.25 -54.9477 -5.2501 -.25 -55.1477 -5.1501 -.25 -55.3476
3 0 -5.0002 -.25 -54.9477 -5.1501 -.25 -55.3476 -5.1501 -.25 -55.8475
4 0 -3.8504 -.25 -55.3476 -5.0002 -.25 -54.9477 -5.1501 -.25 -55.8475 -3.8504 -.25 -56.4974
3 0 -3.8504 -.25 -56.4974 -5.1501 -.25 -55.8475 -4.9502 -.25 -56.1975
3 0 -4.9502 -.25 -56.1975 -5.1501 -.25 -55.8475 -5.2501 -.25 -56.2475
4 0 -4.9502 -.25 -56.1975 -5.2501 -.25 -56.2475 -5.2501 -.25 -56.5974 -5.0002 -.25 -56.3474
4 0 -5.2501 -.25 -56.5974 -5.2001 -.25 -57.1973 -5.0002 -.25 -57.0973 -5.0002 -.25 -56.3474
4 0 -5.0502 -.25 -57.3972 -3.8504 -.25 -57.4972 -5.0002 -.25 -57.0973 -5.2001 -.25 -57.1973
4 0 -5.0502 -.25 -57.3972 -4.7002 -.25 -58.1471 -3.8504 -.25 -58.447 -3.8504 -.25 -57.4972
4 0 -4.7002 -.25 -58.8469 -4.7002 -.25 -58.1471 -5.0502 -.25 -57.3972 -5.0502 -.25 -61.0965
4 0 -4.2503 -.25 -59.6468 -4.7002 -.25 -58.8469 -5.0502 -.25 -61.0965 -4.2503 -.25 -60.1967
4 0 -3.8504 -.25 -59.7468 -3.8504 -.25 -59.1469 -4.7002 -.25 -58.8469 -4.2503 -.25 -59.6468
4 0 -2.7506 -.25 -56.7973 -3.8504 -.25 -56.4974 -3.8504 -.25 -57.4972 -2.7506 -.25 -57.7971
4 0 -2.7506 -.25 -56.7973 -1.6508 -.25 -57.0973 -1.6508 -.25 -56.0475 -2.7506 -.25 -55.6976
4 0 -1.6508 -.25 -58.0471 -2.7506 -.25 -57.7971 -2.7506 -.25 -58.647 -2.1507 -.25 -58.7969
4 0 -2.1507 -.25 -58.7969 -2.1507 -.25 -59.5468 -1.1009 -.25 -58.9969 -1.6508 -.25 -58.0471
4 0 -.851 -.25 -59.0969 -1.1009 -.25 -58.9969 -2.1507 -.25 -59.5468 -1.6008 -.25 -59.6968
4 0 -3.8504 -.25 -59.1469 -3.0006 -.25 -59.3968 -3.0006 -.25 -58.697 -3.8504 -.25 -58.447
4 0 -2.8006 -.25 -60.0967 -2.3007 -.25 -60.2467 -2.3007 -.25 -59.6468 -2.8006 -.25 -59.4968
4 0 -3.5505 -.25 -60.3966 -3.0006 -.25 -60.5466 -3.0006 -.25 -59.9967 -3.5505 -.25 -59.8467
3 15 -4.7002 -.25 -53.2481 -6.1499 -.25 -50.9985 -5.2501 -.25 -53.7979
4 15 -5.0002 -.25 -53.9479 -4.1503 -.25 -53.448 -4.7002 -.25 -53.2481 -5.2501 -.25 -53.7979
3 15 -4.1503 -.25 -53.448 -5.0002 -.25 -53.9479 -5.0002 -.25 -54.9477
4 15 -3.7004 -.25 -53.0481 -4.1503 -.25 -53.448 -5.0002 -.25 -54.9477 -3.8504 -.25 -55.3476
4 15 -2.7506 -.25 -55.6976 -2.6006 -.25 -54.0979 -2.9506 -.25 -53.9479 -3.8504 -.25 -55.3476
4 15 -2.6006 -.25 -54.0979 -2.7506 -.25 -55.6976 -1.6508 -.25 -56.0475 -1.6508 -.25 -50.5486
4 15 -2.7506 -.25 -55.6976 -3.8504 -.25 -55.3476 -3.8504 -.25 -56.4974 -2.7506 -.25 -56.7973
4 15 -2.7506 -.25 -57.7971 -1.6508 -.25 -58.0471 -1.6508 -.25 -57.0973 -2.7506 -.25 -56.7973
4 15 -5.0002 -.25 -56.3474 -5.0002 -.25 -57.0973 -3.8504 -.25 -56.4974 -4.9502 -.25 -56.1975
3 15 -3.8504 -.25 -56.4974 -5.0002 -.25 -57.0973 -3.8504 -.25 -57.4972
4 15 -3.0006 -.25 -58.697 -2.7506 -.25 -57.7971 -3.8504 -.25 -57.4972 -3.8504 -.25 -58.447
4 15 -3.8504 -.25 -58.447 -4.7002 -.25 -58.1471 -4.7002 -.25 -58.8469 -3.8504 -.25 -59.1469
4 15 -3.0006 -.25 -58.697 -3.0006 -.25 -59.3968 -2.7506 -.25 -58.647 -2.7506 -.25 -57.7971
4 15 -2.8006 -.25 -59.4968 -2.1507 -.25 -59.5468 -2.1507 -.25 -58.7969 -2.7506 -.25 -58.647
4 15 -2.3007 -.25 -59.6468 -1.6008 -.25 -59.6968 -2.1507 -.25 -59.5468 -2.8006 -.25 -59.4968
4 15 -3.0006 -.25 -59.3968 -3.0006 -.25 -59.9967 -2.8006 -.25 -59.4968 -2.7506 -.25 -58.647
4 15 -3.0006 -.25 -59.3968 -3.8504 -.25 -59.1469 -3.5505 -.25 -59.8467 -3.0006 -.25 -59.9967
4 15 -3.8504 -.25 -59.7468 -3.5505 -.25 -60.3966 -3.5505 -.25 -59.8467 -3.8504 -.25 -59.1469
4 15 -4.2503 -.25 -60.1967 -3.5505 -.25 -60.3966 -3.8504 -.25 -59.7468 -4.2503 -.25 -59.6468
4 15 -3.0006 -.25 -59.9967 -3.0006 -.25 -60.5466 -2.8006 -.25 -60.0967 -2.8006 -.25 -59.4968
4 15 -2.8006 -.25 -60.0967 -3.0006 -.25 -60.5466 -2.3007 -.25 -60.7466 -2.3007 -.25 -60.2467
4 15 -2.3007 -.25 -60.2467 -1.6008 -.25 -60.4466 -1.6008 -.25 -59.6968 -2.3007 -.25 -59.6468
4 15 -5.2501 -.25 -55.1477 -5.2501 -.25 -53.7979 -6.1499 -.25 -50.9985 -6.1499 -.25 -55.8475
4 15 -6.1499 -.25 -55.8475 -5.2501 -.25 -56.2475 -5.1501 -.25 -55.8475 -5.2501 -.25 -55.1477
3 15 -5.1501 -.25 -55.8475 -5.1501 -.25 -55.3476 -5.2501 -.25 -55.1477
4 15 -6.1499 -.25 -55.8475 -6.1499 -.25 -56.7973 -5.2501 -.25 -56.5974 -5.2501 -.25 -56.2475
4 15 -6.1499 -.25 -56.7973 -6.1499 -.25 -61.6464 -5.2001 -.25 -57.1973 -5.2501 -.25 -56.5974
4 15 -5.0502 -.25 -57.3972 -5.2001 -.25 -57.1973 -6.1499 -.25 -61.6464 -5.0502 -.25 -61.0965
3 0 -1.7508 -.25 -34.5018 -1.7508 -.25 -34.0519 -1.9508 -.25 -34.2519
4 0 -1.7508 -.25 -34.5018 -1.6508 -.25 -34.8517 -1.6508 -.25 -33.752 -1.7508 -.25 -34.0519
3 0 -2.0508 -.25 -37.1013 -2.8006 -.25 -37.5512 -2.2007 -.25 -37.8011
4 0 -2.2007 -.25 -37.8011 -1.8508 -.25 -38.1511 -1.7508 -.25 -36.8013 -2.0508 -.25 -37.1013
4 0 -1.8508 -.25 -38.1511 -1.6508 -.25 -38.651 -1.6508 -.25 -36.5014 -1.7508 -.25 -36.8013
3 0 -1.8508 -.25 -43.1501 -1.8508 -.25 -42.8001 -2.0508 -.25 -42.9001
4 0 -1.7008 -.25 -42.5502 -1.8508 -.25 -42.8001 -1.8508 -.25 -43.1501 -1.7008 -.25 -43.4
3 0 -1.8008 -.25 -44.8497 -2.0008 -.25 -45.0497 -1.8508 -.25 -45.2497
4 0 -1.8508 -.25 -45.2497 -1.7008 -.25 -45.4996 -1.6508 -.25 -44.5498 -1.8008 -.25 -44.8497
3 0 -1.8008 -.25 -49.7987 -2.0008 -.25 -49.9487 -1.8008 -.25 -50.0987
4 0 -1.8008 -.25 -49.7987 -1.8008 -.25 -50.0987 -1.051 -.25 -49.8487 -1.7008 -.25 -49.5488
4 0 -1.051 -.25 -42.9487 -1.7008 -.25 -42.5502 -1.7008 -.25 -43.4 -1.6508 -.25 -43.7
4 0 -1.051 -.25 -45.1487 -1.6508 -.25 -44.5498 -1.7008 -.25 -45.4996 -1.6508 -.25 -45.7496
4 0 -1.7008 -.25 -49.5488 -1.051 -.25 -49.8487 -1.001 -.25 -49.4488 -1.6508 -.25 -49.2489
3 0 -1.001 -.25 -50.1987 -1.7008 -.25 -50.2986 -1.6508 -.25 -50.5486
4 0 -1.8008 -.25 -50.0987 -1.7008 -.25 -50.2986 -1.001 -.25 -50.1987 -1.051 -.25 -49.8487
4 0 -1.6508 -.25 -50.5486 -1.6508 -.25 -56.0475 -1.001 -.25 -56.9973 -1.001 -.25 -50.1987
4 0 -1.6508 -.25 -57.0973 -1.1009 -.25 -57.2972 -1.001 -.25 -56.9973 -1.6508 -.25 -56.0475
4 0 -1.1009 -.25 -57.2972 -1.6508 -.25 -57.0973 -1.6508 -.25 -58.0471 -1.1009 -.25 -58.9969
4 0 -.851 -.25 -59.0969 -1.6008 -.25 -59.6968 -1.6008 -.25 -60.4466 -.851 -.25 -61.4964
4 0 -1.6008 -.25 -60.4466 -2.3007 -.25 -60.2467 -1.6008 -.25 -61.2465 -.851 -.25 -61.4964
4 0 -1.6008 -.25 -61.2465 -2.3007 -.25 -60.2467 -2.3007 -.25 -60.7466 -1.6008 -.25 -61.8463
4 0 -3.0006 -.25 -60.5466 -3.3005 -.25 -61.2465 -1.6008 -.25 -61.8463 -2.3007 -.25 -60.7466
4 0 -3.5505 -.25 -60.3966 -4.4003 -.25 -60.9965 -3.3005 -.25 -61.2465 -3.0006 -.25 -60.5466
4 0 -4.2503 -.25 -60.1967 -5.0502 -.25 -61.0965 -4.4003 -.25 -60.9965 -3.5505 -.25 -60.3966
4 0 -4.4003 -.25 -60.9965 -5.0502 -.25 -61.0965 -5.1001 -.25 -61.6464 -4.4503 -.25 -61.6464
4 0 -5.1001 -.25 -61.6464 -5.3001 -.25 -61.9963 -4.6502 -.25 -62.1963 -4.4503 -.25 -61.6464
4 0 -5.0502 -.25 -62.6462 -4.6502 -.25 -62.1963 -5.3001 -.25 -61.9963 -5.7 -.25 -62.3462
4 0 -6.1499 -.25 -62.3962 -5.6 -.25 -63.0461 -5.0502 -.25 -62.6462 -5.7 -.25 -62.3462
4 0 -7.1997 -.25 -62.1463 -6.5499 -.25 -63.0961 -6.0999 -.25 -63.1461 -6.6498 -.25 -62.3462
4 0 -5.6 -.25 -63.0461 -6.1499 -.25 -62.3962 -6.6498 -.25 -62.3462 -6.0999 -.25 -63.1461
3 0 -6.5499 -.25 -63.0961 -7.1997 -.25 -62.1463 -7.0997 -.25 -62.9961
4 0 -7.1997 -.25 -62.1463 -7.5996 -.25 -61.8963 -7.7496 -.25 -62.7462 -7.0997 -.25 -62.9961
4 0 -8.1495 -.25 -62.4462 -7.7496 -.25 -62.7462 -7.5996 -.25 -61.8963 -8.1495 -.25 -61.6964
3 0 -7.5996 -.25 -61.8963 -7.8496 -.25 -61.6464 -8.1495 -.25 -61.6964
4 0 -8.4495 -.25 -61.6464 -8.6994 -.25 -62.3462 -8.1495 -.25 -62.4462 -8.1495 -.25 -61.6964
4 0 -8.4495 -.25 -61.6464 -10.1491 -.25 -60.9465 -10.3991 -.25 -61.6464 -8.6994 -.25 -62.3462
4 0 -10.3991 -.25 -61.6464 -10.1491 -.25 -60.9465 -10.3991 -.25 -60.6966 -10.699 -.25 -61.4964
4 0 -10.699 -.25 -61.4964 -10.3991 -.25 -60.6966 -10.5491 -.25 -60.3966 -10.949 -.25 -61.1965
4 0 -10.949 -.25 -61.1965 -10.5491 -.25 -60.3966 -10.5491 -.25 -53.498 -11.0989 -.25 -60.8465
4 0 -11.0989 -.25 -53.348 -11.1989 -.25 -60.3466 -11.0989 -.25 -60.8465 -10.5491 -.25 -53.498
3 0 -11.0989 -.25 -53.348 -11.1989 -.25 -53.748 -11.1989 -.25 -60.3466
4 0 -10.5491 -.25 -53.498 -10.4491 -.25 -53.2481 -10.949 -.25 -52.9481 -11.0989 -.25 -53.348
4 0 -10.699 -.25 -52.5982 -10.949 -.25 -52.9481 -10.4491 -.25 -53.2481 -10.1491 -.25 -52.9481
4 0 -10.1491 -.25 -52.9481 -9.4493 -.25 -52.6482 -10.3991 -.25 -52.3482 -10.699 -.25 -52.5982
4 0 -9.4493 -.25 -51.8983 -10.2491 -.25 -51.5484 -10.3991 -.25 -52.3482 -9.4493 -.25 -52.6482
4 0 -10.5491 -.25 -49.4988 -10.3991 -.25 -49.1989 -10.5491 -.25 -48.8489 -11.1989 -.25 -49.5988
4 0 -7.8496 -.25 -43.2001 -9.7992 -.25 -42.4502 -9.3993 -.25 -43.0001 -7.8496 -.25 -43.5
3 0 -9.3993 -.25 -43.0001 -9.7992 -.25 -42.4502 -9.8992 -.25 -43.0501
4 0 -10.1991 -.25 -42.2503 -10.2491 -.25 -43.3 -9.8992 -.25 -43.0501 -9.7992 -.25 -42.4502
4 0 -10.5491 -.25 -50.9485 -10.5491 -.25 -49.4988 -11.1989 -.25 -49.5988 -11.1989 -.25 -51.1485
4 0 -10.5491 -.25 -50.9485 -11.1989 -.25 -51.1485 -11.049 -.25 -51.5484 -10.4491 -.25 -51.2984
4 0 -10.3991 -.25 -52.3482 -10.2491 -.25 -51.5484 -11.049 -.25 -51.5484 -10.849 -.25 -51.8983
3 0 -10.2491 -.25 -51.5484 -10.4491 -.25 -51.2984 -11.049 -.25 -51.5484
3 0 -7.0997 -.25 -49.9713 -7.0997 -.25 -48.7216 -9.1493 -.25 -47.9073
4 0 -9.7992 -.25 -47.6492 -9.7992 -.25 -48.8989 -7.0997 -.25 -49.9713 -9.1493 -.25 -47.9073
4 0 -7.0997 -.25 -38.9735 -9.1493 -.25 -36.9095 -9.7992 -.25 -36.6514 -9.7992 -.25 -37.9011
3 0 -7.0997 -.25 -38.9735 -7.0997 -.25 -37.7238 -9.1493 -.25 -36.9095
4 0 -4.4503 -.25 -22.7542 -4.5503 -.25 -23.404 -4.0504 -.25 -23.404 -4.0504 -.25 -22.7542
4 0 -1.6508 -.25 -23.9539 -2.2507 -.25 -24.3538 -1.9008 -.25 -24.6538 -1.3009 -.25 -24.3038
4 0 -1.9008 -.25 -24.6538 -1.7508 -.25 -24.9537 -1.1009 -.25 -24.7538 -1.3009 -.25 -24.3038
4 0 -1.1009 -.25 -24.7538 -1.7508 -.25 -24.9537 -1.6508 -.25 -25.5036 -1.001 -.25 -25.4036
4 0 -1.6508 -.25 -28.8529 -1.001 -.25 -29.4028 -1.001 -.25 -25.4036 -1.6508 -.25 -25.5036
3 0 -1.8008 -.25 -29.2029 -2.1007 -.25 -29.4528 -1.9008 -.25 -29.7028
4 0 -1.6508 -.25 -30.3026 -1.6508 -.25 -28.8529 -1.8008 -.25 -29.2029 -1.7008 -.25 -30.0027
3 0 -1.7008 -.25 -30.0027 -1.8008 -.25 -29.2029 -1.9008 -.25 -29.7028
3 0 -1.001 -.25 -29.4028 -1.6508 -.25 -28.8529 -1.6508 -.25 -30.3026
4 0 -4.9502 -.25 -23.554 -4.5503 -.25 -23.404 -4.4503 -.25 -22.7542 -5.2001 -.25 -22.9541
4 0 -4.9502 -.25 -23.554 -5.2001 -.25 -22.9541 -5.7 -.25 -23.2541 -5.2501 -.25 -23.9039
4 0 -6 -.25 -23.9039 -5.4501 -.25 -24.3538 -5.2501 -.25 -23.9039 -5.7 -.25 -23.2541
4 0 -5.4501 -.25 -24.3538 -6 -.25 -23.9039 -6.0999 -.25 -24.7038 -5.4501 -.25 -25.0037
4 0 -5.85 -.25 -26.1035 -5.4501 -.25 -25.0037 -6.0999 -.25 -24.7038 -6.05 -.25 -25.5036
4 0 -5.2501 -.25 -26.6034 -5.3001 -.25 -25.6036 -5.4501 -.25 -25.0037 -5.85 -.25 -26.1035
3 0 -5.0502 -.25 -25.9535 -5.3001 -.25 -25.6036 -5.2501 -.25 -26.6034
4 0 -5.0502 -.25 -25.9535 -5.2501 -.25 -26.6034 -4.7002 -.25 -26.4034 -4.7002 -.25 -26.1535
4 0 -5.85 -.25 -26.1035 -6.1999 -.25 -26.4534 -5.7 -.25 -27.0033 -5.2501 -.25 -26.6034
4 0 -5.9 -.25 -27.4032 -5.7 -.25 -27.0033 -6.1999 -.25 -26.4534 -6.5998 -.25 -26.9033
4 0 -10.3491 -.25 -25.9035 -9.3493 -.25 -26.6034 -6.05 -.25 -27.8531 -9.7992 -.25 -25.8035
3 0 -9.3493 -.25 -26.6034 -10.3491 -.25 -25.9035 -9.7992 -.25 -26.6034
4 0 -10.3491 -.25 -25.9035 -10.849 -.25 -26.4034 -10.2491 -.25 -26.8033 -9.7992 -.25 -26.6034
4 0 -11.1989 -.25 -28.208 -10.5491 -.25 -31.1525 -10.4491 -.25 -30.8025 -10.5491 -.25 -30.4526
3 0 -10.3991 -.25 -32.8021 -10.5491 -.25 -32.5022 -10.5491 -.25 -33.1021
4 0 -11.1989 -.25 -38.0511 -10.5491 -.25 -33.1021 -10.5491 -.25 -32.5022 -11.1989 -.25 -34.4018
3 0 -10.5491 -.25 -37.7012 -10.5491 -.25 -33.1021 -11.1989 -.25 -38.0511
4 0 -11.1989 -.25 -38.0511 -11.049 -.25 -38.501 -10.4491 -.25 -38.0511 -10.5491 -.25 -37.7012
4 0 -10.799 -.25 -38.8509 -10.2491 -.25 -38.401 -10.4491 -.25 -38.0511 -11.049 -.25 -38.501
4 0 -10.2491 -.25 -38.401 -10.799 -.25 -38.8509 -10.4991 -.25 -39.1009 -9.8492 -.25 -38.701
3 0 -9.3993 -.25 -39.3508 -9.8492 -.25 -38.701 -9.7992 -.25 -39.3008
4 0 -7.8496 -.25 -39.5508 -9.8492 -.25 -38.701 -9.3993 -.25 -39.3508 -7.8496 -.25 -39.9007
4 0 -10.4991 -.25 -39.1009 -10.0991 -.25 -39.4508 -9.7992 -.25 -39.3008 -9.8492 -.25 -38.701
4 0 -10.0991 -.25 -39.4508 -10.4991 -.25 -39.1009 -10.799 -.25 -39.2509 -10.3491 -.25 -39.7008
4 0 -11.1989 -.25 -39.9507 -10.3491 -.25 -39.7008 -10.799 -.25 -39.2509 -11.049 -.25 -39.5508
3 0 -10.3491 -.25 -39.7008 -11.1989 -.25 -39.9507 -10.4991 -.25 -40.1007
4 27 -1.1009 -.25 -57.2972 -1.1009 -.25 -58.9969 -.851 -.25 -59.0969 -1.001 -.25 -56.9973
4 27 -1.001 -.25 -50.1987 -1.001 -.25 -56.9973 -.851 -.25 -59.0969 .9184 -.25 -55.3248
4 27 -.851 -.25 -59.0969 -.851 -.25 -61.4964 3.379 -.25 -66.3 .9184 -.25 -55.3248
4 27 -1.6008 -.25 -61.2465 -1.6008 -.25 -61.8463 3.379 -.25 -66.3 -.851 -.25 -61.4964
3 27 3.379 -.25 -66.3 -1.6008 -.25 -61.8463 -5.504 -.25 -66.3
4 27 -5.0502 -.25 -62.6462 -5.504 -.25 -66.3 -1.6008 -.25 -61.8463 -3.3005 -.25 -61.2465
3 27 -3.3005 -.25 -61.2465 -4.6502 -.25 -62.1963 -5.0502 -.25 -62.6462
3 27 -3.3005 -.25 -61.2465 -4.4503 -.25 -61.6464 -4.6502 -.25 -62.1963
3 27 -3.3005 -.25 -61.2465 -4.4003 -.25 -60.9965 -4.4503 -.25 -61.6464
3 27 -5.0502 -.25 -62.6462 -5.6 -.25 -63.0461 -5.504 -.25 -66.3
4 27 -1.051 -.25 -49.8487 -1.001 -.25 -50.1987 .9184 -.25 -44.5014 -1.001 -.25 -49.4488
3 27 .9184 -.25 -55.3248 .9184 -.25 -44.5014 -1.001 -.25 -50.1987
4 27 .9184 -.25 -44.5014 -1.001 -.25 -42.5488 -1.051 -.25 -42.9487 -1.001 -.25 -43.2987
3 27 -1.201 -.25 -37.4488 -1.251 -.25 -37.4987 -1.201 -.25 -37.5487
4 27 -1.201 -.25 -37.4488 -1.201 -.25 -37.5487 -1.1 -.25 -37.75 -1.1 -.25 -37.25
4 27 -1.1 -.25 -37.25 -1.1 -.25 -37.75 -1.001 -.25 -38 -1.001 -.25 -37
4 0 -1.201 -.25 -37.4488 -1.1 -.25 -37.25 -1.001 -.25 -37 -1.6508 -.25 -36.5014
3 0 -1.201 -.25 -37.4488 -1.6508 -.25 -36.5014 -1.251 -.25 -37.4987
3 0 -1.251 -.25 -37.4987 -1.6508 -.25 -36.5014 -1.6508 -.25 -38.651
4 0 -1.251 -.25 -37.4987 -1.6508 -.25 -38.651 -1.1 -.25 -37.75 -1.201 -.25 -37.5487
3 0 -1.001 -.25 -38 -1.1 -.25 -37.75 -1.6508 -.25 -38.651
4 0 -1.6508 -.25 -42.2003 -1.001 -.25 -42.5488 -1.001 -.25 -38 -1.6508 -.25 -38.651
4 0 -1.051 -.25 -42.9487 -1.001 -.25 -42.5488 -1.6508 -.25 -42.2003 -1.7008 -.25 -42.5502
4 0 -1.051 -.25 -42.9487 -1.6508 -.25 -43.7 -1.001 -.25 -44.7488 -1.001 -.25 -43.2987
4 0 -1.051 -.25 -45.1487 -1.001 -.25 -44.7488 -1.6508 -.25 -43.7 -1.6508 -.25 -44.5498
4 0 -1.051 -.25 -45.1487 -1.6508 -.25 -45.7496 -1.001 -.25 -49.4488 -1.001 -.25 -45.4987
3 0 -1.001 -.25 -49.4488 -1.6508 -.25 -45.7496 -1.6508 -.25 -49.2489
4 27 -.7866 -.25 -34.341 -1.001 -.25 -37 .9184 -.25 -44.5014 -.7058 -.25 -34.3805
3 27 .9184 -.25 -44.5014 -1.001 -.25 -37 -1.001 -.25 -38
3 27 .9184 -.25 -44.5014 -1.001 -.25 -38 -1.001 -.25 -42.5488
3 27 .9184 -.25 -44.5014 -1.001 -.25 -43.2987 -1.001 -.25 -44.7488
4 27 -1.051 -.25 -45.1487 -1.001 -.25 -45.4987 .9184 -.25 -44.5014 -1.001 -.25 -44.7488
3 27 .9184 -.25 -44.5014 -1.001 -.25 -45.4987 -1.001 -.25 -49.4488
3 27 -2.4477 -.25 -23.5249 -3.0073 -.25 -20.0372 -3.6004 -.25 -22.9041
4 27 -4.2929 -.25 -21.9096 -4.0504 -.25 -22.7542 -3.6004 -.25 -22.9041 -3.9024 -.25 -21.4429
4 27 -4.8574 -.25 -22.1368 -4.4503 -.25 -22.7542 -4.0504 -.25 -22.7542 -4.2929 -.25 -21.9096
4 27 -5.51 -.25 -22.0898 -5.2001 -.25 -22.9541 -4.4503 -.25 -22.7542 -4.8574 -.25 -22.1368
4 27 -6.1513 -.25 -21.776 -5.7 -.25 -23.2541 -5.2001 -.25 -22.9541 -5.51 -.25 -22.0898
4 27 -7.6817 -.25 -24.6029 -6 -.25 -23.9039 -5.7 -.25 -23.2541 -6.1513 -.25 -21.776
4 27 -7.6817 -.25 -24.6029 -7.2122 -.25 -24.8327 -6.0999 -.25 -24.7038 -6 -.25 -23.9039
4 27 -7.2122 -.25 -24.8327 -6.8225 -.25 -25.2229 -6.05 -.25 -25.5036 -6.0999 -.25 -24.7038
4 27 -6.8225 -.25 -25.2229 -6.5719 -.25 -25.7141 -5.85 -.25 -26.1035 -6.05 -.25 -25.5036
4 27 -6.1999 -.25 -26.4534 -5.85 -.25 -26.1035 -6.5719 -.25 -25.7141 -6.4984 -.25 -26.2315
4 27 -6.4984 -.25 -26.2315 -6.6134 -.25 -26.6964 -6.5998 -.25 -26.9033 -6.1999 -.25 -26.4534
3 27 -6.5998 -.25 -26.9033 -6.6134 -.25 -26.6964 -6.7375 -.25 -26.8447
3 27 -8.9494 -.25 -25.9035 -8.9733 -.25 -25.5414 -9.7992 -.25 -25.8035
4 27 -10.3491 -.25 -25.9035 -9.7992 -.25 -25.8035 -8.9733 -.25 -25.5414 -8.8584 -.25 -25.0765
3 27 -8.8584 -.25 -25.0765 -11.4622 -.25 -25.9827 -10.3491 -.25 -25.9035
4 27 -10.849 -.25 -26.4034 -10.3491 -.25 -25.9035 -11.4622 -.25 -25.9827 -11.0725 -.25 -26.3729
3 27 -10.849 -.25 -26.4034 -11.0725 -.25 -26.3729 -10.9404 -.25 -26.6319
3 27 -10.4991 -.25 -39.1009 -10.799 -.25 -38.8509 -10.799 -.25 -39.2509
4 27 -11.049 -.25 -38.501 -11.049 -.25 -39.5508 -10.799 -.25 -39.2509 -10.799 -.25 -38.8509
4 27 -11.1989 -.25 -38.0511 -11.1989 -.25 -39.9507 -11.049 -.25 -39.5508 -11.049 -.25 -38.501
3 27 -10.4991 -.25 -42.8509 -10.799 -.25 -42.6009 -10.799 -.25 -43.0009
4 27 -11.049 -.25 -42.251 -11.049 -.25 -43.3008 -10.799 -.25 -43.0009 -10.799 -.25 -42.6009
4 27 -11.1989 -.25 -41.8011 -11.1989 -.25 -43.7007 -11.049 -.25 -43.3008 -11.049 -.25 -42.251
4 0 -11.1989 -.25 -41.8011 -10.5491 -.25 -40.5006 -10.4991 -.25 -40.1007 -11.1989 -.25 -39.9507
3 0 -10.5491 -.25 -40.5006 -11.1989 -.25 -41.8011 -10.5491 -.25 -41.5504
4 0 -11.1989 -.25 -41.8011 -11.049 -.25 -42.251 -10.4491 -.25 -41.9503 -10.5491 -.25 -41.5504
4 0 -10.4991 -.25 -42.8509 -10.4491 -.25 -41.9503 -11.049 -.25 -42.251 -10.799 -.25 -42.6009
4 0 -10.1991 -.25 -42.2503 -10.4491 -.25 -41.9503 -10.4991 -.25 -42.8509 -10.2491 -.25 -43.3
4 0 -10.4991 -.25 -42.8509 -10.799 -.25 -43.0009 -10.4491 -.25 -43.65 -10.2491 -.25 -43.3
3 0 -10.4491 -.25 -43.65 -10.799 -.25 -43.0009 -11.049 -.25 -43.3008
4 0 -11.1989 -.25 -43.7007 -10.5491 -.25 -44.0999 -10.4491 -.25 -43.65 -11.049 -.25 -43.3008
4 0 -10.5491 -.25 -48.8489 -10.5491 -.25 -44.0999 -11.1989 -.25 -43.7007 -11.1989 -.25 -49.5988
3 27 -10.699 -.25 -61.4964 -10.949 -.25 -61.1965 -12.92 -.25 -63.658
3 27 -10.3991 -.25 -61.6464 -10.699 -.25 -61.4964 -12.92 -.25 -63.658
3 27 -8.6994 -.25 -62.3462 -10.3991 -.25 -61.6464 -12.92 -.25 -63.658
4 27 -8.6994 -.25 -62.3462 -12.92 -.25 -63.658 -7.7496 -.25 -62.7462 -8.1495 -.25 -62.4462
4 27 -7.7496 -.25 -62.7462 -12.92 -.25 -63.658 -5.504 -.25 -66.3 -7.0997 -.25 -62.9961
3 27 -5.504 -.25 -66.3 -6.5499 -.25 -63.0961 -7.0997 -.25 -62.9961
3 27 -5.504 -.25 -66.3 -6.0999 -.25 -63.1461 -6.5499 -.25 -63.0961
3 27 -5.504 -.25 -66.3 -5.6 -.25 -63.0461 -6.0999 -.25 -63.1461
3 27 -10.949 -.25 -61.1965 -11.0989 -.25 -60.8465 -12.92 -.25 -63.658
3 27 -11.0989 -.25 -60.8465 -11.1989 -.25 -60.3466 -12.92 -.25 -63.658
3 27 -10.3991 -.25 -52.3482 -10.849 -.25 -51.8983 -10.699 -.25 -52.5982
4 27 -10.949 -.25 -52.9481 -10.699 -.25 -52.5982 -10.849 -.25 -51.8983 -11.049 -.25 -51.5484
4 27 -11.0989 -.25 -53.348 -10.949 -.25 -52.9481 -11.049 -.25 -51.5484 -11.1989 -.25 -51.1485
3 27 -11.0989 -.25 -53.348 -11.1989 -.25 -51.1485 -11.1989 -.25 -53.748
3 27 -11.1989 -.25 -53.748 -12.92 -.25 -63.658 -11.1989 -.25 -60.3466
3 27 -11.1989 -.25 -53.748 -11.1989 -.25 -51.1485 -12.92 -.25 -63.658
4 27 -12.9083 -.25 -37.7244 -12.92 -.25 -63.658 -11.1989 -.25 -51.1485 -11.1989 -.25 -49.5988
4 27 -12.6667 -.25 -37.763 -12.8576 -.25 -37.7492 -11.1989 -.25 -41.8011 -11.1989 -.25 -39.9507
3 27 -11.1989 -.25 -43.7007 -11.1989 -.25 -41.8011 -12.8576 -.25 -37.7492
4 27 -12.9083 -.25 -37.7244 -11.1989 -.25 -49.5988 -11.1989 -.25 -43.7007 -12.8576 -.25 -37.7492
3 27 -11.1989 -.25 -38.0511 -12.3415 -.25 -37.3743 -12.3874 -.25 -37.56
3 27 -11.1989 -.25 -38.0511 -12.3874 -.25 -37.56 -12.5016 -.25 -37.6965
4 27 -12.6667 -.25 -37.763 -11.1989 -.25 -39.9507 -11.1989 -.25 -38.0511 -12.5016 -.25 -37.6965
4 27 -11.1989 -.25 -34.4018 -12.3708 -.25 -37.1676 -12.3415 -.25 -37.3743 -11.1989 -.25 -38.0511
4 27 -12.471 -.25 -36.9713 -12.3708 -.25 -37.1676 -11.1989 -.25 -34.4018 -12.0401 -.25 -28.32
3 27 -11.1989 -.25 -34.4018 -11.5624 -.25 -28.3543 -12.0401 -.25 -28.32
3 27 -11.1989 -.25 -28.208 -11.5624 -.25 -28.3543 -11.1989 -.25 -34.4018
4 0 -12.8576 -.25 -37.7492 -12.8142 -.25 -36.7237 -12.9078 -.25 -36.7169 -12.9083 -.25 -37.7244
4 0 -12.8576 -.25 -37.7492 -12.6667 -.25 -37.763 -12.6267 -.25 -36.8154 -12.8142 -.25 -36.7237
4 0 -12.5016 -.25 -37.6965 -12.471 -.25 -36.9713 -12.6267 -.25 -36.8154 -12.6667 -.25 -37.763
4 0 -12.5016 -.25 -37.6965 -12.3874 -.25 -37.56 -12.3708 -.25 -37.1676 -12.471 -.25 -36.9713
3 0 -12.3415 -.25 -37.3743 -12.3708 -.25 -37.1676 -12.3874 -.25 -37.56
4 0 -12.9029 -.25 -25.981 -12.9037 -.25 -27.6913 -12.5095 -.25 -28.0902 -12.8225 -.25 -25.8849
4 0 -12.8225 -.25 -25.8849 -12.5095 -.25 -28.0902 -11.9317 -.25 -25.7529 -12.4093 -.25 -25.7186
4 0 -12.5095 -.25 -28.0902 -12.0401 -.25 -28.32 -11.5624 -.25 -28.3543 -11.9317 -.25 -25.7529
4 0 -11.9317 -.25 -25.7529 -11.5624 -.25 -28.3543 -11.0725 -.25 -26.3729 -11.4622 -.25 -25.9827
4 0 -11.5624 -.25 -28.3543 -11.1989 -.25 -28.208 -10.9404 -.25 -26.6319 -11.0725 -.25 -26.3729
4 0 -10.4991 -.25 -27.3032 -10.2491 -.25 -26.8033 -10.849 -.25 -26.4034 -10.9404 -.25 -26.6319
4 0 -10.5491 -.25 -27.8031 -10.4991 -.25 -27.3032 -10.9404 -.25 -26.6319 -11.1989 -.25 -28.208
3 0 -10.5491 -.25 -27.8031 -11.1989 -.25 -28.208 -10.5491 -.25 -28.703
4 0 -10.3991 -.25 -29.0529 -10.5491 -.25 -28.703 -11.1989 -.25 -28.208 -10.5491 -.25 -29.4028
3 0 -10.5491 -.25 -30.4526 -10.5491 -.25 -29.4028 -11.1989 -.25 -28.208
4 0 -10.5491 -.25 -32.5022 -10.5491 -.25 -31.1525 -11.1989 -.25 -28.208 -11.1989 -.25 -34.4018
4 0 -8.8584 -.25 -25.0765 -7.6817 -.25 -24.6029 -8.1593 -.25 -24.5686 -8.5725 -.25 -24.7349
3 0 -7.2122 -.25 -24.8327 -7.6817 -.25 -24.6029 -8.8584 -.25 -25.0765
4 0 -8.9733 -.25 -25.5414 -6.8225 -.25 -25.2229 -7.2122 -.25 -24.8327 -8.8584 -.25 -25.0765
4 0 -8.9733 -.25 -25.5414 -8.9494 -.25 -25.9035 -6.5719 -.25 -25.7141 -6.8225 -.25 -25.2229
4 0 -6.6134 -.25 -26.6964 -6.4984 -.25 -26.2315 -6.5719 -.25 -25.7141 -8.9494 -.25 -25.9035
3 0 -6.6134 -.25 -26.6964 -8.9494 -.25 -25.9035 -6.7375 -.25 -26.8447
3 15 -2.4477 -.25 -23.5249 -2.7836 -.25 -20.293 -3.0073 -.25 -20.0372
3 15 -2.2513 -.25 -20.826 -2.7836 -.25 -20.293 -2.4477 -.25 -23.5249
4 15 -2.2513 -.25 -20.826 -2.4477 -.25 -23.5249 -.8894 -.25 -22.7681 -1.61 -.25 -21.1398
4 15 -.8894 -.25 -22.7681 -2.4477 -.25 -23.5249 -1.6508 -.25 -23.9539 -1.0126 -.25 -23.2665
4 15 -1.3009 -.25 -24.3038 -.9339 -.25 -23.8213 -1.0126 -.25 -23.2665 -1.6508 -.25 -23.9539
4 15 -1.1009 -.25 -24.7538 -.6651 -.25 -24.3479 -.9339 -.25 -23.8213 -1.3009 -.25 -24.3038
4 15 -1.001 -.25 -25.4036 -.2473 -.25 -24.7662 -.6651 -.25 -24.3479 -1.1009 -.25 -24.7538
3 15 .256 -.25 -25.0125 -.2473 -.25 -24.7662 -1.001 -.25 -25.4036
4 15 -1.001 -.25 -29.4028 .9808 -.25 -27.9762 1.0675 -.25 -27.6256 -1.001 -.25 -25.4036
3 15 1.0362 -.25 -28.3665 .9808 -.25 -27.9762 -1.001 -.25 -29.4028
3 15 1.2253 -.25 -28.7369 1.0362 -.25 -28.3665 -1.001 -.25 -29.4028
4 15 -.5099 -.25 -33.2219 1.5192 -.25 -29.0312 1.2253 -.25 -28.7369 -1.001 -.25 -29.4028
4 15 -.5099 -.25 -33.2219 -.2852 -.25 -33.3319 1.8732 -.25 -29.2045 1.5192 -.25 -29.0312
3 27 -.8849 -.25 -33.2643 -1.001 -.25 -32.5411 -.9365 -.25 -33.2851
3 27 -.9365 -.25 -33.2851 -1.001 -.25 -32.5411 -1.001 -.25 -33.3621
4 15 -.7386 -.25 -33.2055 -.5099 -.25 -33.2219 -1.001 -.25 -29.4028 -1.001 -.25 -32.5411
3 15 -.7386 -.25 -33.2055 -1.001 -.25 -32.5411 -.8849 -.25 -33.2643
4 0 -9.7195 -.25 45.729 -9.6541 -.25 45.5685 -9.2746 -.25 44.6819 -9.2991 -.25 46.0864
4 15 -15.8847 -.25 49.6844 -15.5085 -.25 51.1294 -15.4853 -.25 51.2578 -16.5804 -.25 51.3939
4 0 -8.4587 -.25 42.5814 -8.2281 -.25 43.4382 -8.8758 -.25 42.916 -8.6042 -.25 42.6866
4 0 4.8644 -.25 -21.5292 4.3711 -.25 -21.2877 4.2382 -.25 -21.2782 4.3141 -.25 -22.6364
4 0 3.4349 -.25 -21.4264 4.3141 -.25 -22.6364 4.2382 -.25 -21.2782 3.8692 -.25 -21.2516
4 0 5.0786 -.25 -27.0535 5.1282 -.25 -27.4028 5.2707 -.25 -27.6821 5.9141 -.25 -27.2864
4 0 5.5605 -.25 -27.9979 5.9141 -.25 -27.2864 5.2707 -.25 -27.6821 5.2974 -.25 -27.7345
4 0 5.3492 -.25 -26.5089 5.1562 -.25 -26.7396 5.1335 -.25 -26.8313 5.9141 -.25 -27.2864
3 0 5.9141 -.25 -27.2864 5.1335 -.25 -26.8313 5.0786 -.25 -27.0535
4 0 -.3331 -.25 -34.4674 -.5359 -.25 -33.8364 -.7058 -.25 -34.3805 -.5619 -.25 -34.451
3 0 -.5359 -.25 -33.8364 -.7866 -.25 -34.341 -.7058 -.25 -34.3805
3 0 -.5359 -.25 -33.8364 -.7386 -.25 -33.2055 -.8849 -.25 -33.2643
4 0 -1.001 -.25 -33.3621 -.5359 -.25 -33.8364 -.8849 -.25 -33.2643 -.9365 -.25 -33.2851
4 0 -.7866 -.25 -34.341 -.5359 -.25 -33.8364 -1.001 -.25 -34.0998 -.9732 -.25 -34.1542
4 0 -1.6508 -.25 -30.3026 -1.6508 -.25 -33.752 -1.001 -.25 -32.5411 -1.001 -.25 -29.4028
3 0 -1.001 -.25 -32.5411 -1.6508 -.25 -33.752 -1.001 -.25 -33.3621
4 0 -.5359 -.25 -33.8364 -1.001 -.25 -33.3621 -1.6508 -.25 -33.752 -1.001 -.25 -34.0998
3 0 -1.001 -.25 -34.0998 -1.6508 -.25 -33.752 -1.6508 -.25 -34.8517
4 0 -1.6508 -.25 -36.5014 -1.001 -.25 -37 -1.001 -.25 -34.0998 -1.6508 -.25 -34.8517
3 27 -.9732 -.25 -34.1542 -1.001 -.25 -34.0998 -1.001 -.25 -37
3 27 -.7866 -.25 -34.341 -.9732 -.25 -34.1542 -1.001 -.25 -37
3 15 11.9705 -.25 -39.9085 11.1268 -.25 -30.8679 11.0205 -.25 -30.6596
4 15 10.9893 -.25 -30.4401 9.8543 -.25 -26.7928 11.9705 -.25 -39.9085 11.0205 -.25 -30.6596
4 0 9.3408 -.25 -55.3248 9.3408 -.25 -52.9253 8.839 -.25 -50.3789 8.839 -.25 -54.8231
4 0 9.3408 -.25 -52.9253 9.3408 -.25 -39.0535 8.839 -.25 -39.5553 8.839 -.25 -50.3789
4 0 9.3408 -.25 -39.0535 7.1042 -.25 -39.0535 4.3949 -.25 -39.5553 8.839 -.25 -39.5553
4 0 4.3949 -.25 -43.9636 4.144 -.25 -44.0353 3.3434 -.25 -44.277 4.144 -.25 -44.9671
4 0 5.1933 -.25 -23.8465 4.3141 -.25 -22.6364 4.6795 -.25 -24.0155 4.7591 -.25 -24.0212
4 0 3.7639 -.25 -23.7437 4.2571 -.25 -23.9852 4.6795 -.25 -24.0155 4.3141 -.25 -22.6364
4 15 -10.1475 -.25 44.8674 -9.9222 -.25 45.3731 -9.9309 -.25 45.8747 -10.7911 -.25 45.3245
4 15 -11.6945 -.25 45.3421 -11.1255 -.25 45.3186 -10.7911 -.25 45.3245 -9.9309 -.25 45.8747
4 15 -7.4116 -.25 41.4363 -7.0749 -.25 41.3084 -6.8731 -.25 41.245 -7.1165 -.25 41.776
4 0 -9.7992 -.25 -25.8035 -6.05 -.25 -27.8531 -6.7375 -.25 -26.8447 -8.9494 -.25 -25.9035
4 0 -6.7375 -.25 -26.8447 -6.05 -.25 -27.8531 -5.9 -.25 -27.4032 -6.5998 -.25 -26.9033
4 0 -11.3847 -.25 53.7244 -12.5475 -.25 53.9655 -12.8802 -.25 51.9446 -12.781 -.25 52.0132
4 0 -13.1137 -.25 51.9071 -13.0128 -.25 51.8754 -12.8802 -.25 51.9446 -12.5475 -.25 53.9655
4 0 -4.0504 -.25 -23.404 -2.2507 -.25 -24.3538 -1.6508 -.25 -23.9539 -2.4477 -.25 -23.5249
4 0 -4.0504 -.25 -22.7542 -4.0504 -.25 -23.404 -2.4477 -.25 -23.5249 -3.6004 -.25 -22.9041
4 0 1.4202 -.25 -39.5553 .9184 -.25 -39.0535 .9184 -.25 -44.5014 1.4202 -.25 -43.9636
