0 Sticker with Sponsorship Logos, Black, Lime, Red and White Stripes for Panel Smooth Medium #4
0 Name: 6171761b.dat
0 Author: Evert-Jan Boer [ejboer]
0 !LDRAW_ORG Unofficial_Part
0 !LICENSE Licensed under CC BY 4.0 : see CAreadme.txt

0 BFC CERTIFY CCW

0 !KEYWORDS RC Tracked Racer, Set 42065

1 16 0 0 0 -1 0 0 0 1 0 0 0 1 s\13710as01.dat

4 4 -15.527 -.25 61.145 -16.364 -.25 60.759 -14.004 -.25 60.7 -14.695 -.25 61.093
4 4 -20.983 -.25 57.032 -21.912 -.25 54.998 -14.004 -.25 60.7 -16.364 -.25 60.759
3 4 -20.983 -.25 57.032 -21.561 -.25 56.284 -21.912 -.25 54.998
3 27 33.048 -.25 -21.458 31.689 -.25 -23.918 32.83 -.25 -22.928
4 27 33.048 -.25 -21.458 30.78 -.25 -10 30.78 -.25 -24.1 31.689 -.25 -23.918
4 15 -10.504 -.25 -66.3 -12.802 -.25 -64.539 -12.448 -.25 -65.249 -11.917 -.25 -65.795
3 15 -5.504 -.25 -66.3 -12.802 -.25 -64.539 -10.504 -.25 -66.3
4 15 -21.935 -.25 -12.382 -21.79 -.25 -13.866 -20.928 -.25 -15.089 -19.507 -.25 -15.595
3 15 -14.004 -.25 -15.6 -21.935 -.25 -12.382 -19.507 -.25 -15.595
4 15 17.5072 -.25 -14.1098 17.1591 -.25 -13.1724 15.0995 -.25 -13.0837 15.206 -.25 -13.4282
4 15 19.9615 -.25 -12.2295 18.3316 -.25 -11.7466 17.7798 -.25 -12.4176 18.6428 -.25 -12.6732
4 15 22.4999 -.25 -12.0427 21.4452 -.25 -11.7303 19.9615 -.25 -12.2295 21.8892 -.25 -12.6962
3 15 21.8892 -.25 -12.6962 19.9615 -.25 -12.2295 18.6428 -.25 -12.6732
4 15 17.5072 -.25 -14.1098 21.8892 -.25 -12.6962 18.6428 -.25 -12.6732 17.1591 -.25 -13.1724
3 15 17.7798 -.25 -12.4176 15.0995 -.25 -13.0837 17.1591 -.25 -13.1724
3 15 18.3316 -.25 -11.7466 15.0995 -.25 -13.0837 17.7798 -.25 -12.4176
4 15 17.3223 -.25 -10.509 15.0995 -.25 -13.0837 18.3316 -.25 -11.7466 18.9523 -.25 -10.9918
4 15 14.3074 -.25 -11.1804 16.4984 -.25 -10.4736 16.3634 -.25 -10.225 15.0709 -.25 -10.3636
3 15 16.4984 -.25 -10.4736 14.3074 -.25 -11.1804 14.8757 -.25 -12.0788
4 15 14.8757 -.25 -12.0788 14.3074 -.25 -11.1804 11.9104 -.25 -10.4704 11.328 -.25 -11.0279
4 15 15.0709 -.25 -10.3636 16.3634 -.25 -10.225 13.1035 -.25 -9.2594 12.6738 -.25 -9.6536
4 15 12.2405 -.25 -9.0037 10.9479 -.25 -9.1423 10.1845 -.25 -9.9591 12.3755 -.25 -9.2523
3 15 12.3755 -.25 -9.2523 10.1845 -.25 -9.9591 10.7527 -.25 -10.8575
4 15 10.7527 -.25 -10.8575 10.1845 -.25 -9.9591 7.7875 -.25 -9.2491 7.2051 -.25 -9.8067
4 15 8.9805 -.25 -8.0381 8.5509 -.25 -8.4323 10.9479 -.25 -9.1423 12.2405 -.25 -9.0037
4 15 6.5001 -.25 -8.1377 8.1567 -.25 -8.0026 8.0217 -.25 -7.7541 6.7291 -.25 -7.8927
4 15 6.5339 -.25 -9.6079 5.9657 -.25 -8.7095 3.5686 -.25 -7.9994 2.9863 -.25 -8.557
4 15 4.7617 -.25 -6.7884 4.3321 -.25 -7.1826 6.7291 -.25 -7.8927 8.0217 -.25 -7.7541
4 15 4.8044 -.25 -8.0526 6.1947 -.25 -8.4644 6.5001 -.25 -8.1377 5.1098 -.25 -7.7259
4 15 6.5339 -.25 -9.6079 8.1567 -.25 -8.0026 6.5001 -.25 -8.1377 6.1947 -.25 -8.4644
3 15 6.5339 -.25 -9.6079 6.1947 -.25 -8.4644 5.9657 -.25 -8.7095
4 15 -1.8078 -.25 -7.1369 -2.376 -.25 -6.2385 -4.7731 -.25 -5.5285 -5.3554 -.25 -6.0861
4 15 -3.58 -.25 -4.3175 -4.0097 -.25 -4.7117 -1.6126 -.25 -5.4217 -.32 -.25 -5.2831
4 15 -1.8416 -.25 -5.6668 -3.2319 -.25 -5.255 -3.5373 -.25 -5.5817 -2.147 -.25 -5.9935
4 15 -.32 -.25 -5.2831 -1.6126 -.25 -5.4217 -1.8416 -.25 -5.6668 -.1851 -.25 -5.5317
4 15 -1.8078 -.25 -7.1369 -.1851 -.25 -5.5317 -1.8416 -.25 -5.6668 -2.147 -.25 -5.9935
3 15 -1.8078 -.25 -7.1369 -2.147 -.25 -5.9935 -2.376 -.25 -6.2385
4 15 1.2604 -.25 -8.0458 4.0338 -.25 -6.7814 3.8988 -.25 -6.5328 2.6062 -.25 -6.6714
3 15 4.0338 -.25 -6.7814 1.2604 -.25 -8.0458 2.411 -.25 -8.3866
4 15 2.6062 -.25 -6.6714 3.8988 -.25 -6.5328 .6388 -.25 -5.5672 .2091 -.25 -5.9614
4 15 23.0464 -.25 -6.6769 22.4641 -.25 -8.6425 22.4501 -.25 -11.5065 23.8134 -.25 -6.9042
3 15 22.4641 -.25 -8.6425 22.2795 -.25 -9.2658 22.4501 -.25 -11.5065
3 15 22.4501 -.25 -11.5065 22.2795 -.25 -9.2658 21.8819 -.25 -10.6081
4 15 21.8819 -.25 -10.6081 17.6631 -.25 -9.3584 17.3684 -.25 -10.0012 22.4501 -.25 -11.5065
4 15 17.3684 -.25 -10.0012 17.6631 -.25 -9.3584 17.4038 -.25 -9.1774 16.9174 -.25 -9.7633
4 15 17.2635 -.25 -8.7708 16.6191 -.25 -9.3621 16.9174 -.25 -9.7633 17.4038 -.25 -9.1774
4 15 16.6191 -.25 -9.3621 17.2635 -.25 -8.7708 16.5444 -.25 -8.5577 16.5125 -.25 -9.0176
4 15 17.4694 -.25 -7.3716 17.1658 -.25 -7.5163 17.4055 -.25 -8.2914 17.7447 -.25 -8.0268
4 15 17.1658 -.25 -7.5163 16.8888 -.25 -7.7472 16.6651 -.25 -8.1503 17.4055 -.25 -8.2914
4 15 17.4055 -.25 -8.2914 16.6651 -.25 -8.1503 16.5444 -.25 -8.5577 17.2635 -.25 -8.7708
4 15 18.5916 -.25 -7.4954 18.3002 -.25 -5.2711 17.4373 -.25 -5.0155 17.8086 -.25 -7.3335
4 15 22.2795 -.25 -9.2658 22.4641 -.25 -8.6425 18.5916 -.25 -7.4954 18.0607 -.25 -8.0161
3 15 18.5916 -.25 -7.4954 17.8086 -.25 -7.3335 18.0607 -.25 -8.0161
4 15 17.7447 -.25 -8.0268 18.0607 -.25 -8.0161 17.8086 -.25 -7.3335 17.4694 -.25 -7.3716
4 15 15.9511 -.25 -4.5752 15.3689 -.25 -6.5408 15.3779 -.25 -9.1509 16.6702 -.25 -4.7882
4 15 15.3779 -.25 -9.1509 15.3689 -.25 -6.5408 15.1842 -.25 -7.164 15.1152 -.25 -9.3338
3 15 15.1842 -.25 -7.164 14.7724 -.25 -8.5543 15.1152 -.25 -9.3338
4 15 12.1637 -.25 -3.4534 11.4446 -.25 -3.2404 10.1524 -.25 -7.603 11.5815 -.25 -5.419
4 15 10.1524 -.25 -7.603 10.2731 -.25 -7.8995 11.3969 -.25 -6.0422 11.5815 -.25 -5.419
3 15 11.3969 -.25 -6.0422 10.2731 -.25 -7.8995 10.9851 -.25 -7.4325
4 15 14.7724 -.25 -8.5543 10.9851 -.25 -7.4325 10.2731 -.25 -7.8995 15.1152 -.25 -9.3338
4 15 15.1842 -.25 -7.164 15.3689 -.25 -6.5408 11.5815 -.25 -5.419 11.3969 -.25 -6.0422
4 15 7.8491 -.25 -2.1753 7.1299 -.25 -1.9623 5.9513 -.25 -5.9414 6.6704 -.25 -6.1544
3 15 9.3072 -.25 -6.9354 6.6704 -.25 -6.1544 9.1225 -.25 -7.5587
4 15 6.6704 -.25 -6.1544 5.9513 -.25 -5.9414 3.1299 -.25 -5.7836 9.1225 -.25 -7.5587
3 15 5.9513 -.25 -5.9414 3.3145 -.25 -5.1603 3.1299 -.25 -5.7836
4 15 2.2881 -.25 -3.344 2.4727 -.25 -2.7208 -1.3146 -.25 -1.5989 -1.4992 -.25 -2.2222
3 15 2.4108 -.25 -5.5706 2.2881 -.25 -3.344 1.8763 -.25 -4.7343
4 15 3.7741 -.25 -.9682 2.4727 -.25 -2.7208 2.2881 -.25 -3.344 2.4108 -.25 -5.5706
4 15 1.8763 -.25 -4.7343 -3.2534 -.25 -3.2148 -3.438 -.25 -3.8381 2.4108 -.25 -5.5706
3 15 3.7741 -.25 -.9682 2.8704 -.25 -1.3785 2.4727 -.25 -2.7208
4 0 23.503 -.25 -11.2969 22.4501 -.25 -11.5065 21.4452 -.25 -11.7303 22.4999 -.25 -12.0427
4 0 17.3684 -.25 -10.0012 18.9523 -.25 -10.9918 21.4452 -.25 -11.7303 22.4501 -.25 -11.5065
4 0 21.4452 -.25 -11.7303 18.9523 -.25 -10.9918 18.3316 -.25 -11.7466 19.9615 -.25 -12.2295
3 0 18.6428 -.25 -12.6732 17.7798 -.25 -12.4176 17.1591 -.25 -13.1724
4 0 18.9523 -.25 -10.9918 17.3684 -.25 -10.0012 16.9174 -.25 -9.7633 17.3223 -.25 -10.509
4 0 16.9174 -.25 -9.7633 16.3634 -.25 -10.225 16.4984 -.25 -10.4736 17.3223 -.25 -10.509
4 0 17.3223 -.25 -10.509 16.4984 -.25 -10.4736 14.8757 -.25 -12.0788 15.0995 -.25 -13.0837
4 0 23.503 -.25 -11.2969 22.4999 -.25 -12.0427 22.5337 -.25 -13.5129 24.366 -.25 -11.5525
3 0 22.5337 -.25 -13.5129 22.4999 -.25 -12.0427 21.8892 -.25 -12.6962
4 0 17.6279 -.25 -15.0305 22.5337 -.25 -13.5129 21.8892 -.25 -12.6962 17.5072 -.25 -14.1098
4 0 14.0391 -.25 -14.0212 15.206 -.25 -13.4282 15.0995 -.25 -13.0837 13.0807 -.25 -13.7373
3 0 10.7527 -.25 -10.8575 7.2051 -.25 -9.8067 6.8536 -.25 -10.6412
4 0 15.3779 -.25 -9.1509 16.3634 -.25 -10.225 16.9174 -.25 -9.7633 16.6191 -.25 -9.3621
3 0 16.3634 -.25 -10.225 15.3779 -.25 -9.1509 15.1152 -.25 -9.3338
3 0 16.3634 -.25 -10.225 15.1152 -.25 -9.3338 13.1035 -.25 -9.2594
4 0 12.2405 -.25 -9.0037 12.3755 -.25 -9.2523 12.6738 -.25 -9.6536 13.1035 -.25 -9.2594
4 0 12.6738 -.25 -9.6536 12.3755 -.25 -9.2523 10.7527 -.25 -10.8575 11.9104 -.25 -10.4704
3 0 11.9104 -.25 -10.4704 10.7527 -.25 -10.8575 11.328 -.25 -11.0279
4 0 15.0709 -.25 -10.3636 12.6738 -.25 -9.6536 11.9104 -.25 -10.4704 14.3074 -.25 -11.1804
4 0 10.9479 -.25 -9.1423 8.5509 -.25 -8.4323 7.7875 -.25 -9.2491 10.1845 -.25 -9.9591
4 0 8.5509 -.25 -8.4323 8.1567 -.25 -8.0026 6.5339 -.25 -9.6079 7.7875 -.25 -9.2491
3 0 7.7875 -.25 -9.2491 6.5339 -.25 -9.6079 7.2051 -.25 -9.8067
4 0 8.5509 -.25 -8.4323 8.9805 -.25 -8.0381 8.0217 -.25 -7.7541 8.1567 -.25 -8.0026
4 0 6.5001 -.25 -8.1377 6.7291 -.25 -7.8927 4.3321 -.25 -7.1826 5.1098 -.25 -7.7259
4 0 5.1098 -.25 -7.7259 4.3321 -.25 -7.1826 3.5686 -.25 -7.9994 4.8044 -.25 -8.0526
4 0 6.1947 -.25 -8.4644 4.8044 -.25 -8.0526 3.5686 -.25 -7.9994 5.9657 -.25 -8.7095
4 0 4.3321 -.25 -7.1826 4.7617 -.25 -6.7884 3.8988 -.25 -6.5328 4.0338 -.25 -6.7814
4 0 4.3321 -.25 -7.1826 4.0338 -.25 -6.7814 2.411 -.25 -8.3866 3.5686 -.25 -7.9994
3 0 3.5686 -.25 -7.9994 2.411 -.25 -8.3866 2.9863 -.25 -8.557
3 0 2.6062 -.25 -6.6714 .2091 -.25 -5.9614 1.2604 -.25 -8.0458
4 0 -2.4046 -.25 -7.8988 1.2604 -.25 -8.0458 .2091 -.25 -5.9614 -1.8078 -.25 -7.1369
4 0 .6388 -.25 -5.5672 -.1851 -.25 -5.5317 -1.8078 -.25 -7.1369 .2091 -.25 -5.9614
4 0 -1.8416 -.25 -5.6668 -1.6126 -.25 -5.4217 -4.0097 -.25 -4.7117 -3.2319 -.25 -5.255
4 0 -3.2319 -.25 -5.255 -4.0097 -.25 -4.7117 -4.7731 -.25 -5.5285 -3.5373 -.25 -5.5817
4 0 -2.147 -.25 -5.9935 -3.5373 -.25 -5.5817 -4.7731 -.25 -5.5285 -2.376 -.25 -6.2385
4 0 -3.438 -.25 -3.8381 -4.3009 -.25 -3.5825 -4.0097 -.25 -4.7117 -3.58 -.25 -4.3175
3 0 -3.2534 -.25 -3.2148 -4.3009 -.25 -3.5825 -3.438 -.25 -3.8381
4 0 -3.7382 -.25 -1.6827 -4.3009 -.25 -3.5825 -2.2593 -.25 .141 -2.0747 -.25 .7643
4 0 2.4727 -.25 -2.7208 2.8704 -.25 -1.3785 -2.2593 -.25 .141 -1.3146 -.25 -1.5989
3 0 -1.3146 -.25 -1.5989 -2.2593 -.25 .141 -1.4992 -.25 -2.2222
4 0 -4.3009 -.25 -3.5825 -3.2534 -.25 -3.2148 -1.4992 -.25 -2.2222 -2.2593 -.25 .141
4 0 2.2881 -.25 -3.344 -1.4992 -.25 -2.2222 -3.2534 -.25 -3.2148 1.8763 -.25 -4.7343
4 0 22.4501 -.25 -11.5065 23.503 -.25 -11.2969 24.9657 -.25 -6.359 23.8134 -.25 -6.9042
4 0 23.8134 -.25 -6.9042 24.9657 -.25 -6.359 22.3289 -.25 -5.5779 23.0464 -.25 -6.6769
4 0 22.3289 -.25 -5.5779 21.7893 -.25 -7.3997 22.4641 -.25 -8.6425 23.0464 -.25 -6.6769
4 0 22.4641 -.25 -8.6425 21.7893 -.25 -7.3997 19.584 -.25 -6.7465 18.5916 -.25 -7.4954
4 0 18.5916 -.25 -7.4954 19.584 -.25 -6.7465 19.1648 -.25 -4.6407 18.3002 -.25 -5.2711
3 0 19.1648 -.25 -4.6407 17.4373 -.25 -5.0155 18.3002 -.25 -5.2711
3 0 19.1648 -.25 -4.6407 16.6702 -.25 -4.7882 17.4373 -.25 -5.0155
4 0 15.7789 -.25 -3.6377 15.9511 -.25 -4.5752 16.6702 -.25 -4.7882 19.1648 -.25 -4.6407
4 0 21.8819 -.25 -10.6081 22.2795 -.25 -9.2658 18.0607 -.25 -8.0161 17.6631 -.25 -9.3584
4 0 18.0607 -.25 -8.0161 17.7447 -.25 -8.0268 17.4038 -.25 -9.1774 17.6631 -.25 -9.3584
4 0 17.4038 -.25 -9.1774 17.7447 -.25 -8.0268 17.4055 -.25 -8.2914 17.2635 -.25 -8.7708
3 0 16.6191 -.25 -9.3621 16.5125 -.25 -9.0176 15.3779 -.25 -9.1509
3 0 16.5444 -.25 -8.5577 15.3779 -.25 -9.1509 16.5125 -.25 -9.0176
4 0 17.8086 -.25 -7.3335 17.4373 -.25 -5.0155 16.6702 -.25 -4.7882 17.4694 -.25 -7.3716
3 0 17.4694 -.25 -7.3716 16.6702 -.25 -4.7882 17.1658 -.25 -7.5163
3 0 17.1658 -.25 -7.5163 16.6702 -.25 -4.7882 16.8888 -.25 -7.7472
4 0 16.8888 -.25 -7.7472 16.6702 -.25 -4.7882 15.3779 -.25 -9.1509 16.6651 -.25 -8.1503
3 0 16.6651 -.25 -8.1503 15.3779 -.25 -9.1509 16.5444 -.25 -8.5577
4 0 11.3969 -.25 -6.0422 10.9851 -.25 -7.4325 14.7724 -.25 -8.5543 15.1842 -.25 -7.164
3 0 15.9511 -.25 -4.5752 11.5815 -.25 -5.419 15.3689 -.25 -6.5408
4 0 12.2405 -.25 -9.0037 10.2731 -.25 -7.8995 9.1225 -.25 -7.5587 8.9805 -.25 -8.0381
4 0 10.2731 -.25 -7.8995 10.1524 -.25 -7.603 9.3072 -.25 -6.9354 9.1225 -.25 -7.5587
4 0 13.1035 -.25 -9.2594 15.1152 -.25 -9.3338 10.2731 -.25 -7.8995 12.2405 -.25 -9.0037
3 0 9.1225 -.25 -7.5587 8.0217 -.25 -7.7541 8.9805 -.25 -8.0381
4 0 8.0217 -.25 -7.7541 9.1225 -.25 -7.5587 3.1299 -.25 -5.7836 4.7617 -.25 -6.7884
4 0 4.7617 -.25 -6.7884 3.1299 -.25 -5.7836 2.4108 -.25 -5.5706 3.8988 -.25 -6.5328
3 0 3.8988 -.25 -6.5328 2.4108 -.25 -5.5706 .6388 -.25 -5.5672
4 0 -.1851 -.25 -5.5317 .6388 -.25 -5.5672 2.4108 -.25 -5.5706 -.32 -.25 -5.2831
4 0 -3.58 -.25 -4.3175 -.32 -.25 -5.2831 2.4108 -.25 -5.5706 -3.438 -.25 -3.8381
4 0 10.7272 -.25 -2.1413 9.577 -.25 -6.0246 10.1524 -.25 -7.603 11.4446 -.25 -3.2404
4 0 10.1524 -.25 -7.603 9.577 -.25 -6.0246 7.8511 -.25 -5.5133 9.3072 -.25 -6.9354
3 0 9.3072 -.25 -6.9354 7.8511 -.25 -5.5133 6.6704 -.25 -6.1544
4 0 9.0014 -.25 -1.6301 7.8491 -.25 -2.1753 6.6704 -.25 -6.1544 7.8511 -.25 -5.5133
4 0 7.8491 -.25 -2.1753 9.0014 -.25 -1.6301 6.4605 -.25 -.8775 7.1299 -.25 -1.9623
4 15 3.7741 -.25 -.9682 -2.0747 -.25 .7643 -2.2593 -.25 .141 2.8704 -.25 -1.3785
4 15 7.5849 -.25 10.472 7.9985 -.25 7.6611 9.5547 -.25 11.9367 8.2861 -.25 12.3984
3 15 7.9985 -.25 7.6611 7.5849 -.25 10.472 7.4139 -.25 10.0022
3 15 7.9985 -.25 7.6611 7.4139 -.25 10.0022 6.6658 -.25 8.0929
4 15 5.326 -.25 13.4757 3.7699 -.25 9.2001 5.8935 -.25 11.0877 6.5946 -.25 13.014
3 15 5.8935 -.25 11.0877 3.7699 -.25 9.2001 5.7225 -.25 10.6178
3 15 5.7225 -.25 10.6178 3.7699 -.25 9.2001 5.0384 -.25 8.7384
4 15 7.4139 -.25 10.0022 7.5849 -.25 10.472 5.8935 -.25 11.0877 5.7225 -.25 10.6178
4 15 3.4467 -.25 14.1598 1.8905 -.25 9.8842 3.1591 -.25 9.4225 4.7152 -.25 13.6981
4 15 -1.8156 -.25 16.0751 -3.0842 -.25 16.5368 -3.7853 -.25 14.6105 -3.3718 -.25 11.7995
3 15 -3.3718 -.25 11.7995 -3.7853 -.25 14.6105 -3.9564 -.25 14.1406
3 15 -3.3718 -.25 11.7995 -3.9564 -.25 14.1406 -4.6404 -.25 12.2612
4 15 -5.4768 -.25 15.2261 -4.7756 -.25 17.1525 -6.0442 -.25 17.6142 -7.6004 -.25 13.3386
3 15 -5.4768 -.25 15.2261 -7.6004 -.25 13.3386 -5.6478 -.25 14.7562
3 15 -5.6478 -.25 14.7562 -7.6004 -.25 13.3386 -6.3318 -.25 12.8769
4 15 -3.9564 -.25 14.1406 -3.7853 -.25 14.6105 -5.4768 -.25 15.2261 -5.6478 -.25 14.7562
4 0 -.1215 -.25 11.2952 .0825 -.25 11.3834 .1951 -.25 11.5122 -.5097 -.25 11.7688
4 0 -1.0948 -.25 12.3542 -1.2145 -.25 12.0253 -1.2111 -.25 11.8542 -.5097 -.25 11.7688
4 0 -.9165 -.25 11.4848 -.5097 -.25 11.7688 -1.2111 -.25 11.8542 -1.1115 -.25 11.6555
4 0 -.1215 -.25 11.2952 -.5097 -.25 11.7688 -.9165 -.25 11.4848 -.3807 -.25 11.2898
4 0 .9985 -.25 14.3722 .3966 -.25 14.2589 1.1014 -.25 14.0024 1.098 -.25 14.1735
4 0 -.3081 -.25 14.5155 .3966 -.25 14.2589 .0084 -.25 14.7325 -.1956 -.25 14.6443
4 0 .8034 -.25 14.5429 .2676 -.25 14.7379 .0084 -.25 14.7325 .3966 -.25 14.2589
3 0 .9985 -.25 14.3722 .8034 -.25 14.5429 .3966 -.25 14.2589
4 0 -.5097 -.25 11.7688 .1951 -.25 11.5122 .0589 -.25 13.4773 -.1121 -.25 13.0075
4 0 .1951 -.25 11.5122 1.1014 -.25 14.0024 .3966 -.25 14.2589 .0589 -.25 13.4773
4 0 .3966 -.25 14.2589 -.3081 -.25 14.5155 -.5989 -.25 13.7167 .0589 -.25 13.4773
4 15 1.3952 -.25 10.8626 .1951 -.25 11.5122 .0825 -.25 11.3834 1.2098 -.25 10.6193
4 15 1.2098 -.25 10.6193 .0825 -.25 11.3834 .5407 -.25 10.4234 .9137 -.25 10.4637
4 15 .0825 -.25 11.3834 -.1215 -.25 11.2952 .152 -.25 10.5169 .5407 -.25 10.4234
4 15 -.1215 -.25 11.2952 -.3807 -.25 11.2898 -1.8213 -.25 11.2352 .152 -.25 10.5169
4 15 -.3807 -.25 11.2898 -.9165 -.25 11.4848 -2.1792 -.25 11.4134 -1.8213 -.25 11.2352
4 15 -.9165 -.25 11.4848 -1.1115 -.25 11.6555 -2.439 -.25 11.684 -2.1792 -.25 11.4134
4 15 -1.1115 -.25 11.6555 -1.2111 -.25 11.8542 -2.5658 -.25 11.9936 -2.439 -.25 11.684
4 15 -1.2111 -.25 11.8542 -1.2145 -.25 12.0253 -2.5515 -.25 12.2991 -2.5658 -.25 11.9936
4 15 -1.2145 -.25 12.0253 -1.0948 -.25 12.3542 -2.3634 -.25 12.8159 -2.5515 -.25 12.2991
4 15 2.4384 -.25 13.7286 2.4527 -.25 14.0341 1.098 -.25 14.1735 1.1014 -.25 14.0024
4 15 2.4527 -.25 14.0341 2.326 -.25 14.3437 .9985 -.25 14.3722 1.098 -.25 14.1735
4 15 1.7082 -.25 14.7925 .9985 -.25 14.3722 2.326 -.25 14.3437 2.0661 -.25 14.6143
4 15 .9985 -.25 14.3722 1.7082 -.25 14.7925 .0168 -.25 15.4082 .8034 -.25 14.5429
3 15 .8034 -.25 14.5429 .0168 -.25 15.4082 .2676 -.25 14.7379
4 15 .2676 -.25 14.7379 .0168 -.25 15.4082 -1.2518 -.25 15.8699 .0084 -.25 14.7325
3 15 .0084 -.25 14.7325 -1.2518 -.25 15.8699 -.1956 -.25 14.6443
4 15 -.1956 -.25 14.6443 -1.2518 -.25 15.8699 -2.0384 -.25 13.7086 -.3081 -.25 14.5155
3 15 -.3081 -.25 14.5155 -2.0384 -.25 13.7086 -.5989 -.25 13.7167
4 15 -2.0384 -.25 13.7086 -.7699 -.25 13.2469 .0589 -.25 13.4773 -.5989 -.25 13.7167
3 15 .0589 -.25 13.4773 -.7699 -.25 13.2469 -.1121 -.25 13.0075
4 15 2.4384 -.25 13.7286 1.1014 -.25 14.0024 .1951 -.25 11.5122 1.3952 -.25 10.8626
4 0 -1.0948 -.25 12.3542 -.7699 -.25 13.2469 -2.0384 -.25 13.7086 -2.3634 -.25 12.8159
4 0 7.5849 -.25 10.472 8.2861 -.25 12.3984 6.5946 -.25 13.014 5.8935 -.25 11.0877
4 0 3.7699 -.25 9.2001 5.326 -.25 13.4757 4.7152 -.25 13.6981 3.1591 -.25 9.4225
4 0 7.0955 -.25 7.4044 7.9985 -.25 7.6611 6.6658 -.25 8.0929 5.931 -.25 7.8283
4 0 7.4139 -.25 10.0022 6.5979 -.25 9.6607 5.931 -.25 7.8283 6.6658 -.25 8.0929
4 0 6.5979 -.25 9.6607 7.4139 -.25 10.0022 5.7225 -.25 10.6178 6.1281 -.25 9.8317
4 0 5.7225 -.25 10.6178 5.0384 -.25 8.7384 5.4611 -.25 7.9993 6.1281 -.25 9.8317
4 0 5.0384 -.25 8.7384 3.7699 -.25 9.2001 1.0446 -.25 9.6068 5.4611 -.25 7.9993
3 0 3.7699 -.25 9.2001 3.1591 -.25 9.4225 1.0446 -.25 9.6068
4 0 1.0959 -.25 9.7477 1.0446 -.25 9.6068 3.1591 -.25 9.4225 1.8905 -.25 9.8842
4 0 1.8905 -.25 9.8842 1.3952 -.25 10.8626 1.2098 -.25 10.6193 1.0959 -.25 9.7477
3 0 1.2098 -.25 10.6193 .9137 -.25 10.4637 1.0959 -.25 9.7477
3 0 1.0959 -.25 9.7477 .9137 -.25 10.4637 .5407 -.25 10.4234
4 0 .5407 -.25 10.4234 .152 -.25 10.5169 .7157 -.25 9.7265 1.0959 -.25 9.7477
4 0 .7157 -.25 9.7265 .152 -.25 10.5169 -1.8213 -.25 11.2352 -2.4323 -.25 10.8722
4 0 -1.8213 -.25 11.2352 -2.1792 -.25 11.4134 -2.6971 -.25 11.0218 -2.4323 -.25 10.8722
4 0 -2.6971 -.25 11.0218 -2.1792 -.25 11.4134 -2.439 -.25 11.684 -2.8807 -.25 11.2483
4 0 -2.8807 -.25 11.2483 -2.439 -.25 11.684 -2.5658 -.25 11.9936 -3.3718 -.25 11.7995
3 0 -2.5515 -.25 12.2991 -3.3718 -.25 11.7995 -2.5658 -.25 11.9936
4 0 -1.8156 -.25 16.0751 -3.3718 -.25 11.7995 -2.5515 -.25 12.2991 -2.3634 -.25 12.8159
3 0 -1.8156 -.25 16.0751 -2.3634 -.25 12.8159 -2.0384 -.25 13.7086
4 0 1.3952 -.25 10.8626 1.8905 -.25 9.8842 3.4467 -.25 14.1598 2.4384 -.25 13.7286
3 0 3.4467 -.25 14.1598 2.4527 -.25 14.0341 2.4384 -.25 13.7286
3 0 3.4467 -.25 14.1598 2.326 -.25 14.3437 2.4527 -.25 14.0341
4 0 3.2333 -.25 15.0356 2.0661 -.25 14.6143 2.326 -.25 14.3437 3.4467 -.25 14.1598
4 0 -3.7853 -.25 14.6105 -3.0842 -.25 16.5368 -4.7756 -.25 17.1525 -5.4768 -.25 15.2261
4 15 9.333 -.25 13.6668 9.2824 -.25 13.5834 9.74 -.25 12.9958 9.8412 -.25 13.1626
4 15 9.2824 -.25 13.5834 9.2038 -.25 13.5257 9.5827 -.25 12.8804 9.74 -.25 12.9958
4 15 9.3932 -.25 12.834 9.5827 -.25 12.8804 9.2038 -.25 13.5257 9.109 -.25 13.5025
4 15 9.109 -.25 13.5025 9.0126 -.25 13.5174 9.2004 -.25 12.8637 9.3932 -.25 12.834
4 15 8.4873 -.25 13.9746 7.7739 -.25 13.915 7.7442 -.25 13.7222 8.4725 -.25 13.8782
4 15 8.4725 -.25 13.8782 7.7442 -.25 13.7222 7.7906 -.25 13.5327 8.4957 -.25 13.7835
4 15 8.4957 -.25 13.7835 7.7906 -.25 13.5327 7.906 -.25 13.3754 8.5533 -.25 13.7048
4 15 8.5533 -.25 13.7048 7.906 -.25 13.3754 8.0727 -.25 13.2742 8.6367 -.25 13.6542
4 15 9.0126 -.25 13.5174 8.6367 -.25 13.6542 8.0727 -.25 13.2742 9.2004 -.25 12.8637
4 15 10.8457 -.25 16.0335 10.1174 -.25 15.8775 10.1026 -.25 15.7811 10.816 -.25 15.8407
4 15 10.7993 -.25 16.223 10.0942 -.25 15.9723 10.1174 -.25 15.8775 10.8457 -.25 16.0335
4 15 10.0942 -.25 15.9723 10.7993 -.25 16.223 10.684 -.25 16.3804 10.0366 -.25 16.0509
4 15 10.0366 -.25 16.0509 10.684 -.25 16.3804 10.5172 -.25 16.4816 9.9532 -.25 16.1015
4 15 9.2569 -.25 16.0889 9.3075 -.25 16.1723 8.8499 -.25 16.7599 8.7487 -.25 16.5931
4 15 9.3075 -.25 16.1723 9.3861 -.25 16.23 9.0072 -.25 16.8753 8.8499 -.25 16.7599
4 15 9.3861 -.25 16.23 9.4809 -.25 16.2532 9.1967 -.25 16.9217 9.0072 -.25 16.8753
4 15 9.4809 -.25 16.2532 9.5773 -.25 16.2383 9.3895 -.25 16.892 9.1967 -.25 16.9217
4 15 9.9532 -.25 16.1015 10.5172 -.25 16.4816 9.3895 -.25 16.892 9.5773 -.25 16.2383
4 15 10.1026 -.25 15.7811 9.333 -.25 13.6668 9.8412 -.25 13.1626 10.816 -.25 15.8407
4 15 9.2569 -.25 16.0889 8.7487 -.25 16.5931 7.7739 -.25 13.915 8.4873 -.25 13.9746
4 15 6.7489 -.25 14.6074 6.6983 -.25 14.524 7.1559 -.25 13.9363 7.2571 -.25 14.1031
4 15 6.6983 -.25 14.524 6.6196 -.25 14.4663 6.9985 -.25 13.821 7.1559 -.25 13.9363
4 15 6.6196 -.25 14.4663 6.5249 -.25 14.4431 6.809 -.25 13.7746 6.9985 -.25 13.821
4 15 6.5249 -.25 14.4431 6.4285 -.25 14.4579 6.6162 -.25 13.8043 6.809 -.25 13.7746
4 15 6.0911 -.25 14.8468 5.3777 -.25 14.7872 5.348 -.25 14.5943 6.0763 -.25 14.7504
4 15 6.0763 -.25 14.7504 5.348 -.25 14.5943 5.3944 -.25 14.4049 6.0995 -.25 14.6556
4 15 5.5097 -.25 14.2475 6.1571 -.25 14.5769 6.0995 -.25 14.6556 5.3944 -.25 14.4049
4 15 6.1571 -.25 14.5769 5.5097 -.25 14.2475 5.6765 -.25 14.1463 6.2405 -.25 14.5263
4 15 6.4285 -.25 14.4579 6.2405 -.25 14.5263 5.6765 -.25 14.1463 6.6162 -.25 13.8043
4 15 8.2615 -.25 16.9741 7.5333 -.25 16.8181 7.5184 -.25 16.7217 8.2318 -.25 16.7813
4 15 7.5333 -.25 16.8181 8.2615 -.25 16.9741 8.2151 -.25 17.1636 7.5101 -.25 16.9128
4 15 7.5101 -.25 16.9128 8.2151 -.25 17.1636 8.0998 -.25 17.3209 7.4524 -.25 16.9915
4 15 7.4524 -.25 16.9915 8.0998 -.25 17.3209 7.933 -.25 17.4221 7.369 -.25 17.0421
4 15 6.1814 -.25 16.9954 6.8606 -.25 16.9611 6.9112 -.25 17.0445 6.3525 -.25 17.4653
4 15 6.9899 -.25 17.1021 6.4537 -.25 17.6321 6.3525 -.25 17.4653 6.9112 -.25 17.0445
4 15 6.4537 -.25 17.6321 6.9899 -.25 17.1021 7.0847 -.25 17.1253 6.611 -.25 17.7474
4 15 7.1811 -.25 17.1105 6.8005 -.25 17.7938 6.611 -.25 17.7474 7.0847 -.25 17.1253
3 15 7.933 -.25 17.4221 7.1811 -.25 17.1105 7.369 -.25 17.0421
4 15 6.8005 -.25 17.7938 7.1811 -.25 17.1105 7.933 -.25 17.4221 6.9933 -.25 17.7641
4 15 7.2571 -.25 14.1031 8.2318 -.25 16.7813 7.5184 -.25 16.7217 6.7489 -.25 14.6074
4 15 6.0911 -.25 14.8468 6.2108 -.25 15.1757 5.6 -.25 15.398 5.3777 -.25 14.7872
3 15 6.8606 -.25 16.9611 6.1814 -.25 16.9954 6.7922 -.25 16.7731
3 15 5.1129 -.25 14.9368 4.5491 -.25 15.142 4.9248 -.25 14.4199
4 15 4.9248 -.25 14.4199 3.9853 -.25 15.3472 3.4214 -.25 15.5524 3.2333 -.25 15.0356
4 15 3.9853 -.25 15.3472 4.5491 -.25 15.142 5.6777 -.25 18.243 5.1139 -.25 18.4482
3 15 4.9248 -.25 14.4199 4.5491 -.25 15.142 3.9853 -.25 15.3472
4 15 2.5673 -.25 16.1293 2.5167 -.25 16.0459 2.9742 -.25 15.4583 3.0754 -.25 15.6251
4 15 2.5167 -.25 16.0459 2.438 -.25 15.9883 2.8169 -.25 15.343 2.9742 -.25 15.4583
4 15 2.438 -.25 15.9883 2.3432 -.25 15.9651 2.6274 -.25 15.2966 2.8169 -.25 15.343
4 15 2.3432 -.25 15.9651 2.2468 -.25 15.9799 2.4346 -.25 15.3263 2.6274 -.25 15.2966
4 15 1.7215 -.25 16.4372 1.0081 -.25 16.3776 .9784 -.25 16.1847 1.7067 -.25 16.3407
4 15 1.7067 -.25 16.3407 .9784 -.25 16.1847 1.0248 -.25 15.9952 1.7299 -.25 16.246
4 15 1.1402 -.25 15.8379 1.7876 -.25 16.1673 1.7299 -.25 16.246 1.0248 -.25 15.9952
4 15 1.7876 -.25 16.1673 1.1402 -.25 15.8379 1.307 -.25 15.7367 1.871 -.25 16.1167
4 15 2.2468 -.25 15.9799 1.871 -.25 16.1167 1.307 -.25 15.7367 2.4346 -.25 15.3263
4 15 2.9777 -.25 17.257 3.1145 -.25 17.6329 2.2688 -.25 17.9407 2.132 -.25 17.5648
3 15 4.2212 -.25 18.7731 3.6104 -.25 18.9954 3.1145 -.25 17.6329
4 15 3.1145 -.25 17.6329 2.9777 -.25 17.257 3.0754 -.25 15.6251 4.2212 -.25 18.7731
3 15 3.0754 -.25 15.6251 2.9777 -.25 17.257 2.5673 -.25 16.1293
3 15 2.132 -.25 17.5648 1.0081 -.25 16.3776 1.7215 -.25 16.4372
4 15 2.132 -.25 17.5648 2.2688 -.25 17.9407 2.1539 -.25 19.5255 1.0081 -.25 16.3776
3 15 2.7647 -.25 19.3032 2.1539 -.25 19.5255 2.2688 -.25 17.9407
4 15 .3203 -.25 16.0958 .2695 -.25 17.7106 -.3199 -.25 18.1379 -.2435 -.25 16.301
4 15 -.1484 -.25 20.3635 -.3199 -.25 18.1379 .2695 -.25 17.7106 .1589 -.25 19.4535
4 15 .3203 -.25 16.0958 1.6371 -.25 19.7136 1.0732 -.25 19.9189 .2695 -.25 17.7106
3 15 .4155 -.25 20.1583 -.1484 -.25 20.3635 .1589 -.25 19.4535
4 15 -.1484 -.25 20.3635 -1.4651 -.25 16.7457 -.9013 -.25 16.5405 -.3199 -.25 18.1379
4 15 -2.0925 -.25 18.6767 -1.9557 -.25 19.0526 -2.8014 -.25 19.3604 -2.9382 -.25 18.9845
4 15 -3.3145 -.25 17.9509 -3.4855 -.25 17.481 -2.0759 -.25 16.968 -2.4687 -.25 17.643
3 15 -2.0759 -.25 16.968 -2.0925 -.25 18.6767 -2.4687 -.25 17.643
4 15 -2.0925 -.25 18.6767 -2.0759 -.25 16.968 -.7592 -.25 20.5858 -1.9557 -.25 19.0526
3 15 -.7592 -.25 20.5858 -1.494 -.25 20.3212 -1.9557 -.25 19.0526
4 15 -2.3397 -.25 20.629 -1.494 -.25 20.3212 -.7592 -.25 20.5858 -2.1687 -.25 21.0988
4 15 -4.2455 -.25 18.609 -4.2961 -.25 18.5256 -3.8385 -.25 17.938 -3.7373 -.25 18.1048
4 15 -4.2961 -.25 18.5256 -4.3748 -.25 18.4679 -3.9959 -.25 17.8226 -3.8385 -.25 17.938
4 15 -4.3748 -.25 18.4679 -4.4695 -.25 18.4447 -4.1854 -.25 17.7762 -3.9959 -.25 17.8226
4 15 -4.4695 -.25 18.4447 -4.5659 -.25 18.4596 -4.3782 -.25 17.8059 -4.1854 -.25 17.7762
4 15 -4.9033 -.25 18.8484 -5.6167 -.25 18.7888 -5.6464 -.25 18.596 -4.9181 -.25 18.752
4 15 -4.9181 -.25 18.752 -5.6464 -.25 18.596 -5.6 -.25 18.4065 -4.895 -.25 18.6572
4 15 -4.895 -.25 18.6572 -5.6 -.25 18.4065 -5.4847 -.25 18.2492 -4.8373 -.25 18.5786
4 15 -4.8373 -.25 18.5786 -5.4847 -.25 18.2492 -5.3179 -.25 18.148 -4.7539 -.25 18.528
4 15 -4.5659 -.25 18.4596 -4.7539 -.25 18.528 -5.3179 -.25 18.148 -4.3782 -.25 17.8059
4 15 -2.7329 -.25 20.9757 -3.4611 -.25 20.8197 -3.476 -.25 20.7233 -2.7626 -.25 20.7829
4 15 -3.4611 -.25 20.8197 -2.7329 -.25 20.9757 -2.7793 -.25 21.1652 -3.4843 -.25 20.9145
4 15 -3.4843 -.25 20.9145 -2.7793 -.25 21.1652 -2.8946 -.25 21.3225 -3.542 -.25 20.9931
4 15 -3.542 -.25 20.9931 -2.8946 -.25 21.3225 -3.0614 -.25 21.4237 -3.6254 -.25 21.0437
4 15 -4.1338 -.25 20.9627 -4.0832 -.25 21.0461 -4.5407 -.25 21.6337 -4.6419 -.25 21.4669
4 15 -4.0832 -.25 21.0461 -4.0045 -.25 21.1038 -4.3834 -.25 21.7491 -4.5407 -.25 21.6337
4 15 -4.0045 -.25 21.1038 -3.9097 -.25 21.127 -4.1939 -.25 21.7955 -4.3834 -.25 21.7491
4 15 -3.9097 -.25 21.127 -3.8133 -.25 21.1121 -4.0011 -.25 21.7658 -4.1939 -.25 21.7955
4 15 -3.6254 -.25 21.0437 -3.0614 -.25 21.4237 -4.0011 -.25 21.7658 -3.8133 -.25 21.1121
4 15 -4.9033 -.25 18.8484 -4.8349 -.25 19.0363 -5.4457 -.25 19.2587 -5.6167 -.25 18.7888
4 15 -3.476 -.25 20.7233 -3.5615 -.25 20.4884 -2.9507 -.25 20.2661 -2.7626 -.25 20.7829
4 15 -3.3827 -.25 19.1903 -4.111 -.25 19.0343 -4.1258 -.25 18.9379 -3.4124 -.25 18.9975
4 15 -4.111 -.25 19.0343 -3.3827 -.25 19.1903 -3.4291 -.25 19.3798 -4.1342 -.25 19.129
4 15 -4.1342 -.25 19.129 -3.4291 -.25 19.3798 -3.5444 -.25 19.5371 -4.1918 -.25 19.2077
4 15 -5.065 -.25 20.1935 -4.3367 -.25 20.3495 -4.3219 -.25 20.4459 -5.0353 -.25 20.3863
4 15 -4.3367 -.25 20.3495 -5.065 -.25 20.1935 -5.0186 -.25 20.004 -4.3135 -.25 20.2547
4 15 -4.3135 -.25 20.2547 -5.0186 -.25 20.004 -4.9032 -.25 19.8466 -4.2558 -.25 20.1761
4 15 -4.1918 -.25 19.2077 -3.5444 -.25 19.5371 -4.2558 -.25 20.1761 -4.9032 -.25 19.8466
4 15 -3.4124 -.25 18.9975 -4.1258 -.25 18.9379 -4.2455 -.25 18.609 -3.7373 -.25 18.1048
4 0 9.2038 -.25 13.5257 9.2824 -.25 13.5834 9.0126 -.25 13.5174 9.109 -.25 13.5025
4 0 9.2824 -.25 13.5834 9.333 -.25 13.6668 8.6367 -.25 13.6542 9.0126 -.25 13.5174
4 0 9.333 -.25 13.6668 8.4873 -.25 13.9746 8.5533 -.25 13.7048 8.6367 -.25 13.6542
4 0 8.4873 -.25 13.9746 8.4725 -.25 13.8782 8.4957 -.25 13.7835 8.5533 -.25 13.7048
4 0 9.333 -.25 13.6668 10.1026 -.25 15.7811 9.2569 -.25 16.0889 8.4873 -.25 13.9746
4 0 10.0942 -.25 15.9723 10.0366 -.25 16.0509 9.9532 -.25 16.1015 10.1174 -.25 15.8775
4 0 10.1174 -.25 15.8775 9.9532 -.25 16.1015 9.5773 -.25 16.2383 10.1026 -.25 15.7811
4 0 10.1026 -.25 15.7811 9.5773 -.25 16.2383 9.4809 -.25 16.2532 9.2569 -.25 16.0889
4 0 9.2569 -.25 16.0889 9.4809 -.25 16.2532 9.3861 -.25 16.23 9.3075 -.25 16.1723
4 0 8.702 -.25 17.7807 7.933 -.25 17.4221 9.1967 -.25 16.9217 9.3895 -.25 16.892
4 0 7.933 -.25 17.4221 8.0998 -.25 17.3209 9.0072 -.25 16.8753 9.1967 -.25 16.9217
4 0 8.8499 -.25 16.7599 9.0072 -.25 16.8753 8.0998 -.25 17.3209 8.2151 -.25 17.1636
4 0 8.2151 -.25 17.1636 8.2615 -.25 16.9741 8.7487 -.25 16.5931 8.8499 -.25 16.7599
3 0 8.7487 -.25 16.5931 8.2615 -.25 16.9741 8.2318 -.25 16.7813
4 0 7.7739 -.25 13.915 8.7487 -.25 16.5931 8.2318 -.25 16.7813 7.2571 -.25 14.1031
4 0 7.906 -.25 13.3754 6.809 -.25 13.7746 6.6162 -.25 13.8043 8.0727 -.25 13.2742
4 0 7.7906 -.25 13.5327 6.9985 -.25 13.821 6.809 -.25 13.7746 7.906 -.25 13.3754
4 0 7.7442 -.25 13.7222 7.1559 -.25 13.9363 6.9985 -.25 13.821 7.7906 -.25 13.5327
4 0 7.7739 -.25 13.915 7.2571 -.25 14.1031 7.1559 -.25 13.9363 7.7442 -.25 13.7222
4 0 8.2861 -.25 12.3984 9.5547 -.25 11.9367 9.3932 -.25 12.834 9.2004 -.25 12.8637
4 0 9.2004 -.25 12.8637 8.0727 -.25 13.2742 6.5946 -.25 13.014 8.2861 -.25 12.3984
4 0 8.0727 -.25 13.2742 6.6162 -.25 13.8043 5.326 -.25 13.4757 6.5946 -.25 13.014
4 0 6.6162 -.25 13.8043 5.6765 -.25 14.1463 4.7152 -.25 13.6981 5.326 -.25 13.4757
4 0 4.7152 -.25 13.6981 5.6765 -.25 14.1463 5.5097 -.25 14.2475 4.9248 -.25 14.4199
3 0 5.5097 -.25 14.2475 5.3944 -.25 14.4049 4.9248 -.25 14.4199
3 0 5.3777 -.25 14.7872 5.1129 -.25 14.9368 5.348 -.25 14.5943
4 0 5.3944 -.25 14.4049 5.348 -.25 14.5943 5.1129 -.25 14.9368 4.9248 -.25 14.4199
3 0 5.6 -.25 15.398 5.1129 -.25 14.9368 5.3777 -.25 14.7872
4 0 6.6196 -.25 14.4663 6.6983 -.25 14.524 6.4285 -.25 14.4579 6.5249 -.25 14.4431
3 0 6.7489 -.25 14.6074 6.4285 -.25 14.4579 6.6983 -.25 14.524
4 0 6.0995 -.25 14.6556 6.1571 -.25 14.5769 6.0911 -.25 14.8468 6.0763 -.25 14.7504
4 0 6.4285 -.25 14.4579 6.0911 -.25 14.8468 6.1571 -.25 14.5769 6.2405 -.25 14.5263
4 0 6.4285 -.25 14.4579 6.7489 -.25 14.6074 6.2108 -.25 15.1757 6.0911 -.25 14.8468
4 0 6.7489 -.25 14.6074 7.5184 -.25 16.7217 6.7922 -.25 16.7731 6.2108 -.25 15.1757
4 0 6.2108 -.25 15.1757 6.7922 -.25 16.7731 6.1814 -.25 16.9954 5.6 -.25 15.398
4 0 7.1811 -.25 17.1105 6.8606 -.25 16.9611 6.7922 -.25 16.7731 7.5184 -.25 16.7217
4 0 7.5101 -.25 16.9128 7.4524 -.25 16.9915 7.369 -.25 17.0421 7.5333 -.25 16.8181
4 0 7.5333 -.25 16.8181 7.369 -.25 17.0421 7.1811 -.25 17.1105 7.5184 -.25 16.7217
4 0 6.9899 -.25 17.1021 6.9112 -.25 17.0445 7.1811 -.25 17.1105 7.0847 -.25 17.1253
3 0 7.1811 -.25 17.1105 6.9112 -.25 17.0445 6.8606 -.25 16.9611
3 0 6.8005 -.25 17.7938 5.6777 -.25 18.243 6.611 -.25 17.7474
3 0 6.611 -.25 17.7474 5.6777 -.25 18.243 6.4537 -.25 17.6321
3 0 6.4537 -.25 17.6321 5.6777 -.25 18.243 6.3525 -.25 17.4653
3 0 6.3525 -.25 17.4653 5.6777 -.25 18.243 6.1814 -.25 16.9954
4 0 6.1814 -.25 16.9954 5.6777 -.25 18.243 4.5491 -.25 15.142 5.6 -.25 15.398
3 0 5.6 -.25 15.398 4.5491 -.25 15.142 5.1129 -.25 14.9368
4 0 3.9853 -.25 15.3472 5.1139 -.25 18.4482 4.2212 -.25 18.7731 3.4214 -.25 15.5524
4 0 4.2212 -.25 18.7731 3.0754 -.25 15.6251 3.2333 -.25 15.0356 3.4214 -.25 15.5524
3 0 3.2333 -.25 15.0356 3.0754 -.25 15.6251 2.9742 -.25 15.4583
3 0 3.2333 -.25 15.0356 2.9742 -.25 15.4583 2.8169 -.25 15.343
3 0 3.2333 -.25 15.0356 2.8169 -.25 15.343 2.6274 -.25 15.2966
4 0 2.6274 -.25 15.2966 2.4346 -.25 15.3263 2.0661 -.25 14.6143 3.2333 -.25 15.0356
4 0 3.2333 -.25 15.0356 3.4467 -.25 14.1598 4.7152 -.25 13.6981 4.9248 -.25 14.4199
4 0 2.0661 -.25 14.6143 2.4346 -.25 15.3263 1.307 -.25 15.7367 1.7082 -.25 14.7925
4 0 .3203 -.25 16.0958 -.2435 -.25 16.301 -1.2518 -.25 15.8699 .0168 -.25 15.4082
3 0 -.2435 -.25 16.301 -.9013 -.25 16.5405 -1.2518 -.25 15.8699
4 0 -.9013 -.25 16.5405 -1.4651 -.25 16.7457 -1.8156 -.25 16.0751 -1.2518 -.25 15.8699
4 0 .2695 -.25 17.7106 1.0732 -.25 19.9189 .4155 -.25 20.1583 .1589 -.25 19.4535
3 0 -.2435 -.25 16.301 -.3199 -.25 18.1379 -.9013 -.25 16.5405
3 0 1.1402 -.25 15.8379 1.0248 -.25 15.9952 .3203 -.25 16.0958
3 0 1.0248 -.25 15.9952 .9784 -.25 16.1847 .3203 -.25 16.0958
3 0 1.0081 -.25 16.3776 .3203 -.25 16.0958 .9784 -.25 16.1847
4 0 1.1402 -.25 15.8379 .3203 -.25 16.0958 1.7082 -.25 14.7925 1.307 -.25 15.7367
3 0 1.7082 -.25 14.7925 .3203 -.25 16.0958 .0168 -.25 15.4082
4 0 3.1145 -.25 17.6329 3.6104 -.25 18.9954 2.7647 -.25 19.3032 2.2688 -.25 17.9407
4 0 2.1539 -.25 19.5255 1.6371 -.25 19.7136 .3203 -.25 16.0958 1.0081 -.25 16.3776
4 0 2.438 -.25 15.9883 2.5167 -.25 16.0459 2.2468 -.25 15.9799 2.3432 -.25 15.9651
4 0 2.5167 -.25 16.0459 2.5673 -.25 16.1293 1.871 -.25 16.1167 2.2468 -.25 15.9799
4 0 1.7299 -.25 16.246 1.7876 -.25 16.1673 1.871 -.25 16.1167 1.7067 -.25 16.3407
4 0 2.5673 -.25 16.1293 1.7215 -.25 16.4372 1.7067 -.25 16.3407 1.871 -.25 16.1167
4 0 2.5673 -.25 16.1293 2.9777 -.25 17.257 2.132 -.25 17.5648 1.7215 -.25 16.4372
4 0 -.1484 -.25 20.3635 -.7592 -.25 20.5858 -2.0759 -.25 16.968 -1.4651 -.25 16.7457
4 0 -1.4651 -.25 16.7457 -2.0759 -.25 16.968 -3.0842 -.25 16.5368 -1.8156 -.25 16.0751
4 0 -2.0759 -.25 16.968 -3.4855 -.25 17.481 -4.7756 -.25 17.1525 -3.0842 -.25 16.5368
4 0 -4.7756 -.25 17.1525 -3.4855 -.25 17.481 -4.1854 -.25 17.7762 -4.3782 -.25 17.8059
3 0 -3.4855 -.25 17.481 -3.9959 -.25 17.8226 -4.1854 -.25 17.7762
3 0 -3.4855 -.25 17.481 -3.8385 -.25 17.938 -3.9959 -.25 17.8226
4 0 -3.8385 -.25 17.938 -3.4855 -.25 17.481 -3.3145 -.25 17.9509 -3.7373 -.25 18.1048
4 0 -2.4687 -.25 17.643 -2.0925 -.25 18.6767 -2.9382 -.25 18.9845 -3.3145 -.25 17.9509
4 0 -2.9382 -.25 18.9845 -3.4124 -.25 18.9975 -3.7373 -.25 18.1048 -3.3145 -.25 17.9509
4 0 -2.8014 -.25 19.3604 -3.3827 -.25 19.1903 -3.4124 -.25 18.9975 -2.9382 -.25 18.9845
4 0 -3.3827 -.25 19.1903 -2.8014 -.25 19.3604 -2.9507 -.25 20.2661 -3.4291 -.25 19.3798
4 0 -3.4291 -.25 19.3798 -2.9507 -.25 20.2661 -3.5615 -.25 20.4884 -3.5444 -.25 19.5371
4 0 -3.5444 -.25 19.5371 -3.5615 -.25 20.4884 -4.3135 -.25 20.2547 -4.2558 -.25 20.1761
4 0 -4.3135 -.25 20.2547 -3.5615 -.25 20.4884 -4.3219 -.25 20.4459 -4.3367 -.25 20.3495
4 0 -4.3219 -.25 20.4459 -3.5615 -.25 20.4884 -3.476 -.25 20.7233 -4.1338 -.25 20.9627
4 0 -1.9557 -.25 19.0526 -1.494 -.25 20.3212 -2.3397 -.25 20.629 -2.8014 -.25 19.3604
4 0 -2.8014 -.25 19.3604 -2.3397 -.25 20.629 -2.7626 -.25 20.7829 -2.9507 -.25 20.2661
4 0 -2.1687 -.25 21.0988 -2.7329 -.25 20.9757 -2.7626 -.25 20.7829 -2.3397 -.25 20.629
3 0 -2.1687 -.25 21.0988 -2.7793 -.25 21.1652 -2.7329 -.25 20.9757
3 0 -2.1687 -.25 21.0988 -2.8946 -.25 21.3225 -2.7793 -.25 21.1652
4 0 -3.4843 -.25 20.9145 -3.542 -.25 20.9931 -3.6254 -.25 21.0437 -3.4611 -.25 20.8197
4 0 -3.4611 -.25 20.8197 -3.6254 -.25 21.0437 -3.8133 -.25 21.1121 -3.476 -.25 20.7233
4 0 -4.0832 -.25 21.0461 -4.1338 -.25 20.9627 -3.476 -.25 20.7233 -3.8133 -.25 21.1121
4 0 -4.0045 -.25 21.1038 -4.0832 -.25 21.0461 -3.8133 -.25 21.1121 -3.9097 -.25 21.127
4 15 -4.3219 -.25 20.4459 -4.1338 -.25 20.9627 -4.6419 -.25 21.4669 -5.0353 -.25 20.3863
4 0 -4.3748 -.25 18.4679 -4.2961 -.25 18.5256 -4.5659 -.25 18.4596 -4.4695 -.25 18.4447
4 0 -4.2961 -.25 18.5256 -4.2455 -.25 18.609 -4.7539 -.25 18.528 -4.5659 -.25 18.4596
4 0 -4.895 -.25 18.6572 -4.8373 -.25 18.5786 -4.9033 -.25 18.8484 -4.9181 -.25 18.752
4 0 -4.2455 -.25 18.609 -4.9033 -.25 18.8484 -4.8373 -.25 18.5786 -4.7539 -.25 18.528
4 0 -4.1258 -.25 18.9379 -4.8349 -.25 19.0363 -4.9033 -.25 18.8484 -4.2455 -.25 18.609
4 0 -4.1342 -.25 19.129 -4.8349 -.25 19.0363 -4.1258 -.25 18.9379 -4.111 -.25 19.0343
4 0 -4.1342 -.25 19.129 -4.1918 -.25 19.2077 -5.4457 -.25 19.2587 -4.8349 -.25 19.0363
3 0 -4.1918 -.25 19.2077 -4.9032 -.25 19.8466 -5.4457 -.25 19.2587
3 0 -4.9032 -.25 19.8466 -5.0186 -.25 20.004 -5.4457 -.25 19.2587
3 0 -5.0186 -.25 20.004 -5.065 -.25 20.1935 -5.4457 -.25 19.2587
4 0 -4.3782 -.25 17.8059 -5.3179 -.25 18.148 -6.0442 -.25 17.6142 -4.7756 -.25 17.1525
3 0 -5.3179 -.25 18.148 -5.4847 -.25 18.2492 -6.0442 -.25 17.6142
3 0 -5.4847 -.25 18.2492 -5.6 -.25 18.4065 -6.0442 -.25 17.6142
3 0 -5.6 -.25 18.4065 -5.6464 -.25 18.596 -6.0442 -.25 17.6142
4 0 -6.4072 -.25 18.2252 -6.0442 -.25 17.6142 -5.6464 -.25 18.596 -5.6167 -.25 18.7888
4 0 7.2912 -.25 6.3804 6.8596 -.25 7.375 5.5218 -.25 7.3444 5.8036 -.25 6.3277
4 0 4.1258 -.25 7.4406 4.2529 -.25 6.419 5.8036 -.25 6.3277 5.5218 -.25 7.3444
4 0 14.0402 -.25 10.4105 14.2812 -.25 11.39 13.0956 -.25 11.6837 12.8891 -.25 10.8295
4 0 14.2812 -.25 11.39 14.3141 -.25 12.4269 13.1144 -.25 12.5904 13.0956 -.25 11.6837
4 0 14.3141 -.25 12.4269 14.1383 -.25 13.5036 12.9449 -.25 13.534 13.1144 -.25 12.5904
4 0 14.1383 -.25 13.5036 13.7568 -.25 14.6017 12.5903 -.25 14.4984 12.9449 -.25 13.534
4 0 5.7931 -.25 20.4717 6.2797 -.25 21.3412 4.7461 -.25 21.9693 4.4068 -.25 21.0372
4 0 -9.3336 -.25 20.0259 -8.2616 -.25 19.4571 -7.6931 -.25 20.1637 -8.7172 -.25 20.8096
4 0 10.2895 -.25 12.2013 10.2468 -.25 12.3764 10.0931 -.25 12.5388 9.5547 -.25 11.9367
4 0 9.3932 -.25 12.834 9.5547 -.25 11.9367 10.0931 -.25 12.5388 9.5827 -.25 12.8804
4 0 9.5827 -.25 12.8804 10.0931 -.25 12.5388 10.2213 -.25 12.5986 9.74 -.25 12.9958
4 0 10.3195 -.25 12.7224 9.8412 -.25 13.1626 9.74 -.25 12.9958 10.2213 -.25 12.5986
4 15 8.6358 -.25 7.6579 9.2702 -.25 7.812 10.3018 -.25 8.2109 10.2895 -.25 12.2013
4 15 11.9298 -.25 9.3357 10.2895 -.25 12.2013 10.3018 -.25 8.2109 11.1934 -.25 8.7217
4 15 12.8891 -.25 10.8295 10.2895 -.25 12.2013 11.9298 -.25 9.3357 12.4982 -.25 10.0423
4 15 10.2895 -.25 12.2013 12.8891 -.25 10.8295 10.2213 -.25 12.5986 10.2468 -.25 12.3764
3 15 10.2468 -.25 12.3764 10.2213 -.25 12.5986 10.0931 -.25 12.5388
4 15 12.8891 -.25 10.8295 13.0956 -.25 11.6837 10.3195 -.25 12.7224 10.2213 -.25 12.5986
4 15 13.0956 -.25 11.6837 13.1144 -.25 12.5904 12.9449 -.25 13.534 10.3195 -.25 12.7224
4 15 12.9449 -.25 13.534 12.5903 -.25 14.4984 12.0565 -.25 15.4671 10.3195 -.25 12.7224
3 15 12.0565 -.25 15.4671 11.5627 -.25 16.138 10.3195 -.25 12.7224
4 15 5.931 -.25 7.8283 6.5979 -.25 9.6607 6.1281 -.25 9.8317 5.4611 -.25 7.9993
4 15 7.0955 -.25 7.4044 5.931 -.25 7.8283 5.5218 -.25 7.3444 6.8596 -.25 7.375
4 15 5.931 -.25 7.8283 5.4611 -.25 7.9993 4.1258 -.25 7.4406 5.5218 -.25 7.3444
4 15 4.1258 -.25 7.4406 5.4611 -.25 7.9993 1.0446 -.25 9.6068 2.6955 -.25 7.6618
4 15 2.6955 -.25 7.6618 1.0446 -.25 9.6068 -.1701 -.25 8.4622 1.2553 -.25 8.0043
4 15 1.0959 -.25 9.7477 .7157 -.25 9.7265 -.1701 -.25 8.4622 1.0446 -.25 9.6068
4 15 -.1701 -.25 8.4622 .7157 -.25 9.7265 -2.4323 -.25 10.8722 -1.5564 -.25 9.0277
4 15 -1.5564 -.25 9.0277 -2.4323 -.25 10.8722 -2.6971 -.25 11.0218 -2.8798 -.25 9.6911
4 0 -2.8807 -.25 11.2483 -3.3718 -.25 11.7995 -4.4996 -.25 11.6247 -2.9491 -.25 11.0604
4 0 -5.294 -.25 12.0735 -4.4996 -.25 11.6247 -3.3718 -.25 11.7995 -4.6404 -.25 12.2612
4 15 8.2621 -.25 17.8876 8.702 -.25 17.7807 8.6084 -.25 18.9854 8.2495 -.25 18.5839
4 15 8.2026 -.25 19.1863 8.6084 -.25 18.9854 8.3396 -.25 20.1474 8.0575 -.25 19.6648
4 15 8.3396 -.25 20.1474 8.1517 -.25 20.2158 7.6347 -.25 19.8187 8.0575 -.25 19.6648
4 15 8.0575 -.25 19.6648 7.6347 -.25 19.8187 7.0237 -.25 19.4558 7.4765 -.25 19.2378
4 15 6.2889 -.25 19.1911 6.6262 -.25 18.8023 7.4765 -.25 19.2378 7.0237 -.25 19.4558
4 15 6.6262 -.25 18.8023 6.2889 -.25 19.1911 5.6779 -.25 18.8282 5.9897 -.25 18.6615
3 15 6.2889 -.25 19.1911 5.6225 -.25 19.1144 5.6779 -.25 18.8282
3 15 8.6084 -.25 18.9854 8.2026 -.25 19.1863 8.2495 -.25 18.5839
4 0 9.8412 -.25 13.1626 10.3195 -.25 12.7224 11.5627 -.25 16.138 10.816 -.25 15.8407
3 0 11.5627 -.25 16.138 10.8457 -.25 16.0335 10.816 -.25 15.8407
4 0 12.1939 -.25 18.4522 8.702 -.25 17.7807 9.3895 -.25 16.892 10.5172 -.25 16.4816
4 0 8.702 -.25 17.7807 8.2621 -.25 17.8876 6.9933 -.25 17.7641 7.933 -.25 17.4221
4 0 8.2495 -.25 18.5839 6.6262 -.25 18.8023 6.9933 -.25 17.7641 8.2621 -.25 17.8876
3 0 6.9933 -.25 17.7641 6.6262 -.25 18.8023 5.9897 -.25 18.6615
4 0 6.8005 -.25 17.7938 6.9933 -.25 17.7641 5.9897 -.25 18.6615 5.6777 -.25 18.243
4 0 5.1139 -.25 18.4482 5.6777 -.25 18.243 5.9897 -.25 18.6615 5.6779 -.25 18.8282
4 0 6.6262 -.25 18.8023 8.2495 -.25 18.5839 8.2026 -.25 19.1863 7.4765 -.25 19.2378
3 0 8.2026 -.25 19.1863 8.0575 -.25 19.6648 7.4765 -.25 19.2378
4 0 5.6779 -.25 18.8282 5.6225 -.25 19.1144 4.2212 -.25 18.7731 5.1139 -.25 18.4482
4 0 6.2889 -.25 19.1911 6.131 -.25 19.7807 5.3492 -.25 19.5331 5.6225 -.25 19.1144
4 0 5.6225 -.25 19.1144 5.3492 -.25 19.5331 4.5076 -.25 19.4138 4.2212 -.25 18.7731
4 0 4.2212 -.25 18.7731 4.5076 -.25 19.4138 3.6063 -.25 19.4226 3.6104 -.25 18.9954
3 0 3.6104 -.25 18.9954 3.6063 -.25 19.4226 2.7647 -.25 19.3032
3 0 3.6063 -.25 19.4226 2.1539 -.25 19.5255 2.7647 -.25 19.3032
4 0 2.1539 -.25 19.5255 3.6063 -.25 19.4226 1.6799 -.25 20.1237 1.6371 -.25 19.7136
4 0 6.6072 -.25 20.0636 6.131 -.25 19.7807 6.2889 -.25 19.1911 7.0237 -.25 19.4558
3 0 1.6799 -.25 20.1237 1.0732 -.25 19.9189 1.6371 -.25 19.7136
3 0 1.6799 -.25 20.1237 .4155 -.25 20.1583 1.0732 -.25 19.9189
4 0 1.6799 -.25 20.1237 -2.8776 -.25 21.7825 -2.1687 -.25 21.0988 -.7592 -.25 20.5858
4 0 -2.8946 -.25 21.3225 -2.1687 -.25 21.0988 -2.8776 -.25 21.7825 -3.0614 -.25 21.4237
3 0 -2.8776 -.25 21.7825 -4.0011 -.25 21.7658 -3.0614 -.25 21.4237
4 0 -5.065 -.25 20.1935 -5.0353 -.25 20.3863 -6.0095 -.25 19.4639 -5.4457 -.25 19.2587
4 0 -5.4457 -.25 19.2587 -6.0095 -.25 19.4639 -6.2147 -.25 18.9001 -5.6167 -.25 18.7888
3 0 -5.6167 -.25 18.7888 -6.2147 -.25 18.9001 -6.4072 -.25 18.2252
4 0 -6.2147 -.25 18.9001 -6.0095 -.25 19.4639 -6.9749 -.25 19.4428 -7.0221 -.25 18.8747
4 0 -7.0221 -.25 18.8747 -6.9749 -.25 19.4428 -7.9917 -.25 19.2808 -7.9449 -.25 18.6784
4 15 -5.2275 -.25 21.6124 -6.0652 -.25 21.2885 -6.9568 -.25 20.7776 -6.0095 -.25 19.4639
4 15 -6.0095 -.25 19.4639 -6.9568 -.25 20.7776 -7.6931 -.25 20.1637 -6.9749 -.25 19.4428
4 15 -6.9749 -.25 19.4428 -7.6931 -.25 20.1637 -8.2616 -.25 19.4571 -7.9917 -.25 19.2808
3 15 -7.9917 -.25 19.2808 -8.2616 -.25 19.4571 -8.4018 -.25 19.1746
4 15 6.6072 -.25 20.0636 5.7931 -.25 20.4717 5.3492 -.25 19.5331 6.131 -.25 19.7807
4 15 5.7931 -.25 20.4717 4.4068 -.25 21.0372 4.5076 -.25 19.4138 5.3492 -.25 19.5331
4 15 2.9813 -.25 21.4951 3.6063 -.25 19.4226 4.5076 -.25 19.4138 4.4068 -.25 21.0372
4 15 3.6063 -.25 19.4226 2.9813 -.25 21.4951 1.5411 -.25 21.8376 1.6799 -.25 20.1237
4 15 1.5411 -.25 21.8376 .1108 -.25 22.0588 -1.2852 -.25 22.1549 1.6799 -.25 20.1237
4 15 -1.2852 -.25 22.1549 -2.623 -.25 22.1244 -2.8776 -.25 21.7825 1.6799 -.25 20.1237
4 0 -7.8265 -.25 14.3254 -7.6004 -.25 13.3386 -6.0442 -.25 17.6142 -7.4503 -.25 15.3591
4 0 -6.0442 -.25 17.6142 -6.4072 -.25 18.2252 -8.3346 -.25 15.4149 -7.4503 -.25 15.3591
4 0 -6.4072 -.25 18.2252 -7.2957 -.25 18.1229 -8.1544 -.25 17.9566 -8.3346 -.25 15.4149
4 0 -8.3346 -.25 15.4149 -8.1544 -.25 17.9566 -9.4959 -.25 17.4871 -9.0734 -.25 16.1627
4 0 -10.5725 -.25 16.868 -10.0089 -.25 16.0775 -9.0734 -.25 16.1627 -9.4959 -.25 17.4871
4 0 -10.0089 -.25 16.0775 -10.5725 -.25 16.868 -11.4784 -.25 16.1335 -10.8847 -.25 15.8642
4 0 -10.8847 -.25 15.8642 -11.4784 -.25 16.1335 -11.9313 -.25 15.7662 -11.4913 -.25 15.6593
3 0 -11.4913 -.25 15.6593 -11.9313 -.25 15.7662 -12.3885 -.25 15.2409
4 0 -9.0734 -.25 16.1627 -9.6843 -.25 15.7998 -9.1761 -.25 15.2955 -8.3346 -.25 15.4149
4 0 -9.6843 -.25 15.7998 -10.2483 -.25 15.4197 -10.1801 -.25 15.0224 -9.1761 -.25 15.2955
4 0 -10.2483 -.25 15.4197 -10.7012 -.25 15.0525 -10.979 -.25 14.7279 -10.1801 -.25 15.0224
4 0 -12.1832 -.25 16.39 -12.653 -.25 16.561 -13.2769 -.25 15.7239 -12.6917 -.25 15.7237
4 0 -12.6917 -.25 15.7237 -13.2769 -.25 15.7239 -13.7129 -.25 14.8184 -13.1405 -.25 14.9293
4 0 -8.0616 -.25 13.8257 -7.8265 -.25 14.3254 -8.5057 -.25 14.3598 -8.5016 -.25 13.9326
4 0 -8.5016 -.25 13.9326 -8.5057 -.25 14.3598 -9.0611 -.25 14.2959 -8.9288 -.25 13.9285
4 0 -8.9288 -.25 13.9285 -9.0611 -.25 14.2959 -9.6634 -.25 14.2491 -9.2492 -.25 13.7791
4 0 -9.6634 -.25 14.2491 -10.3471 -.25 13.5402 -9.7491 -.25 13.4289 -9.2492 -.25 13.7791
4 0 -10.3471 -.25 13.5402 -10.3558 -.25 13.2241 -10.044 -.25 13.0574 -9.7491 -.25 13.4289
4 0 -10.3558 -.25 13.2241 -10.3473 -.25 12.9549 -10.2449 -.25 12.6516 -10.044 -.25 13.0574
4 0 -10.4409 -.25 14.1596 -10.5351 -.25 13.6086 -10.3471 -.25 13.5402 -9.6634 -.25 14.2491
4 0 -10.5351 -.25 13.6086 -10.4409 -.25 14.1596 -11.2398 -.25 13.8651 -10.7572 -.25 13.583
4 0 -10.7572 -.25 13.583 -11.2398 -.25 13.8651 -12.026 -.25 13.4595 -10.9196 -.25 13.4293
3 0 -10.9196 -.25 13.4293 -12.026 -.25 13.4595 -11.0222 -.25 13.1474
4 0 -11.7793 -.25 9.7515 -11.7282 -.25 9.3072 -11.5532 -.25 8.7647 -11.4889 -.25 9.3798
4 15 -6.2147 -.25 18.9001 -7.0221 -.25 18.8747 -7.2957 -.25 18.1229 -6.4072 -.25 18.2252
4 15 -7.0221 -.25 18.8747 -7.9449 -.25 18.6784 -8.1544 -.25 17.9566 -7.2957 -.25 18.1229
4 15 -7.9449 -.25 18.6784 -9.0599 -.25 18.3925 -9.4959 -.25 17.4871 -8.1544 -.25 17.9566
4 15 -9.0599 -.25 18.3925 -9.8118 -.25 18.0809 -10.709 -.25 17.6626 -9.4959 -.25 17.4871
4 15 -9.4959 -.25 17.4871 -10.709 -.25 17.6626 -11.4525 -.25 17.0818 -10.5725 -.25 16.868
4 15 -10.5725 -.25 16.868 -11.4525 -.25 17.0818 -12.1832 -.25 16.39 -11.4784 -.25 16.1335
4 15 -11.4784 -.25 16.1335 -12.1832 -.25 16.39 -12.6917 -.25 15.7237 -11.9313 -.25 15.7662
4 15 -11.9313 -.25 15.7662 -12.6917 -.25 15.7237 -13.1405 -.25 14.9293 -12.3885 -.25 15.2409
4 15 -12.3885 -.25 15.2409 -13.1405 -.25 14.9293 -13.5637 -.25 13.9128 -12.026 -.25 13.4595
4 15 -12.026 -.25 13.4595 -13.5637 -.25 13.9128 -13.8245 -.25 13.0499 -12.701 -.25 13.0667
4 15 -12.701 -.25 13.0667 -13.8245 -.25 13.0499 -13.8972 -.25 12.704 -13.3761 -.25 12.6739
4 15 -13.3761 -.25 12.6739 -13.8972 -.25 12.704 -13.8076 -.25 12.5117 -13.6495 -.25 12.5074
4 15 -7.4503 -.25 15.3591 -8.3346 -.25 15.4149 -8.5057 -.25 14.3598 -7.8265 -.25 14.3254
4 15 -8.3346 -.25 15.4149 -9.1761 -.25 15.2955 -9.0611 -.25 14.2959 -8.5057 -.25 14.3598
4 15 -9.1761 -.25 15.2955 -10.1801 -.25 15.0224 -9.6634 -.25 14.2491 -9.0611 -.25 14.2959
4 15 -10.1801 -.25 15.0224 -10.979 -.25 14.7279 -10.4409 -.25 14.1596 -9.6634 -.25 14.2491
4 15 -10.4409 -.25 14.1596 -10.979 -.25 14.7279 -12.3885 -.25 15.2409 -11.2398 -.25 13.8651
3 15 -11.2398 -.25 13.8651 -12.3885 -.25 15.2409 -12.026 -.25 13.4595
3 15 -9.0734 -.25 16.1627 -10.0089 -.25 16.0775 -9.6843 -.25 15.7998
4 15 -9.6843 -.25 15.7998 -10.0089 -.25 16.0775 -10.8847 -.25 15.8642 -10.2483 -.25 15.4197
4 15 -10.2483 -.25 15.4197 -10.8847 -.25 15.8642 -11.4913 -.25 15.6593 -10.7012 -.25 15.0525
4 15 -10.7012 -.25 15.0525 -11.4913 -.25 15.6593 -12.3885 -.25 15.2409 -10.979 -.25 14.7279
4 0 -4.4996 -.25 11.6247 -5.294 -.25 12.0735 -5.5077 -.25 11.7788 -4.9653 -.25 11.3685
4 0 -7.5546 -.25 9.2248 -7.9048 -.25 9.7247 -8.5672 -.25 8.6356 -7.8367 -.25 8.7422
4 0 -7.8367 -.25 8.7422 -8.5672 -.25 8.6356 -8.4563 -.25 8.0632 -8.0248 -.25 8.2254
3 0 -7.9048 -.25 9.7247 -8.0799 -.25 9.6821 -8.5672 -.25 8.6356
4 0 -8.5672 -.25 8.6356 -8.0799 -.25 9.6821 -8.1696 -.25 9.8743 -8.6823 -.25 9.6353
4 0 -8.6823 -.25 9.6353 -8.1696 -.25 9.8743 -8.276 -.25 11.1901 -8.7503 -.25 10.6178
4 0 -8.2116 -.25 12.3904 -8.8225 -.25 12.0275 -8.7503 -.25 10.6178 -8.276 -.25 11.1901
4 0 -3.9564 -.25 14.1406 -5.2341 -.25 12.5305 -5.294 -.25 12.0735 -4.6404 -.25 12.2612
4 0 -5.2341 -.25 12.5305 -3.9564 -.25 14.1406 -5.6478 -.25 14.7562 -5.3878 -.25 12.6929
4 0 -5.3878 -.25 12.6929 -5.6478 -.25 14.7562 -6.3318 -.25 12.8769 -5.5929 -.25 12.7143
3 0 -5.5929 -.25 12.7143 -6.3318 -.25 12.8769 -5.7552 -.25 12.5606
4 0 -5.7552 -.25 12.5606 -6.3318 -.25 12.8769 -6.332 -.25 12.2916 -5.9306 -.25 11.9327
4 0 -6.332 -.25 12.2916 -6.3318 -.25 12.8769 -7.6004 -.25 13.3386 -6.7549 -.25 12.4455
4 0 -7.874 -.25 12.5868 -7.0411 -.25 12.3901 -6.7549 -.25 12.4455 -7.6004 -.25 13.3386
4 0 -7.874 -.25 12.5868 -7.8528 -.25 12.2066 -7.2035 -.25 12.2364 -7.0411 -.25 12.3901
4 0 -7.4685 -.25 11.8007 -7.2035 -.25 12.2364 -7.8528 -.25 12.2066 -7.8144 -.25 11.8734
3 0 -7.4685 -.25 11.8007 -7.8144 -.25 11.8734 -7.7035 -.25 11.301
4 0 -7.8265 -.25 14.3254 -8.0616 -.25 13.8257 -8.2712 -.25 13.1038 -7.6004 -.25 13.3386
4 0 -7.6004 -.25 13.3386 -8.2712 -.25 13.1038 -8.0791 -.25 12.6083 -7.874 -.25 12.5868
4 0 -8.0791 -.25 12.6083 -8.2712 -.25 13.1038 -8.4976 -.25 12.9202 -8.2116 -.25 12.3904
4 0 -8.2116 -.25 12.3904 -8.4976 -.25 12.9202 -9.0872 -.25 12.7623 -8.8225 -.25 12.0275
4 0 -8.8225 -.25 12.0275 -9.0872 -.25 12.7623 -9.5999 -.25 12.5233 -9.0575 -.25 12.113
4 0 -9.0575 -.25 12.113 -9.5999 -.25 12.5233 -10.1638 -.25 12.1432 -9.2497 -.25 12.0234
4 0 -9.2497 -.25 12.0234 -10.1638 -.25 12.1432 -10.7151 -.25 11.6522 -9.7966 -.25 11.6903
3 0 -9.7966 -.25 11.6903 -10.7151 -.25 11.6522 -10.476 -.25 11.1395
4 15 -5.3878 -.25 12.6929 -5.5929 -.25 12.7143 -5.7552 -.25 12.5606 -5.2341 -.25 12.5305
4 15 -5.2341 -.25 12.5305 -5.7552 -.25 12.5606 -5.5077 -.25 11.7788 -5.294 -.25 12.0735
4 15 -5.7552 -.25 12.5606 -5.9306 -.25 11.9327 -5.8623 -.25 11.5354 -5.5077 -.25 11.7788
4 15 -5.8623 -.25 11.5354 -5.9306 -.25 11.9327 -6.332 -.25 12.2916 -6.7169 -.25 10.9419
4 15 -6.332 -.25 12.2916 -6.7549 -.25 12.4455 -7.0411 -.25 12.3901 -6.7169 -.25 10.9419
4 15 -7.0411 -.25 12.3901 -7.2035 -.25 12.2364 -7.4685 -.25 11.8007 -6.7169 -.25 10.9419
4 15 -7.4685 -.25 11.8007 -7.7035 -.25 11.301 -7.3493 -.25 10.3739 -6.7169 -.25 10.9419
4 15 -7.7082 -.25 9.9725 -7.3493 -.25 10.3739 -7.7035 -.25 11.301 -8.276 -.25 11.1901
4 15 -8.276 -.25 11.1901 -8.1696 -.25 9.8743 -7.9048 -.25 9.7247 -7.7082 -.25 9.9725
3 15 -7.9048 -.25 9.7247 -8.1696 -.25 9.8743 -8.0799 -.25 9.6821
3 15 -7.7035 -.25 11.301 -7.8144 -.25 11.8734 -8.276 -.25 11.1901
4 15 -7.8144 -.25 11.8734 -7.8528 -.25 12.2066 -8.2116 -.25 12.3904 -8.276 -.25 11.1901
4 15 -8.2116 -.25 12.3904 -7.8528 -.25 12.2066 -7.874 -.25 12.5868 -8.0791 -.25 12.6083
4 15 -8.0616 -.25 13.8257 -8.5016 -.25 13.9326 -8.9288 -.25 13.9285 -8.2712 -.25 13.1038
4 15 -8.2712 -.25 13.1038 -8.9288 -.25 13.9285 -9.2492 -.25 13.7791 -8.4976 -.25 12.9202
4 15 -8.4976 -.25 12.9202 -9.2492 -.25 13.7791 -9.7491 -.25 13.4289 -9.0872 -.25 12.7623
4 15 -9.5999 -.25 12.5233 -9.0872 -.25 12.7623 -9.7491 -.25 13.4289 -10.044 -.25 13.0574
4 15 -10.044 -.25 13.0574 -10.2449 -.25 12.6516 -10.1638 -.25 12.1432 -9.5999 -.25 12.5233
4 15 -10.2449 -.25 12.6516 -11.1847 -.25 12.4084 -10.7151 -.25 11.6522 -10.1638 -.25 12.1432
4 15 -11.1847 -.25 12.4084 -11.2191 -.25 11.7292 -11.1723 -.25 11.1269 -10.7151 -.25 11.6522
4 15 -10.2449 -.25 12.6516 -10.3473 -.25 12.9549 -11.0222 -.25 13.1474 -11.1847 -.25 12.4084
4 15 -10.3473 -.25 12.9549 -10.3558 -.25 13.2241 -10.9196 -.25 13.4293 -11.0222 -.25 13.1474
4 15 -10.9196 -.25 13.4293 -10.3558 -.25 13.2241 -10.5351 -.25 13.6086 -10.7572 -.25 13.583
3 15 -10.3471 -.25 13.5402 -10.5351 -.25 13.6086 -10.3558 -.25 13.2241
4 15 -2.8807 -.25 11.2483 -2.9491 -.25 11.0604 -2.8798 -.25 9.6911 -2.6971 -.25 11.0218
4 15 -4.4996 -.25 11.6247 -4.1177 -.25 10.441 -2.8798 -.25 9.6911 -2.9491 -.25 11.0604
4 15 -4.4996 -.25 11.6247 -4.9653 -.25 11.3685 -5.1901 -.25 11.2218 -4.1177 -.25 10.441
4 0 -.1121 -.25 13.0075 -.7699 -.25 13.2469 -1.0948 -.25 12.3542 -.5097 -.25 11.7688
3 0 -1.2518 -.25 15.8699 -1.8156 -.25 16.0751 -2.0384 -.25 13.7086
4 0 -7.9917 -.25 19.2808 -8.4018 -.25 19.1746 -9.0599 -.25 18.3925 -7.9449 -.25 18.6784
4 0 -4.9653 -.25 11.3685 -5.5077 -.25 11.7788 -5.8623 -.25 11.5354 -5.1901 -.25 11.2218
4 0 9.5176 -.25 6.7923 9.2702 -.25 7.812 8.6358 -.25 7.6579 8.6903 -.25 6.5763
4 0 8.6903 -.25 6.5763 7.0955 -.25 7.4044 6.8596 -.25 7.375 7.2912 -.25 6.3804
4 0 8.6358 -.25 7.6579 7.9985 -.25 7.6611 7.0955 -.25 7.4044 8.6903 -.25 6.5763
4 0 7.9985 -.25 7.6611 8.6358 -.25 7.6579 10.2895 -.25 12.2013 9.5547 -.25 11.9367
4 0 -4.6419 -.25 21.4669 -5.2275 -.25 21.6124 -6.0095 -.25 19.4639 -5.0353 -.25 20.3863
4 0 3.2428 -.25 33.898 2.6321 -.25 31.8365 2.8985 -.25 30.9754 3.7222 -.25 33.756
4 0 2.8985 -.25 30.9754 2.6321 -.25 31.8365 2.3924 -.25 31.9075 2.1794 -.25 31.1884
4 0 1.6821 -.25 33.7345 1.4833 -.25 33.0633 2.1794 -.25 31.1884 2.3924 -.25 31.9075
4 0 .4622 -.25 34.7216 -.0172 -.25 34.8636 -.8409 -.25 32.0831 -.1484 -.25 32.6602
4 0 .0913 -.25 32.5892 -.1484 -.25 32.6602 -.8409 -.25 32.0831 -.1217 -.25 31.87
4 0 -.1217 -.25 31.87 1.4833 -.25 33.0633 1.6821 -.25 33.7345 .0913 -.25 32.5892
4 15 -2.5591 -.25 34.6779 -1.8869 -.25 35.4175 -4.3798 -.25 36.1559 -4.2189 -.25 35.1696
4 15 2.6321 -.25 31.8365 3.2428 -.25 33.898 1.6821 -.25 33.7345 2.3924 -.25 31.9075
4 15 5.8564 -.25 34.271 .4622 -.25 34.7216 1.6821 -.25 33.7345 3.2428 -.25 33.898
4 15 .4622 -.25 34.7216 -.1484 -.25 32.6602 .0913 -.25 32.5892 1.6821 -.25 33.7345
3 15 2.1794 -.25 31.1884 1.4833 -.25 33.0633 -.1217 -.25 31.87
4 15 -.0172 -.25 34.8636 -1.4075 -.25 35.2755 -3.5735 -.25 32.8925 -.8409 -.25 32.0831
4 0 -6.681 -.25 36.8375 -7.2916 -.25 34.7761 -7.0252 -.25 33.915 -6.2016 -.25 36.6955
4 0 -7.5314 -.25 34.8471 -7.7444 -.25 34.128 -7.0252 -.25 33.915 -7.2916 -.25 34.7761
4 0 -9.3744 -.25 34.6108 -8.9199 -.25 36.1449 -9.0301 -.25 37.5334 -9.8538 -.25 34.7528
4 0 -9.0301 -.25 37.5334 -8.9199 -.25 36.1449 -8.6802 -.25 36.0739 -8.7904 -.25 37.4624
4 0 -7.7444 -.25 34.128 -7.5314 -.25 34.8471 -8.7904 -.25 37.4624 -8.6802 -.25 36.0739
4 0 -11.4272 -.25 38.2434 -12.2508 -.25 35.4628 -11.7714 -.25 35.3208 -10.9478 -.25 38.1014
4 15 -4.8593 -.25 36.2979 -6.2016 -.25 36.6955 -7.0252 -.25 33.915 -4.3406 -.25 33.1197
4 15 -7.2916 -.25 34.7761 -6.681 -.25 36.8375 -8.7904 -.25 37.4624 -7.5314 -.25 34.8471
4 15 -8.9199 -.25 36.1449 -9.3744 -.25 34.6108 -7.7444 -.25 34.128 -8.6802 -.25 36.0739
4 15 -10.9478 -.25 38.1014 -11.7714 -.25 35.3208 -9.8538 -.25 34.7528 -9.0301 -.25 37.5334
3 15 6.3495 -.25 39.809 5.3428 -.25 40.1072 4.6611 -.25 37.8061
3 15 6.3495 -.25 39.809 4.6611 -.25 37.8061 4.4339 -.25 37.039
4 15 4.4339 -.25 37.039 4.2777 -.25 36.5117 5.0573 -.25 35.4464 6.3495 -.25 39.809
4 15 4.2777 -.25 36.5117 2.1204 -.25 37.1507 1.8932 -.25 36.3837 5.0573 -.25 35.4464
4 15 4.4339 -.25 37.039 4.6611 -.25 37.8061 3.3667 -.25 38.1895 3.1395 -.25 37.4224
4 15 -4.6748 -.25 38.3292 -3.3825 -.25 42.6918 -4.5881 -.25 42.3188 -5.6815 -.25 38.6274
4 15 -6.0742 -.25 42.7591 -4.5881 -.25 42.3188 -3.3825 -.25 42.6918 -5.8754 -.25 43.4302
4 0 -4.5881 -.25 42.3188 -6.0742 -.25 42.7591 -7.695 -.25 39.2238 -5.6815 -.25 38.6274
4 0 -5.8754 -.25 43.4302 -6.4028 -.25 43.5864 -7.695 -.25 39.2238 -6.0742 -.25 42.7591
4 0 4.4339 -.25 37.039 3.1395 -.25 37.4224 2.1204 -.25 37.1507 4.2777 -.25 36.5117
4 0 1.1699 -.25 38.2165 1.4755 -.25 38.5023 1.6547 -.25 38.8531 -.378 -.25 39.4552
4 0 .7589 -.25 38.0152 -.378 -.25 39.4552 -.2623 -.25 37.9138 .2704 -.25 37.9119
3 0 1.1699 -.25 38.2165 -.378 -.25 39.4552 .7589 -.25 38.0152
4 15 1.6547 -.25 38.8531 1.4755 -.25 38.5023 2.0703 -.25 37.4842 2.5555 -.25 37.9414
4 15 1.4755 -.25 38.5023 1.1699 -.25 38.2165 1.4182 -.25 37.1613 2.0703 -.25 37.4842
4 15 .6438 -.25 36.9947 1.4182 -.25 37.1613 1.1699 -.25 38.2165 .7589 -.25 38.0152
4 15 .7589 -.25 38.0152 .2704 -.25 37.9119 -.2003 -.25 36.9958 .6438 -.25 36.9947
3 15 .2704 -.25 37.9119 -.2623 -.25 37.9138 -.2003 -.25 36.9958
4 15 -.2623 -.25 37.9138 -.8029 -.25 38.0208 -1.0565 -.25 37.1646 -.2003 -.25 36.9958
4 0 -.2623 -.25 37.9138 -.378 -.25 39.4552 -1.3145 -.25 38.2255 -.8029 -.25 38.0208
4 0 -1.3145 -.25 38.2255 -.378 -.25 39.4552 -2.1158 -.25 38.8667 -1.7623 -.25 38.514
3 0 -.378 -.25 39.4552 -2.3508 -.25 39.2594 -2.1158 -.25 38.8667
4 0 -2.4107 -.25 40.0573 -2.4514 -.25 39.6655 -2.3508 -.25 39.2594 -.378 -.25 39.4552
4 15 -3.3115 -.25 40.969 -3.5968 -.25 40.4086 -3.6627 -.25 39.7833 -2.4107 -.25 40.0573
4 15 -2.4107 -.25 40.0573 -3.6627 -.25 39.7833 -3.5048 -.25 39.1356 -2.4514 -.25 39.6655
4 15 -3.1338 -.25 38.5097 -2.3508 -.25 39.2594 -2.4514 -.25 39.6655 -3.5048 -.25 39.1356
4 15 -2.3508 -.25 39.2594 -3.1338 -.25 38.5097 -2.575 -.25 37.9482 -2.1158 -.25 38.8667
4 15 -2.1158 -.25 38.8667 -2.575 -.25 37.9482 -1.8665 -.25 37.4894 -1.7623 -.25 38.514
3 15 -1.3145 -.25 38.2255 -1.7623 -.25 38.514 -1.8665 -.25 37.4894
4 15 -1.3145 -.25 38.2255 -1.8665 -.25 37.4894 -1.0565 -.25 37.1646 -.8029 -.25 38.0208
4 0 .5585 -.25 40.6849 -.378 -.25 39.4552 1.3598 -.25 40.0437 1.0063 -.25 40.3963
3 0 1.5948 -.25 39.6509 1.3598 -.25 40.0437 -.378 -.25 39.4552
4 0 1.6547 -.25 38.8531 1.6954 -.25 39.2448 1.5948 -.25 39.6509 -.378 -.25 39.4552
4 15 2.5555 -.25 37.9414 2.8408 -.25 38.5017 2.9067 -.25 39.1271 1.6547 -.25 38.8531
4 15 2.7488 -.25 39.7748 1.6954 -.25 39.2448 1.6547 -.25 38.8531 2.9067 -.25 39.1271
4 15 1.6954 -.25 39.2448 2.7488 -.25 39.7748 2.3778 -.25 40.4007 1.5948 -.25 39.6509
4 15 1.5948 -.25 39.6509 2.3778 -.25 40.4007 1.819 -.25 40.9622 1.3598 -.25 40.0437
4 15 1.3598 -.25 40.0437 1.819 -.25 40.9622 1.1105 -.25 41.421 1.0063 -.25 40.3963
3 15 1.1105 -.25 41.421 .5585 -.25 40.6849 1.0063 -.25 40.3963
4 15 .5585 -.25 40.6849 1.1105 -.25 41.421 .3005 -.25 41.7458 .0469 -.25 40.8896
4 0 -1.9259 -.25 40.6938 -2.2315 -.25 40.408 -2.4107 -.25 40.0573 -.378 -.25 39.4552
4 0 .5585 -.25 40.6849 .0469 -.25 40.8896 -.4937 -.25 40.9965 -.378 -.25 39.4552
4 0 -1.5149 -.25 40.8952 -.378 -.25 39.4552 -.4937 -.25 40.9965 -1.0264 -.25 40.9985
3 0 -.378 -.25 39.4552 -1.5149 -.25 40.8952 -1.9259 -.25 40.6938
4 15 -2.4107 -.25 40.0573 -2.2315 -.25 40.408 -2.8263 -.25 41.4262 -3.3115 -.25 40.969
4 15 -2.2315 -.25 40.408 -1.9259 -.25 40.6938 -2.1742 -.25 41.7491 -2.8263 -.25 41.4262
4 15 -1.3998 -.25 41.9156 -2.1742 -.25 41.7491 -1.9259 -.25 40.6938 -1.5149 -.25 40.8952
4 15 -.5557 -.25 41.9145 -1.3998 -.25 41.9156 -1.5149 -.25 40.8952 -1.0264 -.25 40.9985
3 15 -.4937 -.25 40.9965 -.5557 -.25 41.9145 -1.0264 -.25 40.9985
4 15 .3005 -.25 41.7458 -.5557 -.25 41.9145 -.4937 -.25 40.9965 .0469 -.25 40.8896
4 0 3.1395 -.25 37.4224 3.3667 -.25 38.1895 2.8408 -.25 38.5017 2.5555 -.25 37.9414
4 0 3.1395 -.25 37.4224 2.5555 -.25 37.9414 2.0703 -.25 37.4842 2.1204 -.25 37.1507
4 0 2.0703 -.25 37.4842 1.4182 -.25 37.1613 1.8932 -.25 36.3837 2.1204 -.25 37.1507
3 0 1.8932 -.25 36.3837 1.4182 -.25 37.1613 .6438 -.25 36.9947
3 0 3.3667 -.25 38.1895 2.9067 -.25 39.1271 2.8408 -.25 38.5017
4 0 4.6611 -.25 37.8061 5.3428 -.25 40.1072 2.9067 -.25 39.1271 3.3667 -.25 38.1895
3 0 5.3428 -.25 40.1072 2.7488 -.25 39.7748 2.9067 -.25 39.1271
3 0 5.3428 -.25 40.1072 2.3778 -.25 40.4007 2.7488 -.25 39.7748
3 0 5.3428 -.25 40.1072 1.819 -.25 40.9622 2.3778 -.25 40.4007
4 0 7.603 -.25 40.1678 1.1105 -.25 41.421 1.819 -.25 40.9622 5.3428 -.25 40.1072
4 0 -1.6016 -.25 42.8943 -3.3825 -.25 42.6918 -1.3998 -.25 41.9156 -.5557 -.25 41.9145
3 0 -1.3998 -.25 41.9156 -3.3825 -.25 42.6918 -2.1742 -.25 41.7491
3 0 -2.1742 -.25 41.7491 -3.3825 -.25 42.6918 -2.8263 -.25 41.4262
3 0 -2.8263 -.25 41.4262 -3.3825 -.25 42.6918 -3.3115 -.25 40.969
4 0 -4.6748 -.25 38.3292 -3.5968 -.25 40.4086 -3.3115 -.25 40.969 -3.3825 -.25 42.6918
3 0 -1.8665 -.25 37.4894 -2.575 -.25 37.9482 -4.6748 -.25 38.3292
3 0 -2.575 -.25 37.9482 -3.1338 -.25 38.5097 -4.6748 -.25 38.3292
3 0 -3.1338 -.25 38.5097 -3.5048 -.25 39.1356 -4.6748 -.25 38.3292
3 0 -3.5048 -.25 39.1356 -3.6627 -.25 39.7833 -4.6748 -.25 38.3292
3 0 -3.5968 -.25 40.4086 -4.6748 -.25 38.3292 -3.6627 -.25 39.7833
4 15 -4.1742 -.25 34.8956 -3.9506 -.25 33.5257 -3.6795 -.25 33.4454 -2.7458 -.25 34.4725
4 0 -3.6795 -.25 33.4454 -3.9506 -.25 33.5257 -4.3406 -.25 33.1197 -3.5735 -.25 32.8925
4 0 -2.5591 -.25 34.6779 -4.2189 -.25 35.1696 -4.1742 -.25 34.8956 -2.7458 -.25 34.4725
3 0 -2.7458 -.25 34.4725 -3.6795 -.25 33.4454 -3.5735 -.25 32.8925
3 0 -3.9506 -.25 33.5257 -4.1742 -.25 34.8956 -4.3406 -.25 33.1197
4 0 -4.1742 -.25 34.8956 -4.2189 -.25 35.1696 -4.8593 -.25 36.2979 -4.3406 -.25 33.1197
3 0 -4.2189 -.25 35.1696 -4.3798 -.25 36.1559 -4.8593 -.25 36.2979
4 0 -2.7458 -.25 34.4725 -3.5735 -.25 32.8925 -1.4075 -.25 35.2755 -2.5591 -.25 34.6779
3 0 -1.4075 -.25 35.2755 -1.8869 -.25 35.4175 -2.5591 -.25 34.6779
4 15 -9.8895 -.25 42.2726 -11.1415 -.25 41.9986 -10.9836 -.25 41.3509 -9.9302 -.25 41.8809
4 15 -9.9302 -.25 41.8809 -10.9836 -.25 41.3509 -10.6126 -.25 40.725 -9.8296 -.25 41.4748
4 15 -9.8296 -.25 41.4748 -10.6126 -.25 40.725 -10.0538 -.25 40.1635 -9.5946 -.25 41.082
4 15 -9.5946 -.25 41.082 -10.0538 -.25 40.1635 -9.3431 -.25 39.712 -9.2411 -.25 40.7293
3 15 -8.7933 -.25 40.4408 -9.2411 -.25 40.7293 -9.3431 -.25 39.712
4 15 -11.1415 -.25 41.9986 -9.8895 -.25 42.2726 -10.7903 -.25 43.1843 -11.0756 -.25 42.6239
4 15 -9.8895 -.25 42.2726 -9.7103 -.25 42.6233 -10.3051 -.25 43.6415 -10.7903 -.25 43.1843
4 15 -9.653 -.25 43.9644 -10.3051 -.25 43.6415 -9.7103 -.25 42.6233 -9.4047 -.25 42.9091
4 15 -8.8786 -.25 44.131 -9.653 -.25 43.9644 -9.4047 -.25 42.9091 -8.9937 -.25 43.1105
4 15 -8.0508 -.25 44.0746 -8.8786 -.25 44.131 -8.9937 -.25 43.1105 -8.5052 -.25 43.2138
3 15 -7.9725 -.25 43.2119 -8.0508 -.25 44.0746 -8.5052 -.25 43.2138
4 15 -6.4028 -.25 43.5864 -7.629 -.25 43.1439 -8.4682 -.25 40.3107 -7.695 -.25 39.2238
4 15 -7.695 -.25 39.2238 -8.4682 -.25 40.3107 -8.7933 -.25 40.4408 -9.3431 -.25 39.712
4 15 -6.4028 -.25 43.5864 -8.0508 -.25 44.0746 -7.9725 -.25 43.2119 -7.629 -.25 43.1439
4 0 -7.629 -.25 43.1439 -7.9725 -.25 43.2119 -8.7933 -.25 40.4408 -8.4682 -.25 40.3107
4 0 -7.9725 -.25 43.2119 -8.5052 -.25 43.2138 -9.2411 -.25 40.7293 -8.7933 -.25 40.4408
4 0 -9.2411 -.25 40.7293 -8.5052 -.25 43.2138 -8.9937 -.25 43.1105 -9.5946 -.25 41.082
4 0 -8.9937 -.25 43.1105 -9.4047 -.25 42.9091 -9.8296 -.25 41.4748 -9.5946 -.25 41.082
4 0 -9.8296 -.25 41.4748 -9.4047 -.25 42.9091 -9.7103 -.25 42.6233 -9.9302 -.25 41.8809
3 0 -9.7103 -.25 42.6233 -9.8895 -.25 42.2726 -9.9302 -.25 41.8809
3 0 5.8564 -.25 34.271 5.0573 -.25 35.4464 1.8932 -.25 36.3837
4 0 .6438 -.25 36.9947 -.2003 -.25 36.9958 5.8564 -.25 34.271 1.8932 -.25 36.3837
4 0 -.2003 -.25 36.9958 -1.0565 -.25 37.1646 -2.9168 -.25 36.8698 5.8564 -.25 34.271
4 0 -1.0565 -.25 37.1646 -4.6748 -.25 38.3292 -5.6815 -.25 38.6274 -2.9168 -.25 36.8698
3 0 -2.9168 -.25 36.8698 -5.6815 -.25 38.6274 -7.695 -.25 39.2238
4 0 -7.695 -.25 39.2238 -9.3431 -.25 39.712 -12.9365 -.25 39.8377 -2.9168 -.25 36.8698
4 0 5.0573 -.25 35.4464 5.8564 -.25 34.271 7.603 -.25 40.1678 6.3495 -.25 39.809
3 0 7.603 -.25 40.1678 5.3428 -.25 40.1072 6.3495 -.25 39.809
4 0 1.1105 -.25 41.421 7.603 -.25 40.1678 -1.6016 -.25 42.8943 .3005 -.25 41.7458
3 0 .3005 -.25 41.7458 -1.6016 -.25 42.8943 -.5557 -.25 41.9145
3 0 -1.6016 -.25 42.8943 -5.8754 -.25 43.4302 -3.3825 -.25 42.6918
3 0 -1.6016 -.25 42.8943 -6.4028 -.25 43.5864 -5.8754 -.25 43.4302
4 0 -6.4028 -.25 43.5864 -1.6016 -.25 42.8943 -11.1898 -.25 45.7345 -8.0508 -.25 44.0746
3 0 -8.0508 -.25 44.0746 -11.1898 -.25 45.7345 -8.8786 -.25 44.131
3 0 -8.8786 -.25 44.131 -11.1898 -.25 45.7345 -9.653 -.25 43.9644
3 0 -9.653 -.25 43.9644 -11.1898 -.25 45.7345 -10.3051 -.25 43.6415
3 0 -10.3051 -.25 43.6415 -11.1898 -.25 45.7345 -10.7903 -.25 43.1843
4 0 -12.9365 -.25 39.8377 -11.0756 -.25 42.6239 -10.7903 -.25 43.1843 -11.1898 -.25 45.7345
3 0 -9.3431 -.25 39.712 -10.0538 -.25 40.1635 -12.9365 -.25 39.8377
3 0 -10.0538 -.25 40.1635 -10.6126 -.25 40.725 -12.9365 -.25 39.8377
3 0 -10.6126 -.25 40.725 -10.9836 -.25 41.3509 -12.9365 -.25 39.8377
3 0 -10.9836 -.25 41.3509 -11.1415 -.25 41.9986 -12.9365 -.25 39.8377
3 0 -11.0756 -.25 42.6239 -12.9365 -.25 39.8377 -11.1415 -.25 41.9986
3 15 5.8564 -.25 34.271 3.2428 -.25 33.898 3.7222 -.25 33.756
3 15 5.8564 -.25 34.271 -.0172 -.25 34.8636 .4622 -.25 34.7216
4 15 -.0172 -.25 34.8636 5.8564 -.25 34.271 -2.9168 -.25 36.8698 -1.4075 -.25 35.2755
3 15 -1.4075 -.25 35.2755 -2.9168 -.25 36.8698 -1.8869 -.25 35.4175
3 15 -1.8869 -.25 35.4175 -2.9168 -.25 36.8698 -4.3798 -.25 36.1559
3 15 -2.9168 -.25 36.8698 -4.8593 -.25 36.2979 -4.3798 -.25 36.1559
3 15 -2.9168 -.25 36.8698 -6.2016 -.25 36.6955 -4.8593 -.25 36.2979
3 15 -2.9168 -.25 36.8698 -6.681 -.25 36.8375 -6.2016 -.25 36.6955
3 15 -2.9168 -.25 36.8698 -8.7904 -.25 37.4624 -6.681 -.25 36.8375
4 15 -8.7904 -.25 37.4624 -2.9168 -.25 36.8698 -12.9365 -.25 39.8377 -9.0301 -.25 37.5334
3 15 -9.0301 -.25 37.5334 -12.9365 -.25 39.8377 -10.9478 -.25 38.1014
3 15 -10.9478 -.25 38.1014 -12.9365 -.25 39.8377 -11.4272 -.25 38.2434
4 15 5.2992 -.25 29.2213 5.8564 -.25 34.271 3.7222 -.25 33.756 2.8985 -.25 30.9754
4 15 5.8564 -.25 34.271 5.2992 -.25 29.2213 8.679 -.25 40.6313 7.603 -.25 40.1678
4 15 -11.9356 -.25 46.7376 -1.6016 -.25 42.8943 7.603 -.25 40.1678 8.679 -.25 40.6313
3 15 -1.6016 -.25 42.8943 -11.9356 -.25 46.7376 -11.1898 -.25 45.7345
4 15 -11.1898 -.25 45.7345 -11.9356 -.25 46.7376 -15.3154 -.25 35.3277 -12.9365 -.25 39.8377
3 15 5.2992 -.25 29.2213 2.8985 -.25 30.9754 2.1794 -.25 31.1884
3 15 5.2992 -.25 29.2213 2.1794 -.25 31.1884 -.1217 -.25 31.87
4 15 -.1217 -.25 31.87 -.8409 -.25 32.0831 -3.8096 -.25 31.9195 5.2992 -.25 29.2213
3 15 -.8409 -.25 32.0831 -3.5735 -.25 32.8925 -3.8096 -.25 31.9195
3 15 -3.5735 -.25 32.8925 -4.3406 -.25 33.1197 -3.8096 -.25 31.9195
3 15 -3.8096 -.25 31.9195 -4.3406 -.25 33.1197 -7.0252 -.25 33.915
3 15 -3.8096 -.25 31.9195 -7.0252 -.25 33.915 -7.7444 -.25 34.128
3 15 -3.8096 -.25 31.9195 -7.7444 -.25 34.128 -9.3744 -.25 34.6108
4 15 -9.3744 -.25 34.6108 -9.8538 -.25 34.7528 -15.3154 -.25 35.3277 -3.8096 -.25 31.9195
3 15 -9.8538 -.25 34.7528 -11.7714 -.25 35.3208 -15.3154 -.25 35.3277
3 15 -11.7714 -.25 35.3208 -12.2508 -.25 35.4628 -15.3154 -.25 35.3277
4 15 -11.4272 -.25 38.2434 -12.9365 -.25 39.8377 -15.3154 -.25 35.3277 -12.2508 -.25 35.4628
4 0 21.5051 -.25 25.3418 21.1329 -.25 25.4978 20.7455 -.25 25.5282 20.9094 -.25 23.6553
4 0 20.0298 -.25 25.2127 20.9094 -.25 23.6553 20.7455 -.25 25.5282 20.3692 -.25 25.431
4 0 19.5497 -.25 24.48 20.9094 -.25 23.6553 20.0298 -.25 25.2127 19.7502 -.25 24.8884
4 0 19.434 -.25 23.5263 20.9094 -.25 23.6553 19.5497 -.25 24.48 19.4419 -.25 24.0154
4 0 19.7136 -.25 22.6071 20.9094 -.25 23.6553 19.434 -.25 23.5263 19.5267 -.25 23.0459
4 0 20.3136 -.25 21.9689 20.9094 -.25 23.6553 19.7136 -.25 22.6071 19.982 -.25 22.2398
4 0 20.3136 -.25 21.9689 20.6858 -.25 21.8129 21.0732 -.25 21.7825 20.9094 -.25 23.6553
4 0 21.7889 -.25 22.0979 20.9094 -.25 23.6553 21.0732 -.25 21.7825 21.4495 -.25 21.8797
4 0 22.269 -.25 22.8307 20.9094 -.25 23.6553 21.7889 -.25 22.0979 22.0685 -.25 22.4223
4 0 22.3847 -.25 23.7844 20.9094 -.25 23.6553 22.269 -.25 22.8307 22.3769 -.25 23.2953
4 0 22.3847 -.25 23.7844 22.292 -.25 24.2647 22.1051 -.25 24.7035 20.9094 -.25 23.6553
4 0 22.1051 -.25 24.7035 21.8367 -.25 25.0709 21.5051 -.25 25.3418 20.9094 -.25 23.6553
4 0 16.7455 -.25 22.2282 16.3692 -.25 22.131 16.0298 -.25 21.9127 16.9094 -.25 20.3553
4 0 16.0298 -.25 21.9127 15.7502 -.25 21.5884 15.5497 -.25 21.18 16.9094 -.25 20.3553
4 0 15.5497 -.25 21.18 15.4419 -.25 20.7154 15.434 -.25 20.2263 16.9094 -.25 20.3553
4 0 15.434 -.25 20.2263 15.5267 -.25 19.7459 15.7136 -.25 19.3071 16.9094 -.25 20.3553
4 0 15.7136 -.25 19.3071 15.982 -.25 18.9398 16.3136 -.25 18.6689 16.9094 -.25 20.3553
4 0 16.3136 -.25 18.6689 16.6858 -.25 18.5129 17.0732 -.25 18.4825 16.9094 -.25 20.3553
4 0 17.7889 -.25 18.7979 16.9094 -.25 20.3553 17.0732 -.25 18.4825 17.4495 -.25 18.5797
4 0 18.269 -.25 19.5307 16.9094 -.25 20.3553 17.7889 -.25 18.7979 18.0685 -.25 19.1223
4 0 18.3847 -.25 20.4844 16.9094 -.25 20.3553 18.269 -.25 19.5307 18.3769 -.25 19.9953
4 0 18.3847 -.25 20.4844 18.292 -.25 20.9647 18.1051 -.25 21.4035 16.9094 -.25 20.3553
4 0 18.1051 -.25 21.4035 17.8367 -.25 21.7709 17.5051 -.25 22.0418 16.9094 -.25 20.3553
4 0 16.7455 -.25 22.2282 16.9094 -.25 20.3553 17.5051 -.25 22.0418 17.1329 -.25 22.1978
4 0 -10.4359 -.25 7.7262 -10.766 -.25 7.6409 -11.0639 -.25 7.4494 -10.2921 -.25 6.0828
4 0 -11.0639 -.25 7.4494 -11.3092 -.25 7.1648 -11.4852 -.25 6.8064 -10.2921 -.25 6.0828
4 0 -11.4852 -.25 6.8064 -11.5798 -.25 6.3987 -11.5867 -.25 5.9695 -10.2921 -.25 6.0828
4 0 -11.5867 -.25 5.9695 -11.5054 -.25 5.548 -11.3414 -.25 5.1629 -10.2921 -.25 6.0828
4 0 -11.3414 -.25 5.1629 -11.1059 -.25 4.8406 -10.8149 -.25 4.6028 -10.2921 -.25 6.0828
4 0 -10.8149 -.25 4.6028 -10.4883 -.25 4.466 -10.1483 -.25 4.4393 -10.2921 -.25 6.0828
4 0 -9.2749 -.25 5.0007 -10.2921 -.25 6.0828 -9.8181 -.25 4.5246 -9.5202 -.25 4.7161
4 0 -9.0043 -.25 5.7668 -10.2921 -.25 6.0828 -9.2749 -.25 5.0007 -9.099 -.25 5.3591
4 0 -9.0043 -.25 5.7668 -8.9974 -.25 6.196 -9.0787 -.25 6.6175 -10.2921 -.25 6.0828
4 0 -9.4783 -.25 7.3249 -10.2921 -.25 6.0828 -9.0787 -.25 6.6175 -9.2428 -.25 7.0026
4 0 -9.4783 -.25 7.3249 -9.7693 -.25 7.5627 -10.0959 -.25 7.6995 -10.2921 -.25 6.0828
4 0 -19.1671 -.25 .8394 -18.5421 -.25 -.2672 -18.6585 -.25 1.0635 -18.9259 -.25 .9944
4 0 -19.5082 -.25 .3187 -18.5421 -.25 -.2672 -19.1671 -.25 .8394 -19.3657 -.25 .6089
4 0 -19.5082 -.25 .3187 -19.5848 -.25 -.0114 -19.5904 -.25 -.359 -18.5421 -.25 -.2672
4 0 -19.5904 -.25 -.359 -19.5245 -.25 -.7003 -19.3917 -.25 -1.0121 -18.5421 -.25 -.2672
4 0 -19.3917 -.25 -1.0121 -19.201 -.25 -1.2731 -18.9654 -.25 -1.4656 -18.5421 -.25 -.2672
4 0 -18.9654 -.25 -1.4656 -18.7009 -.25 -1.5764 -18.4256 -.25 -1.598 -18.5421 -.25 -.2672
4 0 -17.9171 -.25 -1.3739 -18.5421 -.25 -.2672 -18.4256 -.25 -1.598 -18.1583 -.25 -1.5289
4 0 -17.576 -.25 -.8532 -18.5421 -.25 -.2672 -17.9171 -.25 -1.3739 -17.7185 -.25 -1.1434
4 0 -17.4937 -.25 -.1755 -18.5421 -.25 -.2672 -17.576 -.25 -.8532 -17.4993 -.25 -.5231
4 0 -17.4937 -.25 -.1755 -17.5596 -.25 .1658 -17.6924 -.25 .4776 -18.5421 -.25 -.2672
4 0 -17.6924 -.25 .4776 -17.8831 -.25 .7386 -18.1187 -.25 .9311 -18.5421 -.25 -.2672
4 0 -18.6585 -.25 1.0635 -18.5421 -.25 -.2672 -18.1187 -.25 .9311 -18.3832 -.25 1.0419
4 0 -16.4173 -.25 10.2927 -16.8389 -.25 10.4694 -17.2776 -.25 10.5038 -17.0921 -.25 8.3828
4 0 -17.2776 -.25 10.5038 -17.7038 -.25 10.3937 -18.0882 -.25 10.1465 -17.0921 -.25 8.3828
4 0 -18.0882 -.25 10.1465 -18.4048 -.25 9.7792 -18.6319 -.25 9.3167 -17.0921 -.25 8.3828
4 0 -18.6319 -.25 9.3167 -18.7541 -.25 8.7905 -18.763 -.25 8.2366 -17.0921 -.25 8.3828
4 0 -18.763 -.25 8.2366 -18.658 -.25 7.6926 -18.4463 -.25 7.1956 -17.0921 -.25 8.3828
4 0 -18.4463 -.25 7.1956 -18.1424 -.25 6.7796 -17.7668 -.25 6.4728 -17.0921 -.25 8.3828
4 0 -17.7668 -.25 6.4728 -17.3453 -.25 6.2961 -16.9065 -.25 6.2617 -17.0921 -.25 8.3828
4 0 -16.0959 -.25 6.619 -17.0921 -.25 8.3828 -16.9065 -.25 6.2617 -16.4804 -.25 6.3718
4 0 -15.5523 -.25 7.4488 -17.0921 -.25 8.3828 -16.0959 -.25 6.619 -15.7794 -.25 6.9863
4 0 -15.4212 -.25 8.5289 -17.0921 -.25 8.3828 -15.5523 -.25 7.4488 -15.4301 -.25 7.975
4 0 -15.7378 -.25 9.5699 -17.0921 -.25 8.3828 -15.4212 -.25 8.5289 -15.5261 -.25 9.0729
4 0 -15.7378 -.25 9.5699 -16.0418 -.25 9.9859 -16.4173 -.25 10.2927 -17.0921 -.25 8.3828
4 0 -20.9696 -.25 16.3447 -19.6921 -.25 14.0828 -19.93 -.25 16.8029 -20.4765 -.25 16.6617
4 0 -21.6668 -.25 15.2805 -19.6921 -.25 14.0828 -20.9696 -.25 16.3447 -21.3755 -.25 15.8736
4 0 -21.8349 -.25 13.8953 -19.6921 -.25 14.0828 -21.6668 -.25 15.2805 -21.8235 -.25 14.6057
4 0 -21.4288 -.25 12.5603 -19.6921 -.25 14.0828 -21.8349 -.25 13.8953 -21.7003 -.25 13.1977
4 0 -20.5574 -.25 11.6333 -19.6921 -.25 14.0828 -21.4288 -.25 12.5603 -21.039 -.25 12.0268
4 0 -19.4541 -.25 11.3626 -19.6921 -.25 14.0828 -20.5574 -.25 11.6333 -20.0168 -.25 11.4068
4 0 -18.4146 -.25 11.8208 -19.6921 -.25 14.0828 -19.4541 -.25 11.3626 -18.9076 -.25 11.5039
4 0 -17.7174 -.25 12.8851 -19.6921 -.25 14.0828 -18.4146 -.25 11.8208 -18.0086 -.25 12.2919
4 0 -17.5493 -.25 14.2702 -19.6921 -.25 14.0828 -17.7174 -.25 12.8851 -17.5607 -.25 13.5598
4 0 -17.5493 -.25 14.2702 -17.6839 -.25 14.9679 -17.9553 -.25 15.6052 -19.6921 -.25 14.0828
4 0 -17.9553 -.25 15.6052 -18.3452 -.25 16.1387 -18.8268 -.25 16.5322 -19.6921 -.25 14.0828
4 0 -19.93 -.25 16.8029 -19.6921 -.25 14.0828 -18.8268 -.25 16.5322 -19.3673 -.25 16.7587
4 0 19.1966 -.25 31.2337 18.7048 -.25 31.4397 18.1929 -.25 31.4799 18.4094 -.25 29.0053
4 0 18.1929 -.25 31.4799 17.6957 -.25 31.3515 17.2472 -.25 31.0631 18.4094 -.25 29.0053
4 0 17.2472 -.25 31.0631 16.8778 -.25 30.6345 16.6129 -.25 30.0949 18.4094 -.25 29.0053
4 0 16.6129 -.25 30.0949 16.4704 -.25 29.4811 16.46 -.25 28.8348 18.4094 -.25 29.0053
4 0 16.46 -.25 28.8348 16.5824 -.25 28.2001 16.8294 -.25 27.6204 18.4094 -.25 29.0053
4 0 16.8294 -.25 27.6204 17.184 -.25 27.135 17.6222 -.25 26.777 18.4094 -.25 29.0053
4 0 17.6222 -.25 26.777 18.1139 -.25 26.5709 18.6258 -.25 26.5308 18.4094 -.25 29.0053
4 0 19.5715 -.25 26.9476 18.4094 -.25 29.0053 18.6258 -.25 26.5308 19.123 -.25 26.6592
4 0 20.2058 -.25 27.9158 18.4094 -.25 29.0053 19.5715 -.25 26.9476 19.9409 -.25 27.3761
4 0 20.3587 -.25 29.1759 18.4094 -.25 29.0053 20.2058 -.25 27.9158 20.3483 -.25 28.5296
4 0 19.9893 -.25 30.3903 18.4094 -.25 29.0053 20.3587 -.25 29.1759 20.2363 -.25 29.8105
4 0 19.9893 -.25 30.3903 19.6347 -.25 30.8757 19.1966 -.25 31.2337 18.4094 -.25 29.0053
4 0 14.0429 -.25 28.0799 13.5457 -.25 27.9515 13.0972 -.25 27.6631 14.2594 -.25 25.6053
4 0 12.4629 -.25 26.6949 14.2594 -.25 25.6053 13.0972 -.25 27.6631 12.7278 -.25 27.2345
4 0 12.31 -.25 25.4348 14.2594 -.25 25.6053 12.4629 -.25 26.6949 12.3204 -.25 26.0811
4 0 12.6794 -.25 24.2204 14.2594 -.25 25.6053 12.31 -.25 25.4348 12.4324 -.25 24.8001
4 0 13.4722 -.25 23.377 14.2594 -.25 25.6053 12.6794 -.25 24.2204 13.034 -.25 23.735
4 0 14.4758 -.25 23.1308 14.2594 -.25 25.6053 13.4722 -.25 23.377 13.9639 -.25 23.1709
4 0 15.4215 -.25 23.5476 14.2594 -.25 25.6053 14.4758 -.25 23.1308 14.973 -.25 23.2592
4 0 16.0558 -.25 24.5158 14.2594 -.25 25.6053 15.4215 -.25 23.5476 15.7909 -.25 23.9761
4 0 16.2087 -.25 25.7759 14.2594 -.25 25.6053 16.0558 -.25 24.5158 16.1983 -.25 25.1296
4 0 16.2087 -.25 25.7759 16.0863 -.25 26.4105 15.8393 -.25 26.9903 14.2594 -.25 25.6053
4 0 15.8393 -.25 26.9903 15.4847 -.25 27.4757 15.0466 -.25 27.8337 14.2594 -.25 25.6053
4 0 14.0429 -.25 28.0799 14.2594 -.25 25.6053 15.0466 -.25 27.8337 14.5548 -.25 28.0397
4 0 13.4605 -.25 35.9586 13.29 -.25 35.2244 13.2776 -.25 34.4513 15.6094 -.25 34.6553
4 0 13.7195 -.25 32.9987 15.6094 -.25 34.6553 13.2776 -.25 34.4513 13.4241 -.25 33.6922
4 0 14.6677 -.25 31.9899 15.6094 -.25 34.6553 13.7195 -.25 32.9987 14.1437 -.25 32.4181
4 0 15.8683 -.25 31.6954 15.6094 -.25 34.6553 14.6677 -.25 31.9899 15.256 -.25 31.7434
4 0 16.9995 -.25 32.1939 15.6094 -.25 34.6553 15.8683 -.25 31.6954 16.463 -.25 31.849
4 0 17.7582 -.25 33.352 15.6094 -.25 34.6553 16.9995 -.25 32.1939 17.4413 -.25 32.7066
4 0 17.9411 -.25 34.8593 15.6094 -.25 34.6553 17.7582 -.25 33.352 17.9287 -.25 34.0863
4 0 17.9411 -.25 34.8593 17.7946 -.25 35.6185 17.4992 -.25 36.312 15.6094 -.25 34.6553
4 0 17.4992 -.25 36.312 17.075 -.25 36.8926 16.551 -.25 37.3207 15.6094 -.25 34.6553
4 0 15.3504 -.25 37.6153 15.6094 -.25 34.6553 16.551 -.25 37.3207 15.9627 -.25 37.5672
4 0 19.6585 -.25 16.1712 19.2994 -.25 16.0427 19.0118 -.25 15.7412 19.7691 -.25 14.906
4 0 19.0118 -.25 15.7412 18.8395 -.25 15.3125 18.8088 -.25 14.822 19.7691 -.25 14.906
4 0 18.8088 -.25 14.822 18.9243 -.25 14.3442 19.1683 -.25 13.952 19.7691 -.25 14.906
4 0 19.1683 -.25 13.952 19.5039 -.25 13.705 19.8798 -.25 13.6408 19.7691 -.25 14.906
4 0 20.5265 -.25 14.0708 19.7691 -.25 14.906 19.8798 -.25 13.6408 20.2389 -.25 13.7693
4 0 20.7295 -.25 14.99 19.7691 -.25 14.906 20.5265 -.25 14.0708 20.6987 -.25 14.4995
4 0 20.7295 -.25 14.99 20.614 -.25 15.4678 20.3699 -.25 15.86 19.7691 -.25 14.906
4 0 19.6585 -.25 16.1712 19.7691 -.25 14.906 20.3699 -.25 15.86 20.0344 -.25 16.107
4 0 23.6085 -.25 19.4212 23.2494 -.25 19.2927 22.9618 -.25 18.9912 23.7191 -.25 18.156
4 0 22.9618 -.25 18.9912 22.7895 -.25 18.5625 22.7588 -.25 18.072 23.7191 -.25 18.156
4 0 22.7588 -.25 18.072 22.8743 -.25 17.5942 23.1183 -.25 17.202 23.7191 -.25 18.156
4 0 23.1183 -.25 17.202 23.4539 -.25 16.955 23.8298 -.25 16.8908 23.7191 -.25 18.156
4 0 24.4765 -.25 17.3208 23.7191 -.25 18.156 23.8298 -.25 16.8908 24.1889 -.25 17.0193
4 0 24.6795 -.25 18.24 23.7191 -.25 18.156 24.4765 -.25 17.3208 24.6487 -.25 17.7495
4 0 24.6795 -.25 18.24 24.564 -.25 18.7178 24.3199 -.25 19.11 23.7191 -.25 18.156
4 0 23.6085 -.25 19.4212 23.7191 -.25 18.156 24.3199 -.25 19.11 23.9844 -.25 19.357
4 0 15.4585 -.25 13.0212 15.0994 -.25 12.8927 14.8118 -.25 12.5912 15.5691 -.25 11.756
4 0 14.8118 -.25 12.5912 14.6395 -.25 12.1625 14.6088 -.25 11.672 15.5691 -.25 11.756
4 0 14.6088 -.25 11.672 14.7243 -.25 11.1942 14.9683 -.25 10.802 15.5691 -.25 11.756
4 0 14.9683 -.25 10.802 15.3039 -.25 10.555 15.6798 -.25 10.4908 15.5691 -.25 11.756
4 0 16.3265 -.25 10.9208 15.5691 -.25 11.756 15.6798 -.25 10.4908 16.0389 -.25 10.6193
4 0 16.5295 -.25 11.84 15.5691 -.25 11.756 16.3265 -.25 10.9208 16.4987 -.25 11.3495
4 0 16.5295 -.25 11.84 16.414 -.25 12.3178 16.1699 -.25 12.71 15.5691 -.25 11.756
4 0 15.4585 -.25 13.0212 15.5691 -.25 11.756 16.1699 -.25 12.71 15.8344 -.25 12.957
4 0 7.272 -.25 6.1662 6.9569 -.25 6.0535 6.7046 -.25 5.7889 7.3691 -.25 5.056
4 0 6.7046 -.25 5.7889 6.5534 -.25 5.4127 6.5264 -.25 4.9823 7.3691 -.25 5.056
4 0 6.5264 -.25 4.9823 6.6277 -.25 4.563 6.8419 -.25 4.2188 7.3691 -.25 5.056
4 0 6.8419 -.25 4.2188 7.1364 -.25 4.0021 7.4663 -.25 3.9458 7.3691 -.25 5.056
4 0 8.0337 -.25 4.3231 7.3691 -.25 5.056 7.4663 -.25 3.9458 7.7814 -.25 4.0585
4 0 8.2118 -.25 5.1297 7.3691 -.25 5.056 8.0337 -.25 4.3231 8.1849 -.25 4.6992
4 0 8.2118 -.25 5.1297 8.1105 -.25 5.549 7.8963 -.25 5.8932 7.3691 -.25 5.056
4 0 7.272 -.25 6.1662 7.3691 -.25 5.056 7.8963 -.25 5.8932 7.6019 -.25 6.1099
4 0 -11.6204 -.25 -1.3701 -11.911 -.25 -1.4741 -12.1438 -.25 -1.7181 -11.5309 -.25 -2.394
4 0 -12.1438 -.25 -1.7181 -12.2832 -.25 -2.065 -12.3081 -.25 -2.462 -11.5309 -.25 -2.394
4 0 -12.3081 -.25 -2.462 -12.2146 -.25 -2.8487 -12.0171 -.25 -3.1661 -11.5309 -.25 -2.394
4 0 -12.0171 -.25 -3.1661 -11.7455 -.25 -3.366 -11.4413 -.25 -3.4179 -11.5309 -.25 -2.394
4 0 -10.918 -.25 -3.0699 -11.5309 -.25 -2.394 -11.4413 -.25 -3.4179 -11.1507 -.25 -3.3139
4 0 -10.7537 -.25 -2.326 -11.5309 -.25 -2.394 -10.918 -.25 -3.0699 -10.7785 -.25 -2.723
4 0 -10.7537 -.25 -2.326 -10.8471 -.25 -1.9394 -11.0446 -.25 -1.6219 -11.5309 -.25 -2.394
4 0 -11.6204 -.25 -1.3701 -11.5309 -.25 -2.394 -11.0446 -.25 -1.6219 -11.3162 -.25 -1.422
4 0 -15.8619 -.25 -4.968 -16.1247 -.25 -5.062 -16.3352 -.25 -5.2827 -15.7809 -.25 -5.894
4 0 -16.3352 -.25 -5.2827 -16.4612 -.25 -5.5965 -16.4837 -.25 -5.9555 -15.7809 -.25 -5.894
4 0 -16.4837 -.25 -5.9555 -16.3992 -.25 -6.3052 -16.2206 -.25 -6.5923 -15.7809 -.25 -5.894
4 0 -16.2206 -.25 -6.5923 -15.975 -.25 -6.7731 -15.6998 -.25 -6.82 -15.7809 -.25 -5.894
4 0 -15.2266 -.25 -6.5053 -15.7809 -.25 -5.894 -15.6998 -.25 -6.82 -15.437 -.25 -6.726
4 0 -15.078 -.25 -5.8325 -15.7809 -.25 -5.894 -15.2266 -.25 -6.5053 -15.1005 -.25 -6.1916
4 0 -15.078 -.25 -5.8325 -15.1625 -.25 -5.4828 -15.3411 -.25 -5.1957 -15.7809 -.25 -5.894
4 0 -15.8619 -.25 -4.968 -15.7809 -.25 -5.894 -15.3411 -.25 -5.1957 -15.5867 -.25 -5.015
4 0 -19.8485 -.25 -8.1213 -20.0678 -.25 -8.1998 -20.2434 -.25 -8.3839 -19.7809 -.25 -8.894
4 0 -20.2434 -.25 -8.3839 -20.3486 -.25 -8.6457 -20.3674 -.25 -8.9453 -19.7809 -.25 -8.894
4 0 -20.3674 -.25 -8.9453 -20.2969 -.25 -9.2371 -20.1478 -.25 -9.4767 -19.7809 -.25 -8.894
4 0 -20.1478 -.25 -9.4767 -19.9429 -.25 -9.6275 -19.7133 -.25 -9.6667 -19.7809 -.25 -8.894
4 0 -19.3183 -.25 -9.4041 -19.7809 -.25 -8.894 -19.7133 -.25 -9.6667 -19.494 -.25 -9.5882
4 0 -19.1944 -.25 -8.8427 -19.7809 -.25 -8.894 -19.3183 -.25 -9.4041 -19.2131 -.25 -9.1423
4 0 -19.1944 -.25 -8.8427 -19.2649 -.25 -8.5509 -19.4139 -.25 -8.3114 -19.7809 -.25 -8.894
4 0 -19.8485 -.25 -8.1213 -19.7809 -.25 -8.894 -19.4139 -.25 -8.3114 -19.6189 -.25 -8.1605
4 0 -9.1878 -.25 -7.1427 -9.3727 -.25 -7.2088 -9.5207 -.25 -7.364 -9.1309 -.25 -7.794
4 0 -9.5207 -.25 -7.364 -9.6094 -.25 -7.5847 -9.6253 -.25 -7.8373 -9.1309 -.25 -7.794
4 0 -9.6253 -.25 -7.8373 -9.5658 -.25 -8.0832 -9.4402 -.25 -8.2852 -9.1309 -.25 -7.794
4 0 -9.4402 -.25 -8.2852 -9.2674 -.25 -8.4123 -9.0739 -.25 -8.4453 -9.1309 -.25 -7.794
4 0 -8.741 -.25 -8.224 -9.1309 -.25 -7.794 -9.0739 -.25 -8.4453 -8.889 -.25 -8.3792
4 0 -8.6365 -.25 -7.7508 -9.1309 -.25 -7.794 -8.741 -.25 -8.224 -8.6523 -.25 -8.0033
4 0 -8.6365 -.25 -7.7508 -8.6959 -.25 -7.5048 -8.8216 -.25 -7.3029 -9.1309 -.25 -7.794
4 0 -9.1878 -.25 -7.1427 -9.1309 -.25 -7.794 -8.8216 -.25 -7.3029 -8.9943 -.25 -7.1757
4 0 9.9622 -.25 .4073 9.7773 -.25 .3412 9.6293 -.25 .186 10.0191 -.25 -.244
4 0 9.6293 -.25 .186 9.5406 -.25 -.0347 9.5247 -.25 -.2873 10.0191 -.25 -.244
4 0 9.5247 -.25 -.2873 9.5842 -.25 -.5332 9.7098 -.25 -.7352 10.0191 -.25 -.244
4 0 9.7098 -.25 -.7352 9.8826 -.25 -.8623 10.0761 -.25 -.8953 10.0191 -.25 -.244
4 0 10.409 -.25 -.674 10.0191 -.25 -.244 10.0761 -.25 -.8953 10.261 -.25 -.8292
4 0 10.5135 -.25 -.2008 10.0191 -.25 -.244 10.409 -.25 -.674 10.4977 -.25 -.4533
4 0 10.5135 -.25 -.2008 10.4541 -.25 .0452 10.3284 -.25 .2471 10.0191 -.25 -.244
4 0 9.9622 -.25 .4073 10.0191 -.25 -.244 10.3284 -.25 .2471 10.1557 -.25 .3743
4 0 18.2574 -.25 6.9113 18.0573 -.25 6.8397 17.897 -.25 6.6716 18.3191 -.25 6.206
4 0 17.897 -.25 6.6716 17.8009 -.25 6.4326 17.7838 -.25 6.1592 18.3191 -.25 6.206
4 0 17.7838 -.25 6.1592 17.8481 -.25 5.8928 17.9842 -.25 5.6742 18.3191 -.25 6.206
4 0 17.9842 -.25 5.6742 18.1713 -.25 5.5365 18.3808 -.25 5.5007 18.3191 -.25 6.206
4 0 18.7413 -.25 5.7404 18.3191 -.25 6.206 18.3808 -.25 5.5007 18.581 -.25 5.5723
4 0 18.8545 -.25 6.2528 18.3191 -.25 6.206 18.7413 -.25 5.7404 18.8374 -.25 5.9794
4 0 18.8545 -.25 6.2528 18.7901 -.25 6.5192 18.6541 -.25 6.7378 18.3191 -.25 6.206
4 0 18.2574 -.25 6.9113 18.3191 -.25 6.206 18.6541 -.25 6.7378 18.467 -.25 6.8755
4 0 22.2036 -.25 10.3047 21.9911 -.25 10.2287 21.821 -.25 10.0502 22.2691 -.25 9.556
4 0 21.821 -.25 10.0502 21.719 -.25 9.7966 21.7008 -.25 9.5063 22.2691 -.25 9.556
4 0 21.7008 -.25 9.5063 21.7692 -.25 9.2235 21.9136 -.25 8.9914 22.2691 -.25 9.556
4 0 21.9136 -.25 8.9914 22.1122 -.25 8.8453 22.3346 -.25 8.8073 22.2691 -.25 9.556
4 0 22.7173 -.25 9.0618 22.2691 -.25 9.556 22.3346 -.25 8.8073 22.5471 -.25 8.8833
4 0 22.8374 -.25 9.6057 22.2691 -.25 9.556 22.7173 -.25 9.0618 22.8192 -.25 9.3154
4 0 22.8374 -.25 9.6057 22.7691 -.25 9.8884 22.6247 -.25 10.1205 22.2691 -.25 9.556
4 0 22.2036 -.25 10.3047 22.2691 -.25 9.556 22.6247 -.25 10.1205 22.4261 -.25 10.2667
4 0 20.3368 -.25 3.5472 20.0697 -.25 3.4516 19.8557 -.25 3.2273 20.4191 -.25 2.606
4 0 19.8557 -.25 3.2273 19.7276 -.25 2.9084 19.7047 -.25 2.5435 20.4191 -.25 2.606
4 0 19.7047 -.25 2.5435 19.7906 -.25 2.1881 19.9722 -.25 1.8963 20.4191 -.25 2.606
4 0 19.9722 -.25 1.8963 20.2218 -.25 1.7125 20.5015 -.25 1.6648 20.4191 -.25 2.606
4 0 20.9825 -.25 1.9846 20.4191 -.25 2.606 20.5015 -.25 1.6648 20.7686 -.25 1.7603
4 0 21.1336 -.25 2.6685 20.4191 -.25 2.606 20.9825 -.25 1.9846 21.1107 -.25 2.3036
4 0 21.1336 -.25 2.6685 21.0477 -.25 3.0239 20.8661 -.25 3.3157 20.4191 -.25 2.606
4 0 20.3368 -.25 3.5472 20.4191 -.25 2.606 20.8661 -.25 3.3157 20.6165 -.25 3.4995
3 27 15.8973 -.25 40.1563 15.4284 -.25 40.5774 15.5366 -.25 39.8352
4 27 15.8973 -.25 40.1563 15.5366 -.25 39.8352 15.5226 -.25 38.9642 16.4238 -.25 39.8663
4 27 16.4238 -.25 39.8663 15.5226 -.25 38.9642 15.9627 -.25 37.5672 16.9722 -.25 39.727
4 27 15.5226 -.25 38.9642 15.3305 -.25 38.1369 15.3504 -.25 37.6153 15.9627 -.25 37.5672
3 27 15.3504 -.25 37.6153 15.3305 -.25 38.1369 15.0343 -.25 37.5336
4 27 17.8734 -.25 39.4941 17.5049 -.25 39.7481 16.9722 -.25 39.727 17.6105 -.25 38.9586
4 27 16.9722 -.25 39.727 15.9627 -.25 37.5672 17.44 -.25 38.2244 17.6105 -.25 38.9586
4 27 15.9627 -.25 37.5672 16.551 -.25 37.3207 17.4276 -.25 37.4513 17.44 -.25 38.2244
4 27 16.551 -.25 37.3207 17.075 -.25 36.8926 17.5741 -.25 36.6922 17.4276 -.25 37.4513
4 27 17.075 -.25 36.8926 17.4992 -.25 36.312 17.8695 -.25 35.9987 17.5741 -.25 36.6922
4 27 17.4992 -.25 36.312 17.7946 -.25 35.6185 18.2937 -.25 35.4181 17.8695 -.25 35.9987
4 27 17.7946 -.25 35.6185 17.9411 -.25 34.8593 18.8177 -.25 34.9899 18.2937 -.25 35.4181
4 27 19.406 -.25 34.7434 18.8177 -.25 34.9899 17.9411 -.25 34.8593 17.9287 -.25 34.0863
4 27 21.4571 -.25 35.551 21.1495 -.25 35.1939 21.5957 -.25 34.6515 21.677 -.25 35
3 27 21.74 -.25 34.6887 21.677 -.25 35 21.5957 -.25 34.6515
4 27 21.5957 -.25 34.6515 21.1495 -.25 35.1939 20.613 -.25 34.849 21.1472 -.25 34.3631
4 27 21.1472 -.25 34.3631 20.613 -.25 34.849 20.0183 -.25 34.6954 20.7778 -.25 33.9345
4 27 20.7778 -.25 33.9345 20.0183 -.25 34.6954 19.406 -.25 34.7434 20.5129 -.25 33.3949
4 27 17.9287 -.25 34.0863 20.3704 -.25 32.7811 20.5129 -.25 33.3949 19.406 -.25 34.7434
4 27 17.9287 -.25 34.0863 17.7582 -.25 33.352 18.7048 -.25 31.4397 20.3704 -.25 32.7811
4 27 20.3704 -.25 32.7811 18.7048 -.25 31.4397 19.1966 -.25 31.2337 20.36 -.25 32.1348
4 27 20.36 -.25 32.1348 19.1966 -.25 31.2337 19.6347 -.25 30.8757 20.4824 -.25 31.5001
4 27 20.4824 -.25 31.5001 19.6347 -.25 30.8757 19.9893 -.25 30.3903 20.7294 -.25 30.9204
4 27 20.7294 -.25 30.9204 19.9893 -.25 30.3903 20.2363 -.25 29.8105 21.084 -.25 30.435
4 27 20.2363 -.25 29.8105 20.3587 -.25 29.1759 21.5222 -.25 30.077 21.084 -.25 30.435
4 27 18.1929 -.25 31.4799 18.7048 -.25 31.4397 17.7582 -.25 33.352 17.4413 -.25 32.7066
4 27 17.4413 -.25 32.7066 16.9995 -.25 32.1939 17.6957 -.25 31.3515 18.1929 -.25 31.4799
4 27 16.9995 -.25 32.1939 16.463 -.25 31.849 17.2472 -.25 31.0631 17.6957 -.25 31.3515
4 27 16.463 -.25 31.849 15.8683 -.25 31.6954 16.8778 -.25 30.6345 17.2472 -.25 31.0631
3 27 13.6735 -.25 36.3924 13.2011 -.25 36.2703 13.4605 -.25 35.9586
4 27 13.2011 -.25 36.2703 12.5112 -.25 36.3245 13.29 -.25 35.2244 13.4605 -.25 35.9586
4 27 11.5121 -.25 35.5245 12.5112 -.25 36.3245 11.8484 -.25 36.6022 11.5676 -.25 36.3034
3 27 11.8484 -.25 36.6022 11.4829 -.25 36.9008 11.5676 -.25 36.3034
4 27 12.5112 -.25 36.3245 11.5121 -.25 35.5245 11.2979 -.25 34.7736 13.29 -.25 35.2244
4 27 13.29 -.25 35.2244 11.2979 -.25 34.7736 11.9127 -.25 34.1672 13.2776 -.25 34.4513
3 27 11.9127 -.25 34.1672 11.2979 -.25 34.7736 11.3004 -.25 34.2153
3 27 11.3004 -.25 34.2153 11.2979 -.25 34.7736 10.9521 -.25 34.1253
4 27 11.9127 -.25 34.1672 12.501 -.25 33.9207 13.4241 -.25 33.6922 13.2776 -.25 34.4513
4 27 12.501 -.25 33.9207 13.025 -.25 33.4926 13.7195 -.25 32.9987 13.4241 -.25 33.6922
4 27 13.025 -.25 33.4926 13.4492 -.25 32.912 14.1437 -.25 32.4181 13.7195 -.25 32.9987
3 27 14.1437 -.25 32.4181 13.4492 -.25 32.912 13.7446 -.25 32.2185
4 27 13.7446 -.25 32.2185 13.8911 -.25 31.4593 14.6677 -.25 31.9899 14.1437 -.25 32.4181
4 27 14.6677 -.25 31.9899 13.8911 -.25 31.4593 13.8787 -.25 30.6863 15.256 -.25 31.7434
4 27 15.256 -.25 31.7434 13.8787 -.25 30.6863 16.4704 -.25 29.4811 15.8683 -.25 31.6954
3 27 16.6129 -.25 30.0949 15.8683 -.25 31.6954 16.4704 -.25 29.4811
3 27 16.8778 -.25 30.6345 15.8683 -.25 31.6954 16.6129 -.25 30.0949
4 27 13.8787 -.25 30.6863 13.7082 -.25 29.952 16.46 -.25 28.8348 16.4704 -.25 29.4811
4 27 13.7082 -.25 29.952 14.5548 -.25 28.0397 15.0466 -.25 27.8337 16.46 -.25 28.8348
4 27 16.46 -.25 28.8348 15.0466 -.25 27.8337 15.4847 -.25 27.4757 16.5824 -.25 28.2001
4 27 16.5824 -.25 28.2001 15.4847 -.25 27.4757 15.8393 -.25 26.9903 16.8294 -.25 27.6204
4 27 16.8294 -.25 27.6204 15.8393 -.25 26.9903 16.0863 -.25 26.4105 17.184 -.25 27.135
4 27 17.184 -.25 27.135 16.0863 -.25 26.4105 16.2087 -.25 25.7759 17.6222 -.25 26.777
4 27 17.6222 -.25 26.777 16.2087 -.25 25.7759 16.1983 -.25 25.1296 18.1139 -.25 26.5709
4 27 16.1983 -.25 25.1296 19.5497 -.25 24.48 18.6258 -.25 26.5308 18.1139 -.25 26.5709
4 27 19.5497 -.25 24.48 19.7502 -.25 24.8884 19.123 -.25 26.6592 18.6258 -.25 26.5308
4 27 19.7502 -.25 24.8884 20.0298 -.25 25.2127 19.5715 -.25 26.9476 19.123 -.25 26.6592
4 27 20.0298 -.25 25.2127 20.3692 -.25 25.431 19.9409 -.25 27.3761 19.5715 -.25 26.9476
3 27 20.7455 -.25 25.5282 19.9409 -.25 27.3761 20.3692 -.25 25.431
4 27 21.5222 -.25 30.077 20.3587 -.25 29.1759 20.3483 -.25 28.5296 22.0139 -.25 29.8709
4 27 22.0139 -.25 29.8709 20.3483 -.25 28.5296 20.2058 -.25 27.9158 22.5258 -.25 29.8308
4 27 22.5258 -.25 29.8308 20.2058 -.25 27.9158 19.9409 -.25 27.3761 21.1329 -.25 25.4978
3 27 21.1329 -.25 25.4978 19.9409 -.25 27.3761 20.7455 -.25 25.5282
4 27 22.5258 -.25 29.8308 21.1329 -.25 25.4978 21.5051 -.25 25.3418 22.7129 -.25 29.8791
3 27 22.7129 -.25 29.8791 21.5051 -.25 25.3418 21.8367 -.25 25.0709
3 27 22.7129 -.25 29.8791 21.8367 -.25 25.0709 22.1051 -.25 24.7035
3 27 22.7129 -.25 29.8791 22.1051 -.25 24.7035 22.292 -.25 24.2647
4 27 22.292 -.25 24.2647 22.3847 -.25 23.7844 24.3199 -.25 19.11 22.7129 -.25 29.8791
4 27 22.3847 -.25 23.7844 22.3769 -.25 23.2953 23.9844 -.25 19.357 24.3199 -.25 19.11
4 27 22.3769 -.25 23.2953 22.269 -.25 22.8307 23.6085 -.25 19.4212 23.9844 -.25 19.357
4 27 22.269 -.25 22.8307 22.0685 -.25 22.4223 23.2494 -.25 19.2927 23.6085 -.25 19.4212
4 27 22.0685 -.25 22.4223 21.7889 -.25 22.0979 22.9618 -.25 18.9912 23.2494 -.25 19.2927
4 27 22.7895 -.25 18.5625 22.9618 -.25 18.9912 21.7889 -.25 22.0979 21.4495 -.25 21.8797
4 27 21.4495 -.25 21.8797 21.0732 -.25 21.7825 22.7588 -.25 18.072 22.7895 -.25 18.5625
4 27 20.0344 -.25 16.107 22.7588 -.25 18.072 21.0732 -.25 21.7825 18.269 -.25 19.5307
4 27 18.269 -.25 19.5307 21.0732 -.25 21.7825 20.6858 -.25 21.8129 18.3769 -.25 19.9953
4 27 18.3769 -.25 19.9953 20.6858 -.25 21.8129 20.3136 -.25 21.9689 18.3847 -.25 20.4844
4 27 18.3847 -.25 20.4844 20.3136 -.25 21.9689 19.982 -.25 22.2398 18.292 -.25 20.9647
4 27 18.292 -.25 20.9647 19.982 -.25 22.2398 19.7136 -.25 22.6071 18.1051 -.25 21.4035
4 27 18.1051 -.25 21.4035 19.7136 -.25 22.6071 19.5267 -.25 23.0459 17.8367 -.25 21.7709
4 27 17.8367 -.25 21.7709 19.5267 -.25 23.0459 19.434 -.25 23.5263 17.5051 -.25 22.0418
4 27 17.5051 -.25 22.0418 19.434 -.25 23.5263 19.4419 -.25 24.0154 17.1329 -.25 22.1978
4 27 17.1329 -.25 22.1978 19.4419 -.25 24.0154 16.0558 -.25 24.5158 15.7909 -.25 23.9761
4 27 19.4419 -.25 24.0154 19.5497 -.25 24.48 16.1983 -.25 25.1296 16.0558 -.25 24.5158
4 27 17.1329 -.25 22.1978 15.7909 -.25 23.9761 15.4215 -.25 23.5476 16.7455 -.25 22.2282
4 27 16.7455 -.25 22.2282 15.4215 -.25 23.5476 14.973 -.25 23.2592 16.3692 -.25 22.131
4 27 16.3692 -.25 22.131 14.973 -.25 23.2592 14.4758 -.25 23.1308 16.0298 -.25 21.9127
4 27 16.0298 -.25 21.9127 14.4758 -.25 23.1308 13.9639 -.25 23.1709 15.7502 -.25 21.5884
4 27 15.7502 -.25 21.5884 13.9639 -.25 23.1709 13.5073 -.25 18.4431 15.5497 -.25 21.18
4 27 13.5073 -.25 18.4431 13.9639 -.25 23.1709 13.4722 -.25 23.377 13.1536 -.25 18.6042
4 27 13.4722 -.25 23.377 12.0983 -.25 22.0796 11.9558 -.25 21.4658 13.1536 -.25 18.6042
4 27 13.1536 -.25 18.6042 11.9558 -.25 21.4658 11.7672 -.25 21.0816 12.7668 -.25 18.6415
3 27 12.7668 -.25 18.6415 11.7672 -.25 21.0816 12.3732 -.25 18.5525
3 27 12.3732 -.25 18.5525 11.7672 -.25 21.0816 12.1939 -.25 18.4522
4 27 13.034 -.25 23.735 11.9863 -.25 23.3605 12.1087 -.25 22.7259 13.4722 -.25 23.377
3 27 13.4722 -.25 23.377 12.1087 -.25 22.7259 12.0983 -.25 22.0796
4 27 13.7082 -.25 29.952 13.3913 -.25 29.3066 14.0429 -.25 28.0799 14.5548 -.25 28.0397
4 27 13.3913 -.25 29.3066 12.9495 -.25 28.7939 13.5457 -.25 27.9515 14.0429 -.25 28.0799
4 27 13.5457 -.25 27.9515 12.9495 -.25 28.7939 12.413 -.25 28.449 13.0972 -.25 27.6631
4 27 12.413 -.25 28.449 11.8183 -.25 28.2954 12.7278 -.25 27.2345 13.0972 -.25 27.6631
4 27 11.8183 -.25 28.2954 11.206 -.25 28.3434 12.4629 -.25 26.6949 12.7278 -.25 27.2345
4 27 11.206 -.25 28.3434 11.2 -.25 24.5766 12.3204 -.25 26.0811 12.4629 -.25 26.6949
4 27 11.2 -.25 24.5766 11.3847 -.25 24.4257 12.31 -.25 25.4348 12.3204 -.25 26.0811
4 27 11.3847 -.25 24.4257 11.7393 -.25 23.9403 12.4324 -.25 24.8001 12.31 -.25 25.4348
4 27 11.7393 -.25 23.9403 11.9863 -.25 23.3605 12.6794 -.25 24.2204 12.4324 -.25 24.8001
3 27 13.034 -.25 23.735 12.6794 -.25 24.2204 11.9863 -.25 23.3605
3 27 11.206 -.25 28.3434 10.6177 -.25 28.5899 11.2 -.25 24.5766
3 27 11.2 -.25 24.5766 10.6177 -.25 28.5899 10.5381 -.25 28.655
3 27 15.5497 -.25 21.18 13.5073 -.25 18.4431 15.4419 -.25 20.7154
3 27 15.4419 -.25 20.7154 13.5073 -.25 18.4431 15.434 -.25 20.2263
4 27 15.434 -.25 20.2263 13.5073 -.25 18.4431 13.8037 -.25 18.1692 15.5267 -.25 19.7459
4 27 15.5267 -.25 19.7459 13.8037 -.25 18.1692 14.0227 -.25 17.8012 15.7136 -.25 19.3071
4 27 15.7136 -.25 19.3071 14.0227 -.25 17.8012 14.1492 -.25 17.3642 15.982 -.25 18.9398
4 27 15.982 -.25 18.9398 14.1492 -.25 17.3642 14.1748 -.25 16.888 16.3136 -.25 18.6689
4 27 19.0118 -.25 15.7412 17.4495 -.25 18.5797 17.0732 -.25 18.4825 18.8395 -.25 15.3125
4 27 19.2994 -.25 16.0427 17.7889 -.25 18.7979 17.4495 -.25 18.5797 19.0118 -.25 15.7412
4 27 19.6585 -.25 16.1712 18.0685 -.25 19.1223 17.7889 -.25 18.7979 19.2994 -.25 16.0427
4 27 18.0685 -.25 19.1223 19.6585 -.25 16.1712 20.0344 -.25 16.107 18.269 -.25 19.5307
4 27 22.7588 -.25 18.072 20.0344 -.25 16.107 20.3699 -.25 15.86 22.8743 -.25 17.5942
4 27 22.8743 -.25 17.5942 20.3699 -.25 15.86 20.614 -.25 15.4678 23.1183 -.25 17.202
4 27 23.1183 -.25 17.202 20.614 -.25 15.4678 20.7295 -.25 14.99 23.4539 -.25 16.955
4 27 23.4539 -.25 16.955 20.7295 -.25 14.99 20.6987 -.25 14.4995 23.8298 -.25 16.8908
4 27 20.6987 -.25 14.4995 21.9911 -.25 10.2287 22.2036 -.25 10.3047 23.8298 -.25 16.8908
3 27 23.8298 -.25 16.8908 22.2036 -.25 10.3047 22.4261 -.25 10.2667
4 27 22.4261 -.25 10.2667 22.6247 -.25 10.1205 25.8547 -.25 12.8935 23.8298 -.25 16.8908
4 27 25.8547 -.25 12.8935 25.8776 -.25 13.2584 24.1889 -.25 17.0193 23.8298 -.25 16.8908
3 27 26.0097 -.25 13.5815 24.6487 -.25 17.7495 24.4765 -.25 17.3208
3 27 26.0097 -.25 13.5815 24.6795 -.25 18.24 24.6487 -.25 17.7495
3 27 24.564 -.25 18.7178 22.7129 -.25 29.8791 24.3199 -.25 19.11
4 27 26.0097 -.25 13.5815 22.7129 -.25 29.8791 24.564 -.25 18.7178 24.6795 -.25 18.24
4 27 25.8547 -.25 12.8935 22.6247 -.25 10.1205 22.7691 -.25 9.8884 25.9406 -.25 12.5381
4 27 25.9406 -.25 12.5381 22.7691 -.25 9.8884 22.8374 -.25 9.6057 26.1222 -.25 12.2463
4 27 26.1222 -.25 12.2463 22.8374 -.25 9.6057 22.8192 -.25 9.3154 26.3074 -.25 12.1099
4 27 26.3074 -.25 12.1099 22.8192 -.25 9.3154 22.7173 -.25 9.0618 30.78 -.25 -10
4 27 24.366 -.25 -11.5525 21.677 -.25 -24.1 30.78 -.25 -24.1 30.78 -.25 -10
4 27 16.3136 -.25 18.6689 15.0994 -.25 12.8927 15.4585 -.25 13.0212 16.6858 -.25 18.5129
4 27 16.6858 -.25 18.5129 15.4585 -.25 13.0212 15.8344 -.25 12.957 17.0732 -.25 18.4825
4 27 17.0732 -.25 18.4825 15.8344 -.25 12.957 18.8088 -.25 14.822 18.8395 -.25 15.3125
4 27 15.8344 -.25 12.957 16.1699 -.25 12.71 18.9243 -.25 14.3442 18.8088 -.25 14.822
4 27 16.1699 -.25 12.71 16.414 -.25 12.3178 19.1683 -.25 13.952 18.9243 -.25 14.3442
4 27 16.414 -.25 12.3178 16.5295 -.25 11.84 19.5039 -.25 13.705 19.1683 -.25 13.952
4 27 16.5295 -.25 11.84 16.4987 -.25 11.3495 19.8798 -.25 13.6408 19.5039 -.25 13.705
4 27 16.3265 -.25 10.9208 18.2574 -.25 6.9113 19.8798 -.25 13.6408 16.4987 -.25 11.3495
4 27 18.2574 -.25 6.9113 18.467 -.25 6.8755 20.2389 -.25 13.7693 19.8798 -.25 13.6408
4 27 18.467 -.25 6.8755 18.6541 -.25 6.7378 21.7008 -.25 9.5063 20.2389 -.25 13.7693
4 27 21.7008 -.25 9.5063 21.719 -.25 9.7966 20.5265 -.25 14.0708 20.2389 -.25 13.7693
4 27 21.719 -.25 9.7966 21.821 -.25 10.0502 20.6987 -.25 14.4995 20.5265 -.25 14.0708
3 27 21.9911 -.25 10.2287 20.6987 -.25 14.4995 21.821 -.25 10.0502
4 27 18.2574 -.25 6.9113 16.3265 -.25 10.9208 16.0389 -.25 10.6193 18.0573 -.25 6.8397
4 27 18.0573 -.25 6.8397 16.0389 -.25 10.6193 15.6798 -.25 10.4908 17.897 -.25 6.6716
4 27 17.897 -.25 6.6716 15.6798 -.25 10.4908 15.3039 -.25 10.555 17.8009 -.25 6.4326
4 27 13.6333 -.25 9.5828 17.7838 -.25 6.1592 17.8009 -.25 6.4326 15.3039 -.25 10.555
4 27 21.7008 -.25 9.5063 18.6541 -.25 6.7378 18.7901 -.25 6.5192 21.7692 -.25 9.2235
4 27 21.7692 -.25 9.2235 18.7901 -.25 6.5192 18.8545 -.25 6.2528 21.9136 -.25 8.9914
4 27 21.9136 -.25 8.9914 18.8545 -.25 6.2528 18.8374 -.25 5.9794 22.1122 -.25 8.8453
4 27 18.7413 -.25 5.7404 20.0697 -.25 3.4516 22.1122 -.25 8.8453 18.8374 -.25 5.9794
4 27 20.0697 -.25 3.4516 20.3368 -.25 3.5472 22.3346 -.25 8.8073 22.1122 -.25 8.8453
4 27 20.3368 -.25 3.5472 20.6165 -.25 3.4995 22.5471 -.25 8.8833 22.3346 -.25 8.8073
3 27 22.5471 -.25 8.8833 20.6165 -.25 3.4995 20.8661 -.25 3.3157
4 27 20.8661 -.25 3.3157 21.0477 -.25 3.0239 22.7173 -.25 9.0618 22.5471 -.25 8.8833
4 27 22.7173 -.25 9.0618 21.0477 -.25 3.0239 21.1336 -.25 2.6685 30.78 -.25 -10
3 27 30.78 -.25 -10 21.1336 -.25 2.6685 21.1107 -.25 2.3036
3 27 30.78 -.25 -10 21.1107 -.25 2.3036 20.9825 -.25 1.9846
4 27 20.0697 -.25 3.4516 18.7413 -.25 5.7404 18.581 -.25 5.5723 19.8557 -.25 3.2273
4 27 19.8557 -.25 3.2273 18.581 -.25 5.5723 18.3808 -.25 5.5007 19.7276 -.25 2.9084
4 27 15.7789 -.25 -3.6377 19.7276 -.25 2.9084 18.3808 -.25 5.5007 18.1713 -.25 5.5365
4 27 14.1748 -.25 16.888 14.0976 -.25 16.4049 15.0994 -.25 12.8927 16.3136 -.25 18.6689
4 27 13.7568 -.25 14.6017 15.0994 -.25 12.8927 14.0976 -.25 16.4049 13.9229 -.25 15.948
4 0 25.8776 -.25 13.2584 25.8547 -.25 12.8935 25.9406 -.25 12.5381 26.0097 -.25 13.5815
4 0 26.3074 -.25 12.1099 26.0097 -.25 13.5815 25.9406 -.25 12.5381 26.1222 -.25 12.2463
4 0 22.5258 -.25 29.8308 22.7129 -.25 29.8791 21.74 -.25 34.6887 21.5957 -.25 34.6515
4 0 22.5258 -.25 29.8308 21.5957 -.25 34.6515 21.1472 -.25 34.3631 22.0139 -.25 29.8709
4 0 21.1472 -.25 34.3631 20.7778 -.25 33.9345 21.5222 -.25 30.077 22.0139 -.25 29.8709
4 0 21.5222 -.25 30.077 20.7778 -.25 33.9345 20.7294 -.25 30.9204 21.084 -.25 30.435
4 0 20.36 -.25 32.1348 20.4824 -.25 31.5001 20.7294 -.25 30.9204 20.7778 -.25 33.9345
4 0 20.36 -.25 32.1348 20.7778 -.25 33.9345 20.5129 -.25 33.3949 20.3704 -.25 32.7811
3 0 18.084 -.25 39.353 17.8734 -.25 39.4941 17.6105 -.25 38.9586
4 0 18.084 -.25 39.353 17.6105 -.25 38.9586 17.44 -.25 38.2244 19.575 -.25 38.36
4 0 17.44 -.25 38.2244 17.4276 -.25 37.4513 17.5741 -.25 36.6922 19.575 -.25 38.36
4 0 17.5741 -.25 36.6922 17.8695 -.25 35.9987 18.2937 -.25 35.4181 19.575 -.25 38.36
4 0 18.2937 -.25 35.4181 18.8177 -.25 34.9899 19.406 -.25 34.7434 19.575 -.25 38.36
4 0 20.613 -.25 34.849 19.575 -.25 38.36 19.406 -.25 34.7434 20.0183 -.25 34.6954
4 0 20.613 -.25 34.849 21.1495 -.25 35.1939 21.013 -.25 36.664 19.575 -.25 38.36
3 0 21.4571 -.25 35.551 21.013 -.25 36.664 21.1495 -.25 35.1939
4 0 15.4284 -.25 40.5774 15.8973 -.25 40.1563 16.4238 -.25 39.8663 17.5049 -.25 39.7481
3 0 17.5049 -.25 39.7481 16.4238 -.25 39.8663 16.9722 -.25 39.727
4 15 -18.3452 -.25 16.1387 -17.9553 -.25 15.6052 -17.4288 -.25 15.4103 -17.7003 -.25 16.0477
4 15 -17.9553 -.25 15.6052 -17.6839 -.25 14.9679 -17.039 -.25 14.8768 -17.4288 -.25 15.4103
4 15 -17.6839 -.25 14.9679 -17.5493 -.25 14.2702 -16.5574 -.25 14.4833 -17.039 -.25 14.8768
4 15 -17.5493 -.25 14.2702 -17.5607 -.25 13.5598 -16.0168 -.25 14.2568 -16.5574 -.25 14.4833
4 15 -17.5607 -.25 13.5598 -16.8389 -.25 10.4694 -16.4173 -.25 10.2927 -16.0168 -.25 14.2568
4 15 -16.0168 -.25 14.2568 -16.4173 -.25 10.2927 -16.0418 -.25 9.9859 -15.4541 -.25 14.2126
4 15 -15.4541 -.25 14.2126 -16.0418 -.25 9.9859 -15.7378 -.25 9.5699 -15.2618 -.25 14.2623
4 15 -17.5607 -.25 13.5598 -17.7174 -.25 12.8851 -17.2776 -.25 10.5038 -16.8389 -.25 10.4694
4 15 -17.7174 -.25 12.8851 -18.0086 -.25 12.2919 -17.7038 -.25 10.3937 -17.2776 -.25 10.5038
4 15 -18.0882 -.25 10.1465 -17.7038 -.25 10.3937 -18.0086 -.25 12.2919 -18.4146 -.25 11.8208
4 15 -18.4146 -.25 11.8208 -18.9076 -.25 11.5039 -18.4048 -.25 9.7792 -18.0882 -.25 10.1465
4 15 -18.9076 -.25 11.5039 -19.4541 -.25 11.3626 -18.6319 -.25 9.3167 -18.4048 -.25 9.7792
4 15 -19.4541 -.25 11.3626 -20.0168 -.25 11.4068 -18.7541 -.25 8.7905 -18.6319 -.25 9.3167
4 15 -20.5574 -.25 11.6333 -20.9105 -.25 6.9408 -18.7541 -.25 8.7905 -20.0168 -.25 11.4068
4 15 -20.9105 -.25 6.9408 -20.5251 -.25 6.7793 -18.763 -.25 8.2366 -18.7541 -.25 8.7905
4 15 -20.5251 -.25 6.7793 -20.1817 -.25 6.4987 -18.658 -.25 7.6926 -18.763 -.25 8.2366
4 15 -20.1817 -.25 6.4987 -19.9037 -.25 6.1183 -18.4463 -.25 7.1956 -18.658 -.25 7.6926
4 15 -19.9037 -.25 6.1183 -19.7101 -.25 5.6639 -18.1424 -.25 6.7796 -18.4463 -.25 7.1956
4 15 -19.7101 -.25 5.6639 -19.6142 -.25 5.1664 -17.7668 -.25 6.4728 -18.1424 -.25 6.7796
4 15 -19.6142 -.25 5.1664 -19.6223 -.25 4.6599 -17.3453 -.25 6.2961 -17.7668 -.25 6.4728
4 15 -18.6585 -.25 1.0635 -18.3832 -.25 1.0419 -16.9065 -.25 6.2617 -17.3453 -.25 6.2961
4 15 -18.3832 -.25 1.0419 -18.1187 -.25 .9311 -16.4804 -.25 6.3718 -16.9065 -.25 6.2617
4 15 -16.4804 -.25 6.3718 -18.1187 -.25 .9311 -15.6233 -.25 3.075 -15.6167 -.25 3.4832
4 15 -18.1187 -.25 .9311 -17.8831 -.25 .7386 -15.5459 -.25 2.6742 -15.6233 -.25 3.075
4 15 -17.8831 -.25 .7386 -17.6924 -.25 .4776 -15.39 -.25 2.308 -15.5459 -.25 2.6742
4 15 -17.6924 -.25 .4776 -17.5596 -.25 .1658 -15.166 -.25 2.0014 -15.39 -.25 2.308
4 15 -17.5596 -.25 .1658 -17.4937 -.25 -.1755 -14.8893 -.25 1.7754 -15.166 -.25 2.0014
3 15 -15.2618 -.25 14.2623 -15.7378 -.25 9.5699 -15.5261 -.25 9.0729
4 15 -15.5261 -.25 9.0729 -15.4212 -.25 8.5289 -13.8949 -.25 4.5901 -15.2618 -.25 14.2623
3 15 -13.747 -.25 4.4693 -15.2618 -.25 14.2623 -13.8949 -.25 4.5901
4 15 -15.4212 -.25 8.5289 -15.4301 -.25 7.975 -14.2055 -.25 4.7203 -13.8949 -.25 4.5901
4 15 -14.5288 -.25 4.7457 -14.2055 -.25 4.7203 -15.4301 -.25 7.975 -15.5523 -.25 7.4488
4 15 -14.8428 -.25 4.6645 -14.5288 -.25 4.7457 -15.5523 -.25 7.4488 -15.7794 -.25 6.9863
4 15 -15.1261 -.25 4.4824 -14.8428 -.25 4.6645 -15.7794 -.25 6.9863 -16.0959 -.25 6.619
4 15 -16.0959 -.25 6.619 -16.4804 -.25 6.3718 -15.3594 -.25 4.2117 -15.1261 -.25 4.4824
3 15 -15.5267 -.25 3.8709 -16.4804 -.25 6.3718 -15.6167 -.25 3.4832
3 15 -15.3594 -.25 4.2117 -16.4804 -.25 6.3718 -15.5267 -.25 3.8709
4 15 -21.7014 -.25 6.8716 -21.7003 -.25 13.1977 -21.8349 -.25 13.8953 -21.9285 -.25 6.7257
4 15 -21.7003 -.25 13.1977 -21.7014 -.25 6.8716 -21.3118 -.25 6.9723 -21.4288 -.25 12.5603
4 15 -21.4288 -.25 12.5603 -21.3118 -.25 6.9723 -20.9105 -.25 6.9408 -21.039 -.25 12.0268
3 15 -20.5574 -.25 11.6333 -21.039 -.25 12.0268 -20.9105 -.25 6.9408
4 15 -20.1872 -.25 17.8364 -17.8235 -.25 17.4557 -17.6668 -.25 18.1305 -20.0241 -.25 18.5386
4 15 -17.8349 -.25 16.7453 -17.8235 -.25 17.4557 -20.1872 -.25 17.8364 -19.3673 -.25 16.7587
3 15 -17.8349 -.25 16.7453 -19.3673 -.25 16.7587 -18.8268 -.25 16.5322
4 15 -17.7003 -.25 16.0477 -17.8349 -.25 16.7453 -18.8268 -.25 16.5322 -18.3452 -.25 16.1387
4 15 -19.93 -.25 16.8029 -19.3673 -.25 16.7587 -20.1872 -.25 17.8364 -20.4902 -.25 17.2192
4 15 -20.9127 -.25 16.729 -20.4765 -.25 16.6617 -19.93 -.25 16.8029 -20.4902 -.25 17.2192
4 15 -21.4257 -.25 16.3991 -20.9696 -.25 16.3447 -20.4765 -.25 16.6617 -20.9127 -.25 16.729
4 15 -21.9252 -.25 16.2701 -21.3755 -.25 15.8736 -20.9696 -.25 16.3447 -21.4257 -.25 16.3991
3 15 -21.3755 -.25 15.8736 -21.9252 -.25 16.2701 -21.6668 -.25 15.2805
3 15 -21.6668 -.25 15.2805 -21.9252 -.25 16.2701 -21.8235 -.25 14.6057
3 15 -21.8235 -.25 14.6057 -21.9252 -.25 16.2701 -21.8349 -.25 13.8953
3 15 -21.8349 -.25 13.8953 -21.9252 -.25 16.2701 -21.9285 -.25 6.7257
4 15 -17.3453 -.25 6.2961 -19.6223 -.25 4.6599 -19.734 -.25 4.1787 -18.6585 -.25 1.0635
4 15 -19.9417 -.25 3.7558 -18.9259 -.25 .9944 -18.6585 -.25 1.0635 -19.734 -.25 4.1787
4 15 -18.9259 -.25 .9944 -19.9417 -.25 3.7558 -20.2312 -.25 3.4199 -19.1671 -.25 .8394
4 15 -20.5827 -.25 3.1939 -19.3657 -.25 .6089 -19.1671 -.25 .8394 -20.2312 -.25 3.4199
4 15 -20.9724 -.25 3.0932 -19.5082 -.25 .3187 -19.3657 -.25 .6089 -20.5827 -.25 3.1939
4 15 -21.3736 -.25 3.1247 -19.5848 -.25 -.0114 -19.5082 -.25 .3187 -20.9724 -.25 3.0932
4 15 -19.5904 -.25 -.359 -19.5848 -.25 -.0114 -21.3736 -.25 3.1247 -21.8539 -.25 -2.9702
4 15 -21.7591 -.25 3.2862 -21.9318 -.25 -2.8637 -21.8539 -.25 -2.9702 -21.3736 -.25 3.1247
3 15 -21.7591 -.25 3.2862 -21.9296 -.25 3.4255 -21.9318 -.25 -2.8637
3 15 -19.5245 -.25 -.7003 -19.5904 -.25 -.359 -21.8539 -.25 -2.9702
3 15 -19.3917 -.25 -1.0121 -19.5245 -.25 -.7003 -21.8539 -.25 -2.9702
4 15 -19.3917 -.25 -1.0121 -21.8539 -.25 -2.9702 -21.7386 -.25 -3.2411 -19.201 -.25 -1.2731
4 15 -21.6813 -.25 -3.5376 -18.9654 -.25 -1.4656 -19.201 -.25 -1.2731 -21.7386 -.25 -3.2411
4 15 -21.6862 -.25 -3.8395 -18.7009 -.25 -1.5764 -18.9654 -.25 -1.4656 -21.6813 -.25 -3.5376
4 15 -21.7528 -.25 -4.1263 -19.8485 -.25 -8.1213 -18.7009 -.25 -1.5764 -21.6862 -.25 -3.8395
4 15 -19.8485 -.25 -8.1213 -19.6189 -.25 -8.1605 -18.4256 -.25 -1.598 -18.7009 -.25 -1.5764
4 15 -19.6189 -.25 -8.1605 -16.4837 -.25 -5.9555 -16.4612 -.25 -5.5965 -18.4256 -.25 -1.598
4 15 -18.4256 -.25 -1.598 -16.4612 -.25 -5.5965 -16.3352 -.25 -5.2827 -18.1583 -.25 -1.5289
4 15 -18.1583 -.25 -1.5289 -16.3352 -.25 -5.2827 -16.1247 -.25 -5.062 -17.9171 -.25 -1.3739
4 15 -17.9171 -.25 -1.3739 -16.1247 -.25 -5.062 -15.8619 -.25 -4.968 -17.7185 -.25 -1.1434
4 15 -15.5867 -.25 -5.015 -17.576 -.25 -.8532 -17.7185 -.25 -1.1434 -15.8619 -.25 -4.968
4 15 -17.576 -.25 -.8532 -15.5867 -.25 -5.015 -14.5787 -.25 1.6452 -17.4993 -.25 -.5231
4 15 -14.8893 -.25 1.7754 -17.4937 -.25 -.1755 -17.4993 -.25 -.5231 -14.5787 -.25 1.6452
4 15 -15.1625 -.25 -5.4828 -15.078 -.25 -5.8325 -13.658 -.25 1.8831 -13.9413 -.25 1.701
4 15 -15.3411 -.25 -5.1957 -15.1625 -.25 -5.4828 -13.9413 -.25 1.701 -14.2553 -.25 1.6198
4 15 -15.5867 -.25 -5.015 -15.3411 -.25 -5.1957 -14.2553 -.25 1.6198 -14.5787 -.25 1.6452
4 15 -21.8766 -.25 -4.3784 -20.0678 -.25 -8.1998 -19.8485 -.25 -8.1213 -21.7528 -.25 -4.1263
4 15 -21.9323 -.25 -4.443 -20.2434 -.25 -8.3839 -20.0678 -.25 -8.1998 -21.8766 -.25 -4.3784
3 15 -20.2434 -.25 -8.3839 -21.9323 -.25 -4.443 -20.3486 -.25 -8.6457
4 15 -21.935 -.25 -12.382 -20.3674 -.25 -8.9453 -20.3486 -.25 -8.6457 -21.9323 -.25 -4.443
3 15 -20.2969 -.25 -9.2371 -20.3674 -.25 -8.9453 -21.935 -.25 -12.382
3 15 -20.1478 -.25 -9.4767 -20.2969 -.25 -9.2371 -21.935 -.25 -12.382
3 15 -19.9429 -.25 -9.6275 -20.1478 -.25 -9.4767 -21.935 -.25 -12.382
4 15 -19.9429 -.25 -9.6275 -21.935 -.25 -12.382 -14.004 -.25 -15.6 -19.7133 -.25 -9.6667
3 15 -14.004 -.25 -15.6 -19.494 -.25 -9.5882 -19.7133 -.25 -9.6667
3 15 -14.004 -.25 -15.6 -19.3183 -.25 -9.4041 -19.494 -.25 -9.5882
3 15 -14.004 -.25 -15.6 -19.2131 -.25 -9.1423 -19.3183 -.25 -9.4041
4 15 -19.2131 -.25 -9.1423 -14.004 -.25 -15.6 -13.432 -.25 -15.832 -19.1944 -.25 -8.8427
4 15 -15.6998 -.25 -6.82 -15.975 -.25 -6.7731 -19.2649 -.25 -8.5509 -19.1944 -.25 -8.8427
4 15 -19.4139 -.25 -8.3114 -19.2649 -.25 -8.5509 -15.975 -.25 -6.7731 -16.2206 -.25 -6.5923
4 15 -19.6189 -.25 -8.1605 -19.4139 -.25 -8.3114 -16.2206 -.25 -6.5923 -16.3992 -.25 -6.3052
3 15 -16.3992 -.25 -6.3052 -16.4837 -.25 -5.9555 -19.6189 -.25 -8.1605
4 15 -19.1944 -.25 -8.8427 -13.432 -.25 -15.832 -15.437 -.25 -6.726 -15.6998 -.25 -6.82
4 15 -15.2266 -.25 -6.5053 -15.437 -.25 -6.726 -13.432 -.25 -15.832 -12.984 -.25 -16.45
3 15 -12.984 -.25 -16.45 -15.1005 -.25 -6.1916 -15.2266 -.25 -6.5053
4 15 -13.658 -.25 1.8831 -15.078 -.25 -5.8325 -15.1005 -.25 -6.1916 -12.984 -.25 -16.45
4 15 -13.658 -.25 1.8831 -12.984 -.25 -16.45 -2.8005 -.25 -66.3 -13.3975 -.25 2.2094
4 15 -5.504 -.25 -66.3 -2.8005 -.25 -66.3 -12.984 -.25 -16.45 -12.899 -.25 -17.286
4 15 -12.802 -.25 -64.539 -5.504 -.25 -66.3 -12.899 -.25 -17.286 -12.92 -.25 -63.658
4 0 -21.8766 -.25 -4.3784 -21.8539 -.25 -2.9702 -21.9318 -.25 -2.8637 -21.9323 -.25 -4.443
4 0 -21.7528 -.25 -4.1263 -21.7386 -.25 -3.2411 -21.8539 -.25 -2.9702 -21.8766 -.25 -4.3784
4 0 -21.6862 -.25 -3.8395 -21.6813 -.25 -3.5376 -21.7386 -.25 -3.2411 -21.7528 -.25 -4.1263
4 0 -21.7591 -.25 3.2862 -21.7014 -.25 6.8716 -21.9285 -.25 6.7257 -21.9296 -.25 3.4255
4 0 -21.7591 -.25 3.2862 -21.3736 -.25 3.1247 -21.3118 -.25 6.9723 -21.7014 -.25 6.8716
4 0 -20.9724 -.25 3.0932 -20.9105 -.25 6.9408 -21.3118 -.25 6.9723 -21.3736 -.25 3.1247
4 0 -20.9724 -.25 3.0932 -20.5827 -.25 3.1939 -20.5251 -.25 6.7793 -20.9105 -.25 6.9408
4 0 -20.5251 -.25 6.7793 -20.5827 -.25 3.1939 -20.2312 -.25 3.4199 -20.1817 -.25 6.4987
4 0 -20.2312 -.25 3.4199 -19.9417 -.25 3.7558 -19.9037 -.25 6.1183 -20.1817 -.25 6.4987
4 0 -19.734 -.25 4.1787 -19.7101 -.25 5.6639 -19.9037 -.25 6.1183 -19.9417 -.25 3.7558
4 0 -19.734 -.25 4.1787 -19.6223 -.25 4.6599 -19.6142 -.25 5.1664 -19.7101 -.25 5.6639
4 0 -15.4541 -.25 14.2126 -15.2618 -.25 14.2623 -16.0892 -.25 19.6367 -16.4765 -.25 19.5117
4 0 -16.5574 -.25 14.4833 -16.0168 -.25 14.2568 -15.4541 -.25 14.2126 -16.4765 -.25 19.5117
4 0 -17.3755 -.25 18.7236 -16.5574 -.25 14.4833 -16.4765 -.25 19.5117 -16.9696 -.25 19.1947
4 0 -17.039 -.25 14.8768 -16.5574 -.25 14.4833 -17.3755 -.25 18.7236 -17.6668 -.25 18.1305
4 0 -17.7003 -.25 16.0477 -17.4288 -.25 15.4103 -17.039 -.25 14.8768 -17.6668 -.25 18.1305
4 0 -17.8235 -.25 17.4557 -17.8349 -.25 16.7453 -17.7003 -.25 16.0477 -17.6668 -.25 18.1305
4 0 -13.658 -.25 1.8831 -13.3975 -.25 2.2094 -13.747 -.25 4.4693 -13.8949 -.25 4.5901
4 0 -14.2055 -.25 4.7203 -13.9413 -.25 1.701 -13.658 -.25 1.8831 -13.8949 -.25 4.5901
4 0 -14.2553 -.25 1.6198 -13.9413 -.25 1.701 -14.2055 -.25 4.7203 -14.5288 -.25 4.7457
4 0 -14.8428 -.25 4.6645 -14.5787 -.25 1.6452 -14.2553 -.25 1.6198 -14.5288 -.25 4.7457
4 0 -14.8893 -.25 1.7754 -14.5787 -.25 1.6452 -14.8428 -.25 4.6645 -15.1261 -.25 4.4824
4 0 -15.39 -.25 2.308 -15.166 -.25 2.0014 -14.8893 -.25 1.7754 -15.1261 -.25 4.4824
4 0 -15.1261 -.25 4.4824 -15.3594 -.25 4.2117 -15.5267 -.25 3.8709 -15.39 -.25 2.308
4 0 -15.6233 -.25 3.075 -15.5459 -.25 2.6742 -15.39 -.25 2.308 -15.5267 -.25 3.8709
3 0 -15.5267 -.25 3.8709 -15.6167 -.25 3.4832 -15.6233 -.25 3.075
4 4 -12.2352 -.25 30.7173 -11.6809 -.25 30.106 -11.7619 -.25 31.032 -12.0247 -.25 30.938
4 4 -12.3837 -.25 30.0445 -11.6809 -.25 30.106 -12.2352 -.25 30.7173 -12.3612 -.25 30.4035
4 4 -12.1206 -.25 29.4077 -11.6809 -.25 30.106 -12.3837 -.25 30.0445 -12.2992 -.25 29.6948
4 4 -12.1206 -.25 29.4077 -11.875 -.25 29.2269 -11.5998 -.25 29.18 -11.6809 -.25 30.106
4 4 -11.5998 -.25 29.18 -11.337 -.25 29.274 -11.1266 -.25 29.4947 -11.6809 -.25 30.106
4 4 -11.1266 -.25 29.4947 -11.0005 -.25 29.8084 -10.978 -.25 30.1675 -11.6809 -.25 30.106
4 4 -11.2411 -.25 30.8043 -11.6809 -.25 30.106 -10.978 -.25 30.1675 -11.0625 -.25 30.5172
4 4 -11.7619 -.25 31.032 -11.6809 -.25 30.106 -11.2411 -.25 30.8043 -11.4867 -.25 30.985
4 4 -14.9271 -.25 28.3533 -14.4309 -.25 27.806 -14.5034 -.25 28.6351 -14.7387 -.25 28.5509
4 4 -14.9271 -.25 28.3533 -15.04 -.25 28.0724 -15.0602 -.25 27.7509 -14.4309 -.25 27.806
4 4 -14.8246 -.25 27.1808 -14.4309 -.25 27.806 -15.0602 -.25 27.7509 -14.9845 -.25 27.4378
4 4 -14.8246 -.25 27.1808 -14.6047 -.25 27.019 -14.3583 -.25 26.9769 -14.4309 -.25 27.806
4 4 -14.3583 -.25 26.9769 -14.123 -.25 27.0611 -13.9346 -.25 27.2587 -14.4309 -.25 27.806
4 4 -13.9346 -.25 27.2587 -13.8217 -.25 27.5396 -13.8015 -.25 27.8611 -14.4309 -.25 27.806
4 4 -14.0372 -.25 28.4312 -14.4309 -.25 27.806 -13.8015 -.25 27.8611 -13.8772 -.25 28.1741
4 4 -14.5034 -.25 28.6351 -14.4309 -.25 27.806 -14.0372 -.25 28.4312 -14.257 -.25 28.593
4 4 -17.712 -.25 25.8814 -17.2809 -.25 25.406 -17.3439 -.25 26.1262 -17.5483 -.25 26.0531
4 4 -17.8275 -.25 25.3582 -17.2809 -.25 25.406 -17.712 -.25 25.8814 -17.81 -.25 25.6374
4 4 -17.6229 -.25 24.8629 -17.2809 -.25 25.406 -17.8275 -.25 25.3582 -17.7618 -.25 25.0862
4 4 -17.6229 -.25 24.8629 -17.4318 -.25 24.7223 -17.2179 -.25 24.6858 -17.2809 -.25 25.406
4 4 -17.2179 -.25 24.6858 -17.0135 -.25 24.7589 -16.8498 -.25 24.9306 -17.2809 -.25 25.406
4 4 -16.8498 -.25 24.9306 -16.7517 -.25 25.1746 -16.7342 -.25 25.4538 -17.2809 -.25 25.406
4 4 -16.9389 -.25 25.9491 -17.2809 -.25 25.406 -16.7342 -.25 25.4538 -16.7999 -.25 25.7258
4 4 -17.3439 -.25 26.1262 -17.2809 -.25 25.406 -16.9389 -.25 25.9491 -17.1299 -.25 26.0897
4 4 -7.462 -.25 29.0314 -7.0309 -.25 28.556 -7.0939 -.25 29.2762 -7.2983 -.25 29.2031
4 4 -7.462 -.25 29.0314 -7.56 -.25 28.7874 -7.5775 -.25 28.5082 -7.0309 -.25 28.556
4 4 -7.3729 -.25 28.0129 -7.0309 -.25 28.556 -7.5775 -.25 28.5082 -7.5118 -.25 28.2362
4 4 -7.3729 -.25 28.0129 -7.1818 -.25 27.8723 -6.9679 -.25 27.8358 -7.0309 -.25 28.556
4 4 -6.9679 -.25 27.8358 -6.7635 -.25 27.9089 -6.5998 -.25 28.0806 -7.0309 -.25 28.556
4 4 -6.5998 -.25 28.0806 -6.5017 -.25 28.3246 -6.4842 -.25 28.6038 -7.0309 -.25 28.556
4 4 -6.6889 -.25 29.0991 -7.0309 -.25 28.556 -6.4842 -.25 28.6038 -6.5499 -.25 28.8758
4 4 -7.0939 -.25 29.2762 -7.0309 -.25 28.556 -6.6889 -.25 29.0991 -6.8799 -.25 29.2397
4 4 -10.0592 -.25 26.7232 -9.6809 -.25 26.306 -9.7362 -.25 26.938 -9.9155 -.25 26.8738
4 4 -10.1606 -.25 26.264 -9.6809 -.25 26.306 -10.0592 -.25 26.7232 -10.1452 -.25 26.5091
4 4 -9.981 -.25 25.8294 -9.6809 -.25 26.306 -10.1606 -.25 26.264 -10.1029 -.25 26.0254
4 4 -9.981 -.25 25.8294 -9.8134 -.25 25.7061 -9.6256 -.25 25.674 -9.6809 -.25 26.306
4 4 -9.6256 -.25 25.674 -9.4462 -.25 25.7382 -9.3026 -.25 25.8888 -9.6809 -.25 26.306
4 4 -9.3026 -.25 25.8888 -9.2165 -.25 26.1029 -9.2012 -.25 26.348 -9.6809 -.25 26.306
4 4 -9.3808 -.25 26.7825 -9.6809 -.25 26.306 -9.2012 -.25 26.348 -9.2588 -.25 26.5866
4 4 -9.7362 -.25 26.938 -9.6809 -.25 26.306 -9.3808 -.25 26.7825 -9.5484 -.25 26.9059
4 4 -13.0162 -.25 24.5758 -12.6809 -.25 24.206 -12.7299 -.25 24.7662 -12.8889 -.25 24.7093
4 4 -13.0162 -.25 24.5758 -13.0925 -.25 24.386 -13.1061 -.25 24.1688 -12.6809 -.25 24.206
4 4 -12.9469 -.25 23.7836 -12.6809 -.25 24.206 -13.1061 -.25 24.1688 -13.0549 -.25 23.9573
4 4 -12.9469 -.25 23.7836 -12.7983 -.25 23.6742 -12.6319 -.25 23.6458 -12.6809 -.25 24.206
4 4 -12.6319 -.25 23.6458 -12.4729 -.25 23.7027 -12.3455 -.25 23.8362 -12.6809 -.25 24.206
4 4 -12.3455 -.25 23.8362 -12.2693 -.25 24.026 -12.2557 -.25 24.2432 -12.6809 -.25 24.206
4 4 -12.4149 -.25 24.6284 -12.6809 -.25 24.206 -12.2557 -.25 24.2432 -12.3068 -.25 24.4547
4 4 -12.7299 -.25 24.7662 -12.6809 -.25 24.206 -12.4149 -.25 24.6284 -12.5634 -.25 24.7378
4 4 -20.3662 -.25 23.7758 -20.0309 -.25 23.406 -20.0799 -.25 23.9662 -20.2389 -.25 23.9093
4 4 -20.4561 -.25 23.3688 -20.0309 -.25 23.406 -20.3662 -.25 23.7758 -20.4425 -.25 23.586
4 4 -20.2969 -.25 22.9836 -20.0309 -.25 23.406 -20.4561 -.25 23.3688 -20.4049 -.25 23.1573
4 4 -20.2969 -.25 22.9836 -20.1483 -.25 22.8742 -19.9819 -.25 22.8458 -20.0309 -.25 23.406
4 4 -19.9819 -.25 22.8458 -19.8229 -.25 22.9027 -19.6955 -.25 23.0362 -20.0309 -.25 23.406
4 4 -19.6955 -.25 23.0362 -19.6193 -.25 23.226 -19.6057 -.25 23.4432 -20.0309 -.25 23.406
4 4 -19.7649 -.25 23.8284 -20.0309 -.25 23.406 -19.6057 -.25 23.4432 -19.6568 -.25 23.6547
4 4 -20.0799 -.25 23.9662 -20.0309 -.25 23.406 -19.7649 -.25 23.8284 -19.9134 -.25 23.9378
4 4 -2.7193 -.25 27.324 -2.4309 -.25 27.006 -2.473 -.25 27.4878 -2.6098 -.25 27.4389
4 4 -2.7193 -.25 27.324 -2.7849 -.25 27.1608 -2.7966 -.25 26.974 -2.4309 -.25 27.006
4 4 -2.6596 -.25 26.6427 -2.4309 -.25 27.006 -2.7966 -.25 26.974 -2.7526 -.25 26.7921
4 4 -2.6596 -.25 26.6427 -2.5319 -.25 26.5486 -2.3887 -.25 26.5242 -2.4309 -.25 27.006
4 4 -2.3887 -.25 26.5242 -2.252 -.25 26.5731 -2.1425 -.25 26.6879 -2.4309 -.25 27.006
4 4 -2.1425 -.25 26.6879 -2.0769 -.25 26.8512 -2.0652 -.25 27.038 -2.4309 -.25 27.006
4 4 -2.2021 -.25 27.3693 -2.4309 -.25 27.006 -2.0652 -.25 27.038 -2.1091 -.25 27.2199
4 4 -2.473 -.25 27.4878 -2.4309 -.25 27.006 -2.2021 -.25 27.3693 -2.3299 -.25 27.4633
4 4 .1807 -.25 29.724 .4691 -.25 29.406 .427 -.25 29.8878 .2902 -.25 29.8389
4 4 .1034 -.25 29.374 .4691 -.25 29.406 .1807 -.25 29.724 .1151 -.25 29.5608
4 4 .2404 -.25 29.0427 .4691 -.25 29.406 .1034 -.25 29.374 .1474 -.25 29.1921
4 4 .2404 -.25 29.0427 .3681 -.25 28.9486 .5113 -.25 28.9242 .4691 -.25 29.406
4 4 .5113 -.25 28.9242 .648 -.25 28.9731 .7575 -.25 29.0879 .4691 -.25 29.406
4 4 .7575 -.25 29.0879 .8231 -.25 29.2512 .8348 -.25 29.438 .4691 -.25 29.406
4 4 .6979 -.25 29.7693 .4691 -.25 29.406 .8348 -.25 29.438 .7909 -.25 29.6199
4 4 .427 -.25 29.8878 .4691 -.25 29.406 .6979 -.25 29.7693 .5701 -.25 29.8633
4 4 8.5377 -.25 36.3715 8.8691 -.25 36.006 8.8207 -.25 36.5597 8.6635 -.25 36.5035
4 4 8.5377 -.25 36.3715 8.4623 -.25 36.1839 8.4488 -.25 35.9692 8.8691 -.25 36.006
4 4 8.6062 -.25 35.5884 8.8691 -.25 36.006 8.4488 -.25 35.9692 8.4993 -.25 35.7601
4 4 8.6062 -.25 35.5884 8.753 -.25 35.4803 8.9176 -.25 35.4522 8.8691 -.25 36.006
4 4 8.9176 -.25 35.4522 9.0747 -.25 35.5085 9.2006 -.25 35.6404 8.8691 -.25 36.006
4 4 9.2006 -.25 35.6404 9.276 -.25 35.8281 9.2895 -.25 36.0428 8.8691 -.25 36.006
4 4 9.1321 -.25 36.4236 8.8691 -.25 36.006 9.2895 -.25 36.0428 9.2389 -.25 36.2519
4 4 8.8207 -.25 36.5597 8.8691 -.25 36.006 9.1321 -.25 36.4236 8.9852 -.25 36.5317
4 4 11.3766 -.25 38.7889 11.7691 -.25 38.356 11.7118 -.25 39.0118 11.5256 -.25 38.9452
4 4 11.2713 -.25 38.3124 11.7691 -.25 38.356 11.3766 -.25 38.7889 11.2873 -.25 38.5667
4 4 11.4577 -.25 37.8615 11.7691 -.25 38.356 11.2713 -.25 38.3124 11.3312 -.25 38.0648
4 4 11.4577 -.25 37.8615 11.6316 -.25 37.7334 11.8265 -.25 37.7002 11.7691 -.25 38.356
4 4 11.8265 -.25 37.7002 12.0126 -.25 37.7668 12.1617 -.25 37.9231 11.7691 -.25 38.356
4 4 12.1617 -.25 37.9231 12.251 -.25 38.1453 12.2669 -.25 38.3995 11.7691 -.25 38.356
4 4 12.0806 -.25 38.8505 11.7691 -.25 38.356 12.2669 -.25 38.3995 12.2071 -.25 38.6472
4 4 11.7118 -.25 39.0118 11.7691 -.25 38.356 12.0806 -.25 38.8505 11.9066 -.25 38.9785
4 4 14.1266 -.25 40.8889 14.5191 -.25 40.456 14.4618 -.25 41.1118 14.2756 -.25 41.0452
4 4 14.1266 -.25 40.8889 14.0373 -.25 40.6667 14.0213 -.25 40.4124 14.5191 -.25 40.456
4 4 14.2077 -.25 39.9615 14.5191 -.25 40.456 14.0213 -.25 40.4124 14.0812 -.25 40.1648
4 4 14.2077 -.25 39.9615 14.3816 -.25 39.8334 14.5765 -.25 39.8002 14.5191 -.25 40.456
4 4 14.5765 -.25 39.8002 14.7626 -.25 39.8668 14.9117 -.25 40.0231 14.5191 -.25 40.456
4 4 14.9117 -.25 40.0231 15.001 -.25 40.2453 15.0169 -.25 40.4995 14.5191 -.25 40.456
4 4 14.8306 -.25 40.9505 14.5191 -.25 40.456 15.0169 -.25 40.4995 14.9571 -.25 40.7472
4 4 14.4618 -.25 41.1118 14.5191 -.25 40.456 14.8306 -.25 40.9505 14.6566 -.25 41.0785
4 4 9.2609 -.25 42.6767 9.8691 -.25 42.006 9.7802 -.25 43.022 9.4919 -.25 42.9189
4 4 9.0979 -.25 41.9385 9.8691 -.25 42.006 9.2609 -.25 42.6767 9.1226 -.25 42.3325
4 4 9.3866 -.25 41.2398 9.8691 -.25 42.006 9.0979 -.25 41.9385 9.1906 -.25 41.5548
4 4 9.3866 -.25 41.2398 9.6561 -.25 41.0415 9.958 -.25 40.9899 9.8691 -.25 42.006
4 4 9.958 -.25 40.9899 10.2464 -.25 41.0931 10.4773 -.25 41.3352 9.8691 -.25 42.006
4 4 10.4773 -.25 41.3352 10.6157 -.25 41.6795 10.6404 -.25 42.0735 9.8691 -.25 42.006
4 4 10.3516 -.25 42.7722 9.8691 -.25 42.006 10.6404 -.25 42.0735 10.5477 -.25 42.4572
4 4 9.7802 -.25 43.022 9.8691 -.25 42.006 10.3516 -.25 42.7722 10.0822 -.25 42.9705
4 4 -17.056 -.25 32.4057 -16.3309 -.25 31.606 -16.4368 -.25 32.8174 -16.7807 -.25 32.6944
4 4 -17.056 -.25 32.4057 -17.2209 -.25 31.9953 -17.2504 -.25 31.5255 -16.3309 -.25 31.606
4 4 -16.9061 -.25 30.6925 -16.3309 -.25 31.606 -17.2504 -.25 31.5255 -17.1398 -.25 31.0681
4 4 -16.9061 -.25 30.6925 -16.5848 -.25 30.456 -16.2249 -.25 30.3946 -16.3309 -.25 31.606
4 4 -16.2249 -.25 30.3946 -15.8811 -.25 30.5176 -15.6057 -.25 30.8063 -16.3309 -.25 31.606
4 4 -15.6057 -.25 30.8063 -15.4408 -.25 31.2167 -15.4113 -.25 31.6864 -16.3309 -.25 31.606
4 4 -15.7556 -.25 32.5195 -16.3309 -.25 31.606 -15.4113 -.25 31.6864 -15.5219 -.25 32.1439
4 4 -16.4368 -.25 32.8174 -16.3309 -.25 31.606 -15.7556 -.25 32.5195 -16.0769 -.25 32.756
4 4 -19.8736 -.25 29.9648 -19.2309 -.25 29.256 -19.3248 -.25 30.3298 -19.6296 -.25 30.2207
4 4 -20.0459 -.25 29.1847 -19.2309 -.25 29.256 -19.8736 -.25 29.9648 -20.0198 -.25 29.601
4 4 -19.7408 -.25 28.4463 -19.2309 -.25 29.256 -20.0459 -.25 29.1847 -19.9479 -.25 28.7792
4 4 -19.7408 -.25 28.4463 -19.456 -.25 28.2367 -19.1369 -.25 28.1822 -19.2309 -.25 29.256
4 4 -19.1369 -.25 28.1822 -18.8322 -.25 28.2912 -18.5881 -.25 28.5471 -19.2309 -.25 29.256
4 4 -18.5881 -.25 28.5471 -18.4419 -.25 28.911 -18.4158 -.25 29.3273 -19.2309 -.25 29.256
4 4 -18.721 -.25 30.0657 -19.2309 -.25 29.256 -18.4158 -.25 29.3273 -18.5138 -.25 29.7328
4 4 -19.3248 -.25 30.3298 -19.2309 -.25 29.256 -18.721 -.25 30.0657 -19.0057 -.25 30.2753
4 4 5.8921 -.25 44.5452 5.5441 -.25 44.8012 5.1544 -.25 44.8678 5.2691 -.25 43.556
4 4 4.4839 -.25 44.422 5.2691 -.25 43.556 5.1544 -.25 44.8678 4.7821 -.25 44.7346
4 4 4.4839 -.25 44.422 4.3053 -.25 43.9775 4.2734 -.25 43.4689 5.2691 -.25 43.556
4 4 4.6462 -.25 42.5668 5.2691 -.25 43.556 4.2734 -.25 43.4689 4.3931 -.25 42.9735
4 4 5.7562 -.25 42.3774 6.0544 -.25 42.69 6.233 -.25 43.1345 5.2691 -.25 43.556
4 4 6.1451 -.25 44.1385 5.2691 -.25 43.556 6.233 -.25 43.1345 6.2648 -.25 43.6431
3 4 6.1451 -.25 44.1385 5.8921 -.25 44.5452 5.2691 -.25 43.556
4 4 2.1232 -.25 48.4198 3.2691 -.25 47.156 3.1017 -.25 49.0704 2.5583 -.25 48.876
4 4 1.816 -.25 47.0289 3.2691 -.25 47.156 2.1232 -.25 48.4198 1.8625 -.25 47.7711
4 4 2.3601 -.25 45.7124 3.2691 -.25 47.156 1.816 -.25 47.0289 1.9907 -.25 46.3059
4 4 2.3601 -.25 45.7124 2.8678 -.25 45.3387 3.4366 -.25 45.2416 3.2691 -.25 47.156
4 4 3.4366 -.25 45.2416 3.98 -.25 45.436 4.4151 -.25 45.8922 3.2691 -.25 47.156
4 4 4.4151 -.25 45.8922 4.6757 -.25 46.5408 4.7223 -.25 47.2831 3.2691 -.25 47.156
4 4 4.2054 -.25 48.5558 3.2691 -.25 47.156 4.7223 -.25 47.2831 4.5475 -.25 48.006
4 4 .3517 -.25 46.8704 -.1917 -.25 46.676 -.6268 -.25 46.2198 .5191 -.25 44.956
4 4 -.934 -.25 44.8289 .5191 -.25 44.956 -.6268 -.25 46.2198 -.8875 -.25 45.5711
4 4 1.6651 -.25 43.6922 1.9257 -.25 44.3408 1.9723 -.25 45.0831 .5191 -.25 44.956
4 4 1.4282 -.25 46.3996 .5191 -.25 44.956 1.9723 -.25 45.0831 1.7975 -.25 45.806
4 4 .3517 -.25 46.8704 .5191 -.25 44.956 1.4282 -.25 46.3996 .9205 -.25 46.7733
4 4 -19.2065 -.25 36.3319 -18.2309 -.25 35.256 -18.3735 -.25 36.8858 -18.836 -.25 36.7204
4 4 -19.468 -.25 35.1478 -18.2309 -.25 35.256 -19.2065 -.25 36.3319 -19.4284 -.25 35.7797
4 4 -19.0048 -.25 34.027 -18.2309 -.25 35.256 -19.468 -.25 35.1478 -19.3193 -.25 34.5323
4 4 -19.0048 -.25 34.027 -18.5726 -.25 33.7088 -18.0883 -.25 33.6261 -18.2309 -.25 35.256
4 4 -18.0883 -.25 33.6261 -17.6257 -.25 33.7916 -17.2552 -.25 34.1801 -18.2309 -.25 35.256
4 4 -17.2552 -.25 34.1801 -17.0333 -.25 34.7323 -16.9937 -.25 35.3642 -18.2309 -.25 35.256
4 4 -17.4569 -.25 36.485 -18.2309 -.25 35.256 -16.9937 -.25 35.3642 -17.1425 -.25 35.9797
4 4 -18.3735 -.25 36.8858 -18.2309 -.25 35.256 -17.4569 -.25 36.485 -17.8892 -.25 36.8032
4 4 -16.5715 -.25 43.0496 -16.9895 -.25 43.2248 -17.4247 -.25 43.259 -17.2406 -.25 41.1553
4 4 -18.2286 -.25 42.9046 -17.2406 -.25 41.1553 -17.4247 -.25 43.259 -17.8473 -.25 43.1498
4 4 -18.7678 -.25 42.0816 -17.2406 -.25 41.1553 -18.2286 -.25 42.9046 -18.5426 -.25 42.5403
4 4 -18.8978 -.25 41.0104 -17.2406 -.25 41.1553 -18.7678 -.25 42.0816 -18.889 -.25 41.5598
4 4 -18.5838 -.25 39.978 -17.2406 -.25 41.1553 -18.8978 -.25 41.0104 -18.7937 -.25 40.4708
4 4 -17.9098 -.25 39.2611 -17.2406 -.25 41.1553 -18.5838 -.25 39.978 -18.2823 -.25 39.5653
4 4 -17.0566 -.25 39.0517 -17.2406 -.25 41.1553 -17.9098 -.25 39.2611 -17.4918 -.25 39.0859
4 4 -17.0566 -.25 39.0517 -16.634 -.25 39.1609 -16.2527 -.25 39.406 -17.2406 -.25 41.1553
4 4 -16.2527 -.25 39.406 -15.9387 -.25 39.7704 -15.7135 -.25 40.2291 -17.2406 -.25 41.1553
4 4 -15.5835 -.25 41.3003 -17.2406 -.25 41.1553 -15.7135 -.25 40.2291 -15.5923 -.25 40.7509
4 4 -20.93 -.25 40.7686 -19.9906 -.25 39.1053 -20.1656 -.25 41.1055 -20.5675 -.25 41.0016
4 4 -21.4427 -.25 39.986 -19.9906 -.25 39.1053 -20.93 -.25 40.7686 -21.2285 -.25 40.4222
4 4 -21.5663 -.25 38.9675 -19.9906 -.25 39.1053 -21.4427 -.25 39.986 -21.5579 -.25 39.4899
4 4 -21.2677 -.25 37.9859 -19.9906 -.25 39.1053 -21.5663 -.25 38.9675 -21.4673 -.25 38.4545
4 4 -20.6269 -.25 37.3043 -19.9906 -.25 39.1053 -21.2677 -.25 37.9859 -20.9811 -.25 37.5936
4 4 -20.6269 -.25 37.3043 -20.2294 -.25 37.1377 -19.8157 -.25 37.1052 -19.9906 -.25 39.1053
4 4 -19.8157 -.25 37.1052 -19.4138 -.25 37.209 -19.0513 -.25 37.4421 -19.9906 -.25 39.1053
4 4 -19.0513 -.25 37.4421 -18.7528 -.25 37.7885 -18.5386 -.25 38.2247 -19.9906 -.25 39.1053
4 4 -18.415 -.25 39.2432 -18.514 -.25 39.7562 -18.7136 -.25 40.2248 -19.9906 -.25 39.1053
4 4 -19.3544 -.25 40.9064 -19.9906 -.25 39.1053 -18.7136 -.25 40.2248 -19.0002 -.25 40.6171
4 4 -20.1656 -.25 41.1055 -19.9906 -.25 39.1053 -19.3544 -.25 40.9064 -19.7519 -.25 41.073
4 4 -18.5386 -.25 38.2247 -18.4234 -.25 38.7208 -18.415 -.25 39.2432 -19.9906 -.25 39.1053
3 0 3.5368 -.25 48.9961 3.379 -.25 49.1 3.1017 -.25 49.0704
4 0 2.6744 -.25 49.5096 3.1017 -.25 49.0704 3.379 -.25 49.1 2.696 -.25 49.5536
4 0 2.3693 -.25 49.1556 2.5583 -.25 48.876 3.1017 -.25 49.0704 2.6744 -.25 49.5096
4 0 1.9988 -.25 48.9174 2.1232 -.25 48.4198 2.5583 -.25 48.876 2.3693 -.25 49.1556
4 0 1.5882 -.25 48.8113 1.8625 -.25 47.7711 2.1232 -.25 48.4198 1.9988 -.25 48.9174
4 0 1.5882 -.25 48.8113 1.1653 -.25 48.8445 .261 -.25 48.2624 1.8625 -.25 47.7711
4 0 .2696 -.25 48.7962 .261 -.25 48.2624 1.1653 -.25 48.8445 .7591 -.25 49.0147
4 0 .1684 -.25 49.3204 .2696 -.25 48.7962 .7591 -.25 49.0147 .3972 -.25 49.3104
4 0 -.0356 -.25 49.7993 .1684 -.25 49.3204 .3972 -.25 49.3104 .1043 -.25 49.7113
4 0 .3517 -.25 46.8704 1.8625 -.25 47.7711 .261 -.25 48.2624 .1432 -.25 47.7553
4 0 1.816 -.25 47.0289 1.8625 -.25 47.7711 .3517 -.25 46.8704 .9205 -.25 46.7733
4 0 .9205 -.25 46.7733 1.4282 -.25 46.3996 1.9907 -.25 46.3059 1.816 -.25 47.0289
4 0 -.1917 -.25 46.676 .3517 -.25 46.8704 .1432 -.25 47.7553 -.0756 -.25 47.3096
4 0 -.0756 -.25 47.3096 -.3807 -.25 46.9556 -.6268 -.25 46.2198 -.1917 -.25 46.676
3 0 -.3807 -.25 46.9556 -.7512 -.25 46.7174 -.6268 -.25 46.2198
4 0 -.8875 -.25 45.5711 -.6268 -.25 46.2198 -.7512 -.25 46.7174 -1.1618 -.25 46.6113
4 0 -2.489 -.25 46.1124 -.8875 -.25 45.5711 -1.1618 -.25 46.6113 -1.5847 -.25 46.6445
4 0 -.934 -.25 44.8289 -.8875 -.25 45.5711 -2.489 -.25 46.1124 -2.6068 -.25 45.6053
3 0 -.934 -.25 44.8289 -2.6068 -.25 45.6053 -2.8256 -.25 45.1596
4 0 -2.4804 -.25 46.6462 -2.489 -.25 46.1124 -1.5847 -.25 46.6445 -1.9909 -.25 46.8147
4 0 -2.5816 -.25 47.1704 -2.4804 -.25 46.6462 -1.9909 -.25 46.8147 -2.3528 -.25 47.1104
4 0 -2.7856 -.25 47.6493 -2.5816 -.25 47.1704 -2.3528 -.25 47.1104 -2.6457 -.25 47.5113
4 0 -3.4404 -.25 48.3459 -3.0785 -.25 48.0503 -2.8497 -.25 47.9902 -2.9508 -.25 48.5145
4 0 -2.6457 -.25 47.5113 -2.8497 -.25 47.9902 -3.0785 -.25 48.0503 -2.7856 -.25 47.6493
3 0 -2.3006 -.25 50.3551 -2.6535 -.25 50.1606 -2.6057 -.25 50.0011
4 0 -3.0974 -.25 50.046 -2.8245 -.25 49.5553 -2.6057 -.25 50.0011 -2.6535 -.25 50.1606
3 0 -3.9935 -.25 50.2658 -4.3709 -.25 50.5741 -4.3002 -.25 50.2076
4 0 -4.3094 -.25 49.6306 -3.5544 -.25 50.0818 -3.9935 -.25 50.2658 -4.3002 -.25 50.2076
4 0 -2.9423 -.25 49.0483 -2.8245 -.25 49.5553 -3.5544 -.25 50.0818 -4.3094 -.25 49.6306
3 0 -2.8245 -.25 49.5553 -3.0974 -.25 50.046 -3.5544 -.25 50.0818
4 0 -4.2695 -.25 48.5493 -2.9423 -.25 49.0483 -4.3094 -.25 49.6306 -4.4367 -.25 49.0825
4 0 -2.9508 -.25 48.5145 -2.9423 -.25 49.0483 -4.2695 -.25 48.5493 -3.8466 -.25 48.5162
3 0 -2.9508 -.25 48.5145 -3.8466 -.25 48.5162 -3.4404 -.25 48.3459
4 0 -4.6801 -.25 48.4432 -4.2695 -.25 48.5493 -4.4367 -.25 49.0825 -4.6733 -.25 48.6007
3 0 -4.6733 -.25 48.6007 -4.969 -.25 48.2575 -4.6801 -.25 48.4432
4 0 -6.0284 -.25 45.6639 -5.5997 -.25 45.8402 -5.7008 -.25 46.3645 -6.1974 -.25 45.8952
4 0 -6.1974 -.25 45.8952 -5.7008 -.25 46.3645 -5.6923 -.25 46.8983 -6.5347 -.25 46.1707
3 0 -6.5347 -.25 46.1707 -7.2867 -.25 46.8325 -6.9132 -.25 46.3294
3 0 -6.9132 -.25 46.3294 -7.2867 -.25 46.8325 -7.3073 -.25 46.3603
3 0 -7.2867 -.25 46.8325 -7.5233 -.25 46.3507 -7.3073 -.25 46.3603
3 0 -7.3073 -.25 46.3603 -7.5233 -.25 46.3507 -7.5745 -.25 46.2913
3 0 -7.1347 -.25 48.3854 -7.2595 -.25 48.5243 -7.1502 -.25 47.9576
4 0 -7.1594 -.25 47.3806 -6.7435 -.25 48.0658 -7.1347 -.25 48.3854 -7.1502 -.25 47.9576
4 0 -7.2867 -.25 46.8325 -6.3044 -.25 47.8818 -6.7435 -.25 48.0658 -7.1594 -.25 47.3806
4 0 -6.5347 -.25 46.1707 -5.6923 -.25 46.8983 -6.3044 -.25 47.8818 -7.2867 -.25 46.8325
4 0 -5.8474 -.25 47.846 -6.3044 -.25 47.8818 -5.6923 -.25 46.8983 -5.5745 -.25 47.4053
4 0 -5.4035 -.25 47.9606 -5.8474 -.25 47.846 -5.5745 -.25 47.4053 -5.3557 -.25 47.8511
3 0 -5.0846 -.25 48.1657 -5.4035 -.25 47.9606 -5.3557 -.25 47.8511
4 0 -14.3395 -.25 45.5748 -13.9215 -.25 45.3996 -13.8474 -.25 46.846 -14.3044 -.25 46.8818
4 0 -14.6367 -.25 45.8825 -14.3395 -.25 45.5748 -14.3044 -.25 46.8818 -14.5094 -.25 46.4306
3 0 -14.3044 -.25 46.8818 -14.5009 -.25 46.9642 -14.5094 -.25 46.4306
3 0 -17.3347 -.25 45.1854 -17.4703 -.25 45.371 -17.4002 -.25 45.0076
4 0 -17.4094 -.25 44.4306 -16.9435 -.25 44.8658 -17.3347 -.25 45.1854 -17.4002 -.25 45.0076
4 0 -16.9435 -.25 44.8658 -17.4094 -.25 44.4306 -16.1178 -.25 44.4316 -16.5044 -.25 44.6818
3 0 -16.0474 -.25 44.646 -16.5044 -.25 44.6818 -16.1178 -.25 44.4316
3 0 -16.0075 -.25 44.6562 -16.0474 -.25 44.646 -16.1178 -.25 44.4316
4 0 -17.5367 -.25 43.8825 -16.239 -.25 43.9098 -16.1178 -.25 44.4316 -17.4094 -.25 44.4306
4 0 -16.9895 -.25 43.2248 -16.239 -.25 43.9098 -17.5367 -.25 43.8825 -17.4247 -.25 43.259
4 0 -16.5715 -.25 43.0496 -16.2478 -.25 43.3604 -16.239 -.25 43.9098 -16.9895 -.25 43.2248
4 0 -16.199 -.25 42.7453 -16.1437 -.25 42.8208 -16.2478 -.25 43.3604 -16.5715 -.25 43.0496
3 0 -15.9893 -.25 42.4583 -16.1437 -.25 42.8208 -16.199 -.25 42.7453
4 0 -17.8473 -.25 43.1498 -17.4247 -.25 43.259 -17.5367 -.25 43.8825 -17.7733 -.25 43.4007
3 0 -17.7733 -.25 43.4007 -18.103 -.25 43.0181 -17.8473 -.25 43.1498
4 0 -17.8473 -.25 43.1498 -18.103 -.25 43.0181 -18.5035 -.25 42.7606 -18.2286 -.25 42.9046
3 0 -18.2286 -.25 42.9046 -18.5035 -.25 42.7606 -18.5426 -.25 42.5403
3 0 -20.2347 -.25 43.1854 -20.3417 -.25 43.3319 -20.2502 -.25 42.8576
4 0 -20.2594 -.25 42.2806 -19.8435 -.25 42.8658 -20.2347 -.25 43.1854 -20.2502 -.25 42.8576
4 0 -19.8435 -.25 42.8658 -20.2594 -.25 42.2806 -18.7678 -.25 42.0816 -19.4044 -.25 42.6818
4 0 -19.4044 -.25 42.6818 -18.7678 -.25 42.0816 -18.5426 -.25 42.5403 -18.9474 -.25 42.646
3 0 -18.5035 -.25 42.7606 -18.9474 -.25 42.646 -18.5426 -.25 42.5403
4 0 -20.3867 -.25 41.7325 -18.889 -.25 41.5598 -18.7678 -.25 42.0816 -20.2594 -.25 42.2806
4 0 -19.7519 -.25 41.073 -18.889 -.25 41.5598 -20.3867 -.25 41.7325 -20.1656 -.25 41.1055
4 0 -19.7519 -.25 41.073 -19.3544 -.25 40.9064 -18.8978 -.25 41.0104 -18.889 -.25 41.5598
4 0 -19.3544 -.25 40.9064 -19.0002 -.25 40.6171 -18.7937 -.25 40.4708 -18.8978 -.25 41.0104
3 0 -18.7136 -.25 40.2248 -18.7937 -.25 40.4708 -19.0002 -.25 40.6171
4 0 -20.5675 -.25 41.0016 -20.1656 -.25 41.1055 -20.3867 -.25 41.7325 -20.6233 -.25 41.2507
4 0 -20.953 -.25 40.8681 -20.93 -.25 40.7686 -20.5675 -.25 41.0016 -20.6233 -.25 41.2507
4 0 -21.3535 -.25 40.6106 -21.2285 -.25 40.4222 -20.93 -.25 40.7686 -20.953 -.25 40.8681
4 0 -21.4427 -.25 39.986 -21.2285 -.25 40.4222 -21.3535 -.25 40.6106 -21.7974 -.25 40.496
4 0 -21.5579 -.25 39.4899 -21.4427 -.25 39.986 -21.7974 -.25 40.496 -21.9169 -.25 40.5053
4 0 -15.8917 -.25 39.076 -16.2527 -.25 39.406 -16.634 -.25 39.1609 -16.3268 -.25 38.6198
4 0 -16.5875 -.25 37.9711 -16.3268 -.25 38.6198 -16.634 -.25 39.1609 -17.0566 -.25 39.0517
4 0 -16.634 -.25 37.2289 -16.5875 -.25 37.9711 -17.0566 -.25 39.0517 -18.5386 -.25 38.2247
4 0 -17.4918 -.25 39.0859 -18.4234 -.25 38.7208 -18.5386 -.25 38.2247 -17.0566 -.25 39.0517
4 0 -18.415 -.25 39.2432 -18.4234 -.25 38.7208 -17.4918 -.25 39.0859 -17.9098 -.25 39.2611
3 0 -17.9098 -.25 39.2611 -18.2823 -.25 39.5653 -18.415 -.25 39.2432
3 0 -18.2823 -.25 39.5653 -18.514 -.25 39.7562 -18.415 -.25 39.2432
4 0 -18.7937 -.25 40.4708 -18.7136 -.25 40.2248 -18.514 -.25 39.7562 -18.5838 -.25 39.978
3 0 -18.2823 -.25 39.5653 -18.5838 -.25 39.978 -18.514 -.25 39.7562
3 0 -15.6323 -.25 41.9153 -15.842 -.25 42.2023 -15.6876 -.25 41.8398
4 0 -15.6876 -.25 41.8398 -15.5835 -.25 41.3003 -15.2598 -.25 41.6111 -15.6323 -.25 41.9153
4 0 -14.8891 -.25 41.4557 -15.2598 -.25 41.6111 -15.5835 -.25 41.3003 -15.5923 -.25 40.7509
4 0 -21.9193 -.25 33.7534 -21.5663 -.25 38.9675 -21.5579 -.25 39.4899 -21.9169 -.25 40.5053
4 0 -21.9193 -.25 33.7534 -21.8685 -.25 33.8798 -21.4673 -.25 38.4545 -21.5663 -.25 38.9675
4 0 -21.8685 -.25 33.8798 -21.5504 -.25 34.2132 -21.2677 -.25 37.9859 -21.4673 -.25 38.4545
4 0 -21.5504 -.25 34.2132 -21.1533 -.25 34.3553 -20.9811 -.25 37.5936 -21.2677 -.25 37.9859
4 0 -21.1533 -.25 34.3553 -20.7375 -.25 34.2844 -20.6269 -.25 37.3043 -20.9811 -.25 37.5936
4 0 -20.7375 -.25 34.2844 -20.3664 -.25 34.0112 -19.468 -.25 35.1478 -20.6269 -.25 37.3043
4 0 -20.2294 -.25 37.1377 -20.6269 -.25 37.3043 -19.468 -.25 35.1478 -19.4284 -.25 35.7797
4 0 -19.4284 -.25 35.7797 -19.2065 -.25 36.3319 -19.8157 -.25 37.1052 -20.2294 -.25 37.1377
4 0 -19.2065 -.25 36.3319 -18.836 -.25 36.7204 -19.4138 -.25 37.209 -19.8157 -.25 37.1052
4 0 -18.7528 -.25 37.7885 -19.0513 -.25 37.4421 -18.836 -.25 36.7204 -18.3735 -.25 36.8858
3 0 -18.836 -.25 36.7204 -19.0513 -.25 37.4421 -19.4138 -.25 37.209
4 0 -18.5386 -.25 38.2247 -18.7528 -.25 37.7885 -18.3735 -.25 36.8858 -17.8892 -.25 36.8032
4 0 -17.4569 -.25 36.485 -16.634 -.25 37.2289 -18.5386 -.25 38.2247 -17.8892 -.25 36.8032
4 0 -17.1425 -.25 35.9797 -16.4593 -.25 36.5059 -16.634 -.25 37.2289 -17.4569 -.25 36.485
4 0 -16.0769 -.25 32.756 -14.5447 -.25 34.1275 -17.0333 -.25 34.7323 -16.4368 -.25 32.8174
4 0 -15.7556 -.25 32.5195 -14.5766 -.25 33.6189 -14.5447 -.25 34.1275 -16.0769 -.25 32.756
4 0 -15.5219 -.25 32.1439 -14.4569 -.25 33.1235 -14.5766 -.25 33.6189 -15.7556 -.25 32.5195
4 0 -15.4113 -.25 31.6864 -14.2038 -.25 32.7168 -14.4569 -.25 33.1235 -15.5219 -.25 32.1439
4 0 -15.4408 -.25 31.2167 -13.8559 -.25 32.4607 -14.2038 -.25 32.7168 -15.4113 -.25 31.6864
4 0 -16.7807 -.25 32.6944 -16.4368 -.25 32.8174 -17.0333 -.25 34.7323 -17.2552 -.25 34.1801
4 0 -17.056 -.25 32.4057 -16.7807 -.25 32.6944 -17.2552 -.25 34.1801 -17.6257 -.25 33.7916
4 0 -17.2209 -.25 31.9953 -17.056 -.25 32.4057 -17.6257 -.25 33.7916 -18.0883 -.25 33.6261
4 0 -18.5726 -.25 33.7088 -20.0027 -.25 32.5063 -17.2209 -.25 31.9953 -18.0883 -.25 33.6261
4 0 -20.0027 -.25 32.5063 -18.5726 -.25 33.7088 -19.0048 -.25 34.027 -19.9687 -.25 33.0489
4 0 -19.3193 -.25 34.5323 -20.0964 -.25 33.5773 -19.9687 -.25 33.0489 -19.0048 -.25 34.027
4 0 -19.468 -.25 35.1478 -20.3664 -.25 34.0112 -20.0964 -.25 33.5773 -19.3193 -.25 34.5323
4 0 -12.617 -.25 33.2845 -9.4112 -.25 32.4535 -9.2852 -.25 32.7673 -12.5852 -.25 33.7931
4 0 -12.7956 -.25 32.84 -9.4337 -.25 32.0945 -9.4112 -.25 32.4535 -12.617 -.25 33.2845
4 0 -11.4867 -.25 30.985 -9.4337 -.25 32.0945 -12.7956 -.25 32.84 -11.7619 -.25 31.032
4 0 -11.2411 -.25 30.8043 -9.3492 -.25 31.7448 -9.4337 -.25 32.0945 -11.4867 -.25 30.985
4 0 -11.0625 -.25 30.5172 -9.1706 -.25 31.4577 -9.3492 -.25 31.7448 -11.2411 -.25 30.8043
4 0 -9.1706 -.25 31.4577 -11.0625 -.25 30.5172 -10.978 -.25 30.1675 -8.925 -.25 31.2769
4 0 -11.0005 -.25 29.8084 -8.6498 -.25 31.23 -8.925 -.25 31.2769 -10.978 -.25 30.1675
4 0 -7.56 -.25 28.7874 -7.462 -.25 29.0314 -8.6498 -.25 31.23 -11.0005 -.25 29.8084
4 0 -7.5775 -.25 28.5082 -7.56 -.25 28.7874 -11.0005 -.25 29.8084 -11.1266 -.25 29.4947
4 0 -9.7362 -.25 26.938 -7.5775 -.25 28.5082 -11.1266 -.25 29.4947 -11.337 -.25 29.274
4 0 -10.0592 -.25 26.7232 -9.9155 -.25 26.8738 -11.337 -.25 29.274 -11.5998 -.25 29.18
4 0 -12.0247 -.25 30.938 -11.7619 -.25 31.032 -12.7956 -.25 32.84 -13.0938 -.25 32.5274
4 0 -12.2352 -.25 30.7173 -12.0247 -.25 30.938 -13.0938 -.25 32.5274 -13.4661 -.25 32.3942
4 0 -15.4408 -.25 31.2167 -12.2352 -.25 30.7173 -13.4661 -.25 32.3942 -13.8559 -.25 32.4607
4 0 -12.2352 -.25 30.7173 -15.4408 -.25 31.2167 -15.6057 -.25 30.8063 -12.3612 -.25 30.4035
4 0 -15.8811 -.25 30.5176 -12.3837 -.25 30.0445 -12.3612 -.25 30.4035 -15.6057 -.25 30.8063
4 0 -21.9198 -.25 32.2614 -21.9213 -.25 27.8141 -21.6782 -.25 27.6454 -21.6954 -.25 31.9008
4 0 -21.6954 -.25 31.9008 -21.6782 -.25 27.6454 -20.0459 -.25 29.1847 -21.3242 -.25 31.6276
4 0 -20.9084 -.25 31.5567 -21.3242 -.25 31.6276 -20.0459 -.25 29.1847 -20.0198 -.25 29.601
4 0 -20.5113 -.25 31.6987 -20.9084 -.25 31.5567 -20.0198 -.25 29.601 -19.8736 -.25 29.9648
4 0 -20.1932 -.25 32.0322 -20.5113 -.25 31.6987 -19.8736 -.25 29.9648 -19.6296 -.25 30.2207
4 0 -20.0027 -.25 32.5063 -20.1932 -.25 32.0322 -19.6296 -.25 30.2207 -19.3248 -.25 30.3298
4 0 -17.2209 -.25 31.9953 -20.0027 -.25 32.5063 -19.3248 -.25 30.3298 -19.0057 -.25 30.2753
4 0 -18.721 -.25 30.0657 -17.2504 -.25 31.5255 -17.2209 -.25 31.9953 -19.0057 -.25 30.2753
4 0 -18.5138 -.25 29.7328 -17.1398 -.25 31.0681 -17.2504 -.25 31.5255 -18.721 -.25 30.0657
4 0 -18.4158 -.25 29.3273 -16.9061 -.25 30.6925 -17.1398 -.25 31.0681 -18.5138 -.25 29.7328
4 0 -16.9061 -.25 30.6925 -18.4158 -.25 29.3273 -15.04 -.25 28.0724 -16.5848 -.25 30.456
4 0 -16.2249 -.25 30.3946 -16.5848 -.25 30.456 -15.04 -.25 28.0724 -14.9271 -.25 28.3533
4 0 -15.8811 -.25 30.5176 -16.2249 -.25 30.3946 -14.9271 -.25 28.3533 -14.7387 -.25 28.5509
4 0 -14.7387 -.25 28.5509 -14.5034 -.25 28.6351 -12.3837 -.25 30.0445 -15.8811 -.25 30.5176
4 0 -14.257 -.25 28.593 -12.2992 -.25 29.6948 -12.3837 -.25 30.0445 -14.5034 -.25 28.6351
4 0 -14.0372 -.25 28.4312 -12.1206 -.25 29.4077 -12.2992 -.25 29.6948 -14.257 -.25 28.593
4 0 -13.8772 -.25 28.1741 -11.875 -.25 29.2269 -12.1206 -.25 29.4077 -14.0372 -.25 28.4312
4 0 -13.8015 -.25 27.8611 -11.5998 -.25 29.18 -11.875 -.25 29.2269 -13.8772 -.25 28.1741
3 0 -9.7362 -.25 26.938 -11.337 -.25 29.274 -9.9155 -.25 26.8738
4 0 -9.5484 -.25 26.9059 -7.5118 -.25 28.2362 -7.5775 -.25 28.5082 -9.7362 -.25 26.938
4 0 -9.3808 -.25 26.7825 -7.3729 -.25 28.0129 -7.5118 -.25 28.2362 -9.5484 -.25 26.9059
4 0 -9.2588 -.25 26.5866 -7.1818 -.25 27.8723 -7.3729 -.25 28.0129 -9.3808 -.25 26.7825
4 0 -9.2012 -.25 26.348 -6.9679 -.25 27.8358 -7.1818 -.25 27.8723 -9.2588 -.25 26.5866
4 0 -13.8015 -.25 27.8611 -10.1452 -.25 26.5091 -10.0592 -.25 26.7232 -11.5998 -.25 29.18
4 0 -10.1606 -.25 26.264 -10.1452 -.25 26.5091 -13.8015 -.25 27.8611 -13.8217 -.25 27.5396
4 0 -13.8217 -.25 27.5396 -13.9346 -.25 27.2587 -10.1029 -.25 26.0254 -10.1606 -.25 26.264
4 0 -18.5881 -.25 28.5471 -15.0602 -.25 27.7509 -15.04 -.25 28.0724 -18.4419 -.25 28.911
3 0 -15.04 -.25 28.0724 -18.4158 -.25 29.3273 -18.4419 -.25 28.911
4 0 -17.1299 -.25 26.0897 -15.0602 -.25 27.7509 -18.5881 -.25 28.5471 -17.3439 -.25 26.1262
4 0 -16.9389 -.25 25.9491 -14.9845 -.25 27.4378 -15.0602 -.25 27.7509 -17.1299 -.25 26.0897
4 0 -16.7999 -.25 25.7258 -14.8246 -.25 27.1808 -14.9845 -.25 27.4378 -16.9389 -.25 25.9491
4 0 -16.7342 -.25 25.4538 -14.6047 -.25 27.019 -14.8246 -.25 27.1808 -16.7999 -.25 25.7258
4 0 -16.7517 -.25 25.1746 -14.3583 -.25 26.9769 -14.6047 -.25 27.019 -16.7342 -.25 25.4538
4 0 -17.5483 -.25 26.0531 -17.3439 -.25 26.1262 -18.5881 -.25 28.5471 -18.8322 -.25 28.2912
4 0 -17.712 -.25 25.8814 -17.5483 -.25 26.0531 -18.8322 -.25 28.2912 -19.1369 -.25 28.1822
4 0 -17.81 -.25 25.6374 -17.712 -.25 25.8814 -19.1369 -.25 28.1822 -19.456 -.25 28.2367
4 0 -19.7408 -.25 28.4463 -21.4372 -.25 27.0623 -21.4578 -.25 26.7335 -19.456 -.25 28.2367
4 0 -19.9479 -.25 28.7792 -21.5146 -.25 27.3825 -21.4372 -.25 27.0623 -19.7408 -.25 28.4463
4 0 -20.0459 -.25 29.1847 -21.6782 -.25 27.6454 -21.5146 -.25 27.3825 -19.9479 -.25 28.7792
4 0 -19.456 -.25 28.2367 -21.4578 -.25 26.7335 -21.5733 -.25 26.4462 -17.81 -.25 25.6374
4 0 -21.766 -.25 26.2441 -17.8275 -.25 25.3582 -17.81 -.25 25.6374 -21.5733 -.25 26.4462
4 0 -19.9134 -.25 23.9378 -17.7618 -.25 25.0862 -17.8275 -.25 25.3582 -21.766 -.25 26.2441
4 0 -19.9134 -.25 23.9378 -19.7649 -.25 23.8284 -17.6229 -.25 24.8629 -17.7618 -.25 25.0862
4 0 -19.7649 -.25 23.8284 -19.6568 -.25 23.6547 -17.4318 -.25 24.7223 -17.6229 -.25 24.8629
4 0 -19.6568 -.25 23.6547 -19.6057 -.25 23.4432 -17.2179 -.25 24.6858 -17.4318 -.25 24.7223
4 0 -20.0799 -.25 23.9662 -19.9134 -.25 23.9378 -21.766 -.25 26.2441 -21.9218 -.25 26.1884
3 0 -20.0799 -.25 23.9662 -21.9218 -.25 26.1884 -20.2389 -.25 23.9093
3 0 -20.2389 -.25 23.9093 -21.9218 -.25 26.1884 -20.3662 -.25 23.7758
3 0 -20.3662 -.25 23.7758 -21.9218 -.25 26.1884 -20.4425 -.25 23.586
4 0 -21.9252 -.25 16.2701 -20.4561 -.25 23.3688 -20.4425 -.25 23.586 -21.9218 -.25 26.1884
4 15 -16.637 -.25 20.187 -16.4765 -.25 19.5117 -16.0892 -.25 19.6367 -16.2881 -.25 20.8975
3 15 -19.9755 -.25 19.3243 -20.0298 -.25 19.3687 -20.0123 -.25 19.2778
4 15 -20.0241 -.25 18.5386 -19.2674 -.25 19.0276 -19.9755 -.25 19.3243 -20.0123 -.25 19.2778
4 15 -16.9696 -.25 19.1947 -16.4765 -.25 19.5117 -16.637 -.25 20.187 -17.1687 -.25 19.5699
4 15 -17.3755 -.25 18.7236 -16.9696 -.25 19.1947 -17.1687 -.25 19.5699 -17.8145 -.25 19.1547
4 15 -18.5304 -.25 18.9698 -17.6668 -.25 18.1305 -17.3755 -.25 18.7236 -17.8145 -.25 19.1547
4 15 -19.2674 -.25 19.0276 -20.0241 -.25 18.5386 -17.6668 -.25 18.1305 -18.5304 -.25 18.9698
4 0 -16.0502 -.25 21.8478 -16.0353 -.25 22.7783 -16.0611 -.25 22.9119 -19.6193 -.25 23.226
4 0 -16.637 -.25 20.187 -16.2881 -.25 20.8975 -16.0502 -.25 21.8478 -19.6193 -.25 23.226
4 0 -19.6955 -.25 23.0362 -17.1687 -.25 19.5699 -16.637 -.25 20.187 -19.6193 -.25 23.226
4 0 -18.5304 -.25 18.9698 -17.8145 -.25 19.1547 -17.1687 -.25 19.5699 -19.6955 -.25 23.0362
4 0 -19.9755 -.25 19.3243 -19.2674 -.25 19.0276 -18.5304 -.25 18.9698 -19.6955 -.25 23.0362
4 0 -21.4257 -.25 16.3991 -20.4049 -.25 23.1573 -20.4561 -.25 23.3688 -21.9252 -.25 16.2701
4 0 -20.4049 -.25 23.1573 -21.4257 -.25 16.3991 -20.9127 -.25 16.729 -20.2969 -.25 22.9836
4 0 -20.2969 -.25 22.9836 -20.9127 -.25 16.729 -20.0298 -.25 19.3687 -20.1483 -.25 22.8742
4 0 -20.0241 -.25 18.5386 -20.0123 -.25 19.2778 -20.0298 -.25 19.3687 -20.9127 -.25 16.729
4 0 -20.4902 -.25 17.2192 -20.1872 -.25 17.8364 -20.0241 -.25 18.5386 -20.9127 -.25 16.729
4 0 -19.9755 -.25 19.3243 -19.6955 -.25 23.0362 -19.8229 -.25 22.9027 -20.0298 -.25 19.3687
3 0 -19.8229 -.25 22.9027 -19.9819 -.25 22.8458 -20.0298 -.25 19.3687
3 0 -19.9819 -.25 22.8458 -20.1483 -.25 22.8742 -20.0298 -.25 19.3687
4 0 -15.5255 -.25 22.4743 -14.8174 -.25 22.1776 -14.0804 -.25 22.1198 -14.3583 -.25 26.9769
4 0 -13.0162 -.25 24.5758 -12.8889 -.25 24.7093 -14.123 -.25 27.0611 -14.3583 -.25 26.9769
3 0 -13.0162 -.25 24.5758 -14.3583 -.25 26.9769 -13.0925 -.25 24.386
3 0 -13.0925 -.25 24.386 -14.3583 -.25 26.9769 -13.1061 -.25 24.1688
4 0 -12.1484 -.25 23.2872 -12.6319 -.25 23.6458 -12.7983 -.25 23.6742 -13.582 -.25 22.2485
3 0 -12.7983 -.25 23.6742 -12.9469 -.25 23.7836 -13.582 -.25 22.2485
3 0 -12.9469 -.25 23.7836 -13.0549 -.25 23.9573 -13.582 -.25 22.2485
3 0 -13.0549 -.25 23.9573 -13.1061 -.25 24.1688 -13.582 -.25 22.2485
4 0 -14.0804 -.25 22.1198 -13.582 -.25 22.2485 -13.1061 -.25 24.1688 -14.3583 -.25 26.9769
4 0 -15.5255 -.25 22.4743 -14.3583 -.25 26.9769 -16.7517 -.25 25.1746 -16.0611 -.25 22.9119
3 0 -16.0611 -.25 22.9119 -16.7517 -.25 25.1746 -16.8498 -.25 24.9306
3 0 -16.0611 -.25 22.9119 -16.8498 -.25 24.9306 -17.0135 -.25 24.7589
3 0 -16.0611 -.25 22.9119 -17.0135 -.25 24.7589 -17.2179 -.25 24.6858
4 0 -19.6057 -.25 23.4432 -19.6193 -.25 23.226 -16.0611 -.25 22.9119 -17.2179 -.25 24.6858
4 4 -21.766 -.25 26.2441 -21.6782 -.25 27.6454 -21.9213 -.25 27.8141 -21.9218 -.25 26.1884
4 4 -21.766 -.25 26.2441 -21.5733 -.25 26.4462 -21.5146 -.25 27.3825 -21.6782 -.25 27.6454
4 4 -21.5733 -.25 26.4462 -21.4578 -.25 26.7335 -21.4372 -.25 27.0623 -21.5146 -.25 27.3825
4 4 -21.9193 -.25 33.7534 -21.9198 -.25 32.2614 -21.6954 -.25 31.9008 -21.8685 -.25 33.8798
4 4 -21.8685 -.25 33.8798 -21.6954 -.25 31.9008 -21.1533 -.25 34.3553 -21.5504 -.25 34.2132
4 4 -21.6954 -.25 31.9008 -21.3242 -.25 31.6276 -20.9084 -.25 31.5567 -21.1533 -.25 34.3553
4 4 -21.1533 -.25 34.3553 -20.9084 -.25 31.5567 -20.3664 -.25 34.0112 -20.7375 -.25 34.2844
4 4 -20.9084 -.25 31.5567 -20.5113 -.25 31.6987 -20.0964 -.25 33.5773 -20.3664 -.25 34.0112
4 4 -20.5113 -.25 31.6987 -20.1932 -.25 32.0322 -19.9687 -.25 33.0489 -20.0964 -.25 33.5773
3 4 -19.9687 -.25 33.0489 -20.1932 -.25 32.0322 -20.0027 -.25 32.5063
4 4 -12.6733 -.25 47.6007 -21.912 -.25 54.998 -13.4035 -.25 46.9606 -13.003 -.25 47.2181
4 4 -14.3044 -.25 46.8818 -13.8474 -.25 46.846 -13.4035 -.25 46.9606 -21.912 -.25 54.998
3 4 -14.3044 -.25 46.8818 -21.912 -.25 54.998 -14.5009 -.25 46.9642
4 4 -14.6367 -.25 45.8825 -14.5094 -.25 46.4306 -14.5009 -.25 46.9642 -21.912 -.25 54.998
4 4 -16.0474 -.25 44.646 -21.912 -.25 54.998 -16.9435 -.25 44.8658 -16.5044 -.25 44.6818
4 4 -16.9435 -.25 44.8658 -21.912 -.25 54.998 -17.4703 -.25 45.371 -17.3347 -.25 45.1854
4 4 -17.4094 -.25 44.4306 -17.4002 -.25 45.0076 -17.4703 -.25 45.371 -21.912 -.25 54.998
4 4 -17.4094 -.25 44.4306 -21.912 -.25 54.998 -17.7733 -.25 43.4007 -17.5367 -.25 43.8825
4 4 -17.7733 -.25 43.4007 -21.912 -.25 54.998 -18.5035 -.25 42.7606 -18.103 -.25 43.0181
4 4 -18.5035 -.25 42.7606 -21.912 -.25 54.998 -19.4044 -.25 42.6818 -18.9474 -.25 42.646
4 4 -19.4044 -.25 42.6818 -21.912 -.25 54.998 -20.2347 -.25 43.1854 -19.8435 -.25 42.8658
3 4 -20.2347 -.25 43.1854 -21.912 -.25 54.998 -20.3417 -.25 43.3319
4 4 -21.9169 -.25 40.5053 -21.7974 -.25 40.496 -20.3417 -.25 43.3319 -21.912 -.25 54.998
4 4 -20.2594 -.25 42.2806 -20.2502 -.25 42.8576 -20.3417 -.25 43.3319 -21.7974 -.25 40.496
4 4 -20.953 -.25 40.8681 -20.2594 -.25 42.2806 -21.7974 -.25 40.496 -21.3535 -.25 40.6106
4 4 -20.3867 -.25 41.7325 -20.2594 -.25 42.2806 -20.953 -.25 40.8681 -20.6233 -.25 41.2507
4 0 -8.028 -.25 32.2175 -8.0505 -.25 31.8584 -4.7426 -.25 31.2016 -4.6385 -.25 31.4607
4 0 -4.7612 -.25 30.9052 -4.7426 -.25 31.2016 -8.0505 -.25 31.8584 -8.1766 -.25 31.5447
4 0 -6.8799 -.25 29.2397 -4.7612 -.25 30.9052 -8.1766 -.25 31.5447 -7.0939 -.25 29.2762
4 0 -6.6889 -.25 29.0991 -4.6914 -.25 30.6165 -4.7612 -.25 30.9052 -6.8799 -.25 29.2397
4 0 -6.5499 -.25 28.8758 -4.5439 -.25 30.3795 -4.6914 -.25 30.6165 -6.6889 -.25 29.0991
4 0 -6.4842 -.25 28.6038 -4.3411 -.25 30.2303 -4.5439 -.25 30.3795 -6.5499 -.25 28.8758
4 0 -6.5017 -.25 28.3246 -4.114 -.25 30.1915 -4.3411 -.25 30.2303 -6.4842 -.25 28.6038
4 0 -7.2983 -.25 29.2031 -7.0939 -.25 29.2762 -8.1766 -.25 31.5447 -8.387 -.25 31.324
4 0 -8.387 -.25 31.324 -8.6498 -.25 31.23 -7.462 -.25 29.0314 -7.2983 -.25 29.2031
4 0 .1151 -.25 29.5608 .1807 -.25 29.724 -3.6006 -.25 31.0068 -3.6191 -.25 30.7103
4 0 .1034 -.25 29.374 .1151 -.25 29.5608 -3.6191 -.25 30.7103 -3.7232 -.25 30.4513
4 0 -3.7232 -.25 30.4513 -3.897 -.25 30.2691 .1474 -.25 29.1921 .1034 -.25 29.374
4 0 -2.473 -.25 27.4878 .1474 -.25 29.1921 -3.897 -.25 30.2691 -4.114 -.25 30.1915
4 0 -2.473 -.25 27.4878 -2.3299 -.25 27.4633 .2404 -.25 29.0427 .1474 -.25 29.1921
4 0 -2.3299 -.25 27.4633 -2.2021 -.25 27.3693 .3681 -.25 28.9486 .2404 -.25 29.0427
4 0 -2.2021 -.25 27.3693 -2.1091 -.25 27.2199 .5113 -.25 28.9242 .3681 -.25 28.9486
4 0 -2.473 -.25 27.4878 -4.114 -.25 30.1915 -6.5017 -.25 28.3246 -2.6098 -.25 27.4389
4 0 -6.5998 -.25 28.0806 -2.7193 -.25 27.324 -2.6098 -.25 27.4389 -6.5017 -.25 28.3246
4 0 -6.7635 -.25 27.9089 -2.7849 -.25 27.1608 -2.7193 -.25 27.324 -6.5998 -.25 28.0806
4 0 -6.9679 -.25 27.8358 -2.7966 -.25 26.974 -2.7849 -.25 27.1608 -6.7635 -.25 27.9089
4 0 -9.2012 -.25 26.348 -2.7526 -.25 26.7921 -2.7966 -.25 26.974 -6.9679 -.25 27.8358
3 27 13.7568 -.25 14.6017 13.6626 -.25 15.5483 13.3937 -.25 15.29
3 27 13.9229 -.25 15.948 13.6626 -.25 15.5483 13.7568 -.25 14.6017
4 27 14.8118 -.25 12.5912 15.0994 -.25 12.8927 13.7568 -.25 14.6017 14.1383 -.25 13.5036
4 27 14.1383 -.25 13.5036 14.3141 -.25 12.4269 14.6395 -.25 12.1625 14.8118 -.25 12.5912
4 27 14.6088 -.25 11.672 14.6395 -.25 12.1625 14.3141 -.25 12.4269 14.2812 -.25 11.39
4 27 14.0402 -.25 10.4105 14.7243 -.25 11.1942 14.6088 -.25 11.672 14.2812 -.25 11.39
4 27 13.6333 -.25 9.5828 14.9683 -.25 10.802 14.7243 -.25 11.1942 14.0402 -.25 10.4105
3 27 15.3039 -.25 10.555 14.9683 -.25 10.802 13.6333 -.25 9.5828
4 27 15.7789 -.25 -3.6377 17.8481 -.25 5.8928 17.7838 -.25 6.1592 13.6333 -.25 9.5828
3 27 17.9842 -.25 5.6742 17.8481 -.25 5.8928 15.7789 -.25 -3.6377
3 27 18.1713 -.25 5.5365 17.9842 -.25 5.6742 15.7789 -.25 -3.6377
3 27 19.7276 -.25 2.9084 15.7789 -.25 -3.6377 19.7047 -.25 2.5435
3 27 19.7906 -.25 2.1881 19.7047 -.25 2.5435 15.7789 -.25 -3.6377
3 27 19.9722 -.25 1.8963 19.7906 -.25 2.1881 15.7789 -.25 -3.6377
4 27 19.1648 -.25 -4.6407 20.2218 -.25 1.7125 19.9722 -.25 1.8963 15.7789 -.25 -3.6377
3 27 20.5015 -.25 1.6648 20.2218 -.25 1.7125 19.1648 -.25 -4.6407
4 27 20.5015 -.25 1.6648 19.1648 -.25 -4.6407 22.3289 -.25 -5.5779 20.7686 -.25 1.7603
4 27 21.7893 -.25 -7.3997 22.3289 -.25 -5.5779 19.1648 -.25 -4.6407 19.584 -.25 -6.7465
3 27 24.9657 -.25 -6.359 20.7686 -.25 1.7603 22.3289 -.25 -5.5779
4 27 20.9825 -.25 1.9846 20.7686 -.25 1.7603 24.9657 -.25 -6.359 30.78 -.25 -10
4 27 23.503 -.25 -11.2969 24.366 -.25 -11.5525 30.78 -.25 -10 24.9657 -.25 -6.359
3 27 24.366 -.25 -11.5525 22.5337 -.25 -13.5129 21.677 -.25 -24.1
4 27 20.323 -.25 -24.1 21.677 -.25 -24.1 22.5337 -.25 -13.5129 17.6279 -.25 -15.0305
3 27 20.323 -.25 -24.1 17.6279 -.25 -15.0305 19.1212 -.25 -24.2324
4 27 3.8525 -.25 27.4219 4.7163 -.25 28.894 3.1223 -.25 29.3662 3.1193 -.25 29.1779
3 27 4.7163 -.25 28.894 3.8525 -.25 27.4219 4.426 -.25 27.1816
3 27 4.937 -.25 26.7641 4.7163 -.25 28.894 4.426 -.25 27.1816
3 27 5.2814 -.25 26.2927 4.7163 -.25 28.894 4.937 -.25 26.7641
4 27 2.9531 -.25 28.462 3.2554 -.25 27.4688 3.8525 -.25 27.4219 3.1193 -.25 29.1779
4 27 2.6441 -.25 27.8327 2.6756 -.25 27.3189 3.2554 -.25 27.4688 2.9531 -.25 28.462
4 27 2.1525 -.25 26.9827 2.6756 -.25 27.3189 2.6441 -.25 27.8327 2.2133 -.25 27.3329
4 27 1.7218 -.25 26.4828 2.1525 -.25 26.9827 2.2133 -.25 27.3329 1.6902 -.25 26.9966
4 27 1.1104 -.25 26.8467 1.4128 -.25 25.8535 1.7218 -.25 26.4828 1.6902 -.25 26.9966
4 27 1.2465 -.25 25.1376 1.4128 -.25 25.8535 1.1104 -.25 26.8467 .5134 -.25 26.8936
4 27 1.2344 -.25 24.3838 1.2465 -.25 25.1376 .5134 -.25 26.8936 .2725 -.25 26.9946
4 27 .2725 -.25 26.9946 .9233 -.25 22.9418 1.3772 -.25 23.6437 1.2344 -.25 24.3838
3 27 1.7913 -.25 22.795 1.6653 -.25 22.9675 1.5709 -.25 22.8464
4 27 1.5709 -.25 22.8464 1.6653 -.25 22.9675 1.3772 -.25 23.6437 .9233 -.25 22.9418
4 27 5.6031 -.25 23.312 6.2797 -.25 21.3412 6.3666 -.25 21.2972 5.7696 -.25 24.0455
3 27 6.2797 -.25 21.3412 5.6031 -.25 23.312 5.2941 -.25 22.6827
4 27 4.7461 -.25 21.9693 6.2797 -.25 21.3412 5.2941 -.25 22.6827 4.8633 -.25 22.1829
3 27 4.8633 -.25 22.1829 4.6026 -.25 22.0152 4.7461 -.25 21.9693
4 27 8.1105 -.25 5.549 9.5176 -.25 6.7923 8.6903 -.25 6.5763 7.8963 -.25 5.8932
3 27 7.6019 -.25 6.1099 7.2912 -.25 6.3804 7.272 -.25 6.1662
4 27 7.8963 -.25 5.8932 8.6903 -.25 6.5763 7.2912 -.25 6.3804 7.6019 -.25 6.1099
4 27 5.8036 -.25 6.3277 6.9569 -.25 6.0535 7.272 -.25 6.1662 7.2912 -.25 6.3804
3 27 6.9569 -.25 6.0535 5.8036 -.25 6.3277 6.7046 -.25 5.7889
4 27 4.2529 -.25 6.419 6.5534 -.25 5.4127 6.7046 -.25 5.7889 5.8036 -.25 6.3277
4 27 3.5604 -.25 6.5211 6.5264 -.25 4.9823 6.5534 -.25 5.4127 4.2529 -.25 6.419
4 27 4.6631 -.25 -.3451 6.6277 -.25 4.563 6.5264 -.25 4.9823 3.5604 -.25 6.5211
4 27 4.6631 -.25 -.3451 4.7346 -.25 -.3663 6.8419 -.25 4.2188 6.6277 -.25 4.563
4 27 5.3504 -.25 -4.6249 6.4605 -.25 -.8775 4.7346 -.25 -.3663 4.6905 -.25 -.5153
4 27 4.7346 -.25 -.3663 6.4605 -.25 -.8775 7.1364 -.25 4.0021 6.8419 -.25 4.2188
4 27 7.1364 -.25 4.0021 6.4605 -.25 -.8775 9.5406 -.25 -.0347 7.4663 -.25 3.9458
3 27 9.5406 -.25 -.0347 6.4605 -.25 -.8775 9.5247 -.25 -.2873
4 27 9.0014 -.25 -1.6301 9.5842 -.25 -.5332 9.5247 -.25 -.2873 6.4605 -.25 -.8775
3 27 9.7098 -.25 -.7352 9.5842 -.25 -.5332 9.0014 -.25 -1.6301
4 27 9.7098 -.25 -.7352 9.0014 -.25 -1.6301 10.7272 -.25 -2.1413 9.8826 -.25 -.8623
4 27 9.577 -.25 -6.0246 10.7272 -.25 -2.1413 9.0014 -.25 -1.6301 7.8511 -.25 -5.5133
4 27 7.4663 -.25 3.9458 9.5406 -.25 -.0347 9.6293 -.25 .186 7.7814 -.25 4.0585
4 27 7.7814 -.25 4.0585 9.6293 -.25 .186 9.7773 -.25 .3412 8.0337 -.25 4.3231
4 27 8.0337 -.25 4.3231 9.7773 -.25 .3412 9.9622 -.25 .4073 8.1849 -.25 4.6992
4 27 10.1557 -.25 .3743 9.5176 -.25 6.7923 8.1105 -.25 5.549 8.2118 -.25 5.1297
4 27 8.1849 -.25 4.6992 9.9622 -.25 .4073 10.1557 -.25 .3743 8.2118 -.25 5.1297
3 27 10.3284 -.25 .2471 9.5176 -.25 6.7923 10.1557 -.25 .3743
3 27 10.4541 -.25 .0452 9.5176 -.25 6.7923 10.3284 -.25 .2471
3 27 10.7272 -.25 -2.1413 10.0761 -.25 -.8953 9.8826 -.25 -.8623
3 27 10.7272 -.25 -2.1413 10.261 -.25 -.8292 10.0761 -.25 -.8953
3 27 10.7272 -.25 -2.1413 10.409 -.25 -.674 10.261 -.25 -.8292
4 27 10.409 -.25 -.674 10.7272 -.25 -2.1413 11.5086 -.25 -2.3728 10.4977 -.25 -.4533
3 27 11.5086 -.25 -2.3728 10.5135 -.25 -.2008 10.4977 -.25 -.4533
4 27 10.5135 -.25 -.2008 11.5086 -.25 -2.3728 9.5176 -.25 6.7923 10.4541 -.25 .0452
4 27 6.8536 -.25 -10.6412 13.0807 -.25 -13.7373 13.8253 -.25 -13.037 13.7485 -.25 -12.6836
4 27 12.491 -.25 -29.214 13.45 -.25 -27.089 6.8536 -.25 -10.6412 6.2898 -.25 -10.4742
4 27 6.8536 -.25 -10.6412 13.45 -.25 -27.089 15.003 -.25 -25.552 13.0807 -.25 -13.7373
4 27 13.0807 -.25 -13.7373 15.003 -.25 -25.552 16.3877 -.25 -24.8325 14.0391 -.25 -14.0212
3 27 12.491 -.25 -29.214 6.2898 -.25 -10.4742 11.97 -.25 -31.586
3 27 11.9709 -.25 -45.8491 11.97 -.25 -31.586 6.2898 -.25 -10.4742
3 27 -9.672 -.25 25.1116 -10.8615 -.25 25.4639 -9.7732 -.25 24.9056
4 27 -10.4371 -.25 22.7937 -9.9462 -.25 24.1603 -9.7732 -.25 24.9056 -10.8615 -.25 25.4639
4 27 -10.2044 -.25 22.6036 -9.9588 -.25 23.3757 -9.9462 -.25 24.1603 -10.4371 -.25 22.7937
4 27 -9.9588 -.25 23.3757 -10.2044 -.25 22.6036 -9.7738 -.25 22.0143 -9.8102 -.25 22.6051
4 27 -9.8102 -.25 22.6051 -9.7738 -.25 22.0143 -9.474 -.25 21.3104 -9.5103 -.25 21.9012
4 27 -9.3253 -.25 20.5398 -9.0798 -.25 21.3119 -9.5103 -.25 21.9012 -9.474 -.25 21.3104
4 27 -9.3253 -.25 20.5398 -8.7172 -.25 20.8096 -8.5944 -.25 20.9154 -9.0798 -.25 21.3119
3 27 -8.7172 -.25 20.8096 -9.3253 -.25 20.5398 -9.3336 -.25 20.0259
4 27 -7.8367 -.25 8.7422 -7.5367 -.25 9.1695 -7.5355 -.25 9.2452 -7.5546 -.25 9.2248
4 27 -8.0248 -.25 8.2254 -7.4554 -.25 8.748 -7.5367 -.25 9.1695 -7.8367 -.25 8.7422
4 27 -8.0723 -.25 7.9147 -7.2914 -.25 8.3629 -7.4554 -.25 8.748 -8.0248 -.25 8.2254
4 27 -7.2914 -.25 8.3629 -8.0723 -.25 7.9147 -7.109 -.25 1.8537 -7.0559 -.25 8.0406
4 27 -7.109 -.25 1.8537 -7.0363 -.25 1.8002 -6.7649 -.25 7.8028 -7.0559 -.25 8.0406
4 27 -7.0363 -.25 1.8002 -6.7947 -.25 1.412 -6.4383 -.25 7.666 -6.7649 -.25 7.8028
4 27 -6.7947 -.25 1.412 -6.6804 -.25 .9391 -6.0983 -.25 7.6393 -6.4383 -.25 7.666
4 27 -6.0983 -.25 7.6393 -6.6804 -.25 .9391 -3.7382 -.25 -1.6827 -5.7578 -.25 7.7312
4 27 -4.3009 -.25 -3.5825 -3.7382 -.25 -1.6827 -6.6804 -.25 .9391 -6.7109 -.25 .4537
4 27 -5.9625 -.25 -5.3602 -4.3009 -.25 -3.5825 -6.7109 -.25 .4537 -6.8367 -.25 .1404
4 27 -5.7149 -.25 -6.9182 3.7229 -.25 -66.3 8.084 -.25 -66.3 -2.4046 -.25 -7.8988
4 27 8.084 -.25 -66.3 9.849 -.25 -66.209 10.0882 -.25 -66.1297 -2.4046 -.25 -7.8988
4 4 -14.0462 -.25 20.9103 -13.8732 -.25 21.6556 -14.0804 -.25 22.1198 -14.8174 -.25 22.1776
4 4 -16.2881 -.25 20.8975 -14.0462 -.25 20.9103 -14.8174 -.25 22.1776 -16.0502 -.25 21.8478
3 4 -15.5255 -.25 22.4743 -16.0611 -.25 22.9119 -16.0353 -.25 22.7783
3 4 -15.5255 -.25 22.4743 -16.0353 -.25 22.7783 -16.0502 -.25 21.8478
3 4 -14.8174 -.25 22.1776 -15.5255 -.25 22.4743 -16.0502 -.25 21.8478
4 4 -15.3673 -.25 19.6087 -14.0588 -.25 20.1257 -14.0462 -.25 20.9103 -16.2881 -.25 20.8975
3 4 -15.3673 -.25 19.6087 -16.2881 -.25 20.8975 -15.93 -.25 19.6529
3 4 -15.93 -.25 19.6529 -16.2881 -.25 20.8975 -16.0892 -.25 19.6367
4 4 -15.3673 -.25 19.6087 -14.8268 -.25 19.3822 -13.9102 -.25 19.3551 -14.0588 -.25 20.1257
4 4 -14.8268 -.25 19.3822 -14.3452 -.25 18.9887 -13.6103 -.25 18.6512 -13.9102 -.25 19.3551
3 4 -13.6103 -.25 18.6512 -14.3452 -.25 18.9887 -13.9553 -.25 18.4552
4 4 -13.9553 -.25 18.4552 -13.6839 -.25 17.8179 -13.1798 -.25 18.0619 -13.6103 -.25 18.6512
4 4 -13.5493 -.25 17.1202 -12.6478 -.25 17.6273 -13.1798 -.25 18.0619 -13.6839 -.25 17.8179
4 4 -13.5493 -.25 17.1202 -12.653 -.25 16.561 -12.0507 -.25 17.3771 -12.6478 -.25 17.6273
3 4 -11.8979 -.25 17.3651 -12.0507 -.25 17.3771 -12.653 -.25 16.561
4 4 -13.2769 -.25 15.7239 -12.653 -.25 16.561 -13.5493 -.25 17.1202 -13.5607 -.25 16.4098
4 4 -13.7129 -.25 14.8184 -13.2769 -.25 15.7239 -13.5607 -.25 16.4098 -13.7174 -.25 15.7351
3 4 -13.7129 -.25 14.8184 -13.7174 -.25 15.7351 -14.0086 -.25 15.1419
4 4 -14.1212 -.25 13.818 -13.7129 -.25 14.8184 -14.0086 -.25 15.1419 -14.4146 -.25 14.6708
4 4 -14.4146 -.25 14.6708 -14.9076 -.25 14.3539 -14.357 -.25 13.5444 -14.1212 -.25 13.818
4 4 -14.6191 -.25 13.0106 -14.357 -.25 13.5444 -14.9076 -.25 14.3539 -15.2618 -.25 14.2623
3 4 -14.6191 -.25 13.0106 -15.2618 -.25 14.2623 -14.7601 -.25 12.4033
3 4 -14.7601 -.25 12.4033 -15.2618 -.25 14.2623 -14.7704 -.25 11.764
3 4 -14.5685 -.25 10.7135 -14.5878 -.25 10.9918 -14.6493 -.25 11.1362
4 4 -13.747 -.25 4.4693 -14.405 -.25 10.5627 -14.5101 -.25 10.8095 -14.5685 -.25 10.7135
4 4 -10.4359 -.25 7.7262 -10.3736 -.25 7.7213 -10.843 -.25 10.7372 -11.0956 -.25 10.4604
4 4 -11.4889 -.25 9.3798 -10.4359 -.25 7.7262 -11.0956 -.25 10.4604 -11.3307 -.25 9.9607
4 4 -10.766 -.25 7.6409 -10.4359 -.25 7.7262 -11.4889 -.25 9.3798 -11.5532 -.25 8.7647
3 4 -10.766 -.25 7.6409 -11.5532 -.25 8.7647 -11.0639 -.25 7.4494
4 4 -12.6279 -.25 9.4849 -11.5532 -.25 8.7647 -11.7282 -.25 9.3072 -12.1361 -.25 9.612
3 4 -11.7282 -.25 9.3072 -11.7793 -.25 9.7515 -12.1361 -.25 9.612
3 4 -11.7793 -.25 9.7515 -11.7852 -.25 9.8375 -12.1361 -.25 9.612
4 4 -11.0639 -.25 7.4494 -11.5532 -.25 8.7647 -12.6279 -.25 9.4849 -11.3092 -.25 7.1648
4 4 -13.1343 -.25 9.5246 -11.4852 -.25 6.8064 -11.3092 -.25 7.1648 -12.6279 -.25 9.4849
4 4 -13.747 -.25 4.4693 -11.5798 -.25 6.3987 -11.4852 -.25 6.8064 -13.1343 -.25 9.5246
3 4 -11.5798 -.25 6.3987 -13.747 -.25 4.4693 -11.5867 -.25 5.9695
3 4 -13.1343 -.25 9.5246 -13.6208 -.25 9.7285 -13.747 -.25 4.4693
3 4 -13.6208 -.25 9.7285 -14.0542 -.25 10.0826 -13.747 -.25 4.4693
3 4 -13.747 -.25 4.4693 -14.0542 -.25 10.0826 -14.405 -.25 10.5627
4 4 -14.6493 -.25 11.1362 -14.7704 -.25 11.764 -15.2618 -.25 14.2623 -13.747 -.25 4.4693
3 4 -11.5054 -.25 5.548 -11.5867 -.25 5.9695 -13.747 -.25 4.4693
4 4 -13.3975 -.25 2.2094 -11.3414 -.25 5.1629 -11.5054 -.25 5.548 -13.747 -.25 4.4693
3 4 -11.1059 -.25 4.8406 -11.3414 -.25 5.1629 -13.3975 -.25 2.2094
4 4 -11.6204 -.25 -1.3701 -10.8149 -.25 4.6028 -11.1059 -.25 4.8406 -13.3975 -.25 2.2094
4 4 -11.6204 -.25 -1.3701 -11.3162 -.25 -1.422 -10.4883 -.25 4.466 -10.8149 -.25 4.6028
4 4 -11.3162 -.25 -1.422 -11.0446 -.25 -1.6219 -10.1483 -.25 4.4393 -10.4883 -.25 4.466
4 4 -10.8471 -.25 -1.9394 -9.8737 -.25 4.5102 -10.1483 -.25 4.4393 -11.0446 -.25 -1.6219
4 4 -10.8471 -.25 -1.9394 -10.7537 -.25 -2.326 -8.9943 -.25 -7.1757 -9.8737 -.25 4.5102
4 4 -10.7785 -.25 -2.723 -9.1878 -.25 -7.1427 -8.9943 -.25 -7.1757 -10.7537 -.25 -2.326
4 4 -9.3727 -.25 -7.2088 -9.1878 -.25 -7.1427 -10.7785 -.25 -2.723 -10.918 -.25 -3.0699
4 4 -9.5207 -.25 -7.364 -9.3727 -.25 -7.2088 -10.918 -.25 -3.0699 -11.1507 -.25 -3.3139
4 4 -9.6094 -.25 -7.5847 -9.5207 -.25 -7.364 -11.1507 -.25 -3.3139 -11.4413 -.25 -3.4179
4 4 -9.6253 -.25 -7.8373 -9.6094 -.25 -7.5847 -11.4413 -.25 -3.4179 -11.7455 -.25 -3.366
4 4 -11.7455 -.25 -3.366 -12.0171 -.25 -3.1661 -9.5658 -.25 -8.0832 -9.6253 -.25 -7.8373
3 4 -11.6204 -.25 -1.3701 -13.3975 -.25 2.2094 -11.911 -.25 -1.4741
3 4 -11.911 -.25 -1.4741 -13.3975 -.25 2.2094 -12.1438 -.25 -1.7181
3 4 -12.1438 -.25 -1.7181 -13.3975 -.25 2.2094 -12.2832 -.25 -2.065
3 4 -12.2832 -.25 -2.065 -13.3975 -.25 2.2094 -12.3081 -.25 -2.462
3 4 -8.8216 -.25 -7.3029 -9.8737 -.25 4.5102 -8.9943 -.25 -7.1757
3 4 -8.6959 -.25 -7.5048 -9.8737 -.25 4.5102 -8.8216 -.25 -7.3029
3 4 -8.6365 -.25 -7.7508 -9.8737 -.25 4.5102 -8.6959 -.25 -7.5048
3 4 1.1488 -.25 -66.3 -9.8737 -.25 4.5102 -8.6365 -.25 -7.7508
3 4 1.1488 -.25 -66.3 -8.6365 -.25 -7.7508 -8.6523 -.25 -8.0033
3 4 1.1488 -.25 -66.3 -8.6523 -.25 -8.0033 -8.741 -.25 -8.224
4 4 -2.8005 -.25 -66.3 1.1488 -.25 -66.3 -8.741 -.25 -8.224 -8.889 -.25 -8.3792
4 4 -14.004 -.25 60.7 -21.912 -.25 54.998 -12.6733 -.25 47.6007 -10.4772 -.25 46.9817
4 4 -7.1594 -.25 47.3806 -7.1502 -.25 47.9576 -7.2595 -.25 48.5243 -10.4772 -.25 46.9817
4 4 -7.5233 -.25 46.3507 -7.2867 -.25 46.8325 -7.1594 -.25 47.3806 -10.4772 -.25 46.9817
3 4 -7.5233 -.25 46.3507 -10.4772 -.25 46.9817 -7.5745 -.25 46.2913
4 4 -10.4772 -.25 46.9817 -6.0284 -.25 45.6639 -6.1974 -.25 45.8952 -7.5745 -.25 46.2913
4 4 -6.9132 -.25 46.3294 -7.5745 -.25 46.2913 -6.1974 -.25 45.8952 -6.5347 -.25 46.1707
3 4 -6.9132 -.25 46.3294 -7.3073 -.25 46.3603 -7.5745 -.25 46.2913
4 4 -10.4772 -.25 46.9817 -7.2595 -.25 48.5243 -4.3002 -.25 50.2076 -14.004 -.25 60.7
4 4 -7.1347 -.25 48.3854 -4.3094 -.25 49.6306 -4.3002 -.25 50.2076 -7.2595 -.25 48.5243
4 4 -6.7435 -.25 48.0658 -4.4367 -.25 49.0825 -4.3094 -.25 49.6306 -7.1347 -.25 48.3854
4 4 -6.3044 -.25 47.8818 -4.6733 -.25 48.6007 -4.4367 -.25 49.0825 -6.7435 -.25 48.0658
4 4 -5.4035 -.25 47.9606 -4.6733 -.25 48.6007 -6.3044 -.25 47.8818 -5.8474 -.25 47.846
4 4 -4.969 -.25 48.2575 -4.6733 -.25 48.6007 -5.4035 -.25 47.9606 -5.0846 -.25 48.1657
4 4 -5.4518 -.25 45.4931 -3.1307 -.25 44.8056 -2.8256 -.25 45.1596 -5.5997 -.25 45.8402
4 4 -5.7008 -.25 46.3645 -5.5997 -.25 45.8402 -2.8256 -.25 45.1596 -2.6068 -.25 45.6053
4 4 -5.7008 -.25 46.3645 -2.6068 -.25 45.6053 -2.489 -.25 46.1124 -5.6923 -.25 46.8983
4 4 -2.5816 -.25 47.1704 -5.6923 -.25 46.8983 -2.489 -.25 46.1124 -2.4804 -.25 46.6462
4 4 -3.0785 -.25 48.0503 -5.6923 -.25 46.8983 -2.5816 -.25 47.1704 -2.7856 -.25 47.6493
4 4 -5.3557 -.25 47.8511 -5.5745 -.25 47.4053 -5.6923 -.25 46.8983 -3.0785 -.25 48.0503
4 4 -3.8466 -.25 48.5162 -5.3557 -.25 47.8511 -3.0785 -.25 48.0503 -3.4404 -.25 48.3459
4 4 -4.969 -.25 48.2575 -5.0846 -.25 48.1657 -5.3557 -.25 47.8511 -3.8466 -.25 48.5162
4 4 -4.969 -.25 48.2575 -3.8466 -.25 48.5162 -4.2695 -.25 48.5493 -4.6801 -.25 48.4432
4 4 -4.3002 -.25 50.2076 -4.3709 -.25 50.5741 -5.504 -.25 55 -14.004 -.25 60.7
4 4 -4.3709 -.25 50.5741 -3.9935 -.25 50.2658 -3.5544 -.25 50.0818 -5.504 -.25 55
4 4 -3.5544 -.25 50.0818 -3.0974 -.25 50.046 -2.6535 -.25 50.1606 -5.504 -.25 55
3 4 -2.3006 -.25 50.3551 -5.504 -.25 55 -2.6535 -.25 50.1606
4 4 2.696 -.25 49.5536 -5.504 -.25 55 2.3693 -.25 49.1556 2.6744 -.25 49.5096
4 4 .1043 -.25 49.7113 2.3693 -.25 49.1556 -5.504 -.25 55 -.0356 -.25 49.7993
4 4 .3972 -.25 49.3104 1.9988 -.25 48.9174 2.3693 -.25 49.1556 .1043 -.25 49.7113
4 4 1.1653 -.25 48.8445 1.9988 -.25 48.9174 .3972 -.25 49.3104 .7591 -.25 49.0147
3 4 1.9988 -.25 48.9174 1.1653 -.25 48.8445 1.5882 -.25 48.8113
3 4 -.0356 -.25 49.7993 -5.504 -.25 55 -2.3006 -.25 50.3551
4 4 -2.3006 -.25 50.3551 -2.6057 -.25 50.0011 .1684 -.25 49.3204 -.0356 -.25 49.7993
4 4 -2.6057 -.25 50.0011 -2.8245 -.25 49.5553 .2696 -.25 48.7962 .1684 -.25 49.3204
4 4 -2.9508 -.25 48.5145 .2696 -.25 48.7962 -2.8245 -.25 49.5553 -2.9423 -.25 49.0483
4 4 .1432 -.25 47.7553 .261 -.25 48.2624 .2696 -.25 48.7962 -2.9508 -.25 48.5145
4 4 -2.6457 -.25 47.5113 .1432 -.25 47.7553 -2.9508 -.25 48.5145 -2.8497 -.25 47.9902
4 4 -.0756 -.25 47.3096 .1432 -.25 47.7553 -2.6457 -.25 47.5113 -2.3528 -.25 47.1104
4 4 -.7512 -.25 46.7174 -.3807 -.25 46.9556 -.0756 -.25 47.3096 -2.3528 -.25 47.1104
4 4 -1.1618 -.25 46.6113 -.7512 -.25 46.7174 -2.3528 -.25 47.1104 -1.9909 -.25 46.8147
3 4 -1.1618 -.25 46.6113 -1.9909 -.25 46.8147 -1.5847 -.25 46.6445
4 15 -11.3334 -.25 23.2884 -10.8615 -.25 25.4639 -11.5405 -.25 25.665 -11.5524 -.25 24.9228
3 15 -10.7363 -.25 23.0382 -10.8615 -.25 25.4639 -11.3334 -.25 23.2884
3 15 -10.4371 -.25 22.7937 -10.8615 -.25 25.4639 -10.7363 -.25 23.0382
3 15 -11.3334 -.25 23.2884 -11.5524 -.25 24.9228 -11.7501 -.25 24.0713
3 15 -11.3334 -.25 23.2884 -11.7501 -.25 24.0713 -11.9549 -.25 23.3371
3 15 -11.7501 -.25 24.0713 -12.1176 -.25 23.3228 -11.9549 -.25 23.3371
3 15 -11.9549 -.25 23.3371 -12.1176 -.25 23.3228 -12.1484 -.25 23.2872
4 15 -9.2497 -.25 12.0234 -8.7503 -.25 10.6178 -8.8225 -.25 12.0275 -9.0575 -.25 12.113
4 15 -10.476 -.25 11.1395 -8.7503 -.25 10.6178 -9.2497 -.25 12.0234 -9.7966 -.25 11.6903
4 15 -8.7503 -.25 10.6178 -10.476 -.25 11.1395 -10.843 -.25 10.7372 -8.6823 -.25 9.6353
4 15 -10.0959 -.25 7.6995 -8.6823 -.25 9.6353 -10.843 -.25 10.7372 -10.3736 -.25 7.7213
4 15 -9.7693 -.25 7.5627 -8.5672 -.25 8.6356 -8.6823 -.25 9.6353 -10.0959 -.25 7.6995
4 15 -9.4783 -.25 7.3249 -8.4563 -.25 8.0632 -8.5672 -.25 8.6356 -9.7693 -.25 7.5627
4 15 -9.4783 -.25 7.3249 -9.2428 -.25 7.0026 -8.2174 -.25 6.9653 -8.4563 -.25 8.0632
3 15 -8.2174 -.25 6.9653 -9.2428 -.25 7.0026 -9.0787 -.25 6.6175
3 15 -8.2174 -.25 6.9653 -9.0787 -.25 6.6175 -8.9974 -.25 6.196
4 15 -8.2174 -.25 6.9653 -7.3684 -.25 2.0446 -7.109 -.25 1.8537 -8.0723 -.25 7.9147
4 15 -8.9974 -.25 6.196 -9.0043 -.25 5.7668 -7.3684 -.25 2.0446 -8.2174 -.25 6.9653
4 15 -9.099 -.25 5.3591 -7.7404 -.25 2.1081 -7.3684 -.25 2.0446 -9.0043 -.25 5.7668
4 15 -9.2749 -.25 5.0007 -8.0958 -.25 1.981 -7.7404 -.25 2.1081 -9.099 -.25 5.3591
4 15 -9.5202 -.25 4.7161 -8.3804 -.25 1.6826 -8.0958 -.25 1.981 -9.2749 -.25 5.0007
4 15 -9.8181 -.25 4.5246 -8.5509 -.25 1.2583 -8.3804 -.25 1.6826 -9.5202 -.25 4.7161
4 15 -9.8737 -.25 4.5102 -8.5813 -.25 .7728 -8.5509 -.25 1.2583 -9.8181 -.25 4.5246
4 15 -8.5813 -.25 .7728 -9.8737 -.25 4.5102 -7.0493 -.25 -6.523 -8.467 -.25 .3
3 15 -7.0493 -.25 -6.523 -8.2254 -.25 -.0882 -8.467 -.25 .3
3 15 -7.0493 -.25 -6.523 -7.8934 -.25 -.3326 -8.2254 -.25 -.0882
4 15 -7.8934 -.25 -.3326 -7.0493 -.25 -6.523 -5.9625 -.25 -5.3602 -7.5213 -.25 -.3961
3 15 -5.9625 -.25 -5.3602 -7.1659 -.25 -.269 -7.5213 -.25 -.3961
3 15 -5.9625 -.25 -5.3602 -6.8367 -.25 .1404 -6.8814 -.25 .0294
3 15 -5.9625 -.25 -5.3602 -6.8814 -.25 .0294 -7.1659 -.25 -.269
3 15 1.1488 -.25 -66.3 -7.0493 -.25 -6.523 -9.8737 -.25 4.5102
4 15 -7.0493 -.25 -6.523 1.1488 -.25 -66.3 3.7229 -.25 -66.3 -5.7149 -.25 -6.9182
4 4 -14.4045 -.25 34.4763 -14.5447 -.25 34.1275 -12.5852 -.25 33.7931 -12.6227 -.25 33.9485
4 4 -14.5766 -.25 33.6189 -12.617 -.25 33.2845 -12.5852 -.25 33.7931 -14.5447 -.25 34.1275
4 4 -12.7956 -.25 32.84 -12.617 -.25 33.2845 -14.5766 -.25 33.6189 -14.4569 -.25 33.1235
4 4 -14.2038 -.25 32.7168 -13.0938 -.25 32.5274 -12.7956 -.25 32.84 -14.4569 -.25 33.1235
4 4 -13.4661 -.25 32.3942 -13.0938 -.25 32.5274 -14.2038 -.25 32.7168 -13.8559 -.25 32.4607
4 4 -9.4112 -.25 32.4535 -9.4337 -.25 32.0945 -8.0505 -.25 31.8584 -8.028 -.25 32.2175
4 4 -9.2852 -.25 32.7673 -8.1125 -.25 32.5672 -8.1471 -.25 32.6228 -9.1419 -.25 32.9175
4 4 -9.4112 -.25 32.4535 -8.028 -.25 32.2175 -8.1125 -.25 32.5672 -9.2852 -.25 32.7673
4 4 -8.1766 -.25 31.5447 -8.0505 -.25 31.8584 -9.4337 -.25 32.0945 -9.3492 -.25 31.7448
4 4 -8.387 -.25 31.324 -8.1766 -.25 31.5447 -9.3492 -.25 31.7448 -9.1706 -.25 31.4577
4 4 -8.6498 -.25 31.23 -8.387 -.25 31.324 -9.1706 -.25 31.4577 -8.925 -.25 31.2769
4 4 -4.5471 -.25 31.5564 -4.6385 -.25 31.4607 -3.6006 -.25 31.0068 -3.6713 -.25 31.297
4 4 -4.7612 -.25 30.9052 -3.6006 -.25 31.0068 -4.6385 -.25 31.4607 -4.7426 -.25 31.2016
4 4 -4.6914 -.25 30.6165 -3.6191 -.25 30.7103 -3.6006 -.25 31.0068 -4.7612 -.25 30.9052
4 4 -4.5439 -.25 30.3795 -3.7232 -.25 30.4513 -3.6191 -.25 30.7103 -4.6914 -.25 30.6165
4 4 -4.3411 -.25 30.2303 -3.897 -.25 30.2691 -3.7232 -.25 30.4513 -4.5439 -.25 30.3795
3 4 -3.897 -.25 30.2691 -4.3411 -.25 30.2303 -4.114 -.25 30.1915
4 4 8.9923 -.25 45.3585 8.995 -.25 45.402 7.1042 -.25 46.6471 6.946 -.25 46.2534
4 4 6.9122 -.25 45.7135 8.8027 -.25 44.8868 8.9923 -.25 45.3585 6.946 -.25 46.2534
4 4 8.4862 -.25 44.5549 8.8027 -.25 44.8868 6.9122 -.25 45.7135 7.0393 -.25 45.1877
4 4 7.3079 -.25 44.756 8.091 -.25 44.4135 8.4862 -.25 44.5549 7.0393 -.25 45.1877
3 4 8.091 -.25 44.4135 7.3079 -.25 44.756 7.6772 -.25 44.4841
4 4 3.1017 -.25 49.0704 3.2691 -.25 47.156 4.2054 -.25 48.5558 3.5368 -.25 48.9961
4 4 -.934 -.25 44.8289 -.7571 -.25 44.1024 1.4366 -.25 43.4526 .5191 -.25 44.956
3 4 1.6651 -.25 43.6922 .5191 -.25 44.956 1.4366 -.25 43.4526
4 0 -2.8256 -.25 45.1596 -3.1307 -.25 44.8056 -.7571 -.25 44.1024 -.934 -.25 44.8289
4 4 4.7938 -.25 42.4582 5.4438 -.25 42.2657 5.7562 -.25 42.3774 5.2691 -.25 43.556
3 4 5.2691 -.25 43.556 4.6462 -.25 42.5668 4.7938 -.25 42.4582
4 4 -15.2598 -.25 41.6111 -14.8891 -.25 41.4557 -13.7599 -.25 45.2677 -13.9215 -.25 45.3996
4 4 -14.3395 -.25 45.5748 -15.6323 -.25 41.9153 -15.2598 -.25 41.6111 -13.9215 -.25 45.3996
4 4 -15.842 -.25 42.2023 -15.6323 -.25 41.9153 -14.3395 -.25 45.5748 -14.7744 -.25 45.6062
4 4 -16.1437 -.25 42.8208 -15.9893 -.25 42.4583 -15.842 -.25 42.2023 -14.7744 -.25 45.6062
4 4 -16.239 -.25 43.9098 -16.2478 -.25 43.3604 -16.1437 -.25 42.8208 -14.7744 -.25 45.6062
4 4 -16.0075 -.25 44.6562 -16.1178 -.25 44.4316 -16.239 -.25 43.9098 -14.7744 -.25 45.6062
4 4 -16.5715 -.25 43.0496 -17.2406 -.25 41.1553 -15.9893 -.25 42.4583 -16.199 -.25 42.7453
3 4 -15.842 -.25 42.2023 -15.9893 -.25 42.4583 -17.2406 -.25 41.1553
4 4 -15.5835 -.25 41.3003 -15.6876 -.25 41.8398 -15.842 -.25 42.2023 -17.2406 -.25 41.1553
4 4 -16.4593 -.25 36.5059 -16.3888 -.25 36.3927 -15.5587 -.25 39.1951 -15.8917 -.25 39.076
4 4 -16.5875 -.25 37.9711 -16.634 -.25 37.2289 -16.4593 -.25 36.5059 -15.8917 -.25 39.076
3 4 -15.8917 -.25 39.076 -16.3268 -.25 38.6198 -16.5875 -.25 37.9711
4 0 -13.003 -.25 47.2181 -13.4035 -.25 46.9606 -13.7599 -.25 45.2677 -11.9356 -.25 46.7376
4 0 -13.9215 -.25 45.3996 -13.7599 -.25 45.2677 -13.4035 -.25 46.9606 -13.8474 -.25 46.846
4 0 -15.5587 -.25 39.1951 -14.8891 -.25 41.4557 -15.5923 -.25 40.7509 -15.7135 -.25 40.2291
3 0 -15.5587 -.25 39.1951 -15.7135 -.25 40.2291 -15.9387 -.25 39.7704
4 0 -16.2527 -.25 39.406 -15.8917 -.25 39.076 -15.5587 -.25 39.1951 -15.9387 -.25 39.7704
3 0 -11.9356 -.25 46.7376 -13.7599 -.25 45.2677 -14.8891 -.25 41.4557
4 0 -15.3154 -.25 35.3277 -11.9356 -.25 46.7376 -14.8891 -.25 41.4557 -15.5587 -.25 39.1951
3 0 -15.3154 -.25 35.3277 -15.5587 -.25 39.1951 -16.3888 -.25 36.3927
4 0 -16.9937 -.25 35.3642 -16.3888 -.25 36.3927 -16.4593 -.25 36.5059 -17.1425 -.25 35.9797
4 0 -17.0333 -.25 34.7323 -15.3154 -.25 35.3277 -16.3888 -.25 36.3927 -16.9937 -.25 35.3642
4 0 -14.4045 -.25 34.4763 -15.3154 -.25 35.3277 -17.0333 -.25 34.7323 -14.5447 -.25 34.1275
3 0 -12.6227 -.25 33.9485 -15.3154 -.25 35.3277 -14.4045 -.25 34.4763
4 0 -12.5852 -.25 33.7931 -9.2852 -.25 32.7673 -9.1419 -.25 32.9175 -12.6227 -.25 33.9485
3 0 -9.1419 -.25 32.9175 -15.3154 -.25 35.3277 -12.6227 -.25 33.9485
4 0 -8.1125 -.25 32.5672 -4.6385 -.25 31.4607 -4.5471 -.25 31.5564 -8.1471 -.25 32.6228
3 0 -4.6385 -.25 31.4607 -8.1125 -.25 32.5672 -8.028 -.25 32.2175
4 0 -12.8889 -.25 24.7093 -12.7299 -.25 24.7662 -11.5405 -.25 25.665 -14.123 -.25 27.0611
4 0 -11.5524 -.25 24.9228 -11.5405 -.25 25.665 -12.7299 -.25 24.7662 -12.5634 -.25 24.7378
3 0 -11.5524 -.25 24.9228 -12.5634 -.25 24.7378 -12.4149 -.25 24.6284
3 0 -11.5524 -.25 24.9228 -12.4149 -.25 24.6284 -12.3068 -.25 24.4547
4 0 -12.3068 -.25 24.4547 -12.2557 -.25 24.2432 -11.7501 -.25 24.0713 -11.5524 -.25 24.9228
4 0 -12.1176 -.25 23.3228 -11.7501 -.25 24.0713 -12.2557 -.25 24.2432 -12.2693 -.25 24.026
4 0 -12.1484 -.25 23.2872 -12.1176 -.25 23.3228 -12.2693 -.25 24.026 -12.3455 -.25 23.8362
3 0 -12.1484 -.25 23.2872 -12.3455 -.25 23.8362 -12.4729 -.25 23.7027
3 0 -12.1484 -.25 23.2872 -12.4729 -.25 23.7027 -12.6319 -.25 23.6458
3 4 -13.582 -.25 22.2485 -14.0804 -.25 22.1198 -13.8732 -.25 21.6556
4 0 -10.709 -.25 17.6626 -9.8118 -.25 18.0809 -12.1484 -.25 23.2872 -13.582 -.25 22.2485
4 0 -14.0462 -.25 20.9103 -10.709 -.25 17.6626 -13.582 -.25 22.2485 -13.8732 -.25 21.6556
4 0 -12.653 -.25 16.561 -11.4525 -.25 17.0818 -10.709 -.25 17.6626 -11.8979 -.25 17.3651
3 0 -11.4525 -.25 17.0818 -12.653 -.25 16.561 -12.1832 -.25 16.39
4 0 -10.709 -.25 17.6626 -14.0462 -.25 20.9103 -12.0507 -.25 17.3771 -11.8979 -.25 17.3651
4 0 -13.1798 -.25 18.0619 -12.6478 -.25 17.6273 -12.0507 -.25 17.3771 -14.0462 -.25 20.9103
4 0 -13.9102 -.25 19.3551 -13.6103 -.25 18.6512 -13.1798 -.25 18.0619 -14.0462 -.25 20.9103
3 0 -13.9102 -.25 19.3551 -14.0462 -.25 20.9103 -14.0588 -.25 20.1257
4 0 -11.9549 -.25 23.3371 -12.1484 -.25 23.2872 -10.7363 -.25 23.0382 -11.3334 -.25 23.2884
3 0 -10.4371 -.25 22.7937 -10.7363 -.25 23.0382 -12.1484 -.25 23.2872
4 0 -10.4371 -.25 22.7937 -12.1484 -.25 23.2872 -9.7738 -.25 22.0143 -10.2044 -.25 22.6036
4 0 -12.1484 -.25 23.2872 -9.8118 -.25 18.0809 -9.3336 -.25 20.0259 -9.7738 -.25 22.0143
4 0 -9.474 -.25 21.3104 -9.7738 -.25 22.0143 -9.3336 -.25 20.0259 -9.3253 -.25 20.5398
4 0 -9.0599 -.25 18.3925 -8.4018 -.25 19.1746 -8.2616 -.25 19.4571 -9.3336 -.25 20.0259
3 0 -9.0599 -.25 18.3925 -9.3336 -.25 20.0259 -9.8118 -.25 18.0809
4 0 -13.9346 -.25 27.2587 -14.123 -.25 27.0611 -11.5405 -.25 25.665 -10.1029 -.25 26.0254
4 0 -11.5405 -.25 25.665 -10.8615 -.25 25.4639 -9.981 -.25 25.8294 -10.1029 -.25 26.0254
4 0 -9.981 -.25 25.8294 -10.8615 -.25 25.4639 -9.672 -.25 25.1116 -9.8134 -.25 25.7061
4 0 -9.2165 -.25 26.1029 -2.6596 -.25 26.6427 -2.7526 -.25 26.7921 -9.2012 -.25 26.348
4 0 -9.3026 -.25 25.8888 -2.5319 -.25 26.5486 -2.6596 -.25 26.6427 -9.2165 -.25 26.1029
4 0 -6.9568 -.25 20.7776 -6.0652 -.25 21.2885 -9.3026 -.25 25.8888 -9.4462 -.25 25.7382
3 0 -6.9568 -.25 20.7776 -9.4462 -.25 25.7382 -9.6256 -.25 25.674
4 0 -9.8134 -.25 25.7061 -9.672 -.25 25.1116 -6.9568 -.25 20.7776 -9.6256 -.25 25.674
4 0 -9.7732 -.25 24.9056 -7.6931 -.25 20.1637 -6.9568 -.25 20.7776 -9.672 -.25 25.1116
4 0 -9.9588 -.25 23.3757 -7.6931 -.25 20.1637 -9.7732 -.25 24.9056 -9.9462 -.25 24.1603
4 0 -9.5103 -.25 21.9012 -7.6931 -.25 20.1637 -9.9588 -.25 23.3757 -9.8102 -.25 22.6051
3 0 -7.6931 -.25 20.1637 -8.5944 -.25 20.9154 -8.7172 -.25 20.8096
3 0 -7.6931 -.25 20.1637 -9.5103 -.25 21.9012 -8.5944 -.25 20.9154
3 0 -8.5944 -.25 20.9154 -9.5103 -.25 21.9012 -9.0798 -.25 21.3119
4 0 -2.4046 -.25 -7.8988 10.0882 -.25 -66.1297 10.971 -.25 -65.837 11.9709 -.25 -45.8491
4 0 10.971 -.25 -65.837 11.537 -.25 -65.239 11.972 -.25 -63.874 11.9709 -.25 -45.8491
4 0 7.2051 -.25 -9.8067 6.5339 -.25 -9.6079 6.2898 -.25 -10.4742 6.8536 -.25 -10.6412
3 0 6.5339 -.25 -9.6079 2.9863 -.25 -8.557 6.2898 -.25 -10.4742
3 0 6.2898 -.25 -10.4742 2.9863 -.25 -8.557 2.411 -.25 -8.3866
3 0 6.2898 -.25 -10.4742 2.411 -.25 -8.3866 1.2604 -.25 -8.0458
4 0 11.9709 -.25 -45.8491 6.2898 -.25 -10.4742 1.2604 -.25 -8.0458 -2.4046 -.25 -7.8988
4 0 3.7741 -.25 -.9682 4.6905 -.25 -.5153 4.7346 -.25 -.3663 4.6631 -.25 -.3451
4 0 3.3145 -.25 -5.1603 5.3504 -.25 -4.6249 4.6905 -.25 -.5153 3.7741 -.25 -.9682
3 0 5.9513 -.25 -5.9414 5.3504 -.25 -4.6249 3.3145 -.25 -5.1603
4 0 6.4605 -.25 -.8775 5.3504 -.25 -4.6249 5.9513 -.25 -5.9414 7.1299 -.25 -1.9623
4 0 3.1299 -.25 -5.7836 3.3145 -.25 -5.1603 3.7741 -.25 -.9682 2.4108 -.25 -5.5706
4 0 -2.0747 -.25 .7643 3.7741 -.25 -.9682 4.6631 -.25 -.3451 3.5604 -.25 6.5211
4 0 -1.5564 -.25 9.0277 -2.8798 -.25 9.6911 -3.7382 -.25 -1.6827 -2.0747 -.25 .7643
4 0 2.6955 -.25 7.6618 3.5604 -.25 6.5211 4.2529 -.25 6.419 4.1258 -.25 7.4406
4 0 1.2553 -.25 8.0043 -2.0747 -.25 .7643 3.5604 -.25 6.5211 2.6955 -.25 7.6618
3 0 1.2553 -.25 8.0043 -.1701 -.25 8.4622 -2.0747 -.25 .7643
3 0 -.1701 -.25 8.4622 -1.5564 -.25 9.0277 -2.0747 -.25 .7643
4 0 -7.9048 -.25 9.7247 -7.5546 -.25 9.2248 -7.5355 -.25 9.2452 -7.7082 -.25 9.9725
4 0 -7.7082 -.25 9.9725 -7.5355 -.25 9.2452 -6.7169 -.25 10.9419 -7.3493 -.25 10.3739
4 0 -7.4554 -.25 8.748 -6.7169 -.25 10.9419 -7.5355 -.25 9.2452 -7.5367 -.25 9.1695
4 0 -7.0559 -.25 8.0406 -6.7169 -.25 10.9419 -7.4554 -.25 8.748 -7.2914 -.25 8.3629
4 0 -6.4383 -.25 7.666 -6.7169 -.25 10.9419 -7.0559 -.25 8.0406 -6.7649 -.25 7.8028
4 0 -6.4383 -.25 7.666 -6.0983 -.25 7.6393 -5.7578 -.25 7.7312 -6.7169 -.25 10.9419
4 0 -4.1177 -.25 10.441 -5.1901 -.25 11.2218 -6.7169 -.25 10.9419 -5.7578 -.25 7.7312
3 0 -5.1901 -.25 11.2218 -5.8623 -.25 11.5354 -6.7169 -.25 10.9419
4 0 -3.7382 -.25 -1.6827 -2.8798 -.25 9.6911 -4.1177 -.25 10.441 -5.7578 -.25 7.7312
4 0 17.6279 -.25 -15.0305 14.0391 -.25 -14.0212 16.3877 -.25 -24.8325 17.118 -.25 -24.453
4 0 15.206 -.25 -13.4282 14.0391 -.25 -14.0212 17.6279 -.25 -15.0305 17.5072 -.25 -14.1098
3 0 19.1212 -.25 -24.2324 17.6279 -.25 -15.0305 17.118 -.25 -24.453
4 0 13.7485 -.25 -12.6836 13.8253 -.25 -13.037 15.0995 -.25 -13.0837 14.8757 -.25 -12.0788
3 0 15.0995 -.25 -13.0837 13.8253 -.25 -13.037 13.0807 -.25 -13.7373
3 0 14.8757 -.25 -12.0788 11.328 -.25 -11.0279 13.7485 -.25 -12.6836
4 0 6.8536 -.25 -10.6412 13.7485 -.25 -12.6836 11.328 -.25 -11.0279 10.7527 -.25 -10.8575
4 0 12.4982 -.25 10.0423 11.5086 -.25 -2.3728 15.7789 -.25 -3.6377 13.6333 -.25 9.5828
3 0 12.4982 -.25 10.0423 11.9298 -.25 9.3357 11.5086 -.25 -2.3728
4 0 12.4982 -.25 10.0423 13.6333 -.25 9.5828 14.0402 -.25 10.4105 12.8891 -.25 10.8295
3 0 10.3018 -.25 8.2109 9.2702 -.25 7.812 9.5176 -.25 6.7923
4 0 11.1934 -.25 8.7217 10.3018 -.25 8.2109 9.5176 -.25 6.7923 11.5086 -.25 -2.3728
3 0 11.9298 -.25 9.3357 11.1934 -.25 8.7217 11.5086 -.25 -2.3728
4 0 11.5815 -.25 -5.419 15.9511 -.25 -4.5752 15.7789 -.25 -3.6377 12.1637 -.25 -3.4534
3 0 15.7789 -.25 -3.6377 11.5086 -.25 -2.3728 12.1637 -.25 -3.4534
4 0 11.4446 -.25 -3.2404 12.1637 -.25 -3.4534 11.5086 -.25 -2.3728 10.7272 -.25 -2.1413
4 0 10.8457 -.25 16.0335 11.5627 -.25 16.138 12.1939 -.25 18.4522 10.7993 -.25 16.223
4 0 12.0565 -.25 15.4671 12.3732 -.25 18.5525 12.1939 -.25 18.4522 11.5627 -.25 16.138
4 0 12.7668 -.25 18.6415 12.3732 -.25 18.5525 12.0565 -.25 15.4671 13.3937 -.25 15.29
4 0 12.7668 -.25 18.6415 13.3937 -.25 15.29 13.6626 -.25 15.5483 13.1536 -.25 18.6042
4 0 13.6626 -.25 15.5483 13.9229 -.25 15.948 14.0976 -.25 16.4049 13.1536 -.25 18.6042
4 0 13.8037 -.25 18.1692 13.5073 -.25 18.4431 13.1536 -.25 18.6042 14.0976 -.25 16.4049
4 0 14.0976 -.25 16.4049 14.1748 -.25 16.888 14.1492 -.25 17.3642 13.8037 -.25 18.1692
3 0 14.1492 -.25 17.3642 14.0227 -.25 17.8012 13.8037 -.25 18.1692
4 0 12.0565 -.25 15.4671 12.5903 -.25 14.4984 13.7568 -.25 14.6017 13.3937 -.25 15.29
3 0 12.1939 -.25 18.4522 10.684 -.25 16.3804 10.7993 -.25 16.223
3 0 12.1939 -.25 18.4522 10.5172 -.25 16.4816 10.684 -.25 16.3804
4 0 8.3396 -.25 20.1474 8.6084 -.25 18.9854 12.1939 -.25 18.4522 11.7672 -.25 21.0816
3 0 12.1939 -.25 18.4522 8.6084 -.25 18.9854 8.702 -.25 17.7807
4 0 11.2 -.25 24.5766 11.7672 -.25 21.0816 11.9558 -.25 21.4658 11.3847 -.25 24.4257
4 0 11.3847 -.25 24.4257 11.9558 -.25 21.4658 11.9863 -.25 23.3605 11.7393 -.25 23.9403
4 0 12.0983 -.25 22.0796 12.1087 -.25 22.7259 11.9863 -.25 23.3605 11.9558 -.25 21.4658
4 0 5.7931 -.25 20.4717 6.6072 -.25 20.0636 6.3666 -.25 21.2972 6.2797 -.25 21.3412
4 0 7.6347 -.25 19.8187 8.1517 -.25 20.2158 6.3666 -.25 21.2972 6.6072 -.25 20.0636
3 0 7.6347 -.25 19.8187 6.6072 -.25 20.0636 7.0237 -.25 19.4558
4 0 8.1517 -.25 20.2158 8.3396 -.25 20.1474 11.7672 -.25 21.0816 11.2 -.25 24.5766
4 0 2.9813 -.25 21.4951 4.4068 -.25 21.0372 4.7461 -.25 21.9693 4.6026 -.25 22.0152
4 0 4.8633 -.25 22.1829 1.7913 -.25 22.795 2.9813 -.25 21.4951 4.6026 -.25 22.0152
4 0 1.5709 -.25 22.8464 1.5411 -.25 21.8376 2.9813 -.25 21.4951 1.7913 -.25 22.795
4 0 3.2554 -.25 27.4688 2.6756 -.25 27.3189 4.426 -.25 27.1816 3.8525 -.25 27.4219
4 0 1.7218 -.25 26.4828 4.426 -.25 27.1816 2.6756 -.25 27.3189 2.1525 -.25 26.9827
4 0 1.4128 -.25 25.8535 4.937 -.25 26.7641 4.426 -.25 27.1816 1.7218 -.25 26.4828
4 0 1.2465 -.25 25.1376 5.2814 -.25 26.2927 4.937 -.25 26.7641 1.4128 -.25 25.8535
4 0 1.3772 -.25 23.6437 5.2814 -.25 26.2927 1.2465 -.25 25.1376 1.2344 -.25 24.3838
4 0 1.7913 -.25 22.795 5.2814 -.25 26.2927 1.3772 -.25 23.6437 1.6653 -.25 22.9675
4 0 5.6031 -.25 23.312 5.7696 -.25 24.0455 5.2814 -.25 26.2927 1.7913 -.25 22.795
4 0 4.8633 -.25 22.1829 5.2941 -.25 22.6827 5.6031 -.25 23.312 1.7913 -.25 22.795
3 0 5.2992 -.25 29.2213 3.1223 -.25 29.3662 4.7163 -.25 28.894
4 0 4.7163 -.25 28.894 5.2814 -.25 26.2927 10.5381 -.25 28.655 5.2992 -.25 29.2213
4 0 5.2814 -.25 26.2927 5.7696 -.25 24.0455 11.2 -.25 24.5766 10.5381 -.25 28.655
4 0 8.1517 -.25 20.2158 11.2 -.25 24.5766 5.7696 -.25 24.0455 6.3666 -.25 21.2972
4 0 10.6177 -.25 28.5899 11.3004 -.25 34.2153 10.9521 -.25 34.1253 10.5381 -.25 28.655
4 0 10.6177 -.25 28.5899 11.206 -.25 28.3434 11.8183 -.25 28.2954 11.3004 -.25 34.2153
4 0 11.8183 -.25 28.2954 12.413 -.25 28.449 12.9495 -.25 28.7939 11.3004 -.25 34.2153
4 0 12.501 -.25 33.9207 11.9127 -.25 34.1672 11.3004 -.25 34.2153 12.9495 -.25 28.7939
4 0 12.501 -.25 33.9207 12.9495 -.25 28.7939 13.4492 -.25 32.912 13.025 -.25 33.4926
4 0 12.9495 -.25 28.7939 13.3913 -.25 29.3066 13.7082 -.25 29.952 13.4492 -.25 32.912
4 0 13.4492 -.25 32.912 13.7082 -.25 29.952 13.8787 -.25 30.6863 13.7446 -.25 32.2185
3 0 13.8911 -.25 31.4593 13.7446 -.25 32.2185 13.8787 -.25 30.6863
4 0 9.2389 -.25 36.2519 11.5676 -.25 36.3034 11.4829 -.25 36.9008 9.1321 -.25 36.4236
4 0 11.5121 -.25 35.5245 11.5676 -.25 36.3034 9.2389 -.25 36.2519 9.2895 -.25 36.0428
4 0 11.2979 -.25 34.7736 11.5121 -.25 35.5245 9.2895 -.25 36.0428 9.276 -.25 35.8281
4 0 10.9521 -.25 34.1253 11.2979 -.25 34.7736 9.276 -.25 35.8281 9.2006 -.25 35.6404
3 0 10.9521 -.25 34.1253 9.2006 -.25 35.6404 9.0747 -.25 35.5085
4 0 10.5381 -.25 28.655 10.9521 -.25 34.1253 9.0747 -.25 35.5085 8.9176 -.25 35.4522
4 0 8.753 -.25 35.4803 5.2992 -.25 29.2213 10.5381 -.25 28.655 8.9176 -.25 35.4522
3 0 8.753 -.25 35.4803 8.6062 -.25 35.5884 5.2992 -.25 29.2213
3 0 8.6062 -.25 35.5884 8.4993 -.25 35.7601 5.2992 -.25 29.2213
3 0 8.4993 -.25 35.7601 8.4488 -.25 35.9692 5.2992 -.25 29.2213
3 0 8.679 -.25 40.6313 8.4623 -.25 36.1839 8.5377 -.25 36.3715
4 0 8.4488 -.25 35.9692 8.4623 -.25 36.1839 8.679 -.25 40.6313 5.2992 -.25 29.2213
3 0 8.679 -.25 40.6313 8.5377 -.25 36.3715 8.6635 -.25 36.5035
3 0 8.8207 -.25 36.5597 8.679 -.25 40.6313 8.6635 -.25 36.5035
3 0 11.4829 -.25 36.9008 8.9852 -.25 36.5317 9.1321 -.25 36.4236
4 0 8.8207 -.25 36.5597 8.9852 -.25 36.5317 11.4829 -.25 36.9008 8.679 -.25 40.6313
3 0 11.4829 -.25 36.9008 11.4577 -.25 37.8615 11.3312 -.25 38.0648
4 0 11.8484 -.25 36.6022 11.6316 -.25 37.7334 11.4577 -.25 37.8615 11.4829 -.25 36.9008
4 0 15.0169 -.25 40.4995 15.001 -.25 40.2453 15.5366 -.25 39.8352 15.4284 -.25 40.5774
4 0 15.001 -.25 40.2453 14.9117 -.25 40.0231 15.5226 -.25 38.9642 15.5366 -.25 39.8352
4 0 15.3305 -.25 38.1369 15.5226 -.25 38.9642 14.9117 -.25 40.0231 14.7626 -.25 39.8668
4 0 15.0343 -.25 37.5336 15.3305 -.25 38.1369 14.7626 -.25 39.8668 14.5765 -.25 39.8002
4 0 13.6735 -.25 36.3924 15.0343 -.25 37.5336 14.5765 -.25 39.8002 14.3816 -.25 39.8334
4 0 13.2011 -.25 36.2703 13.6735 -.25 36.3924 14.3816 -.25 39.8334 14.2077 -.25 39.9615
4 0 12.5112 -.25 36.3245 13.2011 -.25 36.2703 12.251 -.25 38.1453 12.1617 -.25 37.9231
4 0 12.0126 -.25 37.7668 11.8484 -.25 36.6022 12.5112 -.25 36.3245 12.1617 -.25 37.9231
3 0 12.0126 -.25 37.7668 11.8265 -.25 37.7002 11.8484 -.25 36.6022
3 0 11.8484 -.25 36.6022 11.8265 -.25 37.7002 11.6316 -.25 37.7334
4 0 12.0806 -.25 38.8505 12.2071 -.25 38.6472 14.2077 -.25 39.9615 14.0812 -.25 40.1648
3 0 14.2077 -.25 39.9615 12.2071 -.25 38.6472 12.2669 -.25 38.3995
4 0 13.2011 -.25 36.2703 14.2077 -.25 39.9615 12.2669 -.25 38.3995 12.251 -.25 38.1453
4 0 11.9066 -.25 38.9785 12.0806 -.25 38.8505 14.0812 -.25 40.1648 14.0213 -.25 40.4124
4 0 11.7118 -.25 39.0118 11.9066 -.25 38.9785 14.0213 -.25 40.4124 14.0373 -.25 40.6667
3 0 15.4284 -.25 40.5774 14.9571 -.25 40.7472 15.0169 -.25 40.4995
3 0 15.4284 -.25 40.5774 14.8306 -.25 40.9505 14.9571 -.25 40.7472
4 0 14.6566 -.25 41.0785 14.8306 -.25 40.9505 15.4284 -.25 40.5774 17.5049 -.25 39.7481
3 0 17.5049 -.25 39.7481 12.491 -.25 43.1 14.6566 -.25 41.0785
3 0 14.6566 -.25 41.0785 12.491 -.25 43.1 14.4618 -.25 41.1118
3 0 14.4618 -.25 41.1118 12.491 -.25 43.1 14.2756 -.25 41.0452
3 0 14.2756 -.25 41.0452 12.491 -.25 43.1 14.1266 -.25 40.8889
4 0 14.0373 -.25 40.6667 14.1266 -.25 40.8889 12.491 -.25 43.1 11.7118 -.25 39.0118
4 0 10.6157 -.25 41.6795 11.5256 -.25 38.9452 11.7118 -.25 39.0118 12.491 -.25 43.1
3 0 12.491 -.25 43.1 10.3516 -.25 42.7722 10.5477 -.25 42.4572
3 0 12.491 -.25 43.1 10.5477 -.25 42.4572 10.6404 -.25 42.0735
3 0 12.491 -.25 43.1 10.6404 -.25 42.0735 10.6157 -.25 41.6795
4 0 11.3766 -.25 38.7889 11.5256 -.25 38.9452 10.6157 -.25 41.6795 10.4773 -.25 41.3352
4 0 11.2873 -.25 38.5667 11.3766 -.25 38.7889 10.4773 -.25 41.3352 10.2464 -.25 41.0931
3 0 11.2873 -.25 38.5667 10.2464 -.25 41.0931 9.958 -.25 40.9899
3 0 9.6561 -.25 41.0415 9.3866 -.25 41.2398 8.679 -.25 40.6313
4 0 9.6561 -.25 41.0415 8.679 -.25 40.6313 11.2873 -.25 38.5667 9.958 -.25 40.9899
3 0 11.2873 -.25 38.5667 8.679 -.25 40.6313 11.2713 -.25 38.3124
4 0 11.4829 -.25 36.9008 11.3312 -.25 38.0648 11.2713 -.25 38.3124 8.679 -.25 40.6313
4 0 10.0822 -.25 42.9705 12.491 -.25 43.1 8.995 -.25 45.402 8.9923 -.25 45.3585
3 0 12.491 -.25 43.1 10.0822 -.25 42.9705 10.3516 -.25 42.7722
4 0 9.7802 -.25 43.022 10.0822 -.25 42.9705 8.9923 -.25 45.3585 8.8027 -.25 44.8868
4 0 9.4919 -.25 42.9189 9.7802 -.25 43.022 8.8027 -.25 44.8868 8.4862 -.25 44.5549
4 0 9.2609 -.25 42.6767 9.4919 -.25 42.9189 8.4862 -.25 44.5549 8.091 -.25 44.4135
4 0 9.1226 -.25 42.3325 9.2609 -.25 42.6767 8.091 -.25 44.4135 7.6772 -.25 44.4841
3 0 9.3866 -.25 41.2398 9.1906 -.25 41.5548 8.679 -.25 40.6313
3 0 9.1226 -.25 42.3325 7.6772 -.25 44.4841 9.0979 -.25 41.9385
4 0 9.1906 -.25 41.5548 9.0979 -.25 41.9385 7.6772 -.25 44.4841 8.679 -.25 40.6313
4 0 7.6772 -.25 44.4841 6.2648 -.25 43.6431 6.233 -.25 43.1345 8.679 -.25 40.6313
4 0 6.2648 -.25 43.6431 7.6772 -.25 44.4841 7.3079 -.25 44.756 6.1451 -.25 44.1385
4 0 6.1451 -.25 44.1385 7.3079 -.25 44.756 7.0393 -.25 45.1877 5.8921 -.25 44.5452
4 0 5.8921 -.25 44.5452 7.0393 -.25 45.1877 6.9122 -.25 45.7135 5.5441 -.25 44.8012
3 0 7.1042 -.25 46.6471 4.2054 -.25 48.5558 4.5475 -.25 48.006
4 0 6.946 -.25 46.2534 7.1042 -.25 46.6471 4.5475 -.25 48.006 4.7223 -.25 47.2831
4 0 6.9122 -.25 45.7135 6.946 -.25 46.2534 4.7223 -.25 47.2831 4.6757 -.25 46.5408
4 0 5.5441 -.25 44.8012 6.9122 -.25 45.7135 4.6757 -.25 46.5408 4.4151 -.25 45.8922
4 0 5.5441 -.25 44.8012 4.4151 -.25 45.8922 3.98 -.25 45.436 5.1544 -.25 44.8678
3 0 5.1544 -.25 44.8678 3.98 -.25 45.436 4.7821 -.25 44.7346
4 0 3.4366 -.25 45.2416 4.4839 -.25 44.422 4.7821 -.25 44.7346 3.98 -.25 45.436
4 0 2.8678 -.25 45.3387 4.3053 -.25 43.9775 4.4839 -.25 44.422 3.4366 -.25 45.2416
4 0 1.9257 -.25 44.3408 4.3053 -.25 43.9775 2.8678 -.25 45.3387 1.9723 -.25 45.0831
4 0 1.6651 -.25 43.6922 4.2734 -.25 43.4689 4.3053 -.25 43.9775 1.9257 -.25 44.3408
4 0 1.4366 -.25 43.4526 4.3931 -.25 42.9735 4.2734 -.25 43.4689 1.6651 -.25 43.6922
3 0 4.6462 -.25 42.5668 4.3931 -.25 42.9735 1.4366 -.25 43.4526
3 0 8.679 -.25 40.6313 6.233 -.25 43.1345 6.0544 -.25 42.69
3 0 8.679 -.25 40.6313 6.0544 -.25 42.69 5.7562 -.25 42.3774
3 0 8.679 -.25 40.6313 5.7562 -.25 42.3774 5.4438 -.25 42.2657
3 0 4.7938 -.25 42.4582 4.6462 -.25 42.5668 1.4366 -.25 43.4526
3 0 8.679 -.25 40.6313 5.4438 -.25 42.2657 4.7938 -.25 42.4582
3 0 8.679 -.25 40.6313 4.7938 -.25 42.4582 1.4366 -.25 43.4526
3 0 8.679 -.25 40.6313 1.4366 -.25 43.4526 -.7571 -.25 44.1024
3 0 8.679 -.25 40.6313 -.7571 -.25 44.1024 -3.1307 -.25 44.8056
4 0 -13.003 -.25 47.2181 -11.9356 -.25 46.7376 -10.4772 -.25 46.9817 -12.6733 -.25 47.6007
3 0 -6.0284 -.25 45.6639 -10.4772 -.25 46.9817 -11.9356 -.25 46.7376
3 0 -5.4518 -.25 45.4931 -6.0284 -.25 45.6639 -11.9356 -.25 46.7376
4 0 -3.1307 -.25 44.8056 -5.4518 -.25 45.4931 -11.9356 -.25 46.7376 8.679 -.25 40.6313
3 0 -5.4518 -.25 45.4931 -5.5997 -.25 45.8402 -6.0284 -.25 45.6639
3 0 .2725 -.25 26.9946 -2.0652 -.25 27.038 -2.0769 -.25 26.8512
4 0 -2.0769 -.25 26.8512 -2.1425 -.25 26.6879 .9233 -.25 22.9418 .2725 -.25 26.9946
4 0 1.5411 -.25 21.8376 1.5709 -.25 22.8464 .9233 -.25 22.9418 .1108 -.25 22.0588
4 0 .9233 -.25 22.9418 -2.1425 -.25 26.6879 -1.2852 -.25 22.1549 .1108 -.25 22.0588
3 0 -1.2852 -.25 22.1549 -2.1425 -.25 26.6879 -2.252 -.25 26.5731
4 0 -2.623 -.25 22.1244 -1.2852 -.25 22.1549 -2.252 -.25 26.5731 -2.3887 -.25 26.5242
4 0 -4.0011 -.25 21.7658 -2.623 -.25 22.1244 -2.3887 -.25 26.5242 -2.5319 -.25 26.5486
3 0 -2.623 -.25 22.1244 -4.0011 -.25 21.7658 -2.8776 -.25 21.7825
4 0 -6.0652 -.25 21.2885 -5.2275 -.25 21.6124 -2.5319 -.25 26.5486 -9.3026 -.25 25.8888
3 0 -4.5407 -.25 21.6337 -5.2275 -.25 21.6124 -4.6419 -.25 21.4669
4 0 -4.5407 -.25 21.6337 -4.3834 -.25 21.7491 -2.5319 -.25 26.5486 -5.2275 -.25 21.6124
3 0 -2.5319 -.25 26.5486 -4.3834 -.25 21.7491 -4.1939 -.25 21.7955
3 0 -2.5319 -.25 26.5486 -4.1939 -.25 21.7955 -4.0011 -.25 21.7658
4 0 3.1193 -.25 29.1779 3.1223 -.25 29.3662 .7909 -.25 29.6199 .8348 -.25 29.438
4 0 2.9531 -.25 28.462 3.1193 -.25 29.1779 .8348 -.25 29.438 .8231 -.25 29.2512
4 0 2.6441 -.25 27.8327 2.9531 -.25 28.462 .8231 -.25 29.2512 .7575 -.25 29.0879
4 0 .648 -.25 28.9731 2.2133 -.25 27.3329 2.6441 -.25 27.8327 .7575 -.25 29.0879
4 0 .5113 -.25 28.9242 1.6902 -.25 26.9966 2.2133 -.25 27.3329 .648 -.25 28.9731
4 0 .5134 -.25 26.8936 1.1104 -.25 26.8467 1.6902 -.25 26.9966 .5113 -.25 28.9242
3 0 .5134 -.25 26.8936 .5113 -.25 28.9242 .2725 -.25 26.9946
4 0 -2.1091 -.25 27.2199 -2.0652 -.25 27.038 .2725 -.25 26.9946 .5113 -.25 28.9242
4 0 -3.6006 -.25 31.0068 .1807 -.25 29.724 .2902 -.25 29.8389 -3.6713 -.25 31.297
4 0 -3.8096 -.25 31.9195 -3.6713 -.25 31.297 .2902 -.25 29.8389 .427 -.25 29.8878
3 0 3.1223 -.25 29.3662 .6979 -.25 29.7693 .7909 -.25 29.6199
4 0 .6979 -.25 29.7693 3.1223 -.25 29.3662 5.2992 -.25 29.2213 .5701 -.25 29.8633
4 0 .427 -.25 29.8878 .5701 -.25 29.8633 5.2992 -.25 29.2213 -3.8096 -.25 31.9195
3 0 -3.6713 -.25 31.297 -3.8096 -.25 31.9195 -4.5471 -.25 31.5564
4 0 -15.3154 -.25 35.3277 -8.1471 -.25 32.6228 -4.5471 -.25 31.5564 -3.8096 -.25 31.9195
3 0 -8.1471 -.25 32.6228 -15.3154 -.25 35.3277 -9.1419 -.25 32.9175
4 0 -5.7149 -.25 -6.9182 -2.4046 -.25 -7.8988 -1.8078 -.25 -7.1369 -5.3554 -.25 -6.0861
4 0 -4.0097 -.25 -4.7117 -4.3009 -.25 -3.5825 -5.9625 -.25 -5.3602 -4.7731 -.25 -5.5285
3 0 -4.7731 -.25 -5.5285 -5.9625 -.25 -5.3602 -5.3554 -.25 -6.0861
4 0 -5.7149 -.25 -6.9182 -5.3554 -.25 -6.0861 -5.9625 -.25 -5.3602 -7.0493 -.25 -6.523
4 0 -16.0892 -.25 19.6367 -15.2618 -.25 14.2623 -14.9076 -.25 14.3539 -15.93 -.25 19.6529
4 0 -15.3673 -.25 19.6087 -15.93 -.25 19.6529 -14.9076 -.25 14.3539 -14.4146 -.25 14.6708
4 0 -15.3673 -.25 19.6087 -14.4146 -.25 14.6708 -14.0086 -.25 15.1419 -14.8268 -.25 19.3822
4 0 -14.0086 -.25 15.1419 -13.7174 -.25 15.7351 -13.5607 -.25 16.4098 -14.8268 -.25 19.3822
4 0 -13.9553 -.25 18.4552 -14.3452 -.25 18.9887 -14.8268 -.25 19.3822 -13.5607 -.25 16.4098
4 0 -13.9553 -.25 18.4552 -13.5607 -.25 16.4098 -13.5493 -.25 17.1202 -13.6839 -.25 17.8179
4 0 -13.1405 -.25 14.9293 -13.7129 -.25 14.8184 -14.1212 -.25 13.818 -13.5637 -.25 13.9128
4 0 -13.5637 -.25 13.9128 -14.1212 -.25 13.818 -14.357 -.25 13.5444 -13.8245 -.25 13.0499
4 0 -14.6191 -.25 13.0106 -13.8972 -.25 12.704 -13.8245 -.25 13.0499 -14.357 -.25 13.5444
4 0 -14.6191 -.25 13.0106 -14.7601 -.25 12.4033 -13.8076 -.25 12.5117 -13.8972 -.25 12.704
4 0 -14.6493 -.25 11.1362 -13.8076 -.25 12.5117 -14.7601 -.25 12.4033 -14.7704 -.25 11.764
3 0 -13.8076 -.25 12.5117 -14.6493 -.25 11.1362 -14.5878 -.25 10.9918
4 0 -14.5685 -.25 10.7135 -14.5101 -.25 10.8095 -13.8076 -.25 12.5117 -14.5878 -.25 10.9918
4 0 -14.0542 -.25 10.0826 -13.8076 -.25 12.5117 -14.5101 -.25 10.8095 -14.405 -.25 10.5627
4 0 -13.6495 -.25 12.5074 -13.8076 -.25 12.5117 -14.0542 -.25 10.0826 -13.6208 -.25 9.7285
4 0 -13.6208 -.25 9.7285 -13.1343 -.25 9.5246 -12.6279 -.25 9.4849 -13.6495 -.25 12.5074
4 0 -12.6279 -.25 9.4849 -12.1361 -.25 9.612 -11.7852 -.25 9.8375 -13.6495 -.25 12.5074
4 0 -11.1723 -.25 11.1269 -13.6495 -.25 12.5074 -11.7852 -.25 9.8375 -11.0956 -.25 10.4604
3 0 -11.0956 -.25 10.4604 -11.7852 -.25 9.8375 -11.3307 -.25 9.9607
4 0 -11.4889 -.25 9.3798 -11.3307 -.25 9.9607 -11.7852 -.25 9.8375 -11.7793 -.25 9.7515
4 0 -11.2191 -.25 11.7292 -13.3761 -.25 12.6739 -13.6495 -.25 12.5074 -11.1723 -.25 11.1269
4 0 -13.3761 -.25 12.6739 -11.2191 -.25 11.7292 -11.1847 -.25 12.4084 -12.701 -.25 13.0667
4 0 -12.701 -.25 13.0667 -11.1847 -.25 12.4084 -11.0222 -.25 13.1474 -12.026 -.25 13.4595
3 4 -12 -.25 -6 -12.3081 -.25 -2.462 -13.3975 -.25 2.2094
3 4 -12 -.25 -6 -12.2146 -.25 -2.8487 -12.3081 -.25 -2.462
4 4 -12.2146 -.25 -2.8487 -12 -.25 -6 -9.5658 -.25 -8.0832 -12.0171 -.25 -3.1661
4 4 -10 -.25 -10 -9.4402 -.25 -8.2852 -9.5658 -.25 -8.0832 -12 -.25 -6
3 4 -9.2674 -.25 -8.4123 -9.4402 -.25 -8.2852 -10 -.25 -10
3 4 -9.0739 -.25 -8.4453 -9.2674 -.25 -8.4123 -10 -.25 -10
4 4 -8.889 -.25 -8.3792 -9.0739 -.25 -8.4453 -10 -.25 -10 -2.8005 -.25 -66.3
3 4 -2.8005 -.25 -66.3 -10 -.25 -10 -12 -.25 -6
3 4 -2.8005 -.25 -66.3 -12 -.25 -6 -13.3975 -.25 2.2094
4 0 -6.8367 -.25 .1404 -6.7109 -.25 .4537 -6.6804 -.25 .9391 -6.7947 -.25 1.412
4 0 -7.109 -.25 1.8537 -6.8367 -.25 .1404 -6.7947 -.25 1.412 -7.0363 -.25 1.8002
4 0 -7.1659 -.25 -.269 -6.8814 -.25 .0294 -6.8367 -.25 .1404 -7.109 -.25 1.8537
4 0 -7.7404 -.25 2.1081 -7.1659 -.25 -.269 -7.109 -.25 1.8537 -7.3684 -.25 2.0446
4 0 -7.5213 -.25 -.3961 -7.1659 -.25 -.269 -7.7404 -.25 2.1081 -8.0958 -.25 1.981
4 0 -8.2254 -.25 -.0882 -7.8934 -.25 -.3326 -7.5213 -.25 -.3961 -8.0958 -.25 1.981
4 0 -8.5509 -.25 1.2583 -8.2254 -.25 -.0882 -8.0958 -.25 1.981 -8.3804 -.25 1.6826
4 0 -8.467 -.25 .3 -8.2254 -.25 -.0882 -8.5509 -.25 1.2583 -8.5813 -.25 .7728
4 0 -11.1723 -.25 11.1269 -10.843 -.25 10.7372 -10.476 -.25 11.1395 -10.7151 -.25 11.6522
3 0 -10.843 -.25 10.7372 -11.1723 -.25 11.1269 -11.0956 -.25 10.4604
3 0 -10.2921 -.25 6.0828 -10.3736 -.25 7.7213 -10.4359 -.25 7.7262
3 0 -10.0959 -.25 7.6995 -10.3736 -.25 7.7213 -10.2921 -.25 6.0828
3 0 -9.8181 -.25 4.5246 -10.2921 -.25 6.0828 -9.8737 -.25 4.5102
3 0 -9.8737 -.25 4.5102 -10.2921 -.25 6.0828 -10.1483 -.25 4.4393
4 0 15.3504 -.25 37.6153 15.0343 -.25 37.5336 13.6735 -.25 36.3924 15.6094 -.25 34.6553
3 0 15.6094 -.25 34.6553 13.6735 -.25 36.3924 13.4605 -.25 35.9586
4 0 1.4282 -.25 46.3996 1.7975 -.25 45.806 2.3601 -.25 45.7124 1.9907 -.25 46.3059
4 0 2.8678 -.25 45.3387 2.3601 -.25 45.7124 1.7975 -.25 45.806 1.9723 -.25 45.0831
3 0 -14.3395 -.25 45.5748 -14.6367 -.25 45.8825 -14.7744 -.25 45.6062
3 4 -14.6367 -.25 45.8825 -21.912 -.25 54.998 -14.7744 -.25 45.6062
4 4 -16.0474 -.25 44.646 -16.0075 -.25 44.6562 -14.7744 -.25 45.6062 -21.912 -.25 54.998
4 27 25.8776 -.25 13.2584 26.0097 -.25 13.5815 24.4765 -.25 17.3208 24.1889 -.25 17.0193
3 0 -8.0248 -.25 8.2254 -8.4563 -.25 8.0632 -8.0723 -.25 7.9147
3 0 -8.0723 -.25 7.9147 -8.4563 -.25 8.0632 -8.2174 -.25 6.9653
3 4 -14.5685 -.25 10.7135 -14.6493 -.25 11.1362 -13.747 -.25 4.4693
3 0 -1.0565 -.25 37.1646 -1.8665 -.25 37.4894 -4.6748 -.25 38.3292
3 0 -.1484 -.25 20.3635 .4155 -.25 20.1583 1.6799 -.25 20.1237
3 0 -.7592 -.25 20.5858 -.1484 -.25 20.3635 1.6799 -.25 20.1237
