0 Sticker with Red Line, Lime Dots and "TRANS missions" Logo for Technic Panel Fairing Smooth #21 (Thin Short)
0 Name: 6171761e.dat
0 Author: Evert-Jan Boer [ejboer]
0 !LDRAW_ORG Unofficial_Part
0 !LICENSE Licensed under CC BY 4.0 : see CAreadme.txt

0 BFC CERTIFY CCW

0 !KEYWORDS RC Tracked Racer, Set 42065

1 16 0 0 0 -1 0 0 0 1 0 0 0 1 s\11947s03.dat

4 15 24.3827 -.25 -6.4239 24.7071 -.25 -6.2071 24.9239 -.25 -5.8827 25 -.25 -5.5
3 15 2 -.25 -6.5 1 -.25 -5.5 1.0761 -.25 -5.8827
4 15 1.2929 -.25 -6.2071 1.6173 -.25 -6.4239 2 -.25 -6.5 1.0761 -.25 -5.8827
3 27 -6.8827 -.25 41.5761 -7.4239 -.25 42.1173 -7.2071 -.25 41.7929
4 27 -7.5 -.25 42.5 -7.4239 -.25 42.1173 -6.8827 -.25 41.5761 -6.5 -.25 41.5
3 15 2 -.25 42 .7071 -.25 41.2071 .9239 -.25 40.8827
4 15 .0268 -.25 41.7176 .3827 -.25 41.4239 .7071 -.25 41.2071 2 -.25 42
4 15 13.0002 -.25 68.8987 12.5 -.25 72 12.4239 -.25 72.3827 12.2071 -.25 72.7071
4 27 1.8264 -.25 31.6272 1.2295 -.25 30.1994 1.9308 -.25 30.1342 2.6162 -.25 30.2964
4 27 1.722 -.25 33.1202 1.0366 -.25 32.9581 1.8264 -.25 31.6272 2.4233 -.25 33.0551
4 27 2.4233 -.25 33.0551 1.8264 -.25 31.6272 3.6381 -.25 31.7539 3.0337 -.25 32.7725
3 27 3.6381 -.25 31.7539 3.4603 -.25 32.3156 3.0337 -.25 32.7725
3 27 3.6381 -.25 31.7539 1.8264 -.25 31.6272 3.5402 -.25 31.1729
4 27 1.8264 -.25 31.6272 2.6162 -.25 30.2964 3.1813 -.25 30.6611 3.5402 -.25 31.1729
4 27 2.6764 -.25 35.5772 2.0555 -.25 34.0919 2.785 -.25 34.0241 3.498 -.25 34.1927
4 27 2.5678 -.25 37.1304 1.8548 -.25 36.9617 2.6764 -.25 35.5772 3.2973 -.25 37.0626
3 27 3.9323 -.25 36.7687 3.2973 -.25 37.0626 2.6764 -.25 35.5772
4 27 2.6764 -.25 35.5772 4.5611 -.25 35.709 4.3761 -.25 36.2933 3.9323 -.25 36.7687
3 27 4.5611 -.25 35.709 2.6764 -.25 35.5772 4.4592 -.25 35.1046
4 27 2.6764 -.25 35.5772 3.498 -.25 34.1927 4.0859 -.25 34.5722 4.4592 -.25 35.1046
4 27 3.2242 -.25 39.8067 2.6265 -.25 38.2238 3.3953 -.25 38.1793 4.138 -.25 38.3827
3 27 3.2242 -.25 39.8067 1.9488 -.25 38.5092 2.6265 -.25 38.2238
4 27 1.4652 -.25 38.9922 1.9488 -.25 38.5092 3.2242 -.25 39.8067 1.2494 -.25 39.5992
4 27 2.3105 -.25 41.2308 1.3343 -.25 40.2378 1.2494 -.25 39.5992 3.2242 -.25 39.8067
3 27 2.3105 -.25 41.2308 1.7069 -.25 40.8107 1.3343 -.25 40.2378
4 27 3.0532 -.25 41.4341 2.3105 -.25 41.2308 3.2242 -.25 39.8067 3.8219 -.25 41.3897
3 27 4.4997 -.25 41.1043 3.8219 -.25 41.3897 3.2242 -.25 39.8067
4 27 3.2242 -.25 39.8067 5.199 -.25 40.0143 4.9833 -.25 40.6213 4.4997 -.25 41.1043
3 27 5.199 -.25 40.0143 3.2242 -.25 39.8067 5.1142 -.25 39.3757
4 27 3.2242 -.25 39.8067 4.138 -.25 38.3827 4.7416 -.25 38.8028 5.1142 -.25 39.3757
4 27 4.0742 -.25 43.8067 3.4765 -.25 42.2238 4.2453 -.25 42.1793 4.988 -.25 42.3827
3 27 4.0742 -.25 43.8067 2.7988 -.25 42.5092 3.4765 -.25 42.2238
4 27 2.3152 -.25 42.9922 2.7988 -.25 42.5092 4.0742 -.25 43.8067 2.0994 -.25 43.5992
4 27 3.1605 -.25 45.2308 2.1843 -.25 44.2378 2.0994 -.25 43.5992 4.0742 -.25 43.8067
3 27 3.1605 -.25 45.2308 2.5569 -.25 44.8107 2.1843 -.25 44.2378
4 27 3.9032 -.25 45.4341 3.1605 -.25 45.2308 4.0742 -.25 43.8067 4.6719 -.25 45.3897
3 27 5.3497 -.25 45.1043 4.6719 -.25 45.3897 4.0742 -.25 43.8067
4 27 4.0742 -.25 43.8067 6.049 -.25 44.0143 5.8333 -.25 44.6213 5.3497 -.25 45.1043
3 27 6.049 -.25 44.0143 4.0742 -.25 43.8067 5.9642 -.25 43.3757
4 27 4.0742 -.25 43.8067 4.988 -.25 42.3827 5.5916 -.25 42.8028 5.9642 -.25 43.3757
4 27 4.8742 -.25 48.1067 4.2765 -.25 46.5238 5.0453 -.25 46.4793 5.788 -.25 46.6827
3 27 4.8742 -.25 48.1067 3.5988 -.25 46.8092 4.2765 -.25 46.5238
4 27 3.1152 -.25 47.2922 3.5988 -.25 46.8092 4.8742 -.25 48.1067 2.8994 -.25 47.8992
4 27 3.9605 -.25 49.5308 2.9843 -.25 48.5378 2.8994 -.25 47.8992 4.8742 -.25 48.1067
3 27 3.9605 -.25 49.5308 3.3569 -.25 49.1107 2.9843 -.25 48.5378
4 27 4.7032 -.25 49.7341 3.9605 -.25 49.5308 4.8742 -.25 48.1067 5.4719 -.25 49.6897
3 27 6.1497 -.25 49.4043 5.4719 -.25 49.6897 4.8742 -.25 48.1067
4 27 4.8742 -.25 48.1067 6.849 -.25 48.3143 6.6333 -.25 48.9213 6.1497 -.25 49.4043
3 27 6.849 -.25 48.3143 4.8742 -.25 48.1067 6.7642 -.25 47.6757
4 27 4.8742 -.25 48.1067 5.788 -.25 46.6827 6.3916 -.25 47.1028 6.7642 -.25 47.6757
4 27 5.4833 -.25 52.1063 4.8706 -.25 50.5657 5.623 -.25 50.509 6.3542 -.25 50.6955
3 27 5.4833 -.25 52.1063 4.2115 -.25 50.8569 4.8706 -.25 50.5657
4 27 3.7459 -.25 51.3384 4.2115 -.25 50.8569 5.4833 -.25 52.1063 3.5449 -.25 51.9368
4 27 4.6124 -.25 53.5172 3.639 -.25 52.5609 3.5449 -.25 51.9368 5.4833 -.25 52.1063
3 27 4.6124 -.25 53.5172 4.0138 -.25 53.1159 3.639 -.25 52.5609
4 27 5.3435 -.25 53.7037 4.6124 -.25 53.5172 5.4833 -.25 52.1063 6.096 -.25 53.647
3 27 6.7551 -.25 53.3558 6.096 -.25 53.647 5.4833 -.25 52.1063
4 27 5.4833 -.25 52.1063 7.4217 -.25 52.2759 7.2206 -.25 52.8743 6.7551 -.25 53.3558
3 27 7.4217 -.25 52.2759 5.4833 -.25 52.1063 7.3276 -.25 51.6517
4 27 5.4833 -.25 52.1063 6.3542 -.25 50.6955 6.9528 -.25 51.0967 7.3276 -.25 51.6517
4 27 6.3333 -.25 56.3563 5.0615 -.25 55.1069 5.7206 -.25 54.8157 6.473 -.25 54.759
4 27 4.5959 -.25 55.5884 5.0615 -.25 55.1069 6.3333 -.25 56.3563 4.3949 -.25 56.1868
3 27 4.8638 -.25 57.3659 4.489 -.25 56.8109 4.3949 -.25 56.1868
4 27 4.3949 -.25 56.1868 6.3333 -.25 56.3563 5.4624 -.25 57.7672 4.8638 -.25 57.3659
4 27 6.3333 -.25 56.3563 6.5259 -.25 57.9287 6.1935 -.25 57.9537 5.4624 -.25 57.7672
4 27 -.7753 -.25 44.3379 -1.4701 -.25 42.3959 -.5322 -.25 42.3581 .3687 -.25 42.6217
4 27 -1.4701 -.25 42.3959 -.7753 -.25 44.3379 -3.1441 -.25 43.9533 -2.3022 -.25 42.7294
3 27 -2.3022 -.25 42.7294 -3.1441 -.25 43.9533 -2.9018 -.25 43.3077
4 27 -.7753 -.25 44.3379 -1.0184 -.25 46.3177 -1.9192 -.25 46.0541 -2.646 -.25 45.5292
4 27 -1.0184 -.25 46.3177 -.7753 -.25 44.3379 1.3513 -.25 45.3681 -.0805 -.25 46.2799
3 27 1.3513 -.25 45.3681 .7516 -.25 45.9464 -.0805 -.25 46.2799
4 27 1.6272 -.25 44.6329 1.3513 -.25 45.3681 -.7753 -.25 44.3379 1.5373 -.25 43.8528
4 27 -.7753 -.25 44.3379 .3687 -.25 42.6217 1.0954 -.25 43.1465 1.5373 -.25 43.8528
4 27 1.6595 -.25 56.6965 1.0973 -.25 54.8208 1.9883 -.25 54.8316 2.8293 -.25 55.1263
4 27 1.6595 -.25 56.6965 -.3055 -.25 55.6142 .2918 -.25 55.0957 1.0973 -.25 54.8208
4 27 -.3055 -.25 55.6142 1.6595 -.25 56.6965 -.1732 -.25 57.7331 -.6036 -.25 56.2975
3 27 -.1732 -.25 57.7331 -.5571 -.25 57.0415 -.6036 -.25 56.2975
4 27 1.6595 -.25 56.6965 1.3307 -.25 58.5614 .4897 -.25 58.2668 -.1732 -.25 57.7331
3 27 3.6244 -.25 57.7789 3.0272 -.25 58.2974 2.2217 -.25 58.5722
4 27 1.3307 -.25 58.5614 1.6595 -.25 56.6965 3.6244 -.25 57.7789 2.2217 -.25 58.5722
4 27 3.9226 -.25 57.0956 3.6244 -.25 57.7789 1.6595 -.25 56.6965 3.8761 -.25 56.3515
4 27 1.6595 -.25 56.6965 2.8293 -.25 55.1263 3.4922 -.25 55.66 3.8761 -.25 56.3515
4 27 2.2645 -.25 60.8978 1.6619 -.25 59.116 2.5177 -.25 59.0964 3.3349 -.25 59.3511
4 27 2.2645 -.25 60.8978 .3419 -.25 59.9246 .8979 -.25 59.4068 1.6619 -.25 59.116
4 27 .3419 -.25 59.9246 2.2645 -.25 60.8978 .5398 -.25 61.9543 .0786 -.25 60.5906
3 27 .5398 -.25 61.9543 .1481 -.25 61.3033 .0786 -.25 60.5906
4 27 2.2645 -.25 60.8978 2.0114 -.25 62.6992 1.1941 -.25 62.4445 .5398 -.25 61.9543
4 27 2.0114 -.25 62.6992 2.2645 -.25 60.8978 4.1872 -.25 61.871 2.8672 -.25 62.6796
3 27 4.1872 -.25 61.871 3.6312 -.25 62.3888 2.8672 -.25 62.6796
4 27 4.4505 -.25 61.205 4.1872 -.25 61.871 2.2645 -.25 60.8978 4.381 -.25 60.4923
4 27 2.2645 -.25 60.8978 3.3349 -.25 59.3511 3.9892 -.25 59.8413 4.381 -.25 60.4923
4 27 3.0469 -.25 64.9196 2.4683 -.25 63.2087 3.29 -.25 63.1899 4.0748 -.25 63.4345
4 27 3.0469 -.25 64.9196 1.2008 -.25 63.9852 1.7346 -.25 63.488 2.4683 -.25 63.2087
4 27 1.2008 -.25 63.9852 3.0469 -.25 64.9196 1.3908 -.25 65.9341 .948 -.25 64.6246
3 27 1.3908 -.25 65.9341 1.0147 -.25 65.309 .948 -.25 64.6246
4 27 3.0469 -.25 64.9196 2.8038 -.25 66.6493 2.0191 -.25 66.4048 1.3908 -.25 65.9341
3 27 4.8931 -.25 65.8541 4.3592 -.25 66.3513 3.6256 -.25 66.6305
4 27 2.8038 -.25 66.6493 3.0469 -.25 64.9196 4.8931 -.25 65.8541 3.6256 -.25 66.6305
4 27 5.1459 -.25 65.2146 4.8931 -.25 65.8541 3.0469 -.25 64.9196 5.0791 -.25 64.5302
4 27 3.0469 -.25 64.9196 4.0748 -.25 63.4345 4.703 -.25 63.9051 5.0791 -.25 64.5302
4 27 3.9469 -.25 69.1696 2.6736 -.25 67.7805 3.3855 -.25 67.5095 4.1828 -.25 67.4913
4 27 3.9469 -.25 69.1696 1.9103 -.25 68.8834 2.1556 -.25 68.2629 2.6736 -.25 67.7805
4 27 1.9103 -.25 68.8834 3.9469 -.25 69.1696 2.9496 -.25 70.6107 1.9751 -.25 69.5475
3 27 2.9496 -.25 70.6107 2.34 -.25 70.154 1.9751 -.25 69.5475
4 27 -1.0531 -.25 69.7196 -2.5743 -.25 68.117 -1.7453 -.25 67.7848 -.8109 -.25 67.7471
4 27 -2.9168 -.25 70.9066 -3.323 -.25 69.0962 -2.5743 -.25 68.117 -1.0531 -.25 69.7196
3 27 -2.5743 -.25 68.117 -3.323 -.25 69.0962 -3.1718 -.25 68.6933
4 27 -2.1928 -.25 71.4295 -2.9168 -.25 70.9066 -1.0531 -.25 69.7196 -1.2953 -.25 71.6921
4 27 -1.0531 -.25 69.7196 .4682 -.25 71.3222 -.3608 -.25 71.6544 -1.2953 -.25 71.6921
4 27 1.0656 -.25 70.746 .4682 -.25 71.3222 -1.0531 -.25 69.7196 1.3405 -.25 70.0135
4 27 1.251 -.25 69.2363 1.3405 -.25 70.0135 -1.0531 -.25 69.7196 .8107 -.25 68.5327
4 27 .0867 -.25 68.0097 .8107 -.25 68.5327 -1.0531 -.25 69.7196 -.8109 -.25 67.7471
4 27 -.2217 -.25 73.7581 -1.6941 -.25 72.2603 -.9117 -.25 71.9308 -.0243 -.25 71.8795
3 27 -2.2523 -.25 72.8178 -2.4034 -.25 74.2556 -2.5014 -.25 73.5185
4 27 -1.6941 -.25 72.2603 -.2217 -.25 73.7581 -2.4034 -.25 74.2556 -2.2523 -.25 72.8178
4 27 -.4192 -.25 75.6367 -1.2765 -.25 75.402 -2.4034 -.25 74.2556 -.2217 -.25 73.7581
3 27 -1.2765 -.25 75.402 -1.9733 -.25 74.9171 -2.4034 -.25 74.2556
4 27 -.2217 -.25 73.7581 1.2506 -.25 75.2559 .4683 -.25 75.5854 -.4192 -.25 75.6367
4 27 1.8089 -.25 74.6984 1.2506 -.25 75.2559 -.2217 -.25 73.7581 2.058 -.25 73.9977
4 27 1.96 -.25 73.2605 2.058 -.25 73.9977 -.2217 -.25 73.7581 1.5299 -.25 72.5991
4 27 .8331 -.25 72.1142 1.5299 -.25 72.5991 -.2217 -.25 73.7581 -.0243 -.25 71.8795
4 27 .3783 -.25 77.7081 -1.0079 -.25 76.2979 -.2713 -.25 75.9877 .5642 -.25 75.9394
3 27 .3783 -.25 77.7081 -1.5335 -.25 76.8228 -1.0079 -.25 76.2979
4 27 .3783 -.25 77.7081 -1.6757 -.25 78.1765 -1.768 -.25 77.4825 -1.5335 -.25 76.8228
4 27 .1924 -.25 79.4768 -.6148 -.25 79.2558 -1.6757 -.25 78.1765 .3783 -.25 77.7081
3 27 -.6148 -.25 79.2558 -1.2708 -.25 78.7992 -1.6757 -.25 78.1765
4 27 .3783 -.25 77.7081 1.7645 -.25 79.1183 1.0279 -.25 79.4285 .1924 -.25 79.4768
4 27 2.29 -.25 78.5934 1.7645 -.25 79.1183 .3783 -.25 77.7081 2.5246 -.25 77.9337
4 27 2.4323 -.25 77.2397 2.5246 -.25 77.9337 .3783 -.25 77.7081 2.0274 -.25 76.617
4 27 1.3714 -.25 76.1604 2.0274 -.25 76.617 .3783 -.25 77.7081 .5642 -.25 75.9394
4 27 5.1055 -.25 22.8248 4.2373 -.25 22.1094 4.6356 -.25 21.89 5.1055 -.25 21.813
3 27 3.9711 -.25 22.4376 3.9711 -.25 23.2121 3.8777 -.25 22.8248
4 27 4.2373 -.25 22.1094 5.1055 -.25 22.8248 3.9711 -.25 23.2121 3.9711 -.25 22.4376
4 27 5.1055 -.25 23.8367 4.6356 -.25 23.7597 3.9711 -.25 23.2121 5.1055 -.25 22.8248
3 27 4.6356 -.25 23.7597 4.2373 -.25 23.5403 3.9711 -.25 23.2121
4 27 5.1055 -.25 22.8248 5.9737 -.25 23.5403 5.5754 -.25 23.7597 5.1055 -.25 23.8367
4 27 6.2399 -.25 23.2121 5.9737 -.25 23.5403 5.1055 -.25 22.8248 6.3334 -.25 22.8248
4 27 6.2399 -.25 22.4376 6.3334 -.25 22.8248 5.1055 -.25 22.8248 5.9737 -.25 22.1094
4 27 5.5754 -.25 21.89 5.9737 -.25 22.1094 5.1055 -.25 22.8248 5.1055 -.25 21.813
4 27 5.9055 -.25 27.0748 5.0063 -.25 26.3071 5.4289 -.25 26.0839 5.9241 -.25 26.0116
3 27 5.9055 -.25 27.0748 4.7206 -.25 26.6471 5.0063 -.25 26.3071
4 27 5.9055 -.25 27.0748 4.7064 -.25 27.4609 4.6153 -.25 27.0523 4.7206 -.25 26.6471
4 27 5.887 -.25 28.1381 5.3946 -.25 28.0486 4.7064 -.25 27.4609 5.9055 -.25 27.0748
3 27 5.3946 -.25 28.0486 4.98 -.25 27.8108 4.7064 -.25 27.4609
4 27 5.9055 -.25 27.0748 6.8048 -.25 27.8426 6.3821 -.25 28.0658 5.887 -.25 28.1381
4 27 7.0905 -.25 27.5026 6.8048 -.25 27.8426 5.9055 -.25 27.0748 7.1958 -.25 27.0974
4 27 7.1047 -.25 26.6888 7.1958 -.25 27.0974 5.9055 -.25 27.0748 6.831 -.25 26.3389
4 27 6.4164 -.25 26.1011 6.831 -.25 26.3389 5.9055 -.25 27.0748 5.9241 -.25 26.0116
4 27 6.4892 -.25 31.0433 5.5909 -.25 30.2204 6.0341 -.25 30.0058 6.5465 -.25 29.9491
3 27 5.2845 -.25 30.5603 5.2406 -.25 31.3977 5.1614 -.25 30.9737
4 27 5.5909 -.25 30.2204 6.4892 -.25 31.0433 5.2406 -.25 31.3977 5.2845 -.25 30.5603
4 27 6.4319 -.25 32.1374 5.9281 -.25 32.0275 5.2406 -.25 31.3977 6.4892 -.25 31.0433
3 27 5.9281 -.25 32.0275 5.5098 -.25 31.7678 5.2406 -.25 31.3977
4 27 6.4892 -.25 31.0433 7.3875 -.25 31.8662 6.9443 -.25 32.0808 6.4319 -.25 32.1374
4 27 7.6939 -.25 31.5263 7.3875 -.25 31.8662 6.4892 -.25 31.0433 7.8169 -.25 31.1129
4 27 7.7378 -.25 30.6888 7.8169 -.25 31.1129 6.4892 -.25 31.0433 7.4686 -.25 30.3188
4 27 7.0503 -.25 30.059 7.4686 -.25 30.3188 6.4892 -.25 31.0433 6.5465 -.25 29.9491
4 27 7.3392 -.25 35.2433 6.3664 -.25 34.3522 6.8464 -.25 34.1198 7.4013 -.25 34.0584
3 27 7.3392 -.25 35.2433 6.0346 -.25 34.7202 6.3664 -.25 34.3522
4 27 7.3392 -.25 35.2433 5.9871 -.25 35.6271 5.9014 -.25 35.1679 6.0346 -.25 34.7202
4 27 7.2771 -.25 36.4281 6.7316 -.25 36.3091 5.9871 -.25 35.6271 7.3392 -.25 35.2433
3 27 6.7316 -.25 36.3091 6.2786 -.25 36.0278 5.9871 -.25 35.6271
4 27 7.3392 -.25 35.2433 8.3119 -.25 36.1343 7.832 -.25 36.3667 7.2771 -.25 36.4281
4 27 8.6437 -.25 35.7663 8.3119 -.25 36.1343 7.3392 -.25 35.2433 8.777 -.25 35.3186
4 27 8.6913 -.25 34.8595 8.777 -.25 35.3186 7.3392 -.25 35.2433 8.3998 -.25 34.4588
4 27 7.9468 -.25 34.1775 8.3998 -.25 34.4588 7.3392 -.25 35.2433 7.4013 -.25 34.0584
3 27 8.2532 -.25 38.0225 7.187 -.25 38.3252 7.6814 -.25 38.0858
4 27 8.2532 -.25 38.0225 8.1892 -.25 39.2433 6.8451 -.25 38.7044 7.187 -.25 38.3252
4 27 8.1892 -.25 39.2433 6.7961 -.25 39.6387 6.7079 -.25 39.1656 6.8451 -.25 38.7044
4 27 8.1252 -.25 40.464 7.5632 -.25 40.3414 6.7961 -.25 39.6387 8.1892 -.25 39.2433
3 27 7.5632 -.25 40.3414 7.0965 -.25 40.0516 6.7961 -.25 39.6387
4 27 8.1892 -.25 39.2433 9.1914 -.25 40.1613 8.697 -.25 40.4008 8.1252 -.25 40.464
3 27 9.5548 -.25 38.8101 8.8152 -.25 38.1452 9.2819 -.25 38.435
4 27 8.2532 -.25 38.0225 8.8152 -.25 38.1452 9.5548 -.25 38.8101 8.1892 -.25 39.2433
4 27 10.5555 -.25 26.4748 9.9068 -.25 25.9403 10.2044 -.25 25.7764 10.5555 -.25 25.7188
4 27 9.9068 -.25 25.9403 10.5555 -.25 26.4748 9.708 -.25 26.7642 9.708 -.25 26.1855
3 27 9.708 -.25 26.1855 9.708 -.25 26.7642 9.6381 -.25 26.4748
3 27 10.2044 -.25 27.1733 9.9068 -.25 27.0094 9.708 -.25 26.7642
4 27 9.708 -.25 26.7642 10.5555 -.25 26.4748 10.5555 -.25 27.2309 10.2044 -.25 27.1733
4 27 10.5555 -.25 26.4748 11.2042 -.25 27.0094 10.9066 -.25 27.1733 10.5555 -.25 27.2309
4 27 10.5555 -.25 26.4748 11.4729 -.25 26.4748 11.4031 -.25 26.7642 11.2042 -.25 27.0094
4 27 10.5555 -.25 26.4748 11.2042 -.25 25.9403 11.4031 -.25 26.1855 11.4729 -.25 26.4748
4 27 10.5555 -.25 26.4748 10.5555 -.25 25.7188 10.9066 -.25 25.7764 11.2042 -.25 25.9403
4 27 9.4474 -.25 21.6119 9.7555 -.25 21.5614 9.7555 -.25 22.2248 9.1863 -.25 21.7557
4 27 9.1863 -.25 21.7557 9.7555 -.25 22.2248 9.0118 -.25 22.4787 9.0118 -.25 21.971
3 27 9.0118 -.25 21.971 9.0118 -.25 22.4787 8.9505 -.25 22.2248
3 27 9.4474 -.25 22.8378 9.1863 -.25 22.6939 9.0118 -.25 22.4787
4 27 9.0118 -.25 22.4787 9.7555 -.25 22.2248 9.7555 -.25 22.8883 9.4474 -.25 22.8378
4 27 10.0636 -.25 22.8378 9.7555 -.25 22.8883 9.7555 -.25 22.2248 10.3248 -.25 22.6939
4 27 9.7555 -.25 22.2248 10.5606 -.25 22.2248 10.4993 -.25 22.4787 10.3248 -.25 22.6939
4 27 9.7555 -.25 22.2248 10.3248 -.25 21.7557 10.4993 -.25 21.971 10.5606 -.25 22.2248
4 27 9.7555 -.25 22.2248 9.7555 -.25 21.5614 10.0636 -.25 21.6119 10.3248 -.25 21.7557
4 27 15.9085 -.25 50.867 14.9318 -.25 51.1462 15.0075 -.25 50.281 15.4035 -.25 50.382
4 27 14.9318 -.25 51.1462 14.2428 -.25 50.4694 14.5999 -.25 50.3117 15.0075 -.25 50.281
4 27 14.2428 -.25 50.4694 14.9318 -.25 51.1462 13.9327 -.25 51.3925 13.9907 -.25 50.7302
3 27 13.9907 -.25 50.7302 13.9327 -.25 51.3925 13.8818 -.25 51.0544
4 27 14.9318 -.25 51.1462 14.46 -.25 51.9105 14.1358 -.25 51.6931 13.9327 -.25 51.3925
3 27 14.9318 -.25 51.1462 14.8561 -.25 52.0115 14.46 -.25 51.9105
4 27 15.2636 -.25 51.9808 14.8561 -.25 52.0115 14.9318 -.25 51.1462 15.6207 -.25 51.823
4 27 12.2287 -.25 65.0002 11.7694 -.25 64.8482 12.3895 -.25 63.9848 12.7125 -.25 64.9976
4 27 13.6217 -.25 64.18 13.1471 -.25 64.8408 12.7125 -.25 64.9976 12.3895 -.25 63.9848
3 27 13.6217 -.25 64.18 13.4664 -.25 64.5537 13.1471 -.25 64.8408
4 27 12.3895 -.25 63.9848 13.3745 -.25 63.4048 13.5894 -.25 63.7765 13.6217 -.25 64.18
4 27 12.3895 -.25 63.9848 12.5504 -.25 62.9694 13.0096 -.25 63.1214 13.3745 -.25 63.4048
3 15 .3827 -.25 41.4239 .0268 -.25 41.7176 .3179 -.25 41.4368
4 15 .3687 -.25 42.6217 -.5322 -.25 42.3581 .0268 -.25 41.7176 2 -.25 42
4 15 1.0954 -.25 43.1465 .3687 -.25 42.6217 2 -.25 42 2.0994 -.25 43.5992
3 15 2.0994 -.25 43.5992 1.5373 -.25 43.8528 1.0954 -.25 43.1465
4 15 2.1843 -.25 44.2378 1.6272 -.25 44.6329 1.5373 -.25 43.8528 2.0994 -.25 43.5992
4 15 -.7645 -.25 42.0347 .0268 -.25 41.7176 -.5322 -.25 42.3581 -1.4701 -.25 42.3959
4 15 -.7645 -.25 42.0347 -1.4701 -.25 42.3959 -2.3022 -.25 42.7294 -1.6565 -.25 42.0707
3 15 -1.6565 -.25 42.0707 -2.3022 -.25 42.7294 -2.5132 -.25 41.82
3 15 -2.9562 -.25 41.5 -3.9248 -.25 41.927 -3.773 -.25 41.5
4 15 -3.9248 -.25 41.927 -2.9562 -.25 41.5 -2.5132 -.25 41.82 -2.3022 -.25 42.7294
3 15 -4.3117 -.25 42.9013 -4.8912 -.25 42.7427 -4.6324 -.25 42.6337
4 15 -4.3117 -.25 42.9013 -4.6324 -.25 42.6337 -3.9248 -.25 41.927 -2.3022 -.25 42.7294
4 15 -2.9018 -.25 43.3077 -3.4285 -.25 43.516 -4.3117 -.25 42.9013 -2.3022 -.25 42.7294
3 15 -2.9018 -.25 43.3077 -3.1441 -.25 43.9533 -3.4285 -.25 43.516
4 15 -2.7726 -.25 45.3269 -2.646 -.25 45.5292 -2.0948 -.25 47.3007 -3.0748 -.25 46.177
4 15 -2.646 -.25 45.5292 -1.9192 -.25 46.0541 -1.4796 -.25 46.7277 -2.0948 -.25 47.3007
3 15 -1.0184 -.25 46.3177 -1.4796 -.25 46.7277 -1.9192 -.25 46.0541
3 15 -.6341 -.25 46.4059 -1.4796 -.25 46.7277 -1.0184 -.25 46.3177
3 15 -2.0948 -.25 47.3007 -2.352 -.25 47.9513 -2.6862 -.25 47.4373
4 15 -2.6862 -.25 47.4373 -3.5266 -.25 46.8525 -3.0748 -.25 46.177 -2.0948 -.25 47.3007
3 15 -3.0748 -.25 46.177 -3.5266 -.25 46.8525 -3.7028 -.25 46.8042
4 15 -.6341 -.25 46.4059 -1.0184 -.25 46.3177 -.0805 -.25 46.2799 .3128 -.25 46.3843
4 15 3.1605 -.25 45.2308 .3128 -.25 46.3843 -.0805 -.25 46.2799 .7516 -.25 45.9464
3 15 3.1605 -.25 45.2308 1.2171 -.25 46.6661 .3128 -.25 46.3843
4 15 1.6272 -.25 44.6329 2.1843 -.25 44.2378 2.5569 -.25 44.8107 1.3513 -.25 45.3681
4 15 3.1605 -.25 45.2308 .7516 -.25 45.9464 1.3513 -.25 45.3681 2.5569 -.25 44.8107
4 15 3.5988 -.25 46.8092 1.9411 -.25 47.2085 1.2171 -.25 46.6661 3.1605 -.25 45.2308
3 15 3.5988 -.25 46.8092 3.1152 -.25 47.2922 1.9411 -.25 47.2085
4 15 2.3745 -.25 47.9288 1.9411 -.25 47.2085 3.1152 -.25 47.2922 2.8994 -.25 47.8992
4 15 2.4514 -.25 48.7174 2.3745 -.25 47.9288 2.8994 -.25 47.8992 2.9843 -.25 48.5378
4 15 3.3569 -.25 49.1107 2.1601 -.25 49.4543 2.4514 -.25 48.7174 2.9843 -.25 48.5378
4 15 4.2765 -.25 46.5238 3.9032 -.25 45.4341 4.6719 -.25 45.3897 5.0453 -.25 46.4793
4 15 5.3497 -.25 45.1043 5.788 -.25 46.6827 5.0453 -.25 46.4793 4.6719 -.25 45.3897
4 15 6.049 -.25 44.0143 5.9642 -.25 43.3757 7.1823 -.25 43.3617 7.2751 -.25 43.8589
4 15 6.049 -.25 44.0143 7.2751 -.25 43.8589 7.5908 -.25 44.2928 5.8333 -.25 44.6213
3 27 -3.9248 -.25 41.927 -4.6324 -.25 42.6337 -4.8912 -.25 42.7427
4 27 -3.773 -.25 41.5 -3.9248 -.25 41.927 -4.8912 -.25 42.7427 -6.5 -.25 41.5
3 15 1.1253 -.25 50.6032 .7605 -.25 50.5924 .6995 -.25 50.3491
4 15 1.1253 -.25 50.6032 .6995 -.25 50.3491 1.5449 -.25 50.0273 2.0136 -.25 50.9319
3 15 2.7082 -.25 51.5114 2.0136 -.25 50.9319 1.5449 -.25 50.0273
4 15 1.5449 -.25 50.0273 2.1601 -.25 49.4543 3.7459 -.25 51.3384 2.7082 -.25 51.5114
4 15 3.9605 -.25 49.5308 3.7459 -.25 51.3384 2.1601 -.25 49.4543 3.3569 -.25 49.1107
4 15 3.5449 -.25 51.9368 3.1033 -.25 52.2534 2.7082 -.25 51.5114 3.7459 -.25 51.3384
4 15 3.639 -.25 52.5609 3.1389 -.25 53.045 3.1033 -.25 52.2534 3.5449 -.25 51.9368
4 15 4.0138 -.25 53.1159 2.8094 -.25 53.7657 3.1389 -.25 53.045 3.639 -.25 52.5609
3 15 -1.2257 -.25 53.6466 -1.3993 -.25 53.4741 -1.4265 -.25 53.2695
3 15 -1.2257 -.25 53.6466 -1.6997 -.25 54.3191 -1.3993 -.25 53.4741
3 15 -.5311 -.25 54.2261 -1.6997 -.25 54.3191 -1.2257 -.25 53.6466
4 15 -1.2362 -.25 55.8373 -2.0766 -.25 55.2525 -1.6997 -.25 54.3191 -.5311 -.25 54.2261
3 15 -1.6997 -.25 54.3191 -2.0766 -.25 55.2525 -2.373 -.25 54.9916
3 15 -2.0766 -.25 55.2525 -2.6317 -.25 55.1005 -2.373 -.25 54.9916
4 15 .2918 -.25 55.0957 -.3055 -.25 55.6142 -.5311 -.25 54.2261 .3572 -.25 54.5548
4 15 -.7175 -.25 56.635 -.6036 -.25 56.2975 -.5571 -.25 57.0415 -.5993 -.25 57.5241
4 15 -.4686 -.25 60.1419 -.5993 -.25 57.5241 -.5571 -.25 57.0415 -.1732 -.25 57.7331
3 15 -1.2762 -.25 59.5798 -2.2307 -.25 59.3185 -1.573 -.25 59.0416
4 15 -.8997 -.25 58.3691 -.4686 -.25 60.1419 -1.2762 -.25 59.5798 -1.573 -.25 59.0416
3 15 -.4686 -.25 60.1419 -.8997 -.25 58.3691 -.5993 -.25 57.5241
4 15 .0299 -.25 60.9085 -.4686 -.25 60.1419 -.1732 -.25 57.7331 .0786 -.25 60.5906
3 15 .3419 -.25 59.9246 .0786 -.25 60.5906 -.1732 -.25 57.7331
4 15 .1481 -.25 61.3033 .1434 -.25 61.7628 .0299 -.25 60.9085 .0786 -.25 60.5906
3 15 .5398 -.25 61.9543 .1434 -.25 61.7628 .1481 -.25 61.3033
4 15 .4897 -.25 58.2668 .8979 -.25 59.4068 .3419 -.25 59.9246 -.1732 -.25 57.7331
4 15 1.3307 -.25 58.5614 1.6619 -.25 59.116 .8979 -.25 59.4068 .4897 -.25 58.2668
3 15 -.7505 -.25 63.756 -1.5676 -.25 63.5476 -.7923 -.25 63.2211
4 15 -.7505 -.25 63.756 -.7923 -.25 63.2211 -.1453 -.25 62.5749 .0043 -.25 64.262
4 15 .0043 -.25 64.262 -.1453 -.25 62.5749 1.1941 -.25 62.4445 1.2008 -.25 63.9852
4 15 .948 -.25 64.6246 .477 -.25 64.9619 .0043 -.25 64.262 1.2008 -.25 63.9852
4 15 .477 -.25 64.9619 .948 -.25 64.6246 1.0147 -.25 65.309 .5956 -.25 65.749
4 15 1.3908 -.25 65.9341 .3421 -.25 66.5035 .5956 -.25 65.749 1.0147 -.25 65.309
4 15 -.1453 -.25 62.5749 .1434 -.25 61.7628 .5398 -.25 61.9543 1.1941 -.25 62.4445
3 15 -3.7017 -.25 66.8082 -4.0705 -.25 67.3431 -3.8188 -.25 66.635
4 15 -2.5743 -.25 68.117 -4.0705 -.25 67.3431 -3.7017 -.25 66.8082 -2.9469 -.25 67.3142
4 15 -3.6073 -.25 68.6591 -4.0705 -.25 67.3431 -3.1718 -.25 68.6933 -3.323 -.25 69.0962
3 15 -4.0705 -.25 67.3431 -4.4484 -.25 68.0736 -4.7259 -.25 67.9977
3 15 -3.6073 -.25 68.6591 -4.4484 -.25 68.0736 -4.0705 -.25 67.3431
4 15 -2.025 -.25 67.5494 -1.7453 -.25 67.7848 -2.5743 -.25 68.117 -2.9469 -.25 67.3142
3 15 -2.5743 -.25 68.117 -3.1718 -.25 68.6933 -4.0705 -.25 67.3431
3 15 -3.9444 -.25 71.8662 -4.0484 -.25 72.2736 -4.5717 -.25 72.1304
4 15 -4.0484 -.25 72.2736 -3.9444 -.25 71.8662 -3.2705 -.25 71.1931 -3.2073 -.25 72.8591
4 15 -2.6881 -.25 73.6575 -3.2073 -.25 72.8591 -3.2705 -.25 71.1931 -2.5014 -.25 73.5185
4 15 -2.5014 -.25 73.5185 -3.2705 -.25 71.1931 -2.9168 -.25 70.9066 -2.2523 -.25 72.8178
3 15 -2.1928 -.25 71.4295 -2.2523 -.25 72.8178 -2.9168 -.25 70.9066
3 15 -2.9168 -.25 70.9066 -3.2705 -.25 71.1931 -3.0774 -.25 70.65
4 15 -2.4034 -.25 74.2556 -2.5698 -.25 74.5473 -2.6881 -.25 73.6575 -2.5014 -.25 73.5185
3 15 -1.9733 -.25 74.9171 -2.5698 -.25 74.5473 -2.4034 -.25 74.2556
3 15 -2.8705 -.25 75.3931 -3.2027 -.25 76.5141 -3.5444 -.25 76.0662
4 15 -1.2765 -.25 75.402 -1.5335 -.25 76.8228 -3.2027 -.25 76.5141 -2.8705 -.25 75.3931
4 15 -1.9733 -.25 74.9171 -1.2765 -.25 75.402 -2.8705 -.25 75.3931 -2.5698 -.25 74.5473
4 15 -2.4635 -.25 77.0286 -3.2027 -.25 76.5141 -1.5335 -.25 76.8228 -1.768 -.25 77.4825
3 15 -3.2027 -.25 76.5141 -4.0544 -.25 76.2809 -3.5444 -.25 76.0662
4 15 -3.8489 -.25 80.2116 -3.5993 -.25 80.1972 -3.3122 -.25 80.5151 -3.4327 -.25 80.5221
4 15 -2.7597 -.25 79.8471 -2.4027 -.25 80.7641 -3.3122 -.25 80.5151 -3.5993 -.25 80.1972
4 15 -1.2708 -.25 78.7992 -1.9032 -.25 78.5123 -2.0072 -.25 77.7303 -1.6757 -.25 78.1765
4 15 -2.4635 -.25 77.0286 -1.768 -.25 77.4825 -1.6757 -.25 78.1765 -2.0072 -.25 77.7303
3 15 -.6808 -.25 82.464 -.8827 -.25 82.4239 -.7555 -.25 82.3491
3 15 -.7555 -.25 82.3491 -.8827 -.25 82.4239 -.8424 -.25 81.6957
4 15 -.8827 -.25 82.4239 -1.1774 -.25 82.2041 -1.2072 -.25 81.9803 -.8424 -.25 81.6957
4 15 -1.6635 -.25 81.2786 -.6216 -.25 81.0746 -.8424 -.25 81.6957 -1.2072 -.25 81.9803
4 15 -2.1675 -.25 79.2556 -1.9032 -.25 78.5123 -1.2708 -.25 78.7992 -.6148 -.25 79.2558
3 15 -.6148 -.25 79.2558 -2.7597 -.25 79.8471 -2.1675 -.25 79.2556
4 15 -1.6635 -.25 81.2786 -2.4027 -.25 80.7641 -.1268 -.25 80.5805 -.6216 -.25 81.0746
4 15 -2.7597 -.25 79.8471 -.6148 -.25 79.2558 -.1268 -.25 80.5805 -2.4027 -.25 80.7641
4 15 -.1268 -.25 80.5805 -.6148 -.25 79.2558 .1924 -.25 79.4768 .5667 -.25 80.2884
4 15 1.0279 -.25 79.4285 1.3533 -.25 80.2429 .5667 -.25 80.2884 .1924 -.25 79.4768
4 15 1.3533 -.25 80.2429 1.0279 -.25 79.4285 1.7645 -.25 79.1183 2.1133 -.25 80.4509
3 15 4.3921 -.25 78.894 2.29 -.25 78.5934 2.5246 -.25 77.9337
4 15 2.29 -.25 78.5934 4.3921 -.25 78.894 2.2794 -.25 80.5666 1.7645 -.25 79.1183
3 15 2.2794 -.25 80.5666 2.1133 -.25 80.4509 1.7645 -.25 79.1183
3 15 13.0002 -.25 68.8987 12.2071 -.25 72.7071 12.7731 -.25 68.8235
4 15 2.1556 -.25 68.2629 .3421 -.25 66.5035 1.3908 -.25 65.9341 2.0191 -.25 66.4048
4 15 .0867 -.25 68.0097 -.245 -.25 67.1107 .3421 -.25 66.5035 .8107 -.25 68.5327
4 15 -.8109 -.25 67.7471 -1.0761 -.25 67.4779 -.245 -.25 67.1107 .0867 -.25 68.0097
4 15 -1.7453 -.25 67.7848 -2.025 -.25 67.5494 -1.0761 -.25 67.4779 -.8109 -.25 67.7471
4 15 1.251 -.25 69.2363 1.9103 -.25 68.8834 1.9751 -.25 69.5475 1.3405 -.25 70.0135
4 15 2.34 -.25 70.154 1.0656 -.25 70.746 1.3405 -.25 70.0135 1.9751 -.25 69.5475
4 15 1.0656 -.25 70.746 2.34 -.25 70.154 2.9056 -.25 72.3129 1.5299 -.25 72.5991
4 15 .8331 -.25 72.1142 .4682 -.25 71.3222 1.0656 -.25 70.746 1.5299 -.25 72.5991
4 15 -.0243 -.25 71.8795 -.3608 -.25 71.6544 .4682 -.25 71.3222 .8331 -.25 72.1142
3 15 -.0243 -.25 71.8795 -.9117 -.25 71.9308 -.3608 -.25 71.6544
4 15 -1.2953 -.25 71.6921 -.3608 -.25 71.6544 -.9117 -.25 71.9308 -1.6941 -.25 72.2603
4 15 -1.6941 -.25 72.2603 -2.2523 -.25 72.8178 -2.1928 -.25 71.4295 -1.2953 -.25 71.6921
4 15 .3421 -.25 66.5035 2.1556 -.25 68.2629 1.251 -.25 69.2363 .8107 -.25 68.5327
3 15 2.1556 -.25 68.2629 1.9103 -.25 68.8834 1.251 -.25 69.2363
4 15 2.6736 -.25 67.7805 2.1556 -.25 68.2629 2.0191 -.25 66.4048 2.8038 -.25 66.6493
4 15 2.9056 -.25 72.3129 2.6603 -.25 72.9334 1.96 -.25 73.2605 1.5299 -.25 72.5991
3 15 2.7251 -.25 73.5975 1.96 -.25 73.2605 2.6603 -.25 72.9334
4 15 2.058 -.25 73.9977 1.96 -.25 73.2605 2.7251 -.25 73.5975 3.09 -.25 74.204
4 15 1.8089 -.25 74.6984 2.058 -.25 73.9977 3.09 -.25 74.204 3.6996 -.25 74.6607
4 15 1.3714 -.25 76.1604 1.2506 -.25 75.2559 1.8089 -.25 74.6984 2.0274 -.25 76.617
4 15 .5642 -.25 75.9394 .4683 -.25 75.5854 1.2506 -.25 75.2559 1.3714 -.25 76.1604
4 15 -.2713 -.25 75.9877 -.4192 -.25 75.6367 .4683 -.25 75.5854 .5642 -.25 75.9394
4 15 -1.0079 -.25 76.2979 -1.5335 -.25 76.8228 -1.2765 -.25 75.402 -.4192 -.25 75.6367
3 15 -.2713 -.25 75.9877 -1.0079 -.25 76.2979 -.4192 -.25 75.6367
4 15 1.6619 -.25 59.116 1.3307 -.25 58.5614 2.2217 -.25 58.5722 2.5177 -.25 59.0964
4 15 2.5177 -.25 59.0964 2.2217 -.25 58.5722 3.0272 -.25 58.2974 3.3349 -.25 59.3511
4 15 1.3039 -.25 54.5828 1.0973 -.25 54.8208 .2918 -.25 55.0957 .3572 -.25 54.5548
4 15 1.0973 -.25 54.8208 1.3039 -.25 54.5828 2.1651 -.25 54.3057 1.9883 -.25 54.8316
4 15 1.9883 -.25 54.8316 2.1651 -.25 54.3057 2.8094 -.25 53.7657 2.8293 -.25 55.1263
3 15 4.6124 -.25 53.5172 4.5959 -.25 55.5884 4.0138 -.25 53.1159
4 15 2.8094 -.25 53.7657 4.0138 -.25 53.1159 4.5959 -.25 55.5884 3.4922 -.25 55.66
3 15 3.4922 -.25 55.66 2.8293 -.25 55.1263 2.8094 -.25 53.7657
4 15 3.8761 -.25 56.3515 3.4922 -.25 55.66 4.5959 -.25 55.5884 4.3949 -.25 56.1868
4 15 4.489 -.25 56.8109 3.9226 -.25 57.0956 3.8761 -.25 56.3515 4.3949 -.25 56.1868
4 15 4.8638 -.25 57.3659 3.6244 -.25 57.7789 3.9226 -.25 57.0956 4.489 -.25 56.8109
4 15 3.3349 -.25 59.3511 3.0272 -.25 58.2974 3.6244 -.25 57.7789 3.9892 -.25 59.8413
4 15 4.0748 -.25 63.4345 3.29 -.25 63.1899 2.8672 -.25 62.6796 3.6312 -.25 62.3888
4 15 2.8672 -.25 62.6796 3.29 -.25 63.1899 2.4683 -.25 63.2087 2.0114 -.25 62.6992
4 15 2.0114 -.25 62.6992 2.4683 -.25 63.2087 1.7346 -.25 63.488 1.1941 -.25 62.4445
3 15 1.7346 -.25 63.488 1.2008 -.25 63.9852 1.1941 -.25 62.4445
4 15 3.3855 -.25 67.5095 2.6736 -.25 67.7805 2.8038 -.25 66.6493 3.6256 -.25 66.6305
3 15 4.2115 -.25 50.8569 3.7459 -.25 51.3384 3.9605 -.25 49.5308
4 15 4.2115 -.25 50.8569 3.9605 -.25 49.5308 4.7032 -.25 49.7341 4.8706 -.25 50.5657
4 15 4.8706 -.25 50.5657 4.7032 -.25 49.7341 5.4719 -.25 49.6897 5.623 -.25 50.509
4 15 5.623 -.25 50.509 5.4719 -.25 49.6897 6.1497 -.25 49.4043 6.3542 -.25 50.6955
4 27 -1.1774 -.25 82.2041 -3.4327 -.25 80.5221 -3.3122 -.25 80.5151 -1.2072 -.25 81.9803
4 27 -2.4027 -.25 80.7641 -1.6635 -.25 81.2786 -1.2072 -.25 81.9803 -3.3122 -.25 80.5151
4 27 -7.4239 -.25 77.3827 -7.5 -.25 77 -4.5717 -.25 72.1304 -7.2071 -.25 77.7071
4 27 -4.0484 -.25 72.2736 -4.0544 -.25 76.2809 -7.2071 -.25 77.7071 -4.5717 -.25 72.1304
4 27 -4.0544 -.25 76.2809 -3.5993 -.25 80.1972 -3.8489 -.25 80.2116 -7.2071 -.25 77.7071
4 27 -.5 -.25 82.5 -.7555 -.25 82.3491 -.8424 -.25 81.6957 -.1173 -.25 82.4239
3 27 -.5 -.25 82.5 -.6808 -.25 82.464 -.7555 -.25 82.3491
3 27 2.2794 -.25 80.5666 1.3533 -.25 80.2429 2.1133 -.25 80.4509
4 27 2.2794 -.25 80.5666 .2071 -.25 82.2071 -.1268 -.25 80.5805 1.3533 -.25 80.2429
3 27 1.3533 -.25 80.2429 -.1268 -.25 80.5805 .5667 -.25 80.2884
3 27 .2071 -.25 82.2071 -.1173 -.25 82.4239 -.1268 -.25 80.5805
4 27 -.6216 -.25 81.0746 -.1268 -.25 80.5805 -.1173 -.25 82.4239 -.8424 -.25 81.6957
3 27 -2.9168 -.25 70.9066 -3.0774 -.25 70.65 -3.323 -.25 69.0962
4 27 -4.5717 -.25 72.1304 -4.7259 -.25 67.9977 -4.4484 -.25 68.0736 -3.9444 -.25 71.8662
4 27 -3.9444 -.25 71.8662 -4.4484 -.25 68.0736 -3.6073 -.25 68.6591 -3.2705 -.25 71.1931
4 27 -3.6073 -.25 68.6591 -3.323 -.25 69.0962 -3.0774 -.25 70.65 -3.2705 -.25 71.1931
4 27 -7.5 -.25 77 -7.5 -.25 42.5 -4.7259 -.25 67.9977 -4.5717 -.25 72.1304
4 27 -4.0484 -.25 72.2736 -3.2073 -.25 72.8591 -3.5444 -.25 76.0662 -4.0544 -.25 76.2809
4 27 -2.5698 -.25 74.5473 -2.8705 -.25 75.3931 -3.5444 -.25 76.0662 -2.6881 -.25 73.6575
3 27 -2.6881 -.25 73.6575 -3.5444 -.25 76.0662 -3.2073 -.25 72.8591
4 27 -2.1675 -.25 79.2556 -3.5993 -.25 80.1972 -4.0544 -.25 76.2809 -2.4635 -.25 77.0286
3 27 -2.4635 -.25 77.0286 -4.0544 -.25 76.2809 -3.2027 -.25 76.5141
3 27 -2.1675 -.25 79.2556 -2.7597 -.25 79.8471 -3.5993 -.25 80.1972
4 27 -2.4635 -.25 77.0286 -2.0072 -.25 77.7303 -1.9032 -.25 78.5123 -2.1675 -.25 79.2556
4 27 .0268 -.25 41.7176 -.7645 -.25 42.0347 0 -.25 41.5 .3179 -.25 41.4368
3 27 -.7645 -.25 42.0347 -1.6565 -.25 42.0707 -2.5132 -.25 41.82
4 27 -.7645 -.25 42.0347 -2.5132 -.25 41.82 -2.9562 -.25 41.5 0 -.25 41.5
4 27 -3.7028 -.25 46.8042 -4.8912 -.25 42.7427 -4.3117 -.25 42.9013 -3.0748 -.25 46.177
4 27 -2.7726 -.25 45.3269 -3.1441 -.25 43.9533 -.7753 -.25 44.3379 -2.646 -.25 45.5292
3 27 -2.7726 -.25 45.3269 -3.4285 -.25 43.516 -3.1441 -.25 43.9533
4 27 -4.3117 -.25 42.9013 -3.4285 -.25 43.516 -2.7726 -.25 45.3269 -3.0748 -.25 46.177
4 27 -6.5 -.25 41.5 -4.8912 -.25 42.7427 -2.6317 -.25 55.1005 -7.5 -.25 42.5
4 27 -2.6862 -.25 47.4373 -2.373 -.25 54.9916 -3.7028 -.25 46.8042 -3.5266 -.25 46.8525
4 27 -4.8912 -.25 42.7427 -3.7028 -.25 46.8042 -2.373 -.25 54.9916 -2.6317 -.25 55.1005
4 27 -2.373 -.25 54.9916 -2.6862 -.25 47.4373 -2.352 -.25 47.9513 -1.6997 -.25 54.3191
4 27 -2.352 -.25 47.9513 -2.0948 -.25 47.3007 -1.4265 -.25 53.2695 -1.6997 -.25 54.3191
3 27 -1.3993 -.25 53.4741 -1.6997 -.25 54.3191 -1.4265 -.25 53.2695
4 27 -1.4796 -.25 46.7277 -.6341 -.25 46.4059 -1.4265 -.25 53.2695 -2.0948 -.25 47.3007
4 27 -1.4265 -.25 53.2695 -.6341 -.25 46.4059 .3128 -.25 46.3843 .6995 -.25 50.3491
4 27 .7605 -.25 50.5924 -1.2257 -.25 53.6466 -1.4265 -.25 53.2695 .6995 -.25 50.3491
4 27 -.5311 -.25 54.2261 -1.2257 -.25 53.6466 .7605 -.25 50.5924 .3572 -.25 54.5548
4 27 .7605 -.25 50.5924 1.1253 -.25 50.6032 1.3039 -.25 54.5828 .3572 -.25 54.5548
4 27 1.3039 -.25 54.5828 1.1253 -.25 50.6032 2.0136 -.25 50.9319 2.1651 -.25 54.3057
4 27 2.0136 -.25 50.9319 2.7082 -.25 51.5114 2.8094 -.25 53.7657 2.1651 -.25 54.3057
4 27 2.8094 -.25 53.7657 2.7082 -.25 51.5114 3.1033 -.25 52.2534 3.1389 -.25 53.045
4 27 2.1601 -.25 49.4543 1.9411 -.25 47.2085 2.3745 -.25 47.9288 2.4514 -.25 48.7174
4 27 .3128 -.25 46.3843 1.2171 -.25 46.6661 1.5449 -.25 50.0273 .6995 -.25 50.3491
4 27 -2.2307 -.25 59.3185 -2.6317 -.25 55.1005 -2.0766 -.25 55.2525 -1.573 -.25 59.0416
4 27 -1.573 -.25 59.0416 -2.0766 -.25 55.2525 -1.2362 -.25 55.8373 -.8997 -.25 58.3691
4 27 -1.2362 -.25 55.8373 -.7175 -.25 56.635 -.5993 -.25 57.5241 -.8997 -.25 58.3691
4 27 -1.5676 -.25 63.5476 -2.2307 -.25 59.3185 -1.2762 -.25 59.5798 -.7923 -.25 63.2211
4 27 -1.2762 -.25 59.5798 -.4686 -.25 60.1419 -.1453 -.25 62.5749 -.7923 -.25 63.2211
4 27 -.1453 -.25 62.5749 -.4686 -.25 60.1419 .0299 -.25 60.9085 .1434 -.25 61.7628
4 27 -1.0761 -.25 67.4779 -2.9469 -.25 67.3142 -3.8188 -.25 66.635 -1.5676 -.25 63.5476
3 27 -2.9469 -.25 67.3142 -3.7017 -.25 66.8082 -3.8188 -.25 66.635
3 27 -1.0761 -.25 67.4779 -2.025 -.25 67.5494 -2.9469 -.25 67.3142
3 27 .0043 -.25 64.262 -1.5676 -.25 63.5476 -.7505 -.25 63.756
4 27 -1.0761 -.25 67.4779 -1.5676 -.25 63.5476 .0043 -.25 64.262 -.245 -.25 67.1107
4 27 .477 -.25 64.9619 .3421 -.25 66.5035 -.245 -.25 67.1107 .0043 -.25 64.262
3 27 .5956 -.25 65.749 .3421 -.25 66.5035 .477 -.25 64.9619
3 27 -3.8188 -.25 66.635 -4.0705 -.25 67.3431 -4.7259 -.25 67.9977
3 27 -2.6317 -.25 55.1005 -4.7259 -.25 67.9977 -7.5 -.25 42.5
4 27 -4.7259 -.25 67.9977 -2.6317 -.25 55.1005 -2.2307 -.25 59.3185 -3.8188 -.25 66.635
3 27 -1.5676 -.25 63.5476 -3.8188 -.25 66.635 -2.2307 -.25 59.3185
4 15 15.3229 -.25 47.3122 15.7277 -.25 50.5994 15.4035 -.25 50.382 15.0707 -.25 47.573
4 15 15.3229 -.25 47.3122 15.4318 -.25 46.9881 15.9085 -.25 50.867 15.7277 -.25 50.5994
4 15 15.0075 -.25 50.281 14.7136 -.25 47.7308 15.0707 -.25 47.573 15.4035 -.25 50.382
4 15 14.3371 -.25 47.7592 14.7136 -.25 47.7308 15.0075 -.25 50.281 14.5999 -.25 50.3117
4 27 14.3371 -.25 47.7592 14.6038 -.25 46.0683 14.8535 -.25 46.132 14.7136 -.25 47.7308
4 27 14.8535 -.25 46.132 15.1777 -.25 46.3494 15.0707 -.25 47.573 14.7136 -.25 47.7308
4 27 15.0707 -.25 47.573 15.1777 -.25 46.3494 15.3808 -.25 46.65 15.3229 -.25 47.3122
3 27 15.4318 -.25 46.9881 15.3229 -.25 47.3122 15.3808 -.25 46.65
3 27 15.9085 -.25 50.867 15.4035 -.25 50.382 15.7277 -.25 50.5994
4 27 15.9085 -.25 50.867 15.7811 -.25 51.6571 15.6207 -.25 51.823 14.9318 -.25 51.1462
4 27 15.0928 -.25 54.5194 15.3368 -.25 54.4116 15.1088 -.25 55.8256 14.9858 -.25 55.7431
4 27 14.7827 -.25 55.4425 14.8407 -.25 54.7802 15.0928 -.25 54.5194 14.9858 -.25 55.7431
3 27 14.8407 -.25 54.7802 14.7827 -.25 55.4425 14.7318 -.25 55.1044
4 27 12.3123 -.25 60.5973 12.5605 -.25 59.0238 12.7661 -.25 59.1778 12.581 -.25 60.495
3 27 12.9687 -.25 59.5144 12.581 -.25 60.495 12.7661 -.25 59.1778
4 27 12.581 -.25 60.495 12.9687 -.25 59.5144 13.0046 -.25 59.883 12.8685 -.25 60.2273
4 27 12.0666 -.25 62.972 12.5504 -.25 62.9694 12.3895 -.25 63.9848 11.93 -.25 63.0213
4 27 12.3895 -.25 63.9848 11.7694 -.25 64.8482 11.6558 -.25 64.76 11.93 -.25 63.0213
4 27 13.0002 -.25 68.8987 12.7731 -.25 68.8235 13.0445 -.25 67.1096 13.289 -.25 67.1083
4 27 12.3558 -.25 67.5151 12.6475 -.25 67.2529 12.7731 -.25 68.8235 12.4397 -.25 68.5646
3 27 13.0445 -.25 67.1096 12.7731 -.25 68.8235 12.6475 -.25 67.2529
4 27 12.3558 -.25 67.5151 12.4397 -.25 68.5646 12.2434 -.25 68.2251 12.2139 -.25 67.8565
4 15 25 -.25 -5.5 21.9211 -.25 -6.5 24 -.25 -6.5 24.3827 -.25 -6.4239
4 15 25 -.25 -5.5 14.8535 -.25 46.132 14.6038 -.25 46.0683 21.9211 -.25 -6.5
3 15 14.5999 -.25 50.3117 14.2428 -.25 50.4694 14.3371 -.25 47.7592
3 15 15.7811 -.25 51.6571 15.3368 -.25 54.4116 15.6207 -.25 51.823
4 15 15.0928 -.25 54.5194 15.2636 -.25 51.9808 15.6207 -.25 51.823 15.3368 -.25 54.4116
3 15 15.2636 -.25 51.9808 15.0928 -.25 54.5194 14.8561 -.25 52.0115
4 15 14.8561 -.25 52.0115 15.0928 -.25 54.5194 14.8407 -.25 54.7802 14.46 -.25 51.9105
4 15 14.7318 -.25 55.1044 14.1358 -.25 51.6931 14.46 -.25 51.9105 14.8407 -.25 54.7802
4 15 12.5605 -.25 59.0238 14.7318 -.25 55.1044 14.7827 -.25 55.4425 12.7661 -.25 59.1778
3 15 14.9858 -.25 55.7431 12.7661 -.25 59.1778 14.7827 -.25 55.4425
4 15 12.9687 -.25 59.5144 12.7661 -.25 59.1778 14.9858 -.25 55.7431 15.1088 -.25 55.8256
3 15 15.1088 -.25 55.8256 13.0046 -.25 59.883 12.9687 -.25 59.5144
4 15 14.1358 -.25 51.6931 14.7318 -.25 55.1044 12.5605 -.25 59.0238 13.9327 -.25 51.3925
4 15 12.5605 -.25 59.0238 13.35 -.25 50 13.8818 -.25 51.0544 13.9327 -.25 51.3925
3 15 13.9907 -.25 50.7302 13.8818 -.25 51.0544 13.35 -.25 50
4 15 14.2428 -.25 50.4694 13.9907 -.25 50.7302 13.35 -.25 50 14.3371 -.25 47.7592
4 15 13.3745 -.25 63.4048 13.0096 -.25 63.1214 12.8685 -.25 60.2273 15.1088 -.25 55.8256
3 15 15.1088 -.25 55.8256 12.8685 -.25 60.2273 13.0046 -.25 59.883
4 15 12.5504 -.25 62.9694 12.581 -.25 60.495 12.8685 -.25 60.2273 13.0096 -.25 63.1214
3 15 12.581 -.25 60.495 12.5504 -.25 62.9694 12.0666 -.25 62.972
4 15 12.3123 -.25 60.5973 12.581 -.25 60.495 12.0666 -.25 62.972 11.93 -.25 63.0213
3 15 15.1088 -.25 55.8256 13.5894 -.25 63.7765 13.3745 -.25 63.4048
3 15 15.1088 -.25 55.8256 13.6217 -.25 64.18 13.5894 -.25 63.7765
3 15 15.1088 -.25 55.8256 13.289 -.25 67.1083 13.6217 -.25 64.18
4 15 13.289 -.25 67.1083 13.0445 -.25 67.1096 13.4664 -.25 64.5537 13.6217 -.25 64.18
3 15 13.4664 -.25 64.5537 13.0445 -.25 67.1096 13.1471 -.25 64.8408
3 15 13.1471 -.25 64.8408 13.0445 -.25 67.1096 12.7125 -.25 64.9976
3 15 12.6475 -.25 67.2529 12.3558 -.25 67.5151 12.2287 -.25 65.0002
4 15 13.0445 -.25 67.1096 12.6475 -.25 67.2529 12.2287 -.25 65.0002 12.7125 -.25 64.9976
4 15 12.3558 -.25 67.5151 12.2139 -.25 67.8565 11.7694 -.25 64.8482 12.2287 -.25 65.0002
4 15 12.2434 -.25 68.2251 11.6558 -.25 64.76 11.7694 -.25 64.8482 12.2139 -.25 67.8565
3 15 12.2434 -.25 68.2251 9.0323 -.25 75.2204 11.6558 -.25 64.76
4 15 12.2071 -.25 72.7071 9.0323 -.25 75.2204 12.2434 -.25 68.2251 12.4397 -.25 68.5646
3 15 12.7731 -.25 68.8235 12.2071 -.25 72.7071 12.4397 -.25 68.5646
3 15 11.93 -.25 63.0213 11.6558 -.25 64.76 9.0323 -.25 75.2204
3 15 12.3123 -.25 60.5973 11.93 -.25 63.0213 9.0323 -.25 75.2204
4 15 9.0323 -.25 75.2204 13.35 -.25 50 12.5605 -.25 59.0238 12.3123 -.25 60.5973
3 15 25 -.25 -5.5 15.9085 -.25 50.867 15.4318 -.25 46.9881
3 15 25 -.25 -5.5 15.4318 -.25 46.9881 15.3808 -.25 46.65
3 15 25 -.25 -5.5 15.3808 -.25 46.65 15.1777 -.25 46.3494
3 15 25 -.25 -5.5 15.1777 -.25 46.3494 14.8535 -.25 46.132
4 15 14.6038 -.25 46.0683 14.3371 -.25 47.7592 13.35 -.25 50 21.9211 -.25 -6.5
3 15 21.9211 -.25 -6.5 13.35 -.25 50 9.0323 -.25 75.2204
4 27 9.3726 -.25 39.9604 9.1914 -.25 40.1613 8.1892 -.25 39.2433 9.5548 -.25 38.8101
3 27 9.0168 -.25 42.2062 8.6193 -.25 44.7148 8.8064 -.25 42.1603
4 27 8.0813 -.25 44.5974 8.2055 -.25 42.2267 8.8064 -.25 42.1603 8.6193 -.25 44.7148
4 27 8.0813 -.25 44.5974 7.5908 -.25 44.2928 7.6859 -.25 42.4784 8.2055 -.25 42.2267
3 27 7.6859 -.25 42.4784 7.5908 -.25 44.2928 7.3265 -.25 42.8769
4 27 7.5908 -.25 44.2928 7.2751 -.25 43.8589 7.1823 -.25 43.3617 7.3265 -.25 42.8769
4 27 7.0065 -.25 54.895 6.5259 -.25 57.9287 6.3333 -.25 56.3563 6.473 -.25 54.759
4 27 5.9581 -.25 61.5127 5.8138 -.25 61.4159 6.0115 -.25 59.1569 6.3554 -.25 59.0049
4 27 5.3449 -.25 60.2368 5.5459 -.25 59.6384 5.8138 -.25 61.4159 5.439 -.25 60.8609
3 27 6.0115 -.25 59.1569 5.8138 -.25 61.4159 5.5459 -.25 59.6384
4 27 4.9702 -.25 67.7481 4.4819 -.25 70.8303 3.9469 -.25 69.1696 4.1828 -.25 67.4913
4 27 3.9469 -.25 69.1696 4.4819 -.25 70.8303 3.7111 -.25 70.848 2.9496 -.25 70.6107
4 27 3.8669 -.25 74.7128 3.6996 -.25 74.6607 4.1355 -.25 71.5595 4.3673 -.25 71.5542
3 27 4.1355 -.25 71.5595 3.6996 -.25 74.6607 3.09 -.25 74.204
4 27 4.1355 -.25 71.5595 3.09 -.25 74.204 2.7251 -.25 73.5975 3.4236 -.25 71.8305
4 27 2.7251 -.25 73.5975 2.6603 -.25 72.9334 2.9056 -.25 72.3129 3.4236 -.25 71.8305
4 15 4.1355 -.25 71.5595 3.7111 -.25 70.848 4.4819 -.25 70.8303 4.3673 -.25 71.5542
4 15 3.7111 -.25 70.848 4.1355 -.25 71.5595 3.4236 -.25 71.8305 2.9496 -.25 70.6107
4 15 2.9056 -.25 72.3129 2.34 -.25 70.154 2.9496 -.25 70.6107 3.4236 -.25 71.8305
4 15 2.0274 -.25 76.617 1.8089 -.25 74.6984 3.6996 -.25 74.6607 3.8669 -.25 74.7128
4 15 2.4323 -.25 77.2397 2.0274 -.25 76.617 3.8669 -.25 74.7128 4.3921 -.25 78.894
3 15 4.3921 -.25 78.894 2.5246 -.25 77.9337 2.4323 -.25 77.2397
4 15 4.1828 -.25 67.4913 4.3592 -.25 66.3513 4.8931 -.25 65.8541 4.9702 -.25 67.7481
4 15 4.1828 -.25 67.4913 3.3855 -.25 67.5095 3.6256 -.25 66.6305 4.3592 -.25 66.3513
4 15 4.381 -.25 60.4923 5.3449 -.25 60.2368 5.439 -.25 60.8609 4.4505 -.25 61.205
4 15 5.8138 -.25 61.4159 4.1872 -.25 61.871 4.4505 -.25 61.205 5.439 -.25 60.8609
3 15 5.9581 -.25 61.5127 4.1872 -.25 61.871 5.8138 -.25 61.4159
4 15 5.0791 -.25 64.5302 4.703 -.25 63.9051 4.1872 -.25 61.871 5.9581 -.25 61.5127
4 15 4.703 -.25 63.9051 4.0748 -.25 63.4345 3.6312 -.25 62.3888 4.1872 -.25 61.871
3 15 5.9581 -.25 61.5127 5.1459 -.25 65.2146 5.0791 -.25 64.5302
3 15 5.1459 -.25 65.2146 4.9702 -.25 67.7481 4.8931 -.25 65.8541
4 15 6.5259 -.25 57.9287 6.3554 -.25 59.0049 6.0115 -.25 59.1569 6.1935 -.25 57.9537
4 15 6.0115 -.25 59.1569 5.5459 -.25 59.6384 5.4624 -.25 57.7672 6.1935 -.25 57.9537
3 15 5.5459 -.25 59.6384 3.9892 -.25 59.8413 3.6244 -.25 57.7789
4 15 4.8638 -.25 57.3659 5.4624 -.25 57.7672 5.5459 -.25 59.6384 3.6244 -.25 57.7789
4 15 5.5459 -.25 59.6384 5.3449 -.25 60.2368 4.381 -.25 60.4923 3.9892 -.25 59.8413
3 15 7.2206 -.25 52.8743 7.0065 -.25 54.895 6.7551 -.25 53.3558
4 15 6.7551 -.25 53.3558 7.0065 -.25 54.895 6.473 -.25 54.759 6.096 -.25 53.647
4 15 5.7206 -.25 54.8157 5.3435 -.25 53.7037 6.096 -.25 53.647 6.473 -.25 54.759
3 15 5.7206 -.25 54.8157 5.0615 -.25 55.1069 5.3435 -.25 53.7037
4 15 5.0615 -.25 55.1069 4.5959 -.25 55.5884 4.6124 -.25 53.5172 5.3435 -.25 53.7037
4 15 6.3542 -.25 50.6955 6.1497 -.25 49.4043 6.6333 -.25 48.9213 6.9528 -.25 51.0967
4 15 6.849 -.25 48.3143 7.3276 -.25 51.6517 6.9528 -.25 51.0967 6.6333 -.25 48.9213
4 15 6.3916 -.25 47.1028 8.0813 -.25 44.5974 8.6193 -.25 44.7148 6.7642 -.25 47.6757
4 15 5.3497 -.25 45.1043 5.8333 -.25 44.6213 7.5908 -.25 44.2928 6.3916 -.25 47.1028
3 15 8.0813 -.25 44.5974 6.3916 -.25 47.1028 7.5908 -.25 44.2928
3 15 6.3916 -.25 47.1028 5.788 -.25 46.6827 5.3497 -.25 45.1043
4 15 2.3152 -.25 42.9922 2.0994 -.25 43.5992 2 -.25 42 2.3105 -.25 41.2308
4 15 2.3105 -.25 41.2308 3.0532 -.25 41.4341 2.7988 -.25 42.5092 2.3152 -.25 42.9922
3 15 3.4765 -.25 42.2238 2.7988 -.25 42.5092 3.0532 -.25 41.4341
4 15 3.4765 -.25 42.2238 3.0532 -.25 41.4341 3.8219 -.25 41.3897 4.2453 -.25 42.1793
3 15 4.4997 -.25 41.1043 4.2453 -.25 42.1793 3.8219 -.25 41.3897
4 15 4.988 -.25 42.3827 4.2453 -.25 42.1793 4.4997 -.25 41.1043 4.9833 -.25 40.6213
4 15 5.5916 -.25 42.8028 4.988 -.25 42.3827 7.6859 -.25 42.4784 7.3265 -.25 42.8769
4 15 7.3265 -.25 42.8769 7.1823 -.25 43.3617 5.9642 -.25 43.3757 5.5916 -.25 42.8028
4 15 8.2055 -.25 42.2267 8.697 -.25 40.4008 9.1914 -.25 40.1613 8.8064 -.25 42.1603
4 15 9.0168 -.25 42.2062 8.8064 -.25 42.1603 9.1914 -.25 40.1613 9.3726 -.25 39.9604
3 15 8.697 -.25 40.4008 8.2055 -.25 42.2267 8.1252 -.25 40.464
3 15 8.2055 -.25 42.2267 7.5632 -.25 40.3414 8.1252 -.25 40.464
4 15 7.5632 -.25 40.3414 8.2055 -.25 42.2267 7.6859 -.25 42.4784 7.0965 -.25 40.0516
4 15 7.6859 -.25 42.4784 4.988 -.25 42.3827 4.9833 -.25 40.6213 7.0965 -.25 40.0516
4 15 7.0965 -.25 40.0516 4.9833 -.25 40.6213 5.199 -.25 40.0143 6.7961 -.25 39.6387
4 15 5.1142 -.25 39.3757 6.7079 -.25 39.1656 6.7961 -.25 39.6387 5.199 -.25 40.0143
4 15 4.7416 -.25 38.8028 6.8451 -.25 38.7044 6.7079 -.25 39.1656 5.1142 -.25 39.3757
4 15 6.2786 -.25 36.0278 6.8451 -.25 38.7044 4.7416 -.25 38.8028 4.3761 -.25 36.2933
4 15 6.7316 -.25 36.3091 7.187 -.25 38.3252 6.8451 -.25 38.7044 6.2786 -.25 36.0278
4 15 7.2771 -.25 36.4281 7.6814 -.25 38.0858 7.187 -.25 38.3252 6.7316 -.25 36.3091
4 15 7.6814 -.25 38.0858 7.2771 -.25 36.4281 7.832 -.25 36.3667 8.2532 -.25 38.0225
4 15 8.2532 -.25 38.0225 7.832 -.25 36.3667 8.3119 -.25 36.1343 8.8152 -.25 38.1452
3 15 8.8152 -.25 38.1452 8.3119 -.25 36.1343 8.6437 -.25 35.7663
4 15 8.6437 -.25 35.7663 8.777 -.25 35.3186 9.2819 -.25 38.435 8.8152 -.25 38.1452
4 15 1.2494 -.25 39.5992 1 -.25 40.5 1 -.25 36.2016 1.2669 -.25 36.5823
3 15 1.3343 -.25 40.2378 1 -.25 40.5 1.2494 -.25 39.5992
3 15 1.7069 -.25 40.8107 1 -.25 40.5 1.3343 -.25 40.2378
4 15 .9239 -.25 40.8827 1 -.25 40.5 2.3105 -.25 41.2308 2 -.25 42
3 15 2.3105 -.25 41.2308 1 -.25 40.5 1.7069 -.25 40.8107
3 15 1.4652 -.25 38.9922 1.2494 -.25 39.5992 1.2669 -.25 36.5823
4 15 1.8548 -.25 36.9617 1.9488 -.25 38.5092 1.4652 -.25 38.9922 1.2669 -.25 36.5823
4 15 1.9488 -.25 38.5092 1.8548 -.25 36.9617 2.5678 -.25 37.1304 2.6265 -.25 38.2238
4 15 3.3953 -.25 38.1793 2.6265 -.25 38.2238 2.5678 -.25 37.1304 3.2973 -.25 37.0626
4 15 3.3953 -.25 38.1793 3.2973 -.25 37.0626 3.9323 -.25 36.7687 4.138 -.25 38.3827
4 15 4.3761 -.25 36.2933 4.7416 -.25 38.8028 4.138 -.25 38.3827 3.9323 -.25 36.7687
4 15 4.3761 -.25 36.2933 4.5611 -.25 35.709 5.9871 -.25 35.6271 6.2786 -.25 36.0278
4 15 5.9014 -.25 35.1679 5.9871 -.25 35.6271 4.5611 -.25 35.709 4.4592 -.25 35.1046
4 15 6.0346 -.25 34.7202 5.9014 -.25 35.1679 4.4592 -.25 35.1046 4.0859 -.25 34.5722
3 15 1.4205 -.25 34.3858 1 -.25 34.8362 1 -.25 32.9344
4 15 1 -.25 32.9344 1.0366 -.25 32.9581 2.0555 -.25 34.0919 1.4205 -.25 34.3858
3 15 2.0555 -.25 34.0919 1.0366 -.25 32.9581 1.722 -.25 33.1202
4 15 2.0555 -.25 34.0919 1.722 -.25 33.1202 2.4233 -.25 33.0551 2.785 -.25 34.0241
4 15 2.785 -.25 34.0241 2.4233 -.25 33.0551 3.0337 -.25 32.7725 3.498 -.25 34.1927
4 15 3.6381 -.25 31.7539 5.2406 -.25 31.3977 5.5098 -.25 31.7678 3.4603 -.25 32.3156
4 15 6.0346 -.25 34.7202 4.0859 -.25 34.5722 3.4603 -.25 32.3156 5.5098 -.25 31.7678
4 15 3.498 -.25 34.1927 3.0337 -.25 32.7725 3.4603 -.25 32.3156 4.0859 -.25 34.5722
4 15 5.2406 -.25 31.3977 3.6381 -.25 31.7539 3.5402 -.25 31.1729 5.1614 -.25 30.9737
4 15 6.0346 -.25 34.7202 5.5098 -.25 31.7678 5.9281 -.25 32.0275 6.3664 -.25 34.3522
4 15 6.3664 -.25 34.3522 5.9281 -.25 32.0275 6.4319 -.25 32.1374 6.8464 -.25 34.1198
4 15 6.8464 -.25 34.1198 6.4319 -.25 32.1374 6.9443 -.25 32.0808 7.4013 -.25 34.0584
3 15 7.4013 -.25 34.0584 6.9443 -.25 32.0808 7.3875 -.25 31.8662
4 15 7.3875 -.25 31.8662 7.6939 -.25 31.5263 7.9468 -.25 34.1775 7.4013 -.25 34.0584
4 15 10.5555 -.25 27.2309 7.8169 -.25 31.1129 7.7378 -.25 30.6888 10.2044 -.25 27.1733
3 15 9.9068 -.25 27.0094 7.4686 -.25 30.3188 9.708 -.25 26.7642
4 15 10.2044 -.25 27.1733 7.7378 -.25 30.6888 7.4686 -.25 30.3188 9.9068 -.25 27.0094
4 15 7.1958 -.25 27.0974 9.6381 -.25 26.4748 9.708 -.25 26.7642 7.4686 -.25 30.3188
4 15 7.1958 -.25 27.0974 7.4686 -.25 30.3188 7.0503 -.25 30.059 7.0905 -.25 27.5026
3 15 7.0905 -.25 27.5026 7.0503 -.25 30.059 6.8048 -.25 27.8426
4 15 7.0503 -.25 30.059 6.5465 -.25 29.9491 6.3821 -.25 28.0658 6.8048 -.25 27.8426
4 15 6.5465 -.25 29.9491 6.0341 -.25 30.0058 5.887 -.25 28.1381 6.3821 -.25 28.0658
4 15 6.0341 -.25 30.0058 5.5909 -.25 30.2204 5.3946 -.25 28.0486 5.887 -.25 28.1381
4 15 4.98 -.25 27.8108 5.3946 -.25 28.0486 5.5909 -.25 30.2204 5.2845 -.25 30.5603
4 15 3.5402 -.25 31.1729 3.1813 -.25 30.6611 5.2845 -.25 30.5603 5.1614 -.25 30.9737
4 15 4.6153 -.25 27.0523 4.7064 -.25 27.4609 2.8218 -.25 27.4436 2.706 -.25 26.8777
4 15 2.6668 -.25 28 2.8218 -.25 27.4436 4.7064 -.25 27.4609 4.98 -.25 27.8108
4 15 5.2845 -.25 30.5603 2.6162 -.25 30.2964 2.2645 -.25 28.4622 4.98 -.25 27.8108
3 15 4.98 -.25 27.8108 2.2645 -.25 28.4622 2.6668 -.25 28
3 15 5.2845 -.25 30.5603 3.1813 -.25 30.6611 2.6162 -.25 30.2964
4 15 1.9308 -.25 30.1342 1.6761 -.25 28.7599 2.2645 -.25 28.4622 2.6162 -.25 30.2964
3 15 1.0937 -.25 25.9152 1 -.25 25.9272 1 -.25 24.5396
4 15 1 -.25 24.5396 1.3774 -.25 24.3318 1.7707 -.25 26.0506 1.0937 -.25 25.9152
4 15 1.752 -.25 23.8698 2.3369 -.25 26.3886 1.7707 -.25 26.0506 1.3774 -.25 24.3318
4 15 3.9711 -.25 23.2121 4.2373 -.25 23.5403 5.0063 -.25 26.3071 2.3369 -.25 26.3886
4 15 4.7206 -.25 26.6471 2.706 -.25 26.8777 2.3369 -.25 26.3886 5.0063 -.25 26.3071
3 15 4.7206 -.25 26.6471 4.6153 -.25 27.0523 2.706 -.25 26.8777
3 15 3.9711 -.25 22.4376 3.8777 -.25 22.8248 1.8835 -.25 23.3248
4 15 3.9711 -.25 23.2121 1.752 -.25 23.8698 1.8835 -.25 23.3248 3.8777 -.25 22.8248
3 15 3.9711 -.25 23.2121 2.3369 -.25 26.3886 1.752 -.25 23.8698
4 15 4.2373 -.25 23.5403 4.6356 -.25 23.7597 5.4289 -.25 26.0839 5.0063 -.25 26.3071
3 15 5.4289 -.25 26.0839 4.6356 -.25 23.7597 5.1055 -.25 23.8367
4 15 5.5754 -.25 23.7597 5.9241 -.25 26.0116 5.4289 -.25 26.0839 5.1055 -.25 23.8367
4 15 5.9241 -.25 26.0116 5.5754 -.25 23.7597 5.9737 -.25 23.5403 6.4164 -.25 26.1011
4 15 6.2399 -.25 22.4376 8.9505 -.25 22.2248 9.0118 -.25 22.4787 6.3334 -.25 22.8248
4 15 9.1863 -.25 22.6939 6.2399 -.25 23.2121 6.3334 -.25 22.8248 9.0118 -.25 22.4787
4 15 6.2399 -.25 23.2121 9.1863 -.25 22.6939 9.4474 -.25 22.8378 5.9737 -.25 23.5403
3 15 9.9068 -.25 25.9403 6.831 -.25 26.3389 6.4164 -.25 26.1011
4 15 5.9737 -.25 23.5403 9.4474 -.25 22.8378 9.9068 -.25 25.9403 6.4164 -.25 26.1011
4 15 9.708 -.25 26.1855 7.1047 -.25 26.6888 6.831 -.25 26.3389 9.9068 -.25 25.9403
4 15 9.6381 -.25 26.4748 7.1958 -.25 27.0974 7.1047 -.25 26.6888 9.708 -.25 26.1855
4 15 9.7555 -.25 22.8883 10.2044 -.25 25.7764 9.9068 -.25 25.9403 9.4474 -.25 22.8378
4 15 10.2044 -.25 25.7764 9.7555 -.25 22.8883 10.0636 -.25 22.8378 10.5555 -.25 25.7188
3 15 10.5555 -.25 25.7188 10.0636 -.25 22.8378 10.3248 -.25 22.6939
4 15 10.3248 -.25 22.6939 10.4993 -.25 22.4787 10.9066 -.25 25.7764 10.5555 -.25 25.7188
4 15 8.3998 -.25 34.4588 7.8169 -.25 31.1129 10.5555 -.25 27.2309 8.6913 -.25 34.8595
4 15 8.3998 -.25 34.4588 7.9468 -.25 34.1775 7.6939 -.25 31.5263 7.8169 -.25 31.1129
3 15 10.9066 -.25 27.1733 8.6913 -.25 34.8595 10.5555 -.25 27.2309
3 15 11.2042 -.25 27.0094 8.6913 -.25 34.8595 10.9066 -.25 27.1733
4 15 8.6913 -.25 34.8595 11.2042 -.25 27.0094 11.4031 -.25 26.7642 8.777 -.25 35.3186
4 15 9.2819 -.25 38.435 8.777 -.25 35.3186 11.4031 -.25 26.7642 9.5548 -.25 38.8101
4 15 11.4031 -.25 26.7642 11.4729 -.25 26.4748 10 -.25 40 9.5548 -.25 38.8101
3 15 10 -.25 40 9.3726 -.25 39.9604 9.5548 -.25 38.8101
3 15 10 -.25 40 9.0168 -.25 42.2062 9.3726 -.25 39.9604
3 15 10 -.25 40 8.6193 -.25 44.7148 9.0168 -.25 42.2062
4 15 8.6193 -.25 44.7148 10 -.25 40 7.4217 -.25 52.2759 7.3276 -.25 51.6517
3 15 4.3921 -.25 78.894 3.8669 -.25 74.7128 4.3673 -.25 71.5542
3 15 4.4819 -.25 70.8303 4.3921 -.25 78.894 4.3673 -.25 71.5542
3 15 4.9702 -.25 67.7481 4.3921 -.25 78.894 4.4819 -.25 70.8303
4 15 5.9581 -.25 61.5127 4.3921 -.25 78.894 4.9702 -.25 67.7481 5.1459 -.25 65.2146
4 15 6.3554 -.25 59.0049 10 -.25 40 4.3921 -.25 78.894 5.9581 -.25 61.5127
3 15 7.4217 -.25 52.2759 7.0065 -.25 54.895 7.2206 -.25 52.8743
3 15 10 -.25 40 7.0065 -.25 54.895 7.4217 -.25 52.2759
3 15 10 -.25 40 6.5259 -.25 57.9287 7.0065 -.25 54.895
3 15 10 -.25 40 6.3554 -.25 59.0049 6.5259 -.25 57.9287
4 27 1 -.25 36.2016 1 -.25 34.8362 1.4205 -.25 34.3858 1.2669 -.25 36.5823
3 27 2.0555 -.25 34.0919 1.2669 -.25 36.5823 1.4205 -.25 34.3858
4 27 1.8548 -.25 36.9617 1.2669 -.25 36.5823 2.0555 -.25 34.0919 2.6764 -.25 35.5772
4 15 1 -.25 30.3056 1 -.25 28.8466 1.6761 -.25 28.7599 1.2295 -.25 30.1994
3 15 1.9308 -.25 30.1342 1.2295 -.25 30.1994 1.6761 -.25 28.7599
3 27 1.0366 -.25 32.9581 1 -.25 32.9344 1 -.25 30.3056
4 27 1.0366 -.25 32.9581 1 -.25 30.3056 1.2295 -.25 30.1994 1.8264 -.25 31.6272
3 27 1.0937 -.25 25.9152 1 -.25 28.8466 1 -.25 25.9272
4 27 1.6761 -.25 28.7599 1 -.25 28.8466 1.0937 -.25 25.9152 1.7707 -.25 26.0506
4 27 2.3369 -.25 26.3886 2.2645 -.25 28.4622 1.6761 -.25 28.7599 1.7707 -.25 26.0506
3 27 2.6668 -.25 28 2.2645 -.25 28.4622 2.3369 -.25 26.3886
4 27 2.6668 -.25 28 2.3369 -.25 26.3886 2.706 -.25 26.8777 2.8218 -.25 27.4436
4 27 1 -.25 24.5396 1 -.25 22.1101 1.3774 -.25 22.3179 1.3774 -.25 24.3318
4 27 1.3774 -.25 24.3318 1.3774 -.25 22.3179 1.752 -.25 22.7799 1.752 -.25 23.8698
3 27 1.8835 -.25 23.3248 1.752 -.25 23.8698 1.752 -.25 22.7799
3 15 13 -.25 20 10.4993 -.25 21.971 10.3248 -.25 21.7557
3 15 13 -.25 20 10.5606 -.25 22.2248 10.4993 -.25 21.971
4 15 11.2042 -.25 25.9403 10.9066 -.25 25.7764 10.4993 -.25 22.4787 10.5606 -.25 22.2248
4 15 11.4729 -.25 26.4748 11.4031 -.25 26.1855 10.5606 -.25 22.2248 13 -.25 20
3 15 11.4031 -.25 26.1855 11.2042 -.25 25.9403 10.5606 -.25 22.2248
3 15 13 -.25 20 10 -.25 40 11.4729 -.25 26.4748
4 15 10 -.25 40 13 -.25 20 17.9208 -.25 -6.5 4.3921 -.25 78.894
3 15 9.1863 -.25 21.7557 5.5754 -.25 21.89 5.1055 -.25 21.813
3 15 9.1863 -.25 21.7557 5.9737 -.25 22.1094 5.5754 -.25 21.89
4 15 6.2399 -.25 22.4376 5.9737 -.25 22.1094 9.1863 -.25 21.7557 9.0118 -.25 21.971
3 15 9.0118 -.25 21.971 8.9505 -.25 22.2248 6.2399 -.25 22.4376
4 4 9.0323 -.25 75.2204 4.3921 -.25 78.894 17.9208 -.25 -6.5 21.9211 -.25 -6.5
4 15 -1.2362 -.25 55.8373 -.5311 -.25 54.2261 -.3055 -.25 55.6142 -.6036 -.25 56.2975
3 15 -.6036 -.25 56.2975 -.7175 -.25 56.635 -1.2362 -.25 55.8373
4 27 1.9411 -.25 47.2085 2.1601 -.25 49.4543 1.5449 -.25 50.0273 1.2171 -.25 46.6661
4 15 4.2765 -.25 46.5238 3.5988 -.25 46.8092 3.1605 -.25 45.2308 3.9032 -.25 45.4341
4 15 6.8906 -.25 -3.5797 6.6062 -.25 -4.0344 6.8867 -.25 -4.1578 7.1932 -.25 -4.1645
4 15 6.8906 -.25 -3.5797 6.2832 -.25 -3.5273 6.3942 -.25 -3.813 6.6062 -.25 -4.0344
4 15 15.0213 -.25 -2.7235 15.2427 -.25 -2.5115 14.8199 -.25 -2.1816 14.7356 -.25 -2.8346
4 15 15.3661 -.25 -2.231 15.3728 -.25 -1.9246 14.8199 -.25 -2.1816 15.2427 -.25 -2.5115
4 15 6.8906 -.25 -3.5797 7.1932 -.25 -4.1645 14.7356 -.25 -2.8346 14.8199 -.25 -2.1816
3 15 7.5211 -.25 -1.9531 7.4324 -.25 -1.4502 7.123 -.25 -1.5048
4 15 7.7052 -.25 -2.9974 7.6166 -.25 -2.4946 7.123 -.25 -1.5048 7.3958 -.25 -3.052
3 15 7.6166 -.25 -2.4946 7.5211 -.25 -1.9531 7.123 -.25 -1.5048
4 15 9.4937 -.25 -1.6052 7.5211 -.25 -1.9531 7.6166 -.25 -2.4946 9.5892 -.25 -2.1467
4 15 6.9525 -.25 -.5378 7.2619 -.25 -.4832 7.1869 -.25 -.0578 6.8093 -.25 .2745
4 15 7.1885 -.25 .0189 6.8126 -.25 .4276 6.8093 -.25 .2745 7.1869 -.25 -.0578
4 15 6.8126 -.25 .4276 7.1885 -.25 .0189 7.2194 -.25 .089 6.8744 -.25 .5679
4 15 7.2748 -.25 .142 6.9851 -.25 .6739 6.8744 -.25 .5679 7.2194 -.25 .089
4 15 7.1279 -.25 .7295 6.9851 -.25 .6739 7.2748 -.25 .142 7.3462 -.25 .1697
4 15 8.1075 -.25 .656 8.0016 -.25 .7667 7.8411 -.25 .1986 7.8941 -.25 .1433
4 15 7.7709 -.25 .2295 7.8411 -.25 .1986 8.0016 -.25 .7667 7.8613 -.25 .8284
4 15 7.708 -.25 .8318 7.6943 -.25 .2311 7.7709 -.25 .2295 7.8613 -.25 .8284
4 15 7.1279 -.25 .7295 7.3462 -.25 .1697 7.6943 -.25 .2311 7.708 -.25 .8318
4 15 8.3063 -.25 -.2991 8.2449 -.25 .049 7.9218 -.25 .0718 7.9968 -.25 -.3537
4 15 8.1075 -.25 .656 8.2449 -.25 .049 9.1118 -.25 .5608 9.0095 -.25 1.141
4 15 7.8941 -.25 .1433 7.9218 -.25 .0718 8.2449 -.25 .049 8.1075 -.25 .656
4 15 6.793 -.25 2.2623 6.4171 -.25 2.671 6.4137 -.25 2.5179 6.7913 -.25 2.1856
4 15 6.8238 -.25 2.3324 6.4788 -.25 2.8113 6.4171 -.25 2.671 6.793 -.25 2.2623
4 15 6.4788 -.25 2.8113 6.8238 -.25 2.3324 6.8792 -.25 2.3854 6.5895 -.25 2.9173
4 15 6.7323 -.25 2.9729 6.5895 -.25 2.9173 6.8792 -.25 2.3854 6.9506 -.25 2.4131
4 15 6.6047 -.25 1.4348 6.6602 -.25 1.292 6.8736 -.25 1.8048 6.8459 -.25 1.8762
3 15 6.8736 -.25 1.8048 6.6602 -.25 1.292 6.7662 -.25 1.1813
4 15 6.8736 -.25 1.8048 6.7662 -.25 1.1813 6.9065 -.25 1.1196 6.9266 -.25 1.7494
3 15 6.9968 -.25 1.7185 6.9266 -.25 1.7494 6.9065 -.25 1.1196
4 15 7.0596 -.25 1.1163 7.0734 -.25 1.7169 6.9968 -.25 1.7185 6.9065 -.25 1.1196
4 15 6.6047 -.25 1.4348 6.8459 -.25 1.8762 6.7913 -.25 2.1856 6.4137 -.25 2.5179
4 15 7.4921 -.25 2.5086 7.6149 -.25 1.8124 7.9243 -.25 1.8669 7.8016 -.25 2.5632
3 15 7.2619 -.25 -.4832 6.9525 -.25 -.5378 7.048 -.25 -1.0793
3 15 7.9968 -.25 -.3537 7.2619 -.25 -.4832 7.048 -.25 -1.0793
4 15 9.33 -.25 -.6769 8.3063 -.25 -.2991 7.9968 -.25 -.3537 7.048 -.25 -1.0793
3 15 9.33 -.25 -.6769 9.2346 -.25 -.1354 8.3063 -.25 -.2991
3 15 7.6149 -.25 1.8124 7.0734 -.25 1.7169 7.0596 -.25 1.1163
3 15 7.9243 -.25 1.8669 7.6149 -.25 1.8124 7.0596 -.25 1.1163
4 15 8.9549 -.25 1.4504 8.8526 -.25 2.0306 7.9243 -.25 1.8669 7.0596 -.25 1.1163
4 15 8.6276 -.25 3.3071 6.7323 -.25 2.9729 7.8016 -.25 2.5632 8.7299 -.25 2.7269
3 15 7.8016 -.25 2.5632 6.7323 -.25 2.9729 7.4921 -.25 2.5086
3 15 7.4921 -.25 2.5086 6.7323 -.25 2.9729 6.9506 -.25 2.4131
3 15 8.2729 -.25 5.3184 6.2568 -.25 3.4075 7.0123 -.25 4.099
4 15 6.2568 -.25 3.4075 8.2729 -.25 5.3184 7.2058 -.25 4.8112 6.1613 -.25 3.949
4 15 7.0123 -.25 4.099 6.2568 -.25 3.4075 8.5389 -.25 3.8099 8.4434 -.25 4.3514
4 15 8.2729 -.25 5.3184 5.9499 -.25 5.1481 6.0454 -.25 4.6065 7.2058 -.25 4.8112
3 15 8.2729 -.25 5.3184 8.232 -.25 5.5505 5.9499 -.25 5.1481
3 0 9.5892 -.25 -2.1467 7.6166 -.25 -2.4946 7.7052 -.25 -2.9974
4 0 9.4937 -.25 -1.6052 9.33 -.25 -.6769 7.4324 -.25 -1.4502 7.5211 -.25 -1.9531
4 0 7.4324 -.25 -1.4502 9.33 -.25 -.6769 7.048 -.25 -1.0793 7.123 -.25 -1.5048
4 0 7.9968 -.25 -.3537 7.9218 -.25 .0718 7.1869 -.25 -.0578 7.2619 -.25 -.4832
4 0 7.1869 -.25 -.0578 7.9218 -.25 .0718 7.8941 -.25 .1433 7.1885 -.25 .0189
4 0 7.2194 -.25 .089 7.1885 -.25 .0189 7.8941 -.25 .1433 7.8411 -.25 .1986
4 0 7.2194 -.25 .089 7.8411 -.25 .1986 7.7709 -.25 .2295 7.2748 -.25 .142
4 0 7.3462 -.25 .1697 7.2748 -.25 .142 7.7709 -.25 .2295 7.6943 -.25 .2311
4 0 8.2449 -.25 .049 8.3063 -.25 -.2991 9.2346 -.25 -.1354 9.1118 -.25 .5608
4 0 8.0016 -.25 .7667 8.1075 -.25 .656 9.0095 -.25 1.141 8.9549 -.25 1.4504
3 0 8.9549 -.25 1.4504 7.8613 -.25 .8284 8.0016 -.25 .7667
4 0 8.9549 -.25 1.4504 7.0596 -.25 1.1163 7.708 -.25 .8318 7.8613 -.25 .8284
4 0 6.8093 -.25 .2745 6.8126 -.25 .4276 6.6602 -.25 1.292 6.6047 -.25 1.4348
4 0 6.7662 -.25 1.1813 6.6602 -.25 1.292 6.8126 -.25 .4276 6.8744 -.25 .5679
3 0 6.9851 -.25 .6739 6.7662 -.25 1.1813 6.8744 -.25 .5679
4 0 7.1279 -.25 .7295 6.9065 -.25 1.1196 6.7662 -.25 1.1813 6.9851 -.25 .6739
4 0 7.708 -.25 .8318 7.0596 -.25 1.1163 6.9065 -.25 1.1196 7.1279 -.25 .7295
3 0 6.9266 -.25 1.7494 6.8459 -.25 1.8762 6.8736 -.25 1.8048
4 0 6.9266 -.25 1.7494 6.9968 -.25 1.7185 6.7913 -.25 2.1856 6.8459 -.25 1.8762
3 0 7.0734 -.25 1.7169 6.7913 -.25 2.1856 6.9968 -.25 1.7185
4 0 7.4921 -.25 2.5086 6.9506 -.25 2.4131 6.7913 -.25 2.1856 7.0734 -.25 1.7169
4 0 6.7913 -.25 2.1856 6.9506 -.25 2.4131 6.8792 -.25 2.3854 6.793 -.25 2.2623
3 0 6.8792 -.25 2.3854 6.8238 -.25 2.3324 6.793 -.25 2.2623
3 0 7.6149 -.25 1.8124 7.4921 -.25 2.5086 7.0734 -.25 1.7169
4 0 8.8526 -.25 2.0306 8.7299 -.25 2.7269 7.8016 -.25 2.5632 7.9243 -.25 1.8669
3 0 6.4171 -.25 2.671 5.9426 -.25 1.7967 6.4137 -.25 2.5179
4 0 6.4788 -.25 2.8113 6.2568 -.25 3.4075 5.9426 -.25 1.7967 6.4171 -.25 2.671
3 0 6.5895 -.25 2.9173 6.2568 -.25 3.4075 6.4788 -.25 2.8113
3 0 6.7323 -.25 2.9729 6.2568 -.25 3.4075 6.5895 -.25 2.9173
4 0 8.5389 -.25 3.8099 6.2568 -.25 3.4075 6.7323 -.25 2.9729 8.6276 -.25 3.3071
3 0 7.2058 -.25 4.8112 6.0454 -.25 4.6065 6.1613 -.25 3.949
4 15 5.6225 -.25 7.0047 6.0002 -.25 6.6724 6.0018 -.25 6.7491 5.6259 -.25 7.1579
3 15 6.0018 -.25 6.7491 5.6876 -.25 7.2982 5.6259 -.25 7.1579
3 15 6.088 -.25 6.8722 5.7983 -.25 7.4042 6.0327 -.25 6.8192
4 15 6.0018 -.25 6.7491 6.0327 -.25 6.8192 5.7983 -.25 7.4042 5.6876 -.25 7.2982
4 15 5.9411 -.25 7.4597 5.7983 -.25 7.4042 6.088 -.25 6.8722 6.1595 -.25 6.8999
4 15 5.8135 -.25 5.9216 5.8691 -.25 5.7789 6.0825 -.25 6.2916 6.0547 -.25 6.363
3 15 6.0825 -.25 6.2916 5.8691 -.25 5.7789 5.9751 -.25 5.6682
4 15 6.0825 -.25 6.2916 5.9751 -.25 5.6682 6.1153 -.25 5.6064 6.1355 -.25 6.2362
3 15 6.2056 -.25 6.2054 6.1355 -.25 6.2362 6.1153 -.25 5.6064
4 15 6.2056 -.25 6.2054 6.1153 -.25 5.6064 6.2685 -.25 5.6031 6.2822 -.25 6.2037
4 15 5.8135 -.25 5.9216 6.0547 -.25 6.363 6.0002 -.25 6.6724 5.6225 -.25 7.0047
4 0 6.2056 -.25 6.2054 6.0547 -.25 6.363 6.0825 -.25 6.2916 6.1355 -.25 6.2362
3 0 6.2056 -.25 6.2054 6.0002 -.25 6.6724 6.0547 -.25 6.363
4 0 6.2056 -.25 6.2054 6.2822 -.25 6.2037 6.088 -.25 6.8722 6.0002 -.25 6.6724
4 0 6.4756 -.25 6.2378 6.1595 -.25 6.8999 6.088 -.25 6.8722 6.2822 -.25 6.2037
4 0 6.0018 -.25 6.7491 6.0002 -.25 6.6724 6.088 -.25 6.8722 6.0327 -.25 6.8192
4 15 5.9411 -.25 7.4597 6.1595 -.25 6.8999 6.3142 -.25 6.9272 6.2119 -.25 7.5074
4 15 7.6356 -.25 7.0371 7.6634 -.25 6.9657 7.9046 -.25 7.4071 7.8491 -.25 7.5499
4 15 7.8491 -.25 7.5499 7.7431 -.25 7.6606 7.5826 -.25 7.0925 7.6356 -.25 7.0371
4 15 7.5125 -.25 7.1234 7.5826 -.25 7.0925 7.7431 -.25 7.6606 7.6029 -.25 7.7224
4 15 7.5125 -.25 7.1234 7.6029 -.25 7.7224 7.4496 -.25 7.7257 7.4359 -.25 7.125
3 15 8.0956 -.25 6.324 7.7163 -.25 6.5796 7.6854 -.25 6.5095
4 15 8.0956 -.25 6.324 7.6854 -.25 6.5095 7.6301 -.25 6.4565 8.0923 -.25 6.1709
3 15 8.0923 -.25 6.1709 7.6301 -.25 6.4565 8.0306 -.25 6.0306
4 15 7.6301 -.25 6.4565 7.777 -.25 5.869 7.9199 -.25 5.9246 8.0306 -.25 6.0306
4 15 7.7163 -.25 6.5796 8.0956 -.25 6.324 7.9046 -.25 7.4071 7.718 -.25 6.6563
3 15 7.9046 -.25 7.4071 7.6634 -.25 6.9657 7.718 -.25 6.6563
4 0 7.7163 -.25 6.5796 7.718 -.25 6.6563 7.6301 -.25 6.4565 7.6854 -.25 6.5095
3 0 7.718 -.25 6.6563 7.6634 -.25 6.9657 7.6301 -.25 6.4565
4 0 7.4359 -.25 7.125 7.5587 -.25 6.4288 7.6301 -.25 6.4565 7.6634 -.25 6.9657
4 0 7.5125 -.25 7.1234 7.4359 -.25 7.125 7.6634 -.25 6.9657 7.6356 -.25 7.0371
3 0 7.6356 -.25 7.0371 7.5826 -.25 7.0925 7.5125 -.25 7.1234
4 15 7.5587 -.25 6.4288 7.5836 -.25 5.8349 7.777 -.25 5.869 7.6301 -.25 6.4565
3 15 7.5836 -.25 5.8349 7.5587 -.25 6.4288 7.4813 -.25 6.4151
4 15 6.7089 -.25 7.3489 7.0848 -.25 6.94 7.1157 -.25 7.0102 6.7707 -.25 7.4892
4 15 7.1711 -.25 7.0632 6.8814 -.25 7.5951 6.7707 -.25 7.4892 7.1157 -.25 7.0102
4 15 7.1711 -.25 7.0632 7.2425 -.25 7.0909 7.0242 -.25 7.6506 6.8814 -.25 7.5951
4 15 7.0093 -.25 5.9799 6.6333 -.25 6.3887 6.6024 -.25 6.3186 6.9475 -.25 5.8396
4 15 6.5471 -.25 6.2656 6.8368 -.25 5.7337 6.9475 -.25 5.8396 6.6024 -.25 6.3186
4 15 6.694 -.25 5.6781 6.8368 -.25 5.7337 6.5471 -.25 6.2656 6.4756 -.25 6.2378
4 0 6.5471 -.25 6.2656 6.6024 -.25 6.3186 6.6333 -.25 6.3887 6.3142 -.25 6.9272
4 15 6.4756 -.25 6.2378 6.2822 -.25 6.2037 6.2685 -.25 5.6031 6.694 -.25 5.6781
4 15 7.2425 -.25 7.0909 7.4359 -.25 7.125 7.4496 -.25 7.7257 7.0242 -.25 7.6506
4 15 6.7089 -.25 7.3489 6.6333 -.25 6.3887 7.0093 -.25 5.9799 7.0848 -.25 6.94
4 0 6.1595 -.25 6.8999 6.4756 -.25 6.2378 6.5471 -.25 6.2656 6.3142 -.25 6.9272
4 0 6.3142 -.25 6.9272 6.6333 -.25 6.3887 6.7089 -.25 7.3489 6.2119 -.25 7.5074
3 0 6.7707 -.25 7.4892 6.2119 -.25 7.5074 6.7089 -.25 7.3489
3 0 7.5836 -.25 5.8349 6.9475 -.25 5.8396 6.8368 -.25 5.7337
4 0 7.5836 -.25 5.8349 7.4813 -.25 6.4151 7.0093 -.25 5.9799 6.9475 -.25 5.8396
4 0 7.2425 -.25 7.0909 7.1711 -.25 7.0632 7.0093 -.25 5.9799 7.4813 -.25 6.4151
4 0 7.1157 -.25 7.0102 7.0848 -.25 6.94 7.0093 -.25 5.9799 7.1711 -.25 7.0632
4 0 7.4813 -.25 6.4151 7.5587 -.25 6.4288 7.4359 -.25 7.125 7.2425 -.25 7.0909
4 0 5.9751 -.25 5.6682 5.8691 -.25 5.7789 5.2606 -.25 5.6646 5.9499 -.25 5.1481
3 0 5.8691 -.25 5.7789 5.8135 -.25 5.9216 5.2606 -.25 5.6646
3 0 6.1153 -.25 5.6064 5.9751 -.25 5.6682 5.9499 -.25 5.1481
3 0 6.2685 -.25 5.6031 6.1153 -.25 5.6064 5.9499 -.25 5.1481
3 0 6.694 -.25 5.6781 6.2685 -.25 5.6031 5.9499 -.25 5.1481
4 0 6.694 -.25 5.6781 5.9499 -.25 5.1481 7.5836 -.25 5.8349 6.8368 -.25 5.7337
3 0 7.777 -.25 5.869 7.5836 -.25 5.8349 5.9499 -.25 5.1481
4 0 5.9499 -.25 5.1481 8.232 -.25 5.5505 7.9199 -.25 5.9246 7.777 -.25 5.869
3 0 8.232 -.25 5.5505 8.0306 -.25 6.0306 7.9199 -.25 5.9246
3 0 8.232 -.25 5.5505 8.0923 -.25 6.1709 8.0306 -.25 6.0306
4 0 8.3685 -.25 5.4549 8.0956 -.25 6.324 8.0923 -.25 6.1709 8.232 -.25 5.5505
4 15 5.795 -.25 13.353 5.9904 -.25 13.3229 5.9904 -.25 13.718 5.6293 -.25 13.4387
3 15 6.1858 -.25 13.353 5.9904 -.25 13.718 5.9904 -.25 13.3229
4 15 5.9904 -.25 13.718 6.1858 -.25 13.353 6.3514 -.25 13.4386 6.4621 -.25 13.5668
4 15 6.5009 -.25 13.718 6.4621 -.25 13.8692 5.9904 -.25 13.718 6.4621 -.25 13.5668
4 15 6.3514 -.25 13.9974 6.1858 -.25 14.0831 5.9904 -.25 13.718 6.4621 -.25 13.8692
4 15 5.9904 -.25 14.1132 5.795 -.25 14.0831 5.9904 -.25 13.718 6.1858 -.25 14.0831
4 15 5.795 -.25 14.0831 5.6293 -.25 13.9974 5.4798 -.25 13.718 5.9904 -.25 13.718
3 15 5.6293 -.25 13.9974 5.5186 -.25 13.8693 5.4798 -.25 13.718
4 15 5.5187 -.25 13.5668 5.6293 -.25 13.4387 5.9904 -.25 13.718 5.4798 -.25 13.718
3 0 5.5962 -.25 13.068 5.3256 -.25 13.4929 5.4187 -.25 13.2536
4 0 5.3256 -.25 13.4929 5.5187 -.25 13.5668 5.4798 -.25 13.718 5.3312 -.25 13.7497
4 0 5.4798 -.25 13.718 5.5186 -.25 13.8693 5.4346 -.25 13.9848 5.3312 -.25 13.7497
4 0 5.5186 -.25 13.8693 5.6293 -.25 13.9974 5.6201 -.25 14.1624 5.4346 -.25 13.9848
4 0 5.6201 -.25 14.1624 5.6293 -.25 13.9974 5.795 -.25 14.0831 5.8595 -.25 14.2555
3 0 5.9904 -.25 14.1132 5.8595 -.25 14.2555 5.795 -.25 14.0831
4 0 5.9904 -.25 14.1132 6.1858 -.25 14.0831 6.1163 -.25 14.2499 5.8595 -.25 14.2555
4 0 6.3514 -.25 14.1465 6.1163 -.25 14.2499 6.1858 -.25 14.0831 6.3514 -.25 13.9974
4 0 6.3514 -.25 13.9974 6.4621 -.25 13.8692 6.529 -.25 13.9609 6.3514 -.25 14.1465
4 0 6.4621 -.25 13.8692 6.5009 -.25 13.718 6.6221 -.25 13.7216 6.529 -.25 13.9609
4 0 6.5009 -.25 13.718 6.4621 -.25 13.5668 6.6165 -.25 13.4648 6.6221 -.25 13.7216
4 0 6.4621 -.25 13.5668 6.3514 -.25 13.4386 6.5131 -.25 13.2297 6.6165 -.25 13.4648
4 0 6.3514 -.25 13.4386 6.1858 -.25 13.353 6.3275 -.25 13.0521 6.5131 -.25 13.2297
4 0 6.1858 -.25 13.353 5.9904 -.25 13.3229 6.0881 -.25 12.959 6.3275 -.25 13.0521
4 0 5.8314 -.25 12.9646 6.0881 -.25 12.959 5.9904 -.25 13.3229 5.795 -.25 13.353
4 0 5.5962 -.25 13.068 5.8314 -.25 12.9646 5.795 -.25 13.353 5.6293 -.25 13.4387
3 15 5.7984 -.25 11.662 5.0272 -.25 12.6427 5.2228 -.25 11.7599
4 15 5.5962 -.25 13.068 5.0272 -.25 12.6427 5.7984 -.25 11.662 6.5584 -.25 12.5538
3 15 6.5584 -.25 12.5538 6.0881 -.25 12.959 5.8314 -.25 12.9646
3 15 6.5584 -.25 12.5538 6.3275 -.25 13.0521 6.0881 -.25 12.959
4 15 7.671 -.25 12.3511 7.9395 -.25 12.6377 6.3275 -.25 13.0521 6.5584 -.25 12.5538
4 15 7.5005 -.25 13.3181 6.5131 -.25 13.2297 6.3275 -.25 13.0521 7.9395 -.25 12.6377
4 15 6.5131 -.25 13.2297 7.5005 -.25 13.3181 8.1331 -.25 14.0279 6.6165 -.25 13.4648
3 15 8.1331 -.25 14.0279 8.0535 -.25 14.2531 7.0524 -.25 14.276
4 15 6.6165 -.25 13.4648 8.1331 -.25 14.0279 7.0524 -.25 14.276 6.6221 -.25 13.7216
3 15 7.0524 -.25 14.276 6.529 -.25 13.9609 6.6221 -.25 13.7216
4 15 7.0524 -.25 14.276 6.7726 -.25 14.5058 6.3514 -.25 14.1465 6.529 -.25 13.9609
4 15 6.1163 -.25 14.2499 6.3514 -.25 14.1465 6.7726 -.25 14.5058 6.6589 -.25 14.9245
4 15 6.238 -.25 15.0497 5.8595 -.25 14.2555 6.1163 -.25 14.2499 6.6589 -.25 14.9245
4 15 5.5144 -.25 14.4036 5.6201 -.25 14.1624 5.8595 -.25 14.2555 6.238 -.25 15.0497
3 15 5.6201 -.25 14.1624 5.5144 -.25 14.4036 4.577 -.25 14.5175
4 15 5.6201 -.25 14.1624 4.577 -.25 14.5175 4.3017 -.25 14.2696 5.4346 -.25 13.9848
4 15 4.6747 -.25 13.7371 5.3312 -.25 13.7497 5.4346 -.25 13.9848 4.3017 -.25 14.2696
3 15 6.5584 -.25 12.5538 5.8314 -.25 12.9646 5.5962 -.25 13.068
3 15 5.5962 -.25 13.068 5.4187 -.25 13.2536 5.0272 -.25 12.6427
4 15 5.0272 -.25 12.6427 5.4187 -.25 13.2536 5.3256 -.25 13.4929 4.6747 -.25 13.7371
3 15 5.3312 -.25 13.7497 4.6747 -.25 13.7371 5.3256 -.25 13.4929
4 15 3.8965 -.25 12.7225 5.0272 -.25 12.6427 4.6747 -.25 13.7371 3.8237 -.25 12.9091
4 15 5.6275 -.25 9.9169 6.1849 -.25 9.6962 5.8393 -.25 11.4299 5.2637 -.25 11.5278
4 15 8.8989 -.25 11.7696 8.6974 -.25 11.6125 9.2498 -.25 11.3134 9.1539 -.25 11.8572
4 15 8.833 -.25 10.8434 9.2498 -.25 11.3134 8.6974 -.25 11.6125 8.5644 -.25 11.1925
3 15 8.6974 -.25 11.6125 8.5799 -.25 11.4098 8.5644 -.25 11.1925
3 15 8.833 -.25 10.8434 8.5644 -.25 11.1925 8.6532 -.25 10.9936
4 15 9.2498 -.25 11.3134 8.833 -.25 10.8434 9.0761 -.25 10.7647 9.3457 -.25 10.7696
4 0 9.0335 -.25 10.6341 9.0761 -.25 10.7647 8.833 -.25 10.8434 8.7315 -.25 10.7313
3 0 8.6532 -.25 10.9936 8.5083 -.25 10.9171 8.5759 -.25 10.716
4 0 8.5759 -.25 10.716 8.7315 -.25 10.7313 8.833 -.25 10.8434 8.6532 -.25 10.9936
4 0 8.5644 -.25 11.1925 8.3981 -.25 11.1632 8.5083 -.25 10.9171 8.6532 -.25 10.9936
4 0 8.3981 -.25 11.1632 8.5644 -.25 11.1925 8.5799 -.25 11.4098 8.4175 -.25 11.4322
4 0 8.5637 -.25 11.6831 8.4175 -.25 11.4322 8.5799 -.25 11.4098 8.6974 -.25 11.6125
4 0 8.8143 -.25 11.8777 8.5637 -.25 11.6831 8.6974 -.25 11.6125 8.8989 -.25 11.7696
4 0 8.8989 -.25 11.7696 9.1539 -.25 11.8572 9.1311 -.25 11.9864 8.8143 -.25 11.8777
4 0 9.3457 -.25 10.7696 9.0761 -.25 10.7647 9.0335 -.25 10.6341 9.3685 -.25 10.6404
4 15 9.2498 -.25 11.3134 9.3457 -.25 10.7696 9.6007 -.25 10.8572 9.8023 -.25 11.0143
4 15 9.2498 -.25 11.3134 9.6667 -.25 11.7834 9.4235 -.25 11.8621 9.1539 -.25 11.8572
4 15 9.8464 -.25 11.6332 9.6667 -.25 11.7834 9.2498 -.25 11.3134 9.9352 -.25 11.4342
4 15 9.2498 -.25 11.3134 9.8023 -.25 11.0143 9.9198 -.25 11.217 9.9352 -.25 11.4342
4 0 9.8023 -.25 11.0143 9.6007 -.25 10.8572 9.6854 -.25 10.7491 9.936 -.25 10.9437
3 0 10.0874 -.25 10.9825 10.0821 -.25 11.1946 9.9198 -.25 11.217
4 0 9.8023 -.25 11.0143 9.936 -.25 10.9437 10.0874 -.25 10.9825 9.9198 -.25 11.217
4 0 10.0821 -.25 11.1946 10.1015 -.25 11.4636 9.9352 -.25 11.4342 9.9198 -.25 11.217
4 0 10.1015 -.25 11.4636 9.9913 -.25 11.7097 9.8464 -.25 11.6332 9.9352 -.25 11.4342
4 0 9.8464 -.25 11.6332 9.9913 -.25 11.7097 9.7681 -.25 11.8955 9.6667 -.25 11.7834
4 0 9.4661 -.25 11.9927 9.4235 -.25 11.8621 9.6667 -.25 11.7834 9.7681 -.25 11.8955
4 0 9.1311 -.25 11.9864 9.1539 -.25 11.8572 9.4235 -.25 11.8621 9.4661 -.25 11.9927
4 0 9.3457 -.25 10.7696 9.3685 -.25 10.6404 9.6854 -.25 10.7491 9.6007 -.25 10.8572
4 0 9.1348 -.25 10.2744 9.4316 -.25 10.2822 9.4064 -.25 10.4253 9.1716 -.25 10.4172
4 0 8.868 -.25 10.3541 9.1348 -.25 10.2744 9.1716 -.25 10.4172 8.9611 -.25 10.4748
4 0 8.8071 -.25 10.5895 8.6717 -.25 10.5091 8.868 -.25 10.3541 8.9611 -.25 10.4748
4 0 8.6717 -.25 10.5091 8.8071 -.25 10.5895 8.7315 -.25 10.7313 8.5759 -.25 10.716
4 0 9.6299 -.25 10.498 9.4064 -.25 10.4253 9.4316 -.25 10.2822 9.7133 -.25 10.3764
4 0 9.7133 -.25 10.3764 9.9367 -.25 10.5425 9.8079 -.25 10.6241 9.6299 -.25 10.498
4 0 9.9135 -.25 10.7846 9.8079 -.25 10.6241 9.9367 -.25 10.5425 10.0682 -.25 10.7554
4 0 10.0682 -.25 10.7554 10.0874 -.25 10.9825 9.936 -.25 10.9437 9.9135 -.25 10.7846
3 15 9.0335 -.25 10.6341 8.7315 -.25 10.7313 8.8071 -.25 10.5895
4 15 8.9611 -.25 10.4748 9.1716 -.25 10.4172 9.0335 -.25 10.6341 8.8071 -.25 10.5895
4 15 9.3685 -.25 10.6404 9.0335 -.25 10.6341 9.1716 -.25 10.4172 9.4064 -.25 10.4253
3 15 9.6854 -.25 10.7491 9.3685 -.25 10.6404 9.4064 -.25 10.4253
4 15 9.4064 -.25 10.4253 9.6299 -.25 10.498 9.8079 -.25 10.6241 9.6854 -.25 10.7491
4 15 9.6854 -.25 10.7491 9.8079 -.25 10.6241 9.9135 -.25 10.7846 9.936 -.25 10.9437
4 15 7.7321 -.25 9.969 7.5681 -.25 8.8632 8.1505 -.25 8.7266 9.0607 -.25 9.4455
4 15 7.7321 -.25 9.969 7.4569 -.25 11.077 6.5081 -.25 10.3514 6.5558 -.25 10.0806
4 15 7.4569 -.25 11.077 8.1146 -.25 11.871 6.9588 -.25 11.8666 6.9291 -.25 11.5822
4 15 8.1146 -.25 11.871 9.4866 -.25 12.2325 8.6812 -.25 12.7286 8.4173 -.25 12.6422
3 15 10.6966 -.25 9.8935 9.998 -.25 8.6536 10.5008 -.25 8.7422
4 15 10.6966 -.25 9.8935 11.8593 -.25 9.8592 12.0049 -.25 10.164 11.1586 -.25 10.8922
4 15 11.1586 -.25 10.8922 11.8436 -.25 11.5315 11.8095 -.25 11.7248 10.5877 -.25 11.8684
4 15 10.5877 -.25 11.8684 10.5491 -.25 12.5395 10.1988 -.25 12.7171 9.4866 -.25 12.2325
4 15 9.0834 -.25 9.0905 9.2083 -.25 7.4774 9.9818 -.25 6.9358 9.9411 -.25 8.5239
4 15 8.2049 -.25 7.0612 8.5735 -.25 7.0065 8.1528 -.25 8.4877 7.609 -.25 8.6312
3 15 9.4316 -.25 10.2822 9.1348 -.25 10.2744 9.0607 -.25 9.4455
4 15 9.998 -.25 8.6536 10.6966 -.25 9.8935 9.4316 -.25 10.2822 9.0607 -.25 9.4455
3 15 10.6966 -.25 9.8935 9.7133 -.25 10.3764 9.4316 -.25 10.2822
4 15 9.9367 -.25 10.5425 9.7133 -.25 10.3764 10.6966 -.25 9.8935 11.1586 -.25 10.8922
3 15 11.1586 -.25 10.8922 10.0682 -.25 10.7554 9.9367 -.25 10.5425
3 15 11.1586 -.25 10.8922 10.0874 -.25 10.9825 10.0682 -.25 10.7554
4 15 11.1586 -.25 10.8922 10.1015 -.25 11.4636 10.0821 -.25 11.1946 10.0874 -.25 10.9825
4 15 10.1015 -.25 11.4636 11.1586 -.25 10.8922 10.5877 -.25 11.8684 9.9913 -.25 11.7097
4 15 9.7681 -.25 11.8955 9.9913 -.25 11.7097 10.5877 -.25 11.8684 9.4866 -.25 12.2325
3 15 9.7681 -.25 11.8955 9.4866 -.25 12.2325 9.4661 -.25 11.9927
3 15 9.4866 -.25 12.2325 9.1311 -.25 11.9864 9.4661 -.25 11.9927
3 15 9.1348 -.25 10.2744 8.868 -.25 10.3541 9.0607 -.25 9.4455
4 15 8.6717 -.25 10.5091 7.7321 -.25 9.969 9.0607 -.25 9.4455 8.868 -.25 10.3541
3 15 8.6717 -.25 10.5091 8.5759 -.25 10.716 7.7321 -.25 9.969
4 15 8.5083 -.25 10.9171 8.3981 -.25 11.1632 7.7321 -.25 9.969 8.5759 -.25 10.716
4 15 7.4569 -.25 11.077 7.7321 -.25 9.969 8.3981 -.25 11.1632 8.4175 -.25 11.4322
3 15 8.5637 -.25 11.6831 7.4569 -.25 11.077 8.4175 -.25 11.4322
4 15 7.4569 -.25 11.077 8.5637 -.25 11.6831 8.8143 -.25 11.8777 8.1146 -.25 11.871
4 15 9.1311 -.25 11.9864 9.4866 -.25 12.2325 8.1146 -.25 11.871 8.8143 -.25 11.8777
4 15 6.2832 -.25 -3.5273 6.8906 -.25 -3.5797 6.6246 -.25 -2.0712 6.0445 -.25 -2.1735
4 15 6.0445 -.25 -2.1735 6.6246 -.25 -2.0712 5.9426 -.25 1.7967 5.3624 -.25 1.6944
4 15 4.5786 -.25 9.5326 3.9984 -.25 9.4303 4.6804 -.25 5.5623 5.2606 -.25 5.6646
4 15 5.3624 -.25 1.6944 5.9426 -.25 1.7967 5.2606 -.25 5.6646 4.6804 -.25 5.5623
4 0 6.6246 -.25 -2.0712 6.8906 -.25 -3.5797 7.3958 -.25 -3.052 7.123 -.25 -1.5048
3 0 7.123 -.25 -1.5048 7.048 -.25 -1.0793 6.6246 -.25 -2.0712
3 0 7.048 -.25 -1.0793 6.9525 -.25 -.5378 6.6246 -.25 -2.0712
4 0 6.6246 -.25 -2.0712 6.9525 -.25 -.5378 6.8093 -.25 .2745 5.9426 -.25 1.7967
3 0 6.8093 -.25 .2745 6.6047 -.25 1.4348 5.9426 -.25 1.7967
3 0 6.6047 -.25 1.4348 6.4137 -.25 2.5179 5.9426 -.25 1.7967
4 0 5.2606 -.25 5.6646 5.9426 -.25 1.7967 6.2568 -.25 3.4075 6.1613 -.25 3.949
3 0 6.1613 -.25 3.949 6.0454 -.25 4.6065 5.2606 -.25 5.6646
3 0 6.0454 -.25 4.6065 5.9499 -.25 5.1481 5.2606 -.25 5.6646
4 0 5.2606 -.25 5.6646 5.8135 -.25 5.9216 5.6225 -.25 7.0047 4.5786 -.25 9.5326
3 0 5.6259 -.25 7.1579 4.5786 -.25 9.5326 5.6225 -.25 7.0047
4 0 4.5786 -.25 9.5326 5.6259 -.25 7.1579 5.6876 -.25 7.2982 5.6275 -.25 9.9169
3 0 5.7983 -.25 7.4042 5.6275 -.25 9.9169 5.6876 -.25 7.2982
3 0 5.9411 -.25 7.4597 5.6275 -.25 9.9169 5.7983 -.25 7.4042
4 0 5.9411 -.25 7.4597 6.2119 -.25 7.5074 6.1849 -.25 9.6962 5.6275 -.25 9.9169
4 0 6.7707 -.25 7.4892 6.8814 -.25 7.5951 6.1849 -.25 9.6962 6.2119 -.25 7.5074
4 0 6.8814 -.25 7.5951 7.0242 -.25 7.6506 6.5558 -.25 10.0806 6.1849 -.25 9.6962
3 0 6.5558 -.25 10.0806 5.8393 -.25 11.4299 6.1849 -.25 9.6962
4 0 6.5558 -.25 10.0806 6.5081 -.25 10.3514 5.7984 -.25 11.662 5.8393 -.25 11.4299
4 0 6.9291 -.25 11.5822 5.7984 -.25 11.662 6.5081 -.25 10.3514 7.4569 -.25 11.077
4 0 8.1505 -.25 8.7266 7.5681 -.25 8.8632 7.609 -.25 8.6312 8.1528 -.25 8.4877
4 0 7.8491 -.25 7.5499 7.9046 -.25 7.4071 8.2049 -.25 7.0612 7.609 -.25 8.6312
3 0 7.8491 -.25 7.5499 7.609 -.25 8.6312 7.7431 -.25 7.6606
3 0 7.7431 -.25 7.6606 7.609 -.25 8.6312 7.6029 -.25 7.7224
3 0 7.609 -.25 8.6312 7.4496 -.25 7.7257 7.6029 -.25 7.7224
4 0 7.0242 -.25 7.6506 7.4496 -.25 7.7257 7.609 -.25 8.6312 7.5681 -.25 8.8632
4 0 6.5558 -.25 10.0806 7.0242 -.25 7.6506 7.5681 -.25 8.8632 7.7321 -.25 9.969
4 0 5.7984 -.25 11.662 5.2228 -.25 11.7599 5.2637 -.25 11.5278 5.8393 -.25 11.4299
4 0 6.9588 -.25 11.8666 6.5584 -.25 12.5538 5.7984 -.25 11.662 6.9291 -.25 11.5822
4 0 7.671 -.25 12.3511 8.1146 -.25 11.871 8.4173 -.25 12.6422 7.9395 -.25 12.6377
4 0 7.671 -.25 12.3511 6.5584 -.25 12.5538 6.9588 -.25 11.8666 8.1146 -.25 11.871
4 15 3.7505 -.25 10.3836 3.9984 -.25 9.4303 4.5786 -.25 9.5326 4.3421 -.25 10.6474
4 15 3.7505 -.25 10.3836 4.3421 -.25 10.6474 4.0897 -.25 11.4006 3.4594 -.25 11.1299
4 15 3.4594 -.25 11.1299 4.0897 -.25 11.4006 3.8645 -.25 11.999 3.1364 -.25 11.8307
4 15 3.6211 -.25 12.4745 2.9181 -.25 12.3904 3.1364 -.25 11.8307 3.8645 -.25 11.999
4 15 2.8112 -.25 12.7704 2.9181 -.25 12.3904 3.6211 -.25 12.4745 3.5142 -.25 12.8545
4 15 3.3301 -.25 13.8988 2.991 -.25 13.5599 2.8112 -.25 12.7704 3.5142 -.25 12.8545
3 15 2.991 -.25 13.5599 2.8386 -.25 13.2937 2.8112 -.25 12.7704
3 15 3.537 -.25 13.1776 3.3301 -.25 13.8988 3.5142 -.25 12.8545
3 15 3.8829 -.25 13.4779 3.3301 -.25 13.8988 3.537 -.25 13.1776
4 15 3.3301 -.25 13.8988 3.8829 -.25 13.4779 4.3198 -.25 13.7144 4.0764 -.25 14.19
4 15 4.0764 -.25 14.19 3.3552 -.25 14.661 3.3074 -.25 14.2538 3.3301 -.25 13.8988
4 15 3.3552 -.25 14.661 4.0764 -.25 14.19 4.0673 -.25 14.4675 3.5646 -.25 15.0569
4 15 4.2266 -.25 14.695 4.0265 -.25 15.3776 3.5646 -.25 15.0569 4.0673 -.25 14.4675
4 15 4.4838 -.25 14.8201 4.5612 -.25 15.5118 4.0265 -.25 15.3776 4.2266 -.25 14.695
3 15 5.1368 -.25 15.4139 4.8843 -.25 15.489 4.5612 -.25 15.5118
4 15 4.4838 -.25 14.8201 4.8319 -.25 14.8815 5.1368 -.25 15.4139 4.5612 -.25 15.5118
4 15 5.1368 -.25 15.4139 4.8319 -.25 14.8815 5.453 -.25 14.7518 5.7534 -.25 15.0839
4 15 5.4508 -.25 15.6687 5.1368 -.25 15.4139 5.7534 -.25 15.0839 5.7785 -.25 15.8461
4 15 5.7785 -.25 15.8461 5.7534 -.25 15.0839 6.0742 -.25 15.3 6.1585 -.25 15.953
4 15 6.1585 -.25 15.953 6.0742 -.25 15.3 6.3836 -.25 15.3546 6.5521 -.25 15.9825
4 15 6.668 -.25 15.3249 6.9206 -.25 15.9278 6.5521 -.25 15.9825 6.3836 -.25 15.3546
4 15 7.2391 -.25 15.7048 6.9206 -.25 15.9278 6.668 -.25 15.3249 6.85 -.25 15.1975
4 15 6.85 -.25 15.1975 7.5531 -.25 15.2816 7.4348 -.25 15.5 7.2391 -.25 15.7048
4 15 6.8978 -.25 14.9267 7.0479 -.25 14.7538 7.5531 -.25 15.2816 6.85 -.25 15.1975
4 0 4.3421 -.25 10.6474 4.5786 -.25 9.5326 5.6275 -.25 9.9169 5.2637 -.25 11.5278
4 0 4.0897 -.25 11.4006 4.3421 -.25 10.6474 5.2637 -.25 11.5278 5.2228 -.25 11.7599
4 0 5.2228 -.25 11.7599 5.0272 -.25 12.6427 3.8965 -.25 12.7225 4.0897 -.25 11.4006
3 0 4.0897 -.25 11.4006 3.8965 -.25 12.7225 3.8645 -.25 11.999
4 0 3.6211 -.25 12.4745 3.8645 -.25 11.999 3.8965 -.25 12.7225 3.8237 -.25 12.9091
4 0 3.5142 -.25 12.8545 3.6211 -.25 12.4745 3.8237 -.25 12.9091 3.537 -.25 13.1776
3 0 4.3198 -.25 13.7144 3.8829 -.25 13.4779 3.537 -.25 13.1776
4 0 3.537 -.25 13.1776 3.8237 -.25 12.9091 4.6747 -.25 13.7371 4.3198 -.25 13.7144
4 0 4.3198 -.25 13.7144 4.6747 -.25 13.7371 4.3017 -.25 14.2696 4.0764 -.25 14.19
4 0 4.0764 -.25 14.19 4.3017 -.25 14.2696 4.2266 -.25 14.695 4.0673 -.25 14.4675
3 0 4.577 -.25 14.5175 4.2266 -.25 14.695 4.3017 -.25 14.2696
4 0 4.577 -.25 14.5175 4.8319 -.25 14.8815 4.4838 -.25 14.8201 4.2266 -.25 14.695
4 0 4.577 -.25 14.5175 5.5144 -.25 14.4036 5.453 -.25 14.7518 4.8319 -.25 14.8815
4 0 5.453 -.25 14.7518 5.5144 -.25 14.4036 6.238 -.25 15.0497 5.7534 -.25 15.0839
4 0 6.0742 -.25 15.3 5.7534 -.25 15.0839 6.238 -.25 15.0497 6.3836 -.25 15.3546
4 0 6.238 -.25 15.0497 6.6589 -.25 14.9245 6.668 -.25 15.3249 6.3836 -.25 15.3546
4 0 6.85 -.25 15.1975 6.668 -.25 15.3249 6.6589 -.25 14.9245 6.8978 -.25 14.9267
4 0 6.7726 -.25 14.5058 7.0479 -.25 14.7538 6.8978 -.25 14.9267 6.6589 -.25 14.9245
3 0 7.2618 -.25 14.6719 7.0479 -.25 14.7538 6.7726 -.25 14.5058
4 0 6.7726 -.25 14.5058 7.0524 -.25 14.276 7.5848 -.25 14.6491 7.2618 -.25 14.6719
4 0 7.5848 -.25 14.6491 7.0524 -.25 14.276 8.0535 -.25 14.2531 7.7782 -.25 14.6832
3 0 9.0834 -.25 9.0905 8.1528 -.25 8.4877 8.5735 -.25 7.0065
4 0 8.1505 -.25 8.7266 8.1528 -.25 8.4877 9.0834 -.25 9.0905 9.0607 -.25 9.4455
4 0 9.0834 -.25 9.0905 9.9411 -.25 8.5239 9.998 -.25 8.6536 9.0607 -.25 9.4455
3 0 10.5008 -.25 8.7422 9.998 -.25 8.6536 9.9411 -.25 8.5239
4 15 14.4521 -.25 3.2971 13.8719 -.25 3.1948 14.5539 -.25 -.6731 15.1341 -.25 -.5708
4 15 13.1899 -.25 7.0628 13.7701 -.25 7.1651 13.088 -.25 11.033 12.5078 -.25 10.9307
4 15 13.7701 -.25 7.1651 13.1899 -.25 7.0628 13.8719 -.25 3.1948 14.4521 -.25 3.2971
4 15 15.1341 -.25 -.5708 14.5539 -.25 -.6731 14.8199 -.25 -2.1816 15.3728 -.25 -1.9246
4 15 12.5179 -.25 -1.7067 12.4902 -.25 -1.6352 12.1762 -.25 -1.89 12.2317 -.25 -2.0329
4 15 12.2317 -.25 -2.0329 12.3377 -.25 -2.1436 12.5709 -.25 -1.762 12.5179 -.25 -1.7067
4 15 12.3377 -.25 -2.1436 12.478 -.25 -2.2053 12.641 -.25 -1.7929 12.5709 -.25 -1.762
4 15 12.6312 -.25 -2.2086 12.7177 -.25 -1.7945 12.641 -.25 -1.7929 12.478 -.25 -2.2053
4 0 12.5179 -.25 -1.7067 12.5709 -.25 -1.762 12.641 -.25 -1.7929 12.4902 -.25 -1.6352
4 0 12.7177 -.25 -1.7945 12.4765 -.25 -1.5579 12.4902 -.25 -1.6352 12.641 -.25 -1.7929
4 15 12.4782 -.25 -1.4812 12.0977 -.25 -1.2727 12.0943 -.25 -1.4258 12.4765 -.25 -1.5579
4 15 12.1199 -.25 -1.2219 12.0977 -.25 -1.2727 12.4782 -.25 -1.4812 12.509 -.25 -1.4111
4 0 12.6358 -.25 -1.3304 12.5644 -.25 -1.3581 12.509 -.25 -1.4111 12.4782 -.25 -1.4812
4 15 11.9443 -.25 -.5749 12.0261 -.25 -1.0391 12.0817 -.25 -1.1819 12.3401 -.25 -.7843
4 0 12.3679 -.25 -.8557 12.4209 -.25 -.9111 12.491 -.25 -.9419 12.3401 -.25 -.7843
4 15 12.3281 -.25 -.6303 11.9476 -.25 -.4217 11.9443 -.25 -.5749 12.3265 -.25 -.7069
4 15 11.9476 -.25 -.4217 12.3281 -.25 -.6303 12.359 -.25 -.5602 12.0094 -.25 -.2815
4 15 12.0094 -.25 -.2815 12.359 -.25 -.5602 12.4143 -.25 -.5072 12.1201 -.25 -.1755
4 15 12.4143 -.25 -.5072 12.4858 -.25 -.4794 12.2629 -.25 -.1199 12.1201 -.25 -.1755
4 0 12.3281 -.25 -.6303 12.3265 -.25 -.7069 12.4143 -.25 -.5072 12.359 -.25 -.5602
4 0 12.491 -.25 -.9419 12.5676 -.25 -.9436 12.4143 -.25 -.5072 12.3265 -.25 -.7069
4 15 12.1762 -.25 -1.89 12.4902 -.25 -1.6352 12.4765 -.25 -1.5579 12.0943 -.25 -1.4258
3 15 12.3401 -.25 -.7843 12.3265 -.25 -.7069 11.9443 -.25 -.5749
4 15 14.095 -.25 -1.9353 14.1504 -.25 -1.8823 14.1813 -.25 -1.8122 14.1829 -.25 -1.7356
4 15 12.6312 -.25 -2.2086 14.0236 -.25 -1.9631 14.095 -.25 -1.9353 13.9554 -.25 -1.5763
4 15 14.032 -.25 -1.5779 13.9554 -.25 -1.5763 14.095 -.25 -1.9353 14.1829 -.25 -1.7356
4 15 14.1552 -.25 -1.6641 14.1022 -.25 -1.6088 14.032 -.25 -1.5779 14.1829 -.25 -1.7356
3 15 13.9554 -.25 -1.5763 12.7177 -.25 -1.7945 12.6312 -.25 -2.2086
4 15 13.945 -.25 -1.0844 14.0003 -.25 -1.0314 14.0312 -.25 -.9612 14.0329 -.25 -.8846
4 15 12.6358 -.25 -1.3304 13.8736 -.25 -1.1121 13.945 -.25 -1.0844 13.8054 -.25 -.7253
4 15 13.882 -.25 -.727 13.8054 -.25 -.7253 13.945 -.25 -1.0844 14.0329 -.25 -.8846
4 15 14.0051 -.25 -.8132 13.9521 -.25 -.7578 13.882 -.25 -.727 14.0329 -.25 -.8846
4 15 13.8812 -.25 -.1103 13.8828 -.25 -.0337 13.795 -.25 -.2334 13.8503 -.25 -.1804
4 15 13.8828 -.25 -.0337 13.6553 -.25 .1256 13.7235 -.25 -.2612 13.795 -.25 -.2334
3 15 13.8551 -.25 .0378 13.8021 -.25 .0931 13.7319 -.25 .124
4 15 13.7319 -.25 .124 13.6553 -.25 .1256 13.8828 -.25 -.0337 13.8551 -.25 .0378
3 15 13.8054 -.25 -.7253 12.5676 -.25 -.9436 12.6358 -.25 -1.3304
4 15 13.6553 -.25 .1256 12.2629 -.25 -.1199 12.4858 -.25 -.4794 13.7235 -.25 -.2612
4 15 12.3401 -.25 -.7843 12.0817 -.25 -1.1819 12.1199 -.25 -1.2219 12.3679 -.25 -.8557
3 15 12.4209 -.25 -.9111 12.3679 -.25 -.8557 12.1199 -.25 -1.2219
3 15 12.5644 -.25 -1.3581 12.491 -.25 -.9419 12.4209 -.25 -.9111
4 15 12.509 -.25 -1.4111 12.5644 -.25 -1.3581 12.4209 -.25 -.9111 12.1199 -.25 -1.2219
4 15 12.5676 -.25 -.9436 12.491 -.25 -.9419 12.5644 -.25 -1.3581 12.6358 -.25 -1.3304
4 0 12.4782 -.25 -1.4812 12.4765 -.25 -1.5579 12.7177 -.25 -1.7945 12.6358 -.25 -1.3304
3 0 12.1199 -.25 -1.2219 12.0817 -.25 -1.1819 12.0977 -.25 -1.2727
4 0 12.0943 -.25 -1.4258 12.0977 -.25 -1.2727 12.0817 -.25 -1.1819 12.0261 -.25 -1.0391
3 0 12.491 -.25 -.9419 12.3265 -.25 -.7069 12.3401 -.25 -.7843
4 0 12.6358 -.25 -1.3304 12.7177 -.25 -1.7945 13.9554 -.25 -1.5763 13.8736 -.25 -1.1121
3 0 13.8054 -.25 -.7253 13.7235 -.25 -.2612 12.5676 -.25 -.9436
4 0 12.4143 -.25 -.5072 12.5676 -.25 -.9436 13.7235 -.25 -.2612 12.4858 -.25 -.4794
4 0 13.945 -.25 -1.0844 13.8736 -.25 -1.1121 13.9554 -.25 -1.5763 14.032 -.25 -1.5779
4 0 13.795 -.25 -.2334 13.7235 -.25 -.2612 13.8054 -.25 -.7253 13.882 -.25 -.727
4 0 13.882 -.25 -.727 13.9521 -.25 -.7578 13.8503 -.25 -.1804 13.795 -.25 -.2334
4 0 14.032 -.25 -1.5779 14.1022 -.25 -1.6088 14.0003 -.25 -1.0314 13.945 -.25 -1.0844
4 0 14.1022 -.25 -1.6088 14.1552 -.25 -1.6641 14.0312 -.25 -.9612 14.0003 -.25 -1.0314
4 0 13.8812 -.25 -.1103 13.8503 -.25 -.1804 13.9521 -.25 -.7578 14.0051 -.25 -.8132
4 0 14.1829 -.25 -1.7356 14.8199 -.25 -2.1816 14.0329 -.25 -.8846 14.1552 -.25 -1.6641
3 0 14.1552 -.25 -1.6641 14.0329 -.25 -.8846 14.0312 -.25 -.9612
4 0 13.8828 -.25 -.0337 13.8812 -.25 -.1103 14.0051 -.25 -.8132 14.0329 -.25 -.8846
4 15 13.7448 -.25 .6633 13.7464 -.25 .7399 13.6586 -.25 .5402 13.7139 -.25 .5932
3 15 13.7187 -.25 .8114 13.6657 -.25 .8667 13.5955 -.25 .8976
4 15 13.5955 -.25 .8976 13.5189 -.25 .8992 13.7464 -.25 .7399 13.7187 -.25 .8114
4 15 13.5871 -.25 .5124 13.6586 -.25 .5402 13.7464 -.25 .7399 13.5189 -.25 .8992
4 15 11.8015 -.25 .3206 11.8545 -.25 .2653 11.9246 -.25 .2344 11.7738 -.25 .3921
4 15 11.7738 -.25 .3921 11.9246 -.25 .2344 12.0013 -.25 .2328 11.9331 -.25 .6196
4 15 11.8063 -.25 .5388 11.7754 -.25 .4687 11.9331 -.25 .6196 11.8616 -.25 .5918
3 15 11.9331 -.25 .6196 11.7754 -.25 .4687 11.7738 -.25 .3921
4 15 13.5871 -.25 .5124 13.5189 -.25 .8992 11.9331 -.25 .6196 12.0013 -.25 .2328
3 15 11.5804 -.25 .358 11.5479 -.25 .2112 11.5787 -.25 .2814
4 15 11.5479 -.25 .2112 11.5804 -.25 .358 11.4211 -.25 .1305 11.4925 -.25 .1582
4 15 11.5526 -.25 .4294 11.4996 -.25 .4848 11.4295 -.25 .5156 11.5804 -.25 .358
4 15 11.1936 -.25 .2898 11.5804 -.25 .358 11.4295 -.25 .5156 11.3529 -.25 .5173
4 15 11.2213 -.25 .2183 11.2743 -.25 .163 11.3444 -.25 .1321 11.1936 -.25 .2898
3 15 11.2814 -.25 .4895 11.2261 -.25 .4365 11.1952 -.25 .3664
4 15 11.2814 -.25 .4895 11.1952 -.25 .3664 11.1936 -.25 .2898 11.3529 -.25 .5173
4 15 11.3444 -.25 .1321 11.4211 -.25 .1305 11.5804 -.25 .358 11.1936 -.25 .2898
4 15 13.2333 -.25 3.5642 13.2349 -.25 3.6409 13.147 -.25 3.4411 13.2024 -.25 3.4941
4 15 13.2349 -.25 3.6409 13.0074 -.25 3.8002 13.0756 -.25 3.4134 13.147 -.25 3.4411
3 15 13.2071 -.25 3.7123 13.1542 -.25 3.7676 13.084 -.25 3.7985
4 15 13.084 -.25 3.7985 13.0074 -.25 3.8002 13.2349 -.25 3.6409 13.2071 -.25 3.7123
4 15 11.29 -.25 3.2216 11.343 -.25 3.1662 11.4131 -.25 3.1354 11.2622 -.25 3.293
4 15 11.3501 -.25 3.4928 11.2948 -.25 3.4398 11.2639 -.25 3.3697 11.2622 -.25 3.293
4 15 11.4131 -.25 3.1354 11.4215 -.25 3.5205 11.3501 -.25 3.4928 11.2622 -.25 3.293
3 15 13.0756 -.25 3.4134 13.0074 -.25 3.8002 11.4897 -.25 3.1337
4 15 11.4131 -.25 3.1354 11.4897 -.25 3.1337 13.0074 -.25 3.8002 11.4215 -.25 3.5205
4 15 11.0672 -.25 3.1823 11.0689 -.25 3.2589 10.981 -.25 3.0592 11.0363 -.25 3.1122
4 15 10.918 -.25 3.4166 11.0689 -.25 3.2589 11.0411 -.25 3.3304 10.9881 -.25 3.3857
4 15 10.981 -.25 3.0592 11.0689 -.25 3.2589 10.918 -.25 3.4166 10.8414 -.25 3.4182
4 15 10.8329 -.25 3.0331 10.9096 -.25 3.0314 10.981 -.25 3.0592 10.8414 -.25 3.4182
4 15 10.7098 -.25 3.1193 10.7628 -.25 3.0639 10.8329 -.25 3.0331 10.6821 -.25 3.1907
4 15 10.7146 -.25 3.3375 10.6837 -.25 3.2674 10.8414 -.25 3.4182 10.7699 -.25 3.3905
4 15 10.6837 -.25 3.2674 10.6821 -.25 3.1907 10.8329 -.25 3.0331 10.8414 -.25 3.4182
4 15 11.0986 -.25 4.2213 11.1541 -.25 4.0785 11.4403 -.25 4.4047 11.4126 -.25 4.4761
4 15 11.4933 -.25 4.3493 11.4403 -.25 4.4047 11.1541 -.25 4.0785 11.2601 -.25 3.9678
4 15 11.2601 -.25 3.9678 11.4004 -.25 3.906 11.5634 -.25 4.3185 11.4933 -.25 4.3493
4 15 11.5634 -.25 4.3185 11.4004 -.25 3.906 11.5536 -.25 3.9027 11.6401 -.25 4.3168
3 0 11.4933 -.25 4.3493 11.4126 -.25 4.4761 11.4403 -.25 4.4047
4 0 11.3853 -.25 4.6308 11.4126 -.25 4.4761 11.4933 -.25 4.3493 11.5634 -.25 4.3185
4 15 11.3869 -.25 4.7075 11.0065 -.25 4.916 11.0031 -.25 4.7628 11.3853 -.25 4.6308
4 15 11.0065 -.25 4.916 11.3869 -.25 4.7075 11.4178 -.25 4.7776 11.0682 -.25 5.0563
4 15 11.0682 -.25 5.0563 11.4178 -.25 4.7776 11.4731 -.25 4.8306 11.1789 -.25 5.1624
4 15 11.4731 -.25 4.8306 11.5446 -.25 4.8583 11.3217 -.25 5.2178 11.1789 -.25 5.1624
3 0 11.4731 -.25 4.8306 11.4178 -.25 4.7776 11.3869 -.25 4.7075
4 0 11.3853 -.25 4.6308 11.5446 -.25 4.8583 11.4731 -.25 4.8306 11.3869 -.25 4.7075
4 15 11.3853 -.25 4.6308 11.0031 -.25 4.7628 11.0986 -.25 4.2213 11.4126 -.25 4.4761
4 15 12.6874 -.25 4.6246 13.0679 -.25 4.4159 13.0712 -.25 4.5692 12.689 -.25 4.7012
4 15 12.6565 -.25 4.5544 13.0062 -.25 4.2757 13.0679 -.25 4.4159 12.6874 -.25 4.6246
4 15 12.6011 -.25 4.5014 12.8955 -.25 4.1697 13.0062 -.25 4.2757 12.6565 -.25 4.5544
4 15 12.6011 -.25 4.5014 12.5297 -.25 4.4737 12.7526 -.25 4.1142 12.8955 -.25 4.1697
4 0 12.6011 -.25 4.5014 12.6565 -.25 4.5544 12.6874 -.25 4.6246 12.689 -.25 4.7012
4 0 12.5297 -.25 4.4737 12.6011 -.25 4.5014 12.689 -.25 4.7012 12.6617 -.25 4.8559
4 15 12.634 -.25 4.9273 12.6617 -.25 4.8559 12.9757 -.25 5.1107 12.9202 -.25 5.2535
4 15 12.9202 -.25 5.2535 12.8143 -.25 5.3642 12.581 -.25 4.9827 12.634 -.25 4.9273
4 15 12.5108 -.25 5.0136 12.581 -.25 4.9827 12.8143 -.25 5.3642 12.674 -.25 5.426
4 15 12.5108 -.25 5.0136 12.674 -.25 5.426 12.5207 -.25 5.4293 12.4342 -.25 5.0152
4 0 12.634 -.25 4.9273 12.581 -.25 4.9827 12.5108 -.25 5.0136 12.6617 -.25 4.8559
4 15 13.0712 -.25 4.5692 12.9757 -.25 5.1107 12.6617 -.25 4.8559 12.689 -.25 4.7012
4 15 11.5536 -.25 3.9027 12.7526 -.25 4.1142 12.5297 -.25 4.4737 11.6401 -.25 4.3168
4 15 12.5207 -.25 5.4293 11.3217 -.25 5.2178 11.5446 -.25 4.8583 12.4342 -.25 5.0152
4 15 10.8189 -.25 5.8072 10.8745 -.25 5.6644 11.1607 -.25 5.9905 11.1329 -.25 6.062
4 15 11.2137 -.25 5.9352 11.1607 -.25 5.9905 10.8745 -.25 5.6644 10.9805 -.25 5.5537
4 15 10.9805 -.25 5.5537 11.1208 -.25 5.4919 11.2838 -.25 5.9043 11.2137 -.25 5.9352
4 15 11.2838 -.25 5.9043 11.1208 -.25 5.4919 11.2739 -.25 5.4886 11.3604 -.25 5.9027
4 0 11.1607 -.25 5.9905 11.2137 -.25 5.9352 11.2838 -.25 5.9043 11.1329 -.25 6.062
4 0 11.3604 -.25 5.9027 11.1057 -.25 6.2167 11.1329 -.25 6.062 11.2838 -.25 5.9043
4 15 10.7235 -.25 6.3487 11.1057 -.25 6.2167 11.1073 -.25 6.2933 10.7268 -.25 6.502
4 15 11.1382 -.25 6.3634 10.7885 -.25 6.6422 10.7268 -.25 6.502 11.1073 -.25 6.2933
4 15 10.7885 -.25 6.6422 11.1382 -.25 6.3634 11.1935 -.25 6.4164 10.8992 -.25 6.7482
4 15 11.1935 -.25 6.4164 11.265 -.25 6.4442 11.042 -.25 6.8037 10.8992 -.25 6.7482
4 0 11.1073 -.25 6.2933 11.1057 -.25 6.2167 11.1935 -.25 6.4164 11.1382 -.25 6.3634
4 0 11.1057 -.25 6.2167 11.3604 -.25 5.9027 11.265 -.25 6.4442 11.1935 -.25 6.4164
4 15 11.1057 -.25 6.2167 10.7235 -.25 6.3487 10.8189 -.25 5.8072 11.1329 -.25 6.062
4 15 12.7378 -.25 5.7619 12.7932 -.25 5.8149 12.824 -.25 5.885 12.8257 -.25 5.9616
4 15 12.6664 -.25 5.7341 12.7378 -.25 5.7619 12.8257 -.25 5.9616 12.5982 -.25 6.1209
3 15 12.7979 -.25 6.0331 12.7449 -.25 6.0884 12.6748 -.25 6.1193
4 15 12.8257 -.25 5.9616 12.7979 -.25 6.0331 12.6748 -.25 6.1193 12.5982 -.25 6.1209
4 15 12.6604 -.25 6.8133 12.662 -.25 6.8899 12.5741 -.25 6.6902 12.6295 -.25 6.7432
4 15 11.042 -.25 6.8037 12.5027 -.25 6.6624 12.5741 -.25 6.6902 12.4345 -.25 7.0492
4 15 12.5111 -.25 7.0476 12.4345 -.25 7.0492 12.5741 -.25 6.6902 12.662 -.25 6.8899
4 15 12.5111 -.25 7.0476 12.662 -.25 6.8899 12.6342 -.25 6.9614 12.5813 -.25 7.0167
4 15 11.2739 -.25 5.4886 12.6664 -.25 5.7341 12.5982 -.25 6.1209 11.3604 -.25 5.9027
3 15 12.5027 -.25 6.6624 11.042 -.25 6.8037 11.265 -.25 6.4442
4 15 12.5078 -.25 10.9307 13.088 -.25 11.033 12.9312 -.25 11.9226 12.3328 -.25 11.6975
3 15 12.9312 -.25 11.9226 12.7538 -.25 12.2503 12.5126 -.25 12.4869
4 15 12.9312 -.25 11.9226 12.5126 -.25 12.4869 12.2009 -.25 12.6713 12.3328 -.25 11.6975
3 15 12.3328 -.25 11.6975 12.2009 -.25 12.6713 12.169 -.25 11.9478
4 15 12.2009 -.25 12.6713 11.8642 -.25 12.7714 11.896 -.25 12.1389 12.169 -.25 11.9478
4 15 11.5866 -.25 12.7624 11.5342 -.25 12.1549 11.896 -.25 12.1389 11.8642 -.25 12.7714
4 15 11.2112 -.25 12.1777 11.5342 -.25 12.1549 11.5866 -.25 12.7624 11.036 -.25 12.2665
3 15 11.036 -.25 12.2665 10.8517 -.25 12.6328 10.9245 -.25 12.4462
3 15 11.3888 -.25 13.2061 11.1931 -.25 13.4109 10.7721 -.25 12.858
4 15 10.7721 -.25 12.858 11.1931 -.25 13.4109 10.8883 -.25 13.5565 10.5901 -.25 12.9855
4 15 10.5901 -.25 12.9855 10.8883 -.25 13.5565 10.5129 -.25 13.6498 10.3444 -.25 13.0219
4 15 10.1511 -.25 13.6658 9.8485 -.25 13.5726 10.3444 -.25 13.0219 10.5129 -.25 13.6498
4 15 10.1123 -.25 12.981 10.3444 -.25 13.0219 9.8485 -.25 13.5726 9.5914 -.25 13.4475
4 15 9.5914 -.25 13.4475 9.5594 -.25 12.724 9.746 -.25 12.7968 10.1123 -.25 12.981
4 15 9.3592 -.25 12.7286 9.5594 -.25 12.724 9.5914 -.25 13.4475 9.1385 -.25 12.8492
4 15 9.1385 -.25 12.8492 9.5914 -.25 13.4475 9.3912 -.25 13.4521 8.8655 -.25 13.0403
3 15 9.3912 -.25 13.4521 9.1705 -.25 13.5727 8.8655 -.25 13.0403
3 15 8.8655 -.25 13.0403 8.4264 -.25 13.0427 8.5948 -.25 12.9926
4 15 8.315 -.25 13.2224 8.4264 -.25 13.0427 8.8655 -.25 13.0403 9.1705 -.25 13.5727
4 15 8.2809 -.25 13.4158 8.315 -.25 13.2224 9.1705 -.25 13.5727 8.3492 -.25 13.707
4 15 8.3492 -.25 13.707 9.1705 -.25 13.5727 9.1364 -.25 13.7661 8.4561 -.25 14.0051
4 15 9.166 -.25 14.0505 9.1183 -.25 14.3212 8.4561 -.25 14.0051 9.1364 -.25 13.7661
4 15 8.4561 -.25 14.0051 9.1183 -.25 14.3212 9.0318 -.25 14.5852 8.4152 -.25 14.2371
4 15 8.4152 -.25 14.2371 9.0318 -.25 14.5852 8.8612 -.25 14.8741 8.6269 -.25 15.0721
4 15 8.2969 -.25 14.4556 8.4152 -.25 14.2371 8.6269 -.25 15.0721 8.2379 -.25 15.2428
4 15 8.0239 -.25 14.6467 8.2969 -.25 14.4556 8.2379 -.25 15.2428 7.9535 -.25 15.2724
4 15 7.7782 -.25 14.6832 8.0239 -.25 14.6467 7.9535 -.25 15.2724 7.5531 -.25 15.2816
3 15 7.7782 -.25 14.6832 7.2618 -.25 14.6719 7.5848 -.25 14.6491
4 15 7.0479 -.25 14.7538 7.2618 -.25 14.6719 7.7782 -.25 14.6832 7.5531 -.25 15.2816
4 0 11.8436 -.25 11.5315 11.1586 -.25 10.8922 12.0049 -.25 10.164 12.5078 -.25 10.9307
4 0 11.8436 -.25 11.5315 12.5078 -.25 10.9307 12.3328 -.25 11.6975 11.8095 -.25 11.7248
4 0 11.8095 -.25 11.7248 12.3328 -.25 11.6975 12.169 -.25 11.9478 11.896 -.25 12.1389
4 0 11.5342 -.25 12.1549 10.5877 -.25 11.8684 11.8095 -.25 11.7248 11.896 -.25 12.1389
3 0 11.5342 -.25 12.1549 11.2112 -.25 12.1777 10.5877 -.25 11.8684
3 0 11.2112 -.25 12.1777 11.036 -.25 12.2665 10.5877 -.25 11.8684
4 0 10.5877 -.25 11.8684 11.036 -.25 12.2665 10.9245 -.25 12.4462 10.5491 -.25 12.5395
4 0 10.5901 -.25 12.9855 10.5491 -.25 12.5395 10.9245 -.25 12.4462 10.8517 -.25 12.6328
3 0 10.8517 -.25 12.6328 10.7721 -.25 12.858 10.5901 -.25 12.9855
4 0 10.5491 -.25 12.5395 10.5901 -.25 12.9855 10.3444 -.25 13.0219 10.1988 -.25 12.7171
4 0 10.1123 -.25 12.981 9.746 -.25 12.7968 10.1988 -.25 12.7171 10.3444 -.25 13.0219
4 0 9.4866 -.25 12.2325 10.1988 -.25 12.7171 9.746 -.25 12.7968 9.5594 -.25 12.724
3 0 9.5594 -.25 12.724 9.3592 -.25 12.7286 9.4866 -.25 12.2325
4 0 9.1385 -.25 12.8492 8.6812 -.25 12.7286 9.4866 -.25 12.2325 9.3592 -.25 12.7286
4 0 8.6812 -.25 12.7286 9.1385 -.25 12.8492 8.8655 -.25 13.0403 8.5948 -.25 12.9926
4 0 8.5948 -.25 12.9926 8.4264 -.25 13.0427 8.4173 -.25 12.6422 8.6812 -.25 12.7286
4 0 7.9395 -.25 12.6377 8.4173 -.25 12.6422 8.4264 -.25 13.0427 8.315 -.25 13.2224
4 0 7.5005 -.25 13.3181 7.9395 -.25 12.6377 8.315 -.25 13.2224 8.2809 -.25 13.4158
4 0 7.5005 -.25 13.3181 8.2809 -.25 13.4158 8.3492 -.25 13.707 8.1331 -.25 14.0279
4 0 8.4561 -.25 14.0051 8.4152 -.25 14.2371 8.1331 -.25 14.0279 8.3492 -.25 13.707
4 0 8.0535 -.25 14.2531 8.1331 -.25 14.0279 8.4152 -.25 14.2371 8.2969 -.25 14.4556
4 0 8.0239 -.25 14.6467 7.7782 -.25 14.6832 8.0535 -.25 14.2531 8.2969 -.25 14.4556
4 15 13.6493 -.25 1.2048 13.6509 -.25 1.2814 13.5631 -.25 1.0817 13.6184 -.25 1.1347
4 15 13.415 -.25 1.0556 13.2641 -.25 1.2132 13.2919 -.25 1.1418 13.3449 -.25 1.0864
4 15 11.8805 -.25 1.9629 11.8275 -.25 2.0182 11.7573 -.25 2.0491 11.9082 -.25 1.8914
4 15 11.915 -.25 1.8527 11.9082 -.25 1.8914 11.7573 -.25 2.0491 11.6807 -.25 2.0507
3 15 11.5539 -.25 1.97 11.5231 -.25 1.8998 11.5214 -.25 1.8232
4 15 11.5539 -.25 1.97 11.5214 -.25 1.8232 11.6807 -.25 2.0507 11.6093 -.25 2.023
4 15 13.6032 -.25 1.5522 13.2641 -.25 1.2132 13.5631 -.25 1.0817 13.6509 -.25 1.2814
4 15 13.415 -.25 1.0556 13.4916 -.25 1.0539 13.5631 -.25 1.0817 13.2641 -.25 1.2132
3 15 13.6032 -.25 1.5522 13.2573 -.25 1.2519 13.2641 -.25 1.2132
4 15 13.1854 -.25 1.3156 13.2573 -.25 1.2519 13.6032 -.25 1.5522 13.5182 -.25 1.6898
3 15 13.5182 -.25 1.6898 13.3284 -.25 1.7857 13.1854 -.25 1.3156
4 15 13.3284 -.25 1.7857 13.0626 -.25 1.8253 13.0066 -.25 1.3487 13.1854 -.25 1.3156
3 15 13.0626 -.25 1.8253 12.7483 -.25 1.3464 13.0066 -.25 1.3487
4 15 13.0626 -.25 1.8253 12.7614 -.25 1.8026 12.7227 -.25 1.7957 12.7483 -.25 1.3464
4 15 12.4496 -.25 1.3089 12.7483 -.25 1.3464 12.7227 -.25 1.7957 12.4241 -.25 1.7582
4 15 12.4109 -.25 1.3021 12.4496 -.25 1.3089 12.4241 -.25 1.7582 12.1657 -.25 1.7559
4 15 12.1657 -.25 1.7559 11.987 -.25 1.7891 12.1097 -.25 1.2793 12.4109 -.25 1.3021
4 15 11.844 -.25 1.319 12.1097 -.25 1.2793 11.987 -.25 1.7891 11.6541 -.25 1.4149
4 15 11.5214 -.25 1.8232 11.5692 -.25 1.5525 11.987 -.25 1.7891 11.915 -.25 1.8527
3 15 11.987 -.25 1.7891 11.5692 -.25 1.5525 11.6541 -.25 1.4149
3 15 11.915 -.25 1.8527 11.6807 -.25 2.0507 11.5214 -.25 1.8232
4 15 13.3926 -.25 2.0487 13.4479 -.25 2.1017 13.4788 -.25 2.1718 13.4804 -.25 2.2484
4 15 13.3211 -.25 2.0209 13.3926 -.25 2.0487 13.4804 -.25 2.2484 13.0936 -.25 2.1802
4 15 13.3211 -.25 2.0209 13.0936 -.25 2.1802 13.1744 -.25 2.0534 13.2445 -.25 2.0226
3 15 13.1744 -.25 2.0534 13.0936 -.25 2.1802 13.1214 -.25 2.1088
4 15 11.5102 -.25 3.0177 11.71 -.25 2.9298 11.657 -.25 2.9852 11.5868 -.25 3.0161
4 15 11.3509 -.25 2.7902 11.7377 -.25 2.8584 11.71 -.25 2.9298 11.5102 -.25 3.0177
3 15 11.4388 -.25 2.9899 11.3834 -.25 2.937 11.3526 -.25 2.8668
4 15 11.3509 -.25 2.7902 11.5102 -.25 3.0177 11.4388 -.25 2.9899 11.3526 -.25 2.8668
4 15 13.4804 -.25 2.2484 13.4327 -.25 2.5192 13.0868 -.25 2.2189 13.0936 -.25 2.1802
4 15 13.0149 -.25 2.2825 13.0868 -.25 2.2189 13.4327 -.25 2.5192 13.3477 -.25 2.6568
3 15 13.0149 -.25 2.2825 12.8921 -.25 2.7923 12.8361 -.25 2.3157
4 15 13.3477 -.25 2.6568 13.1579 -.25 2.7527 12.8921 -.25 2.7923 13.0149 -.25 2.2825
3 15 12.8921 -.25 2.7923 12.5778 -.25 2.3134 12.8361 -.25 2.3157
4 15 12.8921 -.25 2.7923 12.5909 -.25 2.7696 12.5522 -.25 2.7627 12.5778 -.25 2.3134
4 15 12.2791 -.25 2.2759 12.5778 -.25 2.3134 12.5522 -.25 2.7627 12.2536 -.25 2.7252
4 15 11.8164 -.25 2.7561 12.2404 -.25 2.2691 12.2791 -.25 2.2759 11.9952 -.25 2.7229
3 15 12.2791 -.25 2.2759 12.2536 -.25 2.7252 11.9952 -.25 2.7229
3 15 12.2404 -.25 2.2691 11.8164 -.25 2.7561 11.9392 -.25 2.2463
4 15 11.8164 -.25 2.7561 11.4836 -.25 2.3818 11.6735 -.25 2.2859 11.9392 -.25 2.2463
4 15 11.7445 -.25 2.8197 11.3987 -.25 2.5194 11.4836 -.25 2.3818 11.8164 -.25 2.7561
4 15 11.3509 -.25 2.7902 11.3987 -.25 2.5194 11.7445 -.25 2.8197 11.7377 -.25 2.8584
4 15 12.5717 -.25 7.3161 12.5733 -.25 7.3928 12.4855 -.25 7.193 12.5408 -.25 7.246
4 15 12.3374 -.25 7.1669 12.1865 -.25 7.3246 12.2143 -.25 7.2531 12.2673 -.25 7.1978
4 15 12.4855 -.25 7.193 12.1865 -.25 7.3246 12.3374 -.25 7.1669 12.414 -.25 7.1653
4 15 10.6797 -.25 8.1604 10.8306 -.25 8.0028 10.8029 -.25 8.0742 10.7499 -.25 8.1295
3 15 10.4763 -.25 8.0813 10.4455 -.25 8.0112 10.4438 -.25 7.9346
4 15 10.4763 -.25 8.0813 10.4438 -.25 7.9346 10.6031 -.25 8.1621 10.5317 -.25 8.1343
4 15 12.5256 -.25 7.6635 12.1865 -.25 7.3246 12.4855 -.25 7.193 12.5733 -.25 7.3928
3 15 12.5256 -.25 7.6635 12.1797 -.25 7.3632 12.1865 -.25 7.3246
4 15 12.1078 -.25 7.4269 12.1797 -.25 7.3632 12.5256 -.25 7.6635 12.4406 -.25 7.8011
3 15 12.1078 -.25 7.4269 11.9851 -.25 7.9366 11.929 -.25 7.4601
4 15 12.4406 -.25 7.8011 12.2508 -.25 7.897 11.9851 -.25 7.9366 12.1078 -.25 7.4269
4 15 11.929 -.25 7.4601 11.9851 -.25 7.9366 11.6838 -.25 7.9139 11.6707 -.25 7.4577
4 15 11.6707 -.25 7.4577 11.6838 -.25 7.9139 11.6451 -.25 7.9071 11.372 -.25 7.4202
3 15 11.6451 -.25 7.9071 11.3465 -.25 7.8696 11.372 -.25 7.4202
4 15 11.3465 -.25 7.8696 11.0881 -.25 7.8673 11.3334 -.25 7.4134 11.372 -.25 7.4202
4 15 11.0881 -.25 7.8673 10.9094 -.25 7.9004 11.0321 -.25 7.3907 11.3334 -.25 7.4134
4 15 10.7664 -.25 7.4303 11.0321 -.25 7.3907 10.9094 -.25 7.9004 10.5765 -.25 7.5262
4 15 10.8374 -.25 7.9641 10.4916 -.25 7.6638 10.5765 -.25 7.5262 10.9094 -.25 7.9004
4 15 10.4916 -.25 7.6638 10.8374 -.25 7.9641 10.6031 -.25 8.1621 10.4438 -.25 7.9346
4 15 10.6797 -.25 8.1604 10.6031 -.25 8.1621 10.8374 -.25 7.9641 10.8306 -.25 8.0028
3 0 14.8199 -.25 -2.1816 14.095 -.25 -1.9353 14.0236 -.25 -1.9631
3 0 14.8199 -.25 -2.1816 14.1504 -.25 -1.8823 14.095 -.25 -1.9353
3 0 14.8199 -.25 -2.1816 14.1813 -.25 -1.8122 14.1504 -.25 -1.8823
3 0 14.8199 -.25 -2.1816 14.1829 -.25 -1.7356 14.1813 -.25 -1.8122
4 0 14.0329 -.25 -.8846 14.8199 -.25 -2.1816 14.5539 -.25 -.6731 13.8828 -.25 -.0337
4 0 13.6586 -.25 .5402 13.5871 -.25 .5124 13.6553 -.25 .1256 13.7319 -.25 .124
4 0 13.7319 -.25 .124 13.8021 -.25 .0931 13.7139 -.25 .5932 13.6586 -.25 .5402
4 0 13.7448 -.25 .6633 13.7139 -.25 .5932 13.8021 -.25 .0931 13.8551 -.25 .0378
3 0 14.5539 -.25 -.6731 13.8551 -.25 .0378 13.8828 -.25 -.0337
4 0 14.5539 -.25 -.6731 13.7464 -.25 .7399 13.7448 -.25 .6633 13.8551 -.25 .0378
4 0 13.5631 -.25 1.0817 13.4916 -.25 1.0539 13.5189 -.25 .8992 13.5955 -.25 .8976
4 0 13.5955 -.25 .8976 13.6657 -.25 .8667 13.6184 -.25 1.1347 13.5631 -.25 1.0817
4 0 13.6657 -.25 .8667 13.7187 -.25 .8114 13.6493 -.25 1.2048 13.6184 -.25 1.1347
4 0 13.7187 -.25 .8114 13.7464 -.25 .7399 13.6509 -.25 1.2814 13.6493 -.25 1.2048
4 0 13.8719 -.25 3.1948 13.6509 -.25 1.2814 13.7464 -.25 .7399 14.5539 -.25 -.6731
3 0 13.8719 -.25 3.1948 13.6032 -.25 1.5522 13.6509 -.25 1.2814
4 0 13.4804 -.25 2.2484 13.4788 -.25 2.1718 13.6032 -.25 1.5522 13.8719 -.25 3.1948
4 0 13.4479 -.25 2.1017 13.3926 -.25 2.0487 13.5182 -.25 1.6898 13.6032 -.25 1.5522
3 0 13.6032 -.25 1.5522 13.4788 -.25 2.1718 13.4479 -.25 2.1017
4 0 13.3926 -.25 2.0487 13.3211 -.25 2.0209 13.3284 -.25 1.7857 13.5182 -.25 1.6898
4 0 13.2445 -.25 2.0226 13.0626 -.25 1.8253 13.3284 -.25 1.7857 13.3211 -.25 2.0209
3 0 13.2445 -.25 2.0226 13.1744 -.25 2.0534 13.0626 -.25 1.8253
3 0 13.1744 -.25 2.0534 13.1214 -.25 2.1088 13.0626 -.25 1.8253
3 0 13.0936 -.25 2.1802 13.0868 -.25 2.2189 13.0149 -.25 2.2825
3 0 13.1214 -.25 2.1088 13.0936 -.25 2.1802 13.0149 -.25 2.2825
4 0 12.8361 -.25 2.3157 13.0626 -.25 1.8253 13.1214 -.25 2.1088 13.0149 -.25 2.2825
3 0 13.0626 -.25 1.8253 12.8361 -.25 2.3157 12.7614 -.25 1.8026
4 0 12.7614 -.25 1.8026 12.8361 -.25 2.3157 12.5778 -.25 2.3134 12.7227 -.25 1.7957
3 0 12.7227 -.25 1.7957 12.5778 -.25 2.3134 12.2791 -.25 2.2759
4 0 12.7227 -.25 1.7957 12.2791 -.25 2.2759 12.2404 -.25 2.2691 12.4241 -.25 1.7582
4 0 12.2404 -.25 2.2691 11.987 -.25 1.7891 12.1657 -.25 1.7559 12.4241 -.25 1.7582
4 0 11.915 -.25 1.8527 11.987 -.25 1.7891 12.2404 -.25 2.2691 11.9082 -.25 1.8914
4 0 11.8805 -.25 1.9629 11.9082 -.25 1.8914 12.2404 -.25 2.2691 11.9392 -.25 2.2463
3 0 11.9392 -.25 2.2463 11.8275 -.25 2.0182 11.8805 -.25 1.9629
4 0 11.9392 -.25 2.2463 11.6735 -.25 2.2859 11.7573 -.25 2.0491 11.8275 -.25 2.0182
3 0 11.7573 -.25 2.0491 11.6735 -.25 2.2859 11.6807 -.25 2.0507
4 0 11.6735 -.25 2.2859 11.4836 -.25 2.3818 11.6093 -.25 2.023 11.6807 -.25 2.0507
4 0 11.3987 -.25 2.5194 11.5539 -.25 1.97 11.6093 -.25 2.023 11.4836 -.25 2.3818
3 0 11.5539 -.25 1.97 11.3987 -.25 2.5194 11.5231 -.25 1.8998
3 0 11.5231 -.25 1.8998 11.3987 -.25 2.5194 11.5214 -.25 1.8232
4 0 11.4996 -.25 .4848 11.5526 -.25 .4294 11.7754 -.25 .4687 11.5692 -.25 1.5525
4 0 11.7754 -.25 .4687 11.8063 -.25 .5388 11.6541 -.25 1.4149 11.5692 -.25 1.5525
4 0 11.6541 -.25 1.4149 11.8063 -.25 .5388 11.8616 -.25 .5918 11.844 -.25 1.319
3 0 12.1097 -.25 1.2793 11.844 -.25 1.319 11.8616 -.25 .5918
4 0 11.8616 -.25 .5918 11.9331 -.25 .6196 12.4109 -.25 1.3021 12.1097 -.25 1.2793
3 0 13.1854 -.25 1.3156 13.0066 -.25 1.3487 12.7483 -.25 1.3464
3 0 13.2641 -.25 1.2132 13.2573 -.25 1.2519 13.1854 -.25 1.3156
4 0 13.1854 -.25 1.3156 11.9331 -.25 .6196 13.2919 -.25 1.1418 13.2641 -.25 1.2132
3 0 13.5189 -.25 .8992 13.4916 -.25 1.0539 13.415 -.25 1.0556
4 0 13.2919 -.25 1.1418 11.9331 -.25 .6196 13.5189 -.25 .8992 13.3449 -.25 1.0864
3 0 13.5189 -.25 .8992 13.415 -.25 1.0556 13.3449 -.25 1.0864
4 0 11.9476 -.25 -.4217 11.8545 -.25 .2653 11.8015 -.25 .3206 11.9443 -.25 -.5749
3 0 11.8015 -.25 .3206 11.7738 -.25 .3921 11.5804 -.25 .358
3 0 12.0094 -.25 -.2815 11.8545 -.25 .2653 11.9476 -.25 -.4217
4 0 11.8545 -.25 .2653 12.0094 -.25 -.2815 12.1201 -.25 -.1755 11.9246 -.25 .2344
4 0 12.2629 -.25 -.1199 12.0013 -.25 .2328 11.9246 -.25 .2344 12.1201 -.25 -.1755
4 0 12.2629 -.25 -.1199 13.6553 -.25 .1256 13.5871 -.25 .5124 12.0013 -.25 .2328
4 0 12.6312 -.25 -2.2086 6.8906 -.25 -3.5797 14.8199 -.25 -2.1816 14.0236 -.25 -1.9631
3 0 7.7052 -.25 -2.9974 7.3958 -.25 -3.052 6.8906 -.25 -3.5797
4 0 12.3377 -.25 -2.1436 9.5892 -.25 -2.1467 7.7052 -.25 -2.9974 6.8906 -.25 -3.5797
3 0 12.3377 -.25 -2.1436 12.2317 -.25 -2.0329 9.5892 -.25 -2.1467
4 0 9.5892 -.25 -2.1467 12.2317 -.25 -2.0329 12.1762 -.25 -1.89 9.4937 -.25 -1.6052
3 0 12.1762 -.25 -1.89 12.0943 -.25 -1.4258 9.4937 -.25 -1.6052
3 0 12.478 -.25 -2.2053 12.3377 -.25 -2.1436 6.8906 -.25 -3.5797
3 0 12.6312 -.25 -2.2086 12.478 -.25 -2.2053 6.8906 -.25 -3.5797
3 0 11.9443 -.25 -.5749 11.5479 -.25 .2112 11.4925 -.25 .1582
3 0 11.9443 -.25 -.5749 11.5787 -.25 .2814 11.5479 -.25 .2112
4 0 11.8015 -.25 .3206 11.5804 -.25 .358 11.5787 -.25 .2814 11.9443 -.25 -.5749
4 0 11.7754 -.25 .4687 11.5526 -.25 .4294 11.5804 -.25 .358 11.7738 -.25 .3921
3 0 11.5692 -.25 1.5525 11.4295 -.25 .5156 11.4996 -.25 .4848
3 0 11.5692 -.25 1.5525 11.3529 -.25 .5173 11.4295 -.25 .5156
4 0 11.4925 -.25 .1582 11.4211 -.25 .1305 12.0261 -.25 -1.0391 11.9443 -.25 -.5749
4 0 12.0943 -.25 -1.4258 12.0261 -.25 -1.0391 11.4211 -.25 .1305 9.4937 -.25 -1.6052
4 0 9.33 -.25 -.6769 9.4937 -.25 -1.6052 11.4211 -.25 .1305 11.3444 -.25 .1321
4 0 9.2346 -.25 -.1354 9.33 -.25 -.6769 11.3444 -.25 .1321 11.2743 -.25 .163
3 0 11.2743 -.25 .163 11.2213 -.25 .2183 9.2346 -.25 -.1354
3 0 11.2213 -.25 .2183 11.1936 -.25 .2898 9.2346 -.25 -.1354
4 0 11.1936 -.25 .2898 11.1952 -.25 .3664 9.1118 -.25 .5608 9.2346 -.25 -.1354
4 0 11.1952 -.25 .3664 11.2261 -.25 .4365 11.5692 -.25 1.5525 9.1118 -.25 .5608
3 0 11.5692 -.25 1.5525 11.2261 -.25 .4365 11.2814 -.25 .4895
3 0 11.5692 -.25 1.5525 11.2814 -.25 .4895 11.3529 -.25 .5173
4 0 9.0095 -.25 1.141 9.1118 -.25 .5608 11.5692 -.25 1.5525 11.5214 -.25 1.8232
4 0 8.9549 -.25 1.4504 9.0095 -.25 1.141 11.5214 -.25 1.8232 11.3987 -.25 2.5194
4 0 8.8526 -.25 2.0306 8.9549 -.25 1.4504 11.3987 -.25 2.5194 11.3509 -.25 2.7902
4 0 10.9096 -.25 3.0314 10.8329 -.25 3.0331 8.8526 -.25 2.0306 11.3509 -.25 2.7902
4 0 10.8329 -.25 3.0331 10.7628 -.25 3.0639 8.7299 -.25 2.7269 8.8526 -.25 2.0306
4 0 10.7098 -.25 3.1193 9.5491 -.25 3.5094 8.7299 -.25 2.7269 10.7628 -.25 3.0639
4 0 10.9096 -.25 3.0314 11.3509 -.25 2.7902 11.3526 -.25 2.8668 10.981 -.25 3.0592
4 0 10.981 -.25 3.0592 11.3526 -.25 2.8668 11.3834 -.25 2.937 11.0363 -.25 3.1122
4 0 11.343 -.25 3.1662 11.29 -.25 3.2216 11.0363 -.25 3.1122 11.3834 -.25 2.937
4 0 11.343 -.25 3.1662 11.3834 -.25 2.937 11.4388 -.25 2.9899 11.4131 -.25 3.1354
4 0 11.4897 -.25 3.1337 11.4131 -.25 3.1354 11.4388 -.25 2.9899 11.5102 -.25 3.0177
3 0 11.5868 -.25 3.0161 11.4897 -.25 3.1337 11.5102 -.25 3.0177
3 0 13.8719 -.25 3.1948 13.4327 -.25 2.5192 13.4804 -.25 2.2484
4 0 13.8719 -.25 3.1948 13.2333 -.25 3.5642 13.3477 -.25 2.6568 13.4327 -.25 2.5192
3 0 13.8719 -.25 3.1948 13.2349 -.25 3.6409 13.2333 -.25 3.5642
4 0 13.1579 -.25 2.7527 13.147 -.25 3.4411 13.0756 -.25 3.4134 12.8921 -.25 2.7923
4 0 13.2333 -.25 3.5642 13.2024 -.25 3.4941 13.1579 -.25 2.7527 13.3477 -.25 2.6568
3 0 13.2024 -.25 3.4941 13.147 -.25 3.4411 13.1579 -.25 2.7527
3 0 13.0756 -.25 3.4134 12.5909 -.25 2.7696 12.8921 -.25 2.7923
4 0 11.9952 -.25 2.7229 12.5522 -.25 2.7627 12.5909 -.25 2.7696 13.0756 -.25 3.4134
3 0 12.5522 -.25 2.7627 11.9952 -.25 2.7229 12.2536 -.25 2.7252
4 0 13.0756 -.25 3.4134 11.7445 -.25 2.8197 11.8164 -.25 2.7561 11.9952 -.25 2.7229
3 0 13.0756 -.25 3.4134 11.7377 -.25 2.8584 11.7445 -.25 2.8197
3 0 13.0756 -.25 3.4134 11.71 -.25 2.9298 11.7377 -.25 2.8584
3 0 13.0756 -.25 3.4134 11.657 -.25 2.9852 11.71 -.25 2.9298
4 0 11.5868 -.25 3.0161 11.657 -.25 2.9852 13.0756 -.25 3.4134 11.4897 -.25 3.1337
4 0 11.29 -.25 3.2216 11.2622 -.25 3.293 11.0672 -.25 3.1823 11.0363 -.25 3.1122
4 0 11.0689 -.25 3.2589 11.0672 -.25 3.1823 11.2622 -.25 3.293 11.2639 -.25 3.3697
4 0 11.0411 -.25 3.3304 11.0689 -.25 3.2589 11.2639 -.25 3.3697 11.2948 -.25 3.4398
4 0 10.9881 -.25 3.3857 11.0411 -.25 3.3304 11.2948 -.25 3.4398 11.3501 -.25 3.4928
4 0 11.3501 -.25 3.4928 11.4004 -.25 3.906 10.8414 -.25 3.4182 10.918 -.25 3.4166
4 0 11.3501 -.25 3.4928 11.4215 -.25 3.5205 11.5536 -.25 3.9027 11.4004 -.25 3.906
4 0 12.7526 -.25 4.1142 11.5536 -.25 3.9027 11.4215 -.25 3.5205 13.0074 -.25 3.8002
3 0 13.0074 -.25 3.8002 12.8955 -.25 4.1697 12.7526 -.25 4.1142
4 0 13.084 -.25 3.7985 13.0062 -.25 4.2757 12.8955 -.25 4.1697 13.0074 -.25 3.8002
4 0 13.0062 -.25 4.2757 13.084 -.25 3.7985 13.1542 -.25 3.7676 13.0679 -.25 4.4159
3 0 13.1542 -.25 3.7676 13.0712 -.25 4.5692 13.0679 -.25 4.4159
4 0 13.1542 -.25 3.7676 13.2071 -.25 3.7123 13.8719 -.25 3.1948 13.0712 -.25 4.5692
3 0 13.8719 -.25 3.1948 13.2071 -.25 3.7123 13.2349 -.25 3.6409
4 0 13.8719 -.25 3.1948 13.1899 -.25 7.0628 12.9757 -.25 5.1107 13.0712 -.25 4.5692
4 0 12.9757 -.25 5.1107 13.1899 -.25 7.0628 12.8257 -.25 5.9616 12.824 -.25 5.885
4 0 12.9202 -.25 5.2535 12.7932 -.25 5.8149 12.7378 -.25 5.7619 12.8143 -.25 5.3642
4 0 12.9202 -.25 5.2535 12.9757 -.25 5.1107 12.824 -.25 5.885 12.7932 -.25 5.8149
3 0 12.8143 -.25 5.3642 12.7378 -.25 5.7619 12.674 -.25 5.426
4 0 12.674 -.25 5.426 12.7378 -.25 5.7619 12.6664 -.25 5.7341 12.5207 -.25 5.4293
4 0 11.2739 -.25 5.4886 11.3217 -.25 5.2178 12.5207 -.25 5.4293 12.6664 -.25 5.7341
4 0 11.0031 -.25 4.7628 11.0065 -.25 4.916 10.8745 -.25 5.6644 10.8189 -.25 5.8072
4 0 11.0065 -.25 4.916 11.0682 -.25 5.0563 10.9805 -.25 5.5537 10.8745 -.25 5.6644
4 0 11.0682 -.25 5.0563 11.1789 -.25 5.1624 11.1208 -.25 5.4919 10.9805 -.25 5.5537
4 0 11.2739 -.25 5.4886 11.1208 -.25 5.4919 11.1789 -.25 5.1624 11.3217 -.25 5.2178
4 0 11.5446 -.25 4.8583 11.3853 -.25 4.6308 11.5634 -.25 4.3185 11.6401 -.25 4.3168
4 0 12.5297 -.25 4.4737 12.4342 -.25 5.0152 11.5446 -.25 4.8583 11.6401 -.25 4.3168
4 0 12.4342 -.25 5.0152 12.5297 -.25 4.4737 12.6617 -.25 4.8559 12.5108 -.25 5.0136
4 0 11.265 -.25 6.4442 11.3604 -.25 5.9027 12.5982 -.25 6.1209 12.5027 -.25 6.6624
4 0 12.5741 -.25 6.6902 12.5027 -.25 6.6624 12.5982 -.25 6.1209 12.6748 -.25 6.1193
4 0 12.6295 -.25 6.7432 12.5741 -.25 6.6902 12.6748 -.25 6.1193 12.7449 -.25 6.0884
4 0 12.7449 -.25 6.0884 12.7979 -.25 6.0331 12.6604 -.25 6.8133 12.6295 -.25 6.7432
3 0 12.8257 -.25 5.9616 12.6604 -.25 6.8133 12.7979 -.25 6.0331
4 0 13.1899 -.25 7.0628 12.662 -.25 6.8899 12.6604 -.25 6.8133 12.8257 -.25 5.9616
4 0 12.5078 -.25 10.9307 12.5733 -.25 7.3928 12.662 -.25 6.8899 13.1899 -.25 7.0628
4 0 12.6342 -.25 6.9614 12.662 -.25 6.8899 12.5733 -.25 7.3928 12.5717 -.25 7.3161
4 0 12.5813 -.25 7.0167 12.6342 -.25 6.9614 12.5717 -.25 7.3161 12.5408 -.25 7.246
4 0 12.5408 -.25 7.246 12.4855 -.25 7.193 12.5111 -.25 7.0476 12.5813 -.25 7.0167
4 0 12.4855 -.25 7.193 12.414 -.25 7.1653 12.4345 -.25 7.0492 12.5111 -.25 7.0476
3 0 12.3374 -.25 7.1669 12.2673 -.25 7.1978 11.042 -.25 6.8037
4 0 12.3374 -.25 7.1669 11.042 -.25 6.8037 12.4345 -.25 7.0492 12.414 -.25 7.1653
3 0 12.5733 -.25 7.3928 12.5078 -.25 10.9307 12.5256 -.25 7.6635
4 0 12.0049 -.25 10.164 12.4406 -.25 7.8011 12.5256 -.25 7.6635 12.5078 -.25 10.9307
3 0 12.4406 -.25 7.8011 12.0049 -.25 10.164 12.2508 -.25 7.897
3 0 12.2508 -.25 7.897 12.0049 -.25 10.164 11.9851 -.25 7.9366
4 0 12.0049 -.25 10.164 11.8593 -.25 9.8592 11.6838 -.25 7.9139 11.9851 -.25 7.9366
3 0 11.8593 -.25 9.8592 11.6451 -.25 7.9071 11.6838 -.25 7.9139
3 0 11.6451 -.25 7.9071 11.0881 -.25 7.8673 11.3465 -.25 7.8696
4 0 10.8374 -.25 7.9641 11.0881 -.25 7.8673 11.6451 -.25 7.9071 11.8593 -.25 9.8592
3 0 11.0881 -.25 7.8673 10.8374 -.25 7.9641 10.9094 -.25 7.9004
3 0 11.8593 -.25 9.8592 10.8306 -.25 8.0028 10.8374 -.25 7.9641
3 0 11.8593 -.25 9.8592 10.8029 -.25 8.0742 10.8306 -.25 8.0028
3 0 10.6031 -.25 8.1621 10.5008 -.25 8.7422 10.5317 -.25 8.1343
3 0 10.6797 -.25 8.1604 10.5008 -.25 8.7422 10.6031 -.25 8.1621
3 0 11.8593 -.25 9.8592 10.6797 -.25 8.1604 10.7499 -.25 8.1295
4 0 10.6966 -.25 9.8935 10.5008 -.25 8.7422 10.6797 -.25 8.1604 11.8593 -.25 9.8592
3 0 11.8593 -.25 9.8592 10.7499 -.25 8.1295 10.8029 -.25 8.0742
4 0 9.9818 -.25 6.9358 10.7268 -.25 6.502 10.5765 -.25 7.5262 10.4916 -.25 7.6638
4 0 9.9818 -.25 6.9358 10.4916 -.25 7.6638 10.4438 -.25 7.9346 9.9411 -.25 8.5239
3 0 10.4455 -.25 8.0112 9.9411 -.25 8.5239 10.4438 -.25 7.9346
4 0 10.4763 -.25 8.0813 10.5008 -.25 8.7422 9.9411 -.25 8.5239 10.4455 -.25 8.0112
3 0 10.5317 -.25 8.1343 10.5008 -.25 8.7422 10.4763 -.25 8.0813
4 0 10.5765 -.25 7.5262 10.7268 -.25 6.502 10.7885 -.25 6.6422 10.7664 -.25 7.4303
4 0 10.8992 -.25 6.7482 11.0321 -.25 7.3907 10.7664 -.25 7.4303 10.7885 -.25 6.6422
4 0 11.0321 -.25 7.3907 10.8992 -.25 6.7482 11.042 -.25 6.8037 11.3334 -.25 7.4134
3 0 12.1078 -.25 7.4269 11.929 -.25 7.4601 11.6707 -.25 7.4577
3 0 12.1865 -.25 7.3246 12.1797 -.25 7.3632 12.1078 -.25 7.4269
4 0 12.1078 -.25 7.4269 11.042 -.25 6.8037 12.2143 -.25 7.2531 12.1865 -.25 7.3246
3 0 12.2673 -.25 7.1978 12.2143 -.25 7.2531 11.042 -.25 6.8037
4 0 8.5735 -.25 7.0065 8.2049 -.25 7.0612 8.0956 -.25 6.324 8.5482 -.25 5.5663
3 0 8.2049 -.25 7.0612 7.9046 -.25 7.4071 8.0956 -.25 6.324
4 15 10.3978 -.25 3.8984 9.8312 -.25 3.7187 10.1952 -.25 3.4638 10.5115 -.25 3.4797
4 15 9.3671 -.25 3.6369 9.5491 -.25 3.5094 9.8312 -.25 3.7187 9.4353 -.25 3.9281
4 15 9.0008 -.25 4.1306 9.0736 -.25 3.944 9.4353 -.25 3.9281 9.374 -.25 4.2762
4 15 9.3444 -.25 4.6698 9.2034 -.25 4.5652 9.374 -.25 4.2762 9.6743 -.25 4.6083
4 15 9.82 -.25 4.9132 9.6721 -.25 4.8472 9.6743 -.25 4.6083 10.0475 -.25 4.7539
4 15 10.0475 -.25 4.7539 10.482 -.25 4.5513 10.5503 -.25 4.8425 10.4138 -.25 4.9381
4 15 10.482 -.25 4.5513 10.6139 -.25 4.2555 10.8642 -.25 4.4193 10.8301 -.25 4.6127
4 15 10.6139 -.25 4.2555 10.3978 -.25 3.8984 10.8687 -.25 3.9415 10.9256 -.25 4.0712
4 0 10.1309 -.25 4.2114 10.1697 -.25 4.3367 9.9678 -.25 4.3011 9.9964 -.25 4.1387
4 0 9.9678 -.25 4.3011 10.1697 -.25 4.3367 10.0903 -.25 4.4412 9.9392 -.25 4.4636
4 0 9.8047 -.25 4.3908 9.7659 -.25 4.2655 9.9678 -.25 4.3011 9.9392 -.25 4.4636
4 0 9.8453 -.25 4.1611 9.9964 -.25 4.1387 9.9678 -.25 4.3011 9.7659 -.25 4.2655
4 15 9.8453 -.25 4.1611 9.4353 -.25 3.9281 9.8312 -.25 3.7187 9.9964 -.25 4.1387
4 15 9.374 -.25 4.2762 9.4353 -.25 3.9281 9.8453 -.25 4.1611 9.7659 -.25 4.2655
4 15 9.8047 -.25 4.3908 9.6743 -.25 4.6083 9.374 -.25 4.2762 9.7659 -.25 4.2655
4 15 9.9392 -.25 4.4636 10.0475 -.25 4.7539 9.6743 -.25 4.6083 9.8047 -.25 4.3908
3 15 10.0903 -.25 4.4412 10.0475 -.25 4.7539 9.9392 -.25 4.4636
4 15 9.9964 -.25 4.1387 9.8312 -.25 3.7187 10.3978 -.25 3.8984 10.1309 -.25 4.2114
4 15 10.482 -.25 4.5513 10.1697 -.25 4.3367 10.3978 -.25 3.8984 10.6139 -.25 4.2555
3 15 10.3978 -.25 3.8984 10.1697 -.25 4.3367 10.1309 -.25 4.2114
4 15 10.0903 -.25 4.4412 10.1697 -.25 4.3367 10.482 -.25 4.5513 10.0475 -.25 4.7539
4 15 9.1238 -.25 4.7904 8.5686 -.25 4.7723 8.6937 -.25 4.5152 8.9008 -.25 4.4719
4 15 8.1728 -.25 4.9817 8.2455 -.25 4.7951 8.5686 -.25 4.7723 8.4617 -.25 5.1523
3 15 8.5482 -.25 5.5663 8.3685 -.25 5.4549 8.4617 -.25 5.1523
4 15 8.7909 -.25 5.1616 8.8008 -.25 5.4912 8.5482 -.25 5.5663 8.4617 -.25 5.1523
4 15 9.1238 -.25 4.7904 9.4468 -.25 4.7676 9.5561 -.25 4.8268 9.4492 -.25 5.2067
4 15 9.6085 -.25 5.4342 9.208 -.25 5.4434 9.4492 -.25 5.2067 9.6676 -.25 5.325
4 15 8.9601 -.25 5.7187 8.8008 -.25 5.4912 9.208 -.25 5.4434 9.1216 -.25 5.7073
4 0 8.9553 -.25 5.1616 8.7909 -.25 5.1616 8.839 -.25 5.068 8.9552 -.25 5.0293
4 0 9.0714 -.25 5.2551 8.9553 -.25 5.1616 8.9552 -.25 5.0293 9.0715 -.25 5.068
3 0 9.1196 -.25 5.1615 9.0714 -.25 5.2551 9.0715 -.25 5.068
3 0 9.0714 -.25 5.2551 8.9552 -.25 5.2938 8.9553 -.25 5.1616
4 0 8.839 -.25 5.2551 8.7909 -.25 5.1616 8.9553 -.25 5.1616 8.9552 -.25 5.2938
4 15 8.9552 -.25 5.0293 8.839 -.25 5.068 8.5686 -.25 4.7723 9.1238 -.25 4.7904
4 15 8.5686 -.25 4.7723 8.839 -.25 5.068 8.7909 -.25 5.1616 8.4617 -.25 5.1523
3 15 8.839 -.25 5.2551 8.8008 -.25 5.4912 8.7909 -.25 5.1616
3 15 8.9552 -.25 5.2938 8.8008 -.25 5.4912 8.839 -.25 5.2551
4 15 9.208 -.25 5.4434 8.8008 -.25 5.4912 8.9552 -.25 5.2938 9.0714 -.25 5.2551
3 15 9.1238 -.25 4.7904 9.0715 -.25 5.068 8.9552 -.25 5.0293
4 15 9.1238 -.25 4.7904 9.4492 -.25 5.2067 9.1196 -.25 5.1615 9.0715 -.25 5.068
4 15 9.4492 -.25 5.2067 9.208 -.25 5.4434 9.0714 -.25 5.2551 9.1196 -.25 5.1615
4 0 8.6276 -.25 3.3071 8.7299 -.25 2.7269 9.5491 -.25 3.5094 9.3671 -.25 3.6369
3 0 9.0736 -.25 3.944 8.5389 -.25 3.8099 8.6276 -.25 3.3071
4 0 8.6276 -.25 3.3071 9.3671 -.25 3.6369 9.4353 -.25 3.9281 9.0736 -.25 3.944
4 0 8.5389 -.25 3.8099 9.0736 -.25 3.944 9.0008 -.25 4.1306 8.4434 -.25 4.3514
4 0 9.0008 -.25 4.1306 8.9008 -.25 4.4719 8.6937 -.25 4.5152 8.4434 -.25 4.3514
4 0 8.9008 -.25 4.4719 9.0008 -.25 4.1306 9.374 -.25 4.2762 9.2034 -.25 4.5652
4 0 9.5561 -.25 4.8268 9.6743 -.25 4.6083 9.6721 -.25 4.8472 9.4492 -.25 5.2067
4 0 9.6676 -.25 5.325 9.4492 -.25 5.2067 9.6721 -.25 4.8472 9.82 -.25 4.9132
4 0 9.82 -.25 4.9132 10.0475 -.25 4.7539 10.4138 -.25 4.9381 9.6676 -.25 5.325
4 0 10.7235 -.25 6.3487 9.6676 -.25 5.325 10.4138 -.25 4.9381 10.8189 -.25 5.8072
4 0 10.8189 -.25 5.8072 10.4138 -.25 4.9381 10.5503 -.25 4.8425 11.0031 -.25 4.7628
4 0 10.5503 -.25 4.8425 10.482 -.25 4.5513 10.8301 -.25 4.6127 11.0031 -.25 4.7628
3 0 10.9256 -.25 4.0712 10.8642 -.25 4.4193 10.6139 -.25 4.2555
4 0 10.9256 -.25 4.0712 11.1541 -.25 4.0785 11.0986 -.25 4.2213 10.8642 -.25 4.4193
4 0 10.8642 -.25 4.4193 11.0986 -.25 4.2213 11.0031 -.25 4.7628 10.8301 -.25 4.6127
4 0 10.8687 -.25 3.9415 11.2601 -.25 3.9678 11.1541 -.25 4.0785 10.9256 -.25 4.0712
4 0 11.2601 -.25 3.9678 10.8687 -.25 3.9415 10.8414 -.25 3.4182 11.4004 -.25 3.906
4 0 10.3978 -.25 3.8984 10.5115 -.25 3.4797 10.8414 -.25 3.4182 10.8687 -.25 3.9415
3 0 10.8414 -.25 3.4182 10.5115 -.25 3.4797 10.7699 -.25 3.3905
3 0 10.1952 -.25 3.4638 9.8312 -.25 3.7187 9.5491 -.25 3.5094
4 0 10.7146 -.25 3.3375 10.7699 -.25 3.3905 10.5115 -.25 3.4797 10.1952 -.25 3.4638
3 0 10.7146 -.25 3.3375 10.1952 -.25 3.4638 10.6837 -.25 3.2674
4 0 10.6821 -.25 3.1907 10.6837 -.25 3.2674 10.1952 -.25 3.4638 9.5491 -.25 3.5094
3 0 10.7098 -.25 3.1193 10.6821 -.25 3.1907 9.5491 -.25 3.5094
3 0 8.6937 -.25 4.5152 8.5686 -.25 4.7723 8.2455 -.25 4.7951
4 0 7.0123 -.25 4.099 8.4434 -.25 4.3514 8.6937 -.25 4.5152 8.2455 -.25 4.7951
3 0 8.2455 -.25 4.7951 8.1728 -.25 4.9817 7.0123 -.25 4.099
4 0 8.4617 -.25 5.1523 8.3685 -.25 5.4549 8.2729 -.25 5.3184 8.1728 -.25 4.9817
3 0 8.3685 -.25 5.4549 8.232 -.25 5.5505 8.2729 -.25 5.3184
3 0 8.2729 -.25 5.3184 7.0123 -.25 4.099 8.1728 -.25 4.9817
3 0 8.5482 -.25 5.5663 8.0956 -.25 6.324 8.3685 -.25 5.4549
4 0 8.5482 -.25 5.5663 8.8008 -.25 5.4912 8.9601 -.25 5.7187 8.5735 -.25 7.0065
4 0 9.0834 -.25 9.0905 8.5735 -.25 7.0065 8.9601 -.25 5.7187 9.2083 -.25 7.4774
4 0 8.9601 -.25 5.7187 9.1216 -.25 5.7073 9.9818 -.25 6.9358 9.2083 -.25 7.4774
4 0 10.7268 -.25 6.502 9.9818 -.25 6.9358 9.208 -.25 5.4434 9.6085 -.25 5.4342
3 0 9.9818 -.25 6.9358 9.1216 -.25 5.7073 9.208 -.25 5.4434
4 0 10.7268 -.25 6.502 9.6085 -.25 5.4342 9.6676 -.25 5.325 10.7235 -.25 6.3487
4 0 6.8746 -.25 -4.6195 7.1932 -.25 -4.1645 6.8867 -.25 -4.1578 6.5681 -.25 -4.6128
4 0 6.5681 -.25 -4.6128 6.8867 -.25 -4.1578 6.6062 -.25 -4.0344 6.2876 -.25 -4.4894
4 0 6.0756 -.25 -4.268 6.2876 -.25 -4.4894 6.6062 -.25 -4.0344 6.3942 -.25 -3.813
4 0 6.3942 -.25 -3.813 6.2832 -.25 -3.5273 5.9646 -.25 -3.9823 6.0756 -.25 -4.268
3 0 6.2832 -.25 -3.5273 6.0445 -.25 -2.1735 5.9646 -.25 -3.9823
4 0 6.0445 -.25 -2.1735 5.3624 -.25 1.6944 4.7506 -.25 2.9026 5.9646 -.25 -3.9823
4 0 4.6804 -.25 5.5623 3.6525 -.25 9.13 4.7506 -.25 2.9026 5.3624 -.25 1.6944
4 0 3.9984 -.25 9.4303 3.7505 -.25 10.3836 3.6525 -.25 9.13 4.6804 -.25 5.5623
4 0 3.391 -.25 10.1607 3.6525 -.25 9.13 3.7505 -.25 10.3836 3.4594 -.25 11.1299
4 0 3.4594 -.25 11.1299 3.1364 -.25 11.8307 2.9998 -.25 11.2483 3.391 -.25 10.1607
4 0 2.9181 -.25 12.3904 2.5176 -.25 12.3996 2.9998 -.25 11.2483 3.1364 -.25 11.8307
3 0 2.9998 -.25 11.2483 2.5176 -.25 12.3996 2.6837 -.25 11.9104
4 0 2.8112 -.25 12.7704 2.3971 -.25 12.8569 2.5176 -.25 12.3996 2.9181 -.25 12.3904
4 0 2.3608 -.25 13.2892 2.3971 -.25 12.8569 2.8112 -.25 12.7704 2.4223 -.25 13.6191
4 0 2.4223 -.25 13.6191 2.8112 -.25 12.7704 2.8386 -.25 13.2937 2.6521 -.25 13.8989
4 0 2.6521 -.25 13.8989 2.8386 -.25 13.2937 2.991 -.25 13.5599 2.8956 -.25 14.1014
4 0 2.8956 -.25 14.1014 2.991 -.25 13.5599 3.3301 -.25 13.8988 3.3074 -.25 14.2538
4 0 2.8956 -.25 14.1014 3.3074 -.25 14.2538 3.3552 -.25 14.661 2.8979 -.25 14.5405
4 0 3.0163 -.25 15.0001 2.8979 -.25 14.5405 3.3552 -.25 14.661 3.2006 -.25 15.3118
4 0 3.2006 -.25 15.3118 3.3552 -.25 14.661 3.5646 -.25 15.0569 3.4691 -.25 15.5984
4 0 3.4691 -.25 15.5984 3.5646 -.25 15.0569 4.0265 -.25 15.3776 3.8355 -.25 15.7826
4 0 4.6796 -.25 15.9714 4.3246 -.25 15.9487 3.8355 -.25 15.7826 4.5612 -.25 15.5118
3 0 4.5612 -.25 15.5118 3.8355 -.25 15.7826 4.0265 -.25 15.3776
4 0 4.6796 -.25 15.9714 4.5612 -.25 15.5118 4.8843 -.25 15.489 5.08 -.25 15.9622
4 0 5.1368 -.25 15.4139 5.4508 -.25 15.6687 5.08 -.25 15.9622 4.8843 -.25 15.489
4 0 5.7217 -.25 16.3944 5.08 -.25 15.9622 5.4508 -.25 15.6687 5.7785 -.25 15.8461
3 0 5.7217 -.25 16.3944 5.3554 -.25 16.2102 5.08 -.25 15.9622
4 0 6.2632 -.25 16.4899 5.7217 -.25 16.3944 5.7785 -.25 15.8461 6.1585 -.25 15.953
4 0 6.5521 -.25 15.9825 6.7023 -.25 16.4876 6.2632 -.25 16.4899 6.1585 -.25 15.953
4 0 6.5521 -.25 15.9825 6.9206 -.25 15.9278 7.0777 -.25 16.3942 6.7023 -.25 16.4876
4 0 7.6169 -.25 16.0506 7.3826 -.25 16.2486 7.0777 -.25 16.3942 6.9206 -.25 15.9278
3 0 7.6169 -.25 16.0506 6.9206 -.25 15.9278 7.2391 -.25 15.7048
4 0 7.4348 -.25 15.5 7.7488 -.25 15.7548 7.6169 -.25 16.0506 7.2391 -.25 15.7048
3 0 7.9535 -.25 15.2724 7.4348 -.25 15.5 7.5531 -.25 15.2816
4 0 8.0264 -.25 15.7639 7.7488 -.25 15.7548 7.4348 -.25 15.5 7.9535 -.25 15.2724
4 0 7.9535 -.25 15.2724 8.2379 -.25 15.2428 8.3949 -.25 15.7092 8.0264 -.25 15.7639
4 0 8.693 -.25 15.6022 8.3949 -.25 15.7092 8.2379 -.25 15.2428 8.6269 -.25 15.0721
4 0 8.6269 -.25 15.0721 8.8612 -.25 14.8741 8.9728 -.25 15.3724 8.693 -.25 15.6022
4 0 8.8612 -.25 14.8741 9.0318 -.25 14.5852 9.1753 -.25 15.1289 8.9728 -.25 15.3724
4 0 9.0318 -.25 14.5852 9.4527 -.25 14.46 9.3527 -.25 14.8013 9.1753 -.25 15.1289
4 0 9.1364 -.25 13.7661 9.1705 -.25 13.5727 9.3912 -.25 13.4521 9.166 -.25 14.0505
4 0 9.8485 -.25 13.5726 9.166 -.25 14.0505 9.3912 -.25 13.4521 9.5914 -.25 13.4475
4 0 10.9611 -.25 14.0479 10.5471 -.25 14.1345 10.1511 -.25 13.6658 10.5129 -.25 13.6498
4 0 9.8827 -.25 14.0572 10.1511 -.25 13.6658 10.5471 -.25 14.1345 10.1853 -.25 14.1504
4 0 9.8827 -.25 14.0572 9.6893 -.25 14.0231 9.8485 -.25 13.5726 10.1511 -.25 13.6658
4 0 9.8485 -.25 13.5726 9.6893 -.25 14.0231 9.1183 -.25 14.3212 9.166 -.25 14.0505
3 0 9.6893 -.25 14.0231 9.546 -.25 14.1574 9.1183 -.25 14.3212
4 0 9.4527 -.25 14.46 9.0318 -.25 14.5852 9.1183 -.25 14.3212 9.546 -.25 14.1574
3 0 10.9611 -.25 14.0479 10.5129 -.25 13.6498 10.8883 -.25 13.5565
4 0 11.3957 -.25 13.8454 10.9611 -.25 14.0479 10.8883 -.25 13.5565 11.1931 -.25 13.4109
4 0 11.1931 -.25 13.4109 11.3888 -.25 13.2061 11.6436 -.25 13.5701 11.3957 -.25 13.8454
4 0 11.3888 -.25 13.2061 11.5139 -.25 12.9489 11.8211 -.25 13.2424 11.6436 -.25 13.5701
4 0 11.5139 -.25 12.9489 11.5866 -.25 12.7624 11.8642 -.25 12.7714 11.8211 -.25 13.2424
4 0 14.7356 -.25 -2.8346 7.1932 -.25 -4.1645 6.8746 -.25 -4.6195 15.1906 -.25 -3.1532
3 0 15.1906 -.25 -3.1532 15.0213 -.25 -2.7235 14.7356 -.25 -2.8346
4 0 15.4763 -.25 -3.0421 15.2427 -.25 -2.5115 15.0213 -.25 -2.7235 15.1906 -.25 -3.1532
4 0 15.2427 -.25 -2.5115 15.4763 -.25 -3.0421 15.6977 -.25 -2.8301 15.8211 -.25 -2.5496
4 0 15.3661 -.25 -2.231 15.2427 -.25 -2.5115 15.8211 -.25 -2.5496 15.8278 -.25 -2.2432
3 0 15.8278 -.25 -2.2432 15.3728 -.25 -1.9246 15.3661 -.25 -2.231
3 0 15.8278 -.25 -2.2432 15.1341 -.25 -.5708 15.3728 -.25 -1.9246
4 0 13.7701 -.25 7.1651 14.4521 -.25 3.2971 15.8278 -.25 -2.2432 14.4297 -.25 5.6861
3 0 15.8278 -.25 -2.2432 14.4521 -.25 3.2971 15.1341 -.25 -.5708
4 0 13.088 -.25 11.033 13.7701 -.25 7.1651 14.4297 -.25 5.6861 13.3384 -.25 11.8748
3 0 13.3384 -.25 11.8748 12.9312 -.25 11.9226 13.088 -.25 11.033
4 0 12.7538 -.25 12.2503 12.9312 -.25 11.9226 13.3384 -.25 11.8748 13.1724 -.25 12.364
4 0 12.9495 -.25 12.7235 12.5126 -.25 12.4869 12.7538 -.25 12.2503 13.1724 -.25 12.364
4 0 12.2806 -.25 13.124 12.5126 -.25 12.4869 12.9495 -.25 12.7235 12.6242 -.25 12.9852
3 0 12.5126 -.25 12.4869 12.2806 -.25 13.124 12.2009 -.25 12.6713
4 0 12.2009 -.25 12.6713 12.2806 -.25 13.124 11.8211 -.25 13.2424 11.8642 -.25 12.7714
4 15 3.2006 -.25 15.3118 1.3774 -.25 22.3179 1 -.25 22.1101 3.0163 -.25 15.0001
4 15 1.752 -.25 22.7799 1.3774 -.25 22.3179 3.2006 -.25 15.3118 3.4691 -.25 15.5984
4 15 1.8835 -.25 23.3248 1.752 -.25 22.7799 3.4691 -.25 15.5984 3.9711 -.25 22.4376
4 15 3.9711 -.25 22.4376 3.4691 -.25 15.5984 3.8355 -.25 15.7826 4.2373 -.25 22.1094
4 15 4.3246 -.25 15.9487 4.6356 -.25 21.89 4.2373 -.25 22.1094 3.8355 -.25 15.7826
4 15 4.6796 -.25 15.9714 5.1055 -.25 21.813 4.6356 -.25 21.89 4.3246 -.25 15.9487
4 15 4.6796 -.25 15.9714 5.08 -.25 15.9622 5.3554 -.25 16.2102 5.1055 -.25 21.813
3 15 5.7217 -.25 16.3944 5.1055 -.25 21.813 5.3554 -.25 16.2102
3 15 6.2632 -.25 16.4899 5.1055 -.25 21.813 5.7217 -.25 16.3944
4 15 6.2632 -.25 16.4899 6.7023 -.25 16.4876 9.1863 -.25 21.7557 5.1055 -.25 21.813
3 15 9.1863 -.25 21.7557 6.7023 -.25 16.4876 7.0777 -.25 16.3942
4 15 7.3826 -.25 16.2486 9.4474 -.25 21.6119 9.1863 -.25 21.7557 7.0777 -.25 16.3942
4 15 7.6169 -.25 16.0506 9.7555 -.25 21.5614 9.4474 -.25 21.6119 7.3826 -.25 16.2486
4 15 9.7555 -.25 21.5614 7.6169 -.25 16.0506 7.7488 -.25 15.7548 8.0264 -.25 15.7639
3 15 9.7555 -.25 21.5614 8.0264 -.25 15.7639 8.3949 -.25 15.7092
4 15 8.3949 -.25 15.7092 8.693 -.25 15.6022 10.0636 -.25 21.6119 9.7555 -.25 21.5614
4 15 8.693 -.25 15.6022 8.9728 -.25 15.3724 10.3248 -.25 21.7557 10.0636 -.25 21.6119
4 15 10.3248 -.25 21.7557 8.9728 -.25 15.3724 9.1753 -.25 15.1289 13 -.25 20
4 15 10.5471 -.25 14.1345 13 -.25 20 9.1753 -.25 15.1289 9.3527 -.25 14.8013
4 15 9.4527 -.25 14.46 10.1853 -.25 14.1504 10.5471 -.25 14.1345 9.3527 -.25 14.8013
4 15 9.546 -.25 14.1574 9.8827 -.25 14.0572 10.1853 -.25 14.1504 9.4527 -.25 14.46
3 15 9.8827 -.25 14.0572 9.546 -.25 14.1574 9.6893 -.25 14.0231
3 15 13 -.25 20 10.5471 -.25 14.1345 10.9611 -.25 14.0479
3 15 13 -.25 20 10.9611 -.25 14.0479 11.3957 -.25 13.8454
3 15 13 -.25 20 11.3957 -.25 13.8454 11.6436 -.25 13.5701
4 15 12.6242 -.25 12.9852 13 -.25 20 11.6436 -.25 13.5701 12.2806 -.25 13.124
3 15 12.2806 -.25 13.124 11.6436 -.25 13.5701 11.8211 -.25 13.2424
3 15 13 -.25 20 12.6242 -.25 12.9852 12.9495 -.25 12.7235
3 15 13.1724 -.25 12.364 13 -.25 20 12.9495 -.25 12.7235
3 15 13.3384 -.25 11.8748 13 -.25 20 13.1724 -.25 12.364
4 15 13.3384 -.25 11.8748 14.4297 -.25 5.6861 17.9208 -.25 -6.5 13 -.25 20
3 15 17.9208 -.25 -6.5 14.4297 -.25 5.6861 15.8278 -.25 -2.2432
3 15 17.9208 -.25 -6.5 15.8278 -.25 -2.2432 15.8211 -.25 -2.5496
3 15 17.9208 -.25 -6.5 15.8211 -.25 -2.5496 15.6977 -.25 -2.8301
3 15 17.9208 -.25 -6.5 15.6977 -.25 -2.8301 15.4763 -.25 -3.0421
3 15 17.9208 -.25 -6.5 15.4763 -.25 -3.0421 15.1906 -.25 -3.1532
4 15 2 -.25 -6.5 17.9208 -.25 -6.5 15.1906 -.25 -3.1532 6.8746 -.25 -4.6195
3 15 6.8746 -.25 -4.6195 6.5681 -.25 -4.6128 2 -.25 -6.5
3 15 6.5681 -.25 -4.6128 6.2876 -.25 -4.4894 2 -.25 -6.5
3 15 6.2876 -.25 -4.4894 6.0756 -.25 -4.268 2 -.25 -6.5
4 15 5.9646 -.25 -3.9823 1 -.25 -5.5 2 -.25 -6.5 6.0756 -.25 -4.268
3 15 5.9646 -.25 -3.9823 4.7506 -.25 2.9026 1 -.25 -5.5
4 15 4.7506 -.25 2.9026 3.6525 -.25 9.13 3.391 -.25 10.1607 1 -.25 -5.5
4 15 2.6837 -.25 11.9104 1 -.25 -5.5 3.391 -.25 10.1607 2.9998 -.25 11.2483
3 15 2.6837 -.25 11.9104 2.5176 -.25 12.3996 1 -.25 -5.5
3 15 2.5176 -.25 12.3996 2.3971 -.25 12.8569 1 -.25 -5.5
4 15 1 -.25 22.1101 1 -.25 -5.5 2.3971 -.25 12.8569 2.3608 -.25 13.2892
3 15 2.4223 -.25 13.6191 1 -.25 22.1101 2.3608 -.25 13.2892
3 15 3.0163 -.25 15.0001 1 -.25 22.1101 2.8979 -.25 14.5405
4 15 2.4223 -.25 13.6191 2.6521 -.25 13.8989 2.8979 -.25 14.5405 1 -.25 22.1101
3 15 2.8979 -.25 14.5405 2.6521 -.25 13.8989 2.8956 -.25 14.1014
4 0 5.5962 -.25 13.068 5.6293 -.25 13.4387 5.5187 -.25 13.5668 5.3256 -.25 13.4929
3 0 12.4496 -.25 1.3089 12.4109 -.25 1.3021 11.9331 -.25 .6196
4 0 13.1854 -.25 1.3156 12.7483 -.25 1.3464 12.4496 -.25 1.3089 11.9331 -.25 .6196
3 0 11.372 -.25 7.4202 11.3334 -.25 7.4134 11.042 -.25 6.8037
4 0 12.1078 -.25 7.4269 11.6707 -.25 7.4577 11.372 -.25 7.4202 11.042 -.25 6.8037
4 15 6.7642 -.25 47.6757 8.6193 -.25 44.7148 7.3276 -.25 51.6517 6.849 -.25 48.3143
3 0 11.3501 -.25 3.4928 10.918 -.25 3.4166 10.9881 -.25 3.3857
4 15 10.7721 -.25 12.858 10.8517 -.25 12.6328 11.5139 -.25 12.9489 11.3888 -.25 13.2061
4 15 11.036 -.25 12.2665 11.5866 -.25 12.7624 11.5139 -.25 12.9489 10.8517 -.25 12.6328
3 0 9.6743 -.25 4.6083 9.5561 -.25 4.8268 9.4468 -.25 4.7676
4 0 9.6743 -.25 4.6083 9.4468 -.25 4.7676 9.1238 -.25 4.7904 9.3444 -.25 4.6698
4 0 8.9008 -.25 4.4719 9.2034 -.25 4.5652 9.3444 -.25 4.6698 9.1238 -.25 4.7904
