0 Sticker with "80" in Circle, Sponsorship Logos, Lime and Red Stripes for Panel Smooth Medium 3#
0 Name: 6171761h.dat
0 Author: Evert-Jan Boer [ejboer]
0 !LDRAW_ORG Unofficial_Part
0 !LICENSE Licensed under CC BY 4.0 : see CAreadme.txt

0 BFC CERTIFY CCW

0 !KEYWORDS RC Tracked Racer, Set 42065

1 16 0 0 0 1 0 0 0 1 0 0 0 1 s\13710as01.dat

4 0 14.695 -.25 61.093 14.004 -.25 60.7 16.364 -.25 60.759 15.527 -.25 61.145
4 0 16.364 -.25 60.759 14.004 -.25 60.7 21.912 -.25 54.998 20.983 -.25 57.032
3 0 20.983 -.25 57.032 21.912 -.25 54.998 21.561 -.25 56.284
4 0 -21.013 -.25 36.664 -21.677 -.25 35 -18.084 -.25 39.353 -19.575 -.25 38.36
4 15 -31.689 -.25 -23.918 -30.6861 -.25 -21.0131 -33.048 -.25 -21.458 -32.83 -.25 -22.928
4 27 11.917 -.25 -65.795 12.448 -.25 -65.249 12.802 -.25 -64.539 10.504 -.25 -66.3
4 27 12.802 -.25 -64.539 12.92 -.25 -63.658 5.504 -.25 -66.3 10.504 -.25 -66.3
4 0 21.79 -.25 -13.866 21.935 -.25 -12.382 19.507 -.25 -15.595 20.928 -.25 -15.089
4 15 7.4952 -.25 23.9011 21.9299 -.25 2.4389 21.9254 -.25 15.7806 21.8199 -.25 16.2328
3 0 -3.379 -.25 49.1 -2.9976 -.25 36.6 -1.2028 -.25 36.4232
3 0 -12.491 -.25 43.1 -6.6024 -.25 36.6 -4.8 -.25 36.659
4 0 -2.9976 -.25 36.6 -3.379 -.25 49.1 -12.491 -.25 43.1 -4.8 -.25 36.659
3 0 -12.491 -.25 43.1 -8.3972 -.25 36.4232 -6.6024 -.25 36.6
3 0 -12.491 -.25 43.1 -10.1765 -.25 36.1295 -8.3972 -.25 36.4232
3 0 -18.084 -.25 39.353 -13.6586 -.25 35.1964 -11.9328 -.25 35.7199
4 0 -10.1765 -.25 36.1295 -12.491 -.25 43.1 -18.084 -.25 39.353 -11.9328 -.25 35.7199
3 0 -21.677 -.25 35 -16.989 -.25 33.8169 -15.3464 -.25 34.5612
4 0 -13.6586 -.25 35.1964 -18.084 -.25 39.353 -21.677 -.25 35 -15.3464 -.25 34.5612
3 0 -21.677 -.25 35 -18.5795 -.25 32.9668 -16.989 -.25 33.8169
3 0 -21.677 -.25 35 -20.111 -.25 32.0145 -18.5795 -.25 32.9668
3 0 -21.677 -.25 35 -21.5769 -.25 30.964 -20.111 -.25 32.0145
3 0 -22.6759 -.25 30.0621 -21.5769 -.25 30.964 -21.677 -.25 35
4 0 9.4359 -.25 -21.6364 10.5452 -.25 -20.1096 9.9973 -.25 -19.8891 9.364 -.25 -19.9346
3 0 10.5452 -.25 -20.1096 11.0766 -.25 -21.1789 10.9242 -.25 -20.5625
3 0 10.6469 -.25 -22.5163 10.9793 -.25 -21.865 11.0766 -.25 -21.1789
4 0 10.5452 -.25 -20.1096 9.4359 -.25 -21.6364 10.6469 -.25 -22.5163 11.0766 -.25 -21.1789
4 0 10.1302 -.25 -23.0337 10.6469 -.25 -22.5163 9.4359 -.25 -21.6364 9.5078 -.25 -23.3383
4 0 9.4359 -.25 -21.6364 8.3265 -.25 -23.1633 8.8744 -.25 -23.3838 9.5078 -.25 -23.3383
4 0 8.2248 -.25 -20.7566 7.7951 -.25 -22.094 8.3265 -.25 -23.1633 9.4359 -.25 -21.6364
3 0 7.7951 -.25 -22.094 7.9475 -.25 -22.7104 8.3265 -.25 -23.1633
3 0 7.7951 -.25 -22.094 8.2248 -.25 -20.7566 7.8925 -.25 -21.4079
4 0 9.4359 -.25 -21.6364 9.364 -.25 -19.9346 8.7416 -.25 -20.2392 8.2248 -.25 -20.7566
4 0 -.3141 -.25 -23.6364 .5829 -.25 -22.4018 .1399 -.25 -22.2235 -.3723 -.25 -22.2604
3 0 .5829 -.25 -22.4018 1.0126 -.25 -23.2665 .8894 -.25 -22.7681
3 0 .6651 -.25 -24.3479 .9339 -.25 -23.8213 1.0126 -.25 -23.2665
4 0 .5829 -.25 -22.4018 -.3141 -.25 -23.6364 .6651 -.25 -24.3479 1.0126 -.25 -23.2665
4 0 .2473 -.25 -24.7662 .6651 -.25 -24.3479 -.3141 -.25 -23.6364 -.256 -.25 -25.0125
4 0 -.3141 -.25 -23.6364 -1.2111 -.25 -24.8711 -.7681 -.25 -25.0494 -.256 -.25 -25.0125
4 0 -1.2934 -.25 -22.925 -1.6408 -.25 -24.0064 -1.2111 -.25 -24.8711 -.3141 -.25 -23.6364
3 0 -1.6408 -.25 -24.0064 -1.5176 -.25 -24.5048 -1.2111 -.25 -24.8711
3 0 -1.6408 -.25 -24.0064 -1.2934 -.25 -22.925 -1.5621 -.25 -23.4516
4 0 -.3141 -.25 -23.6364 -.3723 -.25 -22.2604 -.8755 -.25 -22.5067 -1.2934 -.25 -22.925
3 0 -3.4349 -.25 -21.4264 -3.0138 -.25 -22.2739 -3.1346 -.25 -21.7853
4 0 -3.091 -.25 -22.8176 -3.0138 -.25 -22.2739 -4.3141 -.25 -22.6364 -3.3544 -.25 -23.3337
4 0 -4.6795 -.25 -24.0155 -3.7639 -.25 -23.7437 -3.3544 -.25 -23.3337 -4.3141 -.25 -22.6364
4 0 -4.6795 -.25 -24.0155 -4.3141 -.25 -22.6364 -5.6144 -.25 -22.999 -5.1933 -.25 -23.8465
3 0 -5.6144 -.25 -22.999 -5.4936 -.25 -23.4876 -5.1933 -.25 -23.8465
4 0 -5.5372 -.25 -22.4553 -5.6144 -.25 -22.999 -4.3141 -.25 -22.6364 -5.2739 -.25 -21.9391
4 0 -20.5141 -.25 -18.3364 -19.8164 -.25 -17.3761 -20.161 -.25 -17.2375 -20.5593 -.25 -17.2661
4 0 -19.5434 -.25 -18.4802 -19.578 -.25 -17.661 -19.8164 -.25 -17.3761 -20.5141 -.25 -18.3364
3 0 -19.578 -.25 -17.661 -19.5434 -.25 -18.4802 -19.4822 -.25 -18.0487
4 0 -19.7524 -.25 -18.8898 -19.5434 -.25 -18.4802 -20.5141 -.25 -18.3364 -20.0774 -.25 -19.2152
4 0 -20.5141 -.25 -18.3364 -20.8672 -.25 -19.4354 -20.4689 -.25 -19.4068 -20.0774 -.25 -19.2152
4 0 -20.5141 -.25 -18.3364 -21.4502 -.25 -19.0119 -21.2118 -.25 -19.2968 -20.8672 -.25 -19.4354
4 0 -21.5461 -.25 -18.6242 -21.4502 -.25 -19.0119 -20.5141 -.25 -18.3364 -21.4848 -.25 -18.1927
4 0 -21.2758 -.25 -17.7831 -21.4848 -.25 -18.1927 -20.5141 -.25 -18.3364 -20.9508 -.25 -17.4577
3 0 -20.9508 -.25 -17.4577 -20.5141 -.25 -18.3364 -20.5593 -.25 -17.2661
4 0 -24.5141 -.25 -17.3864 -23.8831 -.25 -16.5179 -24.1948 -.25 -16.3925 -24.555 -.25 -16.4184
4 0 -23.6362 -.25 -17.5165 -23.6675 -.25 -16.7756 -23.8831 -.25 -16.5179 -24.5141 -.25 -17.3864
3 0 -23.6675 -.25 -16.7756 -23.6362 -.25 -17.5165 -23.5808 -.25 -17.1262
4 0 -23.8253 -.25 -17.8869 -23.6362 -.25 -17.5165 -24.5141 -.25 -17.3864 -24.1192 -.25 -18.1812
4 0 -24.5141 -.25 -17.3864 -24.8335 -.25 -18.3804 -24.4732 -.25 -18.3545 -24.1192 -.25 -18.1812
4 0 -24.5141 -.25 -17.3864 -25.3607 -.25 -17.9973 -25.1451 -.25 -18.2549 -24.8335 -.25 -18.3804
4 0 -25.4474 -.25 -17.6467 -25.3607 -.25 -17.9973 -24.5141 -.25 -17.3864 -25.392 -.25 -17.2564
4 0 -25.203 -.25 -16.886 -25.392 -.25 -17.2564 -24.5141 -.25 -17.3864 -24.909 -.25 -16.5917
3 0 -24.909 -.25 -16.5917 -24.5141 -.25 -17.3864 -24.555 -.25 -16.4184
4 0 -1.9141 -.25 -28.2364 -1.2831 -.25 -27.3679 -1.5948 -.25 -27.2425 -1.955 -.25 -27.2684
4 0 -1.0362 -.25 -28.3665 -1.0675 -.25 -27.6256 -1.2831 -.25 -27.3679 -1.9141 -.25 -28.2364
3 0 -1.0675 -.25 -27.6256 -1.0362 -.25 -28.3665 -.9808 -.25 -27.9762
4 0 -1.2253 -.25 -28.7369 -1.0362 -.25 -28.3665 -1.9141 -.25 -28.2364 -1.5192 -.25 -29.0312
4 0 -1.9141 -.25 -28.2364 -2.2335 -.25 -29.2304 -1.8732 -.25 -29.2045 -1.5192 -.25 -29.0312
4 0 -1.9141 -.25 -28.2364 -2.7607 -.25 -28.8473 -2.5451 -.25 -29.1049 -2.2335 -.25 -29.2304
4 0 -2.8474 -.25 -28.4967 -2.7607 -.25 -28.8473 -1.9141 -.25 -28.2364 -2.792 -.25 -28.1064
4 0 -2.603 -.25 -27.736 -2.792 -.25 -28.1064 -1.9141 -.25 -28.2364 -2.309 -.25 -27.4417
3 0 -2.309 -.25 -27.4417 -1.9141 -.25 -28.2364 -1.955 -.25 -27.2684
4 0 -5.9141 -.25 -27.2864 -5.3492 -.25 -26.5089 -5.6282 -.25 -26.3966 -5.9507 -.25 -26.4198
4 0 -5.9141 -.25 -27.2864 -6.2 -.25 -28.1762 -5.8775 -.25 -28.1531 -5.5605 -.25 -27.9979
4 0 -6.7 -.25 -27.17 -6.672 -.25 -27.8333 -6.2 -.25 -28.1762 -5.9141 -.25 -27.2864
3 0 -6.672 -.25 -27.8333 -6.479 -.25 -28.064 -6.2 -.25 -28.1762
3 0 -6.7496 -.25 -27.5194 -6.672 -.25 -27.8333 -6.7 -.25 -27.17
4 0 -6.5308 -.25 -26.8384 -6.7 -.25 -27.17 -5.9141 -.25 -27.2864 -6.2677 -.25 -26.575
3 0 -6.2677 -.25 -26.575 -5.9141 -.25 -27.2864 -5.9507 -.25 -26.4198
4 0 -9.4492 -.25 -25.2089 -9.5897 -.25 -25.1524 -10.0141 -.25 -25.9864 -9.2562 -.25 -25.4396
4 0 -9.1786 -.25 -25.7535 -9.2562 -.25 -25.4396 -10.0141 -.25 -25.9864 -9.2282 -.25 -26.1028
4 0 -9.8543 -.25 -26.7928 -9.3974 -.25 -26.4345 -9.2282 -.25 -26.1028 -10.0141 -.25 -25.9864
3 0 -9.8543 -.25 -26.7928 -9.6605 -.25 -26.6979 -9.3974 -.25 -26.4345
4 0 -10.0141 -.25 -25.9864 -10.3 -.25 -26.8762 -9.9775 -.25 -26.8531 -9.8543 -.25 -26.7928
4 0 -10.0141 -.25 -25.9864 -10.772 -.25 -26.5333 -10.579 -.25 -26.764 -10.3 -.25 -26.8762
4 0 -10.0141 -.25 -25.9864 -10.8 -.25 -25.87 -10.8496 -.25 -26.2194 -10.772 -.25 -26.5333
4 0 -10.0507 -.25 -25.1198 -10.6308 -.25 -25.5384 -10.8 -.25 -25.87 -10.0141 -.25 -25.9864
3 0 -10.6308 -.25 -25.5384 -10.0507 -.25 -25.1198 -10.3677 -.25 -25.275
4 0 -9.7282 -.25 -25.0966 -10.0507 -.25 -25.1198 -10.0141 -.25 -25.9864 -9.5897 -.25 -25.1524
4 0 -13.9641 -.25 -25.0364 -13.4104 -.25 -24.2744 -13.6839 -.25 -24.1644 -14 -.25 -24.1871
4 0 -13.2213 -.25 -24.5005 -13.4104 -.25 -24.2744 -13.9641 -.25 -25.0364 -13.1452 -.25 -24.8081
4 0 -13.1938 -.25 -25.1505 -13.1452 -.25 -24.8081 -13.9641 -.25 -25.0364 -13.3597 -.25 -25.4756
4 0 -13.6176 -.25 -25.7338 -13.3597 -.25 -25.4756 -13.9641 -.25 -25.0364 -13.9282 -.25 -25.8858
4 0 -14.783 -.25 -25.2648 -14.5178 -.25 -25.7985 -13.9282 -.25 -25.8858 -13.9641 -.25 -25.0364
3 0 -14.5178 -.25 -25.7985 -14.2443 -.25 -25.9085 -13.9282 -.25 -25.8858
3 0 -14.783 -.25 -25.2648 -14.7069 -.25 -25.5724 -14.5178 -.25 -25.7985
4 0 -14.7344 -.25 -24.9224 -14.783 -.25 -25.2648 -13.9641 -.25 -25.0364 -14.5685 -.25 -24.5973
4 0 -13.9641 -.25 -25.0364 -14 -.25 -24.1871 -14.3106 -.25 -24.3391 -14.5685 -.25 -24.5973
4 0 -21.3057 -.25 -22.2614 -21.4734 -.25 -22.061 -21.9641 -.25 -22.7364 -21.2383 -.25 -22.5341
4 0 -21.2813 -.25 -22.8376 -21.2383 -.25 -22.5341 -21.9641 -.25 -22.7364 -21.4284 -.25 -23.1257
4 0 -21.657 -.25 -23.3545 -21.4284 -.25 -23.1257 -21.9641 -.25 -22.7364 -21.9323 -.25 -23.4893
4 0 -22.69 -.25 -22.9388 -22.4549 -.25 -23.4119 -21.9323 -.25 -23.4893 -21.9641 -.25 -22.7364
3 0 -22.4549 -.25 -23.4119 -22.2125 -.25 -23.5095 -21.9323 -.25 -23.4893
3 0 -22.69 -.25 -22.9388 -22.6225 -.25 -23.2115 -22.4549 -.25 -23.4119
4 0 -22.6469 -.25 -22.6353 -22.69 -.25 -22.9388 -21.9641 -.25 -22.7364 -22.4999 -.25 -22.3472
4 0 -21.9641 -.25 -22.7364 -21.9959 -.25 -21.9836 -22.2713 -.25 -22.1183 -22.4999 -.25 -22.3472
4 0 -21.7157 -.25 -21.9634 -21.9959 -.25 -21.9836 -21.9641 -.25 -22.7364 -21.4734 -.25 -22.061
4 0 -28.5641 -.25 -16.0864 -28.0166 -.25 -15.3328 -28.287 -.25 -15.224 -28.5996 -.25 -15.2465
4 0 -27.8295 -.25 -15.5564 -28.0166 -.25 -15.3328 -28.5641 -.25 -16.0864 -27.7543 -.25 -15.8606
4 0 -27.8024 -.25 -16.1993 -27.7543 -.25 -15.8606 -28.5641 -.25 -16.0864 -27.9664 -.25 -16.5207
4 0 -28.2214 -.25 -16.776 -27.9664 -.25 -16.5207 -28.5641 -.25 -16.0864 -28.5286 -.25 -16.9264
4 0 -29.3739 -.25 -16.3123 -29.1116 -.25 -16.84 -28.5286 -.25 -16.9264 -28.5641 -.25 -16.0864
3 0 -29.1116 -.25 -16.84 -28.8412 -.25 -16.9489 -28.5286 -.25 -16.9264
3 0 -29.3739 -.25 -16.3123 -29.2987 -.25 -16.6165 -29.1116 -.25 -16.84
4 0 -29.3259 -.25 -15.9736 -29.3739 -.25 -16.3123 -28.5641 -.25 -16.0864 -29.1618 -.25 -15.6522
4 0 -28.5641 -.25 -16.0864 -28.5996 -.25 -15.2465 -28.9068 -.25 -15.3968 -29.1618 -.25 -15.6522
4 0 -25.5985 -.25 -21.2283 -25.7425 -.25 -21.0561 -26.1641 -.25 -21.6364 -25.5405 -.25 -21.4626
4 0 -25.5775 -.25 -21.7233 -25.5405 -.25 -21.4626 -26.1641 -.25 -21.6364 -25.7038 -.25 -21.9708
4 0 -25.9002 -.25 -22.1675 -25.7038 -.25 -21.9708 -26.1641 -.25 -21.6364 -26.1368 -.25 -22.2832
4 0 -26.7877 -.25 -21.8103 -26.5857 -.25 -22.2168 -26.1368 -.25 -22.2832 -26.1641 -.25 -21.6364
3 0 -26.5857 -.25 -22.2168 -26.3775 -.25 -22.3005 -26.1368 -.25 -22.2832
3 0 -26.7877 -.25 -21.8103 -26.7298 -.25 -22.0446 -26.5857 -.25 -22.2168
4 0 -26.7507 -.25 -21.5496 -26.7877 -.25 -21.8103 -26.1641 -.25 -21.6364 -26.6244 -.25 -21.302
4 0 -26.1641 -.25 -21.6364 -26.1914 -.25 -20.9897 -26.428 -.25 -21.1054 -26.6244 -.25 -21.302
4 0 -25.9507 -.25 -20.9723 -26.1914 -.25 -20.9897 -26.1641 -.25 -21.6364 -25.7425 -.25 -21.0561
4 0 -30.1641 -.25 -20.6364 -29.7751 -.25 -20.101 -29.9672 -.25 -20.0237 -30.1893 -.25 -20.0396
4 0 -29.6229 -.25 -20.7166 -29.6422 -.25 -20.2598 -29.7751 -.25 -20.101 -30.1641 -.25 -20.6364
3 0 -29.6422 -.25 -20.2598 -29.6229 -.25 -20.7166 -29.5887 -.25 -20.476
4 0 -30.1389 -.25 -21.2333 -29.7394 -.25 -20.945 -29.6229 -.25 -20.7166 -30.1641 -.25 -20.6364
3 0 -30.1389 -.25 -21.2333 -29.9206 -.25 -21.1264 -29.7394 -.25 -20.945
4 0 -30.7395 -.25 -20.7969 -30.5532 -.25 -21.1719 -30.1389 -.25 -21.2333 -30.1641 -.25 -20.6364
3 0 -30.5532 -.25 -21.1719 -30.361 -.25 -21.2492 -30.1389 -.25 -21.2333
3 0 -30.7395 -.25 -20.7969 -30.6861 -.25 -21.0131 -30.5532 -.25 -21.1719
4 0 -30.7054 -.25 -20.5563 -30.7395 -.25 -20.7969 -30.1641 -.25 -20.6364 -30.5888 -.25 -20.3279
4 0 -30.1641 -.25 -20.6364 -30.1893 -.25 -20.0396 -30.4076 -.25 -20.1465 -30.5888 -.25 -20.3279
4 0 -2.8767 -.25 -32.2986 -3.0135 -.25 -32.1351 -3.4141 -.25 -32.6864 -2.8216 -.25 -32.5212
4 0 -2.8568 -.25 -32.769 -2.8216 -.25 -32.5212 -3.4141 -.25 -32.6864 -2.9768 -.25 -33.0042
4 0 -3.1634 -.25 -33.191 -2.9768 -.25 -33.0042 -3.4141 -.25 -32.6864 -3.3881 -.25 -33.301
4 0 -4.0066 -.25 -32.8517 -3.8147 -.25 -33.2378 -3.3881 -.25 -33.301 -3.4141 -.25 -32.6864
3 0 -3.8147 -.25 -33.2378 -3.6169 -.25 -33.3174 -3.3881 -.25 -33.301
3 0 -4.0066 -.25 -32.8517 -3.9516 -.25 -33.0743 -3.8147 -.25 -33.2378
4 0 -3.9714 -.25 -32.6039 -4.0066 -.25 -32.8517 -3.4141 -.25 -32.6864 -3.8514 -.25 -32.3687
4 0 -3.4141 -.25 -32.6864 -3.4401 -.25 -32.0719 -3.6648 -.25 -32.1819 -3.8514 -.25 -32.3687
4 0 -3.2114 -.25 -32.0555 -3.4401 -.25 -32.0719 -3.4141 -.25 -32.6864 -3.0135 -.25 -32.1351
4 0 -.0214 -.25 -33.7539 -.0016 -.25 -34.2243 .1353 -.25 -34.3878 .3331 -.25 -34.4674
3 0 -.0566 -.25 -34.0017 -.0016 -.25 -34.2243 -.0214 -.25 -33.7539
4 0 .3331 -.25 -34.4674 .2852 -.25 -33.3319 .0986 -.25 -33.5187 -.0214 -.25 -33.7539
4 0 -7.1491 -.25 -31.6553 -7.1197 -.25 -31.4486 -7.2798 -.25 -31.1264 -7.6141 -.25 -31.5864
3 0 -7.2798 -.25 -31.1264 -7.1197 -.25 -31.4486 -7.1656 -.25 -31.2628
4 0 -7.6141 -.25 -31.5864 -7.4049 -.25 -32.0074 -7.2492 -.25 -31.8516 -7.1491 -.25 -31.6553
4 0 -7.6141 -.25 -31.5864 -7.7833 -.25 -32.113 -7.5924 -.25 -32.0992 -7.4049 -.25 -32.0074
3 0 -8.0626 -.25 -31.91 -7.9484 -.25 -32.0465 -7.7833 -.25 -32.113
3 0 -8.1085 -.25 -31.7243 -8.0626 -.25 -31.91 -8.0792 -.25 -31.5176
4 0 -7.7833 -.25 -32.113 -7.6141 -.25 -31.5864 -8.0792 -.25 -31.5176 -8.0626 -.25 -31.91
4 0 -7.6141 -.25 -31.5864 -7.8233 -.25 -31.1654 -7.979 -.25 -31.3213 -8.0792 -.25 -31.5176
4 0 -7.2798 -.25 -31.1264 -7.6358 -.25 -31.0737 -7.8233 -.25 -31.1654 -7.6141 -.25 -31.5864
3 0 -7.6358 -.25 -31.0737 -7.2798 -.25 -31.1264 -7.4449 -.25 -31.0599
4 0 -11.5141 -.25 -30.5864 -11.1593 -.25 -30.0981 -11.3345 -.25 -30.0275 -11.5371 -.25 -30.0421
4 0 -11.0205 -.25 -30.6596 -10.9893 -.25 -30.4401 -11.1593 -.25 -30.0981 -11.5141 -.25 -30.5864
3 0 -11.1593 -.25 -30.0981 -10.9893 -.25 -30.4401 -11.0381 -.25 -30.2429
4 0 -11.5141 -.25 -30.5864 -11.292 -.25 -31.0334 -11.1268 -.25 -30.8679 -11.0205 -.25 -30.6596
4 0 -11.4911 -.25 -31.1308 -11.292 -.25 -31.0334 -11.5141 -.25 -30.5864 -11.6937 -.25 -31.1454
4 0 -12.0078 -.25 -30.5133 -11.9902 -.25 -30.93 -11.6937 -.25 -31.1454 -11.5141 -.25 -30.5864
3 0 -11.9902 -.25 -30.93 -11.8689 -.25 -31.0748 -11.6937 -.25 -31.1454
3 0 -12.0389 -.25 -30.7328 -11.9902 -.25 -30.93 -12.0078 -.25 -30.5133
4 0 -11.5141 -.25 -30.5864 -11.7362 -.25 -30.1395 -11.9015 -.25 -30.305 -12.0078 -.25 -30.5133
3 0 -11.7362 -.25 -30.1395 -11.5141 -.25 -30.5864 -11.5371 -.25 -30.0421
4 15 -29.8813 -.25 -7.6588 -30.202 -.25 -7.1429 -30.6421 -.25 -9.3183 -30.5875 -.25 -9.3144
3 15 -30.5875 -.25 -9.3144 -30.22 -.25 -9.4623 -29.8813 -.25 -7.6588
4 15 -30.22 -.25 -9.4623 -29.9658 -.25 -9.7661 -28.7315 -.25 -9.2633 -29.8813 -.25 -7.6588
4 15 -27.5838 -.25 -10.6618 -28.7315 -.25 -9.2633 -29.9658 -.25 -9.7661 -29.8636 -.25 -10.1796
4 15 -27.6156 -.25 -10.6773 -27.5838 -.25 -10.6618 -29.8636 -.25 -10.1796 -29.9289 -.25 -10.6398
4 15 -29.9289 -.25 -10.6398 -30.1518 -.25 -11.0766 -27.9888 -.25 -11.051 -27.6156 -.25 -10.6773
3 15 -30.1518 -.25 -11.0766 -28.2288 -.25 -11.5214 -27.9888 -.25 -11.051
4 15 -28.2288 -.25 -11.5214 -30.1518 -.25 -11.0766 -30.4984 -.25 -11.4236 -28.2991 -.25 -12.0169
4 15 -28.2991 -.25 -12.0169 -30.4984 -.25 -11.4236 -30.9159 -.25 -11.6279 -28.189 -.25 -12.4621
4 15 -30.7395 -.25 -20.7969 -30.7054 -.25 -20.5563 -31.1049 -.25 -11.6415 -33.048 -.25 -21.458
3 15 -33.048 -.25 -21.458 -30.6861 -.25 -21.0131 -30.7395 -.25 -20.7969
4 15 -30.78 -.25 -24.1 -30.5532 -.25 -21.1719 -30.6861 -.25 -21.0131 -31.689 -.25 -23.918
3 15 -30.78 -.25 -24.1 -30.361 -.25 -21.2492 -30.5532 -.25 -21.1719
4 15 -27.9153 -.25 -12.7892 -28.189 -.25 -12.4621 -28.9068 -.25 -15.3968 -28.5996 -.25 -15.2465
4 15 -28.189 -.25 -12.4621 -30.9159 -.25 -11.6279 -29.1618 -.25 -15.6522 -28.9068 -.25 -15.3968
3 15 -30.9159 -.25 -11.6279 -29.3259 -.25 -15.9736 -29.1618 -.25 -15.6522
4 15 -29.3739 -.25 -16.3123 -29.3259 -.25 -15.9736 -30.9159 -.25 -11.6279 -30.1893 -.25 -20.0396
3 15 -30.9159 -.25 -11.6279 -30.4076 -.25 -20.1465 -30.1893 -.25 -20.0396
3 15 -30.9159 -.25 -11.6279 -30.5888 -.25 -20.3279 -30.4076 -.25 -20.1465
4 15 -31.1049 -.25 -11.6415 -30.7054 -.25 -20.5563 -30.5888 -.25 -20.3279 -30.9159 -.25 -11.6279
4 15 -29.3739 -.25 -16.3123 -30.1893 -.25 -20.0396 -29.9672 -.25 -20.0237 -29.2987 -.25 -16.6165
4 15 -29.1116 -.25 -16.84 -29.2987 -.25 -16.6165 -29.9672 -.25 -20.0237 -29.7751 -.25 -20.101
4 15 -28.8412 -.25 -16.9489 -29.1116 -.25 -16.84 -29.7751 -.25 -20.101 -29.6422 -.25 -20.2598
3 15 -30.361 -.25 -21.2492 -26.7298 -.25 -22.0446 -30.1389 -.25 -21.2333
4 15 -26.5857 -.25 -22.2168 -26.7298 -.25 -22.0446 -30.361 -.25 -21.2492 -30.78 -.25 -24.1
3 15 -30.1389 -.25 -21.2333 -26.7298 -.25 -22.0446 -29.9206 -.25 -21.1264
4 15 -29.9206 -.25 -21.1264 -26.7298 -.25 -22.0446 -26.7877 -.25 -21.8103 -29.7394 -.25 -20.945
4 15 -29.7394 -.25 -20.945 -26.7877 -.25 -21.8103 -26.7507 -.25 -21.5496 -29.6229 -.25 -20.7166
4 15 -29.6229 -.25 -20.7166 -26.7507 -.25 -21.5496 -26.6244 -.25 -21.302 -29.5887 -.25 -20.476
4 15 -26.428 -.25 -21.1054 -29.6422 -.25 -20.2598 -29.5887 -.25 -20.476 -26.6244 -.25 -21.302
4 15 -26.1914 -.25 -20.9897 -28.5286 -.25 -16.9264 -28.8412 -.25 -16.9489 -26.428 -.25 -21.1054
3 15 -29.6422 -.25 -20.2598 -26.428 -.25 -21.1054 -28.8412 -.25 -16.9489
4 15 -25.9507 -.25 -20.9723 -28.2214 -.25 -16.776 -28.5286 -.25 -16.9264 -26.1914 -.25 -20.9897
4 15 -25.4474 -.25 -17.6467 -27.8024 -.25 -16.1993 -27.9664 -.25 -16.5207 -25.3607 -.25 -17.9973
4 15 -28.2214 -.25 -16.776 -25.9507 -.25 -20.9723 -25.3607 -.25 -17.9973 -27.9664 -.25 -16.5207
4 15 -25.203 -.25 -16.886 -27.7543 -.25 -15.8606 -27.8024 -.25 -16.1993 -25.392 -.25 -17.2564
3 15 -27.8024 -.25 -16.1993 -25.4474 -.25 -17.6467 -25.392 -.25 -17.2564
4 15 -27.8295 -.25 -15.5564 -27.0622 -.25 -12.9156 -27.5196 -.25 -12.9485 -28.0166 -.25 -15.3328
4 15 -27.9153 -.25 -12.7892 -28.287 -.25 -15.224 -28.0166 -.25 -15.3328 -27.5196 -.25 -12.9485
3 15 -28.5996 -.25 -15.2465 -28.287 -.25 -15.224 -27.9153 -.25 -12.7892
3 15 -26.2395 -.25 -12.3219 -24.555 -.25 -16.4184 -26.1704 -.25 -12.1866
4 15 -24.909 -.25 -16.5917 -24.555 -.25 -16.4184 -26.2395 -.25 -12.3219 -26.6126 -.25 -12.6956
3 15 -26.6126 -.25 -12.6956 -25.203 -.25 -16.886 -24.909 -.25 -16.5917
3 15 -27.8295 -.25 -15.5564 -26.6126 -.25 -12.6956 -27.0622 -.25 -12.9156
4 15 -27.7543 -.25 -15.8606 -25.203 -.25 -16.886 -26.6126 -.25 -12.6956 -27.8295 -.25 -15.5564
4 15 -26.1704 -.25 -12.1866 -24.555 -.25 -16.4184 -24.1948 -.25 -16.3925 -26.1299 -.25 -12.2299
4 15 -23.8831 -.25 -16.5179 -24.6892 -.25 -13.5792 -26.1299 -.25 -12.2299 -24.1948 -.25 -16.3925
4 15 -23.6675 -.25 -16.7756 -23.1633 -.25 -14.8315 -24.6892 -.25 -13.5792 -23.8831 -.25 -16.5179
4 15 -20.9508 -.25 -17.4577 -21.5588 -.25 -15.9813 -23.1633 -.25 -14.8315 -23.6675 -.25 -16.7756
3 15 -23.6675 -.25 -16.7756 -21.2758 -.25 -17.7831 -20.9508 -.25 -17.4577
4 15 -23.5808 -.25 -17.1262 -21.4848 -.25 -18.1927 -21.2758 -.25 -17.7831 -23.6675 -.25 -16.7756
4 15 -21.4848 -.25 -18.1927 -23.5808 -.25 -17.1262 -23.6362 -.25 -17.5165 -21.5461 -.25 -18.6242
4 15 -23.8253 -.25 -17.8869 -21.4502 -.25 -19.0119 -21.5461 -.25 -18.6242 -23.6362 -.25 -17.5165
4 15 -21.9959 -.25 -21.9836 -21.4502 -.25 -19.0119 -23.8253 -.25 -17.8869 -24.1192 -.25 -18.1812
4 15 -21.7157 -.25 -21.9634 -21.2118 -.25 -19.2968 -21.4502 -.25 -19.0119 -21.9959 -.25 -21.9836
4 15 -24.1192 -.25 -18.1812 -24.4732 -.25 -18.3545 -22.2713 -.25 -22.1183 -21.9959 -.25 -21.9836
4 15 -24.4732 -.25 -18.3545 -25.5405 -.25 -21.4626 -22.4999 -.25 -22.3472 -22.2713 -.25 -22.1183
4 15 -25.5985 -.25 -21.2283 -25.5405 -.25 -21.4626 -24.4732 -.25 -18.3545 -24.8335 -.25 -18.3804
3 15 -25.7425 -.25 -21.0561 -25.5985 -.25 -21.2283 -24.8335 -.25 -18.3804
4 15 -25.7425 -.25 -21.0561 -24.8335 -.25 -18.3804 -25.1451 -.25 -18.2549 -25.9507 -.25 -20.9723
3 15 -25.9507 -.25 -20.9723 -25.1451 -.25 -18.2549 -25.3607 -.25 -17.9973
4 15 -22.4999 -.25 -22.3472 -25.5405 -.25 -21.4626 -25.5775 -.25 -21.7233 -22.6469 -.25 -22.6353
4 15 -22.6469 -.25 -22.6353 -25.5775 -.25 -21.7233 -25.7038 -.25 -21.9708 -22.69 -.25 -22.9388
4 15 -22.69 -.25 -22.9388 -25.7038 -.25 -21.9708 -25.9002 -.25 -22.1675 -22.6225 -.25 -23.2115
4 15 -22.6225 -.25 -23.2115 -25.9002 -.25 -22.1675 -26.1368 -.25 -22.2832 -22.4549 -.25 -23.4119
3 15 -30.78 -.25 -24.1 -26.3775 -.25 -22.3005 -26.5857 -.25 -22.2168
4 15 -26.1368 -.25 -22.2832 -26.3775 -.25 -22.3005 -30.78 -.25 -24.1 -22.4549 -.25 -23.4119
4 15 -22.2125 -.25 -23.5095 -22.4549 -.25 -23.4119 -30.78 -.25 -24.1 -21.677 -.25 -24.1
4 15 -20.323 -.25 -24.1 -21.9323 -.25 -23.4893 -22.2125 -.25 -23.5095 -21.677 -.25 -24.1
4 15 -18.9274 -.25 -24.1493 -21.657 -.25 -23.3545 -21.9323 -.25 -23.4893 -20.323 -.25 -24.1
3 15 -20.323 -.25 -24.1 -18.9008 -.25 -24.2566 -18.9274 -.25 -24.1493
3 15 -21.657 -.25 -23.3545 -18.9274 -.25 -24.1493 -21.4284 -.25 -23.1257
4 15 -21.4284 -.25 -23.1257 -18.9274 -.25 -24.1493 -18.8798 -.25 -23.8257 -21.2813 -.25 -22.8376
4 15 -21.2813 -.25 -22.8376 -18.8798 -.25 -23.8257 -18.7275 -.25 -23.5271 -21.2383 -.25 -22.5341
3 15 -20.0774 -.25 -19.2152 -18.7275 -.25 -23.5271 -18.4871 -.25 -23.2865
4 15 -21.4734 -.25 -22.061 -21.3057 -.25 -22.2614 -20.0774 -.25 -19.2152 -20.4689 -.25 -19.4068
4 15 -18.7275 -.25 -23.5271 -20.0774 -.25 -19.2152 -21.3057 -.25 -22.2614 -21.2383 -.25 -22.5341
3 15 -21.7157 -.25 -21.9634 -20.8672 -.25 -19.4354 -21.2118 -.25 -19.2968
4 15 -20.4689 -.25 -19.4068 -20.8672 -.25 -19.4354 -21.7157 -.25 -21.9634 -21.4734 -.25 -22.061
3 15 -21.5588 -.25 -15.9813 -20.9508 -.25 -17.4577 -20.5593 -.25 -17.2661
4 15 -20.161 -.25 -17.2375 -19.8825 -.25 -17.0237 -21.5588 -.25 -15.9813 -20.5593 -.25 -17.2661
4 15 -20.161 -.25 -17.2375 -19.8164 -.25 -17.3761 -18.1416 -.25 -17.9542 -19.8825 -.25 -17.0237
3 15 -19.8164 -.25 -17.3761 -19.578 -.25 -17.661 -18.1416 -.25 -17.9542
3 15 -19.578 -.25 -17.661 -19.4822 -.25 -18.0487 -18.1416 -.25 -17.9542
4 15 -16.9721 -.25 -18.4841 -18.1416 -.25 -17.9542 -19.4822 -.25 -18.0487 -19.5434 -.25 -18.4802
3 15 -19.5434 -.25 -18.4802 -17.1677 -.25 -18.68 -16.9721 -.25 -18.4841
3 15 -19.5434 -.25 -18.4802 -17.4157 -.25 -19.1659 -17.1677 -.25 -18.68
4 15 -17.4157 -.25 -19.1659 -19.5434 -.25 -18.4802 -19.7524 -.25 -18.8898 -17.4883 -.25 -19.6778
4 15 -20.0774 -.25 -19.2152 -17.3746 -.25 -20.1377 -17.4883 -.25 -19.6778 -19.7524 -.25 -18.8898
3 15 -20.0774 -.25 -19.2152 -18.4871 -.25 -23.2865 -18.1976 -.25 -23.1448
3 15 -20.0774 -.25 -19.2152 -17.0918 -.25 -20.4757 -17.3746 -.25 -20.1377
4 15 -18.1976 -.25 -23.1448 -17.9029 -.25 -23.1236 -17.0918 -.25 -20.4757 -20.0774 -.25 -19.2152
4 15 -17.6481 -.25 -23.2262 -16.683 -.25 -20.6402 -17.0918 -.25 -20.4757 -17.9029 -.25 -23.1236
4 15 -17.4718 -.25 -23.4369 -16.2105 -.25 -20.6062 -16.683 -.25 -20.6402 -17.6481 -.25 -23.2262
4 15 -16.2105 -.25 -20.6062 -17.4718 -.25 -23.4369 -14.3106 -.25 -24.3391 -13.4436 -.25 -21.1376
4 15 -14.5685 -.25 -24.5973 -14.3106 -.25 -24.3391 -17.4718 -.25 -23.4369 -17.4009 -.25 -23.7236
4 15 -14.5685 -.25 -24.5973 -17.4009 -.25 -23.7236 -17.4462 -.25 -24.0428 -14.7344 -.25 -24.9224
3 15 -17.6494 -.25 -24.3945 -17.118 -.25 -24.453 -17.6008 -.25 -24.3457
3 15 -17.6008 -.25 -24.3457 -17.118 -.25 -24.453 -17.4462 -.25 -24.0428
3 15 -15.003 -.25 -25.552 -14.783 -.25 -25.2648 -14.7344 -.25 -24.9224
4 15 -17.4462 -.25 -24.0428 -17.118 -.25 -24.453 -15.003 -.25 -25.552 -14.7344 -.25 -24.9224
3 15 -15.003 -.25 -25.552 -14.7069 -.25 -25.5724 -14.783 -.25 -25.2648
3 15 -14.5178 -.25 -25.7985 -13.45 -.25 -27.089 -14.2443 -.25 -25.9085
3 15 -14.2443 -.25 -25.9085 -13.45 -.25 -27.089 -13.9282 -.25 -25.8858
4 15 -13.9282 -.25 -25.8858 -13.45 -.25 -27.089 -10.772 -.25 -26.5333 -13.6176 -.25 -25.7338
4 15 -10.8496 -.25 -26.2194 -13.3597 -.25 -25.4756 -13.6176 -.25 -25.7338 -10.772 -.25 -26.5333
4 15 -14.4962 -.25 -19.4641 -15.0755 -.25 -19.2461 -15.1126 -.25 -19.507 -13.4872 -.25 -20.1053
3 15 -14.4962 -.25 -19.4641 -13.4872 -.25 -20.1053 -13.3392 -.25 -19.8151
4 15 -13.4872 -.25 -20.1053 -15.1126 -.25 -19.507 -15.3605 -.25 -19.9929 -13.5644 -.25 -20.649
4 15 -15.7461 -.25 -20.3789 -13.4436 -.25 -21.1376 -13.5644 -.25 -20.649 -15.3605 -.25 -19.9929
3 15 -16.2105 -.25 -20.6062 -13.4436 -.25 -21.1376 -15.7461 -.25 -20.3789
4 15 -13.4436 -.25 -21.1376 -14.3106 -.25 -24.3391 -14 -.25 -24.1871 -13.1433 -.25 -21.4965
4 15 -13.6839 -.25 -24.1644 -12.7091 -.25 -21.6712 -13.1433 -.25 -21.4965 -14 -.25 -24.1871
4 15 -13.4104 -.25 -24.2744 -12.2071 -.25 -21.6352 -12.7091 -.25 -21.6712 -13.6839 -.25 -24.1644
4 15 -13.2213 -.25 -24.5005 -11.7139 -.25 -21.3937 -12.2071 -.25 -21.6352 -13.4104 -.25 -24.2744
3 15 -13.2213 -.25 -24.5005 -13.1452 -.25 -24.8081 -10.6308 -.25 -25.5384
4 15 -13.1452 -.25 -24.8081 -13.1938 -.25 -25.1505 -10.8 -.25 -25.87 -10.6308 -.25 -25.5384
4 15 -13.1938 -.25 -25.1505 -13.3597 -.25 -25.4756 -10.8496 -.25 -26.2194 -10.8 -.25 -25.87
4 15 -10.579 -.25 -26.764 -10.772 -.25 -26.5333 -13.45 -.25 -27.089 -12.491 -.25 -29.214
4 15 -9.7436 -.25 -22.3876 -9.8644 -.25 -21.899 -10.3677 -.25 -25.275 -10.0507 -.25 -25.1198
4 15 -9.8644 -.25 -21.899 -11.3044 -.25 -20.9837 -10.6308 -.25 -25.5384 -10.3677 -.25 -25.275
4 15 -13.2213 -.25 -24.5005 -10.6308 -.25 -25.5384 -11.3044 -.25 -20.9837 -11.7139 -.25 -21.3937
4 15 -9.5239 -.25 -20.8391 -10.6849 -.25 -20.4854 -11.032 -.25 -20.4045 -11.041 -.25 -20.4676
4 15 -9.5239 -.25 -20.8391 -11.041 -.25 -20.4676 -11.3044 -.25 -20.9837 -9.7872 -.25 -21.3553
3 15 -10.6849 -.25 -20.4854 -9.5239 -.25 -20.8391 -9.3849 -.25 -20.7
3 15 -12.491 -.25 -29.214 -12.0078 -.25 -30.5133 -11.9015 -.25 -30.305
3 15 -12.491 -.25 -29.214 -12.0389 -.25 -30.7328 -12.0078 -.25 -30.5133
3 15 -11.9902 -.25 -30.93 -11.97 -.25 -31.586 -11.8689 -.25 -31.0748
4 15 -11.1593 -.25 -30.0981 -10.3 -.25 -26.8762 -10.579 -.25 -26.764 -11.3345 -.25 -30.0275
4 15 -10.579 -.25 -26.764 -12.491 -.25 -29.214 -11.5371 -.25 -30.0421 -11.3345 -.25 -30.0275
3 15 -12.491 -.25 -29.214 -11.7362 -.25 -30.1395 -11.5371 -.25 -30.0421
3 15 -12.491 -.25 -29.214 -11.9015 -.25 -30.305 -11.7362 -.25 -30.1395
4 15 -9.8543 -.25 -26.7928 -9.9775 -.25 -26.8531 -11.1593 -.25 -30.0981 -11.0381 -.25 -30.2429
3 15 -11.1593 -.25 -30.0981 -9.9775 -.25 -26.8531 -10.3 -.25 -26.8762
3 15 -10.0507 -.25 -25.1198 -9.4433 -.25 -22.7465 -9.7436 -.25 -22.3876
4 15 -9.7282 -.25 -25.0966 -9.2162 -.25 -22.8379 -9.4433 -.25 -22.7465 -10.0507 -.25 -25.1198
3 15 -9.7282 -.25 -25.0966 -9.5897 -.25 -25.1524 -9.2162 -.25 -22.8379
3 15 -11.0381 -.25 -30.2429 -10.9893 -.25 -30.4401 -9.8543 -.25 -26.7928
3 15 -11.9705 -.25 -39.9085 -11.1268 -.25 -30.8679 -11.292 -.25 -31.0334
3 15 -11.9705 -.25 -39.9085 -11.292 -.25 -31.0334 -11.4911 -.25 -31.1308
3 15 -11.9705 -.25 -39.9085 -11.4911 -.25 -31.1308 -11.6937 -.25 -31.1454
4 15 -11.97 -.25 -31.586 -11.9705 -.25 -39.9085 -11.6937 -.25 -31.1454 -11.8689 -.25 -31.0748
4 15 -3.8692 -.25 -21.2516 -2.8271 -.25 -21.0004 -4.2006 -.25 -21.0454 -4.2382 -.25 -21.2782
3 15 -3.8692 -.25 -21.2516 -3.4349 -.25 -21.4264 -2.8271 -.25 -21.0004
3 15 -3.4349 -.25 -21.4264 -3.1346 -.25 -21.7853 -2.8271 -.25 -21.0004
4 15 -1.2934 -.25 -22.925 -2.8271 -.25 -21.0004 -3.1346 -.25 -21.7853 -3.0138 -.25 -22.2739
4 15 -3.091 -.25 -22.8176 -3.3544 -.25 -23.3337 -1.5621 -.25 -23.4516 -1.2934 -.25 -22.925
4 15 -3.3544 -.25 -23.3337 -3.7639 -.25 -23.7437 -1.6408 -.25 -24.0064 -1.5621 -.25 -23.4516
4 15 -1.5176 -.25 -24.5048 -1.6408 -.25 -24.0064 -3.7639 -.25 -23.7437 -1.955 -.25 -27.2684
4 15 -3.7639 -.25 -23.7437 -4.2571 -.25 -23.9852 -2.309 -.25 -27.4417 -1.955 -.25 -27.2684
4 15 -5.1282 -.25 -27.4028 -2.603 -.25 -27.736 -2.309 -.25 -27.4417 -5.0786 -.25 -27.0535
3 15 -5.1282 -.25 -27.4028 -2.792 -.25 -28.1064 -2.603 -.25 -27.736
3 15 -5.1335 -.25 -26.8313 -5.0786 -.25 -27.0535 -4.6795 -.25 -24.0155
4 15 -2.309 -.25 -27.4417 -4.2571 -.25 -23.9852 -4.6795 -.25 -24.0155 -5.0786 -.25 -27.0535
4 15 -2.792 -.25 -28.1064 -5.1282 -.25 -27.4028 -5.2707 -.25 -27.6821 -2.8474 -.25 -28.4967
4 15 -3.8514 -.25 -32.3687 -3.6648 -.25 -32.1819 -2.8474 -.25 -28.4967 -5.2707 -.25 -27.6821
3 15 -3.6648 -.25 -32.1819 -2.7607 -.25 -28.8473 -2.8474 -.25 -28.4967
4 15 -3.4401 -.25 -32.0719 -2.5451 -.25 -29.1049 -2.7607 -.25 -28.8473 -3.6648 -.25 -32.1819
4 15 -3.2114 -.25 -32.0555 -2.2335 -.25 -29.2304 -2.5451 -.25 -29.1049 -3.4401 -.25 -32.0719
3 15 -3.2114 -.25 -32.0555 -3.0135 -.25 -32.1351 -2.2335 -.25 -29.2304
4 15 -3.0135 -.25 -32.1351 -2.8767 -.25 -32.2986 -1.8732 -.25 -29.2045 -2.2335 -.25 -29.2304
4 15 -6.8295 -.25 -37.35 -3.9714 -.25 -32.6039 -3.8514 -.25 -32.3687 -5.2707 -.25 -27.6821
4 15 -2.8271 -.25 -21.0004 -1.2934 -.25 -22.925 -.8755 -.25 -22.5067 -.8627 -.25 -20.8069
4 15 -.8627 -.25 -20.8069 -.8755 -.25 -22.5067 -.3723 -.25 -22.2604 .1283 -.25 -20.6433
4 15 .3929 -.25 -20.9596 .1283 -.25 -20.6433 -.3723 -.25 -22.2604 .1399 -.25 -22.2235
4 15 .9574 -.25 -21.1868 .3929 -.25 -20.9596 .1399 -.25 -22.2235 .5829 -.25 -22.4018
4 15 .5829 -.25 -22.4018 .8894 -.25 -22.7681 1.61 -.25 -21.1398 .9574 -.25 -21.1868
3 15 -1.955 -.25 -27.2684 -1.2111 -.25 -24.8711 -1.5176 -.25 -24.5048
4 15 -1.5948 -.25 -27.2425 -.7681 -.25 -25.0494 -1.2111 -.25 -24.8711 -1.955 -.25 -27.2684
4 15 -1.2831 -.25 -27.3679 -.256 -.25 -25.0125 -.7681 -.25 -25.0494 -1.5948 -.25 -27.2425
4 15 -2.8216 -.25 -32.5212 .2852 -.25 -33.3319 -1.8732 -.25 -29.2045 -2.8767 -.25 -32.2986
3 15 -2.8216 -.25 -32.5212 .0986 -.25 -33.5187 .2852 -.25 -33.3319
4 15 .0986 -.25 -33.5187 -2.8216 -.25 -32.5212 -2.8568 -.25 -32.769 -.0214 -.25 -33.7539
4 15 -.0214 -.25 -33.7539 -2.8568 -.25 -32.769 -2.9768 -.25 -33.0042 -.0566 -.25 -34.0017
3 27 17.959 -.25 -15.5964 18.4672 -.25 -15.1609 18.4793 -.25 -15.0754
3 27 17.959 -.25 -15.5964 18.5748 -.25 -15.5958 18.4672 -.25 -15.1609
3 27 13.5633 -.25 -14.8315 14.4172 -.25 -14.3109 14.4461 -.25 -14.107
3 27 13.5633 -.25 -14.8315 14.6419 -.25 -15.2196 14.4172 -.25 -14.3109
4 27 14.004 -.25 -15.6 14.9595 -.25 -15.5991 14.6419 -.25 -15.2196 13.5633 -.25 -14.8315
4 27 14.004 -.25 -15.6 13.5633 -.25 -14.8315 12.782 -.25 -15.3914 12.9757 -.25 -15.6228
3 27 12.9757 -.25 -15.6228 13.432 -.25 -15.832 14.004 -.25 -15.6
3 27 12.9757 -.25 -15.6228 13.1303 -.25 -16.2482 13.432 -.25 -15.832
4 27 12.6236 -.25 -18.1037 12.7416 -.25 -21.1892 12.9007 -.25 -21.1113 12.8991 -.25 -17.5637
4 27 11.9675 -.25 -18.7605 12.2248 -.25 -21.7066 12.7416 -.25 -21.1892 12.6236 -.25 -18.1037
4 27 11.0766 -.25 -21.1789 10.9793 -.25 -21.865 11.8925 -.25 -22.3579 12.2248 -.25 -21.7066
4 27 11.8925 -.25 -22.3579 10.9793 -.25 -21.865 10.6469 -.25 -22.5163 11.7951 -.25 -23.044
4 27 12.2248 -.25 -21.7066 11.9675 -.25 -18.7605 11.1772 -.25 -19.1473 10.9242 -.25 -20.5625
3 27 10.9242 -.25 -20.5625 11.0766 -.25 -21.1789 12.2248 -.25 -21.7066
4 27 10.5452 -.25 -20.1096 10.9242 -.25 -20.5625 11.1772 -.25 -19.1473 10.373 -.25 -19.2051
3 27 9.9973 -.25 -19.8891 10.5452 -.25 -20.1096 10.373 -.25 -19.2051
4 27 9.6773 -.25 -18.9252 9.364 -.25 -19.9346 9.9973 -.25 -19.8891 10.373 -.25 -19.2051
4 27 9.364 -.25 -19.9346 9.6773 -.25 -18.9252 9.1961 -.25 -18.3501 8.7416 -.25 -20.2392
4 27 8.2248 -.25 -20.7566 8.7416 -.25 -20.2392 9.1961 -.25 -18.3501 7.026 -.25 -20.572
3 27 6.9693 -.25 -19.23 7.1264 -.25 -19.8651 8.5416 -.25 -17.9542
4 27 7.026 -.25 -20.572 9.1961 -.25 -18.3501 8.5416 -.25 -17.9542 7.1264 -.25 -19.8651
3 27 8.5416 -.25 -17.9542 9.1961 -.25 -18.3501 9.0332 -.25 -17.6914
3 27 6.6218 -.25 -18.8147 6.9693 -.25 -19.23 6.7436 -.25 -18.7688
3 27 6.7436 -.25 -18.7688 6.9693 -.25 -19.23 8.5416 -.25 -17.9542
4 27 8.2248 -.25 -20.7566 7.026 -.25 -20.572 6.6836 -.25 -21.243 7.8925 -.25 -21.4079
4 27 6.6836 -.25 -21.243 6.1513 -.25 -21.776 7.7951 -.25 -22.094 7.8925 -.25 -21.4079
3 4 -4.3711 -.25 -21.2877 -4.2382 -.25 -21.2782 -4.2006 -.25 -21.0454
4 4 -4.8 -.25 -21.065 -4.8644 -.25 -21.5292 -4.3711 -.25 -21.2877 -4.2006 -.25 -21.0454
4 4 -7.341 -.25 -21.7176 -5.2739 -.25 -21.9391 -4.8 -.25 -21.065 -6.7729 -.25 -21.0004
3 4 -5.2739 -.25 -21.9391 -4.8644 -.25 -21.5292 -4.8 -.25 -21.065
3 4 -7.32 -.25 -20.9465 -7.2638 -.25 -21.1739 -6.7729 -.25 -21.0004
3 4 -7.341 -.25 -21.7176 -6.7729 -.25 -21.0004 -7.2638 -.25 -21.1739
3 4 -7.341 -.25 -21.7176 -5.5372 -.25 -22.4553 -5.2739 -.25 -21.9391
4 4 -5.5372 -.25 -22.4553 -7.341 -.25 -21.7176 -7.6044 -.25 -22.2337 -5.6144 -.25 -22.999
4 4 -8.0139 -.25 -22.6437 -5.4936 -.25 -23.4876 -5.6144 -.25 -22.999 -7.6044 -.25 -22.2337
4 4 -5.1933 -.25 -23.8465 -5.4936 -.25 -23.4876 -8.0139 -.25 -22.6437 -6.2677 -.25 -26.575
4 4 -4.7591 -.25 -24.0212 -5.1933 -.25 -23.8465 -6.2677 -.25 -26.575 -5.9507 -.25 -26.4198
4 4 -5.9507 -.25 -26.4198 -5.6282 -.25 -26.3966 -4.6795 -.25 -24.0155 -4.7591 -.25 -24.0212
3 4 -5.6282 -.25 -26.3966 -5.3492 -.25 -26.5089 -4.6795 -.25 -24.0155
3 4 -5.3492 -.25 -26.5089 -5.1562 -.25 -26.7396 -4.6795 -.25 -24.0155
3 4 -5.1562 -.25 -26.7396 -5.1335 -.25 -26.8313 -4.6795 -.25 -24.0155
4 4 -9.0091 -.25 -22.9212 -9.2162 -.25 -22.8379 -9.5897 -.25 -25.1524 -9.4492 -.25 -25.2089
4 4 -8.5071 -.25 -22.8852 -9.0091 -.25 -22.9212 -9.4492 -.25 -25.2089 -9.2562 -.25 -25.4396
4 4 -6.7 -.25 -27.17 -6.5308 -.25 -26.8384 -8.5071 -.25 -22.8852 -9.2562 -.25 -25.4396
4 4 -8.0139 -.25 -22.6437 -8.5071 -.25 -22.8852 -6.5308 -.25 -26.8384 -6.2677 -.25 -26.575
4 4 -6.7496 -.25 -27.5194 -6.7 -.25 -27.17 -9.2562 -.25 -25.4396 -9.1786 -.25 -25.7535
3 4 -9.2282 -.25 -26.1028 -6.7496 -.25 -27.5194 -9.1786 -.25 -25.7535
3 4 -9.3974 -.25 -26.4345 -6.7496 -.25 -27.5194 -9.2282 -.25 -26.1028
3 4 -9.6605 -.25 -26.6979 -6.7496 -.25 -27.5194 -9.3974 -.25 -26.4345
4 4 -7.8233 -.25 -31.1654 -6.479 -.25 -28.064 -6.672 -.25 -27.8333 -9.8543 -.25 -26.7928
4 4 -6.7496 -.25 -27.5194 -9.6605 -.25 -26.6979 -9.8543 -.25 -26.7928 -6.672 -.25 -27.8333
3 4 -7.8233 -.25 -31.1654 -7.6358 -.25 -31.0737 -6.479 -.25 -28.064
3 4 -9.8543 -.25 -26.7928 -7.979 -.25 -31.3213 -7.8233 -.25 -31.1654
3 4 -9.8543 -.25 -26.7928 -8.0792 -.25 -31.5176 -7.979 -.25 -31.3213
4 4 -9.8543 -.25 -26.7928 -11.9705 -.25 -39.9085 -8.1085 -.25 -31.7243 -8.0792 -.25 -31.5176
4 4 -9.1803 -.25 -37.5697 -8.0626 -.25 -31.91 -8.1085 -.25 -31.7243 -11.9705 -.25 -39.9085
4 4 -5.2974 -.25 -27.7345 -5.5605 -.25 -27.9979 -7.1656 -.25 -31.2628 -7.1197 -.25 -31.4486
4 4 -7.2798 -.25 -31.1264 -7.1656 -.25 -31.2628 -5.5605 -.25 -27.9979 -5.8775 -.25 -28.1531
4 4 -5.8775 -.25 -28.1531 -6.2 -.25 -28.1762 -7.4449 -.25 -31.0599 -7.2798 -.25 -31.1264
4 4 -6.2 -.25 -28.1762 -6.479 -.25 -28.064 -7.6358 -.25 -31.0737 -7.4449 -.25 -31.0599
4 4 -9.4 -.25 -50.95 -11.9705 -.25 -39.9085 -11.972 -.25 -63.874 -11.537 -.25 -65.239
4 15 -.0016 -.25 -34.2243 -.0566 -.25 -34.0017 -2.9768 -.25 -33.0042 -3.1634 -.25 -33.191
4 15 .1353 -.25 -34.3878 -.0016 -.25 -34.2243 -3.1634 -.25 -33.191 -3.3881 -.25 -33.301
4 15 -8.65 -.25 -51.7 -10.971 -.25 -65.837 -9.849 -.25 -66.209 -8.084 -.25 -66.3
3 27 3.0073 -.25 -20.0372 3.8457 -.25 -20.1009 4.0378 -.25 -19.7245
3 27 3.0073 -.25 -20.0372 3.7454 -.25 -20.8078 3.8457 -.25 -20.1009
3 0 21.8199 -.25 1.9672 21.935 -.25 -12.382 21.9299 -.25 2.4389
3 0 21.2964 -.25 .2414 21.935 -.25 -12.382 21.8199 -.25 1.9672
3 0 20.6612 -.25 -1.4464 21.935 -.25 -12.382 21.2964 -.25 .2414
3 0 19.9169 -.25 -3.089 21.935 -.25 -12.382 20.6612 -.25 -1.4464
4 0 19.507 -.25 -15.595 21.935 -.25 -12.382 19.9169 -.25 -3.089 19.0668 -.25 -4.6795
3 0 18.1145 -.25 -6.211 19.507 -.25 -15.595 19.0668 -.25 -4.6795
4 0 15.92 -.25 -9.0709 18.4793 -.25 -15.0754 19.507 -.25 -15.595 17.064 -.25 -7.6769
3 0 17.064 -.25 -7.6769 19.507 -.25 -15.595 18.1145 -.25 -6.211
4 0 19.507 -.25 -15.595 18.4793 -.25 -15.0754 18.4672 -.25 -15.1609 18.5748 -.25 -15.5958
4 0 14.4461 -.25 -14.107 14.4172 -.25 -14.3109 18.4793 -.25 -15.0754 15.92 -.25 -9.0709
4 0 17.959 -.25 -15.5964 18.4793 -.25 -15.0754 14.4172 -.25 -14.3109 14.9595 -.25 -15.5991
3 0 14.4172 -.25 -14.3109 14.6419 -.25 -15.2196 14.9595 -.25 -15.5991
3 0 13.3709 -.25 -11.62 13.5633 -.25 -14.8315 14.6872 -.25 -10.3872
4 0 15.92 -.25 -9.0709 14.6872 -.25 -10.3872 13.5633 -.25 -14.8315 14.4461 -.25 -14.107
3 0 11.9769 -.25 -12.764 13.5633 -.25 -14.8315 13.3709 -.25 -11.62
4 0 12.782 -.25 -15.3914 13.5633 -.25 -14.8315 11.9769 -.25 -12.764 10.511 -.25 -13.8145
4 0 8.9795 -.25 -14.7668 9.0332 -.25 -17.6914 12.984 -.25 -16.45 12.782 -.25 -15.3914
4 0 12.782 -.25 -15.3914 12.984 -.25 -16.45 13.1303 -.25 -16.2482 12.9757 -.25 -15.6228
4 0 10.373 -.25 -19.2051 12.899 -.25 -17.286 12.984 -.25 -16.45 9.1961 -.25 -18.3501
3 0 9.0332 -.25 -17.6914 9.1961 -.25 -18.3501 12.984 -.25 -16.45
3 0 9.1961 -.25 -18.3501 9.6773 -.25 -18.9252 10.373 -.25 -19.2051
4 0 12.899 -.25 -17.286 10.373 -.25 -19.2051 11.1772 -.25 -19.1473 11.9675 -.25 -18.7605
4 0 12.6236 -.25 -18.1037 12.8991 -.25 -17.5637 12.899 -.25 -17.286 11.9675 -.25 -18.7605
3 0 8.9795 -.25 -14.7668 12.782 -.25 -15.3914 10.511 -.25 -13.8145
3 0 7.389 -.25 -15.6169 9.0332 -.25 -17.6914 8.9795 -.25 -14.7668
4 0 .5765 -.25 -17.9295 .3929 -.25 -20.9596 1.61 -.25 -21.1398 2.3328 -.25 -17.5199
3 0 .3929 -.25 -20.9596 .9574 -.25 -21.1868 1.61 -.25 -21.1398
3 0 1.61 -.25 -21.1398 2.2513 -.25 -20.826 2.7836 -.25 -20.293
4 0 1.61 -.25 -21.1398 2.7836 -.25 -20.293 4.0586 -.25 -16.9964 2.3328 -.25 -17.5199
4 0 4.2929 -.25 -21.9096 4.8574 -.25 -22.1368 3.7454 -.25 -20.8078 3.9024 -.25 -21.4429
4 0 3.8457 -.25 -20.1009 3.7454 -.25 -20.8078 4.8574 -.25 -22.1368 6.1513 -.25 -21.776
3 0 4.8574 -.25 -22.1368 5.51 -.25 -22.0898 6.1513 -.25 -21.776
4 0 7.1264 -.25 -19.8651 3.8457 -.25 -20.1009 6.1513 -.25 -21.776 6.6836 -.25 -21.243
3 0 6.6836 -.25 -21.243 7.026 -.25 -20.572 7.1264 -.25 -19.8651
4 0 3.8457 -.25 -20.1009 7.1264 -.25 -19.8651 6.9693 -.25 -19.23 4.0378 -.25 -19.7245
3 0 4.0378 -.25 -19.7245 6.9693 -.25 -19.23 6.6218 -.25 -18.8147
4 0 3.0073 -.25 -20.0372 4.0378 -.25 -19.7245 7.389 -.25 -15.6169 5.7464 -.25 -16.3612
4 0 2.7836 -.25 -20.293 3.0073 -.25 -20.0372 5.7464 -.25 -16.3612 4.0586 -.25 -16.9964
4 0 -1.2028 -.25 -18.2232 .1283 -.25 -20.6433 .3929 -.25 -20.9596 .5765 -.25 -17.9295
4 0 .1283 -.25 -20.6433 -1.2028 -.25 -18.2232 -2.9976 -.25 -18.4 -.8627 -.25 -20.8069
4 0 -.8627 -.25 -20.8069 -2.9976 -.25 -18.4 -4.2006 -.25 -21.0454 -2.8271 -.25 -21.0004
4 0 -2.9976 -.25 -18.4 -4.8 -.25 -18.459 -4.8 -.25 -21.065 -4.2006 -.25 -21.0454
4 0 -4.8 -.25 -18.459 -6.6024 -.25 -18.4 -6.7729 -.25 -21.0004 -4.8 -.25 -21.065
4 0 -9.5239 -.25 -20.8391 -7.2638 -.25 -21.1739 -7.32 -.25 -20.9465 -9.3849 -.25 -20.7
4 0 -9.5239 -.25 -20.8391 -9.7872 -.25 -21.3553 -7.341 -.25 -21.7176 -7.2638 -.25 -21.1739
4 0 -7.6044 -.25 -22.2337 -7.341 -.25 -21.7176 -9.7872 -.25 -21.3553 -9.8644 -.25 -21.899
4 0 -9.4433 -.25 -22.7465 -7.6044 -.25 -22.2337 -9.8644 -.25 -21.899 -9.7436 -.25 -22.3876
4 0 -9.2162 -.25 -22.8379 -8.0139 -.25 -22.6437 -7.6044 -.25 -22.2337 -9.4433 -.25 -22.7465
4 0 -9.0091 -.25 -22.9212 -8.5071 -.25 -22.8852 -8.0139 -.25 -22.6437 -9.2162 -.25 -22.8379
4 0 -6.6024 -.25 -18.4 -8.3972 -.25 -18.2232 -7.32 -.25 -20.9465 -6.7729 -.25 -21.0004
3 0 -10.6849 -.25 -20.4854 -9.3849 -.25 -20.7 -7.32 -.25 -20.9465
4 0 -13.5644 -.25 -20.649 -11.041 -.25 -20.4676 -11.032 -.25 -20.4045 -13.4872 -.25 -20.1053
4 0 -13.1433 -.25 -21.4965 -11.3044 -.25 -20.9837 -11.041 -.25 -20.4676 -13.5644 -.25 -20.649
3 0 -13.5644 -.25 -20.649 -13.4436 -.25 -21.1376 -13.1433 -.25 -21.4965
4 0 -11.3044 -.25 -20.9837 -13.1433 -.25 -21.4965 -12.7091 -.25 -21.6712 -12.2071 -.25 -21.6352
3 0 -12.2071 -.25 -21.6352 -11.7139 -.25 -21.3937 -11.3044 -.25 -20.9837
4 0 -7.32 -.25 -20.9465 -8.3972 -.25 -18.2232 -11.032 -.25 -20.4045 -10.6849 -.25 -20.4854
3 0 -11.032 -.25 -20.4045 -8.3972 -.25 -18.2232 -10.1765 -.25 -17.9295
4 0 -13.4872 -.25 -20.1053 -11.032 -.25 -20.4045 -10.1765 -.25 -17.9295 -13.3392 -.25 -19.8151
4 0 -10.1765 -.25 -17.9295 -11.9328 -.25 -17.5199 -14.4962 -.25 -19.4641 -13.3392 -.25 -19.8151
3 0 -14.4962 -.25 -19.4641 -11.9328 -.25 -17.5199 -13.6586 -.25 -16.9964
4 0 -15.0755 -.25 -19.2461 -16.9721 -.25 -18.4841 -17.1677 -.25 -18.68 -15.1126 -.25 -19.507
4 0 -15.1126 -.25 -19.507 -17.1677 -.25 -18.68 -17.4157 -.25 -19.1659 -15.3605 -.25 -19.9929
4 0 -17.4157 -.25 -19.1659 -17.4883 -.25 -19.6778 -15.7461 -.25 -20.3789 -15.3605 -.25 -19.9929
4 0 -16.2105 -.25 -20.6062 -15.7461 -.25 -20.3789 -17.4883 -.25 -19.6778 -17.0918 -.25 -20.4757
3 0 -17.4883 -.25 -19.6778 -17.3746 -.25 -20.1377 -17.0918 -.25 -20.4757
3 0 -17.0918 -.25 -20.4757 -16.683 -.25 -20.6402 -16.2105 -.25 -20.6062
4 0 -15.0755 -.25 -19.2461 -14.4962 -.25 -19.4641 -13.6586 -.25 -16.9964 -15.3464 -.25 -16.3612
4 0 -18.1416 -.25 -17.9542 -16.9721 -.25 -18.4841 -15.0755 -.25 -19.2461 -15.3464 -.25 -16.3612
3 0 -18.1416 -.25 -17.9542 -15.3464 -.25 -16.3612 -16.989 -.25 -15.6169
4 0 -16.989 -.25 -15.6169 -18.5795 -.25 -14.7668 -19.8825 -.25 -17.0237 -18.1416 -.25 -17.9542
4 0 -18.5795 -.25 -14.7668 -20.111 -.25 -13.8145 -21.5588 -.25 -15.9813 -19.8825 -.25 -17.0237
4 0 -23.1633 -.25 -14.8315 -21.5588 -.25 -15.9813 -20.111 -.25 -13.8145 -21.5769 -.25 -12.764
4 0 -21.5769 -.25 -12.764 -22.9709 -.25 -11.62 -24.6892 -.25 -13.5792 -23.1633 -.25 -14.8315
4 0 -24.6892 -.25 -13.5792 -22.9709 -.25 -11.62 -24.2872 -.25 -10.3872 -26.1299 -.25 -12.2299
4 0 -28.6668 -.25 -4.6795 -29.419 -.25 -3.2722 -30.202 -.25 -7.1429 -29.8813 -.25 -7.6588
4 0 -27.7145 -.25 -6.211 -28.6668 -.25 -4.6795 -29.8813 -.25 -7.6588 -28.7315 -.25 -9.2633
3 0 -28.7315 -.25 -9.2633 -26.664 -.25 -7.6769 -27.7145 -.25 -6.211
4 0 -26.664 -.25 -7.6769 -28.7315 -.25 -9.2633 -27.5838 -.25 -10.6618 -25.52 -.25 -9.0709
4 0 -26.1704 -.25 -12.1866 -27.5838 -.25 -10.6618 -27.6156 -.25 -10.6773 -26.2395 -.25 -12.3219
4 0 -27.5196 -.25 -12.9485 -27.0622 -.25 -12.9156 -26.6126 -.25 -12.6956 -27.9888 -.25 -11.051
4 0 -26.2395 -.25 -12.3219 -27.6156 -.25 -10.6773 -27.9888 -.25 -11.051 -26.6126 -.25 -12.6956
4 0 -28.189 -.25 -12.4621 -27.9153 -.25 -12.7892 -27.5196 -.25 -12.9485 -28.2991 -.25 -12.0169
4 0 -27.9888 -.25 -11.051 -28.2288 -.25 -11.5214 -28.2991 -.25 -12.0169 -27.5196 -.25 -12.9485
4 0 -17.6481 -.25 -23.2262 -17.9029 -.25 -23.1236 -18.1976 -.25 -23.1448 -17.4718 -.25 -23.4369
4 0 -17.4462 -.25 -24.0428 -17.4009 -.25 -23.7236 -18.1976 -.25 -23.1448 -18.4871 -.25 -23.2865
3 0 -18.1976 -.25 -23.1448 -17.4009 -.25 -23.7236 -17.4718 -.25 -23.4369
4 0 -17.6008 -.25 -24.3457 -17.4462 -.25 -24.0428 -18.4871 -.25 -23.2865 -18.7275 -.25 -23.5271
4 0 -18.9008 -.25 -24.2566 -17.6494 -.25 -24.3945 -17.6008 -.25 -24.3457 -18.9274 -.25 -24.1493
4 0 -18.7275 -.25 -23.5271 -18.8798 -.25 -23.8257 -18.9274 -.25 -24.1493 -17.6008 -.25 -24.3457
4 0 -30.5875 -.25 -9.3144 -30.6421 -.25 -9.3183 -30.78 -.25 -10 -30.22 -.25 -9.4623
4 0 -29.9658 -.25 -9.7661 -30.22 -.25 -9.4623 -30.78 -.25 -10 -29.8636 -.25 -10.1796
4 0 -30.4984 -.25 -11.4236 -29.9289 -.25 -10.6398 -29.8636 -.25 -10.1796 -30.78 -.25 -10
3 0 -30.4984 -.25 -11.4236 -30.1518 -.25 -11.0766 -29.9289 -.25 -10.6398
4 0 -30.9159 -.25 -11.6279 -30.4984 -.25 -11.4236 -30.78 -.25 -10 -31.1049 -.25 -11.6415
4 0 12.8744 -.25 -24.3338 12.9022 -.25 -24.3318 12.9007 -.25 -21.1113 12.7416 -.25 -21.1892
4 0 12.3265 -.25 -24.1133 12.8744 -.25 -24.3338 12.7416 -.25 -21.1892 12.2248 -.25 -21.7066
4 0 11.7951 -.25 -23.044 11.9475 -.25 -23.6604 12.3265 -.25 -24.1133 12.2248 -.25 -21.7066
3 0 11.7951 -.25 -23.044 12.2248 -.25 -21.7066 11.8925 -.25 -22.3579
4 0 12.9083 -.25 -37.7244 12.9078 -.25 -36.7169 12.8142 -.25 -36.7237 12.8576 -.25 -37.7492
4 0 12.8142 -.25 -36.7237 12.6267 -.25 -36.8154 12.6667 -.25 -37.763 12.8576 -.25 -37.7492
4 0 12.6667 -.25 -37.763 12.6267 -.25 -36.8154 12.471 -.25 -36.9713 12.5016 -.25 -37.6965
3 0 12.3708 -.25 -37.1676 12.5016 -.25 -37.6965 12.471 -.25 -36.9713
4 0 12.5016 -.25 -37.6965 12.3708 -.25 -37.1676 12.3415 -.25 -37.3743 12.3874 -.25 -37.56
4 15 .2852 -.25 -33.3319 .5099 -.25 -33.2219 -1.5192 -.25 -29.0312 -1.8732 -.25 -29.2045
3 0 -4.8644 -.25 -21.5292 -4.2382 -.25 -21.2782 -4.3711 -.25 -21.2877
4 0 -5.2739 -.25 -21.9391 -4.3141 -.25 -22.6364 -4.2382 -.25 -21.2782 -4.8644 -.25 -21.5292
4 0 -3.0138 -.25 -22.2739 -3.4349 -.25 -21.4264 -4.2382 -.25 -21.2782 -4.3141 -.25 -22.6364
3 0 -4.2382 -.25 -21.2782 -3.4349 -.25 -21.4264 -3.8692 -.25 -21.2516
4 0 -5.9141 -.25 -27.2864 -5.2707 -.25 -27.6821 -5.1282 -.25 -27.4028 -5.0786 -.25 -27.0535
4 0 -5.2974 -.25 -27.7345 -5.2707 -.25 -27.6821 -5.9141 -.25 -27.2864 -5.5605 -.25 -27.9979
4 0 -5.1562 -.25 -26.7396 -5.3492 -.25 -26.5089 -5.9141 -.25 -27.2864 -5.1335 -.25 -26.8313
3 0 -5.9141 -.25 -27.2864 -5.0786 -.25 -27.0535 -5.1335 -.25 -26.8313
4 0 .2852 -.25 -33.3319 .3331 -.25 -34.4674 .5619 -.25 -34.451 .7058 -.25 -34.3805
3 15 -11.9705 -.25 -39.9085 -11.0205 -.25 -30.6596 -11.1268 -.25 -30.8679
3 0 -5.1933 -.25 -23.8465 -4.7591 -.25 -24.0212 -4.6795 -.25 -24.0155
3 0 -4.6795 -.25 -24.0155 -4.2571 -.25 -23.9852 -3.7639 -.25 -23.7437
4 0 9.0466 -.25 36.9485 12.0896 -.25 37.0016 10.7028 -.25 37.8806 10.3684 -.25 37.8747
3 0 10.7028 -.25 37.8806 12.0896 -.25 37.0016 12.0739 -.25 37.9045
3 0 9.0308 -.25 37.8514 9.0466 -.25 36.9485 10.3684 -.25 37.8747
4 0 10.6818 -.25 39.0844 12.0528 -.25 39.1083 12.0371 -.25 40.0112 8.994 -.25 39.9581
3 0 8.994 -.25 39.9581 10.3474 -.25 39.0786 10.6818 -.25 39.0844
3 0 8.994 -.25 39.9581 9.0098 -.25 39.0552 10.3474 -.25 39.0786
4 0 10.6818 -.25 39.0844 10.3474 -.25 39.0786 10.3684 -.25 37.8747 10.7028 -.25 37.8806
4 0 12.0137 -.25 41.3488 8.9707 -.25 41.2957 8.9864 -.25 40.3928 12.0295 -.25 40.4459
4 0 8.9053 -.25 45.041 11.9484 -.25 45.0941 10.5616 -.25 45.9731 10.2272 -.25 45.9672
3 0 10.5616 -.25 45.9731 11.9484 -.25 45.0941 11.9326 -.25 45.997
3 0 8.8896 -.25 45.9439 8.9053 -.25 45.041 10.2272 -.25 45.9672
4 0 10.5405 -.25 47.1769 11.9116 -.25 47.2009 11.8958 -.25 48.1037 8.8528 -.25 48.0506
3 0 8.8528 -.25 48.0506 10.2061 -.25 47.1711 10.5405 -.25 47.1769
3 0 8.8528 -.25 48.0506 8.8685 -.25 47.1477 10.2061 -.25 47.1711
4 0 10.5405 -.25 47.1769 10.2061 -.25 47.1711 10.2272 -.25 45.9672 10.5616 -.25 45.9731
4 15 9.3041 -.25 43.0509 9.3695 -.25 42.8904 9.4735 -.25 42.7841 9.5722 -.25 43.2463
4 15 9.7975 -.25 43.752 9.5722 -.25 43.2463 9.4735 -.25 42.7841 9.5809 -.25 42.7447
4 15 9.7975 -.25 43.752 9.5634 -.25 43.7479 9.4574 -.25 43.7048 9.5722 -.25 43.2463
4 15 9.2974 -.25 43.4323 9.5722 -.25 43.2463 9.4574 -.25 43.7048 9.3572 -.25 43.595
3 15 9.2974 -.25 43.4323 9.3041 -.25 43.0509 9.5722 -.25 43.2463
4 15 11.5472 -.25 43.6332 11.4432 -.25 43.7395 11.3358 -.25 43.7789 11.3445 -.25 43.2773
4 15 11.5595 -.25 42.9286 11.6193 -.25 43.0913 11.3445 -.25 43.2773 11.3533 -.25 42.7757
3 15 11.3533 -.25 42.7757 11.4593 -.25 42.8188 11.5595 -.25 42.9286
4 15 11.6193 -.25 43.0913 11.6127 -.25 43.4727 11.5472 -.25 43.6332 11.3445 -.25 43.2773
4 15 11.3445 -.25 43.2773 11.3358 -.25 43.7789 10.7673 -.25 43.7689 10.7755 -.25 43.3008
4 0 9.4629 -.25 41.8395 9.5809 -.25 42.7447 9.4735 -.25 42.7841 9.2666 -.25 41.897
4 0 9.4735 -.25 42.7841 8.9491 -.25 42.533 8.9839 -.25 42.2679 9.2666 -.25 41.897
3 0 8.9839 -.25 42.2679 9.0984 -.25 42.0446 9.2666 -.25 41.897
3 0 8.9491 -.25 42.533 9.4735 -.25 42.7841 9.3695 -.25 42.8904
4 0 8.9491 -.25 42.533 9.3041 -.25 43.0509 9.2974 -.25 43.4323 8.9246 -.25 43.9375
4 0 8.9246 -.25 43.9375 9.2974 -.25 43.4323 9.3572 -.25 43.595 8.9501 -.25 44.2037
4 0 9.4574 -.25 43.7048 9.4139 -.25 44.6485 9.2197 -.25 44.5842 9.3572 -.25 43.595
4 0 8.9501 -.25 44.2037 9.3572 -.25 43.595 9.2197 -.25 44.5842 9.0568 -.25 44.4308
3 0 9.5634 -.25 43.7479 9.7975 -.25 43.752 9.7818 -.25 44.6549
4 0 9.4139 -.25 44.6485 9.4574 -.25 43.7048 9.5634 -.25 43.7479 9.7818 -.25 44.6549
4 0 11.4593 -.25 42.8188 11.3533 -.25 42.7757 11.5028 -.25 41.8751 11.697 -.25 41.9394
4 0 11.697 -.25 41.9394 11.8599 -.25 42.0928 11.5595 -.25 42.9286 11.4593 -.25 42.8188
4 0 11.9921 -.25 42.5861 11.5595 -.25 42.9286 11.8599 -.25 42.0928 11.9666 -.25 42.3199
4 0 11.5595 -.25 42.9286 11.9921 -.25 42.5861 11.9711 -.25 43.79 11.6193 -.25 43.0913
3 0 11.6127 -.25 43.4727 11.6193 -.25 43.0913 11.9711 -.25 43.79
4 0 11.9554 -.25 44.6928 11.5472 -.25 43.6332 11.6127 -.25 43.4727 11.9711 -.25 43.79
3 0 11.4432 -.25 43.7395 11.5472 -.25 43.6332 11.9554 -.25 44.6928
4 0 10.7673 -.25 43.7689 11.3358 -.25 43.7789 11.9554 -.25 44.6928 10.4171 -.25 44.666
3 0 11.3358 -.25 43.7789 11.4432 -.25 43.7395 11.9554 -.25 44.6928
4 0 10.4411 -.25 43.2949 10.7755 -.25 43.3008 10.7673 -.25 43.7689 10.4329 -.25 43.7631
3 0 10.4171 -.25 44.666 10.4329 -.25 43.7631 10.7673 -.25 43.7689
4 0 11.5028 -.25 41.8751 11.3533 -.25 42.7757 9.5809 -.25 42.7447 9.4629 -.25 41.8395
4 15 10.4171 -.25 44.666 9.7818 -.25 44.6549 9.7975 -.25 43.752 10.4329 -.25 43.7631
4 15 10.7028 -.25 37.8806 12.0739 -.25 37.9045 12.0528 -.25 39.1083 10.6818 -.25 39.0844
4 15 8.994 -.25 39.9581 12.0371 -.25 40.0112 12.0295 -.25 40.4459 8.9864 -.25 40.3928
4 15 8.6554 -.25 38.2797 8.9968 -.25 37.8842 10.3684 -.25 37.8747 9.9595 -.25 38.3024
4 15 9.9595 -.25 38.3024 10.3684 -.25 37.8747 10.3474 -.25 39.0786 9.9537 -.25 38.6368
4 15 10.3474 -.25 39.0786 9.0098 -.25 39.0552 8.6495 -.25 38.6141 9.9537 -.25 38.6368
4 15 8.695 -.25 41.7592 8.5947 -.25 41.7575 8.6495 -.25 38.6141 8.994 -.25 39.9581
3 15 8.6495 -.25 38.6141 9.0098 -.25 39.0552 8.994 -.25 39.9581
3 15 8.695 -.25 41.7592 8.994 -.25 39.9581 8.9864 -.25 40.3928
3 15 8.695 -.25 41.7592 8.9864 -.25 40.3928 8.9707 -.25 41.2957
4 15 8.9707 -.25 41.2957 9.4629 -.25 41.8395 9.2666 -.25 41.897 8.695 -.25 41.7592
3 15 8.695 -.25 41.7592 9.2666 -.25 41.897 9.0984 -.25 42.0446
3 15 8.695 -.25 41.7592 9.0984 -.25 42.0446 8.9839 -.25 42.2679
4 15 8.9839 -.25 42.2679 8.9491 -.25 42.533 8.5906 -.25 41.9915 8.695 -.25 41.7592
4 15 8.5906 -.25 41.9915 8.9491 -.25 42.533 8.9246 -.25 43.9375 8.5515 -.25 44.232
4 15 8.5814 -.25 44.4333 8.5515 -.25 44.232 8.9246 -.25 43.9375 8.9501 -.25 44.2037
4 15 9.0568 -.25 44.4308 8.6788 -.25 44.6022 8.5814 -.25 44.4333 8.9501 -.25 44.2037
4 15 8.6788 -.25 44.6022 9.0568 -.25 44.4308 9.2197 -.25 44.5842 8.9053 -.25 45.041
3 15 8.9053 -.25 45.041 9.2197 -.25 44.5842 9.4139 -.25 44.6485
3 15 8.9053 -.25 45.041 9.4139 -.25 44.6485 9.7818 -.25 44.6549
4 15 8.9053 -.25 45.041 9.7818 -.25 44.6549 10.4171 -.25 44.666 11.9484 -.25 45.0941
4 15 12.0137 -.25 41.3488 11.5028 -.25 41.8751 9.4629 -.25 41.8395 8.9707 -.25 41.2957
4 15 12.5095 -.25 41.692 11.697 -.25 41.9394 11.5028 -.25 41.8751 12.0137 -.25 41.3488
4 15 12.5273 -.25 42.1329 11.8599 -.25 42.0928 11.697 -.25 41.9394 12.5095 -.25 41.692
4 15 10.5616 -.25 45.9731 11.9326 -.25 45.997 11.9116 -.25 47.2009 10.5405 -.25 47.1769
4 0 12.6114 -.25 37.3175 12.6857 -.25 37.2103 13.1169 -.25 37.5547 13.0527 -.25 37.5663
4 0 14.6217 -.25 37.581 13.1169 -.25 37.5547 12.6857 -.25 37.2103 12.7955 -.25 37.1397
4 0 13.0527 -.25 37.5663 12.9978 -.25 37.6016 12.5836 -.25 37.4451 12.6114 -.25 37.3175
3 0 12.5836 -.25 37.4451 12.9978 -.25 37.6016 12.9606 -.25 37.6552
4 0 12.5836 -.25 37.4451 12.9606 -.25 37.6552 12.9468 -.25 37.719 12.5696 -.25 38.2477
4 0 12.5929 -.25 38.376 13.0426 -.25 38.1428 13.1064 -.25 38.1567 12.6635 -.25 38.4858
4 0 14.6112 -.25 38.1829 12.7707 -.25 38.5602 12.6635 -.25 38.4858 13.1064 -.25 38.1567
4 0 14.8043 -.25 38.6212 12.8982 -.25 38.5879 12.7707 -.25 38.5602 14.6112 -.25 38.1829
4 0 12.5696 -.25 38.2477 12.989 -.25 38.1057 13.0426 -.25 38.1428 12.5929 -.25 38.376
3 0 12.5696 -.25 38.2477 12.9537 -.25 38.0508 12.989 -.25 38.1057
3 0 12.5696 -.25 38.2477 12.9421 -.25 37.9866 12.9537 -.25 38.0508
3 0 12.5696 -.25 38.2477 12.9468 -.25 37.719 12.9421 -.25 37.9866
4 0 14.9575 -.25 37.1774 14.6855 -.25 37.5948 14.6217 -.25 37.581 14.83 -.25 37.1498
4 0 15.0647 -.25 37.2518 14.7391 -.25 37.632 14.6855 -.25 37.5948 14.9575 -.25 37.1774
4 0 14.7391 -.25 37.632 15.0647 -.25 37.2518 15.1353 -.25 37.3616 14.7744 -.25 37.6869
4 0 14.7744 -.25 37.6869 15.1353 -.25 37.3616 15.1585 -.25 37.49 14.786 -.25 37.7511
4 0 14.7303 -.25 38.136 14.9327 -.25 38.5979 14.8043 -.25 38.6212 14.6755 -.25 38.1713
3 0 14.6112 -.25 38.1829 14.6755 -.25 38.1713 14.8043 -.25 38.6212
4 0 15.1169 -.25 38.4201 15.0425 -.25 38.5273 14.9327 -.25 38.5979 14.7303 -.25 38.136
4 0 14.7675 -.25 38.0824 15.1445 -.25 38.2926 15.1169 -.25 38.4201 14.7303 -.25 38.136
4 0 15.1585 -.25 37.49 15.1445 -.25 38.2926 14.7675 -.25 38.0824 14.7813 -.25 38.0187
3 0 14.7813 -.25 38.0187 14.786 -.25 37.7511 15.1585 -.25 37.49
4 0 12.7955 -.25 37.1397 12.9239 -.25 37.1165 14.83 -.25 37.1498 14.6217 -.25 37.581
4 0 13.0206 -.25 39.4055 12.6536 -.25 39.0495 12.7634 -.25 38.9789 13.0848 -.25 39.394
4 0 12.8918 -.25 38.9557 14.5896 -.25 39.4202 13.0848 -.25 39.394 12.7634 -.25 38.9789
4 0 13.0206 -.25 39.4055 12.9657 -.25 39.4408 12.5515 -.25 39.2843 12.5792 -.25 39.1567
3 0 12.5792 -.25 39.1567 12.6536 -.25 39.0495 13.0206 -.25 39.4055
4 0 12.5631 -.25 40.0815 13.0129 -.25 39.8483 13.0767 -.25 39.8621 12.6337 -.25 40.1912
4 0 12.5631 -.25 40.0815 12.5399 -.25 39.9531 12.924 -.25 39.7562 12.9593 -.25 39.8111
3 0 12.5631 -.25 40.0815 12.9593 -.25 39.8111 13.0129 -.25 39.8483
3 0 12.5399 -.25 39.9531 12.9124 -.25 39.692 12.924 -.25 39.7562
3 0 12.5399 -.25 39.9531 12.9147 -.25 39.5582 12.9124 -.25 39.692
3 0 12.5399 -.25 39.9531 12.9285 -.25 39.4945 12.9147 -.25 39.5582
4 0 12.9657 -.25 39.4408 12.9285 -.25 39.4945 12.5399 -.25 39.9531 12.5515 -.25 39.2843
4 0 14.9254 -.25 39.0167 14.6534 -.25 39.434 14.5896 -.25 39.4202 14.7979 -.25 38.989
4 0 15.0326 -.25 39.091 14.707 -.25 39.4712 14.6534 -.25 39.434 14.9254 -.25 39.0167
4 0 15.1032 -.25 39.2008 14.7423 -.25 39.5261 14.707 -.25 39.4712 15.0326 -.25 39.091
4 0 15.1264 -.25 39.3292 14.7539 -.25 39.5903 14.7423 -.25 39.5261 15.1032 -.25 39.2008
4 0 14.7745 -.25 40.3266 14.4401 -.25 40.3208 14.6457 -.25 39.8768 14.7006 -.25 39.8415
4 0 14.903 -.25 40.3034 14.7745 -.25 40.3266 14.7006 -.25 39.8415 14.7378 -.25 39.7879
4 0 15.0127 -.25 40.2328 14.903 -.25 40.3034 14.7378 -.25 39.7879 14.7516 -.25 39.7241
4 0 14.7539 -.25 39.5903 15.1264 -.25 39.3292 15.0127 -.25 40.2328 14.7516 -.25 39.7241
4 0 15.1147 -.25 39.998 15.0871 -.25 40.1255 15.0127 -.25 40.2328 15.1264 -.25 39.3292
3 0 12.8918 -.25 38.9557 14.7979 -.25 38.989 14.5896 -.25 39.4202
3 0 13.0767 -.25 39.8621 13.3107 -.25 39.8662 13.3031 -.25 40.3009
4 0 12.6337 -.25 40.1912 13.0767 -.25 39.8621 13.3031 -.25 40.3009 12.7409 -.25 40.2656
3 0 12.7409 -.25 40.2656 13.3031 -.25 40.3009 12.8684 -.25 40.2933
3 0 14.4401 -.25 40.3208 14.4477 -.25 39.8861 14.5815 -.25 39.8884
3 0 14.4401 -.25 40.3208 14.5815 -.25 39.8884 14.6457 -.25 39.8768
3 0 12.5305 -.25 40.4881 12.8984 -.25 40.4946 12.8914 -.25 40.8958
4 0 15.0984 -.25 40.9344 15.0914 -.25 41.3357 12.8844 -.25 41.2971 12.8914 -.25 40.8958
3 0 12.5095 -.25 41.692 12.8844 -.25 41.2971 12.8773 -.25 41.6984
4 0 12.8914 -.25 40.8958 12.8844 -.25 41.2971 12.5095 -.25 41.692 12.5305 -.25 40.4881
4 0 12.9686 -.25 42.3817 12.6017 -.25 42.0257 12.7114 -.25 41.9551 13.0329 -.25 42.3701
4 0 12.8398 -.25 41.9319 13.8354 -.25 42.3841 13.0329 -.25 42.3701 12.7114 -.25 41.9551
4 0 12.9686 -.25 42.3817 12.9138 -.25 42.417 12.4996 -.25 42.2605 12.5273 -.25 42.1329
3 0 12.4996 -.25 42.2605 12.9138 -.25 42.417 12.8766 -.25 42.4706
3 0 12.5273 -.25 42.1329 12.6017 -.25 42.0257 12.9686 -.25 42.3817
4 0 12.5088 -.25 43.1914 12.9586 -.25 42.9582 13.0224 -.25 42.9721 12.5794 -.25 43.3012
4 0 13.8249 -.25 42.9861 12.6866 -.25 43.3756 12.5794 -.25 43.3012 13.0224 -.25 42.9721
4 0 12.5088 -.25 43.1914 12.4856 -.25 43.063 12.8697 -.25 42.8662 12.905 -.25 42.921
3 0 12.5088 -.25 43.1914 12.905 -.25 42.921 12.9586 -.25 42.9582
3 0 12.4856 -.25 43.063 12.8581 -.25 42.8019 12.8697 -.25 42.8662
3 0 12.4856 -.25 43.063 12.8628 -.25 42.5344 12.8581 -.25 42.8019
4 0 12.4996 -.25 42.2605 12.8766 -.25 42.4706 12.8628 -.25 42.5344 12.4856 -.25 43.063
4 0 13.8354 -.25 42.3841 14.103 -.25 42.3888 14.0925 -.25 42.9907 13.8249 -.25 42.9861
3 0 12.8398 -.25 41.9319 14.103 -.25 42.3888 13.8354 -.25 42.3841
4 0 15.0803 -.25 41.971 15.0727 -.25 42.4057 14.103 -.25 42.3888 12.8398 -.25 41.9319
4 0 15.0622 -.25 43.0077 15.0546 -.25 43.4424 12.8141 -.25 43.4033 14.0925 -.25 42.9907
4 0 12.6866 -.25 43.3756 13.8249 -.25 42.9861 14.0925 -.25 42.9907 12.8141 -.25 43.4033
4 0 12.4733 -.25 43.7653 13.4695 -.25 44.1841 13.5951 -.25 44.6546 12.4663 -.25 44.1666
4 0 12.4733 -.25 43.7653 15.0482 -.25 43.8102 15.0412 -.25 44.2115 13.4695 -.25 44.1841
3 0 14.5314 -.25 44.6709 15.033 -.25 44.6797 15.026 -.25 45.0809
4 0 13.4695 -.25 44.1841 14.5314 -.25 44.6709 15.026 -.25 45.0809 13.5951 -.25 44.6546
4 0 15.026 -.25 45.0809 12.4511 -.25 45.036 12.4581 -.25 44.6347 13.5951 -.25 44.6546
4 0 13.5066 -.25 45.8907 13.7741 -.25 45.8954 13.7636 -.25 46.4973 13.4961 -.25 46.4926
4 0 12.7604 -.25 46.4798 12.426 -.25 46.4739 12.4435 -.25 45.4707 12.7709 -.25 45.8778
4 0 12.4435 -.25 45.4707 15.0184 -.25 45.5157 13.5066 -.25 45.8907 12.7709 -.25 45.8778
3 0 13.5066 -.25 45.8907 15.0184 -.25 45.5157 13.7741 -.25 45.8954
3 0 13.7741 -.25 45.8954 15.0184 -.25 45.5157 14.677 -.25 45.9111
4 0 15.0184 -.25 45.5157 15.0009 -.25 46.5189 14.6665 -.25 46.513 14.677 -.25 45.9111
4 0 13.1823 -.25 47.223 12.9482 -.25 47.219 12.6268 -.25 46.804 13.3905 -.25 46.7918
3 0 12.6268 -.25 46.804 12.7552 -.25 46.7807 13.3905 -.25 46.7918
4 0 12.8291 -.25 47.2658 12.4427 -.25 46.9818 12.5171 -.25 46.8746 12.884 -.25 47.2305
4 0 12.6268 -.25 46.804 12.9482 -.25 47.219 12.884 -.25 47.2305 12.5171 -.25 46.8746
3 0 12.4427 -.25 46.9818 12.8291 -.25 47.2658 12.7919 -.25 47.3195
4 0 12.4149 -.25 47.1093 12.4427 -.25 46.9818 12.7919 -.25 47.3195 12.7781 -.25 47.3832
4 0 12.8763 -.25 47.6733 12.9401 -.25 47.6871 12.6043 -.25 48.0907 12.4971 -.25 48.0163
4 0 12.8227 -.25 47.6361 12.8763 -.25 47.6733 12.4971 -.25 48.0163 12.4265 -.25 47.9065
4 0 12.7874 -.25 47.5812 12.8227 -.25 47.6361 12.4265 -.25 47.9065 12.4033 -.25 47.7781
4 0 12.7874 -.25 47.5812 12.4033 -.25 47.7781 12.4149 -.25 47.1093 12.7758 -.25 47.517
3 0 12.4149 -.25 47.1093 12.7781 -.25 47.3832 12.7758 -.25 47.517
4 0 14.5704 -.25 47.2962 14.5168 -.25 47.259 14.6613 -.25 46.814 14.7888 -.25 46.8417
3 0 14.453 -.25 47.2452 14.6613 -.25 46.814 14.5168 -.25 47.259
4 0 14.9667 -.25 47.0259 14.5704 -.25 47.2962 14.7888 -.25 46.8417 14.8961 -.25 46.9161
4 0 14.9667 -.25 47.0259 14.9898 -.25 47.1542 14.6057 -.25 47.3511 14.5704 -.25 47.2962
4 0 14.7664 -.25 48.1284 14.6379 -.25 48.1516 14.4449 -.25 47.7134 14.5091 -.25 47.7018
4 0 14.5091 -.25 47.7018 14.564 -.25 47.6665 14.8761 -.25 48.0578 14.7664 -.25 48.1284
4 0 14.564 -.25 47.6665 14.6012 -.25 47.6129 14.9505 -.25 47.9506 14.8761 -.25 48.0578
4 0 14.9782 -.25 47.823 14.9505 -.25 47.9506 14.6012 -.25 47.6129 14.615 -.25 47.5491
4 0 14.6173 -.25 47.4153 14.6057 -.25 47.3511 14.9898 -.25 47.1542 14.9782 -.25 47.823
3 0 14.615 -.25 47.5491 14.6173 -.25 47.4153 14.9782 -.25 47.823
4 0 13.0738 -.25 47.6894 13.0662 -.25 48.1242 12.6043 -.25 48.0907 12.9401 -.25 47.6871
3 0 12.6043 -.25 48.0907 13.0662 -.25 48.1242 12.7318 -.25 48.1183
4 0 14.2934 -.25 46.8076 14.6613 -.25 46.814 14.453 -.25 47.2452 14.2858 -.25 47.2423
4 0 13.2997 -.25 47.2741 13.2461 -.25 47.2369 13.3905 -.25 46.7918 13.5181 -.25 46.8195
3 0 13.1823 -.25 47.223 13.3905 -.25 46.7918 13.2461 -.25 47.2369
4 0 13.335 -.25 47.3289 13.2997 -.25 47.2741 13.5181 -.25 46.8195 13.6253 -.25 46.8939
4 0 14.077 -.25 47.707 13.8688 -.25 48.1382 13.7413 -.25 48.1105 14.0132 -.25 47.6931
4 0 13.7413 -.25 48.1105 13.6341 -.25 48.0361 13.5635 -.25 47.9264 14.0132 -.25 47.6931
3 0 13.5635 -.25 47.9264 13.9596 -.25 47.6559 14.0132 -.25 47.6931
3 0 13.5635 -.25 47.9264 13.9243 -.25 47.6011 13.9596 -.25 47.6559
4 0 13.6253 -.25 46.8939 13.6959 -.25 47.0037 13.5635 -.25 47.9264 13.335 -.25 47.3289
3 0 13.5635 -.25 47.9264 13.6959 -.25 47.0037 13.9243 -.25 47.6011
4 15 12.9978 -.25 37.6016 13.0527 -.25 37.5663 12.9468 -.25 37.719 12.9606 -.25 37.6552
4 15 12.9537 -.25 38.0508 12.9421 -.25 37.9866 12.9468 -.25 37.719 13.0527 -.25 37.5663
4 15 13.0527 -.25 37.5663 13.1169 -.25 37.5547 13.1064 -.25 38.1567 12.9537 -.25 38.0508
4 15 13.1064 -.25 38.1567 13.0426 -.25 38.1428 12.989 -.25 38.1057 12.9537 -.25 38.0508
4 15 13.1169 -.25 37.5547 14.6217 -.25 37.581 14.6112 -.25 38.1829 13.1064 -.25 38.1567
4 15 14.7391 -.25 37.632 14.7744 -.25 37.6869 14.786 -.25 37.7511 14.6855 -.25 37.5948
4 15 14.7675 -.25 38.0824 14.6855 -.25 37.5948 14.786 -.25 37.7511 14.7813 -.25 38.0187
4 15 14.7303 -.25 38.136 14.6217 -.25 37.581 14.6855 -.25 37.5948 14.7675 -.25 38.0824
4 15 14.6755 -.25 38.1713 14.6112 -.25 38.1829 14.6217 -.25 37.581 14.7303 -.25 38.136
4 15 15.1445 -.25 38.2926 15.1264 -.25 39.3292 15.1032 -.25 39.2008 15.1169 -.25 38.4201
4 15 15.1169 -.25 38.4201 15.1032 -.25 39.2008 15.0326 -.25 39.091 15.0425 -.25 38.5273
4 15 15.0425 -.25 38.5273 15.0326 -.25 39.091 14.9254 -.25 39.0167 14.9327 -.25 38.5979
4 15 14.9327 -.25 38.5979 14.9254 -.25 39.0167 14.7979 -.25 38.989 14.8043 -.25 38.6212
4 15 12.8982 -.25 38.5879 14.8043 -.25 38.6212 14.7979 -.25 38.989 12.8918 -.25 38.9557
4 15 12.5929 -.25 38.376 12.5792 -.25 39.1567 12.5515 -.25 39.2843 12.5696 -.25 38.2477
4 15 12.6635 -.25 38.4858 12.6536 -.25 39.0495 12.5792 -.25 39.1567 12.5929 -.25 38.376
4 15 12.7707 -.25 38.5602 12.7634 -.25 38.9789 12.6536 -.25 39.0495 12.6635 -.25 38.4858
4 15 12.8982 -.25 38.5879 12.8918 -.25 38.9557 12.7634 -.25 38.9789 12.7707 -.25 38.5602
4 15 12.5947 -.25 36.8097 12.6857 -.25 37.2103 12.6114 -.25 37.3175 12.0896 -.25 37.0016
4 15 12.6114 -.25 37.3175 12.5836 -.25 37.4451 12.0739 -.25 37.9045 12.0896 -.25 37.0016
4 15 12.5515 -.25 39.2843 12.0528 -.25 39.1083 12.0739 -.25 37.9045 12.5696 -.25 38.2477
3 15 12.0739 -.25 37.9045 12.5836 -.25 37.4451 12.5696 -.25 38.2477
4 15 12.5399 -.25 39.9531 12.0371 -.25 40.0112 12.0528 -.25 39.1083 12.5515 -.25 39.2843
4 15 12.5305 -.25 40.4881 12.0295 -.25 40.4459 12.0371 -.25 40.0112 12.5399 -.25 39.9531
3 15 12.5305 -.25 40.4881 12.5399 -.25 39.9531 12.5631 -.25 40.0815
3 15 12.5305 -.25 40.4881 12.5631 -.25 40.0815 12.6337 -.25 40.1912
4 15 12.8984 -.25 40.4946 12.5305 -.25 40.4881 12.6337 -.25 40.1912 12.7409 -.25 40.2656
3 15 12.7409 -.25 40.2656 12.8684 -.25 40.2933 12.8984 -.25 40.4946
3 15 12.8684 -.25 40.2933 13.3031 -.25 40.3009 12.8984 -.25 40.4946
4 15 12.9147 -.25 39.5582 12.9285 -.25 39.4945 12.9657 -.25 39.4408 13.0206 -.25 39.4055
4 15 12.9593 -.25 39.8111 12.924 -.25 39.7562 13.0767 -.25 39.8621 13.0129 -.25 39.8483
4 15 13.0767 -.25 39.8621 12.924 -.25 39.7562 12.9147 -.25 39.5582 13.0206 -.25 39.4055
3 15 12.9124 -.25 39.692 12.9147 -.25 39.5582 12.924 -.25 39.7562
4 15 13.3107 -.25 39.8662 13.0767 -.25 39.8621 13.0206 -.25 39.4055 13.0848 -.25 39.394
4 15 14.4477 -.25 39.8861 13.3107 -.25 39.8662 13.0848 -.25 39.394 14.5896 -.25 39.4202
3 15 13.3031 -.25 40.3009 13.3107 -.25 39.8662 14.4477 -.25 39.8861
4 15 14.707 -.25 39.4712 14.7423 -.25 39.5261 14.7539 -.25 39.5903 14.6534 -.25 39.434
4 15 14.5815 -.25 39.8884 14.5896 -.25 39.4202 14.7539 -.25 39.5903 14.7516 -.25 39.7241
3 15 14.5896 -.25 39.4202 14.6534 -.25 39.434 14.7539 -.25 39.5903
3 15 14.4477 -.25 39.8861 14.5896 -.25 39.4202 14.5815 -.25 39.8884
4 15 14.7006 -.25 39.8415 14.6457 -.25 39.8768 14.7516 -.25 39.7241 14.7378 -.25 39.7879
3 15 14.5815 -.25 39.8884 14.7516 -.25 39.7241 14.6457 -.25 39.8768
4 15 15.0984 -.25 40.9344 15.0127 -.25 40.2328 15.0871 -.25 40.1255 15.4346 -.25 40.8399
3 15 14.903 -.25 40.3034 15.0127 -.25 40.2328 15.0984 -.25 40.9344
4 15 12.8914 -.25 40.8958 14.7745 -.25 40.3266 14.903 -.25 40.3034 15.0984 -.25 40.9344
3 15 12.8914 -.25 40.8958 14.4401 -.25 40.3208 14.7745 -.25 40.3266
4 15 13.3031 -.25 40.3009 14.4477 -.25 39.8861 14.4401 -.25 40.3208 12.8914 -.25 40.8958
3 15 12.8914 -.25 40.8958 12.8984 -.25 40.4946 13.3031 -.25 40.3009
4 15 12.8844 -.25 41.2971 15.0914 -.25 41.3357 15.0803 -.25 41.971 12.8773 -.25 41.6984
4 15 12.7114 -.25 41.9551 12.5095 -.25 41.692 12.8773 -.25 41.6984 12.8398 -.25 41.9319
3 15 12.8398 -.25 41.9319 12.8773 -.25 41.6984 15.0803 -.25 41.971
3 15 12.5095 -.25 41.692 12.7114 -.25 41.9551 12.6017 -.25 42.0257
3 15 12.5095 -.25 41.692 12.6017 -.25 42.0257 12.5273 -.25 42.1329
4 15 12.4996 -.25 42.2605 11.9666 -.25 42.3199 11.8599 -.25 42.0928 12.5273 -.25 42.1329
4 15 12.0295 -.25 40.4459 12.5305 -.25 40.4881 12.5095 -.25 41.692 12.0137 -.25 41.3488
4 15 12.4856 -.25 43.063 11.9921 -.25 42.5861 11.9666 -.25 42.3199 12.4996 -.25 42.2605
4 15 11.9554 -.25 44.6928 11.9711 -.25 43.79 12.4733 -.25 43.7653 12.4663 -.25 44.1666
4 15 12.4581 -.25 44.6347 11.9484 -.25 45.0941 11.9554 -.25 44.6928 12.4663 -.25 44.1666
4 15 12.4511 -.25 45.036 11.9326 -.25 45.997 11.9484 -.25 45.0941 12.4581 -.25 44.6347
4 15 15.033 -.25 44.6797 14.5314 -.25 44.6709 13.4695 -.25 44.1841 15.0412 -.25 44.2115
3 15 12.4581 -.25 44.6347 12.4663 -.25 44.1666 13.5951 -.25 44.6546
3 15 11.9921 -.25 42.5861 12.4856 -.25 43.063 12.5088 -.25 43.1914
4 15 12.5088 -.25 43.1914 12.5794 -.25 43.3012 12.4733 -.25 43.7653 11.9921 -.25 42.5861
3 15 12.4733 -.25 43.7653 12.5794 -.25 43.3012 12.6866 -.25 43.3756
3 15 12.4733 -.25 43.7653 12.6866 -.25 43.3756 12.8141 -.25 43.4033
3 15 11.9711 -.25 43.79 11.9921 -.25 42.5861 12.4733 -.25 43.7653
4 15 14.103 -.25 42.3888 15.0727 -.25 42.4057 15.0622 -.25 43.0077 14.0925 -.25 42.9907
4 15 15.0546 -.25 43.4424 15.0482 -.25 43.8102 12.4733 -.25 43.7653 12.8141 -.25 43.4033
4 15 12.9138 -.25 42.417 12.9686 -.25 42.3817 12.8628 -.25 42.5344 12.8766 -.25 42.4706
4 15 12.9586 -.25 42.9582 12.8581 -.25 42.8019 12.8628 -.25 42.5344 12.9686 -.25 42.3817
4 15 12.905 -.25 42.921 12.8697 -.25 42.8662 12.8581 -.25 42.8019 12.9586 -.25 42.9582
4 15 12.9686 -.25 42.3817 13.0329 -.25 42.3701 13.0224 -.25 42.9721 12.9586 -.25 42.9582
4 15 13.0329 -.25 42.3701 13.8354 -.25 42.3841 13.8249 -.25 42.9861 13.0224 -.25 42.9721
4 15 15.026 -.25 45.0809 15.0184 -.25 45.5157 12.4435 -.25 45.4707 12.4511 -.25 45.036
3 15 11.9116 -.25 47.2009 12.4435 -.25 45.4707 12.426 -.25 46.4739
4 15 11.9326 -.25 45.997 12.4511 -.25 45.036 12.4435 -.25 45.4707 11.9116 -.25 47.2009
4 15 12.4427 -.25 46.9818 12.4149 -.25 47.1093 11.9116 -.25 47.2009 12.426 -.25 46.4739
4 15 12.7604 -.25 46.4798 12.5171 -.25 46.8746 12.4427 -.25 46.9818 12.426 -.25 46.4739
3 15 12.6268 -.25 46.804 12.7604 -.25 46.4798 12.7552 -.25 46.7807
3 15 12.5171 -.25 46.8746 12.7604 -.25 46.4798 12.6268 -.25 46.804
4 15 12.7709 -.25 45.8778 13.5066 -.25 45.8907 13.4961 -.25 46.4926 12.7604 -.25 46.4798
4 15 12.7552 -.25 46.7807 12.7604 -.25 46.4798 13.4961 -.25 46.4926 13.3905 -.25 46.7918
4 15 13.3905 -.25 46.7918 13.4961 -.25 46.4926 13.7636 -.25 46.4973 13.5181 -.25 46.8195
4 15 14.2858 -.25 47.2423 13.5181 -.25 46.8195 13.7636 -.25 46.4973 14.2934 -.25 46.8076
3 15 13.5181 -.25 46.8195 14.2858 -.25 47.2423 13.6253 -.25 46.8939
3 15 13.6253 -.25 46.8939 14.2858 -.25 47.2423 13.6959 -.25 47.0037
4 15 14.453 -.25 47.2452 13.9596 -.25 47.6559 13.9243 -.25 47.6011 14.2858 -.25 47.2423
3 15 13.6959 -.25 47.0037 14.2858 -.25 47.2423 13.9243 -.25 47.6011
4 15 14.5091 -.25 47.7018 14.077 -.25 47.707 13.9596 -.25 47.6559 14.453 -.25 47.2452
3 15 13.9596 -.25 47.6559 14.077 -.25 47.707 14.0132 -.25 47.6931
4 15 13.7741 -.25 45.8954 14.677 -.25 45.9111 14.6665 -.25 46.513 13.7636 -.25 46.4973
4 15 14.6613 -.25 46.814 14.2934 -.25 46.8076 13.7636 -.25 46.4973 14.6665 -.25 46.513
4 15 15.0009 -.25 46.5189 14.7888 -.25 46.8417 14.6613 -.25 46.814 14.6665 -.25 46.513
4 15 14.615 -.25 47.5491 14.5704 -.25 47.2962 14.6057 -.25 47.3511 14.6173 -.25 47.4153
3 15 14.453 -.25 47.2452 14.5168 -.25 47.259 14.5091 -.25 47.7018
4 15 14.5704 -.25 47.2962 14.615 -.25 47.5491 14.5091 -.25 47.7018 14.5168 -.25 47.259
3 15 14.077 -.25 47.707 14.5091 -.25 47.7018 14.4449 -.25 47.7134
4 15 14.564 -.25 47.6665 14.5091 -.25 47.7018 14.615 -.25 47.5491 14.6012 -.25 47.6129
4 0 14.077 -.25 47.707 14.4449 -.25 47.7134 14.6379 -.25 48.1516 13.8688 -.25 48.1382
4 15 12.8291 -.25 47.2658 12.884 -.25 47.2305 12.7781 -.25 47.3832 12.7919 -.25 47.3195
4 15 12.7874 -.25 47.5812 12.7758 -.25 47.517 12.7781 -.25 47.3832 12.884 -.25 47.2305
4 15 12.8227 -.25 47.6361 12.7874 -.25 47.5812 12.9401 -.25 47.6871 12.8763 -.25 47.6733
4 15 12.884 -.25 47.2305 12.9482 -.25 47.219 12.9401 -.25 47.6871 12.7874 -.25 47.5812
4 15 13.1823 -.25 47.223 13.0738 -.25 47.6894 12.9401 -.25 47.6871 12.9482 -.25 47.219
4 15 13.1823 -.25 47.223 13.2461 -.25 47.2369 13.2997 -.25 47.2741 13.0738 -.25 47.6894
4 15 13.335 -.25 47.3289 13.5635 -.25 47.9264 13.0662 -.25 48.1242 13.2997 -.25 47.2741
3 15 13.0662 -.25 48.1242 13.0738 -.25 47.6894 13.2997 -.25 47.2741
3 15 13.0592 -.25 48.5255 13.6341 -.25 48.0361 13.7413 -.25 48.1105
4 15 13.5635 -.25 47.9264 13.6341 -.25 48.0361 13.0592 -.25 48.5255 13.0662 -.25 48.1242
4 15 14.5884 -.25 48.5521 13.0592 -.25 48.5255 13.7413 -.25 48.1105 13.8688 -.25 48.1382
4 15 12.4265 -.25 47.9065 11.8958 -.25 48.1037 11.9116 -.25 47.2009 12.4033 -.25 47.7781
3 15 11.9116 -.25 47.2009 12.4149 -.25 47.1093 12.4033 -.25 47.7781
4 15 12.1904 -.25 48.4768 11.8958 -.25 48.1037 12.4265 -.25 47.9065 12.4971 -.25 48.0163
4 15 11.6122 -.25 34.7094 11.5399 -.25 33.8955 12.2118 -.25 33.8347 12.1975 -.25 34.6539
4 15 11.5399 -.25 33.8955 11.6122 -.25 34.7094 11.0347 -.25 34.895 10.8768 -.25 34.1006
4 15 10.8768 -.25 34.1006 11.0347 -.25 34.895 10.4748 -.25 35.2076 10.2341 -.25 34.4462
4 15 10.2341 -.25 34.4462 10.4748 -.25 35.2076 9.9421 -.25 35.6419 9.6228 -.25 34.9266
4 15 9.4457 -.25 36.1905 9.0531 -.25 35.5335 9.6228 -.25 34.9266 9.9421 -.25 35.6419
4 15 8.0773 -.25 37.0832 8.5949 -.25 37.5912 8.2552 -.25 38.4192 7.6877 -.25 37.9995
4 15 7.6877 -.25 37.9995 8.2552 -.25 38.4192 7.9806 -.25 39.314 7.3731 -.25 38.9898
4 15 7.3731 -.25 38.9898 7.9806 -.25 39.314 7.7759 -.25 40.2602 7.1387 -.25 40.037
4 15 7.1387 -.25 40.037 7.7759 -.25 40.2602 7.6445 -.25 41.2417 6.9886 -.25 41.1233
4 15 6.9253 -.25 42.2301 6.9886 -.25 41.1233 7.6445 -.25 41.2417 7.5887 -.25 42.2417
4 15 7.7066 -.25 44.2284 7.8781 -.25 45.1812 7.2597 -.25 45.484 7.062 -.25 44.4292
4 15 7.6095 -.25 43.2429 7.7066 -.25 44.2284 7.062 -.25 44.4292 6.9499 -.25 43.3384
4 15 7.6095 -.25 43.2429 6.9499 -.25 43.3384 6.9253 -.25 42.2301 7.5887 -.25 42.2417
4 15 12.2118 -.25 33.8347 12.8812 -.25 33.9189 12.7805 -.25 34.7297 12.1975 -.25 34.6539
4 15 12.8812 -.25 33.9189 13.5367 -.25 34.147 13.3512 -.25 34.9354 12.7805 -.25 34.7297
4 15 13.5367 -.25 34.147 14.1669 -.25 34.5148 13.8998 -.25 35.2674 13.3512 -.25 34.9354
4 15 14.1669 -.25 34.5148 14.7612 -.25 35.0163 14.4171 -.25 35.72 13.8998 -.25 35.2674
4 15 14.7612 -.25 35.0163 15.3093 -.25 35.6427 14.894 -.25 36.2856 14.4171 -.25 35.72
4 15 15.3093 -.25 35.6427 15.8018 -.25 36.3833 15.1946 -.25 36.7548 14.894 -.25 36.2856
4 15 16.5179 -.25 41.3966 17.1775 -.25 41.3011 17.2021 -.25 42.4095 16.5387 -.25 42.3979
4 15 12.5875 -.25 50.744 12.5152 -.25 49.9302 13.0927 -.25 49.7446 13.2505 -.25 50.539
4 15 13.6525 -.25 49.4319 13.8933 -.25 50.1933 13.2505 -.25 50.539 13.0927 -.25 49.7446
4 15 13.8933 -.25 50.1933 13.6525 -.25 49.4319 14.1853 -.25 48.9976 14.5046 -.25 49.7129
4 15 14.5046 -.25 49.7129 14.1853 -.25 48.9976 14.5884 -.25 48.5521 15.0742 -.25 49.1061
4 15 16.0501 -.25 47.5564 15.5324 -.25 47.0484 15.8722 -.25 46.2203 16.4397 -.25 46.64
4 15 16.1468 -.25 45.3255 16.7543 -.25 45.6497 16.4397 -.25 46.64 15.8722 -.25 46.2203
4 15 16.3515 -.25 44.3793 16.9887 -.25 44.6025 16.7543 -.25 45.6497 16.1468 -.25 45.3255
4 15 16.4829 -.25 43.3978 17.1388 -.25 43.5162 16.9887 -.25 44.6025 16.3515 -.25 44.3793
4 15 16.4829 -.25 43.3978 16.5387 -.25 42.3979 17.2021 -.25 42.4095 17.1388 -.25 43.5162
4 15 12.431 -.25 36.6062 12.5302 -.25 36.6748 12.5947 -.25 36.8097 12.0896 -.25 37.0016
4 15 12.9239 -.25 37.1165 12.7955 -.25 37.1397 12.5947 -.25 36.8097 12.6628 -.25 36.744
3 15 12.5947 -.25 36.8097 12.7955 -.25 37.1397 12.6857 -.25 37.2103
4 0 9.9421 -.25 35.6419 12.431 -.25 36.6062 9.1974 -.25 36.5497 9.4457 -.25 36.1905
3 0 9.9421 -.25 35.6419 10.4748 -.25 35.2076 12.431 -.25 36.6062
3 0 12.5302 -.25 36.6748 12.6628 -.25 36.744 12.5947 -.25 36.8097
4 0 12.5302 -.25 36.6748 12.1975 -.25 34.6539 12.7805 -.25 34.7297 12.7637 -.25 36.7123
4 0 15.1946 -.25 36.7548 12.7637 -.25 36.7123 13.3512 -.25 34.9354 13.8998 -.25 35.2674
3 0 12.7637 -.25 36.7123 12.7805 -.25 34.7297 13.3512 -.25 34.9354
4 0 15.1946 -.25 36.7548 13.8998 -.25 35.2674 14.4171 -.25 35.72 14.894 -.25 36.2856
4 0 8.6554 -.25 38.2797 9.9595 -.25 38.3024 9.9537 -.25 38.6368 8.6495 -.25 38.6141
4 0 8.2552 -.25 38.4192 8.5949 -.25 37.5912 8.6698 -.25 37.4509 8.6554 -.25 38.2797
4 0 7.9806 -.25 39.314 8.2552 -.25 38.4192 8.6554 -.25 38.2797 8.6495 -.25 38.6141
4 0 7.9806 -.25 39.314 8.6495 -.25 38.6141 8.5947 -.25 41.7575 7.7759 -.25 40.2602
4 0 7.7759 -.25 40.2602 8.5947 -.25 41.7575 7.5887 -.25 42.2417 7.6445 -.25 41.2417
4 0 8.695 -.25 41.7592 8.5906 -.25 41.9915 7.5887 -.25 42.2417 8.5947 -.25 41.7575
4 0 8.5515 -.25 44.232 7.6095 -.25 43.2429 7.5887 -.25 42.2417 8.5906 -.25 41.9915
3 0 7.6095 -.25 43.2429 8.5515 -.25 44.232 7.7066 -.25 44.2284
4 15 8.5258 -.25 45.7034 8.5451 -.25 44.5999 8.6788 -.25 44.6022 8.9053 -.25 45.041
4 0 16.2646 -.25 39.2822 15.9278 -.25 39.4101 15.496 -.25 39.2353 15.5347 -.25 38.935
4 0 16.9258 -.25 39.7286 16.5568 -.25 39.7891 16.2927 -.25 39.5838 16.2646 -.25 39.2822
4 0 16.9258 -.25 39.7286 16.9234 -.25 39.8624 16.5515 -.25 40.09 16.5568 -.25 39.7891
4 0 16.1784 -.25 40.3846 16.1508 -.25 40.0496 16.5568 -.25 39.7891 16.5515 -.25 40.09
4 0 16.1508 -.25 40.0496 16.1784 -.25 40.3846 15.837 -.25 40.78 15.6751 -.25 40.4761
3 0 15.4346 -.25 40.8399 15.6751 -.25 40.4761 15.837 -.25 40.78
4 0 15.4346 -.25 40.8399 15.837 -.25 40.78 15.6294 -.25 41.1778 15.4639 -.25 41.0746
3 0 15.9278 -.25 39.4101 16.2646 -.25 39.2822 16.2927 -.25 39.5838
4 15 12.6628 -.25 36.744 12.7637 -.25 36.7123 14.83 -.25 37.1498 12.9239 -.25 37.1165
4 15 12.7637 -.25 36.7123 15.1946 -.25 36.7548 16.2304 -.25 37.2255 14.83 -.25 37.1498
3 15 14.83 -.25 37.1498 16.2304 -.25 37.2255 14.9575 -.25 37.1774
3 15 14.9575 -.25 37.1774 16.2304 -.25 37.2255 15.0647 -.25 37.2518
3 15 15.0647 -.25 37.2518 16.2304 -.25 37.2255 15.1353 -.25 37.3616
4 15 15.5347 -.25 38.935 15.496 -.25 39.2353 15.1445 -.25 38.2926 15.1585 -.25 37.49
3 15 15.1264 -.25 39.3292 15.1445 -.25 38.2926 15.496 -.25 39.2353
3 15 15.1147 -.25 39.998 15.1264 -.25 39.3292 15.496 -.25 39.2353
4 15 15.496 -.25 39.2353 15.6751 -.25 40.4761 15.0871 -.25 40.1255 15.1147 -.25 39.998
3 15 15.0871 -.25 40.1255 15.6751 -.25 40.4761 15.4346 -.25 40.8399
4 15 15.4346 -.25 40.8399 15.4639 -.25 41.0746 15.0914 -.25 41.3357 15.0984 -.25 40.9344
4 15 15.8253 -.25 41.4488 15.0803 -.25 41.971 15.0914 -.25 41.3357 15.6294 -.25 41.1778
3 15 15.0914 -.25 41.3357 15.4639 -.25 41.0746 15.6294 -.25 41.1778
4 15 16.1508 -.25 40.0496 15.6751 -.25 40.4761 15.496 -.25 39.2353 15.9278 -.25 39.4101
4 15 16.5568 -.25 39.7891 16.1508 -.25 40.0496 15.9278 -.25 39.4101 16.2927 -.25 39.5838
4 15 16.8677 -.25 39.1555 16.2646 -.25 39.2822 15.5347 -.25 38.935 16.5878 -.25 38.1549
4 15 17.8 -.25 40.1194 16.9258 -.25 39.7286 16.2646 -.25 39.2822 16.8677 -.25 39.1555
4 15 17.8 -.25 40.1194 17.0653 -.25 40.2103 16.9234 -.25 39.8624 16.9258 -.25 39.7286
4 15 16.9234 -.25 39.8624 17.0653 -.25 40.2103 16.1784 -.25 40.3846 16.5515 -.25 40.09
4 15 15.837 -.25 40.78 16.1673 -.25 41.0199 15.8253 -.25 41.4488 15.6294 -.25 41.1778
4 15 15.0727 -.25 42.4057 15.0803 -.25 41.971 15.8253 -.25 41.4488 15.5491 -.25 41.9457
4 15 15.0622 -.25 43.0077 15.0727 -.25 42.4057 15.5491 -.25 41.9457 15.3385 -.25 42.5107
4 15 15.3385 -.25 42.5107 15.3146 -.25 43.8818 15.0546 -.25 43.4424 15.0622 -.25 43.0077
3 15 15.0482 -.25 43.8102 15.0546 -.25 43.4424 15.3146 -.25 43.8818
4 15 16.4581 -.25 40.7903 16.1673 -.25 41.0199 15.837 -.25 40.78 16.1784 -.25 40.3846
3 15 15.0412 -.25 44.2115 15.0482 -.25 43.8102 15.3146 -.25 43.8818
3 15 15.033 -.25 44.6797 15.0412 -.25 44.2115 15.3146 -.25 43.8818
4 15 15.026 -.25 45.0809 15.3146 -.25 43.8818 15.2579 -.25 47.1255 15.0184 -.25 45.5157
3 15 15.0009 -.25 46.5189 15.0184 -.25 45.5157 15.2579 -.25 47.1255
4 15 14.7888 -.25 46.8417 15.0009 -.25 46.5189 15.2579 -.25 47.1255 14.8961 -.25 46.9161
3 15 14.8961 -.25 46.9161 15.2579 -.25 47.1255 14.9667 -.25 47.0259
3 15 15.2579 -.25 47.1255 15.5324 -.25 47.0484 16.0501 -.25 47.5564
4 15 15.2579 -.25 47.1255 16.0501 -.25 47.5564 14.9898 -.25 47.1542 14.9667 -.25 47.0259
3 15 14.9505 -.25 47.9506 14.9782 -.25 47.823 15.5924 -.25 48.3831
4 15 14.9898 -.25 47.1542 16.0501 -.25 47.5564 15.5924 -.25 48.3831 14.9782 -.25 47.823
3 15 14.8761 -.25 48.0578 14.9505 -.25 47.9506 15.5924 -.25 48.3831
4 15 13.0662 -.25 48.1242 13.0592 -.25 48.5255 12.658 -.25 48.5184 12.7318 -.25 48.1183
3 15 12.6043 -.25 48.0907 12.7318 -.25 48.1183 12.658 -.25 48.5184
4 15 12.4971 -.25 48.0163 12.6043 -.25 48.0907 12.658 -.25 48.5184 12.1904 -.25 48.4768
4 15 12.8146 -.25 49.1233 12.4486 -.25 49.0165 12.658 -.25 48.5184 13.0592 -.25 48.5255
4 15 12.4486 -.25 49.0165 12.8146 -.25 49.1233 12.4697 -.25 49.7194 12.1048 -.25 49.5458
4 0 13.6525 -.25 49.4319 13.0592 -.25 48.5255 14.5884 -.25 48.5521 14.1853 -.25 48.9976
4 0 13.0592 -.25 48.5255 13.6525 -.25 49.4319 13.0927 -.25 49.7446 12.8146 -.25 49.1233
4 0 12.5152 -.25 49.9302 12.4697 -.25 49.7194 12.8146 -.25 49.1233 13.0927 -.25 49.7446
3 0 12.3051 -.25 49.9501 12.4697 -.25 49.7194 12.5152 -.25 49.9302
4 0 16.4581 -.25 40.7903 16.5179 -.25 41.3966 15.8253 -.25 41.4488 16.1673 -.25 41.0199
4 0 15.5491 -.25 41.9457 15.8253 -.25 41.4488 16.5179 -.25 41.3966 16.5387 -.25 42.3979
3 0 15.3385 -.25 42.5107 15.5491 -.25 41.9457 16.5387 -.25 42.3979
4 0 16.1468 -.25 45.3255 15.3146 -.25 43.8818 16.4829 -.25 43.3978 16.3515 -.25 44.3793
4 0 16.5387 -.25 42.3979 16.4829 -.25 43.3978 15.3146 -.25 43.8818 15.3385 -.25 42.5107
4 0 16.1468 -.25 45.3255 15.8722 -.25 46.2203 15.5324 -.25 47.0484 15.3146 -.25 43.8818
3 0 15.2579 -.25 47.1255 15.3146 -.25 43.8818 15.5324 -.25 47.0484
4 15 11.8958 -.25 48.1037 10.1505 -.25 48.4412 9.4148 -.25 48.4284 8.8528 -.25 48.0506
4 15 9.9734 -.25 49.0068 10.1505 -.25 48.4412 11.8958 -.25 48.1037 12.1904 -.25 48.4768
4 15 12.1904 -.25 48.4768 11.9135 -.25 49.0072 11.6038 -.25 49.5036 9.9734 -.25 49.0068
4 15 10.989 -.25 50.2287 10.2633 -.25 49.6474 9.9734 -.25 49.0068 11.6038 -.25 49.5036
4 15 10.3443 -.25 50.7527 9.9858 -.25 50.2112 10.2633 -.25 49.6474 10.989 -.25 50.2287
4 15 9.6685 -.25 51.1423 9.6427 -.25 50.707 9.9858 -.25 50.2112 10.3443 -.25 50.7527
4 15 9.6427 -.25 50.707 9.6685 -.25 51.1423 9.3306 -.25 51.3371 9.3693 -.25 51.0367
3 15 8.893 -.25 51.4967 9.3693 -.25 51.0367 9.3306 -.25 51.3371
4 15 10.2633 -.25 49.6474 9.8902 -.25 49.942 9.6971 -.25 49.5037 9.9734 -.25 49.0068
4 15 9.2859 -.25 50.0652 9.6971 -.25 49.5037 9.8902 -.25 49.942 9.5177 -.25 50.2031
4 15 9.5177 -.25 50.2031 9.1798 -.25 50.3979 8.9105 -.25 50.4935 9.2859 -.25 50.0652
4 15 11.2842 -.25 50.5684 11.6151 -.25 50.7749 10.9023 -.25 51.3645 10.8078 -.25 51.0284
4 15 10.3614 -.25 51.6896 10.2669 -.25 51.3534 10.8078 -.25 51.0284 10.9023 -.25 51.3645
4 15 10.2669 -.25 51.3534 10.3614 -.25 51.6896 9.6539 -.25 51.9783 9.6598 -.25 51.6439
4 15 9.6598 -.25 51.6439 9.6539 -.25 51.9783 8.9816 -.25 52.1673 9.1218 -.25 51.8018
4 15 9.1218 -.25 51.8018 8.9816 -.25 52.1673 8.3117 -.25 52.2225 8.5181 -.25 51.8916
4 15 8.5181 -.25 51.8916 8.3117 -.25 52.2225 7.4416 -.25 52.2407 7.7819 -.25 51.9122
4 15 7.7819 -.25 51.9122 7.4416 -.25 52.2407 6.7071 -.25 52.161 7.1805 -.25 51.8682
4 15 6.8485 -.25 51.7286 6.947 -.25 51.8307 6.7071 -.25 52.161 6.2073 -.25 52.0519
3 15 6.7071 -.25 52.161 6.947 -.25 51.8307 7.1805 -.25 51.8682
4 15 8.5454 -.25 48.4132 8.8528 -.25 48.0506 9.4148 -.25 48.4284 9.0464 -.25 48.4554
4 15 9.2735 -.25 48.8608 9.0077 -.25 48.7558 9.0464 -.25 48.4554 9.4148 -.25 48.4284
4 15 9.0077 -.25 48.7558 9.2735 -.25 48.8608 9.1005 -.25 49.1923 8.9027 -.25 49.0216
4 15 8.9268 -.25 49.5572 8.7326 -.25 49.1858 8.9027 -.25 49.0216 9.1005 -.25 49.1923
4 15 8.9268 -.25 49.5572 8.3202 -.25 49.8142 8.3941 -.25 49.4141 8.7326 -.25 49.1858
4 15 8.0914 -.25 49.5091 8.3941 -.25 49.4141 8.3202 -.25 49.8142 8.1208 -.25 49.7438
4 15 8.1208 -.25 49.7438 7.9547 -.25 49.674 7.7899 -.25 49.5373 8.0914 -.25 49.5091
4 15 8.6846 -.25 50.0213 8.3179 -.25 49.948 8.3202 -.25 49.8142 8.9268 -.25 49.5572
4 15 8.3091 -.25 50.4496 8.2487 -.25 50.0806 8.3179 -.25 49.948 8.6846 -.25 50.0213
4 15 8.2487 -.25 50.0806 8.3091 -.25 50.4496 7.8674 -.25 50.8433 8.1138 -.25 50.1451
4 15 7.6726 -.25 50.5053 7.9131 -.25 50.1416 8.1138 -.25 50.1451 7.8674 -.25 50.8433
4 15 7.8674 -.25 50.8433 7.4603 -.25 51.1707 7.1628 -.25 50.9648 7.6726 -.25 50.5053
4 15 6.6883 -.25 51.3244 7.1628 -.25 50.9648 7.4603 -.25 51.1707 7.0532 -.25 51.498
4 15 7.0532 -.25 51.498 6.8837 -.25 51.6289 6.2829 -.25 51.5515 6.6883 -.25 51.3244
4 15 6.2073 -.25 52.0519 6.2829 -.25 51.5515 6.8837 -.25 51.6289 6.8485 -.25 51.7286
4 15 6.2829 -.25 51.5515 6.2073 -.25 52.0519 5.8418 -.25 51.9118 5.8787 -.25 51.7117
3 15 5.5431 -.25 51.7727 5.8787 -.25 51.7117 5.8418 -.25 51.9118
4 15 7.6726 -.25 50.5053 7.1065 -.25 50.3617 7.4127 -.25 50.066 7.9131 -.25 50.1416
4 15 6.9803 -.25 49.9246 7.1065 -.25 50.3617 6.4412 -.25 50.1494 6.6154 -.25 49.751
3 15 6.9803 -.25 49.9246 7.4127 -.25 50.066 7.1065 -.25 50.3617
4 15 5.611 -.25 49.8004 5.8492 -.25 49.5704 6.4412 -.25 50.1494 5.9096 -.25 49.9394
4 15 6.2176 -.25 49.5433 6.6154 -.25 49.751 6.4412 -.25 50.1494 5.8492 -.25 49.5704
3 15 5.0489 -.25 49.4226 5.4485 -.25 49.5299 5.3458 -.25 49.6619
4 15 5.8492 -.25 49.5704 5.611 -.25 49.8004 5.3458 -.25 49.6619 5.4485 -.25 49.5299
4 0 12.658 -.25 48.5184 12.4486 -.25 49.0165 11.9135 -.25 49.0072 12.1904 -.25 48.4768
4 0 12.4486 -.25 49.0165 12.1048 -.25 49.5458 11.6038 -.25 49.5036 11.9135 -.25 49.0072
3 0 11.6038 -.25 49.5036 12.1048 -.25 49.5458 11.659 -.25 50.1735
4 0 11.6038 -.25 49.5036 11.659 -.25 50.1735 11.2842 -.25 50.5684 10.989 -.25 50.2287
4 0 9.6685 -.25 51.1423 10.3443 -.25 50.7527 10.8078 -.25 51.0284 10.2669 -.25 51.3534
4 0 11.2842 -.25 50.5684 10.8078 -.25 51.0284 10.3443 -.25 50.7527 10.989 -.25 50.2287
4 0 10.2669 -.25 51.3534 9.6598 -.25 51.6439 9.3306 -.25 51.3371 9.6685 -.25 51.1423
4 0 9.6598 -.25 51.6439 9.1218 -.25 51.8018 8.893 -.25 51.4967 9.3306 -.25 51.3371
4 0 9.1218 -.25 51.8018 8.5181 -.25 51.8916 7.8674 -.25 50.8433 8.893 -.25 51.4967
4 0 8.5181 -.25 51.8916 7.7819 -.25 51.9122 7.4603 -.25 51.1707 7.8674 -.25 50.8433
4 0 7.7819 -.25 51.9122 7.1805 -.25 51.8682 7.0532 -.25 51.498 7.4603 -.25 51.1707
4 0 7.1805 -.25 51.8682 6.947 -.25 51.8307 6.8837 -.25 51.6289 7.0532 -.25 51.498
3 0 6.8485 -.25 51.7286 6.8837 -.25 51.6289 6.947 -.25 51.8307
4 0 10.1505 -.25 48.4412 9.9734 -.25 49.0068 9.2735 -.25 48.8608 9.4148 -.25 48.4284
4 0 9.9734 -.25 49.0068 9.6971 -.25 49.5037 9.1005 -.25 49.1923 9.2735 -.25 48.8608
4 0 9.6971 -.25 49.5037 9.2859 -.25 50.0652 8.9268 -.25 49.5572 9.1005 -.25 49.1923
4 0 9.2859 -.25 50.0652 8.9105 -.25 50.4935 8.6846 -.25 50.0213 8.9268 -.25 49.5572
4 0 8.893 -.25 51.4967 8.3091 -.25 50.4496 8.6846 -.25 50.0213 8.9105 -.25 50.4935
3 0 7.8674 -.25 50.8433 8.3091 -.25 50.4496 8.893 -.25 51.4967
3 0 9.8902 -.25 49.942 10.2633 -.25 49.6474 9.9858 -.25 50.2112
4 0 9.1798 -.25 50.3979 9.5177 -.25 50.2031 9.9858 -.25 50.2112 9.6427 -.25 50.707
3 0 9.5177 -.25 50.2031 9.8902 -.25 49.942 9.9858 -.25 50.2112
4 0 8.9105 -.25 50.4935 9.1798 -.25 50.3979 9.6427 -.25 50.707 9.3693 -.25 51.0367
3 0 8.893 -.25 51.4967 8.9105 -.25 50.4935 9.3693 -.25 51.0367
4 15 8.9053 -.25 45.041 8.8896 -.25 45.9439 8.6156 -.25 46.3071 8.5258 -.25 45.7034
3 15 8.2542 -.25 45.9328 8.5258 -.25 45.7034 8.6156 -.25 46.3071
4 15 6.7665 -.25 46.8434 7.2728 -.25 46.5847 7.5679 -.25 46.9243 7.0616 -.25 47.1831
3 15 5.6841 -.25 47.527 6.2948 -.25 47.0359 6.7665 -.25 46.8434
4 15 5.9258 -.25 47.0964 6.2948 -.25 47.0359 5.6841 -.25 47.527 5.3532 -.25 47.3205
3 15 5.3532 -.25 47.3205 5.558 -.25 47.09 5.9258 -.25 47.0964
3 15 4.7249 -.25 46.9082 5.558 -.25 47.09 5.3532 -.25 47.3205
4 15 6.7665 -.25 46.8434 6.5231 -.25 47.3744 6.4544 -.25 47.4736 5.6841 -.25 47.527
4 15 6.8781 -.25 48.1165 6.2808 -.25 47.8385 6.4544 -.25 47.4736 6.553 -.25 47.5756
3 15 5.6841 -.25 47.527 6.4544 -.25 47.4736 6.2808 -.25 47.8385
4 15 6.553 -.25 47.5756 7.3491 -.25 47.9575 7.7411 -.25 48.4995 6.8781 -.25 48.1165
4 15 8.3764 -.25 48.5106 7.7411 -.25 48.4995 7.3491 -.25 47.9575 8.1142 -.25 48.205
4 15 10.2272 -.25 45.9672 8.9154 -.25 46.3792 8.6156 -.25 46.3071 8.8896 -.25 45.9439
3 15 8.9154 -.25 46.3792 10.2272 -.25 45.9672 8.9799 -.25 46.5141
4 15 10.2272 -.25 45.9672 10.2061 -.25 47.1711 8.9442 -.25 46.6473 8.9799 -.25 46.5141
4 15 10.2061 -.25 47.1711 8.8685 -.25 47.1477 8.8092 -.25 46.7119 8.9442 -.25 46.6473
4 15 8.503 -.25 47.0076 8.3751 -.25 46.6708 8.8092 -.25 46.7119 8.8685 -.25 47.1477
4 15 8.3945 -.25 47.474 8.4978 -.25 47.3085 8.8685 -.25 47.1477 8.8528 -.25 48.0506
3 15 8.4978 -.25 47.3085 8.503 -.25 47.0076 8.8685 -.25 47.1477
4 15 8.3177 -.25 48.0413 8.0854 -.25 47.9369 8.2596 -.25 47.5385 8.3945 -.25 47.474
4 15 8.0854 -.25 47.9369 7.8865 -.25 47.8331 7.924 -.25 47.5996 8.2596 -.25 47.5385
3 15 7.5556 -.25 47.6266 7.924 -.25 47.5996 7.8865 -.25 47.8331
4 15 8.3945 -.25 47.474 8.8528 -.25 48.0506 8.5454 -.25 48.4132 8.3177 -.25 48.0413
3 15 8.282 -.25 48.1745 8.3177 -.25 48.0413 8.5454 -.25 48.4132
4 15 8.3764 -.25 48.5106 8.1142 -.25 48.205 8.282 -.25 48.1745 8.5454 -.25 48.4132
4 15 8.3764 -.25 48.5106 8.1365 -.25 48.8409 7.7382 -.25 48.6667 7.7411 -.25 48.4995
4 15 8.1365 -.25 48.8409 7.8643 -.25 49.1038 7.6361 -.25 48.7653 7.7382 -.25 48.6667
4 15 7.8643 -.25 49.1038 7.4918 -.25 49.3649 7.297 -.25 49.027 7.6361 -.25 48.7653
4 15 7.4918 -.25 49.3649 7.053 -.25 49.5914 6.7902 -.25 49.3192 7.297 -.25 49.027
4 15 6.6154 -.25 49.751 6.2176 -.25 49.5433 6.7902 -.25 49.3192 7.053 -.25 49.5914
4 0 8.9799 -.25 46.5141 8.9442 -.25 46.6473 8.8092 -.25 46.7119 8.9154 -.25 46.3792
4 0 8.9154 -.25 46.3792 8.8092 -.25 46.7119 8.3804 -.25 46.3699 8.6156 -.25 46.3071
4 0 8.8092 -.25 46.7119 8.3751 -.25 46.6708 8.1434 -.25 46.533 8.3804 -.25 46.3699
4 0 8.3751 -.25 46.6708 8.503 -.25 47.0076 8.3945 -.25 47.474 8.1434 -.25 46.533
3 0 8.3945 -.25 47.474 8.503 -.25 47.0076 8.4978 -.25 47.3085
4 0 8.1434 -.25 46.533 8.3945 -.25 47.474 8.2596 -.25 47.5385 7.5679 -.25 46.9243
4 0 8.2596 -.25 47.5385 7.924 -.25 47.5996 7.5556 -.25 47.6266 7.5679 -.25 46.9243
4 0 7.3491 -.25 47.9575 7.0616 -.25 47.1831 7.5679 -.25 46.9243 7.5556 -.25 47.6266
4 0 6.553 -.25 47.5756 6.7249 -.25 47.311 7.0616 -.25 47.1831 7.3491 -.25 47.9575
4 0 6.4544 -.25 47.4736 6.5231 -.25 47.3744 6.7249 -.25 47.311 6.553 -.25 47.5756
4 0 7.8865 -.25 47.8331 8.1142 -.25 48.205 7.3491 -.25 47.9575 7.5556 -.25 47.6266
4 0 8.282 -.25 48.1745 8.1142 -.25 48.205 7.8865 -.25 47.8331 8.0854 -.25 47.9369
3 0 8.0854 -.25 47.9369 8.3177 -.25 48.0413 8.282 -.25 48.1745
4 0 9.0464 -.25 48.4554 9.0077 -.25 48.7558 8.9027 -.25 49.0216 8.5454 -.25 48.4132
4 0 8.1365 -.25 48.8409 8.3764 -.25 48.5106 8.9027 -.25 49.0216 8.7326 -.25 49.1858
3 0 8.3764 -.25 48.5106 8.5454 -.25 48.4132 8.9027 -.25 49.0216
4 0 8.0914 -.25 49.5091 8.1365 -.25 48.8409 8.7326 -.25 49.1858 8.3941 -.25 49.4141
4 0 7.4127 -.25 50.066 7.4918 -.25 49.3649 7.8643 -.25 49.1038 7.7899 -.25 49.5373
4 0 8.1365 -.25 48.8409 8.0914 -.25 49.5091 7.7899 -.25 49.5373 7.8643 -.25 49.1038
3 0 6.6154 -.25 49.751 7.053 -.25 49.5914 6.9803 -.25 49.9246
4 0 7.4918 -.25 49.3649 7.4127 -.25 50.066 6.9803 -.25 49.9246 7.053 -.25 49.5914
4 0 7.9131 -.25 50.1416 7.4127 -.25 50.066 7.7899 -.25 49.5373 7.9547 -.25 49.674
4 0 8.1138 -.25 50.1451 7.9131 -.25 50.1416 7.9547 -.25 49.674 8.1208 -.25 49.7438
4 0 8.3202 -.25 49.8142 8.3179 -.25 49.948 8.2487 -.25 50.0806 8.1208 -.25 49.7438
3 0 8.1138 -.25 50.1451 8.1208 -.25 49.7438 8.2487 -.25 50.0806
4 0 8.5515 -.25 44.232 8.5814 -.25 44.4333 8.5451 -.25 44.5999 7.7066 -.25 44.2284
3 0 8.5451 -.25 44.5999 8.5814 -.25 44.4333 8.6788 -.25 44.6022
4 0 7.7066 -.25 44.2284 8.5451 -.25 44.5999 8.5258 -.25 45.7034 7.8781 -.25 45.1812
3 15 10.4171 -.25 44.666 11.9554 -.25 44.6928 11.9484 -.25 45.0941
4 15 11.659 -.25 50.1735 12.3051 -.25 49.9501 12.5875 -.25 50.744 11.8486 -.25 50.8124
3 15 12.3051 -.25 49.9501 12.5152 -.25 49.9302 12.5875 -.25 50.744
4 15 12.4697 -.25 49.7194 12.3051 -.25 49.9501 11.659 -.25 50.1735 12.1048 -.25 49.5458
4 15 11.6151 -.25 50.7749 11.2842 -.25 50.5684 11.659 -.25 50.1735 11.8486 -.25 50.8124
4 15 8.1087 -.25 46.038 7.5258 -.25 46.435 7.2597 -.25 45.484 7.8781 -.25 45.1812
4 15 8.1434 -.25 46.533 7.5679 -.25 46.9243 7.2728 -.25 46.5847 7.5258 -.25 46.435
4 15 8.6156 -.25 46.3071 8.3804 -.25 46.3699 8.1087 -.25 46.038 8.2542 -.25 45.9328
4 15 7.5258 -.25 46.435 8.1087 -.25 46.038 8.3804 -.25 46.3699 8.1434 -.25 46.533
3 15 16.1784 -.25 40.3846 17.0653 -.25 40.2103 16.4581 -.25 40.7903
4 15 17.0653 -.25 40.2103 17.1775 -.25 41.3011 16.5179 -.25 41.3966 16.4581 -.25 40.7903
3 15 15.1946 -.25 36.7548 15.8018 -.25 36.3833 16.2304 -.25 37.2255
4 15 9.1974 -.25 36.5497 8.535 -.25 36.2564 9.0531 -.25 35.5335 9.4457 -.25 36.1905
3 15 8.0773 -.25 37.0832 8.6698 -.25 37.4509 8.5949 -.25 37.5912
4 15 8.9968 -.25 37.8842 8.6554 -.25 38.2797 8.6698 -.25 37.4509 9.0466 -.25 36.9485
3 15 8.535 -.25 36.2564 9.1974 -.25 36.5497 9.0466 -.25 36.9485
4 15 8.0773 -.25 37.0832 8.535 -.25 36.2564 9.0466 -.25 36.9485 8.6698 -.25 37.4509
4 15 12.431 -.25 36.6062 12.0896 -.25 37.0016 9.0466 -.25 36.9485 9.1974 -.25 36.5497
3 15 13.8688 -.25 48.1382 14.6379 -.25 48.1516 14.5884 -.25 48.5521
4 15 15.5924 -.25 48.3831 15.0742 -.25 49.1061 14.5884 -.25 48.5521 14.8761 -.25 48.0578
3 15 14.5884 -.25 48.5521 14.7664 -.25 48.1284 14.8761 -.25 48.0578
3 15 14.5884 -.25 48.5521 14.6379 -.25 48.1516 14.7664 -.25 48.1284
3 15 15.026 -.25 45.0809 15.033 -.25 44.6797 15.3146 -.25 43.8818
4 0 19.0668 -.25 22.8795 17.8 -.25 40.1194 16.8677 -.25 39.1555 16.5878 -.25 38.1549
3 0 17.0653 -.25 40.2103 17.8 -.25 40.1194 17.1775 -.25 41.3011
4 0 14.004 -.25 60.7 10.9023 -.25 51.3645 11.6151 -.25 50.7749 11.8486 -.25 50.8124
4 0 5.558 -.25 47.09 4.7249 -.25 46.9082 6.9886 -.25 41.1233 6.9253 -.25 42.2301
4 0 6.9253 -.25 42.2301 6.9499 -.25 43.3384 6.2948 -.25 47.0359 5.558 -.25 47.09
3 0 5.558 -.25 47.09 6.2948 -.25 47.0359 5.9258 -.25 47.0964
4 0 7.062 -.25 44.4292 6.7665 -.25 46.8434 6.2948 -.25 47.0359 6.9499 -.25 43.3384
4 0 7.2597 -.25 45.484 7.2728 -.25 46.5847 6.7665 -.25 46.8434 7.062 -.25 44.4292
3 0 7.2597 -.25 45.484 7.5258 -.25 46.435 7.2728 -.25 46.5847
4 0 5.9096 -.25 49.9394 5.8787 -.25 51.7117 5.5431 -.25 51.7727 5.611 -.25 49.8004
3 0 5.3458 -.25 49.6619 5.611 -.25 49.8004 5.5431 -.25 51.7727
4 0 5.8787 -.25 51.7117 5.9096 -.25 49.9394 6.4412 -.25 50.1494 6.2829 -.25 51.5515
4 0 6.2829 -.25 51.5515 6.4412 -.25 50.1494 7.1065 -.25 50.3617 6.6883 -.25 51.3244
4 0 7.6726 -.25 50.5053 7.1628 -.25 50.9648 6.6883 -.25 51.3244 7.1065 -.25 50.3617
4 0 5.3532 -.25 47.3205 5.6841 -.25 47.527 5.4485 -.25 49.5299 5.0489 -.25 49.4226
4 0 5.8492 -.25 49.5704 5.4485 -.25 49.5299 5.6841 -.25 47.527 6.2176 -.25 49.5433
4 0 6.2808 -.25 47.8385 6.7902 -.25 49.3192 6.2176 -.25 49.5433 5.6841 -.25 47.527
4 0 6.8781 -.25 48.1165 7.297 -.25 49.027 6.7902 -.25 49.3192 6.2808 -.25 47.8385
3 0 7.297 -.25 49.027 7.7382 -.25 48.6667 7.6361 -.25 48.7653
4 0 7.7411 -.25 48.4995 7.7382 -.25 48.6667 7.297 -.25 49.027 6.8781 -.25 48.1165
4 15 10.4329 -.25 43.7631 9.7975 -.25 43.752 9.5809 -.25 42.7447 10.4411 -.25 43.2949
3 15 10.4411 -.25 43.2949 11.3445 -.25 43.2773 10.7755 -.25 43.3008
4 15 11.3533 -.25 42.7757 11.3445 -.25 43.2773 10.4411 -.25 43.2949 9.5809 -.25 42.7447
4 0 11.6122 -.25 34.7094 12.1975 -.25 34.6539 12.5302 -.25 36.6748 11.0347 -.25 34.895
4 0 10.4748 -.25 35.2076 11.0347 -.25 34.895 12.5302 -.25 36.6748 12.431 -.25 36.6062
3 0 12.5302 -.25 36.6748 12.7637 -.25 36.7123 12.6628 -.25 36.744
4 0 -1.2028 -.25 36.4232 .5765 -.25 36.1295 4.7249 -.25 46.9082 -3.379 -.25 49.1
4 0 5.3532 -.25 47.3205 5.0489 -.25 49.4226 -3.379 -.25 49.1 4.7249 -.25 46.9082
3 0 5.0489 -.25 49.4226 5.3458 -.25 49.6619 5.5431 -.25 51.7727
4 0 5.0489 -.25 49.4226 5.5431 -.25 51.7727 5.504 -.25 55 -3.379 -.25 49.1
3 0 5.504 -.25 55 5.5431 -.25 51.7727 5.8418 -.25 51.9118
3 0 5.504 -.25 55 5.8418 -.25 51.9118 6.2073 -.25 52.0519
3 0 5.504 -.25 55 6.2073 -.25 52.0519 6.7071 -.25 52.161
3 0 5.504 -.25 55 6.7071 -.25 52.161 7.4416 -.25 52.2407
3 0 5.504 -.25 55 7.4416 -.25 52.2407 8.3117 -.25 52.2225
4 0 8.3117 -.25 52.2225 8.9816 -.25 52.1673 14.004 -.25 60.7 5.504 -.25 55
3 0 8.9816 -.25 52.1673 9.6539 -.25 51.9783 14.004 -.25 60.7
3 0 9.6539 -.25 51.9783 10.3614 -.25 51.6896 14.004 -.25 60.7
3 0 10.3614 -.25 51.6896 10.9023 -.25 51.3645 14.004 -.25 60.7
3 0 11.8486 -.25 50.8124 12.5875 -.25 50.744 14.004 -.25 60.7
3 0 12.5875 -.25 50.744 13.2505 -.25 50.539 14.004 -.25 60.7
3 0 13.2505 -.25 50.539 13.8933 -.25 50.1933 14.004 -.25 60.7
3 0 13.8933 -.25 50.1933 14.5046 -.25 49.7129 14.004 -.25 60.7
3 0 14.004 -.25 60.7 14.5046 -.25 49.7129 15.0742 -.25 49.1061
3 0 14.004 -.25 60.7 15.0742 -.25 49.1061 15.5924 -.25 48.3831
4 0 15.5924 -.25 48.3831 16.0501 -.25 47.5564 21.912 -.25 54.998 14.004 -.25 60.7
3 0 16.0501 -.25 47.5564 16.4397 -.25 46.64 21.912 -.25 54.998
3 0 16.4397 -.25 46.64 16.7543 -.25 45.6497 21.912 -.25 54.998
4 0 17.1775 -.25 41.3011 17.8 -.25 40.1194 21.912 -.25 54.998 17.2021 -.25 42.4095
3 0 17.1388 -.25 43.5162 17.2021 -.25 42.4095 21.912 -.25 54.998
3 0 16.9887 -.25 44.6025 17.1388 -.25 43.5162 21.912 -.25 54.998
3 0 16.7543 -.25 45.6497 16.9887 -.25 44.6025 21.912 -.25 54.998
4 0 21.9254 -.25 15.7806 21.912 -.25 54.998 17.8 -.25 40.1194 21.8199 -.25 16.2328
3 0 17.8 -.25 40.1194 21.2964 -.25 17.9586 21.8199 -.25 16.2328
3 0 17.8 -.25 40.1194 20.6612 -.25 19.6464 21.2964 -.25 17.9586
3 0 17.8 -.25 40.1194 19.9169 -.25 21.289 20.6612 -.25 19.6464
3 0 17.8 -.25 40.1194 19.0668 -.25 22.8795 19.9169 -.25 21.289
4 0 16.5878 -.25 38.1549 16.2304 -.25 37.2255 18.1145 -.25 24.411 19.0668 -.25 22.8795
4 0 15.8018 -.25 36.3833 17.064 -.25 25.8769 18.1145 -.25 24.411 16.2304 -.25 37.2255
4 0 15.3093 -.25 35.6427 15.92 -.25 27.2709 17.064 -.25 25.8769 15.8018 -.25 36.3833
4 0 15.92 -.25 27.2709 15.3093 -.25 35.6427 14.7612 -.25 35.0163 14.6872 -.25 28.5872
4 0 14.1669 -.25 34.5148 13.5367 -.25 34.147 13.3709 -.25 29.82 14.6872 -.25 28.5872
3 0 14.1669 -.25 34.5148 14.6872 -.25 28.5872 14.7612 -.25 35.0163
4 0 12.8812 -.25 33.9189 12.2118 -.25 33.8347 11.9769 -.25 30.964 13.3709 -.25 29.82
3 0 12.8812 -.25 33.9189 13.3709 -.25 29.82 13.5367 -.25 34.147
4 0 10.511 -.25 32.0145 11.9769 -.25 30.964 12.2118 -.25 33.8347 11.5399 -.25 33.8955
4 0 11.5399 -.25 33.8955 10.8768 -.25 34.1006 8.9795 -.25 32.9668 10.511 -.25 32.0145
3 0 8.9795 -.25 32.9668 10.8768 -.25 34.1006 10.2341 -.25 34.4462
4 0 7.389 -.25 33.8169 8.9795 -.25 32.9668 10.2341 -.25 34.4462 9.6228 -.25 34.9266
4 0 9.6228 -.25 34.9266 9.0531 -.25 35.5335 5.7464 -.25 34.5612 7.389 -.25 33.8169
3 0 5.7464 -.25 34.5612 9.0531 -.25 35.5335 8.535 -.25 36.2564
4 0 4.0586 -.25 35.1964 5.7464 -.25 34.5612 8.535 -.25 36.2564 8.0773 -.25 37.0832
4 0 8.0773 -.25 37.0832 7.6877 -.25 37.9995 2.3328 -.25 35.7199 4.0586 -.25 35.1964
4 0 .5765 -.25 36.1295 2.3328 -.25 35.7199 7.6877 -.25 37.9995 7.3731 -.25 38.9898
3 0 .5765 -.25 36.1295 7.3731 -.25 38.9898 7.1387 -.25 40.037
4 0 7.1387 -.25 40.037 6.9886 -.25 41.1233 4.7249 -.25 46.9082 .5765 -.25 36.1295
4 0 -10.2567 -.25 -13.8913 -8.4869 -.25 -13.7292 -10.4066 -.25 -7.035 -10.9403 -.25 -7.0895
4 0 -12.089 -.25 -13.4038 -10.2567 -.25 -13.8913 -10.9403 -.25 -7.0895 -11.4901 -.25 -6.958
3 0 -13.8587 -.25 -12.3001 -12.089 -.25 -13.4038 -11.4901 -.25 -6.958
4 0 -11.4901 -.25 -6.958 -12.0184 -.25 -6.6496 -15.4454 -.25 -10.6554 -13.8587 -.25 -12.3001
4 0 -12.0184 -.25 -6.6496 -12.4889 -.25 -6.1853 -16.741 -.25 -8.5818 -15.4454 -.25 -10.6554
3 0 -17.6572 -.25 -6.2206 -12.8698 -.25 -5.5967 -13.1351 -.25 -4.9238
4 0 -12.4889 -.25 -6.1853 -12.8698 -.25 -5.5967 -17.6572 -.25 -6.2206 -16.741 -.25 -8.5818
4 0 -15.4461 -.25 4.2063 -12.4216 -.25 -1.9243 -11.9398 -.25 -1.6876 -13.8594 -.25 5.0068
4 0 -16.7416 -.25 2.822 -12.8181 -.25 -2.327 -12.4216 -.25 -1.9243 -15.4461 -.25 4.2063
4 0 -16.7416 -.25 2.822 -17.6576 -.25 .9481 -13.1026 -.25 -2.8685 -12.8181 -.25 -2.327
4 0 -18.1316 -.25 -3.7326 -13.2555 -.25 -3.5116 -13.1026 -.25 -2.8685 -18.1316 -.25 -1.2875
3 0 -18.1316 -.25 -1.2875 -13.1026 -.25 -2.8685 -17.6576 -.25 .9481
3 0 -17.6572 -.25 -6.2206 -13.1351 -.25 -4.9238 -13.2666 -.25 -4.2127
4 0 -13.2555 -.25 -3.5116 -18.1316 -.25 -3.7326 -17.6572 -.25 -6.2206 -13.2666 -.25 -4.2127
4 0 -2.4705 -.25 -11.5639 -5.4764 -.25 -5.5227 -5.958 -.25 -5.7593 -4.0384 -.25 -12.4535
4 0 -5.0797 -.25 -5.1198 -5.4764 -.25 -5.5227 -2.4705 -.25 -11.5639 -1.5951 -.25 -10.31
4 0 -6.2029 -.25 5.7591 -7.6096 -.25 6.3587 -6.4076 -.25 -.4889 -4.8005 -.25 4.5656
3 0 -9.4109 -.25 6.2822 -7.4914 -.25 -.412 -6.9575 -.25 -.3575
4 0 -6.4076 -.25 -.4889 -7.6096 -.25 6.3587 -9.4109 -.25 6.2822 -6.9575 -.25 -.3575
4 0 -7.4914 -.25 -.412 -9.4109 -.25 6.2822 -13.8594 -.25 5.0068 -11.9398 -.25 -1.6876
4 0 -8.4869 -.25 -13.7292 -4.0384 -.25 -12.4535 -5.958 -.25 -5.7593 -10.4066 -.25 -7.035
4 15 -5.958 -.25 -5.7593 -5.4764 -.25 -5.5227 -10.9403 -.25 -7.0895 -10.4066 -.25 -7.035
4 15 -11.4901 -.25 -6.958 -10.9403 -.25 -7.0895 -5.4764 -.25 -5.5227 -5.0797 -.25 -5.1198
4 15 -11.4901 -.25 -6.958 -5.0797 -.25 -5.1198 -4.7953 -.25 -4.5785 -12.0184 -.25 -6.6496
4 15 -12.4889 -.25 -6.1853 -12.0184 -.25 -6.6496 -4.7953 -.25 -4.5785 -4.6422 -.25 -3.9353
4 15 -4.6311 -.25 -3.2343 -12.8698 -.25 -5.5967 -12.4889 -.25 -6.1853 -4.6422 -.25 -3.9353
4 15 -13.1351 -.25 -4.9238 -12.8698 -.25 -5.5967 -4.6311 -.25 -3.2343 -4.7627 -.25 -2.523
4 15 -5.028 -.25 -1.8502 -13.2666 -.25 -4.2127 -13.1351 -.25 -4.9238 -4.7627 -.25 -2.523
4 15 -5.028 -.25 -1.8502 -5.4089 -.25 -1.2616 -13.2555 -.25 -3.5116 -13.2666 -.25 -4.2127
4 15 -13.2555 -.25 -3.5116 -5.4089 -.25 -1.2616 -5.8795 -.25 -.7974 -13.1026 -.25 -2.8685
4 15 -12.8181 -.25 -2.327 -13.1026 -.25 -2.8685 -5.8795 -.25 -.7974 -6.4076 -.25 -.4889
4 15 -6.9575 -.25 -.3575 -12.4216 -.25 -1.9243 -12.8181 -.25 -2.327 -6.4076 -.25 -.4889
4 15 -6.9575 -.25 -.3575 -7.4914 -.25 -.412 -11.9398 -.25 -1.6876 -12.4216 -.25 -1.9243
4 0 11.354 -.25 -7.6945 8.3294 -.25 -1.564 7.8476 -.25 -1.8007 9.7673 -.25 -8.4949
4 0 8.3294 -.25 -1.564 11.354 -.25 -7.6945 12.6494 -.25 -6.3101 8.7259 -.25 -1.1612
4 0 12.6494 -.25 -6.3101 13.5654 -.25 -4.4364 9.0104 -.25 -.6197 8.7259 -.25 -1.1612
3 0 9.0104 -.25 -.6197 13.5654 -.25 -4.4364 14.0395 -.25 -2.2007
4 0 9.0104 -.25 -.6197 14.0395 -.25 -2.2007 14.0394 -.25 .2443 9.1634 -.25 .0235
4 0 13.5652 -.25 2.7324 9.1745 -.25 .7245 9.1634 -.25 .0235 14.0394 -.25 .2443
3 0 9.0429 -.25 1.4356 9.1745 -.25 .7245 13.5652 -.25 2.7324
4 0 -3.0021 -.25 7.6799 6.3144 -.25 3.5467 4.3949 -.25 10.2409 -1.4342 -.25 8.5696
4 0 6.3144 -.25 3.5467 6.8483 -.25 3.6012 6.1645 -.25 10.403 4.3949 -.25 10.2409
3 0 6.1645 -.25 10.403 6.8483 -.25 3.6012 7.3981 -.25 3.4698
4 0 7.9968 -.25 9.9156 6.1645 -.25 10.403 7.3981 -.25 3.4698 7.9262 -.25 3.1615
4 0 7.9968 -.25 9.9156 7.9262 -.25 3.1615 11.3534 -.25 7.1673 9.7665 -.25 8.8119
4 0 7.9262 -.25 3.1615 8.3968 -.25 2.697 12.6489 -.25 5.0935 11.3534 -.25 7.1673
4 0 13.5652 -.25 2.7324 12.6489 -.25 5.0935 8.3968 -.25 2.697 8.7777 -.25 2.1084
3 0 8.7777 -.25 2.1084 9.0429 -.25 1.4356 13.5652 -.25 2.7324
4 0 2.1369 -.25 -10.2428 3.9382 -.25 -10.1664 2.0186 -.25 -3.472 1.4848 -.25 -3.5266
4 0 2.1369 -.25 -10.2428 1.4848 -.25 -3.5266 .935 -.25 -3.3952 .7303 -.25 -9.6432
3 0 -.6723 -.25 -8.4497 .7303 -.25 -9.6432 .935 -.25 -3.3952
4 0 -4.4345 -.25 4.6705 -.393 -.25 1.2359 .0036 -.25 1.6386 -3.8774 -.25 6.4259
4 0 -3.0021 -.25 7.6799 -3.8774 -.25 6.4259 .0036 -.25 1.6386 .4853 -.25 1.8753
3 0 -3.0021 -.25 7.6799 .4853 -.25 1.8753 6.3144 -.25 3.5467
4 0 9.7673 -.25 -8.4949 7.8476 -.25 -1.8007 2.0186 -.25 -3.472 3.9382 -.25 -10.1664
4 15 8.3294 -.25 -1.564 1.4848 -.25 -3.5266 2.0186 -.25 -3.472 7.8476 -.25 -1.8007
4 15 1.4848 -.25 -3.5266 8.3294 -.25 -1.564 8.7259 -.25 -1.1612 .935 -.25 -3.3952
4 15 8.7259 -.25 -1.1612 9.0104 -.25 -.6197 .4068 -.25 -3.0869 .935 -.25 -3.3952
4 15 9.1634 -.25 .0235 -.0638 -.25 -2.6226 .4068 -.25 -3.0869 9.0104 -.25 -.6197
4 15 9.1634 -.25 .0235 9.1745 -.25 .7245 -.4448 -.25 -2.0338 -.0638 -.25 -2.6226
4 15 -.4448 -.25 -2.0338 9.1745 -.25 .7245 9.0429 -.25 1.4356 -.71 -.25 -1.3609
4 15 9.0429 -.25 1.4356 8.7777 -.25 2.1084 -.8415 -.25 -.6498 -.71 -.25 -1.3609
4 15 -.8415 -.25 -.6498 8.7777 -.25 2.1084 8.3968 -.25 2.697 -.8304 -.25 .0513
4 15 -.6776 -.25 .6944 -.8304 -.25 .0513 8.3968 -.25 2.697 7.9262 -.25 3.1615
4 15 7.3981 -.25 3.4698 -.393 -.25 1.2359 -.6776 -.25 .6944 7.9262 -.25 3.1615
4 15 7.3981 -.25 3.4698 6.8483 -.25 3.6012 .0036 -.25 1.6386 -.393 -.25 1.2359
4 15 6.3144 -.25 3.5467 .4853 -.25 1.8753 .0036 -.25 1.6386 6.8483 -.25 3.6012
4 0 -.9893 -.25 -8.0345 -4.7953 -.25 -4.5785 -1.5951 -.25 -10.31 -1.0381 -.25 -8.5546
3 0 -5.0797 -.25 -5.1198 -1.5951 -.25 -10.31 -4.7953 -.25 -4.5785
4 0 -.6723 -.25 -8.4497 .935 -.25 -3.3952 .4068 -.25 -3.0869 -.9893 -.25 -8.0345
4 0 -.9893 -.25 -8.0345 .4068 -.25 -3.0869 -.0638 -.25 -2.6226 -4.7953 -.25 -4.5785
4 0 -.4448 -.25 -2.0338 -4.6422 -.25 -3.9353 -4.7953 -.25 -4.5785 -.0638 -.25 -2.6226
4 0 -.71 -.25 -1.3609 -4.6311 -.25 -3.2343 -4.6422 -.25 -3.9353 -.4448 -.25 -2.0338
4 0 -.8415 -.25 -.6498 -4.7627 -.25 -2.523 -4.6311 -.25 -3.2343 -.71 -.25 -1.3609
4 0 -.8304 -.25 .0513 -5.028 -.25 -1.8502 -4.7627 -.25 -2.523 -.8415 -.25 -.6498
4 0 -5.028 -.25 -1.8502 -.8304 -.25 .0513 -.6776 -.25 .6944 -5.4089 -.25 -1.2616
3 0 -5.8795 -.25 -.7974 -5.4089 -.25 -1.2616 -.6776 -.25 .6944
4 0 -4.4833 -.25 4.1504 -6.4076 -.25 -.4889 -5.8795 -.25 -.7974 -.6776 -.25 .6944
3 0 -6.4076 -.25 -.4889 -4.4833 -.25 4.1504 -4.8005 -.25 4.5656
4 0 -4.4833 -.25 4.1504 -.6776 -.25 .6944 -.393 -.25 1.2359 -4.4345 -.25 4.6705
3 15 -1.0381 -.25 -8.5546 -.6723 -.25 -8.4497 -.9893 -.25 -8.0345
4 15 .7303 -.25 -9.6432 -.6723 -.25 -8.4497 -1.0381 -.25 -8.5546 -1.5951 -.25 -10.31
4 15 -1.5951 -.25 -10.31 -2.4705 -.25 -11.5639 2.1369 -.25 -10.2428 .7303 -.25 -9.6432
4 15 3.9382 -.25 -10.1664 2.1369 -.25 -10.2428 -2.4705 -.25 -11.5639 -4.0384 -.25 -12.4535
3 15 -4.8005 -.25 4.5656 -4.4833 -.25 4.1504 -4.4345 -.25 4.6705
4 15 -3.8774 -.25 6.4259 -6.2029 -.25 5.7591 -4.8005 -.25 4.5656 -4.4345 -.25 4.6705
4 15 -3.8774 -.25 6.4259 -3.0021 -.25 7.6799 -7.6096 -.25 6.3587 -6.2029 -.25 5.7591
4 15 -3.0021 -.25 7.6799 -1.4342 -.25 8.5696 -9.4109 -.25 6.2822 -7.6096 -.25 6.3587
4 0 -16.4765 -.25 14.1338 -17.0105 -.25 14.0792 -16.3268 -.25 7.2776 -14.557 -.25 7.4395
4 0 -18.1589 -.25 7.765 -16.3268 -.25 7.2776 -17.0105 -.25 14.0792 -17.5602 -.25 14.2107
3 0 -19.9287 -.25 8.8687 -18.1589 -.25 7.765 -17.5602 -.25 14.2107
4 0 -22.8111 -.25 12.587 -21.5154 -.25 10.5135 -18.0884 -.25 14.519 -18.5589 -.25 14.9835
4 0 -17.5602 -.25 14.2107 -18.0884 -.25 14.519 -21.5154 -.25 10.5135 -19.9287 -.25 8.8687
3 0 -22.8111 -.25 12.587 -18.5589 -.25 14.9835 -18.9398 -.25 15.5721
4 0 -18.0099 -.25 19.4813 -19.9294 -.25 26.1754 -21.5161 -.25 25.3751 -18.4915 -.25 19.2444
4 0 -18.8881 -.25 18.8417 -18.4915 -.25 19.2444 -21.5161 -.25 25.3751 -23.7275 -.25 22.1169
3 0 -23.7275 -.25 22.1169 -21.5161 -.25 25.3751 -22.8115 -.25 23.9907
4 0 -24.2017 -.25 19.8813 -19.1726 -.25 18.3003 -18.8881 -.25 18.8417 -23.7275 -.25 22.1169
4 0 -24.2015 -.25 17.4361 -19.3257 -.25 17.6571 -19.1726 -.25 18.3003 -24.2017 -.25 19.8813
4 0 5.2839 -.25 13.4743 2.2594 -.25 19.6049 1.7777 -.25 19.3681 3.6972 -.25 12.6738
4 0 6.5794 -.25 14.8585 2.6559 -.25 20.0077 2.2594 -.25 19.6049 5.2839 -.25 13.4743
3 0 2.6559 -.25 20.0077 6.5794 -.25 14.8585 7.4954 -.25 16.7323
4 0 2.6559 -.25 20.0077 7.4954 -.25 16.7323 7.9694 -.25 18.968 2.9405 -.25 20.5489
4 0 7.9694 -.25 21.4132 3.0935 -.25 21.1922 2.9405 -.25 20.5489 7.9694 -.25 18.968
4 0 7.4952 -.25 23.9011 3.1045 -.25 21.8932 3.0935 -.25 21.1922 7.9694 -.25 21.4132
3 0 2.9729 -.25 22.6044 3.1045 -.25 21.8932 7.4952 -.25 23.9011
4 0 .2443 -.25 24.7156 .7783 -.25 24.77 .0946 -.25 31.5717 -1.6751 -.25 31.4098
3 0 .0946 -.25 31.5717 .7783 -.25 24.77 1.328 -.25 24.6386
4 0 1.9267 -.25 31.0844 .0946 -.25 31.5717 1.328 -.25 24.6386 1.8563 -.25 24.3302
4 0 3.6965 -.25 29.9807 1.9267 -.25 31.0844 1.8563 -.25 24.3302 2.3267 -.25 23.8659
4 0 7.4952 -.25 23.9011 6.5789 -.25 26.2624 5.2832 -.25 28.3359 2.7076 -.25 23.2773
4 0 5.2832 -.25 28.3359 3.6965 -.25 29.9807 2.3267 -.25 23.8659 2.7076 -.25 23.2773
3 0 2.7076 -.25 23.2773 2.9729 -.25 22.6044 7.4952 -.25 23.9011
4 0 -14.557 -.25 7.4395 3.6972 -.25 12.6738 1.7777 -.25 19.3681 -16.4765 -.25 14.1338
4 0 -1.6751 -.25 31.4098 -19.9294 -.25 26.1754 -18.0099 -.25 19.4813 .2443 -.25 24.7156
4 15 1.7777 -.25 19.3681 2.2594 -.25 19.6049 -17.0105 -.25 14.0792 -16.4765 -.25 14.1338
4 15 -17.5602 -.25 14.2107 -17.0105 -.25 14.0792 2.2594 -.25 19.6049 2.6559 -.25 20.0077
4 15 -17.5602 -.25 14.2107 2.6559 -.25 20.0077 2.9405 -.25 20.5489 -18.0884 -.25 14.519
4 15 2.9405 -.25 20.5489 3.0935 -.25 21.1922 -18.5589 -.25 14.9835 -18.0884 -.25 14.519
4 15 -18.5589 -.25 14.9835 3.0935 -.25 21.1922 3.1045 -.25 21.8932 -18.9398 -.25 15.5721
4 15 3.1045 -.25 21.8932 2.9729 -.25 22.6044 -19.2051 -.25 16.2449 -18.9398 -.25 15.5721
4 15 2.7076 -.25 23.2773 -19.3368 -.25 16.9561 -19.2051 -.25 16.2449 2.9729 -.25 22.6044
4 15 -19.3257 -.25 17.6571 -19.3368 -.25 16.9561 2.7076 -.25 23.2773 2.3267 -.25 23.8659
4 15 -19.3257 -.25 17.6571 2.3267 -.25 23.8659 1.8563 -.25 24.3302 -19.1726 -.25 18.3003
4 15 1.8563 -.25 24.3302 1.328 -.25 24.6386 -18.8881 -.25 18.8417 -19.1726 -.25 18.3003
4 15 -18.8881 -.25 18.8417 1.328 -.25 24.6386 .7783 -.25 24.77 -18.4915 -.25 19.2444
4 15 -18.0099 -.25 19.4813 -18.4915 -.25 19.2444 .7783 -.25 24.77 .2443 -.25 24.7156
4 15 -18.1316 -.25 -3.7326 -22.8111 -.25 12.587 -23.7274 -.25 14.9482 -17.6572 -.25 -6.2206
4 15 -18.1316 -.25 -1.2875 -21.5154 -.25 10.5135 -22.8111 -.25 12.587 -18.1316 -.25 -3.7326
4 15 -17.6576 -.25 .9481 -19.9287 -.25 8.8687 -21.5154 -.25 10.5135 -18.1316 -.25 -1.2875
4 15 -19.9287 -.25 8.8687 -17.6576 -.25 .9481 -16.7416 -.25 2.822 -18.1589 -.25 7.765
4 15 -18.1589 -.25 7.765 -16.7416 -.25 2.822 -15.4461 -.25 4.2063 -16.3268 -.25 7.2776
4 15 -16.3268 -.25 7.2776 -15.4461 -.25 4.2063 -13.8594 -.25 5.0068 -14.557 -.25 7.4395
4 15 7.9694 -.25 21.4132 12.6489 -.25 5.0935 13.5652 -.25 2.7324 7.4952 -.25 23.9011
4 15 12.6489 -.25 5.0935 7.9694 -.25 21.4132 7.9694 -.25 18.968 11.3534 -.25 7.1673
4 15 11.3534 -.25 7.1673 7.9694 -.25 18.968 7.4954 -.25 16.7323 9.7665 -.25 8.8119
4 15 6.5794 -.25 14.8585 7.9968 -.25 9.9156 9.7665 -.25 8.8119 7.4954 -.25 16.7323
4 15 7.9968 -.25 9.9156 6.5794 -.25 14.8585 5.2839 -.25 13.4743 6.1645 -.25 10.403
4 15 6.1645 -.25 10.403 5.2839 -.25 13.4743 3.6972 -.25 12.6738 4.3949 -.25 10.2409
3 15 -1.4342 -.25 8.5696 4.3949 -.25 10.2409 3.6972 -.25 12.6738
4 15 -13.8594 -.25 5.0068 -9.4109 -.25 6.2822 3.6972 -.25 12.6738 -14.557 -.25 7.4395
3 15 -9.4109 -.25 6.2822 -1.4342 -.25 8.5696 3.6972 -.25 12.6738
4 0 -18.9398 -.25 15.5721 -19.2051 -.25 16.2449 -23.7274 -.25 14.9482 -22.8111 -.25 12.587
4 0 -24.2015 -.25 17.4361 -23.7274 -.25 14.9482 -19.2051 -.25 16.2449 -19.3368 -.25 16.9561
3 0 -24.2015 -.25 17.4361 -19.3368 -.25 16.9561 -19.3257 -.25 17.6571
4 15 -26.664 -.25 -7.6769 -17.6572 -.25 -6.2206 -28.6668 -.25 -4.6795 -27.7145 -.25 -6.211
4 15 -24.2872 -.25 -10.3872 -17.6572 -.25 -6.2206 -26.664 -.25 -7.6769 -25.52 -.25 -9.0709
4 15 -17.6572 -.25 -6.2206 -24.2872 -.25 -10.3872 -22.9709 -.25 -11.62 -16.741 -.25 -8.5818
4 15 -16.741 -.25 -8.5818 -22.9709 -.25 -11.62 -21.5769 -.25 -12.764 -15.4454 -.25 -10.6554
4 15 -21.5769 -.25 -12.764 -20.111 -.25 -13.8145 -13.8587 -.25 -12.3001 -15.4454 -.25 -10.6554
4 15 -16.989 -.25 -15.6169 -13.8587 -.25 -12.3001 -20.111 -.25 -13.8145 -18.5795 -.25 -14.7668
4 15 -13.8587 -.25 -12.3001 -16.989 -.25 -15.6169 -15.3464 -.25 -16.3612 -12.089 -.25 -13.4038
4 15 -11.9328 -.25 -17.5199 -12.089 -.25 -13.4038 -15.3464 -.25 -16.3612 -13.6586 -.25 -16.9964
4 15 -11.9328 -.25 -17.5199 -10.1765 -.25 -17.9295 -10.2567 -.25 -13.8913 -12.089 -.25 -13.4038
4 15 -10.2567 -.25 -13.8913 -10.1765 -.25 -17.9295 -8.3972 -.25 -18.2232 -8.4869 -.25 -13.7292
4 15 -8.3972 -.25 -18.2232 -6.6024 -.25 -18.4 -4.0384 -.25 -12.4535 -8.4869 -.25 -13.7292
4 15 -6.6024 -.25 -18.4 -4.8 -.25 -18.459 -2.9976 -.25 -18.4 -4.0384 -.25 -12.4535
4 15 -2.9976 -.25 -18.4 -1.2028 -.25 -18.2232 .5765 -.25 -17.9295 -4.0384 -.25 -12.4535
4 15 3.9382 -.25 -10.1664 -4.0384 -.25 -12.4535 .5765 -.25 -17.9295 2.3328 -.25 -17.5199
4 15 5.7464 -.25 -16.3612 3.9382 -.25 -10.1664 2.3328 -.25 -17.5199 4.0586 -.25 -16.9964
4 15 8.9795 -.25 -14.7668 3.9382 -.25 -10.1664 5.7464 -.25 -16.3612 7.389 -.25 -15.6169
4 15 10.511 -.25 -13.8145 9.7673 -.25 -8.4949 3.9382 -.25 -10.1664 8.9795 -.25 -14.7668
4 15 13.3709 -.25 -11.62 9.7673 -.25 -8.4949 10.511 -.25 -13.8145 11.9769 -.25 -12.764
4 15 14.6872 -.25 -10.3872 11.354 -.25 -7.6945 9.7673 -.25 -8.4949 13.3709 -.25 -11.62
4 15 11.354 -.25 -7.6945 14.6872 -.25 -10.3872 15.92 -.25 -9.0709 12.6494 -.25 -6.3101
4 15 15.92 -.25 -9.0709 17.064 -.25 -7.6769 13.5654 -.25 -4.4364 12.6494 -.25 -6.3101
4 15 14.0395 -.25 -2.2007 13.5654 -.25 -4.4364 17.064 -.25 -7.6769 18.1145 -.25 -6.211
4 15 18.1145 -.25 -6.211 19.0668 -.25 -4.6795 14.0394 -.25 .2443 14.0395 -.25 -2.2007
4 15 20.6612 -.25 -1.4464 14.0394 -.25 .2443 19.0668 -.25 -4.6795 19.9169 -.25 -3.089
4 15 14.0394 -.25 .2443 20.6612 -.25 -1.4464 21.2964 -.25 .2414 13.5652 -.25 2.7324
4 15 21.9299 -.25 2.4389 13.5652 -.25 2.7324 21.2964 -.25 .2414 21.8199 -.25 1.9672
3 15 7.4952 -.25 23.9011 13.5652 -.25 2.7324 21.9299 -.25 2.4389
4 15 21.8199 -.25 16.2328 21.2964 -.25 17.9586 20.6612 -.25 19.6464 7.4952 -.25 23.9011
4 15 20.6612 -.25 19.6464 19.9169 -.25 21.289 19.0668 -.25 22.8795 7.4952 -.25 23.9011
4 15 19.0668 -.25 22.8795 18.1145 -.25 24.411 17.064 -.25 25.8769 7.4952 -.25 23.9011
4 15 17.064 -.25 25.8769 15.92 -.25 27.2709 14.6872 -.25 28.5872 7.4952 -.25 23.9011
4 15 14.6872 -.25 28.5872 13.3709 -.25 29.82 11.9769 -.25 30.964 7.4952 -.25 23.9011
4 15 11.9769 -.25 30.964 10.511 -.25 32.0145 6.5789 -.25 26.2624 7.4952 -.25 23.9011
4 15 5.2832 -.25 28.3359 6.5789 -.25 26.2624 10.511 -.25 32.0145 8.9795 -.25 32.9668
4 15 8.9795 -.25 32.9668 7.389 -.25 33.8169 5.7464 -.25 34.5612 5.2832 -.25 28.3359
4 15 5.2832 -.25 28.3359 5.7464 -.25 34.5612 4.0586 -.25 35.1964 3.6965 -.25 29.9807
4 15 3.6965 -.25 29.9807 4.0586 -.25 35.1964 2.3328 -.25 35.7199 1.9267 -.25 31.0844
4 15 .0946 -.25 31.5717 1.9267 -.25 31.0844 2.3328 -.25 35.7199 .5765 -.25 36.1295
4 15 -1.6751 -.25 31.4098 .0946 -.25 31.5717 .5765 -.25 36.1295 -1.2028 -.25 36.4232
4 15 -4.8 -.25 36.659 -1.6751 -.25 31.4098 -1.2028 -.25 36.4232 -2.9976 -.25 36.6
4 15 -8.3972 -.25 36.4232 -1.6751 -.25 31.4098 -4.8 -.25 36.659 -6.6024 -.25 36.6
4 15 -11.9328 -.25 35.7199 -1.6751 -.25 31.4098 -8.3972 -.25 36.4232 -10.1765 -.25 36.1295
4 15 -15.3464 -.25 34.5612 -1.6751 -.25 31.4098 -11.9328 -.25 35.7199 -13.6586 -.25 35.1964
4 15 -19.9294 -.25 26.1754 -1.6751 -.25 31.4098 -15.3464 -.25 34.5612 -16.989 -.25 33.8169
4 15 -16.989 -.25 33.8169 -18.5795 -.25 32.9668 -20.111 -.25 32.0145 -19.9294 -.25 26.1754
4 15 -22.6759 -.25 30.0621 -19.9294 -.25 26.1754 -20.111 -.25 32.0145 -21.5769 -.25 30.964
3 15 -22.6759 -.25 30.0621 -21.5161 -.25 25.3751 -19.9294 -.25 26.1754
3 15 -23.7275 -.25 22.1169 -22.8115 -.25 23.9907 -22.6759 -.25 30.0621
4 15 -28.6668 -.25 -4.6795 -17.6572 -.25 -6.2206 -23.7274 -.25 14.9482 -29.419 -.25 -3.2722
3 15 -29.419 -.25 -3.2722 -23.7274 -.25 14.9482 -24.2015 -.25 17.4361
3 15 -29.419 -.25 -3.2722 -24.2015 -.25 17.4361 -24.2017 -.25 19.8813
4 15 -23.7275 -.25 22.1169 -22.6759 -.25 30.0621 -29.419 -.25 -3.2722 -24.2017 -.25 19.8813
4 0 -6.4802 -.25 -49.4317 -6.4802 -.25 -49.1172 -7.8328 -.25 -49.1172 -8.3046 -.25 -49.4317
4 0 -8.3046 -.25 -48.9599 -8.3046 -.25 -49.4317 -7.8328 -.25 -49.1172 -7.8328 -.25 -48.9599
4 0 -6.4802 -.25 -46.9781 -8.3046 -.25 -46.9781 -7.8328 -.25 -47.2927 -6.4802 -.25 -47.2927
4 0 -8.3046 -.25 -47.45 -7.8328 -.25 -47.45 -7.8328 -.25 -47.2927 -8.3046 -.25 -46.9781
4 0 -7.8328 -.25 -47.45 -8.3046 -.25 -47.45 -7.298 -.25 -48.2049 -6.8576 -.25 -48.2049
4 0 -7.8328 -.25 -48.9599 -6.8576 -.25 -48.2049 -7.298 -.25 -48.2049 -8.3046 -.25 -48.9599
4 15 -7.2037 -.25 -45.452 -7.2037 -.25 -44.5149 -7.9901 -.25 -44.8945 -7.9901 -.25 -45.0724
4 15 -5.7881 -.25 -44.9205 -7.0464 -.25 -44.4389 -7.0464 -.25 -45.5279 -6.4802 -.25 -45.8013
4 15 -7.8328 -.25 -48.9599 -7.8328 -.25 -49.1172 -6.4802 -.25 -49.1172 -6.8576 -.25 -48.2049
4 15 -6.4802 -.25 -47.2927 -6.8576 -.25 -48.2049 -6.4802 -.25 -49.1172 -5.7881 -.25 -50.4271
4 15 -6.8576 -.25 -48.2049 -6.4802 -.25 -47.2927 -7.8328 -.25 -47.2927 -7.8328 -.25 -47.45
3 15 -8.3046 -.25 -48.9599 -7.298 -.25 -48.2049 -8.3046 -.25 -47.45
4 15 -8.6838 -.25 -45.2665 -8.3046 -.25 -46.9781 -6.4802 -.25 -46.9781 -6.4802 -.25 -46.1159
4 0 -6.4802 -.25 -43.0702 -6.4802 -.25 -42.7556 -7.8328 -.25 -42.7556 -8.3046 -.25 -43.0702
4 0 -8.3046 -.25 -42.5984 -8.3046 -.25 -43.0702 -7.8328 -.25 -42.7556 -7.8328 -.25 -42.5984
4 0 -7.298 -.25 -41.5288 -6.4802 -.25 -41.2143 -8.3046 -.25 -41.2143 -8.3046 -.25 -41.5288
4 0 -6.4802 -.25 -41.3716 -6.4802 -.25 -41.2143 -7.298 -.25 -41.5288 -7.298 -.25 -41.6861
4 0 -7.8328 -.25 -42.5984 -6.4802 -.25 -41.3716 -7.298 -.25 -41.6861 -8.3046 -.25 -42.5984
4 0 -8.3046 -.25 -39.7414 -8.3046 -.25 -40.056 -6.4802 -.25 -40.056 -6.4802 -.25 -39.7414
4 15 -8.3046 -.25 -44.7318 -6.4802 -.25 -43.851 -6.4802 -.25 -43.0702 -8.3046 -.25 -43.0702
4 15 -6.4802 -.25 -42.7556 -6.4802 -.25 -41.3716 -7.8328 -.25 -42.5984 -7.8328 -.25 -42.7556
4 15 -7.298 -.25 -41.6861 -7.298 -.25 -41.5288 -8.3046 -.25 -41.5288 -8.3046 -.25 -42.5984
4 15 -8.3046 -.25 -40.056 -8.3046 -.25 -41.2143 -6.4802 -.25 -41.2143 -6.4802 -.25 -40.056
3 15 -3.8693 -.25 -49.1244 -2.3594 -.25 -49.785 -2.3594 -.25 -49.1244
3 15 -5.2219 -.25 -49.785 -4.3726 -.25 -49.1244 -4.7186 -.25 -49.1244
4 15 -3.8693 -.25 -49.1244 -4.3726 -.25 -49.1244 -5.2219 -.25 -49.785 -2.3594 -.25 -49.785
4 15 -5.2219 -.25 -49.785 -4.7186 -.25 -49.1244 -4.7186 -.25 -48.0089 -5.2219 -.25 -48.0089
4 15 -4.3726 -.25 -48.4751 -4.3726 -.25 -49.1244 -3.8693 -.25 -49.1244 -3.8693 -.25 -48.4751
4 15 -2.3594 -.25 -43.5993 -2.7998 -.25 -42.9388 -5.2219 -.25 -42.9388 -5.2219 -.25 -43.5993
4 15 -2.7998 -.25 -42.9388 -2.3594 -.25 -43.5993 -2.3594 -.25 -42.1136 -2.7998 -.25 -42.1136
4 0 -5.2219 -.25 -42.9388 -2.7998 -.25 -42.9388 -2.7998 -.25 -42.1136 -5.2219 -.25 -41.7676
4 0 -2.3594 -.25 -41.7676 -5.2219 -.25 -41.7676 -2.7998 -.25 -42.1136 -2.3594 -.25 -42.1136
4 0 -4.7186 -.25 -49.1244 -4.3726 -.25 -49.1244 -4.3726 -.25 -48.4751 -4.7186 -.25 -48.0089
4 0 -3.7749 -.25 -48.102 -3.8693 -.25 -48.4751 -3.8693 -.25 -49.1244 -3.3859 -.25 -48.0301
4 0 -3.0234 -.25 -47.8191 -3.3859 -.25 -48.0301 -3.8693 -.25 -49.1244 -2.3594 -.25 -49.1244
4 0 -3.7749 -.25 -45.99 -4.2455 -.25 -47.1451 -4.0185 -.25 -47.2784 -3.7749 -.25 -47.3238
4 0 -4.59 -.25 -46.6569 -4.4404 -.25 -46.9332 -3.7749 -.25 -45.99 -4.684 -.25 -46.3352
3 0 -4.4404 -.25 -46.9332 -4.2455 -.25 -47.1451 -3.7749 -.25 -45.99
4 15 -4.0185 -.25 -47.2784 -4.5264 -.25 -47.8191 -4.1639 -.25 -48.0301 -3.7749 -.25 -47.3238
4 15 -4.2455 -.25 -47.1451 -4.8377 -.25 -47.4835 -4.5264 -.25 -47.8191 -4.0185 -.25 -47.2784
4 15 -4.4404 -.25 -46.9332 -5.0765 -.25 -47.046 -4.8377 -.25 -47.4835 -4.2455 -.25 -47.1451
4 15 -4.59 -.25 -46.6569 -5.2267 -.25 -46.5367 -5.0765 -.25 -47.046 -4.4404 -.25 -46.9332
3 15 -5.2779 -.25 -45.99 -4.684 -.25 -46.3352 -4.7161 -.25 -45.99
4 15 -4.59 -.25 -46.6569 -4.684 -.25 -46.3352 -5.2779 -.25 -45.99 -5.2267 -.25 -46.5367
3 0 -4.2455 -.25 -44.835 -3.7749 -.25 -44.6563 -4.0185 -.25 -44.7017
4 0 -3.7749 -.25 -45.99 -4.684 -.25 -45.6448 -4.7161 -.25 -45.99 -4.684 -.25 -46.3352
3 0 -4.684 -.25 -45.6448 -4.4404 -.25 -45.0469 -4.59 -.25 -45.3232
4 0 -4.684 -.25 -45.6448 -3.7749 -.25 -45.99 -4.2455 -.25 -44.835 -4.4404 -.25 -45.0469
4 15 -4.1639 -.25 -43.95 -4.5264 -.25 -44.161 -4.0185 -.25 -44.7017 -3.7749 -.25 -44.6563
4 15 -4.5264 -.25 -44.161 -4.8377 -.25 -44.4966 -4.2455 -.25 -44.835 -4.0185 -.25 -44.7017
4 15 -4.8377 -.25 -44.4966 -5.0765 -.25 -44.934 -4.4404 -.25 -45.0469 -4.2455 -.25 -44.835
4 15 -5.0765 -.25 -44.934 -5.2267 -.25 -45.4434 -4.59 -.25 -45.3232 -4.4404 -.25 -45.0469
3 15 -5.2779 -.25 -45.99 -4.7161 -.25 -45.99 -4.684 -.25 -45.6448
4 15 -4.59 -.25 -45.3232 -5.2267 -.25 -45.4434 -5.2779 -.25 -45.99 -4.684 -.25 -45.6448
4 0 -3.1094 -.25 -46.9332 -3.7749 -.25 -45.99 -3.7749 -.25 -47.3238 -3.3043 -.25 -47.1451
3 0 -3.7749 -.25 -47.3238 -3.5313 -.25 -47.2784 -3.3043 -.25 -47.1451
4 0 -2.9598 -.25 -46.6569 -2.8658 -.25 -46.3352 -3.7749 -.25 -45.99 -3.1094 -.25 -46.9332
4 15 -3.7749 -.25 -48.102 -3.3859 -.25 -48.0301 -3.7749 -.25 -47.3238 -4.1639 -.25 -48.0301
4 15 -3.5313 -.25 -47.2784 -3.7749 -.25 -47.3238 -3.3859 -.25 -48.0301 -3.0234 -.25 -47.8191
4 15 -3.3043 -.25 -47.1451 -3.5313 -.25 -47.2784 -3.0234 -.25 -47.8191 -2.7121 -.25 -47.4835
4 15 -3.1094 -.25 -46.9332 -3.3043 -.25 -47.1451 -2.7121 -.25 -47.4835 -2.4733 -.25 -47.046
4 15 -2.9598 -.25 -46.6569 -3.1094 -.25 -46.9332 -2.4733 -.25 -47.046 -2.3231 -.25 -46.5367
3 15 -2.8658 -.25 -46.3352 -2.2719 -.25 -45.99 -2.8337 -.25 -45.99
4 15 -2.9598 -.25 -46.6569 -2.3231 -.25 -46.5367 -2.2719 -.25 -45.99 -2.8658 -.25 -46.3352
3 0 -3.7749 -.25 -44.6563 -3.3043 -.25 -44.835 -3.5313 -.25 -44.7017
4 0 -4.2455 -.25 -44.835 -3.7749 -.25 -45.99 -3.3043 -.25 -44.835 -3.7749 -.25 -44.6563
4 0 -2.8337 -.25 -45.99 -2.8658 -.25 -45.6448 -3.7749 -.25 -45.99 -2.8658 -.25 -46.3352
4 0 -3.3043 -.25 -44.835 -3.7749 -.25 -45.99 -2.8658 -.25 -45.6448 -3.1094 -.25 -45.0469
3 0 -3.1094 -.25 -45.0469 -2.8658 -.25 -45.6448 -2.9598 -.25 -45.3232
4 15 -3.7749 -.25 -44.6563 -3.3859 -.25 -43.95 -3.7749 -.25 -43.878 -4.1639 -.25 -43.95
4 15 -3.5313 -.25 -44.7017 -3.0234 -.25 -44.161 -3.3859 -.25 -43.95 -3.7749 -.25 -44.6563
4 15 -3.0234 -.25 -44.161 -3.5313 -.25 -44.7017 -3.3043 -.25 -44.835 -2.7121 -.25 -44.4966
4 15 -3.1094 -.25 -45.0469 -2.4733 -.25 -44.934 -2.7121 -.25 -44.4966 -3.3043 -.25 -44.835
4 15 -2.4733 -.25 -44.934 -3.1094 -.25 -45.0469 -2.9598 -.25 -45.3232 -2.3231 -.25 -45.4434
3 15 -2.8658 -.25 -45.6448 -2.8337 -.25 -45.99 -2.2719 -.25 -45.99
4 15 -2.9598 -.25 -45.3232 -2.8658 -.25 -45.6448 -2.2719 -.25 -45.99 -2.3231 -.25 -45.4434
4 0 -4.1639 -.25 -48.0301 -4.3726 -.25 -48.4751 -3.8693 -.25 -48.4751 -3.7749 -.25 -48.102
4 0 -4.1639 -.25 -48.0301 -4.5264 -.25 -47.8191 -4.7186 -.25 -48.0089 -4.3726 -.25 -48.4751
4 0 -4.7186 -.25 -48.0089 -4.5264 -.25 -47.8191 -4.8377 -.25 -47.4835 -5.2219 -.25 -48.0089
3 0 -5.2219 -.25 -48.0089 -4.8377 -.25 -47.4835 -5.0765 -.25 -47.046
4 0 -5.2219 -.25 -48.0089 -5.0765 -.25 -47.046 -5.2267 -.25 -46.5367 -5.7881 -.25 -50.4271
3 0 -3.0234 -.25 -47.8191 -2.3594 -.25 -49.1244 -2.7121 -.25 -47.4835
4 0 -1.919 -.25 -44.6374 -2.3594 -.25 -43.5993 -2.7121 -.25 -44.4966 -2.4733 -.25 -44.934
3 0 -3.0234 -.25 -44.161 -2.7121 -.25 -44.4966 -2.3594 -.25 -43.5993
3 0 -3.3859 -.25 -43.95 -3.0234 -.25 -44.161 -2.3594 -.25 -43.5993
3 0 -5.2267 -.25 -45.4434 -5.0765 -.25 -44.934 -5.2219 -.25 -43.5993
3 0 -5.2219 -.25 -43.5993 -5.0765 -.25 -44.934 -4.8377 -.25 -44.4966
3 0 -5.2219 -.25 -43.5993 -4.8377 -.25 -44.4966 -4.5264 -.25 -44.161
3 0 -5.2219 -.25 -43.5993 -4.5264 -.25 -44.161 -4.1639 -.25 -43.95
4 0 -2.3594 -.25 -43.5993 -5.2219 -.25 -43.5993 -4.1639 -.25 -43.95 -3.7749 -.25 -43.878
4 0 -7.9901 -.25 -44.8945 -8.3046 -.25 -44.7318 -8.3046 -.25 -45.2351 -7.9901 -.25 -45.0724
4 0 -7.2037 -.25 -45.452 -7.0464 -.25 -45.5279 -7.0464 -.25 -44.4389 -7.2037 -.25 -44.5149
4 0 -7.9901 -.25 -44.8945 -7.2037 -.25 -44.5149 -6.4802 -.25 -43.851 -8.3046 -.25 -44.7318
3 0 -7.2037 -.25 -44.5149 -7.0464 -.25 -44.4389 -6.4802 -.25 -43.851
3 0 -7.0464 -.25 -44.4389 -6.4802 -.25 -44.1656 -6.4802 -.25 -43.851
3 0 -7.2037 -.25 -45.452 -6.4802 -.25 -46.1159 -7.0464 -.25 -45.5279
4 0 -7.9901 -.25 -45.0724 -8.3046 -.25 -45.2351 -6.4802 -.25 -46.1159 -7.2037 -.25 -45.452
3 0 -7.0464 -.25 -45.5279 -6.4802 -.25 -46.1159 -6.4802 -.25 -45.8013
4 15 -3.7749 -.25 -39.1208 -4.1639 -.25 -39.1928 -3.7749 -.25 -39.8991 -3.3859 -.25 -39.1928
4 15 -4.1639 -.25 -39.1928 -4.5264 -.25 -39.4038 -4.0185 -.25 -39.9445 -3.7749 -.25 -39.8991
4 15 -4.5264 -.25 -39.4038 -4.8377 -.25 -39.7394 -4.2455 -.25 -40.0777 -4.0185 -.25 -39.9445
4 15 -4.8377 -.25 -39.7394 -5.0765 -.25 -40.1768 -4.4404 -.25 -40.2897 -4.2455 -.25 -40.0777
4 15 -5.0765 -.25 -40.1768 -5.2219 -.25 -40.6862 -4.59 -.25 -40.5659 -4.4404 -.25 -40.2897
4 15 -3.5313 -.25 -39.9445 -3.0234 -.25 -39.4038 -3.3859 -.25 -39.1928 -3.7749 -.25 -39.8991
4 15 -3.0234 -.25 -39.4038 -3.5313 -.25 -39.9445 -3.3043 -.25 -40.0777 -2.7121 -.25 -39.7394
4 15 -2.7121 -.25 -39.7394 -3.3043 -.25 -40.0777 -3.1094 -.25 -40.2897 -2.4733 -.25 -40.1768
4 15 -2.4733 -.25 -40.1768 -3.1094 -.25 -40.2897 -2.9598 -.25 -40.5659 -2.3594 -.25 -40.6862
4 15 -2.3594 -.25 -41.7676 -2.3594 -.25 -40.6862 -2.9598 -.25 -40.5659 -2.8658 -.25 -40.8876
4 15 -4.59 -.25 -40.5659 -5.2219 -.25 -40.6862 -5.2219 -.25 -41.7676 -4.684 -.25 -40.8876
3 15 -5.2219 -.25 -41.7676 -4.7044 -.25 -41.107 -4.684 -.25 -40.8876
3 15 -2.8658 -.25 -40.8876 -2.8454 -.25 -41.107 -2.3594 -.25 -41.7676
4 15 -5.2219 -.25 -41.7676 -2.3594 -.25 -41.7676 -2.8454 -.25 -41.107 -4.7044 -.25 -41.107
4 0 -2.8658 -.25 -40.8876 -4.684 -.25 -40.8876 -4.7044 -.25 -41.107 -2.8454 -.25 -41.107
4 0 -2.9598 -.25 -40.5659 -4.59 -.25 -40.5659 -4.684 -.25 -40.8876 -2.8658 -.25 -40.8876
4 0 -4.4404 -.25 -40.2897 -4.59 -.25 -40.5659 -2.9598 -.25 -40.5659 -3.1094 -.25 -40.2897
4 0 -4.4404 -.25 -40.2897 -3.1094 -.25 -40.2897 -3.3043 -.25 -40.0777 -4.2455 -.25 -40.0777
4 0 -4.0185 -.25 -39.9445 -4.2455 -.25 -40.0777 -3.3043 -.25 -40.0777 -3.5313 -.25 -39.9445
3 0 -4.0185 -.25 -39.9445 -3.5313 -.25 -39.9445 -3.7749 -.25 -39.8991
3 0 -5.7881 -.25 -50.4271 -5.2219 -.25 -49.785 -5.2219 -.25 -48.0089
4 0 -5.7881 -.25 -50.4271 -5.2267 -.25 -46.5367 -5.2779 -.25 -45.99 -5.7881 -.25 -44.9205
4 0 -5.2779 -.25 -45.99 -5.2219 -.25 -42.9388 -5.2219 -.25 -41.7676 -5.7881 -.25 -44.9205
4 0 -5.7881 -.25 -44.9205 -5.2219 -.25 -41.7676 -5.2219 -.25 -40.6862 -5.7881 -.25 -38.6461
4 0 -5.7881 -.25 -50.4271 -1.919 -.25 -50.4271 -2.3594 -.25 -49.785 -5.2219 -.25 -49.785
3 0 -2.3594 -.25 -49.785 -1.919 -.25 -50.4271 -2.3594 -.25 -49.1244
4 0 -2.7121 -.25 -47.4835 -2.3594 -.25 -49.1244 -1.919 -.25 -50.4271 -2.4733 -.25 -47.046
3 0 -2.4733 -.25 -47.046 -1.919 -.25 -50.4271 -2.3231 -.25 -46.5367
4 0 -2.2719 -.25 -45.99 -2.3231 -.25 -46.5367 -1.919 -.25 -50.4271 -1.919 -.25 -44.6374
3 0 -2.3231 -.25 -45.4434 -2.2719 -.25 -45.99 -1.919 -.25 -44.6374
3 0 -2.4733 -.25 -44.934 -2.3231 -.25 -45.4434 -1.919 -.25 -44.6374
3 0 -2.3594 -.25 -43.5993 -1.919 -.25 -44.6374 -2.3594 -.25 -42.1136
3 0 -2.3594 -.25 -41.7676 -1.919 -.25 -38.6461 -2.3594 -.25 -40.6862
4 0 -2.3594 -.25 -42.1136 -1.919 -.25 -44.6374 -1.919 -.25 -38.6461 -2.3594 -.25 -41.7676
3 0 -2.4733 -.25 -40.1768 -2.3594 -.25 -40.6862 -1.919 -.25 -38.6461
3 0 -2.7121 -.25 -39.7394 -2.4733 -.25 -40.1768 -1.919 -.25 -38.6461
3 0 -3.0234 -.25 -39.4038 -2.7121 -.25 -39.7394 -1.919 -.25 -38.6461
3 0 -3.3859 -.25 -39.1928 -3.0234 -.25 -39.4038 -1.919 -.25 -38.6461
4 0 -3.7749 -.25 -39.1208 -3.3859 -.25 -39.1928 -1.919 -.25 -38.6461 -5.7881 -.25 -38.6461
3 0 -5.7881 -.25 -38.6461 -5.2219 -.25 -40.6862 -5.0765 -.25 -40.1768
3 0 -5.7881 -.25 -38.6461 -5.0765 -.25 -40.1768 -4.8377 -.25 -39.7394
3 0 -5.7881 -.25 -38.6461 -4.8377 -.25 -39.7394 -4.5264 -.25 -39.4038
3 0 -5.7881 -.25 -38.6461 -4.5264 -.25 -39.4038 -4.1639 -.25 -39.1928
3 0 -5.7881 -.25 -38.6461 -4.1639 -.25 -39.1928 -3.7749 -.25 -39.1208
3 15 -6.4802 -.25 -49.4317 -5.7881 -.25 -50.4271 -6.4802 -.25 -49.1172
3 15 -6.4802 -.25 -46.1159 -6.4802 -.25 -46.9781 -5.7881 -.25 -44.9205
4 15 -6.4802 -.25 -47.2927 -5.7881 -.25 -50.4271 -5.7881 -.25 -44.9205 -6.4802 -.25 -46.9781
3 15 -6.4802 -.25 -45.8013 -6.4802 -.25 -46.1159 -5.7881 -.25 -44.9205
3 15 -7.0464 -.25 -44.4389 -5.7881 -.25 -44.9205 -6.4802 -.25 -44.1656
3 15 -6.4802 -.25 -43.851 -6.4802 -.25 -44.1656 -5.7881 -.25 -44.9205
3 15 -6.4802 -.25 -43.851 -5.7881 -.25 -44.9205 -6.4802 -.25 -43.0702
3 15 -6.4802 -.25 -42.7556 -6.4802 -.25 -43.0702 -5.7881 -.25 -44.9205
3 15 -6.4802 -.25 -41.3716 -5.7881 -.25 -38.6461 -6.4802 -.25 -41.2143
4 15 -6.4802 -.25 -42.7556 -5.7881 -.25 -44.9205 -5.7881 -.25 -38.6461 -6.4802 -.25 -41.3716
3 15 -6.4802 -.25 -41.2143 -5.7881 -.25 -38.6461 -6.4802 -.25 -40.056
3 15 -6.4802 -.25 -39.7414 -6.4802 -.25 -40.056 -5.7881 -.25 -38.6461
4 15 -5.7881 -.25 -50.4271 -6.4802 -.25 -49.4317 -8.3046 -.25 -49.4317 -8.6838 -.25 -50.9933
4 15 -8.6838 -.25 -50.9933 -1.6971 -.25 -50.9933 -1.919 -.25 -50.4271 -5.7881 -.25 -50.4271
4 15 -1.6971 -.25 -50.9933 -1.6971 -.25 -38.067 -1.919 -.25 -44.6374 -1.919 -.25 -50.4271
3 15 -1.919 -.25 -44.6374 -1.6971 -.25 -38.067 -1.919 -.25 -38.6461
4 15 -1.6971 -.25 -38.067 -8.6838 -.25 -38.067 -5.7881 -.25 -38.6461 -1.919 -.25 -38.6461
3 15 -8.6838 -.25 -50.9933 -8.3046 -.25 -49.4317 -8.3046 -.25 -48.9599
4 15 -8.6838 -.25 -45.2665 -8.6838 -.25 -50.9933 -8.3046 -.25 -48.9599 -8.3046 -.25 -47.45
3 15 -8.6838 -.25 -45.2665 -8.3046 -.25 -47.45 -8.3046 -.25 -46.9781
3 15 -8.6838 -.25 -45.2665 -6.4802 -.25 -46.1159 -8.3046 -.25 -45.2351
3 15 -8.6838 -.25 -45.2665 -8.3046 -.25 -45.2351 -8.3046 -.25 -44.7318
3 15 -8.6838 -.25 -45.2665 -8.3046 -.25 -44.7318 -8.3046 -.25 -43.0702
3 15 -8.6838 -.25 -45.2665 -8.3046 -.25 -43.0702 -8.3046 -.25 -42.5984
4 15 -8.6838 -.25 -38.067 -8.6838 -.25 -45.2665 -8.3046 -.25 -42.5984 -8.3046 -.25 -41.5288
3 15 -8.6838 -.25 -38.067 -8.3046 -.25 -41.5288 -8.3046 -.25 -41.2143
3 15 -8.6838 -.25 -38.067 -8.3046 -.25 -41.2143 -8.3046 -.25 -40.056
3 15 -8.6838 -.25 -38.067 -8.3046 -.25 -40.056 -8.3046 -.25 -39.7414
4 15 -5.7881 -.25 -38.6461 -8.6838 -.25 -38.067 -8.3046 -.25 -39.7414 -6.4802 -.25 -39.7414
4 0 -5.2219 -.25 -42.9388 -5.2779 -.25 -45.99 -5.2267 -.25 -45.4434 -5.2219 -.25 -43.5993
4 0 -9.1803 -.25 -51.4803 -8.6838 -.25 -50.9933 -9.4 -.25 -50.95 -9.3429 -.25 -51.237
4 0 -2.0738 -.25 -51.7 -1.75 -.25 -51.7 -1.463 -.25 -51.6429 -1.6971 -.25 -50.9933
4 0 -1.0571 -.25 -51.237 -1.6971 -.25 -50.9933 -1.463 -.25 -51.6429 -1.2197 -.25 -51.4803
4 0 -1 -.25 -45.0088 -1.6971 -.25 -50.9933 -1.0571 -.25 -51.237 -1 -.25 -50.95
4 0 -1 -.25 -45.0088 -1 -.25 -38.1 -1.6971 -.25 -38.067 -1.6971 -.25 -50.9933
4 0 -1.2197 -.25 -37.5697 -1.6971 -.25 -38.067 -1 -.25 -38.1 -1.0571 -.25 -37.813
4 0 -1.2197 -.25 -37.5697 -1.463 -.25 -37.4071 -1.75 -.25 -37.35 -1.6971 -.25 -38.067
4 0 -9.4 -.25 -38.1 -8.6838 -.25 -38.067 -9.1803 -.25 -37.5697 -9.3429 -.25 -37.813
4 0 -8.65 -.25 -37.35 -8.937 -.25 -37.4071 -9.1803 -.25 -37.5697 -8.6838 -.25 -38.067
4 4 -11.3569 -.25 -65.4293 -9.1149 -.25 -51.5241 -9.1803 -.25 -51.4803 -11.537 -.25 -65.239
3 4 -11.537 -.25 -65.239 -9.1803 -.25 -51.4803 -9.3429 -.25 -51.237
3 4 -11.537 -.25 -65.239 -9.3429 -.25 -51.237 -9.4 -.25 -50.95
3 4 -11.9705 -.25 -39.9085 -9.4 -.25 -50.95 -9.4 -.25 -38.1
3 4 -11.9705 -.25 -39.9085 -9.4 -.25 -38.1 -9.3429 -.25 -37.813
3 4 -11.9705 -.25 -39.9085 -9.3429 -.25 -37.813 -9.1803 -.25 -37.5697
4 4 -8.0626 -.25 -31.91 -9.1803 -.25 -37.5697 -8.937 -.25 -37.4071 -7.9484 -.25 -32.0465
4 4 -7.9484 -.25 -32.0465 -8.937 -.25 -37.4071 -8.65 -.25 -37.35 -7.7833 -.25 -32.113
4 4 -7.7833 -.25 -32.113 -8.65 -.25 -37.35 -6.8295 -.25 -37.35 -7.5924 -.25 -32.0992
3 4 -7.5924 -.25 -32.0992 -6.8295 -.25 -37.35 -7.4049 -.25 -32.0074
3 4 -7.4049 -.25 -32.0074 -6.8295 -.25 -37.35 -7.2492 -.25 -31.8516
3 4 -7.2492 -.25 -31.8516 -6.8295 -.25 -37.35 -7.1491 -.25 -31.6553
4 4 -5.2974 -.25 -27.7345 -7.1197 -.25 -31.4486 -7.1491 -.25 -31.6553 -6.8295 -.25 -37.35
3 4 -6.8295 -.25 -37.35 -5.2707 -.25 -27.6821 -5.2974 -.25 -27.7345
4 0 2.5396 -.25 -28.5412 2.197 -.25 -28.5658 2.2359 -.25 -29.4864 2.836 -.25 -28.6605
3 0 3.041 -.25 -28.9055 3.0708 -.25 -29.6101 3.1235 -.25 -29.239
4 0 2.836 -.25 -28.6605 2.2359 -.25 -29.4864 3.0708 -.25 -29.6101 3.041 -.25 -28.9055
4 0 2.8909 -.25 -29.9624 3.0708 -.25 -29.6101 2.2359 -.25 -29.4864 2.6114 -.25 -30.2422
4 0 2.2748 -.25 -30.4071 2.6114 -.25 -30.2422 2.2359 -.25 -29.4864 1.9322 -.25 -30.4317
4 0 2.2359 -.25 -29.4864 1.4308 -.25 -30.0674 1.6358 -.25 -30.3123 1.9322 -.25 -30.4317
4 0 1.5808 -.25 -29.0105 2.2359 -.25 -29.4864 2.197 -.25 -28.5658 1.8604 -.25 -28.7307
4 0 6.3776 -.25 -29.6785 6.0485 -.25 -29.7021 6.0859 -.25 -30.5864 6.6623 -.25 -29.793
3 0 6.8593 -.25 -30.0284 6.8879 -.25 -30.7053 6.9385 -.25 -30.3487
4 0 6.6623 -.25 -29.793 6.0859 -.25 -30.5864 6.8879 -.25 -30.7053 6.8593 -.25 -30.0284
4 0 6.0859 -.25 -30.5864 6.4466 -.25 -31.3125 6.7151 -.25 -31.0436 6.8879 -.25 -30.7053
4 0 6.1233 -.25 -31.4708 6.4466 -.25 -31.3125 6.0859 -.25 -30.5864 5.7941 -.25 -31.4944
4 0 5.5095 -.25 -31.3798 5.7941 -.25 -31.4944 6.0859 -.25 -30.5864 5.3125 -.25 -31.1445
4 0 5.2333 -.25 -30.8242 5.3125 -.25 -31.1445 6.0859 -.25 -30.5864 5.2839 -.25 -30.4676
4 0 5.4566 -.25 -30.1293 5.2839 -.25 -30.4676 6.0859 -.25 -30.5864 5.7252 -.25 -29.8604
3 0 5.7252 -.25 -29.8604 6.0859 -.25 -30.5864 6.0485 -.25 -29.7021
4 0 10.5605 -.25 -30.8816 10.2507 -.25 -30.9039 10.2859 -.25 -31.7364 10.8286 -.25 -30.9894
3 0 11.014 -.25 -31.2111 11.0409 -.25 -31.8483 11.0886 -.25 -31.5126
4 0 10.8286 -.25 -30.9894 10.2859 -.25 -31.7364 11.0409 -.25 -31.8483 11.014 -.25 -31.2111
4 0 10.2859 -.25 -31.7364 10.6255 -.25 -32.42 10.8783 -.25 -32.1669 11.0409 -.25 -31.8483
4 0 10.3211 -.25 -32.569 10.6255 -.25 -32.42 10.2859 -.25 -31.7364 10.0112 -.25 -32.5913
4 0 9.7432 -.25 -32.4834 10.0112 -.25 -32.5913 10.2859 -.25 -31.7364 9.5578 -.25 -32.2618
4 0 9.4832 -.25 -31.9603 9.5578 -.25 -32.2618 10.2859 -.25 -31.7364 9.5309 -.25 -31.6246
4 0 9.6934 -.25 -31.306 9.5309 -.25 -31.6246 10.2859 -.25 -31.7364 9.9463 -.25 -31.0529
3 0 9.9463 -.25 -31.0529 10.2859 -.25 -31.7364 10.2507 -.25 -30.9039
4 0 4.0899 -.25 -23.6235 3.5777 -.25 -23.6604 3.6359 -.25 -25.0364 4.5329 -.25 -23.8018
3 0 4.5329 -.25 -23.8018 4.9626 -.25 -24.6665 4.8394 -.25 -24.1681
3 0 4.6151 -.25 -25.7479 4.8839 -.25 -25.2213 4.9626 -.25 -24.6665
4 0 4.5329 -.25 -23.8018 3.6359 -.25 -25.0364 4.6151 -.25 -25.7479 4.9626 -.25 -24.6665
4 0 4.1973 -.25 -26.1662 4.6151 -.25 -25.7479 3.6359 -.25 -25.0364 3.694 -.25 -26.4125
4 0 3.1819 -.25 -26.4494 3.694 -.25 -26.4125 3.6359 -.25 -25.0364 2.7389 -.25 -26.2711
3 0 2.3092 -.25 -25.4064 2.4324 -.25 -25.9048 2.7389 -.25 -26.2711
3 0 2.3092 -.25 -25.4064 2.6566 -.25 -24.325 2.3879 -.25 -24.8516
4 0 2.7389 -.25 -26.2711 3.6359 -.25 -25.0364 2.6566 -.25 -24.325 2.3092 -.25 -25.4064
4 0 3.0745 -.25 -23.9067 2.6566 -.25 -24.325 3.6359 -.25 -25.0364 3.5777 -.25 -23.6604
4 0 8.0899 -.25 -24.6235 7.5777 -.25 -24.6604 7.6359 -.25 -26.0364 8.5329 -.25 -24.8018
3 0 8.5329 -.25 -24.8018 8.9626 -.25 -25.6665 8.8394 -.25 -25.1681
3 0 8.6151 -.25 -26.7479 8.8839 -.25 -26.2213 8.9626 -.25 -25.6665
4 0 8.5329 -.25 -24.8018 7.6359 -.25 -26.0364 8.6151 -.25 -26.7479 8.9626 -.25 -25.6665
4 0 8.1973 -.25 -27.1662 8.6151 -.25 -26.7479 7.6359 -.25 -26.0364 7.694 -.25 -27.4125
4 0 7.1819 -.25 -27.4494 7.694 -.25 -27.4125 7.6359 -.25 -26.0364 6.7389 -.25 -27.2711
3 0 6.3092 -.25 -26.4064 6.4324 -.25 -26.9048 6.7389 -.25 -27.2711
3 0 6.3092 -.25 -26.4064 6.6566 -.25 -25.325 6.3879 -.25 -25.8516
4 0 6.7389 -.25 -27.2711 7.6359 -.25 -26.0364 6.6566 -.25 -25.325 6.3092 -.25 -26.4064
4 0 7.0745 -.25 -24.9067 6.6566 -.25 -25.325 7.6359 -.25 -26.0364 7.5777 -.25 -24.6604
4 0 12.3176 -.25 -25.7929 11.8306 -.25 -25.828 11.8859 -.25 -27.1364 12.7389 -.25 -25.9624
3 0 11.9411 -.25 -28.4449 12.4197 -.25 -28.2107 12.817 -.25 -27.813
4 0 11.4542 -.25 -28.48 11.9411 -.25 -28.4449 11.8859 -.25 -27.1364 11.0329 -.25 -28.3105
4 0 11.8859 -.25 -27.1364 10.6243 -.25 -27.4882 10.7415 -.25 -27.9622 11.0329 -.25 -28.3105
4 0 10.6992 -.25 -26.9607 10.6243 -.25 -27.4882 11.8859 -.25 -27.1364 10.9547 -.25 -26.4599
4 0 11.3521 -.25 -26.0622 10.9547 -.25 -26.4599 11.8859 -.25 -27.1364 11.8306 -.25 -25.828
4 0 10.8239 -.25 -41.6851 10.9441 -.25 -41.8429 11.1731 -.25 -41.8766 11.1298 -.25 -41.6312
4 0 11.4358 -.25 -41.5772 11.1298 -.25 -41.6312 11.1731 -.25 -41.8766 11.3768 -.25 -41.7666
4 0 11.4358 -.25 -41.5772 11.3156 -.25 -41.4195 11.0865 -.25 -41.3857 11.1298 -.25 -41.6312
4 0 10.8239 -.25 -41.6851 11.1298 -.25 -41.6312 11.0865 -.25 -41.3857 10.8829 -.25 -41.4958
4 15 -8.65 -.25 -51.7 -8.084 -.25 -66.3 -4.4167 -.25 -66.3 -2.0738 -.25 -51.7
3 15 -10.971 -.25 -65.837 -8.65 -.25 -51.7 -8.937 -.25 -51.6429
4 15 -1 -.25 -45.0088 .7058 -.25 -34.3805 .5619 -.25 -34.451 -1 -.25 -38.1
4 15 .5619 -.25 -34.451 .3331 -.25 -34.4674 -1.0571 -.25 -37.813 -1 -.25 -38.1
4 15 .1353 -.25 -34.3878 -1.2197 -.25 -37.5697 -1.0571 -.25 -37.813 .3331 -.25 -34.4674
4 15 -1.2197 -.25 -37.5697 .1353 -.25 -34.3878 -3.3881 -.25 -33.301 -1.463 -.25 -37.4071
4 15 -3.6169 -.25 -33.3174 -1.75 -.25 -37.35 -1.463 -.25 -37.4071 -3.3881 -.25 -33.301
4 15 -1.75 -.25 -37.35 -3.6169 -.25 -33.3174 -3.8147 -.25 -33.2378 -6.8295 -.25 -37.35
3 15 -6.8295 -.25 -37.35 -3.8147 -.25 -33.2378 -3.9516 -.25 -33.0743
3 15 -6.8295 -.25 -37.35 -3.9516 -.25 -33.0743 -4.0066 -.25 -32.8517
3 15 -6.8295 -.25 -37.35 -4.0066 -.25 -32.8517 -3.9714 -.25 -32.6039
4 15 -1.5192 -.25 -29.0312 .5099 -.25 -33.2219 1.3483 -.25 -29.7339 -1.2253 -.25 -28.7369
4 15 1.3483 -.25 -29.7339 1.401 -.25 -29.3628 -1.0362 -.25 -28.3665 -1.2253 -.25 -28.7369
4 15 1.401 -.25 -29.3628 1.5611 -.25 -29.049 -.9808 -.25 -27.9762 -1.0362 -.25 -28.3665
4 15 .9339 -.25 -23.8213 1.5611 -.25 -29.049 2.2513 -.25 -20.826 1.0126 -.25 -23.2665
3 15 1.5611 -.25 -29.049 2.7836 -.25 -20.293 2.2513 -.25 -20.826
3 15 1.5611 -.25 -29.049 3.0073 -.25 -20.0372 2.7836 -.25 -20.293
4 15 1.61 -.25 -21.1398 .8894 -.25 -22.7681 1.0126 -.25 -23.2665 2.2513 -.25 -20.826
3 15 .6651 -.25 -24.3479 1.5611 -.25 -29.049 .9339 -.25 -23.8213
4 15 -.9808 -.25 -27.9762 1.5611 -.25 -29.049 .6651 -.25 -24.3479 .2473 -.25 -24.7662
4 15 -.9808 -.25 -27.9762 .2473 -.25 -24.7662 -.256 -.25 -25.0125 -1.0675 -.25 -27.6256
3 15 -1.2831 -.25 -27.3679 -1.0675 -.25 -27.6256 -.256 -.25 -25.0125
4 27 5.2839 -.25 -30.4676 5.4566 -.25 -30.1293 3.1235 -.25 -29.239 3.0708 -.25 -29.6101
4 27 3.041 -.25 -28.9055 3.1235 -.25 -29.239 5.4566 -.25 -30.1293 5.7252 -.25 -29.8604
4 27 5.7252 -.25 -29.8604 6.0485 -.25 -29.7021 6.7389 -.25 -27.2711 3.041 -.25 -28.9055
4 27 6.7389 -.25 -27.2711 6.4324 -.25 -26.9048 3.694 -.25 -26.4125 3.041 -.25 -28.9055
4 27 3.694 -.25 -26.4125 3.1819 -.25 -26.4494 2.836 -.25 -28.6605 3.041 -.25 -28.9055
4 27 2.836 -.25 -28.6605 3.1819 -.25 -26.4494 2.7389 -.25 -26.2711 2.5396 -.25 -28.5412
4 27 2.5396 -.25 -28.5412 2.7389 -.25 -26.2711 2.4324 -.25 -25.9048 2.197 -.25 -28.5658
3 27 1.8604 -.25 -28.7307 2.197 -.25 -28.5658 2.4324 -.25 -25.9048
4 27 1.8604 -.25 -28.7307 2.4324 -.25 -25.9048 2.3092 -.25 -25.4064 1.5808 -.25 -29.0105
4 27 3.0073 -.25 -20.0372 1.5808 -.25 -29.0105 2.3092 -.25 -25.4064 2.3879 -.25 -24.8516
4 27 3.7454 -.25 -20.8078 3.0073 -.25 -20.0372 3.5777 -.25 -23.6604 3.9024 -.25 -21.4429
3 27 3.0073 -.25 -20.0372 3.0745 -.25 -23.9067 3.5777 -.25 -23.6604
3 27 2.6566 -.25 -24.325 3.0745 -.25 -23.9067 3.0073 -.25 -20.0372
3 27 2.3879 -.25 -24.8516 2.6566 -.25 -24.325 3.0073 -.25 -20.0372
3 27 1.5611 -.25 -29.049 1.5808 -.25 -29.0105 3.0073 -.25 -20.0372
4 27 4.8574 -.25 -22.1368 4.2929 -.25 -21.9096 3.5777 -.25 -23.6604 4.0899 -.25 -23.6235
3 27 3.5777 -.25 -23.6604 4.2929 -.25 -21.9096 3.9024 -.25 -21.4429
3 27 4.0899 -.25 -23.6235 4.5329 -.25 -23.8018 4.8574 -.25 -22.1368
4 27 5.51 -.25 -22.0898 4.8574 -.25 -22.1368 4.5329 -.25 -23.8018 4.8394 -.25 -24.1681
4 27 7.0745 -.25 -24.9067 7.5777 -.25 -24.6604 6.1513 -.25 -21.776 5.51 -.25 -22.0898
4 27 7.9475 -.25 -22.7104 7.7951 -.25 -22.094 6.1513 -.25 -21.776 7.5777 -.25 -24.6604
4 27 8.0899 -.25 -24.6235 8.3265 -.25 -23.1633 7.9475 -.25 -22.7104 7.5777 -.25 -24.6604
4 27 8.5329 -.25 -24.8018 8.8744 -.25 -23.3838 8.3265 -.25 -23.1633 8.0899 -.25 -24.6235
4 27 8.8394 -.25 -25.1681 9.5078 -.25 -23.3383 8.8744 -.25 -23.3838 8.5329 -.25 -24.8018
4 27 10.6992 -.25 -26.9607 10.9547 -.25 -26.4599 8.9626 -.25 -25.6665 8.8839 -.25 -26.2213
4 27 10.9547 -.25 -26.4599 11.3521 -.25 -26.0622 8.8394 -.25 -25.1681 8.9626 -.25 -25.6665
4 27 10.1302 -.25 -23.0337 9.5078 -.25 -23.3383 8.8394 -.25 -25.1681 11.3521 -.25 -26.0622
4 27 11.9475 -.25 -23.6604 11.7951 -.25 -23.044 10.6469 -.25 -22.5163 10.1302 -.25 -23.0337
4 27 10.1302 -.25 -23.0337 11.3521 -.25 -26.0622 11.8306 -.25 -25.828 11.9475 -.25 -23.6604
4 27 11.9475 -.25 -23.6604 11.8306 -.25 -25.828 12.3176 -.25 -25.7929 12.3265 -.25 -24.1133
4 27 12.8744 -.25 -24.3338 12.3265 -.25 -24.1133 12.3176 -.25 -25.7929 12.7389 -.25 -25.9624
4 27 10.8286 -.25 -30.9894 11.4542 -.25 -28.48 11.0329 -.25 -28.3105 10.5605 -.25 -30.8816
4 27 10.7415 -.25 -27.9622 10.2507 -.25 -30.9039 10.5605 -.25 -30.8816 11.0329 -.25 -28.3105
4 27 10.6243 -.25 -27.4882 10.6992 -.25 -26.9607 8.8839 -.25 -26.2213 8.6151 -.25 -26.7479
4 27 8.1973 -.25 -27.1662 10.7415 -.25 -27.9622 10.6243 -.25 -27.4882 8.6151 -.25 -26.7479
4 27 10.7415 -.25 -27.9622 8.1973 -.25 -27.1662 9.9463 -.25 -31.0529 10.2507 -.25 -30.9039
4 27 9.6934 -.25 -31.306 9.9463 -.25 -31.0529 8.1973 -.25 -27.1662 7.694 -.25 -27.4125
4 27 9.6934 -.25 -31.306 7.694 -.25 -27.4125 6.8593 -.25 -30.0284 6.9385 -.25 -30.3487
4 27 6.6623 -.25 -29.793 6.8593 -.25 -30.0284 7.694 -.25 -27.4125 7.1819 -.25 -27.4494
4 27 6.6623 -.25 -29.793 7.1819 -.25 -27.4494 6.7389 -.25 -27.2711 6.3776 -.25 -29.6785
3 27 6.0485 -.25 -29.7021 6.3776 -.25 -29.6785 6.7389 -.25 -27.2711
4 27 6.4324 -.25 -26.9048 6.3092 -.25 -26.4064 4.1973 -.25 -26.1662 3.694 -.25 -26.4125
4 27 6.3092 -.25 -26.4064 6.3879 -.25 -25.8516 4.6151 -.25 -25.7479 4.1973 -.25 -26.1662
4 27 6.3879 -.25 -25.8516 6.6566 -.25 -25.325 4.8839 -.25 -25.2213 4.6151 -.25 -25.7479
4 27 7.0745 -.25 -24.9067 4.9626 -.25 -24.6665 4.8839 -.25 -25.2213 6.6566 -.25 -25.325
4 27 5.51 -.25 -22.0898 4.8394 -.25 -24.1681 4.9626 -.25 -24.6665 7.0745 -.25 -24.9067
4 27 10.8783 -.25 -32.1669 12.8142 -.25 -36.7237 12.9078 -.25 -36.7169 11.0409 -.25 -31.8483
4 27 12.4197 -.25 -28.2107 11.0886 -.25 -31.5126 11.0409 -.25 -31.8483 12.9078 -.25 -36.7169
4 27 12.4197 -.25 -28.2107 11.9411 -.25 -28.4449 11.014 -.25 -31.2111 11.0886 -.25 -31.5126
4 27 10.8286 -.25 -30.9894 11.014 -.25 -31.2111 11.9411 -.25 -28.4449 11.4542 -.25 -28.48
3 15 3.2033 -.25 -57.8476 4.0764 -.25 -60.1575 4.0764 -.25 -59.0903
4 15 1.5539 -.25 -55.5005 .7777 -.25 -56.0827 3.3003 -.25 -59.7694 2.4271 -.25 -56.7432
4 15 .7777 -.25 -53.7542 .7777 -.25 -56.0827 1.5539 -.25 -55.5005 1.0688 -.25 -53.5601
4 15 3.2033 -.25 -56.1983 2.4271 -.25 -55.87 2.4271 -.25 -56.7432 3.2033 -.25 -57.8476
4 15 4.0764 -.25 -60.1575 3.2033 -.25 -57.8476 2.4271 -.25 -56.7432 3.3003 -.25 -59.7694
3 15 1.0688 -.25 -53.5601 1.5539 -.25 -55.5005 2.4271 -.25 -55.87
4 15 2.4271 -.25 -55.87 3.2033 -.25 -56.1983 4.0764 -.25 -54.9184 1.0688 -.25 -53.5601
3 15 3.2033 -.25 -56.1983 4.0764 -.25 -56.5678 4.0764 -.25 -54.9184
3 15 2.6211 -.25 -52.2989 4.0764 -.25 -53.9482 3.5913 -.25 -52.784
4 15 4.0764 -.25 -53.9482 2.6211 -.25 -52.2989 1.942 -.25 -53.075 3.8824 -.25 -54.1423
4 15 2.6211 -.25 -52.2989 2.6211 -.25 -49.8734 1.942 -.25 -49.4853 1.942 -.25 -53.075
4 15 4.0764 -.25 -53.9482 4.0764 -.25 -50.6495 3.5913 -.25 -50.3585 3.5913 -.25 -52.784
3 15 2.6211 -.25 -48.127 4.0764 -.25 -49.7763 3.5913 -.25 -48.6121
4 15 4.0764 -.25 -49.7763 2.6211 -.25 -48.127 1.942 -.25 -48.9032 3.8824 -.25 -49.9704
4 15 1.942 -.25 -45.3134 1.942 -.25 -48.9032 2.6211 -.25 -48.127 2.6211 -.25 -45.7015
4 15 4.0764 -.25 -49.7763 4.0764 -.25 -46.4777 3.5913 -.25 -46.1866 3.5913 -.25 -48.6121
4 15 3.5913 -.25 -44.3432 3.3003 -.25 -44.1977 3.8824 -.25 -45.7015 4.0764 -.25 -45.5075
4 15 2.6211 -.25 -43.8581 2.6211 -.25 -41.4326 1.942 -.25 -41.0445 1.942 -.25 -44.6343
4 15 3.5913 -.25 -41.9177 3.5913 -.25 -44.3432 4.0764 -.25 -45.5075 4.0764 -.25 -42.2088
4 15 3.3003 -.25 -42.7909 2.9122 -.25 -42.5968 2.9122 -.25 -44.0036 3.3003 -.25 -44.1977
4 15 3.8824 -.25 -45.7015 3.3003 -.25 -44.1977 2.9122 -.25 -44.0036 1.942 -.25 -44.6343
3 15 1.942 -.25 -44.6343 2.9122 -.25 -44.0036 2.6211 -.25 -43.8581
4 15 3.8824 -.25 -37.2607 4.0764 -.25 -37.0667 3.5913 -.25 -35.9025 3.3003 -.25 -35.7569
4 15 2.6211 -.25 -35.4174 2.6211 -.25 -32.9918 1.942 -.25 -32.6038 1.942 -.25 -36.1935
4 15 3.5913 -.25 -33.4769 3.5913 -.25 -35.9025 4.0764 -.25 -37.0667 4.0764 -.25 -33.768
4 15 3.3003 -.25 -34.3501 2.9122 -.25 -34.1561 2.9122 -.25 -35.5629 3.3003 -.25 -35.7569
4 15 3.8824 -.25 -37.2607 3.3003 -.25 -35.7569 2.9122 -.25 -35.5629 1.942 -.25 -36.1935
3 15 1.942 -.25 -36.1935 2.9122 -.25 -35.5629 2.6211 -.25 -35.4174
3 15 1.942 -.25 -39.2982 4.0764 -.25 -41.3356 3.5913 -.25 -40.1713
4 15 4.0764 -.25 -41.3356 1.942 -.25 -39.2982 1.942 -.25 -40.4624 3.8824 -.25 -41.5296
4 15 4.0764 -.25 -41.3356 4.0764 -.25 -38.0369 3.5913 -.25 -37.7458 3.5913 -.25 -40.1713
4 15 7.2296 -.25 -59.1873 4.5615 -.25 -59.9635 9.2185 -.25 -59.9635 9.2185 -.25 -59.1873
3 15 4.5615 -.25 -59.9635 7.2296 -.25 -59.1873 6.599 -.25 -59.1873
3 15 4.5615 -.25 -59.9635 6.599 -.25 -59.1873 5.2407 -.25 -59.1873
4 15 5.2407 -.25 -54.9184 4.5615 -.25 -54.8214 4.5615 -.25 -59.9635 5.2407 -.25 -59.1873
4 15 5.2407 -.25 -54.9184 5.3377 -.25 -54.6274 4.6586 -.25 -54.3363 4.5615 -.25 -54.8214
4 15 5.3377 -.25 -54.6274 5.6773 -.25 -54.3848 4.9496 -.25 -53.9482 4.6586 -.25 -54.3363
4 15 5.6773 -.25 -54.3848 5.6773 -.25 -53.6571 5.2407 -.25 -53.7542 4.9496 -.25 -53.9482
4 15 7.0356 -.25 -54.1908 6.5019 -.25 -54.6274 6.599 -.25 -54.9184 7.1645 -.25 -54.4958
4 15 6.8173 -.25 -53.9482 6.1624 -.25 -54.3848 6.5019 -.25 -54.6274 7.0356 -.25 -54.1908
4 15 6.5262 -.25 -53.7542 6.0896 -.25 -53.6571 6.1624 -.25 -54.3848 6.8173 -.25 -53.9482
4 15 6.599 -.25 -54.9184 6.599 -.25 -59.1873 7.2296 -.25 -59.1873 7.2296 -.25 -55.2688
4 15 6.0896 -.25 -53.6571 5.6773 -.25 -53.6571 5.6773 -.25 -54.3848 6.1624 -.25 -54.3848
4 15 9.2185 -.25 -54.3848 9.2185 -.25 -53.5116 7.1645 -.25 -54.4958 7.2296 -.25 -55.2688
3 15 6.599 -.25 -54.9184 7.2296 -.25 -55.2688 7.1645 -.25 -54.4958
4 15 7.2296 -.25 -52.0078 4.8041 -.25 -52.7355 9.2185 -.25 -52.7355 9.2185 -.25 -52.0078
4 15 7.2296 -.25 -52.0078 6.599 -.25 -52.0078 4.5615 -.25 -52.5414 4.8041 -.25 -52.7355
3 15 4.5615 -.25 -52.5414 6.599 -.25 -52.0078 5.1922 -.25 -52.0078
4 15 9.2185 -.25 -47.4479 4.8041 -.25 -47.4479 7.2296 -.25 -48.1755 9.2185 -.25 -48.1755
4 15 7.2296 -.25 -48.1755 4.8041 -.25 -47.4479 4.5615 -.25 -47.6419 6.599 -.25 -48.1755
3 15 4.5615 -.25 -47.6419 5.1922 -.25 -48.1755 6.599 -.25 -48.1755
4 15 4.5615 -.25 -52.5414 5.1922 -.25 -52.0078 5.1922 -.25 -48.1755 4.5615 -.25 -47.6419
4 15 6.599 -.25 -48.1755 6.599 -.25 -52.0078 7.2296 -.25 -52.0078 7.2296 -.25 -48.1755
4 15 9.2185 -.25 -43.0819 5.1922 -.25 -43.0819 5.1922 -.25 -43.8096 9.2185 -.25 -43.8096
4 15 4.5615 -.25 -40.4139 4.5615 -.25 -46.4777 5.1922 -.25 -46.4777 5.1922 -.25 -43.8096
3 15 4.5615 -.25 -40.4139 5.1922 -.25 -43.8096 5.1922 -.25 -43.0819
3 15 4.5615 -.25 -40.4139 5.1922 -.25 -43.0819 5.1922 -.25 -40.4139
4 15 4.5615 -.25 -39.6862 9.2185 -.25 -39.6862 7.2296 -.25 -38.9586 6.599 -.25 -38.9586
4 15 7.2296 -.25 -38.9586 7.2296 -.25 -35.1263 6.599 -.25 -35.1263 6.599 -.25 -38.9586
3 15 4.5615 -.25 -39.6862 6.599 -.25 -38.9586 5.1922 -.25 -38.9586
4 15 5.1922 -.25 -33.768 4.5615 -.25 -33.768 4.5615 -.25 -39.6862 5.1922 -.25 -38.9586
3 15 7.2296 -.25 -38.9586 9.2185 -.25 -39.6862 8.5879 -.25 -38.9586
4 0 3.2033 -.25 -57.8476 4.0764 -.25 -59.0903 4.0764 -.25 -56.5678 3.2033 -.25 -56.1983
3 0 1.5539 -.25 -55.5005 2.4271 -.25 -56.7432 2.4271 -.25 -55.87
4 0 4.0764 -.25 -54.9184 4.0764 -.25 -56.5678 4.5615 -.25 -54.8214 4.6586 -.25 -54.3363
4 0 4.0764 -.25 -53.9482 3.8824 -.25 -54.1423 4.0764 -.25 -54.9184 4.6586 -.25 -54.3363
4 0 1.0688 -.25 -53.5601 4.0764 -.25 -54.9184 3.8824 -.25 -54.1423 1.942 -.25 -53.075
4 0 4.0764 -.25 -56.5678 4.0764 -.25 -59.0903 4.5615 -.25 -59.9635 4.5615 -.25 -54.8214
4 0 4.5615 -.25 -59.9635 4.0764 -.25 -59.0903 4.0764 -.25 -60.1575 5.0466 -.25 -60.8852
4 0 5.0466 -.25 -61.7583 5.0466 -.25 -60.8852 4.0764 -.25 -60.1575 2.7182 -.25 -60.5941
3 0 2.7182 -.25 -60.5941 4.0764 -.25 -60.1575 3.3003 -.25 -59.7694
4 0 .7777 -.25 -56.0827 .7777 -.25 -53.7542 -.0954 -.25 -51.8623 -.0954 -.25 -56.3737
4 0 .7777 -.25 -56.0827 -.0954 -.25 -56.3737 2.7182 -.25 -60.5941 3.3003 -.25 -59.7694
4 0 -.0954 -.25 -51.8623 .7777 -.25 -53.7542 1.0688 -.25 -53.5601 1.0688 -.25 -52.5414
4 0 1.942 -.25 -53.075 1.942 -.25 -49.4853 1.0688 -.25 -52.5414 1.0688 -.25 -53.5601
4 0 1.0688 -.25 -52.5414 1.942 -.25 -49.4853 1.942 -.25 -48.9032 1.0688 -.25 -45.2164
3 0 1.0688 -.25 -45.2164 1.942 -.25 -48.9032 1.942 -.25 -45.3134
3 0 1.0688 -.25 -45.2164 1.942 -.25 -45.3134 1.942 -.25 -44.6343
3 0 1.0688 -.25 -45.2164 1.942 -.25 -44.6343 1.942 -.25 -41.0445
3 0 1.0688 -.25 -45.2164 1.942 -.25 -41.0445 1.942 -.25 -40.4624
4 0 4.9496 -.25 -53.9482 4.8041 -.25 -52.7355 4.0764 -.25 -53.9482 4.6586 -.25 -54.3363
3 0 4.0764 -.25 -53.9482 4.8041 -.25 -52.7355 4.5615 -.25 -52.5414
4 0 3.8824 -.25 -49.9704 3.5913 -.25 -50.3585 4.0764 -.25 -50.6495 4.0764 -.25 -49.7763
4 0 2.6211 -.25 -49.8734 3.5913 -.25 -50.3585 3.8824 -.25 -49.9704 1.942 -.25 -48.9032
3 0 1.942 -.25 -49.4853 2.6211 -.25 -49.8734 1.942 -.25 -48.9032
4 0 2.6211 -.25 -52.2989 3.5913 -.25 -52.784 3.5913 -.25 -50.3585 2.6211 -.25 -49.8734
4 0 2.6211 -.25 -48.127 3.5913 -.25 -48.6121 3.5913 -.25 -46.1866 2.6211 -.25 -45.7015
4 0 3.8824 -.25 -45.7015 1.942 -.25 -44.6343 2.6211 -.25 -45.7015 3.5913 -.25 -46.1866
3 0 1.942 -.25 -45.3134 2.6211 -.25 -45.7015 1.942 -.25 -44.6343
4 0 4.0764 -.25 -46.4777 4.0764 -.25 -45.5075 3.8824 -.25 -45.7015 3.5913 -.25 -46.1866
4 0 3.3003 -.25 -42.7909 3.3003 -.25 -44.1977 3.5913 -.25 -44.3432 3.5913 -.25 -41.9177
4 0 3.5913 -.25 -41.9177 2.6211 -.25 -41.4326 2.9122 -.25 -42.5968 3.3003 -.25 -42.7909
4 0 2.6211 -.25 -43.8581 2.9122 -.25 -44.0036 2.9122 -.25 -42.5968 2.6211 -.25 -41.4326
4 0 3.8824 -.25 -41.5296 3.5913 -.25 -41.9177 4.0764 -.25 -42.2088 4.0764 -.25 -41.3356
4 0 3.8824 -.25 -41.5296 1.942 -.25 -40.4624 2.6211 -.25 -41.4326 3.5913 -.25 -41.9177
3 0 1.942 -.25 -41.0445 2.6211 -.25 -41.4326 1.942 -.25 -40.4624
4 0 2.8 -.25 -37.85 3.5913 -.25 -37.7458 1.942 -.25 -36.1935 1.0688 -.25 -36.9554
4 0 3.8824 -.25 -37.2607 1.942 -.25 -36.1935 3.5913 -.25 -37.7458 4.0764 -.25 -38.0369
4 0 3.5913 -.25 -35.9025 3.5913 -.25 -33.4769 3.3003 -.25 -34.3501 3.3003 -.25 -35.7569
4 0 2.9122 -.25 -34.1561 3.3003 -.25 -34.3501 3.5913 -.25 -33.4769 2.6211 -.25 -32.9918
4 0 2.6211 -.25 -35.4174 2.9122 -.25 -35.5629 2.9122 -.25 -34.1561 2.6211 -.25 -32.9918
3 0 4.5615 -.25 -33.768 5.1922 -.25 -33.768 4.5615 -.25 -32.8948
4 0 8.5879 -.25 -38.9586 8.5879 -.25 -33.768 7.2296 -.25 -35.1263 7.2296 -.25 -38.9586
3 0 4.5615 -.25 -32.8948 5.1922 -.25 -33.768 6.599 -.25 -35.1263
4 0 7.2296 -.25 -35.1263 8.5879 -.25 -33.768 4.5615 -.25 -32.8948 6.599 -.25 -35.1263
4 0 6.599 -.25 -35.1263 5.1922 -.25 -33.768 5.1922 -.25 -38.9586 6.599 -.25 -38.9586
4 0 9.2185 -.25 -59.9635 4.5615 -.25 -59.9635 5.0466 -.25 -60.8852 10.0432 -.25 -60.8852
4 0 10.0432 -.25 -60.8852 10.0432 -.25 -58.2171 9.2185 -.25 -59.1873 9.2185 -.25 -59.9635
4 0 8.1998 -.25 -58.2171 7.2296 -.25 -59.1873 9.2185 -.25 -59.1873 10.0432 -.25 -58.2171
4 0 8.1998 -.25 -58.2171 8.1998 -.25 -55.9856 7.2296 -.25 -55.2688 7.2296 -.25 -59.1873
4 0 9.2185 -.25 -54.3848 7.2296 -.25 -55.2688 8.1998 -.25 -55.9856 10.0432 -.25 -55.0154
3 0 9.2185 -.25 -53.5116 9.2185 -.25 -54.3848 10.0432 -.25 -55.0154
3 0 9.2185 -.25 -53.5116 10.0432 -.25 -55.0154 9.2185 -.25 -52.7355
4 0 5.2407 -.25 -54.9184 5.2407 -.25 -59.1873 6.599 -.25 -59.1873 6.599 -.25 -54.9184
4 0 5.2407 -.25 -54.9184 6.599 -.25 -54.9184 6.5019 -.25 -54.6274 5.3377 -.25 -54.6274
4 0 6.5019 -.25 -54.6274 6.1624 -.25 -54.3848 5.6773 -.25 -54.3848 5.3377 -.25 -54.6274
3 0 4.8041 -.25 -52.7355 4.9496 -.25 -53.9482 5.2407 -.25 -53.7542
3 0 4.8041 -.25 -52.7355 5.2407 -.25 -53.7542 5.6773 -.25 -53.6571
4 0 9.2185 -.25 -53.5116 9.2185 -.25 -52.7355 7.0356 -.25 -54.1908 7.1645 -.25 -54.4958
3 0 6.8173 -.25 -53.9482 7.0356 -.25 -54.1908 9.2185 -.25 -52.7355
3 0 6.5262 -.25 -53.7542 6.8173 -.25 -53.9482 9.2185 -.25 -52.7355
4 0 9.2185 -.25 -52.7355 4.8041 -.25 -52.7355 6.0896 -.25 -53.6571 6.5262 -.25 -53.7542
3 0 4.8041 -.25 -52.7355 5.6773 -.25 -53.6571 6.0896 -.25 -53.6571
4 0 6.599 -.25 -52.0078 6.599 -.25 -48.1755 5.1922 -.25 -48.1755 5.1922 -.25 -52.0078
4 0 9.2185 -.25 -52.0078 9.2185 -.25 -48.1755 7.2296 -.25 -48.1755 7.2296 -.25 -52.0078
4 0 4.0764 -.25 -50.6495 4.5615 -.25 -47.6419 4.5615 -.25 -46.4777 4.0764 -.25 -49.7763
3 0 4.0764 -.25 -49.7763 4.5615 -.25 -46.4777 4.0764 -.25 -46.4777
4 0 4.8041 -.25 -47.4479 5.1922 -.25 -46.4777 4.5615 -.25 -46.4777 4.5615 -.25 -47.6419
4 0 4.0764 -.25 -53.9482 4.5615 -.25 -52.5414 4.5615 -.25 -47.6419 4.0764 -.25 -50.6495
4 0 4.5615 -.25 -40.4139 4.0764 -.25 -45.5075 4.0764 -.25 -46.4777 4.5615 -.25 -46.4777
4 0 4.5615 -.25 -39.6862 4.0764 -.25 -42.2088 4.0764 -.25 -45.5075 4.5615 -.25 -40.4139
3 0 4.0764 -.25 -41.3356 4.0764 -.25 -42.2088 4.5615 -.25 -39.6862
3 0 4.0764 -.25 -41.3356 4.5615 -.25 -39.6862 4.0764 -.25 -38.0369
4 0 4.0764 -.25 -38.0369 4.5615 -.25 -39.6862 4.0764 -.25 -37.0667 3.8824 -.25 -37.2607
3 0 4.0764 -.25 -37.0667 4.5615 -.25 -39.6862 4.5615 -.25 -33.768
4 0 4.0764 -.25 -33.768 4.0764 -.25 -37.0667 4.5615 -.25 -33.768 4.5615 -.25 -32.8948
4 0 9.2185 -.25 -52.7355 10.0432 -.25 -55.0154 10.0432 -.25 -46.4777 9.2185 -.25 -52.0078
3 0 9.2185 -.25 -52.0078 10.0432 -.25 -46.4777 9.2185 -.25 -48.1755
3 0 9.2185 -.25 -47.4479 9.2185 -.25 -48.1755 10.0432 -.25 -46.4777
4 0 9.2185 -.25 -47.4479 10.0432 -.25 -46.4777 6.1139 -.25 -46.4777 4.8041 -.25 -47.4479
4 0 6.1139 -.25 -46.4777 6.1139 -.25 -44.7313 5.1922 -.25 -46.4777 4.8041 -.25 -47.4479
3 0 5.1922 -.25 -46.4777 6.1139 -.25 -44.7313 5.1922 -.25 -43.8096
4 0 6.1139 -.25 -44.7313 10.0432 -.25 -44.7313 9.2185 -.25 -43.8096 5.1922 -.25 -43.8096
4 0 10.0432 -.25 -44.7313 10.0432 -.25 -42.1603 9.2185 -.25 -43.0819 9.2185 -.25 -43.8096
4 0 9.2185 -.25 -43.0819 10.0432 -.25 -42.1603 6.1139 -.25 -42.1603 5.1922 -.25 -43.0819
4 0 5.1922 -.25 -40.4139 5.1922 -.25 -43.0819 6.1139 -.25 -42.1603 6.1139 -.25 -40.4139
3 0 5.1922 -.25 -40.4139 6.1139 -.25 -40.4139 9.2185 -.25 -39.6862
4 0 4.5615 -.25 -40.4139 5.1922 -.25 -40.4139 9.2185 -.25 -39.6862 4.5615 -.25 -39.6862
3 0 6.1139 -.25 -40.4139 10.0432 -.25 -40.4139 9.2185 -.25 -39.6862
4 0 9.2185 -.25 -33.768 10.0432 -.25 -32.8948 4.5615 -.25 -32.8948 8.5879 -.25 -33.768
4 0 10.0432 -.25 -40.4139 10.0432 -.25 -32.8948 9.2185 -.25 -33.768 9.2185 -.25 -39.6862
4 15 9.2185 -.25 -33.768 8.5879 -.25 -33.768 8.5879 -.25 -38.9586 9.2185 -.25 -39.6862
4 0 1.0688 -.25 -37.9 1.0688 -.25 -45.2164 1.942 -.25 -40.4624 1.942 -.25 -39.2982
4 0 3.5913 -.25 -40.1713 2.8 -.25 -38.8 1.0688 -.25 -37.9 1.942 -.25 -39.2982
4 0 2.8 -.25 -37.85 2.8 -.25 -38.8 3.5913 -.25 -40.1713 3.5913 -.25 -37.7458
4 27 2.8 -.25 -38.8 2.8 -.25 -37.85 1.0688 -.25 -36.9554 1.0688 -.25 -37.9
4 27 6.1139 -.25 -44.7313 6.1139 -.25 -46.4777 10.0432 -.25 -46.4777 10.0432 -.25 -44.7313
4 27 10.0432 -.25 -40.4139 6.1139 -.25 -40.4139 6.1139 -.25 -42.1603 10.0432 -.25 -42.1603
4 27 10.8239 -.25 -41.6851 10.8829 -.25 -41.4958 10.0432 -.25 -40.4139 10.0432 -.25 -42.1603
4 27 11.4358 -.25 -41.5772 12.92 -.25 -63.658 12.9083 -.25 -37.7244 12.8576 -.25 -37.7492
4 27 12.8576 -.25 -37.7492 12.6667 -.25 -37.763 11.3156 -.25 -41.4195 11.4358 -.25 -41.5772
4 27 11.0865 -.25 -41.3857 11.3156 -.25 -41.4195 12.6667 -.25 -37.763 12.5016 -.25 -37.6965
3 27 11.0865 -.25 -41.3857 12.5016 -.25 -37.6965 12.3874 -.25 -37.56
4 27 10.8829 -.25 -41.4958 11.0865 -.25 -41.3857 12.3874 -.25 -37.56 10.0432 -.25 -40.4139
3 27 10.0432 -.25 -40.4139 12.3874 -.25 -37.56 12.3415 -.25 -37.3743
4 27 12.3415 -.25 -37.3743 12.3708 -.25 -37.1676 10.0432 -.25 -32.8948 10.0432 -.25 -40.4139
4 27 12.471 -.25 -36.9713 10.3211 -.25 -32.569 10.0432 -.25 -32.8948 12.3708 -.25 -37.1676
4 27 10.3211 -.25 -32.569 12.471 -.25 -36.9713 12.6267 -.25 -36.8154 10.6255 -.25 -32.42
4 27 12.8142 -.25 -36.7237 10.8783 -.25 -32.1669 10.6255 -.25 -32.42 12.6267 -.25 -36.8154
3 27 10.0112 -.25 -32.5913 10.0432 -.25 -32.8948 10.3211 -.25 -32.569
4 27 4.5615 -.25 -32.8948 10.0432 -.25 -32.8948 10.0112 -.25 -32.5913 9.7432 -.25 -32.4834
4 27 4.5615 -.25 -32.8948 9.7432 -.25 -32.4834 6.4466 -.25 -31.3125 6.1233 -.25 -31.4708
4 27 9.7432 -.25 -32.4834 9.5578 -.25 -32.2618 6.7151 -.25 -31.0436 6.4466 -.25 -31.3125
4 27 9.5578 -.25 -32.2618 9.4832 -.25 -31.9603 6.8879 -.25 -30.7053 6.7151 -.25 -31.0436
4 27 9.4832 -.25 -31.9603 9.5309 -.25 -31.6246 6.9385 -.25 -30.3487 6.8879 -.25 -30.7053
3 27 6.9385 -.25 -30.3487 9.5309 -.25 -31.6246 9.6934 -.25 -31.306
3 27 4.5615 -.25 -32.8948 6.1233 -.25 -31.4708 5.7941 -.25 -31.4944
3 27 4.5615 -.25 -32.8948 5.7941 -.25 -31.4944 5.5095 -.25 -31.3798
3 27 4.5615 -.25 -32.8948 5.5095 -.25 -31.3798 5.3125 -.25 -31.1445
4 27 2.6114 -.25 -30.2422 4.5615 -.25 -32.8948 5.3125 -.25 -31.1445 5.2333 -.25 -30.8242
3 27 2.6114 -.25 -30.2422 5.2333 -.25 -30.8242 2.8909 -.25 -29.9624
4 27 3.0708 -.25 -29.6101 2.8909 -.25 -29.9624 5.2333 -.25 -30.8242 5.2839 -.25 -30.4676
3 27 2.2748 -.25 -30.4071 4.5615 -.25 -32.8948 2.6114 -.25 -30.2422
4 27 1.2127 -.25 -31.2204 4.5615 -.25 -32.8948 2.2748 -.25 -30.4071 1.9322 -.25 -30.4317
3 27 1.2127 -.25 -31.2204 1.9322 -.25 -30.4317 1.6358 -.25 -30.3123
3 27 1.2127 -.25 -31.2204 1.6358 -.25 -30.3123 1.4308 -.25 -30.0674
3 27 1.2127 -.25 -31.2204 1.4308 -.25 -30.0674 1.4107 -.25 -29.9862
3 27 .9365 -.25 -33.2851 1.0688 -.25 -33.4493 1.0688 -.25 -32.1169
3 27 .8849 -.25 -33.2643 .9365 -.25 -33.2851 1.0688 -.25 -32.1169
3 27 .9732 -.25 -34.1542 1.0688 -.25 -36.9554 1.0688 -.25 -33.9625
4 27 -.0954 -.25 -51.8623 1.0688 -.25 -45.2164 1.0688 -.25 -37.9 -1 -.25 -45.0088
3 27 -1 -.25 -45.0088 1.0688 -.25 -37.9 1.0688 -.25 -36.9554
4 27 .9732 -.25 -34.1542 .7866 -.25 -34.341 -1 -.25 -45.0088 1.0688 -.25 -36.9554
3 27 -1 -.25 -45.0088 .7866 -.25 -34.341 .7058 -.25 -34.3805
3 27 -.0954 -.25 -51.8623 1.0688 -.25 -52.5414 1.0688 -.25 -45.2164
3 27 -1 -.25 -45.0088 -1 -.25 -50.95 -.0954 -.25 -51.8623
3 27 -1.0571 -.25 -51.237 -.0954 -.25 -51.8623 -1 -.25 -50.95
3 27 -1.2197 -.25 -51.4803 -.0954 -.25 -51.8623 -1.0571 -.25 -51.237
4 27 -1.2197 -.25 -51.4803 -1.463 -.25 -51.6429 -.0954 -.25 -56.3737 -.0954 -.25 -51.8623
3 27 -1.75 -.25 -51.7 -.0954 -.25 -56.3737 -1.463 -.25 -51.6429
4 27 -1.75 -.25 -51.7 -2.0738 -.25 -51.7 -4.4167 -.25 -66.3 -.0954 -.25 -56.3737
4 27 -.0954 -.25 -56.3737 -4.4167 -.25 -66.3 5.504 -.25 -66.3 2.7182 -.25 -60.5941
3 27 2.7182 -.25 -60.5941 5.504 -.25 -66.3 5.0466 -.25 -61.7583
4 27 5.0466 -.25 -60.8852 5.0466 -.25 -61.7583 5.504 -.25 -66.3 10.0432 -.25 -60.8852
3 27 5.504 -.25 -66.3 12.92 -.25 -63.658 10.0432 -.25 -60.8852
4 27 8.1998 -.25 -58.2171 10.0432 -.25 -58.2171 10.0432 -.25 -55.0154 8.1998 -.25 -55.9856
3 27 10.0432 -.25 -60.8852 12.92 -.25 -63.658 10.0432 -.25 -58.2171
3 27 10.0432 -.25 -58.2171 12.92 -.25 -63.658 10.0432 -.25 -55.0154
4 27 10.0432 -.25 -55.0154 12.92 -.25 -63.658 11.1731 -.25 -41.8766 10.0432 -.25 -46.4777
4 27 11.1731 -.25 -41.8766 10.9441 -.25 -41.8429 10.0432 -.25 -44.7313 10.0432 -.25 -46.4777
4 27 10.8239 -.25 -41.6851 10.0432 -.25 -42.1603 10.0432 -.25 -44.7313 10.9441 -.25 -41.8429
3 27 11.3768 -.25 -41.7666 12.92 -.25 -63.658 11.4358 -.25 -41.5772
3 27 11.1731 -.25 -41.8766 12.92 -.25 -63.658 11.3768 -.25 -41.7666
3 27 12.817 -.25 -27.813 12.9078 -.25 -36.7169 12.9037 -.25 -27.6431
3 27 12.4197 -.25 -28.2107 12.9078 -.25 -36.7169 12.817 -.25 -27.813
4 27 12.8744 -.25 -24.3338 12.7389 -.25 -25.9624 12.903 -.25 -26.1586 12.9022 -.25 -24.3318
4 0 11.9411 -.25 -28.4449 12.817 -.25 -27.813 12.9037 -.25 -27.6431 11.8859 -.25 -27.1364
4 0 12.7389 -.25 -25.9624 11.8859 -.25 -27.1364 12.9037 -.25 -27.6431 12.903 -.25 -26.1586
3 15 -11.3044 -.25 -20.9837 -9.8644 -.25 -21.899 -9.7872 -.25 -21.3553
3 15 -3.091 -.25 -22.8176 -1.2934 -.25 -22.925 -3.0138 -.25 -22.2739
4 0 -24.2872 -.25 -10.3872 -25.52 -.25 -9.0709 -26.1704 -.25 -12.1866 -26.1299 -.25 -12.2299
3 0 -27.5838 -.25 -10.6618 -26.1704 -.25 -12.1866 -25.52 -.25 -9.0709
3 0 8.9491 -.25 42.533 9.3695 -.25 42.8904 9.3041 -.25 43.0509
4 0 8.1087 -.25 46.038 7.8781 -.25 45.1812 8.5258 -.25 45.7034 8.2542 -.25 45.9328
3 15 -22.8115 -.25 23.9907 -21.5161 -.25 25.3751 -22.6759 -.25 30.0621
4 15 -8.937 -.25 -51.6429 -9.1149 -.25 -51.5241 -11.3569 -.25 -65.4293 -10.971 -.25 -65.837
4 0 -8.65 -.25 -51.7 -8.6838 -.25 -50.9933 -9.1149 -.25 -51.5241 -8.937 -.25 -51.6429
3 0 -9.1803 -.25 -51.4803 -9.1149 -.25 -51.5241 -8.6838 -.25 -50.9933
3 0 -9.4 -.25 -50.95 -8.6838 -.25 -50.9933 -8.6838 -.25 -45.2665
4 0 -9.4 -.25 -38.1 -9.4 -.25 -50.95 -8.6838 -.25 -45.2665 -8.6838 -.25 -38.067
3 0 -8.6838 -.25 -38.067 -6.8295 -.25 -37.35 -8.65 -.25 -37.35
4 0 -1.6971 -.25 -38.067 -1.75 -.25 -37.35 -6.8295 -.25 -37.35 -8.6838 -.25 -38.067
4 0 -8.65 -.25 -51.7 -2.0738 -.25 -51.7 -1.6971 -.25 -50.9933 -8.6838 -.25 -50.9933
3 0 -3.7749 -.25 -43.878 -3.3859 -.25 -43.95 -2.3594 -.25 -43.5993
4 0 .5099 -.25 -33.2219 .2852 -.25 -33.3319 .7058 -.25 -34.3805 .7386 -.25 -33.2055
3 0 .7058 -.25 -34.3805 .8849 -.25 -33.2643 .7386 -.25 -33.2055
4 0 .8849 -.25 -33.2643 .7058 -.25 -34.3805 .7866 -.25 -34.341 .9365 -.25 -33.2851
3 0 .9732 -.25 -34.1542 1.0688 -.25 -33.9625 1.0688 -.25 -33.4493
4 0 .7866 -.25 -34.341 .9732 -.25 -34.1542 1.0688 -.25 -33.4493 .9365 -.25 -33.2851
3 15 .7386 -.25 -33.2055 .8849 -.25 -33.2643 1.0688 -.25 -32.1169
4 15 .7386 -.25 -33.2055 1.0688 -.25 -32.1169 1.0688 -.25 -31.1485 .5099 -.25 -33.2219
4 15 1.2127 -.25 -31.2204 1.4107 -.25 -29.9862 1.3483 -.25 -29.7339 1.0688 -.25 -31.1485
3 15 .5099 -.25 -33.2219 1.0688 -.25 -31.1485 1.3483 -.25 -29.7339
4 0 1.0688 -.25 -36.9554 1.942 -.25 -36.1935 1.942 -.25 -32.6038 1.0688 -.25 -33.9625
3 0 1.0688 -.25 -33.4493 1.0688 -.25 -33.9625 1.942 -.25 -32.6038
4 0 1.0688 -.25 -33.4493 1.942 -.25 -32.6038 1.2127 -.25 -31.2204 1.0688 -.25 -32.1169
3 0 1.0688 -.25 -31.1485 1.0688 -.25 -32.1169 1.2127 -.25 -31.2204
3 0 3.5913 -.25 -33.4769 4.0764 -.25 -33.768 4.5615 -.25 -32.8948
4 0 3.5913 -.25 -33.4769 4.5615 -.25 -32.8948 1.942 -.25 -32.6038 2.6211 -.25 -32.9918
3 0 1.2127 -.25 -31.2204 1.942 -.25 -32.6038 4.5615 -.25 -32.8948
4 0 1.5611 -.25 -29.049 1.401 -.25 -29.3628 1.3483 -.25 -29.7339 1.4107 -.25 -29.9862
4 0 1.5611 -.25 -29.049 1.4107 -.25 -29.9862 2.2359 -.25 -29.4864 1.5808 -.25 -29.0105
3 0 1.4107 -.25 -29.9862 1.4308 -.25 -30.0674 2.2359 -.25 -29.4864
4 15 -12.491 -.25 -29.214 -11.97 -.25 -31.586 -11.9902 -.25 -30.93 -12.0389 -.25 -30.7328
4 15 -10.9893 -.25 -30.4401 -11.0205 -.25 -30.6596 -11.9705 -.25 -39.9085 -9.8543 -.25 -26.7928
3 15 15.1353 -.25 37.3616 16.2304 -.25 37.2255 15.1585 -.25 37.49
4 15 16.5878 -.25 38.1549 15.5347 -.25 38.935 15.1585 -.25 37.49 16.2304 -.25 37.2255
4 15 -13.45 -.25 -27.089 -14.5178 -.25 -25.7985 -14.7069 -.25 -25.5724 -15.003 -.25 -25.552
4 15 7.0616 -.25 47.1831 6.7249 -.25 47.311 6.5231 -.25 47.3744 6.7665 -.25 46.8434
4 0 4.0378 -.25 -19.7245 6.6218 -.25 -18.8147 6.7436 -.25 -18.7688 7.389 -.25 -15.6169
4 0 9.0332 -.25 -17.6914 7.389 -.25 -15.6169 6.7436 -.25 -18.7688 8.5416 -.25 -17.9542
