0 Sticker  2.4 x  3.8 with Black Ferrari Logo and Green and Red Stripes on Silver Background (Formed)
0 Name: 6221654oc01.dat
0 Author: Massimo Maso [Sirio]
0 !LDRAW_ORG Unofficial_Part
0 !LICENSE Licensed under CC BY 4.0 : see CAreadme.txt

0 BFC CERTIFY CCW

0 !KEYWORDS 2017, 488, 63, Christina Nielsen, Corsa, GT3, IMSA, Scuderia
0 !KEYWORDS Set 75886, Speed Champions

0 // Primitives
1 16 -36.5 0 6.5 -1.5 0 0 0 -1 0 0 0 1.5 1-4chrd.dat
1 16 -23.5 0 6.5 1.5 0 0 0 -1 0 0 0 1.5 1-4chrd.dat
1 16 23.5 0 6.5 -1.5 0 0 0 -1 0 0 0 1.5 1-4chrd.dat
1 16 36.5 0 6.5 1.5 0 0 0 -1 0 0 0 1.5 1-4chrd.dat
1 16 -36.5 0 6.5 -1.5 0 0 0 -.25 0 0 0 1.5 1-4cyli.dat
1 16 -23.5 0 6.5 1.5 0 0 0 -.25 0 0 0 1.5 1-4cyli.dat
1 16 23.5 0 6.5 -1.5 0 0 0 -.25 0 0 0 1.5 1-4cyli.dat
1 16 36.5 0 6.5 1.5 0 0 0 -.25 0 0 0 1.5 1-4cyli.dat
1 80 -36.5 -.25 6.5 -1.5 0 0 0 1 0 0 0 1.5 1-4chrd.dat
1 4 -23.5 -.25 6.5 1.5 0 0 0 1 0 0 0 1.5 1-4chrd.dat
1 4 23.5 -.25 6.5 -1.5 0 0 0 1 0 0 0 1.5 1-4chrd.dat
1 80 36.5 -.25 6.5 1.5 0 0 0 1 0 0 0 1.5 1-4chrd.dat
0 // Bottom face
3 16 5.22 1.536 -34.914 0 1.536 -35 0 .615 -20
4 16 0 .615 -20 15.308 .5682 -19.239 10.352 1.536 -34.659 5.22 1.536 -34.914
3 16 15.308 .5682 -19.239 20 1.536 -33.66 15.308 1.536 -34.239
4 16 15.308 .5682 -19.239 28.284 .4349 -17.071 24.352 1.536 -32.934 20 1.536 -33.66
3 16 28.284 1.536 -32.071 28.284 .4349 -17.071 31.736 1.536 -31.088
3 16 15.308 .5682 -19.239 15.308 1.536 -34.239 10.352 1.536 -34.659
3 16 24.352 1.536 -32.934 28.284 .4349 -17.071 28.284 1.536 -32.071
3 16 31.736 1.536 -31.088 28.284 .4349 -17.071 34.64 1.536 -30
3 16 36.956 .2354 -13.827 34.64 1.536 -30 28.284 .4349 -17.071
3 16 36.956 1.536 -28.827 34.64 1.536 -30 36.956 .2354 -13.827
3 16 36.956 .2354 -13.827 38 .1547 -12.5145 38 1.0436 -22.3785
4 16 38 1.536 -28.0571 36.956 1.536 -28.827 36.956 .2354 -13.827 38 1.0436 -22.3785
4 16 22 0 6.5 38 0 6.5 38 0 -10 22 0 -10
4 16 -22 0 6.5 -38 0 6.5 -36.5 0 8 -23.5 0 8
4 16 22 0 6.5 23.5 0 8 36.5 0 8 38 0 6.5
3 16 0 1.536 -35 -5.22 1.536 -34.914 0 .615 -20
4 16 -38 .1547 -12.5145 -22 .0307 -10.499 -21.9871 .0427 -10.6944 -36.956 .2354 -13.827
4 16 -38 0 -10 -22 0 -10 -22 .0307 -10.499 -38 .1547 -12.5145
3 16 -21.8859 .0659 -11.072 -36.956 .2354 -13.827 -21.9489 .0545 -10.8865
3 16 0 .615 -20 -16.0076 .1228 -11.9962 16.0076 .1228 -11.9962
3 16 -21.5607 .0958 -11.5577 -28.284 .4349 -17.071 -21.674 .0879 -11.4289
3 16 -21.0741 .1158 -11.8823 -28.284 .4349 -17.071 -21.25 .1104 -11.7956
3 16 -21.25 .1104 -11.7956 -28.284 .4349 -17.071 -21.4132 .1038 -11.6869
3 16 -20.5003 .1228 -11.9962 -28.284 .4349 -17.071 -20.6958 .122 -11.9833
3 16 -20.6958 .122 -11.9833 -28.284 .4349 -17.071 -20.8882 .1196 -11.9452
4 16 -16.0076 .1228 -11.9962 0 .615 -20 -15.308 .5682 -19.239 -28.284 .4349 -17.071
3 16 -20.8882 .1196 -11.9452 -28.284 .4349 -17.071 -21.0741 .1158 -11.8823
3 16 -21.4132 .1038 -11.6869 -28.284 .4349 -17.071 -21.5607 .0958 -11.5577
3 16 -21.6901 .0868 -11.4105 -36.956 .2354 -13.827 -21.799 .0767 -11.2476
3 16 -21.9871 .0427 -10.6944 -21.9489 .0545 -10.8865 -36.956 .2354 -13.827
3 16 -21.799 .0767 -11.2476 -36.956 .2354 -13.827 -21.8859 .0659 -11.072
4 16 -28.284 .4349 -17.071 -36.956 .2354 -13.827 -21.6901 .0868 -11.4105 -21.674 .0879 -11.4289
3 16 -16.0076 .1228 -11.9962 -28.284 .4349 -17.071 -20.5003 .1228 -11.9962
4 16 21.9871 .0427 -10.6944 22 .0307 -10.499 38 .1547 -12.5145 36.956 .2354 -13.827
4 16 22 .0307 -10.499 22 0 -10 38 0 -10 38 .1547 -12.5145
3 16 36.956 .2354 -13.827 21.8859 .0659 -11.072 21.9489 .0545 -10.8865
3 16 28.284 .4349 -17.071 21.5607 .0958 -11.5577 21.674 .0879 -11.4289
3 16 28.284 .4349 -17.071 21.0741 .1158 -11.8823 21.25 .1104 -11.7956
3 16 28.284 .4349 -17.071 21.25 .1104 -11.7956 21.4132 .1038 -11.6869
3 16 28.284 .4349 -17.071 20.5003 .1228 -11.9962 20.6958 .122 -11.9833
3 16 28.284 .4349 -17.071 20.6958 .122 -11.9833 20.8882 .1196 -11.9452
4 16 15.308 .5682 -19.239 0 .615 -20 16.0076 .1228 -11.9962 28.284 .4349 -17.071
3 16 28.284 .4349 -17.071 20.8882 .1196 -11.9452 21.0741 .1158 -11.8823
3 16 28.284 .4349 -17.071 21.4132 .1038 -11.6869 21.5607 .0958 -11.5577
3 16 36.956 .2354 -13.827 21.6901 .0868 -11.4105 21.799 .0767 -11.2476
3 16 21.9489 .0545 -10.8865 21.9871 .0427 -10.6944 36.956 .2354 -13.827
3 16 36.956 .2354 -13.827 21.799 .0767 -11.2476 21.8859 .0659 -11.072
4 16 21.6901 .0868 -11.4105 36.956 .2354 -13.827 28.284 .4349 -17.071 21.674 .0879 -11.4289
3 16 28.284 .4349 -17.071 16.0076 .1228 -11.9962 20.5003 .1228 -11.9962
4 16 -10.352 1.536 -34.659 -15.308 .5682 -19.239 0 .615 -20 -5.22 1.536 -34.914
3 16 -20 1.536 -33.66 -15.308 .5682 -19.239 -15.308 1.536 -34.239
4 16 -24.352 1.536 -32.934 -28.284 .4349 -17.071 -15.308 .5682 -19.239 -20 1.536 -33.66
3 16 -28.284 .4349 -17.071 -28.284 1.536 -32.071 -31.736 1.536 -31.088
3 16 -15.308 1.536 -34.239 -15.308 .5682 -19.239 -10.352 1.536 -34.659
3 16 -28.284 .4349 -17.071 -24.352 1.536 -32.934 -28.284 1.536 -32.071
3 16 -28.284 .4349 -17.071 -31.736 1.536 -31.088 -34.64 1.536 -30
3 16 -34.64 1.536 -30 -36.956 .2354 -13.827 -28.284 .4349 -17.071
3 16 -34.64 1.536 -30 -36.956 1.536 -28.827 -36.956 .2354 -13.827
3 16 -38 .1547 -12.5145 -36.956 .2354 -13.827 -38 1.0436 -22.3785
4 16 -36.956 .2354 -13.827 -36.956 1.536 -28.827 -38 1.536 -28.0571 -38 1.0436 -22.3785
4 16 -38 0 -10 -38 0 6.5 -22 0 6.5 -22 0 -10
3 16 18.8284 2.7825 -39.857 20 1.536 -33.66 20 2.8435 -39.857
4 16 33.3492 3.7549 -39.857 31.736 3.6118 -39.857 31.736 1.536 -31.088 34.64 1.536 -30
4 16 -34.64 3.9963 -39.857 -35.7495 4.1366 -39.857 -36.956 1.536 -28.827 -34.64 1.536 -30
4 16 24.352 3.0429 -39.857 24.352 1.536 -32.934 28.284 1.536 -32.071 26.9975 3.1693 -39.857
3 16 -31.736 1.536 -31.088 -30.423 3.4348 -39.857 -31.736 3.6118 -39.857
3 16 -24.352 1.536 -32.934 -23.1165 2.9532 -39.857 -24.352 3.0429 -39.857
4 16 36.956 1.536 -28.827 35.7495 4.1366 -39.857 34.64 3.9963 -39.857 34.64 1.536 -30
4 16 10.352 1.536 -34.659 10.352 2.5883 -39.857 5.22 2.5264 -39.857 5.22 1.536 -34.914
3 16 26.9975 3.1693 -39.857 28.284 1.536 -32.071 28.284 3.297 -39.857
4 16 23.1165 2.9532 -39.857 20 2.8435 -39.857 20 1.536 -33.66 24.352 1.536 -32.934
4 16 -28.284 1.536 -32.071 -28.284 3.297 -39.857 -30.423 3.4348 -39.857 -31.736 1.536 -31.088
3 16 30.423 3.4348 -39.857 31.736 1.536 -31.088 31.736 3.6118 -39.857
4 16 -10.352 1.536 -34.659 -5.22 1.536 -34.914 -5.22 2.5264 -39.857 -10.352 2.5883 -39.857
3 16 -20 1.536 -33.66 -18.8284 2.7825 -39.857 -20 2.8435 -39.857
3 16 23.1165 2.9532 -39.857 24.352 1.536 -32.934 24.352 3.0429 -39.857
4 16 -24.352 3.0429 -39.857 -26.9975 3.1693 -39.857 -28.284 1.536 -32.071 -24.352 1.536 -32.934
3 16 33.3492 3.7549 -39.857 34.64 1.536 -30 34.64 3.9963 -39.857
4 16 0 1.536 -35 5.22 1.536 -34.914 5.22 2.5264 -39.857 0 2.5058 -39.857
4 16 14.1978 2.6543 -39.857 15.308 1.536 -34.239 20 1.536 -33.66 18.8284 2.7825 -39.857
4 16 -20 1.536 -33.66 -15.308 1.536 -34.239 -14.1978 2.6543 -39.857 -18.8284 2.7825 -39.857
3 16 -34.64 1.536 -30 -33.3492 3.7549 -39.857 -34.64 3.9963 -39.857
4 16 -23.1165 2.9532 -39.857 -24.352 1.536 -32.934 -20 1.536 -33.66 -20 2.8435 -39.857
4 16 -14.1978 2.6543 -39.857 -15.308 1.536 -34.239 -10.352 1.536 -34.659 -10.352 2.5883 -39.857
4 16 28.284 3.297 -39.857 28.284 1.536 -32.071 31.736 1.536 -31.088 30.423 3.4348 -39.857
3 16 -28.284 1.536 -32.071 -26.9975 3.1693 -39.857 -28.284 3.297 -39.857
4 16 -5.22 2.5264 -39.857 -5.22 1.536 -34.914 0 1.536 -35 0 2.5058 -39.857
4 16 15.308 1.536 -34.239 14.1978 2.6543 -39.857 10.352 2.5883 -39.857 10.352 1.536 -34.659
4 16 -31.736 1.536 -31.088 -31.736 3.6118 -39.857 -33.3492 3.7549 -39.857 -34.64 1.536 -30
4 16 -37.9489 4.415 -38.7452 -38 3.4258 -35.1844 -37.799 4.455 -39.107 -37.8859 4.4414 -38.9311
4 16 -38 4.3263 -38.357 -38 3.4258 -35.1844 -37.9489 4.415 -38.7452 -37.9871 4.3764 -38.5528
4 16 -37.799 4.455 -39.107 -38 3.4258 -35.1844 -37.6545 4.4524 -39.3107 -37.6901 4.4558 -39.2702
4 16 -35.7495 4.1366 -39.857 -36.5 4.3381 -39.857 -36.6958 4.3873 -39.8441 -36.956 1.536 -28.827
4 16 -36.956 4.4409 -39.7829 -36.956 1.536 -28.827 -36.6958 4.3873 -39.8441 -36.8882 4.4288 -39.8059
4 16 -36.956 4.4409 -39.7829 -36.9739 4.4428 -39.7768 -38 1.536 -28.0571 -36.956 1.536 -28.827
4 16 36.956 4.4409 -39.7829 36.8882 4.4288 -39.8059 36.6958 4.3873 -39.8441 36.956 1.536 -28.827
4 16 -37.6545 4.4524 -39.3107 -38 3.4258 -35.1844 -37.4132 4.4679 -39.5471 -37.5607 4.4624 -39.4177
4 16 36.6958 4.3873 -39.8441 36.5 4.3381 -39.857 35.7495 4.1366 -39.857 36.956 1.536 -28.827
4 16 -36.9739 4.4428 -39.7768 -37.0741 4.4534 -39.7429 -38 3.4258 -35.1844 -38 1.536 -28.0571
4 16 -37.4132 4.4679 -39.5471 -38 3.4258 -35.1844 -37.0741 4.4534 -39.7429 -37.25 4.4648 -39.656
4 16 38 4.3263 -38.357 37.9871 4.3764 -38.5528 37.9489 4.415 -38.7452 38 3.4258 -35.1844
4 16 37.799 4.455 -39.107 38 3.4258 -35.1844 37.9489 4.415 -38.7452 37.8859 4.4414 -38.9311
4 16 37.799 4.455 -39.107 37.6901 4.4558 -39.2702 37.6545 4.4524 -39.3107 38 3.4258 -35.1844
4 16 37.6545 4.4524 -39.3107 37.5607 4.4624 -39.4177 37.4132 4.4679 -39.5471 38 3.4258 -35.1844
4 16 36.9739 4.4428 -39.7768 36.956 4.4409 -39.7829 36.956 1.536 -28.827 38 1.536 -28.0571
4 16 37.0741 4.4534 -39.7429 38 3.4258 -35.1844 37.4132 4.4679 -39.5471 37.25 4.4648 -39.656
4 16 38 1.536 -28.0571 38 3.4258 -35.1844 37.0741 4.4534 -39.7429 36.9739 4.4428 -39.7768
0 // Lateral face
4 16 23.5 0 8 28.0711 -.25 8 36.5 -.25 8 36.5 0 8
3 16 23.5 0 8 23.5 -.25 8 28.0711 -.25 8
4 16 38 -.25 6.5 38 -.25 -10.0077 38 0 -10 38 0 6.5
4 16 38 -.25 -10.0077 38 -.0948 -12.5298 38 .1547 -12.5145 38 0 -10
4 16 38 -.0948 -12.5298 38 .7941 -22.3938 38 1.0436 -22.3785 38 .1547 -12.5145
4 16 38 .7941 -22.3938 38 1.2865 -28.0724 38 1.536 -28.0571 38 1.0436 -22.3785
4 16 38 1.2865 -28.0724 38 3.1763 -35.1997 38 3.4258 -35.1844 38 1.536 -28.0571
4 16 38 3.1763 -35.1997 38 4.0768 -38.3723 38 4.3263 -38.357 38 3.4258 -35.1844
4 16 22 -.25 6.5 22 0 6.5 22 0 -10 22 -.25 -10.0077
4 16 22 0 -10 22 .0307 -10.499 22 -.2188 -10.5144 22 -.25 -10.0077
4 16 16.0074 -.1267 -12.0116 16.0076 .1228 -11.9962 -16.0076 .1228 -11.9962 -16.0074 -.1267 -12.0116
4 16 -20.6958 -.1275 -11.9987 -20.5 -.1267 -12.0116 -20.5003 .1228 -11.9962 -20.6958 .122 -11.9833
4 16 -20.8882 -.1299 -11.9605 -20.6958 -.1275 -11.9987 -20.6958 .122 -11.9833 -20.8882 .1196 -11.9452
4 16 -21.0741 -.1337 -11.8976 -20.8882 -.1299 -11.9605 -20.8882 .1196 -11.9452 -21.0741 .1158 -11.8823
4 16 -21.25 -.1391 -11.8109 -21.0741 -.1337 -11.8976 -21.0741 .1158 -11.8823 -21.25 .1104 -11.7956
4 16 -21.4132 -.1457 -11.7022 -21.25 -.1391 -11.8109 -21.25 .1104 -11.7956 -21.4132 .1038 -11.6869
4 16 -21.5607 -.1537 -11.573 -21.4132 -.1457 -11.7022 -21.4132 .1038 -11.6869 -21.5607 .0958 -11.5577
4 16 -21.674 -.1616 -11.4442 -21.5607 -.1537 -11.573 -21.5607 .0958 -11.5577 -21.674 .0879 -11.4289
4 16 -21.6901 -.1627 -11.4259 -21.674 -.1616 -11.4442 -21.674 .0879 -11.4289 -21.6901 .0868 -11.4105
4 16 -21.799 -.1728 -11.263 -21.6901 -.1627 -11.4259 -21.6901 .0868 -11.4105 -21.799 .0767 -11.2476
4 16 -21.8859 -.1836 -11.0874 -21.799 -.1728 -11.263 -21.799 .0767 -11.2476 -21.8859 .0659 -11.072
4 16 -21.9489 -.195 -10.9019 -21.8859 -.1836 -11.0874 -21.8859 .0659 -11.072 -21.9489 .0545 -10.8865
4 16 -21.9871 -.2068 -10.7098 -21.9489 -.195 -10.9019 -21.9489 .0545 -10.8865 -21.9871 .0427 -10.6944
4 16 -22 -.2188 -10.5144 -21.9871 -.2068 -10.7098 -21.9871 .0427 -10.6944 -22 .0307 -10.499
4 16 -16.0076 .1228 -11.9962 -20.5003 .1228 -11.9962 -20.5 -.1267 -12.0116 -20 -.1267 -12.0116
3 16 -16.0076 .1228 -11.9962 -20 -.1267 -12.0116 -16.0074 -.1267 -12.0116
4 16 20.5003 .1228 -11.9962 20.5 -.1267 -12.0116 20.6958 -.1275 -11.9987 20.6958 .122 -11.9833
4 16 20.6958 .122 -11.9833 20.6958 -.1275 -11.9987 20.8882 -.1299 -11.9605 20.8882 .1196 -11.9452
4 16 20.8882 .1196 -11.9452 20.8882 -.1299 -11.9605 21.0741 -.1337 -11.8976 21.0741 .1158 -11.8823
4 16 21.0741 .1158 -11.8823 21.0741 -.1337 -11.8976 21.25 -.1391 -11.8109 21.25 .1104 -11.7956
4 16 21.25 .1104 -11.7956 21.25 -.1391 -11.8109 21.4132 -.1457 -11.7022 21.4132 .1038 -11.6869
4 16 21.4132 .1038 -11.6869 21.4132 -.1457 -11.7022 21.5607 -.1537 -11.573 21.5607 .0958 -11.5577
4 16 21.5607 .0958 -11.5577 21.5607 -.1537 -11.573 21.674 -.1616 -11.4442 21.674 .0879 -11.4289
4 16 21.674 .0879 -11.4289 21.674 -.1616 -11.4442 21.6901 -.1627 -11.4259 21.6901 .0868 -11.4105
4 16 21.6901 .0868 -11.4105 21.6901 -.1627 -11.4259 21.799 -.1728 -11.263 21.799 .0767 -11.2476
4 16 21.799 .0767 -11.2476 21.799 -.1728 -11.263 21.8859 -.1836 -11.0874 21.8859 .0659 -11.072
4 16 21.8859 .0659 -11.072 21.8859 -.1836 -11.0874 21.9489 -.195 -10.9019 21.9489 .0545 -10.8865
4 16 21.9489 .0545 -10.8865 21.9489 -.195 -10.9019 21.9871 -.2068 -10.7098 21.9871 .0427 -10.6944
4 16 21.9871 .0427 -10.6944 21.9871 -.2068 -10.7098 22 -.2188 -10.5144 22 .0307 -10.499
4 16 20.5 -.1267 -12.0116 20.5003 .1228 -11.9962 16.0076 .1228 -11.9962 20 -.1267 -12.0116
3 16 20 -.1267 -12.0116 16.0076 .1228 -11.9962 16.0074 -.1267 -12.0116
4 16 -36.5 -.25 8 -28.0711 -.25 8 -23.5 0 8 -36.5 0 8
3 16 -23.5 0 8 -28.0711 -.25 8 -23.5 -.25 8
4 16 -38 0 -10 -38 -.25 -10.0077 -38 -.25 6.5 -38 0 6.5
4 16 -38 .1547 -12.5145 -38 -.0948 -12.5298 -38 -.25 -10.0077 -38 0 -10
4 16 -38 1.0436 -22.3785 -38 .7941 -22.3938 -38 -.0948 -12.5298 -38 .1547 -12.5145
4 16 -38 1.536 -28.0571 -38 1.2865 -28.0724 -38 .7941 -22.3938 -38 1.0436 -22.3785
4 16 -38 3.4258 -35.1844 -38 3.1763 -35.1997 -38 1.2865 -28.0724 -38 1.536 -28.0571
4 16 -38 4.3263 -38.357 -38 4.0768 -38.3723 -38 3.1763 -35.1997 -38 3.4258 -35.1844
4 16 -22 0 -10 -22 0 6.5 -22 -.25 6.5 -22 -.25 -10.0077
4 16 -22 -.2188 -10.5144 -22 .0307 -10.499 -22 0 -10 -22 -.25 -10.0077
4 16 -37.9871 4.1269 -38.5681 -38 4.0768 -38.3723 -38 4.3263 -38.357 -37.9871 4.3764 -38.5528
4 16 -37.9489 4.1655 -38.7605 -37.9871 4.1269 -38.5681 -37.9871 4.3764 -38.5528 -37.9489 4.415 -38.7452
4 16 -37.9489 4.1655 -38.7605 -37.9489 4.415 -38.7452 -37.8859 4.4414 -38.9311 -37.8859 4.1919 -38.9464
4 16 -37.799 4.2055 -39.1223 -37.8859 4.1919 -38.9464 -37.8859 4.4414 -38.9311 -37.799 4.455 -39.107
4 16 -37.6901 4.2063 -39.2855 -37.799 4.2055 -39.1223 -37.799 4.455 -39.107 -37.6901 4.4558 -39.2702
4 16 -37.6545 4.2029 -39.326 -37.6901 4.2063 -39.2855 -37.6901 4.4558 -39.2702 -37.6545 4.4524 -39.3107
4 16 -37.5607 4.2129 -39.433 -37.6545 4.2029 -39.326 -37.6545 4.4524 -39.3107 -37.5607 4.4624 -39.4177
4 16 -37.4132 4.2184 -39.5624 -37.5607 4.2129 -39.433 -37.5607 4.4624 -39.4177 -37.4132 4.4679 -39.5471
4 16 -37.25 4.2153 -39.6713 -37.4132 4.2184 -39.5624 -37.4132 4.4679 -39.5471 -37.25 4.4648 -39.656
4 16 -37.0741 4.2039 -39.7582 -37.25 4.2153 -39.6713 -37.25 4.4648 -39.656 -37.0741 4.4534 -39.7429
4 16 -36.9739 4.1933 -39.7921 -37.0741 4.2039 -39.7582 -37.0741 4.4534 -39.7429 -36.9739 4.4428 -39.7768
4 16 -36.956 4.1914 -39.7982 -36.9739 4.1933 -39.7921 -36.9739 4.4428 -39.7768 -36.956 4.4409 -39.7829
4 16 -36.8882 4.1793 -39.8212 -36.956 4.1914 -39.7982 -36.956 4.4409 -39.7829 -36.8882 4.4288 -39.8059
4 16 -36.6958 4.1378 -39.8594 -36.8882 4.1793 -39.8212 -36.8882 4.4288 -39.8059 -36.6958 4.3873 -39.8441
4 16 -36.5 4.0886 -39.8723 -36.6958 4.1378 -39.8594 -36.6958 4.3873 -39.8441 -36.5 4.3381 -39.857
4 16 -35.7495 4.1366 -39.857 -35.7495 3.8871 -39.8723 -36.5 4.0886 -39.8723 -36.5 4.3381 -39.857
4 16 -34.64 3.7468 -39.8723 -35.7495 3.8871 -39.8723 -35.7495 4.1366 -39.857 -34.64 3.9963 -39.857
4 16 -33.3492 3.7549 -39.857 -33.3492 3.5054 -39.8723 -34.64 3.7468 -39.8723 -34.64 3.9963 -39.857
4 16 -31.736 3.3623 -39.8723 -33.3492 3.5054 -39.8723 -33.3492 3.7549 -39.857 -31.736 3.6118 -39.857
4 16 -30.423 3.1853 -39.8723 -31.736 3.3623 -39.8723 -31.736 3.6118 -39.857 -30.423 3.4348 -39.857
4 16 -28.284 3.0475 -39.8723 -30.423 3.1853 -39.8723 -30.423 3.4348 -39.857 -28.284 3.297 -39.857
4 16 -26.9975 2.9198 -39.8723 -28.284 3.0475 -39.8723 -28.284 3.297 -39.857 -26.9975 3.1693 -39.857
4 16 -24.352 2.7934 -39.8723 -26.9975 2.9198 -39.8723 -26.9975 3.1693 -39.857 -24.352 3.0429 -39.857
4 16 -23.1165 2.7037 -39.8723 -24.352 2.7934 -39.8723 -24.352 3.0429 -39.857 -23.1165 2.9532 -39.857
4 16 -20 2.594 -39.8723 -23.1165 2.7037 -39.8723 -23.1165 2.9532 -39.857 -20 2.8435 -39.857
4 16 -18.8284 2.533 -39.8723 -20 2.594 -39.8723 -20 2.8435 -39.857 -18.8284 2.7825 -39.857
4 16 -14.1978 2.4048 -39.8723 -18.8284 2.533 -39.8723 -18.8284 2.7825 -39.857 -14.1978 2.6543 -39.857
4 16 -10.352 2.3388 -39.8723 -14.1978 2.4048 -39.8723 -14.1978 2.6543 -39.857 -10.352 2.5883 -39.857
4 16 -5.22 2.2769 -39.8723 -10.352 2.3388 -39.8723 -10.352 2.5883 -39.857 -5.22 2.5264 -39.857
4 16 0 2.2563 -39.8723 -5.22 2.2769 -39.8723 -5.22 2.5264 -39.857 0 2.5058 -39.857
4 16 5.22 2.2769 -39.8723 0 2.2563 -39.8723 0 2.5058 -39.857 5.22 2.5264 -39.857
4 16 10.352 2.3388 -39.8723 5.22 2.2769 -39.8723 5.22 2.5264 -39.857 10.352 2.5883 -39.857
4 16 14.1978 2.4048 -39.8723 10.352 2.3388 -39.8723 10.352 2.5883 -39.857 14.1978 2.6543 -39.857
4 16 18.8284 2.533 -39.8723 14.1978 2.4048 -39.8723 14.1978 2.6543 -39.857 18.8284 2.7825 -39.857
4 16 20 2.594 -39.8723 18.8284 2.533 -39.8723 18.8284 2.7825 -39.857 20 2.8435 -39.857
4 16 23.1165 2.7037 -39.8723 20 2.594 -39.8723 20 2.8435 -39.857 23.1165 2.9532 -39.857
4 16 24.352 2.7934 -39.8723 23.1165 2.7037 -39.8723 23.1165 2.9532 -39.857 24.352 3.0429 -39.857
4 16 26.9975 2.9198 -39.8723 24.352 2.7934 -39.8723 24.352 3.0429 -39.857 26.9975 3.1693 -39.857
4 16 28.284 3.0475 -39.8723 26.9975 2.9198 -39.8723 26.9975 3.1693 -39.857 28.284 3.297 -39.857
4 16 30.423 3.1853 -39.8723 28.284 3.0475 -39.8723 28.284 3.297 -39.857 30.423 3.4348 -39.857
4 16 31.736 3.3623 -39.8723 30.423 3.1853 -39.8723 30.423 3.4348 -39.857 31.736 3.6118 -39.857
4 16 33.3492 3.5054 -39.8723 31.736 3.3623 -39.8723 31.736 3.6118 -39.857 33.3492 3.7549 -39.857
4 16 34.64 3.7468 -39.8723 33.3492 3.5054 -39.8723 33.3492 3.7549 -39.857 34.64 3.9963 -39.857
4 16 35.7495 3.8871 -39.8723 34.64 3.7468 -39.8723 34.64 3.9963 -39.857 35.7495 4.1366 -39.857
4 16 36.5 4.0886 -39.8723 35.7495 3.8871 -39.8723 35.7495 4.1366 -39.857 36.5 4.3381 -39.857
4 16 36.6958 4.1378 -39.8594 36.5 4.0886 -39.8723 36.5 4.3381 -39.857 36.6958 4.3873 -39.8441
4 16 36.8882 4.1793 -39.8212 36.6958 4.1378 -39.8594 36.6958 4.3873 -39.8441 36.8882 4.4288 -39.8059
4 16 36.956 4.1914 -39.7982 36.8882 4.1793 -39.8212 36.8882 4.4288 -39.8059 36.956 4.4409 -39.7829
4 16 36.9739 4.1933 -39.7921 36.956 4.1914 -39.7982 36.956 4.4409 -39.7829 36.9739 4.4428 -39.7768
4 16 37.0741 4.2039 -39.7582 36.9739 4.1933 -39.7921 36.9739 4.4428 -39.7768 37.0741 4.4534 -39.7429
4 16 37.25 4.2153 -39.6713 37.0741 4.2039 -39.7582 37.0741 4.4534 -39.7429 37.25 4.4648 -39.656
4 16 37.4132 4.2184 -39.5624 37.25 4.2153 -39.6713 37.25 4.4648 -39.656 37.4132 4.4679 -39.5471
4 16 37.5607 4.2129 -39.433 37.4132 4.2184 -39.5624 37.4132 4.4679 -39.5471 37.5607 4.4624 -39.4177
4 16 37.6545 4.2029 -39.326 37.5607 4.2129 -39.433 37.5607 4.4624 -39.4177 37.6545 4.4524 -39.3107
4 16 37.6901 4.2063 -39.2855 37.6545 4.2029 -39.326 37.6545 4.4524 -39.3107 37.6901 4.4558 -39.2702
4 16 37.799 4.2055 -39.1223 37.6901 4.2063 -39.2855 37.6901 4.4558 -39.2702 37.799 4.455 -39.107
4 16 37.8859 4.1919 -38.9464 37.799 4.2055 -39.1223 37.799 4.455 -39.107 37.8859 4.4414 -38.9311
4 16 37.9489 4.1655 -38.7605 37.8859 4.1919 -38.9464 37.8859 4.4414 -38.9311 37.9489 4.415 -38.7452
4 16 37.9871 4.1269 -38.5681 37.9489 4.1655 -38.7605 37.9489 4.415 -38.7452 37.9871 4.3764 -38.5528
4 16 38 4.0768 -38.3723 37.9871 4.1269 -38.5681 37.9871 4.3764 -38.5528 38 4.3263 -38.357
0 // Conditional lines
5 24 36.956 .2354 -13.827 36.956 1.536 -28.827 34.64 1.536 -30 38 1.0436 -22.3785
5 24 28.284 .4349 -17.071 36.956 .2354 -13.827 34.64 1.536 -30 38 0 -10
5 24 -34.64 1.536 -30 -36.956 .2354 -13.827 -28.284 .4349 -17.071 -36.956 1.536 -28.827
5 24 -28.284 .4349 -17.071 -24.352 1.536 -32.934 -15.308 .5682 -19.239 -28.284 1.536 -32.071
5 24 -36.956 1.536 -28.827 -36.956 .2354 -13.827 -38 1.536 -28.0571 -34.64 1.536 -30
5 24 24.352 1.536 -32.934 28.284 .4349 -17.071 28.284 1.536 -32.071 20 1.536 -33.66
5 24 -15.308 .5682 -19.239 -28.284 .4349 -17.071 -20 1.536 -33.66 -20.5003 .1228 -11.9962
5 24 28.284 .4349 -17.071 34.64 1.536 -30 31.736 1.536 -31.088 36.956 .2354 -13.827
5 24 0 1.536 -35 0 .615 -20 -5.22 1.536 -34.914 5.22 1.536 -34.914
5 24 -15.308 .5682 -19.239 -15.308 1.536 -34.239 -20 1.536 -33.66 -10.352 1.536 -34.659
5 24 -15.308 .5682 -19.239 -10.352 1.536 -34.659 0 .615 -20 -15.308 1.536 -34.239
5 24 -28.284 .4349 -17.071 -28.284 1.536 -32.071 -24.352 1.536 -32.934 -31.736 1.536 -31.088
5 24 -36.956 .2354 -13.827 -28.284 .4349 -17.071 -38 .1547 -12.5145 -34.64 1.536 -30
5 24 15.308 1.536 -34.239 15.308 .5682 -19.239 20 1.536 -33.66 10.352 1.536 -34.659
5 24 -5.22 1.536 -34.914 0 .615 -20 0 1.536 -35 -10.352 1.536 -34.659
5 24 36.956 .2354 -13.827 34.64 1.536 -30 28.284 .4349 -17.071 36.956 1.536 -28.827
5 24 38 1.0436 -22.3785 36.956 .2354 -13.827 38 .1547 -12.5145 38 1.536 -28.0571
5 24 -38 .1547 -12.5145 -36.956 .2354 -13.827 -38 0 -10 -38 1.0436 -22.3785
5 24 15.308 .5682 -19.239 20 1.536 -33.66 28.284 .4349 -17.071 15.308 1.536 -34.239
5 24 -34.64 1.536 -30 -28.284 .4349 -17.071 -36.956 .2354 -13.827 -31.736 1.536 -31.088
5 24 22 0 -10 38 0 -10 28.284 .4349 -17.071 22 0 8
5 24 -38 0 -10 -22 0 -10 -22 .0307 -10.499 -38 0 8
5 24 28.284 1.536 -32.071 28.284 .4349 -17.071 31.736 1.536 -31.088 24.352 1.536 -32.934
5 24 -36.956 .2354 -13.827 -38 1.0436 -22.3785 -36.956 1.536 -28.827 -38 .1547 -12.5145
5 24 -20 1.536 -33.66 -15.308 .5682 -19.239 -15.308 1.536 -34.239 -24.352 1.536 -32.934
5 24 36.956 .2354 -13.827 38 .1547 -12.5145 38 1.0436 -22.3785 28.284 .4349 -17.071
5 24 10.352 1.536 -34.659 15.308 .5682 -19.239 5.22 1.536 -34.914 15.308 1.536 -34.239
5 24 28.284 .4349 -17.071 15.308 .5682 -19.239 24.352 1.536 -32.934 20.5003 .1228 -11.9962
5 24 -31.736 1.536 -31.088 -28.284 .4349 -17.071 -34.64 1.536 -30 -28.284 1.536 -32.071
5 24 28.284 .4349 -17.071 31.736 1.536 -31.088 28.284 1.536 -32.071 34.64 1.536 -30
5 24 0 .615 -20 5.22 1.536 -34.914 0 1.536 -35 10.352 1.536 -34.659
5 24 31.736 1.2865 -31.1033 28.284 .1854 -17.0863 34.64 1.2865 -30.0153 28.284 1.2865 -32.0863
5 24 -15.308 .3187 -19.2543 -28.284 .1854 -17.0863 0 .3655 -20.0153 -24.352 1.2865 -32.9493
5 24 -36.956 -.0141 -13.8423 -36.956 1.2865 -28.8423 -34.64 1.2865 -30.0153 -38 .7941 -22.3938
5 24 38 -.0948 -12.5298 36.956 -.0141 -13.8423 38 .7941 -22.3938 28.284 .1854 -17.0863
5 24 -28.284 1.2865 -32.0863 -28.284 .1854 -17.0863 -24.352 1.2865 -32.9493 -31.736 1.2865 -31.1033
5 24 -28.284 .1854 -17.0863 -34.64 1.2865 -30.0153 -31.736 1.2865 -31.1033 -36.956 -.0141 -13.8423
5 24 -36.956 -.0141 -13.8423 -38 -.0948 -12.5298 -38 .7941 -22.3938 -28.284 .1854 -17.0863
5 24 -24.352 1.2865 -32.9493 -28.284 .1854 -17.0863 -28.284 1.2865 -32.0863 -20 1.2865 -33.6753
5 24 34.64 1.2865 -30.0153 28.284 .1854 -17.0863 31.736 1.2865 -31.1033 36.956 -.0141 -13.8423
5 24 36.956 -.0141 -13.8423 28.284 .1854 -17.0863 38 -.0948 -12.5298 34.64 1.2865 -30.0153
5 24 -28.284 .1854 -17.0863 -31.736 1.2865 -31.1033 -34.64 1.2865 -30.0153 -28.284 1.2865 -32.0863
5 24 0 1.2865 -35.0153 0 .3655 -20.0153 -5.22 1.2865 -34.9293 5.22 1.2865 -34.9293
5 24 -38 -.25 -10.0077 -22 -.25 -10.0077 -38 -.0948 -12.5298 -28.0711 -.25 8
5 24 -28.284 .1854 -17.0863 -36.956 -.0141 -13.8423 -34.64 1.2865 -30.0153 -38 -.0948 -12.5298
5 24 -15.308 1.2865 -34.2543 -15.308 .3187 -19.2543 -10.352 1.2865 -34.6743 -20 1.2865 -33.6753
5 24 -38 .7941 -22.3938 -36.956 -.0141 -13.8423 -38 -.0948 -12.5298 -36.956 1.2551 -28.4805
5 24 -36.956 1.2865 -28.8423 -38 1.2865 -28.0724 -36.956 -.0141 -13.8423 -38 3.1763 -35.1997
5 24 -20 1.2865 -33.6753 -15.308 1.2865 -34.2543 -15.308 6.2785 -58.4933 -15.308 .3187 -19.2543
5 24 36.956 1.2865 -28.8423 36.956 -.0141 -13.8423 34.64 1.2865 -30.0153 38 1.2865 -28.0724
5 24 28.284 .1854 -17.0863 24.352 1.2865 -32.9493 28.284 1.2865 -32.0863 15.308 .3187 -19.2543
5 24 10.352 1.2865 -34.6743 5.22 1.2865 -34.9293 15.308 .3187 -19.2543 5.22 6.2785 -59.8433
5 24 15.308 .3187 -19.2543 15.308 1.2865 -34.2543 20 1.2865 -33.6753 10.352 1.2865 -34.6743
5 24 15.308 .3187 -19.2543 10.352 1.2865 -34.6743 15.308 1.2865 -34.2543 0 .3655 -20.0153
5 24 20 1.2865 -33.6753 15.308 .3187 -19.2543 24.352 1.2865 -32.9493 15.308 1.2865 -34.2543
5 24 5.22 1.2865 -34.9293 0 .3655 -20.0153 0 1.2865 -35.0153 10.352 1.2865 -34.6743
5 24 28.284 .1854 -17.0863 15.308 .3187 -19.2543 16.0074 -.1267 -12.0116 20 1.2865 -33.6753
5 24 36.956 -.0141 -13.8423 38 .7941 -22.3938 36.956 1.2865 -28.8423 38 -.0948 -12.5298
5 24 22 -.25 -10.0077 38 -.25 -10.0077 22 -.2188 -10.5144 36.5 -.25 8
5 24 -36.956 -.0141 -13.8423 -34.64 1.2865 -30.0153 -36.956 1.2865 -28.8423 -28.284 .1854 -17.0863
5 24 -10.352 1.2865 -34.6743 -15.308 .3187 -19.2543 -15.308 1.2865 -34.2543 -5.22 1.2865 -34.9293
5 24 36.956 -.0141 -13.8423 34.64 1.2865 -30.0153 36.956 1.2865 -28.8423 28.284 .1854 -17.0863
5 24 -15.308 .3187 -19.2543 -20 1.2865 -33.6753 -28.284 .1854 -17.0863 -15.308 1.2865 -34.2543
5 24 28.284 .1854 -17.0863 28.284 1.2865 -32.0863 31.736 1.2865 -31.1033 24.352 1.2865 -32.9493
5 24 0 .3655 -20.0153 -5.22 1.2865 -34.9293 0 1.2865 -35.0153 -10.352 1.2865 -34.6743
5 24 0 1.2865 -35.0153 5.22 1.2865 -34.9293 0 2.2563 -39.8723 0 .3655 -20.0153
5 24 -34.64 1.536 -30 -33.3492 3.7549 -39.857 -31.736 1.536 -31.088 -34.64 3.9963 -39.857
5 24 -34.64 3.9963 -39.857 -34.64 1.536 -30 -35.7495 4.1366 -39.857 -33.3492 3.7549 -39.857
5 24 31.736 1.536 -31.088 28.284 1.536 -32.071 28.284 .4349 -17.071 30.423 3.4348 -39.857
5 24 36.5 4.3381 -39.857 36.5 4.0886 -39.8723 35.7495 3.8871 -39.8723 36.6958 4.1378 -39.8594
5 24 -33.3492 3.7549 -39.857 -33.3492 3.5054 -39.8723 -31.736 3.6118 -39.857 -34.64 3.7468 -39.8723
5 24 -36.6958 4.3873 -39.8441 -36.6958 4.1378 -39.8594 -36.8882 4.1793 -39.8212 -36.5 4.3381 -39.857
5 24 34.64 3.9963 -39.857 34.64 3.7468 -39.8723 33.3492 3.5054 -39.8723 35.7495 4.1366 -39.857
5 24 20 1.536 -33.66 15.308 1.536 -34.239 15.308 .5682 -19.239 18.8284 2.7825 -39.857
5 24 23.1165 2.9532 -39.857 23.1165 2.7037 -39.8723 20 2.594 -39.8723 24.352 3.0429 -39.857
5 24 36.9739 4.1933 -39.7921 36.9739 4.4428 -39.7768 37.0741 4.2039 -39.7582 36.956 4.4409 -39.7829
5 24 36.956 1.536 -28.827 35.7495 4.1366 -39.857 34.64 3.9963 -39.857 36.6958 4.3873 -39.8441
5 24 -35.7495 4.1366 -39.857 -35.7495 3.8871 -39.8723 -34.64 3.9963 -39.857 -36.5 4.0886 -39.8723
5 24 34.64 1.536 -30 31.736 1.536 -31.088 33.3492 3.7549 -39.857 28.284 .4349 -17.071
5 24 0 2.5058 -39.857 0 1.536 -35 -5.22 2.5264 -39.857 5.22 1.536 -34.914
5 24 36.956 1.2865 -28.8423 38 1.2865 -28.0724 36.956 4.1914 -39.7982 38 .7941 -22.3938
5 24 -28.284 1.536 -32.071 -26.9975 3.1693 -39.857 -28.284 3.297 -39.857 -24.352 1.536 -32.934
5 24 5.22 1.536 -34.914 0 1.536 -35 0 .615 -20 5.22 2.5264 -39.857
5 24 31.736 3.3623 -39.8723 31.736 1.2865 -31.1033 30.423 3.1853 -39.8723 33.3492 3.5054 -39.8723
5 24 28.284 3.297 -39.857 28.284 3.0475 -39.8723 26.9975 2.9198 -39.8723 30.423 3.4348 -39.857
5 24 -36.956 1.2865 -28.8423 -35.7495 3.8871 -39.8723 -36.6958 4.1378 -39.8594 -34.64 3.7468 -39.8723
5 24 -37.25 4.4648 -39.656 -37.25 4.2153 -39.6713 -37.4132 4.2184 -39.5624 -37.0741 4.4534 -39.7429
5 24 20 1.536 -33.66 20 2.8435 -39.857 24.352 1.536 -32.934 18.8284 2.7825 -39.857
5 24 -37.9489 4.415 -38.7452 -37.9489 4.1655 -38.7605 -37.8859 4.4414 -38.9311 -37.9871 4.1269 -38.5681
5 24 37.5607 4.2129 -39.433 37.5607 4.4624 -39.4177 37.4132 4.4679 -39.5471 37.6545 4.2029 -39.326
5 24 -34.64 1.2865 -30.0153 -34.64 3.7468 -39.8723 -36.956 1.2865 -28.8423 -33.3492 3.5054 -39.8723
5 24 34.64 1.536 -30 34.64 3.9963 -39.857 33.3492 3.7549 -39.857 36.956 1.536 -28.827
5 24 -24.352 1.536 -32.934 -28.284 1.536 -32.071 -24.352 3.0429 -39.857 -28.284 .4349 -17.071
5 24 37.9489 4.1655 -38.7605 37.9489 4.415 -38.7452 37.8859 4.4414 -38.9311 37.9871 4.1269 -38.5681
5 24 -37.9871 4.3764 -38.5528 -37.9871 4.1269 -38.5681 -38 4.0768 -38.3723 -37.9489 4.415 -38.7452
5 24 -36.5 4.3381 -39.857 -36.5 4.0886 -39.8723 -36.6958 4.1378 -39.8594 -35.7495 4.1366 -39.857
5 24 15.308 1.536 -34.239 10.352 1.536 -34.659 14.1978 2.6543 -39.857 15.308 .5682 -19.239
5 24 37.0741 4.2039 -39.7582 37.0741 4.4534 -39.7429 37.25 4.2153 -39.6713 36.9739 4.4428 -39.7768
5 24 33.3492 3.7549 -39.857 33.3492 3.5054 -39.8723 31.736 3.3623 -39.8723 34.64 3.9963 -39.857
5 24 -15.308 1.2865 -34.2543 -14.1978 2.4048 -39.8723 -10.352 2.3388 -39.8723 -20 1.2865 -33.6753
5 24 -26.9975 3.1693 -39.857 -26.9975 2.9198 -39.8723 -28.284 3.0475 -39.8723 -24.352 3.0429 -39.857
5 24 37.6545 4.4524 -39.3107 38 3.4258 -35.1844 37.799 4.455 -39.107 37.5607 4.4624 -39.4177
5 24 14.1978 2.6543 -39.857 15.308 1.536 -34.239 10.352 2.5883 -39.857 20 1.536 -33.66
5 24 0 1.536 -35 -5.22 1.536 -34.914 0 2.5058 -39.857 0 .615 -20
5 24 20 1.2865 -33.6753 18.8284 2.533 -39.8723 15.308 1.2865 -34.2543 20 2.594 -39.8723
5 24 -28.284 1.536 -32.071 -31.736 1.536 -31.088 -28.284 3.297 -39.857 -28.284 .4349 -17.071
5 24 -33.3492 3.5054 -39.8723 -34.64 1.2865 -30.0153 -31.736 3.3623 -39.8723 -34.64 3.7468 -39.8723
5 24 5.22 2.2769 -39.8723 5.22 1.2865 -34.9293 0 1.2865 -35.0153 10.352 2.3388 -39.8723
5 24 35.7495 4.1366 -39.857 35.7495 3.8871 -39.8723 34.64 3.7468 -39.8723 36.5 4.3381 -39.857
5 24 -36.956 4.4409 -39.7829 -36.956 4.1914 -39.7982 -36.9739 4.1933 -39.7921 -36.8882 4.4288 -39.8059
5 24 -31.736 1.536 -31.088 -30.423 3.4348 -39.857 -28.284 1.536 -32.071 -31.736 3.6118 -39.857
5 24 34.64 1.2865 -30.0153 33.3492 3.5054 -39.8723 34.64 3.7468 -39.8723 31.736 1.2865 -31.1033
5 24 -36.956 4.4409 -39.7829 -36.956 1.536 -28.827 -36.6958 4.3873 -39.8441 -36.9739 4.4428 -39.7768
5 24 34.64 1.2865 -30.0153 36.956 1.2865 -28.8423 36.956 -.0141 -13.8423 34.64 3.7468 -39.8723
5 24 24.352 2.7934 -39.8723 24.352 1.2865 -32.9493 23.1165 2.7037 -39.8723 26.9975 2.9198 -39.8723
5 24 -24.352 1.2865 -32.9493 -24.352 2.7934 -39.8723 -23.1165 2.7037 -39.8723 -26.9975 2.9198 -39.8723
5 24 -37.8859 4.4414 -38.9311 -37.8859 4.1919 -38.9464 -37.9489 4.1655 -38.7605 -37.799 4.455 -39.107
5 24 28.284 3.0475 -39.8723 28.284 1.2865 -32.0863 26.9975 2.9198 -39.8723 30.423 3.1853 -39.8723
5 24 28.284 1.536 -32.071 24.352 1.536 -32.934 28.284 .4349 -17.071 26.9975 3.1693 -39.857
5 24 37.25 4.2153 -39.6713 37.25 4.4648 -39.656 37.0741 4.4534 -39.7429 37.4132 4.2184 -39.5624
5 24 -28.284 1.2865 -32.0863 -28.284 3.0475 -39.8723 -26.9975 2.9198 -39.8723 -31.736 1.2865 -31.1033
5 24 0 2.2563 -39.8723 0 1.2865 -35.0153 -5.22 1.2865 -34.9293 5.22 2.2769 -39.8723
5 24 18.8284 2.7825 -39.857 20 1.536 -33.66 14.1978 2.6543 -39.857 20 2.8435 -39.857
5 24 36.956 4.1914 -39.7982 36.956 1.2865 -28.8423 36.6958 4.1378 -39.8594 36.9739 4.1933 -39.7921
5 24 -28.284 3.297 -39.857 -28.284 1.536 -32.071 -26.9975 3.1693 -39.857 -30.423 3.4348 -39.857
5 24 -30.423 3.1853 -39.8723 -31.736 1.2865 -31.1033 -28.284 3.0475 -39.8723 -31.736 3.3623 -39.8723
5 24 -31.736 3.6118 -39.857 -31.736 3.3623 -39.8723 -30.423 3.4348 -39.857 -33.3492 3.5054 -39.8723
5 24 31.736 3.6118 -39.857 31.736 3.3623 -39.8723 30.423 3.1853 -39.8723 33.3492 3.7549 -39.857
5 24 30.423 3.4348 -39.857 31.736 1.536 -31.088 31.736 3.6118 -39.857 28.284 3.297 -39.857
5 24 -20 2.8435 -39.857 -20 1.536 -33.66 -18.8284 2.7825 -39.857 -23.1165 2.9532 -39.857
5 24 -15.308 1.536 -34.239 -20 1.536 -33.66 -15.308 .5682 -19.239 -14.1978 2.6543 -39.857
5 24 -31.736 3.6118 -39.857 -31.736 1.536 -31.088 -33.3492 3.7549 -39.857 -30.423 3.4348 -39.857
5 24 24.352 1.536 -32.934 24.352 3.0429 -39.857 23.1165 2.9532 -39.857 28.284 1.536 -32.071
5 24 20 1.2865 -33.6753 24.352 1.2865 -32.9493 20 2.594 -39.8723 28.284 .1854 -17.0863
5 24 30.423 3.4348 -39.857 30.423 3.1853 -39.8723 28.284 3.0475 -39.8723 31.736 3.6118 -39.857
5 24 26.9975 3.1693 -39.857 26.9975 2.9198 -39.8723 24.352 2.7934 -39.8723 28.284 3.297 -39.857
5 24 -20 1.2865 -33.6753 -20 2.594 -39.8723 -24.352 1.2865 -32.9493 -18.8284 2.533 -39.8723
5 24 -31.736 1.2865 -31.1033 -31.736 3.3623 -39.8723 -30.423 3.1853 -39.8723 -34.64 1.2865 -30.0153
5 24 15.308 1.2865 -34.2543 20 1.2865 -33.6753 15.308 .3187 -19.2543 14.1978 2.4048 -39.8723
5 24 -23.1165 2.9532 -39.857 -23.1165 2.7037 -39.8723 -24.352 2.7934 -39.8723 -20 2.8435 -39.857
5 24 -24.352 1.2865 -32.9493 -20 1.2865 -33.6753 -15.308 .3187 -19.2543 -23.1165 2.7037 -39.8723
5 24 37.6545 4.2029 -39.326 38 3.1763 -35.1997 37.4132 4.2184 -39.5624 37.6901 4.2063 -39.2855
5 24 33.3492 3.7549 -39.857 34.64 1.536 -30 34.64 3.9963 -39.857 31.736 3.6118 -39.857
5 24 -31.736 1.536 -31.088 -34.64 1.536 -30 -31.736 3.6118 -39.857 -28.284 .4349 -17.071
5 24 38 1.536 -28.0571 36.956 1.536 -28.827 36.956 .2354 -13.827 36.9739 4.4428 -39.7768
5 24 -26.9975 2.9198 -39.8723 -28.284 1.2865 -32.0863 -24.352 2.7934 -39.8723 -28.284 3.0475 -39.8723
5 24 -23.1165 2.7037 -39.8723 -24.352 1.2865 -32.9493 -20 1.2865 -33.6753 -24.352 2.7934 -39.8723
5 24 24.352 1.2865 -32.9493 23.1165 2.7037 -39.8723 20 1.2865 -33.6753 24.352 2.7934 -39.8723
5 24 -38 3.4258 -35.1844 -37.6545 4.4524 -39.3107 -37.6901 4.4558 -39.2702 -37.4132 4.4679 -39.5471
5 24 -37.0741 4.4534 -39.7429 -37.0741 4.2039 -39.7582 -37.25 4.2153 -39.6713 -36.9739 4.4428 -39.7768
5 24 34.64 3.7468 -39.8723 34.64 1.2865 -30.0153 35.7495 3.8871 -39.8723 33.3492 3.5054 -39.8723
5 24 38 4.0768 -38.3723 38 4.3263 -38.357 37.9871 4.3764 -38.5528 38 3.4258 -35.1844
5 24 -37.6545 4.4524 -39.3107 -37.6545 4.2029 -39.326 -37.6901 4.2063 -39.2855 -37.5607 4.4624 -39.4177
5 24 37.4132 4.2184 -39.5624 37.4132 4.4679 -39.5471 37.25 4.4648 -39.656 37.5607 4.2129 -39.433
5 24 26.9975 3.1693 -39.857 28.284 1.536 -32.071 28.284 3.297 -39.857 24.352 3.0429 -39.857
5 24 23.1165 2.9532 -39.857 24.352 1.536 -32.934 20 2.8435 -39.857 24.352 3.0429 -39.857
5 24 -36.8882 4.4288 -39.8059 -36.8882 4.1793 -39.8212 -36.956 4.1914 -39.7982 -36.6958 4.3873 -39.8441
5 24 37.799 4.2055 -39.1223 37.799 4.455 -39.107 37.6901 4.4558 -39.2702 37.8859 4.1919 -38.9464
5 24 10.352 1.536 -34.659 5.22 1.536 -34.914 10.352 2.5883 -39.857 0 .615 -20
5 24 36.6958 4.1378 -39.8594 36.6958 4.3873 -39.8441 36.5 4.3381 -39.857 36.8882 4.1793 -39.8212
5 24 -5.22 1.536 -34.914 -5.22 2.5264 -39.857 0 1.536 -35 -10.352 2.5883 -39.857
5 24 -36.9739 4.4428 -39.7768 -36.9739 4.1933 -39.7921 -37.0741 4.2039 -39.7582 -36.956 4.4409 -39.7829
5 24 28.284 1.2865 -32.0863 31.736 1.2865 -31.1033 28.284 .1854 -17.0863 28.284 3.0475 -39.8723
5 24 36.956 1.536 -28.827 34.64 1.536 -30 35.7495 4.1366 -39.857 36.956 .2354 -13.827
5 24 20 2.594 -39.8723 20 1.2865 -33.6753 18.8284 2.533 -39.8723 23.1165 2.7037 -39.8723
5 24 28.284 1.536 -32.071 28.284 3.297 -39.857 31.736 1.536 -31.088 26.9975 3.1693 -39.857
5 24 -5.22 1.536 -34.914 -10.352 1.536 -34.659 -5.22 2.5264 -39.857 -15.308 .5682 -19.239
5 24 -28.284 3.297 -39.857 -28.284 3.0475 -39.8723 -30.423 3.1853 -39.8723 -26.9975 3.1693 -39.857
5 24 37.6545 4.2029 -39.326 37.6545 4.4524 -39.3107 37.5607 4.4624 -39.4177 37.6901 4.2063 -39.2855
5 24 14.1978 2.4048 -39.8723 15.308 1.2865 -34.2543 10.352 1.2865 -34.6743 18.8284 2.533 -39.8723
5 24 31.736 1.536 -31.088 31.736 3.6118 -39.857 30.423 3.4348 -39.857 34.64 1.536 -30
5 24 -28.284 1.2865 -32.0863 -24.352 1.2865 -32.9493 -26.9975 2.9198 -39.8723 -28.284 .1854 -17.0863
5 24 36.956 1.536 -28.827 36.956 4.4409 -39.7829 38 1.536 -28.0571 36.8882 4.4288 -39.8059
5 24 -38 4.3263 -38.357 -38 4.0768 -38.3723 -38 3.1763 -35.1997 -37.9871 4.3764 -38.5528
5 24 10.352 1.2865 -34.6743 15.308 1.2865 -34.2543 15.308 .3187 -19.2543 10.352 2.3388 -39.8723
5 24 -5.22 1.2865 -34.9293 0 1.2865 -35.0153 0 .3655 -20.0153 -5.22 2.2769 -39.8723
5 24 35.7495 3.8871 -39.8723 36.956 1.2865 -28.8423 34.64 1.2865 -30.0153 36.5 4.0886 -39.8723
5 24 -10.352 1.2865 -34.6743 -10.352 2.3388 -39.8723 -5.22 2.2769 -39.8723 -15.308 1.2865 -34.2543
5 24 -37.6901 4.4558 -39.2702 -37.6901 4.2063 -39.2855 -37.799 4.2055 -39.1223 -37.6545 4.4524 -39.3107
5 24 24.352 1.2865 -32.9493 28.284 1.2865 -32.0863 28.284 .1854 -17.0863 24.352 2.7934 -39.8723
5 24 31.736 1.2865 -31.1033 34.64 1.2865 -30.0153 31.736 3.3623 -39.8723 28.284 .1854 -17.0863
5 24 37.8859 4.1919 -38.9464 37.8859 4.4414 -38.9311 37.799 4.455 -39.107 37.9489 4.1655 -38.7605
5 24 -37.5607 4.4624 -39.4177 -37.5607 4.2129 -39.433 -37.6545 4.2029 -39.326 -37.4132 4.4679 -39.5471
5 24 37.9871 4.1269 -38.5681 37.9871 4.3764 -38.5528 37.9489 4.415 -38.7452 38 4.0768 -38.3723
5 24 -37.4132 4.4679 -39.5471 -37.4132 4.2184 -39.5624 -37.5607 4.2129 -39.433 -37.25 4.4648 -39.656
5 24 -38 3.1763 -35.1997 -37.6545 4.2029 -39.326 -37.5607 4.2129 -39.433 -37.799 4.2055 -39.1223
5 24 -15.308 1.536 -34.239 -14.1978 2.6543 -39.857 -18.8284 2.7825 -39.857 -10.352 1.536 -34.659
5 24 -5.22 1.2865 -34.9293 -5.22 2.2769 -39.8723 0 2.2563 -39.8723 -10.352 1.2865 -34.6743
5 24 24.352 1.536 -32.934 20 1.536 -33.66 23.1165 2.9532 -39.857 15.308 .5682 -19.239
5 24 -37.799 4.455 -39.107 -37.799 4.2055 -39.1223 -37.8859 4.1919 -38.9464 -37.6901 4.4558 -39.2702
5 24 36.956 4.1914 -39.7982 36.956 4.4409 -39.7829 36.8882 4.4288 -39.8059 36.9739 4.1933 -39.7921
5 24 -20 1.536 -33.66 -18.8284 2.7825 -39.857 -20 2.8435 -39.857 -15.308 1.536 -34.239
5 24 28.284 1.2865 -32.0863 26.9975 2.9198 -39.8723 24.352 1.2865 -32.9493 28.284 3.0475 -39.8723
5 24 10.352 1.536 -34.659 10.352 2.5883 -39.857 5.22 2.5264 -39.857 15.308 1.536 -34.239
5 24 -10.352 1.2865 -34.6743 -5.22 1.2865 -34.9293 0 .3655 -20.0153 -10.352 2.3388 -39.8723
5 24 -36.956 1.536 -28.827 -38 1.536 -28.0571 -38 1.0436 -22.3785 -36.956 4.4409 -39.7829
5 24 -36.956 1.2865 -28.8423 -34.64 1.2865 -30.0153 -35.7495 3.8871 -39.8723 -36.956 -.0141 -13.8423
5 24 -34.64 3.9963 -39.857 -34.64 3.7468 -39.8723 -35.7495 3.8871 -39.8723 -33.3492 3.7549 -39.857
5 24 -34.64 1.536 -30 -36.956 1.536 -28.827 -36.956 .2354 -13.827 -34.64 3.9963 -39.857
5 24 -34.64 1.2865 -30.0153 -31.736 1.2865 -31.1033 -33.3492 3.5054 -39.8723 -28.284 .1854 -17.0863
5 24 -36.956 1.2865 -28.8423 -36.956 4.1914 -39.7982 -38 1.2865 -28.0724 -36.8882 4.1793 -39.8212
5 24 -30.423 3.4348 -39.857 -30.423 3.1853 -39.8723 -31.736 3.3623 -39.8723 -28.284 3.297 -39.857
5 24 36.8882 4.1793 -39.8212 36.8882 4.4288 -39.8059 36.6958 4.3873 -39.8441 36.956 4.1914 -39.7982
5 24 -10.352 1.536 -34.659 -15.308 1.536 -34.239 -15.308 .5682 -19.239 -10.352 2.5883 -39.857
5 24 -18.8284 2.533 -39.8723 -20 1.2865 -33.6753 -14.1978 2.4048 -39.8723 -20 2.594 -39.8723
5 24 -24.352 3.0429 -39.857 -24.352 1.536 -32.934 -26.9975 3.1693 -39.857 -23.1165 2.9532 -39.857
5 24 -10.352 2.5883 -39.857 -10.352 1.536 -34.659 -5.22 1.536 -34.914 -14.1978 2.6543 -39.857
5 24 -15.308 1.2865 -34.2543 -10.352 1.2865 -34.6743 -15.308 .3187 -19.2543 -14.1978 2.4048 -39.8723
5 24 37.6901 4.2063 -39.2855 37.6901 4.4558 -39.2702 37.6545 4.4524 -39.3107 37.799 4.2055 -39.1223
5 24 -35.7495 4.1366 -39.857 -36.956 1.536 -28.827 -36.5 4.3381 -39.857 -34.64 1.536 -30
5 24 31.736 1.2865 -31.1033 30.423 3.1853 -39.8723 28.284 1.2865 -32.0863 31.736 3.3623 -39.8723
5 24 5.22 2.5264 -39.857 5.22 1.536 -34.914 0 2.5058 -39.857 10.352 1.536 -34.659
5 24 -24.352 1.536 -32.934 -23.1165 2.9532 -39.857 -20 1.536 -33.66 -24.352 3.0429 -39.857
5 24 -31.736 1.2865 -31.1033 -28.284 1.2865 -32.0863 -30.423 3.1853 -39.8723 -28.284 .1854 -17.0863
5 24 10.352 2.3388 -39.8723 10.352 1.2865 -34.6743 5.22 1.2865 -34.9293 14.1978 2.4048 -39.8723
5 24 -20 1.536 -33.66 -24.352 1.536 -32.934 -28.284 .4349 -17.071 -20 2.8435 -39.857
5 24 -21.5607 -.1537 -11.573 -21.5607 .0958 -11.5577 -21.4132 -.1457 -11.7022 -21.674 .0879 -11.4289
5 24 -21.9871 .0427 -10.6944 -21.9871 -.2068 -10.7098 -21.9489 -.195 -10.9019 -22 .0307 -10.499
5 24 -20.8882 -.1299 -11.9605 -20.8882 .1196 -11.9452 -20.6958 -.1275 -11.9987 -21.0741 .1158 -11.8823
5 24 -21.9489 .0545 -10.8865 -21.9489 -.195 -10.9019 -21.9871 .0427 -10.6944 -21.8859 -.1836 -11.0874
5 24 -21.674 .0879 -11.4289 -21.674 -.1616 -11.4442 -21.5607 -.1537 -11.573 -21.6901 .0868 -11.4105
5 24 -21.4132 .1038 -11.6869 -21.4132 -.1457 -11.7022 -21.25 -.1391 -11.8109 -21.5607 .0958 -11.5577
5 24 -21.8859 .0659 -11.072 -21.8859 -.1836 -11.0874 -21.9489 .0545 -10.8865 -21.799 -.1728 -11.263
5 24 -21.6901 .0868 -11.4105 -21.6901 -.1627 -11.4259 -21.674 -.1616 -11.4442 -21.799 .0767 -11.2476
5 24 -21.25 .1104 -11.7956 -21.25 -.1391 -11.8109 -21.0741 -.1337 -11.8976 -21.4132 .1038 -11.6869
5 24 -20.5003 .1228 -11.9962 -20.5 -.1267 -12.0116 -16.0306 -.1267 -12.0116 -20.6958 .122 -11.9833
5 24 -20.6958 .122 -11.9833 -20.6958 -.1275 -11.9987 -20.5 -.1267 -12.0116 -20.8882 .1196 -11.9452
5 24 -21.799 .0767 -11.2476 -21.799 -.1728 -11.263 -21.6901 -.1627 -11.4259 -21.8859 .0659 -11.072
5 24 -22 .0307 -10.499 -22 -.2188 -10.5144 -22 0 -10 -21.9871 -.2068 -10.7098
5 24 -21.0741 .1158 -11.8823 -21.0741 -.1337 -11.8976 -21.25 .1104 -11.7956 -20.8882 -.1299 -11.9605
5 24 21.5607 .0958 -11.5577 21.5607 -.1537 -11.573 21.4132 -.1457 -11.7022 21.674 .0879 -11.4289
5 24 21.9871 -.2068 -10.7098 21.9871 .0427 -10.6944 21.9489 -.195 -10.9019 22 .0307 -10.499
5 24 20.8882 .1196 -11.9452 20.8882 -.1299 -11.9605 20.6958 -.1275 -11.9987 21.0741 .1158 -11.8823
5 24 21.9489 -.195 -10.9019 21.9489 .0545 -10.8865 21.9871 .0427 -10.6944 21.8859 -.1836 -11.0874
5 24 21.674 -.1616 -11.4442 21.674 .0879 -11.4289 21.5607 -.1537 -11.573 21.6901 .0868 -11.4105
5 24 21.4132 -.1457 -11.7022 21.4132 .1038 -11.6869 21.25 -.1391 -11.8109 21.5607 .0958 -11.5577
5 24 21.8859 -.1836 -11.0874 21.8859 .0659 -11.072 21.9489 .0545 -10.8865 21.799 -.1728 -11.263
5 24 21.6901 -.1627 -11.4259 21.6901 .0868 -11.4105 21.674 -.1616 -11.4442 21.799 .0767 -11.2476
5 24 21.25 -.1391 -11.8109 21.25 .1104 -11.7956 21.0741 -.1337 -11.8976 21.4132 .1038 -11.6869
5 24 20.5 -.1267 -12.0116 20.5003 .1228 -11.9962 16.0306 -.1267 -12.0116 20.6958 .122 -11.9833
5 24 20.6958 -.1275 -11.9987 20.6958 .122 -11.9833 20.5 -.1267 -12.0116 20.8882 .1196 -11.9452
5 24 21.799 -.1728 -11.263 21.799 .0767 -11.2476 21.6901 -.1627 -11.4259 21.8859 .0659 -11.072
5 24 22 -.2188 -10.5144 22 .0307 -10.499 22 0 -10 21.9871 -.2068 -10.7098
5 24 21.0741 -.1337 -11.8976 21.0741 .1158 -11.8823 21.25 .1104 -11.7956 20.8882 -.1299 -11.9605
0 // Top face
0 // Green faces
4 2 31.736 1.2865 -31.1033 31.736 3.3623 -39.8723 33.3492 3.5054 -39.8723 34.64 1.2865 -30.0153
3 2 34.64 1.2865 -30.0153 33.3492 3.5054 -39.8723 34.64 3.7468 -39.8723
4 2 34.64 3.7468 -39.8723 35.7495 3.8871 -39.8723 36.956 1.2865 -28.8423 34.64 1.2865 -30.0153
4 2 35.7495 3.8871 -39.8723 36.5 4.0886 -39.8723 36.6958 4.1378 -39.8594 36.956 1.2865 -28.8423
4 2 36.6958 4.1378 -39.8594 36.8882 4.1793 -39.8212 36.956 4.1914 -39.7982 36.956 1.2865 -28.8423
4 2 37.4132 4.2184 -39.5624 38 3.1763 -35.1997 37.0741 4.2039 -39.7582 37.25 4.2153 -39.6713
4 2 37.4132 4.2184 -39.5624 37.5607 4.2129 -39.433 37.6545 4.2029 -39.326 38 3.1763 -35.1997
4 2 37.6545 4.2029 -39.326 37.6901 4.2063 -39.2855 37.799 4.2055 -39.1223 38 3.1763 -35.1997
4 2 37.9489 4.1655 -38.7605 38 3.1763 -35.1997 37.799 4.2055 -39.1223 37.8859 4.1919 -38.9464
4 2 37.9489 4.1655 -38.7605 37.9871 4.1269 -38.5681 38 4.0768 -38.3723 38 3.1763 -35.1997
4 2 -33.3492 3.5054 -39.8723 -31.736 3.3623 -39.8723 -31.736 1.2865 -31.1033 -34.64 1.2865 -30.0153
3 2 -33.3492 3.5054 -39.8723 -34.64 1.2865 -30.0153 -34.64 3.7468 -39.8723
4 2 -36.956 1.2865 -28.8423 -35.7495 3.8871 -39.8723 -34.64 3.7468 -39.8723 -34.64 1.2865 -30.0153
4 2 -36.6958 4.1378 -39.8594 -36.5 4.0886 -39.8723 -35.7495 3.8871 -39.8723 -36.956 1.2865 -28.8423
4 2 -36.6958 4.1378 -39.8594 -36.956 1.2865 -28.8423 -36.956 4.1914 -39.7982 -36.8882 4.1793 -39.8212
3 2 -38 3.1763 -35.1997 -37.0741 4.2039 -39.7582 -36.9739 4.1933 -39.7921
4 2 -37.0741 4.2039 -39.7582 -38 3.1763 -35.1997 -37.4132 4.2184 -39.5624 -37.25 4.2153 -39.6713
4 2 -37.4132 4.2184 -39.5624 -38 3.1763 -35.1997 -37.6545 4.2029 -39.326 -37.5607 4.2129 -39.433
4 2 -37.6545 4.2029 -39.326 -38 3.1763 -35.1997 -37.799 4.2055 -39.1223 -37.6901 4.2063 -39.2855
4 2 -37.799 4.2055 -39.1223 -38 3.1763 -35.1997 -37.9489 4.1655 -38.7605 -37.8859 4.1919 -38.9464
4 2 -37.9489 4.1655 -38.7605 -38 3.1763 -35.1997 -38 4.0768 -38.3723 -37.9871 4.1269 -38.5681
4 2 -38 1.3947 -28.4805 -36.956 4.1914 -39.7982 -36.956 1.2865 -28.8423 -37.4466 1.2865 -28.4805
4 2 -36.956 4.1914 -39.7982 -38 1.3947 -28.4805 -38 3.1763 -35.1997 -36.9739 4.1933 -39.7921
3 2 37.0741 4.2039 -39.7582 38 3.1763 -35.1997 36.9739 4.1933 -39.7921
4 2 36.956 1.2865 -28.8423 36.956 4.1914 -39.7982 38 1.3947 -28.4805 37.4466 1.2865 -28.4805
4 2 38 3.1763 -35.1997 38 1.3947 -28.4805 36.956 4.1914 -39.7982 36.9739 4.1933 -39.7921
3 2 -31.736 1.2865 -31.1033 -30.4542 3.1401 -39.6637 -28.7615 1.2865 -31.9503
4 2 -31.736 3.3623 -39.8723 -30.5 3.1957 -39.8723 -30.4542 3.1401 -39.6637 -31.736 1.2865 -31.1033
3 2 30.4542 3.1401 -39.6637 31.736 1.2865 -31.1033 28.7615 1.2865 -31.9503
4 2 30.4542 3.1401 -39.6637 30.5 3.1957 -39.8723 31.736 3.3623 -39.8723 31.736 1.2865 -31.1033
4 2 -33.8855 1.1558 -28.4805 -34.64 1.2865 -30.0153 -31.736 1.2865 -31.1033 -31.0901 1.0805 -28.4805
4 2 -28.7615 1.2865 -31.9503 -28.284 1.1168 -29.7746 -28.284 1.0218 -28.4805 -31.0901 1.0805 -28.4805
3 2 -31.0901 1.0805 -28.4805 -31.736 1.2865 -31.1033 -28.7615 1.2865 -31.9503
3 2 -28.284 1.0218 -28.4805 -28.284 1.1168 -29.7746 -28 1.0172 -28.4805
3 2 -34.8598 1.1631 -28.4805 -34.64 1.2865 -30.0153 -33.8855 1.1558 -28.4805
4 2 -36.956 1.2865 -28.8423 -34.64 1.2865 -30.0153 -34.8598 1.1631 -28.4805 -36.956 1.2551 -28.4805
3 2 -37.4466 1.2865 -28.4805 -36.956 1.2865 -28.8423 -36.956 1.2551 -28.4805
4 2 31.736 1.2865 -31.1033 34.64 1.2865 -30.0153 33.8855 1.1558 -28.4805 31.0901 1.0805 -28.4805
4 2 28.284 1.0218 -28.4805 28.284 1.1168 -29.7746 28.7615 1.2865 -31.9503 31.0901 1.0805 -28.4805
3 2 31.736 1.2865 -31.1033 31.0901 1.0805 -28.4805 28.7615 1.2865 -31.9503
3 2 28.284 1.1168 -29.7746 28.284 1.0218 -28.4805 28 1.0172 -28.4805
3 2 34.64 1.2865 -30.0153 34.8598 1.1631 -28.4805 33.8855 1.1558 -28.4805
4 2 34.8598 1.1631 -28.4805 34.64 1.2865 -30.0153 36.956 1.2865 -28.8423 36.956 1.2551 -28.4805
3 2 36.956 1.2865 -28.8423 37.4466 1.2865 -28.4805 36.956 1.2551 -28.4805
0 // Red faces
3 4 -24.9278 .2199 -17.6471 -21.25 -.1391 -11.8109 -21.4132 -.1457 -11.7022
3 4 -24.9278 .2199 -17.6471 -21.0741 -.1337 -11.8976 -21.25 -.1391 -11.8109
3 4 -24.9278 .2199 -17.6471 -21.4132 -.1457 -11.7022 -21.5607 -.1537 -11.573
3 4 -24.9278 .2199 -17.6471 -21.5607 -.1537 -11.573 -21.674 -.1616 -11.4442
4 4 -20.5 -.1267 -12.0116 -24.9278 .2199 -17.6471 -20 .2705 -18.4704 -20 -.1267 -12.0116
3 4 -25.8641 -.25 -10.0077 -21.799 -.1728 -11.263 -21.8859 -.1836 -11.0874
3 4 -24.9278 .2199 -17.6471 -20.8882 -.1299 -11.9605 -21.0741 -.1337 -11.8976
3 4 -21.9489 -.195 -10.9019 -21.9871 -.2068 -10.7098 -25.8641 -.25 -10.0077
3 4 -25.8641 -.25 -10.0077 -21.6901 -.1627 -11.4259 -21.799 -.1728 -11.263
3 4 -21.9489 -.195 -10.9019 -25.8641 -.25 -10.0077 -21.8859 -.1836 -11.0874
4 4 -24.9278 .2199 -17.6471 -21.674 -.1616 -11.4442 -21.6901 -.1627 -11.4259 -25.8641 -.25 -10.0077
3 4 -21.9871 -.2068 -10.7098 -22 -.2188 -10.5144 -25.8641 -.25 -10.0077
3 4 -25.8641 -.25 -10.0077 -22 -.2188 -10.5144 -22 -.25 -10.0077
3 4 -24.9278 .2199 -17.6471 -20.5 -.1267 -12.0116 -20.6958 -.1275 -11.9987
3 4 -20.8882 -.1299 -11.9605 -24.9278 .2199 -17.6471 -20.6958 -.1275 -11.9987
3 4 21.25 -.1391 -11.8109 24.9278 .2199 -17.6471 21.4132 -.1457 -11.7022
3 4 21.0741 -.1337 -11.8976 24.9278 .2199 -17.6471 21.25 -.1391 -11.8109
3 4 21.4132 -.1457 -11.7022 24.9278 .2199 -17.6471 21.5607 -.1537 -11.573
3 4 21.5607 -.1537 -11.573 24.9278 .2199 -17.6471 21.674 -.1616 -11.4442
4 4 20 .2705 -18.4704 24.9278 .2199 -17.6471 20.5 -.1267 -12.0116 20 -.1267 -12.0116
3 4 21.799 -.1728 -11.263 25.8641 -.2495 -10.0077 21.8859 -.1836 -11.0874
3 4 20.8882 -.1299 -11.9605 24.9278 .2199 -17.6471 21.0741 -.1337 -11.8976
3 4 21.9871 -.2068 -10.7098 21.9489 -.195 -10.9019 25.8641 -.2495 -10.0077
3 4 21.6901 -.1627 -11.4259 25.8641 -.2495 -10.0077 21.799 -.1728 -11.263
3 4 25.8641 -.2495 -10.0077 21.9489 -.195 -10.9019 21.8859 -.1836 -11.0874
4 4 21.6901 -.1627 -11.4259 21.674 -.1616 -11.4442 24.9278 .2199 -17.6471 25.8641 -.2495 -10.0077
3 4 22 -.2188 -10.5144 21.9871 -.2068 -10.7098 25.8641 -.2495 -10.0077
3 4 22 -.2188 -10.5144 25.8641 -.2495 -10.0077 22 -.25 -10.0077
3 4 20.5 -.1267 -12.0116 24.9278 .2199 -17.6471 20.6958 -.1275 -11.9987
3 4 24.9278 .2199 -17.6471 20.8882 -.1299 -11.9605 20.6958 -.1275 -11.9987
4 4 -23.5 -.25 8 -28.0711 -.25 8 -25.8641 -.25 -10.0077 -22 -.25 -10.0077
4 4 23.5 -.25 8 22 -.25 -10.0077 25.8641 -.2495 -10.0077 28.0711 -.25 8
3 4 22 -.25 -10.0077 23.5 -.25 8 22 -.25 6.5
3 4 -23.5 -.25 8 -22 -.25 -10.0077 -22 -.25 6.5
4 4 -24.9278 .2199 -17.6471 -23.6001 .9737 -28.48 -20 .9558 -28.4805 -20 .2705 -18.4704
4 4 20 .9558 -28.4805 23.6001 .9737 -28.48 24.9278 .2199 -17.6471 20 .2705 -18.4704
0 // Silver faces
3 80 36.956 -.0141 -13.8423 38 .7941 -22.3938 38 -.0948 -12.5298
3 80 -38 .7941 -22.3938 -36.956 -.0141 -13.8423 -38 -.0948 -12.5298
3 80 -16.0074 -.1267 -12.0116 0 .3655 -20.0153 16.0074 -.1267 -12.0116
3 80 -16.0074 -.1267 -12.0116 -15.308 .3187 -19.2543 0 .3655 -20.0153
4 80 -20 .2705 -18.4704 -15.308 .3187 -19.2543 -16.0074 -.1267 -12.0116 -20 -.1267 -12.0116
4 80 -24.9278 .2199 -17.6471 -25.8641 -.25 -10.0077 -36.956 -.0141 -13.8423 -28.284 .1854 -17.0863
4 80 -25.8641 -.25 -10.0077 -38 -.25 -10.0077 -38 -.0948 -12.5298 -36.956 -.0141 -13.8423
3 80 15.308 .3187 -19.2543 16.0074 -.1267 -12.0116 0 .3655 -20.0153
4 80 16.0074 -.1267 -12.0116 15.308 .3187 -19.2543 20 .2705 -18.4704 20 -.1267 -12.0116
4 80 36.956 -.0141 -13.8423 25.8641 -.2495 -10.0077 24.9278 .2199 -17.6471 28.284 .1854 -17.0863
4 80 38 -.0948 -12.5298 38 -.25 -10.0077 25.8641 -.2495 -10.0077 36.956 -.0141 -13.8423
4 80 -38 -.25 -10.0077 -25.8641 -.25 -10.0077 -28.0711 -.25 8 -36.5 -.25 8
3 80 -38 -.25 -10.0077 -36.5 -.25 8 -38 -.25 6.5
4 80 36.5 -.25 8 28.0711 -.25 8 25.8641 -.2495 -10.0077 38 -.25 -10.0077
3 80 38 -.25 -10.0077 38 -.25 6.5 36.5 -.25 8
3 80 -38 1.2865 -28.0724 -38 1.3947 -28.4805 -37.4466 1.2865 -28.4805
3 80 38 1.3947 -28.4805 38 1.2865 -28.0724 37.4466 1.2865 -28.4805
4 80 -28.284 .1854 -17.0863 -25.4597 .9763 -28.4805 -23.6001 .9737 -28.48 -24.9278 .2199 -17.6471
3 80 -33.8855 1.1558 -28.4805 -31.0901 1.0805 -28.4805 -28.284 .1854 -17.0863
4 80 -20 .9558 -28.4799 -18.3098 .9379 -28.4805 -15.308 .3187 -19.2543 -20 .2705 -18.4704
3 80 -31.0901 1.0805 -28.4805 -28.284 1.0218 -28.4805 -28.284 .1854 -17.0863
4 80 -33.8855 1.1558 -28.4805 -28.284 .1854 -17.0863 -36.956 -.0141 -13.8423 -34.8598 1.1631 -28.4805
3 80 -28.284 .1854 -17.0863 -28 1.0172 -28.4805 -25.4597 .9763 -28.4805
3 80 -28.284 .1854 -17.0863 -28.284 1.0218 -28.4805 -28 1.0172 -28.4805
3 80 -36.956 -.0141 -13.8423 -36.956 1.2551 -28.4805 -34.8598 1.1631 -28.4805
4 80 -38 1.2865 -28.0724 -37.4466 1.2865 -28.4805 -36.956 1.2551 -28.4805 -38 .7941 -22.3938
3 80 -36.956 1.2551 -28.4805 -36.956 -.0141 -13.8423 -38 .7941 -22.3938
4 80 23.6001 .9737 -28.48 25.4597 .9763 -28.4805 28.284 .1854 -17.0863 24.9278 .2199 -17.6471
3 80 31.0901 1.0805 -28.4805 33.8855 1.1558 -28.4805 28.284 .1854 -17.0863
4 80 15.308 .3187 -19.2543 18.3098 .9379 -28.4805 20 .9558 -28.4799 20 .2705 -18.4704
3 80 28.284 1.0218 -28.4805 31.0901 1.0805 -28.4805 28.284 .1854 -17.0863
4 80 36.956 -.0141 -13.8423 28.284 .1854 -17.0863 33.8855 1.1558 -28.4805 34.8598 1.1631 -28.4805
3 80 28 1.0172 -28.4805 28.284 .1854 -17.0863 25.4597 .9763 -28.4805
3 80 36.956 1.2551 -28.4805 36.956 -.0141 -13.8423 34.8598 1.1631 -28.4805
4 80 36.956 1.2551 -28.4805 37.4466 1.2865 -28.4805 38 1.2865 -28.0724 38 .7941 -22.3938
3 80 36.956 -.0141 -13.8423 36.956 1.2551 -28.4805 38 .7941 -22.3938
3 80 -2.9629 .8883 -28.4805 0 .8853 -28.4805 0 .3655 -20.0153
3 80 -15.308 .3187 -19.2543 -15.308 .914 -28.4805 -12.3427 .8978 -28.4805
4 80 12.3427 .8978 -28.4805 15.308 .3187 -19.2543 0 .3655 -20.0153 2.9629 .8883 -28.4805
3 80 0 .3655 -20.0153 0 .8853 -28.4805 2.9629 .8883 -28.4805
4 80 -2.9629 .8883 -28.4805 0 .3655 -20.0153 -15.308 .3187 -19.2543 -12.3427 .8978 -28.4805
3 80 -18.3098 .9379 -28.4805 -15.308 .914 -28.4805 -15.308 .3187 -19.2543
3 80 12.3427 .8978 -28.4805 15.308 .914 -28.4805 15.308 .3187 -19.2543
3 80 15.308 .3187 -19.2543 15.308 .914 -28.4805 18.3098 .9379 -28.4805
3 80 28.284 1.0218 -28.4805 28.284 .1854 -17.0863 28 1.0172 -28.4805
0 // Black horse left
4 0 24.9065 1.2093 -31.7765 24.8645 1.2066 -31.7488 24.8085 1.22 -31.9431 24.8435 1.2216 -31.957
3 0 23.741 1.1293 -30.7422 23.804 1.1359 -30.829 23.811 1.1353 -30.8186
4 0 21.8335 1.2657 -33.0642 21.816 1.2672 -33.0885 21.9105 1.268 -33.085 21.921 1.2669 -33.0677
3 0 23.475 1.2499 -32.5575 23.4435 1.2497 -32.5609 23.51 1.2708 -32.8594
3 0 23.51 1.2708 -32.8594 23.51 1.2503 -32.5575 23.475 1.2499 -32.5575
4 0 22.019 1.2277 -32.4742 21.956 1.2475 -32.7761 22.0505 1.2464 -32.7449 22.0995 1.238 -32.613
4 0 25.3405 1.1837 -31.3323 25.351 1.1847 -31.3427 25.358 1.1817 -31.301 25.3475 1.1808 -31.2906
4 0 24.1485 1.5199 -34.0895 23.538 1.5377 -34.2755 23.587 1.5504 -34.3276 23.6395 1.5632 -34.3797
4 0 25.3055 1.163 -31.0581 25.3265 1.1641 -31.0685 25.33 1.1604 -31.0164 25.309 1.1588 -30.9991
3 0 24.6195 1.1569 -31.0858 24.6055 1.1472 -30.947 24.595 1.1474 -30.9505
3 0 24.595 1.1474 -30.9505 24.581 1.1479 -30.9574 24.6195 1.1569 -31.0858
3 0 22.32 1.5475 -34.5254 22.3865 1.5242 -34.404 22.383 1.5117 -34.345
4 0 23.951 1.143 -30.9088 23.741 1.1501 -31.0476 24.0326 1.1537 -31.0514 23.965 1.1434 -30.9123
3 0 21.62 1.2683 -33.1371 21.732 1.2705 -33.151 21.753 1.2676 -33.1059
3 0 26.2995 1.6244 -34.0742 26.471 1.6099 -33.9701 26.282 1.61 -34.0118
3 0 26.282 1.61 -34.0118 26.289 1.6163 -34.0395 26.2995 1.6244 -34.0742
3 0 23.44 1.1424 -30.9852 23.321 1.1538 -31.1726 23.335 1.1537 -31.1691
3 0 22.131 1.2114 -32.2173 22.201 1.2181 -32.3041 22.2255 1.2189 -32.311
3 0 25.3755 1.7691 -34.9419 25.54 1.7921 -35.0114 25.26 1.7032 -34.6643
4 0 25.0185 1.3048 -32.8872 25.0255 1.315 -32.9323 25.0675 1.317 -32.9323 25.043 1.3067 -32.8907
3 0 22.194 1.2211 -32.3492 22.019 1.2277 -32.4742 22.222 1.2212 -32.3457
4 0 25.0185 1.3048 -32.8872 24.9765 1.2998 -32.8733 24.973 1.3117 -32.9288 25.0255 1.315 -32.9323
4 0 23.972 1.1326 -30.7526 23.958 1.132 -30.7457 23.937 1.1346 -30.7873 23.951 1.1355 -30.7977
4 0 26.058 1.8576 -35.1988 25.939 1.8504 -35.1918 25.946 1.8583 -35.2265 26.058 1.8712 -35.2613
4 0 24.1485 1.5199 -34.0895 23.79 1.4162 -33.6577 23.489 1.5257 -34.2269 23.538 1.5377 -34.2755
4 0 25.1305 1.2522 -32.311 25.1165 1.2504 -32.2902 25.092 1.2541 -32.3457 25.106 1.2556 -32.3631
3 0 24.5845 1.2123 -31.8806 24.5915 1.2191 -31.9778 24.5927 1.2191 -31.9782
4 0 21.354 1.3473 -33.7376 21.3645 1.3499 -33.748 21.4135 1.3303 -33.6473 21.4065 1.3272 -33.6334
3 0 23.5555 1.9184 -36.0769 23.5975 1.9206 -36.0804 23.573 1.9073 -36.0214
3 0 23.573 1.9073 -36.0214 23.496 1.9141 -36.0665 23.5275 1.9166 -36.0734
3 0 24.14 1.8378 -35.5528 24.154 1.8131 -35.4348 24.1365 1.7356 -35.0842
4 0 24.532 1.2456 -32.3527 24.5425 1.2465 -32.3631 24.567 1.2408 -32.2798 24.553 1.2403 -32.2763
4 0 25.148 1.308 -32.8733 25.197 1.3134 -32.8872 25.225 1.3094 -32.8629 25.1725 1.3061 -32.8594
3 0 24.567 1.2004 -31.7106 24.56 1.1997 -31.7002 24.553 1.2101 -31.8494
4 0 24.574 1.2009 -31.7175 24.567 1.2004 -31.7106 24.553 1.2101 -31.8494 24.5635 1.2096 -31.8425
4 0 23.0445 1.8843 -36.0005 22.9675 1.8852 -36.0179 22.88 1.8895 -36.0526 22.81 1.9163 -36.1914
4 0 26.4528 1.43 -33.1475 26.506 1.4174 -33.0781 26.338 1.4162 -33.1093 26.2575 1.4282 -33.1822
4 0 21.8335 1.2657 -33.0642 21.921 1.2669 -33.0677 21.9315 1.2661 -33.0538 21.851 1.2643 -33.0399
4 0 23.5345 1.1272 -30.7457 23.496 1.1279 -30.763 23.552 1.1333 -30.8325 23.5835 1.1325 -30.8151
3 0 23.587 1.2377 -32.3596 23.503 1.2459 -32.495 23.545 1.2464 -32.495
3 0 21.921 1.3365 -33.5918 21.9245 1.3425 -33.6195 21.928 1.347 -33.6404
4 0 24.352 1.7596 -35.1229 24.28 1.7822 -35.2508 24.343 1.8087 -35.3515 24.352 1.8081 -35.3455
3 0 23.895 2.1932 -37.2674 24.042 2.2235 -37.3577 24.042 2.2175 -37.3299
3 0 24.7 1.752 -35.0114 25.309 1.8226 -35.2023 25.302 1.8185 -35.1849
4 0 25.6485 1.8638 -35.3168 25.589 1.8503 -35.2682 25.568 1.8644 -35.3376 25.6485 1.8713 -35.3515
4 0 23.342 1.2502 -32.5852 23.3245 1.25 -32.5852 23.1425 1.2506 -32.6234 23.51 1.2708 -32.8594
3 0 24 1.9364 -36.0526 24.091 1.9385 -36.0318 24.0735 1.9342 -36.0179
4 0 23.3525 1.1551 -31.1865 23.496 1.1676 -31.3461 23.545 1.1689 -31.3566 23.741 1.1501 -31.0476
3 0 23.587 1.2377 -32.3596 23.433 1.2458 -32.5054 23.4645 1.2457 -32.4985
3 0 23.153 1.4362 -33.859 23.237 1.459 -33.9527 23.3 1.4758 -34.0222
3 0 23.3 1.4758 -34.0222 23.79 1.4162 -33.6577 23.153 1.4362 -33.859
3 0 24.273 1.4289 -33.63 24.2415 1.4145 -33.5744 24.1485 1.5199 -34.0895
3 0 23.6605 1.2536 -32.5818 23.51 1.2708 -32.8594 23.706 1.2551 -32.5956
3 0 23.706 1.2551 -32.5956 23.685 1.2544 -32.5887 23.6605 1.2536 -32.5818
3 0 23.741 1.1293 -30.7422 23.909 1.1303 -30.7283 23.9195 1.1297 -30.7179
4 0 25.0101 1.9442 -35.8263 25.1809 1.9232 -35.6923 24.7 1.8577 -35.4973 24.8995 1.9549 -35.8999
4 0 24.665 1.2717 -32.6789 24.6125 1.2691 -32.6546 24.574 1.2789 -32.797 24.609 1.2802 -32.8074
3 0 22.9815 1.15 -31.1726 22.9815 1.1571 -31.2767 22.9885 1.1498 -31.1691
3 0 25.68 1.7988 -35.0114 25.8305 1.8158 -35.0565 25.841 1.814 -35.0461
4 0 23.951 1.1355 -30.7977 23.9615 1.1365 -30.8116 23.9825 1.1332 -30.7596 23.972 1.1326 -30.7526
4 0 23.356 1.1649 -31.3288 23.4085 1.1657 -31.3323 23.349 1.1558 -31.1969 23.3385 1.1566 -31.2108
3 0 26.66 1.4739 -33.3037 26.548 1.4776 -33.3453 26.513 1.4898 -33.4092
3 0 24.504 1.2553 -32.4915 24.6265 1.2667 -32.6199 24.6475 1.2676 -32.6269
3 0 24.3955 1.1207 -30.5721 24.28 1.1542 -31.0546 24.399 1.1212 -30.5791
3 0 22.236 1.2207 -32.3353 22.222 1.2212 -32.3457 22.397 1.2201 -32.3006
4 0 24.0595 1.0982 -30.2563 24.0525 1.0997 -30.2771 24.105 1.0971 -30.2389 24.0945 1.0963 -30.2285
4 0 26.471 1.3145 -32.613 26.4955 1.3104 -32.5887 26.443 1.3064 -32.5818 26.3905 1.3114 -32.6165
4 0 25.1515 1.2383 -32.1167 25.1795 1.2392 -32.1236 25.1935 1.2344 -32.0542 25.1655 1.2334 -32.0472
4 0 23.5275 1.134 -30.8463 23.552 1.1333 -30.8325 23.496 1.1279 -30.763 23.468 1.1286 -30.7769
3 0 25.701 1.8542 -35.2613 25.722 1.8612 -35.289 25.8935 1.8724 -35.3029
4 0 22.1765 1.2183 -32.311 22.0995 1.2118 -32.2277 22.061 1.2128 -32.2486 22.1555 1.2188 -32.3214
4 0 24.847 1.1796 -31.3843 24.868 1.1804 -31.3913 24.924 1.1724 -31.2698 24.8995 1.17 -31.242
4 0 24.028 1.1715 -31.3149 24.0175 1.1752 -31.3704 24.021 1.175 -31.367 24.035 1.1719 -31.3184
4 0 24.588 1.2014 -31.7245 24.574 1.2009 -31.7175 24.5635 1.2096 -31.8425 24.5775 1.2091 -31.8355
4 0 25.239 1.2361 -32.0681 25.239 1.2402 -32.1236 25.267 1.2401 -32.1167 25.26 1.237 -32.075
4 0 24.352 1.2865 -32.9493 24.084 1.2161 -31.9605 24.0595 1.2185 -31.9987 23.986 1.2424 -32.3631
4 0 24.7 1.6764 -34.6643 24.7 1.5858 -34.2478 24.609 1.6026 -34.345 24.609 1.6063 -34.3623
4 0 22.7155 1.2731 -33.026 22.495 1.2687 -32.9983 22.5265 1.271 -33.026 22.705 1.2744 -33.0469
4 0 22.705 1.2744 -33.0469 22.5265 1.271 -33.026 22.5475 1.2724 -33.0434 22.698 1.2755 -33.0642
3 0 25.407 1.1672 -31.0928 25.414 1.1671 -31.0893 25.414 1.1666 -31.0824
3 0 22.418 1.249 -32.7206 22.432 1.2505 -32.7414 22.53 1.2408 -32.5818
4 0 25.0255 1.1282 -30.645 25.001 1.1268 -30.6311 25.0045 1.1319 -30.7006 25.0185 1.1327 -30.7075
4 0 23.2475 1.8914 -36.0005 23.181 1.8876 -35.9936 23.111 1.8851 -35.9936 23.209 1.9018 -36.0561
4 0 23.0025 1.149 -31.1552 22.9815 1.1571 -31.2767 23.02 1.157 -31.2698 23.013 1.1484 -31.1448
3 0 24.5635 1.1587 -31.1136 24.518 1.1497 -30.9852 24.504 1.1497 -30.9852
4 0 24.84 1.2279 -32.0438 24.819 1.2408 -32.2243 24.833 1.2408 -32.2208 24.861 1.2305 -32.075
3 0 25.176 1.2603 -32.4117 25.197 1.2596 -32.3978 25.1865 1.2584 -32.3839
3 0 25.1865 1.2584 -32.3839 25.1725 1.2575 -32.3735 25.176 1.2603 -32.4117
4 0 23.6885 1.1088 -30.4507 23.741 1.105 -30.3847 23.7235 1.1048 -30.3847 23.685 1.1083 -30.4437
4 0 24.5705 1.1684 -31.2524 24.5635 1.1587 -31.1136 24.504 1.1497 -30.9852 24.28 1.1542 -31.0546
4 0 23.874 1.1847 -31.5336 23.895 1.1982 -31.7279 23.9545 1.1832 -31.4989 23.8915 1.1804 -31.4676
4 0 23.0655 1.1651 -31.3808 23.0935 1.1659 -31.3878 23.0865 1.1597 -31.2975 23.055 1.1598 -31.3045
4 0 22.264 1.2649 -32.9809 22.04 1.2778 -33.2065 22.474 1.2718 -33.0469 22.404 1.2691 -33.0191
4 0 25.1235 1.2373 -32.1097 25.1515 1.2383 -32.1167 25.1655 1.2334 -32.0472 25.1445 1.2325 -32.0403
4 0 22.341 1.2443 -32.6651 22.53 1.2408 -32.5818 22.194 1.2419 -32.6546 22.2115 1.2428 -32.6651
4 0 24.6405 1.1702 -31.2767 24.6265 1.17 -31.2733 24.6405 1.1758 -31.3566 24.6545 1.1763 -31.3635
4 0 25.05 1.1689 -31.1934 25.0325 1.1681 -31.1865 24.9975 1.1746 -31.2837 25.0185 1.1757 -31.2941
4 0 25.0535 1.1829 -31.3843 25.0325 1.1818 -31.3739 24.994 1.1871 -31.4537 25.015 1.1877 -31.4572
4 0 22.04 1.2778 -33.2065 21.9175 1.2709 -33.1267 21.9035 1.271 -33.1302 21.781 1.2824 -33.3176
4 0 22.971 1.1496 -31.1691 22.9395 1.1568 -31.2802 22.9815 1.1571 -31.2767 22.9815 1.15 -31.1726
4 0 21.48 1.2707 -33.1961 21.5115 1.2718 -33.2065 21.529 1.2705 -33.1857 21.501 1.2686 -33.1614
3 0 23.636 1.1335 -30.822 23.741 1.1501 -31.0476 23.6535 1.1323 -30.8012
3 0 21.956 1.3765 -33.7757 21.949 1.3792 -33.7896 22.04 1.3766 -33.7618
4 0 21.4135 1.3142 -33.571 21.375 1.3026 -33.5224 21.368 1.3082 -33.5501 21.4065 1.3177 -33.5883
3 0 25.589 1.8503 -35.2682 25.6485 1.8638 -35.3168 25.6639 1.8559 -35.2772
3 0 24.42 1.7363 -35.0009 24.364 1.7556 -35.1016 24.7 1.752 -35.0114
4 0 25.3055 1.2206 -31.8425 25.295 1.2174 -31.8008 25.281 1.2169 -31.7973 25.281 1.2205 -31.8459
4 0 25.8935 1.8724 -35.3029 25.89 1.8572 -35.2335 25.82 1.8508 -35.2196 25.701 1.8542 -35.2613
3 0 24.581 1.4577 -33.6855 24.7 1.5102 -33.9007 24.6615 1.4812 -33.7757
4 0 23.573 1.2512 -32.5609 23.545 1.2507 -32.5575 23.51 1.2503 -32.5575 23.51 1.2708 -32.8594
4 0 25.015 1.2302 -32.0368 25.036 1.2323 -32.0611 25.0885 1.2273 -31.9813 25.0745 1.2248 -31.9501
4 0 24.8365 1.2627 -32.5193 24.847 1.2711 -32.6304 24.8785 1.2713 -32.6269 24.8715 1.2638 -32.5262
3 0 21.48 1.2707 -33.1961 21.501 1.2728 -33.2239 21.5115 1.2718 -33.2065
4 0 25.2075 1.1951 -31.5162 25.2355 1.1958 -31.5197 25.246 1.1921 -31.4676 25.2285 1.1913 -31.4607
3 0 24.1435 1.2022 -31.7453 24.1435 1.2033 -31.7626 24.352 1.2865 -32.9493
4 0 22.299 1.2148 -32.2381 22.2255 1.2189 -32.311 22.236 1.2197 -32.3214 22.3445 1.2169 -32.2624
4 0 22.8275 1.4094 -33.7861 22.8625 1.4121 -33.7931 22.81 1.3597 -33.5536 22.789 1.4059 -33.7757
4 0 24.518 1.1497 -30.9852 24.5635 1.1587 -31.1136 24.567 1.1575 -31.0962 24.532 1.1492 -30.9782
4 0 26.03 1.7128 -34.5393 26.163 1.7259 -34.5706 26.2085 1.71 -34.4873 26.0685 1.701 -34.4768
3 0 24.7 1.8577 -35.4973 24.84 1.9619 -35.945 24.8995 1.9549 -35.8999
4 0 24.847 1.2415 -32.2277 24.8645 1.2423 -32.2347 24.8995 1.2339 -32.1132 24.882 1.2324 -32.0958
4 0 24.917 1.2495 -32.3214 24.924 1.2522 -32.3562 24.9345 1.2516 -32.3457 24.931 1.2505 -32.3319
3 0 22.348 1.2988 -33.3419 22.369 1.3017 -33.3523 22.7187 1.2865 -33.2218
4 0 23.7445 1.1218 -30.6311 23.706 1.1223 -30.645 23.6745 1.1229 -30.6589 23.741 1.1293 -30.7422
4 0 21.928 1.347 -33.6404 21.97 1.3009 -33.4148 21.921 1.3314 -33.5675 21.921 1.3365 -33.5918
3 0 22.782 1.2699 -32.967 22.761 1.272 -33.0017 22.7187 1.2865 -33.2218
3 0 22.7187 1.2865 -33.2218 22.803 1.268 -32.9358 22.782 1.2699 -32.967
4 0 24.5075 1.134 -30.7596 24.504 1.1444 -30.9088 24.511 1.1441 -30.9053 24.525 1.1345 -30.7665
3 0 23.874 1.1755 -31.3982 23.9405 1.1646 -31.2281 23.93 1.1655 -31.242
3 0 23.93 1.1655 -31.242 23.86 1.1748 -31.3913 23.874 1.1755 -31.3982
3 0 23.748 2.2203 -37.441 23.895 2.1932 -37.2674 23.7473 2.2041 -37.3667
3 0 23.7473 2.2041 -37.3667 23.7403 2.2053 -37.3743 23.748 2.2203 -37.441
3 0 24.532 1.5981 -34.3415 24.56 1.598 -34.3345 24.7 1.5858 -34.2478
4 0 24.7 1.5102 -33.9007 24.5985 1.5099 -33.9215 24.532 1.5981 -34.3415 24.7 1.5858 -34.2478
4 0 24.9345 1.1698 -31.2316 24.9555 1.1717 -31.2524 24.9975 1.1657 -31.1622 24.98 1.1642 -31.1448
4 0 23.587 1.2377 -32.3596 23.8355 1.2315 -32.2277 23.8495 1.2298 -32.2 23.804 1.2139 -31.9744
4 0 24.8995 1.2485 -32.311 24.903 1.2518 -32.3562 24.924 1.2522 -32.3562 24.917 1.2495 -32.3214
4 0 24.063 1.0968 -30.2355 24.0595 1.0982 -30.2563 24.0945 1.0963 -30.2285 24.084 1.0956 -30.2181
4 0 23.7116 2.1941 -37.3327 23.6941 2.1797 -37.2723 23.6724 2.1834 -37.2966 23.692 2.1947 -37.3417
4 0 24.9975 1.2067 -31.721 25.029 1.208 -31.7314 25.085 1.2015 -31.6307 25.064 1.1986 -31.596
3 0 24.1575 1.1654 -31.2177 24.1645 1.1657 -31.2212 24.28 1.1542 -31.0546
3 0 24.8085 1.2016 -31.6932 24.735 1.2186 -31.9397 24.763 1.2185 -31.9327
4 0 25.099 1.2484 -32.2659 25.0815 1.2463 -32.2416 25.057 1.2515 -32.318 25.0745 1.2526 -32.3284
3 0 24.352 1.2865 -32.9493 24.392 1.2696 -32.7067 24.3815 1.2691 -32.6998
3 0 24.4095 1.2697 -32.7067 24.392 1.2696 -32.7067 24.352 1.2865 -32.9493
3 0 24.462 1.6953 -34.8031 24.448 1.7203 -34.9211 24.7 1.752 -35.0114
4 0 24.455 1.6896 -34.7788 24.462 1.6953 -34.8031 24.7 1.752 -35.0114 24.7 1.6764 -34.6643
3 0 24.4585 1.2625 -32.5991 24.5285 1.2644 -32.6095 24.532 1.2637 -32.5991
3 0 23.7632 1.9619 -36.2486 23.769 1.9332 -36.1116 23.713 1.932 -36.1151
4 0 24.966 1.2052 -31.7071 24.9975 1.2067 -31.721 25.064 1.1986 -31.596 25.0395 1.1957 -31.5613
4 0 25.274 1.176 -31.242 25.246 1.1748 -31.2316 25.2495 1.1792 -31.2906 25.2705 1.18 -31.2975
4 0 22.6875 1.8981 -36.1255 22.6665 1.8988 -36.1324 22.53 1.9064 -36.1914 22.81 1.9163 -36.1914
3 0 23.895 2.2476 -37.5173 23.93 2.2487 -37.5104 24.0175 2.249 -37.4826
4 0 24.532 1.5981 -34.3415 24.5985 1.5099 -33.9215 24.5845 1.51 -33.925 24.511 1.5994 -34.3519
4 0 23.7795 1.1189 -30.5826 23.755 1.1176 -30.5687 23.741 1.1177 -30.5721 23.762 1.1189 -30.586
4 0 23.16 1.9374 -36.2331 23.209 1.9362 -36.2192 23.2055 1.9038 -36.0665 23.0445 1.8843 -36.0005
3 0 23.3 1.5 -34.1367 23.244 1.5127 -34.2061 23.356 1.5152 -34.1992
3 0 24.5355 1.4933 -33.859 24.567 1.5008 -33.8868 24.455 1.4139 -33.5119
3 0 24.203 2.0128 -36.3358 24.238 2.0111 -36.3164 24.266 2.0026 -36.2678
4 0 24.4725 1.1322 -30.7353 24.28 1.1542 -31.0546 24.49 1.1468 -30.9435 24.476 1.1327 -30.7422
3 0 23.587 1.2377 -32.3596 23.3945 1.2461 -32.5158 23.433 1.2458 -32.5054
4 0 25.19 1.2167 -31.8147 25.2145 1.2184 -31.8321 25.2285 1.214 -31.7696 25.2145 1.2128 -31.7557
3 0 22.075 1.3778 -33.7618 22.04 1.3912 -33.8313 22.0855 1.3928 -33.8313
3 0 24.161 1.3465 -33.2655 23.79 1.4162 -33.6577 24.1575 1.3544 -33.3037
4 0 23.678 1.2503 -32.5297 23.7025 1.2515 -32.5436 23.986 1.2424 -32.3631 23.587 1.2377 -32.3596
4 0 24.5775 1.1767 -31.3704 24.5705 1.1684 -31.2524 24.28 1.1542 -31.0546 24.574 1.1774 -31.3808
3 0 21.9595 1.231 -32.5332 21.963 1.2325 -32.554 22.019 1.2277 -32.4742
3 0 25.393 1.7896 -35.0322 25.3818 1.7996 -35.0808 25.54 1.7921 -35.0114
3 0 23.944 1.2271 -32.1444 23.986 1.2424 -32.3631 23.972 1.2253 -32.1132
3 0 22.397 1.2201 -32.3006 22.53 1.2408 -32.5818 22.4285 1.2226 -32.3319
4 0 25.0325 1.1681 -31.1865 25.015 1.167 -31.1761 24.973 1.173 -31.2663 24.9975 1.1746 -31.2837
4 0 21.4065 1.3272 -33.6334 21.403 1.3219 -33.6091 21.3505 1.3289 -33.6508 21.3505 1.3347 -33.6785
3 0 26.1294 1.5942 -33.9729 26.261 1.609 -34.0118 26.268 1.6063 -33.9979
4 0 24.8855 1.2538 -32.3874 24.854 1.2528 -32.3805 24.8505 1.2597 -32.4742 24.8715 1.2605 -32.4811
4 0 23.384 1.1359 -30.8984 23.398 1.1358 -30.8949 23.286 1.1314 -30.8498 23.258 1.1318 -30.8602
4 0 21.7495 1.2506 -32.856 21.7985 1.2452 -32.7692 21.781 1.2382 -32.6685 21.641 1.2546 -32.9323
4 0 25.26 1.1605 -31.0338 25.2845 1.1619 -31.0476 25.288 1.1574 -30.9852 25.267 1.156 -30.9713
3 0 23.706 1.1046 -30.3847 23.685 1.1083 -30.4437 23.7235 1.1048 -30.3847
4 0 24.9485 1.1889 -31.4884 24.9135 1.187 -31.4711 24.8435 1.1992 -31.6516 24.868 1.2003 -31.662
3 0 22.2465 1.5405 -34.5046 22.32 1.5475 -34.5254 22.2325 1.5371 -34.4907
3 0 23.6745 1.1096 -30.4645 23.748 1.1128 -30.4993 23.685 1.1095 -30.4611
4 0 23.055 1.1428 -31.0546 23.069 1.1436 -31.065 23.013 1.1343 -30.9366 22.9955 1.1352 -30.9539
4 0 25.2845 1.1963 -31.5162 25.288 1.1936 -31.478 25.267 1.193 -31.4746 25.2635 1.1962 -31.5197
3 0 22.1415 1.2205 -32.3492 22.019 1.2277 -32.4742 22.152 1.2207 -32.3492
3 0 24.1225 1.2104 -31.8702 24.105 1.2135 -31.9188 24.352 1.2865 -32.9493
4 0 24.336 1.1124 -30.4541 24.3955 1.1207 -30.5721 24.4025 1.12 -30.5617 24.3535 1.1129 -30.4611
3 0 25.54 1.7921 -35.0114 25.519 1.8092 -35.0947 25.54 1.8078 -35.0835
3 0 24.352 1.2865 -32.9493 24.105 1.2135 -31.9188 24.084 1.2161 -31.9605
3 0 21.9455 1.2686 -33.0885 22.04 1.2778 -33.2065 21.956 1.2678 -33.0746
4 0 24.161 2.0101 -36.3372 24.203 2.0128 -36.3358 24.266 2.0026 -36.2678 24.21 1.997 -36.2609
4 0 24.28 1.2026 -31.7488 24.532 1.2296 -32.1306 24.546 1.2205 -31.9987 24.5495 1.2108 -31.8598
4 0 23.692 2.1947 -37.3417 23.6724 2.1834 -37.2966 23.6171 2.1913 -37.3514 23.6773 2.1975 -37.3597
3 0 25.54 1.8078 -35.0835 25.568 1.8116 -35.0947 25.54 1.7921 -35.0114
4 0 24.4935 1.2441 -32.3388 24.518 1.2388 -32.2624 24.511 1.2383 -32.2555 24.4795 1.2448 -32.3492
4 0 23.9111 2.1491 -37.0592 23.93 2.161 -37.1077 23.9818 2.1448 -37.0161 23.9321 2.1458 -37.0369
4 0 24.392 2.0938 -36.6496 24.357 2.1186 -36.7711 24.476 2.1009 -36.6635 24.5117 2.0702 -36.5149
4 0 24.798 2.1147 -36.6565 24.665 2.0903 -36.5732 24.56 2.1079 -36.6774 24.6195 2.1304 -36.7676
3 0 25.407 1.8522 -35.3168 25.519 1.8092 -35.0947 25.54 1.7921 -35.0114
3 0 24.546 1.1321 -30.7318 24.553 1.1328 -30.7422 24.49 1.1228 -30.5999
4 0 24.532 1.1313 -30.7214 24.546 1.1321 -30.7318 24.49 1.1228 -30.5999 24.483 1.1233 -30.6068
4 0 24.63 1.1353 -30.7769 24.56 1.1207 -30.5687 24.49 1.1228 -30.5999 24.553 1.1328 -30.7422
3 0 23.5205 1.1105 -30.5027 23.5555 1.1109 -30.5027 23.566 1.1084 -30.4645
4 0 23.503 1.1105 -30.5062 23.5205 1.1105 -30.5027 23.566 1.1084 -30.4645 23.538 1.1081 -30.4645
4 0 26.009 1.4283 -33.2371 26.009 1.4481 -33.328 26.191 1.4379 -33.2412 26.17 1.4346 -33.2308
4 0 24.1575 1.1681 -31.2559 24.1505 1.1691 -31.2698 24.147 1.1734 -31.3323 24.161 1.1729 -31.3253
4 0 25.54 1.7921 -35.0114 25.568 1.8116 -35.0947 25.589 1.8186 -35.1224 25.68 1.8441 -35.2196
4 0 24.7805 1.1969 -31.6342 24.8225 1.183 -31.4364 24.791 1.182 -31.4294 24.693 1.1919 -31.5856
3 0 23.7865 1.5984 -34.522 24.1485 1.5199 -34.0895 23.7305 1.584 -34.463
3 0 23.7305 1.584 -34.463 23.762 1.5924 -34.4977 23.7865 1.5984 -34.522
3 0 21.97 1.3009 -33.4148 22.026 1.2919 -33.3627 22.033 1.2877 -33.3419
3 0 22.0383 1.2865 -33.3353 21.97 1.3009 -33.4148 22.033 1.2877 -33.3419
4 0 22.3445 1.2465 -32.6963 22.341 1.245 -32.6755 22.2395 1.2455 -32.6998 22.278 1.2504 -32.7657
3 0 24.329 1.3197 -33.1093 24.258 1.3943 -33.4761 24.3395 1.3461 -33.2273
3 0 23.3945 1.1372 -30.9158 23.44 1.1424 -30.9852 23.419 1.1374 -30.9158
3 0 24.154 1.1657 -31.2212 24.1575 1.1654 -31.2177 24.28 1.1542 -31.0546
4 0 24.9415 1.1409 -30.8359 24.9065 1.139 -30.8186 24.8785 1.1503 -30.9782 24.9275 1.1521 -30.9921
3 0 24.609 1.2328 -32.1618 24.819 1.2416 -32.2347 24.819 1.2408 -32.2243
4 0 26.0405 1.3889 -33.0493 26.17 1.4067 -33.1024 26.198 1.3853 -32.9983 26.0755 1.3719 -32.9636
3 0 24.1715 1.3754 -33.4009 23.79 1.4162 -33.6577 24.1855 1.3876 -33.4564
3 0 24.352 1.2865 -32.9493 24.133 1.2077 -31.8286 24.1225 1.2104 -31.8702
3 0 23.7235 1.2529 -32.5609 23.741 1.2543 -32.5783 23.986 1.2424 -32.3631
3 0 23.377 1.137 -30.9158 23.44 1.1424 -30.9852 23.3945 1.1372 -30.9158
4 0 26.254 1.6812 -34.345 26.2645 1.6688 -34.2859 26.1245 1.6599 -34.2755 26.1105 1.6788 -34.3658
3 0 23.685 1.9112 -36.0214 23.685 1.9244 -36.0838 23.734 1.9261 -36.0838
3 0 23.685 1.9112 -36.0214 23.734 1.9261 -36.0838 23.783 1.9278 -36.0838
3 0 24.6265 1.2667 -32.6199 24.504 1.2553 -32.4915 24.5705 1.2641 -32.5956
3 0 24.5705 1.2641 -32.5956 24.602 1.2656 -32.6095 24.6265 1.2667 -32.6199
3 0 24.352 1.2865 -32.9493 24.1435 1.2007 -31.7245 24.1435 1.2022 -31.7453
3 0 24.1435 1.1998 -31.7103 24.1435 1.2007 -31.7245 24.352 1.2865 -32.9493
4 0 25.148 1.1865 -31.4121 25.12 1.185 -31.3982 25.106 1.1906 -31.478 25.134 1.1916 -31.485
4 0 24.84 1.2279 -32.0438 24.644 1.2237 -32.0299 24.609 1.2328 -32.1618 24.819 1.2408 -32.2243
3 0 23.9545 1.6761 -34.8621 24.0041 1.6856 -34.899 23.804 1.6049 -34.5497
3 0 21.914 1.3172 -33.5015 21.9158 1.3209 -33.5189 21.97 1.3009 -33.4148
4 0 24.6545 1.1763 -31.3635 24.6685 1.177 -31.3739 24.6615 1.1705 -31.2802 24.6405 1.1702 -31.2767
3 0 21.795 1.2646 -33.0538 21.62 1.2683 -33.1371 21.753 1.2676 -33.1059
4 0 24.7245 1.2597 -32.5019 24.6895 1.269 -32.6373 24.7245 1.2696 -32.6373 24.7455 1.2605 -32.5089
4 0 24.77 1.3156 -32.9913 24.791 1.3196 -33.0052 24.812 1.3108 -32.9601 24.7875 1.3051 -32.9393
4 0 24.273 1.9381 -35.9693 24.343 1.9825 -36.1498 24.352 1.9869 -36.167 24.343 1.8692 -35.6292
4 0 25.8935 1.8724 -35.3029 25.722 1.8612 -35.289 25.7304 1.8716 -35.3348 25.89 1.8844 -35.3584
3 0 21.823 1.3323 -33.5883 21.879 1.3335 -33.5848 21.879 1.3292 -33.564
3 0 21.823 1.3323 -33.5883 21.879 1.3387 -33.6091 21.879 1.3335 -33.5848
4 0 23.258 1.1318 -30.8602 23.223 1.1322 -30.8706 23.3665 1.1359 -30.9019 23.384 1.1359 -30.8984
3 0 23.8565 1.1056 -30.3743 23.9248 1.1088 -30.4108 23.8285 1.1036 -30.35
4 0 25.169 1.1932 -31.4989 25.183 1.1939 -31.5058 25.218 1.1907 -31.4537 25.204 1.1897 -31.4433
3 0 23.5275 1.9166 -36.0734 23.5555 1.9184 -36.0769 23.573 1.9073 -36.0214
4 0 24.448 1.123 -30.6034 24.49 1.131 -30.7179 24.5145 1.1308 -30.7144 24.462 1.1232 -30.6068
4 0 25.106 1.2294 -32.0056 25.0885 1.2273 -31.9813 25.036 1.2323 -32.0611 25.0675 1.2344 -32.082
4 0 25.0395 1.2777 -32.6789 25.0535 1.2782 -32.6824 25.0465 1.2761 -32.6546 25.0325 1.2751 -32.6442
4 0 23.2433 1.9024 -36.0533 23.258 1.9042 -36.0596 23.3455 1.8971 -36.011 23.293 1.8937 -36.004
3 0 24.14 1.1763 -31.3739 24.28 1.2026 -31.7488 24.1645 1.1761 -31.3704
3 0 23.0795 1.1466 -31.1066 23.1775 1.1553 -31.2177 23.083 1.1454 -31.0893
4 0 24.0731 1.1705 -31.2918 24.154 1.1657 -31.2212 24.28 1.1542 -31.0546 24.0326 1.1537 -31.0514
4 0 25.953 1.8723 -35.289 26.037 1.8808 -35.3098 26.058 1.8712 -35.2613 25.946 1.8583 -35.2265
4 0 23.0445 1.8843 -36.0005 23.2055 1.9038 -36.0665 23.209 1.9018 -36.0561 23.111 1.8851 -35.9936
4 0 26.408 1.4407 -33.2065 26.4528 1.43 -33.1475 26.2575 1.4282 -33.1822 26.191 1.4379 -33.2412
4 0 24.9275 1.2357 -32.1306 24.8995 1.2339 -32.1132 24.8645 1.2423 -32.2347 24.8925 1.2438 -32.2486
4 0 24.56 1.1207 -30.5687 24.504 1.1143 -30.4784 24.483 1.1138 -30.4715 24.4375 1.1193 -30.5513
4 0 24.4585 1.2625 -32.5991 24.49 1.2551 -32.4915 24.4795 1.2547 -32.488 24.455 1.2614 -32.5852
4 0 25.043 1.3067 -32.8907 25.0675 1.317 -32.9323 25.1025 1.3179 -32.9288 25.078 1.3084 -32.8907
3 0 22.04 1.2778 -33.2065 22.047 1.2859 -33.3245 22.0645 1.2856 -33.3176
4 0 26.023 1.8227 -35.0461 26.002 1.8111 -34.9975 25.8585 1.8171 -35.0565 25.8795 1.8234 -35.0808
3 0 23.342 1.2502 -32.5852 23.51 1.2708 -32.8594 23.377 1.2502 -32.5783
3 0 23.377 1.2502 -32.5783 23.356 1.2502 -32.5818 23.342 1.2502 -32.5852
3 0 23.916 1.1403 -30.8741 23.9055 1.1397 -30.8672 23.741 1.1501 -31.0476
3 0 23.741 1.1501 -31.0476 23.923 1.141 -30.8845 23.916 1.1403 -30.8741
3 0 23.846 1.1338 -30.7908 23.916 1.131 -30.7387 23.909 1.1303 -30.7283
4 0 23.825 1.1345 -30.8047 23.846 1.1338 -30.7908 23.909 1.1303 -30.7283 23.741 1.1293 -30.7422
4 0 25.2635 1.1962 -31.5197 25.267 1.193 -31.4746 25.246 1.1921 -31.4676 25.2355 1.1958 -31.5197
4 0 26.59 1.3671 -32.8282 26.5795 1.3635 -32.8143 26.5585 1.3625 -32.8143 26.5445 1.3656 -32.8317
4 0 22.5265 1.9195 -36.2539 22.5615 1.9251 -36.2747 22.53 1.9064 -36.1914 22.488 1.9123 -36.2262
3 0 24 1.9364 -36.0526 23.7632 1.9619 -36.2486 23.825 1.9691 -36.2609
3 0 24.014 1.8951 -35.8582 24.021 1.9009 -35.8825 24.07 1.8962 -35.8444
4 0 23.8775 1.1672 -31.2767 23.783 1.1744 -31.3982 23.8145 1.1743 -31.3913 23.902 1.1668 -31.2663
4 0 22.922 1.1561 -31.2733 22.9395 1.1568 -31.2802 22.971 1.1496 -31.1691 22.9675 1.1491 -31.1622
4 0 25.701 1.9116 -35.525 25.82 1.9279 -35.5736 25.848 1.9171 -35.5181 25.7255 1.8931 -35.4348
4 0 22.0785 1.2435 -32.6963 22.096 1.2411 -32.6581 22.0995 1.238 -32.613 22.0505 1.2464 -32.7449
3 0 23.804 1.2139 -31.9744 23.916 1.2239 -32.1028 23.937 1.222 -32.0715
4 0 23.223 1.1322 -30.8706 23.1915 1.1323 -30.8776 23.356 1.1363 -30.9088 23.3665 1.1359 -30.9019
4 0 23.363 1.1368 -30.9158 23.356 1.1363 -30.9088 23.1915 1.1323 -30.8776 23.111 1.1318 -30.8845
3 0 21.8685 1.2368 -32.6338 21.781 1.2382 -32.6685 21.8195 1.2422 -32.7206
3 0 21.8195 1.2422 -32.7206 21.844 1.2396 -32.6789 21.8685 1.2368 -32.6338
3 0 23.5135 1.2205 -32.1201 23.587 1.2377 -32.3596 23.5765 1.2165 -32.0507
3 0 23.4785 1.1374 -30.9053 23.44 1.1424 -30.9852 23.503 1.1372 -30.8984
4 0 26.1105 1.6788 -34.3658 26.093 1.6901 -34.4213 26.24 1.6956 -34.4144 26.254 1.6812 -34.345
3 0 22.7435 1.2737 -33.0295 22.7187 1.2865 -33.2218 22.761 1.272 -33.0017
3 0 23.923 1.141 -30.8845 23.741 1.1501 -31.0476 23.9335 1.1419 -30.8949
4 0 24.6895 1.179 -31.4017 24.7387 1.1782 -31.3893 24.679 1.1705 -31.2802 24.679 1.1778 -31.3843
4 0 25.0675 1.1317 -30.6832 25.05 1.1299 -30.6624 25.0325 1.1334 -30.7144 25.05 1.1339 -30.7179
4 0 24.119 1.0981 -30.2528 24.105 1.0971 -30.2389 24.0525 1.0997 -30.2771 24.0455 1.1011 -30.2979
3 0 23.363 1.1368 -30.9158 23.44 1.1424 -30.9852 23.377 1.137 -30.9158
3 0 22.18 1.4628 -34.1471 22.11 1.4669 -34.1784 22.194 1.4662 -34.161
3 0 23.363 1.4934 -34.0951 23.426 1.5103 -34.1645 23.489 1.5257 -34.2269
4 0 24.112 1.7308 -35.0704 23.9965 1.8878 -35.8305 24.14 1.8378 -35.5528 24.1365 1.7356 -35.0842
3 0 23.9965 1.8878 -35.8305 24.014 1.8951 -35.8582 24.07 1.8962 -35.8444
4 0 24.567 1.1343 -30.763 24.5845 1.1447 -30.9123 24.609 1.1448 -30.9123 24.63 1.1353 -30.7769
4 0 24.352 2.1321 -36.8341 24.273 2.1413 -36.903 24.259 2.1433 -36.9169 24.352 2.1658 -36.9889
4 0 24.3885 1.2674 -32.6755 24.42 1.2614 -32.5887 24.413 1.2609 -32.5818 24.3745 1.2677 -32.6789
3 0 22.6875 1.8981 -36.1255 22.81 1.9163 -36.1914 22.7015 1.8956 -36.1116
3 0 23.93 2.161 -37.1077 23.9944 2.1604 -37.0835 23.993 2.158 -37.073
3 0 24.651 1.2032 -31.7488 24.6497 1.2031 -31.7483 24.644 1.211 -31.8564
4 0 24.6195 1.1603 -31.1344 24.665 1.1686 -31.2524 24.672 1.1693 -31.2628 24.6335 1.1605 -31.1379
3 0 23.3245 1.2479 -32.554 23.1425 1.2506 -32.6234 23.3175 1.249 -32.5713
4 0 24.1085 1.9292 -35.9832 24.0245 1.9087 -35.9172 24.007 1.915 -35.952 24.0903 1.9317 -36.0005
4 0 26.247 1.7307 -34.574 26.3975 1.7636 -34.692 26.45 1.7464 -34.6018 26.275 1.7214 -34.5254
4 0 24.455 1.6896 -34.7788 24.7 1.6764 -34.6643 24.4655 1.6335 -34.5185 24.4515 1.6396 -34.5497
4 0 25.015 1.1877 -31.4572 25.05 1.189 -31.4676 25.078 1.1836 -31.3878 25.0535 1.1829 -31.3843
4 0 23.6045 1.1318 -30.8012 23.6255 1.1311 -30.7873 23.58 1.1256 -30.7144 23.5625 1.1263 -30.7283
4 0 23.601 1.1249 -30.7006 23.58 1.1256 -30.7144 23.6255 1.1311 -30.7873 23.6395 1.1305 -30.7769
3 0 23.6444 2.2102 -37.4291 23.5933 2.2228 -37.5041 23.6612 2.2128 -37.4354
4 0 25.155 1.1925 -31.4919 25.169 1.1932 -31.4989 25.204 1.1897 -31.4433 25.176 1.188 -31.426
3 0 22.7295 1.275 -33.0503 22.7187 1.2865 -33.2218 22.7435 1.2737 -33.0295
4 0 24.28 1.2026 -31.7488 24.5495 1.2108 -31.8598 24.553 1.2101 -31.8494 24.56 1.1997 -31.7002
3 0 24.56 1.1207 -30.5687 24.63 1.1218 -30.5826 24.6055 1.1201 -30.5583
4 0 21.8825 1.3161 -33.5015 21.7875 1.2865 -33.3771 21.823 1.3323 -33.5883 21.879 1.3189 -33.5154
3 0 25.351 1.7664 -34.935 24.7 1.752 -35.0114 25.3335 1.7686 -34.9489
4 0 23.4645 1.5805 -34.4907 23.6675 1.6228 -34.6573 23.244 1.5127 -34.2061 23.3455 1.5529 -34.3797
4 0 25.33 1.22 -31.8286 25.323 1.2189 -31.8147 25.309 1.2181 -31.8078 25.3195 1.2206 -31.839
4 0 21.501 1.2728 -33.2239 21.48 1.2707 -33.1961 21.459 1.2735 -33.2412 21.4905 1.2743 -33.2482
4 0 23.8187 2.1706 -37.189 23.895 2.1932 -37.2674 23.93 2.161 -37.1077 23.8558 2.1653 -37.1522
3 0 22.369 1.2453 -32.6755 22.383 1.2462 -32.6859 22.53 1.2408 -32.5818
4 0 23.6185 1.1066 -30.4298 23.6395 1.1071 -30.4333 23.6395 1.1043 -30.3917 23.6185 1.1043 -30.3951
4 0 26.037 1.8068 -34.9697 26.037 1.766 -34.7823 26.009 1.7692 -34.8031 26.0006 1.8068 -34.978
4 0 24.7735 2.0864 -36.5316 24.777 2.0911 -36.5524 24.854 2.0917 -36.5385 24.847 2.0681 -36.4316
4 0 22.887 1.2595 -32.797 22.894 1.2598 -32.8004 23.1425 1.2506 -32.6234 22.866 1.2493 -32.6512
4 0 22.894 1.148 -31.1587 22.894 1.1499 -31.1865 22.9675 1.1472 -31.1344 22.8975 1.1464 -31.1344
4 0 24.7385 1.2451 -32.3006 24.609 1.2328 -32.1618 24.5775 1.2412 -32.2833 24.7385 1.2459 -32.311
4 0 24.546 1.2374 -32.2381 24.5565 1.2381 -32.2451 24.567 1.2314 -32.1514 24.5565 1.231 -32.1479
4 0 24.105 1.1712 -31.301 24.091 1.1714 -31.3045 24.0945 1.1745 -31.3496 24.1155 1.1741 -31.3427
4 0 24.091 1.1714 -31.3045 24.0762 1.1718 -31.3104 24.0833 1.1747 -31.3528 24.0945 1.1745 -31.3496
3 0 22.068 1.3417 -33.5918 22.04 1.3766 -33.7618 22.0715 1.3638 -33.6959
4 0 24.161 1.9043 -35.8513 24.133 1.931 -35.9832 24.133 1.9363 -36.0075 24.1995 1.9313 -35.9624
4 0 24.021 1.9009 -35.8825 24.0245 1.9087 -35.9172 24.1085 1.9292 -35.9832 24.07 1.8962 -35.8444
4 0 24.4235 1.2602 -32.5713 24.4585 1.254 -32.4811 24.448 1.2532 -32.4707 24.413 1.2609 -32.5818
4 0 24.798 2.1147 -36.6565 24.742 2.0962 -36.5837 24.728 2.0933 -36.5732 24.665 2.0903 -36.5732
4 0 22.894 1.1499 -31.1865 22.8975 1.1516 -31.2108 22.964 1.1484 -31.1518 22.9675 1.1472 -31.1344
3 0 22.2255 1.2916 -33.328 22.1835 1.2989 -33.3696 22.243 1.2944 -33.3384
3 0 21.781 1.2382 -32.6685 21.802 1.2441 -32.7518 21.8195 1.2422 -32.7206
3 0 23.825 1.1076 -30.409 23.748 1.1128 -30.4993 23.839 1.1082 -30.416
4 0 24.9975 1.2286 -32.0195 25.015 1.2302 -32.0368 25.0745 1.2248 -31.9501 25.0605 1.2218 -31.9119
4 0 25.1725 1.3061 -32.8594 25.225 1.3094 -32.8629 25.2285 1.3058 -32.8455 25.1935 1.3049 -32.849
4 0 24.224 1.8923 -35.7749 24.3115 1.8684 -35.6361 24.301 1.8601 -35.6014 24.21 1.8716 -35.6847
4 0 24.294 1.8543 -35.5771 24.21 1.8474 -35.5736 24.21 1.8716 -35.6847 24.301 1.8601 -35.6014
4 0 23.8005 1.1196 -30.5895 23.9323 1.1119 -30.455 23.7655 1.1173 -30.5617 23.79 1.119 -30.5826
4 0 24.028 1.1117 -30.4507 24.014 1.134 -30.77 24.0175 1.1347 -30.7804 24.28 1.1542 -31.0546
4 0 24.966 1.1858 -31.4433 24.994 1.1871 -31.4537 25.0325 1.1818 -31.3739 25.0115 1.1802 -31.3566
4 0 23.461 1.1089 -30.4888 23.447 1.1092 -30.4958 23.4435 1.1098 -30.5062 23.4505 1.1102 -30.5097
3 0 24.476 1.1213 -30.5791 24.483 1.1221 -30.5895 24.56 1.1207 -30.5687
3 0 23.076 1.4819 -34.0881 23.2055 1.5201 -34.2478 23.3455 1.5529 -34.3797
4 0 25.05 1.1299 -30.6624 25.0255 1.1282 -30.645 25.0185 1.1327 -30.7075 25.0325 1.1334 -30.7144
3 0 23.4855 1.2221 -32.1479 23.587 1.2377 -32.3596 23.5135 1.2205 -32.1201
4 0 24.889 1.3296 -33.0295 24.8715 1.325 -33.0121 24.847 1.3314 -33.0469 24.868 1.3362 -33.0642
4 0 25.1235 1.2309 -32.023 25.106 1.2294 -32.0056 25.0675 1.2344 -32.082 25.099 1.2361 -32.0993
4 0 24.791 1.3196 -33.0052 24.812 1.3237 -33.0191 24.8295 1.3147 -32.974 24.812 1.3108 -32.9601
4 0 26.3905 1.3114 -32.6165 26.3415 1.3167 -32.6512 26.4528 1.3186 -32.6359 26.471 1.3145 -32.613
4 0 21.9175 1.3261 -33.5432 21.921 1.3314 -33.5675 21.97 1.3009 -33.4148 21.9158 1.3209 -33.5189
3 0 22.2465 1.5405 -34.5046 22.2605 1.5462 -34.5289 22.32 1.5475 -34.5254
3 0 24.567 1.6104 -34.3901 24.7 1.6764 -34.6643 24.595 1.6087 -34.3762
3 0 24.7875 1.1515 -31.006 24.6685 1.1608 -31.1414 24.8085 1.1523 -31.0164
4 0 24.861 1.3615 -33.1822 24.847 1.3578 -33.1683 24.8365 1.3656 -33.2065 24.8575 1.3689 -33.2169
4 0 21.8965 1.2263 -32.4742 21.781 1.2382 -32.6685 21.8685 1.2368 -32.6338 21.8965 1.2341 -32.5887
4 0 22.81 1.9163 -36.1914 22.53 1.9064 -36.1914 22.5615 1.9251 -36.2747 22.6385 1.9344 -36.306
4 0 24.798 1.3389 -33.092 24.7735 1.3301 -33.0573 24.735 1.3442 -33.1302 24.7665 1.3502 -33.151
4 0 24.9905 1.1315 -30.6971 25.0045 1.1319 -30.7006 25.001 1.1268 -30.6311 24.973 1.1253 -30.6173
4 0 24.798 1.3578 -33.1787 24.8155 1.3616 -33.1926 24.833 1.3534 -33.151 24.819 1.3482 -33.1302
3 0 21.956 1.2539 -32.8698 22.019 1.2492 -32.79 22.0505 1.2464 -32.7449
4 0 25.407 1.8522 -35.3168 25.351 1.8911 -35.5077 25.407 1.8764 -35.4279 25.456 1.8591 -35.3376
3 0 24.7 1.5858 -34.2478 24.56 1.598 -34.3345 24.588 1.5993 -34.3345
3 0 21.8825 1.3447 -33.6369 21.837 1.3526 -33.682 21.886 1.3492 -33.6577
3 0 23.727 2.206 -37.3819 23.748 2.2203 -37.441 23.7403 2.2053 -37.3743
3 0 23.3595 1.2304 -32.2902 23.328 1.2333 -32.3388 23.587 1.2377 -32.3596
3 0 23.587 1.2377 -32.3596 23.4015 1.2268 -32.2312 23.3595 1.2304 -32.2902
3 0 23.2475 1.485 -34.0742 23.244 1.5127 -34.2061 23.3 1.5 -34.1367
4 0 24.8925 1.1309 -30.7075 24.847 1.1247 -30.6207 24.812 1.1247 -30.6207 24.8645 1.1316 -30.7179
3 0 25.393 1.782 -34.9975 25.393 1.7896 -35.0322 25.54 1.7921 -35.0114
3 0 24.2905 1.8397 -35.5112 24.21 1.8474 -35.5736 24.2905 1.8472 -35.5459
4 0 24.847 1.1796 -31.3843 24.8995 1.17 -31.242 24.896 1.1692 -31.2316 24.826 1.1787 -31.3774
3 0 23.741 1.1293 -30.7422 23.811 1.1353 -30.8186 23.825 1.1345 -30.8047
4 0 21.697 1.322 -33.5605 21.4345 1.312 -33.5571 21.445 1.3146 -33.5675 21.683 1.3267 -33.5848
3 0 23.5905 1.1356 -30.8602 23.741 1.1501 -31.0476 23.615 1.1347 -30.8429
4 0 24.665 1.2131 -31.8806 24.6685 1.2144 -31.898 24.7 1.2042 -31.7522 24.672 1.2038 -31.7522
4 0 22.355 1.5612 -34.5844 22.32 1.5475 -34.5254 22.285 1.5734 -34.6539 22.3095 1.5713 -34.64
4 0 23.692 2.206 -37.3937 23.6899 2.2093 -37.4097 23.6906 2.2133 -37.4278 23.748 2.2203 -37.441
4 0 22.2605 1.5491 -34.5428 22.257 1.5724 -34.6539 22.285 1.5734 -34.6539 22.32 1.5475 -34.5254
3 0 23.51 1.2708 -32.8594 22.7187 1.2865 -33.2218 24.352 1.2865 -32.9493
3 0 23.818 1.138 -30.8567 23.741 1.1501 -31.0476 23.8285 1.1378 -30.8533
3 0 21.97 1.462 -34.1784 22.11 1.5108 -34.3866 22.32 1.5475 -34.5254
4 0 22.383 1.5117 -34.345 22.32 1.4889 -34.2478 21.97 1.462 -34.1784 22.32 1.5475 -34.5254
4 0 24.672 1.1802 -31.419 24.6545 1.1799 -31.4156 24.679 1.1894 -31.5509 24.686 1.1904 -31.5648
4 0 24.9345 1.1843 -31.4294 24.966 1.1858 -31.4433 25.0115 1.1802 -31.3566 24.9765 1.1771 -31.3218
4 0 25.1375 1.1585 -31.0338 25.127 1.1502 -30.9227 25.092 1.1497 -30.9227 25.106 1.158 -31.0338
4 0 23.9685 1.2195 -32.0299 23.993 1.217 -31.9882 23.804 1.2139 -31.9744 23.937 1.222 -32.0715
4 0 25.3265 1.1641 -31.0685 25.3475 1.1652 -31.0789 25.3475 1.1617 -31.0303 25.33 1.1604 -31.0164
4 0 22.0505 1.2464 -32.7449 21.956 1.2475 -32.7761 21.837 1.2615 -33.0017 21.956 1.2539 -32.8698
3 0 21.837 1.2615 -33.0017 21.9105 1.2569 -32.9219 21.956 1.2539 -32.8698
4 0 24.588 1.2297 -32.1236 24.5985 1.2306 -32.134 24.616 1.2233 -32.0299 24.602 1.2228 -32.0264
4 0 24.427 1.4639 -33.748 24.4655 1.4748 -33.7896 24.455 1.4139 -33.5119 24.392 1.4524 -33.7028
3 0 23.839 1.0999 -30.2945 23.9248 1.1088 -30.4108 23.8495 1.0986 -30.2736
3 0 24.352 1.2865 -32.9493 24.14 1.2054 -31.7939 24.133 1.2077 -31.8286
4 0 24.9835 1.191 -31.5093 24.9485 1.1889 -31.4884 24.868 1.2003 -31.662 24.8995 1.2016 -31.6724
4 0 24.0455 1.1011 -30.2979 24.0385 1.1023 -30.3153 24.133 1.0991 -30.2667 24.119 1.0981 -30.2528
4 0 25.0745 1.2098 -31.7453 25.1025 1.2107 -31.7522 25.1375 1.2052 -31.6689 25.1095 1.2037 -31.655
4 0 24.581 1.1571 -31.0893 24.546 1.1488 -30.9713 24.532 1.1492 -30.9782 24.567 1.1575 -31.0962
3 0 24.0731 1.1705 -31.2918 24.084 1.1699 -31.2837 24.0945 1.1695 -31.2767
3 0 24.7525 1.1345 -30.763 24.63 1.1353 -30.7769 24.7665 1.1486 -30.9643
3 0 24.7665 1.1486 -30.9643 24.756 1.1353 -30.7734 24.7525 1.1345 -30.763
3 0 21.445 1.2776 -33.3037 21.445 1.2797 -33.3349 21.652 1.2865 -33.3997
3 0 21.445 1.2776 -33.3037 21.652 1.2865 -33.3997 21.6515 1.2863 -33.3974
4 0 24.567 1.239 -32.2555 24.574 1.2397 -32.2624 24.595 1.2324 -32.1583 24.581 1.2319 -32.1548
3 0 22.369 1.3017 -33.3523 22.397 1.3056 -33.3662 22.7187 1.2865 -33.2218
4 0 21.9 1.3863 -33.8313 21.97 1.462 -34.1784 22.11 1.4669 -34.1784 22.1625 1.4314 -34.0013
3 0 21.823 1.3323 -33.5883 21.879 1.3292 -33.564 21.879 1.3233 -33.5362
4 0 25.82 1.8508 -35.2196 25.8305 1.8211 -35.0808 25.8305 1.8158 -35.0565 25.68 1.7988 -35.0114
3 0 23.545 1.1689 -31.3566 23.594 1.1704 -31.3704 23.741 1.1501 -31.0476
3 0 23.9248 1.1088 -30.4108 23.8565 1.1056 -30.3743 23.8985 1.1079 -30.4021
4 0 24.9905 1.2752 -32.6546 25.0045 1.2759 -32.6616 25.001 1.2725 -32.6165 24.9835 1.2712 -32.6026
4 0 25.1025 1.2107 -31.7522 25.127 1.2119 -31.7626 25.169 1.2075 -31.6932 25.1375 1.2052 -31.6689
4 0 24.9223 1.2865 -32.8241 24.8015 1.277 -32.7206 24.7595 1.2852 -32.8421 24.7876 1.2865 -32.8537
3 0 24.2065 1.1711 -31.2975 24.21 1.1716 -31.3045 24.28 1.1542 -31.0546
4 0 24.8925 1.3358 -33.0573 24.889 1.3296 -33.0295 24.868 1.3362 -33.0642 24.882 1.3383 -33.0712
4 0 24.7 1.8577 -35.4973 24.434 2.0248 -36.3233 24.742 2.0018 -36.1498 24.756 1.9873 -36.0804
3 0 24.056 2.1853 -37.1772 24.056 2.214 -37.3091 24.0861 2.2116 -37.2882
3 0 24.0861 2.2116 -37.2882 24.105 2.21 -37.2743 24.056 2.1853 -37.1772
4 0 21.55 1.2701 -33.1753 21.62 1.2683 -33.1371 21.529 1.2656 -33.1128 21.5395 1.2702 -33.1787
4 0 25.393 1.1647 -31.0615 25.379 1.1637 -31.0511 25.379 1.1665 -31.0893 25.3965 1.167 -31.0928
4 0 25.1795 1.1587 -31.0268 25.176 1.1513 -30.9262 25.155 1.1507 -30.9227 25.162 1.1587 -31.0303
4 0 24.4795 1.2455 -32.3596 24.448 1.2532 -32.4707 24.4655 1.2525 -32.4603 24.49 1.246 -32.3666
4 0 24.532 1.2476 -32.3805 24.518 1.2472 -32.377 24.49 1.2533 -32.4672 24.497 1.254 -32.4742
3 0 21.9175 1.2709 -33.1267 22.04 1.2778 -33.2065 21.928 1.2701 -33.1128
4 0 24.6125 1.1697 -31.2698 24.6195 1.1758 -31.3566 24.6405 1.1758 -31.3566 24.6265 1.17 -31.2733
4 0 25.3195 1.2206 -31.839 25.309 1.2181 -31.8078 25.295 1.2174 -31.8008 25.3055 1.2206 -31.8425
4 0 24.9975 1.249 -32.2972 25.029 1.2503 -32.3076 25.057 1.2439 -32.2139 25.0325 1.2417 -32.1896
4 0 23.146 1.4536 -33.9423 23.244 1.5127 -34.2061 23.2475 1.485 -34.0742 23.195 1.4685 -34.0048
4 0 21.4485 1.3177 -33.5814 21.662 1.3325 -33.6161 21.683 1.3267 -33.5848 21.445 1.3146 -33.5675
4 0 23.5835 1.1114 -30.5062 23.615 1.1123 -30.5131 23.6255 1.1093 -30.468 23.601 1.109 -30.468
4 0 24.805 1.1973 -31.6342 24.8225 1.1981 -31.6412 24.882 1.1855 -31.4572 24.8505 1.1842 -31.4468
4 0 25.0185 1.1559 -31.0233 25.05 1.1569 -31.0303 25.043 1.1473 -30.9019 25.0115 1.1453 -30.881
4 0 22.0435 1.2601 -32.9462 22.0015 1.2596 -32.9462 21.9525 1.2654 -33.0399 21.963 1.266 -33.0469
3 0 23.8824 2.1579 -37.1091 23.93 2.161 -37.1077 23.9111 2.1491 -37.0592
3 0 23.9111 2.1491 -37.0592 23.8957 2.1526 -37.0807 23.8824 2.1579 -37.1091
3 0 22.152 1.2207 -32.3492 22.019 1.2277 -32.4742 22.1695 1.2209 -32.3492
4 0 23.531 1.5557 -34.3623 23.4715 1.5434 -34.3137 23.244 1.5127 -34.2061 23.6675 1.6228 -34.6573
3 0 21.9315 1.2371 -32.6269 21.956 1.2475 -32.7761 21.956 1.2345 -32.5852
3 0 23.9818 2.1448 -37.0161 24.014 2.1528 -37.0418 24.028 2.1515 -37.0314
3 0 24.1645 1.1761 -31.3704 24.28 1.2026 -31.7488 24.175 1.1756 -31.3635
4 0 23.86 1.0952 -30.2216 23.8915 1.0965 -30.2355 23.881 1.095 -30.2146 23.867 1.0941 -30.2042
4 0 23.538 1.1081 -30.4645 23.503 1.1082 -30.4715 23.482 1.1105 -30.5097 23.503 1.1105 -30.5062
3 0 23.741 1.1501 -31.0476 23.79 1.166 -31.2733 23.7935 1.1651 -31.2594
3 0 23.741 1.1501 -31.0476 23.993 1.1589 -31.1344 24.0035 1.1583 -31.124
3 0 22.894 1.2603 -32.8074 22.88 1.2615 -32.8282 23.1425 1.2506 -32.6234
4 0 25.33 1.8244 -35.2057 24.7 1.752 -35.0114 25.351 1.8911 -35.5077 25.407 1.8522 -35.3168
4 0 25.4035 1.1875 -31.3704 25.4035 1.1868 -31.36 25.379 1.1874 -31.3739 25.386 1.188 -31.3808
4 0 25.0045 1.2759 -32.6616 25.0255 1.277 -32.672 25.0185 1.2738 -32.6304 25.001 1.2725 -32.6165
3 0 22.81 1.9163 -36.1914 22.908 1.9351 -36.2643 22.929 1.93 -36.2366
3 0 24.7735 1.1508 -30.9956 24.6685 1.1608 -31.1414 24.7875 1.1515 -31.006
4 0 21.956 1.2475 -32.7761 21.8335 1.2454 -32.7657 21.816 1.2461 -32.7796 21.7495 1.2506 -32.856
3 0 24.504 1.1143 -30.4784 24.56 1.1207 -30.5687 24.532 1.1153 -30.4923
3 0 24.9415 1.1307 -30.6971 24.9306 1.1245 -30.6151 24.924 1.1306 -30.7006
3 0 24.0035 2.1611 -37.0835 24.056 2.1853 -37.1772 24.0175 2.1621 -37.0835
3 0 24.532 1.2637 -32.5991 24.5495 1.2635 -32.5922 24.504 1.2553 -32.4915
4 0 23.153 1.4362 -33.859 23.79 1.4162 -33.6577 24.352 1.2865 -32.9493 23.118 1.4292 -33.8313
4 0 25.162 1.1587 -31.0303 25.155 1.1507 -30.9227 25.127 1.1502 -30.9227 25.1375 1.1585 -31.0338
3 0 26.016 1.9312 -35.5459 26.037 1.9367 -35.5667 26.0405 1.9308 -35.5389
3 0 24.843 1.149 -30.9686 24.8715 1.1376 -30.8047 24.84 1.149 -30.9678
4 0 24.875 1.3645 -33.1926 24.875 1.3712 -33.2239 24.896 1.3723 -33.2239 24.8855 1.3665 -33.1996
4 0 21.431 1.3507 -33.741 21.515 1.3464 -33.7063 21.4345 1.3304 -33.6438 21.424 1.3314 -33.6508
4 0 24.0385 1.175 -31.3635 24.0455 1.172 -31.3184 24.035 1.1719 -31.3184 24.021 1.175 -31.367
3 0 23.587 1.2377 -32.3596 23.8355 1.2325 -32.2416 23.8355 1.2315 -32.2277
3 0 23.8705 1.2317 -32.2243 23.986 1.2424 -32.3631 23.8915 1.2305 -32.2034
4 0 21.9 1.3599 -33.7063 21.893 1.3545 -33.682 21.844 1.3638 -33.7341 21.8545 1.3803 -33.8104
3 0 25.5715 2.0006 -35.9624 25.5995 2.0057 -35.9797 25.596 1.9972 -35.9415
3 0 25.7885 1.9377 -35.6257 25.82 1.9279 -35.5736 25.701 1.9116 -35.525
3 0 22.026 1.2919 -33.3627 21.97 1.3009 -33.4148 22.0295 1.3 -33.4009
3 0 23.846 1.1338 -30.7908 23.867 1.1333 -30.7804 23.9265 1.1312 -30.7387
3 0 23.9265 1.1312 -30.7387 23.916 1.131 -30.7387 23.846 1.1338 -30.7908
4 0 21.354 1.3217 -33.6161 21.3505 1.3289 -33.6508 21.403 1.3219 -33.6091 21.4065 1.3177 -33.5883
3 0 23.419 1.1374 -30.9158 23.44 1.1424 -30.9852 23.4505 1.1376 -30.9123
3 0 24.1785 1.1722 -31.3149 24.189 1.1718 -31.308 24.1645 1.1664 -31.2316
3 0 26.009 1.7692 -34.8031 25.9845 1.7665 -34.7962 25.68 1.7988 -35.0114
4 0 24.1715 1.1725 -31.3184 24.1785 1.1722 -31.3149 24.1645 1.1664 -31.2316 24.161 1.1671 -31.242
3 0 24.8925 1.3676 -33.203 24.8855 1.3665 -33.1996 24.896 1.3723 -33.2239
3 0 24.896 1.3723 -33.2239 24.8995 1.3694 -33.21 24.8925 1.3676 -33.203
3 0 25.596 1.8295 -35.171 25.596 1.8401 -35.2196 25.68 1.8441 -35.2196
3 0 21.928 1.2701 -33.1128 22.04 1.2778 -33.2065 21.9455 1.2686 -33.0885
3 0 21.9455 1.2686 -33.0885 21.935 1.2695 -33.1024 21.928 1.2701 -33.1128
3 0 24.1365 1.7356 -35.0842 24.154 1.8131 -35.4348 24.182 1.7925 -35.3307
4 0 24.686 1.147 -30.9435 24.672 1.147 -30.9435 24.658 1.1591 -31.1171 24.665 1.1598 -31.1275
3 0 24.231 1.8142 -35.414 24.2905 1.8336 -35.4834 24.294 1.8263 -35.4487
4 0 25.89 1.8844 -35.3584 25.7304 1.8716 -35.3348 25.7304 1.8814 -35.38 25.869 1.906 -35.4626
3 0 26.317 1.6464 -34.1714 26.3205 1.6632 -34.2478 26.5018 1.6744 -34.2596
3 0 24.189 1.1749 -31.3531 24.28 1.2026 -31.7488 24.196 1.174 -31.3392
3 0 26.0195 1.4682 -33.4182 26.331 1.4673 -33.3453 26.359 1.4535 -33.2759
3 0 24.056 1.1094 -30.416 24.056 1.1101 -30.4264 24.14 1.1056 -30.3604
4 0 22.3725 1.5494 -34.5254 22.383 1.5373 -34.4664 22.3865 1.5242 -34.404 22.32 1.5475 -34.5254
4 0 26.66 1.4739 -33.3037 26.66 1.4558 -33.2204 26.576 1.4654 -33.2829 26.548 1.4776 -33.3453
3 0 22.292 1.2917 -33.3176 22.3165 1.2948 -33.328 22.7187 1.2865 -33.2218
3 0 24.07 1.8962 -35.8444 24.161 1.9043 -35.8513 24.147 1.8836 -35.7611
4 0 24.7455 1.2605 -32.5089 24.7245 1.2696 -32.6373 24.777 1.2704 -32.6373 24.8015 1.2617 -32.5123
4 0 23.44 1.1424 -30.9852 23.363 1.1368 -30.9158 23.111 1.1318 -30.8845 23.069 1.1323 -30.8984
3 0 23.377 1.2502 -32.5783 23.51 1.2708 -32.8594 23.398 1.2499 -32.5713
3 0 24.588 1.1595 -31.124 24.5985 1.1663 -31.2212 24.6265 1.1663 -31.2212
3 0 24.352 1.9869 -36.167 24.352 1.827 -35.4324 24.343 1.8639 -35.6049
3 0 24.343 1.8639 -35.6049 24.343 1.8692 -35.6292 24.352 1.9869 -36.167
3 0 25.197 1.1587 -31.0233 25.2145 1.159 -31.0233 25.218 1.1532 -30.9435
3 0 24.693 1.1919 -31.5856 24.791 1.182 -31.4294 24.763 1.1808 -31.419
4 0 25.1795 1.1587 -31.0268 25.197 1.1587 -31.0233 25.218 1.1532 -30.9435 25.197 1.1521 -30.9331
4 0 22.6315 1.8932 -36.1116 22.6315 1.891 -36.1012 22.607 1.8828 -36.0665 22.537 1.8876 -36.1012
4 0 26.0195 1.4682 -33.4182 26.044 1.4943 -33.5328 26.31 1.4965 -33.4842 26.3121 1.4902 -33.455
4 0 23.587 1.2377 -32.3596 23.986 1.2424 -32.3631 23.853 1.2324 -32.2381 23.8355 1.2325 -32.2416
3 0 23.972 1.1598 -31.1518 23.986 1.1592 -31.1414 23.993 1.1589 -31.1344
3 0 23.972 1.1598 -31.1518 23.993 1.1589 -31.1344 23.741 1.1501 -31.0476
3 0 23.741 1.1501 -31.0476 23.958 1.1603 -31.1622 23.972 1.1598 -31.1518
4 0 24.777 1.1336 -30.7492 24.714 1.1243 -30.6173 24.6825 1.124 -30.6138 24.763 1.1341 -30.7561
4 0 25.0955 1.1841 -31.3913 25.078 1.1836 -31.3878 25.05 1.189 -31.4676 25.078 1.1897 -31.4711
4 0 24.518 2.056 -36.4483 24.749 2.0202 -36.2331 24.742 2.0018 -36.1498 24.434 2.0248 -36.3233
4 0 24.749 2.0202 -36.2331 24.518 2.056 -36.4483 24.749 2.0852 -36.5316 24.77 2.0575 -36.3997
3 0 24.728 2.088 -36.5489 24.749 2.0852 -36.5316 24.518 2.056 -36.4483
3 0 23.734 1.1157 -30.5444 23.748 1.1128 -30.4993 23.692 1.1146 -30.534
3 0 23.692 1.1146 -30.534 23.713 1.1153 -30.5409 23.734 1.1157 -30.5444
4 0 23.0515 1.1567 -31.2594 23.027 1.1479 -31.1344 23.013 1.1484 -31.1448 23.02 1.157 -31.2698
4 0 24.7 1.273 -32.6894 24.665 1.2717 -32.6789 24.609 1.2802 -32.8074 24.651 1.2817 -32.8178
3 0 22.698 1.2767 -33.0816 22.7187 1.2865 -33.2218 22.712 1.2764 -33.0746
3 0 21.879 1.2417 -32.7032 21.851 1.2442 -32.7449 21.956 1.2475 -32.7761
3 0 21.956 1.2475 -32.7761 21.9035 1.2396 -32.6685 21.879 1.2417 -32.7032
4 0 23.678 1.1728 -31.3913 23.7025 1.1733 -31.3947 23.804 1.1666 -31.2802 23.797 1.1663 -31.2767
4 0 25.3755 1.1868 -31.367 25.379 1.1874 -31.3739 25.4035 1.1868 -31.36 25.4 1.1854 -31.3427
4 0 23.692 2.206 -37.3937 23.748 2.2203 -37.441 23.727 2.206 -37.3819 23.699 2.2039 -37.3819
3 0 23.727 2.206 -37.3819 23.7123 2.2047 -37.3813 23.699 2.2039 -37.3819
3 0 23.615 1.1347 -30.8429 23.741 1.1501 -31.0476 23.636 1.1335 -30.822
4 0 25.54 1.7921 -35.0114 25.68 1.7988 -35.0114 25.652 1.7536 -34.81 25.519 1.7488 -34.817
3 0 24.196 1.174 -31.3392 24.28 1.2026 -31.7488 24.203 1.1728 -31.3218
4 0 23.4365 1.1291 -30.7908 23.405 1.1297 -30.8047 23.475 1.1348 -30.8672 23.4995 1.1343 -30.8567
3 0 23.0445 1.8843 -36.0005 22.9745 1.9257 -36.2088 23.0025 1.926 -36.2053
4 0 23.44 1.1353 -30.881 23.475 1.1348 -30.8672 23.405 1.1297 -30.8047 23.3665 1.1302 -30.8186
4 0 24.595 1.19 -31.5613 24.5985 1.198 -31.6759 24.6195 1.1978 -31.6724 24.609 1.1903 -31.5648
4 0 24.5355 1.2775 -32.7865 24.5565 1.2666 -32.6338 24.5425 1.2659 -32.6269 24.5215 1.2773 -32.7865
3 0 24.6755 1.1453 -30.9192 24.686 1.1456 -30.9227 24.63 1.1353 -30.7769
4 0 25.183 1.1939 -31.5058 25.2075 1.1951 -31.5162 25.2285 1.1913 -31.4607 25.218 1.1907 -31.4537
4 0 21.802 1.2689 -33.1163 21.7845 1.2708 -33.1475 21.9 1.2698 -33.1128 21.9035 1.2689 -33.0989
4 0 25.1095 1.2705 -32.5644 25.099 1.266 -32.5054 25.078 1.2651 -32.4985 25.078 1.2699 -32.5644
4 0 26.359 1.4535 -33.2759 26.191 1.4379 -33.2412 26.009 1.4481 -33.328 26.0195 1.4682 -33.4182
4 0 21.8895 1.2619 -32.9983 21.9525 1.2654 -33.0399 21.9385 1.2603 -32.967 21.914 1.261 -32.9809
3 0 23.1425 1.2506 -32.6234 23.195 1.2389 -32.4429 23.1425 1.2395 -32.4603
3 0 25.68 1.7988 -35.0114 25.9845 1.7665 -34.7962 25.981 1.7618 -34.7753
3 0 23.0025 1.926 -36.2053 23.0305 1.9284 -36.2123 23.0445 1.8843 -36.0005
4 0 25.652 1.7536 -34.81 25.68 1.7988 -35.0114 25.981 1.7618 -34.7753 25.729 1.7505 -34.7788
4 0 23.5555 1.1109 -30.5027 23.5835 1.1114 -30.5062 23.601 1.109 -30.468 23.566 1.1084 -30.4645
4 0 23.3455 1.8971 -36.011 23.4295 1.9103 -36.0596 23.4505 1.911 -36.0596 23.475 1.9031 -36.0179
4 0 24.5775 1.2412 -32.2833 24.567 1.2408 -32.2798 24.5425 1.2465 -32.3631 24.5495 1.2479 -32.3805
3 0 24.7 1.752 -35.0114 25.302 1.8185 -35.1849 25.309 1.8128 -35.1571
4 0 24.0175 1.1752 -31.3704 24.028 1.1715 -31.3149 23.9545 1.1636 -31.2108 23.9545 1.1832 -31.4989
3 0 22.0995 1.238 -32.613 22.1135 1.2403 -32.6442 22.145 1.2407 -32.6442
3 0 24.693 1.1919 -31.5856 24.763 1.1808 -31.419 24.756 1.1794 -31.4017
4 0 23.804 1.2139 -31.9744 23.895 1.1982 -31.7279 23.727 1.204 -31.8425 23.6395 1.212 -31.9744
3 0 22.173 1.4581 -34.1263 22.11 1.4669 -34.1784 22.18 1.4628 -34.1471
3 0 22.4005 1.2476 -32.7032 22.418 1.249 -32.7206 22.53 1.2408 -32.5818
4 0 22.201 1.5433 -34.5254 22.1905 1.5393 -34.5081 22.1135 1.5329 -34.4907 22.1415 1.5427 -34.5324
4 0 23.615 1.1243 -30.6901 23.664 1.1296 -30.7596 23.671 1.1294 -30.7561 23.636 1.1238 -30.6797
3 0 24.056 2.1528 -37.0279 24.056 2.1551 -37.0383 24.168 2.1511 -36.9828
3 0 23.895 1.1982 -31.7279 24.035 1.2116 -31.9015 24.056 1.2085 -31.8529
4 0 23.762 1.1161 -30.5444 23.7725 1.1167 -30.5513 23.9323 1.1119 -30.455 23.748 1.1128 -30.4993
4 0 24.91 1.2718 -32.6269 24.9275 1.2724 -32.6304 24.9275 1.2668 -32.554 24.8995 1.265 -32.5366
4 0 24.252 1.1055 -30.3569 24.14 1.1056 -30.3604 24.3045 1.1099 -30.4194 24.28 1.1077 -30.3882
3 0 21.6515 1.2863 -33.3974 21.4975 1.277 -33.2863 21.445 1.2776 -33.3037
3 0 24.595 1.2091 -31.8355 24.6125 1.2092 -31.8355 24.602 1.2019 -31.7314
4 0 22.2325 1.5693 -34.6434 22.257 1.5724 -34.6539 22.2605 1.5491 -34.5428 22.243 1.5507 -34.5532
4 0 24.5775 1.2091 -31.8355 24.595 1.2091 -31.8355 24.602 1.2019 -31.7314 24.588 1.2014 -31.7245
3 0 21.4065 1.3272 -33.6334 21.3505 1.3347 -33.6785 21.3505 1.342 -33.7133
3 0 21.3505 1.342 -33.7133 21.354 1.3473 -33.7376 21.4065 1.3272 -33.6334
4 0 26.037 1.9216 -35.4973 26.0265 1.912 -35.4556 25.974 1.9126 -35.4695 25.995 1.9226 -35.5112
4 0 21.9385 1.3774 -33.7827 21.935 1.3751 -33.7723 21.921 1.3702 -33.7514 21.9 1.3863 -33.8313
3 0 23.328 1.2333 -32.3388 23.272 1.2364 -32.3943 23.587 1.2377 -32.3596
4 0 25.197 1.3134 -32.8872 25.148 1.308 -32.8733 25.127 1.3093 -32.8837 25.169 1.3158 -32.9045
4 0 24.056 1.2085 -31.8529 24.07 1.2063 -31.8182 24.077 1.2047 -31.7939 23.895 1.1982 -31.7279
3 0 24.3402 1.8372 -35.4834 24.352 1.827 -35.4324 24.3444 1.8315 -35.4556
4 0 21.4905 1.2762 -33.2759 21.4905 1.2743 -33.2482 21.459 1.2735 -33.2412 21.445 1.2776 -33.3037
4 0 23.7165 1.6326 -34.6955 23.769 1.6425 -34.7337 23.7865 1.6035 -34.5463 23.769 1.6015 -34.5393
3 0 23.825 1.9305 -36.0838 23.958 1.9243 -36.011 23.9125 1.9225 -36.0179
4 0 23.832 1.9174 -36.0214 23.8145 1.9298 -36.0838 23.825 1.9305 -36.0838 23.9125 1.9225 -36.0179
4 0 23.825 1.9328 -36.0943 24 1.9364 -36.0526 23.958 1.9243 -36.011 23.825 1.9305 -36.0838
3 0 21.9385 1.3774 -33.7827 21.9 1.3863 -33.8313 21.949 1.3792 -33.7896
3 0 24.14 1.859 -35.65 24.07 1.8962 -35.8444 24.147 1.8836 -35.7611
4 0 25.547 1.9873 -35.9068 25.5715 2.0006 -35.9624 25.596 1.9972 -35.9415 25.5995 1.9868 -35.893
4 0 26.66 1.4739 -33.3037 26.513 1.4898 -33.4092 26.45 1.5032 -33.4842 26.646 1.4823 -33.3453
3 0 24.2415 2.1451 -36.9307 24.352 2.1658 -36.9889 24.259 2.1433 -36.9169
4 0 24.2205 2.1436 -36.9307 24.168 2.1511 -36.9828 24.352 2.1658 -36.9889 24.2415 2.1451 -36.9307
4 0 25.2845 1.1619 -31.0476 25.3055 1.163 -31.0581 25.309 1.1588 -30.9991 25.288 1.1574 -30.9852
3 0 22.383 1.2462 -32.6859 22.4005 1.2476 -32.7032 22.53 1.2408 -32.5818
3 0 21.823 1.3323 -33.5883 21.879 1.3233 -33.5362 21.879 1.3189 -33.5154
4 0 22.201 1.532 -34.4716 22.215 1.5343 -34.4803 22.32 1.5475 -34.5254 22.11 1.5108 -34.3866
3 0 22.3515 1.2475 -32.7102 22.278 1.2504 -32.7657 22.362 1.2488 -32.7275
3 0 22.215 1.5343 -34.4803 22.2325 1.5371 -34.4907 22.32 1.5475 -34.5254
3 0 24.42 1.6306 -34.515 24.42 1.6222 -34.4768 24.378 1.7215 -34.9419
4 0 24.8225 1.2518 -32.3735 24.7945 1.2503 -32.3596 24.763 1.2585 -32.4776 24.791 1.2584 -32.4707
3 0 23.804 1.1378 -30.8567 23.741 1.1501 -31.0476 23.818 1.138 -30.8567
4 0 23.566 1.1046 -30.409 23.5765 1.1052 -30.416 23.5765 1.104 -30.3986 23.566 1.1039 -30.3986
4 0 23.741 1.1293 -30.7422 23.6745 1.1229 -30.6589 23.636 1.1238 -30.6797 23.671 1.1294 -30.7561
3 0 24.6055 1.1472 -30.947 24.6195 1.1569 -31.0858 24.63 1.1467 -30.94
3 0 24.63 1.1467 -30.94 24.616 1.1469 -30.9435 24.6055 1.1472 -30.947
3 0 21.375 1.3026 -33.5224 21.4345 1.312 -33.5571 21.7005 1.309 -33.4981
3 0 24.014 1.1352 -30.7873 24.28 1.1542 -31.0546 24.0175 1.1347 -30.7804
4 0 23.79 2.2415 -37.5243 23.748 2.2203 -37.441 23.6906 2.2133 -37.4278 23.6801 2.2137 -37.4333
4 0 24.693 1.1468 -30.94 24.686 1.147 -30.9435 24.665 1.1598 -31.1275 24.6685 1.1608 -31.1414
3 0 22.7187 1.2865 -33.2218 22.1134 1.2865 -33.3227 22.2325 1.2867 -33.3037
3 0 24.567 1.5008 -33.8868 24.5845 1.5062 -33.9076 24.5985 1.5099 -33.9215
3 0 23.23 1.2383 -32.429 23.3245 1.2479 -32.554 23.342 1.2472 -32.5401
3 0 22.4075 1.2536 -32.79 22.341 1.2571 -32.8525 22.425 1.255 -32.8074
4 0 24 1.9364 -36.0526 23.825 1.9328 -36.0943 23.818 1.9333 -36.0988 23.7632 1.9619 -36.2486
4 0 23.251 1.1648 -31.3461 23.3175 1.1571 -31.2212 23.3035 1.1567 -31.2177 23.209 1.1578 -31.249
4 0 23.1425 1.2506 -32.6234 22.9605 1.245 -32.5713 22.9115 1.247 -32.6095 22.866 1.2493 -32.6512
4 0 23.804 1.2139 -31.9744 23.6395 1.212 -31.9744 23.5765 1.2165 -32.0507 23.587 1.2377 -32.3596
4 0 23.9545 1.1636 -31.2108 23.881 1.1763 -31.4086 23.888 1.1782 -31.4364 23.9545 1.1832 -31.4989
4 0 21.5815 1.3421 -33.6751 21.6375 1.3375 -33.6438 21.4485 1.3221 -33.6022 21.4415 1.3269 -33.6265
4 0 22.53 1.9064 -36.1914 22.4565 1.9031 -36.188 22.4635 1.907 -36.2053 22.488 1.9123 -36.2262
4 0 22.376 1.5019 -34.2998 22.3655 1.4949 -34.2686 22.32 1.4889 -34.2478 22.383 1.5117 -34.345
4 0 26.065 1.7628 -34.7615 26.079 1.805 -34.9524 26.17 1.8003 -34.9107 26.1105 1.7582 -34.7302
4 0 24.847 1.3578 -33.1683 24.833 1.3534 -33.151 24.8155 1.3616 -33.1926 24.8365 1.3656 -33.2065
3 0 23.8845 1.1631 -31.2142 23.902 1.1625 -31.2038 23.9125 1.1622 -31.1969
3 0 24.658 1.1451 -30.9158 24.6755 1.1453 -30.9192 24.63 1.1353 -30.7769
4 0 23.055 1.1598 -31.3045 23.0235 1.1601 -31.3149 23.0375 1.1641 -31.3704 23.0655 1.1651 -31.3808
4 0 25.064 1.1772 -31.3045 25.106 1.1782 -31.308 25.106 1.1703 -31.2004 25.0815 1.1699 -31.2004
3 0 21.949 1.3668 -33.7306 21.9525 1.372 -33.7549 21.956 1.3765 -33.7757
3 0 21.956 1.3765 -33.7757 22.04 1.3766 -33.7618 21.949 1.3668 -33.7306
3 0 23.5975 1.2517 -32.5644 23.573 1.2512 -32.5609 23.51 1.2708 -32.8594
3 0 23.51 1.2708 -32.8594 23.629 1.2526 -32.5713 23.5975 1.2517 -32.5644
4 0 23.678 1.5726 -34.4178 23.7305 1.584 -34.463 24.1485 1.5199 -34.0895 23.6395 1.5632 -34.3797
4 0 24.7455 1.2585 -32.4811 24.763 1.2585 -32.4776 24.7945 1.2503 -32.3596 24.77 1.2487 -32.3423
4 0 24.4391 1.2621 -32.5978 24.4305 1.2619 -32.5956 24.399 1.2679 -32.6824 24.406 1.2684 -32.6894
3 0 23.4505 1.1376 -30.9123 23.44 1.1424 -30.9852 23.4785 1.1374 -30.9053
4 0 24.238 1.9129 -35.8652 24.273 1.9381 -35.9693 24.343 1.8692 -35.6292 24.3325 1.8714 -35.6431
3 0 24.14 1.2054 -31.7939 24.352 1.2865 -32.9493 24.1435 1.2033 -31.7626
3 0 21.62 1.2683 -33.1371 21.718 1.2739 -33.203 21.732 1.2705 -33.151
4 0 25.0255 1.2617 -32.4638 25.001 1.26 -32.4464 24.9695 1.2659 -32.5332 24.994 1.2671 -32.5436
4 0 24.8295 1.204 -31.721 24.8085 1.2016 -31.6932 24.763 1.2185 -31.9327 24.784 1.2191 -31.9362
3 0 24.6685 1.1608 -31.1414 24.7735 1.1508 -30.9956 24.7665 1.1501 -30.9852
4 0 24.5425 1.2399 -32.2729 24.5285 1.2392 -32.2659 24.511 1.2442 -32.3388 24.5215 1.2449 -32.3457
3 0 24.1485 1.5199 -34.0895 23.7865 1.5984 -34.522 23.8005 1.6026 -34.5393
4 0 24.161 1.1671 -31.242 24.1575 1.1681 -31.2559 24.161 1.1729 -31.3253 24.1715 1.1725 -31.3184
4 0 25.1305 1.2705 -32.5609 25.12 1.2668 -32.5123 25.099 1.266 -32.5054 25.1095 1.2705 -32.5644
3 0 23.7025 1.2515 -32.5436 23.7235 1.2529 -32.5609 23.986 1.2424 -32.3631
3 0 23.7632 1.9619 -36.2486 23.818 1.9333 -36.0988 23.797 1.933 -36.1047
4 0 26.457 1.3902 -32.9636 26.4045 1.4035 -33.0364 26.548 1.4051 -33.0121 26.576 1.3913 -32.9427
4 0 24.7 1.2832 -32.8282 24.7595 1.2852 -32.8421 24.8015 1.277 -32.7206 24.7385 1.2744 -32.6998
3 0 23.321 1.1645 -31.3288 23.356 1.1649 -31.3288 23.3385 1.1566 -31.2108
4 0 22.8975 1.1516 -31.2108 22.901 1.1531 -31.2316 22.9675 1.1491 -31.1622 22.964 1.1484 -31.1518
3 0 24.588 1.1188 -30.5409 24.56 1.1207 -30.5687 24.6055 1.1201 -30.5583
4 0 24.1085 1.9292 -35.9832 24.133 1.931 -35.9832 24.161 1.9043 -35.8513 24.07 1.8962 -35.8444
4 0 25.001 1.26 -32.4464 24.9835 1.2585 -32.429 24.945 1.2645 -32.5193 24.9695 1.2659 -32.5332
4 0 22.866 1.2493 -32.6512 22.53 1.2408 -32.5818 22.8415 1.2606 -32.8212 22.8625 1.2597 -32.8039
4 0 23.783 1.1059 -30.3917 23.748 1.1128 -30.4993 23.825 1.1076 -30.409 23.8075 1.1067 -30.3986
4 0 22.726 1.2411 -32.554 22.649 1.2367 -32.5019 22.53 1.2408 -32.5818 22.7855 1.2446 -32.5956
4 0 24.5775 1.229 -32.1167 24.588 1.2297 -32.1236 24.602 1.2228 -32.0264 24.588 1.222 -32.0195
3 0 24.5705 1.1684 -31.2524 24.5705 1.1675 -31.2385 24.5635 1.1587 -31.1136
3 0 22.4355 1.3114 -33.387 22.4565 1.3151 -33.4009 22.7187 1.2865 -33.2218
3 0 21.354 1.3217 -33.6161 21.4065 1.3177 -33.5883 21.368 1.3082 -33.5501
3 0 21.368 1.3082 -33.5501 21.361 1.3146 -33.5814 21.354 1.3217 -33.6161
4 0 24.168 2.1511 -36.9828 24.056 2.1853 -37.1772 24.252 2.1814 -37.0939 24.352 2.1658 -36.9889
3 0 24.056 2.1853 -37.1772 24.224 2.1869 -37.1286 24.252 2.1814 -37.0939
3 0 22.6455 1.8893 -36.0908 22.663 1.8884 -36.0838 22.677 1.8808 -36.0457
4 0 22.6315 1.891 -36.1012 22.6455 1.8893 -36.0908 22.677 1.8808 -36.0457 22.607 1.8828 -36.0665
4 0 24.567 1.5008 -33.8868 24.5985 1.5099 -33.9215 24.7 1.5102 -33.9007 24.455 1.4139 -33.5119
4 0 24.8085 1.2016 -31.6932 24.7875 1.1993 -31.6655 24.7 1.2042 -31.7522 24.735 1.2186 -31.9397
4 0 22.264 1.2649 -32.9809 22.1555 1.2623 -32.9601 22.0925 1.2609 -32.9497 22.04 1.2778 -33.2065
3 0 24.532 1.2372 -32.2381 24.546 1.2374 -32.2381 24.5565 1.231 -32.1479
4 0 24.504 1.2553 -32.4915 24.6475 1.2676 -32.6269 24.7245 1.2592 -32.495 24.5495 1.2479 -32.3805
4 0 24.5279 1.2372 -32.2395 24.532 1.2372 -32.2381 24.5565 1.231 -32.1479 24.5515 1.2306 -32.1446
3 0 23.902 1.1108 -30.4437 23.874 1.1095 -30.4298 23.748 1.1128 -30.4993
4 0 23.9475 1.1316 -30.7422 23.937 1.1313 -30.7387 23.895 1.1334 -30.7769 23.9195 1.1339 -30.7804
4 0 21.3925 1.2923 -33.4703 21.382 1.297 -33.4946 21.683 1.301 -33.4634 21.6585 1.2936 -33.4321
3 0 23.335 1.1537 -31.1691 23.3455 1.1541 -31.1726 23.44 1.1424 -30.9852
3 0 22.775 1.9458 -36.3372 22.81 1.9163 -36.1914 22.6385 1.9344 -36.306
3 0 22.6385 1.9344 -36.306 22.726 1.9419 -36.3268 22.775 1.9458 -36.3372
4 0 26.2645 1.6212 -34.0673 26.261 1.615 -34.0395 26.1315 1.6058 -34.0256 26.135 1.6226 -34.102
4 0 23.6675 1.7048 -35.0461 23.881 1.6772 -34.8795 23.846 1.6708 -34.8552 23.6605 1.6914 -34.9836
4 0 21.9175 1.4535 -34.1471 21.949 1.4612 -34.1784 21.97 1.462 -34.1784 21.9035 1.4465 -34.1159
4 0 25.82 1.8508 -35.2196 25.68 1.7988 -35.0114 25.54 1.7921 -35.0114 25.68 1.8441 -35.2196
3 0 23.7725 1.1982 -31.7488 23.895 1.1982 -31.7279 23.874 1.1847 -31.5336
3 0 23.874 1.1847 -31.5336 23.818 1.1918 -31.6481 23.7725 1.1982 -31.7488
4 0 22.7187 1.2865 -33.2218 22.4565 1.3151 -33.4009 22.481 1.3196 -33.4182 22.4985 1.3224 -33.4286
3 0 24.6195 1.1603 -31.1344 24.651 1.1676 -31.2385 24.665 1.1686 -31.2524
3 0 23.741 1.1501 -31.0476 23.8915 1.1388 -30.8567 23.8845 1.1385 -30.8533
4 0 23.8635 1.138 -30.8498 23.741 1.1501 -31.0476 23.8845 1.1385 -30.8533 23.874 1.1381 -30.8498
4 0 26.5018 1.6744 -34.2596 26.4899 1.6475 -34.1388 26.3065 1.635 -34.1214 26.317 1.6464 -34.1714
4 0 23.6675 1.1311 -30.7804 23.741 1.1501 -31.0476 23.741 1.1293 -30.7422 23.6745 1.1302 -30.7665
4 0 23.587 1.5672 -34.4074 23.6675 1.6228 -34.6573 23.706 1.5905 -34.4977 23.643 1.578 -34.4491
3 0 22.341 1.2571 -32.8525 22.39 1.252 -32.7692 22.376 1.2504 -32.7484
4 0 25.0045 1.24 -32.1722 24.9695 1.2379 -32.1514 24.931 1.2457 -32.2659 24.9625 1.2474 -32.2833
4 0 24.728 2.0933 -36.5732 24.728 2.088 -36.5489 24.518 2.056 -36.4483 24.665 2.0903 -36.5732
3 0 24.518 2.056 -36.4483 24.5201 2.0628 -36.4788 24.665 2.0903 -36.5732
4 0 22.6315 1.8932 -36.1116 22.537 1.8876 -36.1012 22.502 1.8908 -36.122 22.53 1.9064 -36.1914
3 0 23.895 1.1982 -31.7279 24.0175 1.2142 -31.9431 24.035 1.2116 -31.9015
4 0 22.621 1.3794 -33.6785 22.67 1.39 -33.7202 22.81 1.3597 -33.5536 22.593 1.3711 -33.6438
4 0 25.295 1.181 -31.3045 25.309 1.1817 -31.3114 25.3195 1.1788 -31.2698 25.2985 1.1774 -31.2559
4 0 22.9955 1.1352 -30.9539 22.978 1.1367 -30.9782 23.0375 1.1421 -31.0476 23.055 1.1428 -31.0546
4 0 23.482 1.1084 -30.4784 23.461 1.1089 -30.4888 23.4505 1.1102 -30.5097 23.4645 1.1103 -30.5097
4 0 25.26 1.237 -32.075 25.267 1.2401 -32.1167 25.288 1.2399 -32.1097 25.2775 1.2383 -32.0889
4 0 23.615 1.1123 -30.5131 23.643 1.1131 -30.5201 23.6605 1.1097 -30.468 23.6255 1.1093 -30.468
4 0 25.1165 1.2504 -32.2902 25.099 1.2484 -32.2659 25.0745 1.2526 -32.3284 25.092 1.2541 -32.3457
3 0 23.7632 1.9619 -36.2486 23.7885 1.9329 -36.1068 23.769 1.9332 -36.1116
4 0 26.1245 1.6599 -34.2755 26.2645 1.6688 -34.2859 26.2645 1.6537 -34.2165 26.135 1.6407 -34.1853
4 0 22.775 1.9458 -36.3372 22.81 1.9478 -36.3407 22.852 1.9485 -36.3372 22.81 1.9163 -36.1914
3 0 21.9735 1.4694 -34.2131 22.0085 1.4846 -34.279 22.11 1.5108 -34.3866
4 0 22.908 1.1546 -31.2524 22.922 1.1561 -31.2733 22.9675 1.1491 -31.1622 22.901 1.1531 -31.2316
4 0 24.63 1.1353 -30.7769 24.644 1.1228 -30.5964 24.63 1.1218 -30.5826 24.56 1.1207 -30.5687
4 0 24.4305 1.2619 -32.5956 24.42 1.2614 -32.5887 24.3885 1.2674 -32.6755 24.399 1.2679 -32.6824
3 0 22.3725 1.5494 -34.5254 22.32 1.5475 -34.5254 22.355 1.5612 -34.5844
3 0 22.355 1.5612 -34.5844 22.3655 1.5557 -34.5567 22.3725 1.5494 -34.5254
4 0 23.5765 1.1052 -30.416 23.5905 1.1056 -30.4194 23.587 1.1041 -30.3986 23.5765 1.104 -30.3986
3 0 24.371 1.2913 -32.967 24.352 1.2865 -32.9493 24.357 1.2914 -32.9705
3 0 22.81 1.3597 -33.5536 23.097 1.4284 -33.8313 23.118 1.4292 -33.8313
3 0 22.9885 1.1498 -31.1691 22.9815 1.1571 -31.2767 22.9955 1.1494 -31.1622
3 0 22.04 1.2778 -33.2065 22.0645 1.2856 -33.3176 22.0855 1.2858 -33.3176
4 0 24.9625 1.2739 -32.6442 24.9905 1.2752 -32.6546 24.9835 1.2712 -32.6026 24.9555 1.269 -32.5783
3 0 24.567 1.1343 -30.763 24.63 1.1353 -30.7769 24.56 1.1335 -30.7526
3 0 22.11 1.5108 -34.3866 22.18 1.5323 -34.4768 22.18 1.5302 -34.4664
4 0 25.1585 1.2697 -32.5436 25.1515 1.2683 -32.5262 25.141 1.2676 -32.5193 25.1445 1.2703 -32.554
4 0 25.169 1.3158 -32.9045 25.127 1.3093 -32.8837 25.1025 1.3088 -32.8872 25.141 1.3175 -32.9184
4 0 25.246 1.2153 -31.7835 25.2285 1.214 -31.7696 25.2145 1.2184 -31.8321 25.2355 1.2192 -31.839
4 0 23.503 1.1082 -30.4715 23.482 1.1084 -30.4784 23.4645 1.1103 -30.5097 23.482 1.1105 -30.5097
4 0 24.9275 1.2724 -32.6304 24.9625 1.2739 -32.6442 24.9555 1.269 -32.5783 24.9275 1.2668 -32.554
4 0 24.0455 2.152 -37.0279 24.168 2.1511 -36.9828 23.9818 2.1448 -37.0161 24.028 2.1515 -37.0314
4 0 23.468 1.1286 -30.7769 23.4365 1.1291 -30.7908 23.4995 1.1343 -30.8567 23.5275 1.134 -30.8463
3 0 25.358 1.8166 -35.1641 25.407 1.8522 -35.3168 25.372 1.8082 -35.1224
4 0 26.1875 1.341 -32.797 26.282 1.3531 -32.8317 26.3205 1.3428 -32.7761 26.2225 1.3336 -32.7553
4 0 23.0865 1.1597 -31.2975 23.0935 1.1659 -31.3878 23.1285 1.1663 -31.3878 23.1215 1.1594 -31.2871
4 0 23.258 1.9042 -36.0596 23.419 1.9106 -36.063 23.4295 1.9103 -36.0596 23.3455 1.8971 -36.011
3 0 22.5755 1.2326 -32.4533 22.502 1.2286 -32.4082 22.53 1.2408 -32.5818
3 0 22.53 1.2408 -32.5818 22.649 1.2367 -32.5019 22.5755 1.2326 -32.4533
4 0 23.1215 1.1594 -31.2871 23.1285 1.1663 -31.3878 23.1565 1.1664 -31.3843 23.1495 1.1592 -31.2802
4 0 24.7455 1.3114 -32.9774 24.77 1.3156 -32.9913 24.7875 1.3051 -32.9393 24.7595 1.2985 -32.915
4 0 24.5915 1.1781 -31.3913 24.581 1.1779 -31.3878 24.574 1.188 -31.5336 24.588 1.1873 -31.5232
4 0 24.182 1.7925 -35.3307 24.21 1.7749 -35.2404 24.1505 1.7343 -35.0738 24.1365 1.7356 -35.0842
4 0 24.28 1.2026 -31.7488 24.574 1.188 -31.5336 24.581 1.1779 -31.3878 24.574 1.1774 -31.3808
3 0 25.3965 1.167 -31.0928 25.4035 1.1656 -31.0719 25.393 1.1647 -31.0615
4 0 25.414 1.1666 -31.0824 25.4035 1.1656 -31.0719 25.3965 1.167 -31.0928 25.407 1.1672 -31.0928
3 0 24.5495 1.2635 -32.5922 24.5705 1.2641 -32.5956 24.504 1.2553 -32.4915
3 0 24.4655 1.4748 -33.7896 24.4865 1.4804 -33.8104 24.455 1.4139 -33.5119
4 0 25.953 1.8874 -35.3584 26.016 1.8934 -35.3723 26.037 1.8808 -35.3098 25.953 1.8723 -35.289
3 0 24.105 1.169 -31.2698 24.0731 1.1705 -31.2918 24.0945 1.1695 -31.2767
4 0 23.6605 1.6914 -34.9836 23.846 1.6708 -34.8552 23.811 1.6645 -34.8309 23.657 1.6825 -34.9419
4 0 24.63 1.1353 -30.7769 24.686 1.1456 -30.9227 24.693 1.1461 -30.9296 24.7665 1.1486 -30.9643
3 0 22.53 1.9064 -36.1914 22.642 1.8957 -36.122 22.6315 1.8932 -36.1116
4 0 23.3665 1.1302 -30.8186 23.328 1.1307 -30.8325 23.4155 1.1355 -30.888 23.44 1.1353 -30.881
3 0 24.161 1.3633 -33.3453 23.79 1.4162 -33.6577 24.1715 1.3754 -33.4009
3 0 25.582 1.9195 -35.5875 25.5855 1.9106 -35.5459 25.568 1.9211 -35.5979
3 0 25.568 1.9211 -35.5979 25.5785 1.9239 -35.6083 25.582 1.9195 -35.5875
4 0 23.398 1.1358 -30.8949 23.4155 1.1355 -30.888 23.328 1.1307 -30.8325 23.286 1.1314 -30.8498
4 0 26.037 1.766 -34.7823 26.037 1.8068 -34.9697 26.079 1.805 -34.9524 26.065 1.7628 -34.7615
3 0 24.063 2.2455 -37.4514 24.063 2.2356 -37.4062 24.056 2.2298 -37.3819
4 0 22.0295 1.3 -33.4009 21.97 1.3009 -33.4148 22.061 1.3319 -33.5467 22.04 1.3099 -33.446
3 0 22.061 1.3319 -33.5467 22.054 1.3207 -33.4946 22.04 1.3099 -33.446
4 0 24.931 1.2031 -31.6863 24.966 1.2052 -31.7071 25.0395 1.1957 -31.5613 25.0115 1.1929 -31.5301
4 0 23.0375 1.1421 -31.0476 22.978 1.1367 -30.9782 22.9605 1.1381 -31.0025 23.02 1.1421 -31.0511
4 0 24.77 1.2487 -32.3423 24.7385 1.2459 -32.311 24.5775 1.2412 -32.2833 24.7455 1.2585 -32.4811
4 0 25.316 1.1953 -31.4954 25.316 1.1943 -31.4815 25.3055 1.1939 -31.478 25.3055 1.1959 -31.5058
3 0 24.511 2.098 -36.6427 24.5285 2.0988 -36.6427 24.665 2.0903 -36.5732
4 0 24.5201 2.0628 -36.4788 24.5117 2.0702 -36.5149 24.511 2.098 -36.6427 24.665 2.0903 -36.5732
4 0 25.925 1.8392 -35.1432 26.051 1.8467 -35.1502 26.037 1.8325 -35.0877 25.897 1.8288 -35.1016
4 0 23.258 1.9042 -36.0596 23.2545 1.907 -36.0734 23.419 1.9121 -36.07 23.419 1.9106 -36.063
4 0 24.644 1.2237 -32.0299 24.63 1.2237 -32.0334 24.6055 1.2315 -32.1444 24.609 1.2328 -32.1618
4 0 24.5285 1.1442 -30.9053 24.56 1.1348 -30.77 24.539 1.1347 -30.77 24.5215 1.1441 -30.9053
3 0 22.131 1.289 -33.3315 22.152 1.2926 -33.3453 22.2185 1.2884 -33.3141
4 0 25.2355 1.1596 -31.0268 25.26 1.1605 -31.0338 25.267 1.156 -30.9713 25.246 1.1547 -30.9574
3 0 21.97 1.3009 -33.4148 22.068 1.3417 -33.5918 22.061 1.3319 -33.5467
4 0 24.658 1.2122 -31.8702 24.665 1.2131 -31.8806 24.672 1.2038 -31.7522 24.651 1.2032 -31.7488
3 0 24.0731 1.1705 -31.2918 24.021 1.158 -31.1171 24.021 1.1585 -31.124
3 0 24.6825 1.3039 -32.9566 24.6946 1.2865 -32.8741 24.658 1.302 -32.9531
4 0 26.135 1.6407 -34.1853 26.2645 1.6537 -34.2165 26.268 1.641 -34.1575 26.2645 1.6307 -34.111
4 0 24.7945 1.2463 -32.3041 24.8225 1.2424 -32.2451 24.819 1.2416 -32.2347 24.763 1.245 -32.2937
3 0 24.1085 1.1989 -31.7036 23.895 1.1982 -31.7279 24.1015 1.2 -31.721
4 0 24.749 1.2448 -32.2937 24.763 1.245 -32.2937 24.819 1.2416 -32.2347 24.609 1.2328 -32.1618
3 0 23.958 1.6931 -34.9419 23.755 1.7738 -35.3584 23.783 1.7894 -35.4279
3 0 23.958 1.6931 -34.9419 23.727 1.7582 -35.289 23.755 1.7738 -35.3584
3 0 23.706 1.2551 -32.5956 23.51 1.2708 -32.8594 23.727 1.2558 -32.6026
3 0 21.802 1.2462 -32.7831 21.7495 1.2506 -32.856 21.816 1.2461 -32.7796
4 0 23.986 1.1614 -31.1726 24.0385 1.1712 -31.308 24.0525 1.1709 -31.301 24 1.1604 -31.1552
4 0 24.352 1.3554 -33.2659 24.266 1.3989 -33.4946 24.2905 1.4113 -33.5432 24.322 1.4257 -33.5987
3 0 21.9665 1.22 -32.37 21.8965 1.2263 -32.4742 22.019 1.2277 -32.4742
3 0 24.1575 1.3544 -33.3037 23.79 1.4162 -33.6577 24.161 1.3633 -33.3453
3 0 22.173 1.4515 -34.0951 22.11 1.4669 -34.1784 22.173 1.4581 -34.1263
4 0 24.5985 1.1694 -31.2663 24.602 1.176 -31.36 24.6195 1.1758 -31.3566 24.6125 1.1697 -31.2698
4 0 23.601 1.1043 -30.3986 23.587 1.1041 -30.3986 23.5905 1.1056 -30.4194 23.601 1.106 -30.4229
4 0 24.77 2.0575 -36.3997 24.847 2.0681 -36.4316 24.819 2.0523 -36.365 24.749 2.0202 -36.2331
3 0 21.7875 1.2865 -33.3771 21.8825 1.3161 -33.5015 21.886 1.3133 -33.4877
4 0 23.6745 1.108 -30.4402 23.685 1.1083 -30.4437 23.706 1.1046 -30.3847 23.685 1.1043 -30.3847
4 0 21.662 1.3325 -33.6161 21.4485 1.3177 -33.5814 21.4485 1.3221 -33.6022 21.6375 1.3375 -33.6438
3 0 21.7985 1.2452 -32.7692 21.7495 1.2506 -32.856 21.802 1.2462 -32.7831
3 0 22.677 1.8808 -36.0457 22.663 1.8884 -36.0838 22.6875 1.8893 -36.0838
3 0 24.0175 1.1752 -31.3704 23.9545 1.1832 -31.4989 24.021 1.1757 -31.3774
4 0 25.2145 1.159 -31.0233 25.2355 1.1596 -31.0268 25.246 1.1547 -30.9574 25.218 1.1532 -30.9435
4 0 24 1.9364 -36.0526 24.035 1.9964 -36.3164 24.161 2.0101 -36.3372 24.21 1.997 -36.2609
4 0 23.9195 1.1297 -30.7179 23.776 1.1217 -30.6242 23.7445 1.1218 -30.6311 23.741 1.1293 -30.7422
4 0 25.568 1.9211 -35.5979 25.5855 1.9106 -35.5459 25.596 1.9005 -35.4973 25.561 1.917 -35.5806
3 0 25.596 1.9005 -35.4973 25.547 1.9027 -35.5181 25.561 1.917 -35.5806
3 0 22.11 1.4669 -34.1784 21.97 1.462 -34.1784 22.32 1.4889 -34.2478
3 0 22.11 1.5108 -34.3866 22.18 1.5302 -34.4664 22.1905 1.5305 -34.4664
4 0 23.9615 1.1365 -30.8116 23.972 1.1378 -30.829 23.9837 1.1333 -30.7608 23.9825 1.1332 -30.7596
3 0 24.791 1.2584 -32.4707 24.826 1.259 -32.4707 24.8225 1.2518 -32.3735
3 0 21.9105 1.3142 -33.4877 21.914 1.3172 -33.5015 21.97 1.3009 -33.4148
4 0 23.601 1.106 -30.4229 23.6185 1.1066 -30.4298 23.6185 1.1043 -30.3951 23.601 1.1043 -30.3986
4 0 22.5615 1.2735 -33.0573 22.698 1.2767 -33.0816 22.698 1.2755 -33.0642 22.5475 1.2724 -33.0434
4 0 22.0575 1.509 -34.3866 22.0925 1.5241 -34.4525 22.11 1.5108 -34.3866 22.0085 1.4846 -34.279
4 0 24.0903 1.9317 -36.0005 24.007 1.915 -35.952 23.986 1.9211 -35.9867 24.0735 1.9342 -36.0179
3 0 22.887 1.4166 -33.8104 22.9045 1.4224 -33.8347 22.81 1.3597 -33.5536
4 0 24.9625 1.226 -31.9917 24.98 1.2271 -32.0021 25.043 1.2192 -31.8806 25.0185 1.2168 -31.8529
4 0 22.8135 1.2622 -32.849 22.53 1.2408 -32.5818 22.4565 1.2539 -32.7865 22.789 1.2643 -32.8837
4 0 24.6195 1.1603 -31.1344 24.602 1.16 -31.1309 24.6405 1.1668 -31.2281 24.651 1.1676 -31.2385
4 0 25.2705 1.18 -31.2975 25.295 1.181 -31.3045 25.2985 1.1774 -31.2559 25.274 1.176 -31.242
4 0 24.7595 1.2985 -32.915 24.728 1.2917 -32.8907 24.714 1.3069 -32.9636 24.7455 1.3114 -32.9774
4 0 24.352 1.4582 -33.738 24.3395 1.4541 -33.7237 24.1485 1.5199 -34.0895 24.352 1.7301 -34.9871
3 0 23.272 1.2364 -32.3943 23.23 1.2383 -32.429 23.587 1.2377 -32.3596
4 0 23.3385 1.1566 -31.2108 23.328 1.157 -31.2177 23.286 1.1643 -31.3323 23.321 1.1645 -31.3288
4 0 23.251 1.1648 -31.3461 23.286 1.1643 -31.3323 23.328 1.157 -31.2177 23.3175 1.1571 -31.2212
3 0 21.8965 1.2263 -32.4742 21.8965 1.2341 -32.5887 21.9175 1.2319 -32.554
4 0 23.657 1.1075 -30.4368 23.6745 1.108 -30.4402 23.685 1.1043 -30.3847 23.6605 1.1043 -30.3882
4 0 24.378 1.8076 -35.3376 24.385 1.811 -35.3515 24.7 1.8577 -35.4973 24.7 1.752 -35.0114
4 0 26.03 1.7505 -34.7129 25.918 1.7346 -34.6643 25.862 1.7425 -34.7129 26.002 1.7567 -34.7476
3 0 24.385 1.811 -35.3515 24.378 1.8159 -35.3758 24.7 1.8577 -35.4973
4 0 23.86 1.0952 -30.2216 23.8565 1.0968 -30.2459 23.9248 1.1088 -30.4108 23.8915 1.0965 -30.2355
4 0 22.789 1.2643 -32.8837 22.4565 1.2539 -32.7865 22.46 1.2551 -32.8039 22.7645 1.2668 -32.9254
4 0 24.1155 1.1741 -31.3427 24.1295 1.1739 -31.3392 24.1225 1.1705 -31.2906 24.105 1.1712 -31.301
3 0 25.351 1.7664 -34.935 25.3755 1.7691 -34.9419 25.26 1.7032 -34.6643
4 0 23.8355 1.1743 -31.3878 23.916 1.1663 -31.2559 23.902 1.1668 -31.2663 23.8145 1.1743 -31.3913
4 0 26.079 1.5224 -33.6543 26.317 1.5074 -33.5328 26.31 1.4965 -33.4842 26.044 1.4943 -33.5328
3 0 24.672 1.1693 -31.2628 24.679 1.1705 -31.2802 24.651 1.1608 -31.1414
3 0 24.651 1.1608 -31.1414 24.6335 1.1605 -31.1379 24.672 1.1693 -31.2628
3 0 22.67 1.39 -33.7202 22.719 1.3975 -33.748 22.789 1.4059 -33.7757
3 0 22.789 1.4059 -33.7757 22.81 1.3597 -33.5536 22.67 1.39 -33.7202
4 0 24.8645 1.1316 -30.7179 24.812 1.1247 -30.6207 24.784 1.1247 -30.6207 24.8225 1.1325 -30.7318
4 0 25.134 1.1916 -31.485 25.155 1.1925 -31.4919 25.176 1.188 -31.426 25.148 1.1865 -31.4121
3 0 25.1809 1.9232 -35.6923 25.302 1.9054 -35.584 25.351 1.8911 -35.5077
4 0 22.9465 1.1396 -31.0268 23.0025 1.1426 -31.0615 23.02 1.1421 -31.0511 22.9605 1.1381 -31.0025
4 0 24.511 1.2383 -32.2555 24.5215 1.2374 -32.2416 24.546 1.2304 -32.141 24.539 1.2301 -32.1375
4 0 24.7 1.752 -35.0114 24.7 1.8577 -35.4973 25.1809 1.9232 -35.6923 25.351 1.8911 -35.5077
4 0 24.5515 1.2306 -32.1446 24.546 1.2304 -32.141 24.5215 1.2374 -32.2416 24.5279 1.2372 -32.2395
4 0 24.224 1.8923 -35.7749 24.238 1.9129 -35.8652 24.3325 1.8714 -35.6431 24.3115 1.8684 -35.6361
4 0 25.239 1.2402 -32.1236 25.239 1.2361 -32.0681 25.218 1.2353 -32.0611 25.2075 1.2399 -32.1271
4 0 23.895 2.2476 -37.5173 23.895 2.1932 -37.2674 23.748 2.2203 -37.441 23.79 2.2415 -37.5243
4 0 24.8715 1.1376 -30.8047 24.833 1.1366 -30.7908 24.805 1.1482 -30.9574 24.84 1.149 -30.9678
3 0 22.397 1.3056 -33.3662 22.418 1.3086 -33.3766 22.7187 1.2865 -33.2218
4 0 22.474 1.2718 -33.0469 22.04 1.2778 -33.2065 22.7187 1.2865 -33.2218 22.5195 1.2737 -33.0677
3 0 22.173 1.4442 -34.0603 22.11 1.4669 -34.1784 22.173 1.4515 -34.0951
4 0 24.5985 1.198 -31.6759 24.595 1.19 -31.5613 24.588 1.1895 -31.5544 24.5845 1.1982 -31.6793
4 0 26.59 1.3799 -32.8872 26.59 1.3739 -32.8594 26.5165 1.3719 -32.8664 26.4955 1.3784 -32.9011
4 0 23.958 1.6931 -34.9419 23.9125 1.6834 -34.9038 23.678 1.7198 -35.1155 23.6955 1.7351 -35.1849
3 0 24.1435 1.1983 -31.6898 24.28 1.2026 -31.7488 24.14 1.1974 -31.6759
4 0 24.511 1.2442 -32.3388 24.5285 1.2392 -32.2659 24.5219 1.2389 -32.2637 24.5033 1.2441 -32.3388
3 0 24.595 1.6087 -34.3762 24.7 1.6764 -34.6643 24.609 1.6063 -34.3623
4 0 23.6171 2.1913 -37.3514 23.5625 2.2019 -37.418 23.6437 2.206 -37.4097 23.6486 2.2031 -37.3951
4 0 24.0595 1.1719 -31.3149 24.07 1.1749 -31.3566 24.0833 1.1747 -31.3528 24.0735 1.1718 -31.3114
4 0 24.8225 1.1325 -30.7318 24.784 1.1247 -30.6207 24.742 1.1246 -30.6207 24.791 1.1331 -30.7422
3 0 22.53 1.2408 -32.5818 22.8135 1.2622 -32.849 22.8415 1.2606 -32.8212
3 0 23.3175 1.249 -32.5713 23.1425 1.2506 -32.6234 23.3245 1.25 -32.5852
4 0 26.646 1.4491 -33.1926 26.632 1.4454 -33.1787 26.618 1.4462 -33.1857 26.597 1.4558 -33.2343
3 0 23.804 1.2139 -31.9744 23.895 1.2258 -32.134 23.916 1.2239 -32.1028
4 0 22.88 1.8895 -36.0526 22.712 1.8931 -36.0977 22.7015 1.8956 -36.1116 22.81 1.9163 -36.1914
3 0 23.741 1.1177 -30.5721 23.7305 1.1183 -30.5826 23.748 1.1187 -30.586
3 0 23.748 1.1187 -30.586 23.762 1.1189 -30.586 23.741 1.1177 -30.5721
3 0 24.21 1.8474 -35.5736 24.294 1.8543 -35.5771 24.2905 1.8472 -35.5459
4 0 25.0675 1.1317 -30.6832 25.05 1.1339 -30.7179 25.064 1.1342 -30.7179 25.0745 1.1331 -30.7006
4 0 25.701 1.9116 -35.525 25.673 1.9246 -35.591 25.757 1.9475 -35.6778 25.7885 1.9377 -35.6257
4 0 23.6675 1.1138 -30.527 23.692 1.1146 -30.534 23.748 1.1128 -30.4993 23.6745 1.1096 -30.4645
4 0 23.9195 1.0995 -30.2771 23.9055 1.0978 -30.2528 23.8963 1.097 -30.2415 23.9248 1.1088 -30.4108
4 0 25.953 1.8874 -35.3584 25.96 1.9028 -35.4279 26.016 1.9025 -35.414 26.016 1.8934 -35.3723
4 0 24.5705 1.1176 -30.5235 24.553 1.1163 -30.5062 24.532 1.1153 -30.4923 24.56 1.1207 -30.5687
4 0 24.966 1.1621 -31.1205 24.938 1.1597 -31.0928 24.9065 1.1683 -31.2177 24.9205 1.1688 -31.2212
3 0 21.9455 1.3623 -33.7098 22.04 1.3766 -33.7618 21.9385 1.3569 -33.6855
4 0 22.7295 1.2712 -32.9948 22.446 1.2654 -32.9566 22.495 1.2687 -32.9983 22.7155 1.2731 -33.026
4 0 24.812 1.3237 -33.0191 24.8295 1.3275 -33.033 24.8505 1.3195 -32.9913 24.8295 1.3147 -32.974
4 0 24.8365 1.2436 -32.259 24.8225 1.2424 -32.2451 24.7945 1.2463 -32.3041 24.8225 1.2475 -32.3145
3 0 24.63 1.1353 -30.7769 24.623 1.1448 -30.9123 24.6405 1.145 -30.9158
3 0 24.6405 1.145 -30.9158 24.658 1.1451 -30.9158 24.63 1.1353 -30.7769
4 0 23.881 1.6772 -34.8795 23.6675 1.7048 -35.0461 23.678 1.7198 -35.1155 23.9125 1.6834 -34.9038
4 0 21.7495 1.2506 -32.856 21.641 1.2546 -32.9323 21.529 1.2656 -33.1128 21.62 1.2683 -33.1371
3 0 24.609 1.2328 -32.1618 24.7385 1.2451 -32.3006 24.749 1.2448 -32.2937
3 0 22.81 1.9163 -36.1914 22.894 1.9405 -36.2921 22.908 1.9351 -36.2643
4 0 25.589 1.8503 -35.2682 25.6639 1.8559 -35.2772 25.68 1.8441 -35.2196 25.596 1.8401 -35.2196
4 0 24.602 1.16 -31.1309 24.588 1.1595 -31.124 24.6265 1.1663 -31.2212 24.6405 1.1668 -31.2281
3 0 23.741 1.1501 -31.0476 23.7935 1.1651 -31.2594 23.8075 1.1648 -31.2524
4 0 24.462 1.6061 -34.3935 24.546 1.5036 -33.9042 24.518 1.4985 -33.8868 24.441 1.6112 -34.4213
4 0 23.489 1.5257 -34.2269 23.79 1.4162 -33.6577 23.3 1.4758 -34.0222 23.363 1.4934 -34.0951
4 0 26.5445 1.3656 -32.8317 26.5165 1.3719 -32.8664 26.59 1.3739 -32.8594 26.59 1.3671 -32.8282
3 0 23.58 1.247 -32.4985 23.615 1.2479 -32.5054 23.587 1.2377 -32.3596
4 0 23.9776 2.14 -36.9953 23.9321 2.1458 -37.0369 23.9818 2.1448 -37.0161 24.0525 2.1332 -36.9391
4 0 23.0235 1.1601 -31.3149 23.0095 1.1609 -31.3288 23.0165 1.1627 -31.3531 23.0375 1.1641 -31.3704
4 0 21.9595 1.231 -32.5332 22.019 1.2277 -32.4742 21.8965 1.2263 -32.4742 21.9385 1.231 -32.5366
3 0 23.804 1.6049 -34.5497 23.846 1.6562 -34.7858 23.902 1.6662 -34.8239
4 0 24.21 1.103 -30.3222 24.14 1.1056 -30.3604 24.252 1.1055 -30.3569 24.231 1.104 -30.3361
4 0 21.3645 1.3499 -33.748 21.3785 1.3504 -33.748 21.424 1.3314 -33.6508 21.4135 1.3303 -33.6473
3 0 25.085 1.5754 -34.1159 24.973 1.5497 -34.0222 24.847 1.5233 -33.9285
4 0 22.5125 1.3251 -33.4391 22.81 1.3597 -33.5536 22.7187 1.2865 -33.2218 22.4985 1.3224 -33.4286
4 0 24.735 1.5013 -33.8521 24.7 1.5102 -33.9007 25.085 1.5754 -34.1159 24.847 1.5233 -33.9285
3 0 23.3525 1.1547 -31.1795 23.3525 1.1551 -31.1865 23.741 1.1501 -31.0476
4 0 23.741 1.1501 -31.0476 23.44 1.1424 -30.9852 23.3455 1.1541 -31.1726 23.3525 1.1547 -31.1795
4 0 25.12 1.2668 -32.5123 25.1305 1.2705 -32.5609 25.1445 1.2703 -32.554 25.141 1.2676 -32.5193
4 0 23.209 1.1578 -31.249 23.3035 1.1567 -31.2177 23.3 1.1559 -31.2073 23.2055 1.1563 -31.2281
4 0 25.0815 1.2463 -32.2416 25.057 1.2439 -32.2139 25.029 1.2503 -32.3076 25.057 1.2515 -32.318
4 0 22.019 1.2277 -32.4742 22.0995 1.238 -32.613 22.53 1.2408 -32.5818 22.397 1.2201 -32.3006
4 0 25.407 1.8522 -35.3168 25.456 1.8591 -35.3376 25.491 1.8396 -35.2404 25.505 1.8206 -35.1502
3 0 22.53 1.2408 -32.5818 22.866 1.2493 -32.6512 22.7855 1.2446 -32.5956
3 0 22.81 1.3597 -33.5536 23.097 1.4328 -33.8521 23.097 1.4284 -33.8313
4 0 22.39 1.2612 -32.9045 22.446 1.2654 -32.9566 22.7295 1.2712 -32.9948 22.7435 1.2692 -32.9636
4 0 23.2055 1.1563 -31.2281 23.3 1.1559 -31.2073 23.3035 1.1548 -31.1899 23.1775 1.1553 -31.2177
4 0 22.3165 1.3226 -33.4599 22.383 1.333 -33.4981 22.362 1.311 -33.3974 22.2605 1.3133 -33.4252
4 0 26.471 1.6099 -33.9701 26.2995 1.6244 -34.0742 26.3065 1.635 -34.1214 26.4899 1.6475 -34.1388
4 0 24.5635 1.1483 -30.9643 24.595 1.1568 -31.0858 24.6195 1.1569 -31.0858 24.581 1.1479 -30.9574
4 0 24.6055 1.1786 -31.3982 24.5915 1.1781 -31.3913 24.588 1.1873 -31.5232 24.5985 1.1871 -31.5197
4 0 23.895 2.1932 -37.2674 24.042 2.2175 -37.3299 24.056 2.214 -37.3091 24.056 2.1853 -37.1772
4 0 24.763 1.1341 -30.7561 24.6825 1.124 -30.6138 24.665 1.1238 -30.6103 24.7525 1.1345 -30.763
4 0 23.5905 1.1356 -30.8602 23.566 1.1363 -30.8741 23.44 1.1424 -30.9852 23.741 1.1501 -31.0476
4 0 25.099 1.2361 -32.0993 25.1235 1.2373 -32.1097 25.1445 1.2325 -32.0403 25.1235 1.2309 -32.023
3 0 23.769 1.6425 -34.7337 23.804 1.6488 -34.758 23.846 1.6562 -34.7858
4 0 22.229 1.5502 -34.5532 22.2115 1.5474 -34.5428 22.1695 1.5518 -34.5706 22.201 1.5616 -34.6122
4 0 23.195 1.2389 -32.4429 23.1425 1.2506 -32.6234 23.3245 1.2479 -32.554 23.23 1.2383 -32.429
3 0 24.84 1.2279 -32.0438 24.8225 1.2263 -32.0264 24.791 1.2243 -32.0056
4 0 24.843 1.149 -30.9686 24.8785 1.1503 -30.9782 24.9065 1.139 -30.8186 24.8825 1.1379 -30.8091
4 0 24.756 1.2225 -31.9882 24.644 1.2237 -32.0299 24.84 1.2279 -32.0438 24.791 1.2243 -32.0056
4 0 24.728 1.2917 -32.8907 24.6946 1.2865 -32.8741 24.6825 1.3039 -32.9566 24.714 1.3069 -32.9636
4 0 26.261 1.609 -34.0118 26.1294 1.5942 -33.9729 26.1315 1.6058 -34.0256 26.261 1.615 -34.0395
3 0 24.455 1.1198 -30.5583 24.469 1.1206 -30.5687 24.56 1.1207 -30.5687
4 0 25.939 1.8504 -35.1918 26.058 1.8576 -35.1988 26.051 1.8467 -35.1502 25.925 1.8392 -35.1432
3 0 24.847 2.1065 -36.6079 24.854 2.0917 -36.5385 24.777 2.0911 -36.5524
3 0 21.55 1.2701 -33.1753 21.5535 1.2708 -33.1857 21.62 1.2683 -33.1371
4 0 24.2205 1.3654 -33.3453 24.2275 1.3774 -33.4009 24.245 1.3875 -33.446 24.258 1.3943 -33.4761
4 0 21.501 1.2686 -33.1614 21.529 1.2705 -33.1857 21.5395 1.2702 -33.1787 21.529 1.2656 -33.1128
4 0 26.527 1.5189 -33.5397 26.387 1.5137 -33.5467 26.366 1.5173 -33.5675 26.492 1.5354 -33.623
4 0 23.8037 1.9154 -36.0214 23.685 1.9112 -36.0214 23.783 1.9278 -36.0838 23.7926 1.9282 -36.0838
4 0 22.11 1.4669 -34.1784 22.32 1.4889 -34.2478 22.2605 1.4759 -34.1957 22.222 1.4716 -34.1818
4 0 22.565 1.3628 -33.6091 22.579 1.3662 -33.623 22.81 1.3597 -33.5536 22.467 1.3286 -33.4634
3 0 24.553 1.3166 -33.0434 24.5915 1.3199 -33.0503 24.6195 1.3031 -32.967
4 0 22.138 1.2196 -32.3353 22.0085 1.2157 -32.3006 21.9665 1.22 -32.37 22.019 1.2277 -32.4742
4 0 24.616 1.3234 -33.0607 24.6265 1.3057 -32.9774 24.6195 1.3031 -32.967 24.5915 1.3199 -33.0503
4 0 24.5215 1.2773 -32.7865 24.532 1.2652 -32.6199 24.5285 1.2644 -32.6095 24.4585 1.2625 -32.5991
3 0 23.7431 2.1984 -37.3417 23.7459 2.2011 -37.3535 23.895 2.1932 -37.2674
4 0 26.121 1.7352 -34.6226 26.002 1.7197 -34.5775 25.974 1.7252 -34.6087 26.079 1.7423 -34.6643
3 0 23.7725 1.1982 -31.7488 23.727 1.204 -31.8425 23.895 1.1982 -31.7279
4 0 26.3975 1.7636 -34.692 26.247 1.7307 -34.574 26.212 1.7403 -34.6261 26.3485 1.7771 -34.7649
4 0 23.1425 1.2506 -32.6234 22.831 1.2657 -32.8976 22.803 1.268 -32.9358 22.7187 1.2865 -33.2218
4 0 24.616 1.2024 -31.7383 24.602 1.2019 -31.7314 24.6125 1.2092 -31.8355 24.6264 1.2097 -31.8424
4 0 25.54 1.9764 -35.8582 25.547 1.9873 -35.9068 25.5995 1.9868 -35.893 25.6415 1.9737 -35.8235
4 0 24.28 1.2026 -31.7488 24.3745 1.2677 -32.6789 24.413 1.2609 -32.5818 24.448 1.2532 -32.4707
4 0 23.181 1.1588 -31.2698 23.188 1.1658 -31.3704 23.2265 1.1653 -31.3566 23.202 1.1584 -31.2594
3 0 24 1.2232 -32.0785 23.986 1.2424 -32.3631 24.028 1.2212 -32.0438
3 0 22.39 1.252 -32.7692 22.341 1.2571 -32.8525 22.4075 1.2536 -32.79
4 0 25.022 1.2683 -32.554 25.0535 1.2693 -32.5609 25.057 1.264 -32.488 25.0395 1.2627 -32.4742
4 0 22.1835 1.2989 -33.3696 22.362 1.311 -33.3974 22.341 1.3073 -33.3835 22.3165 1.3035 -33.3696
4 0 25.05 1.2089 -31.7383 25.0745 1.2098 -31.7453 25.1095 1.2037 -31.655 25.099 1.203 -31.6481
4 0 22.9185 1.1426 -31.0754 22.978 1.1447 -31.0962 22.992 1.1435 -31.0754 22.929 1.1413 -31.0546
4 0 24.9625 1.2474 -32.2833 24.9975 1.249 -32.2972 25.0325 1.2417 -32.1896 25.0045 1.24 -32.1722
3 0 24.352 1.2865 -32.9493 24.371 1.2686 -32.6928 24.3675 1.2681 -32.6859
3 0 24.3815 1.2691 -32.6998 24.371 1.2686 -32.6928 24.352 1.2865 -32.9493
3 0 24.7 1.752 -35.0114 25.33 1.7987 -35.0877 25.3265 1.7894 -35.0461
3 0 23.8495 1.1378 -30.8498 23.741 1.1501 -31.0476 23.8635 1.138 -30.8498
4 0 24.504 1.1444 -30.9088 24.5075 1.134 -30.7596 24.49 1.1335 -30.7526 24.497 1.1456 -30.9262
4 0 24.98 1.2271 -32.0021 24.9975 1.2286 -32.0195 25.0605 1.2218 -31.9119 25.043 1.2192 -31.8806
3 0 24.217 2.1169 -36.8093 24.2275 2.1396 -36.9099 24.2415 2.1353 -36.8856
3 0 24.497 1.1492 -30.9782 24.49 1.1489 -30.9748 24.28 1.1542 -31.0546
3 0 24.28 1.1542 -31.0546 24.504 1.1497 -30.9852 24.497 1.1492 -30.9782
3 0 24.7 1.752 -35.0114 25.3265 1.7894 -35.0461 25.323 1.7802 -35.0044
4 0 24.21 1.1716 -31.3045 24.28 1.2026 -31.7488 24.574 1.1774 -31.3808 24.28 1.1542 -31.0546
4 0 22.8842 1.883 -36.0214 22.817 1.8807 -36.0214 22.754 1.8799 -36.0283 22.88 1.8895 -36.0526
4 0 23.9405 1.1012 -30.3014 23.9248 1.1088 -30.4108 23.9755 1.1049 -30.3535 23.9615 1.1032 -30.3292
3 0 24.28 1.1542 -31.0546 24.203 1.1711 -31.2975 24.2065 1.1711 -31.2975
3 0 24.777 1.1481 -30.9574 24.805 1.1482 -30.9574 24.833 1.1366 -30.7908
4 0 26.4045 1.4035 -33.0364 26.338 1.4162 -33.1093 26.506 1.4174 -33.0781 26.548 1.4051 -33.0121
4 0 24.063 2.2455 -37.4514 24.056 2.2298 -37.3819 24.042 2.2235 -37.3577 23.895 2.1932 -37.2674
4 0 25.3685 1.1862 -31.36 25.3755 1.1868 -31.367 25.4 1.1854 -31.3427 25.3895 1.1843 -31.3288
3 0 24.28 1.2026 -31.7488 24.3675 1.2681 -32.6859 24.3745 1.2677 -32.6789
4 0 23.5667 2.2193 -37.4965 23.5933 2.2228 -37.5041 23.5506 2.2086 -37.4528 23.5513 2.2154 -37.484
4 0 22.201 1.5616 -34.6122 22.2325 1.5693 -34.6434 22.243 1.5507 -34.5532 22.229 1.5502 -34.5532
3 0 23.545 1.2464 -32.495 23.58 1.247 -32.4985 23.587 1.2377 -32.3596
3 0 22.4005 1.3175 -33.4217 22.383 1.333 -33.4981 22.4215 1.3212 -33.4356
4 0 25.386 1.188 -31.3808 25.393 1.1884 -31.3843 25.4 1.1882 -31.3808 25.4035 1.1875 -31.3704
4 0 23.0375 1.1331 -30.9158 23.013 1.1343 -30.9366 23.069 1.1436 -31.065 23.0795 1.1445 -31.0754
4 0 23.4435 1.2497 -32.5609 23.419 1.2497 -32.5644 23.398 1.2499 -32.5713 23.51 1.2708 -32.8594
4 0 23.587 1.2377 -32.3596 23.23 1.2383 -32.429 23.342 1.2472 -32.5401 23.3665 1.2465 -32.5262
3 0 23.685 1.1095 -30.4611 23.748 1.1128 -30.4993 23.6885 1.1088 -30.4507
3 0 22.3095 1.5713 -34.64 22.334 1.5678 -34.6191 22.355 1.5612 -34.5844
3 0 22.3795 1.3138 -33.4078 22.362 1.311 -33.3974 22.383 1.333 -33.4981
3 0 22.383 1.333 -33.4981 22.4005 1.3175 -33.4217 22.3795 1.3138 -33.4078
4 0 21.893 1.3545 -33.682 21.886 1.3492 -33.6577 21.837 1.3526 -33.682 21.844 1.3638 -33.7341
4 0 23.0375 1.1331 -30.9158 23.0795 1.1445 -31.0754 23.1775 1.1553 -31.2177 23.069 1.1323 -30.8984
3 0 23.0795 1.1445 -31.0754 23.083 1.1454 -31.0893 23.1775 1.1553 -31.2177
4 0 25.288 1.1936 -31.478 25.2845 1.1963 -31.5162 25.3055 1.1959 -31.5058 25.3055 1.1939 -31.478
3 0 23.3525 1.1551 -31.1865 23.4505 1.1666 -31.3392 23.496 1.1676 -31.3461
4 0 24.777 2.0911 -36.5524 24.763 2.0942 -36.5698 24.833 2.1104 -36.6288 24.847 2.1065 -36.6079
4 0 25.3615 1.1856 -31.3531 25.3685 1.1862 -31.36 25.3895 1.1843 -31.3288 25.379 1.1833 -31.3184
4 0 23.027 1.1479 -31.1344 23.0515 1.1567 -31.2594 23.0935 1.1564 -31.249 23.0445 1.1474 -31.124
4 0 22.502 1.8908 -36.122 22.474 1.8957 -36.1498 22.46 1.8996 -36.1706 22.53 1.9064 -36.1914
4 0 22.019 1.2277 -32.4742 21.963 1.2325 -32.554 21.956 1.2345 -32.5852 21.956 1.2475 -32.7761
3 0 24.5117 2.0702 -36.5149 24.476 2.1009 -36.6635 24.511 2.098 -36.6427
3 0 22.46 1.8996 -36.1706 22.4565 1.9031 -36.188 22.53 1.9064 -36.1914
4 0 24.6475 1.1581 -31.1032 24.658 1.1591 -31.1171 24.672 1.147 -30.9435 24.658 1.147 -30.9435
4 0 24.6335 1.1574 -31.0928 24.6475 1.1581 -31.1032 24.658 1.147 -30.9435 24.644 1.1467 -30.94
4 0 26.4808 1.7302 -34.5206 26.296 1.7066 -34.4525 26.275 1.7214 -34.5254 26.45 1.7464 -34.6018
3 0 23.6395 1.1305 -30.7769 23.6535 1.13 -30.7665 23.601 1.1249 -30.7006
3 0 23.5933 2.2228 -37.5041 23.678 2.2319 -37.5173 23.79 2.2415 -37.5243
4 0 23.188 1.1658 -31.3704 23.181 1.1588 -31.2698 23.1495 1.1592 -31.2802 23.1565 1.1664 -31.3843
4 0 23.93 2.161 -37.1077 23.993 2.158 -37.073 23.9965 2.156 -37.0626 23.9818 2.1448 -37.0161
3 0 26.191 1.4379 -33.2412 26.359 1.4535 -33.2759 26.408 1.4407 -33.2065
4 0 22.0925 1.5241 -34.4525 22.1835 1.5354 -34.4907 22.18 1.5323 -34.4768 22.11 1.5108 -34.3866
4 0 22.145 1.2407 -32.6442 22.173 1.2412 -32.6477 22.53 1.2408 -32.5818 22.0995 1.238 -32.613
3 0 22.222 1.2212 -32.3457 22.019 1.2277 -32.4742 22.397 1.2201 -32.3006
4 0 26.2645 1.6307 -34.111 26.2645 1.6212 -34.0673 26.135 1.6226 -34.102 26.135 1.6407 -34.1853
4 0 25.12 1.185 -31.3982 25.0955 1.1841 -31.3913 25.078 1.1897 -31.4711 25.106 1.1906 -31.478
4 0 24.763 2.0942 -36.5698 24.742 2.0962 -36.5837 24.798 2.1147 -36.6565 24.833 2.1104 -36.6288
3 0 25.33 1.8244 -35.2057 25.407 1.8522 -35.3168 25.344 1.822 -35.1918
4 0 21.8685 1.4042 -33.9215 21.8825 1.4128 -33.9597 21.9 1.3863 -33.8313 21.858 1.3899 -33.8556
3 0 23.587 1.2377 -32.3596 23.4645 1.2457 -32.4985 23.503 1.2459 -32.495
4 0 22.467 1.3286 -33.4634 22.4425 1.3248 -33.4495 22.383 1.333 -33.4981 22.439 1.3415 -33.5293
4 0 26.2365 1.3698 -32.9184 26.1315 1.355 -32.8733 26.0755 1.3719 -32.9636 26.198 1.3853 -32.9983
4 0 25.869 1.906 -35.4626 25.7304 1.8814 -35.38 25.7255 1.8931 -35.4348 25.848 1.9171 -35.5181
4 0 23.573 1.9073 -36.0214 23.5975 1.9206 -36.0804 23.636 1.9227 -36.0838 23.685 1.9112 -36.0214
3 0 23.636 1.9227 -36.0838 23.685 1.9244 -36.0838 23.685 1.9112 -36.0214
3 0 24.4655 1.6335 -34.5185 24.7 1.6764 -34.6643 24.476 1.6249 -34.4768
3 0 24.352 1.4389 -33.6493 24.352 1.3554 -33.2659 24.322 1.4257 -33.5987
4 0 24.5705 1.1684 -31.2524 24.5775 1.1767 -31.3704 24.588 1.1762 -31.3635 24.5845 1.1689 -31.2594
4 0 24.98 1.1642 -31.1448 24.966 1.1621 -31.1205 24.9205 1.1688 -31.2212 24.9345 1.1698 -31.2316
4 0 23.895 2.1932 -37.2674 23.7501 2.1756 -37.2348 23.72 2.1775 -37.2535 23.6941 2.1797 -37.2723
4 0 23.069 1.1323 -30.8984 23.3105 1.1542 -31.1795 23.321 1.1538 -31.1726 23.44 1.1424 -30.9852
4 0 23.118 1.1562 -31.242 23.055 1.147 -31.1171 23.0445 1.1474 -31.124 23.0935 1.1564 -31.249
4 0 24.8995 1.182 -31.4051 24.9345 1.1843 -31.4294 24.9765 1.1771 -31.3218 24.9485 1.1746 -31.2941
4 0 23.6885 1.1088 -30.4507 23.748 1.1128 -30.4993 23.7585 1.1054 -30.3882 23.741 1.105 -30.3847
4 0 24.8715 1.2638 -32.5262 24.8785 1.2713 -32.6269 24.91 1.2718 -32.6269 24.8995 1.265 -32.5366
4 0 25.309 1.1817 -31.3114 25.323 1.1824 -31.3184 25.3335 1.1798 -31.2802 25.3195 1.1788 -31.2698
4 0 24.42 1.6948 -34.81 24.42 1.6306 -34.515 24.378 1.7215 -34.9419 24.406 1.7077 -34.8725
3 0 24.42 1.6222 -34.4768 24.352 1.7301 -34.9871 24.378 1.7215 -34.9419
4 0 25.638 1.9365 -35.6535 25.6135 1.9452 -35.6986 25.6625 1.9672 -35.7888 25.701 1.9592 -35.7437
3 0 25.6625 1.9672 -35.7888 25.6135 1.9452 -35.6986 25.5855 1.9552 -35.7506
3 0 25.5855 1.9552 -35.7506 25.561 1.9653 -35.8027 25.6625 1.9672 -35.7888
4 0 24.665 2.0903 -36.5732 24.5285 2.0988 -36.6427 24.5285 2.1019 -36.6565 24.56 2.1079 -36.6774
4 0 24.644 1.1467 -30.94 24.63 1.1467 -30.94 24.6195 1.1569 -31.0858 24.6335 1.1574 -31.0928
4 0 22.1835 1.5354 -34.4907 22.0925 1.5241 -34.4525 22.1135 1.5329 -34.4907 22.1905 1.5393 -34.5081
3 0 24.7387 1.1782 -31.3893 24.763 1.1787 -31.3913 24.7735 1.1784 -31.3843
3 0 22.173 1.2412 -32.6477 22.194 1.2419 -32.6546 22.53 1.2408 -32.5818
4 0 24.4795 1.2527 -32.4603 24.504 1.2467 -32.3735 24.4957 1.2462 -32.3694 24.4732 1.2526 -32.4603
4 0 21.8965 1.3122 -33.4807 21.97 1.3009 -33.4148 21.7875 1.2865 -33.3771 21.886 1.3133 -33.4877
3 0 23.804 1.6049 -34.5497 23.902 1.6662 -34.8239 23.9545 1.6761 -34.8621
3 0 22.04 1.3912 -33.8313 22.117 1.4086 -33.9007 22.0855 1.3928 -33.8313
4 0 24.0175 1.2142 -31.9431 23.895 1.1982 -31.7279 23.804 1.2139 -31.9744 23.993 1.217 -31.9882
4 0 24.602 1.176 -31.36 24.5985 1.1694 -31.2663 24.5845 1.1689 -31.2594 24.588 1.1762 -31.3635
3 0 24.035 1.1759 -31.3774 23.9545 1.1832 -31.4989 24.0525 1.1761 -31.3774
4 0 25.015 1.167 -31.1761 24.9975 1.1657 -31.1622 24.9555 1.1717 -31.2524 24.973 1.173 -31.2663
4 0 22.0015 1.2596 -32.9462 21.9665 1.2597 -32.9531 21.9385 1.2603 -32.967 21.9525 1.2654 -33.0399
3 0 24.9135 1.1246 -30.6173 24.882 1.1248 -30.6207 24.9086 1.1306 -30.704
4 0 23.2265 1.9009 -36.0491 23.2433 1.9024 -36.0533 23.293 1.8937 -36.004 23.2475 1.8914 -36.0005
3 0 24.588 1.5993 -34.3345 24.609 1.6026 -34.345 24.7 1.5858 -34.2478
3 0 22.7187 1.2865 -33.2218 22.5615 1.2745 -33.0712 22.551 1.2748 -33.0781
3 0 22.1905 1.5305 -34.4664 22.201 1.532 -34.4716 22.11 1.5108 -34.3866
4 0 24.2485 1.962 -36.0873 24.1995 1.9313 -35.9624 24.133 1.9363 -36.0075 24.21 1.9668 -36.122
4 0 25.351 1.1847 -31.3427 25.3615 1.1856 -31.3531 25.379 1.1833 -31.3184 25.358 1.1817 -31.301
4 0 24.497 1.1456 -30.9262 24.49 1.1335 -30.7526 24.476 1.1327 -30.7422 24.49 1.1468 -30.9435
4 0 23.0025 1.1426 -31.0615 22.9465 1.1396 -31.0268 22.929 1.1413 -31.0546 22.992 1.1435 -31.0754
3 0 25.68 1.8441 -35.2196 25.6639 1.8559 -35.2772 25.6856 1.8534 -35.2613
4 0 22.9045 1.4224 -33.8347 22.9465 1.4378 -33.9007 23.244 1.5127 -34.2061 22.81 1.3597 -33.5536
4 0 26.002 1.7197 -34.5775 26.121 1.7352 -34.6226 26.163 1.7259 -34.5706 26.03 1.7128 -34.5393
4 0 24.042 2.1601 -37.0661 24.056 2.1853 -37.1772 24.168 2.1511 -36.9828 24.056 2.1573 -37.0487
3 0 22.9465 1.4378 -33.9007 23.0165 1.4615 -34.0013 23.244 1.5127 -34.2061
4 0 24.6545 1.1799 -31.4156 24.637 1.1797 -31.4121 24.665 1.1884 -31.537 24.679 1.1894 -31.5509
3 0 24.0175 2.1621 -37.0835 24.056 2.1853 -37.1772 24.042 2.1601 -37.0661
4 0 26.464 1.5869 -33.866 26.268 1.6063 -33.9979 26.282 1.61 -34.0118 26.471 1.6099 -33.9701
4 0 25.1725 1.2154 -31.8008 25.19 1.2167 -31.8147 25.2145 1.2128 -31.7557 25.2075 1.2116 -31.7418
3 0 22.0435 1.2601 -32.9462 21.963 1.266 -33.0469 22.0925 1.2609 -32.9497
4 0 24.847 1.1247 -30.6207 24.8925 1.1309 -30.7075 24.9086 1.1306 -30.704 24.882 1.1248 -30.6207
3 0 24.175 1.1756 -31.3635 24.28 1.2026 -31.7488 24.189 1.1749 -31.3531
3 0 25.3335 1.7686 -34.9489 24.7 1.752 -35.0114 25.323 1.7727 -34.9697
4 0 24.574 1.2397 -32.2624 24.5775 1.2412 -32.2833 24.609 1.2328 -32.1618 24.595 1.2324 -32.1583
3 0 24.231 1.8142 -35.414 24.294 1.8263 -35.4487 24.308 1.8183 -35.407
3 0 23.615 1.2479 -32.5054 23.6465 1.249 -32.5158 23.587 1.2377 -32.3596
4 0 24.8715 1.2605 -32.4811 24.889 1.2613 -32.488 24.9345 1.2557 -32.4013 24.8855 1.2538 -32.3874
4 0 24.5775 1.2412 -32.2833 24.5495 1.2479 -32.3805 24.7315 1.2588 -32.488 24.7455 1.2585 -32.4811
4 0 24.399 1.1212 -30.5791 24.28 1.1542 -31.0546 24.4725 1.1322 -30.7353 24.413 1.122 -30.5895
4 0 24.9695 1.1538 -31.006 25.0185 1.1559 -31.0233 25.0115 1.1453 -30.881 24.98 1.1433 -30.8602
3 0 22.1695 1.2209 -32.3492 22.019 1.2277 -32.4742 22.194 1.2211 -32.3492
3 0 24.7 1.8577 -35.4973 24.805 1.97 -35.9901 24.84 1.9619 -35.945
4 0 21.7845 1.2708 -33.1475 21.7775 1.2736 -33.1892 21.9035 1.271 -33.1302 21.9 1.2698 -33.1128
4 0 23.6605 1.1043 -30.3882 23.6395 1.1043 -30.3917 23.6395 1.1071 -30.4333 23.657 1.1075 -30.4368
4 0 22.0383 1.2865 -33.3353 22.04 1.2778 -33.2065 21.781 1.2824 -33.3176 21.7875 1.2865 -33.3771
3 0 24.7805 1.1969 -31.6342 24.7875 1.1967 -31.6307 24.8225 1.183 -31.4364
4 0 22.8975 1.1464 -31.1344 22.971 1.1461 -31.1171 22.9185 1.1426 -31.0754 22.9045 1.1446 -31.1066
4 0 23.6675 1.6426 -34.751 23.6605 1.6533 -34.8031 23.7165 1.6487 -34.7719 23.6885 1.6448 -34.758
3 0 22.971 1.1461 -31.1171 22.978 1.1447 -31.0962 22.9185 1.1426 -31.0754
4 0 24.5145 2.105 -36.6739 24.6195 2.1304 -36.7676 24.56 2.1079 -36.6774 24.5285 2.1019 -36.6565
4 0 24.5775 1.189 -31.5474 24.56 1.1997 -31.7002 24.5845 1.1982 -31.6793 24.588 1.1895 -31.5544
4 0 21.963 1.267 -33.0607 22.04 1.2778 -33.2065 22.0925 1.2609 -32.9497 21.963 1.266 -33.0469
4 0 24.567 1.1343 -30.763 24.56 1.1348 -30.77 24.5285 1.1442 -30.9053 24.539 1.1444 -30.9088
3 0 22.579 1.3662 -33.623 22.593 1.3711 -33.6438 22.81 1.3597 -33.5536
4 0 21.823 1.3323 -33.5883 21.837 1.3526 -33.682 21.8825 1.3447 -33.6369 21.879 1.3387 -33.6091
4 0 21.858 1.3899 -33.8556 21.9105 1.3654 -33.7306 21.9 1.3599 -33.7063 21.8545 1.3803 -33.8104
4 0 24.9345 1.3076 -32.9184 24.973 1.3117 -32.9288 24.9765 1.2998 -32.8733 24.9415 1.2921 -32.8455
4 0 24.9306 1.1245 -30.6151 24.9415 1.1307 -30.6971 24.966 1.1311 -30.6971 24.9415 1.1246 -30.6138
4 0 26.24 1.6956 -34.4144 26.093 1.6901 -34.4213 26.0685 1.701 -34.4768 26.2085 1.71 -34.4873
4 0 25.82 1.8508 -35.2196 25.68 1.8441 -35.2196 25.6856 1.8534 -35.2613 25.701 1.8542 -35.2613
4 0 22.3445 1.2169 -32.2624 22.236 1.2197 -32.3214 22.236 1.2207 -32.3353 22.397 1.2201 -32.3006
4 0 22.88 1.8895 -36.0526 22.754 1.8799 -36.0283 22.7085 1.8907 -36.0873 22.712 1.8931 -36.0977
3 0 21.9 1.3863 -33.8313 22.04 1.3912 -33.8313 22.075 1.3778 -33.7618
4 0 21.949 1.3792 -33.7896 21.9 1.3863 -33.8313 22.075 1.3778 -33.7618 22.04 1.3766 -33.7618
4 0 24.1855 2.203 -37.2153 24.056 2.1853 -37.1772 24.105 2.21 -37.2743 24.161 2.2065 -37.2396
3 0 24.056 2.1853 -37.1772 24.1855 2.203 -37.2153 24.203 2.1975 -37.1841
3 0 24.203 2.1975 -37.1841 24.21 2.1934 -37.1633 24.056 2.1853 -37.1772
4 0 24.9695 1.2379 -32.1514 24.9275 1.2357 -32.1306 24.8925 1.2438 -32.2486 24.931 1.2457 -32.2659
4 0 22.341 1.2571 -32.8525 22.7435 1.2692 -32.9636 22.7645 1.2668 -32.9254 22.439 1.2558 -32.8178
3 0 22.7645 1.2668 -32.9254 22.46 1.2551 -32.8039 22.453 1.2557 -32.8143
3 0 22.7645 1.2668 -32.9254 22.453 1.2557 -32.8143 22.439 1.2558 -32.8178
3 0 22.8842 1.883 -36.0214 22.88 1.8895 -36.0526 22.9675 1.8852 -36.0179
4 0 22.0295 1.2141 -32.2729 22.145 1.2192 -32.3284 22.1555 1.2188 -32.3214 22.061 1.2128 -32.2486
4 0 22.8695 1.9462 -36.3233 22.894 1.9405 -36.2921 22.81 1.9163 -36.1914 22.852 1.9485 -36.3372
3 0 22.495 1.3303 -33.4668 22.81 1.3597 -33.5536 22.516 1.3303 -33.4634
4 0 24.595 1.1568 -31.0858 24.5635 1.1483 -30.9643 24.546 1.1488 -30.9713 24.581 1.1571 -31.0893
4 0 23.2545 1.907 -36.0734 23.2405 1.9073 -36.0769 23.2335 1.9356 -36.2123 23.2755 1.9363 -36.2088
4 0 23.223 1.9067 -36.0769 23.2055 1.9038 -36.0665 23.209 1.9362 -36.2192 23.2335 1.9356 -36.2123
4 0 24.189 1.102 -30.3084 24.0315 1.1062 -30.3708 24.14 1.1056 -30.3604 24.21 1.103 -30.3222
4 0 24.896 1.302 -32.9011 24.9345 1.3076 -32.9184 24.9415 1.2921 -32.8455 24.9223 1.2865 -32.8241
3 0 25.596 1.8295 -35.171 25.68 1.8441 -35.2196 25.589 1.8186 -35.1224
3 0 24.483 1.1221 -30.5895 24.49 1.1228 -30.5999 24.56 1.1207 -30.5687
4 0 24.7 1.6764 -34.6643 24.7 1.752 -35.0114 25.351 1.7664 -34.935 25.26 1.7032 -34.6643
4 0 24.455 1.2614 -32.5852 24.4795 1.2547 -32.488 24.469 1.2543 -32.4846 24.448 1.2608 -32.5783
3 0 25.344 1.822 -35.1918 25.407 1.8522 -35.3168 25.358 1.8166 -35.1641
3 0 24.448 1.2608 -32.5783 24.469 1.2543 -32.4846 24.4445 1.2606 -32.576
4 0 23.0935 1.9358 -36.2366 23.1194 1.9371 -36.2386 23.16 1.9374 -36.2331 23.0445 1.8843 -36.0005
3 0 24.539 1.1444 -30.9088 24.553 1.1447 -30.9123 24.567 1.1343 -30.763
3 0 21.8965 1.2263 -32.4742 21.9175 1.2319 -32.554 21.9385 1.231 -32.5366
4 0 24.651 1.1874 -31.5232 24.665 1.1884 -31.537 24.637 1.1797 -31.4121 24.6195 1.1792 -31.4051
4 0 24.476 1.6249 -34.4768 24.7 1.6764 -34.6643 24.511 1.6153 -34.4248 24.4935 1.619 -34.4456
3 0 23.244 1.5127 -34.2061 23.412 1.5288 -34.2547 23.356 1.5152 -34.1992
4 0 26.492 1.3065 -32.5713 26.4745 1.3049 -32.5679 26.443 1.3064 -32.5818 26.4955 1.3104 -32.5887
3 0 24.553 1.1328 -30.7422 24.56 1.1335 -30.7526 24.63 1.1353 -30.7769
4 0 21.4415 1.3269 -33.6265 21.4345 1.3304 -33.6438 21.515 1.3464 -33.7063 21.5815 1.3421 -33.6751
3 0 22.439 1.3415 -33.5293 22.502 1.3518 -33.5675 22.467 1.3286 -33.4634
3 0 23.6535 1.1323 -30.8012 23.741 1.1501 -31.0476 23.6675 1.1311 -30.7804
4 0 23.79 1.166 -31.2733 23.741 1.1501 -31.0476 23.594 1.1704 -31.3704 23.6535 1.1723 -31.3878
4 0 23.664 1.1296 -30.7596 23.615 1.1243 -30.6901 23.601 1.1249 -30.7006 23.6535 1.13 -30.7665
4 0 24.7665 1.1486 -30.9643 24.693 1.1461 -30.9296 24.693 1.1468 -30.94 24.763 1.1491 -30.9713
4 0 23.741 1.1293 -30.7422 23.741 1.1501 -31.0476 23.804 1.1378 -30.8567 23.8005 1.1366 -30.8394
3 0 23.706 1.5905 -34.4977 23.6675 1.6228 -34.6573 23.7445 1.5977 -34.5254
4 0 25.071 1.1488 -30.9158 25.043 1.1473 -30.9019 25.05 1.1569 -31.0303 25.078 1.1576 -31.0338
4 0 22.3165 1.3035 -33.3696 22.2885 1.2996 -33.3558 22.2605 1.2964 -33.3453 22.1835 1.2989 -33.3696
4 0 25.8305 1.8211 -35.0808 25.82 1.8508 -35.2196 25.89 1.8572 -35.2335 25.8515 1.8312 -35.1224
3 0 25.89 1.8572 -35.2335 25.876 1.8429 -35.171 25.8515 1.8312 -35.1224
3 0 21.9035 1.2396 -32.6685 21.956 1.2475 -32.7761 21.9315 1.2371 -32.6269
3 0 22.11 1.4669 -34.1784 22.222 1.4716 -34.1818 22.194 1.4662 -34.161
3 0 23.244 1.5127 -34.2061 23.146 1.4536 -33.9423 23.1145 1.4422 -33.8937
4 0 23.069 1.1469 -31.1136 23.1425 1.1558 -31.2316 23.1635 1.1556 -31.2247 23.076 1.1468 -31.1101
4 0 23.8756 1.8329 -35.6185 23.902 1.8462 -35.6708 24.0315 1.7098 -35.0009 23.993 1.7002 -34.9697
4 0 23.097 1.4328 -33.8521 22.81 1.3597 -33.5536 23.244 1.5127 -34.2061 23.1145 1.4422 -33.8937
3 0 23.993 1.7002 -34.9697 23.9916 1.6999 -34.9686 23.8756 1.8329 -35.6185
3 0 22.467 1.3286 -33.4634 22.81 1.3597 -33.5536 22.495 1.3303 -33.4668
4 0 25.1865 1.1726 -31.2142 25.2005 1.1784 -31.2906 25.225 1.1785 -31.2871 25.2145 1.1735 -31.2212
3 0 24.735 1.2214 -31.9778 24.644 1.2237 -32.0299 24.756 1.2225 -31.9882
3 0 24.0525 1.1084 -30.4021 24.14 1.1056 -30.3604 24.0315 1.1062 -30.3708
3 0 24.0315 1.1062 -30.3708 24.042 1.1074 -30.3882 24.0525 1.1084 -30.4021
3 0 22.418 1.3086 -33.3766 22.4355 1.3114 -33.387 22.7187 1.2865 -33.2218
4 0 26.5018 1.6744 -34.2596 26.3205 1.6632 -34.2478 26.3205 1.6783 -34.3172 26.5039 1.6926 -34.3429
4 0 24.532 1.2637 -32.5991 24.504 1.2553 -32.4915 24.49 1.2551 -32.4915 24.4585 1.2625 -32.5991
3 0 24.0525 1.1084 -30.4021 24.056 1.1094 -30.416 24.14 1.1056 -30.3604
3 0 24.021 1.1757 -31.3774 23.9545 1.1832 -31.4989 24.035 1.1759 -31.3774
3 0 24.469 1.1206 -30.5687 24.476 1.1213 -30.5791 24.56 1.1207 -30.5687
4 0 25.127 1.2119 -31.7626 25.1515 1.2135 -31.78 25.19 1.2093 -31.714 25.169 1.2075 -31.6932
4 0 24.2905 1.8397 -35.5112 24.2905 1.8336 -35.4834 24.231 1.8142 -35.414 24.21 1.8474 -35.5736
3 0 23.7851 2.1732 -37.2119 23.895 2.1932 -37.2674 23.8187 2.1706 -37.189
3 0 22.0995 1.238 -32.613 22.096 1.2411 -32.6581 22.1135 1.2403 -32.6442
4 0 22.299 1.2148 -32.2381 22.25 1.213 -32.2208 22.208 1.2121 -32.2139 22.2255 1.2189 -32.311
4 0 23.9195 1.1339 -30.7804 23.937 1.1346 -30.7873 23.958 1.132 -30.7457 23.9475 1.1316 -30.7422
4 0 24.749 2.0852 -36.5316 24.7735 2.0864 -36.5316 24.847 2.0681 -36.4316 24.77 2.0575 -36.3997
4 0 23.202 1.1584 -31.2594 23.2265 1.1653 -31.3566 23.251 1.1648 -31.3461 23.209 1.1578 -31.249
4 0 24.8995 1.2016 -31.6724 24.931 1.2031 -31.6863 25.0115 1.1929 -31.5301 24.9835 1.191 -31.5093
3 0 24.021 1.158 -31.1171 24.0326 1.1537 -31.0514 24.014 1.1579 -31.1171
4 0 25.323 1.8059 -35.1224 25.33 1.7987 -35.0877 24.7 1.752 -35.0114 25.309 1.8128 -35.1571
3 0 22.138 1.2196 -32.3353 22.019 1.2277 -32.4742 22.1415 1.2205 -32.3492
4 0 24.6685 1.1608 -31.1414 24.7665 1.1501 -30.9852 24.763 1.1491 -30.9713 24.693 1.1468 -30.94
3 0 23.244 1.5127 -34.2061 23.4715 1.5434 -34.3137 23.412 1.5288 -34.2547
4 0 24.2407 1.4142 -33.5729 24.21 1.4009 -33.5154 23.79 1.4162 -33.6577 24.1485 1.5199 -34.0895
4 0 25.085 1.5754 -34.1159 24.7 1.5102 -33.9007 24.7 1.5858 -34.2478 25.26 1.7032 -34.6643
4 0 25.2635 1.2161 -31.7904 25.246 1.2153 -31.7835 25.2355 1.2192 -31.839 25.2565 1.2198 -31.8425
4 0 25.162 1.1717 -31.2073 25.1725 1.1785 -31.2975 25.2005 1.1784 -31.2906 25.1865 1.1726 -31.2142
4 0 26.3415 1.3167 -32.6512 26.2925 1.3234 -32.6928 26.415 1.3232 -32.6651 26.4528 1.3186 -32.6359
4 0 24.1485 1.5199 -34.0895 23.8005 1.6026 -34.5393 23.804 1.6049 -34.5497 24.0041 1.6856 -34.899
3 0 24.4585 1.2625 -32.5991 24.518 1.2777 -32.7935 24.5215 1.2773 -32.7865
4 0 24.352 1.2865 -32.9493 24.518 1.2777 -32.7935 24.4585 1.2625 -32.5991 24.4391 1.2621 -32.5978
3 0 25.323 1.7727 -34.9697 24.7 1.752 -35.0114 25.323 1.7802 -35.0044
4 0 23.5506 2.2086 -37.4528 23.5933 2.2228 -37.5041 23.6437 2.206 -37.4097 23.5625 2.2019 -37.418
3 0 23.5933 2.2228 -37.5041 23.6444 2.2102 -37.4291 23.6437 2.206 -37.4097
4 0 25.0465 1.2761 -32.6546 25.0535 1.2782 -32.6824 25.064 1.2781 -32.6789 25.0605 1.2768 -32.6616
4 0 25.085 1.5754 -34.1159 25.26 1.7032 -34.6643 25.3055 1.6389 -34.3588 25.183 1.6013 -34.2131
4 0 24.7105 1.3385 -33.1093 24.7175 1.3169 -33.0087 24.679 1.3113 -32.9913 24.679 1.3332 -33.092
4 0 24.6475 1.3083 -32.9844 24.6475 1.3279 -33.0746 24.679 1.3332 -33.092 24.679 1.3113 -32.9913
4 0 24.5705 1.2118 -31.8737 24.5705 1.219 -31.9778 24.5915 1.2191 -31.9778 24.5845 1.2123 -31.8806
4 0 25.1515 1.2556 -32.3527 25.141 1.2539 -32.3319 25.1235 1.2574 -32.3839 25.141 1.2587 -32.3978
4 0 24.3185 1.1112 -30.4368 24.28 1.1542 -31.0546 24.3955 1.1207 -30.5721 24.336 1.1124 -30.4541
4 0 21.9385 1.3569 -33.6855 22.04 1.3766 -33.7618 21.928 1.347 -33.6404 21.9315 1.3515 -33.6612
3 0 21.781 1.2382 -32.6685 21.7985 1.2452 -32.7692 21.802 1.2441 -32.7518
4 0 24.014 1.1352 -30.7873 23.9837 1.1333 -30.7608 24.0326 1.1537 -31.0514 24.28 1.1542 -31.0546
4 0 26.1105 1.7582 -34.7302 26.17 1.8003 -34.9107 26.275 1.7902 -34.8413 26.163 1.7501 -34.6816
4 0 23.6941 2.1797 -37.2723 23.7116 2.1941 -37.3327 23.7333 2.1957 -37.3327 23.895 2.1932 -37.2674
3 0 23.209 1.9018 -36.0561 23.2265 1.9009 -36.0491 23.2475 1.8914 -36.0005
3 0 24.5705 1.1176 -30.5235 24.56 1.1207 -30.5687 24.588 1.1188 -30.5409
3 0 22.3515 1.2444 -32.6651 22.369 1.2453 -32.6755 22.53 1.2408 -32.5818
4 0 24.1645 1.1657 -31.2212 24.196 1.1713 -31.301 24.203 1.1711 -31.2975 24.28 1.1542 -31.0546
3 0 23.916 1.2289 -32.1757 23.8915 1.2305 -32.2034 23.986 1.2424 -32.3631
3 0 23.986 1.2424 -32.3631 23.944 1.2271 -32.1444 23.916 1.2289 -32.1757
3 0 21.956 1.2678 -33.0746 22.04 1.2778 -33.2065 21.963 1.267 -33.0607
4 0 24.3885 2.1269 -36.8023 24.4725 2.1453 -36.8683 24.6195 2.1304 -36.7676 24.5145 2.105 -36.6739
3 0 23.748 1.1128 -30.4993 23.734 1.1157 -30.5444 23.762 1.1161 -30.5444
3 0 24.203 1.1728 -31.3218 24.28 1.2026 -31.7488 24.21 1.1716 -31.3045
3 0 24.21 1.1716 -31.3045 24.2065 1.172 -31.3114 24.203 1.1728 -31.3218
3 0 23.9248 1.1088 -30.4108 23.839 1.0999 -30.2945 23.825 1.1009 -30.3118
3 0 23.741 1.1501 -31.0476 23.944 1.1609 -31.1726 23.958 1.1603 -31.1622
4 0 22.131 1.2114 -32.2173 22.2255 1.2189 -32.311 22.208 1.2121 -32.2139 22.1695 1.2114 -32.2104
4 0 24.819 1.3482 -33.1302 24.798 1.3389 -33.092 24.7665 1.3502 -33.151 24.798 1.3578 -33.1787
3 0 22.243 1.2944 -33.3384 22.1835 1.2989 -33.3696 22.2605 1.2964 -33.3453
3 0 23.0445 1.8843 -36.0005 22.9535 1.9272 -36.2192 22.9745 1.9257 -36.2088
3 0 22.53 1.2408 -32.5818 22.341 1.2443 -32.6651 22.3515 1.2444 -32.6651
4 0 24.0315 1.1713 -31.3114 23.972 1.1624 -31.1899 23.9545 1.1636 -31.2108 24.028 1.1715 -31.3149
4 0 24.784 1.2191 -31.9362 24.8085 1.22 -31.9431 24.8645 1.2066 -31.7488 24.8295 1.204 -31.721
3 0 24.063 1.0968 -30.2355 24.084 1.0956 -30.2181 24.0735 1.0949 -30.2077
3 0 24.0735 1.0949 -30.2077 24.0665 1.0958 -30.2216 24.063 1.0968 -30.2355
4 0 24.9555 1.2568 -32.4117 24.9345 1.2557 -32.4013 24.889 1.2613 -32.488 24.917 1.263 -32.5054
4 0 24.07 1.1706 -31.2941 24.0105 1.1595 -31.1414 24 1.1604 -31.1552 24.0525 1.1709 -31.301
4 0 24.21 1.9668 -36.122 24.273 1.985 -36.1845 24.2695 1.9749 -36.1394 24.2485 1.962 -36.0873
4 0 23.8355 1.1743 -31.3878 23.86 1.1748 -31.3913 23.93 1.1655 -31.242 23.916 1.1663 -31.2559
4 0 23.6612 2.2128 -37.4354 23.5933 2.2228 -37.5041 23.79 2.2415 -37.5243 23.6801 2.2137 -37.4333
4 0 23.8285 1.1643 -31.242 23.867 1.1636 -31.2247 23.9125 1.1622 -31.1969 23.741 1.1501 -31.0476
3 0 23.867 1.1636 -31.2247 23.8845 1.1631 -31.2142 23.9125 1.1622 -31.1969
4 0 26.009 1.7692 -34.8031 25.68 1.7988 -35.0114 25.841 1.814 -35.0461 26.0006 1.8068 -34.978
4 0 26.079 1.7423 -34.6643 25.974 1.7252 -34.6087 25.918 1.7346 -34.6643 26.03 1.7505 -34.7129
4 0 25.8585 1.8171 -35.0565 26.002 1.8111 -34.9975 26.0006 1.8068 -34.978 25.841 1.814 -35.0461
4 0 24.4375 1.1193 -30.5513 24.406 1.1125 -30.4541 24.3745 1.1125 -30.4541 24.413 1.1195 -30.5548
4 0 23.895 2.2476 -37.5173 24.0175 2.249 -37.4826 24.063 2.2455 -37.4514 23.895 2.1932 -37.2674
4 0 24.21 1.7749 -35.2404 24.259 1.7573 -35.1432 24.147 1.7295 -35.053 24.1505 1.7343 -35.0738
3 0 24.0175 2.249 -37.4826 24.0473 2.2481 -37.4687 24.063 2.2455 -37.4514
3 0 23.958 1.6931 -34.9419 23.7095 1.7458 -35.2335 23.727 1.7582 -35.289
4 0 25.995 1.9226 -35.5112 26.016 1.9312 -35.5459 26.0405 1.9308 -35.5389 26.037 1.9216 -35.4973
4 0 25.099 1.203 -31.6481 25.085 1.2015 -31.6307 25.029 1.208 -31.7314 25.05 1.2089 -31.7383
3 0 23.895 1.1982 -31.7279 24.1085 1.1989 -31.7036 24.1155 1.1981 -31.6898
4 0 23.9545 1.1832 -31.4989 23.895 1.1982 -31.7279 24.1155 1.1981 -31.6898 24.1225 1.197 -31.6724
4 0 25.54 1.7921 -35.0114 25.3818 1.7996 -35.0808 25.372 1.8082 -35.1224 25.407 1.8522 -35.3168
3 0 25.806 1.7466 -34.7441 25.729 1.7505 -34.7788 25.981 1.7618 -34.7753
3 0 24.49 1.1468 -30.9435 24.28 1.1542 -31.0546 24.49 1.1489 -30.9748
4 0 25.3615 1.1627 -31.0407 25.3475 1.1617 -31.0303 25.3475 1.1652 -31.0789 25.365 1.166 -31.0858
3 0 24.28 1.1077 -30.3882 24.266 1.1065 -30.3708 24.252 1.1055 -30.3569
3 0 25.309 1.8226 -35.2023 25.33 1.8244 -35.2057 24.7 1.752 -35.0114
4 0 24.6335 1.1869 -31.5162 24.651 1.1874 -31.5232 24.6195 1.1792 -31.4051 24.6055 1.1786 -31.3982
4 0 24.352 1.827 -35.4324 24.3381 1.8507 -35.5459 24.3395 1.8576 -35.5771 24.343 1.8639 -35.6049
4 0 24.8225 1.2475 -32.3145 24.8435 1.2486 -32.3249 24.8505 1.2449 -32.2729 24.8365 1.2436 -32.259
4 0 24.352 1.827 -35.4324 24.3402 1.8372 -35.4834 24.3381 1.8431 -35.5112 24.3381 1.8507 -35.5459
4 0 24.7 1.8577 -35.4973 24.364 1.821 -35.4022 24.3535 1.8261 -35.4279 24.434 2.0248 -36.3233
3 0 24.7 1.8577 -35.4973 24.378 1.8159 -35.3758 24.364 1.821 -35.4022
4 0 24.352 1.9869 -36.167 24.434 2.0248 -36.3233 24.3535 1.8261 -35.4279 24.352 1.827 -35.4324
4 0 23.8037 1.9154 -36.0214 23.7926 1.9282 -36.0838 23.8145 1.9298 -36.0838 23.832 1.9174 -36.0214
4 0 24.644 1.1228 -30.5964 24.63 1.1353 -30.7769 24.7525 1.1345 -30.763 24.665 1.1238 -30.6103
4 0 24.63 1.2237 -32.0334 24.616 1.2233 -32.0299 24.5985 1.2306 -32.134 24.6055 1.2315 -32.1444
4 0 24.847 1.2711 -32.6304 24.8365 1.2627 -32.5193 24.8015 1.2617 -32.5123 24.777 1.2704 -32.6373
4 0 23.93 2.161 -37.1077 23.895 2.1932 -37.2674 24.056 2.1853 -37.1772 23.9944 2.1604 -37.0835
3 0 24.756 1.9873 -36.0804 24.805 1.97 -35.9901 24.7 1.8577 -35.4973
4 0 24.574 1.159 -31.1171 24.581 1.1667 -31.2281 24.5985 1.1663 -31.2212 24.588 1.1595 -31.124
4 0 26.618 1.493 -33.4009 26.387 1.5137 -33.5467 26.527 1.5189 -33.5397 26.59 1.5023 -33.4495
3 0 21.4905 1.2762 -33.2759 21.445 1.2776 -33.3037 21.4975 1.277 -33.2863
4 0 25.225 1.1785 -31.2871 25.2495 1.1792 -31.2906 25.246 1.1748 -31.2316 25.2145 1.1735 -31.2212
4 0 23.818 1.1016 -30.3222 23.818 1.1025 -30.3361 23.8285 1.1036 -30.35 23.9248 1.1088 -30.4108
4 0 24.168 1.101 -30.2945 24.1505 1.1 -30.2806 24.0315 1.1035 -30.3326 24.028 1.1052 -30.3569
4 0 24.868 1.2462 -32.2867 24.8505 1.2449 -32.2729 24.8435 1.2486 -32.3249 24.8645 1.2499 -32.3388
4 0 23.048 1.9305 -36.2192 23.0725 1.9343 -36.2331 23.0935 1.9358 -36.2366 23.0445 1.8843 -36.0005
3 0 22.8975 1.1464 -31.1344 22.9675 1.1472 -31.1344 22.971 1.1461 -31.1171
4 0 24.882 1.251 -32.3492 24.903 1.2518 -32.3562 24.8995 1.2485 -32.311 24.8855 1.2475 -32.3006
3 0 22.3445 1.2465 -32.6963 22.278 1.2504 -32.7657 22.3515 1.2475 -32.7102
4 0 23.055 1.147 -31.1171 23.118 1.1562 -31.242 23.1425 1.1558 -31.2316 23.069 1.1469 -31.1136
4 0 25.0395 1.2627 -32.4742 25.0255 1.2617 -32.4638 24.994 1.2671 -32.5436 25.022 1.2683 -32.554
4 0 24.6685 1.177 -31.3739 24.679 1.1778 -31.3843 24.679 1.1705 -31.2802 24.6615 1.1705 -31.2802
4 0 22.32 1.4889 -34.2478 22.3655 1.4949 -34.2686 22.3515 1.4893 -34.2443 22.3375 1.4852 -34.2269
4 0 25.281 1.2169 -31.7973 25.2635 1.2161 -31.7904 25.2565 1.2198 -31.8425 25.281 1.2205 -31.8459
4 0 26.3485 1.7771 -34.7649 26.212 1.7403 -34.6261 26.163 1.7501 -34.6816 26.275 1.7902 -34.8413
4 0 21.921 1.3702 -33.7514 21.9105 1.3654 -33.7306 21.858 1.3899 -33.8556 21.9 1.3863 -33.8313
3 0 23.566 1.1363 -30.8741 23.538 1.1367 -30.8845 23.503 1.1372 -30.8984
3 0 23.503 1.1372 -30.8984 23.44 1.1424 -30.9852 23.566 1.1363 -30.8741
4 0 24.5845 1.2679 -32.6442 24.5565 1.2666 -32.6338 24.5355 1.2775 -32.7865 24.5495 1.278 -32.79
4 0 24.5215 1.2449 -32.3457 24.532 1.2456 -32.3527 24.553 1.2403 -32.2763 24.5425 1.2399 -32.2729
3 0 23.6955 1.7351 -35.1849 23.7095 1.7458 -35.2335 23.958 1.6931 -34.9419
3 0 22.712 1.2764 -33.0746 22.7187 1.2865 -33.2218 22.7295 1.275 -33.0503
4 0 24.714 1.1243 -30.6173 24.777 1.1336 -30.7492 24.791 1.1331 -30.7422 24.742 1.1246 -30.6207
4 0 26.415 1.3232 -32.6651 26.2925 1.3234 -32.6928 26.254 1.3283 -32.7241 26.352 1.3353 -32.7345
3 0 26.331 1.4673 -33.3453 26.0195 1.4682 -33.4182 26.317 1.4772 -33.3939
3 0 24.168 2.1511 -36.9828 24.2205 2.1436 -36.9307 24.2275 2.1396 -36.9099
4 0 25.8795 1.8234 -35.0808 25.897 1.8288 -35.1016 26.037 1.8325 -35.0877 26.023 1.8227 -35.0461
4 0 24.1099 2.1287 -36.8995 24.168 2.1511 -36.9828 24.2275 2.1396 -36.9099 24.217 2.1169 -36.8093
4 0 24.3885 2.1269 -36.8023 24.352 2.1321 -36.8341 24.352 2.1658 -36.9889 24.4725 2.1453 -36.8683
4 0 23.874 1.1755 -31.3982 23.881 1.1763 -31.4086 23.9545 1.1636 -31.2108 23.9405 1.1646 -31.2281
4 0 22.1625 1.4314 -34.0013 22.11 1.4669 -34.1784 22.173 1.4442 -34.0603 22.1695 1.4375 -34.0291
4 0 22.0995 1.2118 -32.2277 22.1765 1.2183 -32.311 22.201 1.2181 -32.3041 22.131 1.2114 -32.2173
3 0 24.352 1.2865 -32.9493 23.755 1.2561 -32.6026 23.741 1.2562 -32.6061
3 0 22.0715 1.3638 -33.6959 22.04 1.3766 -33.7618 22.075 1.3778 -33.7618
4 0 23.727 1.2558 -32.6026 23.51 1.2708 -32.8594 24.352 1.2865 -32.9493 23.741 1.2562 -32.6061
3 0 24.364 1.7556 -35.1016 24.352 1.7596 -35.1229 24.7 1.752 -35.0114
4 0 26.646 1.4823 -33.3453 26.45 1.5032 -33.4842 26.387 1.5137 -33.5467 26.618 1.493 -33.4009
4 0 23.4855 1.2221 -32.1479 23.4435 1.224 -32.1826 23.4015 1.2268 -32.2312 23.587 1.2377 -32.3596
4 0 26.471 1.557 -33.7271 26.1294 1.5942 -33.9729 26.268 1.6063 -33.9979 26.464 1.5869 -33.866
3 0 23.6486 2.2031 -37.3951 23.6605 2.201 -37.3813 23.6773 2.1975 -37.3597
3 0 23.6773 2.1975 -37.3597 23.6171 2.1913 -37.3514 23.6486 2.2031 -37.3951
3 0 23.986 1.1401 -30.8602 23.9837 1.1333 -30.7608 23.979 1.1388 -30.8429
3 0 24.4375 1.1193 -30.5513 24.455 1.1198 -30.5583 24.56 1.1207 -30.5687
4 0 21.9 1.3863 -33.8313 21.8825 1.4128 -33.9597 21.8895 1.4269 -34.0256 21.97 1.462 -34.1784
3 0 24.1155 1.1685 -31.2628 24.126 1.1681 -31.2559 24.133 1.1676 -31.249
3 0 24.42 1.7363 -35.0009 24.7 1.752 -35.0114 24.448 1.7203 -34.9211
3 0 24.0731 1.1705 -31.2918 24.1155 1.1685 -31.2628 24.133 1.1676 -31.249
4 0 24.497 1.254 -32.4742 24.504 1.2553 -32.4915 24.5495 1.2479 -32.3805 24.532 1.2476 -32.3805
4 0 24.5705 1.2215 -32.0125 24.5565 1.221 -32.0056 24.539 1.2289 -32.1201 24.553 1.2285 -32.1132
4 0 23.755 1.1741 -31.3982 23.853 1.1672 -31.2802 23.8285 1.1669 -31.2802 23.727 1.1738 -31.3982
3 0 23.9125 1.1622 -31.1969 23.9265 1.1616 -31.1865 23.944 1.1609 -31.1726
3 0 23.944 1.1609 -31.1726 23.741 1.1501 -31.0476 23.9125 1.1622 -31.1969
4 0 25.3055 1.6389 -34.3588 25.26 1.7032 -34.6643 25.484 1.7161 -34.6747 25.3895 1.6678 -34.4734
3 0 25.484 1.7161 -34.6747 25.456 1.6982 -34.5983 25.3895 1.6678 -34.4734
3 0 24.5215 1.2773 -32.7865 24.5425 1.2659 -32.6269 24.532 1.2652 -32.6199
4 0 24.518 1.2472 -32.377 24.504 1.2467 -32.3735 24.4795 1.2527 -32.4603 24.49 1.2533 -32.4672
3 0 24.735 1.3442 -33.1302 24.7735 1.3301 -33.0573 24.742 1.3226 -33.0295
3 0 23.8824 2.1579 -37.1091 23.8558 2.1653 -37.1522 23.93 2.161 -37.1077
3 0 26.079 1.5224 -33.6543 26.338 1.5159 -33.5675 26.317 1.5074 -33.5328
4 0 26.597 1.4558 -33.2343 26.576 1.4654 -33.2829 26.66 1.4558 -33.2204 26.646 1.4491 -33.1926
4 0 24.0525 2.1332 -36.9391 23.9818 2.1448 -37.0161 24.168 2.1511 -36.9828 24.1099 2.1287 -36.8995
3 0 24.077 1.2047 -31.7939 24.0875 1.2029 -31.7661 24.0945 1.2014 -31.7418
3 0 24.0945 1.2014 -31.7418 23.895 1.1982 -31.7279 24.077 1.2047 -31.7939
4 0 21.816 1.2672 -33.0885 21.802 1.2689 -33.1163 21.9035 1.2689 -33.0989 21.9105 1.268 -33.085
4 0 21.8685 1.263 -33.0191 21.942 1.2655 -33.0434 21.9525 1.2654 -33.0399 21.8895 1.2619 -32.9983
4 0 23.3455 1.5529 -34.3797 23.244 1.5127 -34.2061 23.0165 1.4615 -34.0013 23.076 1.4819 -34.0881
4 0 24.21 1.997 -36.2609 24.21 1.9668 -36.122 24.091 1.9385 -36.0318 24 1.9364 -36.0526
4 0 26.2225 1.3336 -32.7553 26.3205 1.3428 -32.7761 26.352 1.3353 -32.7345 26.254 1.3283 -32.7241
4 0 24.532 1.2296 -32.1306 24.539 1.2289 -32.1201 24.5565 1.221 -32.0056 24.546 1.2205 -31.9987
3 0 24.1855 1.3876 -33.4564 23.79 1.4162 -33.6577 24.21 1.4009 -33.5154
3 0 23.3665 1.2465 -32.5262 23.3945 1.2461 -32.5158 23.587 1.2377 -32.3596
3 0 23.013 1.243 -32.5332 22.9605 1.245 -32.5713 23.1425 1.2506 -32.6234
3 0 23.9818 2.1448 -37.0161 23.9965 2.156 -37.0626 24.014 2.1528 -37.0418
4 0 23.1425 1.2395 -32.4603 23.0795 1.2409 -32.4915 23.013 1.243 -32.5332 23.1425 1.2506 -32.6234
3 0 24.6055 1.1786 -31.3982 24.6125 1.1869 -31.5162 24.6335 1.1869 -31.5162
3 0 22.8625 1.4121 -33.7931 22.887 1.4166 -33.8104 22.81 1.3597 -33.5536
4 0 25.162 1.2565 -32.3631 25.1515 1.2556 -32.3527 25.141 1.2587 -32.3978 25.155 1.2597 -32.4082
3 0 23.9248 1.1088 -30.4108 23.9405 1.1012 -30.3014 23.9195 1.0995 -30.2771
4 0 24.63 1.1908 -31.5717 24.609 1.1903 -31.5648 24.6195 1.1978 -31.6724 24.6405 1.1981 -31.6759
4 0 24.406 1.1125 -30.4541 24.4375 1.1193 -30.5513 24.483 1.1138 -30.4715 24.462 1.1133 -30.4645
4 0 24.917 1.263 -32.5054 24.945 1.2645 -32.5193 24.9835 1.2585 -32.429 24.9555 1.2568 -32.4117
4 0 23.4295 1.9154 -36.0838 23.419 1.9121 -36.07 23.2545 1.907 -36.0734 23.2755 1.9363 -36.2088
4 0 24.3535 1.1129 -30.4611 24.4025 1.12 -30.5617 24.413 1.1195 -30.5548 24.3745 1.1125 -30.4541
4 0 24.9415 1.2252 -31.9848 24.9625 1.226 -31.9917 25.0185 1.2168 -31.8529 24.987 1.2142 -31.8251
4 0 24.9275 1.1521 -30.9921 24.9695 1.1538 -31.006 24.98 1.1433 -30.8602 24.9415 1.1409 -30.8359
3 0 22.2605 1.3133 -33.4252 22.362 1.311 -33.3974 22.1835 1.2989 -33.3696
3 0 22.1835 1.2989 -33.3696 22.2115 1.3042 -33.3905 22.2605 1.3133 -33.4252
4 0 24.5495 1.2108 -31.8598 24.546 1.2205 -31.9987 24.5565 1.2195 -31.9848 24.5565 1.2113 -31.8668
3 0 22.2465 1.2872 -33.3037 22.271 1.2895 -33.3106 22.7187 1.2865 -33.2218
4 0 23.3525 1.1551 -31.1865 23.349 1.1558 -31.1969 23.4085 1.1657 -31.3323 23.4505 1.1666 -31.3392
4 0 23.895 1.1334 -30.7769 23.937 1.1313 -30.7387 23.9265 1.1312 -30.7387 23.867 1.1333 -30.7804
3 0 24.4673 1.2542 -32.484 24.4445 1.2606 -32.576 24.469 1.2543 -32.4846
4 0 24.6125 1.2691 -32.6546 24.5845 1.2679 -32.6442 24.5495 1.278 -32.79 24.574 1.2789 -32.797
3 0 23.741 1.1501 -31.0476 23.8075 1.1648 -31.2524 23.8285 1.1643 -31.242
4 0 22.754 1.8799 -36.0283 22.677 1.8808 -36.0457 22.6875 1.8893 -36.0838 22.7085 1.8907 -36.0873
3 0 23.958 1.6931 -34.9419 23.783 1.7894 -35.4279 23.8495 1.8211 -35.5667
4 0 22.341 1.245 -32.6755 22.341 1.2443 -32.6651 22.2115 1.2428 -32.6651 22.2395 1.2455 -32.6998
4 0 25.6415 1.9737 -35.8235 25.6625 1.9672 -35.7888 25.561 1.9653 -35.8027 25.54 1.9764 -35.8582
3 0 23.7333 2.1957 -37.3327 23.7431 2.1984 -37.3417 23.895 2.1932 -37.2674
4 0 24.735 1.2186 -31.9397 24.7 1.2042 -31.7522 24.6685 1.2144 -31.898 24.721 1.2186 -31.9431
4 0 23.6535 1.1723 -31.3878 23.678 1.1728 -31.3913 23.797 1.1663 -31.2767 23.79 1.166 -31.2733
4 0 21.431 1.3507 -33.741 21.424 1.3314 -33.6508 21.3785 1.3504 -33.748 21.4065 1.3513 -33.748
4 0 24.8435 1.2216 -31.957 24.896 1.2234 -31.9709 24.9485 1.2118 -31.8008 24.9065 1.2093 -31.7765
3 0 24.0326 1.1537 -31.0514 23.9895 1.1413 -30.8776 23.986 1.1427 -30.8984
4 0 24.9065 1.1571 -31.065 24.8995 1.1685 -31.2212 24.9065 1.1683 -31.2177 24.938 1.1597 -31.0928
3 0 23.7515 1.2554 -32.5922 23.755 1.2561 -32.6026 24.352 1.2865 -32.9493
4 0 23.741 1.2543 -32.5783 23.7515 1.2554 -32.5922 24.352 1.2865 -32.9493 23.986 1.2424 -32.3631
4 0 25.106 1.158 -31.0338 25.092 1.1497 -30.9227 25.071 1.1488 -30.9158 25.078 1.1576 -31.0338
4 0 23.972 1.1624 -31.1899 24.0315 1.1713 -31.3114 24.0385 1.1712 -31.308 23.986 1.1614 -31.1726
4 0 25.806 1.7466 -34.7441 25.981 1.7618 -34.7753 26.002 1.7567 -34.7476 25.862 1.7425 -34.7129
3 0 24.0326 1.1537 -31.0514 23.986 1.1427 -30.8984 23.979 1.1436 -30.9123
3 0 22.642 1.8957 -36.122 22.53 1.9064 -36.1914 22.6665 1.8988 -36.1324
4 0 24.826 1.259 -32.4707 24.8505 1.2597 -32.4742 24.854 1.2528 -32.3805 24.8225 1.2518 -32.3735
4 0 26.1294 1.5942 -33.9729 26.471 1.557 -33.7271 26.492 1.5354 -33.623 26.121 1.5713 -33.8694
4 0 24.413 1.122 -30.5895 24.4725 1.1322 -30.7353 24.4795 1.1315 -30.7249 24.4305 1.1225 -30.5964
4 0 26.366 1.5173 -33.5675 26.1 1.5469 -33.7618 26.121 1.5713 -33.8694 26.492 1.5354 -33.623
3 0 22.4215 1.3212 -33.4356 22.383 1.333 -33.4981 22.4425 1.3248 -33.4495
4 0 25.365 1.166 -31.0858 25.379 1.1665 -31.0893 25.379 1.1637 -31.0511 25.3615 1.1627 -31.0407
4 0 25.1515 1.2135 -31.78 25.1725 1.2154 -31.8008 25.2075 1.2116 -31.7418 25.19 1.2093 -31.714
3 0 21.375 1.3026 -33.5224 21.424 1.3124 -33.5605 21.4345 1.312 -33.5571
3 0 21.375 1.3026 -33.5224 21.4135 1.3142 -33.571 21.424 1.3124 -33.5605
4 0 23.7165 1.6326 -34.6955 23.769 1.6015 -34.5393 23.7445 1.5977 -34.5254 23.6675 1.6228 -34.6573
4 0 26.296 1.7066 -34.4525 26.4808 1.7302 -34.5206 26.4948 1.7134 -34.4401 26.317 1.6917 -34.3797
3 0 23.9335 1.1419 -30.8949 23.741 1.1501 -31.0476 23.9405 1.1424 -30.9019
3 0 24.693 1.1919 -31.5856 24.777 1.1973 -31.6412 24.7805 1.1969 -31.6342
3 0 22.9955 1.1494 -31.1622 22.9815 1.1571 -31.2767 23.0025 1.149 -31.1552
4 0 24.553 1.1447 -30.9123 24.567 1.1449 -30.9158 24.5845 1.1447 -30.9123 24.567 1.1343 -30.763
4 0 23.1775 1.1553 -31.2177 23.0795 1.1466 -31.1066 23.076 1.1468 -31.1101 23.1635 1.1556 -31.2247
4 0 24.434 1.638 -34.5463 24.434 1.6886 -34.7788 24.455 1.6896 -34.7788 24.4515 1.6396 -34.5497
4 0 22.698 1.2767 -33.0816 22.5615 1.2735 -33.0573 22.5615 1.2745 -33.0712 22.7187 1.2865 -33.2218
4 0 25.2285 1.3058 -32.8455 25.225 1.3026 -32.8317 25.2075 1.3025 -32.8351 25.1935 1.3049 -32.849
4 0 22.81 1.9163 -36.1914 22.929 1.93 -36.2366 22.9535 1.9272 -36.2192 23.0445 1.8843 -36.0005
4 0 24.539 1.2301 -32.1375 24.532 1.2296 -32.1306 24.4795 1.2448 -32.3492 24.511 1.2383 -32.2555
3 0 22.894 1.2598 -32.8004 22.894 1.2603 -32.8074 23.1425 1.2506 -32.6234
4 0 23.7025 1.1733 -31.3947 23.727 1.1738 -31.3982 23.8285 1.1669 -31.2802 23.804 1.1666 -31.2802
3 0 21.949 1.3668 -33.7306 22.04 1.3766 -33.7618 21.9455 1.3623 -33.7098
4 0 26.17 1.4346 -33.2308 26.163 1.426 -33.1926 26.016 1.4069 -33.1371 26.009 1.4283 -33.2371
4 0 22.11 1.5108 -34.3866 21.97 1.462 -34.1784 21.949 1.4612 -34.1784 21.9735 1.4694 -34.2131
4 0 23.9965 1.8878 -35.8305 24.07 1.8962 -35.8444 24.14 1.859 -35.65 24.14 1.8378 -35.5528
4 0 24.6475 1.3279 -33.0746 24.6475 1.3083 -32.9844 24.6265 1.3057 -32.9774 24.616 1.3234 -33.0607
4 0 23.755 1.1176 -30.5687 23.7795 1.1189 -30.5826 23.79 1.119 -30.5826 23.7655 1.1173 -30.5617
3 0 22.3165 1.2948 -33.328 22.348 1.2988 -33.3419 22.7187 1.2865 -33.2218
4 0 22.3375 1.4852 -34.2269 22.306 1.4797 -34.2061 22.2605 1.4759 -34.1957 22.32 1.4889 -34.2478
4 0 23.9965 1.8878 -35.8305 24.112 1.7308 -35.0704 24.0735 1.7204 -35.0357 23.9405 1.8641 -35.7402
4 0 23.9405 1.8641 -35.7402 24.0735 1.7204 -35.0357 24.0315 1.7098 -35.0009 23.902 1.8462 -35.6708
4 0 24.091 1.9385 -36.0318 24.21 1.9668 -36.122 24.133 1.9363 -36.0075 24.112 1.937 -36.0179
3 0 24.7 1.6764 -34.6643 24.567 1.6104 -34.3901 24.546 1.6116 -34.4005
3 0 24.546 1.6116 -34.4005 24.511 1.6153 -34.4248 24.7 1.6764 -34.6643
3 0 24.056 2.1551 -37.0383 24.056 2.1573 -37.0487 24.168 2.1511 -36.9828
4 0 25.106 1.2556 -32.3631 25.1235 1.2574 -32.3839 25.141 1.2539 -32.3319 25.1305 1.2522 -32.311
4 0 24.56 1.1997 -31.7002 24.5775 1.189 -31.5474 24.574 1.188 -31.5336 24.28 1.2026 -31.7488
3 0 25.519 1.7488 -34.817 25.505 1.7345 -34.7545 25.484 1.7161 -34.6747
4 0 24.0731 1.1705 -31.2918 24.0175 1.1589 -31.1309 24.0105 1.1595 -31.1414 24.07 1.1706 -31.2941
3 0 24.6615 1.4812 -33.7757 24.7 1.5102 -33.9007 24.735 1.5013 -33.8521
4 0 25.596 1.9005 -35.4973 25.617 1.894 -35.4626 25.547 1.8922 -35.4695 25.547 1.9027 -35.5181
4 0 25.54 1.7921 -35.0114 25.519 1.7488 -34.817 25.484 1.7161 -34.6747 25.26 1.7032 -34.6643
4 0 21.7005 1.309 -33.4981 21.683 1.301 -33.4634 21.382 1.297 -33.4946 21.375 1.3026 -33.5224
4 0 23.8285 1.1378 -30.8533 23.741 1.1501 -31.0476 23.8495 1.1378 -30.8498 23.839 1.1377 -30.8498
4 0 24.882 1.2324 -32.0958 24.861 1.2305 -32.075 24.833 1.2408 -32.2208 24.847 1.2415 -32.2277
3 0 23.223 1.9067 -36.0769 23.2335 1.9356 -36.2123 23.2405 1.9073 -36.0769
3 0 24.231 1.8142 -35.414 24.308 1.8183 -35.407 24.322 1.8132 -35.3793
3 0 23.8285 1.1643 -31.242 23.846 1.164 -31.2351 23.867 1.1636 -31.2247
3 0 24.7 1.6764 -34.6643 25.26 1.7032 -34.6643 24.7 1.5858 -34.2478
4 0 22.145 1.2192 -32.3284 22.0295 1.2141 -32.2729 22.0085 1.2157 -32.3006 22.138 1.2196 -32.3353
3 0 23.895 1.1982 -31.7279 24.0945 1.2014 -31.7418 24.1015 1.2 -31.721
3 0 24.5495 1.2479 -32.3805 24.7245 1.2592 -32.495 24.7315 1.2588 -32.488
4 0 25.323 1.1824 -31.3184 25.3405 1.1837 -31.3323 25.3475 1.1808 -31.2906 25.3335 1.1798 -31.2802
4 0 24.5565 1.2113 -31.8668 24.5565 1.2195 -31.9848 24.5705 1.219 -31.9778 24.5705 1.2118 -31.8737
4 0 24.987 1.2142 -31.8251 24.9485 1.2118 -31.8008 24.896 1.2234 -31.9709 24.9415 1.2252 -31.9848
3 0 22.2605 1.5462 -34.5289 22.2605 1.5491 -34.5428 22.32 1.5475 -34.5254
3 0 24.3384 1.3021 -33.0256 24.3395 1.3001 -33.0156 24.1995 1.3464 -33.2586
3 0 23.531 1.5557 -34.3623 23.6675 1.6228 -34.6573 23.587 1.5672 -34.4074
3 0 24.63 1.1353 -30.7769 24.609 1.1448 -30.9123 24.623 1.1448 -30.9123
4 0 24.7385 1.2744 -32.6998 24.7 1.273 -32.6894 24.651 1.2817 -32.8178 24.7 1.2832 -32.8282
3 0 23.153 1.4362 -33.859 23.188 1.4463 -33.9007 23.237 1.459 -33.9527
3 0 23.8985 1.1391 -30.8602 23.8915 1.1388 -30.8567 23.741 1.1501 -31.0476
3 0 23.741 1.1501 -31.0476 23.9055 1.1397 -30.8672 23.8985 1.1391 -30.8602
4 0 24.231 1.8142 -35.414 24.322 1.8132 -35.3793 24.343 1.8087 -35.3515 24.28 1.7822 -35.2508
3 0 23.7501 2.1756 -37.2348 23.895 2.1932 -37.2674 23.7851 2.1732 -37.2119
3 0 22.4285 1.2226 -32.3319 22.53 1.2408 -32.5818 22.502 1.2286 -32.4082
3 0 22.502 1.2286 -32.4082 22.467 1.2257 -32.37 22.4285 1.2226 -32.3319
4 0 21.697 1.322 -33.5605 21.704 1.3157 -33.5293 21.7005 1.309 -33.4981 21.4345 1.312 -33.5571
3 0 23.629 1.2526 -32.5713 23.51 1.2708 -32.8594 23.6605 1.2536 -32.5818
3 0 22.516 1.3303 -33.4634 22.81 1.3597 -33.5536 22.5125 1.3251 -33.4391
3 0 22.8625 1.2597 -32.8039 22.887 1.2595 -32.797 22.866 1.2493 -32.6512
4 0 25.1795 1.2392 -32.1236 25.2075 1.2399 -32.1271 25.218 1.2353 -32.0611 25.1935 1.2344 -32.0542
4 0 24.7875 1.1967 -31.6307 24.805 1.1973 -31.6342 24.8505 1.1842 -31.4468 24.8225 1.183 -31.4364
4 0 25.036 1.1765 -31.301 25.064 1.1772 -31.3045 25.0815 1.1699 -31.2004 25.064 1.1693 -31.1969
3 0 26.0195 1.4682 -33.4182 26.3121 1.4902 -33.455 26.317 1.4772 -33.3939
4 0 21.942 1.2655 -33.0434 21.8685 1.263 -33.0191 21.851 1.2643 -33.0399 21.9315 1.2661 -33.0538
3 0 23.972 1.2253 -32.1132 23.986 1.2424 -32.3631 24 1.2232 -32.0785
3 0 24.352 2.1194 -36.7759 24.352 2.0999 -36.6861 24.252 2.133 -36.8717
4 0 24.455 1.4139 -33.5119 24.4865 1.4804 -33.8104 24.511 1.4876 -33.8382 24.5355 1.4933 -33.859
4 0 24.5635 1.1587 -31.1136 24.5705 1.1675 -31.2385 24.581 1.1667 -31.2281 24.574 1.159 -31.1171
3 0 24.224 2.1869 -37.1286 24.056 2.1853 -37.1772 24.21 2.1934 -37.1633
4 0 26.338 1.5159 -33.5675 26.079 1.5224 -33.6543 26.1 1.5469 -33.7618 26.366 1.5173 -33.5675
4 0 21.928 1.347 -33.6404 22.04 1.3766 -33.7618 22.068 1.3417 -33.5918 21.97 1.3009 -33.4148
4 0 23.804 1.2139 -31.9744 23.8495 1.2298 -32.2 23.874 1.2277 -32.1653 23.895 1.2258 -32.134
4 0 21.8895 1.4269 -34.0256 21.8895 1.4372 -34.0742 21.9035 1.4465 -34.1159 21.97 1.462 -34.1784
3 0 23.8495 1.0986 -30.2736 23.9248 1.1088 -30.4108 23.8565 1.0968 -30.2459
4 0 25.1725 1.1785 -31.2975 25.162 1.1717 -31.2073 25.134 1.171 -31.2038 25.141 1.1785 -31.3045
4 0 21.774 1.2769 -33.2378 21.781 1.2824 -33.3176 21.9035 1.271 -33.1302 21.7775 1.2736 -33.1892
3 0 22.439 1.2558 -32.8178 22.425 1.255 -32.8074 22.341 1.2571 -32.8525
3 0 22.341 1.2571 -32.8525 22.39 1.2612 -32.9045 22.7435 1.2692 -32.9636
3 0 23.6465 1.249 -32.5158 23.678 1.2503 -32.5297 23.587 1.2377 -32.3596
3 0 22.88 1.2615 -32.8282 22.859 1.2632 -32.856 22.831 1.2657 -32.8976
3 0 22.831 1.2657 -32.8976 23.1425 1.2506 -32.6234 22.88 1.2615 -32.8282
3 0 25.197 1.1521 -30.9331 25.176 1.1513 -30.9262 25.1795 1.1587 -31.0268
4 0 24.189 1.102 -30.3084 24.168 1.101 -30.2945 24.028 1.1052 -30.3569 24.0315 1.1062 -30.3708
4 0 24.273 1.985 -36.1845 24.21 1.9668 -36.122 24.21 1.997 -36.2609 24.266 2.0026 -36.2678
4 0 23.5625 1.1263 -30.7283 23.5345 1.1272 -30.7457 23.5835 1.1325 -30.8151 23.6045 1.1318 -30.8012
3 0 23.9545 1.1832 -31.4989 24.1225 1.197 -31.6724 24.1376 1.1973 -31.6754
4 0 24.875 1.3645 -33.1926 24.861 1.3615 -33.1822 24.8575 1.3689 -33.2169 24.875 1.3712 -33.2239
4 0 25.96 1.9028 -35.4279 25.974 1.9126 -35.4695 26.0265 1.912 -35.4556 26.016 1.9025 -35.414
4 0 24.07 1.1749 -31.3566 24.0595 1.1719 -31.3149 24.0455 1.172 -31.3184 24.0385 1.175 -31.3635
3 0 22.502 1.3518 -33.5675 22.565 1.3628 -33.6091 22.467 1.3286 -33.4634
4 0 25.155 1.2597 -32.4082 25.176 1.2603 -32.4117 25.1725 1.2575 -32.3735 25.162 1.2565 -32.3631
4 0 22.1415 1.5427 -34.5324 22.1695 1.5518 -34.5706 22.2115 1.5474 -34.5428 22.201 1.5433 -34.5254
3 0 23.8915 1.1804 -31.4676 23.9545 1.1832 -31.4989 23.888 1.1782 -31.4364
4 0 24.5565 1.2381 -32.2451 24.567 1.239 -32.2555 24.581 1.2319 -32.1548 24.567 1.2314 -32.1514
4 0 24.735 1.3442 -33.1302 24.742 1.3226 -33.0295 24.7175 1.3169 -33.0087 24.7105 1.3385 -33.1093
4 0 24.0385 1.1023 -30.3153 24.0315 1.1035 -30.3326 24.1505 1.1 -30.2806 24.133 1.0991 -30.2667
4 0 21.3925 1.2923 -33.4703 21.6585 1.2936 -33.4321 21.652 1.2865 -33.3997 21.406 1.2865 -33.4407
4 0 24.9485 1.1746 -31.2941 24.924 1.1724 -31.2698 24.868 1.1804 -31.3913 24.8995 1.182 -31.4051
4 0 26.317 1.6917 -34.3797 26.4948 1.7134 -34.4401 26.5039 1.6926 -34.3429 26.3205 1.6783 -34.3172
4 0 23.6745 1.1096 -30.4645 23.6605 1.1097 -30.468 23.643 1.1131 -30.5201 23.6675 1.1138 -30.527
4 0 26.17 1.4067 -33.1024 26.0405 1.3889 -33.0493 26.016 1.4069 -33.1371 26.163 1.426 -33.1926
4 0 26.1315 1.355 -32.8733 26.2365 1.3698 -32.9184 26.282 1.3531 -32.8317 26.1875 1.341 -32.797
3 0 24.168 2.1511 -36.9828 24.0455 2.152 -37.0279 24.056 2.1528 -37.0279
3 0 23.783 1.1059 -30.3917 23.7585 1.1054 -30.3882 23.748 1.1128 -30.4993
4 0 24.4305 1.1225 -30.5964 24.4795 1.1315 -30.7249 24.49 1.131 -30.7179 24.448 1.123 -30.6034
3 0 23.9944 2.1604 -37.0835 24.056 2.1853 -37.1772 24.0035 2.1611 -37.0835
3 0 22.537 1.2744 -33.0746 22.7187 1.2865 -33.2218 22.551 1.2748 -33.0781
4 0 22.2255 1.2916 -33.328 22.2185 1.2884 -33.3141 22.152 1.2926 -33.3453 22.1835 1.2989 -33.3696
4 0 22.117 1.4086 -33.9007 22.04 1.3912 -33.8313 21.9 1.3863 -33.8313 22.1625 1.4314 -34.0013
4 0 24.8225 1.1981 -31.6412 24.8435 1.1992 -31.6516 24.9135 1.187 -31.4711 24.882 1.1855 -31.4572
3 0 25.386 1.7757 -34.9697 25.54 1.7921 -35.0114 25.3755 1.7691 -34.9419
3 0 23.741 1.1293 -30.7422 23.8005 1.1366 -30.8394 23.804 1.1359 -30.829
4 0 24.581 1.4577 -33.6855 24.511 1.4332 -33.5883 24.455 1.4139 -33.5119 24.7 1.5102 -33.9007
4 0 22.341 1.2571 -32.8525 22.376 1.2504 -32.7484 22.362 1.2488 -32.7275 22.278 1.2504 -32.7657
3 0 23.7459 2.2011 -37.3535 23.7473 2.2041 -37.3667 23.895 2.1932 -37.2674
3 0 21.8335 1.2454 -32.7657 21.956 1.2475 -32.7761 21.851 1.2442 -32.7449
4 0 24.1505 1.1691 -31.2698 24.14 1.1698 -31.2802 24.1365 1.1736 -31.3357 24.147 1.1734 -31.3323
4 0 25.078 1.2651 -32.4985 25.057 1.264 -32.488 25.0535 1.2693 -32.5609 25.078 1.2699 -32.5644
4 0 24.833 1.1366 -30.7908 24.798 1.1361 -30.7839 24.7665 1.1486 -30.9643 24.777 1.1481 -30.9574
4 0 24.1295 1.1739 -31.3392 24.1365 1.1736 -31.3357 24.14 1.1698 -31.2802 24.1225 1.1705 -31.2906
3 0 24.756 1.1353 -30.7734 24.7665 1.1486 -30.9643 24.798 1.1361 -30.7839
3 0 24.798 1.1361 -30.7839 24.7735 1.1355 -30.7769 24.756 1.1353 -30.7734
3 0 24.028 1.2212 -32.0438 23.986 1.2424 -32.3631 24.0595 1.2185 -31.9987
3 0 21.8965 1.3122 -33.4807 21.9105 1.3142 -33.4877 21.97 1.3009 -33.4148
3 0 24.5985 1.1871 -31.5197 24.6125 1.1869 -31.5162 24.6055 1.1786 -31.3982
3 0 24.0731 1.1705 -31.2918 24.021 1.1585 -31.124 24.0175 1.1589 -31.1309
3 0 23.9405 1.1424 -30.9019 23.741 1.1501 -31.0476 23.951 1.143 -30.9088
4 0 23.9916 1.6999 -34.9686 23.958 1.6931 -34.9419 23.8495 1.8211 -35.5667 23.8756 1.8329 -35.6185
4 0 26.4955 1.3784 -32.9011 26.457 1.3902 -32.9636 26.576 1.3913 -32.9427 26.59 1.3799 -32.8872
4 0 24 1.9364 -36.0526 24.0735 1.9342 -36.0179 23.986 1.9211 -35.9867 23.958 1.9243 -36.011
4 0 25.0255 1.277 -32.672 25.0395 1.2777 -32.6789 25.0325 1.2751 -32.6442 25.0185 1.2738 -32.6304
3 0 25.519 1.8092 -35.0947 25.407 1.8522 -35.3168 25.505 1.8206 -35.1502
3 0 24.352 2.1658 -36.9889 24.371 2.1623 -36.9689 24.4725 2.1453 -36.8683
4 0 23.573 1.9073 -36.0214 23.475 1.9031 -36.0179 23.4505 1.911 -36.0596 23.496 1.9141 -36.0665
3 0 23.4505 1.911 -36.0596 23.4715 1.9125 -36.063 23.496 1.9141 -36.0665
4 0 25.673 1.9246 -35.591 25.638 1.9365 -35.6535 25.701 1.9592 -35.7437 25.757 1.9475 -35.6778
3 0 23.671 1.1294 -30.7561 23.6745 1.1302 -30.7665 23.741 1.1293 -30.7422
3 0 23.853 1.2324 -32.2381 23.986 1.2424 -32.3631 23.8705 1.2317 -32.2243
4 0 24.14 1.1974 -31.6759 24.28 1.2026 -31.7488 24.14 1.1763 -31.3739 24.0875 1.1765 -31.3774
4 0 25.0185 1.1757 -31.2941 25.036 1.1765 -31.301 25.064 1.1693 -31.1969 25.05 1.1689 -31.1934
4 0 24.9905 1.1315 -30.6971 24.973 1.1253 -30.6173 24.9415 1.1246 -30.6138 24.966 1.1311 -30.6971
3 0 24.3395 1.3001 -33.0156 24.3411 1.299 -33.0103 24.352 1.2865 -32.9493
4 0 24.0731 1.1705 -31.2918 24.133 1.1676 -31.249 24.1435 1.1669 -31.2385 24.147 1.1664 -31.2316
3 0 23.0445 1.8843 -36.0005 23.0305 1.9284 -36.2123 23.048 1.9305 -36.2192
4 0 25.617 1.894 -35.4626 25.638 1.8829 -35.407 25.554 1.8819 -35.4209 25.547 1.8922 -35.4695
4 0 24.7245 1.2592 -32.495 24.6475 1.2676 -32.6269 24.6895 1.269 -32.6373 24.7245 1.2597 -32.5019
4 0 24.378 1.8076 -35.3376 24.7 1.752 -35.0114 24.352 1.7596 -35.1229 24.364 1.8069 -35.3376
3 0 22.4565 1.2539 -32.7865 22.53 1.2408 -32.5818 22.432 1.2505 -32.7414
3 0 22.432 1.2505 -32.7414 22.4425 1.2521 -32.7622 22.4565 1.2539 -32.7865
4 0 24.5215 1.1441 -30.9053 24.539 1.1347 -30.77 24.525 1.1345 -30.7665 24.511 1.1441 -30.9053
4 0 24.483 1.1233 -30.6068 24.462 1.1232 -30.6068 24.5145 1.1308 -30.7144 24.532 1.1313 -30.7214
4 0 25.141 1.3175 -32.9184 25.1025 1.3088 -32.8872 25.078 1.3084 -32.8907 25.1025 1.3179 -32.9288
4 0 25.638 1.8829 -35.407 25.6485 1.8713 -35.3515 25.568 1.8644 -35.3376 25.554 1.8819 -35.4209
4 0 24.1645 1.1664 -31.2316 24.189 1.1718 -31.308 24.196 1.1713 -31.301 24.1645 1.1657 -31.2212
4 0 23.853 1.1672 -31.2802 23.755 1.1741 -31.3982 23.783 1.1744 -31.3982 23.8775 1.1672 -31.2767
4 0 25.106 1.1703 -31.2004 25.106 1.1782 -31.308 25.141 1.1785 -31.3045 25.134 1.171 -31.2038
4 0 24.8855 1.2475 -32.3006 24.868 1.2462 -32.2867 24.8645 1.2499 -32.3388 24.882 1.251 -32.3492
3 0 25.393 1.782 -34.9975 25.54 1.7921 -35.0114 25.386 1.7757 -34.9697
3 0 24.147 1.1664 -31.2316 24.1505 1.1661 -31.2281 24.154 1.1657 -31.2212
3 0 24.0731 1.1705 -31.2918 24.147 1.1664 -31.2316 24.154 1.1657 -31.2212
4 0 21.718 1.2739 -33.203 21.62 1.2683 -33.1371 21.5535 1.2708 -33.1857 21.5535 1.2718 -33.1996
4 0 24.4795 1.2455 -32.3596 24.4795 1.2448 -32.3492 24.28 1.2026 -31.7488 24.448 1.2532 -32.4707
3 0 24.4795 1.2448 -32.3492 24.532 1.2296 -32.1306 24.28 1.2026 -31.7488
3 0 21.956 1.2475 -32.7761 21.7495 1.2506 -32.856 21.62 1.2683 -33.1371
4 0 21.795 1.2646 -33.0538 21.837 1.2615 -33.0017 21.956 1.2475 -32.7761 21.62 1.2683 -33.1371
3 0 24.258 1.3943 -33.4761 24.2135 1.3564 -33.3037 24.2205 1.3654 -33.3453
4 0 24.8295 1.3275 -33.033 24.847 1.3314 -33.0469 24.8715 1.325 -33.0121 24.8505 1.3195 -32.9913
4 0 24.6615 1.1993 -31.6932 24.663 1.1994 -31.6947 24.6901 1.1918 -31.5853 24.665 1.1916 -31.5822
3 0 24.1485 1.5199 -34.0895 24.2415 1.4145 -33.5744 24.2407 1.4142 -33.5729
3 0 24.9223 1.2865 -32.8241 24.8785 1.2828 -32.7831 24.84 1.2794 -32.7449
3 0 24.0326 1.1537 -31.0514 23.979 1.1436 -30.9123 23.965 1.1434 -30.9123
3 0 24.5927 1.2191 -31.9782 24.5985 1.2128 -31.8876 24.5845 1.2123 -31.8806
4 0 22.2325 1.2867 -33.3037 22.1134 1.2865 -33.3227 22.131 1.289 -33.3315 22.2185 1.2884 -33.3141
3 0 23.986 1.1076 -30.3917 23.9825 1.1063 -30.3743 23.9248 1.1088 -30.4108
3 0 24.6264 1.2097 -31.8424 24.6265 1.2097 -31.8425 24.644 1.211 -31.8564
3 0 24.6497 1.2031 -31.7483 24.63 1.2027 -31.7418 24.616 1.2024 -31.7383
3 0 24.616 1.2024 -31.7383 24.6264 1.2097 -31.8424 24.6497 1.2031 -31.7483
3 0 24.352 1.2865 -32.9493 24.3885 1.2929 -32.9705 24.4305 1.3002 -32.9948
3 0 24.4305 1.3002 -32.9948 24.6946 1.2865 -32.8741 24.352 1.2865 -32.9493
3 0 23.825 1.1009 -30.3118 23.818 1.1016 -30.3222 23.9248 1.1088 -30.4108
4 0 24.483 1.4915 -33.8625 24.427 1.6173 -34.4525 24.441 1.6112 -34.4213 24.518 1.4985 -33.8868
3 0 24.258 1.3943 -33.4761 24.329 1.3197 -33.1093 24.3384 1.3021 -33.0256
3 0 23.9837 1.1333 -30.7608 23.986 1.1401 -30.8602 23.9895 1.1413 -30.8776
4 0 24.9135 1.1246 -30.6173 24.9086 1.1306 -30.704 24.924 1.1306 -30.7006 24.9306 1.1245 -30.6151
3 0 22.7187 1.2865 -33.2218 22.11 1.2863 -33.3211 22.1134 1.2865 -33.3227
4 0 22.0855 1.2858 -33.3176 22.11 1.2863 -33.3211 22.7187 1.2865 -33.2218 22.04 1.2778 -33.2065
3 0 22.047 1.2859 -33.3245 22.04 1.2778 -33.2065 22.0383 1.2865 -33.3353
3 0 24.352 1.2865 -32.9493 24.3675 1.2681 -32.6859 24.28 1.2026 -31.7488
3 0 22.7187 1.2865 -33.2218 23.51 1.2708 -32.8594 23.1425 1.2506 -32.6234
3 0 22.271 1.2895 -33.3106 22.292 1.2917 -33.3176 22.7187 1.2865 -33.2218
3 0 24.352 1.2865 -32.9493 24.371 1.2913 -32.967 24.3885 1.2929 -32.9705
3 0 23.9782 1.131 -30.728 23.979 1.131 -30.7283 23.9323 1.1119 -30.455
3 0 24.644 1.211 -31.8564 24.658 1.2122 -31.8702 24.651 1.2032 -31.7488
3 0 24.6497 1.2031 -31.7483 24.6264 1.2097 -31.8424 24.644 1.211 -31.8564
3 0 23.9837 1.1333 -30.7608 24.014 1.1352 -30.7873 24.007 1.135 -30.7839
3 0 24.0105 1.6871 -34.9038 24.049 1.696 -34.9315 24.0041 1.6856 -34.899
3 0 23.9323 1.1119 -30.455 23.7725 1.1167 -30.5513 23.7655 1.1173 -30.5617
3 0 23.79 1.4162 -33.6577 24.161 1.3465 -33.2655 24.352 1.2865 -32.9493
3 0 23.9837 1.1333 -30.7608 24.007 1.135 -30.7839 24 1.1345 -30.7769
3 0 23.7632 1.9619 -36.2486 23.713 1.932 -36.1151 23.65 1.9305 -36.1186
3 0 24.9223 1.2865 -32.8241 24.84 1.2794 -32.7449 24.8015 1.277 -32.7206
3 0 24.8825 1.1379 -30.8091 24.8715 1.1376 -30.8047 24.843 1.149 -30.9686
3 0 24.7387 1.1782 -31.3893 24.7735 1.1784 -31.3843 24.7875 1.1784 -31.3808
3 0 24.352 1.2865 -32.9493 24.35 1.2932 -32.9809 24.352 1.2927 -32.9779
4 0 24.5033 1.2441 -32.3388 24.5219 1.2389 -32.2637 24.518 1.2388 -32.2624 24.4935 1.2441 -32.3388
4 0 24.6913 1.1915 -31.5805 24.693 1.1919 -31.5856 24.756 1.1794 -31.4017 24.7387 1.1782 -31.3893
4 0 24.546 1.5036 -33.9042 24.462 1.6061 -34.3935 24.483 1.6018 -34.3692 24.5705 1.5078 -33.918
3 0 24.352 1.3554 -33.2659 24.352 1.4389 -33.6493 24.357 1.4409 -33.6577
4 0 24.42 1.6222 -34.4768 24.385 1.468 -33.7757 24.352 1.4582 -33.738 24.352 1.7301 -34.9871
3 0 24.0762 1.1718 -31.3104 24.0735 1.1718 -31.3114 24.0833 1.1747 -31.3528
3 0 24.1376 1.1973 -31.6754 24.14 1.1974 -31.6759 24.0875 1.1765 -31.3774
3 0 24.352 1.8081 -35.3455 24.364 1.8069 -35.3376 24.352 1.7596 -35.1229
3 0 24.352 1.2865 -32.9493 24.161 1.3465 -33.2655 24.1785 1.3435 -33.2482
3 0 24.637 1.3002 -32.9497 24.658 1.302 -32.9531 24.6946 1.2865 -32.8741
3 0 23.7632 1.9619 -36.2486 23.797 1.933 -36.1047 23.7885 1.9329 -36.1068
4 0 24.5705 1.5078 -33.918 24.483 1.6018 -34.3692 24.511 1.5994 -34.3519 24.5845 1.51 -33.925
4 0 24.49 1.246 -32.3666 24.4655 1.2525 -32.4603 24.4732 1.2526 -32.4603 24.4957 1.2462 -32.3694
3 0 23.9248 1.1088 -30.4108 23.8963 1.097 -30.2415 23.8915 1.0965 -30.2355
3 0 22.7187 1.2865 -33.2218 22.537 1.2744 -33.0746 22.5195 1.2737 -33.0677
3 0 22.7187 1.2865 -33.2218 22.2325 1.2867 -33.3037 22.2465 1.2872 -33.3037
3 0 24.525 1.2786 -32.8039 24.518 1.2777 -32.7935 24.352 1.2865 -32.9493
4 0 23.769 1.6425 -34.7337 23.846 1.6562 -34.7858 23.804 1.6049 -34.5497 23.7865 1.6035 -34.5463
3 0 23.986 1.1085 -30.4055 23.986 1.1076 -30.3917 23.9248 1.1088 -30.4108
3 0 24.623 1.3003 -32.9531 24.637 1.3002 -32.9497 24.6946 1.2865 -32.8741
4 0 24.553 1.2285 -32.1132 24.5592 1.2285 -32.1132 24.583 1.2218 -32.0175 24.5705 1.2215 -32.0125
3 0 24.0326 1.1537 -31.0514 24.021 1.158 -31.1171 24.0731 1.1705 -31.2918
3 0 24.3411 1.299 -33.0103 24.35 1.2932 -32.9809 24.352 1.2865 -32.9493
3 0 24.352 1.2865 -32.9493 24.352 1.2927 -32.9779 24.357 1.2914 -32.9705
3 0 23.9825 1.1063 -30.3743 23.9755 1.1049 -30.3535 23.9248 1.1088 -30.4108
4 0 24.8085 1.1523 -31.0164 24.6685 1.1608 -31.1414 24.7387 1.1782 -31.3893 24.8291 1.1529 -31.0246
3 0 24.6946 1.2865 -32.8741 24.4305 1.3002 -32.9948 24.4725 1.309 -33.026
3 0 24.9223 1.2865 -32.8241 24.847 1.2951 -32.8803 24.896 1.302 -32.9011
4 0 24.0035 1.1583 -31.124 24.014 1.1579 -31.1171 24.0326 1.1537 -31.0514 23.741 1.1501 -31.0476
3 0 24.7387 1.1782 -31.3893 24.756 1.1794 -31.4017 24.763 1.1787 -31.3913
3 0 24.7387 1.1782 -31.3893 24.6895 1.179 -31.4017 24.693 1.1802 -31.419
3 0 24.1485 1.5199 -34.0895 24.3045 1.4418 -33.6785 24.273 1.4289 -33.63
3 0 24.4391 1.2621 -32.5978 24.4585 1.2625 -32.5991 24.4445 1.2623 -32.5991
4 0 24.42 1.6306 -34.515 24.42 1.6948 -34.81 24.434 1.6886 -34.7788 24.434 1.638 -34.5463
3 0 23.9837 1.1333 -30.7608 24 1.1345 -30.7769 23.993 1.134 -30.77
4 0 24.352 2.0999 -36.6861 24.352 2.1194 -36.7759 24.357 2.1186 -36.7711 24.392 2.0938 -36.6496
3 0 24.6142 1.2131 -31.8914 24.6125 1.213 -31.8911 24.5927 1.2191 -31.9782
3 0 23.9837 1.1333 -30.7608 23.972 1.1378 -30.829 23.979 1.1388 -30.8429
4 0 24.1435 1.1983 -31.6898 24.1435 1.1993 -31.7036 24.352 1.2865 -32.9493 24.28 1.2026 -31.7488
3 0 24.1435 1.1993 -31.7036 24.1435 1.1998 -31.7103 24.352 1.2865 -32.9493
4 0 24.6615 1.1993 -31.6932 24.665 1.1916 -31.5822 24.6475 1.1913 -31.5787 24.651 1.1986 -31.6828
4 0 23.118 1.4292 -33.8313 24.352 1.2865 -32.9493 22.7187 1.2865 -33.2218 22.81 1.3597 -33.5536
3 0 21.97 1.3009 -33.4148 22.0383 1.2865 -33.3353 21.7875 1.2865 -33.3771
3 0 23.9837 1.1333 -30.7608 23.9895 1.1413 -30.8776 24.0326 1.1537 -31.0514
3 0 24.7876 1.2865 -32.8537 24.8015 1.2884 -32.8594 24.9223 1.2865 -32.8241
4 0 24.651 1.1608 -31.1414 24.679 1.1705 -31.2802 24.7387 1.1782 -31.3893 24.6685 1.1608 -31.1414
4 0 23.986 1.1085 -30.4055 23.9248 1.1088 -30.4108 23.951 1.1095 -30.4194 23.979 1.1092 -30.416
3 0 24.5927 1.2191 -31.9782 24.6125 1.213 -31.8911 24.5985 1.2128 -31.8876
4 0 24.6405 1.1981 -31.6759 24.651 1.1986 -31.6828 24.6475 1.1913 -31.5787 24.63 1.1908 -31.5717
3 0 24.4391 1.2621 -32.5978 24.406 1.2684 -32.6894 24.4095 1.2697 -32.7067
3 0 24.9223 1.2865 -32.8241 24.8015 1.2884 -32.8594 24.847 1.2951 -32.8803
4 0 24.2415 2.1353 -36.8856 24.252 2.133 -36.8717 24.352 2.0999 -36.6861 24.217 2.1169 -36.8093
3 0 24.3395 1.4541 -33.7237 24.3045 1.4418 -33.6785 24.1485 1.5199 -34.0895
4 0 24.3395 1.3461 -33.2273 24.258 1.3943 -33.4761 24.266 1.3989 -33.4946 24.352 1.3554 -33.2659
3 0 24.105 1.169 -31.2698 24.1155 1.1685 -31.2628 24.0731 1.1705 -31.2918
3 0 24.4391 1.2621 -32.5978 24.4095 1.2697 -32.7067 24.352 1.2865 -32.9493
3 0 24.9223 1.2865 -32.8241 24.9135 1.2856 -32.8143 24.8785 1.2828 -32.7831
3 0 24 1.9364 -36.0526 23.944 1.9837 -36.2886 24.035 1.9964 -36.3164
3 0 24 1.9364 -36.0526 23.825 1.9691 -36.2609 23.944 1.9837 -36.2886
4 0 23.7165 1.6487 -34.7719 23.6605 1.6533 -34.8031 23.657 1.6605 -34.8378 23.748 1.6534 -34.7892
4 0 23.7725 1.658 -34.8066 23.748 1.6534 -34.7892 23.657 1.6605 -34.8378 23.657 1.6678 -34.8725
4 0 23.811 1.6645 -34.8309 23.7725 1.658 -34.8066 23.657 1.6678 -34.8725 23.657 1.6825 -34.9419
4 0 24.14 1.7252 -35.0357 24.147 1.7295 -35.053 24.259 1.7573 -35.1432 24.322 1.7392 -35.0391
4 0 24.14 1.7252 -35.0357 24.322 1.7392 -35.0391 24.352 1.7301 -34.9871 24.1295 1.7199 -35.0148
3 0 24.352 1.7301 -34.9871 24.049 1.696 -34.9315 24.0805 1.7043 -34.9593
3 0 24.352 1.7301 -34.9871 24.0805 1.7043 -34.9593 24.112 1.7141 -34.994
3 0 24.352 1.7301 -34.9871 24.112 1.7141 -34.994 24.1295 1.7199 -35.0148
4 0 24.1485 1.5199 -34.0895 24.0041 1.6856 -34.899 24.0105 1.6871 -34.9038 24.352 1.7301 -34.9871
3 0 24.352 1.7301 -34.9871 24.0105 1.6871 -34.9038 24.049 1.696 -34.9315
3 0 24.427 1.6173 -34.4525 24.483 1.4915 -33.8625 24.4585 1.4858 -33.8417
4 0 24.385 1.468 -33.7757 24.42 1.6222 -34.4768 24.427 1.6173 -34.4525 24.4235 1.4774 -33.8104
3 0 24.427 1.6173 -34.4525 24.4585 1.4858 -33.8417 24.4235 1.4774 -33.8104
3 0 24.392 1.4524 -33.7028 24.455 1.4139 -33.5119 24.413 1.3938 -33.4286
3 0 24.392 1.4524 -33.7028 24.413 1.3938 -33.4286 24.371 1.3691 -33.3245
4 0 24.357 1.4409 -33.6577 24.392 1.4524 -33.7028 24.371 1.3691 -33.3245 24.352 1.3554 -33.2659
4 0 23.65 1.9305 -36.1186 23.5975 1.9294 -36.122 23.7025 1.9572 -36.2366 23.7632 1.9619 -36.2486
4 0 23.5975 1.9294 -36.122 23.545 1.9268 -36.1186 23.587 1.9488 -36.2157 23.7025 1.9572 -36.2366
4 0 23.545 1.9268 -36.1186 23.517 1.9243 -36.1116 23.503 1.9436 -36.2053 23.587 1.9488 -36.2157
4 0 23.517 1.9243 -36.1116 23.4855 1.9218 -36.1047 23.405 1.9394 -36.2019 23.503 1.9436 -36.2053
4 0 23.4855 1.9218 -36.1047 23.4645 1.9196 -36.0977 23.335 1.937 -36.2019 23.405 1.9394 -36.2019
4 0 23.4645 1.9196 -36.0977 23.4435 1.9173 -36.0908 23.2755 1.9363 -36.2088 23.335 1.937 -36.2019
3 0 23.2755 1.9363 -36.2088 23.4435 1.9173 -36.0908 23.4295 1.9154 -36.0838
4 0 24.6195 1.3031 -32.967 24.623 1.3003 -32.9531 24.504 1.3127 -33.0364 24.553 1.3166 -33.0434
4 0 24.4725 1.309 -33.026 24.504 1.3127 -33.0364 24.623 1.3003 -32.9531 24.6946 1.2865 -32.8741
3 0 24.2065 1.3503 -33.2759 24.2135 1.3564 -33.3037 24.258 1.3943 -33.4761
3 0 24.258 1.3943 -33.4761 24.3384 1.3021 -33.0256 24.2065 1.3503 -33.2759
3 0 24.3384 1.3021 -33.0256 24.1995 1.3464 -33.2586 24.2065 1.3503 -33.2759
4 0 24.1785 1.3435 -33.2482 24.1995 1.3464 -33.2586 24.3395 1.3001 -33.0156 24.352 1.2865 -32.9493
4 0 23.1775 1.1553 -31.2177 23.3035 1.1548 -31.1899 23.3105 1.1542 -31.1795 23.069 1.1323 -30.8984
4 0 24.3045 1.1099 -30.4194 24.14 1.1056 -30.3604 24.056 1.1101 -30.4264 24.3185 1.1112 -30.4368
3 0 24.3185 1.1112 -30.4368 24.056 1.1101 -30.4264 24.049 1.111 -30.4402
4 0 24.28 1.1542 -31.0546 24.3185 1.1112 -30.4368 24.049 1.111 -30.4402 24.028 1.1117 -30.4507
3 0 23.9615 1.1304 -30.7214 23.9782 1.131 -30.728 23.9323 1.1119 -30.455
3 0 23.9323 1.1119 -30.455 23.9475 1.13 -30.7179 23.9615 1.1304 -30.7214
3 0 23.9475 1.13 -30.7179 23.9323 1.1119 -30.455 23.9335 1.1298 -30.7179
3 0 23.804 1.121 -30.6103 23.776 1.1217 -30.6242 23.9195 1.1297 -30.7179
3 0 23.811 1.1204 -30.5999 23.804 1.121 -30.6103 23.9195 1.1297 -30.7179
3 0 23.8005 1.1196 -30.5895 23.811 1.1204 -30.5999 23.9323 1.1119 -30.455
4 0 23.9335 1.1298 -30.7179 23.9323 1.1119 -30.455 23.811 1.1204 -30.5999 23.9195 1.1297 -30.7179
4 0 23.972 1.1126 -30.4645 23.9475 1.1124 -30.4611 23.979 1.131 -30.7283 23.993 1.1318 -30.7387
4 0 23.993 1.1318 -30.7387 24.007 1.1328 -30.7526 24 1.1124 -30.4611 23.972 1.1126 -30.4645
4 0 24.028 1.1117 -30.4507 24 1.1124 -30.4611 24.007 1.1328 -30.7526 24.014 1.134 -30.77
3 0 23.9475 1.1124 -30.4611 23.9323 1.1119 -30.455 23.979 1.131 -30.7283
4 0 24.1376 1.1973 -31.6754 24.0875 1.1765 -31.3774 24.0805 1.1764 -31.3774 23.9545 1.1832 -31.4989
3 0 23.9545 1.1832 -31.4989 24.0805 1.1764 -31.3774 24.0525 1.1761 -31.3774
3 0 23.748 1.1128 -30.4993 23.8565 1.1089 -30.4229 23.839 1.1082 -30.416
3 0 23.8565 1.1089 -30.4229 23.748 1.1128 -30.4993 23.874 1.1095 -30.4298
3 0 23.9323 1.1119 -30.455 23.93 1.1118 -30.4541 23.748 1.1128 -30.4993
3 0 23.748 1.1128 -30.4993 23.93 1.1118 -30.4541 23.902 1.1108 -30.4437
4 0 24.693 1.1802 -31.419 24.672 1.1802 -31.419 24.686 1.1904 -31.5648 24.6913 1.1915 -31.5805
3 0 24.7387 1.1782 -31.3893 24.693 1.1802 -31.419 24.6913 1.1915 -31.5805
4 0 24.8435 1.1535 -31.0303 24.8291 1.1529 -31.0246 24.7387 1.1782 -31.3893 24.7735 1.1784 -31.3843
4 0 24.7735 1.1784 -31.3843 24.7875 1.1784 -31.3808 24.875 1.1553 -31.0476 24.8435 1.1535 -31.0303
4 0 24.9065 1.1571 -31.065 24.875 1.1553 -31.0476 24.7875 1.1784 -31.3808 24.805 1.1784 -31.3774
4 0 24.9065 1.1571 -31.065 24.805 1.1784 -31.3774 24.896 1.1692 -31.2316 24.8995 1.1685 -31.2212
3 0 24.896 1.1692 -31.2316 24.805 1.1784 -31.3774 24.826 1.1787 -31.3774
4 0 24.693 1.1919 -31.5856 24.6901 1.1918 -31.5853 24.663 1.1994 -31.6947 24.672 1.2002 -31.7036
4 0 24.693 1.2026 -31.7314 24.7 1.2042 -31.7522 24.7875 1.1993 -31.6655 24.7805 1.1981 -31.6516
4 0 24.693 1.2026 -31.7314 24.7805 1.1981 -31.6516 24.777 1.1973 -31.6412 24.686 1.2015 -31.7175
4 0 24.686 1.2015 -31.7175 24.777 1.1973 -31.6412 24.693 1.1919 -31.5856 24.672 1.2002 -31.7036
4 0 24.63 1.2136 -31.8945 24.6142 1.2131 -31.8914 24.5927 1.2191 -31.9782 24.602 1.2195 -31.9813
4 0 24.6475 1.2141 -31.898 24.63 1.2136 -31.8945 24.602 1.2195 -31.9813 24.616 1.2202 -31.9882
4 0 24.6685 1.2144 -31.898 24.6475 1.2141 -31.898 24.616 1.2202 -31.9882 24.63 1.2214 -32.0021
4 0 24.721 1.2186 -31.9431 24.6685 1.2144 -31.898 24.63 1.2214 -32.0021 24.714 1.2195 -31.957
4 0 24.721 1.2204 -31.9674 24.714 1.2195 -31.957 24.63 1.2214 -32.0021 24.6405 1.2224 -32.0125
4 0 24.6405 1.2224 -32.0125 24.644 1.2237 -32.0299 24.735 1.2214 -31.9778 24.721 1.2204 -31.9674
4 0 24.588 1.222 -32.0195 24.583 1.2218 -32.0175 24.5592 1.2285 -32.1132 24.567 1.2286 -32.1132
3 0 24.588 1.222 -32.0195 24.567 1.2286 -32.1132 24.5775 1.229 -32.1167
4 0 24.4673 1.2542 -32.484 24.4585 1.254 -32.4811 24.4375 1.2603 -32.5713 24.4445 1.2606 -32.576
3 0 24.4585 1.254 -32.4811 24.4235 1.2602 -32.5713 24.4375 1.2603 -32.5713
3 0 24.352 1.2865 -32.9493 24.546 1.28 -32.8178 24.525 1.2786 -32.8039
3 0 24.352 1.2865 -32.9493 24.5705 1.2814 -32.8317 24.546 1.28 -32.8178
3 0 24.352 1.2865 -32.9493 24.5985 1.2826 -32.8421 24.5705 1.2814 -32.8317
3 0 24.352 1.2865 -32.9493 24.6265 1.2838 -32.8525 24.5985 1.2826 -32.8421
3 0 24.6946 1.2865 -32.8741 24.693 1.2864 -32.8733 24.6545 1.2848 -32.8594
3 0 24.6545 1.2848 -32.8594 24.352 1.2865 -32.9493 24.6946 1.2865 -32.8741
3 0 24.6545 1.2848 -32.8594 24.6265 1.2838 -32.8525 24.352 1.2865 -32.9493
3 0 21.652 1.2865 -33.3997 21.445 1.2797 -33.3349 21.4415 1.2814 -33.3592
3 0 21.652 1.2865 -33.3997 21.4415 1.2814 -33.3592 21.431 1.2834 -33.3905
3 0 21.652 1.2865 -33.3997 21.431 1.2834 -33.3905 21.41 1.286 -33.4321
3 0 21.652 1.2865 -33.3997 21.41 1.286 -33.4321 21.406 1.2865 -33.4407
4 0 21.655 1.2847 -33.3731 21.508 1.2771 -33.2863 21.4975 1.277 -33.2863 21.6515 1.2863 -33.3974
4 0 21.5185 1.2766 -33.2759 21.508 1.2771 -33.2863 21.655 1.2847 -33.3731 21.697 1.2812 -33.3141
4 0 21.529 1.2753 -33.2551 21.5185 1.2766 -33.2759 21.697 1.2812 -33.3141 21.7075 1.2792 -33.2829
4 0 21.543 1.2738 -33.2308 21.529 1.2753 -33.2551 21.7075 1.2792 -33.2829 21.704 1.2772 -33.2551
4 0 21.5535 1.2718 -33.1996 21.543 1.2738 -33.2308 21.704 1.2772 -33.2551 21.718 1.2739 -33.203
0 // Black horse right
3 0 -24.28 1.6999 -34.8725 -24.154 1.687 -34.8552 -24.189 1.6842 -34.8309
3 0 -24.189 1.6842 -34.8309 -24.2275 1.6817 -34.8066 -24.28 1.6999 -34.8725
3 0 -23.72 1.5382 -34.2478 -23.559 1.5692 -34.4213 -23.538 1.5626 -34.3935
4 0 -23.16 1.2113 -32.0438 -23.209 1.2093 -32.0056 -23.244 1.2085 -31.9882 -23.356 1.2126 -32.0299
4 0 -26.576 1.5454 -33.6508 -26.5865 1.5452 -33.6473 -26.6355 1.5694 -33.748 -26.6215 1.5688 -33.748
4 0 -22.6805 1.1919 -31.839 -22.691 1.1899 -31.8078 -22.705 1.1896 -31.8008 -22.6945 1.1923 -31.8425
3 0 -24.175 1.9945 -36.2609 -24.056 1.9919 -36.2886 -24.21 1.9819 -36.1914
3 0 -25.827 1.6132 -34.1263 -25.89 1.6275 -34.1784 -25.82 1.6174 -34.1471
4 0 -23.797 1.1677 -31.2975 -23.72 1.1503 -31.0546 -23.8355 1.163 -31.2212 -23.804 1.1681 -31.301
3 0 -23.5415 1.4463 -33.8417 -23.72 1.5382 -34.2478 -23.517 1.4498 -33.8625
3 0 -23.832 2.1267 -36.9828 -23.7795 2.1116 -36.9307 -23.7725 2.1065 -36.9099
4 0 -25.8865 1.2934 -32.6442 -26.0685 1.2983 -32.6269 -26.0965 1.3087 -32.6685 -25.904 1.2973 -32.6581
3 0 -24.0182 2.1475 -37.0161 -24.0035 2.1565 -37.0626 -23.986 2.1507 -37.0418
3 0 -24.49 1.26 -32.5575 -24.352 1.2865 -32.9493 -24.455 1.2594 -32.5575
3 0 -24.352 1.2865 -32.9493 -24.4489 1.2594 -32.5582 -24.455 1.2594 -32.5575
4 0 -25.498 2.0318 -36.122 -25.526 2.0392 -36.1498 -25.54 2.0444 -36.1706 -25.47 2.0456 -36.1914
3 0 -23.9855 1.1341 -30.7714 -23.79 1.1013 -30.3222 -23.811 1.1005 -30.3084
4 0 -23.748 1.1031 -30.3569 -23.769 1.102 -30.3361 -23.79 1.1013 -30.3222 -23.9855 1.1341 -30.7714
3 0 -25.54 2.0444 -36.1706 -25.5435 2.0484 -36.188 -25.47 2.0456 -36.1914
4 0 -23.1985 1.2436 -32.5123 -23.2545 1.244 -32.5089 -23.3105 1.2534 -32.6373 -23.2755 1.253 -32.6373
4 0 -23.3525 1.2532 -32.6269 -23.3105 1.2534 -32.6373 -23.2545 1.244 -32.5089 -23.2755 1.2438 -32.5019
4 0 -23.307 1.2695 -32.8733 -23.3455 1.2689 -32.8594 -23.342 1.2753 -32.9531 -23.3175 1.2752 -32.9566
4 0 -24.483 1.9811 -36.1116 -24.5145 1.9811 -36.1047 -24.665 2.0094 -36.2019 -24.595 2.0061 -36.2019
3 0 -24.352 1.2865 -32.9493 -24.49 1.26 -32.5575 -24.525 1.2605 -32.5575
3 0 -24.525 1.2605 -32.5575 -24.5565 1.2613 -32.5609 -24.352 1.2865 -32.9493
3 0 -23.405 1.1397 -30.9505 -23.419 1.1403 -30.9574 -23.3805 1.1486 -31.0858
3 0 -23.3805 1.1486 -31.0858 -23.3945 1.1393 -30.947 -23.405 1.1397 -30.9505
3 0 -23.3595 1.1885 -31.6759 -23.349 1.1889 -31.6828 -23.37 1.1816 -31.5717
3 0 -23.321 1.1611 -31.2802 -23.2125 1.1668 -31.3808 -23.195 1.1663 -31.3774
4 0 -24 1.1236 -30.6207 -24.1435 1.11 -30.4229 -24.161 1.1095 -30.416 -24.21 1.1105 -30.4298
4 0 -23.72 1.1503 -31.0546 -23.664 1.1088 -30.4541 -23.6815 1.1078 -30.4368 -23.9855 1.1341 -30.7714
3 0 -23.9855 1.1341 -30.7714 -23.6815 1.1078 -30.4368 -23.6955 1.1068 -30.4194
3 0 -23.6605 1.4255 -33.7237 -23.6955 1.4173 -33.6785 -24.352 1.2865 -32.9493
3 0 -24.352 1.2865 -32.9493 -23.72 1.5382 -34.2478 -23.6605 1.4255 -33.7237
4 0 -23.769 1.786 -35.414 -23.678 1.7755 -35.3793 -23.657 1.7689 -35.3515 -23.72 1.7499 -35.2508
3 0 -24.098 1.1114 -30.4437 -24 1.1236 -30.6207 -24.0525 1.1125 -30.4611
3 0 -24.0525 1.1125 -30.4611 -24.07 1.112 -30.4541 -24.098 1.1114 -30.4437
4 0 -23.391 1.222 -32.1618 -23.181 1.2238 -32.2243 -23.16 1.2113 -32.0438 -23.356 1.2126 -32.0299
3 0 -23.503 1.1427 -30.9782 -23.51 1.1425 -30.9748 -23.72 1.1503 -31.0546
3 0 -23.72 1.1503 -31.0546 -23.496 1.143 -30.9852 -23.503 1.1427 -30.9782
3 0 -23.9195 1.6954 -34.9593 -23.888 1.7016 -34.994 -23.72 1.6261 -34.6643
4 0 -23.0025 1.2079 -32.0195 -22.985 1.2088 -32.0368 -22.9255 1.2023 -31.9501 -22.9395 1.1998 -31.9119
4 0 -25.8235 1.2634 -32.311 -25.9005 1.2585 -32.2277 -25.939 1.2606 -32.2486 -25.8445 1.2645 -32.3214
4 0 -23.3805 1.1703 -31.4051 -23.3945 1.17 -31.3982 -23.3665 1.1777 -31.5162 -23.349 1.178 -31.5232
4 0 -22.9675 1.1508 -31.1865 -22.985 1.1502 -31.1761 -23.027 1.1569 -31.2663 -23.0025 1.1578 -31.2837
4 0 -25.078 1.1752 -31.2733 -25.0605 1.1754 -31.2802 -25.029 1.1667 -31.1691 -25.0325 1.1663 -31.1622
4 0 -24 1.1345 -30.7769 -24.007 1.134 -30.77 -24.028 1.1381 -30.829 -24.021 1.1391 -30.8429
3 0 -23.804 1.1707 -31.3392 -23.72 1.1976 -31.7488 -23.797 1.1694 -31.3218
4 0 -23.6115 1.2795 -32.9705 -23.5695 1.2807 -32.9948 -23.454 1.2673 -32.8178 -23.475 1.2666 -32.8039
3 0 -23.8565 1.1951 -31.6898 -23.72 1.1976 -31.7488 -23.86 1.1942 -31.6759
4 0 -23.3 1.193 -31.7522 -23.328 1.1934 -31.7522 -23.335 1.2022 -31.8806 -23.3315 1.2033 -31.898
3 0 -25.106 1.2916 -32.8074 -24.352 1.2865 -32.9493 -25.106 1.2901 -32.8004
3 0 -23.8425 1.3433 -33.3037 -24.352 1.2865 -32.9493 -23.839 1.352 -33.3453
4 0 -21.746 1.2416 -32.7241 -21.648 1.2412 -32.7345 -21.585 1.2357 -32.6651 -21.7075 1.239 -32.6928
3 0 -24.0231 1.6638 -34.7923 -24.154 1.6719 -34.7858 -24.098 1.6761 -34.8239
3 0 -25.7395 1.4564 -33.4252 -25.6835 1.4612 -33.4599 -25.617 1.4664 -33.4981
4 0 -23.0655 1.2346 -32.4013 -23.1145 1.2342 -32.3874 -23.1285 1.2407 -32.4811 -23.111 1.241 -32.488
4 0 -23.979 1.1575 -31.1171 -23.867 1.1652 -31.249 -23.8565 1.1644 -31.2385 -23.853 1.1639 -31.2316
3 0 -23.1915 1.1878 -31.6932 -23.265 1.2054 -31.9397 -23.237 1.2046 -31.9327
4 0 -25.0885 1.2734 -32.6095 -25.134 1.2772 -32.6512 -24.8575 1.2707 -32.6234 -25.0395 1.2698 -32.5713
4 0 -24.651 1.1647 -31.1969 -24.6615 1.1657 -31.2108 -24.644 1.1739 -31.3288 -24.5915 1.174 -31.3323
4 0 -22.9675 1.1635 -31.3739 -22.9885 1.1626 -31.3566 -23.034 1.169 -31.4433 -23.006 1.1694 -31.4537
3 0 -23.8425 1.1628 -31.2177 -23.8355 1.163 -31.2212 -23.72 1.1503 -31.0546
4 0 -26.198 1.411 -33.1163 -26.2155 1.4187 -33.1475 -26.1 1.4056 -33.1128 -26.0965 1.4024 -33.0989
4 0 -26.0895 1.3635 -32.9219 -26.044 1.35 -32.8698 -26.1665 1.3332 -32.7657 -26.184 1.3371 -32.7796
3 0 -23.3595 1.1368 -30.9158 -23.342 1.1366 -30.9158 -23.37 1.1274 -30.7769
3 0 -23.37 1.1274 -30.7769 -23.377 1.1367 -30.9123 -23.3595 1.1368 -30.9158
4 0 -24.742 1.1413 -30.8602 -24.602 1.1435 -30.8949 -24.5845 1.143 -30.888 -24.714 1.1405 -30.8498
4 0 -23.93 1.169 -31.2941 -23.9895 1.1593 -31.1414 -24 1.1604 -31.1552 -23.9475 1.1697 -31.301
4 0 -23.9825 1.1748 -31.3704 -23.972 1.1709 -31.3149 -24.0595 1.166 -31.2281 -24.0632 1.1664 -31.233
3 0 -23.972 1.1709 -31.3149 -24.0455 1.1647 -31.2108 -24.0595 1.166 -31.2281
4 0 -23.433 1.2217 -32.1514 -23.4435 1.2216 -32.1479 -23.454 1.2279 -32.2381 -23.4435 1.2282 -32.2451
4 0 -23.6338 2.1104 -36.9739 -23.7585 2.11 -36.9307 -23.7795 2.1116 -36.9307 -23.832 2.1267 -36.9828
3 0 -25.19 2.0322 -36.1914 -25.092 2.0434 -36.2643 -25.071 2.0364 -36.2366
4 0 -23.4435 1.2282 -32.2451 -23.433 1.2288 -32.2555 -23.419 1.2218 -32.1548 -23.433 1.2217 -32.1514
4 0 -22.404 1.7555 -35.4973 -22.383 1.7475 -35.4626 -22.453 1.7514 -35.4695 -22.453 1.7617 -35.5181
4 0 -24.014 1.2427 -32.3631 -23.72 1.2732 -32.8594 -23.6325 1.2604 -32.6859 -23.72 1.1976 -31.7488
4 0 -22.9745 1.114 -30.645 -22.999 1.1133 -30.6311 -22.9955 1.118 -30.7006 -22.9815 1.1183 -30.7075
3 0 -23.3 1.4502 -33.9007 -23.3 1.5234 -34.2478 -22.74 1.5916 -34.6643
4 0 -23.1495 1.1705 -31.4468 -23.1775 1.1702 -31.4364 -23.2125 1.1838 -31.6307 -23.195 1.1838 -31.6342
4 0 -23.433 1.2305 -32.2798 -23.447 1.2304 -32.2763 -23.468 1.2358 -32.3527 -23.4575 1.2364 -32.3631
3 0 -23.986 1.8931 -35.8582 -23.979 1.8979 -35.8825 -23.93 1.886 -35.8444
4 0 -22.845 1.1314 -30.9227 -22.838 1.1386 -31.0303 -22.8205 1.1382 -31.0268 -22.824 1.1314 -30.9262
4 0 -24.5565 1.1164 -30.5062 -24.5495 1.1166 -30.5097 -24.539 1.1151 -30.4888 -24.553 1.1156 -30.4958
3 0 -26.5095 1.4607 -33.2759 -26.555 1.4689 -33.3037 -26.5025 1.4626 -33.2863
4 0 -23.6598 1.7968 -35.4834 -23.3 1.7871 -35.4973 -23.6465 1.7846 -35.4279 -23.6556 1.7908 -35.4556
4 0 -23.1705 1.2788 -33.033 -23.153 1.2795 -33.0469 -23.1285 1.2769 -33.0121 -23.1495 1.2757 -32.9913
4 0 -26.597 1.5374 -33.6091 -26.5935 1.5327 -33.5883 -26.646 1.5412 -33.6161 -26.6495 1.5489 -33.6508
3 0 -23.636 1.7154 -35.1016 -23.72 1.7499 -35.2508 -23.3 1.6845 -35.0114
4 0 -24.2275 1.119 -30.5513 -24.2345 1.1198 -30.5617 -24.21 1.1212 -30.5826 -24 1.1236 -30.6207
4 0 -22.985 1.1502 -31.1761 -23.0025 1.1495 -31.1622 -23.0445 1.1561 -31.2524 -23.027 1.1569 -31.2663
3 0 -24.1505 1.1398 -30.8498 -24.259 1.1537 -31.0476 -24.1365 1.1397 -30.8498
4 0 -24.308 1.1179 -30.534 -24.266 1.1186 -30.5444 -24.238 1.1186 -30.5444 -24.252 1.1154 -30.4993
4 0 -24.5495 1.1745 -31.3392 -24.504 1.1749 -31.3461 -24.259 1.1537 -31.0476 -24.6475 1.1639 -31.1865
4 0 -25.9495 1.3183 -32.7449 -25.9215 1.3064 -32.6963 -25.904 1.2973 -32.6581 -26.0965 1.3087 -32.6685
4 0 -26.618 1.5134 -33.4946 -26.576 1.5258 -33.5605 -26.5655 1.5245 -33.5571 -26.6075 1.5077 -33.4703
3 0 -24.217 1.8162 -35.4279 -24.1505 1.8416 -35.5667 -24.098 1.8604 -35.6708
4 0 -23.643 1.411 -33.6577 -23.608 1.4193 -33.7028 -23.545 1.3768 -33.5119 -23.678 1.3998 -33.5987
3 0 -22.775 1.2627 -32.8629 -22.7715 1.2615 -32.8455 -22.8065 1.2621 -32.849
3 0 -23.286 1.2068 -31.957 -23.356 1.2126 -32.0299 -23.279 1.2075 -31.9674
4 0 -22.803 1.2647 -32.8872 -22.775 1.2627 -32.8629 -22.8065 1.2621 -32.849 -22.8275 1.2631 -32.8594
4 0 -23.006 1.1694 -31.4537 -22.985 1.1694 -31.4572 -22.9465 1.164 -31.3843 -22.9675 1.1635 -31.3739
3 0 -23.4505 1.2375 -32.3805 -23.2755 1.2433 -32.495 -23.2685 1.2428 -32.488
4 0 -24.434 1.1133 -30.4645 -24.462 1.1133 -30.4645 -24.497 1.1163 -30.5062 -24.4795 1.116 -30.5027
4 0 -24.518 1.1165 -30.5097 -24.497 1.1163 -30.5062 -24.462 1.1133 -30.4645 -24.497 1.1138 -30.4715
4 0 -26.1 1.562 -33.8313 -25.8375 1.5865 -34.0013 -25.883 1.5667 -33.9007 -25.96 1.5553 -33.8313
3 0 -23.4295 1.2099 -31.9778 -23.4085 1.2096 -31.9778 -23.4155 1.2031 -31.8806
4 0 -23.496 1.2827 -33.0364 -23.447 1.2826 -33.0434 -23.3735 1.2688 -32.8525 -23.4015 1.2684 -32.8421
4 0 -23.195 1.1377 -30.9574 -23.16 1.1381 -30.9678 -23.1285 1.1266 -30.8047 -23.167 1.1261 -30.7908
4 0 -24.3815 1.1108 -30.4298 -24.3605 1.111 -30.4333 -24.3605 1.1081 -30.3917 -24.3815 1.1084 -30.3951
4 0 -25.0535 1.1567 -31.0268 -24.9975 1.1583 -31.0615 -24.98 1.1573 -31.0511 -25.0395 1.1547 -31.0025
4 0 -26.0615 1.372 -32.967 -26.086 1.3762 -32.9809 -26.1105 1.3812 -32.9983 -26.0475 1.3872 -33.0399
3 0 -23.895 1.2112 -31.9188 -23.916 1.2142 -31.9605 -23.72 1.1976 -31.7488
4 0 -25.3685 2.0234 -36.1116 -25.3685 2.0211 -36.1012 -25.393 2.0147 -36.0665 -25.463 2.0256 -36.1012
3 0 -23.9475 1.1082 -30.4021 -23.944 1.1092 -30.416 -23.8958 1.0967 -30.2382
3 0 -23.8958 1.0967 -30.2382 -23.944 1.1092 -30.416 -23.944 1.1099 -30.4264
3 0 -23.944 1.1099 -30.4264 -23.9855 1.1341 -30.7714 -23.8958 1.0967 -30.2382
3 0 -23.16 1.2113 -32.0438 -23.1775 1.2103 -32.0264 -23.209 1.2093 -32.0056
4 0 -24.3605 1.111 -30.4333 -24.343 1.1112 -30.4368 -24.3395 1.1078 -30.3882 -24.3605 1.1081 -30.3917
3 0 -23.482 1.4537 -33.8868 -23.72 1.5382 -34.2478 -23.454 1.4564 -33.9042
4 0 -21.5955 1.2611 -33.0364 -21.662 1.2668 -33.1093 -21.494 1.2628 -33.0781 -21.452 1.2578 -33.0121
4 0 -23.587 1.1171 -30.5895 -23.5275 1.1264 -30.7353 -23.5205 1.1256 -30.7249 -23.5695 1.1174 -30.5964
4 0 -23.9335 1.0956 -30.2216 -23.937 1.0966 -30.2355 -23.916 1.0954 -30.2181 -23.9265 1.0946 -30.2077
3 0 -25.2565 1.3472 -33.0295 -25.295 1.38 -33.1718 -25.239 1.3403 -33.0017
3 0 -24.259 1.1537 -31.0476 -24.1085 1.1402 -30.8567 -24.1155 1.1399 -30.8533
4 0 -23.6659 1.2865 -33.0638 -23.6605 1.2832 -33.0156 -23.72 1.2732 -32.8594 -24.352 1.2865 -32.9493
4 0 -24.245 1.1203 -30.5687 -24.2205 1.1212 -30.5826 -24.21 1.1212 -30.5826 -24.2345 1.1198 -30.5617
3 0 -25.89 1.6728 -34.3866 -25.82 1.6869 -34.4664 -25.8095 1.6864 -34.4664
4 0 -23.118 1.1709 -31.4572 -23.1495 1.1705 -31.4468 -23.195 1.1838 -31.6342 -23.1775 1.1841 -31.6412
4 0 -23.377 1.2757 -32.9531 -23.447 1.2826 -33.0434 -23.4085 1.2827 -33.0503 -23.3805 1.2767 -32.967
3 0 -23.4085 1.2827 -33.0503 -23.3735 1.2773 -32.9774 -23.3805 1.2767 -32.967
4 0 -23.16 1.259 -32.7449 -23.1985 1.2578 -32.7206 -23.2405 1.2666 -32.8421 -23.1985 1.2673 -32.8594
3 0 -22.607 1.6645 -35.0322 -22.6182 1.6752 -35.0808 -22.46 1.655 -35.0114
3 0 -24.1995 1.1217 -30.5895 -24 1.1236 -30.6207 -24.21 1.1212 -30.5826
4 0 -26.177 1.5128 -33.5883 -26.163 1.5325 -33.682 -26.1175 1.5205 -33.6369 -26.121 1.5146 -33.6091
3 0 -25.7535 1.4306 -33.3037 -25.729 1.4309 -33.3106 -25.96 1.4193 -33.2065
4 0 -24.182 1.103 -30.3222 -24.182 1.104 -30.3361 -24.014 1.1076 -30.3917 -24.0175 1.1064 -30.3743
4 0 -24.777 1.1421 -30.8706 -24.616 1.1438 -30.8984 -24.602 1.1435 -30.8949 -24.742 1.1413 -30.8602
3 0 -23.4015 1.4582 -33.9215 -23.545 1.3768 -33.5119 -23.433 1.452 -33.8868
3 0 -23.433 1.452 -33.8868 -23.4155 1.4557 -33.9076 -23.4015 1.4582 -33.9215
3 0 -24.352 1.2865 -32.9493 -23.6955 1.4173 -33.6785 -23.727 1.4081 -33.63
4 0 -22.432 1.7228 -35.3376 -22.446 1.7409 -35.4209 -22.362 1.735 -35.407 -22.3515 1.7229 -35.3515
4 0 -24.014 1.1086 -30.4055 -24.014 1.1076 -30.3917 -24.182 1.104 -30.3361 -24.1715 1.1049 -30.35
3 0 -23.062 1.1454 -31.0928 -23.1005 1.1546 -31.2212 -23.0935 1.1543 -31.2177
3 0 -22.901 1.2398 -32.5054 -22.922 1.2396 -32.4985 -22.922 1.2441 -32.5644
3 0 -24.231 1.6238 -34.5393 -24.3325 1.6569 -34.6573 -24.2135 1.624 -34.5463
4 0 -26.044 1.35 -32.8698 -25.981 1.3297 -32.79 -26.149 1.3279 -32.7449 -26.1665 1.3332 -32.7657
3 0 -24.889 1.1436 -30.8845 -24.931 1.1453 -30.8984 -24.8225 1.167 -31.2177
4 0 -24.5705 1.9739 -36.0596 -24.6545 1.9674 -36.011 -24.742 1.9821 -36.0596 -24.581 1.9752 -36.063
4 0 -24.105 2.2085 -37.2674 -23.9825 2.2464 -37.4826 -23.9528 2.2412 -37.4687 -23.937 2.2363 -37.4514
4 0 -26.0335 1.2711 -32.37 -25.981 1.2779 -32.4742 -25.862 1.2658 -32.3353 -25.9915 1.2653 -32.3006
4 0 -22.7855 1.1376 -31.0233 -22.7645 1.1376 -31.0268 -22.754 1.1327 -30.9574 -22.782 1.1321 -30.9435
4 0 -25.2915 2.0144 -36.0873 -25.288 2.0165 -36.0977 -25.12 1.9987 -36.0526 -25.246 1.9994 -36.0283
4 0 -24.07 1.167 -31.242 -24.084 1.168 -31.2559 -24.1645 1.1773 -31.3878 -24.14 1.1775 -31.3913
3 0 -24.3325 1.6569 -34.6573 -24.2835 1.6616 -34.6955 -24.231 1.6661 -34.7337
3 0 -24.231 1.6661 -34.7337 -24.0231 1.6638 -34.7923 -24.3325 1.6569 -34.6573
3 0 -23.391 1.222 -32.1618 -23.2615 1.2299 -32.3006 -23.251 1.2294 -32.2937
3 0 -26.0843 1.4932 -33.5189 -26.0825 1.4984 -33.5432 -26.079 1.5036 -33.5675
3 0 -26.079 1.5036 -33.5675 -26.03 1.468 -33.4148 -26.0843 1.4932 -33.5189
3 0 -26.0965 1.3087 -32.6685 -26.121 1.3175 -32.7032 -26.149 1.3279 -32.7449
3 0 -23.104 1.1554 -31.2316 -23.1005 1.1546 -31.2212 -23.062 1.1454 -31.0928
4 0 -22.838 1.1386 -31.0303 -22.845 1.1314 -30.9227 -22.873 1.1317 -30.9227 -22.8625 1.1392 -31.0338
4 0 -23.468 1.2377 -32.3805 -23.482 1.2377 -32.377 -23.51 1.2441 -32.4672 -23.503 1.2445 -32.4742
3 0 -23.8775 1.2076 -31.8702 -23.895 1.2112 -31.9188 -23.72 1.1976 -31.7488
4 0 -24.6545 1.163 -31.1726 -24.259 1.1537 -31.0476 -24.4095 1.1408 -30.8602 -24.434 1.1418 -30.8741
4 0 -23.0095 1.2512 -32.6546 -22.9955 1.2515 -32.6616 -22.999 1.2485 -32.6165 -23.0165 1.2477 -32.6026
3 0 -22.649 1.6455 -34.935 -23.3 1.6845 -35.0114 -22.6665 1.6491 -34.9489
4 0 -25.6275 1.6905 -34.5254 -25.617 1.6772 -34.4664 -25.6135 1.6634 -34.404 -25.68 1.693 -34.5254
3 0 -25.5106 1.2865 -32.695 -25.631 1.288 -32.6755 -25.617 1.2896 -32.6859
4 0 -26.0615 1.5496 -33.7827 -26.065 1.5475 -33.7723 -26.079 1.5436 -33.7514 -26.1 1.562 -33.8313
4 0 -24.3465 1.1776 -31.3878 -24.322 1.1778 -31.3913 -24.203 1.1696 -31.2767 -24.21 1.1694 -31.2733
3 0 -24.352 2.238 -37.3208 -24.3514 2.2542 -37.3951 -24.3395 2.2503 -37.3813
3 0 -24.3395 2.2503 -37.3813 -24.3227 2.2444 -37.3597 -24.352 2.238 -37.3208
4 0 -26.646 1.5677 -33.7376 -26.6355 1.5694 -33.748 -26.5865 1.5452 -33.6473 -26.5935 1.5425 -33.6334
4 0 -22.439 1.7743 -35.5806 -22.432 1.7778 -35.5979 -22.418 1.7751 -35.5875 -22.4145 1.7662 -35.5459
4 0 -23.0025 1.1578 -31.2837 -22.9815 1.1582 -31.2941 -22.95 1.151 -31.1934 -22.9675 1.1508 -31.1865
3 0 -24.188 1.2183 -31.9749 -23.923 1.203 -31.7939 -23.9125 1.201 -31.7661
4 0 -23.9825 1.1748 -31.3704 -24.188 1.2183 -31.9749 -23.9125 1.201 -31.7661 -23.9055 1.1992 -31.7418
3 0 -24.8575 1.2707 -32.6234 -24.8575 1.2587 -32.4603 -24.9205 1.2621 -32.4915
3 0 -24.504 1.1749 -31.3461 -24.455 1.1755 -31.3566 -24.259 1.1537 -31.0476
3 0 -25.7395 1.6966 -34.5289 -25.7395 1.6996 -34.5428 -25.68 1.693 -34.5254
4 0 -21.9735 1.7316 -35.4556 -21.984 1.7232 -35.414 -22.04 1.7281 -35.4279 -22.026 1.7364 -35.4695
4 0 -21.41 1.2489 -32.8872 -21.41 1.247 -32.8594 -21.4835 1.2483 -32.8664 -21.5045 1.2509 -32.9011
4 0 -25.82 1.6891 -34.4768 -25.89 1.6728 -34.3866 -25.9075 1.688 -34.4525 -25.8165 1.692 -34.4907
3 0 -24.287 1.9709 -36.1151 -24.35 1.9762 -36.1186 -24.352 1.9764 -36.1187
3 0 -24.352 1.9764 -36.1187 -24.352 1.9999 -36.2267 -24.2975 1.9981 -36.2366
3 0 -25.5715 1.2608 -32.3319 -25.603 1.259 -32.3006 -26.0424 1.2865 -32.5783
4 0 -26.107 1.5298 -33.682 -26.114 1.5249 -33.6577 -26.163 1.5325 -33.682 -26.156 1.5435 -33.7341
3 0 -22.194 1.5892 -34.7441 -22.271 1.5993 -34.7788 -22.019 1.5897 -34.7753
3 0 -23.433 1.1272 -30.763 -23.37 1.1274 -30.7769 -23.44 1.1266 -30.7526
4 0 -23.1425 1.3004 -33.2169 -23.125 1.3012 -33.2239 -23.125 1.2947 -33.1926 -23.139 1.2929 -33.1822
4 0 -22.7435 1.1929 -31.8425 -22.719 1.1928 -31.8459 -22.719 1.1895 -31.7973 -22.7365 1.1892 -31.7904
4 0 -22.8625 1.1824 -31.6689 -22.8905 1.1818 -31.655 -22.9255 1.1883 -31.7453 -22.8975 1.1885 -31.7522
3 0 -23.6325 1.2604 -32.6859 -23.72 1.2732 -32.8594 -23.629 1.2608 -32.6928
3 0 -25.6485 1.2964 -32.7102 -25.722 1.312 -32.7657 -25.638 1.2997 -32.7275
4 0 -24.9485 1.1721 -31.2594 -24.973 1.1633 -31.1344 -24.987 1.1643 -31.1448 -24.98 1.1733 -31.2698
4 0 -26.555 1.4689 -33.3037 -26.45 1.4729 -33.3453 -26.492 1.4621 -33.2863 -26.5025 1.4626 -33.2863
4 0 -24.623 1.145 -30.9158 -24.665 1.1628 -31.1691 -24.6545 1.163 -31.1726 -24.6055 1.145 -30.9158
3 0 -23.8285 1.3634 -33.4009 -24.352 1.2865 -32.9493 -23.8145 1.3746 -33.4564
3 0 -22.8135 1.2305 -32.3839 -22.8275 1.23 -32.3735 -22.824 1.2325 -32.4117
3 0 -22.824 1.2325 -32.4117 -22.803 1.2314 -32.3978 -22.8135 1.2305 -32.3839
4 0 -22.9255 1.228 -32.3284 -22.908 1.229 -32.3457 -22.8835 1.2249 -32.2902 -22.901 1.2235 -32.2659
4 0 -22.838 1.1507 -31.2073 -22.8275 1.1567 -31.2975 -22.7995 1.1559 -31.2906 -22.8135 1.1509 -31.2142
3 0 -23.034 1.1182 -30.6971 -23.0095 1.1179 -30.6971 -23.027 1.1127 -30.6173
3 0 -24.294 1.1075 -30.3847 -24.315 1.1117 -30.4437 -24.2765 1.1075 -30.3847
4 0 -23.3805 2.0579 -36.7676 -23.4855 2.0419 -36.6739 -23.6115 2.0734 -36.8023 -23.5275 2.0843 -36.8683
4 0 -24.196 1.6235 -34.5497 -24.2135 1.624 -34.5463 -24.3325 1.6569 -34.6573 -24.0231 1.6638 -34.7923
4 0 -23.264 1.2865 -33.1308 -23.2335 1.2897 -33.151 -23.167 1.2873 -33.151 -23.17 1.2865 -33.1465
4 0 -25.638 1.4455 -33.3974 -25.8165 1.448 -33.3696 -25.7885 1.4512 -33.3905 -25.7395 1.4564 -33.4252
3 0 -24.455 1.1755 -31.3566 -24.406 1.1764 -31.3704 -24.259 1.1537 -31.0476
4 0 -26.296 1.5056 -33.5293 -26.2995 1.499 -33.4981 -26.352 1.5098 -33.5362 -26.303 1.5128 -33.5605
3 0 -23.461 1.1375 -30.9088 -23.447 1.1375 -30.9123 -23.433 1.1272 -30.763
4 0 -24.4646 1.255 -32.495 -24.455 1.255 -32.495 -24.5145 1.2308 -32.1479 -24.5445 1.2326 -32.1727
3 0 -24.6475 1.1635 -31.1795 -24.6475 1.1639 -31.1865 -24.259 1.1537 -31.0476
4 0 -25.1025 1.171 -31.2108 -25.099 1.1724 -31.2316 -25.0325 1.1663 -31.1622 -25.036 1.1656 -31.1518
3 0 -25.3545 2.0182 -36.0908 -25.337 2.0158 -36.0838 -25.323 2.0069 -36.0457
4 0 -23.328 1.16 -31.2628 -23.321 1.1611 -31.2802 -23.3315 1.1518 -31.1414 -23.349 1.152 -31.1414
4 0 -24.21 1.9819 -36.1914 -23.7537 1.9728 -36.3019 -23.909 1.9253 -36.0318 -24 1.9364 -36.0526
3 0 -23.937 2.2363 -37.4514 -23.937 2.2265 -37.4062 -23.944 2.2217 -37.3819
4 0 -22.8485 1.2288 -32.3527 -22.859 1.2275 -32.3319 -22.8765 1.2312 -32.3839 -22.859 1.232 -32.3978
3 0 -25.722 1.312 -32.7657 -25.6555 1.2937 -32.6963 -25.659 1.2893 -32.6755
4 0 -25.3685 2.0211 -36.1012 -25.3545 2.0182 -36.0908 -25.323 2.0069 -36.0457 -25.393 2.0147 -36.0665
3 0 -23.4505 1.2021 -31.8598 -23.447 1.2013 -31.8494 -23.44 1.1911 -31.7002
3 0 -23.44 1.1911 -31.7002 -23.72 1.1976 -31.7488 -23.4505 1.2021 -31.8598
4 0 -25.659 1.2871 -32.6651 -25.7605 1.2995 -32.6998 -25.722 1.312 -32.7657 -25.659 1.2893 -32.6755
4 0 -24.8785 1.173 -31.2871 -24.8715 1.1802 -31.3878 -24.8435 1.1795 -31.3843 -24.8505 1.172 -31.2802
4 0 -24.4375 2.2633 -37.418 -24.4494 2.2714 -37.4528 -24.4487 2.2782 -37.484 -24.3556 2.2618 -37.4291
4 0 -24.4067 2.2805 -37.5041 -24.3556 2.2618 -37.4291 -24.4487 2.2782 -37.484 -24.4333 2.2802 -37.4965
4 0 -24.091 1.1312 -30.7283 -24.259 1.1324 -30.7422 -24.175 1.1366 -30.8047 -24.154 1.1356 -30.7908
4 0 -22.9955 1.2515 -32.6616 -22.9745 1.252 -32.672 -22.9815 1.2492 -32.6304 -22.999 1.2485 -32.6165
4 0 -21.704 1.5105 -34.4525 -21.5192 1.5183 -34.5206 -21.5052 1.5008 -34.4401 -21.683 1.4944 -34.3797
3 0 -23.447 1.2193 -32.1132 -23.433 1.2191 -32.1132 -23.4295 1.2122 -32.0125
3 0 -23.468 1.5491 -34.3415 -23.44 1.5467 -34.3345 -23.3 1.5234 -34.2478
4 0 -23.2755 1.253 -32.6373 -23.223 1.2524 -32.6373 -23.1635 1.2437 -32.5193 -23.1985 1.2436 -32.5123
3 0 -23.7935 1.1677 -31.2975 -23.79 1.1681 -31.3045 -23.72 1.1503 -31.0546
4 0 -23.1285 1.2438 -32.5262 -23.1635 1.2437 -32.5193 -23.223 1.2524 -32.6373 -23.153 1.2512 -32.6304
3 0 -25.358 2.0252 -36.122 -25.47 2.0456 -36.1914 -25.3335 2.0263 -36.1324
3 0 -24.294 1.6193 -34.4977 -24.3325 1.6569 -34.6573 -24.2555 1.6226 -34.5254
3 0 -24.791 1.1688 -31.249 -24.7493 1.1752 -31.3463 -24.7945 1.1673 -31.2281
3 0 -24.5285 1.5919 -34.3137 -24.588 1.5819 -34.2547 -24.7945 1.5903 -34.2478
4 0 -23.426 1.2292 -32.2624 -23.4225 1.2306 -32.2833 -23.391 1.222 -32.1618 -23.405 1.2219 -32.1583
4 0 -25.5575 1.453 -33.4495 -25.561 1.4705 -33.5293 -25.498 1.4758 -33.5675 -25.533 1.4548 -33.4634
4 0 -24.3325 1.1352 -30.7804 -24.259 1.1537 -31.0476 -24.259 1.1324 -30.7422 -24.3255 1.1342 -30.7665
4 0 -23.433 1.1272 -30.763 -23.44 1.1278 -30.77 -23.4715 1.1373 -30.9053 -23.461 1.1375 -30.9088
4 0 -23.412 1.1809 -31.5544 -23.4155 1.1894 -31.6793 -23.4015 1.189 -31.6759 -23.405 1.1812 -31.5613
3 0 -23.7537 1.9728 -36.3019 -23.867 1.917 -36.0075 -23.888 1.9207 -36.0179
3 0 -23.888 1.9207 -36.0179 -23.909 1.9253 -36.0318 -23.7537 1.9728 -36.3019
3 0 -22.607 1.6572 -34.9975 -22.607 1.6645 -35.0322 -22.46 1.655 -35.0114
4 0 -21.732 1.4155 -33.9979 -21.536 1.3808 -33.866 -21.529 1.3513 -33.7271 -21.8706 1.4151 -33.9729
3 0 -25.8095 1.6954 -34.5081 -25.8165 1.692 -34.4907 -25.9075 1.688 -34.4525
3 0 -24.154 1.1356 -30.7908 -24.084 1.1319 -30.7387 -24.091 1.1312 -30.7283
3 0 -26.555 1.5263 -33.5675 -26.45 1.5334 -33.623 -26.5655 1.5245 -33.5571
4 0 -23.6799 2.0574 -36.7152 -23.783 2.0854 -36.8093 -23.7585 2.1002 -36.8856 -23.748 2.0964 -36.8717
3 0 -25.9285 1.5243 -33.6959 -25.96 1.5402 -33.7618 -25.925 1.5385 -33.7618
4 0 -26.6215 1.5688 -33.748 -26.5935 1.5674 -33.748 -26.569 1.5647 -33.741 -26.576 1.5454 -33.6508
3 0 -21.921 1.3497 -33.6543 -21.662 1.3222 -33.5675 -21.683 1.3157 -33.5328
4 0 -26.1315 1.3867 -33.0191 -26.058 1.3885 -33.0434 -26.0475 1.3872 -33.0399 -26.1105 1.3812 -32.9983
3 0 -24.182 1.1403 -30.8567 -24.259 1.1537 -31.0476 -24.1715 1.14 -30.8533
4 0 -23.412 1.2125 -32.0195 -23.4295 1.2122 -32.0125 -23.433 1.2191 -32.1132 -23.4225 1.2193 -32.1167
4 0 -25.071 1.159 -31.0546 -25.008 1.1595 -31.0754 -24.9975 1.1583 -31.0615 -25.0535 1.1567 -31.0268
3 0 -25.61 1.3074 -32.7692 -25.659 1.3279 -32.8525 -25.5925 1.3111 -32.79
3 0 -23.524 1.1157 -30.5791 -23.517 1.1163 -30.5895 -23.44 1.1141 -30.5687
4 0 -23.1355 1.224 -32.2347 -23.1075 1.2247 -32.2486 -23.0725 1.2162 -32.1306 -23.1005 1.2154 -32.1132
4 0 -24.0455 1.1647 -31.2108 -23.972 1.1709 -31.3149 -23.9685 1.1706 -31.3114 -24.028 1.163 -31.1899
3 0 -22.411 1.7074 -35.2682 -22.3515 1.7156 -35.3168 -22.3361 1.7067 -35.2772
4 0 -21.921 1.3497 -33.6543 -21.683 1.3157 -33.5328 -21.69 1.3057 -33.4842 -21.956 1.3253 -33.5328
3 0 -23.4295 1.2519 -32.5956 -23.398 1.2525 -32.6095 -23.3735 1.253 -32.6199
3 0 -23.3735 1.253 -32.6199 -23.496 1.2456 -32.4915 -23.4295 1.2519 -32.5956
4 0 -26.142 1.5693 -33.8556 -26.0895 1.5396 -33.7306 -26.1 1.5348 -33.7063 -26.1455 1.5596 -33.8104
4 0 -22.047 1.7137 -35.3584 -21.984 1.7144 -35.3723 -21.963 1.7005 -35.3098 -22.047 1.699 -35.289
4 0 -22.383 1.7475 -35.4626 -22.362 1.735 -35.407 -22.446 1.7409 -35.4209 -22.453 1.7514 -35.4695
3 0 -23.3385 1.1895 -31.6932 -23.328 1.1901 -31.7036 -23.37 1.1816 -31.5717
4 0 -25.449 1.3405 -32.9566 -25.3011 1.2865 -32.741 -25.5106 1.2865 -32.695 -25.5435 1.308 -32.7865
4 0 -24.3115 1.1121 -30.4507 -24.21 1.1105 -30.4298 -24.2415 1.1077 -30.3882 -24.259 1.1075 -30.3847
4 0 -22.46 1.8337 -35.8582 -22.453 1.8437 -35.9068 -22.4005 1.8389 -35.893 -22.3585 1.8228 -35.8235
3 0 -25.5435 1.308 -32.7865 -25.54 1.3116 -32.8039 -25.449 1.3405 -32.9566
3 0 -23.468 1.1092 -30.4923 -23.496 1.1085 -30.4784 -23.44 1.1141 -30.5687
4 0 -24.315 1.9661 -36.0838 -24.266 1.9625 -36.0838 -24.168 1.9418 -36.0214 -24.315 1.9525 -36.0214
4 0 -23.3525 1.1818 -31.5787 -23.37 1.1816 -31.5717 -23.328 1.1901 -31.7036 -23.314 1.1908 -31.7175
4 0 -23.4715 2.0348 -36.6427 -23.4715 2.0377 -36.6565 -23.3805 2.0579 -36.7676 -23.44 2.041 -36.6774
3 0 -24.3255 1.1131 -30.4645 -24.252 1.1154 -30.4993 -24.315 1.1129 -30.4611
3 0 -23.4715 2.0377 -36.6565 -23.4855 2.0419 -36.6739 -23.3805 2.0579 -36.7676
4 0 -23.237 1.1392 -30.9713 -23.307 1.1378 -30.94 -23.3315 1.1518 -31.1414 -23.2335 1.1401 -30.9852
3 0 -23.3315 1.1518 -31.1414 -23.2265 1.1407 -30.9956 -23.2335 1.1401 -30.9852
4 0 -22.054 1.6861 -35.2265 -21.942 1.6895 -35.2613 -21.942 1.6763 -35.1988 -22.061 1.679 -35.1918
4 0 -23.02 1.1291 -30.8602 -23.0585 1.1279 -30.8359 -23.0725 1.1387 -30.9921 -23.0305 1.1392 -31.006
3 0 -23.419 1.409 -33.6855 -23.3 1.4502 -33.9007 -23.3385 1.4252 -33.7757
4 0 -24.049 1.1437 -30.9088 -24.259 1.1537 -31.0476 -24.0526 1.162 -31.1701 -24.035 1.144 -30.9123
4 0 -22.852 1.2643 -32.8733 -22.873 1.2652 -32.8837 -22.859 1.2674 -32.9184 -22.831 1.2662 -32.9045
4 0 -23.398 1.2128 -32.0264 -23.412 1.2125 -32.0195 -23.4225 1.2193 -32.1167 -23.412 1.2196 -32.1236
3 0 -23.412 1.1515 -31.124 -23.4015 1.158 -31.2212 -23.3735 1.1577 -31.2212
3 0 -25.68 1.693 -34.5254 -25.645 1.7042 -34.5844 -25.6345 1.6976 -34.5567
3 0 -25.6345 1.6976 -34.5567 -25.6275 1.6905 -34.5254 -25.68 1.693 -34.5254
4 0 -23.727 1.9017 -35.9693 -23.657 1.9373 -36.1498 -23.51 1.897 -35.9832 -23.762 1.881 -35.8652
4 0 -22.9955 1.2182 -32.1722 -23.0305 1.2172 -32.1514 -23.069 1.2254 -32.2659 -23.0375 1.2262 -32.2833
4 0 -22.411 1.7074 -35.2682 -22.3361 1.7067 -35.2772 -22.32 1.694 -35.2196 -22.404 1.6969 -35.2196
3 0 -23.482 1.9941 -36.4483 -23.4799 2.0005 -36.4788 -23.335 2.0153 -36.5732
3 0 -23.335 2.0153 -36.5732 -23.51 1.897 -35.9832 -23.482 1.9941 -36.4483
3 0 -23.391 1.222 -32.1618 -23.181 1.2245 -32.2347 -23.181 1.2238 -32.2243
4 0 -23.2755 1.2438 -32.5019 -23.2755 1.2433 -32.495 -23.4505 1.2375 -32.3805 -23.3525 1.2532 -32.6269
4 0 -22.5965 1.1387 -31.0719 -22.593 1.1401 -31.0928 -22.586 1.1398 -31.0893 -22.586 1.1393 -31.0824
4 0 -22.075 1.6693 -35.1432 -21.949 1.6663 -35.1502 -21.963 1.6536 -35.0877 -22.103 1.6615 -35.1016
4 0 -23.37 1.1274 -30.7769 -23.2475 1.1251 -30.763 -23.3175 1.1157 -30.6138 -23.335 1.1157 -30.6103
3 0 -25.652 1.4341 -33.3419 -25.631 1.4353 -33.3523 -25.54 1.4144 -33.2759
4 0 -23.5065 1.5724 -34.4456 -23.524 1.5797 -34.4768 -23.5345 1.5888 -34.5185 -23.3 1.6113 -34.6643
4 0 -26.1 1.5348 -33.7063 -26.107 1.5298 -33.682 -26.156 1.5435 -33.7341 -26.1455 1.5596 -33.8104
4 0 -24.4165 1.1162 -30.5062 -24.385 1.1166 -30.5131 -24.3745 1.1134 -30.468 -24.399 1.1135 -30.468
4 0 -23.384 1.2101 -31.9882 -23.37 1.2109 -32.0021 -23.37 1.2035 -31.8945 -23.3875 1.2035 -31.8911
4 0 -23.419 1.1493 -31.0893 -23.454 1.1416 -30.9713 -23.468 1.1423 -30.9782 -23.433 1.1499 -31.0962
4 0 -23.5695 1.2535 -32.5956 -23.58 1.2532 -32.5887 -23.6115 1.2594 -32.6755 -23.601 1.2598 -32.6824
3 0 -23.4295 1.1109 -30.5235 -23.44 1.1141 -30.5687 -23.412 1.1118 -30.5409
3 0 -23.3735 1.2688 -32.8525 -23.377 1.2757 -32.9531 -23.363 1.2753 -32.9497
3 0 -24.3535 1.2563 -32.5158 -24.322 1.2572 -32.5297 -24.4235 1.2239 -32.0507
4 0 -22.46 1.655 -35.0114 -22.32 1.694 -35.2196 -22.18 1.6891 -35.2196 -22.32 1.6501 -35.0114
4 0 -24.2275 1.6817 -34.8066 -24.252 1.6797 -34.7892 -24.2835 1.6782 -34.7719 -24.28 1.6999 -34.8725
4 0 -26.0685 1.2983 -32.6269 -25.8865 1.2934 -32.6442 -25.855 1.2919 -32.6442 -26.044 1.2881 -32.5852
4 0 -24.238 1.1215 -30.586 -24.259 1.1205 -30.5721 -24.2695 1.1213 -30.5826 -24.252 1.1215 -30.586
4 0 -26.0424 1.2865 -32.5783 -25.603 1.259 -32.3006 -25.778 1.2652 -32.3457 -25.981 1.2779 -32.4742
3 0 -24.0595 1.1433 -30.9019 -24.259 1.1537 -31.0476 -24.049 1.1437 -30.9088
3 0 -24.581 1.145 -30.9158 -24.6055 1.145 -30.9158 -24.6545 1.163 -31.1726
3 0 -23.79 1.3862 -33.5154 -24.352 1.2865 -32.9493 -23.7585 1.3975 -33.5744
4 0 -26.1315 1.5831 -33.9215 -26.1175 1.5908 -33.9597 -26.1 1.562 -33.8313 -26.142 1.5693 -33.8556
4 0 -23.153 1.2682 -32.8803 -23.104 1.269 -32.9011 -23.0865 1.2629 -32.8143 -23.1215 1.2612 -32.7831
4 0 -21.4982 1.4625 -34.2596 -21.5101 1.4374 -34.1388 -21.6935 1.4402 -34.1214 -21.683 1.4504 -34.1714
4 0 -24.352 1.2865 -32.9493 -25.169 1.3143 -32.8976 -25.197 1.3239 -32.9358 -25.295 1.38 -33.1718
4 0 -23.1495 1.2405 -32.4742 -23.1285 1.2407 -32.4811 -23.1145 1.2342 -32.3874 -23.146 1.2341 -32.3805
3 0 -25.295 1.3528 -33.0469 -25.2845 1.3478 -33.026 -25.2705 1.3403 -32.9948
3 0 -25.54 1.4144 -33.2759 -25.463 1.3669 -33.0746 -25.4805 1.3662 -33.0677
3 0 -23.832 2.1267 -36.9828 -23.9545 2.1454 -37.0279 -23.944 2.1447 -37.0279
4 0 -25.526 1.3638 -33.0469 -25.96 1.4193 -33.2065 -25.54 1.4144 -33.2759 -25.4805 1.3662 -33.0677
3 0 -25.2705 1.3403 -32.9948 -25.3011 1.2865 -32.741 -25.295 1.3528 -33.0469
4 0 -22.817 1.4991 -34.2131 -22.74 1.5916 -34.6643 -22.6105 1.5468 -34.4734 -22.6945 1.5256 -34.3588
4 0 -24.364 1.1282 -30.6797 -24.329 1.1335 -30.7561 -24.259 1.1324 -30.7422 -24.3255 1.1267 -30.6589
4 0 -24.217 1.959 -36.0838 -24.0875 1.9352 -36.0179 -24.168 1.9418 -36.0214 -24.266 1.9625 -36.0838
3 0 -23.4645 1.4472 -33.859 -23.433 1.452 -33.8868 -23.545 1.3768 -33.5119
4 0 -23.475 1.2666 -32.8039 -23.72 1.2732 -32.8594 -23.629 1.2795 -32.967 -23.6115 1.2795 -32.9705
4 0 -23.9475 1.1749 -31.3774 -23.965 1.1751 -31.3774 -23.8915 1.1965 -31.7036 -23.8845 1.1954 -31.6898
4 0 -21.683 1.4504 -34.1714 -21.6795 1.4664 -34.2478 -21.4961 1.48 -34.3429 -21.4982 1.4625 -34.2596
3 0 -23.545 1.1145 -30.5583 -23.531 1.1151 -30.5687 -23.44 1.1141 -30.5687
4 0 -24.056 1.9919 -36.2886 -23.965 1.9913 -36.3164 -23.7537 1.9728 -36.3019 -24.21 1.9819 -36.1914
3 0 -21.6795 1.4664 -34.2478 -21.6795 1.481 -34.3172 -21.4961 1.48 -34.3429
3 0 -22.649 1.6455 -34.935 -22.6245 1.6461 -34.9419 -22.74 1.5916 -34.6643
3 0 -23.657 1.8223 -35.6049 -23.657 1.8275 -35.6292 -23.3 1.7871 -35.4973
4 0 -23.5065 1.2353 -32.3388 -23.482 1.2299 -32.2624 -23.489 1.2295 -32.2555 -23.5205 1.2362 -32.3492
3 0 -25.5015 1.4458 -33.4286 -25.54 1.4144 -33.2759 -25.5435 1.4417 -33.4009
3 0 -25.5435 1.4417 -33.4009 -25.519 1.4443 -33.4182 -25.5015 1.4458 -33.4286
4 0 -23.6605 1.8166 -35.5771 -23.657 1.8223 -35.6049 -23.3 1.7871 -35.4973 -23.6619 1.8101 -35.5459
4 0 -24.3255 1.1114 -30.4402 -24.315 1.1117 -30.4437 -24.294 1.1075 -30.3847 -24.315 1.1075 -30.3847
3 0 -23.79 1.8204 -35.5736 -23.6885 1.83 -35.6361 -23.699 1.8231 -35.6014
3 0 -25.113 1.2897 -32.797 -25.3011 1.2865 -32.741 -25.1375 1.2924 -32.8039
4 0 -24.042 1.1323 -30.7457 -24.0525 1.1321 -30.7422 -24.0805 1.1348 -30.7804 -24.063 1.1353 -30.7873
4 0 -23.4785 1.2655 -32.7865 -23.5415 1.2535 -32.5991 -23.5905 1.2613 -32.7067 -23.482 1.266 -32.7935
4 0 -23.4015 1.2202 -32.134 -23.3945 1.2208 -32.1444 -23.37 1.213 -32.0334 -23.384 1.2129 -32.0299
4 0 -22.9885 1.1744 -31.5301 -23.0165 1.1733 -31.5093 -23.1005 1.1853 -31.6724 -23.069 1.1859 -31.6863
3 0 -25.8305 1.71 -34.5706 -25.7885 1.702 -34.5428 -25.799 1.6987 -34.5254
4 0 -23.2685 1.2428 -32.488 -23.2545 1.2422 -32.4811 -23.4225 1.2306 -32.2833 -23.4505 1.2375 -32.3805
4 0 -25.8095 1.6954 -34.5081 -25.8585 1.7031 -34.5324 -25.8305 1.71 -34.5706 -25.799 1.6987 -34.5254
3 0 -24.3556 2.2618 -37.4291 -24.3563 2.2576 -37.4097 -24.4375 2.2633 -37.418
4 0 -23.9825 1.1585 -31.1309 -23.916 1.1681 -31.2837 -23.9055 1.1676 -31.2767 -23.979 1.158 -31.124
4 0 -25.9705 1.2629 -32.2729 -25.855 1.2651 -32.3284 -25.8445 1.2645 -32.3214 -25.939 1.2606 -32.2486
3 0 -22.607 1.6572 -34.9975 -22.46 1.655 -35.0114 -22.614 1.6516 -34.9697
3 0 -24.91 1.9886 -36.0526 -25.0465 2.0314 -36.2192 -25.0255 2.0282 -36.2088
3 0 -24.259 1.1537 -31.0476 -24.6545 1.163 -31.1726 -24.6475 1.1635 -31.1795
3 0 -24.2149 2.2044 -37.2119 -24.105 2.2085 -37.2674 -24.1813 2.1969 -37.189
3 0 -24.434 1.1418 -30.8741 -24.462 1.1426 -30.8845 -24.497 1.1436 -30.8984
3 0 -24.497 1.1436 -30.8984 -24.6545 1.163 -31.1726 -24.434 1.1418 -30.8741
4 0 -25.68 1.6326 -34.2478 -25.6345 1.6349 -34.2686 -25.6485 1.6303 -34.2443 -25.6625 1.6272 -34.2269
3 0 -23.4883 2.0084 -36.5149 -23.524 2.041 -36.6635 -23.489 2.0354 -36.6427
3 0 -25.827 1.5988 -34.0603 -25.89 1.6275 -34.1784 -25.827 1.6064 -34.0951
4 0 -22.9535 1.2506 -32.6546 -22.9675 1.25 -32.6442 -22.9605 1.2523 -32.6789 -22.9465 1.2524 -32.6824
4 0 -24.4025 1.9795 -36.122 -24.455 1.9813 -36.1186 -24.497 2.0022 -36.2053 -24.413 2.0004 -36.2157
3 0 -24.0455 1.6806 -34.8621 -24.0231 1.6638 -34.7923 -24.098 1.6761 -34.8239
3 0 -26.051 1.5377 -33.7306 -25.96 1.5402 -33.7618 -26.0545 1.5334 -33.7098
4 0 -23.1705 1.2748 -32.974 -23.188 1.274 -32.9601 -23.209 1.2773 -33.0052 -23.188 1.278 -33.0191
4 0 -23.7865 1.3414 -33.3037 -23.545 1.3768 -33.5119 -23.587 1.3607 -33.4286 -23.7935 1.3358 -33.2759
3 0 -23.44 1.1141 -30.5687 -23.356 1.115 -30.5964 -23.37 1.1142 -30.5826
3 0 -23.3455 1.1706 -31.4156 -23.321 1.1796 -31.5509 -23.314 1.1804 -31.5648
3 0 -23.314 1.1804 -31.5648 -23.328 1.1707 -31.419 -23.3455 1.1706 -31.4156
4 0 -23.951 1.1109 -30.4402 -24 1.1236 -30.6207 -23.9855 1.1341 -30.7714 -23.944 1.1099 -30.4264
4 0 -25.2985 2.02 -36.1116 -25.19 2.0322 -36.1914 -25.12 1.9987 -36.0526 -25.288 2.0165 -36.0977
3 0 -24.175 1.109 -30.409 -24.21 1.1105 -30.4298 -24.161 1.1095 -30.416
4 0 -25.4735 2.0594 -36.2539 -25.4385 2.0622 -36.2747 -25.47 2.0456 -36.1914 -25.512 2.0552 -36.2262
4 0 -22.649 1.7664 -35.5077 -22.593 1.7241 -35.3168 -22.67 1.7034 -35.2057 -23.3 1.6845 -35.0114
3 0 -23.615 1.7674 -35.3515 -23.622 1.7728 -35.3758 -23.3 1.7871 -35.4973
4 0 -23.622 1.7647 -35.3376 -23.615 1.7674 -35.3515 -23.3 1.7871 -35.4973 -23.3 1.6845 -35.0114
4 0 -24.1295 1.2346 -32.2243 -24.2485 1.261 -32.5922 -24.245 1.2617 -32.6026 -24.1085 1.233 -32.2034
4 0 -24.084 1.2308 -32.1757 -24.1085 1.233 -32.2034 -24.245 1.2617 -32.6026 -24.014 1.2427 -32.3631
4 0 -22.544 1.5708 -34.5983 -22.6105 1.5468 -34.4734 -22.74 1.5916 -34.6643 -22.516 1.5859 -34.6747
4 0 -26.1665 1.3982 -33.0642 -26.184 1.4043 -33.0885 -26.0895 1.3991 -33.085 -26.079 1.3948 -33.0677
4 0 -22.8905 1.2437 -32.5644 -22.8695 1.2432 -32.5609 -22.859 1.2403 -32.5193 -22.88 1.24 -32.5123
4 0 -23.51 1.897 -35.9832 -23.244 1.9081 -36.0804 -23.195 1.8874 -35.9901 -23.3 1.7871 -35.4973
3 0 -26.45 1.4359 -33.1753 -26.4465 1.438 -33.1857 -26.38 1.4243 -33.1371
4 0 -23.8958 1.0967 -30.2382 -23.9055 1.0961 -30.2285 -23.9405 1.0981 -30.2563 -23.9475 1.0995 -30.2771
4 0 -22.677 1.6861 -35.1224 -22.67 1.6785 -35.0877 -23.3 1.6845 -35.0114 -22.691 1.6939 -35.1571
3 0 -24.056 1.2283 -32.1444 -24.014 1.2427 -32.3631 -24.028 1.2259 -32.1132
4 0 -24.352 1.6548 -34.6413 -24.3325 1.6569 -34.6573 -24.294 1.6193 -34.4977 -24.352 1.6138 -34.4529
3 0 -23.727 1.9471 -36.1845 -23.7305 1.9377 -36.1394 -23.7515 1.9275 -36.0873
3 0 -23.7537 1.9728 -36.3019 -23.7515 1.9275 -36.0873 -23.8005 1.9028 -35.9624
3 0 -25.533 1.4548 -33.4634 -25.19 1.4581 -33.5536 -25.505 1.4542 -33.4668
4 0 -26.198 1.3385 -32.7831 -26.359 1.3787 -32.9323 -26.205 1.3978 -33.0538 -26.163 1.3844 -33.0017
4 0 -26.184 1.3371 -32.7796 -26.198 1.3385 -32.7831 -26.163 1.3844 -33.0017 -26.0895 1.3635 -32.9219
4 0 -23.1635 1.2989 -33.2065 -23.1425 1.3004 -33.2169 -23.139 1.2929 -33.1822 -23.153 1.2905 -33.1683
4 0 -24.07 2.1712 -37.1077 -24.0889 2.162 -37.0592 -24.1043 2.1678 -37.0807 -24.1176 2.1749 -37.1091
4 0 -23.0235 1.1606 -31.3218 -23.0515 1.159 -31.2941 -23.1005 1.1672 -31.4051 -23.0655 1.1684 -31.4294
4 0 -21.452 1.2805 -33.3453 -21.487 1.2853 -33.4092 -21.354 1.2794 -33.3453 -21.34 1.2764 -33.3037
3 0 -24.105 2.2085 -37.2674 -24.2149 2.2044 -37.2119 -24.2499 2.2119 -37.2348
3 0 -24.2499 2.2119 -37.2348 -24.3059 2.2241 -37.2723 -24.105 2.2085 -37.2674
3 0 -23.6255 1.2598 -32.6789 -23.587 1.2528 -32.5818 -23.552 1.2448 -32.4707
4 0 -24.9765 1.1766 -31.3149 -24.9905 1.1778 -31.3288 -24.9835 1.1795 -31.3531 -24.9625 1.1804 -31.3704
3 0 -23.517 1.4498 -33.8625 -23.72 1.5382 -34.2478 -23.482 1.4537 -33.8868
4 0 -23.16 1.1381 -30.9678 -23.1215 1.1383 -30.9782 -23.0935 1.1271 -30.8186 -23.1285 1.1266 -30.8047
4 0 -24.1435 1.0976 -30.2459 -24.0945 1.098 -30.2528 -24.1085 1.0968 -30.2355 -24.14 1.0959 -30.2216
4 0 -23.51 1.117 -30.5999 -23.517 1.1175 -30.6068 -23.468 1.1248 -30.7214 -23.454 1.1253 -30.7318
4 0 -24.903 1.5048 -33.8313 -25.19 1.4581 -33.5536 -25.1375 1.5077 -33.7931 -25.113 1.5103 -33.8104
3 0 -24.7945 1.5903 -34.2478 -24.588 1.5819 -34.2547 -24.644 1.5725 -34.1992
3 0 -24.0805 1.1305 -30.7179 -24.0665 1.1304 -30.7179 -24 1.1236 -30.6207
4 0 -24.5355 1.1166 -30.5097 -24.518 1.1165 -30.5097 -24.497 1.1138 -30.4715 -24.518 1.1144 -30.4784
4 0 -23.5205 1.2438 -32.4603 -23.496 1.2376 -32.3735 -23.51 1.2373 -32.3666 -23.5345 1.2439 -32.4603
4 0 -23.111 1.2779 -33.0295 -23.1285 1.2769 -33.0121 -23.153 1.2795 -33.0469 -23.132 1.2805 -33.0642
3 0 -22.46 1.6702 -35.0835 -22.432 1.6716 -35.0947 -22.46 1.655 -35.0114
4 0 -26.0335 1.2711 -32.37 -26.1035 1.2798 -32.4742 -26.0615 1.2838 -32.5366 -25.981 1.2779 -32.4742
3 0 -26.0615 1.2838 -32.5366 -26.0405 1.2832 -32.5332 -25.981 1.2779 -32.4742
3 0 -23.3 1.7871 -35.4973 -23.16 1.8766 -35.945 -23.1005 1.865 -35.8999
4 0 -24.8365 1.1677 -31.2247 -24.924 1.1607 -31.1101 -24.931 1.1611 -31.1136 -24.8575 1.1686 -31.2316
4 0 -23.44 2.041 -36.6774 -23.3805 2.0579 -36.7676 -23.202 2.0282 -36.6565 -23.335 2.0153 -36.5732
4 0 -23.02 1.2069 -32.0021 -23.0025 1.2079 -32.0195 -22.9395 1.1998 -31.9119 -22.957 1.1979 -31.8806
3 0 -25.4385 1.3649 -33.0712 -25.295 1.38 -33.1718 -25.4385 1.3619 -33.0573
3 0 -23.3 1.6845 -35.0114 -22.67 1.6785 -35.0877 -22.6735 1.6698 -35.0461
3 0 -22.32 1.6501 -35.0114 -22.1695 1.6543 -35.0565 -22.159 1.6517 -35.0461
4 0 -23.8355 1.1637 -31.2316 -23.811 1.1686 -31.308 -23.804 1.1681 -31.301 -23.8355 1.163 -31.2212
4 0 -22.726 1.1518 -31.242 -22.754 1.1514 -31.2316 -22.7505 1.1554 -31.2906 -22.7295 1.1556 -31.2975
4 0 -23.3945 1.17 -31.3982 -23.4085 1.1697 -31.3913 -23.412 1.1787 -31.5232 -23.4015 1.1784 -31.5197
3 0 -22.404 1.6867 -35.171 -22.32 1.694 -35.2196 -22.411 1.6767 -35.1224
4 0 -23.426 1.1796 -31.5336 -23.412 1.1787 -31.5232 -23.4085 1.1697 -31.3913 -23.419 1.1696 -31.3878
4 0 -23.1845 1.2967 -33.1926 -23.1635 1.2989 -33.2065 -23.153 1.2905 -33.1683 -23.167 1.2873 -33.151
4 0 -23.153 1.1663 -31.3843 -23.132 1.1666 -31.3913 -23.076 1.1577 -31.2698 -23.1005 1.156 -31.242
4 0 -24.9625 1.1471 -30.9158 -24.9205 1.1581 -31.0754 -24.8225 1.167 -31.2177 -24.931 1.1453 -30.8984
4 0 -23.3 1.6113 -34.6643 -23.5485 1.5959 -34.5497 -23.566 1.5958 -34.5463 -23.72 1.6261 -34.6643
3 0 -24.9205 1.1581 -31.0754 -24.917 1.1591 -31.0893 -24.8225 1.167 -31.2177
3 0 -23.4883 2.0084 -36.5149 -23.335 2.0153 -36.5732 -23.4799 2.0005 -36.4788
3 0 -26.205 1.4831 -33.446 -26.1175 1.491 -33.5015 -26.114 1.4879 -33.4877
4 0 -22.8695 1.2432 -32.5609 -22.8555 1.2426 -32.554 -22.8485 1.2406 -32.5262 -22.859 1.2403 -32.5193
3 0 -24.3094 2.2582 -37.4278 -24.3199 2.2602 -37.4333 -24.21 2.272 -37.5243
3 0 -22.8555 1.2426 -32.554 -22.8415 1.2417 -32.5436 -22.8485 1.2406 -32.5262
4 0 -25.8305 1.71 -34.5706 -25.799 1.7176 -34.6122 -25.771 1.7034 -34.5532 -25.7885 1.702 -34.5428
3 0 -23.3 1.4502 -33.9007 -23.4015 1.4582 -33.9215 -23.4155 1.4594 -33.925
3 0 -23.4155 1.4594 -33.925 -23.72 1.5382 -34.2478 -23.3 1.4502 -33.9007
4 0 -24.245 1.2617 -32.6026 -24.259 1.2621 -32.6061 -24.352 1.2865 -32.9493 -23.72 1.2732 -32.8594
4 0 -23.0305 1.1392 -31.006 -22.9815 1.1398 -31.0233 -22.9885 1.1302 -30.881 -23.02 1.1291 -30.8602
3 0 -23.867 1.2047 -31.8286 -23.8775 1.2076 -31.8702 -23.72 1.1976 -31.7488
4 0 -23.3 1.7871 -35.4973 -23.1005 1.865 -35.8999 -22.9899 1.8456 -35.8263 -22.8191 1.8113 -35.6923
4 0 -24.224 1.1241 -30.6242 -24.259 1.1324 -30.7422 -24.091 1.1312 -30.7283 -24.0805 1.1305 -30.7179
4 0 -23.153 1.1143 -30.6207 -23.188 1.1147 -30.6207 -23.1775 1.1222 -30.7318 -23.1355 1.1208 -30.7179
4 0 -24.399 1.1297 -30.7006 -24.3465 1.1342 -30.7665 -24.336 1.1337 -30.7596 -24.385 1.1289 -30.6901
4 0 -23.209 1.1232 -30.7422 -23.1775 1.1222 -30.7318 -23.188 1.1147 -30.6207 -23.216 1.1151 -30.6207
4 0 -23.86 1.8185 -35.5528 -23.846 1.7931 -35.4348 -23.888 1.7177 -35.0704 -23.9265 1.7117 -35.0357
3 0 -25.323 2.0069 -36.0457 -25.337 2.0158 -36.0838 -25.3125 2.0147 -36.0838
4 0 -23.86 1.839 -35.65 -23.86 1.8185 -35.5528 -23.9265 1.7117 -35.0357 -23.9685 1.7059 -35.0009
4 0 -23.86 1.839 -35.65 -23.9685 1.7059 -35.0009 -23.9888 1.7031 -34.9845 -23.8545 1.8571 -35.7368
4 0 -22.733 1.2114 -32.1167 -22.74 1.2087 -32.075 -22.761 1.2084 -32.0681 -22.761 1.2122 -32.1236
4 0 -24.2877 2.2465 -37.3813 -24.301 2.2476 -37.3819 -24.308 2.2507 -37.3937 -24.21 2.272 -37.5243
3 0 -23.468 1.2526 -32.5991 -23.4505 1.2519 -32.5922 -23.496 1.2456 -32.4915
3 0 -25.603 1.437 -33.3662 -25.582 1.4383 -33.3766 -25.54 1.4144 -33.2759
3 0 -23.58 1.5897 -34.515 -23.72 1.6261 -34.6643 -23.566 1.5958 -34.5463
4 0 -23.251 2.0036 -36.5316 -23.23 1.975 -36.3997 -23.335 2.0153 -36.5732 -23.272 2.008 -36.5489
4 0 -23.1775 1.2299 -32.3145 -23.1565 1.2304 -32.3249 -23.1495 1.2268 -32.2729 -23.1635 1.226 -32.259
4 0 -23.251 1.9406 -36.2331 -23.51 1.897 -35.9832 -23.335 2.0153 -36.5732 -23.23 1.975 -36.3997
4 0 -22.642 1.1549 -31.301 -22.6525 1.1543 -31.2906 -22.6595 1.1572 -31.3323 -22.649 1.1578 -31.3427
4 0 -22.929 1.1319 -30.9158 -22.957 1.1313 -30.9019 -22.95 1.1399 -31.0303 -22.922 1.1398 -31.0338
4 0 -23.258 1.1155 -30.6207 -23.286 1.1156 -30.6173 -23.237 1.1245 -30.7561 -23.223 1.1239 -30.7492
4 0 -23.8215 1.1692 -31.3149 -23.839 1.1644 -31.242 -23.8425 1.1654 -31.2559 -23.8285 1.1695 -31.3184
4 0 -23.2475 1.1251 -30.763 -23.237 1.1245 -30.7561 -23.286 1.1156 -30.6173 -23.3175 1.1157 -30.6138
4 0 -22.026 1.7364 -35.4695 -22.005 1.7444 -35.5112 -21.963 1.74 -35.4973 -21.9735 1.7316 -35.4556
3 0 -24.352 1.2865 -32.9493 -24.2926 1.2618 -32.5961 -24.294 1.2617 -32.5956
3 0 -23.8565 1.2001 -31.7626 -23.86 1.2022 -31.7939 -23.72 1.1976 -31.7488
4 0 -24.3395 1.1134 -30.468 -24.3745 1.1134 -30.468 -24.385 1.1166 -30.5131 -24.357 1.117 -30.5201
4 0 -25.9565 1.3625 -32.9462 -25.9985 1.3645 -32.9462 -26.0475 1.3872 -33.0399 -26.037 1.3882 -33.0469
3 0 -23.9855 1.1341 -30.7714 -23.9825 1.1346 -30.7804 -23.72 1.1503 -31.0546
4 0 -24.7567 1.9815 -36.0533 -24.742 1.9821 -36.0596 -24.6545 1.9674 -36.011 -24.707 1.9684 -36.004
4 0 -21.557 1.2297 -32.5818 -21.5045 1.2296 -32.5887 -21.508 1.2285 -32.5713 -21.5255 1.2284 -32.5679
4 0 -23.4715 1.2534 -32.6095 -23.468 1.2526 -32.5991 -23.496 1.2456 -32.4915 -23.5415 1.2535 -32.5991
4 0 -21.6585 1.2356 -32.6512 -21.7075 1.239 -32.6928 -21.585 1.2357 -32.6651 -21.5472 1.2333 -32.6359
4 0 -21.998 1.5472 -34.5775 -21.879 1.5525 -34.6226 -21.837 1.54 -34.5706 -21.97 1.5381 -34.5393
4 0 -22.18 1.7638 -35.5736 -22.299 1.7577 -35.525 -22.327 1.7726 -35.591 -22.2115 1.7759 -35.6257
4 0 -23.272 2.0131 -36.5732 -23.335 2.0153 -36.5732 -23.202 2.0282 -36.6565 -23.258 2.0148 -36.5837
3 0 -23.4295 1.4584 -33.918 -23.72 1.5382 -34.2478 -23.4155 1.4594 -33.925
4 0 -24.903 1.5048 -33.8313 -25.113 1.5103 -33.8104 -25.0955 1.5147 -33.8347 -24.903 1.5093 -33.8521
4 0 -23.349 1.1586 -31.2385 -23.335 1.1594 -31.2524 -23.3665 1.152 -31.1379 -23.3805 1.1519 -31.1344
3 0 -21.984 1.751 -35.5459 -21.963 1.7547 -35.5667 -21.9595 1.7487 -35.5389
3 0 -23.4365 1.1511 -31.1136 -23.482 1.1429 -30.9852 -23.496 1.143 -30.9852
4 0 -26.1665 1.3982 -33.0642 -26.079 1.3948 -33.0677 -26.0685 1.3912 -33.0538 -26.149 1.3921 -33.0399
3 0 -23.86 1.2022 -31.7939 -23.867 1.2047 -31.8286 -23.72 1.1976 -31.7488
4 0 -25.575 1.314 -32.8074 -25.659 1.3279 -32.8525 -25.554 1.3455 -32.9566 -25.561 1.3156 -32.8178
3 0 -25.659 1.3279 -32.8525 -25.61 1.3369 -32.9045 -25.554 1.3455 -32.9566
3 0 -23.9825 2.1595 -37.0835 -23.944 2.1771 -37.1772 -23.958 2.154 -37.0661
4 0 -21.6095 1.2327 -32.6165 -21.6585 1.2356 -32.6512 -21.5472 1.2333 -32.6359 -21.529 1.2315 -32.613
3 0 -22.32 1.6501 -35.0114 -22.0155 1.5939 -34.7962 -22.019 1.5897 -34.7753
3 0 -26.205 1.4831 -33.446 -26.121 1.5048 -33.564 -26.121 1.4988 -33.5362
3 0 -26.044 1.3946 -33.0746 -25.96 1.4193 -33.2065 -26.037 1.3913 -33.0607
3 0 -23.1215 1.2506 -32.6269 -23.09 1.2502 -32.6269 -23.1005 1.2442 -32.5366
4 0 -23.1775 1.1841 -31.6412 -23.1565 1.1846 -31.6516 -23.0865 1.1715 -31.4711 -23.118 1.1709 -31.4572
4 0 -22.957 1.1979 -31.8806 -22.9815 1.1963 -31.8529 -23.0375 1.2064 -31.9917 -23.02 1.2069 -32.0021
3 0 -23.405 1.1999 -31.8355 -23.3875 1.1997 -31.8355 -23.398 1.1927 -31.7314
4 0 -23.181 1.966 -36.365 -23.251 1.9406 -36.2331 -23.23 1.975 -36.3997 -23.153 1.979 -36.4316
4 0 -23.4225 1.2001 -31.8355 -23.405 1.1999 -31.8355 -23.398 1.1927 -31.7314 -23.412 1.1924 -31.7245
3 0 -23.272 2.008 -36.5489 -23.335 2.0153 -36.5732 -23.272 2.0131 -36.5732
3 0 -23.629 1.2608 -32.6928 -23.72 1.2732 -32.8594 -23.6185 1.2612 -32.6998
4 0 -23.1215 1.2612 -32.7831 -23.16 1.259 -32.7449 -23.1985 1.2673 -32.8594 -23.153 1.2682 -32.8803
3 0 -25.561 1.3156 -32.8178 -25.449 1.3405 -32.9566 -25.547 1.3142 -32.8143
3 0 -25.295 1.38 -33.1718 -25.197 1.3239 -32.9358 -25.218 1.3317 -32.967
3 0 -25.218 1.3317 -32.967 -25.239 1.3403 -33.0017 -25.295 1.38 -33.1718
4 0 -24.903 1.5093 -33.8521 -25.0955 1.5147 -33.8347 -25.0535 1.5271 -33.9007 -24.8855 1.5176 -33.8937
4 0 -24.8855 1.5176 -33.8937 -25.0535 1.5271 -33.9007 -24.9835 1.5457 -34.0013 -24.854 1.5266 -33.9423
4 0 -22.593 1.7241 -35.3168 -22.544 1.7268 -35.3376 -22.509 1.705 -35.2404 -22.495 1.6855 -35.1502
4 0 -24.406 1.1764 -31.3704 -24.3465 1.1776 -31.3878 -24.21 1.1694 -31.2733 -24.259 1.1537 -31.0476
3 0 -25.3011 1.2865 -32.741 -25.2145 1.2744 -32.5956 -25.274 1.2723 -32.554
4 0 -23.2615 1.2571 -32.6998 -23.3 1.2569 -32.6894 -23.349 1.2662 -32.8178 -23.3 1.2663 -32.8282
3 0 -24.105 2.2085 -37.2674 -23.958 2.2174 -37.3577 -23.958 2.2114 -37.3299
4 0 -24.3115 1.6772 -34.758 -24.3325 1.6773 -34.751 -24.3395 1.6891 -34.8031 -24.28 1.6999 -34.8725
4 0 -24.343 1.7045 -34.8725 -24.28 1.6999 -34.8725 -24.3395 1.6891 -34.8031 -24.343 1.6969 -34.8378
4 0 -23.0025 1.1875 -31.721 -22.971 1.1879 -31.7314 -22.915 1.1804 -31.6307 -22.936 1.1783 -31.596
3 0 -24.259 1.1537 -31.0476 -24.21 1.1694 -31.2733 -24.2065 1.1684 -31.2594
4 0 -22.9815 1.1963 -31.8529 -23.013 1.1948 -31.8251 -23.0585 1.2061 -31.9848 -23.0375 1.2064 -31.9917
4 0 -24.147 1.1698 -31.2802 -24.245 1.1781 -31.3982 -24.217 1.1781 -31.3982 -24.1225 1.1695 -31.2767
3 0 -25.6905 1.7184 -34.64 -25.666 1.7127 -34.6191 -25.645 1.7042 -34.5844
3 0 -23.2265 1.1407 -30.9956 -23.3315 1.1518 -31.1414 -23.2125 1.1412 -31.006
3 0 -24.098 1.1644 -31.2038 -24.0875 1.1639 -31.1969 -24.259 1.1537 -31.0476
3 0 -24.352 1.2865 -32.9493 -24.315 1.2613 -32.5887 -24.3395 1.2608 -32.5818
3 0 -24.0175 1.1064 -30.3743 -24.0245 1.105 -30.3535 -24.182 1.103 -30.3222
3 0 -25.302 1.3607 -33.0816 -25.295 1.38 -33.1718 -25.288 1.3585 -33.0746
4 0 -23.1005 1.2288 -32.311 -23.1145 1.2283 -32.3006 -23.118 1.2316 -32.3492 -23.097 1.2319 -32.3562
4 0 -22.46 1.655 -35.0114 -22.432 1.6716 -35.0947 -22.411 1.6767 -35.1224 -22.32 1.694 -35.2196
4 0 -23.51 1.125 -30.7179 -23.552 1.1177 -30.6034 -23.5695 1.1174 -30.5964 -23.5205 1.1256 -30.7249
4 0 -24.252 1.1154 -30.4993 -24.3255 1.1131 -30.4645 -24.3325 1.1175 -30.527 -24.308 1.1179 -30.534
4 0 -22.754 1.189 -31.7835 -22.7715 1.1882 -31.7696 -22.7855 1.1926 -31.8321 -22.7645 1.1929 -31.839
3 0 -26.45 1.4729 -33.3453 -26.345 1.474 -33.3731 -26.331 1.4688 -33.3523
3 0 -24.91 1.9886 -36.0526 -24.84 2.0246 -36.2331 -24.791 2.0192 -36.2192
4 0 -22.754 1.1675 -31.4676 -22.7715 1.1672 -31.4607 -22.7925 1.1712 -31.5162 -22.7645 1.1711 -31.5197
4 0 -22.677 1.1564 -31.3184 -22.6595 1.1572 -31.3323 -22.6525 1.1543 -31.2906 -22.6665 1.1537 -31.2802
4 0 -21.984 1.2724 -33.1371 -21.991 1.2793 -33.2371 -21.83 1.277 -33.2308 -21.837 1.2745 -33.1926
4 0 -22.999 1.1133 -30.6311 -23.027 1.1127 -30.6173 -23.0095 1.1179 -30.6971 -22.9955 1.118 -30.7006
3 0 -23.5765 1.4409 -33.8104 -23.72 1.5382 -34.2478 -23.5415 1.4463 -33.8417
3 0 -23.72 1.2732 -32.8594 -23.6605 1.2832 -33.0156 -23.65 1.2807 -32.9809
4 0 -21.634 1.3213 -33.5675 -21.508 1.3285 -33.623 -21.473 1.3097 -33.5397 -21.613 1.3161 -33.5467
3 0 -22.642 1.6936 -35.1641 -22.593 1.7241 -35.3168 -22.628 1.6843 -35.1224
4 0 -25.89 1.6275 -34.1784 -25.8375 1.5865 -34.0013 -26.1 1.562 -33.8313 -26.03 1.6342 -34.1784
4 0 -22.8555 1.2076 -32.0403 -22.8765 1.2067 -32.023 -22.901 1.2121 -32.0993 -22.8765 1.2126 -32.1097
4 0 -23.0935 1.1924 -31.7765 -23.1355 1.1909 -31.7488 -23.1915 1.2048 -31.9431 -23.1565 1.2054 -31.957
3 0 -23.825 1.1725 -31.3635 -23.72 1.1976 -31.7488 -23.811 1.1717 -31.3531
4 0 -23.524 2.041 -36.6635 -23.4883 2.0084 -36.5149 -23.608 2.041 -36.6496 -23.643 2.0679 -36.7711
4 0 -23.4715 1.1373 -30.9053 -23.44 1.1278 -30.77 -23.461 1.128 -30.77 -23.4785 1.1374 -30.9053
4 0 -21.5045 1.2509 -32.9011 -21.543 1.2556 -32.9636 -21.424 1.2528 -32.9427 -21.41 1.2489 -32.8872
3 0 -23.433 1.1917 -31.7106 -23.44 1.1911 -31.7002 -23.447 1.2013 -31.8494
3 0 -23.72 1.5382 -34.2478 -23.573 1.5763 -34.4525 -23.559 1.5692 -34.4213
4 0 -23.4225 1.1684 -31.3704 -23.4295 1.1605 -31.2524 -23.72 1.1503 -31.0546 -23.426 1.1692 -31.3808
4 0 -24.352 2.2619 -37.4305 -24.3556 2.2618 -37.4291 -24.4067 2.2805 -37.5041 -24.352 2.2798 -37.5126
4 0 -25.274 2.0657 -36.3268 -25.225 2.0656 -36.3372 -25.19 2.0322 -36.1914 -25.3615 2.0654 -36.306
4 0 -22.782 1.2082 -32.0611 -22.7925 1.2128 -32.1271 -22.761 1.2122 -32.1236 -22.761 1.2084 -32.0681
3 0 -23.6185 1.2612 -32.6998 -23.72 1.2732 -32.8594 -23.608 1.2615 -32.7067
4 0 -24.945 1.1616 -31.1171 -24.882 1.1697 -31.242 -24.8575 1.1686 -31.2316 -24.931 1.1611 -31.1136
4 0 -25.722 1.312 -32.7657 -25.659 1.3279 -32.8525 -25.61 1.3074 -32.7692 -25.624 1.3035 -32.7484
4 0 -23.3805 1.167 -31.3566 -23.3875 1.1612 -31.2698 -23.4015 1.1611 -31.2663 -23.398 1.1675 -31.36
4 0 -21.354 1.269 -33.1926 -21.368 1.2682 -33.1787 -21.382 1.2689 -33.1857 -21.403 1.2724 -33.2343
3 0 -23.2195 1.1841 -31.6342 -23.2125 1.1838 -31.6307 -23.1775 1.1702 -31.4364
4 0 -23.223 1.1846 -31.6412 -23.2195 1.1841 -31.6342 -23.1775 1.1702 -31.4364 -23.307 1.1818 -31.5856
4 0 -22.299 1.7577 -35.525 -22.18 1.7638 -35.5736 -22.152 1.7511 -35.5181 -22.2745 1.7378 -35.4348
3 0 -23.72 1.5382 -34.2478 -23.615 1.4349 -33.7757 -23.6605 1.4255 -33.7237
3 0 -22.6665 1.6491 -34.9489 -23.3 1.6845 -35.0114 -22.677 1.6538 -34.9697
3 0 -24.6755 1.2627 -32.554 -24.8575 1.2707 -32.6234 -24.6825 1.2641 -32.5713
3 0 -26.555 1.4757 -33.3349 -26.5585 1.4811 -33.3592 -26.45 1.4729 -33.3453
3 0 -23.454 1.1253 -30.7318 -23.447 1.126 -30.7422 -23.51 1.117 -30.5999
4 0 -24.777 1.9876 -36.0769 -24.7945 1.9861 -36.0665 -24.91 1.9886 -36.0526 -24.77 2.0001 -36.1359
3 0 -24.0665 1.1428 -30.8949 -24.259 1.1537 -31.0476 -24.0595 1.1433 -30.9019
4 0 -24.4095 1.1101 -30.4194 -24.399 1.1103 -30.4229 -24.399 1.1086 -30.3986 -24.413 1.1086 -30.3986
4 0 -22.18 1.6891 -35.2196 -22.32 1.694 -35.2196 -22.3144 1.7026 -35.2613 -22.299 1.702 -35.2613
4 0 -23.3525 1.2837 -33.0746 -23.321 1.2845 -33.092 -23.2825 1.2784 -33.0087 -23.321 1.2777 -32.9913
4 0 -25.225 2.0656 -36.3372 -25.19 2.0647 -36.3407 -25.148 2.062 -36.3372 -25.19 2.0322 -36.1914
3 0 -25.3011 1.2865 -32.741 -25.134 1.2772 -32.6512 -25.2145 1.2744 -32.5956
4 0 -25.526 1.3638 -33.0469 -25.596 1.3611 -33.0191 -25.736 1.3595 -32.9809 -25.96 1.4193 -33.2065
4 0 -25.7675 1.4313 -33.3037 -25.96 1.4193 -33.2065 -25.9145 1.4413 -33.3176 -25.89 1.4409 -33.3211
4 0 -23.8705 1.1714 -31.3392 -23.895 1.1691 -31.301 -23.909 1.1695 -31.3045 -23.8845 1.1718 -31.3427
3 0 -25.5106 1.2865 -32.695 -25.5995 1.2925 -32.7032 -25.582 1.2955 -32.7206
4 0 -24.427 1.9588 -36.0214 -24.525 1.9627 -36.0179 -24.5495 1.9729 -36.0596 -24.504 1.9723 -36.0665
3 0 -24.5495 1.9729 -36.0596 -24.5285 1.9727 -36.063 -24.504 1.9723 -36.0665
3 0 -25.4525 1.3596 -33.0434 -25.4385 1.3619 -33.0573 -25.295 1.38 -33.1718
4 0 -23.5205 1.2369 -32.3596 -23.5205 1.2362 -32.3492 -23.72 1.1976 -31.7488 -23.552 1.2448 -32.4707
4 0 -23.4505 1.2021 -31.8598 -23.72 1.1976 -31.7488 -23.5205 1.2362 -32.3492 -23.468 1.2207 -32.1306
4 0 -23.839 1.1701 -31.3253 -23.8495 1.1664 -31.2698 -23.86 1.1673 -31.2802 -23.853 1.1707 -31.3323
3 0 -22.915 1.4821 -34.1159 -23.027 1.4662 -34.0222 -23.153 1.4509 -33.9285
3 0 -23.622 1.6812 -34.9419 -23.594 1.6656 -34.8725 -23.58 1.6519 -34.81
4 0 -22.831 1.1837 -31.6932 -22.8625 1.1824 -31.6689 -22.8975 1.1885 -31.7522 -22.873 1.1889 -31.7626
4 0 -23.0655 1.2308 -32.3457 -23.069 1.2299 -32.3319 -23.083 1.2293 -32.3214 -23.076 1.2316 -32.3562
4 0 -23.545 1.3768 -33.5119 -23.608 1.4193 -33.7028 -23.573 1.4276 -33.748 -23.5345 1.435 -33.7896
4 0 -23.335 1.1157 -30.6103 -23.356 1.115 -30.5964 -23.44 1.1141 -30.5687 -23.37 1.1274 -30.7769
4 0 -24.308 2.2394 -37.3417 -24.3276 2.231 -37.2966 -24.352 2.238 -37.3208 -24.3227 2.2444 -37.3597
4 0 -23.398 1.1675 -31.36 -23.4015 1.1611 -31.2663 -23.4155 1.1608 -31.2594 -23.412 1.1679 -31.3635
4 0 -23.027 1.1127 -30.6173 -23.0585 1.1128 -30.6138 -23.0585 1.1185 -30.6971 -23.034 1.1182 -30.6971
4 0 -23.6255 1.1084 -30.4541 -23.587 1.1148 -30.5548 -23.5625 1.1143 -30.5513 -23.594 1.108 -30.4541
3 0 -25.7115 1.4399 -33.3558 -25.7395 1.439 -33.3453 -25.8165 1.448 -33.3696
4 0 -23.3 1.6845 -35.0114 -23.72 1.7499 -35.2508 -23.657 1.7689 -35.3515 -23.636 1.7652 -35.3376
4 0 -23.426 1.1512 -31.1171 -23.419 1.1587 -31.2281 -23.4015 1.158 -31.2212 -23.412 1.1515 -31.124
4 0 -22.964 1.2103 -32.0611 -22.9325 1.2113 -32.082 -22.894 1.2057 -32.0056 -22.9115 1.2042 -31.9813
4 0 -23.0375 1.2508 -32.6442 -23.0095 1.2512 -32.6546 -23.0165 1.2477 -32.6026 -23.0445 1.2464 -32.5783
3 0 -25.617 1.4664 -33.4981 -25.5995 1.4489 -33.4217 -25.6205 1.4469 -33.4078
4 0 -22.46 1.655 -35.0114 -22.32 1.6501 -35.0114 -22.348 1.6086 -34.81 -22.481 1.6147 -34.817
4 0 -25.7395 1.4564 -33.4252 -25.617 1.4664 -33.4981 -25.6205 1.4469 -33.4078 -25.638 1.4455 -33.3974
3 0 -23.951 1.6906 -34.9315 -23.9195 1.6954 -34.9593 -23.72 1.6261 -34.6643
4 0 -23.447 1.2304 -32.2763 -23.4575 1.2303 -32.2729 -23.4785 1.2355 -32.3457 -23.468 1.2358 -32.3527
4 0 -23.965 1.9913 -36.3164 -23.839 1.9867 -36.3372 -23.797 1.9833 -36.3358 -23.7537 1.9728 -36.3019
3 0 -26.0895 1.4867 -33.4877 -26.086 1.4895 -33.5015 -26.03 1.468 -33.4148
3 0 -23.279 1.2075 -31.9674 -23.356 1.2126 -32.0299 -23.265 1.208 -31.9778
4 0 -24.8575 1.2707 -32.6234 -24.352 1.2865 -32.9493 -24.658 1.2647 -32.5852 -24.6755 1.265 -32.5852
3 0 -24.0875 1.9352 -36.0179 -24.217 1.959 -36.0838 -24.1855 1.9567 -36.0838
3 0 -23.965 1.1711 -31.3184 -23.972 1.1709 -31.3149 -23.9825 1.1748 -31.3704
3 0 -23.9825 1.1748 -31.3704 -23.979 1.1745 -31.367 -23.965 1.1711 -31.3184
3 0 -23.3 1.5234 -34.2478 -23.44 1.5467 -34.3345 -23.412 1.5457 -34.3345
4 0 -23.4505 1.2375 -32.3805 -23.468 1.2377 -32.3805 -23.503 1.2445 -32.4742 -23.496 1.2456 -32.4915
3 0 -25.2705 1.3524 -33.0503 -25.295 1.38 -33.1718 -25.2565 1.3472 -33.0295
3 0 -25.96 1.4193 -33.2065 -25.736 1.3595 -32.9809 -25.8445 1.3601 -32.9601
3 0 -25.8445 1.3601 -32.9601 -25.9075 1.3609 -32.9497 -25.96 1.4193 -33.2065
3 0 -23.769 1.786 -35.414 -23.706 1.7911 -35.4487 -23.692 1.7818 -35.407
3 0 -23.517 1.1163 -30.5895 -23.51 1.117 -30.5999 -23.44 1.1141 -30.5687
4 0 -21.592 1.2727 -33.2065 -21.5472 1.2681 -33.1475 -21.7425 1.2727 -33.1822 -21.809 1.2775 -33.2412
4 0 -23.384 1.1931 -31.7383 -23.398 1.1927 -31.7314 -23.3875 1.1997 -31.8355 -23.3735 1.2 -31.8425
4 0 -23.5275 1.1264 -30.7353 -23.587 1.1171 -30.5895 -23.601 1.1166 -30.5791 -23.72 1.1503 -31.0546
4 0 -26.0615 1.2838 -32.5366 -26.1035 1.2798 -32.4742 -26.1512 1.2865 -32.5544 -26.0825 1.2854 -32.554
3 0 -26.1512 1.2865 -32.5544 -26.0908 1.2865 -32.5677 -26.0825 1.2854 -32.554
4 0 -23.2615 1.2299 -32.3006 -23.391 1.222 -32.1618 -23.4225 1.2306 -32.2833 -23.2615 1.2307 -32.311
4 0 -23.993 1.914 -35.952 -23.9097 1.9185 -36.0005 -23.8915 1.9134 -35.9832 -23.9755 1.9052 -35.9172
4 0 -22.908 1.229 -32.3457 -22.894 1.23 -32.3631 -22.8695 1.2262 -32.311 -22.8835 1.2249 -32.2902
3 0 -25.96 1.4193 -33.2065 -25.953 1.4447 -33.3245 -25.9355 1.4423 -33.3176
3 0 -25.0115 1.1664 -31.1691 -25.0185 1.1745 -31.2767 -25.0045 1.1658 -31.1622
3 0 -26.0405 1.2832 -32.5332 -26.037 1.2846 -32.554 -25.981 1.2779 -32.4742
4 0 -26.625 1.5198 -33.5224 -26.5865 1.5286 -33.571 -26.576 1.5258 -33.5605 -26.618 1.5134 -33.4946
3 0 -26.0825 1.4078 -33.1267 -25.96 1.4193 -33.2065 -26.072 1.4043 -33.1128
3 0 -23.8565 1.1989 -31.7453 -23.8565 1.2001 -31.7626 -23.72 1.1976 -31.7488
4 0 -24.728 1.2518 -32.3943 -24.6335 1.26 -32.5262 -24.6055 1.2588 -32.5158 -24.672 1.2468 -32.3388
4 0 -24.567 1.2574 -32.5054 -24.6405 1.2428 -32.2902 -24.672 1.2468 -32.3388 -24.6055 1.2588 -32.5158
4 0 -21.8706 1.4151 -33.9729 -21.529 1.3513 -33.7271 -21.508 1.3285 -33.623 -21.879 1.3936 -33.8694
4 0 -23.748 2.1448 -37.0939 -23.6338 2.1104 -36.9739 -23.832 2.1267 -36.9828 -23.944 2.1771 -37.1772
3 0 -23.51 1.1404 -30.9435 -23.72 1.1503 -31.0546 -23.51 1.1425 -30.9748
4 0 -21.634 1.3213 -33.5675 -21.9 1.3716 -33.7618 -21.879 1.3936 -33.8694 -21.508 1.3285 -33.623
4 0 -23.9055 1.1725 -31.3496 -23.9265 1.1702 -31.3114 -23.9405 1.1705 -31.3149 -23.93 1.1733 -31.3566
4 0 -22.8275 1.23 -32.3735 -22.838 1.2294 -32.3631 -22.845 1.2325 -32.4082 -22.824 1.2325 -32.4117
4 0 -22.901 1.2235 -32.2659 -22.9185 1.222 -32.2416 -22.943 1.2275 -32.318 -22.9255 1.228 -32.3284
4 0 -22.6525 1.1365 -31.0303 -22.67 1.1358 -31.0164 -22.6735 1.1394 -31.0685 -22.6525 1.1399 -31.0789
4 0 -23.5205 1.2369 -32.3596 -23.552 1.2448 -32.4707 -23.5345 1.2439 -32.4603 -23.51 1.2373 -32.3666
4 0 -24.007 1.2171 -31.9882 -23.9825 1.2138 -31.9431 -23.965 1.2108 -31.9015 -24.188 1.2183 -31.9749
4 0 -22.817 1.1708 -31.5058 -22.7925 1.1712 -31.5162 -22.7715 1.1672 -31.4607 -22.782 1.1668 -31.4537
4 0 -22.936 1.1511 -31.1969 -22.95 1.151 -31.1934 -22.9815 1.1582 -31.2941 -22.964 1.1585 -31.301
4 0 -23.79 1.7501 -35.2404 -23.741 1.7279 -35.1432 -23.853 1.7128 -35.053 -23.8495 1.7171 -35.0738
4 0 -26.037 1.3913 -33.0607 -25.96 1.4193 -33.2065 -25.9075 1.3609 -32.9497 -26.037 1.3882 -33.0469
4 0 -25.036 1.1656 -31.1518 -25.0325 1.1642 -31.1344 -25.106 1.1692 -31.1865 -25.1025 1.171 -31.2108
3 0 -24.5495 1.1447 -30.9123 -24.581 1.145 -30.9158 -24.6545 1.163 -31.1726
4 0 -23.4365 1.2007 -31.8425 -23.4225 1.2001 -31.8355 -23.412 1.1924 -31.7245 -23.426 1.1921 -31.7175
3 0 -22.656 1.7 -35.1918 -22.593 1.7241 -35.3168 -22.642 1.6936 -35.1641
3 0 -25.6485 1.2866 -32.6651 -25.631 1.288 -32.6755 -25.5106 1.2865 -32.695
4 0 -23.251 2.0036 -36.5316 -23.2265 2.0027 -36.5316 -23.153 1.979 -36.4316 -23.23 1.975 -36.3997
3 0 -23.944 2.1469 -37.0383 -23.944 2.1492 -37.0487 -23.832 2.1267 -36.9828
3 0 -25.827 1.6064 -34.0951 -25.89 1.6275 -34.1784 -25.827 1.6132 -34.1263
3 0 -25.47 2.0456 -36.1914 -25.358 2.0252 -36.122 -25.3685 2.0234 -36.1116
4 0 -24.147 1.2358 -32.2381 -24.259 1.2602 -32.5783 -24.2485 1.261 -32.5922 -24.1295 1.2346 -32.2243
4 0 -25.498 2.0318 -36.122 -25.47 2.0456 -36.1914 -25.3685 2.0234 -36.1116 -25.463 2.0256 -36.1012
4 0 -23.426 1.1796 -31.5336 -23.72 1.1976 -31.7488 -23.44 1.1911 -31.7002 -23.4225 1.1805 -31.5474
4 0 -26.142 1.5693 -33.8556 -26.1 1.562 -33.8313 -26.079 1.5436 -33.7514 -26.0895 1.5396 -33.7306
4 0 -25.778 1.6229 -34.1818 -25.89 1.6275 -34.1784 -26.03 1.6342 -34.1784 -25.68 1.6326 -34.2478
4 0 -23.4295 1.1605 -31.2524 -23.4225 1.1684 -31.3704 -23.412 1.1679 -31.3635 -23.4155 1.1608 -31.2594
4 0 -23.608 1.2615 -32.7067 -23.72 1.2732 -32.8594 -23.482 1.266 -32.7935 -23.5905 1.2613 -32.7067
4 0 -23.1005 1.2288 -32.311 -23.097 1.2319 -32.3562 -23.076 1.2316 -32.3562 -23.083 1.2293 -32.3214
4 0 -23.447 1.1375 -30.9123 -23.433 1.1376 -30.9158 -23.4155 1.1372 -30.9123 -23.433 1.1272 -30.763
3 0 -23.986 1.1351 -30.7873 -23.72 1.1503 -31.0546 -23.9825 1.1346 -30.7804
4 0 -24.0945 1.098 -30.2528 -24.1435 1.0976 -30.2459 -24.1505 1.0996 -30.2736 -24.0805 1.0997 -30.2771
4 0 -23.3805 1.1885 -31.6724 -23.3595 1.1885 -31.6759 -23.37 1.1816 -31.5717 -23.391 1.1813 -31.5648
4 0 -23.2335 1.1387 -30.9643 -23.307 1.1371 -30.9296 -23.307 1.1378 -30.94 -23.237 1.1392 -30.9713
4 0 -24.3045 1.7697 -35.1849 -24.21 1.7855 -35.289 -24.3325 1.7415 -35.0461 -24.322 1.7558 -35.1155
4 0 -22.649 1.6455 -34.935 -22.74 1.5916 -34.6643 -23.3 1.6113 -34.6643 -23.3 1.6845 -35.0114
4 0 -24.1855 1.9567 -36.0838 -24.175 1.9559 -36.0838 -24.042 1.9304 -36.011 -24.0875 1.9352 -36.0179
4 0 -23.4785 1.1374 -30.9053 -23.461 1.128 -30.77 -23.475 1.1279 -30.7665 -23.489 1.1375 -30.9053
3 0 -24.2695 1.61 -34.463 -24.238 1.6153 -34.4977 -24.2135 1.6188 -34.522
4 0 -22.2696 1.7261 -35.38 -22.131 1.7386 -35.4626 -22.11 1.7159 -35.3584 -22.2696 1.7165 -35.3348
4 0 -21.865 1.4597 -34.1853 -21.7355 1.4618 -34.2165 -21.732 1.4492 -34.1575 -21.7355 1.4395 -34.111
4 0 -21.8755 1.4792 -34.2755 -21.7355 1.4764 -34.2859 -21.7355 1.4618 -34.2165 -21.865 1.4597 -34.1853
4 0 -23.3805 1.1885 -31.6724 -23.391 1.1813 -31.5648 -23.405 1.1812 -31.5613 -23.4015 1.189 -31.6759
3 0 -23.5485 1.5959 -34.5497 -23.3 1.6113 -34.6643 -23.5345 1.5888 -34.5185
4 0 -21.788 1.55 -34.6261 -21.6515 1.5745 -34.7649 -21.6025 1.5574 -34.692 -21.753 1.5378 -34.574
4 0 -23.083 1.2419 -32.5054 -23.055 1.2425 -32.5193 -23.0165 1.2359 -32.429 -23.0445 1.235 -32.4117
3 0 -24.352 1.5997 -34.3881 -24.352 1.2865 -32.9493 -24.3605 1.5982 -34.3797
4 0 -22.782 1.2082 -32.0611 -22.8065 1.208 -32.0542 -22.8205 1.2129 -32.1236 -22.7925 1.2128 -32.1271
3 0 -25.89 1.6728 -34.3866 -25.82 1.6891 -34.4768 -25.82 1.6869 -34.4664
3 0 -24.231 1.966 -36.1116 -24.21 1.9819 -36.1914 -24.203 1.9625 -36.1047
3 0 -25.505 1.4542 -33.4668 -25.19 1.4581 -33.5536 -25.484 1.4525 -33.4634
4 0 -22.3585 1.8228 -35.8235 -22.3375 1.8147 -35.7888 -22.439 1.8212 -35.8027 -22.46 1.8337 -35.8582
3 0 -22.3375 1.8147 -35.7888 -22.4145 1.8094 -35.7506 -22.439 1.8212 -35.8027
4 0 -23.132 1.2275 -32.2867 -23.1495 1.2268 -32.2729 -23.1565 1.2304 -32.3249 -23.1355 1.2311 -32.3388
4 0 -21.4555 1.2456 -32.8317 -21.4835 1.2483 -32.8664 -21.41 1.247 -32.8594 -21.41 1.2448 -32.8282
4 0 -24.9975 1.1652 -31.1552 -25.0185 1.1745 -31.2767 -24.98 1.1733 -31.2698 -24.987 1.1643 -31.1448
4 0 -23.1215 1.1383 -30.9782 -23.0725 1.1387 -30.9921 -23.0585 1.1279 -30.8359 -23.0935 1.1271 -30.8186
4 0 -25.008 1.1595 -31.0754 -25.071 1.159 -31.0546 -25.0815 1.1607 -31.0754 -25.022 1.1613 -31.0962
3 0 -23.79 1.8204 -35.5736 -23.51 1.897 -35.9832 -23.6885 1.83 -35.6361
3 0 -23.993 1.1328 -30.7526 -23.9855 1.1341 -30.7714 -24 1.1236 -30.6207
3 0 -24.1015 1.1404 -30.8602 -24.1085 1.1402 -30.8567 -24.259 1.1537 -31.0476
3 0 -24.259 1.1537 -31.0476 -24.0945 1.1409 -30.8672 -24.1015 1.1404 -30.8602
4 0 -24.343 1.1112 -30.4368 -24.3255 1.1114 -30.4402 -24.315 1.1075 -30.3847 -24.3395 1.1078 -30.3882
4 0 -24.805 1.2566 -32.4429 -24.6755 1.2627 -32.554 -24.658 1.2614 -32.5401 -24.77 1.255 -32.429
3 0 -23.44 1.1141 -30.5687 -23.37 1.1142 -30.5826 -23.3945 1.1128 -30.5583
4 0 -23.552 1.2448 -32.4707 -23.587 1.2528 -32.5818 -23.5765 1.252 -32.5713 -23.5415 1.2454 -32.4811
4 0 -24.973 1.1633 -31.1344 -24.9485 1.1721 -31.2594 -24.9065 1.1706 -31.249 -24.9555 1.1622 -31.124
4 0 -22.9675 1.219 -32.1896 -22.9955 1.2182 -32.1722 -23.0375 1.2262 -32.2833 -23.0025 1.2268 -32.2972
4 0 -24 1.9364 -36.0526 -23.9265 1.9235 -36.0179 -24.014 1.9231 -35.9867 -24.042 1.9304 -36.011
4 0 -21.76 1.5044 -34.4144 -21.746 1.4892 -34.345 -21.8895 1.4987 -34.3658 -21.907 1.511 -34.4213
4 0 -23.9055 1.0961 -30.2285 -23.916 1.0954 -30.2181 -23.937 1.0966 -30.2355 -23.9405 1.0981 -30.2563
4 0 -24.4235 1.1087 -30.3986 -24.434 1.1087 -30.3986 -24.434 1.1094 -30.409 -24.4235 1.1099 -30.416
4 0 -24.021 1.1391 -30.8429 -24.014 1.1403 -30.8602 -23.993 1.1349 -30.7839 -24 1.1345 -30.7769
4 0 -24.343 1.7196 -34.9419 -24.3395 1.7284 -34.9836 -24.28 1.6999 -34.8725 -24.343 1.7045 -34.8725
4 0 -22.8275 1.191 -31.8008 -22.81 1.1917 -31.8147 -22.7855 1.1874 -31.7557 -22.7925 1.1866 -31.7418
4 0 -22.6315 1.1588 -31.36 -22.6245 1.1591 -31.367 -22.6 1.1572 -31.3427 -22.6105 1.1564 -31.3288
4 0 -24.028 1.163 -31.1899 -23.9685 1.1706 -31.3114 -23.9615 1.1703 -31.308 -24.014 1.1617 -31.1726
4 0 -24.798 1.1696 -31.2594 -24.7735 1.1764 -31.3566 -24.7493 1.1752 -31.3463 -24.791 1.1688 -31.249
4 0 -24.0805 1.0997 -30.2771 -24.1505 1.0996 -30.2736 -24.161 1.101 -30.2945 -24.0595 1.1014 -30.3014
3 0 -23.489 1.5521 -34.3519 -23.468 1.5491 -34.3415 -23.3 1.5234 -34.2478
3 0 -23.405 1.5542 -34.3762 -23.3 1.6113 -34.6643 -23.391 1.5508 -34.3623
4 0 -24.0805 1.1305 -30.7179 -24 1.1236 -30.6207 -24.196 1.1231 -30.6103 -24.224 1.1241 -30.6242
4 0 -22.621 1.1376 -31.0511 -22.6385 1.1371 -31.0407 -22.635 1.1401 -31.0858 -22.621 1.1402 -31.0893
3 0 -25.19 2.0322 -36.1914 -25.3125 2.0237 -36.1255 -25.3335 2.0263 -36.1324
3 0 -25.3335 2.0263 -36.1324 -25.47 2.0456 -36.1914 -25.19 2.0322 -36.1914
4 0 -22.4145 1.7662 -35.5459 -22.404 1.7555 -35.4973 -22.453 1.7617 -35.5181 -22.439 1.7743 -35.5806
3 0 -24.623 1.2636 -32.5783 -24.352 1.2865 -32.9493 -24.602 1.2628 -32.5713
4 0 -22.74 1.2087 -32.075 -22.733 1.2114 -32.1167 -22.712 1.2107 -32.1097 -22.7225 1.2094 -32.0889
3 0 -25.568 1.2993 -32.7414 -25.5106 1.2865 -32.695 -25.582 1.2955 -32.7206
4 0 -21.984 1.7232 -35.414 -21.984 1.7144 -35.3723 -22.047 1.7137 -35.3584 -22.04 1.7281 -35.4279
3 0 -24.196 1.1231 -30.6103 -24 1.1236 -30.6207 -24.189 1.1224 -30.5999
4 0 -24.2667 2.2344 -37.3327 -24.105 2.2085 -37.2674 -24.3059 2.2241 -37.2723 -24.2884 2.236 -37.3327
4 0 -26.359 1.3787 -32.9323 -26.2015 1.3357 -32.7692 -26.198 1.3317 -32.7518 -26.219 1.3146 -32.6685
4 0 -24.188 1.2183 -31.9749 -24.4235 1.2239 -32.0507 -24.2975 1.2581 -32.5436 -24.2854 1.2588 -32.5536
3 0 -24.4235 1.2239 -32.0507 -24.322 1.2572 -32.5297 -24.2975 1.2581 -32.5436
3 0 -24.2555 1.6226 -34.5254 -24.3325 1.6569 -34.6573 -24.231 1.6238 -34.5393
3 0 -23.391 1.5471 -34.345 -23.391 1.5508 -34.3623 -23.3 1.5234 -34.2478
4 0 -22.6945 1.1389 -31.0581 -22.6735 1.1394 -31.0685 -22.67 1.1358 -31.0164 -22.691 1.1349 -30.9991
4 0 -23.237 1.2046 -31.9327 -23.216 1.2046 -31.9362 -23.1705 1.1895 -31.721 -23.1915 1.1878 -31.6932
4 0 -21.9994 1.6317 -34.978 -22.159 1.6517 -35.0461 -22.1415 1.6533 -35.0565 -21.998 1.6358 -34.9975
3 0 -23.741 1.7279 -35.1432 -23.678 1.7037 -35.0391 -23.622 1.6812 -34.9419
3 0 -26.072 1.4043 -33.1128 -25.96 1.4193 -33.2065 -26.0545 1.3981 -33.0885
3 0 -26.0545 1.3981 -33.0885 -26.065 1.4017 -33.1024 -26.072 1.4043 -33.1128
3 0 -23.3 1.6845 -35.0114 -22.6735 1.6698 -35.0461 -22.677 1.6612 -35.0044
4 0 -23.58 1.6519 -34.81 -23.72 1.6261 -34.6643 -23.741 1.7279 -35.1432 -23.622 1.6812 -34.9419
3 0 -23.615 1.4349 -33.7757 -23.72 1.5382 -34.2478 -23.5765 1.4409 -33.8104
3 0 -23.972 1.2205 -32.0438 -24.014 1.2427 -32.3631 -23.9405 1.2171 -31.9987
4 0 -23.51 1.897 -35.9832 -23.657 1.9373 -36.1498 -23.566 1.9707 -36.3233 -23.482 1.9941 -36.4483
4 0 -24.07 2.1712 -37.1077 -24.007 2.159 -37.073 -24.0035 2.1565 -37.0626 -24.0182 2.1475 -37.0161
3 0 -23.51 1.897 -35.9832 -23.251 1.9406 -36.2331 -23.258 1.9233 -36.1498
4 0 -23.356 1.2008 -31.8564 -23.342 1.2016 -31.8702 -23.349 1.1934 -31.7488 -23.37 1.1931 -31.7418
4 0 -24.9135 1.1743 -31.2975 -24.9065 1.1808 -31.3878 -24.8715 1.1802 -31.3878 -24.8785 1.173 -31.2871
4 0 -24.6545 1.6123 -34.3797 -24.5355 1.6308 -34.4907 -24.357 1.6132 -34.4491 -24.413 1.6068 -34.4074
3 0 -25.5995 1.4489 -33.4217 -25.617 1.4664 -33.4981 -25.5785 1.4509 -33.4356
3 0 -25.869 1.4422 -33.3315 -25.848 1.4442 -33.3453 -25.7815 1.4342 -33.3141
4 0 -23.454 1.1416 -30.9713 -23.419 1.1493 -31.0893 -23.405 1.1489 -31.0858 -23.4365 1.141 -30.9643
3 0 -24.4795 1.116 -30.5027 -24.4445 1.116 -30.5027 -24.434 1.1133 -30.4645
4 0 -22.6665 1.1537 -31.2802 -22.6805 1.1532 -31.2698 -22.691 1.1561 -31.3114 -22.677 1.1564 -31.3184
3 0 -26.555 1.4689 -33.3037 -26.555 1.4757 -33.3349 -26.45 1.4729 -33.3453
3 0 -23.839 1.352 -33.3453 -24.352 1.2865 -32.9493 -23.8285 1.3634 -33.4009
4 0 -26.499 1.4352 -33.1614 -26.471 1.4392 -33.1857 -26.4605 1.4372 -33.1787 -26.471 1.4233 -33.1128
4 0 -21.5472 1.2681 -33.1475 -21.494 1.2628 -33.0781 -21.662 1.2668 -33.1093 -21.7425 1.2727 -33.1822
4 0 -23.167 1.2234 -32.2208 -23.139 1.2132 -32.075 -23.16 1.2113 -32.0438 -23.181 1.2238 -32.2243
4 0 -22.915 1.4821 -34.1159 -23.153 1.4509 -33.9285 -23.265 1.4387 -33.8521 -23.3 1.4502 -33.9007
4 0 -22.593 1.7241 -35.3168 -22.649 1.7664 -35.5077 -22.593 1.7475 -35.4279 -22.544 1.7268 -35.3376
4 0 -24.0182 2.1475 -37.0161 -23.972 2.1474 -37.0314 -23.9545 2.1454 -37.0279 -23.832 2.1267 -36.9828
3 0 -24.021 1.1439 -30.9123 -24.0526 1.162 -31.1701 -24.014 1.143 -30.8984
4 0 -23.51 1.1404 -30.9435 -23.524 1.1268 -30.7422 -23.5275 1.1264 -30.7353 -23.72 1.1503 -31.0546
3 0 -25.4245 1.2674 -32.4533 -25.498 1.2652 -32.4082 -26.0424 1.2865 -32.5783
3 0 -26.079 1.5089 -33.5918 -26.0755 1.5147 -33.6195 -26.072 1.5191 -33.6404
4 0 -23.832 2.1267 -36.9828 -23.8901 2.1128 -36.8995 -23.9475 2.1256 -36.9391 -24.0182 2.1475 -37.0161
3 0 -26.205 1.4831 -33.446 -26.121 1.4942 -33.5154 -26.1175 1.491 -33.5015
4 0 -22.5965 1.1584 -31.36 -22.6 1.1572 -31.3427 -22.6245 1.1591 -31.367 -22.621 1.1596 -31.3739
3 0 -25.6555 1.2937 -32.6963 -25.722 1.312 -32.7657 -25.6485 1.2964 -32.7102
4 0 -23.72 1.1976 -31.7488 -23.426 1.1796 -31.5336 -23.419 1.1696 -31.3878 -23.426 1.1692 -31.3808
4 0 -23.433 1.1499 -31.0962 -23.468 1.1423 -30.9782 -23.482 1.1429 -30.9852 -23.4365 1.1511 -31.1136
4 0 -24.2975 1.178 -31.3947 -24.273 1.1782 -31.3982 -24.1715 1.1698 -31.2802 -24.196 1.1698 -31.2802
3 0 -24.0182 2.1475 -37.0161 -23.986 2.1507 -37.0418 -23.972 2.1474 -37.0314
3 0 -24.259 1.1537 -31.0476 -24.1715 1.1671 -31.242 -24.154 1.1666 -31.2351
3 0 -24.133 1.1659 -31.2247 -24.1155 1.1651 -31.2142 -24.259 1.1537 -31.0476
3 0 -24.154 1.1666 -31.2351 -24.133 1.1659 -31.2247 -24.259 1.1537 -31.0476
4 0 -23.4365 1.1511 -31.1136 -23.4295 1.1595 -31.2385 -23.419 1.1587 -31.2281 -23.426 1.1512 -31.1171
4 0 -23.363 1.2753 -32.9497 -23.342 1.2753 -32.9531 -23.3455 1.2689 -32.8594 -23.3735 1.2688 -32.8525
4 0 -24.352 1.2865 -32.9493 -25.19 1.4581 -33.5536 -24.903 1.5048 -33.8313 -24.882 1.5038 -33.8313
4 0 -26.5865 1.5286 -33.571 -26.625 1.5198 -33.5224 -26.632 1.5262 -33.5501 -26.5935 1.5327 -33.5883
3 0 -23.72 1.5382 -34.2478 -23.517 1.5567 -34.3692 -23.489 1.5521 -34.3519
4 0 -21.991 1.5945 -34.8031 -22.32 1.6501 -35.0114 -22.159 1.6517 -35.0461 -21.9994 1.6317 -34.978
3 0 -25.3125 2.0237 -36.1255 -25.19 2.0322 -36.1914 -25.2985 2.02 -36.1116
4 0 -22.7925 1.261 -32.8351 -22.8065 1.2621 -32.849 -22.7715 1.2615 -32.8455 -22.775 1.2606 -32.8317
3 0 -23.2265 1.1258 -30.7769 -23.244 1.1258 -30.7734 -23.2335 1.1387 -30.9643
3 0 -23.2335 1.1387 -30.9643 -23.202 1.126 -30.7839 -23.2265 1.1258 -30.7769
4 0 -24.2541 2.238 -37.3535 -24.2527 2.2408 -37.3667 -24.21 2.272 -37.5243 -24.105 2.2085 -37.2674
4 0 -22.719 1.1895 -31.7973 -22.719 1.1928 -31.8459 -22.6945 1.1923 -31.8425 -22.705 1.1896 -31.8008
3 0 -25.7535 1.692 -34.5046 -25.68 1.693 -34.5254 -25.7675 1.6896 -34.4907
4 0 -25.022 1.1613 -31.0962 -25.0815 1.1607 -31.0754 -25.0955 1.1632 -31.1066 -25.029 1.1629 -31.1171
4 0 -21.984 1.2724 -33.1371 -21.837 1.2745 -33.1926 -21.83 1.2683 -33.1024 -21.9595 1.2661 -33.0493
3 0 -23.4785 1.2655 -32.7865 -23.4575 1.2544 -32.6269 -23.468 1.254 -32.6199
4 0 -23.4715 1.2534 -32.6095 -23.5415 1.2535 -32.5991 -23.4785 1.2655 -32.7865 -23.468 1.254 -32.6199
4 0 -23.314 1.1381 -30.9435 -23.328 1.1383 -30.9435 -23.342 1.1503 -31.1171 -23.335 1.1509 -31.1275
3 0 -25.631 1.4353 -33.3523 -25.603 1.437 -33.3662 -25.54 1.4144 -33.2759
3 0 -25.785 1.6882 -34.4803 -25.7675 1.6896 -34.4907 -25.68 1.693 -34.5254
3 0 -23.7095 1.8044 -35.5112 -23.79 1.8204 -35.5736 -23.7095 1.8117 -35.5459
3 0 -25.96 1.4193 -33.2065 -25.967 1.4491 -33.3419 -25.953 1.4447 -33.3245
4 0 -24.308 2.2507 -37.3937 -24.3101 2.2543 -37.4097 -24.3094 2.2582 -37.4278 -24.21 2.272 -37.5243
4 0 -23.0725 1.2451 -32.554 -23.1005 1.2442 -32.5366 -23.09 1.2502 -32.6269 -23.0725 1.2503 -32.6304
3 0 -23.447 1.126 -30.7422 -23.44 1.1266 -30.7526 -23.37 1.1274 -30.7769
4 0 -23.51 1.117 -30.5999 -23.447 1.126 -30.7422 -23.37 1.1274 -30.7769 -23.44 1.1141 -30.5687
4 0 -22.6 1.1598 -31.3808 -22.5965 1.1591 -31.3704 -22.614 1.16 -31.3808 -22.607 1.1601 -31.3843
3 0 -24.77 2.0001 -36.1359 -24.5705 1.9792 -36.0838 -24.581 1.9767 -36.07
3 0 -23.3 1.193 -31.7522 -23.2125 1.1861 -31.6655 -23.2195 1.1853 -31.6516
3 0 -23.223 1.1381 -30.9574 -23.195 1.1377 -30.9574 -23.167 1.1261 -30.7908
3 0 -26.45 1.4729 -33.3453 -26.3485 1.4794 -33.3974 -26.345 1.474 -33.3731
4 0 -26.03 1.6342 -34.1784 -26.0965 1.6238 -34.1159 -26.0825 1.6299 -34.1471 -26.051 1.6352 -34.1784
4 0 -22.9325 1.2113 -32.082 -22.901 1.2121 -32.0993 -22.8765 1.2067 -32.023 -22.894 1.2057 -32.0056
4 0 -23.1075 1.2247 -32.2486 -23.069 1.2254 -32.2659 -23.0305 1.2172 -32.1514 -23.0725 1.2162 -32.1306
4 0 -24.28 1.6999 -34.8725 -23.93 1.886 -35.8444 -23.839 1.8809 -35.8513 -23.853 1.8623 -35.7611
4 0 -23.0515 1.1723 -31.4884 -23.0865 1.1715 -31.4711 -23.1565 1.1846 -31.6516 -23.132 1.185 -31.662
4 0 -23.2335 1.1387 -30.9643 -23.223 1.1381 -30.9574 -23.167 1.1261 -30.7908 -23.202 1.126 -30.7839
4 0 -25.8375 1.5865 -34.0013 -25.89 1.6275 -34.1784 -25.827 1.5988 -34.0603 -25.8305 1.5922 -34.0291
4 0 -25.1158 1.9917 -36.0214 -25.183 1.9949 -36.0214 -25.246 1.9994 -36.0283 -25.12 1.9987 -36.0526
3 0 -24.245 1.2617 -32.6026 -23.72 1.2732 -32.8594 -24.014 1.2427 -32.3631
4 0 -24.9625 1.1567 -31.0476 -25.022 1.1526 -30.9782 -25.0395 1.1547 -31.0025 -24.98 1.1573 -31.0511
3 0 -22.278 1.7072 -35.289 -22.2696 1.7165 -35.3348 -22.11 1.7159 -35.3584
4 0 -23.916 1.1681 -31.2837 -23.9825 1.1585 -31.1309 -23.9895 1.1593 -31.1414 -23.93 1.169 -31.2941
3 0 -23.9055 1.1992 -31.7418 -23.979 1.1752 -31.3774 -23.9825 1.1748 -31.3704
4 0 -24.7595 1.9867 -36.0769 -24.77 2.0001 -36.1359 -24.581 1.9767 -36.07 -24.7455 1.9853 -36.0734
4 0 -23.3805 1.1486 -31.0858 -23.3665 1.1489 -31.0928 -23.356 1.1384 -30.94 -23.37 1.1385 -30.94
3 0 -23.988 1.1351 -30.7863 -24.0105 1.1415 -30.8776 -24.014 1.143 -30.8984
4 0 -24.042 1.1613 -31.1622 -23.988 1.1351 -30.7863 -24.014 1.143 -30.8984 -24.0526 1.162 -31.1701
4 0 -23.034 1.187 -31.7071 -23.0025 1.1875 -31.721 -22.936 1.1783 -31.596 -22.9605 1.1762 -31.5613
3 0 -25.925 1.5385 -33.7618 -25.96 1.5553 -33.8313 -25.9145 1.5531 -33.8313
4 0 -23.384 1.2831 -33.0607 -23.3525 1.2837 -33.0746 -23.321 1.2777 -32.9913 -23.3525 1.2775 -32.9844
4 0 -24.119 1.6897 -34.8795 -24.28 1.6999 -34.8725 -24.042 1.6977 -34.9419 -24.0875 1.6927 -34.9038
3 0 -24.119 1.6897 -34.8795 -24.154 1.687 -34.8552 -24.28 1.6999 -34.8725
3 0 -23.8145 1.3746 -33.4564 -24.352 1.2865 -32.9493 -23.79 1.3862 -33.5154
4 0 -24.105 1.1346 -30.7769 -24.0805 1.1348 -30.7804 -24.0525 1.1321 -30.7422 -24.063 1.1319 -30.7387
4 0 -24.098 1.8604 -35.6708 -24.21 1.7855 -35.289 -24.245 1.8031 -35.3584 -24.217 1.8162 -35.4279
3 0 -25.484 1.4525 -33.4634 -25.19 1.4581 -33.5536 -25.4875 1.4474 -33.4391
3 0 -23.9855 1.1341 -30.7714 -23.6955 1.1068 -30.4194 -23.72 1.1049 -30.3882
4 0 -24.9625 1.1471 -30.9158 -24.987 1.149 -30.9366 -24.931 1.1575 -31.065 -24.9205 1.1581 -31.0754
4 0 -22.803 1.1316 -30.9331 -22.803 1.1378 -31.0233 -22.7855 1.1376 -31.0233 -22.782 1.1321 -30.9435
3 0 -23.482 1.266 -32.7935 -23.72 1.2732 -32.8594 -23.475 1.2666 -32.8039
3 0 -26.38 1.4243 -33.1371 -26.268 1.4219 -33.151 -26.247 1.4111 -33.1059
4 0 -23.979 1.8979 -35.8825 -23.9755 1.9052 -35.9172 -23.8915 1.9134 -35.9832 -23.93 1.886 -35.8444
3 0 -26.2015 1.3357 -32.7692 -26.359 1.3787 -32.9323 -26.198 1.3385 -32.7831
4 0 -23.4155 1.2551 -32.6442 -23.4435 1.2547 -32.6338 -23.4645 1.2653 -32.7865 -23.4505 1.2654 -32.79
3 0 -22.4285 1.8545 -35.9624 -22.4005 1.8572 -35.9797 -22.404 1.8493 -35.9415
4 0 -23.4225 1.2306 -32.2833 -23.433 1.2305 -32.2798 -23.4575 1.2364 -32.3631 -23.4505 1.2375 -32.3805
3 0 -23.58 1.6922 -35.0009 -23.636 1.7154 -35.1016 -23.3 1.6845 -35.0114
4 0 -24.2415 1.1077 -30.3882 -24.21 1.1105 -30.4298 -24.1925 1.1083 -30.3986 -24.217 1.1079 -30.3917
4 0 -23.4925 1.1276 -30.7596 -23.496 1.1379 -30.9088 -23.489 1.1375 -30.9053 -23.475 1.1279 -30.7665
3 0 -26.03 1.468 -33.4148 -25.932 1.5018 -33.5918 -25.939 1.4923 -33.5467
4 0 -23.818 1.7702 -35.3307 -23.79 1.7501 -35.2404 -23.8495 1.7171 -35.0738 -23.8635 1.7198 -35.0842
3 0 -22.593 1.7241 -35.3168 -22.481 1.6733 -35.0947 -22.46 1.655 -35.0114
4 0 -24.889 1.9748 -35.9936 -24.9555 1.9795 -36.0005 -25.0325 1.9869 -36.0179 -24.91 1.9886 -36.0526
3 0 -24.2667 2.2344 -37.3327 -24.2569 2.2357 -37.3417 -24.105 2.2085 -37.2674
4 0 -22.628 1.6843 -35.1224 -22.593 1.7241 -35.3168 -22.46 1.655 -35.0114 -22.6182 1.6752 -35.0808
3 0 -23.9855 1.1341 -30.7714 -23.811 1.1005 -30.3084 -23.832 1.0998 -30.2945
4 0 -24.188 1.2183 -31.9749 -24.063 1.2235 -32.0715 -24.0315 1.2203 -32.0299 -24.007 1.2171 -31.9882
4 0 -26.0965 1.6238 -34.1159 -26.03 1.6342 -34.1784 -26.1105 1.6048 -34.0256 -26.1105 1.6154 -34.0742
3 0 -23.307 1.1818 -31.5856 -23.209 1.17 -31.4294 -23.237 1.1696 -31.419
4 0 -25.19 1.4581 -33.5536 -25.407 1.4881 -33.6438 -25.379 1.4943 -33.6785 -25.33 1.501 -33.7202
4 0 -23.0865 1.1133 -30.6173 -23.118 1.1139 -30.6207 -23.1075 1.1197 -30.7075 -23.076 1.1189 -30.7006
4 0 -23.1355 1.1208 -30.7179 -23.1075 1.1197 -30.7075 -23.118 1.1139 -30.6207 -23.153 1.1143 -30.6207
4 0 -24.644 1.1446 -30.9088 -24.8643 1.143 -30.8824 -24.6965 1.1642 -31.1899 -24.6895 1.1635 -31.1795
3 0 -24.028 1.1127 -30.4645 -24 1.1236 -30.6207 -24 1.1124 -30.4611
4 0 -21.8895 1.5756 -34.7302 -21.83 1.6116 -34.9107 -21.725 1.5932 -34.8413 -21.837 1.5635 -34.6816
3 0 -24.7525 1.5505 -34.0742 -24.7945 1.5903 -34.2478 -24.7 1.5616 -34.1367
4 0 -23.937 2.2363 -37.4514 -23.944 2.2217 -37.3819 -23.958 2.2174 -37.3577 -24.105 2.2085 -37.2674
4 0 -23.1005 1.2442 -32.5366 -23.1285 1.2438 -32.5262 -23.153 1.2512 -32.6304 -23.1215 1.2506 -32.6269
3 0 -23.783 2.0854 -36.8093 -23.7725 2.1065 -36.9099 -23.7585 2.1002 -36.8856
3 0 -25.7745 1.4369 -33.328 -25.8165 1.448 -33.3696 -25.757 1.4383 -33.3384
3 0 -26.1035 1.4858 -33.4807 -26.0895 1.4867 -33.4877 -26.03 1.468 -33.4148
4 0 -23.93 1.886 -35.8444 -24.28 1.6999 -34.8725 -24.3395 1.7284 -34.9836 -24.21 1.7855 -35.289
4 0 -24.945 1.157 -31.0546 -24.931 1.1575 -31.065 -24.987 1.149 -30.9366 -25.0045 1.1505 -30.9539
4 0 -23.3 1.7871 -35.4973 -23.657 1.8275 -35.6292 -23.6675 1.8308 -35.6431 -23.51 1.897 -35.9832
3 0 -24.3395 1.7284 -34.9836 -24.3325 1.7415 -35.0461 -24.21 1.7855 -35.289
4 0 -23.237 1.2417 -32.4776 -23.209 1.2409 -32.4707 -23.1775 1.234 -32.3735 -23.2055 1.2333 -32.3596
3 0 -23.209 1.2409 -32.4707 -23.174 1.2405 -32.4707 -23.1775 1.234 -32.3735
4 0 -24.2884 2.236 -37.3327 -24.3059 2.2241 -37.2723 -24.3276 2.231 -37.2966 -24.308 2.2394 -37.3417
3 0 -23.72 1.1503 -31.0546 -23.797 1.1677 -31.2975 -23.7935 1.1677 -31.2975
3 0 -25.939 1.4923 -33.5467 -25.946 1.4813 -33.4946 -25.96 1.4714 -33.446
4 0 -25.9705 1.4621 -33.4009 -26.03 1.468 -33.4148 -25.939 1.4923 -33.5467 -25.96 1.4714 -33.446
3 0 -25.638 1.2997 -32.7275 -25.722 1.312 -32.7657 -25.624 1.3035 -32.7484
3 0 -26.1175 1.5205 -33.6369 -26.163 1.5325 -33.682 -26.114 1.5249 -33.6577
3 0 -24.188 1.2183 -31.9749 -24.3605 1.2185 -31.9744 -24.4235 1.2239 -32.0507
4 0 -26.1105 1.6048 -34.0256 -26.03 1.6342 -34.1784 -26.1 1.562 -33.8313 -26.1175 1.5908 -33.9597
3 0 -24.273 1.262 -32.6026 -24.352 1.2865 -32.9493 -24.259 1.2621 -32.6061
4 0 -25.7395 1.6996 -34.5428 -25.757 1.7027 -34.5532 -25.7675 1.7229 -34.6434 -25.743 1.724 -34.6539
4 0 -23.489 1.2295 -32.2555 -23.4785 1.2284 -32.2416 -23.454 1.2213 -32.141 -23.461 1.2211 -32.1375
3 0 -22.481 1.6147 -34.817 -22.495 1.602 -34.7545 -22.516 1.5859 -34.6747
4 0 -22.46 1.655 -35.0114 -22.481 1.6147 -34.817 -22.516 1.5859 -34.6747 -22.74 1.5916 -34.6643
3 0 -23.7935 1.3358 -33.2759 -23.587 1.3607 -33.4286 -23.629 1.3402 -33.3245
4 0 -24.3605 1.135 -30.7769 -24.42 1.1307 -30.7144 -24.4375 1.1317 -30.7283 -24.3745 1.1357 -30.7873
3 0 -24.0053 1.6842 -34.892 -24.0231 1.6638 -34.7923 -24.0455 1.6806 -34.8621
4 0 -24.0889 2.162 -37.0592 -24.07 2.1712 -37.1077 -24.0182 2.1475 -37.0161 -24.0679 2.1556 -37.0369
4 0 -22.9115 1.2042 -31.9813 -22.9255 1.2023 -31.9501 -22.985 1.2088 -32.0368 -22.964 1.2103 -32.0611
4 0 -22.2745 1.7378 -35.4348 -22.152 1.7511 -35.5181 -22.131 1.7386 -35.4626 -22.2696 1.7261 -35.38
3 0 -22.67 1.7034 -35.2057 -22.593 1.7241 -35.3168 -22.656 1.7 -35.1918
3 0 -26.485 1.5532 -33.7063 -26.4185 1.5432 -33.6751 -26.3625 1.5337 -33.6438
4 0 -22.894 1.1509 -31.2004 -22.9185 1.1511 -31.2004 -22.936 1.1584 -31.3045 -22.894 1.1582 -31.308
3 0 -24.259 1.1537 -31.0476 -24.056 1.1621 -31.1726 -24.0526 1.162 -31.1701
4 0 -26.569 1.5647 -33.741 -26.485 1.5532 -33.7063 -26.3625 1.5337 -33.6438 -26.45 1.5334 -33.623
4 0 -26.499 1.4488 -33.2239 -26.52 1.4438 -33.1961 -26.541 1.4546 -33.2412 -26.5095 1.4546 -33.2482
4 0 -25.799 1.7176 -34.6122 -25.7675 1.7229 -34.6434 -25.757 1.7027 -34.5532 -25.771 1.7034 -34.5532
4 0 -22.873 1.2652 -32.8837 -22.8975 1.2658 -32.8872 -22.8975 1.2686 -32.9288 -22.859 1.2674 -32.9184
4 0 -21.4051 1.2865 -33.4409 -21.382 1.2835 -33.4009 -21.487 1.2853 -33.4092 -21.5003 1.2865 -33.425
4 0 -23.349 1.178 -31.5232 -23.335 1.1788 -31.537 -23.363 1.1706 -31.4121 -23.3805 1.1703 -31.4051
4 0 -23.0585 1.2647 -32.8455 -23.0865 1.2629 -32.8143 -23.104 1.269 -32.9011 -23.0655 1.2698 -32.9184
4 0 -26.359 1.3787 -32.9323 -26.38 1.4243 -33.1371 -26.247 1.4111 -33.1059 -26.205 1.3978 -33.0538
4 0 -26.5095 1.4607 -33.2759 -26.5095 1.4546 -33.2482 -26.541 1.4546 -33.2412 -26.555 1.4689 -33.3037
4 0 -22.1415 1.6533 -35.0565 -22.1205 1.6577 -35.0808 -21.977 1.6453 -35.0461 -21.998 1.6358 -34.9975
4 0 -23.391 1.2659 -32.8074 -23.349 1.2662 -32.8178 -23.3 1.2569 -32.6894 -23.335 1.2565 -32.6789
4 0 -22.859 1.1576 -31.3045 -22.866 1.1508 -31.2038 -22.894 1.1509 -31.2004 -22.894 1.1582 -31.308
4 0 -22.607 1.1382 -31.0615 -22.621 1.1376 -31.0511 -22.621 1.1402 -31.0893 -22.6035 1.1402 -31.0928
3 0 -24.188 1.2183 -31.9749 -24.1085 1.1828 -31.4676 -24.126 1.1874 -31.5336
4 0 -21.4415 1.2443 -32.8143 -21.4555 1.2456 -32.8317 -21.41 1.2448 -32.8282 -21.4205 1.244 -32.8143
3 0 -23.72 1.6261 -34.6643 -23.58 1.6519 -34.81 -23.566 1.6448 -34.7788
4 0 -25.645 1.7042 -34.5844 -25.68 1.693 -34.5254 -25.715 1.7226 -34.6539 -25.6905 1.7184 -34.64
4 0 -23.0025 1.2268 -32.2972 -22.971 1.2271 -32.3076 -22.943 1.2204 -32.2139 -22.9675 1.219 -32.1896
3 0 -24.021 1.1311 -30.7283 -24.007 1.1318 -30.7387 -24 1.1236 -30.6207
3 0 -25.862 1.2658 -32.3353 -25.981 1.2779 -32.4742 -25.8585 1.2667 -32.3492
4 0 -23.79 1.1681 -31.3045 -23.72 1.1976 -31.7488 -23.426 1.1692 -31.3808 -23.72 1.1503 -31.0546
3 0 -23.44 2.041 -36.6774 -23.335 2.0153 -36.5732 -23.4715 2.0348 -36.6427
3 0 -24.007 1.1318 -30.7387 -23.993 1.1328 -30.7526 -24 1.1236 -30.6207
4 0 -23.1005 1.2975 -33.21 -23.1075 1.2962 -33.203 -23.1145 1.2957 -33.1996 -23.104 1.3005 -33.2239
4 0 -23.8915 1.9134 -35.9832 -23.867 1.9117 -35.9832 -23.839 1.8809 -35.8513 -23.93 1.886 -35.8444
4 0 -21.34 1.2707 -33.2204 -21.354 1.269 -33.1926 -21.403 1.2724 -33.2343 -21.424 1.276 -33.2829
3 0 -23.8289 1.8865 -35.8804 -23.839 1.8809 -35.8513 -23.867 1.9117 -35.9832
4 0 -21.8685 1.4262 -34.0256 -21.865 1.4422 -34.102 -21.7355 1.4303 -34.0673 -21.739 1.4246 -34.0395
3 0 -24.329 1.1335 -30.7561 -24.3255 1.1342 -30.7665 -24.259 1.1324 -30.7422
3 0 -25.96 1.5553 -33.8313 -25.883 1.5667 -33.9007 -25.9145 1.5531 -33.8313
4 0 -23.104 1.2057 -31.9709 -23.0585 1.2061 -31.9848 -23.013 1.1948 -31.8251 -23.0515 1.1935 -31.8008
3 0 -24.196 1.1403 -30.8567 -24.259 1.1537 -31.0476 -24.182 1.1403 -30.8567
4 0 -22.6805 1.1532 -31.2698 -22.7015 1.1525 -31.2559 -22.705 1.1558 -31.3045 -22.691 1.1561 -31.3114
4 0 -26.569 1.5647 -33.741 -26.45 1.5334 -33.623 -26.5655 1.5434 -33.6438 -26.576 1.5454 -33.6508
4 0 -23.447 1.2013 -31.8494 -23.4365 1.2007 -31.8425 -23.426 1.1921 -31.7175 -23.433 1.1917 -31.7106
4 0 -26.5935 1.5425 -33.6334 -26.597 1.5374 -33.6091 -26.6495 1.5489 -33.6508 -26.6495 1.555 -33.6785
4 0 -22.8191 1.8113 -35.6923 -22.649 1.7664 -35.5077 -23.3 1.6845 -35.0114 -23.3 1.7871 -35.4973
3 0 -23.72 1.2732 -32.8594 -23.643 1.2799 -32.9705 -23.629 1.2795 -32.967
4 0 -24.329 1.1335 -30.7561 -24.364 1.1282 -30.6797 -24.385 1.1289 -30.6901 -24.336 1.1337 -30.7596
3 0 -24.0525 1.1125 -30.4611 -24 1.1236 -30.6207 -24.028 1.1127 -30.4645
3 0 -22.481 1.6733 -35.0947 -22.593 1.7241 -35.3168 -22.495 1.6855 -35.1502
3 0 -25.421 1.4842 -33.623 -25.407 1.4881 -33.6438 -25.19 1.4581 -33.5536
4 0 -23.6465 1.1091 -30.4611 -23.5975 1.1154 -30.5617 -23.587 1.1148 -30.5548 -23.6255 1.1084 -30.4541
4 0 -23.8635 1.1711 -31.3357 -23.8775 1.1682 -31.2906 -23.895 1.1691 -31.301 -23.8705 1.1714 -31.3392
4 0 -23.4295 1.2122 -32.0125 -23.4435 1.2119 -32.0056 -23.461 1.2199 -32.1201 -23.447 1.2193 -32.1132
3 0 -26.4465 1.438 -33.1857 -26.4465 1.441 -33.1996 -26.38 1.4243 -33.1371
3 0 -22.8975 1.2658 -32.8872 -22.922 1.2663 -32.8907 -22.8975 1.2686 -32.9288
4 0 -26.0965 1.4024 -33.0989 -26.0895 1.3991 -33.085 -26.184 1.4043 -33.0885 -26.198 1.411 -33.1163
3 0 -24.352 1.2865 -32.9493 -24.882 1.5038 -33.8313 -24.847 1.5082 -33.859
3 0 -25.5106 1.2865 -32.695 -25.617 1.2896 -32.6859 -25.5995 1.2925 -32.7032
3 0 -23.769 1.786 -35.414 -23.7095 1.7986 -35.4834 -23.706 1.7911 -35.4487
3 0 -24.352 2.2546 -37.3969 -24.352 2.238 -37.3208 -24.3829 2.2462 -37.3514
3 0 -24.2905 1.7792 -35.2335 -24.21 1.7855 -35.289 -24.3045 1.7697 -35.1849
4 0 -23.72 1.1049 -30.3882 -23.734 1.1039 -30.3708 -23.748 1.1031 -30.3569 -23.9855 1.1341 -30.7714
4 0 -23.503 1.1391 -30.9262 -23.51 1.1274 -30.7526 -23.524 1.1268 -30.7422 -23.51 1.1404 -30.9435
3 0 -23.4015 1.1784 -31.5197 -23.3875 1.178 -31.5162 -23.3945 1.17 -31.3982
3 0 -23.4505 1.2519 -32.5922 -23.4295 1.2519 -32.5956 -23.496 1.2456 -32.4915
4 0 -24.014 1.9231 -35.9867 -23.9265 1.9235 -36.0179 -23.9097 1.9185 -36.0005 -23.993 1.914 -35.952
4 0 -23.2265 2.0027 -36.5316 -23.223 2.007 -36.5524 -23.146 2.0013 -36.5385 -23.153 1.979 -36.4316
3 0 -26.5585 1.5393 -33.6265 -26.5655 1.5434 -33.6438 -26.45 1.5334 -33.623
4 0 -24.812 1.5156 -33.9007 -24.763 1.5246 -33.9527 -24.352 1.2865 -32.9493 -24.847 1.5082 -33.859
4 0 -22.985 1.1694 -31.4572 -22.95 1.1697 -31.4676 -22.922 1.1639 -31.3878 -22.9465 1.164 -31.3843
3 0 -24.188 1.2183 -31.9749 -24.2275 1.2026 -31.7488 -24.273 1.2092 -31.8425
4 0 -23.3875 1.2035 -31.8911 -23.4015 1.2034 -31.8876 -23.398 1.2098 -31.9813 -23.384 1.2101 -31.9882
3 0 -24.259 1.1324 -30.7422 -24.2555 1.1246 -30.6311 -24.294 1.1257 -30.645
3 0 -24.294 1.1257 -30.645 -24.3255 1.1267 -30.6589 -24.259 1.1324 -30.7422
3 0 -23.6045 1.1162 -30.5721 -23.72 1.1503 -31.0546 -23.601 1.1166 -30.5791
3 0 -24.28 1.6999 -34.8725 -24.2835 1.6782 -34.7719 -24.3115 1.6772 -34.758
3 0 -25.0045 1.1658 -31.1622 -25.0185 1.1745 -31.2767 -24.9975 1.1652 -31.1552
4 0 -22.6945 1.1694 -31.5058 -22.6945 1.1675 -31.478 -22.712 1.1677 -31.478 -22.7155 1.1703 -31.5162
4 0 -22.894 1.23 -32.3631 -22.8765 1.2312 -32.3839 -22.859 1.2275 -32.3319 -22.8695 1.2262 -32.311
3 0 -24.028 1.2259 -32.1132 -24.014 1.2427 -32.3631 -24 1.2232 -32.0785
4 0 -24.7945 1.5903 -34.2478 -24.6545 1.6123 -34.3797 -24.413 1.6068 -34.4074 -24.469 1.5997 -34.3623
4 0 -23.125 1.1431 -31.0476 -23.1565 1.1423 -31.0303 -23.1915 1.1417 -31.0164 -23.3315 1.1518 -31.1414
3 0 -23.853 1.1639 -31.2316 -23.8495 1.1636 -31.2281 -23.846 1.1631 -31.2212
3 0 -23.846 1.1631 -31.2212 -23.979 1.1575 -31.1171 -23.853 1.1639 -31.2316
4 0 -23.153 1.1663 -31.3843 -23.1005 1.156 -31.242 -23.104 1.1554 -31.2316 -23.174 1.1661 -31.3774
4 0 -23.062 1.1454 -31.0928 -23.3315 1.1518 -31.1414 -23.174 1.1661 -31.3774 -23.104 1.1554 -31.2316
4 0 -23.307 1.1818 -31.5856 -23.237 1.1696 -31.419 -23.244 1.1685 -31.4017 -23.307 1.1704 -31.419
4 0 -23.237 1.1678 -31.3913 -23.3105 1.1693 -31.4017 -23.307 1.1704 -31.419 -23.244 1.1685 -31.4017
4 0 -23.4505 1.2654 -32.79 -23.426 1.2656 -32.797 -23.3875 1.2555 -32.6546 -23.4155 1.2551 -32.6442
4 0 -24.7525 1.9698 -36.0005 -24.819 1.9715 -35.9936 -24.889 1.9748 -35.9936 -24.791 1.9837 -36.0561
4 0 -21.5003 1.2865 -33.425 -21.55 1.3007 -33.4842 -21.41 1.2885 -33.4495 -21.4051 1.2865 -33.4409
4 0 -23.4855 1.1245 -30.7144 -23.468 1.1248 -30.7214 -23.517 1.1175 -30.6068 -23.538 1.1178 -30.6068
3 0 -26.0615 1.5496 -33.7827 -26.1 1.562 -33.8313 -26.051 1.5506 -33.7896
4 0 -23.468 1.1092 -30.4923 -23.44 1.1141 -30.5687 -23.4295 1.1109 -30.5235 -23.447 1.1099 -30.5062
4 0 -22.74 1.1378 -31.0338 -22.7155 1.1384 -31.0476 -22.712 1.1341 -30.9852 -22.733 1.1334 -30.9713
4 0 -25.092 1.1739 -31.2524 -25.078 1.1752 -31.2733 -25.0325 1.1663 -31.1622 -25.099 1.1724 -31.2316
4 0 -21.6515 1.5745 -34.7649 -21.788 1.55 -34.6261 -21.837 1.5635 -34.6816 -21.725 1.5932 -34.8413
4 0 -22.775 1.1554 -31.2871 -22.7855 1.151 -31.2212 -22.8135 1.1509 -31.2142 -22.7995 1.1559 -31.2906
4 0 -24.42 1.2551 -32.4985 -24.385 1.2556 -32.5054 -24.4235 1.2239 -32.0507 -24.4865 1.2288 -32.1201
4 0 -25.0045 1.1505 -30.9539 -25.022 1.1526 -30.9782 -24.9625 1.1567 -31.0476 -24.945 1.157 -31.0546
4 0 -21.991 1.2793 -33.2371 -21.991 1.2855 -33.328 -21.809 1.2775 -33.2412 -21.83 1.277 -33.2308
4 0 -24.1645 1.1773 -31.3878 -24.084 1.168 -31.2559 -24.098 1.1687 -31.2663 -24.1855 1.1776 -31.3913
3 0 -23.972 1.1117 -30.4507 -24 1.1236 -30.6207 -23.951 1.1109 -30.4402
3 0 -26.5935 1.5425 -33.6334 -26.6495 1.555 -33.6785 -26.6495 1.5625 -33.7133
3 0 -26.6495 1.5625 -33.7133 -26.646 1.5677 -33.7376 -26.5935 1.5425 -33.6334
4 0 -23.0515 1.1935 -31.8008 -23.0935 1.1924 -31.7765 -23.1565 1.2054 -31.957 -23.104 1.2057 -31.9709
4 0 -23.72 1.6261 -34.6643 -23.58 1.5816 -34.4768 -23.573 1.5763 -34.4525 -23.72 1.5382 -34.2478
4 0 -24.014 1.1617 -31.1726 -23.9615 1.1703 -31.308 -23.9475 1.1697 -31.301 -24 1.1604 -31.1552
3 0 -22.11 1.6895 -35.2335 -22.124 1.6768 -35.171 -22.1485 1.6675 -35.1224
4 0 -22.1695 1.6594 -35.0808 -22.18 1.6891 -35.2196 -22.11 1.6895 -35.2335 -22.1485 1.6675 -35.1224
4 0 -23.3455 1.1671 -31.3635 -23.3315 1.1676 -31.3739 -23.3385 1.1613 -31.2802 -23.3595 1.1613 -31.2767
4 0 -23.4575 1.2303 -32.2729 -23.4715 1.23 -32.2659 -23.489 1.2351 -32.3388 -23.4785 1.2355 -32.3457
4 0 -23.4155 1.1894 -31.6793 -23.412 1.1809 -31.5544 -23.4225 1.1805 -31.5474 -23.44 1.1911 -31.7002
3 0 -24.2555 1.1246 -30.6311 -24.259 1.1324 -30.7422 -24.224 1.1241 -30.6242
3 0 -24.203 1.9625 -36.1047 -24.21 1.9819 -36.1914 -24.182 1.9597 -36.0988
4 0 -23.314 1.1908 -31.7175 -23.307 1.1917 -31.7314 -23.335 1.1819 -31.5822 -23.3525 1.1818 -31.5787
4 0 -23.1355 1.2311 -32.3388 -23.118 1.2316 -32.3492 -23.1145 1.2283 -32.3006 -23.132 1.2275 -32.2867
4 0 -25.68 1.6326 -34.2478 -25.617 1.6507 -34.345 -25.624 1.6412 -34.2998 -25.6345 1.6349 -34.2686
3 0 -24.0735 1.1631 -31.1865 -24.056 1.1621 -31.1726 -24.259 1.1537 -31.0476
4 0 -22.9325 1.2692 -32.9323 -22.957 1.2667 -32.8907 -22.9815 1.2667 -32.8872 -22.9745 1.2697 -32.9323
3 0 -24.259 1.1537 -31.0476 -24.0875 1.1639 -31.1969 -24.0735 1.1631 -31.1865
3 0 -24.259 1.1537 -31.0476 -24.1155 1.1651 -31.2142 -24.098 1.1644 -31.2038
4 0 -22.971 1.1879 -31.7314 -22.95 1.1881 -31.7383 -22.901 1.1814 -31.6481 -22.915 1.1804 -31.6307
3 0 -24.259 1.1324 -30.7422 -24.1995 1.1391 -30.8394 -24.196 1.1384 -30.829
4 0 -22.026 1.5548 -34.6087 -21.921 1.5628 -34.6643 -21.879 1.5525 -34.6226 -21.998 1.5472 -34.5775
4 0 -21.746 1.4892 -34.345 -21.7355 1.4764 -34.2859 -21.8755 1.4792 -34.2755 -21.8895 1.4987 -34.3658
3 0 -22.677 1.6538 -34.9697 -23.3 1.6845 -35.0114 -22.677 1.6612 -35.0044
4 0 -24.413 1.1086 -30.3986 -24.4235 1.1087 -30.3986 -24.4235 1.1099 -30.416 -24.4095 1.1101 -30.4194
3 0 -24.385 1.1396 -30.8429 -24.259 1.1537 -31.0476 -24.364 1.1381 -30.822
3 0 -24.385 1.2556 -32.5054 -24.3535 1.2563 -32.5158 -24.4235 1.2239 -32.0507
4 0 -25.799 1.2625 -32.3041 -25.7745 1.2626 -32.311 -25.8305 1.2561 -32.2104 -25.869 1.2572 -32.2173
4 0 -23.0445 1.235 -32.4117 -23.0655 1.2346 -32.4013 -23.111 1.241 -32.488 -23.083 1.2419 -32.5054
3 0 -21.8706 1.4151 -33.9729 -21.739 1.4187 -34.0118 -21.732 1.4155 -33.9979
4 0 -23.335 1.1509 -31.1275 -23.3315 1.1518 -31.1414 -23.307 1.1378 -30.94 -23.314 1.1381 -30.9435
4 0 -23.482 1.2299 -32.2624 -23.5065 1.2353 -32.3388 -23.489 1.2351 -32.3388 -23.4715 1.23 -32.2659
3 0 -21.809 1.2775 -33.2412 -21.641 1.2779 -33.2759 -21.592 1.2727 -33.2065
4 0 -26.38 1.4243 -33.1371 -26.45 1.4729 -33.3453 -26.296 1.4459 -33.2551 -26.282 1.4339 -33.203
3 0 -24.259 1.1537 -31.0476 -24.2065 1.1684 -31.2594 -24.1925 1.1679 -31.2524
3 0 -25.806 1.2659 -32.3492 -25.981 1.2779 -32.4742 -25.778 1.2652 -32.3457
3 0 -23.7585 1.3975 -33.5744 -24.352 1.2865 -32.9493 -23.727 1.4081 -33.63
4 0 -21.7355 1.4395 -34.111 -21.7355 1.4303 -34.0673 -21.865 1.4422 -34.102 -21.865 1.4597 -34.1853
4 0 -26.45 1.4729 -33.3453 -26.5585 1.4811 -33.3592 -26.569 1.4884 -33.3905 -26.5655 1.5245 -33.5571
3 0 -23.636 1.7652 -35.3376 -23.622 1.7647 -35.3376 -23.3 1.6845 -35.0114
4 0 -22.866 1.1699 -31.485 -22.845 1.1702 -31.4919 -22.824 1.1654 -31.426 -22.852 1.1648 -31.4121
3 0 -23.636 1.7788 -35.4022 -23.6465 1.7846 -35.4279 -23.3 1.7871 -35.4973
3 0 -23.3 1.7871 -35.4973 -23.622 1.7728 -35.3758 -23.636 1.7788 -35.4022
4 0 -24.077 1.1421 -30.8845 -24.084 1.1414 -30.8741 -24.0945 1.1409 -30.8672 -24.259 1.1537 -31.0476
4 0 -23.552 1.2448 -32.4707 -23.72 1.1976 -31.7488 -23.6325 1.2604 -32.6859 -23.6255 1.2598 -32.6789
4 0 -23.3595 1.1668 -31.3566 -23.3735 1.1613 -31.2733 -23.3875 1.1612 -31.2698 -23.3805 1.167 -31.3566
4 0 -23.167 1.2234 -32.2208 -23.153 1.2238 -32.2277 -23.118 1.2144 -32.0958 -23.139 1.2132 -32.075
4 0 -23.0585 1.1128 -30.6138 -23.0865 1.1133 -30.6173 -23.076 1.1189 -30.7006 -23.0585 1.1185 -30.6971
3 0 -23.349 1.1889 -31.6828 -23.3385 1.1895 -31.6932 -23.37 1.1816 -31.5717
4 0 -21.9315 1.5236 -34.4768 -21.7915 1.5209 -34.4873 -21.76 1.5044 -34.4144 -21.907 1.511 -34.4213
4 0 -23.0655 1.2698 -32.9184 -23.027 1.2701 -32.9288 -23.0235 1.2662 -32.8733 -23.0585 1.2647 -32.8455
4 0 -23.132 1.185 -31.662 -23.1005 1.1853 -31.6724 -23.0165 1.1733 -31.5093 -23.0515 1.1723 -31.4884
4 0 -24.5565 1.9801 -36.0908 -24.5705 1.9792 -36.0838 -24.77 2.0001 -36.1359 -24.7245 2.0138 -36.2088
4 0 -23.4575 1.2544 -32.6269 -23.4785 1.2655 -32.7865 -23.4645 1.2653 -32.7865 -23.4435 1.2547 -32.6338
3 0 -25.757 1.4383 -33.3384 -25.8165 1.448 -33.3696 -25.7395 1.439 -33.3453
4 0 -22.691 1.1899 -31.8078 -22.6805 1.1919 -31.839 -22.67 1.1911 -31.8286 -22.677 1.1902 -31.8147
3 0 -25.5645 1.4397 -33.387 -25.5435 1.4417 -33.4009 -25.54 1.4144 -33.2759
4 0 -24.77 1.255 -32.429 -24.658 1.2614 -32.5401 -24.6335 1.26 -32.5262 -24.728 1.2518 -32.3943
3 0 -26.5515 1.5292 -33.5814 -26.45 1.5334 -33.623 -26.555 1.5263 -33.5675
4 0 -23.37 1.1274 -30.7769 -23.2335 1.1387 -30.9643 -23.244 1.1258 -30.7734 -23.2475 1.1251 -30.763
4 0 -23.37 1.2109 -32.0021 -23.3595 1.2114 -32.0125 -23.3525 1.2036 -31.898 -23.37 1.2035 -31.8945
4 0 -23.286 1.2068 -31.957 -23.279 1.2058 -31.9431 -23.3315 1.2033 -31.898 -23.356 1.2126 -32.0299
4 0 -23.433 1.1272 -30.763 -23.4155 1.1372 -30.9123 -23.391 1.1369 -30.9123 -23.37 1.1274 -30.7769
4 0 -23.006 1.2436 -32.5436 -22.978 1.244 -32.554 -22.9605 1.2383 -32.4742 -22.9745 1.2378 -32.4638
4 0 -23.2545 1.276 -32.9774 -23.23 1.2766 -32.9913 -23.2125 1.2729 -32.9393 -23.2405 1.2715 -32.915
4 0 -26.52 1.4438 -33.1961 -26.4885 1.4446 -33.2065 -26.471 1.4392 -33.1857 -26.499 1.4352 -33.1614
4 0 -22.061 1.679 -35.1918 -21.942 1.6763 -35.1988 -21.949 1.6663 -35.1502 -22.075 1.6693 -35.1432
4 0 -24.9205 1.2621 -32.4915 -24.987 1.2662 -32.5332 -25.0395 1.2698 -32.5713 -24.8575 1.2707 -32.6234
4 0 -23.839 2.1831 -37.2396 -23.8145 2.176 -37.2153 -23.944 2.1771 -37.1772 -23.895 2.1947 -37.2743
4 0 -23.167 2.0211 -36.6288 -23.153 2.0162 -36.6079 -23.223 2.007 -36.5524 -23.237 2.0111 -36.5698
3 0 -23.153 2.0162 -36.6079 -23.146 2.0013 -36.5385 -23.223 2.007 -36.5524
4 0 -23.3735 1.1577 -31.2212 -23.3595 1.158 -31.2281 -23.398 1.1519 -31.1309 -23.412 1.1515 -31.124
4 0 -22.6105 1.1564 -31.3288 -22.621 1.1558 -31.3184 -22.6385 1.1584 -31.3531 -22.6315 1.1588 -31.36
3 0 -23.384 1.1389 -30.9435 -23.3945 1.1393 -30.947 -23.3805 1.1486 -31.0858
3 0 -23.3805 1.1486 -31.0858 -23.37 1.1385 -30.94 -23.384 1.1389 -30.9435
4 0 -24.56 1.1425 -30.881 -24.672 1.1393 -30.8325 -24.714 1.1405 -30.8498 -24.5845 1.143 -30.888
4 0 -21.83 1.6116 -34.9107 -21.8895 1.5756 -34.7302 -21.935 1.5838 -34.7615 -21.921 1.6236 -34.9524
4 0 -24.007 1.134 -30.77 -24.0175 1.1333 -30.7596 -24.0385 1.1369 -30.8116 -24.028 1.1381 -30.829
4 0 -24.7735 1.1764 -31.3566 -24.798 1.1696 -31.2594 -24.819 1.1707 -31.2698 -24.812 1.178 -31.3704
4 0 -22.7365 1.1892 -31.7904 -22.754 1.189 -31.7835 -22.7645 1.1929 -31.839 -22.7435 1.1929 -31.8425
4 0 -22.824 1.1314 -30.9262 -22.8205 1.1382 -31.0268 -22.803 1.1378 -31.0233 -22.803 1.1316 -30.9331
4 0 -26.569 1.4884 -33.3905 -26.59 1.4985 -33.4321 -26.6075 1.5077 -33.4703 -26.5655 1.5245 -33.5571
4 0 -24.8085 1.1426 -30.8776 -24.6335 1.1441 -30.9019 -24.616 1.1438 -30.8984 -24.777 1.1421 -30.8706
3 0 -25.848 1.2666 -32.3492 -25.981 1.2779 -32.4742 -25.8305 1.2663 -32.3492
4 0 -23.307 1.1917 -31.7314 -23.3 1.193 -31.7522 -23.307 1.1818 -31.5856 -23.335 1.1819 -31.5822
3 0 -24.196 1.6689 -34.758 -24.154 1.6719 -34.7858 -24.0231 1.6638 -34.7923
3 0 -24.0231 1.6638 -34.7923 -24.231 1.6661 -34.7337 -24.196 1.6689 -34.758
4 0 -23.23 1.2766 -32.9913 -23.209 1.2773 -33.0052 -23.188 1.274 -32.9601 -23.2125 1.2729 -32.9393
4 0 -24.9625 1.1804 -31.3704 -24.9345 1.1807 -31.3808 -24.945 1.1753 -31.3045 -24.9765 1.1766 -31.3149
3 0 -22.46 1.655 -35.0114 -22.481 1.6733 -35.0947 -22.46 1.6702 -35.0835
4 0 -23.4435 1.2119 -32.0056 -23.454 1.2116 -31.9987 -23.468 1.2207 -32.1306 -23.461 1.2199 -32.1201
3 0 -23.811 1.1717 -31.3531 -23.72 1.1976 -31.7488 -23.804 1.1707 -31.3392
4 0 -24.1715 1.1698 -31.2802 -24.273 1.1782 -31.3982 -24.245 1.1781 -31.3982 -24.147 1.1698 -31.2802
4 0 -21.9805 1.302 -33.4182 -21.956 1.3253 -33.5328 -21.69 1.3057 -33.4842 -21.6879 1.2994 -33.455
4 0 -21.8685 1.2531 -32.8733 -21.7635 1.255 -32.9184 -21.718 1.2486 -32.8317 -21.8125 1.2473 -32.797
3 0 -23.328 1.1707 -31.419 -23.314 1.1804 -31.5648 -23.307 1.1818 -31.5856
3 0 -23.307 1.1818 -31.5856 -23.307 1.1704 -31.419 -23.328 1.1707 -31.419
3 0 -25.5925 1.3111 -32.79 -25.659 1.3279 -32.8525 -25.575 1.314 -32.8074
4 0 -24.7735 1.9814 -36.0491 -24.7567 1.9815 -36.0533 -24.707 1.9684 -36.004 -24.7525 1.9698 -36.0005
4 0 -22.9815 1.1183 -30.7075 -22.9675 1.1186 -30.7144 -22.95 1.1149 -30.6624 -22.9745 1.114 -30.645
3 0 -25.96 1.4193 -33.2065 -25.9355 1.4423 -33.3176 -25.9145 1.4413 -33.3176
3 0 -22.432 1.7778 -35.5979 -22.4215 1.7796 -35.6083 -22.418 1.7751 -35.5875
4 0 -25.106 1.1672 -31.1587 -25.106 1.1692 -31.1865 -25.0325 1.1642 -31.1344 -25.1025 1.1654 -31.1344
4 0 -22.754 1.1675 -31.4676 -22.7645 1.1711 -31.5197 -22.7365 1.1708 -31.5197 -22.733 1.1677 -31.4746
4 0 -23.769 1.786 -35.414 -23.79 1.8204 -35.5736 -23.7095 1.8044 -35.5112 -23.7095 1.7986 -35.4834
4 0 -24.259 1.1205 -30.5721 -24.238 1.1215 -30.586 -24.2205 1.1212 -30.5826 -24.245 1.1203 -30.5687
3 0 -26.5515 1.5337 -33.6022 -26.45 1.5334 -33.623 -26.5515 1.5292 -33.5814
3 0 -25.6835 1.4325 -33.328 -25.652 1.4341 -33.3419 -25.54 1.4144 -33.2759
3 0 -24.098 1.1114 -30.4437 -24.126 1.1104 -30.4298 -24.1435 1.11 -30.4229
3 0 -24.1435 1.11 -30.4229 -24 1.1236 -30.6207 -24.098 1.1114 -30.4437
4 0 -24.182 1.1955 -31.6481 -24.2275 1.2026 -31.7488 -24.188 1.2183 -31.9749 -24.126 1.1874 -31.5336
4 0 -22.81 1.1917 -31.8147 -22.7855 1.1926 -31.8321 -22.7715 1.1882 -31.7696 -22.7855 1.1874 -31.7557
3 0 -23.776 2.1544 -37.1286 -23.944 2.1771 -37.1772 -23.79 2.1629 -37.1633
3 0 -24.3115 1.1121 -30.4507 -24.315 1.1129 -30.4611 -24.252 1.1154 -30.4993
4 0 -23.8845 1.1718 -31.3427 -23.909 1.1695 -31.3045 -23.9265 1.1702 -31.3114 -23.9055 1.1725 -31.3496
4 0 -23.965 1.1711 -31.3184 -23.979 1.1745 -31.367 -23.9615 1.1741 -31.3635 -23.9545 1.1709 -31.3184
4 0 -24.196 1.1403 -30.8567 -24.1995 1.1391 -30.8394 -24.259 1.1324 -30.7422 -24.259 1.1537 -31.0476
4 0 -24.812 1.178 -31.3704 -24.819 1.1707 -31.2698 -24.8505 1.172 -31.2802 -24.8435 1.1795 -31.3843
4 0 -23.391 1.5508 -34.3623 -23.3 1.6113 -34.6643 -22.74 1.5916 -34.6643 -23.3 1.5234 -34.2478
3 0 -24.5215 1.1441 -30.9053 -24.6545 1.163 -31.1726 -24.497 1.1436 -30.8984
3 0 -23.3525 1.2036 -31.898 -23.3595 1.2114 -32.0125 -23.356 1.2126 -32.0299
3 0 -23.356 1.2126 -32.0299 -23.3315 1.2033 -31.898 -23.3525 1.2036 -31.898
3 0 -23.5345 1.435 -33.7896 -23.5135 1.4387 -33.8104 -23.545 1.3768 -33.5119
4 0 -24.105 2.2085 -37.2674 -23.958 2.2114 -37.3299 -23.944 2.2058 -37.3091 -23.944 2.1771 -37.1772
4 0 -22.9885 1.1626 -31.3566 -23.0235 1.1606 -31.3218 -23.0655 1.1684 -31.4294 -23.034 1.169 -31.4433
4 0 -23.545 1.6441 -34.7788 -23.3 1.6113 -34.6643 -23.72 1.6261 -34.6643 -23.566 1.6448 -34.7788
3 0 -23.3945 1.17 -31.3982 -23.3875 1.178 -31.5162 -23.3665 1.1777 -31.5162
4 0 -23.034 1.147 -31.1205 -23.062 1.1454 -31.0928 -23.0935 1.1543 -31.2177 -23.0795 1.1544 -31.2212
4 0 -22.691 1.1349 -30.9991 -22.712 1.1341 -30.9852 -22.7155 1.1384 -31.0476 -22.6945 1.1389 -31.0581
4 0 -23.3735 1.253 -32.6199 -23.3525 1.2532 -32.6269 -23.4505 1.2375 -32.3805 -23.496 1.2456 -32.4915
4 0 -26.177 1.5128 -33.5883 -26.121 1.5146 -33.6091 -26.121 1.5093 -33.5848 -26.205 1.4831 -33.446
4 0 -25.68 1.6326 -34.2478 -26.03 1.6342 -34.1784 -25.89 1.6728 -34.3866 -25.68 1.693 -34.5254
3 0 -24.273 2.2456 -37.3819 -24.21 2.272 -37.5243 -24.2597 2.243 -37.3743
4 0 -22.978 1.244 -32.554 -22.9465 1.2441 -32.5609 -22.943 1.2391 -32.488 -22.9605 1.2383 -32.4742
4 0 -23.545 1.2525 -32.5852 -23.5415 1.2535 -32.5991 -23.496 1.2456 -32.4915 -23.51 1.2458 -32.4915
3 0 -25.547 1.3142 -32.8143 -25.449 1.3405 -32.9566 -25.54 1.3116 -32.8039
3 0 -23.209 1.17 -31.4294 -23.307 1.1818 -31.5856 -23.1775 1.1702 -31.4364
3 0 -24 1.9364 -36.0526 -23.909 1.9253 -36.0318 -23.9265 1.9235 -36.0179
4 0 -23.5205 1.2438 -32.4603 -23.51 1.2441 -32.4672 -23.482 1.2377 -32.377 -23.496 1.2376 -32.3735
3 0 -24.6965 1.1642 -31.1899 -24.8643 1.143 -30.8824 -24.7 1.1655 -31.2073
3 0 -26.471 1.4543 -33.2551 -26.4815 1.4593 -33.2759 -26.45 1.4729 -33.3453
3 0 -26.45 1.4729 -33.3453 -26.457 1.4483 -33.2308 -26.471 1.4543 -33.2551
3 0 -23.58 1.6922 -35.0009 -23.3 1.6845 -35.0114 -23.552 1.6744 -34.9211
3 0 -23.51 1.897 -35.9832 -23.258 1.9233 -36.1498 -23.244 1.9081 -36.0804
4 0 -25.855 1.2651 -32.3284 -25.9705 1.2629 -32.2729 -25.9915 1.2653 -32.3006 -25.862 1.2658 -32.3353
4 0 -22.796 1.1663 -31.4433 -22.824 1.1654 -31.426 -22.845 1.1702 -31.4919 -22.831 1.1705 -31.4989
3 0 -25.288 1.3585 -33.0746 -25.295 1.38 -33.1718 -25.2705 1.3524 -33.0503
3 0 -23.664 1.1088 -30.4541 -23.72 1.1503 -31.0546 -23.6045 1.1162 -30.5721
4 0 -23.4085 1.2827 -33.0503 -23.384 1.2831 -33.0607 -23.3525 1.2775 -32.9844 -23.3735 1.2773 -32.9774
4 0 -24.448 1.139 -30.8325 -24.532 1.1352 -30.7769 -24.5635 1.1362 -30.7908 -24.4725 1.14 -30.8463
4 0 -26.331 1.4688 -33.3523 -26.303 1.4591 -33.3141 -26.2925 1.4518 -33.2829 -26.45 1.4729 -33.3453
3 0 -23.531 1.1151 -30.5687 -23.524 1.1157 -30.5791 -23.44 1.1141 -30.5687
3 0 -24.791 1.9837 -36.0561 -24.7735 1.9814 -36.0491 -24.7525 1.9698 -36.0005
4 0 -25.4385 2.0622 -36.2747 -25.3615 2.0654 -36.306 -25.19 2.0322 -36.1914 -25.47 2.0456 -36.1914
4 0 -22.8275 1.1567 -31.2975 -22.838 1.1507 -31.2073 -22.866 1.1508 -31.2038 -22.859 1.1576 -31.3045
4 0 -22.922 1.2396 -32.4985 -22.943 1.2391 -32.488 -22.9465 1.2441 -32.5609 -22.922 1.2441 -32.5644
3 0 -25.932 1.5018 -33.5918 -25.96 1.5402 -33.7618 -25.9285 1.5243 -33.6959
4 0 -23.412 1.2196 -32.1236 -23.4015 1.2202 -32.134 -23.384 1.2129 -32.0299 -23.398 1.2128 -32.0264
4 0 -23.1495 1.2757 -32.9913 -23.1705 1.2748 -32.974 -23.188 1.278 -33.0191 -23.1705 1.2788 -33.033
4 0 -24.175 1.1023 -30.3118 -24.0385 1.1033 -30.3292 -24.0595 1.1014 -30.3014 -24.161 1.101 -30.2945
4 0 -23.664 1.1088 -30.4541 -23.6045 1.1162 -30.5721 -23.5975 1.1154 -30.5617 -23.6465 1.1091 -30.4611
3 0 -23.7935 1.3358 -33.2759 -23.629 1.3402 -33.3245 -23.6605 1.3208 -33.2273
4 0 -24.1155 1.1399 -30.8533 -24.126 1.1397 -30.8498 -24.1365 1.1397 -30.8498 -24.259 1.1537 -31.0476
4 0 -22.8485 1.1898 -31.78 -22.8275 1.191 -31.8008 -22.7925 1.1866 -31.7418 -22.81 1.1849 -31.714
4 0 -25.799 1.2625 -32.3041 -25.869 1.2572 -32.2173 -25.9005 1.2585 -32.2277 -25.8235 1.2634 -32.311
3 0 -25.19 2.0322 -36.1914 -25.106 2.0501 -36.2921 -25.092 2.0434 -36.2643
3 0 -24.2877 2.2465 -37.3813 -24.21 2.272 -37.5243 -24.273 2.2456 -37.3819
3 0 -24.1925 1.1083 -30.3986 -24.21 1.1105 -30.4298 -24.175 1.109 -30.409
4 0 -21.7915 1.5209 -34.4873 -21.9315 1.5236 -34.4768 -21.97 1.5381 -34.5393 -21.837 1.54 -34.5706
3 0 -26.2925 1.4518 -33.2829 -26.296 1.4459 -33.2551 -26.45 1.4729 -33.3453
3 0 -23.8565 1.1989 -31.7453 -23.72 1.1976 -31.7488 -23.8565 1.1975 -31.7245
4 0 -26.359 1.3787 -32.9323 -26.471 1.4233 -33.1128 -26.4605 1.4372 -33.1787 -26.38 1.4243 -33.1371
3 0 -26.4605 1.4372 -33.1787 -26.45 1.4359 -33.1753 -26.38 1.4243 -33.1371
4 0 -23.545 1.3768 -33.5119 -23.5135 1.4387 -33.8104 -23.489 1.4437 -33.8382 -23.4645 1.4472 -33.859
4 0 -26.226 1.4388 -33.2378 -26.219 1.4559 -33.3176 -26.0965 1.4092 -33.1302 -26.2225 1.4281 -33.1892
4 0 -24.4865 1.2288 -32.1201 -24.5145 1.2308 -32.1479 -24.455 1.255 -32.495 -24.42 1.2551 -32.4985
4 0 -24.352 1.6138 -34.4529 -24.357 1.6132 -34.4491 -24.5355 1.6308 -34.4907 -24.352 1.6548 -34.6413
3 0 -26.219 1.3146 -32.6685 -26.198 1.3317 -32.7518 -26.1805 1.3241 -32.7206
3 0 -23.629 2.1092 -36.9689 -23.5275 2.0843 -36.8683 -23.6115 2.0734 -36.8023
3 0 -24.7 1.5616 -34.1367 -24.7945 1.5903 -34.2478 -24.644 1.5725 -34.1992
4 0 -23.426 1.2656 -32.797 -23.391 1.2659 -32.8074 -23.335 1.2565 -32.6789 -23.3875 1.2555 -32.6546
4 0 -25.1305 2.0581 -36.3233 -25.106 2.0501 -36.2921 -25.19 2.0322 -36.1914 -25.148 2.062 -36.3372
4 0 -26.0965 1.4092 -33.1302 -26.1 1.4056 -33.1128 -26.2155 1.4187 -33.1475 -26.2225 1.4281 -33.1892
4 0 -23.321 1.1611 -31.2802 -23.3385 1.1613 -31.2802 -23.3315 1.1676 -31.3739 -23.321 1.1682 -31.3843
3 0 -23.377 1.2757 -32.9531 -23.3735 1.2688 -32.8525 -23.447 1.2826 -33.0434
3 0 -26.632 1.5262 -33.5501 -26.639 1.5333 -33.5814 -26.646 1.5412 -33.6161
3 0 -26.646 1.5412 -33.6161 -26.5935 1.5327 -33.5883 -26.632 1.5262 -33.5501
4 0 -23.3665 1.1489 -31.0928 -23.3525 1.1495 -31.1032 -23.342 1.1385 -30.9435 -23.356 1.1384 -30.94
4 0 -22.7295 1.1556 -31.2975 -22.705 1.1558 -31.3045 -22.7015 1.1525 -31.2559 -22.726 1.1518 -31.242
4 0 -24.9065 2.0285 -36.2366 -24.8806 2.0277 -36.2386 -24.84 2.0246 -36.2331 -24.91 1.9886 -36.0526
3 0 -24.352 1.2865 -32.9493 -25.106 1.2916 -32.8074 -25.12 1.2968 -32.8282
4 0 -23.958 2.154 -37.0661 -23.944 2.1771 -37.1772 -23.832 2.1267 -36.9828 -23.944 2.1492 -37.0487
4 0 -25.435 1.4819 -33.6091 -25.421 1.4842 -33.623 -25.19 1.4581 -33.5536 -25.533 1.4548 -33.4634
4 0 -24.1855 1.1776 -31.3913 -24.098 1.1687 -31.2663 -24.1225 1.1695 -31.2767 -24.217 1.1781 -31.3982
4 0 -24.9555 1.1622 -31.124 -24.9065 1.1706 -31.249 -24.882 1.1697 -31.242 -24.945 1.1616 -31.1171
4 0 -23.3 1.4502 -33.9007 -22.74 1.5916 -34.6643 -22.817 1.4991 -34.2131 -22.915 1.4821 -34.1159
3 0 -23.8565 1.1961 -31.7036 -23.72 1.1976 -31.7488 -23.8565 1.1951 -31.6898
3 0 -24 1.1124 -30.4611 -24 1.1236 -30.6207 -23.972 1.1117 -30.4507
4 0 -25.932 1.5018 -33.5918 -26.03 1.468 -33.4148 -26.072 1.5191 -33.6404 -25.96 1.5402 -33.7618
3 0 -22.1695 1.6594 -35.0808 -22.1695 1.6543 -35.0565 -22.32 1.6501 -35.0114
3 0 -22.32 1.6501 -35.0114 -22.18 1.6891 -35.2196 -22.1695 1.6594 -35.0808
4 0 -21.662 1.3222 -33.5675 -21.921 1.3497 -33.6543 -21.9 1.3716 -33.7618 -21.634 1.3213 -33.5675
4 0 -23.3595 1.1668 -31.3566 -23.3455 1.1671 -31.3635 -23.3595 1.1613 -31.2767 -23.3735 1.1613 -31.2733
3 0 -24.2527 2.2408 -37.3667 -24.2597 2.243 -37.3743 -24.21 2.272 -37.5243
4 0 -26.058 1.3885 -33.0434 -26.1315 1.3867 -33.0191 -26.149 1.3921 -33.0399 -26.0685 1.3912 -33.0538
4 0 -24 1.9364 -36.0526 -24.175 1.9582 -36.0943 -24.182 1.9597 -36.0988 -24.21 1.9819 -36.1914
4 0 -21.5192 1.5183 -34.5206 -21.704 1.5105 -34.4525 -21.725 1.5266 -34.5254 -21.55 1.5365 -34.6018
3 0 -24.352 1.2865 -32.9493 -24.2135 1.6188 -34.522 -24.1995 1.6215 -34.5393
4 0 -24.133 1.1349 -30.7804 -24.0735 1.1319 -30.7387 -24.084 1.1319 -30.7387 -24.154 1.1356 -30.7908
3 0 -24.2695 1.61 -34.463 -24.2135 1.6188 -34.522 -24.352 1.2865 -32.9493
3 0 -25.12 1.2968 -32.8282 -25.141 1.3039 -32.856 -25.169 1.3143 -32.8976
3 0 -25.169 1.3143 -32.8976 -24.352 1.2865 -32.9493 -25.12 1.2968 -32.8282
4 0 -22.194 1.5892 -34.7441 -22.019 1.5897 -34.7753 -21.998 1.5831 -34.7476 -22.138 1.5807 -34.7129
3 0 -25.9565 1.3625 -32.9462 -26.037 1.3882 -33.0469 -25.9075 1.3609 -32.9497
3 0 -23.72 1.2732 -32.8594 -23.65 1.2807 -32.9809 -23.643 1.2799 -32.9705
3 0 -24.042 1.6977 -34.9419 -24.28 1.6999 -34.8725 -23.9888 1.7031 -34.9845
3 0 -23.9888 1.7031 -34.9845 -24.007 1.7012 -34.9697 -24.042 1.6977 -34.9419
4 0 -23.37 1.1931 -31.7418 -23.384 1.1931 -31.7383 -23.3735 1.2 -31.8425 -23.356 1.2008 -31.8564
4 0 -22.8485 1.2127 -32.1167 -22.8205 1.2129 -32.1236 -22.8065 1.208 -32.0542 -22.8345 1.2078 -32.0472
3 0 -23.72 1.6261 -34.6643 -23.58 1.5897 -34.515 -23.58 1.5816 -34.4768
3 0 -24.777 1.9876 -36.0769 -24.77 2.0001 -36.1359 -24.7595 1.9867 -36.0769
3 0 -24.014 1.1596 -31.1414 -24.007 1.159 -31.1344 -23.988 1.1351 -30.7863
3 0 -24.028 1.1604 -31.1518 -24.014 1.1596 -31.1414 -23.988 1.1351 -30.7863
4 0 -23.5695 1.2807 -32.9948 -23.5275 1.2824 -33.026 -23.4295 1.268 -32.8317 -23.454 1.2673 -32.8178
3 0 -26.0545 1.5334 -33.7098 -25.96 1.5402 -33.7618 -26.0615 1.5284 -33.6855
4 0 -25.561 1.4705 -33.5293 -25.5575 1.453 -33.4495 -25.5785 1.4509 -33.4356 -25.617 1.4664 -33.4981
4 0 -24.1435 1.1066 -30.3743 -24.1015 1.1085 -30.4021 -24.049 1.1096 -30.4194 -24.021 1.1093 -30.416
4 0 -26.2995 1.499 -33.4981 -26.317 1.4923 -33.4634 -26.3415 1.4866 -33.4321 -26.352 1.5098 -33.5362
4 0 -25.869 1.4422 -33.3315 -25.7815 1.4342 -33.3141 -25.7675 1.4313 -33.3037 -25.89 1.4409 -33.3211
4 0 -23.3 1.193 -31.7522 -23.265 1.2054 -31.9397 -23.1915 1.1878 -31.6932 -23.2125 1.1861 -31.6655
3 0 -25.7535 1.692 -34.5046 -25.7395 1.6966 -34.5289 -25.68 1.693 -34.5254
4 0 -21.529 1.2315 -32.613 -21.5045 1.2296 -32.5887 -21.557 1.2297 -32.5818 -21.6095 1.2327 -32.6165
4 0 -24.322 1.1778 -31.3913 -24.2975 1.178 -31.3947 -24.196 1.1698 -31.2802 -24.203 1.1696 -31.2767
3 0 -24.581 1.2619 -32.5644 -24.602 1.2628 -32.5713 -24.352 1.2865 -32.9493
3 0 -24.352 1.2865 -32.9493 -24.5565 1.2613 -32.5609 -24.581 1.2619 -32.5644
3 0 -24.0632 1.1664 -31.233 -24.126 1.178 -31.3982 -24.119 1.1787 -31.4086
4 0 -24.0632 1.1664 -31.233 -24.07 1.167 -31.242 -24.14 1.1775 -31.3913 -24.126 1.178 -31.3982
4 0 -21.963 1.5892 -34.7823 -21.963 1.6287 -34.9697 -21.921 1.6236 -34.9524 -21.935 1.5838 -34.7615
4 0 -24.0735 1.1319 -30.7387 -24.133 1.1349 -30.7804 -24.105 1.1346 -30.7769 -24.063 1.1319 -30.7387
4 0 -22.9045 1.164 -31.3913 -22.922 1.1639 -31.3878 -22.95 1.1697 -31.4676 -22.922 1.1696 -31.4711
4 0 -23.1005 1.2154 -32.1132 -23.118 1.2144 -32.0958 -23.153 1.2238 -32.2277 -23.1355 1.224 -32.2347
4 0 -22.6525 1.1399 -31.0789 -22.635 1.1401 -31.0858 -22.6385 1.1371 -31.0407 -22.6525 1.1365 -31.0303
4 0 -24.9345 1.1807 -31.3808 -24.9065 1.1808 -31.3878 -24.9135 1.1743 -31.2975 -24.945 1.1753 -31.3045
4 0 -24.5915 1.174 -31.3323 -24.5495 1.1745 -31.3392 -24.6475 1.1639 -31.1865 -24.651 1.1647 -31.1969
4 0 -23.517 1.1083 -30.4715 -23.5625 1.1143 -30.5513 -23.44 1.1141 -30.5687 -23.496 1.1085 -30.4784
3 0 -23.5625 1.1143 -30.5513 -23.545 1.1145 -30.5583 -23.44 1.1141 -30.5687
4 0 -23.489 1.5521 -34.3519 -23.3 1.5234 -34.2478 -23.3 1.4502 -33.9007 -23.72 1.5382 -34.2478
3 0 -23.3385 1.4252 -33.7757 -23.3 1.4502 -33.9007 -23.265 1.4387 -33.8521
4 0 -24.7245 2.0138 -36.2088 -24.665 2.0094 -36.2019 -24.5145 1.9811 -36.1047 -24.5355 1.9806 -36.0977
3 0 -23.944 2.1447 -37.0279 -23.944 2.1469 -37.0383 -23.832 2.1267 -36.9828
4 0 -23.734 1.3798 -33.4946 -23.545 1.3768 -33.5119 -23.7725 1.3614 -33.4009 -23.755 1.3703 -33.446
4 0 -23.594 1.2602 -32.6894 -23.5905 1.2613 -32.7067 -23.5415 1.2535 -32.5991 -23.5555 1.2536 -32.5991
4 0 -23.545 1.3768 -33.5119 -23.734 1.3798 -33.4946 -23.7095 1.3892 -33.5432 -23.678 1.3998 -33.5987
4 0 -21.753 1.5378 -34.574 -21.6025 1.5574 -34.692 -21.55 1.5365 -34.6018 -21.725 1.5266 -34.5254
3 0 -24.91 1.9886 -36.0526 -25.0255 2.0282 -36.2088 -24.9975 2.0261 -36.2053
4 0 -22.838 1.2294 -32.3631 -22.8485 1.2288 -32.3527 -22.859 1.232 -32.3978 -22.845 1.2325 -32.4082
3 0 -24.4095 1.1408 -30.8602 -24.259 1.1537 -31.0476 -24.385 1.1396 -30.8429
4 0 -24.8575 1.2587 -32.4603 -24.8575 1.2707 -32.6234 -24.6755 1.2627 -32.554 -24.805 1.2566 -32.4429
3 0 -23.741 2.1057 -36.9169 -23.6338 2.1104 -36.9739 -23.727 2.1017 -36.903
4 0 -22.8345 1.2078 -32.0472 -22.8555 1.2076 -32.0403 -22.8765 1.2126 -32.1097 -22.8485 1.2127 -32.1167
3 0 -23.3 1.6845 -35.0114 -22.691 1.7034 -35.2023 -22.698 1.7 -35.1849
4 0 -21.97 1.5748 -34.7129 -22.082 1.5684 -34.6643 -22.138 1.5807 -34.7129 -21.998 1.5831 -34.7476
4 0 -25.6555 1.2571 -32.2624 -25.701 1.256 -32.2381 -25.75 1.2555 -32.2208 -25.7745 1.2626 -32.311
3 0 -23.944 2.1771 -37.1772 -23.944 2.2058 -37.3091 -23.9139 2.1991 -37.2882
3 0 -23.9139 2.1991 -37.2882 -23.895 2.1947 -37.2743 -23.944 2.1771 -37.1772
4 0 -23.839 1.1644 -31.242 -23.8215 1.1692 -31.3149 -23.811 1.1686 -31.308 -23.8355 1.1637 -31.2316
3 0 -26.38 1.4243 -33.1371 -26.282 1.4339 -33.203 -26.268 1.4219 -33.151
4 0 -22.3865 1.7974 -35.6986 -22.299 1.8038 -35.7437 -22.243 1.7879 -35.6778 -22.362 1.787 -35.6535
4 0 -22.6945 1.1675 -31.478 -22.6945 1.1694 -31.5058 -22.684 1.1686 -31.4954 -22.684 1.1676 -31.4815
4 0 -23.5205 1.2362 -32.3492 -23.489 1.2295 -32.2555 -23.461 1.2211 -32.1375 -23.468 1.2207 -32.1306
3 0 -25.8095 1.6864 -34.4664 -25.799 1.687 -34.4716 -25.89 1.6728 -34.3866
3 0 -26.492 1.4621 -33.2863 -26.45 1.4729 -33.3453 -26.4815 1.4593 -33.2759
3 0 -24.7245 2.0138 -36.2088 -24.5355 1.9806 -36.0977 -24.5565 1.9801 -36.0908
4 0 -23.125 1.1431 -31.0476 -23.3315 1.1518 -31.1414 -23.062 1.1454 -31.0928 -23.0935 1.1439 -31.065
3 0 -23.846 1.1631 -31.2212 -23.8425 1.1628 -31.2177 -23.72 1.1503 -31.0546
4 0 -22.971 1.2271 -32.3076 -22.943 1.2275 -32.318 -22.9185 1.222 -32.2416 -22.943 1.2204 -32.2139
3 0 -23.7795 1.3499 -33.3453 -23.545 1.3768 -33.5119 -23.7865 1.3414 -33.3037
4 0 -24.672 1.1662 -31.2177 -24.6825 1.1664 -31.2212 -24.7493 1.1752 -31.3463 -24.714 1.1742 -31.3323
4 0 -22.929 1.1319 -30.9158 -22.922 1.1398 -31.0338 -22.894 1.1395 -31.0338 -22.908 1.1321 -30.9227
3 0 -24.9205 1.1604 -31.1066 -24.8225 1.167 -31.2177 -24.917 1.1591 -31.0893
4 0 -26.3415 1.4866 -33.4321 -26.3485 1.4794 -33.3974 -26.45 1.4729 -33.3453 -26.352 1.5098 -33.5362
3 0 -26.051 1.5377 -33.7306 -26.0475 1.5429 -33.7549 -26.044 1.5472 -33.7757
3 0 -26.044 1.5472 -33.7757 -25.96 1.5402 -33.7618 -26.051 1.5377 -33.7306
3 0 -23.93 1.886 -35.8444 -24.0595 1.8728 -35.7402 -24.0035 1.8883 -35.8305
3 0 -24.0035 1.8883 -35.8305 -23.986 1.8931 -35.8582 -23.93 1.886 -35.8444
3 0 -23.433 1.5581 -34.3901 -23.3 1.6113 -34.6643 -23.405 1.5542 -34.3762
4 0 -25.449 1.3405 -32.9566 -25.561 1.3156 -32.8178 -25.554 1.3455 -32.9566 -25.505 1.3522 -32.9983
4 0 -23.272 1.2702 -32.8907 -23.307 1.2695 -32.8733 -23.3175 1.2752 -32.9566 -23.286 1.2754 -32.9636
3 0 -23.412 1.5457 -34.3345 -23.391 1.5471 -34.345 -23.3 1.5234 -34.2478
4 0 -23.545 1.6441 -34.7788 -23.538 1.649 -34.8031 -23.3 1.6845 -35.0114 -23.3 1.6113 -34.6643
4 0 -22.754 1.1514 -31.2316 -22.7855 1.151 -31.2212 -22.775 1.1554 -31.2871 -22.7505 1.1554 -31.2906
3 0 -23.3 1.7871 -35.4973 -23.195 1.8874 -35.9901 -23.16 1.8766 -35.945
4 0 -26.051 1.6352 -34.1784 -26.0265 1.6416 -34.2131 -25.89 1.6728 -34.3866 -26.03 1.6342 -34.1784
3 0 -23.538 1.649 -34.8031 -23.552 1.6744 -34.9211 -23.3 1.6845 -35.0114
3 0 -26.0265 1.6416 -34.2131 -25.9915 1.6543 -34.279 -25.89 1.6728 -34.3866
4 0 -24.427 1.9588 -36.0214 -24.504 1.9723 -36.0665 -24.4725 1.9723 -36.0734 -24.4445 1.9717 -36.0769
4 0 -22.95 1.1881 -31.7383 -22.9255 1.1883 -31.7453 -22.8905 1.1818 -31.655 -22.901 1.1814 -31.6481
4 0 -22.8625 1.1392 -31.0338 -22.873 1.1317 -30.9227 -22.908 1.1321 -30.9227 -22.894 1.1395 -31.0338
4 0 -25.715 1.7226 -34.6539 -25.68 1.693 -34.5254 -25.7395 1.6996 -34.5428 -25.743 1.724 -34.6539
4 0 -25.281 1.5047 -33.748 -25.211 1.5074 -33.7757 -25.19 1.4581 -33.5536 -25.33 1.501 -33.7202
4 0 -24.665 1.1628 -31.1691 -24.623 1.145 -30.9158 -24.637 1.145 -30.9158 -24.679 1.163 -31.1726
3 0 -26.303 1.5128 -33.5605 -26.352 1.5098 -33.5362 -26.338 1.5265 -33.6161
3 0 -26.338 1.5265 -33.6161 -26.317 1.5187 -33.5848 -26.303 1.5128 -33.5605
4 0 -23.0725 1.2503 -32.6304 -23.0375 1.2508 -32.6442 -23.0445 1.2464 -32.5783 -23.0725 1.2451 -32.554
3 0 -26.086 1.4895 -33.5015 -26.0843 1.4932 -33.5189 -26.03 1.468 -33.4148
4 0 -23.069 1.1859 -31.6863 -23.034 1.187 -31.7071 -22.9605 1.1762 -31.5613 -22.9885 1.1744 -31.5301
4 0 -23.027 1.2701 -32.9288 -22.9745 1.2697 -32.9323 -22.9815 1.2667 -32.8872 -23.0235 1.2662 -32.8733
4 0 -25.3125 2.0147 -36.0838 -25.2915 2.0144 -36.0873 -25.246 1.9994 -36.0283 -25.323 2.0069 -36.0457
4 0 -23.2895 1.2853 -33.1093 -23.264 1.2865 -33.1308 -23.2265 1.2811 -33.0573 -23.258 1.2795 -33.0295
4 0 -25.8305 1.2561 -32.2104 -25.7745 1.2626 -32.311 -25.75 1.2555 -32.2208 -25.792 1.2557 -32.2139
4 0 -23.3315 1.2033 -31.898 -23.279 1.2058 -31.9431 -23.265 1.2054 -31.9397 -23.3 1.193 -31.7522
4 0 -22.894 1.1698 -31.478 -22.866 1.1699 -31.485 -22.852 1.1648 -31.4121 -22.88 1.1642 -31.3982
4 0 -23.132 1.2805 -33.0642 -23.118 1.2808 -33.0712 -23.1075 1.2797 -33.0573 -23.111 1.2779 -33.0295
4 0 -24.574 1.5616 -34.1645 -24.511 1.5722 -34.2269 -24.352 1.2865 -32.9493 -24.637 1.5495 -34.0951
4 0 -23.2055 1.2295 -32.3041 -23.1775 1.2252 -32.2451 -23.181 1.2245 -32.2347 -23.237 1.2292 -32.2937
4 0 -22.7645 1.1376 -31.0268 -22.74 1.1378 -31.0338 -22.733 1.1334 -30.9713 -22.754 1.1327 -30.9574
4 0 -26.072 1.5191 -33.6404 -26.03 1.468 -33.4148 -26.079 1.5036 -33.5675 -26.079 1.5089 -33.5918
4 0 -22.11 1.7159 -35.3584 -22.1065 1.7041 -35.3029 -22.299 1.702 -35.2613 -22.278 1.7072 -35.289
4 0 -24.042 1.9304 -36.011 -24.175 1.9559 -36.0838 -24.175 1.9582 -36.0943 -24 1.9364 -36.0526
3 0 -24.91 1.9886 -36.0526 -24.791 2.0192 -36.2192 -24.7665 2.0165 -36.2123
4 0 -23.496 1.1379 -30.9088 -23.4925 1.1276 -30.7596 -23.51 1.1274 -30.7526 -23.503 1.1391 -30.9262
3 0 -23.9685 1.1061 -30.3708 -23.958 1.1073 -30.3882 -23.9475 1.1082 -30.4021
3 0 -22.32 1.694 -35.2196 -22.3361 1.7067 -35.2772 -22.3144 1.7026 -35.2613
3 0 -25.708 1.4314 -33.3176 -25.6835 1.4325 -33.328 -25.54 1.4144 -33.2759
4 0 -22.1065 1.7041 -35.3029 -22.11 1.6895 -35.2335 -22.18 1.6891 -35.2196 -22.299 1.702 -35.2613
3 0 -25.1725 1.5079 -33.7861 -25.1375 1.5077 -33.7931 -25.19 1.4581 -33.5536
3 0 -25.19 1.4581 -33.5536 -25.211 1.5074 -33.7757 -25.1725 1.5079 -33.7861
4 0 -25.5365 2.0518 -36.2053 -25.512 2.0552 -36.2262 -25.47 2.0456 -36.1914 -25.5435 2.0484 -36.188
4 0 -23.2055 1.2333 -32.3596 -23.23 1.2324 -32.3423 -23.2545 1.2422 -32.4811 -23.237 1.2417 -32.4776
3 0 -24.352 1.2865 -32.9493 -24.7 1.5367 -34.0222 -24.637 1.5495 -34.0951
4 0 -24.644 1.1446 -30.9088 -24.6895 1.1635 -31.1795 -24.679 1.163 -31.1726 -24.637 1.145 -30.9158
3 0 -23.37 1.1274 -30.7769 -23.391 1.1369 -30.9123 -23.377 1.1367 -30.9123
4 0 -23.4225 1.2306 -32.2833 -23.2545 1.2422 -32.4811 -23.23 1.2324 -32.3423 -23.2615 1.2307 -32.311
4 0 -24.119 1.0954 -30.2146 -24.133 1.0947 -30.2042 -24.14 1.0959 -30.2216 -24.1085 1.0968 -30.2355
3 0 -24.259 1.1324 -30.7422 -24.196 1.1384 -30.829 -24.189 1.1376 -30.8186
4 0 -22.999 1.2369 -32.4464 -23.0165 1.2359 -32.429 -23.055 1.2425 -32.5193 -23.0305 1.2432 -32.5332
4 0 -23.1845 1.2967 -33.1926 -23.167 1.2873 -33.151 -23.2335 1.2897 -33.151 -23.202 1.2944 -33.1787
4 0 -25.6135 1.6634 -34.404 -25.617 1.6507 -34.345 -25.68 1.6326 -34.2478 -25.68 1.693 -34.5254
3 0 -25.498 1.4758 -33.5675 -25.435 1.4819 -33.6091 -25.533 1.4548 -33.4634
4 0 -23.216 1.2046 -31.9362 -23.1915 1.2048 -31.9431 -23.1355 1.1909 -31.7488 -23.1705 1.1895 -31.721
4 0 -24.2765 1.1075 -30.3847 -24.315 1.1117 -30.4437 -24.3115 1.1121 -30.4507 -24.259 1.1075 -30.3847
3 0 -25.7885 1.2933 -32.6651 -25.7605 1.2995 -32.6998 -25.659 1.2871 -32.6651
3 0 -26.0685 1.5235 -33.6612 -26.0615 1.5284 -33.6855 -25.96 1.5402 -33.7618
3 0 -25.96 1.5402 -33.7618 -26.072 1.5191 -33.6404 -26.0685 1.5235 -33.6612
4 0 -22.7155 1.1703 -31.5162 -22.712 1.1677 -31.478 -22.733 1.1677 -31.4746 -22.7365 1.1708 -31.5197
4 0 -23.72 1.1976 -31.7488 -23.916 1.2142 -31.9605 -23.9405 1.2171 -31.9987 -24.014 1.2427 -32.3631
4 0 -23.307 1.1371 -30.9296 -23.2335 1.1387 -30.9643 -23.37 1.1274 -30.7769 -23.314 1.1367 -30.9227
3 0 -24.308 1.1179 -30.534 -24.287 1.1184 -30.5409 -24.266 1.1186 -30.5444
4 0 -25.9075 1.688 -34.4525 -25.8865 1.6953 -34.4907 -25.8585 1.7031 -34.5324 -25.8095 1.6954 -34.5081
3 0 -23.9055 1.1992 -31.7418 -23.8985 1.1977 -31.721 -23.979 1.1752 -31.3774
4 0 -23.4015 1.2684 -32.8421 -23.4295 1.268 -32.8317 -23.5275 1.2824 -33.026 -23.496 1.2827 -33.0364
4 0 -23.335 1.1594 -31.2524 -23.328 1.16 -31.2628 -23.349 1.152 -31.1414 -23.3665 1.152 -31.1379
3 0 -23.993 1.1328 -30.7526 -23.986 1.134 -30.77 -23.9855 1.1341 -30.7714
3 0 -23.86 1.1737 -31.3739 -23.72 1.1976 -31.7488 -23.8355 1.1731 -31.3704
4 0 -22.831 1.2662 -32.9045 -22.803 1.2647 -32.8872 -22.8275 1.2631 -32.8594 -22.852 1.2643 -32.8733
3 0 -23.4295 1.1605 -31.2524 -23.4295 1.1595 -31.2385 -23.4365 1.1511 -31.1136
4 0 -22.9745 1.252 -32.672 -22.9605 1.2523 -32.6789 -22.9675 1.25 -32.6442 -22.9815 1.2492 -32.6304
4 0 -23.8845 1.1954 -31.6898 -23.8775 1.1942 -31.6724 -23.9195 1.1746 -31.3774 -23.9475 1.1749 -31.3774
4 0 -23.496 1.143 -30.9852 -23.72 1.1503 -31.0546 -23.4295 1.1605 -31.2524 -23.4365 1.1511 -31.1136
3 0 -25.8305 1.2663 -32.3492 -25.981 1.2779 -32.4742 -25.806 1.2659 -32.3492
4 0 -22.957 1.2667 -32.8907 -22.9325 1.2692 -32.9323 -22.8975 1.2686 -32.9288 -22.922 1.2663 -32.8907
3 0 -24 1.2232 -32.0785 -24.014 1.2427 -32.3631 -23.972 1.2205 -32.0438
4 0 -23.3525 1.1495 -31.1032 -23.342 1.1503 -31.1171 -23.328 1.1383 -30.9435 -23.342 1.1385 -30.9435
4 0 -24.7665 2.0165 -36.2123 -24.7245 2.0138 -36.2088 -24.77 2.0001 -36.1359 -24.91 1.9886 -36.0526
4 0 -22.649 1.1578 -31.3427 -22.6385 1.1584 -31.3531 -22.621 1.1558 -31.3184 -22.642 1.1549 -31.301
3 0 -25.8585 1.2667 -32.3492 -25.981 1.2779 -32.4742 -25.848 1.2666 -32.3492
4 0 -23.4715 2.0348 -36.6427 -23.335 2.0153 -36.5732 -23.4883 2.0084 -36.5149 -23.489 2.0354 -36.6427
3 0 -24.644 1.2642 -32.5818 -24.658 1.2647 -32.5852 -24.352 1.2865 -32.9493
3 0 -24.352 1.2865 -32.9493 -24.623 1.2636 -32.5783 -24.644 1.2642 -32.5818
4 0 -24.924 1.1607 -31.1101 -24.8365 1.1677 -31.2247 -24.8225 1.167 -31.2177 -24.9205 1.1604 -31.1066
3 0 -26.205 1.4831 -33.446 -26.121 1.5093 -33.5848 -26.121 1.5048 -33.564
3 0 -21.718 1.418 -34.0118 -21.711 1.4236 -34.0395 -21.7005 1.4305 -34.0742
3 0 -21.7005 1.4305 -34.0742 -21.529 1.4025 -33.9701 -21.718 1.418 -34.0118
4 0 -24.672 1.1393 -30.8325 -24.56 1.1425 -30.881 -24.525 1.1415 -30.8672 -24.6335 1.1383 -30.8186
3 0 -23.3245 1.1366 -30.9192 -23.314 1.1367 -30.9227 -23.37 1.1274 -30.7769
4 0 -22.019 1.5897 -34.7753 -22.271 1.5993 -34.7788 -22.348 1.6086 -34.81 -22.32 1.6501 -35.0114
3 0 -24.0525 1.1304 -30.7179 -24.0385 1.1306 -30.7214 -24 1.1236 -30.6207
3 0 -23.7725 1.3614 -33.4009 -23.545 1.3768 -33.5119 -23.7795 1.3499 -33.3453
4 0 -24.1715 1.1049 -30.35 -24.1435 1.1066 -30.3743 -24.021 1.1093 -30.416 -24.014 1.1086 -30.4055
4 0 -23.79 1.8204 -35.5736 -23.79 1.8439 -35.6847 -23.776 1.8624 -35.7749 -23.51 1.897 -35.9832
4 0 -26.0615 1.372 -32.967 -26.0475 1.3872 -33.0399 -25.9985 1.3645 -32.9462 -26.0335 1.3677 -32.9531
3 0 -24.3465 1.1366 -30.8012 -24.259 1.1537 -31.0476 -24.3325 1.1352 -30.7804
3 0 -25.638 1.4455 -33.3974 -25.659 1.4435 -33.3835 -25.6835 1.4416 -33.3696
4 0 -25.7115 1.4399 -33.3558 -25.8165 1.448 -33.3696 -25.638 1.4455 -33.3974 -25.6835 1.4416 -33.3696
3 0 -23.944 2.1771 -37.1772 -23.8145 2.176 -37.2153 -23.797 2.168 -37.1841
3 0 -23.797 2.168 -37.1841 -23.79 2.1629 -37.1633 -23.944 2.1771 -37.1772
4 0 -22.9815 1.1398 -31.0233 -22.95 1.1399 -31.0303 -22.957 1.1313 -30.9019 -22.9885 1.1302 -30.881
3 0 -23.2125 1.1412 -31.006 -23.3315 1.1518 -31.1414 -23.1915 1.1417 -31.0164
3 0 -24.0385 1.1306 -30.7214 -24.021 1.1311 -30.7283 -24 1.1236 -30.6207
4 0 -23.552 1.1177 -30.6034 -23.51 1.125 -30.7179 -23.4855 1.1245 -30.7144 -23.538 1.1178 -30.6068
4 0 -24.273 1.79 -35.289 -24.245 1.8031 -35.3584 -24.21 1.7855 -35.289 -24.2905 1.7792 -35.2335
4 0 -22.2115 1.7759 -35.6257 -22.327 1.7726 -35.591 -22.362 1.787 -35.6535 -22.243 1.7879 -35.6778
3 0 -24.105 1.2282 -32.134 -24.188 1.2183 -31.9749 -24.1505 1.2332 -32.2
4 0 -23.629 2.1092 -36.9689 -23.6115 2.0734 -36.8023 -23.6573 2.0834 -36.8422 -23.6338 2.1104 -36.9739
3 0 -24.1505 1.2332 -32.2 -24.126 1.2306 -32.1653 -24.105 1.2282 -32.134
4 0 -26.149 1.3279 -32.7449 -25.981 1.3297 -32.79 -25.9495 1.3183 -32.7449 -26.0965 1.3087 -32.6685
4 0 -23.8285 1.1695 -31.3184 -23.8425 1.1654 -31.2559 -23.8495 1.1664 -31.2698 -23.839 1.1701 -31.3253
3 0 -25.89 1.6275 -34.1784 -25.778 1.6229 -34.1818 -25.806 1.6197 -34.161
4 0 -23.2405 1.2715 -32.915 -23.272 1.2702 -32.8907 -23.286 1.2754 -32.9636 -23.2545 1.276 -32.9774
3 0 -23.769 1.786 -35.414 -23.692 1.7818 -35.407 -23.678 1.7755 -35.3793
3 0 -23.237 1.1678 -31.3913 -23.2265 1.1672 -31.3843 -23.321 1.1611 -31.2802
4 0 -22.9675 1.1186 -30.7144 -22.95 1.1187 -30.7179 -22.9325 1.1161 -30.6832 -22.95 1.1149 -30.6624
4 0 -24.742 1.9821 -36.0596 -24.7455 1.9853 -36.0734 -24.581 1.9767 -36.07 -24.581 1.9752 -36.063
4 0 -23.3105 1.1693 -31.4017 -23.237 1.1678 -31.3913 -23.321 1.1611 -31.2802 -23.321 1.1682 -31.3843
3 0 -24.259 1.1537 -31.0476 -24.1925 1.1679 -31.2524 -24.1715 1.1671 -31.242
4 0 -23.9545 1.1709 -31.3184 -23.9615 1.1741 -31.3635 -23.93 1.1733 -31.3566 -23.9405 1.1705 -31.3149
4 0 -26.338 1.5265 -33.6161 -26.352 1.5098 -33.5362 -26.45 1.5334 -33.623 -26.3625 1.5337 -33.6438
4 0 -24.532 1.1352 -30.7769 -24.448 1.139 -30.8325 -24.4165 1.1377 -30.8151 -24.504 1.1342 -30.763
3 0 -22.691 1.7034 -35.2023 -22.67 1.7034 -35.2057 -23.3 1.6845 -35.0114
4 0 -24.6335 1.1441 -30.9019 -24.8085 1.1426 -30.8776 -24.8643 1.143 -30.8824 -24.644 1.1446 -30.9088
4 0 -24.4445 1.116 -30.5027 -24.4165 1.1162 -30.5062 -24.399 1.1135 -30.468 -24.434 1.1133 -30.4645
4 0 -24.3465 1.1342 -30.7665 -24.399 1.1297 -30.7006 -24.42 1.1307 -30.7144 -24.3605 1.135 -30.7769
3 0 -24.2569 2.2357 -37.3417 -24.2541 2.238 -37.3535 -24.105 2.2085 -37.2674
3 0 -24.259 1.1324 -30.7422 -24.189 1.1376 -30.8186 -24.175 1.1366 -30.8047
4 0 -24.028 1.1328 -30.7526 -24.042 1.1323 -30.7457 -24.063 1.1353 -30.7873 -24.049 1.136 -30.7977
4 0 -25.603 1.259 -32.3006 -25.6555 1.2571 -32.2624 -25.7745 1.2626 -32.311 -25.764 1.2632 -32.3214
4 0 -23.587 1.2528 -32.5818 -23.6255 1.2598 -32.6789 -23.6115 1.2594 -32.6755 -23.58 1.2532 -32.5887
3 0 -25.974 1.454 -33.3627 -26.03 1.468 -33.4148 -25.9705 1.4621 -33.4009
3 0 -24 1.1236 -30.6207 -24.0665 1.1304 -30.7179 -24.0525 1.1304 -30.7179
4 0 -23.5415 1.2454 -32.4811 -23.5765 1.252 -32.5713 -23.5625 1.2518 -32.5713 -23.531 1.2455 -32.4846
4 0 -22.621 1.1596 -31.3739 -22.614 1.16 -31.3808 -22.5965 1.1591 -31.3704 -22.5965 1.1584 -31.36
3 0 -25.498 1.2652 -32.4082 -25.533 1.263 -32.37 -26.0424 1.2865 -32.5783
3 0 -25.533 1.263 -32.37 -25.5715 1.2608 -32.3319 -26.0424 1.2865 -32.5783
3 0 -24.9975 2.0261 -36.2053 -24.9695 2.0262 -36.2123 -24.91 1.9886 -36.0526
3 0 -24.5495 1.1447 -30.9123 -24.6545 1.163 -31.1726 -24.5215 1.1441 -30.9053
4 0 -24.595 1.1372 -30.8047 -24.5005 1.1407 -30.8567 -24.4725 1.14 -30.8463 -24.5635 1.1362 -30.7908
4 0 -21.452 1.2578 -33.0121 -21.424 1.2528 -32.9427 -21.543 1.2556 -32.9636 -21.5955 1.2611 -33.0364
3 0 -23.6885 1.83 -35.6361 -23.51 1.897 -35.9832 -23.6675 1.8308 -35.6431
3 0 -24.189 1.1224 -30.5999 -24 1.1236 -30.6207 -24.1995 1.1217 -30.5895
4 0 -21.963 1.6287 -34.9697 -21.963 1.5892 -34.7823 -21.991 1.5945 -34.8031 -21.9994 1.6317 -34.978
3 0 -24.105 2.2629 -37.5173 -24.07 2.2588 -37.5104 -23.9825 2.2464 -37.4826
4 0 -24.2765 1.2592 -32.5609 -24.259 1.2602 -32.5783 -24.147 1.2358 -32.2381 -24.1645 1.2362 -32.2416
4 0 -23.923 1.203 -31.7939 -24.188 1.2183 -31.9749 -23.965 1.2108 -31.9015 -23.93 1.2047 -31.8182
3 0 -23.965 1.2108 -31.9015 -23.944 1.2072 -31.8529 -23.93 1.2047 -31.8182
4 0 -24.21 2.272 -37.5243 -24.105 2.2629 -37.5173 -23.9825 2.2464 -37.4826 -24.105 2.2085 -37.2674
4 0 -22.047 1.699 -35.289 -21.963 1.7005 -35.3098 -21.942 1.6895 -35.2613 -22.054 1.6861 -35.2265
3 0 -24.6825 1.2641 -32.5713 -24.8575 1.2707 -32.6234 -24.6755 1.265 -32.5852
3 0 -23.888 1.7016 -34.994 -23.8705 1.7054 -35.0148 -23.72 1.6261 -34.6643
4 0 -26.219 1.3146 -32.6685 -26.1315 1.3028 -32.6338 -26.1035 1.2917 -32.5887 -26.1512 1.2865 -32.5544
4 0 -21.6795 1.2444 -32.7761 -21.7775 1.2441 -32.7553 -21.8125 1.2473 -32.797 -21.718 1.2486 -32.8317
3 0 -23.79 1.8204 -35.5736 -23.699 1.8231 -35.6014 -23.706 1.8182 -35.5771
4 0 -21.683 1.2865 -33.3945 -21.669 1.283 -33.3453 -21.991 1.2855 -33.328 -21.9892 1.2865 -33.3435
4 0 -24.1645 1.2352 -32.2277 -24.2854 1.2588 -32.5536 -24.2765 1.2592 -32.5609 -24.1645 1.2362 -32.2416
4 0 -23.356 1.2126 -32.0299 -23.37 1.213 -32.0334 -23.3945 1.2208 -32.1444 -23.391 1.222 -32.1618
3 0 -26.52 1.4438 -33.1961 -26.499 1.4488 -33.2239 -26.4885 1.4446 -33.2065
3 0 -24.0056 2.1612 -37.0835 -23.944 2.1771 -37.1772 -23.9965 2.1606 -37.0835
3 0 -24.2499 2.2119 -37.2348 -24.28 2.2182 -37.2535 -24.3059 2.2241 -37.2723
4 0 -21.683 1.4944 -34.3797 -21.5052 1.5008 -34.4401 -21.4961 1.48 -34.3429 -21.6795 1.481 -34.3172
4 0 -23.2055 1.2295 -32.3041 -23.1775 1.2299 -32.3145 -23.1635 1.226 -32.259 -23.1775 1.2252 -32.2451
4 0 -23.4295 1.2028 -31.8737 -23.4435 1.2025 -31.8668 -23.454 1.2116 -31.9987 -23.4435 1.2105 -31.9848
4 0 -23.9195 1.1746 -31.3774 -23.8775 1.1942 -31.6724 -23.86 1.1942 -31.6759 -23.8845 1.1742 -31.3774
4 0 -22.964 1.1585 -31.301 -22.936 1.1584 -31.3045 -22.9185 1.1511 -31.2004 -22.936 1.1511 -31.1969
4 0 -24.3115 1.1121 -30.4507 -24.252 1.1154 -30.4993 -24 1.1236 -30.6207 -24.21 1.1105 -30.4298
3 0 -24.2275 1.119 -30.5513 -24 1.1236 -30.6207 -24.252 1.1154 -30.4993
3 0 -24.252 1.1154 -30.4993 -24.238 1.1186 -30.5444 -24.2275 1.119 -30.5513
4 0 -26.0965 1.4092 -33.1302 -26.219 1.4559 -33.3176 -25.96 1.4193 -33.2065 -26.0825 1.4078 -33.1267
3 0 -23.6598 1.7968 -35.4834 -23.6619 1.8027 -35.5112 -23.6619 1.8101 -35.5459
3 0 -23.6619 1.8101 -35.5459 -23.3 1.7871 -35.4973 -23.6598 1.7968 -35.4834
3 0 -25.764 1.2642 -32.3353 -25.778 1.2652 -32.3457 -25.603 1.259 -32.3006
4 0 -24.352 1.2865 -32.9493 -24.462 1.5804 -34.2755 -24.413 1.5894 -34.3276 -24.3605 1.5982 -34.3797
4 0 -24.5005 1.1407 -30.8567 -24.595 1.1372 -30.8047 -24.6335 1.1383 -30.8186 -24.525 1.1415 -30.8672
4 0 -23.4085 1.2096 -31.9778 -23.398 1.2098 -31.9813 -23.4015 1.2034 -31.8876 -23.4155 1.2031 -31.8806
4 0 -23.0655 1.1549 -31.2316 -23.0445 1.1561 -31.2524 -23.0025 1.1495 -31.1622 -23.02 1.1485 -31.1448
4 0 -22.9325 1.1161 -30.6832 -22.95 1.1187 -30.7179 -22.936 1.1185 -30.7179 -22.9255 1.1172 -30.7006
3 0 -26.219 1.3146 -32.6685 -26.1805 1.3241 -32.7206 -26.156 1.3138 -32.6789
3 0 -26.156 1.3138 -32.6789 -26.1315 1.3028 -32.6338 -26.219 1.3146 -32.6685
3 0 -23.3 1.6845 -35.0114 -22.698 1.7 -35.1849 -22.691 1.6939 -35.1571
4 0 -23.86 1.1737 -31.3739 -23.8845 1.1742 -31.3774 -23.86 1.1942 -31.6759 -23.72 1.1976 -31.7488
4 0 -24.049 1.136 -30.7977 -24.0385 1.1369 -30.8116 -24.0175 1.1333 -30.7596 -24.028 1.1328 -30.7526
4 0 -24.231 1.966 -36.1116 -24.287 1.9709 -36.1151 -24.2975 1.9981 -36.2366 -24.21 1.9819 -36.1914
3 0 -24.2975 1.9981 -36.2366 -24.175 1.9945 -36.2609 -24.21 1.9819 -36.1914
4 0 -22.9745 1.2378 -32.4638 -22.999 1.2369 -32.4464 -23.0305 1.2432 -32.5332 -23.006 1.2436 -32.5436
3 0 -23.8565 1.1975 -31.7245 -23.72 1.1976 -31.7488 -23.8565 1.1961 -31.7036
4 0 -22.404 1.8493 -35.9415 -22.4005 1.8389 -35.893 -22.453 1.8437 -35.9068 -22.4285 1.8545 -35.9624
3 0 -25.96 1.4193 -33.2065 -25.7675 1.4313 -33.3037 -25.7535 1.4306 -33.3037
4 0 -23.132 1.1666 -31.3913 -23.1005 1.1672 -31.4051 -23.0515 1.159 -31.2941 -23.076 1.1577 -31.2698
3 0 -25.1158 1.9917 -36.0214 -25.12 1.9987 -36.0526 -25.0325 1.9869 -36.0179
4 0 -22.3515 1.7156 -35.3168 -22.411 1.7074 -35.2682 -22.432 1.7228 -35.3376 -22.3515 1.7229 -35.3515
4 0 -22.873 1.1889 -31.7626 -22.8485 1.1898 -31.78 -22.81 1.1849 -31.714 -22.831 1.1837 -31.6932
3 0 -25.82 1.6174 -34.1471 -25.89 1.6275 -34.1784 -25.806 1.6197 -34.161
4 0 -23.3595 1.158 -31.2281 -23.349 1.1586 -31.2385 -23.3805 1.1519 -31.1344 -23.398 1.1519 -31.1309
4 0 -23.3805 1.1486 -31.0858 -23.419 1.1403 -30.9574 -23.4365 1.141 -30.9643 -23.405 1.1489 -31.0858
3 0 -23.72 1.1976 -31.7488 -23.79 1.1681 -31.3045 -23.7935 1.1686 -31.3114
3 0 -23.7935 1.1686 -31.3114 -23.797 1.1694 -31.3218 -23.72 1.1976 -31.7488
4 0 -23.517 1.1083 -30.4715 -23.538 1.1081 -30.4645 -23.594 1.108 -30.4541 -23.5625 1.1143 -30.5513
3 0 -26.205 1.4831 -33.446 -26.121 1.4988 -33.5362 -26.121 1.4942 -33.5154
4 0 -21.648 1.2412 -32.7345 -21.746 1.2416 -32.7241 -21.7775 1.2441 -32.7553 -21.6795 1.2444 -32.7761
3 0 -25.0185 1.1668 -31.1726 -25.0185 1.1745 -31.2767 -25.0115 1.1664 -31.1691
3 0 -23.9965 2.1606 -37.0835 -23.944 2.1771 -37.1772 -23.9825 2.1595 -37.0835
4 0 -23.601 1.2598 -32.6824 -23.594 1.2602 -32.6894 -23.5555 1.2536 -32.5991 -23.5695 1.2535 -32.5956
4 0 -21.963 1.6536 -35.0877 -21.977 1.6453 -35.0461 -22.1205 1.6577 -35.0808 -22.103 1.6615 -35.1016
4 0 -24.0224 2.1432 -36.9953 -24.0679 2.1556 -37.0369 -24.0182 2.1475 -37.0161 -23.9475 2.1256 -36.9391
3 0 -22.8191 1.8113 -35.6923 -22.698 1.7842 -35.584 -22.649 1.7664 -35.5077
3 0 -23.3 1.4502 -33.9007 -23.419 1.409 -33.6855 -23.489 1.3909 -33.5883
4 0 -25.7745 1.4369 -33.328 -25.7815 1.4342 -33.3141 -25.848 1.4442 -33.3453 -25.8165 1.448 -33.3696
4 0 -23.4015 1.4582 -33.9215 -23.3 1.4502 -33.9007 -23.489 1.3909 -33.5883 -23.545 1.3768 -33.5119
4 0 -24.07 2.1712 -37.1077 -24.105 2.2085 -37.2674 -23.944 2.1771 -37.1772 -24.0056 2.1612 -37.0835
4 0 -25.729 1.4309 -33.3106 -25.708 1.4314 -33.3176 -25.54 1.4144 -33.2759 -25.96 1.4193 -33.2065
3 0 -23.7585 2.11 -36.9307 -23.6338 2.1104 -36.9739 -23.741 2.1057 -36.9169
3 0 -24.077 1.1421 -30.8845 -24.259 1.1537 -31.0476 -24.0665 1.1428 -30.8949
4 0 -23.335 1.1788 -31.537 -23.321 1.1796 -31.5509 -23.3455 1.1706 -31.4156 -23.363 1.1706 -31.4121
3 0 -24.679 1.1739 -31.3288 -24.644 1.1739 -31.3288 -24.6615 1.1657 -31.2108
3 0 -26.1 1.562 -33.8313 -25.96 1.5553 -33.8313 -25.925 1.5385 -33.7618
4 0 -24.714 1.1742 -31.3323 -24.679 1.1739 -31.3288 -24.6615 1.1657 -31.2108 -24.672 1.1662 -31.2177
4 0 -26.051 1.5506 -33.7896 -26.1 1.562 -33.8313 -25.925 1.5385 -33.7618 -25.96 1.5402 -33.7618
4 0 -25.12 1.9987 -36.0526 -25.19 2.0322 -36.1914 -24.91 1.9886 -36.0526 -25.0325 1.9869 -36.0179
4 0 -23.7725 2.1065 -36.9099 -23.783 2.0854 -36.8093 -23.8901 2.1128 -36.8995 -23.832 2.1267 -36.9828
4 0 -24.854 1.5266 -33.9423 -24.9835 1.5457 -34.0013 -24.924 1.5617 -34.0881 -24.805 1.5379 -34.0048
3 0 -26.044 1.5472 -33.7757 -26.051 1.5506 -33.7896 -25.96 1.5402 -33.7618
4 0 -23.181 1.2245 -32.2347 -23.391 1.222 -32.1618 -23.251 1.2294 -32.2937 -23.237 1.2292 -32.2937
3 0 -23.265 1.208 -31.9778 -23.356 1.2126 -32.0299 -23.244 1.2085 -31.9882
3 0 -24.1176 2.1749 -37.1091 -24.1442 2.1862 -37.1522 -24.07 2.1712 -37.1077
3 0 -23.342 1.1366 -30.9158 -23.3245 1.1366 -30.9192 -23.37 1.1274 -30.7769
4 0 -22.922 1.1696 -31.4711 -22.894 1.1698 -31.478 -22.88 1.1642 -31.3982 -22.9045 1.164 -31.3913
4 0 -23.5205 1.2457 -32.488 -23.531 1.2455 -32.4846 -23.5625 1.2518 -32.5713 -23.552 1.2522 -32.5783
4 0 -24.399 1.1103 -30.4229 -24.3815 1.1108 -30.4298 -24.3815 1.1084 -30.3951 -24.399 1.1086 -30.3986
3 0 -24.07 2.1712 -37.1077 -24.0056 2.1612 -37.0835 -24.007 2.159 -37.073
4 0 -23.3 1.193 -31.7522 -23.2195 1.1853 -31.6516 -23.223 1.1846 -31.6412 -23.307 1.1818 -31.5856
4 0 -21.529 1.4025 -33.9701 -21.7005 1.4305 -34.0742 -21.6935 1.4402 -34.1214 -21.5101 1.4374 -34.1388
4 0 -23.195 1.1663 -31.3774 -23.174 1.1661 -31.3774 -23.3315 1.1518 -31.1414 -23.321 1.1611 -31.2802
4 0 -23.258 1.2795 -33.0295 -23.2825 1.2784 -33.0087 -23.321 1.2845 -33.092 -23.2895 1.2853 -33.1093
4 0 -24.91 1.9886 -36.0526 -24.7945 1.9861 -36.0665 -24.791 1.9837 -36.0561 -24.889 1.9748 -35.9936
4 0 -22.936 1.252 -32.6789 -22.9395 1.2509 -32.6616 -22.9535 1.2506 -32.6546 -22.9465 1.2524 -32.6824
4 0 -22.593 1.1401 -31.0928 -22.5965 1.1387 -31.0719 -22.607 1.1382 -31.0615 -22.6035 1.1402 -31.0928
4 0 -21.739 1.4187 -34.0118 -21.8706 1.4151 -33.9729 -21.8685 1.4262 -34.0256 -21.739 1.4246 -34.0395
4 0 -25.96 1.4193 -33.2065 -26.03 1.468 -33.4148 -25.974 1.454 -33.3627 -25.967 1.4491 -33.3419
3 0 -24.364 1.9694 -36.0838 -24.352 1.9688 -36.0838 -24.352 1.9552 -36.0214
4 0 -24.1505 1.1398 -30.8498 -24.161 1.1398 -30.8498 -24.1715 1.14 -30.8533 -24.259 1.1537 -31.0476
4 0 -23.0795 1.1544 -31.2212 -23.0655 1.1549 -31.2316 -23.02 1.1485 -31.1448 -23.034 1.147 -31.1205
3 0 -22.404 1.6867 -35.171 -22.404 1.6969 -35.2196 -22.32 1.694 -35.2196
4 0 -24.352 1.2865 -32.9493 -24.1995 1.6215 -34.5393 -24.196 1.6235 -34.5497 -24.0231 1.6638 -34.7923
4 0 -25.295 1.38 -33.1718 -25.54 1.4144 -33.2759 -25.5015 1.4458 -33.4286 -25.19 1.4581 -33.5536
4 0 -22.922 1.2441 -32.5644 -22.8905 1.2437 -32.5644 -22.88 1.24 -32.5123 -22.901 1.2398 -32.5054
4 0 -25.295 1.38 -33.1718 -25.4385 1.3649 -33.0712 -25.449 1.3669 -33.0781 -25.54 1.4144 -33.2759
4 0 -24.427 1.9588 -36.0214 -24.4025 1.9704 -36.0804 -24.364 1.9694 -36.0838 -24.352 1.9552 -36.0214
3 0 -25.5015 1.4458 -33.4286 -25.4875 1.4474 -33.4391 -25.19 1.4581 -33.5536
4 0 -24.5495 1.9729 -36.0596 -24.525 1.9627 -36.0179 -24.6545 1.9674 -36.011 -24.5705 1.9739 -36.0596
3 0 -24.427 1.9588 -36.0214 -24.4445 1.9717 -36.0769 -24.4025 1.9704 -36.0804
4 0 -23.853 1.1707 -31.3323 -23.86 1.1673 -31.2802 -23.8775 1.1682 -31.2906 -23.8635 1.1711 -31.3357
3 0 -26.0545 1.3981 -33.0885 -25.96 1.4193 -33.2065 -26.044 1.3946 -33.0746
4 0 -26.5655 1.5245 -33.5571 -26.45 1.5334 -33.623 -26.352 1.5098 -33.5362 -26.45 1.4729 -33.3453
4 0 -23.3 1.2663 -32.8282 -23.2405 1.2666 -32.8421 -23.1985 1.2578 -32.7206 -23.2615 1.2571 -32.6998
4 0 -23.741 1.7279 -35.1432 -23.72 1.6261 -34.6643 -23.86 1.7094 -35.0357 -23.853 1.7128 -35.053
3 0 -22.6245 1.6461 -34.9419 -22.46 1.655 -35.0114 -22.74 1.5916 -34.6643
3 0 -23.3 1.6113 -34.6643 -23.433 1.5581 -34.3901 -23.454 1.5611 -34.4005
4 0 -23.5065 1.5724 -34.4456 -23.3 1.6113 -34.6643 -23.454 1.5611 -34.4005 -23.489 1.5674 -34.4248
3 0 -25.5435 1.308 -32.7865 -25.5106 1.2865 -32.695 -25.568 1.2993 -32.7414
3 0 -25.568 1.2993 -32.7414 -25.5575 1.3034 -32.7622 -25.5435 1.308 -32.7865
4 0 -26.457 1.4483 -33.2308 -26.45 1.4729 -33.3453 -26.38 1.4243 -33.1371 -26.4465 1.441 -33.1996
4 0 -21.424 1.276 -33.2829 -21.452 1.2805 -33.3453 -21.34 1.2764 -33.3037 -21.34 1.2707 -33.2204
4 0 -25.029 1.1667 -31.1691 -25.0605 1.1754 -31.2802 -25.0185 1.1745 -31.2767 -25.0185 1.1668 -31.1726
3 0 -26.5515 1.5337 -33.6022 -26.5585 1.5393 -33.6265 -26.45 1.5334 -33.623
3 0 -23.72 1.5382 -34.2478 -23.538 1.5626 -34.3935 -23.517 1.5567 -34.3692
3 0 -23.454 1.4564 -33.9042 -23.72 1.5382 -34.2478 -23.4295 1.4584 -33.918
4 0 -24.0595 1.8728 -35.7402 -23.93 1.886 -35.8444 -24.21 1.7855 -35.289 -24.098 1.8604 -35.6708
3 0 -23.671 1.2963 -33.1093 -23.7935 1.3358 -33.2759 -23.6605 1.3208 -33.2273
3 0 -23.1145 1.2957 -33.1996 -23.125 1.2947 -33.1926 -23.125 1.3012 -33.2239
3 0 -23.125 1.3012 -33.2239 -23.104 1.3005 -33.2239 -23.1145 1.2957 -33.1996
4 0 -23.4785 1.2284 -32.2416 -23.468 1.228 -32.2381 -23.4435 1.2216 -32.1479 -23.454 1.2213 -32.141
3 0 -23.468 1.228 -32.2381 -23.454 1.2279 -32.2381 -23.4435 1.2216 -32.1479
4 0 -21.7635 1.255 -32.9184 -21.8685 1.2531 -32.8733 -21.9245 1.2599 -32.9636 -21.802 1.2609 -32.9983
3 0 -23.321 1.1611 -31.2802 -23.2265 1.1672 -31.3843 -23.2125 1.1668 -31.3808
4 0 -23.51 1.2458 -32.4915 -23.5205 1.2457 -32.488 -23.552 1.2522 -32.5783 -23.545 1.2525 -32.5852
4 0 -24.07 2.1712 -37.1077 -24.1442 2.1862 -37.1522 -24.1813 2.1969 -37.189 -24.105 2.2085 -37.2674
4 0 -22.299 1.8038 -35.7437 -22.3865 1.7974 -35.6986 -22.4145 1.8094 -35.7506 -22.3375 1.8147 -35.7888
4 0 -24.3955 1.1367 -30.8012 -24.4655 1.1329 -30.7457 -24.504 1.1342 -30.763 -24.4165 1.1377 -30.8151
3 0 -24.352 1.2865 -32.9493 -25.3011 1.2865 -32.741 -25.106 1.2901 -32.8004
4 0 -22.005 1.7444 -35.5112 -21.984 1.751 -35.5459 -21.9595 1.7487 -35.5389 -21.963 1.74 -35.4973
3 0 -22.614 1.6516 -34.9697 -22.46 1.655 -35.0114 -22.6245 1.6461 -34.9419
3 0 -25.778 1.6229 -34.1818 -25.68 1.6326 -34.2478 -25.7395 1.6241 -34.1957
4 0 -25.9425 1.6753 -34.3866 -25.9075 1.688 -34.4525 -25.89 1.6728 -34.3866 -25.9915 1.6543 -34.279
4 0 -23.223 1.1239 -30.7492 -23.209 1.1232 -30.7422 -23.216 1.1151 -30.6207 -23.258 1.1155 -30.6207
4 0 -23.979 1.158 -31.124 -23.9055 1.1676 -31.2767 -23.895 1.167 -31.2698 -23.979 1.1575 -31.1171
3 0 -23.8705 1.7054 -35.0148 -23.86 1.7094 -35.0357 -23.72 1.6261 -34.6643
4 0 -26.03 1.468 -33.4148 -25.96 1.4193 -33.2065 -26.219 1.4559 -33.3176 -26.205 1.4831 -33.446
3 0 -23.79 1.8204 -35.5736 -23.706 1.8182 -35.5771 -23.7095 1.8117 -35.5459
4 0 -23.433 1.2288 -32.2555 -23.426 1.2292 -32.2624 -23.405 1.2219 -32.1583 -23.419 1.2218 -32.1548
4 0 -21.9595 1.2661 -33.0493 -21.83 1.2683 -33.1024 -21.802 1.2609 -32.9983 -21.9245 1.2599 -32.9636
3 0 -21.991 1.5945 -34.8031 -22.0155 1.5939 -34.7962 -22.32 1.6501 -35.0114
3 0 -23.8355 1.1731 -31.3704 -23.72 1.1976 -31.7488 -23.825 1.1725 -31.3635
4 0 -25.0465 2.0314 -36.2192 -24.91 1.9886 -36.0526 -25.19 2.0322 -36.1914 -25.071 2.0364 -36.2366
4 0 -23.4435 1.2025 -31.8668 -23.4505 1.2021 -31.8598 -23.468 1.2207 -32.1306 -23.454 1.2116 -31.9987
4 0 -24.4655 1.1329 -30.7457 -24.3955 1.1367 -30.8012 -24.3745 1.1357 -30.7873 -24.4375 1.1317 -30.7283
4 0 -23.8915 1.1965 -31.7036 -23.965 1.1751 -31.3774 -23.979 1.1752 -31.3774 -23.8985 1.1977 -31.721
3 0 -23.762 1.9766 -36.3164 -23.7537 1.9728 -36.3019 -23.797 1.9833 -36.3358
4 0 -25.0955 1.1632 -31.1066 -25.1025 1.1654 -31.1344 -25.0325 1.1642 -31.1344 -25.029 1.1629 -31.1171
3 0 -23.762 1.881 -35.8652 -23.51 1.897 -35.9832 -23.776 1.8624 -35.7749
4 0 -23.174 1.2405 -32.4707 -23.1495 1.2405 -32.4742 -23.146 1.2341 -32.3805 -23.1775 1.234 -32.3735
4 0 -25.6625 1.6272 -34.2269 -25.694 1.6242 -34.2061 -25.7395 1.6241 -34.1957 -25.68 1.6326 -34.2478
4 0 -23.988 1.1351 -30.7863 -23.993 1.1349 -30.7839 -24.014 1.1403 -30.8602 -24.0105 1.1415 -30.8776
4 0 -24.357 1.117 -30.5201 -24.3325 1.1175 -30.527 -24.3255 1.1131 -30.4645 -24.3395 1.1134 -30.468
4 0 -24.518 1.1144 -30.4784 -24.539 1.1151 -30.4888 -24.5495 1.1166 -30.5097 -24.5355 1.1166 -30.5097
3 0 -25.764 1.2632 -32.3214 -25.764 1.2642 -32.3353 -25.603 1.259 -32.3006
3 0 -23.988 1.1351 -30.7863 -23.986 1.1576 -31.1171 -23.979 1.1575 -31.1171
4 0 -23.846 1.1631 -31.2212 -23.72 1.1503 -31.0546 -23.988 1.1351 -30.7863 -23.979 1.1575 -31.1171
4 0 -23.202 2.0282 -36.6565 -23.167 2.0211 -36.6288 -23.237 2.0111 -36.5698 -23.258 2.0148 -36.5837
4 0 -23.4155 1.2031 -31.8806 -23.4295 1.2028 -31.8737 -23.4435 1.2105 -31.9848 -23.4295 1.2099 -31.9778
4 0 -24.0385 1.1033 -30.3292 -24.175 1.1023 -30.3118 -24.182 1.103 -30.3222 -24.0245 1.105 -30.3535
3 0 -23.8845 1.1664 -31.2628 -23.874 1.1658 -31.2559 -23.867 1.1652 -31.249
3 0 -23.8845 1.1664 -31.2628 -23.867 1.1652 -31.249 -23.979 1.1575 -31.1171
3 0 -23.979 1.1575 -31.1171 -23.895 1.167 -31.2698 -23.8845 1.1664 -31.2628
3 0 -24.352 1.2865 -32.9493 -24.3395 1.2608 -32.5818 -24.371 1.2602 -32.5713
4 0 -21.921 1.5628 -34.6643 -22.026 1.5548 -34.6087 -22.082 1.5684 -34.6643 -21.97 1.5748 -34.7129
3 0 -25.463 1.3669 -33.0746 -25.54 1.4144 -33.2759 -25.449 1.3669 -33.0781
4 0 -23.342 1.2016 -31.8702 -23.335 1.2022 -31.8806 -23.328 1.1934 -31.7522 -23.349 1.1934 -31.7488
3 0 -25.505 1.3522 -32.9983 -25.4735 1.3568 -33.026 -25.4525 1.3596 -33.0434
3 0 -25.4525 1.3596 -33.0434 -25.449 1.3405 -32.9566 -25.505 1.3522 -32.9983
3 0 -24.364 1.1381 -30.822 -24.259 1.1537 -31.0476 -24.3465 1.1366 -30.8012
3 0 -25.582 1.4383 -33.3766 -25.5645 1.4397 -33.387 -25.54 1.4144 -33.2759
4 0 -22.831 1.1705 -31.4989 -22.817 1.1708 -31.5058 -22.782 1.1668 -31.4537 -22.796 1.1663 -31.4433
4 0 -21.536 1.3808 -33.866 -21.732 1.4155 -33.9979 -21.718 1.418 -34.0118 -21.529 1.4025 -33.9701
3 0 -24.014 1.2427 -32.3631 -24.056 1.2283 -32.1444 -24.084 1.2308 -32.1757
4 0 -25.68 1.693 -34.5254 -25.89 1.6728 -34.3866 -25.799 1.687 -34.4716 -25.785 1.6882 -34.4803
3 0 -23.412 1.1118 -30.5409 -23.44 1.1141 -30.5687 -23.3945 1.1128 -30.5583
3 0 -26.03 1.468 -33.4148 -26.205 1.4831 -33.446 -26.114 1.4879 -33.4877
3 0 -26.114 1.4879 -33.4877 -26.1035 1.4858 -33.4807 -26.03 1.468 -33.4148
3 0 -23.9855 1.1341 -30.7714 -23.832 1.0998 -30.2945 -23.8495 1.0991 -30.2806
3 0 -23.72 1.1503 -31.0546 -23.986 1.1351 -30.7873 -23.988 1.1351 -30.7863
3 0 -25.113 1.2897 -32.797 -25.106 1.2901 -32.8004 -25.3011 1.2865 -32.741
3 0 -24.0632 1.1664 -31.233 -24.112 1.1806 -31.4364 -24.1085 1.1828 -31.4676
3 0 -24.511 1.5722 -34.2269 -24.462 1.5804 -34.2755 -24.352 1.2865 -32.9493
3 0 -23.9475 1.0995 -30.2771 -23.9545 1.101 -30.2979 -23.8958 1.0967 -30.2382
4 0 -23.972 1.1051 -30.3569 -23.8958 1.0967 -30.2382 -23.9615 1.1022 -30.3153 -23.9685 1.1034 -30.3326
3 0 -26.1512 1.2865 -32.5544 -26.1035 1.2917 -32.5887 -26.0908 1.2865 -32.5677
3 0 -23.9855 1.1341 -30.7714 -23.881 1.0976 -30.2528 -23.895 1.0968 -30.2389
4 0 -21.473 1.3097 -33.5397 -21.41 1.2885 -33.4495 -21.55 1.3007 -33.4842 -21.613 1.3161 -33.5467
4 0 -23.8545 1.8571 -35.7368 -23.9888 1.7031 -34.9845 -24.28 1.6999 -34.8725 -23.853 1.8623 -35.7611
3 0 -24.8643 1.143 -30.8824 -24.7945 1.1673 -31.2281 -24.7493 1.1752 -31.3463
3 0 -24.469 1.5997 -34.3623 -24.5285 1.5919 -34.3137 -24.7945 1.5903 -34.2478
3 0 -24.0526 1.162 -31.1701 -24.021 1.1439 -30.9123 -24.035 1.144 -30.9123
3 0 -24.4025 1.2597 -32.5644 -24.427 1.2595 -32.5609 -24.4489 1.2594 -32.5582
3 0 -24.4489 1.2594 -32.5582 -24.352 1.2865 -32.9493 -24.4025 1.2597 -32.5644
4 0 -23.2265 1.2811 -33.0573 -23.264 1.2865 -33.1308 -23.181 1.2855 -33.1302 -23.202 1.2832 -33.092
4 0 -24.7945 1.1673 -31.2281 -24.8643 1.143 -30.8824 -24.889 1.1436 -30.8845 -24.8225 1.167 -31.2177
4 0 -25.4245 1.2674 -32.4533 -26.0424 1.2865 -32.5783 -25.5106 1.2865 -32.695 -25.351 1.2698 -32.5019
3 0 -25.3011 1.2865 -32.741 -25.1585 1.2972 -32.8212 -25.1375 1.2924 -32.8039
3 0 -24.294 1.2617 -32.5956 -24.315 1.2613 -32.5887 -24.352 1.2865 -32.9493
4 0 -21.6879 1.2994 -33.455 -21.683 1.2865 -33.3945 -21.9892 1.2865 -33.3435 -21.9805 1.302 -33.4182
4 0 -23.72 1.5382 -34.2478 -24.352 1.2865 -32.9493 -24.0231 1.6638 -34.7923 -23.72 1.6261 -34.6643
4 0 -23.72 1.6261 -34.6643 -24.0231 1.6638 -34.7923 -23.9895 1.6861 -34.9038 -23.951 1.6906 -34.9315
3 0 -24.0231 1.6638 -34.7923 -24.0053 1.6842 -34.892 -23.9895 1.6861 -34.9038
3 0 -25.6485 1.2866 -32.6651 -25.5106 1.2865 -32.695 -26.0424 1.2865 -32.5783
3 0 -23.9855 1.1341 -30.7714 -23.867 1.0983 -30.2667 -23.881 1.0976 -30.2528
3 0 -24.042 1.1613 -31.1622 -24.028 1.1604 -31.1518 -23.988 1.1351 -30.7863
3 0 -24.7493 1.1752 -31.3463 -24.6825 1.1664 -31.2212 -24.6965 1.1662 -31.2177
4 0 -24.2695 1.61 -34.463 -24.352 1.2865 -32.9493 -24.352 1.5997 -34.3881 -24.322 1.604 -34.4178
4 0 -24.8575 1.2707 -32.6234 -25.134 1.2772 -32.6512 -25.3011 1.2865 -32.741 -24.352 1.2865 -32.9493
4 0 -23.7515 1.9275 -36.0873 -23.7537 1.9728 -36.3019 -23.734 1.9649 -36.2678 -23.727 1.9471 -36.1845
3 0 -24.352 1.2865 -32.9493 -23.8425 1.3433 -33.3037 -23.839 1.3352 -33.2655
4 0 -25.351 1.2698 -32.5019 -25.5106 1.2865 -32.695 -25.3011 1.2865 -32.741 -25.274 1.2723 -32.554
4 0 -24.322 2.2786 -37.5173 -24.3388 2.262 -37.4354 -24.352 2.2619 -37.4305 -24.352 2.2798 -37.5126
3 0 -26.0424 1.2865 -32.5783 -25.981 1.2779 -32.4742 -26.037 1.2846 -32.554
3 0 -24.007 1.159 -31.1344 -23.9965 1.1582 -31.124 -23.988 1.1351 -30.7863
3 0 -24.352 1.2865 -32.9493 -24.273 1.262 -32.6026 -24.2926 1.2618 -32.5961
3 0 -23.7537 1.9728 -36.3019 -23.8005 1.9028 -35.9624 -23.8289 1.8865 -35.8804
4 0 -23.9825 1.1748 -31.3704 -24.0632 1.1664 -31.233 -24.1085 1.1828 -31.4676 -24.188 1.2183 -31.9749
3 0 -21.382 1.2835 -33.4009 -21.354 1.2794 -33.3453 -21.487 1.2853 -33.4092
4 0 -23.643 2.0679 -36.7711 -23.608 2.041 -36.6496 -23.6799 2.0574 -36.7152 -23.666 2.0734 -36.7931
4 0 -24.8643 1.143 -30.8824 -24.7493 1.1752 -31.3463 -24.6965 1.1662 -31.2177 -24.7 1.1655 -31.2073
3 0 -23.6573 2.0834 -36.8422 -23.727 2.1017 -36.903 -23.6338 2.1104 -36.9739
3 0 -24.188 1.2183 -31.9749 -24.084 1.2258 -32.1028 -24.063 1.2235 -32.0715
3 0 -24.352 1.2865 -32.9493 -25.295 1.38 -33.1718 -25.19 1.4581 -33.5536
3 0 -23.9965 1.1582 -31.124 -23.986 1.1576 -31.1171 -23.988 1.1351 -30.7863
4 0 -24.3563 2.2576 -37.4097 -24.352 2.2546 -37.3969 -24.3829 2.2462 -37.3514 -24.4375 2.2633 -37.418
3 0 -24.352 1.2865 -32.9493 -24.371 1.2602 -32.5713 -24.4025 1.2597 -32.5644
4 0 -24.5565 1.2335 -32.1826 -24.497 1.2555 -32.495 -24.4646 1.255 -32.495 -24.5445 1.2326 -32.1727
3 0 -23.6799 2.0574 -36.7152 -23.748 2.0964 -36.8717 -23.666 2.0734 -36.7931
3 0 -24.0632 1.1664 -31.233 -24.119 1.1787 -31.4086 -24.112 1.1806 -31.4364
4 0 -25.827 1.2913 -32.6477 -26.0424 1.2865 -32.5783 -26.044 1.2881 -32.5852 -25.855 1.2919 -32.6442
4 0 -23.818 1.7702 -35.3307 -23.8635 1.7198 -35.0842 -23.888 1.7177 -35.0704 -23.846 1.7931 -35.4348
4 0 -23.9475 1.1082 -30.4021 -23.8958 1.0967 -30.2382 -23.972 1.1051 -30.3569 -23.9685 1.1061 -30.3708
3 0 -24.105 1.2282 -32.134 -24.084 1.2258 -32.1028 -24.188 1.2183 -31.9749
3 0 -24.188 1.2183 -31.9749 -24.273 1.2092 -31.8425 -24.3605 1.2185 -31.9744
4 0 -24.3388 2.262 -37.4354 -24.322 2.2786 -37.5173 -24.21 2.272 -37.5243 -24.3199 2.2602 -37.4333
4 0 -25.4525 1.3596 -33.0434 -25.295 1.38 -33.1718 -25.3011 1.2865 -32.741 -25.449 1.3405 -32.9566
4 0 -23.867 1.9117 -35.9832 -23.867 1.917 -36.0075 -23.7537 1.9728 -36.3019 -23.8289 1.8865 -35.8804
3 0 -25.2355 1.3235 -32.9254 -25.3011 1.2865 -32.741 -25.2565 1.3328 -32.9636
3 0 -25.3011 1.2865 -32.741 -25.2705 1.3403 -32.9948 -25.2565 1.3328 -32.9636
3 0 -25.211 1.3133 -32.8837 -25.3011 1.2865 -32.741 -25.2355 1.3235 -32.9254
4 0 -21.809 1.2775 -33.2412 -21.991 1.2855 -33.328 -21.669 1.283 -33.3453 -21.641 1.2779 -33.2759
3 0 -23.17 1.2865 -33.1465 -23.181 1.2855 -33.1302 -23.264 1.2865 -33.1308
4 0 -24.595 2.0061 -36.2019 -24.497 2.0022 -36.2053 -24.455 1.9813 -36.1186 -24.483 1.9811 -36.1116
4 0 -24.6405 1.2428 -32.2902 -24.567 1.2574 -32.5054 -24.5355 1.2564 -32.4985 -24.5985 1.2378 -32.2312
4 0 -24.497 1.2555 -32.495 -24.5565 1.2335 -32.1826 -24.5985 1.2378 -32.2312 -24.5355 1.2564 -32.4985
3 0 -25.3011 1.2865 -32.741 -25.302 1.3569 -33.0642 -25.295 1.3528 -33.0469
3 0 -25.3011 1.2865 -32.741 -25.211 1.3133 -32.8837 -25.1865 1.3045 -32.849
3 0 -25.1585 1.2972 -32.8212 -25.3011 1.2865 -32.741 -25.1865 1.3045 -32.849
3 0 -24.352 2.2546 -37.3969 -24.3514 2.2542 -37.3951 -24.352 2.238 -37.3208
3 0 -23.8958 1.0967 -30.2382 -23.9545 1.101 -30.2979 -23.9615 1.1022 -30.3153
4 0 -24.352 1.9552 -36.0214 -24.352 1.9688 -36.0838 -24.315 1.9661 -36.0838 -24.315 1.9525 -36.0214
3 0 -23.9855 1.1341 -30.7714 -23.8495 1.0991 -30.2806 -23.867 1.0983 -30.2667
3 0 -23.9855 1.1341 -30.7714 -23.895 1.0968 -30.2389 -23.8958 1.0967 -30.2382
3 0 -23.944 2.1771 -37.1772 -23.776 2.1544 -37.1286 -23.748 2.1448 -37.0939
3 0 -24.35 1.9762 -36.1186 -24.352 1.9764 -36.1187 -24.2975 1.9981 -36.2366
3 0 -24.287 1.9709 -36.1151 -24.35 1.9762 -36.1186 -24.2975 1.9981 -36.2366
4 0 -24.352 1.9999 -36.2267 -24.352 1.9764 -36.1187 -24.4025 1.9795 -36.122 -24.413 2.0004 -36.2157
3 0 -24.188 1.2183 -31.9749 -24.1645 1.2352 -32.2277 -24.1505 1.2332 -32.2
3 0 -24.2854 1.2588 -32.5536 -24.1645 1.2352 -32.2277 -24.188 1.2183 -31.9749
4 0 -23.671 1.2963 -33.1093 -23.6659 1.2865 -33.0638 -23.8005 1.3323 -33.2586 -23.7935 1.3358 -33.2759
3 0 -23.8005 1.3323 -33.2586 -23.6659 1.2865 -33.0638 -23.8215 1.3309 -33.2482
4 0 -23.839 1.3352 -33.2655 -23.8215 1.3309 -33.2482 -23.6659 1.2865 -33.0638 -24.352 1.2865 -32.9493
3 0 -25.7885 1.2933 -32.6651 -25.659 1.2871 -32.6651 -25.806 1.2918 -32.6546
3 0 -25.806 1.2918 -32.6546 -25.659 1.2871 -32.6651 -25.827 1.2913 -32.6477
4 0 -25.6485 1.2866 -32.6651 -26.0424 1.2865 -32.5783 -25.827 1.2913 -32.6477 -25.659 1.2871 -32.6651
3 0 -24.7436 1.5283 -33.9741 -24.7 1.5367 -34.0222 -24.352 1.2865 -32.9493
3 0 -24.763 1.5246 -33.9527 -24.7436 1.5283 -33.9741 -24.352 1.2865 -32.9493
4 0 -24.772 1.5458 -34.0484 -24.805 1.5379 -34.0048 -24.924 1.5617 -34.0881 -24.831 1.5822 -34.2028
4 0 -24.772 1.5458 -34.0484 -24.831 1.5822 -34.2028 -24.7945 1.5903 -34.2478 -24.7525 1.5505 -34.0742
3 0 -24.91 1.9886 -36.0526 -24.9695 2.0262 -36.2123 -24.952 2.0269 -36.2192
4 0 -24.9065 2.0285 -36.2366 -24.91 1.9886 -36.0526 -24.952 2.0269 -36.2192 -24.9275 2.0288 -36.2331
0 // Black text "Ferrari"
4 0 -15.773 1.7665 -36.5494 -17.133 1.8007 -36.5494 -18 1.9635 -37.2238 -14.7212 1.8776 -37.2238
4 0 -17.133 1.2865 -34.0291 -15.773 1.3228 -34.3747 -15.2842 1.3105 -34.3747 -15.308 1.2865 -34.2543
3 0 -17.133 1.1348 -31.6774 -17.83 1.087 -30.8513 -17.83 1.1403 -31.6774
4 0 -14.7212 1.8776 -37.2238 -14.634 1.8761 -37.2238 -14.634 1.7396 -36.5494 -14.8544 1.7434 -36.5494
4 0 -17.133 1.2865 -34.0291 -15.308 1.2865 -34.2543 -15.308 1.2486 -33.6666 -15.773 1.2523 -33.6666
3 0 -15.308 1.1202 -31.6774 -15.308 1.067 -30.8513 -15.773 1.1239 -31.6774
4 0 -15.127 1.3078 -34.3747 -15.127 1.4306 -34.9816 -14.362 1.4175 -34.9816 -14.362 1.2865 -34.3345
4 0 0 1.0309 -30.8513 -3.7927 1.0347 -30.8513 -4.0818 1.0857 -31.6774 0 1.0816 -31.6774
4 0 -17.83 1.087 -30.8513 -17.133 1.1348 -31.6774 -15.773 1.1239 -31.6774 -15.308 1.067 -30.8513
4 0 -15.308 1.2486 -33.6666 -15.308 1.2865 -34.2543 -14.362 1.2865 -34.3345 -15.127 1.2476 -33.6666
4 0 -15.308 1.2865 -34.2543 -15.2842 1.3105 -34.3747 -15.127 1.3078 -34.3747 -14.362 1.2865 -34.3345
4 0 -11.5807 1.0466 -30.8513 -15.308 1.067 -30.8513 -15.308 1.1202 -31.6774 -11.3152 1.0984 -31.6774
4 0 3.7927 1.0347 -30.8513 0 1.0309 -30.8513 0 1.0816 -31.6774 4.0818 1.0857 -31.6774
4 0 11.3152 1.0984 -31.6774 11.5807 1.0466 -30.8513 3.7927 1.0347 -30.8513 4.0818 1.0857 -31.6774
4 0 -17.133 1.2865 -34.0291 -15.773 1.2523 -33.6666 -15.773 1.1239 -31.6774 -17.133 1.1348 -31.6774
4 0 -15.127 1.2476 -33.6666 -14.362 1.2865 -34.3345 -14.362 1.2043 -33.0597 -15.127 1.2084 -33.0597
3 0 -14.8544 1.7434 -36.5494 -15.773 1.7665 -36.5494 -14.7212 1.8776 -37.2238
4 0 15.308 1.0675 -30.8592 15.308 1.1202 -31.6774 15.62 1.1227 -31.6774 15.62 1.0694 -30.8513
4 0 -15.773 1.3228 -34.3747 -17.133 1.2865 -34.0291 -17.133 1.8007 -36.5494 -15.773 1.7665 -36.5494
4 0 -4.0818 1.0857 -31.6774 -3.7927 1.0347 -30.8513 -11.5807 1.0466 -30.8513 -11.3152 1.0984 -31.6774
3 0 -18 1.8243 -36.5494 -18 1.9635 -37.2238 -17.133 1.8007 -36.5494
4 0 11.5807 1.0466 -30.8513 11.3152 1.0984 -31.6774 15.308 1.1202 -31.6774 15.308 1.0675 -30.8592
4 0 -10.3594 1.1954 -33.2452 -10.2554 1.1964 -33.2658 -10.1816 1.1522 -32.5773 -10.3594 1.1524 -32.5709
4 0 -9.8008 1.7829 -37.159 -9.5876 1.7675 -37.0956 -10.167 1.6479 -36.4705 -9.9973 1.793 -37.1971
4 0 -11.8452 1.1672 -32.699 -11.2658 1.2044 -33.3241 -11.4355 1.1584 -32.5975 -11.6317 1.162 -32.6353
4 0 -11.1774 1.2001 -33.2658 -11.2512 1.1561 -32.5773 -11.4355 1.1584 -32.5975 -11.2658 1.2044 -33.3241
4 0 -10.3594 1.8028 -37.2238 -10.3594 1.6662 -36.5494 -11.0734 1.6785 -36.5494 -11.0734 1.815 -37.2238
4 0 -9.1269 1.1732 -32.9579 -9.3578 1.1639 -32.8008 -9.5876 1.1581 -32.699 -10.167 1.1998 -33.3241
4 0 -10.1081 1.6294 -36.3829 -9.3578 1.7441 -36.9938 -9.1269 1.7095 -36.8367 -10.0874 1.6083 -36.2797
4 0 -8.9389 1.187 -33.1842 -9.1269 1.1732 -32.9579 -10.167 1.1998 -33.3241 -10.1081 1.2052 -33.4118
4 0 -9.5876 1.1581 -32.699 -9.8008 1.1547 -32.6356 -9.9973 1.1529 -32.5975 -10.167 1.1998 -33.3241
4 0 -8.8634 1.5738 -36.182 -10.0874 1.5025 -35.7571 -10.0874 1.6083 -36.2797 -8.8634 1.6038 -36.3303
3 0 -8.8634 1.5738 -36.182 -8.8634 1.4886 -35.7571 -10.0874 1.5025 -35.7571
4 0 -8.8634 1.2046 -33.4643 -10.0874 1.2117 -33.5149 -10.0874 1.2865 -34.6874 -8.8634 1.2865 -34.7483
3 0 -11.3454 1.3316 -34.813 -11.3454 1.2865 -34.5901 -12.5694 1.2865 -34.4864
4 0 -11.4355 1.8158 -37.1971 -11.2658 1.6658 -36.4705 -11.8452 1.8023 -37.0956 -11.6317 1.8115 -37.1594
4 0 -12.3059 1.7578 -36.8367 -12.075 1.7856 -36.9938 -11.8452 1.8023 -37.0956 -11.2658 1.6658 -36.4705
4 0 -8.8634 1.6038 -36.3303 -10.0874 1.6083 -36.2797 -9.1269 1.7095 -36.8367 -8.9389 1.6614 -36.6105
4 0 -10.1081 1.6294 -36.3829 -10.167 1.6479 -36.4705 -9.5876 1.7675 -37.0956 -9.3578 1.7441 -36.9938
4 0 -10.2554 1.6608 -36.5289 -10.1816 1.7993 -37.2174 -9.9973 1.793 -37.1971 -10.167 1.6479 -36.4705
3 0 -10.352 1.6658 -36.548 -10.352 1.8026 -37.2235 -10.2554 1.6608 -36.5289
4 0 -11.0734 1.1982 -33.2452 -11.0734 1.1547 -32.5709 -11.2512 1.1561 -32.5773 -11.1774 1.2001 -33.2658
4 0 -11.8452 1.1672 -32.699 -12.075 1.1751 -32.8008 -12.3059 1.1865 -32.9579 -11.2658 1.2044 -33.3241
4 0 -11.2512 1.8168 -37.2174 -11.0734 1.815 -37.2238 -11.0734 1.6785 -36.5494 -11.1774 1.6761 -36.5289
4 0 -11.2658 1.2044 -33.3241 -12.3059 1.1865 -32.9579 -12.4939 1.2021 -33.1842 -11.3247 1.2104 -33.4118
4 0 -12.5694 1.2206 -33.4643 -11.3454 1.2171 -33.5149 -11.3247 1.2104 -33.4118 -12.4939 1.2021 -33.1842
4 0 -12.5694 1.2206 -33.4643 -12.5694 1.2865 -34.4864 -11.3454 1.2865 -34.5901 -11.3454 1.2171 -33.5149
4 0 -11.3454 1.3316 -34.813 -11.3454 1.4204 -35.2513 -10.352 1.4033 -35.2513 -10.352 1.3146 -34.813
4 0 -11.2512 1.8168 -37.2174 -11.1774 1.6761 -36.5289 -11.2658 1.6658 -36.4705 -11.4355 1.8158 -37.1971
4 0 -10.167 1.1998 -33.3241 -9.9973 1.1529 -32.5975 -10.1816 1.1522 -32.5773 -10.2554 1.1964 -33.2658
4 0 -10.3594 1.1954 -33.2452 -10.3594 1.1524 -32.5709 -11.0281 1.1545 -32.5709 -10.8113 1.1968 -33.2452
4 0 -10.352 1.8026 -37.2235 -10.352 1.6658 -36.548 -10.3594 1.6662 -36.5494 -10.3594 1.8028 -37.2238
4 0 -10.1081 1.2052 -33.4118 -10.0874 1.2117 -33.5149 -8.8634 1.2046 -33.4643 -8.9389 1.187 -33.1842
4 0 -10.352 1.4033 -35.2513 -8.8634 1.3873 -35.2513 -10.0874 1.3117 -34.813 -10.352 1.3146 -34.813
4 0 -11.3454 1.4204 -35.2513 -11.3454 1.3316 -34.813 -12.5694 1.2865 -34.4864 -12.5694 1.6598 -36.3303
3 0 -10.352 1.8026 -37.2235 -10.1816 1.7993 -37.2174 -10.2554 1.6608 -36.5289
4 0 -12.4939 1.7152 -36.6105 -12.3059 1.7578 -36.8367 -11.2658 1.6658 -36.4705 -11.3247 1.6491 -36.3829
4 0 -12.5694 1.6598 -36.3303 -12.4939 1.7152 -36.6105 -11.3247 1.6491 -36.3829 -11.3454 1.6286 -36.2797
3 0 -12.5694 1.6598 -36.3303 -11.3454 1.6286 -36.2797 -11.3454 1.4204 -35.2513
4 0 -11.0734 1.1547 -32.5709 -11.0734 1.1982 -33.2452 -10.8113 1.1968 -33.2452 -11.0281 1.1545 -32.5709
4 0 -8.8634 1.3873 -35.2513 -8.8634 1.2865 -34.7483 -10.0874 1.2865 -34.6874 -10.0874 1.3117 -34.813
4 0 0 1.7275 -37.2238 .7399 1.7304 -37.2238 .7399 1.5957 -36.5494 .2809 1.5939 -36.5494
4 0 12.3491 1.1954 -33.0935 12.1281 1.2127 -33.3801 12.0431 1.2819 -34.459 12.2641 1.2635 -34.1555
3 0 -5.22 1.7462 -37.2238 -5.22 1.6111 -36.5494 -5.3878 1.6128 -36.5494
4 0 1.1139 1.2028 -33.6329 1.2329 1.1946 -33.4981 1.7769 1.1382 -32.5709 1.5049 1.1379 -32.5709
4 0 .8929 1.2181 -33.8858 1.1139 1.2028 -33.6329 1.5049 1.1379 -32.5709 1.1989 1.1449 -32.6889
3 0 5.6585 1.3595 -35.2719 5.22 1.2865 -34.9293 5.5701 1.3703 -35.3302
3 0 11.8731 1.6922 -36.5494 12.3321 1.8366 -37.2238 12.3321 1.7001 -36.5494
3 0 10.6491 1.6712 -36.5494 11.8731 1.6922 -36.5494 11.8731 1.3236 -34.7287
3 0 11.0118 1.1577 -32.6214 10.6491 1.1963 -33.2452 10.6491 1.2285 -33.7499
4 0 11.8731 1.1624 -32.6214 11.0118 1.1577 -32.6214 10.6491 1.2285 -33.7499 11.8731 1.2331 -33.7172
4 0 4.53 1.1648 -32.9579 4.342 1.1785 -33.1842 4.2665 1.1956 -33.4643 4.9079 1.2314 -34.0375
4 0 -1.4021 1.5984 -36.5494 -1.4021 1.733 -37.2238 0 1.7275 -37.2238 -.9431 1.5965 -36.5494
4 0 12.7911 1.1717 -32.6889 12.5701 1.1825 -32.8743 12.4851 1.2473 -33.8858 12.7061 1.2322 -33.6329
4 0 -4.3508 1.1957 -33.4643 -3.4158 1.1502 -32.7394 -3.6538 1.1422 -32.6046 -4.3848 1.1957 -33.4643
4 0 -3.8918 1.1404 -32.5709 -4.4358 1.1978 -33.4981 -4.3848 1.1957 -33.4643 -3.6538 1.1422 -32.6046
4 0 5.5847 1.7486 -37.2174 5.7625 1.7516 -37.2238 5.7625 1.6165 -36.5494 5.6585 1.6114 -36.5289
4 0 -7.0708 1.7647 -37.2238 -5.22 1.7462 -37.2238 -5.3878 1.6128 -36.5494 -6.6118 1.625 -36.5494
4 0 13.3691 1.1673 -32.5709 12.8251 1.2241 -33.4981 12.8761 1.2222 -33.4643 13.6071 1.1708 -32.6046
3 0 13.3691 1.1673 -32.5709 13.0971 1.1658 -32.5709 12.8251 1.2241 -33.4981
4 0 7.709 1.1687 -32.9579 7.4781 1.1581 -32.8008 7.2483 1.1516 -32.699 6.6689 1.1894 -33.3241
3 0 5.22 1.2865 -34.9293 5.4905 1.4078 -35.5211 5.5112 1.3873 -35.4179
4 0 -6.6118 1.1845 -33.2452 -5.3878 1.145 -32.6214 -7.0708 1.1467 -32.6214 -7.0708 1.185 -33.2452
4 0 13.6071 1.1708 -32.6046 12.8761 1.2222 -33.4643 12.9101 1.2224 -33.4643 13.8451 1.1808 -32.7394
4 0 4.9907 1.1493 -32.699 5.5701 1.1883 -33.3241 5.4004 1.1435 -32.5975 5.2042 1.1456 -32.6353
4 0 5.6585 1.1848 -33.2658 5.5847 1.1425 -32.5773 5.4004 1.1435 -32.5975 5.5701 1.1883 -33.3241
4 0 6.8386 1.145 -32.5975 6.6689 1.1894 -33.3241 7.2483 1.1516 -32.699 7.0351 1.1475 -32.6356
4 0 13.0971 1.1658 -32.5709 12.7911 1.1717 -32.6889 12.7061 1.2322 -33.6329 12.8251 1.2241 -33.4981
4 0 4.9907 1.2777 -34.7894 4.7609 1.2837 -34.8912 4.6922 1.2865 -34.938 5.22 1.2865 -34.9293
4 0 2.4739 1.1834 -33.2958 2.4229 1.1627 -32.9586 2.2529 1.1491 -32.7394 1.3179 1.1926 -33.4643
4 0 -5.2178 1.2576 -34.459 -4.9968 1.2388 -34.1555 -5.1328 1.1913 -33.3801 -5.3878 1.2123 -33.7172
4 0 5.5847 1.1425 -32.5773 5.6585 1.1848 -33.2658 5.7625 1.1837 -33.2452 5.7625 1.1423 -32.5709
3 0 10.352 1.6661 -36.5494 10.352 1.8026 -37.2238 10.6491 1.6712 -36.5494
3 0 17.541 1.8116 -36.5494 18 1.9635 -37.2238 18 1.8243 -36.5494
4 0 1.1989 1.1449 -32.6889 .9779 1.156 -32.8743 .6719 1.2344 -34.1555 .8929 1.2181 -33.8858
4 0 -3.1948 1.1842 -33.2958 -4.3508 1.1957 -33.4643 -4.3508 1.2865 -34.9436 -3.1948 1.2865 -34.9627
4 0 0 1.1395 -32.6214 -.9431 1.1788 -33.2452 -.9431 1.2865 -34.9998 0 1.2865 -35.0153
4 0 6.6543 1.1436 -32.5773 6.4765 1.143 -32.5709 6.4765 1.1844 -33.2452 6.5805 1.1857 -33.2658
4 0 -6.6118 1.2865 -34.8601 -6.6118 1.625 -36.5494 -5.3878 1.6128 -36.5494 -5.3878 1.2865 -34.921
4 0 7.897 1.1837 -33.1842 7.709 1.1687 -32.9579 6.6689 1.1894 -33.3241 6.7278 1.1949 -33.4118
4 0 2.4739 1.1834 -33.2958 1.3179 1.1926 -33.4643 1.3179 1.2865 -34.9936 2.4739 1.2865 -34.9745
3 0 15.858 1.7686 -36.5494 15.858 1.9062 -37.2238 16.317 1.7802 -36.5494
4 0 0 1.7275 -37.2238 .2809 1.5939 -36.5494 .2809 1.2865 -35.0107 0 1.2865 -35.0153
4 0 5.5112 1.1936 -33.4118 4.7609 1.1554 -32.8008 4.53 1.1648 -32.9579 5.4905 1.1999 -33.5149
4 0 6.5805 1.1857 -33.2658 6.6689 1.1894 -33.3241 6.8386 1.145 -32.5975 6.6543 1.1436 -32.5773
4 0 4.2665 1.5641 -36.3303 4.53 1.3081 -35.0484 4.342 1.3528 -35.2746 4.2665 1.4087 -35.5548
3 0 -6.6118 1.625 -36.5494 -7.0708 1.6295 -36.5494 -7.0708 1.7647 -37.2238
3 0 5.7625 1.6165 -36.5494 5.7625 1.7516 -37.2238 6.4765 1.6236 -36.5494
4 0 16.317 1.7802 -36.5494 17.541 1.8116 -36.5494 17.541 1.2865 -33.9787 16.317 1.2865 -34.1298
4 0 5.4905 1.232 -34.0375 5.4905 1.1999 -33.5149 4.53 1.1648 -32.9579 4.9079 1.2314 -34.0375
4 0 -4.9137 1.2325 -34.0541 -4.9118 1.1735 -33.0935 -5.1328 1.1913 -33.3801 -4.9968 1.2388 -34.1555
4 0 14.0661 1.2179 -33.2958 12.9101 1.2224 -33.4643 12.9101 1.2865 -34.4575 14.0661 1.2865 -34.3595
4 0 4.7609 1.1554 -32.8008 5.5112 1.1936 -33.4118 5.5701 1.1883 -33.3241 4.9907 1.1493 -32.699
4 0 5.22 1.7339 -37.1624 5.4004 1.7427 -37.1971 5.5701 1.5988 -36.4705 5.5112 1.5806 -36.3829
4 0 -.9431 1.2865 -34.9998 -.9431 1.5965 -36.5494 0 1.7275 -37.2238 0 1.2865 -35.0153
3 0 5.5701 1.3703 -35.3302 5.22 1.2865 -34.9293 5.5112 1.3873 -35.4179
3 0 5.7625 1.3564 -35.2513 5.22 1.2865 -34.9293 5.6585 1.3595 -35.2719
4 0 4.9907 1.7198 -37.0956 4.53 1.3081 -35.0484 4.53 1.6664 -36.8367 4.7609 1.6986 -36.9938
4 0 5.7625 1.1423 -32.5709 5.7625 1.1837 -33.2452 6.4765 1.1844 -33.2452 6.4765 1.143 -32.5709
4 0 -5.2178 1.2576 -34.459 -5.3878 1.2123 -33.7172 -6.6118 1.2865 -34.8601 -5.3878 1.2744 -34.7287
4 0 11.9952 1.2865 -34.535 12.0431 1.2819 -34.459 12.1281 1.2127 -33.3801 11.8731 1.2331 -33.7172
4 0 12.5701 1.1825 -32.8743 12.3491 1.1954 -33.0935 12.2641 1.2635 -34.1555 12.4851 1.2473 -33.8858
4 0 -5.3878 1.145 -32.6214 -6.6118 1.1845 -33.2452 -6.6118 1.2865 -34.8601 -5.3878 1.2123 -33.7172
3 0 11.9952 1.2865 -34.535 10.6491 1.2865 -34.6491 11.8731 1.3236 -34.7287
4 0 5.4004 1.7427 -37.1971 5.5847 1.7486 -37.2174 5.6585 1.6114 -36.5289 5.5701 1.5988 -36.4705
4 0 1.3179 1.1926 -33.4643 2.2529 1.1491 -32.7394 2.0149 1.1405 -32.6046 1.2839 1.1926 -33.4643
4 0 1.2839 1.1926 -33.4643 2.0149 1.1405 -32.6046 1.7769 1.1382 -32.5709 1.2329 1.1946 -33.4981
4 0 16.317 1.2294 -33.2452 17.541 1.1989 -32.6214 15.858 1.1855 -32.6214 15.858 1.2258 -33.2452
4 0 10.1901 1.1551 -32.6214 10.1901 1.1948 -33.2452 10.6491 1.1963 -33.2452 11.0118 1.1577 -32.6214
4 0 -4.7758 1.222 -33.8858 -4.5548 1.2062 -33.6329 -3.8918 1.1404 -32.5709 -4.1638 1.1406 -32.5709
4 0 0 1.2865 -35.0153 .2809 1.2071 -33.7172 .2809 1.1398 -32.6214 0 1.1395 -32.6214
4 0 7.9725 1.2865 -34.7925 5.22 1.2865 -34.9293 5.7625 1.3564 -35.2513 6.7485 1.3662 -35.2513
4 0 6.7278 1.1949 -33.4118 6.7485 1.2012 -33.5149 7.9725 1.2018 -33.4643 7.897 1.1837 -33.1842
4 0 .5359 1.1866 -33.3801 .2809 1.2071 -33.7172 0 1.2865 -35.0153 .2809 1.2692 -34.7287
4 0 6.7485 1.5723 -36.2797 7.9725 1.6385 -36.5494 7.9725 1.2865 -34.7925 6.7485 1.3662 -35.2513
3 0 5.154 1.2749 -34.7407 4.9907 1.2777 -34.7894 5.22 1.2865 -34.9293
3 0 5.5112 1.5806 -36.3829 5.4905 1.5598 -36.2797 5.22 1.7339 -37.1624
3 0 7.9725 1.6385 -36.5494 6.7485 1.5723 -36.2797 6.7278 1.5928 -36.3829
4 0 -4.9137 1.2325 -34.0541 -4.4305 1.1472 -32.6737 -4.4698 1.1482 -32.6889 -4.6908 1.1598 -32.8743
4 0 5.22 1.7339 -37.1624 5.22 1.2865 -34.9293 4.6922 1.2865 -34.938 5.2042 1.7333 -37.1594
4 0 .2809 1.2692 -34.7287 .4509 1.2528 -34.459 .7569 1.1693 -33.0935 .5359 1.1866 -33.3801
4 0 11.8731 1.6922 -36.5494 10.6491 1.6712 -36.5494 10.352 1.8026 -37.2238 12.3321 1.8366 -37.2238
4 0 -3.4158 1.1502 -32.7394 -4.3508 1.1957 -33.4643 -3.1948 1.1842 -33.2958 -3.2458 1.1635 -32.9586
4 0 -3.1948 1.2865 -34.9627 -4.3508 1.2865 -34.9436 -4.3508 1.3448 -35.2345 -3.1948 1.341 -35.2345
3 0 7.9725 1.6385 -36.5494 6.7278 1.5928 -36.3829 6.6689 1.6097 -36.4705
4 0 6.7485 1.2743 -34.6613 7.9725 1.2865 -34.7925 7.9725 1.2018 -33.4643 6.7485 1.2012 -33.5149
3 0 7.9725 1.6385 -36.5494 6.6689 1.6097 -36.4705 6.5805 1.6205 -36.5289
4 0 11.9952 1.2865 -34.535 11.8731 1.2331 -33.7172 10.6491 1.2285 -33.7499 10.6491 1.2865 -34.6491
4 0 4.53 1.3081 -35.0484 4.9907 1.7198 -37.0956 5.2042 1.7333 -37.1594 4.6922 1.2865 -34.938
3 0 6.5805 1.6205 -36.5289 6.4765 1.6236 -36.5494 7.9725 1.6385 -36.5494
3 0 7.9725 1.6385 -36.5494 8.3975 1.779 -37.2238 8.3975 1.6428 -36.5494
4 0 6.4765 1.6236 -36.5494 5.7625 1.7516 -37.2238 8.3975 1.779 -37.2238 7.9725 1.6385 -36.5494
4 0 13.8451 1.1808 -32.7394 12.9101 1.2224 -33.4643 14.0661 1.2179 -33.2958 14.0151 1.1958 -32.9586
4 0 14.0661 1.2865 -34.3595 12.9101 1.2865 -34.4575 12.9101 1.4438 -35.2345 14.0661 1.4636 -35.2345
4 0 .9779 1.156 -32.8743 .7569 1.1693 -33.0935 .4509 1.2528 -34.459 .6719 1.2344 -34.1555
4 0 4.2665 1.5641 -36.3303 4.342 1.6204 -36.6105 4.53 1.6664 -36.8367 4.53 1.3081 -35.0484
4 0 -1.4021 1.1792 -33.2452 -.9431 1.1788 -33.2452 0 1.1395 -32.6214 -1.4021 1.1409 -32.6214
4 0 1.3179 1.3348 -35.2345 2.4739 1.3386 -35.2345 2.4739 1.2865 -34.9745 1.3179 1.2865 -34.9936
3 0 -6.6118 1.2865 -34.8601 -5.3878 1.2865 -34.921 -5.3878 1.2744 -34.7287
3 0 -4.6908 1.1598 -32.8743 -4.9118 1.1735 -33.0935 -4.9137 1.2325 -34.0541
3 0 .2809 1.2865 -35.0107 .2809 1.2692 -34.7287 0 1.2865 -35.0153
4 0 5.4004 1.2719 -34.6879 5.22 1.2865 -34.9293 5.7625 1.2711 -34.6613 5.5847 1.271 -34.6677
4 0 5.154 1.2749 -34.7407 5.22 1.2865 -34.9293 5.4004 1.2719 -34.6879 5.2042 1.274 -34.7257
3 0 10.6491 1.2865 -34.6491 10.6491 1.6712 -36.5494 11.8731 1.3236 -34.7287
4 0 10.352 1.8026 -37.2238 10.352 1.6661 -36.5494 10.1901 1.6642 -36.5494 10.1901 1.8007 -37.2238
4 0 6.7485 1.2743 -34.6613 5.7625 1.2711 -34.6613 5.22 1.2865 -34.9293 7.9725 1.2865 -34.7925
4 0 18 1.9635 -37.2238 17.541 1.8116 -36.5494 16.317 1.7802 -36.5494 15.858 1.9062 -37.2238
3 0 -4.5548 1.2062 -33.6329 -4.4358 1.1978 -33.4981 -3.8918 1.1404 -32.5709
4 0 -4.9628 1.7454 -37.2238 -4.9628 1.6103 -36.5494 -5.22 1.6111 -36.5494 -5.22 1.7462 -37.2238
4 0 16.317 1.2865 -34.1298 17.541 1.2865 -33.9787 17.541 1.1989 -32.6214 16.317 1.2294 -33.2452
3 0 4.2665 1.1956 -33.4643 4.2665 1.2308 -34.0375 4.9079 1.2314 -34.0375
4 0 5.4905 1.5598 -36.2797 5.4905 1.4078 -35.5211 5.22 1.2865 -34.9293 5.22 1.7339 -37.1624
4 0 -4.1638 1.1406 -32.5709 -4.4305 1.1472 -32.6737 -4.9137 1.2325 -34.0541 -4.7758 1.222 -33.8858
4 0 16.215 1.0742 -30.8513 16.215 1.1275 -31.6774 17.592 1.1384 -31.6774 17.592 1.0851 -30.8513
0 // White faces
3 15 28.284 1.2865 -32.0863 26.9975 2.9198 -39.8723 28.284 3.0475 -39.8723
3 15 -26.9975 2.9198 -39.8723 -28.284 1.2865 -32.0863 -28.284 3.0475 -39.8723
3 15 -30.423 3.1853 -39.8723 -28.284 3.0475 -39.8723 -28.284 1.2865 -32.0863
4 15 -28.284 1.2865 -32.0863 -28.7615 1.2865 -31.9503 -30.4542 3.1401 -39.6637 -30.423 3.1853 -39.8723
3 15 -30.5 3.1957 -39.8723 -30.423 3.1853 -39.8723 -30.4542 3.1401 -39.6637
3 15 28.284 3.0475 -39.8723 30.423 3.1853 -39.8723 28.284 1.2865 -32.0863
4 15 30.4542 3.1401 -39.6637 28.7615 1.2865 -31.9503 28.284 1.2865 -32.0863 30.423 3.1853 -39.8723
3 15 30.423 3.1853 -39.8723 30.5 3.1957 -39.8723 30.4542 3.1401 -39.6637
3 15 -28.7615 1.2865 -31.9503 -28.284 1.2865 -32.0863 -28.284 1.1168 -29.7746
3 15 28.284 1.2865 -32.0863 28.7615 1.2865 -31.9503 28.284 1.1168 -29.7746
3 15 -20 1.2865 -33.6753 -18.3098 .9379 -28.4805 -20 .9558 -28.4805
3 15 18.3098 .9379 -28.4805 20 1.2865 -33.6753 20 .9558 -28.4805
3 15 20 1.2865 -33.6753 18.8284 2.533 -39.8723 20 2.594 -39.8723
3 15 -18.8284 2.533 -39.8723 -20 1.2865 -33.6753 -20 2.594 -39.8723
3 15 11.9952 1.2865 -34.535 12.9101 1.2865 -34.4575 12.0431 1.2819 -34.459
3 15 -7.0708 1.1467 -32.6214 -9.1269 1.1732 -32.9579 -8.9389 1.187 -33.1842
3 15 -10.352 1.3146 -34.813 -10.0874 1.2865 -34.6874 -10.352 1.2865 -34.6743
3 15 10.1901 1.1551 -32.6214 7.897 1.1837 -33.1842 7.9725 1.2018 -33.4643
4 15 5.5847 1.271 -34.6677 5.7625 1.2711 -34.6613 5.4905 1.1999 -33.5149 5.4905 1.232 -34.0375
3 15 -3.2458 1.1635 -32.9586 -1.4021 1.1409 -32.6214 -3.4158 1.1502 -32.7394
3 15 11.8731 1.2331 -33.7172 12.1281 1.2127 -33.3801 11.8731 1.1624 -32.6214
3 15 -10.0874 1.2865 -34.6874 -10.352 1.3146 -34.813 -10.0874 1.3117 -34.813
3 15 -7.0708 1.1467 -32.6214 -9.3578 1.1639 -32.8008 -9.1269 1.1732 -32.9579
4 15 16.317 1.7802 -36.5494 16.317 1.2865 -34.1298 15.308 1.2865 -34.2543 15.858 1.7686 -36.5494
4 15 4.53 1.3081 -35.0484 2.4739 1.3386 -35.2345 .7399 1.7304 -37.2238 4.342 1.3528 -35.2746
3 15 -8.8634 1.3873 -35.2513 -8.8634 1.4886 -35.7571 -6.6118 1.625 -36.5494
4 15 -10.0874 1.6083 -36.2797 -10.352 1.616 -36.3018 -10.167 1.6479 -36.4705 -10.1081 1.6294 -36.3829
4 15 -8.8634 1.2865 -34.7483 -8.8634 1.3873 -35.2513 -6.6118 1.625 -36.5494 -6.6118 1.2865 -34.8601
4 15 12.3321 1.7001 -36.5494 12.3321 1.8366 -37.2238 14.0661 1.4636 -35.2345 12.9101 1.4438 -35.2345
3 15 -4.3508 1.2865 -34.9436 -4.9137 1.2325 -34.0541 -5.22 1.2865 -34.9293
4 15 6.7278 1.5928 -36.3829 5.5701 1.3703 -35.3302 5.5112 1.3873 -35.4179 6.6689 1.6097 -36.4705
4 15 2.4739 1.3386 -35.2345 4.53 1.3081 -35.0484 4.6922 1.2865 -34.938 2.4739 1.2865 -34.9745
3 15 -12.5694 1.2206 -33.4643 -12.4939 1.2021 -33.1842 -14.362 1.2043 -33.0597
3 15 -4.3508 1.2865 -34.9436 -4.3848 1.1957 -33.4643 -4.4358 1.1978 -33.4981
3 15 12.1281 1.2127 -33.3801 12.3491 1.1954 -33.0935 11.8731 1.1624 -32.6214
3 15 -7.079 1.1851 -33.2462 -7.0708 1.1467 -32.6214 -8.8634 1.2046 -33.4643
4 15 -5.3878 1.2865 -34.921 -5.3878 1.6128 -36.5494 -5.22 1.6111 -36.5494 -5.22 1.2865 -34.9293
4 15 -17.133 1.2865 -34.0291 -20 1.2865 -33.6753 -18 1.8243 -36.5494 -17.133 1.8007 -36.5494
3 15 15.308 1.1202 -31.6774 13.6071 1.1708 -32.6046 13.8451 1.1808 -32.7394
3 15 -11.8452 1.1672 -32.699 -15.308 1.1202 -31.6774 -12.075 1.1751 -32.8008
3 15 14.7212 1.8776 -37.2238 15.308 1.2865 -34.2543 14.0661 1.4636 -35.2345
4 15 -4.5548 1.2062 -33.6329 -4.7758 1.222 -33.8858 -4.9137 1.2325 -34.0541 -4.3508 1.2865 -34.9436
3 15 5.5847 1.1425 -32.5773 4.0818 1.0857 -31.6774 5.4004 1.1435 -32.5975
3 15 6.6543 1.1436 -32.5773 11.3152 1.0984 -31.6774 6.4765 1.143 -32.5709
3 15 7.897 1.1837 -33.1842 10.1901 1.1551 -32.6214 7.709 1.1687 -32.9579
4 15 5.6585 1.1848 -33.2658 5.5701 1.1883 -33.3241 6.6689 1.1894 -33.3241 6.5805 1.1857 -33.2658
3 15 -15.308 1.1202 -31.6774 -11.8452 1.1672 -32.699 -11.6317 1.162 -32.6353
3 15 12.4851 1.2473 -33.8858 12.9101 1.2865 -34.4575 12.7061 1.2322 -33.6329
3 15 5.2042 1.1456 -32.6353 4.0818 1.0857 -31.6774 4.9907 1.1493 -32.699
4 15 5.5112 1.5806 -36.3829 5.5701 1.5988 -36.4705 5.6585 1.6114 -36.5289 5.7625 1.6165 -36.5494
3 15 15.308 1.2865 -34.2543 14.7212 1.8776 -37.2238 15.858 1.7686 -36.5494
3 15 7.9725 1.2865 -34.7925 10.352 1.2865 -34.6743 10.1901 1.1948 -33.2452
4 15 10.1901 1.1551 -32.6214 7.9725 1.2018 -33.4643 7.9725 1.2865 -34.7925 10.1901 1.1948 -33.2452
3 15 12.5701 1.1825 -32.8743 12.7911 1.1717 -32.6889 11.8731 1.1624 -32.6214
4 15 -14.362 1.4175 -34.9816 -14.634 1.7396 -36.5494 -12.4939 1.7152 -36.6105 -12.5694 1.6598 -36.3303
4 15 -14.634 1.7396 -36.5494 -14.634 1.8761 -37.2238 -12.3059 1.7578 -36.8367 -12.4939 1.7152 -36.6105
4 15 5.4905 1.4078 -35.5211 6.5805 1.6205 -36.5289 6.6689 1.6097 -36.4705 5.5112 1.3873 -35.4179
4 15 -10.352 1.616 -36.3018 -11.0734 1.6785 -36.5494 -10.3594 1.6662 -36.5494 -10.352 1.6658 -36.548
3 15 1.3179 1.2865 -34.9936 1.2329 1.1946 -33.4981 1.1139 1.2028 -33.6329
3 15 15.308 1.1202 -31.6774 13.8451 1.1808 -32.7394 14.0151 1.1958 -32.9586
3 15 10.6491 1.2865 -34.6491 10.6491 1.2285 -33.7499 10.352 1.2865 -34.6743
3 15 5.2042 1.274 -34.7257 5.4004 1.2719 -34.6879 5.4905 1.232 -34.0375
3 15 11.3152 1.0984 -31.6774 13.0971 1.1658 -32.5709 15.308 1.1202 -31.6774
3 15 5.4905 1.232 -34.0375 5.4004 1.2719 -34.6879 5.5847 1.271 -34.6677
3 15 13.3691 1.1673 -32.5709 15.308 1.1202 -31.6774 13.0971 1.1658 -32.5709
4 15 -4.9628 1.6103 -36.5494 -4.9628 1.7454 -37.2238 -3.1948 1.341 -35.2345 -4.3508 1.3448 -35.2345
3 15 -3.1948 1.2865 -34.9627 -3.1948 1.341 -35.2345 -.9431 1.2865 -34.9998
4 15 -.9431 1.5965 -36.5494 -.9431 1.2865 -34.9998 -3.1948 1.341 -35.2345 -1.4021 1.5984 -36.5494
4 15 -11.3247 1.2104 -33.4118 -11.3454 1.2171 -33.5149 -11.3454 1.2865 -34.5901 -10.352 1.2865 -34.6743
3 15 -4.6908 1.1598 -32.8743 -4.4698 1.1482 -32.6889 -5.3878 1.145 -32.6214
4 15 15.62 1.1227 -31.6774 16.215 1.1275 -31.6774 16.215 1.0742 -30.8513 15.62 1.0694 -30.8513
3 15 -12.4939 1.2021 -33.1842 -12.3059 1.1865 -32.9579 -14.362 1.2043 -33.0597
4 15 2.4229 1.1627 -32.9586 4.342 1.1785 -33.1842 4.53 1.1648 -32.9579 2.2529 1.1491 -32.7394
4 15 -1.4021 1.1792 -33.2452 -1.4021 1.1409 -32.6214 -3.2458 1.1635 -32.9586 -3.1948 1.1842 -33.2958
3 15 -5.3878 1.2123 -33.7172 -5.1328 1.1913 -33.3801 -5.3878 1.145 -32.6214
3 15 4.0818 1.0857 -31.6774 5.2042 1.1456 -32.6353 5.4004 1.1435 -32.5975
4 15 6.7485 1.2743 -34.6613 6.7485 1.2012 -33.5149 5.4905 1.1999 -33.5149 5.7625 1.2711 -34.6613
3 15 -15.308 1.1202 -31.6774 -15.127 1.2084 -33.0597 -14.362 1.2043 -33.0597
3 15 -1.4021 1.1409 -32.6214 0 1.1395 -32.6214 0 1.0816 -31.6774
3 15 13.6071 1.1708 -32.6046 15.308 1.1202 -31.6774 13.3691 1.1673 -32.5709
3 15 7.2483 1.1516 -32.699 11.3152 1.0984 -31.6774 7.0351 1.1475 -32.6356
3 15 .5359 1.1866 -33.3801 .7569 1.1693 -33.0935 .2809 1.1398 -32.6214
3 15 -3.8918 1.1404 -32.5709 -4.0818 1.0857 -31.6774 -4.1638 1.1406 -32.5709
4 15 8.3975 1.6428 -36.5494 8.3975 1.779 -37.2238 10.1901 1.8007 -37.2238 10.1901 1.6642 -36.5494
3 15 12.9101 1.2865 -34.4575 11.8731 1.6922 -36.5494 12.9101 1.4438 -35.2345
4 15 5.6585 1.3595 -35.2719 6.7485 1.5723 -36.2797 6.7485 1.3662 -35.2513 5.7625 1.3564 -35.2513
4 15 .2809 1.1398 -32.6214 1.1989 1.1449 -32.6889 1.5049 1.1379 -32.5709 0 1.0816 -31.6774
4 15 -4.3508 1.3448 -35.2345 -4.6821 1.2865 -34.9382 -5.22 1.2865 -34.9293 -5.22 1.6111 -36.5494
3 15 15.308 1.2865 -34.2543 14.0661 1.2179 -33.2958 14.0661 1.2865 -34.3595
4 15 4.9079 1.2314 -34.0375 4.2665 1.2308 -34.0375 4.7609 1.2837 -34.8912 4.9907 1.2777 -34.7894
4 15 -8.8634 1.5738 -36.182 -7.0708 1.6295 -36.5494 -6.6118 1.625 -36.5494 -8.8634 1.4886 -35.7571
4 15 -4.9137 1.2325 -34.0541 -4.9968 1.2388 -34.1555 -5.2178 1.2576 -34.459 -5.22 1.2865 -34.9293
4 15 1.7769 1.1382 -32.5709 4.0818 1.0857 -31.6774 0 1.0816 -31.6774 1.5049 1.1379 -32.5709
4 15 5.7625 1.1837 -33.2452 5.6585 1.1848 -33.2658 6.5805 1.1857 -33.2658 6.4765 1.1844 -33.2452
4 15 -4.0818 1.0857 -31.6774 -5.3878 1.145 -32.6214 -4.4698 1.1482 -32.6889 -4.4305 1.1472 -32.6737
3 15 .2809 1.2071 -33.7172 .5359 1.1866 -33.3801 .2809 1.1398 -32.6214
4 15 -12.5694 1.2206 -33.4643 -14.362 1.2043 -33.0597 -14.362 1.2865 -34.3345 -12.5694 1.2865 -34.4864
4 15 -7.075 1.1853 -33.2498 -7.079 1.1851 -33.2462 -8.8634 1.2046 -33.4643 -8.8634 1.2865 -34.7483
4 15 5.4905 1.5598 -36.2797 6.4765 1.6236 -36.5494 6.5805 1.6205 -36.5289 5.4905 1.4078 -35.5211
3 15 -4.9118 1.1735 -33.0935 -4.6908 1.1598 -32.8743 -5.3878 1.145 -32.6214
3 15 -7.079 1.1851 -33.2462 -7.075 1.1853 -33.2498 -7.0708 1.185 -33.2452
3 15 10.352 1.2865 -34.6743 8.3975 1.6428 -36.5494 10.1901 1.6642 -36.5494
3 15 12.7911 1.1717 -32.6889 13.0971 1.1658 -32.5709 11.8731 1.1624 -32.6214
3 15 5.154 1.2749 -34.7407 4.9079 1.2314 -34.0375 4.9907 1.2777 -34.7894
3 15 5.22 2.2769 -39.8723 5.22 1.7339 -37.1624 5.2042 1.7333 -37.1594
4 15 2.4739 1.1834 -33.2958 4.2665 1.1956 -33.4643 4.342 1.1785 -33.1842 2.4229 1.1627 -32.9586
3 15 -15.308 1.1202 -31.6774 -12.3059 1.1865 -32.9579 -12.075 1.1751 -32.8008
4 15 4.9907 1.7198 -37.0956 .7399 1.7304 -37.2238 5.22 2.2769 -39.8723 5.2042 1.7333 -37.1594
4 15 6.4765 1.6236 -36.5494 5.4905 1.5598 -36.2797 5.5112 1.5806 -36.3829 5.7625 1.6165 -36.5494
4 15 5.5701 1.3703 -35.3302 6.7278 1.5928 -36.3829 6.7485 1.5723 -36.2797 5.6585 1.3595 -35.2719
4 15 -8.9389 1.6614 -36.6105 -7.0708 1.7647 -37.2238 -7.0708 1.6295 -36.5494 -8.8634 1.6038 -36.3303
3 15 11.0118 1.1577 -32.6214 11.3152 1.0984 -31.6774 10.1901 1.1551 -32.6214
3 15 -11.3152 1.0984 -31.6774 -15.308 1.1202 -31.6774 -11.0281 1.1545 -32.5709
4 15 .7399 1.7304 -37.2238 1.3179 1.3348 -35.2345 1.3179 1.2865 -34.9936 .7399 1.5957 -36.5494
4 15 1.3179 1.2865 -34.9936 .4509 1.2528 -34.459 .2809 1.2692 -34.7287 .2809 1.2865 -35.0107
3 15 10.1901 1.1551 -32.6214 7.4781 1.1581 -32.8008 7.709 1.1687 -32.9579
3 15 -4.0818 1.0857 -31.6774 -3.8918 1.1404 -32.5709 -1.4021 1.1409 -32.6214
3 15 -3.4158 1.1502 -32.7394 -1.4021 1.1409 -32.6214 -3.6538 1.1422 -32.6046
3 15 .7399 1.7304 -37.2238 4.2665 1.4087 -35.5548 4.342 1.3528 -35.2746
4 15 .2809 1.5939 -36.5494 .7399 1.5957 -36.5494 1.3179 1.2865 -34.9936 .2809 1.2865 -35.0107
4 15 15.858 1.1855 -32.6214 17.541 1.1989 -32.6214 17.592 1.1384 -31.6774 16.215 1.1275 -31.6774
3 15 .7399 1.7304 -37.2238 4.342 1.6204 -36.6105 4.2665 1.5641 -36.3303
4 15 -5.2178 1.2576 -34.459 -5.3878 1.2744 -34.7287 -5.3878 1.2865 -34.921 -5.22 1.2865 -34.9293
4 15 12.9101 1.2224 -33.4643 12.8761 1.2222 -33.4643 12.8251 1.2241 -33.4981 12.7061 1.2322 -33.6329
3 15 -14.634 1.8761 -37.2238 -12.075 1.7856 -36.9938 -12.3059 1.7578 -36.8367
3 15 11.3152 1.0984 -31.6774 7.4781 1.1581 -32.8008 10.1901 1.1551 -32.6214
4 15 -17.133 1.2865 -34.0291 -17.133 1.1348 -31.6774 -17.83 1.1403 -31.6774 -20 1.2865 -33.6753
3 15 12.3491 1.1954 -33.0935 12.5701 1.1825 -32.8743 11.8731 1.1624 -32.6214
3 15 -5.1328 1.1913 -33.3801 -4.9118 1.1735 -33.0935 -5.3878 1.145 -32.6214
4 15 10.6491 1.6712 -36.5494 10.6491 1.2865 -34.6491 10.352 1.2865 -34.6743 10.352 1.6661 -36.5494
3 15 10.352 1.2865 -34.6743 10.1901 1.6642 -36.5494 10.352 1.6661 -36.5494
3 15 11.8731 1.6922 -36.5494 12.3321 1.7001 -36.5494 12.9101 1.4438 -35.2345
3 15 .7569 1.1693 -33.0935 .9779 1.156 -32.8743 .2809 1.1398 -32.6214
3 15 4.0818 1.0857 -31.6774 5.5847 1.1425 -32.5773 5.7625 1.1423 -32.5709
3 15 -3.1948 1.2865 -34.9627 -1.4021 1.1792 -33.2452 -3.1948 1.1842 -33.2958
3 15 2.0149 1.1405 -32.6046 4.0818 1.0857 -31.6774 1.7769 1.1382 -32.5709
4 15 6.7485 1.2012 -33.5149 6.7278 1.1949 -33.4118 5.5112 1.1936 -33.4118 5.4905 1.1999 -33.5149
4 15 5.5701 1.1883 -33.3241 5.5112 1.1936 -33.4118 6.7278 1.1949 -33.4118 6.6689 1.1894 -33.3241
4 15 4.0818 1.0857 -31.6774 5.7625 1.1423 -32.5709 6.4765 1.143 -32.5709 11.3152 1.0984 -31.6774
4 15 -10.352 1.6658 -36.548 -10.2554 1.6608 -36.5289 -10.167 1.6479 -36.4705 -10.352 1.616 -36.3018
3 15 -4.3508 1.1957 -33.4643 -4.3848 1.1957 -33.4643 -4.3508 1.2865 -34.9436
3 15 -15.308 1.1202 -31.6774 -11.4355 1.1584 -32.5975 -11.2512 1.1561 -32.5773
4 15 -14.8544 1.7434 -36.5494 -15.2842 1.3105 -34.3747 -15.773 1.3228 -34.3747 -15.773 1.7665 -36.5494
3 15 -7.0708 1.185 -33.2452 -7.0708 1.1467 -32.6214 -7.079 1.1851 -33.2462
3 15 -8.9389 1.187 -33.1842 -8.8634 1.2046 -33.4643 -7.0708 1.1467 -32.6214
3 15 14.0661 1.2865 -34.3595 14.0661 1.4636 -35.2345 15.308 1.2865 -34.2543
4 15 2.4739 1.2865 -34.9745 4.6922 1.2865 -34.938 4.7609 1.2837 -34.8912 4.2665 1.2308 -34.0375
4 15 -8.8634 1.4886 -35.7571 -8.8634 1.3873 -35.2513 -10.352 1.4033 -35.2513 -10.0874 1.5025 -35.7571
3 15 4.9907 1.7198 -37.0956 4.7609 1.6986 -36.9938 .7399 1.7304 -37.2238
3 15 -11.4355 1.8158 -37.1971 -11.8452 1.8023 -37.0956 -14.634 1.8761 -37.2238
3 15 -4.6821 1.2865 -34.9382 -4.3508 1.3448 -35.2345 -4.3508 1.2865 -34.9436
3 15 .7399 1.7304 -37.2238 4.53 1.6664 -36.8367 4.342 1.6204 -36.6104
3 15 12.9101 1.2865 -34.4575 12.9101 1.2224 -33.4643 12.7061 1.2322 -33.6329
3 15 .2809 1.1398 -32.6214 .9779 1.156 -32.8743 1.1989 1.1449 -32.6889
3 15 14.7212 1.8776 -37.2238 15.858 1.9062 -37.2238 15.858 1.7686 -36.5494
4 15 -10.1081 1.2052 -33.4118 -10.167 1.1998 -33.3241 -10.2554 1.1964 -33.2658 -10.352 1.2865 -34.6743
3 15 -5.22 1.6111 -36.5494 -4.9628 1.6103 -36.5494 -4.3508 1.3448 -35.2345
3 15 10.352 1.2865 -34.6743 10.6491 1.1963 -33.2452 10.1901 1.1948 -33.2452
3 15 -11.0281 1.1545 -32.5709 -10.3594 1.1524 -32.5709 -11.3152 1.0984 -31.6774
3 15 -7.0708 1.1467 -32.6214 -9.9973 1.1529 -32.5975 -9.8008 1.1547 -32.6356
3 15 -10.3594 1.1524 -32.5709 -10.1816 1.1522 -32.5773 -11.3152 1.0984 -31.6774
4 15 -15.127 1.4306 -34.9816 -14.8544 1.7434 -36.5494 -14.634 1.7396 -36.5494 -14.362 1.4175 -34.9816
3 15 -11.6317 1.162 -32.6353 -11.4355 1.1584 -32.5975 -15.308 1.1202 -31.6774
4 15 1.2329 1.1946 -33.4981 1.3179 1.2865 -34.9936 1.3179 1.1926 -33.4643 1.2839 1.1926 -33.4643
3 15 -9.5876 1.1581 -32.699 -9.3578 1.1639 -32.8008 -7.0708 1.1467 -32.6214
4 15 -10.352 1.2865 -34.6743 -11.3454 1.2865 -34.5901 -11.3454 1.3316 -34.813 -10.352 1.3146 -34.813
4 15 11.8731 1.1624 -32.6214 13.0971 1.1658 -32.5709 11.3152 1.0984 -31.6774 11.0118 1.1577 -32.6214
3 15 -4.4305 1.1472 -32.6737 -4.1638 1.1406 -32.5709 -4.0818 1.0857 -31.6774
4 15 4.53 1.1648 -32.9579 4.0818 1.0857 -31.6774 2.0149 1.1405 -32.6046 2.2529 1.1491 -32.7394
3 15 0 1.1395 -32.6214 .2809 1.1398 -32.6214 0 1.0816 -31.6774
3 15 15.308 1.2865 -34.2543 16.317 1.2865 -34.1298 16.317 1.2294 -33.2452
3 15 5.22 2.2769 -39.8723 5.4004 1.7427 -37.1971 5.22 1.7339 -37.1624
4 15 5.2042 1.274 -34.7257 5.4905 1.232 -34.0375 4.9079 1.2314 -34.0375 5.154 1.2749 -34.7407
3 15 -.9431 1.2865 -34.9998 -.9431 1.1788 -33.2452 -3.1948 1.2865 -34.9627
3 15 -15.127 1.4306 -34.9816 -15.127 1.3078 -34.3747 -15.2842 1.3105 -34.3747
3 15 -15.2842 1.3105 -34.3747 -14.8544 1.7434 -36.5494 -15.127 1.4306 -34.9816
3 15 -14.362 1.2043 -33.0597 -12.3059 1.1865 -32.9579 -15.308 1.1202 -31.6774
3 15 -3.6538 1.1422 -32.6046 -1.4021 1.1409 -32.6214 -3.8918 1.1404 -32.5709
3 15 -8.9389 1.6614 -36.6105 -9.1269 1.7095 -36.8367 -7.0708 1.7647 -37.2238
4 15 15.308 1.2865 -34.2543 15.308 1.1202 -31.6774 14.0151 1.1958 -32.9586 14.0661 1.2179 -33.2958
4 15 11.8731 1.3236 -34.7287 11.8731 1.6922 -36.5494 12.9101 1.2865 -34.4575 11.9952 1.2865 -34.535
3 15 -8.8634 1.2865 -34.7483 -6.6118 1.1845 -33.2452 -7.075 1.1853 -33.2498
3 15 -8.8634 1.5738 -36.182 -8.8634 1.6038 -36.3303 -7.0708 1.6295 -36.5494
4 15 -11.3247 1.2104 -33.4118 -10.352 1.2865 -34.6743 -11.1774 1.2001 -33.2658 -11.2658 1.2044 -33.3241
4 15 -15.773 1.1239 -31.6774 -15.773 1.2523 -33.6666 -15.308 1.2486 -33.6666 -15.308 1.1202 -31.6774
3 15 -7.0708 1.7647 -37.2238 -9.1269 1.7095 -36.8367 -9.3578 1.7441 -36.9938
4 15 4.2665 1.1956 -33.4643 2.4739 1.1834 -33.2958 2.4739 1.2865 -34.9745 4.2665 1.2308 -34.0375
3 15 6.6543 1.1436 -32.5773 6.8386 1.145 -32.5975 11.3152 1.0984 -31.6774
3 15 -6.6118 1.1845 -33.2452 -7.0708 1.185 -33.2452 -7.075 1.1853 -33.2498
4 15 .8929 1.2181 -33.8858 .6719 1.2344 -34.1555 .4509 1.2528 -34.459 1.3179 1.2865 -34.9936
4 15 -15.308 1.1202 -31.6774 -15.308 1.2486 -33.6666 -15.127 1.2476 -33.6666 -15.127 1.2084 -33.0597
3 15 .7399 1.7304 -37.2238 2.4739 1.3386 -35.2345 1.3179 1.3348 -35.2345
3 15 4.53 1.1648 -32.9579 4.7609 1.1554 -32.8008 4.0818 1.0857 -31.6774
4 15 -10.0874 1.2865 -34.6874 -10.0874 1.2117 -33.5149 -10.1081 1.2052 -33.4118 -10.352 1.2865 -34.6743
3 15 -9.3578 1.7441 -36.9938 -9.5876 1.7675 -37.0956 -7.0708 1.7647 -37.2238
3 15 -15.308 1.1202 -31.6774 -11.2512 1.1561 -32.5773 -11.0734 1.1547 -32.5709
3 15 -11.0281 1.1545 -32.5709 -15.308 1.1202 -31.6774 -11.0734 1.1547 -32.5709
3 15 1.3179 1.2865 -34.9936 1.1139 1.2028 -33.6329 .8929 1.2181 -33.8858
4 15 -12.5694 1.2865 -34.4864 -14.362 1.2865 -34.3345 -14.362 1.4175 -34.9816 -12.5694 1.6598 -36.3303
4 15 -10.0874 1.6083 -36.2797 -10.0874 1.5025 -35.7571 -10.352 1.4033 -35.2513 -10.352 1.616 -36.3018
3 15 10.6491 1.2285 -33.7499 10.6491 1.1963 -33.2452 10.352 1.2865 -34.6743
3 15 -4.3508 1.2865 -34.9436 -4.4358 1.1978 -33.4981 -4.5548 1.2062 -33.6329
3 15 15.308 1.2865 -34.2543 16.317 1.2294 -33.2452 15.858 1.2258 -33.2452
4 15 -11.2658 1.6658 -36.4705 -11.1774 1.6761 -36.5289 -11.0734 1.6785 -36.5494 -10.352 1.616 -36.3018
3 15 11.3152 1.0984 -31.6774 6.8386 1.145 -32.5975 7.0351 1.1475 -32.6356
3 15 .7399 1.7304 -37.2238 4.2665 1.5641 -36.3303 4.2665 1.4087 -35.5548
3 15 -14.634 1.8761 -37.2238 -11.8452 1.8023 -37.0956 -12.075 1.7856 -36.9938
3 15 0 1.0816 -31.6774 -4.0818 1.0857 -31.6774 -1.4021 1.1409 -32.6214
4 15 -11.3152 1.0984 -31.6774 -10.1816 1.1522 -32.5773 -9.9973 1.1529 -32.5975 -7.0708 1.1467 -32.6214
4 15 -3.1948 1.341 -35.2345 -4.9628 1.7454 -37.2238 -1.4021 1.733 -37.2238 -1.4021 1.5984 -36.5494
4 15 8.3975 1.6428 -36.5494 10.352 1.2865 -34.6743 7.9725 1.2865 -34.7925 7.9725 1.6385 -36.5494
3 15 -7.0708 1.1467 -32.6214 -9.8008 1.1547 -32.6356 -9.5876 1.1581 -32.699
4 15 -10.8113 1.1968 -33.2452 -10.352 1.2865 -34.6743 -10.2554 1.1964 -33.2658 -10.3594 1.1954 -33.2452
4 15 -11.3454 1.4204 -35.2513 -11.3454 1.6286 -36.2797 -11.3247 1.6491 -36.3829 -10.352 1.4033 -35.2513
4 15 -10.352 1.4033 -35.2513 -11.3247 1.6491 -36.3829 -11.2658 1.6658 -36.4705 -10.352 1.616 -36.3018
3 15 12.9101 1.2865 -34.4575 12.4851 1.2473 -33.8858 12.2641 1.2635 -34.1555
3 15 7.2483 1.1516 -32.699 7.4781 1.1581 -32.8008 11.3152 1.0984 -31.6774
3 15 4.0818 1.0857 -31.6774 4.7609 1.1554 -32.8008 4.9907 1.1493 -32.699
3 15 -9.8008 1.7829 -37.159 -9.9973 1.793 -37.1971 -7.0708 1.7647 -37.2238
3 15 -6.6118 1.2865 -34.8601 -6.6118 1.1845 -33.2452 -8.8634 1.2865 -34.7483
3 15 -.9431 1.1788 -33.2452 -1.4021 1.1792 -33.2452 -3.1948 1.2865 -34.9627
3 15 -11.2512 1.8168 -37.2174 -11.4355 1.8158 -37.1971 -14.634 1.8761 -37.2238
3 15 -7.0708 1.7647 -37.2238 -9.5876 1.7675 -37.0956 -9.8008 1.7829 -37.159
3 15 5.5847 1.7486 -37.2174 5.4004 1.7427 -37.1971 5.22 2.2769 -39.8723
3 15 12.2641 1.2635 -34.1555 12.0431 1.2819 -34.459 12.9101 1.2865 -34.4575
4 15 -11.0734 1.1982 -33.2452 -11.1774 1.2001 -33.2658 -10.352 1.2865 -34.6743 -10.8113 1.1968 -33.2452
4 15 15.858 1.2258 -33.2452 15.858 1.1855 -32.6214 15.308 1.1202 -31.6774 15.308 1.2865 -34.2543
3 15 .7399 1.7304 -37.2238 4.7609 1.6986 -36.9938 4.53 1.6664 -36.8367
4 15 -18.3098 .9379 -28.4805 -17.83 1.087 -30.8513 -15.308 1.067 -30.8513 -15.308 .914 -28.4805
4 15 -18.3098 .9379 -28.4805 -20 1.2865 -33.6753 -17.83 1.1403 -31.6774 -17.83 1.087 -30.8513
4 15 -20 1.2865 -33.6753 -18.8284 2.533 -39.8723 -18 1.9635 -37.2238 -18 1.8243 -36.5494
4 15 -14.7212 1.8776 -37.2238 -18 1.9635 -37.2238 -18.8284 2.533 -39.8723 -14.1978 2.4048 -39.8723
4 15 -12.3427 .8978 -28.4805 -15.308 .914 -28.4805 -15.308 1.067 -30.8513 -11.5807 1.0466 -30.8513
4 15 -12.3427 .8978 -28.4805 -11.5807 1.0466 -30.8513 -3.7927 1.0347 -30.8513 -2.9629 .8883 -28.4805
4 15 0 .8853 -28.4805 -2.9629 .8883 -28.4805 -3.7927 1.0347 -30.8513 0 1.0309 -30.8513
4 15 2.9629 .8883 -28.4805 0 .8853 -28.4805 0 1.0309 -30.8513 3.7927 1.0347 -30.8513
4 15 2.9629 .8883 -28.4805 3.7927 1.0347 -30.8513 11.5807 1.0466 -30.8513 12.3427 .8978 -28.4805
3 15 15.858 1.1855 -32.6214 16.215 1.1275 -31.6774 15.62 1.1227 -31.6774
3 15 15.858 1.1855 -32.6214 15.62 1.1227 -31.6774 15.308 1.1202 -31.6774
3 15 10.352 2.3388 -39.8723 10.352 1.8026 -37.2238 10.1901 1.8007 -37.2238
3 15 10.352 2.3388 -39.8723 10.1901 1.8007 -37.2238 8.3975 1.779 -37.2238
4 15 5.22 2.2769 -39.8723 10.352 2.3388 -39.8723 8.3975 1.779 -37.2238 5.7625 1.7516 -37.2238
3 15 5.22 2.2769 -39.8723 5.7625 1.7516 -37.2238 5.5847 1.7486 -37.2174
4 15 14.1978 2.4048 -39.8723 12.3321 1.8366 -37.2238 10.352 1.8026 -37.2238 10.352 2.3388 -39.8723
4 15 14.1978 2.4048 -39.8723 14.7212 1.8776 -37.2238 14.0661 1.4636 -35.2345 12.3321 1.8366 -37.2238
3 15 14.1978 2.4048 -39.8723 15.858 1.9062 -37.2238 14.7212 1.8776 -37.2238
4 15 18 1.9635 -37.2238 15.858 1.9062 -37.2238 14.1978 2.4048 -39.8723 18.8284 2.533 -39.8723
4 15 18.8284 2.533 -39.8723 20 1.2865 -33.6753 18 1.8243 -36.5494 18 1.9635 -37.2238
4 15 18 1.8243 -36.5494 20 1.2865 -33.6753 17.541 1.2865 -33.9787 17.541 1.8116 -36.5494
3 15 20 1.2865 -33.6753 17.541 1.1989 -32.6214 17.541 1.2865 -33.9787
3 15 17.541 1.1989 -32.6214 20 1.2865 -33.6753 17.592 1.1384 -31.6774
4 15 18.3098 .9379 -28.4805 17.592 1.0851 -30.8513 17.592 1.1384 -31.6774 20 1.2865 -33.6753
3 15 15.308 .914 -28.4805 15.308 1.0675 -30.8592 15.62 1.0694 -30.8513
3 15 15.308 .914 -28.4805 15.62 1.0694 -30.8513 16.215 1.0742 -30.8513
4 15 15.308 .914 -28.4805 16.215 1.0742 -30.8513 17.592 1.0851 -30.8513 18.3098 .9379 -28.4805
4 15 15.308 .914 -28.4805 12.3427 .8978 -28.4805 11.5807 1.0466 -30.8513 15.308 1.0675 -30.8592
4 15 5.22 2.2769 -39.8723 .7399 1.7304 -37.2238 0 1.7275 -37.2238 0 2.2563 -39.8723
3 15 0 2.2563 -39.8723 0 1.7275 -37.2238 -1.4021 1.733 -37.2238
3 15 -5.22 2.2769 -39.8723 -4.9628 1.7454 -37.2238 -5.22 1.7462 -37.2238
4 15 -5.22 2.2769 -39.8723 0 2.2563 -39.8723 -1.4021 1.733 -37.2238 -4.9628 1.7454 -37.2238
4 15 -5.3878 1.145 -32.6214 -4.0818 1.0857 -31.6774 -11.3152 1.0984 -31.6774 -7.0708 1.1467 -32.6214
3 15 -10.352 2.3388 -39.8723 -10.1816 1.7993 -37.2174 -10.352 1.8026 -37.2235
4 15 -7.0708 1.7647 -37.2238 -9.9973 1.793 -37.1971 -10.1816 1.7993 -37.2174 -10.352 2.3388 -39.8723
4 15 -5.22 1.7462 -37.2238 -7.0708 1.7647 -37.2238 -10.352 2.3388 -39.8723 -5.22 2.2769 -39.8723
3 15 -10.352 1.8026 -37.2235 -10.3594 1.8028 -37.2238 -10.352 2.3388 -39.8723
3 15 -10.3594 1.8028 -37.2238 -11.0734 1.815 -37.2238 -10.352 2.3388 -39.8723
4 15 -11.2512 1.8168 -37.2174 -14.634 1.8761 -37.2238 -10.352 2.3388 -39.8723 -11.0734 1.815 -37.2238
4 15 -14.7212 1.8776 -37.2238 -14.1978 2.4048 -39.8723 -10.352 2.3388 -39.8723 -14.634 1.8761 -37.2238
4 15 -25.827 1.6064 -34.0951 -25.827 1.6132 -34.1263 -25.281 1.5047 -33.748 -25.33 1.501 -33.7202
4 15 -24.1435 1.0976 -30.2459 -24.413 1.1086 -30.3986 -24.399 1.1086 -30.3986 -24.1505 1.0996 -30.2736
4 15 -23.1775 1.1841 -31.6412 -23.195 1.1838 -31.6342 -23.223 1.1846 -31.6412 -23.2195 1.1853 -31.6516
4 15 -23.783 2.0854 -36.8093 -23.965 1.9913 -36.3164 -24.056 1.9919 -36.2886 -23.8901 2.1128 -36.8995
4 15 -21.718 1.418 -34.0118 -21.732 1.4155 -33.9979 -21.739 1.4187 -34.0118 -21.739 1.4246 -34.0395
4 15 -22.95 1.1399 -31.0303 -22.9815 1.1398 -31.0233 -23.0935 1.1439 -31.065 -23.062 1.1454 -31.0928
3 15 -23.797 1.1677 -31.2975 -23.804 1.1681 -31.301 -23.79 1.1681 -31.3045
3 15 -23.79 1.1681 -31.3045 -23.7935 1.1677 -31.2975 -23.797 1.1677 -31.2975
4 15 -23.1565 1.2054 -31.957 -23.1775 1.2103 -32.0264 -23.16 1.2113 -32.0438 -23.104 1.2057 -31.9709
3 15 -24.322 2.2786 -37.5173 -24.352 2.7934 -39.8723 -24.21 2.272 -37.5243
4 15 -22.684 1.1686 -31.4954 -22.7365 1.1892 -31.7904 -22.719 1.1895 -31.7973 -22.607 1.1601 -31.3843
3 15 -22.607 1.1601 -31.3843 -22.719 1.1895 -31.7973 -22.705 1.1896 -31.8008
3 15 -26.2995 1.499 -33.4981 -26.296 1.5056 -33.5293 -26.177 1.5128 -33.5883
4 15 -26.317 1.4923 -33.4634 -26.2995 1.499 -33.4981 -26.177 1.5128 -33.5883 -26.205 1.4831 -33.446
4 15 -22.3515 1.7229 -35.3515 -22.362 1.735 -35.407 -22.2696 1.7165 -35.3348 -22.278 1.7072 -35.289
4 15 -23.384 1.1931 -31.7383 -23.37 1.1931 -31.7418 -23.328 1.1901 -31.7036 -23.3385 1.1895 -31.6932
3 15 -23.4225 1.1684 -31.3704 -23.426 1.1692 -31.3808 -23.419 1.1696 -31.3878
3 15 -23.419 1.1696 -31.3878 -23.412 1.1679 -31.3635 -23.4225 1.1684 -31.3704
4 15 -23.8289 1.8865 -35.8804 -23.8545 1.8571 -35.7368 -23.853 1.8623 -35.7611 -23.839 1.8809 -35.8513
4 15 -21.424 1.2528 -32.9427 -21.368 1.2682 -33.1787 -21.354 1.269 -33.1926 -21.41 1.2489 -32.8872
4 15 -25.1375 1.5077 -33.7931 -25.1725 1.5079 -33.7861 -25.806 1.6197 -34.161 -25.778 1.6229 -34.1818
3 15 -25.148 2.062 -36.3372 -26.9975 2.9198 -39.8723 -25.1305 2.0581 -36.3233
3 15 -24.28 2.2182 -37.2535 -24.352 1.9999 -36.2267 -24.3059 2.2241 -37.2723
4 15 -24.6335 1.1383 -30.8186 -24.595 1.1372 -30.8047 -24.5355 1.1166 -30.5097 -24.5495 1.1166 -30.5097
3 15 -24.3094 2.2582 -37.4278 -24.3514 2.2542 -37.3951 -24.352 2.2546 -37.3969
3 15 -24.3094 2.2582 -37.4278 -24.3101 2.2543 -37.4097 -24.3514 2.2542 -37.3951
4 15 -24.4375 1.1317 -30.7283 -24.42 1.1307 -30.7144 -24.385 1.1166 -30.5131 -24.4165 1.1162 -30.5062
4 15 -24.357 1.117 -30.5201 -24.385 1.1166 -30.5131 -24.42 1.1307 -30.7144 -24.399 1.1297 -30.7006
4 15 -21.788 1.55 -34.6261 -21.97 1.5748 -34.7129 -21.998 1.5831 -34.7476 -21.837 1.5635 -34.6816
3 15 -22.6525 1.1543 -31.2906 -22.642 1.1549 -31.301 -22.621 1.1558 -31.3184
3 15 -22.621 1.1558 -31.3184 -22.586 1.1398 -31.0893 -22.6525 1.1543 -31.2906
4 15 -23.3805 1.1703 -31.4051 -23.3595 1.1668 -31.3566 -23.3805 1.167 -31.3566 -23.3945 1.17 -31.3982
4 15 -22.495 1.6855 -35.1502 -22.446 1.7409 -35.4209 -22.432 1.7228 -35.3376 -22.481 1.6733 -35.0947
4 15 -22.8345 1.2078 -32.0472 -22.8065 1.208 -32.0542 -22.7435 1.1929 -31.8425 -22.7645 1.1929 -31.839
4 15 -22.1205 1.6577 -35.0808 -22.1695 1.6543 -35.0565 -22.1695 1.6594 -35.0808 -22.103 1.6615 -35.1016
3 15 -23.104 1.3005 -33.2239 -23.125 1.3012 -33.2239 -23.3385 1.4252 -33.7757
3 15 -22.39 1.2865 -33.2766 -23.104 1.3005 -33.2239 -23.3385 1.4252 -33.7757
4 15 -26.058 1.3885 -33.0434 -26.0685 1.3912 -33.0538 -26.044 1.3946 -33.0746 -26.037 1.3913 -33.0607
4 15 -23.8215 1.1692 -31.3149 -23.797 1.1694 -31.3218 -23.7935 1.1686 -31.3114 -23.811 1.1686 -31.308
4 15 -26.1175 1.491 -33.5015 -26.121 1.4942 -33.5154 -26.086 1.4895 -33.5015 -26.0895 1.4867 -33.4877
4 15 -24.455 1.9813 -36.1186 -24.4025 1.9795 -36.122 -24.4025 1.9704 -36.0804 -24.4445 1.9717 -36.0769
3 15 -21.6795 1.481 -34.3172 -21.746 1.4892 -34.345 -21.76 1.5044 -34.4144
4 15 -21.7915 1.5209 -34.4873 -21.683 1.4944 -34.3797 -21.6795 1.481 -34.3172 -21.76 1.5044 -34.4144
4 15 -23.454 1.1253 -30.7318 -23.468 1.1248 -30.7214 -23.4925 1.1276 -30.7596 -23.475 1.1279 -30.7665
4 15 -22.9885 1.1744 -31.5301 -22.9605 1.1762 -31.5613 -22.95 1.1697 -31.4676 -22.985 1.1694 -31.4572
4 15 -22.838 1.2294 -32.3631 -22.8135 1.2305 -32.3839 -21.557 1.2297 -32.5818 -21.5255 1.2284 -32.5679
3 15 -24.3465 1.1342 -30.7665 -24.3255 1.1342 -30.7665 -24.329 1.1335 -30.7561
3 15 -24.329 1.1335 -30.7561 -24.336 1.1337 -30.7596 -24.3465 1.1342 -30.7665
4 15 -24.2884 2.236 -37.3327 -24.301 2.2476 -37.3819 -24.2877 2.2465 -37.3813 -24.2667 2.2344 -37.3327
3 15 -22.6525 1.1543 -31.2906 -22.586 1.1398 -31.0893 -22.6665 1.1537 -31.2802
4 15 -24.0245 1.105 -30.3535 -23.944 1.1092 -30.416 -23.9475 1.1082 -30.4021 -24.0385 1.1033 -30.3292
4 15 -23.3735 1.253 -32.6199 -23.398 1.2525 -32.6095 -23.4435 1.2547 -32.6338 -23.4155 1.2551 -32.6442
4 15 -22.88 1.1642 -31.3982 -22.859 1.1576 -31.3045 -22.894 1.1582 -31.308 -22.9045 1.164 -31.3913
4 15 -23.545 1.1145 -30.5583 -23.5625 1.1143 -30.5513 -23.587 1.1171 -30.5895 -23.5695 1.1174 -30.5964
4 15 -24.07 1.167 -31.242 -24.0632 1.1664 -31.233 -24.0735 1.1631 -31.1865 -24.0875 1.1639 -31.1969
3 15 -23.1565 1.2304 -32.3249 -23.1145 1.2342 -32.3874 -23.0655 1.2346 -32.4013
3 15 -23.79 1.1013 -30.3222 -23.6 .9737 -28.4805 -23.811 1.1005 -30.3084
4 15 -22.726 1.1518 -31.242 -22.7015 1.1525 -31.2559 -22.6035 1.1402 -31.0928 -22.621 1.1402 -31.0893
3 15 -22.586 1.1393 -31.0824 -20 .9558 -28.4805 -22.5965 1.1387 -31.0719
3 15 -24.91 1.8375 -35.3584 -24.6545 1.6123 -34.3797 -24.7945 1.5903 -34.2478
4 15 -24.3745 1.1134 -30.468 -24.3395 1.1134 -30.468 -24.3255 1.1114 -30.4402 -24.343 1.1112 -30.4368
4 15 -24.9555 1.1622 -31.124 -25.008 1.1595 -31.0754 -25.022 1.1613 -31.0962 -24.973 1.1633 -31.1344
3 15 -23.496 1.143 -30.9852 -23.489 1.1375 -30.9053 -23.496 1.1379 -30.9088
3 15 -23.496 1.1379 -30.9088 -23.503 1.1391 -30.9262 -23.496 1.143 -30.9852
4 15 -22.8205 1.1382 -31.0268 -22.95 1.151 -31.1934 -22.936 1.1511 -31.1969 -22.803 1.1378 -31.0233
4 15 -22.9185 1.1511 -31.2004 -22.7855 1.1376 -31.0233 -22.803 1.1378 -31.0233 -22.936 1.1511 -31.1969
4 15 -24.287 1.1184 -30.5409 -24.308 1.1179 -30.534 -24.364 1.1282 -30.6797 -24.3255 1.1267 -30.6589
3 15 -22.894 1.1582 -31.308 -22.922 1.1639 -31.3878 -22.9045 1.164 -31.3913
3 15 -25.8165 1.692 -34.4907 -25.8095 1.6864 -34.4664 -25.82 1.6869 -34.4664
3 15 -25.82 1.6869 -34.4664 -25.82 1.6891 -34.4768 -25.8165 1.692 -34.4907
4 15 -23.6 .9737 -28.4805 -22.999 1.1133 -30.6311 -22.9745 1.114 -30.645 -20 .9558 -28.4805
4 15 -24.9835 1.5457 -34.0013 -25.0535 1.5271 -33.9007 -25.6625 1.6272 -34.2269 -25.6485 1.6303 -34.2443
4 15 -22.782 1.1321 -30.9435 -20 .9558 -28.4805 -22.9325 1.1161 -30.6832 -22.9255 1.1172 -30.7006
4 15 -22.3361 1.7067 -35.2772 -22.3515 1.7156 -35.3168 -22.299 1.702 -35.2613 -22.3144 1.7026 -35.2613
3 15 -23.9475 1.0995 -30.2771 -23.9405 1.0981 -30.2563 -23.937 1.0966 -30.2355
3 15 -20 2.594 -39.8723 -21.6025 1.5574 -34.692 -21.6515 1.5745 -34.7649
3 15 -23.9475 1.0995 -30.2771 -23.937 1.0966 -30.2355 -24.133 1.0947 -30.2042
3 15 -24.133 1.0947 -30.2042 -23.9545 1.101 -30.2979 -23.9475 1.0995 -30.2771
4 15 -25.764 1.2642 -32.3353 -25.7745 1.2626 -32.311 -25.799 1.2625 -32.3041 -25.778 1.2652 -32.3457
3 15 -23.6 .9737 -28.4805 -23.0865 1.1133 -30.6173 -23.0585 1.1128 -30.6138
3 15 -25.225 2.0656 -36.3372 -26.9975 2.9198 -39.8723 -25.19 2.0647 -36.3407
4 15 -22.761 1.2084 -32.0681 -22.74 1.2087 -32.075 -22.6805 1.1919 -31.839 -22.6945 1.1923 -31.8425
3 15 -24.21 1.1694 -31.2733 -24.203 1.1696 -31.2767 -24.2065 1.1684 -31.2594
4 15 -22.8485 1.1898 -31.78 -22.873 1.1889 -31.7626 -22.9255 1.2023 -31.9501 -22.9115 1.2042 -31.9813
4 15 -23.3525 1.2775 -32.9844 -23.321 1.2777 -32.9913 -23.363 1.2753 -32.9497 -23.377 1.2757 -32.9531
4 15 -22.6735 1.1394 -31.0685 -22.6945 1.1389 -31.0581 -22.838 1.1507 -31.2073 -22.8135 1.1509 -31.2142
4 15 -25.022 1.1526 -30.9782 -25.0045 1.1505 -30.9539 -28 1.0172 -28.4805 -28.284 1.1168 -29.7746
4 15 -24.5355 1.2564 -32.4985 -24.5565 1.2613 -32.5609 -24.525 1.2605 -32.5575 -24.497 1.2555 -32.495
4 15 -24.021 1.1391 -30.8429 -24.028 1.1381 -30.829 -24.077 1.1421 -30.8845 -24.0665 1.1428 -30.8949
4 15 -26.0685 1.3912 -33.0538 -26.079 1.3948 -33.0677 -26.0545 1.3981 -33.0885 -26.044 1.3946 -33.0746
4 15 -23.489 1.5521 -34.3519 -23.517 1.5567 -34.3692 -23.454 1.5611 -34.4005 -23.433 1.5581 -34.3901
4 15 -24.6055 1.2588 -32.5158 -24.602 1.2628 -32.5713 -24.581 1.2619 -32.5644 -24.567 1.2574 -32.5054
4 15 -23.5415 1.4463 -33.8417 -23.517 1.4498 -33.8625 -23.489 1.4437 -33.8382 -23.5135 1.4387 -33.8104
4 15 -21.711 1.4236 -34.0395 -21.718 1.418 -34.0118 -21.739 1.4246 -34.0395 -21.7355 1.4303 -34.0673
4 15 -26.0965 1.4024 -33.0989 -26.1 1.4056 -33.1128 -26.072 1.4043 -33.1128 -26.065 1.4017 -33.1024
4 15 -22.8415 1.2417 -32.5436 -21.7075 1.239 -32.6928 -21.6585 1.2356 -32.6512 -22.8485 1.2406 -32.5262
4 15 -22.803 1.2314 -32.3978 -22.8485 1.2406 -32.5262 -21.6585 1.2356 -32.6512 -21.6095 1.2327 -32.6165
3 15 -22.8555 1.2426 -32.554 -22.8695 1.2432 -32.5609 -22.936 1.252 -32.6789
4 15 -21.837 1.2745 -33.1926 -21.662 1.2668 -33.1093 -21.802 1.2609 -32.9983 -21.83 1.2683 -33.1024
3 15 -22.621 1.1376 -31.0511 -20 .9558 -28.4805 -22.6525 1.1365 -31.0303
3 15 -22.6525 1.1365 -31.0303 -22.6385 1.1371 -31.0407 -22.621 1.1376 -31.0511
4 15 -24.511 1.5722 -34.2269 -24.574 1.5616 -34.1645 -24.588 1.5819 -34.2547 -24.5285 1.5919 -34.3137
4 15 -23.86 1.1737 -31.3739 -23.8355 1.1731 -31.3704 -23.853 1.1707 -31.3323 -23.8635 1.1711 -31.3357
4 15 -23.839 1.1701 -31.3253 -23.853 1.1707 -31.3323 -23.8355 1.1731 -31.3704 -23.825 1.1725 -31.3635
4 15 -22.4005 1.8572 -35.9797 -20 2.594 -39.8723 -22.4005 1.8389 -35.893 -22.404 1.8493 -35.9415
3 15 -25.05 1.2198 -31.8876 -25.5715 1.2608 -32.3319 -25.533 1.263 -32.37
3 15 -25.9985 1.3645 -32.9462 -26.044 1.35 -32.8698 -26.0335 1.3677 -32.9531
4 15 -23.895 1.167 -31.2698 -23.8775 1.1682 -31.2906 -23.86 1.1673 -31.2802 -23.8845 1.1664 -31.2628
3 15 -24.9625 1.1471 -30.9158 -24.931 1.1453 -30.8984 -28 1.0172 -28.4805
3 15 -22.6105 1.1564 -31.3288 -22.586 1.1398 -31.0893 -22.621 1.1558 -31.3184
4 15 -22.775 1.2627 -32.8629 -22.39 1.2865 -33.2766 -21.8685 1.2531 -32.8733 -21.8125 1.2473 -32.797
4 15 -22.7855 1.1376 -31.0233 -22.9185 1.1511 -31.2004 -22.74 1.1378 -31.0338 -22.7645 1.1376 -31.0268
4 15 -24.924 1.5617 -34.0881 -24.9835 1.5457 -34.0013 -25.6485 1.6303 -34.2443 -25.6345 1.6349 -34.2686
3 15 -22.9185 1.1511 -31.2004 -22.894 1.1509 -31.2004 -22.74 1.1378 -31.0338
3 15 -24.352 1.8442 -35.5114 -24.0595 1.8728 -35.7402 -24.098 1.8604 -35.6708
3 15 -24.352 1.8442 -35.5114 -24.0035 1.8883 -35.8305 -24.0595 1.8728 -35.7402
4 15 -23.1005 1.1546 -31.2212 -23.104 1.1554 -31.2316 -23.0795 1.1544 -31.2212 -23.0935 1.1543 -31.2177
4 15 -24.2555 1.1246 -30.6311 -24.238 1.1215 -30.586 -24.252 1.1215 -30.586 -24.294 1.1257 -30.645
4 15 -23.566 1.5958 -34.5463 -23.5485 1.5959 -34.5497 -23.5345 1.5888 -34.5185 -23.58 1.5897 -34.515
4 15 -24.497 1.1436 -30.8984 -24.525 1.1415 -30.8672 -24.56 1.1425 -30.881 -24.5215 1.1441 -30.9053
4 15 -25.533 1.4548 -33.4634 -25.5435 1.4417 -33.4009 -25.5645 1.4397 -33.387 -25.5575 1.453 -33.4495
4 15 -25.582 1.4383 -33.3766 -25.5785 1.4509 -33.4356 -25.5575 1.453 -33.4495 -25.5645 1.4397 -33.387
4 15 -23.993 1.1328 -30.7526 -24.007 1.1318 -30.7387 -24.0175 1.1333 -30.7596 -24.007 1.134 -30.77
4 15 -23.468 1.2358 -32.3527 -23.4785 1.2355 -32.3457 -23.482 1.2377 -32.377 -23.468 1.2377 -32.3805
4 15 -23.2265 1.1407 -30.9956 -23.2125 1.1412 -31.006 -23.16 1.1381 -30.9678 -23.195 1.1377 -30.9574
4 15 -24.014 1.1403 -30.8602 -24.021 1.1391 -30.8429 -24.0665 1.1428 -30.8949 -24.0595 1.1433 -30.9019
4 15 -26.9975 2.9198 -39.8723 -26.646 1.5677 -33.7376 -26.6495 1.5625 -33.7133 -28.284 1.2865 -32.0863
4 15 -23.2545 1.276 -32.9774 -23.286 1.2754 -32.9636 -23.2265 1.2811 -33.0573 -23.202 1.2832 -33.092
3 15 -23.895 1.1691 -31.301 -23.8775 1.1682 -31.2906 -23.895 1.167 -31.2698
4 15 -23.909 1.1695 -31.3045 -23.895 1.1691 -31.301 -23.895 1.167 -31.2698 -23.9055 1.1676 -31.2767
4 15 -23.244 1.1258 -30.7734 -23.2265 1.1258 -30.7769 -23.237 1.1245 -30.7561 -23.2475 1.1251 -30.763
4 15 -24.1505 1.1398 -30.8498 -24.175 1.1366 -30.8047 -24.189 1.1376 -30.8186 -24.161 1.1398 -30.8498
4 15 -22.047 1.699 -35.289 -22.054 1.6861 -35.2265 -22.11 1.6895 -35.2335 -22.1065 1.7041 -35.3029
3 15 -25.869 1.2572 -32.2173 -28.284 1.1168 -29.7746 -25.9005 1.2585 -32.2277
4 15 -23.2265 1.1258 -30.7769 -23.202 1.126 -30.7839 -23.223 1.1239 -30.7492 -23.237 1.1245 -30.7561
4 15 -25.7675 1.4313 -33.3037 -25.757 1.4383 -33.3384 -25.7395 1.439 -33.3453 -25.7535 1.4306 -33.3037
3 15 -23.44 1.1266 -30.7526 -23.44 1.1278 -30.77 -23.433 1.1272 -30.763
3 15 -22.8695 1.2432 -32.5609 -22.8905 1.2437 -32.5644 -22.936 1.252 -32.6789
3 15 -28.284 1.2865 -32.0863 -26.632 1.5262 -33.5501 -26.625 1.5198 -33.5224
3 15 -24.352 1.8442 -35.5114 -24.3045 1.7697 -35.1849 -24.322 1.7558 -35.1155
4 15 -23.8005 1.3323 -33.2586 -23.8215 1.3309 -33.2482 -23.839 1.3352 -33.2655 -23.7935 1.3358 -33.2759
3 15 -23.734 1.1039 -30.3708 -23.6 .9737 -28.4805 -23.748 1.1031 -30.3569
4 15 -24.245 1.1203 -30.5687 -24.238 1.1186 -30.5444 -24.266 1.1186 -30.5444 -24.259 1.1205 -30.5721
3 15 -24.266 1.1186 -30.5444 -24.2695 1.1213 -30.5826 -24.259 1.1205 -30.5721
3 15 -24.245 1.1203 -30.5687 -24.2275 1.119 -30.5513 -24.238 1.1186 -30.5444
4 15 -23.209 1.17 -31.4294 -23.1775 1.1702 -31.4364 -23.153 1.1663 -31.3843 -23.174 1.1661 -31.3774
4 15 -23.454 1.4564 -33.9042 -23.4295 1.4584 -33.918 -23.4155 1.4557 -33.9076 -23.433 1.452 -33.8868
4 15 -24.672 1.2468 -32.3388 -24.6405 1.2428 -32.2902 -24.8435 1.1795 -31.3843 -24.8715 1.1802 -31.3878
4 15 -24.175 1.9945 -36.2609 -23.9475 2.1256 -36.9391 -23.8901 2.1128 -36.8995 -24.056 1.9919 -36.2886
3 15 -21.837 1.2745 -33.1926 -21.7425 1.2727 -33.1822 -21.662 1.2668 -33.1093
4 15 -23.0865 1.1715 -31.4711 -23.0515 1.1723 -31.4884 -23.034 1.169 -31.4433 -23.0655 1.1684 -31.4294
4 15 -24.308 2.2507 -37.3937 -24.3395 2.2503 -37.3813 -24.3514 2.2542 -37.3951 -24.3101 2.2543 -37.4097
3 15 -23.9825 2.2464 -37.4826 -24.352 2.7934 -39.8723 -23.9528 2.2412 -37.4687
3 15 -24.352 1.6548 -34.6413 -24.343 1.7045 -34.8725 -24.343 1.6969 -34.8378
4 15 -26.4815 1.4593 -33.2759 -26.5095 1.4607 -33.2759 -26.5025 1.4626 -33.2863 -26.492 1.4621 -33.2863
3 15 -22.6105 1.5468 -34.4734 -22.39 1.2865 -33.2766 -22.6945 1.5256 -34.3588
3 15 -24.315 1.1117 -30.4437 -24.3255 1.1114 -30.4402 -24.3395 1.1134 -30.468
4 15 -25.7535 1.692 -34.5046 -25.7675 1.6896 -34.4907 -25.7885 1.702 -34.5428 -25.771 1.7034 -34.5532
4 15 -24.854 1.5266 -33.9423 -24.805 1.5379 -34.0048 -24.812 1.5156 -33.9007 -24.847 1.5082 -33.859
4 15 -23.664 1.1088 -30.4541 -23.6465 1.1091 -30.4611 -23.6 .9737 -28.4805 -23.6815 1.1078 -30.4368
4 15 -22.838 1.1386 -31.0303 -22.9675 1.1508 -31.1865 -22.95 1.151 -31.1934 -22.8205 1.1382 -31.0268
4 15 -26.072 1.5191 -33.6404 -26.0755 1.5147 -33.6195 -26.1175 1.5205 -33.6369 -26.114 1.5249 -33.6577
4 15 -26.3415 1.4866 -33.4321 -26.317 1.4923 -33.4634 -26.205 1.4831 -33.446 -26.3485 1.4794 -33.3974
4 15 -23.314 1.1908 -31.7175 -23.328 1.1901 -31.7036 -23.37 1.1931 -31.7418 -23.349 1.1934 -31.7488
3 15 -21.991 1.2793 -33.2371 -22.39 1.2865 -33.2766 -21.991 1.2855 -33.328
4 15 -22.67 1.6785 -35.0877 -22.628 1.6843 -35.1224 -22.6182 1.6752 -35.0808 -22.6735 1.6698 -35.0461
4 15 -24.1365 1.1397 -30.8498 -24.154 1.1356 -30.7908 -24.175 1.1366 -30.8047 -24.1505 1.1398 -30.8498
4 15 -23.405 1.2219 -32.1583 -23.412 1.2196 -32.1236 -23.4225 1.2193 -32.1167 -23.419 1.2218 -32.1548
3 15 -26.569 1.5647 -33.741 -26.5935 1.5674 -33.748 -26.1175 1.5908 -33.9597
4 15 -23.5765 1.4409 -33.8104 -23.5415 1.4463 -33.8417 -23.5135 1.4387 -33.8104 -23.5345 1.435 -33.7896
4 15 -24.6825 1.2641 -32.5713 -24.6755 1.265 -32.5852 -24.658 1.2647 -32.5852 -24.6755 1.2627 -32.554
4 15 -23.3 1.2663 -32.8282 -23.349 1.2662 -32.8178 -23.307 1.2695 -32.8733 -23.272 1.2702 -32.8907
4 15 -23.4365 1.2007 -31.8425 -23.447 1.2013 -31.8494 -23.4505 1.2021 -31.8598 -23.4435 1.2025 -31.8668
3 15 -22.5965 1.1387 -31.0719 -20 .9558 -28.4805 -22.607 1.1382 -31.0615
4 15 -24.0035 2.1565 -37.0626 -23.9825 2.1595 -37.0835 -23.958 2.154 -37.0661 -23.986 2.1507 -37.0418
4 15 -26.303 1.4591 -33.3141 -26.219 1.4559 -33.3176 -26.226 1.4388 -33.2378 -26.2925 1.4518 -33.2829
4 15 -23.524 1.5797 -34.4768 -23.58 1.5816 -34.4768 -23.58 1.5897 -34.515 -23.5345 1.5888 -34.5185
4 15 -23.3735 1.2688 -32.8525 -23.3455 1.2689 -32.8594 -23.391 1.2659 -32.8074 -23.426 1.2656 -32.797
4 15 -24.8715 1.1802 -31.3878 -24.9065 1.1808 -31.3878 -24.728 1.2518 -32.3943 -24.672 1.2468 -32.3388
4 15 -23.4295 1.268 -32.8317 -23.4015 1.2684 -32.8421 -23.4505 1.2654 -32.79 -23.4645 1.2653 -32.7865
4 15 -23.034 1.1182 -30.6971 -22.929 1.1319 -30.9158 -22.908 1.1321 -30.9227 -23.0095 1.1179 -30.6971
3 15 -21.4835 1.2483 -32.8664 -21.4555 1.2456 -32.8317 -21.648 1.2412 -32.7345
4 15 -22.7645 1.1711 -31.5197 -22.7925 1.1712 -31.5162 -22.81 1.1849 -31.714 -22.7925 1.1866 -31.7418
4 15 -23.412 1.1809 -31.5544 -23.405 1.1812 -31.5613 -23.3665 1.1777 -31.5162 -23.3875 1.178 -31.5162
4 15 -23.398 1.2128 -32.0264 -23.4085 1.2096 -31.9778 -23.4295 1.2099 -31.9778 -23.412 1.2125 -32.0195
4 15 -24.525 1.1415 -30.8672 -24.497 1.1436 -30.8984 -24.462 1.1426 -30.8845 -24.5005 1.1407 -30.8567
4 15 -21.5045 1.2509 -32.9011 -21.4835 1.2483 -32.8664 -21.648 1.2412 -32.7345 -21.6795 1.2444 -32.7761
3 15 -24.352 1.9764 -36.1187 -24.352 1.9688 -36.0838 -24.364 1.9694 -36.0838
3 15 -21.9595 1.2661 -33.0493 -22.39 1.2865 -33.2766 -21.984 1.2724 -33.1371
4 15 -24.77 1.255 -32.429 -24.728 1.2518 -32.3943 -24.9065 1.1808 -31.3878 -24.9345 1.1807 -31.3808
4 15 -23.4435 1.2282 -32.2451 -23.433 1.2305 -32.2798 -23.4225 1.2306 -32.2833 -23.433 1.2288 -32.2555
3 15 -21.963 1.74 -35.4973 -21.9595 1.7487 -35.5389 -20 2.594 -39.8723
3 15 -23.4225 1.2306 -32.2833 -23.426 1.2292 -32.2624 -23.433 1.2288 -32.2555
4 15 -22.9815 1.1398 -31.0233 -23.0305 1.1392 -31.006 -23.125 1.1431 -31.0476 -23.0935 1.1439 -31.065
4 15 -21.529 1.4025 -33.9701 -21.5101 1.4374 -34.1388 -20 1.2865 -33.6753 -21.536 1.3808 -33.866
4 15 -22.46 1.8337 -35.8582 -22.439 1.8212 -35.8027 -23.1005 1.865 -35.8999 -23.16 1.8766 -35.945
4 15 -23.9888 1.7031 -34.9845 -24.0053 1.6842 -34.892 -24.0455 1.6806 -34.8621 -24.007 1.7012 -34.9697
4 15 -24.6965 1.1642 -31.1899 -24.6615 1.1657 -31.2108 -24.651 1.1647 -31.1969 -24.6895 1.1635 -31.1795
4 15 -23.027 1.2701 -32.9288 -23.0655 1.2698 -32.9184 -23.1495 1.2757 -32.9913 -23.1285 1.2769 -33.0121
4 15 -23.706 1.8182 -35.5771 -23.699 1.8231 -35.6014 -23.6605 1.8166 -35.5771 -23.6619 1.8101 -35.5459
4 15 -25.932 1.5018 -33.5918 -25.9285 1.5243 -33.6959 -25.617 1.4664 -33.4981 -25.6835 1.4612 -33.4599
4 15 -25.82 1.6174 -34.1471 -25.806 1.6197 -34.161 -25.1725 1.5079 -33.7861 -25.211 1.5074 -33.7757
4 15 -24.2695 1.61 -34.463 -24.322 1.604 -34.4178 -24.294 1.6193 -34.4977 -24.2555 1.6226 -34.5254
4 15 -24.343 1.7045 -34.8725 -24.352 1.6548 -34.6413 -24.352 1.8442 -35.5114 -24.343 1.7196 -34.9419
4 15 -22.6735 1.6698 -35.0461 -22.6182 1.6752 -35.0808 -22.607 1.6645 -35.0322 -22.677 1.6612 -35.0044
4 15 -25.7605 1.2995 -32.6998 -25.9565 1.3625 -32.9462 -25.9075 1.3609 -32.9497 -25.722 1.312 -32.7657
3 15 -25.19 2.0647 -36.3407 -26.9975 2.9198 -39.8723 -25.148 2.062 -36.3372
4 15 -24.042 1.9304 -36.011 -24.014 1.9231 -35.9867 -23.993 1.914 -35.952 -24.352 1.8442 -35.5114
4 15 -24.315 1.9525 -36.0214 -24.168 1.9418 -36.0214 -24.0875 1.9352 -36.0179 -24.352 1.8442 -35.5114
4 15 -24.5495 1.9729 -36.0596 -24.5705 1.9739 -36.0596 -24.5705 1.9792 -36.0838 -24.5565 1.9801 -36.0908
4 15 -24.8575 1.1686 -31.2316 -24.8505 1.172 -31.2802 -24.819 1.1707 -31.2698 -24.8365 1.1677 -31.2247
3 15 -22.495 1.602 -34.7545 -22.39 1.2865 -33.2766 -22.516 1.5859 -34.6747
4 15 -22.754 1.1514 -31.2316 -22.726 1.1518 -31.242 -22.621 1.1402 -31.0893 -22.635 1.1401 -31.0858
4 15 -23.666 2.0734 -36.7931 -23.748 2.0964 -36.8717 -23.727 2.1017 -36.903 -23.6573 2.0834 -36.8422
4 15 -23.7585 2.1002 -36.8856 -23.741 2.1057 -36.9169 -23.727 2.1017 -36.903 -23.748 2.0964 -36.8717
4 15 -24.847 1.5082 -33.859 -24.882 1.5038 -33.8313 -24.8855 1.5176 -33.8937 -24.854 1.5266 -33.9423
4 15 -24.567 1.2574 -32.5054 -24.581 1.2619 -32.5644 -24.5565 1.2613 -32.5609 -24.5355 1.2564 -32.4985
4 15 -24.294 1.1075 -30.3847 -24.1715 1.1049 -30.35 -24.182 1.104 -30.3361 -24.315 1.1075 -30.3847
4 15 -23.3595 1.1613 -31.2767 -23.349 1.1586 -31.2385 -23.3595 1.158 -31.2281 -23.3735 1.1613 -31.2733
4 15 -22.943 1.2391 -32.488 -22.922 1.2396 -32.4985 -22.859 1.232 -32.3978 -22.8765 1.2312 -32.3839
3 15 -20 .9558 -28.4805 -22.5965 1.1591 -31.3704 -22.6 1.1598 -31.3808
4 15 -24.4025 1.9704 -36.0804 -24.4025 1.9795 -36.122 -24.352 1.9764 -36.1187 -24.364 1.9694 -36.0838
3 15 -23.979 1.1745 -31.367 -23.9825 1.1748 -31.3704 -23.979 1.1752 -31.3774
3 15 -23.979 1.1752 -31.3774 -23.9615 1.1741 -31.3635 -23.979 1.1745 -31.367
3 15 -22.733 1.1334 -30.9713 -20 .9558 -28.4805 -22.754 1.1327 -30.9574
4 15 -26.0685 1.5235 -33.6612 -26.072 1.5191 -33.6404 -26.114 1.5249 -33.6577 -26.107 1.5298 -33.682
4 15 -22.824 1.1314 -30.9262 -22.803 1.1316 -30.9331 -22.936 1.1185 -30.7179 -22.95 1.1187 -30.7179
4 15 -26.576 1.5258 -33.5605 -26.5865 1.5286 -33.571 -26.555 1.5263 -33.5675 -26.5655 1.5245 -33.5571
3 15 -24.126 1.1104 -30.4298 -24.1715 1.1049 -30.35 -24.1435 1.11 -30.4229
3 15 -23.0165 1.2359 -32.429 -23.097 1.2319 -32.3562 -23.118 1.2316 -32.3492
4 15 -23.8635 1.1711 -31.3357 -23.8705 1.1714 -31.3392 -23.8845 1.1742 -31.3774 -23.86 1.1737 -31.3739
4 15 -22.8065 1.2621 -32.849 -22.7925 1.261 -32.8351 -22.8415 1.2417 -32.5436 -22.8275 1.2631 -32.8594
4 15 -22.7855 1.151 -31.2212 -22.754 1.1514 -31.2316 -22.635 1.1401 -31.0858 -22.6525 1.1399 -31.0789
3 15 -24.0455 1.1647 -31.2108 -24.028 1.163 -31.1899 -24.042 1.1613 -31.1622
3 15 -24.0595 1.166 -31.2281 -24.0455 1.1647 -31.2108 -24.042 1.1613 -31.1622
3 15 -25.0885 1.2734 -32.6095 -25.05 1.2198 -31.8876 -25.134 1.2772 -32.6512
4 15 -24.9975 1.1583 -31.0615 -24.945 1.1616 -31.1171 -24.931 1.1611 -31.1136 -24.98 1.1573 -31.0511
4 15 -25.008 1.1595 -31.0754 -24.9555 1.1622 -31.124 -24.945 1.1616 -31.1171 -24.9975 1.1583 -31.0615
4 15 -22.6595 1.1572 -31.3323 -22.677 1.1564 -31.3184 -22.733 1.1677 -31.4746 -22.712 1.1677 -31.478
4 15 -24.644 1.1446 -30.9088 -24.637 1.145 -30.9158 -24.623 1.145 -30.9158 -24.6335 1.1441 -30.9019
4 15 -22.362 1.787 -35.6535 -22.4215 1.7796 -35.6083 -22.698 1.7842 -35.584 -22.8191 1.8113 -35.6923
4 15 -24.8643 1.143 -30.8824 -24.8085 1.1426 -30.8776 -24.777 1.1421 -30.8706 -25.4597 .9763 -28.4805
3 15 -26.9975 2.9198 -39.8723 -25.8865 1.6953 -34.4907 -25.9075 1.688 -34.4525
4 15 -23.482 1.1429 -30.9852 -23.468 1.1423 -30.9782 -23.4715 1.1373 -30.9053 -23.4785 1.1374 -30.9053
4 15 -23.9265 1.7117 -35.0357 -23.888 1.7177 -35.0704 -23.853 1.7128 -35.053 -23.86 1.7094 -35.0357
3 15 -24.8806 2.0277 -36.2386 -26.9975 2.9198 -39.8723 -24.84 2.0246 -36.2331
3 15 -21.8706 1.4151 -33.9729 -21.879 1.3936 -33.8694 -21.9 1.3716 -33.7618
3 15 -24.3395 1.6891 -34.8031 -24.352 1.6548 -34.6413 -24.343 1.6969 -34.8378
3 15 -24.0679 2.1556 -37.0369 -24.352 1.9999 -36.2267 -24.0889 2.162 -37.0592
4 15 -24.98 1.1573 -31.0511 -24.931 1.1611 -31.1136 -24.924 1.1607 -31.1101 -24.9625 1.1567 -31.0476
4 15 -23.0725 1.1387 -30.9921 -23.1215 1.1383 -30.9782 -23.1915 1.1417 -31.0164 -23.1565 1.1423 -31.0303
4 15 -23.5205 1.2457 -32.488 -23.51 1.2458 -32.4915 -23.51 1.2441 -32.4672 -23.5205 1.2438 -32.4603
4 15 -25.6485 1.2964 -32.7102 -25.638 1.2997 -32.7275 -25.617 1.2896 -32.6859 -25.631 1.288 -32.6755
4 15 -23.7095 1.8117 -35.5459 -23.706 1.8182 -35.5771 -23.6619 1.8101 -35.5459 -23.6619 1.8027 -35.5112
4 15 -23.734 1.9649 -36.2678 -23.482 1.9941 -36.4483 -23.566 1.9707 -36.3233 -23.727 1.9471 -36.1845
4 15 -23.524 1.5797 -34.4768 -23.5065 1.5724 -34.4456 -23.573 1.5763 -34.4525 -23.58 1.5816 -34.4768
4 15 -22.866 1.1699 -31.485 -22.894 1.1698 -31.478 -22.915 1.1804 -31.6307 -22.901 1.1814 -31.6481
3 15 -23.678 1.7755 -35.3793 -23.622 1.7728 -35.3758 -23.615 1.7674 -35.3515
4 15 -25.736 1.3595 -32.9809 -25.61 1.3369 -32.9045 -25.659 1.3279 -32.8525 -25.8445 1.3601 -32.9601
4 15 -23.6338 2.1104 -36.9739 -23.748 2.1448 -37.0939 -23.776 2.1544 -37.1286 -23.1165 2.7037 -39.8723
4 15 -24.5285 1.5919 -34.3137 -24.469 1.5997 -34.3623 -24.462 1.5804 -34.2755 -24.511 1.5722 -34.2269
4 15 -21.5472 1.2681 -33.1475 -21.592 1.2727 -33.2065 -21.403 1.2724 -33.2343 -21.382 1.2689 -33.1857
4 15 -21.424 1.276 -33.2829 -21.403 1.2724 -33.2343 -21.592 1.2727 -33.2065 -21.641 1.2779 -33.2759
3 15 -28.284 1.1168 -29.7746 -25.1025 1.1654 -31.1344 -25.0955 1.1632 -31.1066
4 15 -22.894 1.1582 -31.308 -22.936 1.1584 -31.3045 -22.9465 1.164 -31.3843 -22.922 1.1639 -31.3878
4 15 -24.105 1.1346 -30.7769 -24.133 1.1349 -30.7804 -24.126 1.1397 -30.8498 -24.1155 1.1399 -30.8533
4 15 -22.138 1.5807 -34.7129 -22.082 1.5684 -34.6643 -22.39 1.2865 -33.2766 -22.194 1.5892 -34.7441
4 15 -23.02 1.1291 -30.8602 -22.9885 1.1302 -30.881 -23.0585 1.1185 -30.6971 -23.076 1.1189 -30.7006
4 15 -25.8375 1.5865 -34.0013 -25.8305 1.5922 -34.0291 -25.407 1.4881 -33.6438 -25.421 1.4842 -33.623
4 15 -22.901 1.2121 -32.0993 -22.9325 1.2113 -32.082 -22.9955 1.2182 -32.1722 -22.9675 1.219 -32.1896
4 15 -26.156 1.3138 -32.6789 -26.1805 1.3241 -32.7206 -26.121 1.3175 -32.7032 -26.0965 1.3087 -32.6685
4 15 -25.6835 1.4612 -33.4599 -25.7395 1.4564 -33.4252 -25.939 1.4923 -33.5467 -25.932 1.5018 -33.5918
4 15 -22.453 1.8437 -35.9068 -22.46 1.8337 -35.8582 -23.16 1.8766 -35.945 -23.195 1.8874 -35.9901
3 15 -24.434 1.1087 -30.3986 -25.4597 .9763 -28.4805 -24.553 1.1156 -30.4958
4 15 -23.895 1.2112 -31.9188 -23.965 1.2108 -31.9015 -23.9825 1.2138 -31.9431 -23.916 1.2142 -31.9605
4 15 -23.195 1.1838 -31.6342 -23.2125 1.1838 -31.6307 -23.2195 1.1841 -31.6342 -23.223 1.1846 -31.6412
4 15 -23.272 1.2702 -32.8907 -23.2405 1.2715 -32.915 -23.2405 1.2666 -32.8421 -23.3 1.2663 -32.8282
4 15 -24.4095 1.1408 -30.8602 -24.448 1.139 -30.8325 -24.4725 1.14 -30.8463 -24.434 1.1418 -30.8741
4 15 -22.845 1.1314 -30.9227 -22.824 1.1314 -30.9262 -22.95 1.1187 -30.7179 -22.9675 1.1186 -30.7144
4 15 -22.943 1.2275 -32.318 -22.971 1.2271 -32.3076 -23.1005 1.2288 -32.311 -23.083 1.2293 -32.3214
4 15 -24.252 1.6797 -34.7892 -24.2275 1.6817 -34.8066 -24.154 1.6719 -34.7858 -24.196 1.6689 -34.758
3 15 -26.52 1.4438 -33.1961 -28.284 1.2865 -32.0863 -26.541 1.4546 -33.2412
3 15 -23.909 1.1695 -31.3045 -23.9055 1.1676 -31.2767 -23.916 1.1681 -31.2837
4 15 -23.909 1.1695 -31.3045 -23.916 1.1681 -31.2837 -23.93 1.169 -31.2941 -23.9265 1.1702 -31.3114
3 15 -23.93 1.169 -31.2941 -23.9405 1.1705 -31.3149 -23.9265 1.1702 -31.3114
3 15 -22.439 1.7743 -35.5806 -22.453 1.7617 -35.5181 -22.544 1.7268 -35.3376
4 15 -24.2835 1.6782 -34.7719 -24.252 1.6797 -34.7892 -24.196 1.6689 -34.758 -24.231 1.6661 -34.7337
4 15 -23.1985 1.2673 -32.8594 -23.2405 1.2666 -32.8421 -23.2405 1.2715 -32.915 -23.2125 1.2729 -32.9393
4 15 -23.489 1.2351 -32.3388 -23.5065 1.2353 -32.3388 -23.51 1.2373 -32.3666 -23.496 1.2376 -32.3735
4 15 -21.536 1.3808 -33.866 -20 1.2865 -33.6753 -21.508 1.3285 -33.623 -21.529 1.3513 -33.7271
3 15 -28.284 1.2865 -32.0863 -26.555 1.4689 -33.3037 -26.541 1.4546 -33.2412
4 15 -25.554 1.3455 -32.9566 -25.596 1.3611 -33.0191 -25.526 1.3638 -33.0469 -25.505 1.3522 -32.9983
4 15 -22.978 1.244 -32.554 -23.006 1.2436 -32.5436 -22.9815 1.2492 -32.6304 -22.9675 1.25 -32.6442
4 15 -23.5765 1.252 -32.5713 -23.5695 1.2535 -32.5956 -23.5555 1.2536 -32.5991 -23.5625 1.2518 -32.5713
4 15 -23.377 1.1367 -30.9123 -23.391 1.1369 -30.9123 -23.3945 1.1393 -30.947 -23.384 1.1389 -30.9435
3 15 -21.8895 1.4987 -34.3658 -21.8755 1.4792 -34.2755 -21.865 1.4597 -34.1853
3 15 -22.817 1.4991 -34.2131 -22.39 1.2865 -33.2766 -22.915 1.4821 -34.1159
3 15 -24.553 1.1156 -30.4958 -25.4597 .9763 -28.4805 -24.5565 1.1164 -30.5062
4 15 -23.839 1.1644 -31.242 -23.8565 1.1644 -31.2385 -23.867 1.1652 -31.249 -23.8425 1.1654 -31.2559
4 15 -25.722 1.312 -32.7657 -25.9075 1.3609 -32.9497 -25.8445 1.3601 -32.9601 -25.659 1.3279 -32.8525
4 15 -22.46 1.6702 -35.0835 -22.411 1.7074 -35.2682 -22.404 1.6969 -35.2196 -22.432 1.6716 -35.0947
4 15 -24.021 1.1311 -30.7283 -24.0385 1.1306 -30.7214 -24.042 1.1323 -30.7457 -24.028 1.1328 -30.7526
4 15 -21.662 1.3222 -33.5675 -21.613 1.3161 -33.5467 -21.69 1.3057 -33.4842 -21.683 1.3157 -33.5328
4 15 -24.812 1.178 -31.3704 -24.8435 1.1795 -31.3843 -24.6405 1.2428 -32.2902 -24.5985 1.2378 -32.2312
3 15 -23.4225 1.1805 -31.5474 -23.4015 1.1784 -31.5197 -23.412 1.1787 -31.5232
3 15 -23.412 1.1787 -31.5232 -23.426 1.1796 -31.5336 -23.4225 1.1805 -31.5474
4 15 -23.181 1.2245 -32.2347 -23.1775 1.2252 -32.2451 -23.1355 1.224 -32.2347 -23.153 1.2238 -32.2277
4 15 -26.471 1.4233 -33.1128 -26.359 1.3787 -32.9323 -26.219 1.3146 -32.6685 -28.284 1.2865 -32.0863
4 15 -26.0265 1.6416 -34.2131 -26.051 1.6352 -34.1784 -26.0825 1.6299 -34.1471 -26.9975 2.9198 -39.8723
4 15 -25.2705 1.3403 -32.9948 -25.2565 1.3472 -33.0295 -25.239 1.3403 -33.0017 -25.2565 1.3328 -32.9636
4 15 -23.6885 1.83 -35.6361 -23.6675 1.8308 -35.6431 -23.657 1.8275 -35.6292 -23.657 1.8223 -35.6049
4 15 -24.098 1.1644 -31.2038 -24.1155 1.1651 -31.2142 -24.098 1.1687 -31.2663 -24.084 1.168 -31.2559
3 15 -26.9975 2.9198 -39.8723 -26.0965 1.6238 -34.1159 -26.1105 1.6154 -34.0742
4 15 -23.314 1.1381 -30.9435 -23.314 1.1367 -30.9227 -23.3245 1.1366 -30.9192 -23.328 1.1383 -30.9435
4 15 -23.587 1.1148 -30.5548 -23.5975 1.1154 -30.5617 -23.6045 1.1162 -30.5721 -23.601 1.1166 -30.5791
3 15 -26.5515 1.5337 -33.6022 -26.597 1.5374 -33.6091 -26.5935 1.5425 -33.6334
3 15 -24.21 2.272 -37.5243 -24.352 2.7934 -39.8723 -24.105 2.2629 -37.5173
3 15 -25.05 1.2198 -31.8876 -25.701 1.256 -32.2381 -25.6555 1.2571 -32.2624
3 15 -24.1995 1.1391 -30.8394 -24.196 1.1403 -30.8567 -24.182 1.1403 -30.8567
3 15 -21.8685 1.2531 -32.8733 -22.39 1.2865 -33.2766 -21.9245 1.2599 -32.9636
4 15 -22.901 1.2235 -32.2659 -22.8835 1.2249 -32.2902 -22.7925 1.2128 -32.1271 -22.8205 1.2129 -32.1236
4 15 -23.4015 1.2034 -31.8876 -23.3875 1.1997 -31.8355 -23.405 1.1999 -31.8355 -23.4155 1.2031 -31.8806
3 15 -23.153 2.0162 -36.6079 -23.167 2.0211 -36.6288 -20 2.594 -39.8723
4 15 -24.5565 1.9801 -36.0908 -24.5355 1.9806 -36.0977 -24.5285 1.9727 -36.063 -24.5495 1.9729 -36.0596
4 15 -25.575 1.314 -32.8074 -25.561 1.3156 -32.8178 -25.5435 1.308 -32.7865 -25.5575 1.3034 -32.7622
4 15 -23.79 1.8439 -35.6847 -23.846 1.7931 -35.4348 -23.86 1.8185 -35.5528 -23.776 1.8624 -35.7749
4 15 -23.636 1.7788 -35.4022 -23.622 1.7728 -35.3758 -23.678 1.7755 -35.3793 -23.692 1.7818 -35.407
4 15 -24.0035 2.1565 -37.0626 -24.007 2.159 -37.073 -23.9965 2.1606 -37.0835 -23.9825 2.1595 -37.0835
4 15 -24.0875 1.1639 -31.1969 -24.098 1.1644 -31.2038 -24.084 1.168 -31.2559 -24.07 1.167 -31.242
3 15 -25.05 1.2198 -31.8876 -25.603 1.259 -32.3006 -25.5715 1.2608 -32.3319
3 15 -24.7525 1.5505 -34.0742 -24.7 1.5616 -34.1367 -24.7 1.5367 -34.0222
4 15 -24.0945 1.098 -30.2528 -23.972 1.1051 -30.3569 -23.9685 1.1034 -30.3326 -24.1085 1.0968 -30.2355
4 15 -23.391 1.5508 -34.3623 -23.391 1.5471 -34.345 -23.412 1.5457 -34.3345 -23.44 1.5467 -34.3345
4 15 -21.8706 1.4151 -33.9729 -21.9 1.3716 -33.7618 -21.956 1.3253 -33.5328 -22.39 1.2865 -33.2766
4 15 -23.433 1.1917 -31.7106 -23.426 1.1921 -31.7175 -23.3805 1.1885 -31.6724 -23.4015 1.189 -31.6759
3 15 -21.9 1.3716 -33.7618 -21.921 1.3497 -33.6543 -21.956 1.3253 -33.5328
4 15 -23.454 1.2213 -32.141 -23.461 1.2199 -32.1201 -23.468 1.2207 -32.1306 -23.461 1.2211 -32.1375
4 15 -23.643 2.0679 -36.7711 -23.666 2.0734 -36.7931 -23.6573 2.0834 -36.8422 -23.6115 2.0734 -36.8023
3 15 -24.931 1.1453 -30.8984 -24.889 1.1436 -30.8845 -28 1.0172 -28.4805
4 15 -22.026 1.7364 -35.4695 -22.04 1.7281 -35.4279 -22.131 1.7386 -35.4626 -22.152 1.7511 -35.5181
4 15 -24.105 1.2282 -32.134 -24.056 1.2283 -32.1444 -24.028 1.2259 -32.1132 -24.084 1.2258 -32.1028
3 15 -22.299 1.8038 -35.7437 -20 2.594 -39.8723 -22.243 1.7879 -35.6778
4 15 -25.498 1.2652 -32.4082 -25.4245 1.2674 -32.4533 -25.05 1.2198 -31.8876 -25.533 1.263 -32.37
4 15 -23.7585 1.3975 -33.5744 -23.727 1.4081 -33.63 -23.678 1.3998 -33.5987 -23.7095 1.3892 -33.5432
4 15 -23.8705 1.1714 -31.3392 -23.8845 1.1718 -31.3427 -23.9195 1.1746 -31.3774 -23.8845 1.1742 -31.3774
3 15 -22.516 1.5859 -34.6747 -22.39 1.2865 -33.2766 -22.544 1.5708 -34.5983
4 15 -21.837 1.5635 -34.6816 -21.998 1.5831 -34.7476 -21.935 1.5838 -34.7615 -21.8895 1.5756 -34.7302
4 15 -23.216 1.2046 -31.9362 -23.244 1.2085 -31.9882 -23.209 1.2093 -32.0056 -23.1915 1.2048 -31.9431
4 15 -21.83 1.277 -33.2308 -21.809 1.2775 -33.2412 -21.7425 1.2727 -33.1822 -21.837 1.2745 -33.1926
4 15 -22.943 1.2204 -32.2139 -22.9185 1.222 -32.2416 -22.8485 1.2127 -32.1167 -22.8765 1.2126 -32.1097
4 15 -23.489 2.0354 -36.6427 -23.524 2.041 -36.6635 -23.4715 2.0377 -36.6565 -23.4715 2.0348 -36.6427
4 15 -23.93 1.2047 -31.8182 -23.867 1.2047 -31.8286 -23.86 1.2022 -31.7939 -23.923 1.203 -31.7939
4 15 -21.41 1.2885 -33.4495 -21.473 1.3097 -33.5397 -21.508 1.3285 -33.623 -20 1.2865 -33.6753
4 15 -23.944 1.2072 -31.8529 -23.8775 1.2076 -31.8702 -23.867 1.2047 -31.8286 -23.93 1.2047 -31.8182
3 15 -23.1165 2.7037 -39.8723 -23.79 2.1629 -37.1633 -23.797 2.168 -37.1841
4 15 -25.2915 2.0144 -36.0873 -25.3125 2.0147 -36.0838 -25.3125 2.0237 -36.1255 -25.2985 2.02 -36.1116
3 15 -23.979 1.158 -31.124 -23.979 1.1575 -31.1171 -23.986 1.1576 -31.1171
4 15 -22.7715 1.1672 -31.4607 -22.754 1.1675 -31.4676 -22.691 1.1561 -31.3114 -22.705 1.1558 -31.3045
4 15 -25.9705 1.4621 -33.4009 -25.96 1.4714 -33.446 -25.8165 1.448 -33.3696 -25.848 1.4442 -33.3453
4 15 -24.259 1.2621 -32.6061 -24.2485 1.261 -32.5922 -24.259 1.2602 -32.5783 -24.273 1.262 -32.6026
3 15 -24.273 1.262 -32.6026 -24.259 1.2602 -32.5783 -24.2765 1.2592 -32.5609
4 15 -23.0025 1.2268 -32.2972 -23.0375 1.2262 -32.2833 -23.132 1.2275 -32.2867 -23.1145 1.2283 -32.3006
3 15 -24.91 1.8375 -35.3584 -24.9555 1.9795 -36.0005 -24.889 1.9748 -35.9936
3 15 -22.607 1.1382 -31.0615 -20 .9558 -28.4805 -22.621 1.1376 -31.0511
4 15 -23.3945 1.17 -31.3982 -23.3805 1.167 -31.3566 -23.398 1.1675 -31.36 -23.4085 1.1697 -31.3913
4 15 -21.732 1.4492 -34.1575 -21.7355 1.4618 -34.2165 -21.683 1.4504 -34.1714 -21.6935 1.4402 -34.1214
4 15 -23.412 1.1679 -31.3635 -23.419 1.1696 -31.3878 -23.4085 1.1697 -31.3913 -23.398 1.1675 -31.36
4 15 -21.907 1.511 -34.4213 -21.8895 1.4987 -34.3658 -22.39 1.2865 -33.2766 -21.9315 1.5236 -34.4768
4 15 -23.0725 1.2162 -32.1306 -23.0025 1.2079 -32.0195 -23.02 1.2069 -32.0021 -23.1005 1.2154 -32.1132
4 15 -24.371 1.2602 -32.5713 -24.3535 1.2563 -32.5158 -24.385 1.2556 -32.5054 -24.4025 1.2597 -32.5644
4 15 -24.595 1.1372 -30.8047 -24.5635 1.1362 -30.7908 -24.518 1.1165 -30.5097 -24.5355 1.1166 -30.5097
4 15 -25.113 1.5103 -33.8104 -25.1375 1.5077 -33.7931 -25.778 1.6229 -34.1818 -25.7395 1.6241 -34.1957
4 15 -23.4015 1.2684 -32.8421 -23.3735 1.2688 -32.8525 -23.426 1.2656 -32.797 -23.4505 1.2654 -32.79
4 15 -23.363 1.1706 -31.4121 -23.3455 1.1671 -31.3635 -23.3595 1.1668 -31.3566 -23.3805 1.1703 -31.4051
4 15 -26.0965 1.3087 -32.6685 -26.0685 1.2983 -32.6269 -26.1315 1.3028 -32.6338 -26.156 1.3138 -32.6789
3 15 -25.274 2.0657 -36.3268 -26.9975 2.9198 -39.8723 -25.225 2.0656 -36.3372
4 15 -22.8065 1.208 -32.0542 -22.782 1.2082 -32.0611 -22.719 1.1928 -31.8459 -22.7435 1.1929 -31.8425
4 15 -24.805 1.2566 -32.4429 -24.77 1.255 -32.429 -24.9345 1.1807 -31.3808 -24.9625 1.1804 -31.3704
4 15 -22.7855 1.1926 -31.8321 -22.81 1.1917 -31.8147 -22.8765 1.2067 -32.023 -22.8555 1.2076 -32.0403
4 15 -23.51 1.125 -30.7179 -23.5205 1.1256 -30.7249 -23.5275 1.1264 -30.7353 -23.524 1.1268 -30.7422
4 15 -23.3385 1.4252 -33.7757 -23.153 1.4509 -33.9285 -23.027 1.4662 -34.0222 -22.39 1.2865 -33.2766
3 15 -25.1025 1.171 -31.2108 -25.106 1.1692 -31.1865 -28.284 1.1168 -29.7746
4 15 -25.9355 1.4423 -33.3176 -25.953 1.4447 -33.3245 -25.967 1.4491 -33.3419 -25.9145 1.4413 -33.3176
4 15 -25.974 1.454 -33.3627 -25.89 1.4409 -33.3211 -25.9145 1.4413 -33.3176 -25.967 1.4491 -33.3419
4 15 -23.7725 1.3614 -33.4009 -23.7795 1.3499 -33.3453 -23.839 1.352 -33.3453 -23.8285 1.3634 -33.4009
4 15 -26.0908 1.2865 -32.5677 -26.1035 1.2917 -32.5887 -26.044 1.2881 -32.5852 -26.0424 1.2865 -32.5783
4 15 -22.047 1.7137 -35.3584 -22.047 1.699 -35.289 -22.1065 1.7041 -35.3029 -22.11 1.7159 -35.3584
4 15 -22.432 1.7778 -35.5979 -22.649 1.7664 -35.5077 -22.698 1.7842 -35.584 -22.4215 1.7796 -35.6083
4 15 -23.524 1.1157 -30.5791 -23.538 1.1178 -30.6068 -23.517 1.1175 -30.6068 -23.517 1.1163 -30.5895
3 15 -24.2765 1.1075 -30.3847 -24.259 1.1075 -30.3847 -24.1715 1.1049 -30.35
4 15 -21.6795 1.481 -34.3172 -21.6795 1.4664 -34.2478 -21.7355 1.4764 -34.2859 -21.746 1.4892 -34.345
4 15 -23.0375 1.2064 -31.9917 -23.118 1.2144 -32.0958 -23.1005 1.2154 -32.1132 -23.02 1.2069 -32.0021
4 15 -25.498 1.4758 -33.5675 -25.561 1.4705 -33.5293 -25.925 1.5385 -33.7618 -25.9145 1.5531 -33.8313
3 15 -26.065 1.4017 -33.1024 -26.0895 1.3991 -33.085 -26.0965 1.4024 -33.0989
4 15 -26.079 1.3948 -33.0677 -26.0895 1.3991 -33.085 -26.065 1.4017 -33.1024 -26.0545 1.3981 -33.0885
4 15 -23.1005 1.1853 -31.6724 -23.132 1.185 -31.662 -23.1915 1.1878 -31.6932 -23.1705 1.1895 -31.721
4 15 -23.867 1.9117 -35.9832 -23.8915 1.9134 -35.9832 -23.909 1.9253 -36.0318 -23.888 1.9207 -36.0179
4 15 -23.5415 1.2454 -32.4811 -23.531 1.2455 -32.4846 -23.5345 1.2439 -32.4603 -23.552 1.2448 -32.4707
4 15 -23.6955 1.4173 -33.6785 -23.6605 1.4255 -33.7237 -23.608 1.4193 -33.7028 -23.643 1.411 -33.6577
4 15 -24.5215 1.1441 -30.9053 -24.56 1.1425 -30.881 -24.5845 1.143 -30.888 -24.5495 1.1447 -30.9123
3 15 -24.352 2.7934 -39.8723 -24.352 2.2798 -37.5126 -24.4067 2.2805 -37.5041
3 15 -23.335 1.1819 -31.5822 -23.307 1.1818 -31.5856 -23.314 1.1804 -31.5648
3 15 -25.5365 2.0518 -36.2053 -26.9975 2.9198 -39.8723 -25.512 2.0552 -36.2262
3 15 -24.245 1.1203 -30.5687 -24.2345 1.1198 -30.5617 -24.2275 1.119 -30.5513
3 15 -24.4095 1.1101 -30.4194 -24.4235 1.1099 -30.416 -24.518 1.1144 -30.4784
3 15 -24.518 1.1144 -30.4784 -24.497 1.1138 -30.4715 -24.4095 1.1101 -30.4194
4 15 -25.2565 1.3472 -33.0295 -25.2705 1.3403 -32.9948 -25.2845 1.3478 -33.026 -25.2705 1.3524 -33.0503
3 15 -20 2.594 -39.8723 -21.725 1.5932 -34.8413 -21.83 1.6116 -34.9107
4 15 -24.8505 1.172 -31.2802 -24.8575 1.1686 -31.2316 -24.882 1.1697 -31.242 -24.8785 1.173 -31.2871
4 15 -24.3535 1.2563 -32.5158 -24.371 1.2602 -32.5713 -24.3395 1.2608 -32.5818 -24.322 1.2572 -32.5297
4 15 -23.769 1.786 -35.414 -23.79 1.7501 -35.2404 -23.818 1.7702 -35.3307 -23.79 1.8204 -35.5736
4 15 -24.352 2.7934 -39.8723 -24.4333 2.2802 -37.4965 -24.4487 2.2782 -37.484 -26.9975 2.9198 -39.8723
4 15 -24.973 1.1633 -31.1344 -25.022 1.1613 -31.0962 -25.029 1.1629 -31.1171 -24.987 1.1643 -31.1448
4 15 -25.4597 .9763 -28.4805 -28 1.0172 -28.4805 -24.889 1.1436 -30.8845 -24.8643 1.143 -30.8824
4 15 -22.075 1.6693 -35.1432 -22.1485 1.6675 -35.1224 -22.124 1.6768 -35.171 -22.061 1.679 -35.1918
4 15 -22.8905 1.1818 -31.655 -22.8625 1.1824 -31.6689 -22.831 1.1705 -31.4989 -22.845 1.1702 -31.4919
4 15 -23.1285 1.2769 -33.0121 -23.111 1.2779 -33.0295 -22.9745 1.2697 -32.9323 -23.027 1.2701 -32.9288
4 15 -24.0945 1.1409 -30.8672 -24.084 1.1414 -30.8741 -24.0385 1.1369 -30.8116 -24.049 1.136 -30.7977
3 15 -20 .9558 -28.4805 -22.586 1.1393 -31.0824 -22.586 1.1398 -31.0893
3 15 -25.5015 1.4458 -33.4286 -25.519 1.4443 -33.4182 -25.505 1.4542 -33.4668
4 15 -25.5015 1.4458 -33.4286 -25.505 1.4542 -33.4668 -25.484 1.4525 -33.4634 -25.4875 1.4474 -33.4391
4 15 -22.754 1.189 -31.7835 -22.7365 1.1892 -31.7904 -22.684 1.1686 -31.4954 -22.6945 1.1694 -31.5058
4 15 -22.677 1.6861 -35.1224 -22.642 1.6936 -35.1641 -22.628 1.6843 -35.1224 -22.67 1.6785 -35.0877
4 15 -23.188 1.274 -32.9601 -23.1705 1.2748 -32.974 -23.104 1.269 -32.9011 -23.153 1.2682 -32.8803
4 15 -24.2415 1.1077 -30.3882 -24.217 1.1079 -30.3917 -24.1715 1.1049 -30.35 -24.259 1.1075 -30.3847
4 15 -25.12 1.2968 -32.8282 -25.1375 1.2924 -32.8039 -25.1585 1.2972 -32.8212 -25.141 1.3039 -32.856
4 15 -24.1645 1.2352 -32.2277 -24.1645 1.2362 -32.2416 -24.147 1.2358 -32.2381 -24.1295 1.2346 -32.2243
4 15 -25.3685 2.0234 -36.1116 -25.358 2.0252 -36.122 -25.3335 2.0263 -36.1324 -25.3685 2.0211 -36.1012
4 15 -24.4165 1.1377 -30.8151 -24.385 1.1396 -30.8429 -24.364 1.1381 -30.822 -24.3955 1.1367 -30.8012
4 15 -25.785 1.6882 -34.4803 -25.799 1.687 -34.4716 -25.8095 1.6954 -34.5081 -25.799 1.6987 -34.5254
4 15 -22.9815 1.1582 -31.2941 -23.0025 1.1578 -31.2837 -23.0235 1.1606 -31.3218 -22.9885 1.1626 -31.3566
4 15 -22.859 1.2275 -32.3319 -22.8485 1.2288 -32.3527 -22.712 1.2107 -32.1097 -22.733 1.2114 -32.1167
4 15 -23.342 1.1366 -30.9158 -23.342 1.1385 -30.9435 -23.328 1.1383 -30.9435 -23.3245 1.1366 -30.9192
4 15 -24.1715 1.1671 -31.242 -24.1925 1.1679 -31.2524 -24.196 1.1698 -31.2802 -24.1715 1.1698 -31.2802
4 15 -22.733 1.2114 -32.1167 -22.761 1.2122 -32.1236 -22.8695 1.2262 -32.311 -22.859 1.2275 -32.3319
3 15 -24.987 1.149 -30.9366 -24.9625 1.1471 -30.9158 -28 1.0172 -28.4805
4 15 -23.8355 1.1637 -31.2316 -23.853 1.1639 -31.2316 -23.8565 1.1644 -31.2385 -23.839 1.1644 -31.242
4 15 -24.6965 1.1662 -31.2177 -24.6825 1.1664 -31.2212 -24.672 1.1662 -31.2177 -24.7 1.1655 -31.2073
3 15 -25.092 1.1739 -31.2524 -25.099 1.1724 -31.2316 -28.284 1.1168 -29.7746
3 15 -24.294 1.1075 -30.3847 -24.2765 1.1075 -30.3847 -24.1715 1.1049 -30.35
3 15 -21.942 1.6763 -35.1988 -21.942 1.6895 -35.2613 -20 2.594 -39.8723
4 15 -25.8165 1.692 -34.4907 -25.8095 1.6954 -34.5081 -25.799 1.687 -34.4716 -25.8095 1.6864 -34.4664
4 15 -23.223 1.2524 -32.6373 -23.2755 1.253 -32.6373 -23.3 1.2569 -32.6894 -23.2615 1.2571 -32.6998
4 15 -24.3325 1.1352 -30.7804 -24.3605 1.135 -30.7769 -24.3745 1.1357 -30.7873 -24.3465 1.1366 -30.8012
3 15 -25.7395 1.6966 -34.5289 -25.757 1.7027 -34.5532 -25.7395 1.6996 -34.5428
3 15 -25.05 1.2198 -31.8876 -25.6555 1.2571 -32.2624 -25.603 1.259 -32.3006
4 15 -24.399 1.1135 -30.468 -24.3745 1.1134 -30.468 -24.343 1.1112 -30.4368 -24.3605 1.111 -30.4333
4 15 -23.4295 1.1595 -31.2385 -23.4295 1.1605 -31.2524 -23.4155 1.1608 -31.2594 -23.419 1.1587 -31.2281
4 15 -21.683 1.2865 -33.3945 -21.6879 1.2994 -33.455 -21.55 1.3007 -33.4842 -21.5003 1.2865 -33.425
4 15 -23.1355 1.1208 -30.7179 -23.1775 1.1222 -30.7318 -23.1285 1.1266 -30.8047 -23.0935 1.1271 -30.8186
4 15 -24.6475 1.1635 -31.1795 -24.665 1.1628 -31.1691 -24.679 1.163 -31.1726 -24.6475 1.1639 -31.1865
3 15 -23.5765 1.252 -32.5713 -23.587 1.2528 -32.5818 -23.58 1.2532 -32.5887
3 15 -23.58 1.2532 -32.5887 -23.5695 1.2535 -32.5956 -23.5765 1.252 -32.5713
4 15 -23.517 1.5567 -34.3692 -23.538 1.5626 -34.3935 -23.489 1.5674 -34.4248 -23.454 1.5611 -34.4005
4 15 -23.349 1.178 -31.5232 -23.3665 1.1777 -31.5162 -23.405 1.1812 -31.5613 -23.391 1.1813 -31.5648
4 15 -26.121 1.5146 -33.6091 -26.1175 1.5205 -33.6369 -26.0755 1.5147 -33.6195 -26.079 1.5089 -33.5918
3 15 -25.449 1.3669 -33.0781 -25.4385 1.3649 -33.0712 -25.4385 1.3619 -33.0573
4 15 -25.4525 1.3596 -33.0434 -25.463 1.3669 -33.0746 -25.449 1.3669 -33.0781 -25.4385 1.3619 -33.0573
4 15 -24.9625 1.1567 -31.0476 -24.924 1.1607 -31.1101 -24.9205 1.1604 -31.1066 -24.945 1.157 -31.0546
4 15 -22.8555 1.2076 -32.0403 -22.8345 1.2078 -32.0472 -22.7645 1.1929 -31.839 -22.7855 1.1926 -31.8321
4 15 -22.2745 1.7378 -35.4348 -22.2696 1.7261 -35.38 -22.383 1.7475 -35.4626 -22.404 1.7555 -35.4973
4 15 -23.153 1.2238 -32.2277 -23.167 1.2234 -32.2208 -23.181 1.2238 -32.2243 -23.181 1.2245 -32.2347
3 15 -24.2569 2.2357 -37.3417 -24.273 2.2456 -37.3819 -24.2597 2.243 -37.3743
3 15 -24.2597 2.243 -37.3743 -24.2541 2.238 -37.3535 -24.2569 2.2357 -37.3417
4 15 -21.494 1.2628 -33.0781 -21.382 1.2689 -33.1857 -21.368 1.2682 -33.1787 -21.452 1.2578 -33.0121
4 15 -22.4145 1.8094 -35.7506 -22.3865 1.7974 -35.6986 -22.8191 1.8113 -35.6923 -22.9899 1.8456 -35.8263
3 15 -24.133 1.0947 -30.2042 -23.937 1.0966 -30.2355 -23.9335 1.0956 -30.2216
4 15 -23.8845 1.1954 -31.6898 -23.8915 1.1965 -31.7036 -23.8565 1.1961 -31.7036 -23.8565 1.1951 -31.6898
3 15 -23.9545 2.1454 -37.0279 -23.944 2.1469 -37.0383 -23.944 2.1447 -37.0279
3 15 -20 2.594 -39.8723 -23.167 2.0211 -36.6288 -23.202 2.0282 -36.6565
4 15 -24.3255 1.1342 -30.7665 -24.3465 1.1342 -30.7665 -24.3605 1.135 -30.7769 -24.3325 1.1352 -30.7804
4 15 -25.827 1.2913 -32.6477 -25.855 1.2919 -32.6442 -25.9215 1.3064 -32.6963 -25.9495 1.3183 -32.7449
4 15 -23.6255 1.2598 -32.6789 -23.6185 1.2612 -32.6998 -23.608 1.2615 -32.7067 -23.6115 1.2594 -32.6755
4 15 -23.4085 1.2096 -31.9778 -23.398 1.2128 -32.0264 -23.384 1.2129 -32.0299 -23.398 1.2098 -31.9813
4 15 -21.984 1.7232 -35.414 -21.9735 1.7316 -35.4556 -20 2.594 -39.8723 -21.984 1.7144 -35.3723
4 15 -23.0865 1.1133 -30.6173 -23.6 .9737 -28.4805 -23.153 1.1143 -30.6207 -23.118 1.1139 -30.6207
4 15 -22.9115 1.2042 -31.9813 -22.894 1.2057 -32.0056 -22.8275 1.191 -31.8008 -22.8485 1.1898 -31.78
3 15 -23.5555 1.2536 -32.5991 -23.5415 1.2535 -32.5991 -23.545 1.2525 -32.5852
3 15 -23.5625 1.2518 -32.5713 -23.5555 1.2536 -32.5991 -23.545 1.2525 -32.5852
3 15 -23.545 1.2525 -32.5852 -23.552 1.2522 -32.5783 -23.5625 1.2518 -32.5713
3 15 -21.865 1.4597 -34.1853 -21.865 1.4422 -34.102 -21.8685 1.4262 -34.0256
4 15 -22.11 1.7159 -35.3584 -22.131 1.7386 -35.4626 -22.04 1.7281 -35.4279 -22.047 1.7137 -35.3584
4 15 -22.859 1.1576 -31.3045 -22.88 1.1642 -31.3982 -22.852 1.1648 -31.4121 -22.8275 1.1567 -31.2975
4 15 -21.8895 1.4987 -34.3658 -21.865 1.4597 -34.1853 -21.8706 1.4151 -33.9729 -22.39 1.2865 -33.2766
3 15 -21.865 1.4597 -34.1853 -21.8685 1.4262 -34.0256 -21.8706 1.4151 -33.9729
4 15 -23.566 1.6448 -34.7788 -23.58 1.6519 -34.81 -23.538 1.649 -34.8031 -23.545 1.6441 -34.7788
4 15 -24.595 2.0061 -36.2019 -26.9975 2.9198 -39.8723 -24.413 2.0004 -36.2157 -24.497 2.0022 -36.2053
4 15 -25.701 1.256 -32.2381 -25.05 1.2198 -31.8876 -28.284 1.1168 -29.7746 -25.75 1.2555 -32.2208
3 15 -25.792 1.2557 -32.2139 -25.75 1.2555 -32.2208 -28.284 1.1168 -29.7746
4 15 -24.6475 1.1639 -31.1865 -24.679 1.163 -31.1726 -24.6895 1.1635 -31.1795 -24.651 1.1647 -31.1969
4 15 -22.9675 1.1508 -31.1865 -22.838 1.1386 -31.0303 -22.8625 1.1392 -31.0338 -22.985 1.1502 -31.1761
4 15 -22.894 1.1395 -31.0338 -23.0025 1.1495 -31.1622 -22.985 1.1502 -31.1761 -22.8625 1.1392 -31.0338
4 15 -23.4575 1.2544 -32.6269 -23.4435 1.2547 -32.6338 -23.398 1.2525 -32.6095 -23.4295 1.2519 -32.5956
3 15 -26.303 1.5128 -33.5605 -26.177 1.5128 -33.5883 -26.296 1.5056 -33.5293
4 15 -23.839 1.1701 -31.3253 -23.811 1.1717 -31.3531 -23.804 1.1707 -31.3392 -23.8285 1.1695 -31.3184
3 15 -23.6 .9737 -28.4805 -23.8495 1.0991 -30.2806 -23.832 1.0998 -30.2945
3 15 -23.832 1.0998 -30.2945 -23.811 1.1005 -30.3084 -23.6 .9737 -28.4805
4 15 -22.782 1.2082 -32.0611 -22.761 1.2084 -32.0681 -22.6945 1.1923 -31.8425 -22.719 1.1928 -31.8459
3 15 -28.284 1.2865 -32.0863 -26.625 1.5198 -33.5224 -26.618 1.5134 -33.4946
4 15 -24.2884 2.236 -37.3327 -24.308 2.2394 -37.3417 -24.3227 2.2444 -37.3597 -24.301 2.2476 -37.3819
4 15 -23.6598 1.7968 -35.4834 -23.6556 1.7908 -35.4556 -23.7095 1.7986 -35.4834 -23.7095 1.8044 -35.5112
4 15 -23.4785 1.2355 -32.3457 -23.489 1.2351 -32.3388 -23.496 1.2376 -32.3735 -23.482 1.2377 -32.377
4 15 -24.2135 1.624 -34.5463 -24.196 1.6235 -34.5497 -24.1995 1.6215 -34.5393 -24.2135 1.6188 -34.522
4 15 -23.524 1.1268 -30.7422 -23.51 1.1274 -30.7526 -23.4855 1.1245 -30.7144 -23.51 1.125 -30.7179
4 15 -26.044 1.5472 -33.7757 -26.0475 1.5429 -33.7549 -26.065 1.5475 -33.7723 -26.0615 1.5496 -33.7827
4 15 -23.0375 1.2262 -32.2833 -23.069 1.2254 -32.2659 -23.1495 1.2268 -32.2729 -23.132 1.2275 -32.2867
3 15 -24.0889 2.162 -37.0592 -24.352 1.9999 -36.2267 -24.1043 2.1678 -37.0807
4 15 -24.0679 2.1556 -37.0369 -24.0224 2.1432 -36.9953 -24.2975 1.9981 -36.2366 -24.352 1.9999 -36.2267
4 15 -24.315 1.2613 -32.5887 -24.294 1.2617 -32.5956 -24.2854 1.2588 -32.5536 -24.2975 1.2581 -32.5436
4 15 -24.322 1.2572 -32.5297 -24.3395 1.2608 -32.5818 -24.315 1.2613 -32.5887 -24.2975 1.2581 -32.5436
4 15 -24.5565 1.2335 -32.1826 -24.5445 1.2326 -32.1727 -24.7493 1.1752 -31.3463 -24.7735 1.1764 -31.3566
3 15 -25.939 1.2606 -32.2486 -28.284 1.1168 -29.7746 -25.9705 1.2629 -32.2729
4 15 -23.6465 1.7846 -35.4279 -23.636 1.7788 -35.4022 -23.692 1.7818 -35.407 -23.706 1.7911 -35.4487
3 15 -20 2.594 -39.8723 -21.9595 1.7487 -35.5389 -21.963 1.7547 -35.5667
3 15 -23.6 .9737 -28.4805 -23.027 1.1127 -30.6173 -22.999 1.1133 -30.6311
3 15 -26.1175 1.491 -33.5015 -26.0895 1.4867 -33.4877 -26.1035 1.4858 -33.4807
3 15 -26.1035 1.4858 -33.4807 -26.114 1.4879 -33.4877 -26.1175 1.491 -33.5015
4 15 -21.718 1.2486 -32.8317 -21.7635 1.255 -32.9184 -21.5955 1.2611 -33.0364 -21.543 1.2556 -32.9636
4 15 -21.662 1.2668 -33.1093 -21.5955 1.2611 -33.0364 -21.7635 1.255 -32.9184 -21.802 1.2609 -32.9983
4 15 -23.4715 2.0377 -36.6565 -23.524 2.041 -36.6635 -23.6115 2.0734 -36.8023 -23.4855 2.0419 -36.6739
4 15 -26.5095 1.4546 -33.2482 -26.471 1.4543 -33.2551 -26.457 1.4483 -33.2308 -26.499 1.4488 -33.2239
3 15 -21.4961 1.48 -34.3429 -20 1.2865 -33.6753 -21.4982 1.4625 -34.2596
4 15 -23.7585 2.11 -36.9307 -23.741 2.1057 -36.9169 -23.7725 2.1065 -36.9099 -23.7795 2.1116 -36.9307
4 15 -23.153 1.2512 -32.6304 -23.223 1.2524 -32.6373 -23.2615 1.2571 -32.6998 -23.1985 1.2578 -32.7206
3 15 -23.076 1.2316 -32.3562 -23.097 1.2319 -32.3562 -23.0165 1.2359 -32.429
4 15 -23.3595 1.1885 -31.6759 -23.3805 1.1885 -31.6724 -23.426 1.1921 -31.7175 -23.412 1.1924 -31.7245
3 15 -23.4295 1.1109 -30.5235 -23.6 .9737 -28.4805 -23.447 1.1099 -30.5062
4 15 -21.41 1.2489 -32.8872 -21.354 1.269 -33.1926 -21.34 1.2707 -33.2204 -20 .9558 -28.4805
4 15 -24.644 1.5725 -34.1992 -24.588 1.5819 -34.2547 -24.574 1.5616 -34.1645 -24.637 1.5495 -34.0951
4 15 -24.091 1.1312 -30.7283 -24.084 1.1319 -30.7387 -24.0735 1.1319 -30.7387 -24.0805 1.1305 -30.7179
3 15 -28.284 1.2865 -32.0863 -26.6075 1.5077 -33.4703 -26.59 1.4985 -33.4321
4 15 -26.5585 1.4811 -33.3592 -28.284 1.2865 -32.0863 -26.59 1.4985 -33.4321 -26.569 1.4884 -33.3905
3 15 -26.6495 1.5489 -33.6508 -26.646 1.5412 -33.6161 -28.284 1.2865 -32.0863
3 15 -25.9705 1.4621 -33.4009 -25.848 1.4442 -33.3453 -25.869 1.4422 -33.3315
4 15 -25.89 1.4409 -33.3211 -25.974 1.454 -33.3627 -25.9705 1.4621 -33.4009 -25.869 1.4422 -33.3315
4 15 -24.9765 1.1766 -31.3149 -24.98 1.1733 -31.2698 -25.0185 1.1745 -31.2767 -24.9905 1.1778 -31.3288
4 15 -24.1925 1.1679 -31.2524 -24.2065 1.1684 -31.2594 -24.203 1.1696 -31.2767 -24.196 1.1698 -31.2802
4 15 -23.93 1.169 -31.2941 -23.9475 1.1697 -31.301 -23.9545 1.1709 -31.3184 -23.9405 1.1705 -31.3149
4 15 -22.999 1.2485 -32.6165 -22.9815 1.2492 -32.6304 -23.006 1.2436 -32.5436 -23.0305 1.2432 -32.5332
4 15 -24.7595 1.9867 -36.0769 -24.7567 1.9815 -36.0533 -24.7735 1.9814 -36.0491 -24.777 1.9876 -36.0769
3 15 -23.9545 1.1709 -31.3184 -23.9475 1.1697 -31.301 -23.9615 1.1703 -31.308
3 15 -23.9615 1.1703 -31.308 -23.965 1.1711 -31.3184 -23.9545 1.1709 -31.3184
4 15 -21.7005 1.4305 -34.0742 -21.711 1.4236 -34.0395 -21.7355 1.4303 -34.0673 -21.7355 1.4395 -34.111
4 15 -23.608 2.041 -36.6496 -23.4883 2.0084 -36.5149 -23.4799 2.0005 -36.4788 -23.734 1.9649 -36.2678
3 15 -28.284 1.2865 -32.0863 -26.618 1.5134 -33.4946 -26.6075 1.5077 -33.4703
4 15 -23.3455 1.1706 -31.4156 -23.328 1.1707 -31.419 -23.3105 1.1693 -31.4017 -23.321 1.1682 -31.3843
3 15 -25.3615 2.0654 -36.306 -26.9975 2.9198 -39.8723 -25.274 2.0657 -36.3268
4 15 -23.0025 1.1875 -31.721 -23.034 1.187 -31.7071 -23.0935 1.1924 -31.7765 -23.0515 1.1935 -31.8008
4 15 -24.028 1.163 -31.1899 -24.014 1.1617 -31.1726 -24.028 1.1604 -31.1518 -24.042 1.1613 -31.1622
4 15 -24.014 1.1596 -31.1414 -24.028 1.1604 -31.1518 -24.014 1.1617 -31.1726 -24 1.1604 -31.1552
4 15 -23.027 1.1569 -31.2663 -23.0445 1.1561 -31.2524 -23.076 1.1577 -31.2698 -23.0515 1.159 -31.2941
4 15 -20 2.594 -39.8723 -20 1.2865 -33.6753 -21.4961 1.48 -34.3429 -21.5052 1.5008 -34.4401
3 15 -23.881 1.0976 -30.2528 -23.6 .9737 -28.4805 -23.895 1.0968 -30.2389
4 15 -23.6556 1.7908 -35.4556 -23.6465 1.7846 -35.4279 -23.706 1.7911 -35.4487 -23.7095 1.7986 -35.4834
4 15 -23.433 1.1376 -30.9158 -23.447 1.1375 -30.9123 -23.4365 1.141 -30.9643 -23.419 1.1403 -30.9574
3 15 -23.23 1.2324 -32.3423 -23.251 1.2294 -32.2937 -23.2615 1.2299 -32.3006
3 15 -23.2615 1.2299 -32.3006 -23.2615 1.2307 -32.311 -23.23 1.2324 -32.3423
3 15 -23.6 .9737 -28.4805 -23.216 1.1151 -30.6207 -23.188 1.1147 -30.6207
3 15 -22.873 1.1317 -30.9227 -22.845 1.1314 -30.9227 -22.9675 1.1186 -30.7144
4 15 -24.434 1.1133 -30.4645 -24.399 1.1135 -30.468 -24.3605 1.111 -30.4333 -24.3815 1.1108 -30.4298
4 15 -23.965 1.2108 -31.9015 -23.895 1.2112 -31.9188 -23.8775 1.2076 -31.8702 -23.944 1.2072 -31.8529
4 15 -22.908 1.1321 -30.9227 -22.873 1.1317 -30.9227 -22.9675 1.1186 -30.7144 -22.9815 1.1183 -30.7075
4 15 -26.1175 1.5908 -33.9597 -26.1315 1.5831 -33.9215 -26.485 1.5532 -33.7063 -26.569 1.5647 -33.741
4 15 -26.4185 1.5432 -33.6751 -26.485 1.5532 -33.7063 -26.1315 1.5831 -33.9215 -26.142 1.5693 -33.8556
4 15 -23.454 1.2279 -32.2381 -23.447 1.2304 -32.2763 -23.433 1.2305 -32.2798 -23.4435 1.2282 -32.2451
4 15 -23.2335 1.1401 -30.9852 -23.2265 1.1407 -30.9956 -23.195 1.1377 -30.9574 -23.223 1.1381 -30.9574
3 15 -22.544 1.5708 -34.5983 -22.39 1.2865 -33.2766 -22.6105 1.5468 -34.4734
3 15 -22.754 1.1327 -30.9574 -20 .9558 -28.4805 -22.782 1.1321 -30.9435
4 15 -23.8565 1.1975 -31.7245 -23.8985 1.1977 -31.721 -23.9055 1.1992 -31.7418 -23.8565 1.1989 -31.7453
4 15 -23.9125 1.201 -31.7661 -23.8565 1.2001 -31.7626 -23.8565 1.1989 -31.7453 -23.9055 1.1992 -31.7418
3 15 -24.1925 1.1083 -30.3986 -24.1715 1.1049 -30.35 -24.217 1.1079 -30.3917
4 15 -23.468 1.1248 -30.7214 -23.4855 1.1245 -30.7144 -23.51 1.1274 -30.7526 -23.4925 1.1276 -30.7596
4 15 -26.247 1.4111 -33.1059 -26.268 1.4219 -33.151 -26.282 1.4339 -33.203 -26.226 1.4388 -33.2378
3 15 -22.2115 1.7759 -35.6257 -20 2.594 -39.8723 -22.18 1.7638 -35.5736
4 15 -23.2055 1.2295 -32.3041 -23.237 1.2292 -32.2937 -23.2055 1.2333 -32.3596 -23.1775 1.234 -32.3735
4 15 -23.335 1.2565 -32.6789 -23.3 1.2569 -32.6894 -23.2755 1.253 -32.6373 -23.3105 1.2534 -32.6373
4 15 -24.4235 1.1087 -30.3986 -24.14 1.0959 -30.2216 -24.133 1.0947 -30.2042 -24.434 1.1087 -30.3986
4 15 -23.7865 1.3414 -33.3037 -23.7935 1.3358 -33.2759 -23.839 1.3352 -33.2655 -23.8425 1.3433 -33.3037
4 15 -24.413 1.1086 -30.3986 -24.1435 1.0976 -30.2459 -24.14 1.0959 -30.2216 -24.4235 1.1087 -30.3986
3 15 -21.5052 1.5008 -34.4401 -21.5192 1.5183 -34.5206 -20 2.594 -39.8723
4 15 -22.6805 1.1532 -31.2698 -22.6665 1.1537 -31.2802 -22.586 1.1398 -31.0893 -22.593 1.1401 -31.0928
4 15 -25.7815 1.4342 -33.3141 -25.7745 1.4369 -33.328 -25.757 1.4383 -33.3384 -25.7675 1.4313 -33.3037
4 15 -23.0305 1.1392 -31.006 -23.0725 1.1387 -30.9921 -23.1565 1.1423 -31.0303 -23.125 1.1431 -31.0476
4 15 -24.1715 1.14 -30.8533 -24.196 1.1384 -30.829 -24.1995 1.1391 -30.8394 -24.182 1.1403 -30.8567
4 15 -23.4295 1.2028 -31.8737 -23.4225 1.2001 -31.8355 -23.4365 1.2007 -31.8425 -23.4435 1.2025 -31.8668
4 15 -25.827 1.5988 -34.0603 -25.827 1.6064 -34.0951 -25.33 1.501 -33.7202 -25.379 1.4943 -33.6785
4 15 -23.587 1.3607 -33.4286 -23.202 1.2944 -33.1787 -23.2335 1.2897 -33.151 -23.629 1.3402 -33.3245
4 15 -25.2705 1.3524 -33.0503 -25.2845 1.3478 -33.026 -25.295 1.3528 -33.0469 -25.288 1.3585 -33.0746
4 15 -21.753 1.5378 -34.574 -21.921 1.5628 -34.6643 -21.97 1.5748 -34.7129 -21.788 1.55 -34.6261
4 15 -23.1635 1.226 -32.259 -23.1495 1.2268 -32.2729 -23.069 1.2254 -32.2659 -23.1075 1.2247 -32.2486
4 15 -25.5575 1.3034 -32.7622 -25.568 1.2993 -32.7414 -25.5925 1.3111 -32.79 -25.575 1.314 -32.8074
4 15 -22.299 1.8038 -35.7437 -22.3375 1.8147 -35.7888 -22.3585 1.8228 -35.8235 -20 2.594 -39.8723
4 15 -22.803 1.1316 -30.9331 -22.782 1.1321 -30.9435 -22.9255 1.1172 -30.7006 -22.936 1.1185 -30.7179
4 15 -24.266 1.9625 -36.0838 -24.231 1.966 -36.1116 -24.203 1.9625 -36.1047 -24.217 1.959 -36.0838
4 15 -24.3815 1.1108 -30.4298 -24.399 1.1103 -30.4229 -24.462 1.1133 -30.4645 -24.434 1.1133 -30.4645
4 15 -25.946 1.4813 -33.4946 -25.939 1.4923 -33.5467 -25.7395 1.4564 -33.4252 -25.7885 1.4512 -33.3905
3 15 -20 2.594 -39.8723 -21.55 1.5365 -34.6018 -21.6025 1.5574 -34.692
4 15 -25.218 1.3317 -32.967 -25.2355 1.3235 -32.9254 -25.2565 1.3328 -32.9636 -25.239 1.3403 -33.0017
3 15 -22.8191 1.8113 -35.6923 -22.3865 1.7974 -35.6986 -22.362 1.787 -35.6535
4 15 -23.727 1.4081 -33.63 -23.6955 1.4173 -33.6785 -23.643 1.411 -33.6577 -23.678 1.3998 -33.5987
4 15 -23.174 1.2405 -32.4707 -23.209 1.2409 -32.4707 -23.1985 1.2436 -32.5123 -23.1635 1.2437 -32.5193
3 15 -22.684 1.1686 -31.4954 -22.614 1.16 -31.3808 -22.621 1.1596 -31.3739
3 15 -21.4982 1.4625 -34.2596 -20 1.2865 -33.6753 -21.5101 1.4374 -34.1388
3 15 -24.105 2.2629 -37.5173 -24.352 2.7934 -39.8723 -24.07 2.2588 -37.5104
3 15 -25.9705 1.2629 -32.2729 -28.284 1.1168 -29.7746 -25.9915 1.2653 -32.3006
3 15 -23.629 1.2608 -32.6928 -23.6185 1.2612 -32.6998 -23.6255 1.2598 -32.6789
3 15 -23.6255 1.2598 -32.6789 -23.6325 1.2604 -32.6859 -23.629 1.2608 -32.6928
3 15 -20 .9558 -28.4805 -22.5965 1.1584 -31.36 -22.5965 1.1591 -31.3704
3 15 -25.659 1.2871 -32.6651 -25.659 1.2893 -32.6755 -25.6555 1.2937 -32.6963
3 15 -25.6555 1.2937 -32.6963 -25.6485 1.2866 -32.6651 -25.659 1.2871 -32.6651
4 15 -21.7075 1.239 -32.6928 -22.8415 1.2417 -32.5436 -22.775 1.2606 -32.8317 -21.746 1.2416 -32.7241
3 15 -22.8415 1.2417 -32.5436 -22.7925 1.261 -32.8351 -22.775 1.2606 -32.8317
4 15 -22.9675 1.25 -32.6442 -22.9535 1.2506 -32.6546 -22.9465 1.2441 -32.5609 -22.978 1.244 -32.554
4 15 -23.342 1.2016 -31.8702 -23.3525 1.2036 -31.898 -23.3315 1.2033 -31.898 -23.335 1.2022 -31.8806
4 15 -24.238 1.6153 -34.4977 -24.2695 1.61 -34.463 -24.2555 1.6226 -34.5254 -24.231 1.6238 -34.5393
3 15 -26.219 1.3146 -32.6685 -26.1512 1.2865 -32.5544 -28.284 1.2865 -32.0863
4 15 -23.2125 1.2729 -32.9393 -23.188 1.274 -32.9601 -23.153 1.2682 -32.8803 -23.1985 1.2673 -32.8594
3 15 -21.998 1.5472 -34.5775 -21.97 1.5381 -34.5393 -21.9315 1.5236 -34.4768
4 15 -23.111 1.241 -32.488 -23.1285 1.2407 -32.4811 -23.1005 1.2442 -32.5366 -23.0725 1.2451 -32.554
3 15 -23.888 1.9207 -36.0179 -23.867 1.917 -36.0075 -23.867 1.9117 -35.9832
4 15 -25.071 1.159 -31.0546 -25.0535 1.1567 -31.0268 -25.0395 1.1547 -31.0025 -28.284 1.1168 -29.7746
4 15 -22.1485 1.6675 -35.1224 -22.075 1.6693 -35.1432 -22.103 1.6615 -35.1016 -22.1695 1.6594 -35.0808
3 15 -23.3105 1.1693 -31.4017 -23.328 1.1707 -31.419 -23.307 1.1704 -31.419
4 15 -22.9675 1.219 -32.1896 -22.943 1.2204 -32.2139 -22.8765 1.2126 -32.1097 -22.901 1.2121 -32.0993
4 15 -23.202 1.2832 -33.092 -23.181 1.2855 -33.1302 -23.23 1.2766 -32.9913 -23.2545 1.276 -32.9774
4 15 -23.405 1.1489 -31.0858 -23.419 1.1493 -31.0893 -23.426 1.1512 -31.1171 -23.412 1.1515 -31.124
3 15 -23.51 1.1404 -30.9435 -23.51 1.1425 -30.9748 -23.503 1.1427 -30.9782
4 15 -23.496 1.143 -30.9852 -23.503 1.1391 -30.9262 -23.51 1.1404 -30.9435 -23.503 1.1427 -30.9782
4 15 -24.196 1.1231 -30.6103 -24.21 1.1212 -30.5826 -24.2205 1.1212 -30.5826 -24.224 1.1241 -30.6242
4 15 -24.644 1.2642 -32.5818 -24.658 1.2614 -32.5401 -24.6755 1.2627 -32.554 -24.658 1.2647 -32.5852
4 15 -25.638 1.4455 -33.3974 -25.652 1.4341 -33.3419 -25.6835 1.4325 -33.328 -25.659 1.4435 -33.3835
4 15 -25.708 1.4314 -33.3176 -25.6835 1.4416 -33.3696 -25.659 1.4435 -33.3835 -25.6835 1.4325 -33.328
4 15 -23.244 1.1685 -31.4017 -23.237 1.1696 -31.419 -23.195 1.1663 -31.3774 -23.2125 1.1668 -31.3808
4 15 -23.447 1.1375 -30.9123 -23.461 1.1375 -30.9088 -23.454 1.1416 -30.9713 -23.4365 1.141 -30.9643
4 15 -23.468 1.1423 -30.9782 -23.454 1.1416 -30.9713 -23.461 1.1375 -30.9088 -23.4715 1.1373 -30.9053
4 15 -24.4095 1.1101 -30.4194 -24.497 1.1138 -30.4715 -24.462 1.1133 -30.4645 -24.399 1.1103 -30.4229
4 15 -22.894 1.2057 -32.0056 -22.8765 1.2067 -32.023 -22.81 1.1917 -31.8147 -22.8275 1.191 -31.8008
3 15 -23.538 1.1081 -30.4645 -23.6 .9737 -28.4805 -23.594 1.108 -30.4541
3 15 -22.6945 1.5256 -34.3588 -22.39 1.2865 -33.2766 -22.817 1.4991 -34.2131
3 15 -23.125 1.2947 -33.1926 -23.1145 1.2957 -33.1996 -22.39 1.2865 -33.2766
4 15 -22.6595 1.1572 -31.3323 -22.712 1.1677 -31.478 -22.6945 1.1675 -31.478 -22.649 1.1578 -31.3427
4 15 -24.6335 1.1441 -30.9019 -24.623 1.145 -30.9158 -24.6055 1.145 -30.9158 -24.616 1.1438 -30.8984
4 15 -24.623 1.2636 -32.5783 -24.6335 1.26 -32.5262 -24.658 1.2614 -32.5401 -24.644 1.2642 -32.5818
4 15 -24.3115 1.6772 -34.758 -24.2835 1.6782 -34.7719 -24.231 1.6661 -34.7337 -24.2835 1.6616 -34.6955
4 15 -24.028 1.1381 -30.829 -24.0385 1.1369 -30.8116 -24.084 1.1414 -30.8741 -24.077 1.1421 -30.8845
4 15 -24.1715 1.1698 -31.2802 -24.147 1.1698 -31.2802 -24.154 1.1666 -31.2351 -24.1715 1.1671 -31.242
3 15 -23.825 1.1725 -31.3635 -23.811 1.1717 -31.3531 -23.839 1.1701 -31.3253
4 15 -21.487 1.2853 -33.4092 -21.452 1.2805 -33.3453 -21.669 1.283 -33.3453 -21.683 1.2865 -33.3945
4 15 -24.119 1.0954 -30.2146 -23.9615 1.1022 -30.3153 -23.9545 1.101 -30.2979 -24.133 1.0947 -30.2042
4 15 -23.37 1.2109 -32.0021 -23.37 1.213 -32.0334 -23.356 1.2126 -32.0299 -23.3595 1.2114 -32.0125
4 15 -23.244 1.9081 -36.0804 -23.258 1.9233 -36.1498 -22.4005 1.8572 -35.9797 -22.4285 1.8545 -35.9624
4 15 -23.1285 1.2438 -32.5262 -23.1005 1.2442 -32.5366 -23.1285 1.2407 -32.4811 -23.1495 1.2405 -32.4742
4 15 -21.6795 1.2444 -32.7761 -21.718 1.2486 -32.8317 -21.543 1.2556 -32.9636 -21.5045 1.2509 -32.9011
4 15 -25.624 1.3035 -32.7484 -25.61 1.3074 -32.7692 -25.582 1.2955 -32.7206 -25.5995 1.2925 -32.7032
4 15 -22.1415 1.6533 -35.0565 -22.159 1.6517 -35.0461 -22.1695 1.6543 -35.0565 -22.1205 1.6577 -35.0808
4 15 -24.238 1.1215 -30.586 -24.2555 1.1246 -30.6311 -24.224 1.1241 -30.6242 -24.2205 1.1212 -30.5826
3 15 -23.153 1.979 -36.4316 -23.146 2.0013 -36.5385 -20 2.594 -39.8723
3 15 -23.6 .9737 -28.4805 -23.9265 1.0946 -30.2077 -23.916 1.0954 -30.2181
4 15 -23.1075 1.2797 -33.0573 -23.118 1.2808 -33.0712 -22.8975 1.2686 -32.9288 -22.9325 1.2692 -32.9323
3 15 -23.6 .9737 -28.4805 -23.286 1.1156 -30.6173 -23.258 1.1155 -30.6207
3 15 -23.258 1.1155 -30.6207 -23.216 1.1151 -30.6207 -23.6 .9737 -28.4805
4 15 -22.936 1.252 -32.6789 -22.873 1.2652 -32.8837 -22.8415 1.2417 -32.5436 -22.8555 1.2426 -32.554
3 15 -23.37 1.1385 -30.94 -23.356 1.1384 -30.94 -23.3595 1.1368 -30.9158
3 15 -24.035 1.144 -30.9123 -24.021 1.1439 -30.9123 -24.014 1.143 -30.8984
4 15 -24.049 1.1437 -30.9088 -24.035 1.144 -30.9123 -24.014 1.143 -30.8984 -24.0105 1.1415 -30.8776
4 15 -23.776 1.8624 -35.7749 -23.86 1.8185 -35.5528 -23.86 1.839 -35.65 -23.762 1.881 -35.8652
3 15 -20 2.594 -39.8723 -21.949 1.6663 -35.1502 -21.942 1.6763 -35.1988
4 15 -23.384 1.1389 -30.9435 -23.37 1.1385 -30.94 -23.3595 1.1368 -30.9158 -23.377 1.1367 -30.9123
4 15 -21.6935 1.4402 -34.1214 -21.7005 1.4305 -34.0742 -21.7355 1.4395 -34.111 -21.732 1.4492 -34.1575
4 15 -22.439 1.8212 -35.8027 -22.4145 1.8094 -35.7506 -22.9899 1.8456 -35.8263 -23.1005 1.865 -35.8999
4 15 -23.986 1.1576 -31.1171 -23.9965 1.1582 -31.124 -24.007 1.159 -31.1344 -23.979 1.158 -31.124
3 15 -23.447 1.1099 -30.5062 -23.6 .9737 -28.4805 -23.468 1.1092 -30.4923
4 15 -23.398 1.1519 -31.1309 -23.3805 1.1519 -31.1344 -23.3665 1.1489 -31.0928 -23.3805 1.1486 -31.0858
4 15 -24.175 1.1023 -30.3118 -24.3605 1.1081 -30.3917 -24.3395 1.1078 -30.3882 -24.182 1.103 -30.3222
3 15 -20 .9558 -28.4805 -22.9745 1.114 -30.645 -22.95 1.1149 -30.6624
4 15 -23.223 2.007 -36.5524 -23.2265 2.0027 -36.5316 -23.251 2.0036 -36.5316 -23.2489 2.0085 -36.5552
4 15 -23.349 1.1934 -31.7488 -23.328 1.1934 -31.7522 -23.307 1.1917 -31.7314 -23.314 1.1908 -31.7175
4 15 -23.79 1.8204 -35.5736 -23.818 1.7702 -35.3307 -23.846 1.7931 -35.4348 -23.79 1.8439 -35.6847
4 15 -23.8845 1.1718 -31.3427 -23.9055 1.1725 -31.3496 -23.9475 1.1749 -31.3774 -23.9195 1.1746 -31.3774
4 15 -23.412 1.2125 -32.0195 -23.4295 1.2099 -31.9778 -23.4435 1.2105 -31.9848 -23.4295 1.2122 -32.0125
3 15 -22.915 1.4821 -34.1159 -22.39 1.2865 -33.2766 -23.027 1.4662 -34.0222
4 15 -22.9815 1.1963 -31.8529 -22.957 1.1979 -31.8806 -22.9255 1.1883 -31.7453 -22.95 1.1881 -31.7383
4 15 -26.051 1.5377 -33.7306 -26.0545 1.5334 -33.7098 -26.0895 1.5396 -33.7306 -26.079 1.5436 -33.7514
4 15 -23.615 1.4349 -33.7757 -23.5765 1.4409 -33.8104 -23.5345 1.435 -33.7896 -23.573 1.4276 -33.748
4 15 -23.1495 1.1705 -31.4468 -23.118 1.1709 -31.4572 -23.1005 1.1672 -31.4051 -23.132 1.1666 -31.3913
4 15 -26.121 1.5048 -33.564 -26.121 1.5093 -33.5848 -26.079 1.5036 -33.5675 -26.0825 1.4984 -33.5432
3 15 -23.0725 1.2162 -32.1306 -22.985 1.2088 -32.0368 -23.0025 1.2079 -32.0195
4 15 -24.0525 1.1321 -30.7422 -24.042 1.1323 -30.7457 -24.0385 1.1306 -30.7214 -24.0525 1.1304 -30.7179
4 15 -25.5435 1.4417 -33.4009 -25.533 1.4548 -33.4634 -25.505 1.4542 -33.4668 -25.519 1.4443 -33.4182
4 15 -23.0165 1.2359 -32.429 -23.118 1.2316 -32.3492 -23.1355 1.2311 -32.3388 -23.0445 1.235 -32.4117
4 15 -25.0535 1.5271 -33.9007 -25.0955 1.5147 -33.8347 -25.694 1.6242 -34.2061 -25.6625 1.6272 -34.2269
3 15 -26.149 1.3921 -33.0399 -26.163 1.3844 -33.0017 -26.1665 1.3982 -33.0642
3 15 -24.028 1.1127 -30.4645 -24.049 1.1096 -30.4194 -24.1015 1.1085 -30.4021
4 15 -23.8285 1.1695 -31.3184 -23.804 1.1707 -31.3392 -23.797 1.1694 -31.3218 -23.8215 1.1692 -31.3149
4 15 -23.979 1.8979 -35.8825 -24.352 1.8442 -35.5114 -23.993 1.914 -35.952 -23.9755 1.9052 -35.9172
4 15 -24.0035 1.8883 -35.8305 -24.352 1.8442 -35.5114 -23.979 1.8979 -35.8825 -23.986 1.8931 -35.8582
4 15 -22.7015 1.1525 -31.2559 -22.6805 1.1532 -31.2698 -22.593 1.1401 -31.0928 -22.6035 1.1402 -31.0928
3 15 -25.099 1.1724 -31.2316 -25.1025 1.171 -31.2108 -28.284 1.1168 -29.7746
4 15 -22.971 1.1879 -31.7314 -23.0025 1.1875 -31.721 -23.0515 1.1935 -31.8008 -23.013 1.1948 -31.8251
3 15 -22.621 1.1596 -31.3739 -22.6245 1.1591 -31.367 -22.6315 1.1588 -31.36
3 15 -22.6315 1.1588 -31.36 -22.684 1.1686 -31.4954 -22.621 1.1596 -31.3739
4 15 -23.034 1.147 -31.1205 -23.02 1.1485 -31.1448 -22.894 1.1395 -31.0338 -22.922 1.1398 -31.0338
4 15 -23.209 1.2409 -32.4707 -23.237 1.2417 -32.4776 -23.2545 1.244 -32.5089 -23.1985 1.2436 -32.5123
4 15 -24.49 1.26 -32.5575 -24.455 1.2594 -32.5575 -24.4646 1.255 -32.495 -24.497 1.2555 -32.495
4 15 -26.086 1.3762 -32.9809 -26.0615 1.372 -32.967 -26.044 1.35 -32.8698 -26.0895 1.3635 -32.9219
3 15 -26.0615 1.372 -32.967 -26.0335 1.3677 -32.9531 -26.044 1.35 -32.8698
4 15 -24.637 1.5495 -34.0951 -24.7 1.5367 -34.0222 -24.7 1.5616 -34.1367 -24.644 1.5725 -34.1992
4 15 -25.029 1.1667 -31.1691 -25.0185 1.1668 -31.1726 -25.0115 1.1664 -31.1691 -25.0325 1.1663 -31.1622
3 15 -25.7605 1.2995 -32.6998 -25.7885 1.2933 -32.6651 -26.044 1.35 -32.8698
3 15 -22.348 1.6086 -34.81 -22.271 1.5993 -34.7788 -22.194 1.5892 -34.7441
3 15 -22.194 1.5892 -34.7441 -22.39 1.2865 -33.2766 -22.348 1.6086 -34.81
4 15 -25.1865 1.3045 -32.849 -25.169 1.3143 -32.8976 -25.141 1.3039 -32.856 -25.1585 1.2972 -32.8212
3 15 -22.39 1.2865 -33.2766 -21.956 1.3253 -33.5328 -21.9805 1.302 -33.4182
3 15 -23.6 .9737 -28.4805 -23.0585 1.1128 -30.6138 -23.027 1.1127 -30.6173
3 15 -26.9975 2.9198 -39.8723 -26.6215 1.5688 -33.748 -26.6355 1.5694 -33.748
4 15 -23.1565 1.2304 -32.3249 -23.0655 1.2346 -32.4013 -23.0445 1.235 -32.4117 -23.1355 1.2311 -32.3388
4 15 -23.9475 2.1256 -36.9391 -24.175 1.9945 -36.2609 -24.2975 1.9981 -36.2366 -24.0224 2.1432 -36.9953
4 15 -24.322 1.604 -34.4178 -24.352 1.5997 -34.3881 -24.352 1.6138 -34.4529 -24.294 1.6193 -34.4977
3 15 -25.113 1.2897 -32.797 -25.106 1.2916 -32.8074 -25.106 1.2901 -32.8004
4 15 -26.3625 1.5337 -33.6438 -26.4185 1.5432 -33.6751 -26.142 1.5693 -33.8556 -26.1455 1.5596 -33.8104
4 15 -23.944 1.1092 -30.416 -24.0245 1.105 -30.3535 -24.0175 1.1064 -30.3743 -23.944 1.1099 -30.4264
4 15 -26.6215 1.5688 -33.748 -26.9975 2.9198 -39.8723 -26.1175 1.5908 -33.9597 -26.5935 1.5674 -33.748
3 15 -23.608 1.2615 -32.7067 -23.5905 1.2613 -32.7067 -23.594 1.2602 -32.6894
4 15 -23.6115 1.2594 -32.6755 -23.608 1.2615 -32.7067 -23.594 1.2602 -32.6894 -23.601 1.2598 -32.6824
4 15 -22.9325 1.2692 -32.9323 -22.9745 1.2697 -32.9323 -23.111 1.2779 -33.0295 -23.1075 1.2797 -33.0573
4 15 -26.2015 1.3357 -32.7692 -26.198 1.3385 -32.7831 -26.184 1.3371 -32.7796 -26.1665 1.3332 -32.7657
4 15 -25.7535 1.4306 -33.3037 -25.7395 1.439 -33.3453 -25.7115 1.4399 -33.3558 -25.729 1.4309 -33.3106
3 15 -26.9975 2.9198 -39.8723 -25.8585 1.7031 -34.5324 -25.8865 1.6953 -34.4907
4 15 -22.607 1.6572 -34.9975 -22.677 1.6538 -34.9697 -22.677 1.6612 -35.0044 -22.607 1.6645 -35.0322
3 15 -22.243 1.7879 -35.6778 -20 2.594 -39.8723 -22.2115 1.7759 -35.6257
4 15 -24.2275 1.6817 -34.8066 -24.189 1.6842 -34.8309 -24.098 1.6761 -34.8239 -24.154 1.6719 -34.7858
3 15 -22.691 1.1349 -30.9991 -20 .9558 -28.4805 -22.712 1.1341 -30.9852
4 15 -22.999 1.2369 -32.4464 -22.9745 1.2378 -32.4638 -22.908 1.229 -32.3457 -23.0655 1.2308 -32.3457
4 15 -23.146 1.2341 -32.3805 -23.1145 1.2342 -32.3874 -23.1565 1.2304 -32.3249 -23.1775 1.2299 -32.3145
3 15 -28.284 1.2865 -32.0863 -26.646 1.5412 -33.6161 -26.639 1.5333 -33.5814
4 15 -23.237 1.2046 -31.9327 -23.265 1.208 -31.9778 -23.244 1.2085 -31.9882 -23.216 1.2046 -31.9362
3 15 -22.67 1.7034 -35.2057 -22.656 1.7 -35.1918 -22.691 1.6939 -35.1571
4 15 -22.691 1.7034 -35.2023 -22.67 1.7034 -35.2057 -22.691 1.6939 -35.1571 -22.698 1.7 -35.1849
4 15 -23.132 1.185 -31.662 -23.1565 1.1846 -31.6516 -23.2125 1.1861 -31.6655 -23.1915 1.1878 -31.6932
3 15 -24.91 1.8375 -35.3584 -25.183 1.9949 -36.0214 -25.1158 1.9917 -36.0214
4 15 -23.454 1.2673 -32.8178 -23.4295 1.268 -32.8317 -23.4645 1.2653 -32.7865 -23.4785 1.2655 -32.7865
4 15 -26.331 1.4688 -33.3523 -26.205 1.4831 -33.446 -26.219 1.4559 -33.3176 -26.303 1.4591 -33.3141
4 15 -23.3385 1.1895 -31.6932 -23.349 1.1889 -31.6828 -23.398 1.1927 -31.7314 -23.384 1.1931 -31.7383
3 15 -23.468 1.1092 -30.4923 -23.6 .9737 -28.4805 -23.496 1.1085 -30.4784
3 15 -22.684 1.1686 -31.4954 -22.607 1.1601 -31.3843 -22.614 1.16 -31.3808
3 15 -24.763 1.5246 -33.9527 -24.812 1.5156 -33.9007 -24.805 1.5379 -34.0048
4 15 -22.6385 1.1584 -31.3531 -22.649 1.1578 -31.3427 -22.6945 1.1675 -31.478 -22.684 1.1676 -31.4815
4 15 -22.754 1.1675 -31.4676 -22.733 1.1677 -31.4746 -22.677 1.1564 -31.3184 -22.691 1.1561 -31.3114
4 15 -23.86 1.7094 -35.0357 -23.8705 1.7054 -35.0148 -23.9685 1.7059 -35.0009 -23.9265 1.7117 -35.0357
4 15 -25.9985 1.3645 -32.9462 -25.9565 1.3625 -32.9462 -25.7605 1.2995 -32.6998 -26.044 1.35 -32.8698
4 15 -24.9135 1.1743 -31.2975 -24.9065 1.1706 -31.249 -24.9485 1.1721 -31.2594 -24.945 1.1753 -31.3045
4 15 -23.286 1.2754 -32.9636 -23.3175 1.2752 -32.9566 -23.258 1.2795 -33.0295 -23.2265 1.2811 -33.0573
4 15 -26.247 1.4111 -33.1059 -26.2225 1.4281 -33.1892 -26.2155 1.4187 -33.1475 -26.205 1.3978 -33.0538
4 15 -23.86 1.839 -35.65 -23.8545 1.8571 -35.7368 -23.657 1.9373 -36.1498 -23.727 1.9017 -35.9693
3 15 -23.8495 1.1636 -31.2281 -23.853 1.1639 -31.2316 -23.8355 1.1637 -31.2316
4 15 -23.8425 1.1628 -31.2177 -23.8495 1.1636 -31.2281 -23.8355 1.1637 -31.2316 -23.8355 1.163 -31.2212
4 15 -23.314 1.1367 -30.9227 -23.314 1.1381 -30.9435 -23.307 1.1378 -30.94 -23.307 1.1371 -30.9296
4 15 -23.6 .9737 -28.4805 -25.4597 .9763 -28.4805 -24.434 1.1087 -30.3986 -24.133 1.0947 -30.2042
4 15 -22.866 1.1508 -31.2038 -22.838 1.1507 -31.2073 -22.6945 1.1389 -31.0581 -22.7155 1.1384 -31.0476
4 15 -22.894 1.23 -32.3631 -22.908 1.229 -32.3457 -22.9745 1.2378 -32.4638 -22.9605 1.2383 -32.4742
4 15 -23.6115 1.2795 -32.9705 -23.629 1.2795 -32.967 -23.643 1.2799 -32.9705 -23.65 1.2807 -32.9809
4 15 -23.377 1.2757 -32.9531 -23.3805 1.2767 -32.967 -23.3735 1.2773 -32.9774 -23.3525 1.2775 -32.9844
4 15 -23.391 1.1369 -30.9123 -23.4155 1.1372 -30.9123 -23.405 1.1397 -30.9505 -23.3945 1.1393 -30.947
4 15 -23.979 1.158 -31.124 -24.007 1.159 -31.1344 -23.9895 1.1593 -31.1414 -23.9825 1.1585 -31.1309
4 15 -23.3875 1.1612 -31.2698 -23.3735 1.1577 -31.2212 -23.4015 1.158 -31.2212 -23.4015 1.1611 -31.2663
4 15 -24 1.1604 -31.1552 -23.9895 1.1593 -31.1414 -24.007 1.159 -31.1344 -24.014 1.1596 -31.1414
4 15 -22.796 1.1663 -31.4433 -22.782 1.1668 -31.4537 -22.7295 1.1556 -31.2975 -22.7505 1.1554 -31.2906
4 15 -23.419 1.1587 -31.2281 -23.4155 1.1608 -31.2594 -23.4015 1.1611 -31.2663 -23.4015 1.158 -31.2212
3 15 -23.3385 1.4252 -33.7757 -23.265 1.4387 -33.8521 -23.153 1.4509 -33.9285
3 15 -22.712 1.1341 -30.9852 -20 .9558 -28.4805 -22.733 1.1334 -30.9713
3 15 -23.2755 1.2438 -32.5019 -23.2545 1.2422 -32.4811 -23.2685 1.2428 -32.488
3 15 -23.2685 1.2428 -32.488 -23.2755 1.2433 -32.495 -23.2755 1.2438 -32.5019
4 15 -23.8425 1.3433 -33.3037 -23.839 1.352 -33.3453 -23.7795 1.3499 -33.3453 -23.7865 1.3414 -33.3037
3 15 -22.824 1.1654 -31.426 -22.775 1.1554 -31.2871 -22.7995 1.1559 -31.2906
4 15 -22.8275 1.1567 -31.2975 -22.852 1.1648 -31.4121 -22.824 1.1654 -31.426 -22.7995 1.1559 -31.2906
3 15 -23.6799 2.0574 -36.7152 -23.797 1.9833 -36.3358 -23.839 1.9867 -36.3372
4 15 -23.0165 1.2359 -32.429 -22.999 1.2369 -32.4464 -23.0655 1.2308 -32.3457 -23.076 1.2316 -32.3562
4 15 -24.0875 1.6927 -34.9038 -24.042 1.6977 -34.9419 -24.007 1.7012 -34.9697 -24.0455 1.6806 -34.8621
4 15 -26.205 1.3978 -33.0538 -26.184 1.4043 -33.0885 -26.1665 1.3982 -33.0642 -26.163 1.3844 -33.0017
4 15 -25.568 1.2993 -32.7414 -25.582 1.2955 -32.7206 -25.61 1.3074 -32.7692 -25.5925 1.3111 -32.79
4 15 -23.1915 1.2048 -31.9431 -23.209 1.2093 -32.0056 -23.1775 1.2103 -32.0264 -23.1565 1.2054 -31.957
4 15 -23.552 1.6744 -34.9211 -23.594 1.6656 -34.8725 -23.622 1.6812 -34.9419 -23.58 1.6922 -35.0009
4 15 -23.44 1.1911 -31.7002 -23.433 1.1917 -31.7106 -23.4015 1.189 -31.6759 -23.4155 1.1894 -31.6793
4 15 -21.585 1.2357 -32.6651 -21.4415 1.2443 -32.8143 -21.4205 1.244 -32.8143 -21.5472 1.2333 -32.6359
4 15 -24.3955 1.1367 -30.8012 -24.364 1.1381 -30.822 -24.3465 1.1366 -30.8012 -24.3745 1.1357 -30.7873
4 15 -24.385 1.1396 -30.8429 -24.4165 1.1377 -30.8151 -24.448 1.139 -30.8325 -24.4095 1.1408 -30.8602
4 15 -24.903 1.5093 -33.8521 -24.8855 1.5176 -33.8937 -24.882 1.5038 -33.8313 -24.903 1.5048 -33.8313
3 15 -23.37 1.1142 -30.5826 -23.6 .9737 -28.4805 -23.3945 1.1128 -30.5583
3 15 -24.352 1.8442 -35.5114 -24.245 1.8031 -35.3584 -24.273 1.79 -35.289
4 15 -22.418 1.7751 -35.5875 -22.327 1.7726 -35.591 -22.299 1.7577 -35.525 -22.4145 1.7662 -35.5459
3 15 -21.8125 1.2473 -32.797 -22.7715 1.2615 -32.8455 -22.775 1.2627 -32.8629
4 15 -24.1715 1.1049 -30.35 -24.175 1.109 -30.409 -24.161 1.1095 -30.416 -24.1435 1.11 -30.4229
3 15 -24.1715 1.1049 -30.35 -24.1925 1.1083 -30.3986 -24.175 1.109 -30.409
3 15 -23.412 1.1118 -30.5409 -23.6 .9737 -28.4805 -23.4295 1.1109 -30.5235
4 15 -24.133 1.0947 -30.2042 -23.9335 1.0956 -30.2216 -23.9265 1.0946 -30.2077 -23.6 .9737 -28.4805
4 15 -23.2125 1.1412 -31.006 -23.1915 1.1417 -31.0164 -23.1215 1.1383 -30.9782 -23.16 1.1381 -30.9678
4 15 -23.062 1.1454 -31.0928 -23.034 1.147 -31.1205 -22.922 1.1398 -31.0338 -22.95 1.1399 -31.0303
4 15 -25.379 1.4943 -33.6785 -25.407 1.4881 -33.6438 -25.8305 1.5922 -34.0291 -25.827 1.5988 -34.0603
3 15 -24.455 1.2594 -32.5575 -24.4646 1.255 -32.495 -24.4489 1.2594 -32.5582
3 15 -24.4646 1.255 -32.495 -24.455 1.2594 -32.5575 -24.4489 1.2594 -32.5582
3 15 -24.4235 1.1099 -30.416 -24.434 1.1094 -30.409 -24.539 1.1151 -30.4888
3 15 -24.539 1.1151 -30.4888 -24.518 1.1144 -30.4784 -24.4235 1.1099 -30.416
3 15 -23.8958 1.0967 -30.2382 -23.895 1.0968 -30.2389 -23.6 .9737 -28.4805
4 15 -22.824 1.2325 -32.4117 -22.845 1.2325 -32.4082 -22.901 1.2398 -32.5054 -22.88 1.24 -32.5123
4 15 -23.349 1.2662 -32.8178 -23.391 1.2659 -32.8074 -23.3455 1.2689 -32.8594 -23.307 1.2695 -32.8733
4 15 -24.2835 1.6616 -34.6955 -24.3325 1.6569 -34.6573 -24.3325 1.6773 -34.751 -24.3115 1.6772 -34.758
4 15 -23.9139 2.1991 -37.2882 -23.944 2.2058 -37.3091 -23.958 2.2114 -37.3299 -23.958 2.2174 -37.3577
4 15 -23.972 1.1117 -30.4507 -24.014 1.1086 -30.4055 -24.021 1.1093 -30.416 -24 1.1124 -30.4611
3 15 -22.838 1.2294 -32.3631 -22.8275 1.23 -32.3735 -22.8135 1.2305 -32.3839
4 15 -24.5355 1.9806 -36.0977 -24.5145 1.9811 -36.1047 -24.504 1.9723 -36.0665 -24.5285 1.9727 -36.063
4 15 -23.237 1.1678 -31.3913 -23.244 1.1685 -31.4017 -23.2125 1.1668 -31.3808 -23.2265 1.1672 -31.3843
4 15 -24.0805 1.1348 -30.7804 -24.105 1.1346 -30.7769 -24.1155 1.1399 -30.8533 -24.1085 1.1402 -30.8567
4 15 -23.72 1.7499 -35.2508 -23.741 1.7279 -35.1432 -23.79 1.7501 -35.2404 -23.769 1.786 -35.414
4 15 -23.237 1.2417 -32.4776 -23.2545 1.2422 -32.4811 -23.2755 1.2438 -32.5019 -23.2545 1.244 -32.5089
4 15 -22.873 1.2652 -32.8837 -22.936 1.252 -32.6789 -22.9465 1.2524 -32.6824 -22.8975 1.2658 -32.8872
4 15 -24.602 1.1435 -30.8949 -24.581 1.145 -30.9158 -24.5495 1.1447 -30.9123 -24.5845 1.143 -30.888
3 15 -23.517 1.1083 -30.4715 -23.6 .9737 -28.4805 -23.538 1.1081 -30.4645
3 15 -20 2.594 -39.8723 -21.6515 1.5745 -34.7649 -21.725 1.5932 -34.8413
3 15 -25.05 1.2198 -31.8876 -25.0605 1.1754 -31.2802 -25.078 1.1752 -31.2733
4 15 -24.7455 1.9853 -36.0734 -24.742 1.9821 -36.0596 -24.7567 1.9815 -36.0533 -24.7595 1.9867 -36.0769
4 15 -23.1705 1.1895 -31.721 -23.1355 1.1909 -31.7488 -23.069 1.1859 -31.6863 -23.1005 1.1853 -31.6724
4 15 -23.1635 1.2437 -32.5193 -23.1285 1.2438 -32.5262 -23.1495 1.2405 -32.4742 -23.174 1.2405 -32.4707
4 15 -23.118 1.1709 -31.4572 -23.0865 1.1715 -31.4711 -23.0655 1.1684 -31.4294 -23.1005 1.1672 -31.4051
4 15 -22.481 1.6733 -35.0947 -22.432 1.7228 -35.3376 -22.411 1.7074 -35.2682 -22.46 1.6702 -35.0835
4 15 -23.741 1.7279 -35.1432 -23.72 1.7499 -35.2508 -23.636 1.7154 -35.1016 -23.678 1.7037 -35.0391
4 15 -23.8845 1.1664 -31.2628 -23.86 1.1673 -31.2802 -23.8495 1.1664 -31.2698 -23.874 1.1658 -31.2559
4 15 -23.419 1.409 -33.6855 -23.1845 1.2967 -33.1926 -23.202 1.2944 -33.1787 -23.489 1.3909 -33.5883
3 15 -23.0095 1.2512 -32.6546 -23.0235 1.2662 -32.8733 -22.9815 1.2667 -32.8872
4 15 -26.555 1.4757 -33.3349 -26.555 1.4689 -33.3037 -28.284 1.2865 -32.0863 -26.5585 1.4811 -33.3592
4 15 -22.8135 1.1509 -31.2142 -22.7855 1.151 -31.2212 -22.6525 1.1399 -31.0789 -22.6735 1.1394 -31.0685
4 15 -26.121 1.4988 -33.5362 -26.121 1.5048 -33.564 -26.0825 1.4984 -33.5432 -26.0843 1.4932 -33.5189
4 15 -26.4465 1.441 -33.1996 -26.4885 1.4446 -33.2065 -26.499 1.4488 -33.2239 -26.457 1.4483 -33.2308
4 15 -22.9535 1.2506 -32.6546 -22.9395 1.2509 -32.6616 -22.922 1.2441 -32.5644 -22.9465 1.2441 -32.5609
4 15 -25.596 1.3611 -33.0191 -25.554 1.3455 -32.9566 -25.61 1.3369 -32.9045 -25.736 1.3595 -32.9809
4 15 -23.398 1.2098 -31.9813 -23.384 1.2129 -32.0299 -23.37 1.213 -32.0334 -23.384 1.2101 -31.9882
3 15 -23.37 1.213 -32.0334 -23.37 1.2109 -32.0021 -23.384 1.2101 -31.9882
3 15 -23.258 1.2795 -33.0295 -23.3175 1.2752 -32.9566 -23.342 1.2753 -32.9531
3 15 -23.342 1.2753 -32.9531 -23.2825 1.2784 -33.0087 -23.258 1.2795 -33.0295
3 15 -26.086 1.3762 -32.9809 -26.0895 1.3635 -32.9219 -26.1105 1.3812 -32.9983
4 15 -23.272 2.008 -36.5489 -23.272 2.0131 -36.5732 -23.2489 2.0085 -36.5552 -23.251 2.0036 -36.5316
3 15 -21.382 1.2689 -33.1857 -21.494 1.2628 -33.0781 -21.5472 1.2681 -33.1475
4 15 -24.063 1.1319 -30.7387 -24.0665 1.1304 -30.7179 -24.0805 1.1305 -30.7179 -24.0735 1.1319 -30.7387
4 15 -24.049 1.136 -30.7977 -24.063 1.1353 -30.7873 -24.1015 1.1404 -30.8602 -24.0945 1.1409 -30.8672
4 15 -23.4575 1.2303 -32.2729 -23.468 1.228 -32.2381 -23.4785 1.2284 -32.2416 -23.4715 1.23 -32.2659
3 15 -24.3059 2.2241 -37.2723 -24.352 1.9999 -36.2267 -24.3276 2.231 -37.2966
4 15 -23.489 1.2295 -32.2555 -23.482 1.2299 -32.2624 -23.4715 1.23 -32.2659 -23.4785 1.2284 -32.2416
4 15 -23.755 1.3703 -33.446 -23.7725 1.3614 -33.4009 -23.8285 1.3634 -33.4009 -23.8145 1.3746 -33.4564
4 15 -24.5635 1.1362 -30.7908 -24.532 1.1352 -30.7769 -24.497 1.1163 -30.5062 -24.518 1.1165 -30.5097
4 15 -24.3395 2.2503 -37.3813 -24.308 2.2507 -37.3937 -24.301 2.2476 -37.3819 -24.3227 2.2444 -37.3597
4 15 -22.803 1.2314 -32.3978 -22.824 1.2325 -32.4117 -22.88 1.24 -32.5123 -22.859 1.2403 -32.5193
4 15 -22.404 1.7555 -35.4973 -22.4145 1.7662 -35.5459 -22.299 1.7577 -35.525 -22.2745 1.7378 -35.4348
4 15 -22.908 1.229 -32.3457 -22.9255 1.228 -32.3284 -23.069 1.2299 -32.3319 -23.0655 1.2308 -32.3457
4 15 -22.9885 1.1302 -30.881 -22.957 1.1313 -30.9019 -23.034 1.1182 -30.6971 -23.0585 1.1185 -30.6971
4 15 -24.266 1.9625 -36.0838 -24.315 1.9661 -36.0838 -24.287 1.9709 -36.1151 -24.231 1.966 -36.1116
4 15 -24.287 1.9709 -36.1151 -24.315 1.9661 -36.0838 -24.352 1.9688 -36.0838 -24.35 1.9762 -36.1186
4 15 -23.944 2.1492 -37.0487 -23.972 2.1474 -37.0314 -23.986 2.1507 -37.0418 -23.958 2.154 -37.0661
4 15 -26.5515 1.5292 -33.5814 -26.555 1.5263 -33.5675 -26.5865 1.5286 -33.571 -26.5935 1.5327 -33.5883
3 15 -23.7305 1.9377 -36.1394 -23.657 1.9373 -36.1498 -23.8005 1.9028 -35.9624
3 15 -23.8005 1.9028 -35.9624 -23.7515 1.9275 -36.0873 -23.7305 1.9377 -36.1394
4 15 -24.434 1.1418 -30.8741 -24.4725 1.14 -30.8463 -24.5005 1.1407 -30.8567 -24.462 1.1426 -30.8845
4 15 -23.8289 1.8865 -35.8804 -23.8005 1.9028 -35.9624 -23.657 1.9373 -36.1498 -23.8545 1.8571 -35.7368
4 15 -26.3485 1.4794 -33.3974 -26.205 1.4831 -33.446 -26.331 1.4688 -33.3523 -26.345 1.474 -33.3731
4 15 -23.5695 1.1174 -30.5964 -23.552 1.1177 -30.6034 -23.531 1.1151 -30.5687 -23.545 1.1145 -30.5583
3 15 -25.05 1.2198 -31.8876 -25.4245 1.2674 -32.4533 -25.351 1.2698 -32.5019
3 15 -28.284 1.1168 -29.7746 -25.106 1.1692 -31.1865 -25.106 1.1672 -31.1587
3 15 -24.007 2.159 -37.073 -24.0056 2.1612 -37.0835 -23.9965 2.1606 -37.0835
3 15 -23.9055 1.0961 -30.2285 -23.6 .9737 -28.4805 -23.916 1.0954 -30.2181
4 15 -24.4655 1.1329 -30.7457 -24.4375 1.1317 -30.7283 -24.4165 1.1162 -30.5062 -24.4445 1.116 -30.5027
4 15 -24.7245 2.0138 -36.2088 -26.9975 2.9198 -39.8723 -24.595 2.0061 -36.2019 -24.665 2.0094 -36.2019
4 15 -24.007 1.134 -30.77 -24 1.1345 -30.7769 -23.986 1.134 -30.77 -23.993 1.1328 -30.7526
4 15 -25.7885 1.4512 -33.3905 -25.8165 1.448 -33.3696 -25.96 1.4714 -33.446 -25.946 1.4813 -33.4946
4 15 -23.482 1.4537 -33.8868 -23.454 1.4564 -33.9042 -23.433 1.452 -33.8868 -23.4645 1.4472 -33.859
3 15 -22.803 1.2647 -32.8872 -22.39 1.2865 -33.2766 -22.775 1.2627 -32.8629
4 15 -22.152 1.7511 -35.5181 -22.18 1.7638 -35.5736 -22.005 1.7444 -35.5112 -22.026 1.7364 -35.4695
4 15 -22.7925 1.1866 -31.7418 -22.7855 1.1874 -31.7557 -22.7365 1.1708 -31.5197 -22.7645 1.1711 -31.5197
4 15 -22.019 1.5897 -34.7753 -21.963 1.5892 -34.7823 -21.935 1.5838 -34.7615 -21.998 1.5831 -34.7476
4 15 -24.0805 1.0997 -30.2771 -23.9685 1.1061 -30.3708 -23.972 1.1051 -30.3569 -24.0945 1.098 -30.2528
4 15 -24.063 1.1353 -30.7873 -24.0805 1.1348 -30.7804 -24.1085 1.1402 -30.8567 -24.1015 1.1404 -30.8602
4 15 -23.3525 1.2532 -32.6269 -23.3735 1.253 -32.6199 -23.4155 1.2551 -32.6442 -23.3875 1.2555 -32.6546
4 15 -25.1375 1.2924 -32.8039 -25.12 1.2968 -32.8282 -25.106 1.2916 -32.8074 -25.113 1.2897 -32.797
3 15 -23.6815 1.1078 -30.4368 -23.6 .9737 -28.4805 -23.72 1.1049 -30.3882
3 15 -23.72 1.1049 -30.3882 -23.6955 1.1068 -30.4194 -23.6815 1.1078 -30.4368
4 15 -23.916 1.2142 -31.9605 -23.9825 1.2138 -31.9431 -24.007 1.2171 -31.9882 -23.9405 1.2171 -31.9987
4 15 -23.44 1.1278 -30.77 -23.44 1.1266 -30.7526 -23.447 1.126 -30.7422 -23.461 1.128 -30.77
4 15 -21.5255 1.2284 -32.5679 -22.712 1.2107 -32.1097 -22.8485 1.2288 -32.3527 -22.838 1.2294 -32.3631
3 15 -25.512 2.0552 -36.2262 -26.9975 2.9198 -39.8723 -25.4735 2.0594 -36.2539
3 15 -22.803 1.2314 -32.3978 -22.859 1.2403 -32.5193 -22.8485 1.2406 -32.5262
4 15 -23.8985 1.1977 -31.721 -23.8565 1.1975 -31.7245 -23.8565 1.1961 -31.7036 -23.8915 1.1965 -31.7036
4 15 -26.0335 1.2711 -32.37 -28.284 1.1168 -29.7746 -28.284 1.2865 -32.0863 -26.1035 1.2798 -32.4742
3 15 -24.352 1.9552 -36.0214 -24.352 1.8442 -35.5114 -24.91 1.8375 -35.3584
4 15 -24.1505 1.2332 -32.2 -24.1085 1.233 -32.2034 -24.084 1.2308 -32.1757 -24.126 1.2306 -32.1653
4 15 -24.525 1.9627 -36.0179 -24.427 1.9588 -36.0214 -24.352 1.9552 -36.0214 -24.91 1.8375 -35.3584
4 15 -26.1035 1.2917 -32.5887 -26.1315 1.3028 -32.6338 -26.0685 1.2983 -32.6269 -26.044 1.2881 -32.5852
4 15 -25.211 1.3133 -32.8837 -25.197 1.3239 -32.9358 -25.169 1.3143 -32.8976 -25.1865 1.3045 -32.849
4 15 -23.678 1.7755 -35.3793 -23.615 1.7674 -35.3515 -23.636 1.7652 -35.3376 -23.657 1.7689 -35.3515
3 15 -23.615 1.7674 -35.3515 -23.622 1.7647 -35.3376 -23.636 1.7652 -35.3376
4 15 -23.0165 1.1733 -31.5093 -22.9885 1.1744 -31.5301 -22.985 1.1694 -31.4572 -23.006 1.1694 -31.4537
4 15 -24.4375 2.2633 -37.418 -24.3829 2.2462 -37.3514 -24.352 1.9999 -36.2267 -26.9975 2.9198 -39.8723
3 15 -24.3829 2.2462 -37.3514 -24.352 2.238 -37.3208 -24.352 1.9999 -36.2267
3 15 -24.3045 1.7697 -35.1849 -24.352 1.8442 -35.5114 -24.2905 1.7792 -35.2335
4 15 -24.525 1.9627 -36.0179 -24.91 1.8375 -35.3584 -24.819 1.9715 -35.9936 -24.707 1.9684 -36.004
4 15 -23.6 .9737 -28.4805 -23.37 1.1142 -30.5826 -23.356 1.115 -30.5964 -23.335 1.1157 -30.6103
3 15 -24.819 1.9715 -35.9936 -24.7525 1.9698 -36.0005 -24.707 1.9684 -36.004
4 15 -24.1295 1.2346 -32.2243 -24.1085 1.233 -32.2034 -24.1505 1.2332 -32.2 -24.1645 1.2352 -32.2277
4 15 -23.0095 1.1179 -30.6971 -22.908 1.1321 -30.9227 -22.9815 1.1183 -30.7075 -22.9955 1.118 -30.7006
4 15 -23.874 1.1658 -31.2559 -23.8495 1.1664 -31.2698 -23.8425 1.1654 -31.2559 -23.867 1.1652 -31.249
4 15 -23.944 2.1469 -37.0383 -23.9545 2.1454 -37.0279 -23.972 2.1474 -37.0314 -23.944 2.1492 -37.0487
4 15 -23.4155 1.1372 -30.9123 -23.433 1.1376 -30.9158 -23.419 1.1403 -30.9574 -23.405 1.1397 -30.9505
4 15 -22.9185 1.222 -32.2416 -22.901 1.2235 -32.2659 -22.8205 1.2129 -32.1236 -22.8485 1.2127 -32.1167
4 15 -23.944 1.1099 -30.4264 -24.0175 1.1064 -30.3743 -24.014 1.1076 -30.3917 -23.951 1.1109 -30.4402
4 15 -23.3315 1.1518 -31.1414 -23.335 1.1509 -31.1275 -23.342 1.1503 -31.1171 -23.349 1.152 -31.1414
4 15 -23.342 1.1366 -30.9158 -23.3595 1.1368 -30.9158 -23.356 1.1384 -30.94 -23.342 1.1385 -30.9435
4 15 -22.901 1.1814 -31.6481 -22.8905 1.1818 -31.655 -22.845 1.1702 -31.4919 -22.866 1.1699 -31.485
3 15 -23.9097 1.9185 -36.0005 -23.9265 1.9235 -36.0179 -23.909 1.9253 -36.0318
3 15 -23.909 1.9253 -36.0318 -23.8915 1.9134 -35.9832 -23.9097 1.9185 -36.0005
4 15 -21.4415 1.2443 -32.8143 -21.585 1.2357 -32.6651 -21.648 1.2412 -32.7345 -21.4555 1.2456 -32.8317
4 15 -23.412 1.1924 -31.7245 -23.398 1.1927 -31.7314 -23.349 1.1889 -31.6828 -23.3595 1.1885 -31.6759
4 15 -20 2.594 -39.8723 -21.942 1.6895 -35.2613 -21.963 1.7005 -35.3098 -21.984 1.7144 -35.3723
3 15 -26.4465 1.438 -33.1857 -26.45 1.4359 -33.1753 -26.4605 1.4372 -33.1787
3 15 -22.894 1.1395 -31.0338 -23.02 1.1485 -31.1448 -23.0025 1.1495 -31.1622
4 15 -24.2569 2.2357 -37.3417 -24.2667 2.2344 -37.3327 -24.2877 2.2465 -37.3813 -24.273 2.2456 -37.3819
3 15 -28.284 1.1168 -29.7746 -25.0395 1.1547 -31.0025 -25.022 1.1526 -30.9782
4 15 -22.964 1.2103 -32.0611 -22.985 1.2088 -32.0368 -23.0725 1.2162 -32.1306 -23.0305 1.2172 -32.1514
3 15 -23.517 1.1163 -30.5895 -23.517 1.1175 -30.6068 -23.51 1.117 -30.5999
3 15 -24.6475 1.1635 -31.1795 -24.6545 1.163 -31.1726 -24.665 1.1628 -31.1691
3 15 -24.352 2.7934 -39.8723 -24.4067 2.2805 -37.5041 -24.4333 2.2802 -37.4965
4 15 -25.729 1.4309 -33.3106 -25.7115 1.4399 -33.3558 -25.6835 1.4416 -33.3696 -25.708 1.4314 -33.3176
4 15 -23.083 1.2293 -32.3214 -23.069 1.2299 -32.3319 -22.9255 1.228 -32.3284 -22.943 1.2275 -32.318
4 15 -26.0545 1.5334 -33.7098 -26.0615 1.5284 -33.6855 -26.1 1.5348 -33.7063 -26.0895 1.5396 -33.7306
4 15 -22.691 1.6939 -35.1571 -22.656 1.7 -35.1918 -22.642 1.6936 -35.1641 -22.677 1.6861 -35.1224
4 15 -22.894 1.1509 -31.2004 -22.866 1.1508 -31.2038 -22.7155 1.1384 -31.0476 -22.74 1.1378 -31.0338
4 15 -23.09 1.2502 -32.6269 -23.1215 1.2506 -32.6269 -23.16 1.259 -32.7449 -23.1215 1.2612 -32.7831
4 15 -24.028 1.1127 -30.4645 -24.1015 1.1085 -30.4021 -24.1435 1.1066 -30.3743 -24.0525 1.1125 -30.4611
4 15 -24.5705 1.9739 -36.0596 -24.581 1.9752 -36.063 -24.581 1.9767 -36.07 -24.5705 1.9792 -36.0838
3 15 -24.07 1.112 -30.4541 -24.0525 1.1125 -30.4611 -24.1435 1.1066 -30.3743
3 15 -24.1435 1.1066 -30.3743 -24.1715 1.1049 -30.35 -24.07 1.112 -30.4541
3 15 -25.9005 1.2585 -32.2277 -28.284 1.1168 -29.7746 -25.939 1.2606 -32.2486
3 15 -23.727 1.9017 -35.9693 -23.762 1.881 -35.8652 -23.86 1.839 -35.65
4 15 -25.505 1.3522 -32.9983 -25.526 1.3638 -33.0469 -25.4805 1.3662 -33.0677 -25.4735 1.3568 -33.026
4 15 -22.74 1.2087 -32.075 -22.7225 1.2094 -32.0889 -22.67 1.1911 -31.8286 -22.6805 1.1919 -31.839
4 15 -22.894 1.1698 -31.478 -22.922 1.1696 -31.4711 -22.936 1.1783 -31.596 -22.915 1.1804 -31.6307
4 15 -26.037 1.3913 -33.0607 -26.037 1.3882 -33.0469 -26.0475 1.3872 -33.0399 -26.058 1.3885 -33.0434
4 15 -21.452 1.2805 -33.3453 -21.424 1.276 -33.2829 -21.641 1.2779 -33.2759 -21.669 1.283 -33.3453
3 15 -26.4885 1.4446 -33.2065 -26.4465 1.441 -33.1996 -26.4465 1.438 -33.1857
4 15 -26.4605 1.4372 -33.1787 -26.471 1.4392 -33.1857 -26.4885 1.4446 -33.2065 -26.4465 1.438 -33.1857
3 15 -25.0395 1.2698 -32.5713 -25.05 1.2198 -31.8876 -25.0885 1.2734 -32.6095
3 15 -20 .9558 -28.4805 -21.41 1.247 -32.8594 -21.41 1.2489 -32.8872
4 15 -25.7675 1.6896 -34.4907 -25.785 1.6882 -34.4803 -25.799 1.6987 -34.5254 -25.7885 1.702 -34.5428
4 15 -22.7505 1.1554 -31.2906 -22.775 1.1554 -31.2871 -22.824 1.1654 -31.426 -22.796 1.1663 -31.4433
4 15 -23.118 1.2144 -32.0958 -23.0375 1.2064 -31.9917 -23.0585 1.2061 -31.9848 -23.139 1.2132 -32.075
4 15 -23.104 1.2057 -31.9709 -23.16 1.2113 -32.0438 -23.139 1.2132 -32.075 -23.0585 1.2061 -31.9848
4 15 -23.468 1.5491 -34.3415 -23.489 1.5521 -34.3519 -23.433 1.5581 -34.3901 -23.405 1.5542 -34.3762
4 15 -23.65 1.2807 -32.9809 -23.6605 1.2832 -33.0156 -23.5695 1.2807 -32.9948 -23.6115 1.2795 -32.9705
4 15 -26.5935 1.5327 -33.5883 -26.597 1.5374 -33.6091 -26.5515 1.5337 -33.6022 -26.5515 1.5292 -33.5814
3 15 -23.258 1.9233 -36.1498 -20 2.594 -39.8723 -22.4005 1.8572 -35.9797
4 15 -23.195 1.8874 -35.9901 -23.244 1.9081 -36.0804 -22.4285 1.8545 -35.9624 -22.453 1.8437 -35.9068
4 15 -23.419 1.409 -33.6855 -23.3385 1.4252 -33.7757 -23.1635 1.2989 -33.2065 -23.1845 1.2967 -33.1926
4 15 -25.8445 1.2645 -32.3214 -25.8305 1.2663 -32.3492 -25.806 1.2659 -32.3492 -25.8235 1.2634 -32.311
4 15 -25.05 1.2198 -31.8876 -25.274 1.2723 -32.554 -25.2145 1.2744 -32.5956 -25.134 1.2772 -32.6512
4 15 -23.0585 1.2647 -32.8455 -23.0235 1.2662 -32.8733 -23.0095 1.2512 -32.6546 -23.0375 1.2508 -32.6442
4 15 -23.594 1.6656 -34.8725 -23.552 1.6744 -34.9211 -23.538 1.649 -34.8031 -23.58 1.6519 -34.81
4 15 -25.9285 1.5243 -33.6959 -25.925 1.5385 -33.7618 -25.561 1.4705 -33.5293 -25.617 1.4664 -33.4981
4 15 -22.3515 1.7156 -35.3168 -22.3515 1.7229 -35.3515 -22.278 1.7072 -35.289 -22.299 1.702 -35.2613
4 15 -23.447 1.2304 -32.2763 -23.454 1.2279 -32.2381 -23.468 1.228 -32.2381 -23.4575 1.2303 -32.2729
4 15 -24.917 1.1591 -31.0893 -24.931 1.1575 -31.065 -24.945 1.157 -31.0546 -24.9205 1.1604 -31.1066
4 15 -26.0615 1.5284 -33.6855 -26.0685 1.5235 -33.6612 -26.107 1.5298 -33.682 -26.1 1.5348 -33.7063
4 15 -22.124 1.6768 -35.171 -22.11 1.6895 -35.2335 -22.054 1.6861 -35.2265 -22.061 1.679 -35.1918
3 15 -26.9975 2.9198 -39.8723 -25.715 1.7226 -34.6539 -25.743 1.724 -34.6539
4 15 -21.725 1.5266 -34.5254 -21.879 1.5525 -34.6226 -21.921 1.5628 -34.6643 -21.753 1.5378 -34.574
3 15 -25.246 1.9994 -36.0283 -25.183 1.9949 -36.0214 -24.91 1.8375 -35.3584
4 15 -22.6245 1.6461 -34.9419 -22.649 1.6455 -34.935 -22.6665 1.6491 -34.9489 -22.614 1.6516 -34.9697
4 15 -25.197 1.3239 -32.9358 -25.211 1.3133 -32.8837 -25.2355 1.3235 -32.9254 -25.218 1.3317 -32.967
3 15 -24.931 1.1575 -31.065 -24.917 1.1591 -31.0893 -24.9205 1.1581 -31.0754
3 15 -25.8305 1.2561 -32.2104 -28.284 1.1168 -29.7746 -25.869 1.2572 -32.2173
3 15 -23.1165 2.7037 -39.8723 -23.797 2.168 -37.1841 -23.8145 2.176 -37.2153
4 15 -21.683 1.4944 -34.3797 -21.7915 1.5209 -34.4873 -21.837 1.54 -34.5706 -21.704 1.5105 -34.4525
4 15 -21.879 1.5525 -34.6226 -21.725 1.5266 -34.5254 -21.704 1.5105 -34.4525 -21.837 1.54 -34.5706
3 15 -22.082 1.5684 -34.6643 -22.026 1.5548 -34.6087 -21.998 1.5472 -34.5775
4 15 -21.9315 1.5236 -34.4768 -22.39 1.2865 -33.2766 -22.082 1.5684 -34.6643 -21.998 1.5472 -34.5775
4 15 -21.508 1.2285 -32.5713 -21.5045 1.2296 -32.5887 -21.41 1.2448 -32.8282 -20 .9558 -28.4805
4 15 -25.0325 1.9869 -36.0179 -24.9555 1.9795 -36.0005 -24.91 1.8375 -35.3584 -25.1158 1.9917 -36.0214
4 15 -21.529 1.2315 -32.613 -21.4205 1.244 -32.8143 -21.41 1.2448 -32.8282 -21.5045 1.2296 -32.5887
4 15 -23.531 1.2455 -32.4846 -23.5205 1.2457 -32.488 -23.5205 1.2438 -32.4603 -23.5345 1.2439 -32.4603
4 15 -22.348 1.6086 -34.81 -22.39 1.2865 -33.2766 -22.495 1.602 -34.7545 -22.481 1.6147 -34.817
4 15 -23.0305 1.2432 -32.5332 -23.055 1.2425 -32.5193 -23.0165 1.2477 -32.6026 -22.999 1.2485 -32.6165
4 15 -22.7225 1.2094 -32.0889 -22.712 1.2107 -32.1097 -21.5255 1.2284 -32.5679 -22.67 1.1911 -31.8286
3 15 -25.0045 1.1505 -30.9539 -24.987 1.149 -30.9366 -28 1.0172 -28.4805
4 15 -23.951 1.1109 -30.4402 -24.014 1.1076 -30.3917 -24.014 1.1086 -30.4055 -23.972 1.1117 -30.4507
4 15 -23.7095 1.3892 -33.5432 -23.734 1.3798 -33.4946 -23.79 1.3862 -33.5154 -23.7585 1.3975 -33.5744
4 15 -23.8145 1.3746 -33.4564 -23.79 1.3862 -33.5154 -23.734 1.3798 -33.4946 -23.755 1.3703 -33.446
3 15 -28.284 1.2865 -32.0863 -26.639 1.5333 -33.5814 -26.632 1.5262 -33.5501
4 15 -26.1455 1.5596 -33.8104 -26.156 1.5435 -33.7341 -26.338 1.5265 -33.6161 -26.3625 1.5337 -33.6438
4 15 -22.957 1.1979 -31.8806 -22.9395 1.1998 -31.9119 -22.8975 1.1885 -31.7522 -22.9255 1.1883 -31.7453
4 15 -23.23 1.2324 -32.3423 -23.2055 1.2333 -32.3596 -23.237 1.2292 -32.2937 -23.251 1.2294 -32.2937
4 15 -23.447 1.2193 -32.1132 -23.4435 1.2216 -32.1479 -23.433 1.2217 -32.1514 -23.433 1.2191 -32.1132
3 15 -24.0632 1.1664 -31.233 -24.056 1.1621 -31.1726 -24.0735 1.1631 -31.1865
4 15 -23.419 1.2218 -32.1548 -23.4225 1.2193 -32.1167 -23.433 1.2191 -32.1132 -23.433 1.2217 -32.1514
4 15 -23.993 1.1349 -30.7839 -23.988 1.1351 -30.7863 -23.9855 1.1341 -30.7714 -23.986 1.134 -30.77
3 15 -23.986 1.134 -30.77 -24 1.1345 -30.7769 -23.993 1.1349 -30.7839
4 15 -23.496 1.143 -30.9852 -23.482 1.1429 -30.9852 -23.4785 1.1374 -30.9053 -23.489 1.1375 -30.9053
3 15 -26.9975 2.9198 -39.8723 -25.9075 1.688 -34.4525 -25.9425 1.6753 -34.3866
4 15 -24.7735 1.9814 -36.0491 -24.791 1.9837 -36.0561 -24.7945 1.9861 -36.0665 -24.777 1.9876 -36.0769
4 15 -24.5565 1.1164 -30.5062 -25.4597 .9763 -28.4805 -24.714 1.1405 -30.8498 -24.672 1.1393 -30.8325
4 15 -24.777 1.1421 -30.8706 -24.742 1.1413 -30.8602 -24.714 1.1405 -30.8498 -25.4597 .9763 -28.4805
4 15 -22.8905 1.2437 -32.5644 -22.922 1.2441 -32.5644 -22.9395 1.2509 -32.6616 -22.936 1.252 -32.6789
4 15 -24.1155 1.1651 -31.2142 -24.133 1.1659 -31.2247 -24.1225 1.1695 -31.2767 -24.098 1.1687 -31.2663
4 15 -23.335 1.1594 -31.2524 -23.3385 1.1613 -31.2802 -23.321 1.1611 -31.2802 -23.328 1.16 -31.2628
3 15 -23.797 1.9833 -36.3358 -23.6799 2.0574 -36.7152 -23.762 1.9766 -36.3164
4 15 -23.79 1.1681 -31.3045 -23.804 1.1681 -31.301 -23.811 1.1686 -31.308 -23.7935 1.1686 -31.3114
4 15 -23.342 1.1503 -31.1171 -23.3525 1.1495 -31.1032 -23.3665 1.152 -31.1379 -23.349 1.152 -31.1414
4 15 -26.0825 1.2854 -32.554 -26.0908 1.2865 -32.5677 -26.0424 1.2865 -32.5783 -26.037 1.2846 -32.554
4 15 -24.945 1.1753 -31.3045 -24.9485 1.1721 -31.2594 -24.98 1.1733 -31.2698 -24.9765 1.1766 -31.3149
4 15 -25.631 1.4353 -33.3523 -25.6205 1.4469 -33.4078 -25.5995 1.4489 -33.4217 -25.603 1.437 -33.3662
4 15 -25.5785 1.4509 -33.4356 -25.582 1.4383 -33.3766 -25.603 1.437 -33.3662 -25.5995 1.4489 -33.4217
4 15 -25.421 1.4842 -33.623 -25.435 1.4819 -33.6091 -25.883 1.5667 -33.9007 -25.8375 1.5865 -34.0013
4 15 -24.616 1.1438 -30.8984 -24.6055 1.145 -30.9158 -24.581 1.145 -30.9158 -24.602 1.1435 -30.8949
4 15 -23.6605 1.4255 -33.7237 -23.615 1.4349 -33.7757 -23.573 1.4276 -33.748 -23.608 1.4193 -33.7028
4 15 -26.0843 1.4932 -33.5189 -26.086 1.4895 -33.5015 -26.121 1.4942 -33.5154 -26.121 1.4988 -33.5362
4 15 -21.6095 1.2327 -32.6165 -21.557 1.2297 -32.5818 -22.8135 1.2305 -32.3839 -22.803 1.2314 -32.3978
3 15 -21.662 1.3222 -33.5675 -21.634 1.3213 -33.5675 -21.613 1.3161 -33.5467
4 15 -23.9685 1.7059 -35.0009 -23.8705 1.7054 -35.0148 -23.888 1.7016 -34.994 -23.9888 1.7031 -34.9845
4 15 -23.0025 1.1578 -31.2837 -23.027 1.1569 -31.2663 -23.0515 1.159 -31.2941 -23.0235 1.1606 -31.3218
4 15 -23.1775 1.2299 -32.3145 -23.2055 1.2295 -32.3041 -23.1775 1.234 -32.3735 -23.146 1.2341 -32.3805
4 15 -23.923 1.203 -31.7939 -23.86 1.2022 -31.7939 -23.8565 1.2001 -31.7626 -23.9125 1.201 -31.7661
4 15 -25.8235 1.2634 -32.311 -25.806 1.2659 -32.3492 -25.778 1.2652 -32.3457 -25.799 1.2625 -32.3041
4 15 -24.399 1.1297 -30.7006 -24.385 1.1289 -30.6901 -24.3325 1.1175 -30.527 -24.357 1.117 -30.5201
4 15 -24.308 1.1179 -30.534 -24.3325 1.1175 -30.527 -24.385 1.1289 -30.6901 -24.364 1.1282 -30.6797
4 15 -24.147 1.1698 -31.2802 -24.1225 1.1695 -31.2767 -24.133 1.1659 -31.2247 -24.154 1.1666 -31.2351
3 15 -22.691 1.1349 -30.9991 -22.67 1.1358 -31.0164 -22.6525 1.1365 -31.0303
3 15 -22.6525 1.1365 -31.0303 -20 .9558 -28.4805 -22.691 1.1349 -30.9991
4 15 -22.8835 1.2249 -32.2902 -22.8695 1.2262 -32.311 -22.761 1.2122 -32.1236 -22.7925 1.2128 -32.1271
3 15 -24.2597 2.243 -37.3743 -24.2527 2.2408 -37.3667 -24.2541 2.238 -37.3535
3 15 -24.0053 1.6842 -34.892 -23.9888 1.7031 -34.9845 -23.9895 1.6861 -34.9038
3 15 -26.0265 1.6416 -34.2131 -26.9975 2.9198 -39.8723 -25.9915 1.6543 -34.279
4 15 -24.5145 1.9811 -36.1047 -24.483 1.9811 -36.1116 -24.4725 1.9723 -36.0734 -24.504 1.9723 -36.0665
4 15 -24.182 1.103 -30.3222 -24.3395 1.1078 -30.3882 -24.315 1.1075 -30.3847 -24.182 1.104 -30.3361
3 15 -23.748 1.1031 -30.3569 -23.6 .9737 -28.4805 -23.769 1.102 -30.3361
3 15 -23.8495 1.0991 -30.2806 -23.6 .9737 -28.4805 -23.881 1.0976 -30.2528
3 15 -23.881 1.0976 -30.2528 -23.867 1.0983 -30.2667 -23.8495 1.0991 -30.2806
4 15 -23.5625 1.1143 -30.5513 -23.587 1.1148 -30.5548 -23.601 1.1166 -30.5791 -23.587 1.1171 -30.5895
4 15 -26.0475 1.5429 -33.7549 -26.051 1.5377 -33.7306 -26.079 1.5436 -33.7514 -26.065 1.5475 -33.7723
4 15 -24.0525 1.1304 -30.7179 -24.0665 1.1304 -30.7179 -24.063 1.1319 -30.7387 -24.0525 1.1321 -30.7422
4 15 -22.705 1.1558 -31.3045 -22.7295 1.1556 -31.2975 -22.782 1.1668 -31.4537 -22.7715 1.1672 -31.4607
4 15 -23.0655 1.1549 -31.2316 -23.0795 1.1544 -31.2212 -23.104 1.1554 -31.2316 -23.1005 1.156 -31.242
3 15 -25.4735 2.0594 -36.2539 -26.9975 2.9198 -39.8723 -25.4385 2.0622 -36.2747
3 15 -20 .9558 -28.4805 -22.95 1.1149 -30.6624 -22.9325 1.1161 -30.6832
4 15 -26.079 1.5089 -33.5918 -26.079 1.5036 -33.5675 -26.121 1.5093 -33.5848 -26.121 1.5146 -33.6091
4 15 -23.8565 1.1951 -31.6898 -23.86 1.1942 -31.6759 -23.8775 1.1942 -31.6724 -23.8845 1.1954 -31.6898
4 15 -25.9495 1.3183 -32.7449 -25.981 1.3297 -32.79 -25.806 1.2918 -32.6546 -25.827 1.2913 -32.6477
4 15 -23.4715 1.2534 -32.6095 -23.468 1.254 -32.6199 -23.4505 1.2519 -32.5922 -23.468 1.2526 -32.5991
3 15 -22.39 1.2865 -33.2766 -21.9595 1.2661 -33.0493 -21.9245 1.2599 -32.9636
4 15 -22.4215 1.7796 -35.6083 -22.362 1.787 -35.6535 -22.327 1.7726 -35.591 -22.418 1.7751 -35.5875
3 15 -24.343 1.7196 -34.9419 -24.352 1.8442 -35.5114 -24.3395 1.7284 -34.9836
4 15 -22.9605 1.2383 -32.4742 -22.943 1.2391 -32.488 -22.8765 1.2312 -32.3839 -22.894 1.23 -32.3631
4 15 -24.154 1.1356 -30.7908 -24.1365 1.1397 -30.8498 -24.126 1.1397 -30.8498 -24.133 1.1349 -30.7804
3 15 -25.4385 2.0622 -36.2747 -26.9975 2.9198 -39.8723 -25.3615 2.0654 -36.306
4 15 -23.972 1.1709 -31.3149 -23.965 1.1711 -31.3184 -23.9615 1.1703 -31.308 -23.9685 1.1706 -31.3114
4 15 -23.958 1.1073 -30.3882 -24.0595 1.1014 -30.3014 -24.0385 1.1033 -30.3292 -23.9475 1.1082 -30.4021
3 15 -25.8585 1.2667 -32.3492 -25.848 1.2666 -32.3492 -25.855 1.2651 -32.3284
3 15 -25.855 1.2651 -32.3284 -25.862 1.2658 -32.3353 -25.8585 1.2667 -32.3492
3 15 -24.987 1.2662 -32.5332 -25.05 1.2198 -31.8876 -25.0395 1.2698 -32.5713
4 15 -23.1705 1.2748 -32.974 -23.1495 1.2757 -32.9913 -23.0655 1.2698 -32.9184 -23.104 1.269 -32.9011
3 15 -25.799 1.7176 -34.6122 -25.8305 1.71 -34.5706 -26.9975 2.9198 -39.8723
3 15 -26.9975 2.9198 -39.8723 -25.8305 1.71 -34.5706 -25.8585 1.7031 -34.5324
3 15 -24.07 2.2588 -37.5104 -24.352 2.7934 -39.8723 -23.9825 2.2464 -37.4826
4 15 -23.629 2.1092 -36.9689 -23.6338 2.1104 -36.9739 -23.1165 2.7037 -39.8723 -20 2.594 -39.8723
3 15 -20 2.594 -39.8723 -23.5275 2.0843 -36.8683 -23.629 2.1092 -36.9689
4 15 -23.9405 1.2171 -31.9987 -24.007 1.2171 -31.9882 -24.0315 1.2203 -32.0299 -23.972 1.2205 -32.0438
4 15 -22.922 1.2663 -32.8907 -22.9605 1.2523 -32.6789 -22.9745 1.252 -32.672 -22.957 1.2667 -32.8907
3 15 -23.6465 1.1091 -30.4611 -23.6255 1.1084 -30.4541 -23.6 .9737 -28.4805
4 15 -23.1775 1.2252 -32.2451 -23.1635 1.226 -32.259 -23.1075 1.2247 -32.2486 -23.1355 1.224 -32.2347
3 15 -23.573 1.5763 -34.4525 -23.5065 1.5724 -34.4456 -23.489 1.5674 -34.4248
4 15 -23.538 1.5626 -34.3935 -23.559 1.5692 -34.4213 -23.573 1.5763 -34.4525 -23.489 1.5674 -34.4248
4 15 -23.412 1.1515 -31.124 -23.398 1.1519 -31.1309 -23.3805 1.1486 -31.0858 -23.405 1.1489 -31.0858
3 15 -25.05 1.2198 -31.8876 -25.351 1.2698 -32.5019 -25.274 1.2723 -32.554
4 15 -23.265 1.208 -31.9778 -23.237 1.2046 -31.9327 -23.265 1.2054 -31.9397 -23.279 1.2075 -31.9674
4 15 -25.7885 1.2933 -32.6651 -25.806 1.2918 -32.6546 -25.981 1.3297 -32.79 -26.044 1.35 -32.8698
4 15 -25.5435 1.308 -32.7865 -25.561 1.3156 -32.8178 -25.547 1.3142 -32.8143 -25.54 1.3116 -32.8039
3 15 -22.4005 1.8389 -35.893 -20 2.594 -39.8723 -22.3585 1.8228 -35.8235
4 15 -23.1775 1.1222 -30.7318 -23.209 1.1232 -30.7422 -23.167 1.1261 -30.7908 -23.1285 1.1266 -30.8047
4 15 -24.4445 1.116 -30.5027 -24.4795 1.116 -30.5027 -24.504 1.1342 -30.763 -24.4655 1.1329 -30.7457
4 15 -23.279 1.2058 -31.9431 -23.286 1.2068 -31.957 -23.279 1.2075 -31.9674 -23.265 1.2054 -31.9397
3 15 -21.9805 1.302 -33.4182 -21.9892 1.2865 -33.3435 -22.39 1.2865 -33.2766
4 15 -23.468 1.254 -32.6199 -23.4575 1.2544 -32.6269 -23.4295 1.2519 -32.5956 -23.4505 1.2519 -32.5922
4 15 -24.532 1.1352 -30.7769 -24.504 1.1342 -30.763 -24.4795 1.116 -30.5027 -24.497 1.1163 -30.5062
4 15 -24.266 1.1186 -30.5444 -24.287 1.1184 -30.5409 -24.3255 1.1267 -30.6589 -24.2695 1.1213 -30.5826
4 15 -25.0955 1.5147 -33.8347 -25.113 1.5103 -33.8104 -25.7395 1.6241 -34.1957 -25.694 1.6242 -34.2061
4 15 -23.1775 1.1702 -31.4364 -23.1495 1.1705 -31.4468 -23.132 1.1666 -31.3913 -23.153 1.1663 -31.3843
3 15 -24.84 2.0246 -36.2331 -26.9975 2.9198 -39.8723 -24.791 2.0192 -36.2192
4 15 -23.7095 1.8044 -35.5112 -23.7095 1.8117 -35.5459 -23.6619 1.8027 -35.5112 -23.6598 1.7968 -35.4834
4 15 -24.3605 1.1081 -30.3917 -24.175 1.1023 -30.3118 -24.161 1.101 -30.2945 -24.3815 1.1084 -30.3951
4 15 -22.6945 1.1694 -31.5058 -22.7155 1.1703 -31.5162 -22.7715 1.1882 -31.7696 -22.754 1.189 -31.7835
3 15 -26.9975 2.9198 -39.8723 -26.0825 1.6299 -34.1471 -26.0965 1.6238 -34.1159
3 15 -23.72 1.1049 -30.3882 -23.6 .9737 -28.4805 -23.734 1.1039 -30.3708
4 15 -24.1855 1.9567 -36.0838 -24.182 1.9597 -36.0988 -24.175 1.9582 -36.0943 -24.175 1.9559 -36.0838
4 15 -23.475 1.1279 -30.7665 -23.461 1.128 -30.77 -23.447 1.126 -30.7422 -23.454 1.1253 -30.7318
4 15 -25.036 1.1656 -31.1518 -25.0045 1.1658 -31.1622 -24.9975 1.1652 -31.1552 -25.0325 1.1642 -31.1344
4 15 -25.5995 1.2925 -32.7032 -25.617 1.2896 -32.6859 -25.638 1.2997 -32.7275 -25.624 1.3035 -32.7484
3 15 -23.6 .9737 -28.4805 -23.335 1.1157 -30.6103 -23.3175 1.1157 -30.6138
3 15 -23.3175 1.1157 -30.6138 -23.286 1.1156 -30.6173 -23.6 .9737 -28.4805
4 15 -23.0935 1.1271 -30.8186 -23.0585 1.1279 -30.8359 -23.1075 1.1197 -30.7075 -23.1355 1.1208 -30.7179
4 15 -24.602 1.2628 -32.5713 -24.6055 1.2588 -32.5158 -24.6335 1.26 -32.5262 -24.623 1.2636 -32.5783
4 15 -23.237 1.1392 -30.9713 -23.2335 1.1401 -30.9852 -23.223 1.1381 -30.9574 -23.2335 1.1387 -30.9643
4 15 -23.6799 2.0574 -36.7152 -23.608 2.041 -36.6496 -23.734 1.9649 -36.2678 -23.7537 1.9728 -36.3019
3 15 -23.4799 2.0005 -36.4788 -23.482 1.9941 -36.4483 -23.734 1.9649 -36.2678
3 15 -23.3455 1.1706 -31.4156 -23.321 1.1682 -31.3843 -23.3315 1.1676 -31.3739
4 15 -24.672 1.1393 -30.8325 -24.6335 1.1383 -30.8186 -24.5495 1.1166 -30.5097 -24.5565 1.1164 -30.5062
4 15 -23.3455 1.1671 -31.3635 -23.363 1.1706 -31.4121 -23.3455 1.1706 -31.4156 -23.3315 1.1676 -31.3739
4 15 -23.3525 1.2036 -31.898 -23.342 1.2016 -31.8702 -23.356 1.2008 -31.8564 -23.37 1.2035 -31.8945
4 15 -25.3125 2.0147 -36.0838 -25.337 2.0158 -36.0838 -25.3335 2.0263 -36.1324 -25.3125 2.0237 -36.1255
4 15 -25.3685 2.0211 -36.1012 -25.3335 2.0263 -36.1324 -25.337 2.0158 -36.0838 -25.3545 2.0182 -36.0908
4 15 -23.9055 1.1725 -31.3496 -23.93 1.1733 -31.3566 -23.965 1.1751 -31.3774 -23.9475 1.1749 -31.3774
3 15 -26.0335 1.2711 -32.37 -25.9915 1.2653 -32.3006 -28.284 1.1168 -29.7746
3 15 -24.399 1.1086 -30.3986 -24.3815 1.1084 -30.3951 -24.161 1.101 -30.2945
3 15 -24.161 1.101 -30.2945 -24.1505 1.0996 -30.2736 -24.399 1.1086 -30.3986
4 15 -23.4225 1.1805 -31.5474 -23.412 1.1809 -31.5544 -23.3875 1.178 -31.5162 -23.4015 1.1784 -31.5197
3 15 -28.284 1.1168 -29.7746 -25.0815 1.1607 -31.0754 -25.071 1.159 -31.0546
4 15 -23.657 1.8223 -35.6049 -23.6605 1.8166 -35.5771 -23.699 1.8231 -35.6014 -23.6885 1.83 -35.6361
4 15 -22.6105 1.1564 -31.3288 -22.6 1.1572 -31.3427 -20 .9558 -28.4805 -22.586 1.1398 -31.0893
4 15 -23.1985 1.2578 -32.7206 -23.16 1.259 -32.7449 -23.1215 1.2506 -32.6269 -23.153 1.2512 -32.6304
3 15 -22.6 1.1572 -31.3427 -22.5965 1.1584 -31.36 -20 .9558 -28.4805
3 15 -23.6255 1.1084 -30.4541 -23.594 1.108 -30.4541 -23.6 .9737 -28.4805
4 15 -22.9395 1.1998 -31.9119 -22.9255 1.2023 -31.9501 -22.873 1.1889 -31.7626 -22.8975 1.1885 -31.7522
4 15 -23.5065 1.2353 -32.3388 -23.5205 1.2362 -32.3492 -23.5205 1.2369 -32.3596 -23.51 1.2373 -32.3666
4 15 -23.034 1.187 -31.7071 -23.069 1.1859 -31.6863 -23.1355 1.1909 -31.7488 -23.0935 1.1924 -31.7765
4 15 -23.979 1.1752 -31.3774 -23.965 1.1751 -31.3774 -23.93 1.1733 -31.3566 -23.9615 1.1741 -31.3635
3 15 -26.9975 2.9198 -39.8723 -24.4487 2.2782 -37.484 -24.4494 2.2714 -37.4528
3 15 -21.4051 1.2865 -33.4409 -21.41 1.2885 -33.4495 -20 1.2865 -33.6753
4 15 -24.182 1.9597 -36.0988 -24.1855 1.9567 -36.0838 -24.217 1.959 -36.0838 -24.203 1.9625 -36.1047
4 15 -23.1215 1.2612 -32.7831 -23.0865 1.2629 -32.8143 -23.0725 1.2503 -32.6304 -23.09 1.2502 -32.6269
4 15 -22.922 1.1696 -31.4711 -22.95 1.1697 -31.4676 -22.9605 1.1762 -31.5613 -22.936 1.1783 -31.596
4 15 -22.922 1.2396 -32.4985 -22.901 1.2398 -32.5054 -22.845 1.2325 -32.4082 -22.859 1.232 -32.3978
3 15 -23.258 2.0148 -36.5837 -23.237 2.0111 -36.5698 -23.223 2.007 -36.5524
4 15 -23.272 2.0131 -36.5732 -23.258 2.0148 -36.5837 -23.223 2.007 -36.5524 -23.2489 2.0085 -36.5552
4 15 -25.05 1.2198 -31.8876 -25.078 1.1752 -31.2733 -25.092 1.1739 -31.2524 -28.284 1.1168 -29.7746
4 15 -22.95 1.1881 -31.7383 -22.971 1.1879 -31.7314 -23.013 1.1948 -31.8251 -22.9815 1.1963 -31.8529
3 15 -20 2.594 -39.8723 -21.963 1.7547 -35.5667 -21.984 1.751 -35.5459
4 15 -23.391 1.1813 -31.5648 -23.37 1.1816 -31.5717 -23.335 1.1788 -31.537 -23.349 1.178 -31.5232
4 15 -22.005 1.7444 -35.5112 -22.18 1.7638 -35.5736 -20 2.594 -39.8723 -21.984 1.751 -35.5459
4 15 -26.149 1.3279 -32.7449 -26.121 1.3175 -32.7032 -26.1805 1.3241 -32.7206 -26.198 1.3317 -32.7518
4 15 -22.8625 1.1824 -31.6689 -22.831 1.1837 -31.6932 -22.817 1.1708 -31.5058 -22.831 1.1705 -31.4989
4 15 -23.657 1.9373 -36.1498 -23.7305 1.9377 -36.1394 -23.727 1.9471 -36.1845 -23.566 1.9707 -36.3233
4 15 -22.614 1.6516 -34.9697 -22.6665 1.6491 -34.9489 -22.677 1.6538 -34.9697 -22.607 1.6572 -34.9975
4 15 -24.028 1.1328 -30.7526 -24.0175 1.1333 -30.7596 -24.007 1.1318 -30.7387 -24.021 1.1311 -30.7283
4 15 -23.44 1.5467 -34.3345 -23.468 1.5491 -34.3415 -23.405 1.5542 -34.3762 -23.391 1.5508 -34.3623
3 15 -22.873 1.2652 -32.8837 -22.852 1.2643 -32.8733 -22.8275 1.2631 -32.8594
3 15 -22.8275 1.2631 -32.8594 -22.8415 1.2417 -32.5436 -22.873 1.2652 -32.8837
4 15 -23.972 1.2205 -32.0438 -24.0315 1.2203 -32.0299 -24.063 1.2235 -32.0715 -24 1.2232 -32.0785
4 15 -24.9205 1.2621 -32.4915 -24.8575 1.2587 -32.4603 -24.9835 1.1795 -31.3531 -24.9905 1.1778 -31.3288
3 15 -28.284 1.1168 -29.7746 -25.106 1.1672 -31.1587 -25.1025 1.1654 -31.1344
4 15 -26.226 1.4388 -33.2378 -26.282 1.4339 -33.203 -26.296 1.4459 -33.2551 -26.2925 1.4518 -33.2829
4 15 -24.0105 1.1415 -30.8776 -24.014 1.1403 -30.8602 -24.0595 1.1433 -30.9019 -24.049 1.1437 -30.9088
4 15 -24.8365 1.1677 -31.2247 -24.819 1.1707 -31.2698 -24.798 1.1696 -31.2594 -24.8225 1.167 -31.2177
3 15 -22.593 1.7475 -35.4279 -22.649 1.7664 -35.5077 -22.432 1.7778 -35.5979
3 15 -22.544 1.7268 -35.3376 -22.593 1.7475 -35.4279 -22.432 1.7778 -35.5979
3 15 -22.432 1.7778 -35.5979 -22.439 1.7743 -35.5806 -22.544 1.7268 -35.3376
3 15 -24.707 1.9684 -36.004 -24.6545 1.9674 -36.011 -24.525 1.9627 -36.0179
4 15 -26.303 1.5128 -33.5605 -26.317 1.5187 -33.5848 -26.163 1.5325 -33.682 -26.177 1.5128 -33.5883
4 15 -26.156 1.5435 -33.7341 -26.163 1.5325 -33.682 -26.317 1.5187 -33.5848 -26.338 1.5265 -33.6161
3 15 -21.424 1.2528 -32.9427 -21.452 1.2578 -33.0121 -21.368 1.2682 -33.1787
4 15 -23.37 1.2035 -31.8945 -23.356 1.2008 -31.8564 -23.3735 1.2 -31.8425 -23.3875 1.2035 -31.8911
4 15 -22.446 1.7409 -35.4209 -22.495 1.6855 -35.1502 -22.509 1.705 -35.2404 -22.453 1.7514 -35.4695
4 15 -23.3875 1.1997 -31.8355 -23.4015 1.2034 -31.8876 -23.3875 1.2035 -31.8911 -23.3735 1.2 -31.8425
3 15 -25.743 1.724 -34.6539 -25.7675 1.7229 -34.6434 -26.9975 2.9198 -39.8723
3 15 -26.226 1.4388 -33.2378 -26.2225 1.4281 -33.1892 -26.247 1.4111 -33.1059
3 15 -26.9975 2.9198 -39.8723 -25.7675 1.7229 -34.6434 -25.799 1.7176 -34.6122
4 15 -23.1145 1.2283 -32.3006 -23.1005 1.2288 -32.311 -22.971 1.2271 -32.3076 -23.0025 1.2268 -32.2972
3 15 -26.9975 2.9198 -39.8723 -26.6355 1.5694 -33.748 -26.646 1.5677 -33.7376
3 15 -24.2149 2.2044 -37.2119 -24.352 1.9999 -36.2267 -24.2499 2.2119 -37.2348
4 15 -23.0515 1.1723 -31.4884 -23.0165 1.1733 -31.5093 -23.006 1.1694 -31.4537 -23.034 1.169 -31.4433
4 15 -23.153 1.979 -36.4316 -20 2.594 -39.8723 -23.258 1.9233 -36.1498 -23.181 1.966 -36.365
3 15 -24.352 1.8442 -35.5114 -24.3325 1.7415 -35.0461 -24.3395 1.7284 -34.9836
3 15 -23.258 1.9233 -36.1498 -23.251 1.9406 -36.2331 -23.181 1.966 -36.365
4 15 -24.7 1.1655 -31.2073 -24.672 1.1662 -31.2177 -24.6615 1.1657 -31.2108 -24.6965 1.1642 -31.1899
3 15 -24.9065 2.0285 -36.2366 -26.9975 2.9198 -39.8723 -24.8806 2.0277 -36.2386
3 15 -22.39 1.2865 -33.2766 -21.991 1.2793 -33.2371 -21.984 1.2724 -33.1371
4 15 -23.4505 1.2375 -32.3805 -23.4575 1.2364 -32.3631 -23.468 1.2358 -32.3527 -23.468 1.2377 -32.3805
3 15 -23.3945 1.1128 -30.5583 -23.6 .9737 -28.4805 -23.412 1.1118 -30.5409
4 15 -26.576 1.5454 -33.6508 -26.5655 1.5434 -33.6438 -26.5585 1.5393 -33.6265 -26.5865 1.5452 -33.6473
4 15 -26.5515 1.5337 -33.6022 -26.5935 1.5425 -33.6334 -26.5865 1.5452 -33.6473 -26.5585 1.5393 -33.6265
4 15 -25.6205 1.4469 -33.4078 -25.631 1.4353 -33.3523 -25.652 1.4341 -33.3419 -25.638 1.4455 -33.3974
4 15 -24.483 1.9811 -36.1116 -24.455 1.9813 -36.1186 -24.4445 1.9717 -36.0769 -24.4725 1.9723 -36.0734
4 15 -25.631 1.288 -32.6755 -25.6485 1.2866 -32.6651 -25.6555 1.2937 -32.6963 -25.6485 1.2964 -32.7102
3 15 -24.3255 1.1131 -30.4645 -24.315 1.1129 -30.4611 -24.3115 1.1121 -30.4507
4 15 -23.0865 1.2629 -32.8143 -23.0585 1.2647 -32.8455 -23.0375 1.2508 -32.6442 -23.0725 1.2503 -32.6304
4 15 -24.3395 1.1134 -30.468 -24.3255 1.1131 -30.4645 -24.3115 1.1121 -30.4507 -24.315 1.1117 -30.4437
3 15 -25.2985 2.02 -36.1116 -25.288 2.0165 -36.0977 -25.2915 2.0144 -36.0873
4 15 -23.0095 1.2512 -32.6546 -22.9815 1.2667 -32.8872 -22.957 1.2667 -32.8907 -22.9955 1.2515 -32.6616
3 15 -22.957 1.2667 -32.8907 -22.9745 1.252 -32.672 -22.9955 1.2515 -32.6616
3 15 -26.9975 2.9198 -39.8723 -24.4494 2.2714 -37.4528 -24.4375 2.2633 -37.418
4 15 -22.6 1.1598 -31.3808 -22.677 1.1902 -31.8147 -22.67 1.1911 -31.8286 -21.5255 1.2284 -32.5679
3 15 -20 .9558 -28.4805 -21.34 1.2707 -33.2204 -21.34 1.2764 -33.3037
3 15 -21.34 1.2764 -33.3037 -20 1.2865 -33.6753 -20 .9558 -28.4805
4 15 -23.2195 1.1853 -31.6516 -23.2125 1.1861 -31.6655 -23.1565 1.1846 -31.6516 -23.1775 1.1841 -31.6412
4 15 -25.8305 1.2663 -32.3492 -25.8445 1.2645 -32.3214 -25.855 1.2651 -32.3284 -25.848 1.2666 -32.3492
4 15 -23.0305 1.2172 -32.1514 -22.9955 1.2182 -32.1722 -22.9325 1.2113 -32.082 -22.964 1.2103 -32.0611
4 15 -23.461 1.2199 -32.1201 -23.454 1.2213 -32.141 -23.4435 1.2216 -32.1479 -23.447 1.2193 -32.1132
3 15 -23.391 1.222 -32.1618 -23.3945 1.2208 -32.1444 -23.4015 1.2202 -32.134
3 15 -23.496 1.1085 -30.4784 -23.6 .9737 -28.4805 -23.517 1.1083 -30.4715
4 15 -24.987 1.2662 -32.5332 -24.9205 1.2621 -32.4915 -24.9905 1.1778 -31.3288 -25.05 1.2198 -31.8876
4 15 -23.4785 1.2655 -32.7865 -23.482 1.266 -32.7935 -23.475 1.2666 -32.8039 -23.454 1.2673 -32.8178
4 15 -23.412 1.2196 -32.1236 -23.405 1.2219 -32.1583 -23.391 1.222 -32.1618 -23.4015 1.2202 -32.134
4 15 -23.0585 1.1279 -30.8359 -23.02 1.1291 -30.8602 -23.076 1.1189 -30.7006 -23.1075 1.1197 -30.7075
4 15 -24.1085 1.0968 -30.2355 -23.9685 1.1034 -30.3326 -23.9615 1.1022 -30.3153 -24.119 1.0954 -30.2146
4 15 -23.4365 1.1511 -31.1136 -23.426 1.1512 -31.1171 -23.419 1.1493 -31.0893 -23.433 1.1499 -31.0962
4 15 -23.3525 1.1818 -31.5787 -23.335 1.1819 -31.5822 -23.314 1.1804 -31.5648 -23.321 1.1796 -31.5509
3 15 -24.3325 1.7415 -35.0461 -24.352 1.8442 -35.5114 -24.322 1.7558 -35.1155
4 15 -25.0325 1.1642 -31.1344 -24.9975 1.1652 -31.1552 -24.987 1.1643 -31.1448 -25.029 1.1629 -31.1171
4 15 -24.7245 2.0138 -36.2088 -24.7665 2.0165 -36.2123 -24.791 2.0192 -36.2192 -26.9975 2.9198 -39.8723
4 15 -22.684 1.1676 -31.4815 -22.684 1.1686 -31.4954 -22.6315 1.1588 -31.36 -22.6385 1.1584 -31.3531
4 15 -22.404 1.6867 -35.171 -22.411 1.6767 -35.1224 -22.432 1.6716 -35.0947 -22.404 1.6969 -35.2196
4 15 -24.231 1.6238 -34.5393 -24.2135 1.624 -34.5463 -24.2135 1.6188 -34.522 -24.238 1.6153 -34.4977
4 15 -24.084 1.2258 -32.1028 -24.028 1.2259 -32.1132 -24 1.2232 -32.0785 -24.063 1.2235 -32.0715
3 15 -21.529 1.2315 -32.613 -21.5472 1.2333 -32.6359 -21.4205 1.244 -32.8143
4 15 -21.7355 1.4618 -34.2165 -21.7355 1.4764 -34.2859 -21.6795 1.4664 -34.2478 -21.683 1.4504 -34.1714
3 15 -23.6 .9737 -28.4805 -23.188 1.1147 -30.6207 -23.153 1.1143 -30.6207
4 15 -24.469 1.5997 -34.3623 -24.413 1.6068 -34.4074 -24.413 1.5894 -34.3276 -24.462 1.5804 -34.2755
4 15 -23.4155 1.2031 -31.8806 -23.405 1.1999 -31.8355 -23.4225 1.2001 -31.8355 -23.4295 1.2028 -31.8737
4 15 -22.831 1.1837 -31.6932 -22.81 1.1849 -31.714 -22.7925 1.1712 -31.5162 -22.817 1.1708 -31.5058
3 15 -24.259 1.2621 -32.6061 -24.245 1.2617 -32.6026 -24.2485 1.261 -32.5922
3 15 -20 .9558 -28.4805 -21.41 1.2448 -32.8282 -21.41 1.247 -32.8594
3 15 -25.7745 1.2626 -32.311 -25.764 1.2642 -32.3353 -25.764 1.2632 -32.3214
4 15 -23.552 1.1177 -30.6034 -23.538 1.1178 -30.6068 -23.524 1.1157 -30.5791 -23.531 1.1151 -30.5687
3 15 -26.471 1.4233 -33.1128 -28.284 1.2865 -32.0863 -26.52 1.4438 -33.1961
3 15 -26.52 1.4438 -33.1961 -26.499 1.4352 -33.1614 -26.471 1.4233 -33.1128
4 15 -24.21 1.1212 -30.5826 -24.196 1.1231 -30.6103 -24.189 1.1224 -30.5999 -24.1995 1.1217 -30.5895
3 15 -20 2.594 -39.8723 -21.5192 1.5183 -34.5206 -21.55 1.5365 -34.6018
3 15 -24.91 1.8375 -35.3584 -24.889 1.9748 -35.9936 -24.819 1.9715 -35.9936
3 15 -26.0615 1.5496 -33.7827 -26.051 1.5506 -33.7896 -26.044 1.5472 -33.7757
4 15 -22.2696 1.7261 -35.38 -22.2696 1.7165 -35.3348 -22.362 1.735 -35.407 -22.383 1.7475 -35.4626
3 15 -26.1315 1.3867 -33.0191 -26.1105 1.3812 -32.9983 -26.0895 1.3635 -32.9219
4 15 -26.149 1.3921 -33.0399 -26.1315 1.3867 -33.0191 -26.0895 1.3635 -32.9219 -26.163 1.3844 -33.0017
4 15 -23.3735 1.1613 -31.2733 -23.3595 1.158 -31.2281 -23.3735 1.1577 -31.2212 -23.3875 1.1612 -31.2698
4 15 -23.1005 1.156 -31.242 -23.076 1.1577 -31.2698 -23.0445 1.1561 -31.2524 -23.0655 1.1549 -31.2316
4 15 -25.435 1.4819 -33.6091 -25.498 1.4758 -33.5675 -25.9145 1.5531 -33.8313 -25.883 1.5667 -33.9007
4 15 -23.678 1.7037 -35.0391 -23.636 1.7154 -35.1016 -23.58 1.6922 -35.0009 -23.622 1.6812 -34.9419
4 15 -22.9885 1.1626 -31.3566 -22.9675 1.1635 -31.3739 -22.964 1.1585 -31.301 -22.9815 1.1582 -31.2941
4 15 -22.9605 1.2523 -32.6789 -22.922 1.2663 -32.8907 -22.8975 1.2658 -32.8872 -22.9465 1.2524 -32.6824
4 15 -24.056 1.2283 -32.1444 -24.105 1.2282 -32.134 -24.126 1.2306 -32.1653 -24.084 1.2308 -32.1757
3 15 -21.9735 1.7316 -35.4556 -21.963 1.74 -35.4973 -20 2.594 -39.8723
4 15 -24.9625 1.1804 -31.3704 -24.9835 1.1795 -31.3531 -24.8575 1.2587 -32.4603 -24.805 1.2566 -32.4429
4 15 -24.196 1.1384 -30.829 -24.1715 1.14 -30.8533 -24.161 1.1398 -30.8498 -24.189 1.1376 -30.8186
3 15 -23.1425 1.3004 -33.2169 -23.3385 1.4252 -33.7757 -23.125 1.3012 -33.2239
4 15 -25.757 1.7027 -34.5532 -25.7395 1.6966 -34.5289 -25.7535 1.692 -34.5046 -25.771 1.7034 -34.5532
3 15 -23.4435 1.2105 -31.9848 -23.454 1.2116 -31.9987 -23.4435 1.2119 -32.0056
3 15 -23.4435 1.2119 -32.0056 -23.4295 1.2122 -32.0125 -23.4435 1.2105 -31.9848
4 15 -24.294 1.1257 -30.645 -24.252 1.1215 -30.586 -24.2695 1.1213 -30.5826 -24.3255 1.1267 -30.6589
4 15 -23.6799 2.0574 -36.7152 -23.839 1.9867 -36.3372 -23.965 1.9913 -36.3164 -23.783 2.0854 -36.8093
4 15 -23.0445 1.2464 -32.5783 -23.0165 1.2477 -32.6026 -23.055 1.2425 -32.5193 -23.083 1.2419 -32.5054
4 15 -23.4015 1.4582 -33.9215 -23.4155 1.4557 -33.9076 -23.4295 1.4584 -33.918 -23.4155 1.4594 -33.925
4 15 -22.7855 1.1874 -31.7557 -22.7715 1.1882 -31.7696 -22.7155 1.1703 -31.5162 -22.7365 1.1708 -31.5197
4 15 -23.321 1.1796 -31.5509 -23.335 1.1788 -31.537 -23.37 1.1816 -31.5717 -23.3525 1.1818 -31.5787
4 15 -24.9905 1.1778 -31.3288 -25.0185 1.1745 -31.2767 -25.0605 1.1754 -31.2802 -25.05 1.2198 -31.8876
3 15 -23.1635 1.2989 -33.2065 -23.3385 1.4252 -33.7757 -23.1425 1.3004 -33.2169
3 15 -28.284 1.1168 -29.7746 -25.8305 1.2561 -32.2104 -25.792 1.2557 -32.2139
3 15 -23.8425 1.1628 -31.2177 -23.846 1.1631 -31.2212 -23.8495 1.1636 -31.2281
4 15 -23.321 1.2777 -32.9913 -23.2825 1.2784 -33.0087 -23.342 1.2753 -32.9531 -23.363 1.2753 -32.9497
3 15 -24.098 1.1114 -30.4437 -24.07 1.112 -30.4541 -24.1715 1.1049 -30.35
3 15 -24.1715 1.1049 -30.35 -24.126 1.1104 -30.4298 -24.098 1.1114 -30.4437
4 15 -23.3385 1.1613 -31.2802 -23.335 1.1594 -31.2524 -23.349 1.1586 -31.2385 -23.3595 1.1613 -31.2767
3 15 -23.307 1.1917 -31.7314 -23.328 1.1934 -31.7522 -23.3 1.193 -31.7522
4 15 -26.1 1.4056 -33.1128 -26.0965 1.4092 -33.1302 -26.0825 1.4078 -33.1267 -26.072 1.4043 -33.1128
4 15 -22.544 1.7268 -35.3376 -22.453 1.7617 -35.5181 -22.453 1.7514 -35.4695 -22.509 1.705 -35.2404
4 15 -25.855 1.2919 -32.6442 -25.8865 1.2934 -32.6442 -25.904 1.2973 -32.6581 -25.9215 1.3064 -32.6963
4 15 -23.3105 1.2534 -32.6373 -23.3525 1.2532 -32.6269 -23.3875 1.2555 -32.6546 -23.335 1.2565 -32.6789
4 15 -24.434 1.1087 -30.3986 -24.553 1.1156 -30.4958 -24.539 1.1151 -30.4888 -24.434 1.1094 -30.409
4 15 -23.0725 1.2451 -32.554 -23.0445 1.2464 -32.5783 -23.083 1.2419 -32.5054 -23.111 1.241 -32.488
4 15 -23.496 1.2456 -32.4915 -23.503 1.2445 -32.4742 -23.51 1.2441 -32.4672 -23.51 1.2458 -32.4915
4 15 -24.413 1.6068 -34.4074 -24.357 1.6132 -34.4491 -24.3605 1.5982 -34.3797 -24.413 1.5894 -34.3276
4 15 -24.8785 1.173 -31.2871 -24.882 1.1697 -31.242 -24.9065 1.1706 -31.249 -24.9135 1.1743 -31.2975
4 15 -25.288 1.3585 -33.0746 -25.295 1.3528 -33.0469 -25.302 1.3569 -33.0642 -25.302 1.3607 -33.0816
4 15 -26.0615 1.2838 -32.5366 -26.0825 1.2854 -32.554 -26.037 1.2846 -32.554 -26.0405 1.2832 -32.5332
4 15 -23.209 1.1232 -30.7422 -23.223 1.1239 -30.7492 -23.202 1.126 -30.7839 -23.167 1.1261 -30.7908
4 15 -25.211 1.5074 -33.7757 -25.281 1.5047 -33.748 -25.827 1.6132 -34.1263 -25.82 1.6174 -34.1471
4 15 -23.4645 1.4472 -33.859 -23.489 1.4437 -33.8382 -23.517 1.4498 -33.8625 -23.482 1.4537 -33.8868
3 15 -26.184 1.4043 -33.0885 -26.205 1.3978 -33.0538 -26.2155 1.4187 -33.1475
3 15 -26.2155 1.4187 -33.1475 -26.198 1.411 -33.1163 -26.184 1.4043 -33.0885
4 15 -25.0045 1.1658 -31.1622 -25.036 1.1656 -31.1518 -25.0325 1.1663 -31.1622 -25.0115 1.1664 -31.1691
4 15 -23.174 1.1661 -31.3774 -23.195 1.1663 -31.3774 -23.237 1.1696 -31.419 -23.209 1.17 -31.4294
3 15 -23.034 1.1182 -30.6971 -22.957 1.1313 -30.9019 -22.929 1.1319 -30.9158
4 15 -26.1665 1.3332 -32.7657 -26.149 1.3279 -32.7449 -26.198 1.3317 -32.7518 -26.2015 1.3357 -32.7692
3 15 -23.7585 2.1002 -36.8856 -23.7725 2.1065 -36.9099 -23.741 2.1057 -36.9169
4 15 -25.4735 1.3568 -33.026 -25.4805 1.3662 -33.0677 -25.463 1.3669 -33.0746 -25.4525 1.3596 -33.0434
4 15 -23.3525 1.1495 -31.1032 -23.3665 1.1489 -31.0928 -23.3805 1.1519 -31.1344 -23.3665 1.152 -31.1379
3 15 -24.352 2.2546 -37.3969 -24.352 2.2619 -37.4305 -24.3388 2.262 -37.4354
3 15 -24.352 1.8442 -35.5114 -24.273 1.79 -35.289 -24.2905 1.7792 -35.2335
3 15 -24.427 1.2595 -32.5609 -24.42 1.2551 -32.4985 -24.455 1.255 -32.495
4 15 -24.4646 1.255 -32.495 -24.4489 1.2594 -32.5582 -24.427 1.2595 -32.5609 -24.455 1.255 -32.495
4 15 -24.4025 1.2597 -32.5644 -24.385 1.2556 -32.5054 -24.42 1.2551 -32.4985 -24.427 1.2595 -32.5609
4 15 -22.936 1.1584 -31.3045 -22.964 1.1585 -31.301 -22.9675 1.1635 -31.3739 -22.9465 1.164 -31.3843
3 15 -23.6659 1.2865 -33.0638 -23.496 1.2827 -33.0364 -23.5275 1.2824 -33.026
4 15 -21.963 1.5892 -34.7823 -22.019 1.5897 -34.7753 -22.0155 1.5939 -34.7962 -21.991 1.5945 -34.8031
3 15 -22.39 1.2865 -33.2766 -22.803 1.2647 -32.8872 -22.831 1.2662 -32.9045
4 15 -24.049 1.1096 -30.4194 -24.028 1.1127 -30.4645 -24 1.1124 -30.4611 -24.021 1.1093 -30.416
4 15 -23.9685 1.1061 -30.3708 -24.0805 1.0997 -30.2771 -24.0595 1.1014 -30.3014 -23.958 1.1073 -30.3882
4 15 -23.888 1.7177 -35.0704 -23.8635 1.7198 -35.0842 -23.8495 1.7171 -35.0738 -23.853 1.7128 -35.053
3 15 -28.284 1.1168 -29.7746 -25.0955 1.1632 -31.1066 -25.0815 1.1607 -31.0754
4 15 -26.5095 1.4607 -33.2759 -26.4815 1.4593 -33.2759 -26.471 1.4543 -33.2551 -26.5095 1.4546 -33.2482
3 15 -22.607 1.1601 -31.3843 -22.705 1.1896 -31.8008 -22.691 1.1899 -31.8078
4 15 -24.8225 1.167 -31.2177 -24.798 1.1696 -31.2594 -24.791 1.1688 -31.249 -24.7945 1.1673 -31.2281
3 15 -23.769 1.102 -30.3361 -23.6 .9737 -28.4805 -23.79 1.1013 -30.3222
4 15 -24.0526 1.162 -31.1701 -24.0632 1.1664 -31.233 -24.0595 1.166 -31.2281 -24.042 1.1613 -31.1622
4 15 -24.3094 2.2582 -37.4278 -24.352 2.2546 -37.3969 -24.3388 2.262 -37.4354 -24.3199 2.2602 -37.4333
3 15 -23.6659 1.2865 -33.0638 -23.447 1.2826 -33.0434 -23.496 1.2827 -33.0364
4 15 -23.6659 1.2865 -33.0638 -23.5275 1.2824 -33.026 -23.5695 1.2807 -32.9948 -23.6605 1.2832 -33.0156
3 15 -20 1.2865 -33.6753 -21.382 1.2835 -33.4009 -21.4051 1.2865 -33.4409
4 15 -24.2854 1.2588 -32.5536 -24.2926 1.2618 -32.5961 -24.273 1.262 -32.6026 -24.2765 1.2592 -32.5609
4 15 -24.3563 2.2576 -37.4097 -24.3556 2.2618 -37.4291 -24.352 2.2619 -37.4305 -24.352 2.2546 -37.3969
3 15 -23.209 1.2773 -33.0052 -23.23 1.2766 -32.9913 -23.181 1.2855 -33.1302
4 15 -23.17 1.2865 -33.1465 -22.39 1.2865 -33.2766 -22.8975 1.2686 -32.9288 -23.118 1.2808 -33.0712
3 15 -23.132 1.2805 -33.0642 -23.153 1.2795 -33.0469 -23.181 1.2855 -33.1302
3 15 -23.17 1.2865 -33.1465 -23.167 1.2873 -33.151 -22.39 1.2865 -33.2766
3 15 -22.39 1.2865 -33.2766 -23.153 1.2905 -33.1683 -23.139 1.2929 -33.1822
4 15 -23.321 1.2845 -33.092 -23.3525 1.2837 -33.0746 -23.384 1.2831 -33.0607 -23.6659 1.2865 -33.0638
3 15 -24.217 1.8162 -35.4279 -24.352 1.8442 -35.5114 -24.1505 1.8416 -35.5667
4 15 -24.3325 1.6569 -34.6573 -24.352 1.6548 -34.6413 -24.3395 1.6891 -34.8031 -24.3325 1.6773 -34.751
3 15 -23.6 .9737 -28.4805 -23.9055 1.0961 -30.2285 -23.8958 1.0967 -30.2382
3 15 -22.39 1.2865 -33.2766 -23.1145 1.2957 -33.1996 -23.1075 1.2962 -33.203
3 15 -23.146 2.0013 -36.5385 -23.153 2.0162 -36.6079 -20 2.594 -39.8723
4 15 -24.1043 2.1678 -37.0807 -24.352 1.9999 -36.2267 -24.1442 2.1862 -37.1522 -24.1176 2.1749 -37.1091
3 15 -23.6115 2.0734 -36.8023 -23.524 2.041 -36.6635 -23.643 2.0679 -36.7711
3 15 -24.1505 1.8416 -35.5667 -24.352 1.8442 -35.5114 -24.098 1.8604 -35.6708
3 15 -23.776 2.1544 -37.1286 -23.79 2.1629 -37.1633 -23.1165 2.7037 -39.8723
3 15 -22.39 1.2865 -33.2766 -23.1075 1.2962 -33.203 -23.1005 1.2975 -33.21
3 15 -22.39 1.2865 -33.2766 -23.1005 1.2975 -33.21 -23.104 1.3005 -33.2239
3 15 -21.5003 1.2865 -33.425 -21.487 1.2853 -33.4092 -21.683 1.2865 -33.3945
3 15 -26.9975 2.9198 -39.8723 -25.5435 2.0484 -36.188 -25.54 2.0444 -36.1706
4 15 -23.202 2.0282 -36.6565 -23.3805 2.0579 -36.7676 -23.5275 2.0843 -36.8683 -20 2.594 -39.8723
4 15 -23.951 1.6906 -34.9315 -23.9888 1.7031 -34.9845 -23.888 1.7016 -34.994 -23.9195 1.6954 -34.9593
4 15 -21.613 1.3161 -33.5467 -21.55 1.3007 -33.4842 -21.6879 1.2994 -33.455 -21.69 1.3057 -33.4842
3 15 -24.0526 1.162 -31.1701 -24.056 1.1621 -31.1726 -24.0632 1.1664 -31.233
3 15 -23.188 1.278 -33.0191 -23.209 1.2773 -33.0052 -23.181 1.2855 -33.1302
3 15 -24.352 1.8442 -35.5114 -24.217 1.8162 -35.4279 -24.245 1.8031 -35.3584
3 15 -22.39 1.2865 -33.2766 -22.831 1.2662 -32.9045 -22.859 1.2674 -32.9184
4 15 -24.5985 1.2378 -32.2312 -24.5565 1.2335 -32.1826 -24.7735 1.1764 -31.3566 -24.812 1.178 -31.3704
3 15 -24.413 2.0004 -36.2157 -26.9975 2.9198 -39.8723 -24.352 1.9999 -36.2267
4 15 -24.357 1.6132 -34.4491 -24.352 1.6138 -34.4529 -24.352 1.5997 -34.3881 -24.3605 1.5982 -34.3797
4 15 -23.384 1.2831 -33.0607 -23.4085 1.2827 -33.0503 -23.447 1.2826 -33.0434 -23.6659 1.2865 -33.0638
3 15 -22.39 1.2865 -33.2766 -23.139 1.2929 -33.1822 -23.125 1.2947 -33.1926
4 15 -24.1442 2.1862 -37.1522 -24.352 1.9999 -36.2267 -24.2149 2.2044 -37.2119 -24.1813 2.1969 -37.189
3 15 -24.497 1.2555 -32.495 -24.525 1.2605 -32.5575 -24.49 1.26 -32.5575
3 15 -20 1.2865 -33.6753 -21.354 1.2794 -33.3453 -21.382 1.2835 -33.4009
3 15 -24.352 1.9764 -36.1187 -24.35 1.9762 -36.1186 -24.352 1.9688 -36.0838
4 15 -23.181 1.2855 -33.1302 -23.17 1.2865 -33.1465 -23.118 1.2808 -33.0712 -23.132 1.2805 -33.0642
3 15 -24.2854 1.2588 -32.5536 -24.294 1.2617 -32.5956 -24.2926 1.2618 -32.5961
4 15 -23.9528 2.2412 -37.4687 -24.352 2.7934 -39.8723 -23.1165 2.7037 -39.8723 -23.937 2.2363 -37.4514
4 15 -21.8125 1.2473 -32.797 -21.7775 1.2441 -32.7553 -22.775 1.2606 -32.8317 -22.7715 1.2615 -32.8455
3 15 -23.7537 1.9728 -36.3019 -23.762 1.9766 -36.3164 -23.6799 2.0574 -36.7152
3 15 -21.7775 1.2441 -32.7553 -21.746 1.2416 -32.7241 -22.775 1.2606 -32.8317
3 15 -26.9975 2.9198 -39.8723 -25.5365 2.0518 -36.2053 -25.5435 2.0484 -36.188
3 15 -24.352 2.238 -37.3208 -24.3276 2.231 -37.2966 -24.352 1.9999 -36.2267
3 15 -24.352 2.7934 -39.8723 -24.322 2.2786 -37.5173 -24.352 2.2798 -37.5126
4 15 -26.1105 1.6154 -34.0742 -26.1105 1.6048 -34.0256 -26.1175 1.5908 -33.9597 -26.9975 2.9198 -39.8723
3 15 -20 1.2865 -33.6753 -21.34 1.2764 -33.3037 -21.354 1.2794 -33.3453
3 15 -24.352 1.9552 -36.0214 -24.315 1.9525 -36.0214 -24.352 1.8442 -35.5114
4 15 -23.264 1.2865 -33.1308 -23.2895 1.2853 -33.1093 -23.321 1.2845 -33.092 -23.6659 1.2865 -33.0638
3 15 -24.0455 1.6806 -34.8621 -24.154 1.687 -34.8552 -24.119 1.6897 -34.8795
3 15 -24.0455 1.6806 -34.8621 -24.119 1.6897 -34.8795 -24.0875 1.6927 -34.9038
4 15 -24.189 1.6842 -34.8309 -24.154 1.687 -34.8552 -24.0455 1.6806 -34.8621 -24.098 1.6761 -34.8239
3 15 -26.1512 1.2865 -32.5544 -26.1035 1.2798 -32.4742 -28.284 1.2865 -32.0863
3 15 -21.9892 1.2865 -33.3435 -21.991 1.2855 -33.328 -22.39 1.2865 -33.2766
3 15 -24.352 1.8442 -35.5114 -24.0875 1.9352 -36.0179 -24.042 1.9304 -36.011
4 15 -23.629 1.3402 -33.3245 -23.2335 1.2897 -33.151 -23.671 1.2963 -33.1093 -23.6605 1.3208 -33.2273
4 15 -23.2335 1.2897 -33.151 -23.264 1.2865 -33.1308 -23.6659 1.2865 -33.0638 -23.671 1.2963 -33.1093
3 15 -23.951 1.6906 -34.9315 -23.9895 1.6861 -34.9038 -23.9888 1.7031 -34.9845
3 15 -26.9975 2.9198 -39.8723 -25.9425 1.6753 -34.3866 -25.9915 1.6543 -34.279
4 15 -23.489 1.3909 -33.5883 -23.202 1.2944 -33.1787 -23.587 1.3607 -33.4286 -23.545 1.3768 -33.5119
3 15 -23.1705 1.2788 -33.033 -23.188 1.278 -33.0191 -23.181 1.2855 -33.1302
3 15 -23.153 1.2795 -33.0469 -23.1705 1.2788 -33.033 -23.181 1.2855 -33.1302
4 15 -23.986 1.1351 -30.7873 -23.9825 1.1346 -30.7804 -23.9855 1.1341 -30.7714 -23.988 1.1351 -30.7863
3 15 -23.167 1.2873 -33.151 -23.153 1.2905 -33.1683 -22.39 1.2865 -33.2766
3 15 -24.352 1.9999 -36.2267 -24.28 2.2182 -37.2535 -24.2499 2.2119 -37.2348
3 15 -22.39 1.2865 -33.2766 -22.859 1.2674 -32.9184 -22.8975 1.2686 -32.9288
4 15 -23.9139 2.1991 -37.2882 -23.958 2.2174 -37.3577 -23.839 2.1831 -37.2396 -23.895 2.1947 -37.2743
3 15 -23.839 2.1831 -37.2396 -23.958 2.2174 -37.3577 -23.944 2.2217 -37.3819
3 15 -23.839 2.1831 -37.2396 -23.944 2.2217 -37.3819 -23.937 2.2265 -37.4062
4 15 -23.839 2.1831 -37.2396 -23.937 2.2265 -37.4062 -23.937 2.2363 -37.4514 -23.8145 2.176 -37.2153
3 15 -23.8145 2.176 -37.2153 -23.937 2.2363 -37.4514 -23.1165 2.7037 -39.8723
3 15 -28.284 1.2865 -32.0863 -26.6495 1.555 -33.6785 -26.6495 1.5489 -33.6508
3 15 -26.6495 1.5625 -33.7133 -26.6495 1.555 -33.6785 -28.284 1.2865 -32.0863
4 15 -24.714 1.1742 -31.3323 -24.7493 1.1752 -31.3463 -24.5445 1.2326 -32.1727 -24.5145 1.2308 -32.1479
4 15 -24.714 1.1742 -31.3323 -24.5145 1.2308 -32.1479 -24.4865 1.2288 -32.1201 -24.679 1.1739 -31.3288
4 15 -24.679 1.1739 -31.3288 -24.4865 1.2288 -32.1201 -24.4235 1.2239 -32.0507 -24.644 1.1739 -31.3288
3 15 -24.5495 1.1745 -31.3392 -24.5915 1.174 -31.3323 -24.644 1.1739 -31.3288
3 15 -24.644 1.1739 -31.3288 -24.4235 1.2239 -32.0507 -24.5495 1.1745 -31.3392
4 15 -24.5495 1.1745 -31.3392 -24.4235 1.2239 -32.0507 -24.455 1.1755 -31.3566 -24.504 1.1749 -31.3461
4 15 -24.455 1.1755 -31.3566 -24.4235 1.2239 -32.0507 -24.3605 1.2185 -31.9744 -24.406 1.1764 -31.3704
4 15 -24.406 1.1764 -31.3704 -24.3605 1.2185 -31.9744 -24.273 1.2092 -31.8425 -24.3465 1.1776 -31.3878
4 15 -24.3465 1.1776 -31.3878 -24.273 1.2092 -31.8425 -24.2275 1.2026 -31.7488 -24.322 1.1778 -31.3913
4 15 -24.322 1.1778 -31.3913 -24.2275 1.2026 -31.7488 -24.182 1.1955 -31.6481 -24.2975 1.178 -31.3947
3 15 -24.182 1.1955 -31.6481 -24.273 1.1782 -31.3982 -24.2975 1.178 -31.3947
3 15 -24.273 1.1782 -31.3982 -24.182 1.1955 -31.6481 -24.245 1.1781 -31.3982
3 15 -24.245 1.1781 -31.3982 -24.182 1.1955 -31.6481 -24.217 1.1781 -31.3982
4 15 -24.126 1.1874 -31.5336 -24.1085 1.1828 -31.4676 -24.112 1.1806 -31.4364 -24.182 1.1955 -31.6481
4 15 -24.112 1.1806 -31.4364 -24.119 1.1787 -31.4086 -24.126 1.178 -31.3982 -24.182 1.1955 -31.6481
3 15 -24.182 1.1955 -31.6481 -24.126 1.178 -31.3982 -24.14 1.1775 -31.3913
4 15 -24.14 1.1775 -31.3913 -24.1645 1.1773 -31.3878 -24.1855 1.1776 -31.3913 -24.182 1.1955 -31.6481
3 15 -24.182 1.1955 -31.6481 -24.1855 1.1776 -31.3913 -24.217 1.1781 -31.3982
3 15 -24.91 1.8375 -35.3584 -24.5355 1.6308 -34.4907 -24.6545 1.6123 -34.3797
4 15 -24.352 1.8442 -35.5114 -24.352 1.6548 -34.6413 -24.5355 1.6308 -34.4907 -24.91 1.8375 -35.3584
3 15 -24.91 1.8375 -35.3584 -25.323 2.0069 -36.0457 -25.246 1.9994 -36.0283
4 15 -24.831 1.5822 -34.2028 -25.393 2.0147 -36.0665 -25.323 2.0069 -36.0457 -24.91 1.8375 -35.3584
4 15 -24.772 1.5458 -34.0484 -24.7525 1.5505 -34.0742 -24.7 1.5367 -34.0222 -24.7436 1.5283 -33.9741
4 15 -24.763 1.5246 -33.9527 -24.805 1.5379 -34.0048 -24.772 1.5458 -34.0484 -24.7436 1.5283 -33.9741
3 15 -24.91 1.8375 -35.3584 -24.7945 1.5903 -34.2478 -24.831 1.5822 -34.2028
3 15 -24.831 1.5822 -34.2028 -25.463 2.0256 -36.1012 -25.393 2.0147 -36.0665
3 15 -25.463 2.0256 -36.1012 -24.831 1.5822 -34.2028 -25.498 2.0318 -36.122
3 15 -25.498 2.0318 -36.122 -24.831 1.5822 -34.2028 -25.526 2.0392 -36.1498
3 15 -25.526 2.0392 -36.1498 -24.831 1.5822 -34.2028 -25.54 2.0444 -36.1706
4 15 -25.624 1.6412 -34.2998 -24.831 1.5822 -34.2028 -24.924 1.5617 -34.0881 -25.6345 1.6349 -34.2686
3 15 -24.831 1.5822 -34.2028 -25.624 1.6412 -34.2998 -25.617 1.6507 -34.345
3 15 -24.831 1.5822 -34.2028 -25.624 1.6412 -34.2998 -25.6135 1.6634 -34.404
3 15 -24.831 1.5822 -34.2028 -25.6135 1.6634 -34.404 -25.617 1.6772 -34.4664
3 15 -24.831 1.5822 -34.2028 -25.617 1.6772 -34.4664 -25.6275 1.6905 -34.5254
3 15 -24.831 1.5822 -34.2028 -25.6345 1.6976 -34.5567 -25.645 1.7042 -34.5844
3 15 -24.831 1.5822 -34.2028 -25.645 1.7042 -34.5844 -25.666 1.7127 -34.6191
3 15 -25.715 1.7226 -34.6539 -26.9975 2.9198 -39.8723 -25.6905 1.7184 -34.64
3 15 -25.6905 1.7184 -34.64 -26.9975 2.9198 -39.8723 -25.666 1.7127 -34.6191
4 15 -25.54 2.0444 -36.1706 -24.831 1.5822 -34.2028 -25.666 1.7127 -34.6191 -26.9975 2.9198 -39.8723
4 15 -22.691 1.1899 -31.8078 -22.677 1.1902 -31.8147 -22.6 1.1598 -31.3808 -22.607 1.1601 -31.3843
3 15 -22.5965 1.1591 -31.3704 -22.6 1.1598 -31.3808 -21.5255 1.2284 -32.5679
4 15 -21.508 1.2285 -32.5713 -20 .9558 -28.4805 -22.5965 1.1591 -31.3704 -21.5255 1.2284 -32.5679
4 15 -24.9975 2.0261 -36.2053 -25.0255 2.0282 -36.2088 -25.0465 2.0314 -36.2192 -24.9695 2.0262 -36.2123
4 15 -25.0465 2.0314 -36.2192 -25.071 2.0364 -36.2366 -24.952 2.0269 -36.2192 -24.9695 2.0262 -36.2123
4 15 -25.071 2.0364 -36.2366 -25.092 2.0434 -36.2643 -24.9275 2.0288 -36.2331 -24.952 2.0269 -36.2192
4 15 -25.092 2.0434 -36.2643 -25.106 2.0501 -36.2921 -24.9065 2.0285 -36.2366 -24.9275 2.0288 -36.2331
4 15 -25.1305 2.0581 -36.3233 -26.9975 2.9198 -39.8723 -24.9065 2.0285 -36.2366 -25.106 2.0501 -36.2921
3 15 -21.9994 1.6317 -34.978 -21.998 1.6358 -34.9975 -21.963 1.6287 -34.9697
4 15 -21.921 1.6236 -34.9524 -21.963 1.6287 -34.9697 -21.998 1.6358 -34.9975 -21.977 1.6453 -35.0461
4 15 -21.977 1.6453 -35.0461 -21.963 1.6536 -35.0877 -21.83 1.6116 -34.9107 -21.921 1.6236 -34.9524
4 15 -21.949 1.6663 -35.1502 -20 2.594 -39.8723 -21.83 1.6116 -34.9107 -21.963 1.6536 -35.0877
3 15 -24.831 1.5822 -34.2028 -25.6275 1.6905 -34.5254 -25.6345 1.6976 -34.5567
3 15 23.678 2.2319 -37.5173 24.352 2.7934 -39.8723 23.79 2.2415 -37.5243
4 15 24.791 1.2584 -32.4707 24.763 1.2585 -32.4776 24.7455 1.2605 -32.5089 24.8015 1.2617 -32.5123
4 15 25.554 1.8819 -35.4209 25.505 1.8206 -35.1502 25.491 1.8396 -35.2404 25.547 1.8922 -35.4695
4 15 26.5795 1.3635 -32.8143 26.4528 1.3186 -32.6359 26.415 1.3232 -32.6651 26.5585 1.3625 -32.8143
4 15 25.302 1.9054 -35.584 25.5785 1.9239 -35.6083 25.568 1.9211 -35.5979 25.351 1.8911 -35.5077
4 15 24.553 1.3166 -33.0434 24.504 1.3127 -33.0364 24.352 1.3554 -33.2659 24.371 1.3691 -33.3245
4 15 25.3055 1.163 -31.0581 25.2845 1.1619 -31.0476 25.134 1.171 -31.2038 25.162 1.1717 -31.2073
4 15 25.953 1.8723 -35.289 25.946 1.8583 -35.2265 25.89 1.8572 -35.2335 25.8935 1.8724 -35.3029
4 15 22.2395 1.2455 -32.6998 22.0435 1.2601 -32.9462 22.0925 1.2609 -32.9497 22.278 1.2504 -32.7657
3 15 22.95 1.1983 -31.8876 23.0935 1.1659 -31.3878 23.0655 1.1651 -31.3808
3 15 25.414 1.1666 -31.0824 28 1.0172 -28.4805 25.4035 1.1656 -31.0719
4 15 23.888 1.1782 -31.4364 23.881 1.1763 -31.4086 23.874 1.1755 -31.3982 22.95 1.1983 -31.8876
4 15 25.5855 1.9552 -35.7506 25.6135 1.9452 -35.6986 25.1809 1.9232 -35.6923 25.0101 1.9442 -35.8263
4 15 21.7875 1.2865 -33.3771 21.781 1.2824 -33.3176 21.697 1.2812 -33.3141 21.655 1.2847 -33.3731
4 15 21.8335 1.2657 -33.0642 21.837 1.2615 -33.0017 21.795 1.2646 -33.0538 21.816 1.2672 -33.0885
3 15 23.6675 1.7048 -35.0461 23.09 1.7504 -35.3584 23.678 1.7198 -35.1155
4 15 22.8275 1.4094 -33.7861 22.789 1.4059 -33.7757 22.18 1.4628 -34.1471 22.194 1.4662 -34.161
3 15 28.284 1.2865 -32.0863 26.66 1.4739 -33.3037 26.646 1.4823 -33.3453
3 15 26.1875 1.341 -32.797 25.61 1.4328 -33.3453 26.1315 1.355 -32.8733
4 15 25.848 1.9171 -35.5181 25.82 1.9279 -35.5736 25.995 1.9226 -35.5112 25.974 1.9126 -35.4695
4 15 24.875 1.1553 -31.0476 24.9275 1.1521 -30.9921 24.8785 1.1503 -30.9782 24.8435 1.1535 -31.0303
4 15 23.867 1.0941 -30.2042 23.566 1.1039 -30.3986 23.5765 1.104 -30.3986 23.86 1.0952 -30.2216
4 15 24.843 1.149 -30.9686 24.8291 1.1529 -31.0246 24.8435 1.1535 -31.0303 24.8785 1.1503 -30.9782
4 15 24.8505 1.1842 -31.4468 24.882 1.1855 -31.4572 24.8995 1.182 -31.4051 24.868 1.1804 -31.3913
3 15 22.95 1.1983 -31.8876 23.0375 1.1641 -31.3704 23.0165 1.1627 -31.3531
4 15 22.2325 1.5693 -34.6434 20 1.2865 -33.6753 22.607 1.8828 -36.0665 22.677 1.8808 -36.0457
3 15 20 .9558 -28.4805 22.9605 1.1381 -31.0025 22.978 1.1367 -30.9782
3 15 20 1.2865 -33.6753 22.537 1.8876 -36.1012 22.607 1.8828 -36.0665
4 15 23.6605 1.1097 -30.468 23.657 1.1075 -30.4368 23.6395 1.1071 -30.4333 23.6255 1.1093 -30.468
3 15 20 1.2865 -33.6753 22.502 1.8908 -36.122 22.537 1.8876 -36.1012
4 15 24.756 1.9873 -36.0804 24.742 2.0018 -36.1498 25.5995 2.0057 -35.9797 25.5715 2.0006 -35.9624
4 15 24.868 1.2003 -31.662 24.8435 1.1992 -31.6516 24.7875 1.1993 -31.6655 24.8085 1.2016 -31.6932
3 15 24.238 2.0111 -36.3164 24.352 2.0424 -36.4223 24.266 2.0026 -36.2678
4 15 21.837 1.3526 -33.682 21.823 1.3323 -33.5883 21.697 1.322 -33.5605 21.683 1.3267 -33.5848
4 15 24.903 1.2518 -32.3562 24.882 1.251 -32.3492 24.9555 1.2568 -32.4117 24.9835 1.2585 -32.429
4 15 26.31 1.4965 -33.4842 26.513 1.4898 -33.4092 26.548 1.4776 -33.3453 26.3121 1.4902 -33.455
4 15 22.8625 1.4121 -33.7931 22.8275 1.4094 -33.7861 22.194 1.4662 -34.161 22.222 1.4716 -34.1818
4 15 24.868 1.1804 -31.3913 24.847 1.1796 -31.3843 24.8225 1.183 -31.4364 24.8505 1.1842 -31.4468
3 15 23.9916 1.6999 -34.9686 24.0041 1.6856 -34.899 23.958 1.6931 -34.9419
4 15 21.8825 1.4128 -33.9597 21.8685 1.4042 -33.9215 21.515 1.3464 -33.7063 21.431 1.3507 -33.741
3 15 20 .9558 -28.4805 23.111 1.1318 -30.8845 23.1915 1.1323 -30.8776
4 15 23.846 1.6562 -34.7858 23.804 1.6488 -34.758 23.748 1.6534 -34.7892 23.7725 1.658 -34.8066
4 15 21.781 1.2382 -32.6685 20 1.2865 -33.6753 21.529 1.2656 -33.1128 21.641 1.2546 -32.9323
4 15 23.272 1.2364 -32.3943 23.328 1.2333 -32.3388 22.95 1.1983 -31.8876 23.23 1.2383 -32.429
4 15 24.6475 1.3279 -33.0746 24.616 1.3234 -33.0607 24.455 1.4139 -33.5119 24.511 1.4332 -33.5883
4 15 24.8645 1.2423 -32.2347 24.847 1.2415 -32.2277 24.819 1.2416 -32.2347 24.8225 1.2424 -32.2451
4 15 25.043 1.2192 -31.8806 25.0605 1.2218 -31.9119 25.1025 1.2107 -31.7522 25.0745 1.2098 -31.7453
3 15 25.3475 1.1808 -31.2906 25.414 1.1671 -31.0893 25.3335 1.1798 -31.2802
3 15 26.5039 1.6926 -34.3429 28.284 1.2865 -32.0863 26.5018 1.6744 -34.2596
4 15 23.839 1.0999 -30.2945 23.6185 1.1043 -30.3951 23.6395 1.1043 -30.3917 23.825 1.1009 -30.3118
4 15 23.0515 1.1567 -31.2594 23.055 1.1598 -31.3045 23.0865 1.1597 -31.2975 23.0935 1.1564 -31.249
3 15 23.6 .9737 -28.4805 24.0315 1.1035 -30.3326 24.0385 1.1023 -30.3153
4 15 23.846 1.6708 -34.8552 23.9545 1.6761 -34.8621 23.902 1.6662 -34.8239 23.811 1.6645 -34.8309
3 15 22.95 1.1983 -31.8876 23.8915 1.1804 -31.4676 23.888 1.1782 -31.4364
4 15 21.851 1.2643 -33.0399 21.8685 1.263 -33.0191 21.9105 1.2569 -32.9219 21.837 1.2615 -33.0017
3 15 21.8685 1.263 -33.0191 21.8895 1.2619 -32.9983 21.9105 1.2569 -32.9219
4 15 24.7385 1.2744 -32.6998 24.8015 1.277 -32.7206 24.847 1.2711 -32.6304 24.777 1.2704 -32.6373
3 15 26.0755 1.3719 -32.9636 25.61 1.4328 -33.3453 26.0405 1.3889 -33.0493
4 15 21.8685 1.4042 -33.9215 21.858 1.3899 -33.8556 21.5815 1.3421 -33.6751 21.515 1.3464 -33.7063
4 15 24.8365 1.2436 -32.259 24.8505 1.2449 -32.2729 24.931 1.2457 -32.2659 24.8925 1.2438 -32.2486
4 15 24.352 2.7934 -39.8723 26.9975 2.9198 -39.8723 24.4725 2.1453 -36.8683 24.352 2.1658 -36.9889
4 15 25.2285 1.214 -31.7696 25.246 1.2153 -31.7835 25.3055 1.1959 -31.5058 25.2845 1.1963 -31.5162
4 15 24.581 1.4577 -33.6855 24.6615 1.4812 -33.7757 24.7105 1.3385 -33.1093 24.679 1.3332 -33.092
3 15 23.258 1.1318 -30.8602 23.286 1.1314 -30.8498 23.328 1.1307 -30.8325
4 15 25.673 1.9246 -35.591 25.582 1.9195 -35.5875 25.5785 1.9239 -35.6083 25.638 1.9365 -35.6535
3 15 20 1.2865 -33.6753 21.3505 1.3347 -33.6785 21.3505 1.3289 -33.6508
3 15 24.0041 1.6856 -34.899 23.881 1.6772 -34.8795 23.9125 1.6834 -34.9038
4 15 25.8585 1.8171 -35.0565 25.841 1.814 -35.0461 25.8305 1.8158 -35.0565 25.8795 1.8234 -35.0808
4 15 25.0745 1.2248 -31.9501 25.0885 1.2273 -31.9813 25.1515 1.2135 -31.78 25.127 1.2119 -31.7626
3 15 28.284 1.2865 -32.0863 26.4948 1.7134 -34.4401 26.4808 1.7302 -34.5206
4 15 26.2225 1.3336 -32.7553 25.225 1.3026 -32.8317 25.2285 1.3058 -32.8455 25.61 1.4328 -33.3453
3 15 22.95 1.1983 -31.8876 23.727 1.1738 -31.3982 23.7025 1.1733 -31.3947
4 15 24.7245 1.2592 -32.495 24.7245 1.2597 -32.5019 24.7455 1.2585 -32.4811 24.7315 1.2588 -32.488
3 15 25.757 1.9475 -35.6778 26.9975 2.9198 -39.8723 25.7885 1.9377 -35.6257
3 15 23.1915 1.1323 -30.8776 23.223 1.1322 -30.8706 23.258 1.1318 -30.8602
3 15 26.9975 2.9198 -39.8723 24.847 2.1065 -36.6079 24.833 2.1104 -36.6288
4 15 25.0465 1.2761 -32.6546 25.0605 1.2768 -32.6616 25.078 1.2699 -32.5644 25.0535 1.2693 -32.5609
4 15 23.1775 1.1553 -31.2177 23.202 1.1584 -31.2594 23.209 1.1578 -31.249 23.2055 1.1563 -31.2281
4 15 24.8015 1.2617 -32.5123 24.8365 1.2627 -32.5193 24.826 1.259 -32.4707 24.791 1.2584 -32.4707
3 15 23.23 1.2383 -32.429 22.95 1.1983 -31.8876 23.1425 1.2395 -32.4603
3 15 23.1425 1.2395 -32.4603 23.195 1.2389 -32.4429 23.23 1.2383 -32.429
4 15 23.951 1.1095 -30.4194 23.9248 1.1088 -30.4108 23.9323 1.1119 -30.455 23.9475 1.1124 -30.4611
4 15 24.7 1.273 -32.6894 24.7385 1.2744 -32.6998 24.777 1.2704 -32.6373 24.7245 1.2696 -32.6373
3 15 23.7632 1.9619 -36.2486 23.7501 2.1756 -37.2348 23.7851 2.1732 -37.2119
3 15 23.258 1.1318 -30.8602 20 .9558 -28.4805 23.1915 1.1323 -30.8776
3 15 20 .9558 -28.4805 22.9045 1.1446 -31.1066 22.9185 1.1426 -31.0754
3 15 24.9223 1.2865 -32.8241 25.0395 1.2777 -32.6789 25.0255 1.277 -32.672
4 15 25.092 1.2541 -32.3457 24.9345 1.2516 -32.3457 25.001 1.26 -32.4464 25.0255 1.2617 -32.4638
4 15 23.713 1.1153 -30.5409 23.7305 1.1183 -30.5826 23.741 1.1177 -30.5721 23.734 1.1157 -30.5444
4 15 24 1.1124 -30.4611 23.979 1.1092 -30.416 23.951 1.1095 -30.4194 23.972 1.1126 -30.4645
4 15 23.587 1.9488 -36.2157 23.503 1.9436 -36.2053 23.405 1.9394 -36.2019 20 2.594 -39.8723
3 15 23.8957 2.1526 -37.0807 23.7632 1.9619 -36.2486 23.8824 2.1579 -37.1091
4 15 25.596 1.9005 -35.4973 25.5855 1.9106 -35.5459 25.701 1.9116 -35.525 25.7255 1.8931 -35.4348
4 15 24.9765 1.1771 -31.3218 25.0115 1.1802 -31.3566 25.0185 1.1757 -31.2941 24.9975 1.1746 -31.2837
4 15 25.61 1.4328 -33.3453 25.806 1.7466 -34.7441 25.862 1.7425 -34.7129 25.918 1.7346 -34.6643
4 15 28.284 1.2865 -32.0863 26.464 1.5869 -33.866 26.471 1.6099 -33.9701 26.4899 1.6475 -34.1388
3 15 25.225 1.3094 -32.8629 25.61 1.4328 -33.3453 25.2285 1.3058 -32.8455
4 15 22.145 1.2407 -32.6442 22.1135 1.2403 -32.6442 22.096 1.2411 -32.6581 22.0785 1.2435 -32.6963
4 15 25.505 1.7345 -34.7545 25.519 1.7488 -34.817 25.652 1.7536 -34.81 25.61 1.4328 -33.3453
4 15 25.0185 1.3048 -32.8872 25.043 1.3067 -32.8907 25.078 1.3084 -32.8907 24.9223 1.2865 -32.8241
3 15 22.726 1.9419 -36.3268 20 2.594 -39.8723 22.775 1.9458 -36.3372
4 15 25.064 1.1693 -31.1969 25.0815 1.1699 -31.2004 25.2355 1.1596 -31.0268 25.2145 1.159 -31.0233
4 15 28 1.0172 -28.4805 25.309 1.1588 -30.9991 25.33 1.1604 -31.0164 25.3475 1.1617 -31.0303
3 15 23.7235 1.1048 -30.3847 23.741 1.105 -30.3847 23.8285 1.1036 -30.35
4 15 25.2145 1.159 -31.0233 25.197 1.1587 -31.0233 25.05 1.1689 -31.1934 25.064 1.1693 -31.1969
4 15 24.7735 1.1508 -30.9956 24.7875 1.1515 -31.006 24.84 1.149 -30.9678 24.805 1.1482 -30.9574
4 15 22.173 1.4515 -34.0951 22.173 1.4581 -34.1263 22.719 1.3975 -33.748 22.67 1.39 -33.7202
4 15 24.9975 1.2067 -31.721 24.966 1.2052 -31.7071 24.9065 1.2093 -31.7765 24.9485 1.2118 -31.8008
4 15 24.966 1.1621 -31.1205 25.05 1.1569 -31.0303 25.0185 1.1559 -31.0233 24.938 1.1597 -31.0928
4 15 25.7304 1.8814 -35.38 25.7304 1.8716 -35.3348 25.638 1.8829 -35.407 25.617 1.894 -35.4626
4 15 20 1.2865 -33.6753 21.41 1.286 -33.4321 21.431 1.2834 -33.3905 21.4415 1.2814 -33.3592
3 15 23.867 1.0941 -30.2042 23.881 1.095 -30.2146 23.6 .9737 -28.4805
3 15 24.0041 1.6856 -34.899 23.9125 1.6834 -34.9038 23.958 1.6931 -34.9419
4 15 23.818 1.1918 -31.6481 23.874 1.1847 -31.5336 23.8915 1.1804 -31.4676 22.95 1.1983 -31.8876
3 15 23.013 1.1343 -30.9366 20 .9558 -28.4805 22.9955 1.1352 -30.9539
3 15 22.6385 1.9344 -36.306 20 2.594 -39.8723 22.726 1.9419 -36.3268
4 15 25.876 1.8429 -35.171 25.89 1.8572 -35.2335 25.946 1.8583 -35.2265 25.939 1.8504 -35.1918
4 15 25.0185 1.2168 -31.8529 25.043 1.2192 -31.8806 25.0745 1.2098 -31.7453 25.05 1.2089 -31.7383
4 15 23.6675 1.1138 -30.527 23.636 1.1238 -30.6797 23.6745 1.1229 -30.6589 23.692 1.1146 -30.534
3 15 23.6171 2.1913 -37.3514 23.7632 1.9619 -36.2486 23.5625 2.2019 -37.418
3 15 24.119 1.0981 -30.2528 24.133 1.0991 -30.2667 24.1505 1.1 -30.2806
3 15 24.1505 1.1 -30.2806 25.4597 .9763 -28.4805 24.119 1.0981 -30.2528
4 15 25.0535 1.1829 -31.3843 25.078 1.1836 -31.3878 25.106 1.1782 -31.308 25.064 1.1772 -31.3045
3 15 25.246 1.1547 -30.9574 28 1.0172 -28.4805 25.218 1.1532 -30.9435
4 15 24.525 1.2786 -32.8039 24.546 1.28 -32.8178 24.5215 1.2773 -32.7865 24.518 1.2777 -32.7935
3 15 22.0575 1.509 -34.3866 20 1.2865 -33.6753 22.0925 1.5241 -34.4525
4 15 25.407 1.1672 -31.0928 25.3965 1.167 -31.0928 25.2985 1.1774 -31.2559 25.3195 1.1788 -31.2698
4 15 22.439 1.3415 -33.5293 22.383 1.333 -33.4981 22.0715 1.3638 -33.6959 22.075 1.3778 -33.7618
4 15 24.847 1.2415 -32.2277 24.833 1.2408 -32.2208 24.819 1.2408 -32.2243 24.819 1.2416 -32.2347
3 15 22.383 1.5373 -34.4664 23.09 1.7504 -35.3584 22.3865 1.5242 -34.404
4 15 21.697 1.2812 -33.3141 21.781 1.2824 -33.3176 21.774 1.2769 -33.2378 21.7075 1.2792 -33.2829
3 15 23.286 1.1643 -31.3323 23.251 1.1648 -31.3461 23.2265 1.1653 -31.3566
3 15 23.2265 1.1653 -31.3566 22.95 1.1983 -31.8876 23.286 1.1643 -31.3323
4 15 25.2285 1.1913 -31.4607 25.246 1.1921 -31.4676 25.309 1.1817 -31.3114 25.295 1.181 -31.3045
4 15 24.532 1.2652 -32.6199 24.5425 1.2659 -32.6269 24.5705 1.2641 -32.5956 24.5495 1.2635 -32.5922
4 15 25.127 1.2119 -31.7626 25.1025 1.2107 -31.7522 25.0605 1.2218 -31.9119 25.0745 1.2248 -31.9501
4 15 24.889 1.3296 -33.0295 24.8925 1.3358 -33.0573 25.0675 1.317 -32.9323 25.0255 1.315 -32.9323
4 15 25.218 1.2353 -32.0611 25.239 1.2361 -32.0681 25.3055 1.2206 -31.8425 25.281 1.2205 -31.8459
3 15 24.9555 1.2568 -32.4117 24.882 1.251 -32.3492 24.8645 1.2499 -32.3388
3 15 24.8645 1.2499 -32.3388 24.9345 1.2557 -32.4013 24.9555 1.2568 -32.4117
4 15 24.5495 1.2635 -32.5922 24.532 1.2637 -32.5991 24.5285 1.2644 -32.6095 24.532 1.2652 -32.6199
3 15 21.697 1.322 -33.5605 21.823 1.3323 -33.5883 21.704 1.3157 -33.5293
4 15 23.818 1.1025 -30.3361 23.685 1.1043 -30.3847 23.706 1.1046 -30.3847 23.8285 1.1036 -30.35
4 15 23.9615 1.1032 -30.3292 24.0525 1.1084 -30.4021 24.042 1.1074 -30.3882 23.9405 1.1012 -30.3014
3 15 23.0725 1.9343 -36.2331 20 2.594 -39.8723 23.0935 1.9358 -36.2366
4 15 25.295 1.181 -31.3045 25.2705 1.18 -31.2975 25.218 1.1907 -31.4537 25.2285 1.1913 -31.4607
4 15 25.0745 1.1331 -30.7006 25.064 1.1342 -30.7179 25.197 1.1521 -30.9331 25.218 1.1532 -30.9435
3 15 22.0295 1.2141 -32.2729 20 .9558 -28.4805 22.0085 1.2157 -32.3006
4 15 24.8645 1.2066 -31.7488 24.9065 1.2093 -31.7765 24.966 1.2052 -31.7071 24.931 1.2031 -31.6863
3 15 26.254 1.3283 -32.7241 26.2925 1.3234 -32.6928 26.3415 1.3167 -32.6512
3 15 26.471 1.557 -33.7271 26.464 1.5869 -33.866 28.284 1.2865 -32.0863
4 15 23.475 1.9031 -36.0179 23.573 1.9073 -36.0214 23.685 1.9112 -36.0214 23.09 1.7504 -35.3584
4 15 24.352 1.9869 -36.167 24.343 1.9825 -36.1498 24.2485 1.962 -36.0873 24.2695 1.9749 -36.1394
4 15 26.352 1.3353 -32.7345 26.3205 1.3428 -32.7761 26.4955 1.3784 -32.9011 26.5165 1.3719 -32.8664
4 15 26.457 1.3902 -32.9636 26.4955 1.3784 -32.9011 26.3205 1.3428 -32.7761 26.282 1.3531 -32.8317
3 15 23.7632 1.9619 -36.2486 23.8957 2.1526 -37.0807 23.9111 2.1491 -37.0592
4 15 24.5565 1.2666 -32.6338 24.5845 1.2679 -32.6442 24.6265 1.2667 -32.6199 24.602 1.2656 -32.6095
4 15 22.502 1.3518 -33.5675 22.439 1.3415 -33.5293 22.075 1.3778 -33.7618 22.0855 1.3928 -33.8313
3 15 20 .9558 -28.4805 22.894 1.148 -31.1587 22.8975 1.1464 -31.1344
4 15 25.274 1.176 -31.242 25.2985 1.1774 -31.2559 25.3965 1.167 -31.0928 25.379 1.1665 -31.0893
3 15 22.488 1.9123 -36.2262 20 2.594 -39.8723 22.5265 1.9195 -36.2539
3 15 22.355 1.5612 -34.5844 23.09 1.7504 -35.3584 22.3655 1.5557 -34.5567
4 15 23.601 1.1043 -30.3986 23.8495 1.0986 -30.2736 23.8565 1.0968 -30.2459 23.587 1.1041 -30.3986
4 15 22.565 1.3628 -33.6091 22.502 1.3518 -33.5675 22.0855 1.3928 -33.8313 22.117 1.4086 -33.9007
4 15 24.364 1.7556 -35.1016 24.42 1.7363 -35.0009 24.406 1.7077 -34.8725 24.378 1.7215 -34.9419
3 15 24.42 1.7363 -35.0009 24.448 1.7203 -34.9211 24.406 1.7077 -34.8725
4 15 25.015 1.2302 -32.0368 24.9975 1.2286 -32.0195 24.8995 1.2339 -32.1132 24.9275 1.2357 -32.1306
3 15 22.754 1.8799 -36.0283 22.817 1.8807 -36.0214 23.09 1.7504 -35.3584
4 15 25.12 1.185 -31.3982 25.148 1.1865 -31.4121 25.2005 1.1784 -31.2906 25.1725 1.1785 -31.2975
3 15 24.8291 1.1529 -31.0246 24.843 1.149 -30.9686 24.84 1.149 -30.9678
3 15 24.84 1.149 -30.9678 24.7875 1.1515 -31.006 24.8085 1.1523 -31.0164
3 15 24.8085 1.1523 -31.0164 24.8291 1.1529 -31.0246 24.84 1.149 -30.9678
4 15 25.0675 1.2344 -32.082 25.036 1.2323 -32.0611 24.9695 1.2379 -32.1514 25.0045 1.24 -32.1722
3 15 24.0945 1.0963 -30.2285 25.4597 .9763 -28.4805 24.084 1.0956 -30.2181
3 15 20 1.2865 -33.6753 21.406 1.2865 -33.4407 21.41 1.286 -33.4321
4 15 25.0885 1.2273 -31.9813 25.106 1.2294 -32.0056 25.1725 1.2154 -31.8008 25.1515 1.2135 -31.78
3 15 24.352 1.9869 -36.167 24.352 2.0424 -36.4223 24.434 2.0248 -36.3233
3 15 24.8995 1.3694 -33.21 25.1025 1.3179 -32.9288 24.882 1.3383 -33.0712
4 15 24.352 1.9869 -36.167 24.2695 1.9749 -36.1394 24.273 1.985 -36.1845 24.352 2.0424 -36.4223
4 15 24.868 1.3362 -33.0642 24.8925 1.3676 -33.203 24.8995 1.3694 -33.21 24.882 1.3383 -33.0712
3 15 22.95 1.1983 -31.8876 23.7725 1.1982 -31.7488 23.818 1.1918 -31.6481
3 15 24.0105 1.6871 -34.9038 23.9916 1.6999 -34.9686 23.993 1.7002 -34.9697
4 15 24.049 1.111 -30.4402 23.986 1.1076 -30.3917 23.986 1.1085 -30.4055 24.028 1.1117 -30.4507
4 15 22.9115 1.247 -32.6095 22.95 1.1983 -31.8876 22.726 1.2411 -32.554 22.866 1.2493 -32.6512
3 15 22.726 1.2411 -32.554 22.7855 1.2446 -32.5956 22.866 1.2493 -32.6512
3 15 26.31 1.4965 -33.4842 26.387 1.5137 -33.5467 26.45 1.5032 -33.4842
3 15 26.45 1.5032 -33.4842 26.513 1.4898 -33.4092 26.31 1.4965 -33.4842
4 15 23.405 1.9394 -36.2019 23.335 1.937 -36.2019 23.2755 1.9363 -36.2088 20 2.594 -39.8723
4 15 24.5425 1.2659 -32.6269 24.5565 1.2666 -32.6338 24.602 1.2656 -32.6095 24.5705 1.2641 -32.5956
3 15 22.5615 1.9251 -36.2747 20 2.594 -39.8723 22.6385 1.9344 -36.306
3 15 20 .9558 -28.4805 22.1695 1.2114 -32.2104 22.208 1.2121 -32.2139
4 15 24.9695 1.2659 -32.5332 24.945 1.2645 -32.5193 24.9835 1.2712 -32.6026 25.001 1.2725 -32.6165
3 15 25.316 1.1953 -31.4954 25.386 1.188 -31.3808 25.379 1.1874 -31.3739
4 15 25.099 1.2484 -32.2659 25.1165 1.2504 -32.2902 25.2075 1.2399 -32.1271 25.1795 1.2392 -32.1236
4 15 25.547 1.9873 -35.9068 25.54 1.9764 -35.8582 24.84 1.9619 -35.945 24.805 1.97 -35.9901
3 15 22.3725 1.5494 -34.5254 23.09 1.7504 -35.3584 22.383 1.5373 -34.4664
4 15 23.8565 1.1056 -30.3743 23.8285 1.1036 -30.35 23.8565 1.1089 -30.4229 23.874 1.1095 -30.4298
3 15 24.924 1.2522 -32.3562 24.903 1.2518 -32.3562 24.9835 1.2585 -32.429
4 15 25.582 1.9195 -35.5875 25.673 1.9246 -35.591 25.701 1.9116 -35.525 25.5855 1.9106 -35.5459
4 15 24.847 1.1247 -30.6207 24.882 1.1248 -30.6207 24.9135 1.1246 -30.6173 25.4597 .9763 -28.4805
4 15 22.04 1.3099 -33.446 22.054 1.3207 -33.4946 22.2115 1.3042 -33.3905 22.1835 1.2989 -33.3696
3 15 23.09 1.7504 -35.3584 23.3455 1.5529 -34.3797 23.2055 1.5201 -34.2478
4 15 25.2565 1.2198 -31.8425 25.2355 1.2192 -31.839 25.1655 1.2334 -32.0472 25.1935 1.2344 -32.0542
3 15 24.3745 1.1125 -30.4541 24.406 1.1125 -30.4541 25.4597 .9763 -28.4805
3 15 23.3595 1.2304 -32.2902 22.95 1.1983 -31.8876 23.328 1.2333 -32.3388
3 15 25.169 1.3158 -32.9045 25.61 1.4328 -33.3453 25.197 1.3134 -32.8872
4 15 23.202 1.1584 -31.2594 23.1775 1.1553 -31.2177 23.1635 1.1556 -31.2247 23.181 1.1588 -31.2698
3 15 22.95 1.1983 -31.8876 23.1565 1.1664 -31.3843 23.1285 1.1663 -31.3878
3 15 22.852 1.9485 -36.3372 20 2.594 -39.8723 22.8695 1.9462 -36.3233
3 15 22.95 1.1983 -31.8876 22.299 1.2148 -32.2381 22.3445 1.2169 -32.2624
3 15 24.0455 1.1011 -30.2979 23.6 .9737 -28.4805 24.0385 1.1023 -30.3153
4 15 23.587 1.1041 -30.3986 23.8565 1.0968 -30.2459 23.86 1.0952 -30.2216 23.5765 1.104 -30.3986
4 15 23.986 1.9211 -35.9867 23.832 1.9174 -36.0214 23.9125 1.9225 -36.0179 23.958 1.9243 -36.011
3 15 22.95 1.1983 -31.8876 23.7025 1.1733 -31.3947 23.678 1.1728 -31.3913
4 15 22.495 1.2687 -32.9983 22.474 1.2718 -33.0469 22.5195 1.2737 -33.0677 22.5265 1.271 -33.026
4 15 22.0383 1.2865 -33.3353 22.026 1.2919 -33.3627 22.131 1.289 -33.3315 22.1134 1.2865 -33.3227
4 15 22.9745 1.9257 -36.2088 20 2.594 -39.8723 23.0305 1.9284 -36.2123 23.0025 1.926 -36.2053
4 15 23.769 1.6425 -34.7337 23.7165 1.6326 -34.6955 23.6885 1.6448 -34.758 23.7165 1.6487 -34.7719
3 15 23.1194 1.9371 -36.2386 20 2.594 -39.8723 23.16 1.9374 -36.2331
3 15 23.293 1.8937 -36.004 23.3455 1.8971 -36.011 23.475 1.9031 -36.0179
3 15 23.293 1.8937 -36.004 23.475 1.9031 -36.0179 23.09 1.7504 -35.3584
3 15 23.09 1.7504 -35.3584 23.181 1.8876 -35.9936 23.293 1.8937 -36.004
4 15 23.405 1.1297 -30.8047 23.4365 1.1291 -30.7908 23.482 1.1105 -30.5097 23.4645 1.1103 -30.5097
4 15 23.503 1.1105 -30.5062 23.482 1.1105 -30.5097 23.4365 1.1291 -30.7908 23.468 1.1286 -30.7769
3 15 26.1294 1.5942 -33.9729 26.121 1.5713 -33.8694 26.1 1.5469 -33.7618
3 15 26.1315 1.355 -32.8733 25.61 1.4328 -33.3453 26.0755 1.3719 -32.9636
4 15 26.338 1.5159 -33.5675 26.387 1.5137 -33.5467 26.31 1.4965 -33.4842 26.317 1.5074 -33.5328
3 15 23.4015 1.2268 -32.2312 22.95 1.1983 -31.8876 23.3595 1.2304 -32.2902
4 15 28.284 1.2865 -32.0863 26.4955 1.3104 -32.5887 26.5795 1.3635 -32.8143 26.59 1.3671 -32.8282
4 15 25.897 1.8288 -35.1016 25.8305 1.8211 -35.0808 25.8515 1.8312 -35.1224 25.925 1.8392 -35.1432
4 15 24.896 1.3723 -33.2239 25.61 1.4328 -33.3453 25.169 1.3158 -32.9045 25.141 1.3175 -32.9184
3 15 22.1135 1.5329 -34.4907 20 1.2865 -33.6753 22.1415 1.5427 -34.5324
4 15 25.078 1.2651 -32.4985 25.099 1.266 -32.5054 25.155 1.2597 -32.4082 25.141 1.2587 -32.3978
3 15 24.0175 2.249 -37.4826 24.352 2.7934 -39.8723 24.0473 2.2481 -37.4687
3 15 20 .9558 -28.4805 23.447 1.1092 -30.4958 23.566 1.1039 -30.3986
4 15 26.282 1.3531 -32.8317 26.2365 1.3698 -32.9184 26.4045 1.4035 -33.0364 26.457 1.3902 -32.9636
4 15 26.338 1.4162 -33.1093 26.4045 1.4035 -33.0364 26.2365 1.3698 -32.9184 26.198 1.3853 -32.9983
4 15 25.8305 1.8211 -35.0808 25.897 1.8288 -35.1016 25.8795 1.8234 -35.0808 25.8305 1.8158 -35.0565
4 15 21.858 1.3899 -33.8556 21.8545 1.3803 -33.8104 21.6375 1.3375 -33.6438 21.5815 1.3421 -33.6751
4 15 21.662 1.3325 -33.6161 21.6375 1.3375 -33.6438 21.8545 1.3803 -33.8104 21.844 1.3638 -33.7341
4 15 26.59 1.3739 -32.8594 26.59 1.3799 -32.8872 26.646 1.4491 -33.1926 28.284 1.2865 -32.0863
3 15 26.5018 1.6744 -34.2596 28.284 1.2865 -32.0863 26.4899 1.6475 -34.1388
4 15 25.141 1.2539 -32.3319 25.1515 1.2556 -32.3527 25.288 1.2399 -32.1097 25.267 1.2401 -32.1167
4 15 24.84 1.2279 -32.0438 24.896 1.2234 -31.9709 24.8435 1.2216 -31.957 24.8225 1.2263 -32.0264
4 15 24.8085 1.22 -31.9431 24.791 1.2243 -32.0056 24.8225 1.2263 -32.0264 24.8435 1.2216 -31.957
4 15 25.029 1.208 -31.7314 24.9975 1.2067 -31.721 24.9485 1.2118 -31.8008 24.987 1.2142 -31.8251
3 15 23.657 1.1075 -30.4368 23.6605 1.1097 -30.468 23.685 1.1083 -30.4437
3 15 23.685 1.1083 -30.4437 23.6745 1.108 -30.4402 23.657 1.1075 -30.4368
4 15 23.6885 1.1088 -30.4507 23.685 1.1083 -30.4437 23.6605 1.1097 -30.468 23.6745 1.1096 -30.4645
3 15 25.379 1.1637 -31.0511 28 1.0172 -28.4805 25.3475 1.1617 -31.0303
3 15 25.3475 1.1617 -31.0303 25.3615 1.1627 -31.0407 25.379 1.1637 -31.0511
3 15 21.501 1.2686 -33.1614 21.529 1.2656 -33.1128 20 1.2865 -33.6753
3 15 20 1.2865 -33.6753 21.48 1.2707 -33.1961 21.501 1.2686 -33.1614
3 15 20 .9558 -28.4805 22.894 1.1499 -31.1865 22.894 1.148 -31.1587
4 15 25.505 1.8206 -35.1502 25.554 1.8819 -35.4209 25.568 1.8644 -35.3376 25.519 1.8092 -35.0947
3 15 25.456 1.6982 -34.5983 25.61 1.4328 -33.3453 25.3895 1.6678 -34.4734
4 15 24.084 1.0956 -30.2181 25.4597 .9763 -28.4805 23.6 .9737 -28.4805 24.0735 1.0949 -30.2077
4 15 24.6265 1.3057 -32.9774 24.6475 1.3083 -32.9844 24.623 1.3003 -32.9531 24.6195 1.3031 -32.967
4 15 25.099 1.266 -32.5054 25.12 1.2668 -32.5123 25.176 1.2603 -32.4117 25.155 1.2597 -32.4082
4 15 24.21 1.8716 -35.6847 24.154 1.8131 -35.4348 24.14 1.8378 -35.5528 24.224 1.8923 -35.7749
4 15 24.777 1.1973 -31.6412 24.7805 1.1981 -31.6516 24.8225 1.1981 -31.6412 24.805 1.1973 -31.6342
3 15 22.0015 1.2596 -32.9462 21.956 1.2539 -32.8698 21.9665 1.2597 -32.9531
3 15 21.851 1.2643 -33.0399 21.837 1.2615 -33.0017 21.8335 1.2657 -33.0642
4 15 25.057 1.2515 -32.318 25.029 1.2503 -32.3076 24.8995 1.2485 -32.311 24.917 1.2495 -32.3214
4 15 23.979 1.1092 -30.416 24 1.1124 -30.4611 24.028 1.1117 -30.4507 23.986 1.1085 -30.4055
3 15 23.16 1.9374 -36.2331 20 2.594 -39.8723 23.209 1.9362 -36.2192
4 15 26.576 1.3913 -32.9427 26.632 1.4454 -33.1787 26.646 1.4491 -33.1926 26.59 1.3799 -32.8872
4 15 23.706 1.1223 -30.645 23.748 1.1187 -30.586 23.7305 1.1183 -30.5826 23.6745 1.1229 -30.6589
3 15 28.284 1.2865 -32.0863 26.59 1.5023 -33.4495 26.527 1.5189 -33.5397
4 15 26.471 1.557 -33.7271 28.284 1.2865 -32.0863 26.527 1.5189 -33.5397 26.492 1.5354 -33.623
3 15 23.6955 1.7351 -35.1849 23.09 1.7504 -35.3584 23.7095 1.7458 -35.2335
3 15 23.657 1.6678 -34.8725 23.09 1.7504 -35.3584 23.657 1.6825 -34.9419
4 15 24.735 1.5013 -33.8521 24.847 1.5233 -33.9285 25.61 1.4328 -33.3453 24.6615 1.4812 -33.7757
4 15 25.0185 1.1327 -30.7075 25.127 1.1502 -30.9227 25.155 1.1507 -30.9227 25.0325 1.1334 -30.7144
4 15 25.246 1.2153 -31.7835 25.2635 1.2161 -31.7904 25.316 1.1953 -31.4954 25.3055 1.1959 -31.5058
4 15 25.4597 .9763 -28.4805 24.63 1.1218 -30.5826 24.644 1.1228 -30.5964 24.665 1.1238 -30.6103
4 15 23.286 1.1643 -31.3323 22.95 1.1983 -31.8876 23.356 1.1649 -31.3288 23.321 1.1645 -31.3288
4 15 25.281 1.2205 -31.8459 25.2565 1.2198 -31.8425 25.1935 1.2344 -32.0542 25.218 1.2353 -32.0611
4 15 20 2.594 -39.8723 23.1165 2.7037 -39.8723 23.7025 1.9572 -36.2366 23.587 1.9488 -36.2157
4 15 23.258 1.1318 -30.8602 23.328 1.1307 -30.8325 23.4435 1.1098 -30.5062 20 .9558 -28.4805
4 15 24.14 1.859 -35.65 24.238 1.9129 -35.8652 24.224 1.8923 -35.7749 24.14 1.8378 -35.5528
4 15 25.036 1.1765 -31.301 25.0185 1.1757 -31.2941 25.0115 1.1802 -31.3566 25.0325 1.1818 -31.3739
3 15 25.701 1.9592 -35.7437 26.9975 2.9198 -39.8723 25.757 1.9475 -35.6778
4 15 24.9555 1.269 -32.5783 24.9835 1.2712 -32.6026 24.945 1.2645 -32.5193 24.917 1.263 -32.5054
4 15 23.874 1.1755 -31.3982 23.86 1.1748 -31.3913 23.8355 1.1743 -31.3878 22.95 1.1983 -31.8876
4 15 22.446 1.2654 -32.9566 22.404 1.2691 -33.0191 22.474 1.2718 -33.0469 22.495 1.2687 -32.9983
4 15 23.783 1.1744 -31.3982 22.95 1.1983 -31.8876 23.8355 1.1743 -31.3878 23.8145 1.1743 -31.3913
3 15 25.3895 1.1843 -31.3288 25.414 1.1671 -31.0893 25.379 1.1833 -31.3184
4 15 24.9975 1.2286 -32.0195 24.98 1.2271 -32.0021 24.882 1.2324 -32.0958 24.8995 1.2339 -32.1132
4 15 25.155 1.1925 -31.4919 25.134 1.1916 -31.485 25.099 1.203 -31.6481 25.1095 1.2037 -31.655
4 15 23.328 1.1307 -30.8325 23.3665 1.1302 -30.8186 23.4505 1.1102 -30.5097 23.4435 1.1098 -30.5062
4 15 23.4645 1.1103 -30.5097 23.4505 1.1102 -30.5097 23.3665 1.1302 -30.8186 23.405 1.1297 -30.8047
3 15 24.231 1.104 -30.3361 25.4597 .9763 -28.4805 24.21 1.103 -30.3222
4 15 25.96 1.9028 -35.4279 25.953 1.8874 -35.3584 25.89 1.8844 -35.3584 25.869 1.906 -35.4626
3 15 25.316 1.1953 -31.4954 25.393 1.1884 -31.3843 25.386 1.188 -31.3808
4 15 25.085 1.2015 -31.6307 25.099 1.203 -31.6481 25.134 1.1916 -31.485 25.106 1.1906 -31.478
4 15 25.0115 1.1929 -31.5301 25.0395 1.1957 -31.5613 25.05 1.189 -31.4676 25.015 1.1877 -31.4572
3 15 25.1809 1.9232 -35.6923 25.6135 1.9452 -35.6986 25.638 1.9365 -35.6535
4 15 24.6825 1.3039 -32.9566 24.658 1.302 -32.9531 24.7175 1.3169 -33.0087 24.742 1.3226 -33.0295
4 15 24.847 1.2951 -32.8803 24.8015 1.2884 -32.8594 24.7875 1.3051 -32.9393 24.812 1.3108 -32.9601
4 15 24.812 1.3108 -32.9601 24.8295 1.3147 -32.974 24.896 1.302 -32.9011 24.847 1.2951 -32.8803
4 15 23.9405 1.1012 -30.3014 24.042 1.1074 -30.3882 24.0315 1.1062 -30.3708 23.9195 1.0995 -30.2771
4 15 21.683 1.3267 -33.5848 21.662 1.3325 -33.6161 21.844 1.3638 -33.7341 21.837 1.3526 -33.682
4 15 25.2075 1.2116 -31.7418 25.2145 1.2128 -31.7557 25.2635 1.1962 -31.5197 25.2355 1.1958 -31.5197
3 15 20 .9558 -28.4805 22.978 1.1367 -30.9782 22.9955 1.1352 -30.9539
4 15 24.9625 1.2474 -32.2833 24.931 1.2457 -32.2659 24.8505 1.2449 -32.2729 24.868 1.2462 -32.2867
4 15 21.753 1.2676 -33.1059 21.732 1.2705 -33.151 21.718 1.2739 -33.203 21.774 1.2769 -33.2378
4 15 24.8225 1.2424 -32.2451 24.8365 1.2436 -32.259 24.8925 1.2438 -32.2486 24.8645 1.2423 -32.2347
4 15 26.618 1.4462 -33.1857 26.359 1.4535 -33.2759 26.331 1.4673 -33.3453 26.597 1.4558 -33.2343
3 15 23.6745 1.1096 -30.4645 23.685 1.1095 -30.4611 23.6885 1.1088 -30.4507
3 15 28.284 1.1168 -29.7746 25.4035 1.1868 -31.36 25.4035 1.1875 -31.3704
3 15 21.7775 1.2736 -33.1892 21.7845 1.2708 -33.1475 21.795 1.2646 -33.0538
3 15 21.795 1.2646 -33.0538 21.753 1.2676 -33.1059 21.7775 1.2736 -33.1892
3 15 24.0455 1.1011 -30.2979 24.0525 1.0997 -30.2771 23.6 .9737 -28.4805
4 15 25.2145 1.2128 -31.7557 25.2285 1.214 -31.7696 25.2845 1.1963 -31.5162 25.2635 1.1962 -31.5197
3 15 22.061 1.2128 -32.2486 20 .9558 -28.4805 22.0295 1.2141 -32.2729
4 15 23.993 1.7002 -34.9697 24.0315 1.7098 -35.0009 24.1295 1.7199 -35.0148 24.112 1.7141 -34.994
4 15 25.596 1.8295 -35.171 25.589 1.8186 -35.1224 25.568 1.8116 -35.0947 25.596 1.8401 -35.2196
3 15 24.21 1.103 -30.3222 25.4597 .9763 -28.4805 24.189 1.102 -30.3084
4 15 24.777 1.1336 -30.7492 24.763 1.1341 -30.7561 24.7735 1.1355 -30.7769 24.798 1.1361 -30.7839
4 15 24.889 1.2613 -32.488 24.8715 1.2605 -32.4811 24.8995 1.265 -32.5366 24.9275 1.2668 -32.554
4 15 21.704 1.2772 -33.2551 21.7075 1.2792 -33.2829 21.774 1.2769 -33.2378 21.718 1.2739 -33.203
3 15 23.832 1.9174 -36.0214 23.9965 1.8878 -35.8305 23.9405 1.8641 -35.7402
3 15 22.95 1.1983 -31.8876 22.25 1.213 -32.2208 22.299 1.2148 -32.2381
3 15 26.576 1.3913 -32.9427 26.548 1.4051 -33.0121 26.632 1.4454 -33.1787
4 15 25.3265 1.1641 -31.0685 25.3055 1.163 -31.0581 25.162 1.1717 -31.2073 25.1865 1.1726 -31.2142
3 15 25.4597 .9763 -28.4805 24.784 1.1247 -30.6207 24.812 1.1247 -30.6207
3 15 20 1.2865 -33.6753 22.46 1.8996 -36.1706 22.474 1.8957 -36.1498
4 15 25.204 1.1897 -31.4433 25.218 1.1907 -31.4537 25.2705 1.18 -31.2975 25.2495 1.1792 -31.2906
4 15 24.847 1.1796 -31.3843 24.826 1.1787 -31.3774 24.791 1.182 -31.4294 24.8225 1.183 -31.4364
4 15 25.547 1.8922 -35.4695 25.491 1.8396 -35.2404 25.456 1.8591 -35.3376 25.547 1.9027 -35.5181
4 15 25.3685 1.1862 -31.36 25.3615 1.1856 -31.3531 25.316 1.1943 -31.4815 25.316 1.1953 -31.4954
3 15 20 .9558 -28.4805 22.8975 1.1464 -31.1344 22.9045 1.1446 -31.1066
3 15 22.908 1.1546 -31.2524 22.901 1.1531 -31.2316 20 .9558 -28.4805
4 15 22.054 1.3207 -33.4946 22.061 1.3319 -33.5467 22.2605 1.3133 -33.4252 22.2115 1.3042 -33.3905
3 15 25.267 1.156 -30.9713 28 1.0172 -28.4805 25.246 1.1547 -30.9574
4 15 25.3615 1.1856 -31.3531 25.351 1.1847 -31.3427 25.3055 1.1939 -31.478 25.316 1.1943 -31.4815
4 15 23.615 1.1123 -30.5131 23.601 1.1249 -30.7006 23.615 1.1243 -30.6901 23.643 1.1131 -30.5201
4 15 23.1565 1.1664 -31.3843 22.95 1.1983 -31.8876 23.2265 1.1653 -31.3566 23.188 1.1658 -31.3704
3 15 23.111 1.1318 -30.8845 20 .9558 -28.4805 23.069 1.1323 -30.8984
4 15 24.5915 1.3199 -33.0503 24.553 1.3166 -33.0434 24.371 1.3691 -33.3245 24.413 1.3938 -33.4286
4 15 24.7945 1.2503 -32.3596 24.8225 1.2518 -32.3735 24.7945 1.2463 -32.3041 24.763 1.245 -32.2937
4 15 22.502 1.2286 -32.4082 22.5755 1.2326 -32.4533 22.95 1.1983 -31.8876 22.467 1.2257 -32.37
4 15 21.816 1.2672 -33.0885 21.795 1.2646 -33.0538 21.7845 1.2708 -33.1475 21.802 1.2689 -33.1163
4 15 22.173 1.4581 -34.1263 22.18 1.4628 -34.1471 22.789 1.4059 -33.7757 22.719 1.3975 -33.748
4 15 23.0095 1.1609 -31.3288 22.9815 1.1571 -31.2767 22.9395 1.1568 -31.2802 22.95 1.1983 -31.8876
4 15 22.1835 1.2989 -33.3696 22.152 1.2926 -33.3453 22.0295 1.3 -33.4009 22.04 1.3099 -33.446
4 15 25.001 1.2725 -32.6165 25.0185 1.2738 -32.6304 24.994 1.2671 -32.5436 24.9695 1.2659 -32.5332
3 15 22.0925 1.5241 -34.4525 20 1.2865 -33.6753 22.1135 1.5329 -34.4907
3 15 24.352 2.0424 -36.4223 24.273 1.985 -36.1845 24.266 2.0026 -36.2678
4 15 25.2355 1.2192 -31.839 25.2145 1.2184 -31.8321 25.1445 1.2325 -32.0403 25.1655 1.2334 -32.0472
4 15 24.714 1.3069 -32.9636 24.6825 1.3039 -32.9566 24.742 1.3226 -33.0295 24.7735 1.3301 -33.0573
3 15 25.561 1.917 -35.5806 25.547 1.9027 -35.5181 25.456 1.8591 -35.3376
4 15 24.21 1.8474 -35.5736 24.182 1.7925 -35.3307 24.154 1.8131 -35.4348 24.21 1.8716 -35.6847
3 15 24.0525 1.0997 -30.2771 24.0595 1.0982 -30.2563 24.063 1.0968 -30.2355
3 15 23.6 .9737 -28.4805 24.0525 1.0997 -30.2771 24.063 1.0968 -30.2355
3 15 24.5705 1.1176 -30.5235 25.4597 .9763 -28.4805 24.553 1.1163 -30.5062
4 15 23.0235 1.1601 -31.3149 23.02 1.157 -31.2698 22.9815 1.1571 -31.2767 23.0095 1.1609 -31.3288
4 15 24.8225 1.2475 -32.3145 24.7945 1.2463 -32.3041 24.8225 1.2518 -32.3735 24.854 1.2528 -32.3805
3 15 25.197 1.3134 -32.8872 25.61 1.4328 -33.3453 25.225 1.3094 -32.8629
4 15 23.6675 1.6426 -34.751 23.6675 1.6228 -34.6573 23.4645 1.5805 -34.4907 23.09 1.7504 -35.3584
4 15 24.7245 1.2597 -32.5019 24.7455 1.2605 -32.5089 24.763 1.2585 -32.4776 24.7455 1.2585 -32.4811
3 15 23.657 1.6605 -34.8378 23.09 1.7504 -35.3584 23.657 1.6678 -34.8725
4 15 25.2145 1.2184 -31.8321 25.19 1.2167 -31.8147 25.1235 1.2309 -32.023 25.1445 1.2325 -32.0403
4 15 25.414 1.1671 -31.0893 25.407 1.1672 -31.0928 25.3195 1.1788 -31.2698 25.3335 1.1798 -31.2802
4 15 24.9275 1.2357 -32.1306 24.9695 1.2379 -32.1514 25.036 1.2323 -32.0611 25.015 1.2302 -32.0368
3 15 25.61 1.4328 -33.3453 26.0195 1.4682 -33.4182 26.009 1.4481 -33.328
3 15 23.09 1.7504 -35.3584 23.111 1.8851 -35.9936 23.181 1.8876 -35.9936
4 15 24.0735 1.7204 -35.0357 24.112 1.7308 -35.0704 24.147 1.7295 -35.053 24.14 1.7252 -35.0357
4 15 23.1495 1.1592 -31.2802 23.1425 1.1558 -31.2316 23.118 1.1562 -31.242 23.1215 1.1594 -31.2871
3 15 24.352 1.7596 -35.1229 24.352 1.7301 -34.9871 24.322 1.7392 -35.0391
4 15 24.259 1.7573 -35.1432 24.28 1.7822 -35.2508 24.352 1.7596 -35.1229 24.322 1.7392 -35.0391
4 15 22.173 1.2412 -32.6477 22.145 1.2407 -32.6442 22.0785 1.2435 -32.6963 22.0505 1.2464 -32.7449
4 15 24.6475 1.2676 -32.6269 24.6265 1.2667 -32.6199 24.5845 1.2679 -32.6442 24.6125 1.2691 -32.6546
4 15 24.8925 1.3358 -33.0573 24.882 1.3383 -33.0712 25.1025 1.3179 -32.9288 25.0675 1.317 -32.9323
3 15 26.009 1.4283 -33.2371 25.61 1.4328 -33.3453 26.009 1.4481 -33.328
3 15 23.09 1.7504 -35.3584 22.3095 1.5713 -34.64 22.285 1.5734 -34.6539
4 15 24.679 1.3332 -33.092 24.6475 1.3279 -33.0746 24.511 1.4332 -33.5883 24.581 1.4577 -33.6855
4 15 24.5117 2.0702 -36.5149 24.352 2.0424 -36.4223 24.352 2.0999 -36.6861 24.392 2.0938 -36.6496
4 15 22.383 1.333 -33.4981 22.3165 1.3226 -33.4599 22.068 1.3417 -33.5918 22.0715 1.3638 -33.6959
4 15 23.825 1.9691 -36.2609 24.0525 2.1332 -36.9391 24.1099 2.1287 -36.8995 23.944 1.9837 -36.2886
4 15 25.078 1.1836 -31.3878 25.0955 1.1841 -31.3913 25.141 1.1785 -31.3045 25.106 1.1782 -31.308
3 15 28.284 1.2865 -32.0863 26.646 1.4823 -33.3453 26.618 1.493 -33.4009
4 15 25.302 1.9054 -35.584 25.1809 1.9232 -35.6923 25.638 1.9365 -35.6535 25.5785 1.9239 -35.6083
3 15 23.4435 1.224 -32.1826 22.95 1.1983 -31.8876 23.4015 1.2268 -32.2312
3 15 23.93 2.2487 -37.5104 24.352 2.7934 -39.8723 24.0175 2.249 -37.4826
4 15 24.14 1.7252 -35.0357 24.1295 1.7199 -35.0148 24.0315 1.7098 -35.0009 24.0735 1.7204 -35.0357
4 15 23.818 1.1016 -30.3222 23.6605 1.1043 -30.3882 23.685 1.1043 -30.3847 23.818 1.1025 -30.3361
4 15 21.9735 1.4694 -34.2131 21.949 1.4612 -34.1784 21.9175 1.4535 -34.1471 20 1.2865 -33.6753
3 15 25.1725 1.2575 -32.3735 25.1865 1.2584 -32.3839 25.288 1.2399 -32.1097
3 15 22.95 1.1983 -31.8876 23.755 1.1741 -31.3982 23.727 1.1738 -31.3982
3 15 25.4035 1.1656 -31.0719 28 1.0172 -28.4805 25.393 1.1647 -31.0615
4 15 24.8085 1.2016 -31.6932 24.8295 1.204 -31.721 24.8995 1.2016 -31.6724 24.868 1.2003 -31.662
4 15 25.1095 1.2705 -32.5644 25.078 1.2699 -32.5644 25.0605 1.2768 -32.6616 25.064 1.2781 -32.6789
4 15 22.152 1.2926 -33.3453 22.131 1.289 -33.3315 22.026 1.2919 -33.3627 22.0295 1.3 -33.4009
3 15 23.6535 1.1723 -31.3878 23.594 1.1704 -31.3704 23.545 1.1689 -31.3566
3 15 23.545 1.1689 -31.3566 22.95 1.1983 -31.8876 23.6535 1.1723 -31.3878
3 15 24.28 1.1077 -30.3882 25.4597 .9763 -28.4805 24.266 1.1065 -30.3708
3 15 22.95 1.1983 -31.8876 22.4285 1.2226 -32.3319 22.467 1.2257 -32.37
4 15 24.7805 1.1981 -31.6516 24.7875 1.1993 -31.6655 24.8435 1.1992 -31.6516 24.8225 1.1981 -31.6412
3 15 24.8575 1.3689 -33.2169 24.6615 1.4812 -33.7757 24.875 1.3712 -33.2239
3 15 24.896 1.3723 -33.2239 24.875 1.3712 -33.2239 24.6615 1.4812 -33.7757
3 15 24.6615 1.4812 -33.7757 25.61 1.4328 -33.3453 24.896 1.3723 -33.2239
4 15 24.896 1.1692 -31.2316 24.8995 1.17 -31.242 24.9345 1.1698 -31.2316 24.9205 1.1688 -31.2212
3 15 24.553 1.1163 -30.5062 25.4597 .9763 -28.4805 24.532 1.1153 -30.4923
4 15 22.3515 1.4893 -34.2443 22.3655 1.4949 -34.2686 23.076 1.4819 -34.0881 23.0165 1.4615 -34.0013
3 15 24.6946 1.2865 -32.8741 24.7876 1.2865 -32.8537 24.651 1.2817 -32.8178
3 15 25.1305 1.2705 -32.5609 25.1095 1.2705 -32.5644 25.064 1.2781 -32.6789
4 15 28 1.0172 -28.4805 25.414 1.1666 -31.0824 25.414 1.1671 -31.0893 28.284 1.1168 -29.7746
4 15 23.8963 1.097 -30.2415 24.028 1.1052 -30.3569 24.0315 1.1035 -30.3326 23.6 .9737 -28.4805
4 15 22.2115 1.2428 -32.6651 22.194 1.2419 -32.6546 22.019 1.2492 -32.79 21.956 1.2539 -32.8698
3 15 21.48 1.2707 -33.1961 20 1.2865 -33.6753 21.459 1.2735 -33.2412
3 15 23.9475 1.1124 -30.4611 23.972 1.1126 -30.4645 23.951 1.1095 -30.4194
3 15 22.775 1.9458 -36.3372 20 2.594 -39.8723 22.81 1.9478 -36.3407
4 15 25.0675 1.1317 -30.6832 25.0745 1.1331 -30.7006 25.218 1.1532 -30.9435 28 1.0172 -28.4805
3 15 23.0935 1.9358 -36.2366 20 2.594 -39.8723 23.1194 1.9371 -36.2386
4 15 24.784 1.2191 -31.9362 24.756 1.2225 -31.9882 24.791 1.2243 -32.0056 24.8085 1.22 -31.9431
3 15 22.95 1.1983 -31.8876 22.3445 1.2169 -32.2624 22.397 1.2201 -32.3006
4 15 24.574 1.2789 -32.797 24.5495 1.278 -32.79 24.5985 1.2826 -32.8421 24.6265 1.2838 -32.8525
4 15 23.692 1.1146 -30.534 23.6745 1.1229 -30.6589 23.7305 1.1183 -30.5826 23.713 1.1153 -30.5409
3 15 23.09 1.7504 -35.3584 22.817 1.8807 -36.0214 22.8842 1.883 -36.0214
4 15 24.84 1.2794 -32.7449 24.8785 1.2828 -32.7831 24.91 1.2718 -32.6269 24.8785 1.2713 -32.6269
3 15 21.8825 1.4128 -33.9597 21.4065 1.3513 -33.748 21.3785 1.3504 -33.748
3 15 21.3785 1.3504 -33.748 20 1.2865 -33.6753 21.8825 1.4128 -33.9597
4 15 26.597 1.4558 -33.2343 26.331 1.4673 -33.3453 26.317 1.4772 -33.3939 26.576 1.4654 -33.2829
4 15 26.3121 1.4902 -33.455 26.548 1.4776 -33.3453 26.576 1.4654 -33.2829 26.317 1.4772 -33.3939
3 15 23.5625 1.1263 -30.7283 23.58 1.1256 -30.7144 23.5835 1.1114 -30.5062
3 15 22.1695 1.5518 -34.5706 20 1.2865 -33.6753 22.201 1.5616 -34.6122
4 15 23.5345 1.1272 -30.7457 23.5625 1.1263 -30.7283 23.5835 1.1114 -30.5062 23.5555 1.1109 -30.5027
3 15 24.7455 1.3114 -32.9774 24.798 1.3389 -33.092 24.819 1.3482 -33.1302
4 15 24.777 1.1481 -30.9574 24.7665 1.1486 -30.9643 24.763 1.1491 -30.9713 24.7665 1.1501 -30.9852
4 15 24.973 1.3117 -32.9288 24.9345 1.3076 -32.9184 24.8505 1.3195 -32.9913 24.8715 1.325 -33.0121
4 15 24.966 1.1311 -30.6971 24.9415 1.1307 -30.6971 25.0115 1.1453 -30.881 25.043 1.1473 -30.9019
4 15 23.762 1.1161 -30.5444 23.755 1.1176 -30.5687 23.7655 1.1173 -30.5617 23.7725 1.1167 -30.5513
3 15 25.4 1.1854 -31.3427 25.4035 1.1868 -31.36 28.284 1.1168 -29.7746
4 15 25.0955 1.1841 -31.3913 25.12 1.185 -31.3982 25.1725 1.1785 -31.2975 25.141 1.1785 -31.3045
4 15 25.3895 1.1843 -31.3288 25.4 1.1854 -31.3427 28.284 1.1168 -29.7746 25.414 1.1671 -31.0893
3 15 22.95 1.1983 -31.8876 23.783 1.1744 -31.3982 23.755 1.1741 -31.3982
3 15 25.183 1.6013 -34.2131 25.61 1.4328 -33.3453 25.085 1.5754 -34.1159
4 15 24.798 1.3578 -33.1787 24.7665 1.3502 -33.151 24.735 1.3442 -33.1302 24.6615 1.4812 -33.7757
4 15 25.267 1.2401 -32.1167 25.239 1.2402 -32.1236 25.1305 1.2522 -32.311 25.141 1.2539 -32.3319
4 15 20 2.594 -39.8723 22.4635 1.907 -36.2053 22.4565 1.9031 -36.188 20 1.2865 -33.6753
4 15 23.5135 1.2205 -32.1201 23.6395 1.212 -31.9744 23.7725 1.1982 -31.7488 22.95 1.1983 -31.8876
3 15 23.6395 1.212 -31.9744 23.727 1.204 -31.8425 23.7725 1.1982 -31.7488
3 15 23.6605 1.6914 -34.9836 23.09 1.7504 -35.3584 23.6675 1.7048 -35.0461
4 15 23.8495 1.0986 -30.2736 23.601 1.1043 -30.3986 23.6185 1.1043 -30.3951 23.839 1.0999 -30.2945
4 15 21.914 1.261 -32.9809 21.9385 1.2603 -32.967 21.956 1.2539 -32.8698 21.9105 1.2569 -32.9219
3 15 21.9385 1.2603 -32.967 21.9665 1.2597 -32.9531 21.956 1.2539 -32.8698
3 15 23.727 1.7582 -35.289 23.09 1.7504 -35.3584 23.755 1.7738 -35.3584
4 15 22.593 1.3711 -33.6438 22.579 1.3662 -33.623 22.1625 1.4314 -34.0013 22.1695 1.4375 -34.0291
3 15 22.95 1.1983 -31.8876 22.649 1.2367 -32.5019 22.726 1.2411 -32.554
3 15 28.284 1.2865 -32.0863 26.618 1.493 -33.4009 26.59 1.5023 -33.4495
4 15 23.986 1.9211 -35.9867 24.007 1.915 -35.952 24.021 1.9009 -35.8825 23.832 1.9174 -36.0214
4 15 22.3655 1.4949 -34.2686 22.376 1.5019 -34.2998 23.2055 1.5201 -34.2478 23.076 1.4819 -34.0881
3 15 22.4635 1.907 -36.2053 20 2.594 -39.8723 22.488 1.9123 -36.2262
3 15 25.61 1.4328 -33.3453 26.044 1.4943 -33.5328 26.0195 1.4682 -33.4182
3 15 24.9135 1.1246 -30.6173 24.9306 1.1245 -30.6151 25.4597 .9763 -28.4805
3 15 20 1.2865 -33.6753 21.3645 1.3499 -33.748 21.354 1.3473 -33.7376
4 15 24.882 1.2324 -32.0958 24.9625 1.226 -31.9917 24.9415 1.2252 -31.9848 24.861 1.2305 -32.075
4 15 22.621 1.3794 -33.6785 22.593 1.3711 -33.6438 22.1695 1.4375 -34.0291 22.173 1.4442 -34.0603
4 15 24.896 1.2234 -31.9709 24.84 1.2279 -32.0438 24.861 1.2305 -32.075 24.9415 1.2252 -31.9848
4 15 24.987 1.2142 -31.8251 25.0185 1.2168 -31.8529 25.05 1.2089 -31.7383 25.029 1.208 -31.7314
4 15 23.825 1.1009 -30.3118 23.6395 1.1043 -30.3917 23.6605 1.1043 -30.3882 23.818 1.1016 -30.3222
3 15 26.9975 2.9198 -39.8723 25.5995 2.0057 -35.9797 24.742 2.0018 -36.1498
4 15 23.566 1.1039 -30.3986 23.447 1.1092 -30.4958 23.461 1.1089 -30.4888 23.566 1.1046 -30.409
4 15 24.763 1.1341 -30.7561 24.7525 1.1345 -30.763 24.756 1.1353 -30.7734 24.7735 1.1355 -30.7769
3 15 23.601 1.106 -30.4229 23.538 1.1081 -30.4645 23.566 1.1084 -30.4645
4 15 25.169 1.2075 -31.6932 25.19 1.2093 -31.714 25.2075 1.1951 -31.5162 25.183 1.1939 -31.5058
4 15 25.54 1.9764 -35.8582 25.561 1.9653 -35.8027 24.8995 1.9549 -35.8999 24.84 1.9619 -35.945
3 15 22.0085 1.4846 -34.279 21.9735 1.4694 -34.2131 20 1.2865 -33.6753
3 15 20 1.2865 -33.6753 22.0575 1.509 -34.3866 22.0085 1.4846 -34.279
3 15 25.4597 .9763 -28.4805 24.812 1.1247 -30.6207 24.847 1.1247 -30.6207
3 15 23.5135 1.2205 -32.1201 23.5765 1.2165 -32.0507 23.6395 1.212 -31.9744
3 15 26.1105 1.6788 -34.3658 26.1245 1.6599 -34.2755 26.135 1.6407 -34.1853
3 15 24.252 1.1055 -30.3569 25.4597 .9763 -28.4805 24.231 1.104 -30.3361
4 15 23.902 1.6662 -34.8239 23.846 1.6562 -34.7858 23.7725 1.658 -34.8066 23.811 1.6645 -34.8309
4 15 23.02 1.157 -31.2698 23.0235 1.1601 -31.3149 23.055 1.1598 -31.3045 23.0515 1.1567 -31.2594
3 15 25.001 1.26 -32.4464 24.9345 1.2516 -32.3457 24.924 1.2522 -32.3562
3 15 24.924 1.2522 -32.3562 24.9835 1.2585 -32.429 25.001 1.26 -32.4464
3 15 24.9223 1.2865 -32.8241 25.1025 1.3088 -32.8872 25.127 1.3093 -32.8837
3 15 25.1445 1.2703 -32.554 25.1305 1.2705 -32.5609 25.064 1.2781 -32.6789
4 15 22.0505 1.2464 -32.7449 22.019 1.2492 -32.79 22.194 1.2419 -32.6546 22.173 1.2412 -32.6477
3 15 24.693 1.2864 -32.8733 24.6946 1.2865 -32.8741 24.651 1.2817 -32.8178
4 15 24.651 1.2817 -32.8178 24.609 1.2802 -32.8074 24.6545 1.2848 -32.8594 24.693 1.2864 -32.8733
3 15 25.7885 1.9377 -35.6257 26.9975 2.9198 -39.8723 25.82 1.9279 -35.5736
4 15 25.2845 1.1619 -31.0476 25.26 1.1605 -31.0338 25.106 1.1703 -31.2004 25.134 1.171 -31.2038
3 15 20 1.2865 -33.6753 22.474 1.8957 -36.1498 22.502 1.8908 -36.122
3 15 22.95 1.1983 -31.8876 23.1285 1.1663 -31.3878 23.0935 1.1659 -31.3878
4 15 23.566 1.1046 -30.409 23.461 1.1089 -30.4888 23.482 1.1084 -30.4784 23.5765 1.1052 -30.416
4 15 25.589 1.8503 -35.2682 25.54 1.8078 -35.0835 25.519 1.8092 -35.0947 25.568 1.8644 -35.3376
4 15 25.0255 1.2617 -32.4638 25.0395 1.2627 -32.4742 25.106 1.2556 -32.3631 25.092 1.2541 -32.3457
4 15 24.8785 1.2828 -32.7831 24.9135 1.2856 -32.8143 24.9275 1.2724 -32.6304 24.91 1.2718 -32.6269
4 15 23.7795 1.1189 -30.5826 23.776 1.1217 -30.6242 23.804 1.121 -30.6103 23.79 1.119 -30.5826
4 15 24.5705 1.2814 -32.8317 24.5985 1.2826 -32.8421 24.5495 1.278 -32.79 24.5355 1.2775 -32.7865
4 15 24.9415 1.1307 -30.6971 24.924 1.1306 -30.7006 24.98 1.1433 -30.8602 25.0115 1.1453 -30.881
4 15 25.974 1.9126 -35.4695 25.96 1.9028 -35.4279 25.869 1.906 -35.4626 25.848 1.9171 -35.5181
3 15 25.61 1.4328 -33.3453 26.2225 1.3336 -32.7553 26.254 1.3283 -32.7241
4 15 25.0185 1.2738 -32.6304 25.0325 1.2751 -32.6442 25.022 1.2683 -32.554 24.994 1.2671 -32.5436
4 15 24.357 1.2914 -32.9705 24.352 1.2927 -32.9779 24.3885 1.2929 -32.9705 24.371 1.2913 -32.967
3 15 22.383 1.5117 -34.345 23.2055 1.5201 -34.2478 22.376 1.5019 -34.2998
3 15 23.8285 1.1036 -30.35 23.825 1.1076 -30.409 23.839 1.1082 -30.416
3 15 23.8285 1.1036 -30.35 23.8075 1.1067 -30.3986 23.825 1.1076 -30.409
3 15 23.839 1.1082 -30.416 23.8565 1.1089 -30.4229 23.8285 1.1036 -30.35
4 15 24.8995 1.17 -31.242 24.924 1.1724 -31.2698 24.9555 1.1717 -31.2524 24.9345 1.1698 -31.2316
3 15 24.8155 1.3616 -33.1926 24.6615 1.4812 -33.7757 24.8365 1.3656 -33.2065
4 15 24.035 1.9964 -36.3164 24.217 2.1169 -36.8093 24.352 2.0999 -36.6861 24.161 2.0101 -36.3372
4 15 23.5835 1.1114 -30.5062 23.58 1.1256 -30.7144 23.601 1.1249 -30.7006 23.615 1.1123 -30.5131
4 15 22.579 1.3662 -33.623 22.565 1.3628 -33.6091 22.117 1.4086 -33.9007 22.1625 1.4314 -34.0013
4 15 23.636 1.1238 -30.6797 23.6675 1.1138 -30.527 23.643 1.1131 -30.5201 23.615 1.1243 -30.6901
3 15 23.881 1.095 -30.2146 23.8915 1.0965 -30.2355 23.6 .9737 -28.4805
4 15 25.12 1.2668 -32.5123 25.141 1.2676 -32.5193 25.197 1.2596 -32.3978 25.176 1.2603 -32.4117
3 15 23.79 2.2415 -37.5243 24.352 2.7934 -39.8723 23.895 2.2476 -37.5173
4 15 24.749 2.0202 -36.2331 24.819 2.0523 -36.365 26.9975 2.9198 -39.8723 24.742 2.0018 -36.1498
4 15 23.566 1.1039 -30.3986 23.867 1.0941 -30.2042 23.6 .9737 -28.4805 20 .9558 -28.4805
4 15 24.847 1.3578 -33.1683 24.791 1.3196 -33.0052 24.77 1.3156 -32.9913 24.833 1.3534 -33.151
4 15 24.7455 1.3114 -32.9774 24.819 1.3482 -33.1302 24.833 1.3534 -33.151 24.77 1.3156 -32.9913
3 15 23.783 1.1059 -30.3917 23.8285 1.1036 -30.35 23.741 1.105 -30.3847
3 15 23.741 1.105 -30.3847 23.7585 1.1054 -30.3882 23.783 1.1059 -30.3917
4 15 24.6265 1.2838 -32.8525 24.6545 1.2848 -32.8594 24.609 1.2802 -32.8074 24.574 1.2789 -32.797
4 15 25.6485 1.8638 -35.3168 25.6485 1.8713 -35.3515 25.722 1.8612 -35.289 25.701 1.8542 -35.2613
3 15 21.7005 1.309 -33.4981 21.704 1.3157 -33.5293 21.823 1.3323 -33.5883
3 15 24.203 2.1975 -37.1841 24.1855 2.203 -37.2153 24.352 2.7934 -39.8723
4 15 21.7005 1.309 -33.4981 21.823 1.3323 -33.5883 21.7875 1.2865 -33.3771 21.683 1.301 -33.4634
3 15 24.352 2.7934 -39.8723 24.1855 2.203 -37.2153 24.161 2.2065 -37.2396
3 15 22.1695 1.2114 -32.2104 20 .9558 -28.4805 22.131 1.2114 -32.2173
4 15 25.5715 2.0006 -35.9624 25.547 1.9873 -35.9068 24.805 1.97 -35.9901 24.756 1.9873 -36.0804
4 15 25.0255 1.315 -32.9323 24.973 1.3117 -32.9288 24.8715 1.325 -33.0121 24.889 1.3296 -33.0295
3 15 22.1415 1.5427 -34.5324 20 1.2865 -33.6753 22.1695 1.5518 -34.5706
3 15 22.9605 1.245 -32.5713 22.95 1.1983 -31.8876 22.9115 1.247 -32.6095
3 15 20 1.2865 -33.6753 21.445 1.2776 -33.3037 21.459 1.2735 -33.2412
4 15 22.222 1.4716 -34.1818 22.2605 1.4759 -34.1957 22.887 1.4166 -33.8104 22.8625 1.4121 -33.7931
4 15 24.8855 1.3665 -33.1996 24.847 1.3314 -33.0469 24.8295 1.3275 -33.033 24.875 1.3645 -33.1926
3 15 28.284 1.2865 -32.0863 26.5039 1.6926 -34.3429 26.4948 1.7134 -34.4401
4 15 26.093 1.6901 -34.4213 26.1105 1.6788 -34.3658 25.61 1.4328 -33.3453 26.0685 1.701 -34.4768
3 15 24.5201 2.0628 -36.4788 24.352 2.0424 -36.4223 24.5117 2.0702 -36.5149
3 15 24.63 1.1218 -30.5826 25.4597 .9763 -28.4805 24.6055 1.1201 -30.5583
3 15 23.657 1.6825 -34.9419 23.09 1.7504 -35.3584 23.6605 1.6914 -34.9836
4 15 24.161 1.9043 -35.8513 24.1995 1.9313 -35.9624 24.2485 1.962 -36.0873 24.343 1.9825 -36.1498
3 15 23.0795 1.2409 -32.4915 22.95 1.1983 -31.8876 23.013 1.243 -32.5332
4 15 25.295 1.2174 -31.8008 28.284 1.1168 -29.7746 25.4035 1.1875 -31.3704 25.4 1.1882 -31.3808
3 15 24.352 2.7934 -39.8723 24.21 2.1934 -37.1633 24.203 2.1975 -37.1841
4 15 25.701 1.8542 -35.2613 25.6856 1.8534 -35.2613 25.6639 1.8559 -35.2772 25.6485 1.8638 -35.3168
3 15 25.484 1.7161 -34.6747 25.61 1.4328 -33.3453 25.456 1.6982 -34.5983
3 15 26.338 1.5159 -33.5675 26.366 1.5173 -33.5675 26.387 1.5137 -33.5467
4 15 26.17 1.4346 -33.2308 26.191 1.4379 -33.2412 26.2575 1.4282 -33.1822 26.163 1.426 -33.1926
4 15 25.1795 1.2392 -32.1236 25.1515 1.2383 -32.1167 25.0815 1.2463 -32.2416 25.099 1.2484 -32.2659
4 15 25.239 1.2361 -32.0681 25.26 1.237 -32.075 25.3195 1.2206 -31.839 25.3055 1.2206 -31.8425
3 15 24.8435 1.2486 -32.3249 24.8855 1.2538 -32.3874 24.9345 1.2557 -32.4013
3 15 24.9345 1.2557 -32.4013 24.8645 1.2499 -32.3388 24.8435 1.2486 -32.3249
4 15 23.1425 1.1558 -31.2316 23.1495 1.1592 -31.2802 23.181 1.1588 -31.2698 23.1635 1.1556 -31.2247
4 15 22.929 1.1413 -31.0546 22.9465 1.1396 -31.0268 22.9605 1.1381 -31.0025 20 .9558 -28.4805
4 15 25.0325 1.1681 -31.1865 25.05 1.1689 -31.1934 25.197 1.1587 -31.0233 25.1795 1.1587 -31.0268
3 15 20 .9558 -28.4805 22.9185 1.1426 -31.0754 22.929 1.1413 -31.0546
4 15 24.161 1.9043 -35.8513 24.343 1.9825 -36.1498 24.273 1.9381 -35.9693 24.147 1.8836 -35.7611
3 15 23.895 2.2476 -37.5173 24.352 2.7934 -39.8723 23.93 2.2487 -37.5104
3 15 23.8963 1.097 -30.2415 23.6 .9737 -28.4805 23.8915 1.0965 -30.2355
4 15 22.3165 1.3226 -33.4599 22.2605 1.3133 -33.4252 22.061 1.3319 -33.5467 22.068 1.3417 -33.5918
4 15 24.147 1.8836 -35.7611 24.273 1.9381 -35.9693 24.238 1.9129 -35.8652 24.14 1.859 -35.65
4 15 21.8825 1.4128 -33.9597 20 1.2865 -33.6753 21.8895 1.4372 -34.0742 21.8895 1.4269 -34.0256
4 15 24.714 1.1243 -30.6173 24.742 1.1246 -30.6207 24.784 1.1247 -30.6207 25.4597 .9763 -28.4805
4 15 25.0325 1.1818 -31.3739 25.0535 1.1829 -31.3843 25.064 1.1772 -31.3045 25.036 1.1765 -31.301
4 15 25.225 1.1785 -31.2871 25.2005 1.1784 -31.2906 25.148 1.1865 -31.4121 25.176 1.188 -31.426
4 15 22.3375 1.4852 -34.2269 22.3515 1.4893 -34.2443 23.0165 1.4615 -34.0013 22.9465 1.4378 -33.9007
3 15 24.483 1.1138 -30.4715 25.4597 .9763 -28.4805 24.462 1.1133 -30.4645
4 15 23.734 1.1157 -30.5444 23.741 1.1177 -30.5721 23.755 1.1176 -30.5687 23.762 1.1161 -30.5444
4 15 22.404 1.2691 -33.0191 22.446 1.2654 -32.9566 22.39 1.2612 -32.9045 22.264 1.2649 -32.9809
4 15 23.2055 1.5201 -34.2478 22.383 1.5117 -34.345 22.3865 1.5242 -34.404 23.09 1.7504 -35.3584
3 15 25.288 1.1574 -30.9852 28 1.0172 -28.4805 25.267 1.156 -30.9713
4 15 24.168 1.101 -30.2945 24.189 1.102 -30.3084 25.4597 .9763 -28.4805 24.1505 1.1 -30.2806
3 15 21.774 1.2769 -33.2378 21.7775 1.2736 -33.1892 21.753 1.2676 -33.1059
3 15 20 1.2865 -33.6753 21.3505 1.342 -33.7133 21.3505 1.3347 -33.6785
4 15 23.6255 1.1093 -30.468 23.6395 1.1071 -30.4333 23.6185 1.1066 -30.4298 23.601 1.109 -30.468
4 15 23.601 1.106 -30.4229 23.566 1.1084 -30.4645 23.601 1.109 -30.468 23.6185 1.1066 -30.4298
3 15 21.6515 1.2863 -33.3974 21.7875 1.2865 -33.3771 21.655 1.2847 -33.3731
3 15 24.798 1.3578 -33.1787 24.6615 1.4812 -33.7757 24.8155 1.3616 -33.1926
4 15 25.029 1.2503 -32.3076 24.9975 1.249 -32.2972 24.8855 1.2475 -32.3006 24.8995 1.2485 -32.311
4 15 25.106 1.158 -31.0338 24.9975 1.1657 -31.1622 25.015 1.167 -31.1761 25.1375 1.1585 -31.0338
3 15 25.015 1.167 -31.1761 25.162 1.1587 -31.0303 25.1375 1.1585 -31.0338
4 15 24.9975 1.1746 -31.2837 24.973 1.173 -31.2663 24.9485 1.1746 -31.2941 24.9765 1.1771 -31.3218
4 15 24.9205 1.1688 -31.2212 24.9065 1.1683 -31.2177 24.8995 1.1685 -31.2212 24.896 1.1692 -31.2316
3 15 24.798 2.1147 -36.6565 26.9975 2.9198 -39.8723 24.833 2.1104 -36.6288
3 15 26.163 1.426 -33.1926 26.2575 1.4282 -33.1822 26.338 1.4162 -33.1093
4 15 24.924 1.1724 -31.2698 24.9485 1.1746 -31.2941 24.973 1.173 -31.2663 24.9555 1.1717 -31.2524
4 15 22.908 1.1546 -31.2524 20 .9558 -28.4805 22.95 1.1983 -31.8876 22.922 1.1561 -31.2733
3 15 22.95 1.1983 -31.8876 22.9395 1.1568 -31.2802 22.922 1.1561 -31.2733
4 15 24.833 1.1366 -30.7908 24.8715 1.1376 -30.8047 24.8225 1.1325 -30.7318 24.791 1.1331 -30.7422
3 15 24.3535 1.1129 -30.4611 24.3745 1.1125 -30.4541 25.4597 .9763 -28.4805
3 15 25.379 1.1833 -31.3184 25.414 1.1671 -31.0893 25.3475 1.1808 -31.2906
3 15 25.3475 1.1808 -31.2906 25.358 1.1817 -31.301 25.379 1.1833 -31.3184
4 15 26.4955 1.3104 -32.5887 26.471 1.3145 -32.613 26.4528 1.3186 -32.6359 26.5795 1.3635 -32.8143
3 15 26.0405 1.3889 -33.0493 25.61 1.4328 -33.3453 26.016 1.4069 -33.1371
4 15 24.8505 1.2597 -32.4742 24.826 1.259 -32.4707 24.8365 1.2627 -32.5193 24.8715 1.2638 -32.5262
4 15 23.776 1.1217 -30.6242 23.7795 1.1189 -30.5826 23.762 1.1189 -30.586 23.7445 1.1218 -30.6311
3 15 23.6605 1.6533 -34.8031 23.09 1.7504 -35.3584 23.657 1.6605 -34.8378
3 15 22.334 1.5678 -34.6191 23.09 1.7504 -35.3584 22.355 1.5612 -34.5844
4 15 25.729 1.7505 -34.7788 25.806 1.7466 -34.7441 25.61 1.4328 -33.3453 25.652 1.7536 -34.81
3 15 25.918 1.7346 -34.6643 25.974 1.7252 -34.6087 26.002 1.7197 -34.5775
4 15 25.0745 1.2526 -32.3284 25.057 1.2515 -32.318 24.917 1.2495 -32.3214 24.931 1.2505 -32.3319
4 15 25.561 1.9653 -35.8027 25.5855 1.9552 -35.7506 25.0101 1.9442 -35.8263 24.8995 1.9549 -35.8999
4 15 24.7245 1.2696 -32.6373 24.6895 1.269 -32.6373 24.665 1.2717 -32.6789 24.7 1.273 -32.6894
4 15 24.1505 1.7343 -35.0738 24.147 1.7295 -35.053 24.112 1.7308 -35.0704 24.1365 1.7356 -35.0842
3 15 24.973 1.5497 -34.0222 25.61 1.4328 -33.3453 24.847 1.5233 -33.9285
3 15 21.8895 1.4372 -34.0742 20 1.2865 -33.6753 21.9035 1.4465 -34.1159
4 15 25.0185 1.3048 -32.8872 24.9223 1.2865 -32.8241 24.9415 1.2921 -32.8455 24.9765 1.2998 -32.8733
4 15 24.6895 1.269 -32.6373 24.6475 1.2676 -32.6269 24.6125 1.2691 -32.6546 24.665 1.2717 -32.6789
3 15 21.652 1.2865 -33.3997 21.7875 1.2865 -33.3771 21.6515 1.2863 -33.3974
4 15 25.3055 1.1939 -31.478 25.351 1.1847 -31.3427 25.3405 1.1837 -31.3323 25.288 1.1936 -31.478
3 15 24.8645 1.1316 -30.7179 24.8825 1.1379 -30.8091 24.8925 1.1309 -30.7075
3 15 22.3095 1.5713 -34.64 23.09 1.7504 -35.3584 22.334 1.5678 -34.6191
4 15 22.0383 1.2865 -33.3353 22.0855 1.2858 -33.3176 22.0645 1.2856 -33.3176 22.047 1.2859 -33.3245
4 15 23.685 1.9112 -36.0214 23.8495 1.8211 -35.5667 23.783 1.7894 -35.4279 23.09 1.7504 -35.3584
4 15 23.8495 1.8211 -35.5667 23.685 1.9112 -36.0214 23.8037 1.9154 -36.0214 23.8756 1.8329 -35.6185
4 15 25.4597 .9763 -28.4805 24.3185 1.1112 -30.4368 24.336 1.1124 -30.4541 24.3535 1.1129 -30.4611
4 15 24.658 1.302 -32.9531 24.637 1.3002 -32.9497 24.679 1.3113 -32.9913 24.7175 1.3169 -33.0087
3 15 24.966 1.1311 -30.6971 25.043 1.1473 -30.9019 25.071 1.1488 -30.9158
4 15 24.931 1.2031 -31.6863 24.8995 1.2016 -31.6724 24.8295 1.204 -31.721 24.8645 1.2066 -31.7488
3 15 25.505 1.7345 -34.7545 25.61 1.4328 -33.3453 25.484 1.7161 -34.6747
3 15 23.706 1.1046 -30.3847 23.7235 1.1048 -30.3847 23.8285 1.1036 -30.35
3 15 24.9223 1.2865 -32.8241 25.078 1.3084 -32.8907 25.1025 1.3088 -32.8872
3 15 23.72 2.1775 -37.2535 23.7632 1.9619 -36.2486 23.6941 2.1797 -37.2723
3 15 24.266 1.1065 -30.3708 25.4597 .9763 -28.4805 24.252 1.1055 -30.3569
4 15 23.79 1.119 -30.5826 23.804 1.121 -30.6103 23.811 1.1204 -30.5999 23.8005 1.1196 -30.5895
3 15 23.09 1.7504 -35.3584 23.6605 1.6533 -34.8031 23.6675 1.6426 -34.751
3 15 26.002 1.7197 -34.5775 26.03 1.7128 -34.5393 26.0685 1.701 -34.4768
4 15 25.6485 1.8713 -35.3515 25.638 1.8829 -35.407 25.7304 1.8716 -35.3348 25.722 1.8612 -35.289
4 15 25.918 1.7346 -34.6643 26.002 1.7197 -34.5775 26.0685 1.701 -34.4768 25.61 1.4328 -33.3453
4 15 25.2145 1.1735 -31.2212 25.246 1.1748 -31.2316 25.365 1.166 -31.0858 25.3475 1.1652 -31.0789
4 15 23.9195 1.0995 -30.2771 24.0315 1.1062 -30.3708 24.028 1.1052 -30.3569 23.9055 1.0978 -30.2528
4 15 24.9135 1.187 -31.4711 24.9485 1.1889 -31.4884 24.966 1.1858 -31.4433 24.9345 1.1843 -31.4294
4 15 24.854 1.2528 -32.3805 24.8855 1.2538 -32.3874 24.8435 1.2486 -32.3249 24.8225 1.2475 -32.3145
3 15 23.1425 1.2395 -32.4603 22.95 1.1983 -31.8876 23.0795 1.2409 -32.4915
4 15 25.141 1.2587 -32.3978 25.1235 1.2574 -32.3839 25.057 1.264 -32.488 25.078 1.2651 -32.4985
4 15 24.98 1.1642 -31.1448 25.078 1.1576 -31.0338 25.05 1.1569 -31.0303 24.966 1.1621 -31.1205
4 15 22.9465 1.4378 -33.9007 22.9045 1.4224 -33.8347 22.306 1.4797 -34.2061 22.3375 1.4852 -34.2269
3 15 26.5165 1.3719 -32.8664 26.5445 1.3656 -32.8317 26.352 1.3353 -32.7345
4 15 25.876 1.8429 -35.171 25.939 1.8504 -35.1918 25.925 1.8392 -35.1432 25.8515 1.8312 -35.1224
3 15 23.9321 2.1458 -37.0369 23.7632 1.9619 -36.2486 23.9111 2.1491 -37.0592
4 15 22.95 1.1983 -31.8876 23.4435 1.224 -32.1826 23.4855 1.2221 -32.1479 23.5135 1.2205 -32.1201
4 15 25.1795 1.1587 -31.0268 25.162 1.1587 -31.0303 25.015 1.167 -31.1761 25.0325 1.1681 -31.1865
3 15 24.161 2.0101 -36.3372 24.352 2.0999 -36.6861 24.203 2.0128 -36.3358
4 15 22.173 1.4442 -34.0603 22.173 1.4515 -34.0951 22.67 1.39 -33.7202 22.621 1.3794 -33.6785
4 15 24.9345 1.1843 -31.4294 24.8995 1.182 -31.4051 24.882 1.1855 -31.4572 24.9135 1.187 -31.4711
4 15 25.015 1.1877 -31.4572 24.994 1.1871 -31.4537 24.9835 1.191 -31.5093 25.0115 1.1929 -31.5301
3 15 23.09 1.7504 -35.3584 23.0445 1.8843 -36.0005 23.111 1.8851 -35.9936
3 15 20 1.2865 -33.6753 21.3785 1.3504 -33.748 21.3645 1.3499 -33.748
4 15 25.54 1.8078 -35.0835 25.589 1.8503 -35.2682 25.596 1.8401 -35.2196 25.568 1.8116 -35.0947
4 15 24.8015 1.277 -32.7206 24.84 1.2794 -32.7449 24.8785 1.2713 -32.6269 24.847 1.2711 -32.6304
4 15 24.5355 1.2775 -32.7865 24.5215 1.2773 -32.7865 24.546 1.28 -32.8178 24.5705 1.2814 -32.8317
3 15 26.2225 1.3336 -32.7553 25.61 1.4328 -33.3453 26.1875 1.341 -32.797
4 15 24.7875 1.1784 -31.3808 24.7735 1.1784 -31.3843 24.763 1.1787 -31.3913 24.756 1.1794 -31.4017
4 15 24.056 1.1101 -30.4264 23.9825 1.1063 -30.3743 23.986 1.1076 -30.3917 24.049 1.111 -30.4402
3 15 24.462 1.1133 -30.4645 25.4597 .9763 -28.4805 24.406 1.1125 -30.4541
3 15 23.3455 1.5529 -34.3797 23.09 1.7504 -35.3584 23.4645 1.5805 -34.4907
3 15 22.95 1.1983 -31.8876 23.0655 1.1651 -31.3808 23.0375 1.1641 -31.3704
4 15 25.183 1.1939 -31.5058 25.169 1.1932 -31.4989 25.1375 1.2052 -31.6689 25.169 1.2075 -31.6932
4 15 24.77 1.2487 -32.3423 24.7945 1.2503 -32.3596 24.763 1.245 -32.2937 24.749 1.2448 -32.2937
3 15 26.9975 2.9198 -39.8723 24.847 2.0681 -36.4316 24.854 2.0917 -36.5385
3 15 24.819 2.0523 -36.365 24.847 2.0681 -36.4316 26.9975 2.9198 -39.8723
3 15 21.914 1.261 -32.9809 21.9105 1.2569 -32.9219 21.8895 1.2619 -32.9983
3 15 22.5265 1.9195 -36.2539 20 2.594 -39.8723 22.5615 1.9251 -36.2747
4 15 25.078 1.1576 -31.0338 24.98 1.1642 -31.1448 24.9975 1.1657 -31.1622 25.106 1.158 -31.0338
3 15 23.447 1.1092 -30.4958 20 .9558 -28.4805 23.4435 1.1098 -30.5062
3 15 26.135 1.6407 -34.1853 26.135 1.6226 -34.102 26.1315 1.6058 -34.0256
4 15 26.1105 1.6788 -34.3658 26.135 1.6407 -34.1853 26.1315 1.6058 -34.0256 25.61 1.4328 -33.3453
3 15 26.1315 1.6058 -34.0256 26.1294 1.5942 -33.9729 25.61 1.4328 -33.3453
4 15 24.413 1.3938 -33.4286 24.455 1.4139 -33.5119 24.616 1.3234 -33.0607 24.5915 1.3199 -33.0503
3 15 26.1 1.5469 -33.7618 26.079 1.5224 -33.6543 26.044 1.4943 -33.5328
4 15 26.1294 1.5942 -33.9729 26.1 1.5469 -33.7618 26.044 1.4943 -33.5328 25.61 1.4328 -33.3453
3 15 21.445 1.2797 -33.3349 21.445 1.2776 -33.3037 20 1.2865 -33.6753
3 15 20 1.2865 -33.6753 21.4415 1.2814 -33.3592 21.445 1.2797 -33.3349
4 15 24.798 1.1361 -30.7839 24.833 1.1366 -30.7908 24.791 1.1331 -30.7422 24.777 1.1336 -30.7492
4 15 26.163 1.426 -33.1926 26.338 1.4162 -33.1093 26.198 1.3853 -32.9983 26.17 1.4067 -33.1024
4 15 24.8715 1.2605 -32.4811 24.8505 1.2597 -32.4742 24.8715 1.2638 -32.5262 24.8995 1.265 -32.5366
3 15 22.81 1.9478 -36.3407 20 2.594 -39.8723 22.852 1.9485 -36.3372
4 15 24.749 1.2448 -32.2937 24.7385 1.2451 -32.3006 24.7385 1.2459 -32.311 24.77 1.2487 -32.3423
4 15 25.1515 1.2383 -32.1167 25.1235 1.2373 -32.1097 25.057 1.2439 -32.2139 25.0815 1.2463 -32.2416
4 15 22.278 1.2504 -32.7657 22.0925 1.2609 -32.9497 22.1555 1.2623 -32.9601 22.341 1.2571 -32.8525
4 15 22.264 1.2649 -32.9809 22.39 1.2612 -32.9045 22.341 1.2571 -32.8525 22.1555 1.2623 -32.9601
3 15 22.0995 1.2118 -32.2277 20 .9558 -28.4805 22.061 1.2128 -32.2486
4 15 24.9975 1.249 -32.2972 24.9625 1.2474 -32.2833 24.868 1.2462 -32.2867 24.8855 1.2475 -32.3006
3 15 23.181 1.8876 -35.9936 23.2475 1.8914 -36.0005 23.293 1.8937 -36.004
3 15 22.95 1.1983 -31.8876 22.397 1.2201 -32.3006 22.4285 1.2226 -32.3319
3 15 25.3895 1.6678 -34.4734 25.61 1.4328 -33.3453 25.3055 1.6389 -34.3588
4 15 24.826 1.1787 -31.3774 24.805 1.1784 -31.3774 24.763 1.1808 -31.419 24.791 1.182 -31.4294
3 15 25.3055 1.6389 -34.3588 25.61 1.4328 -33.3453 25.183 1.6013 -34.2131
4 15 23.4505 1.1666 -31.3392 23.4085 1.1657 -31.3323 23.356 1.1649 -31.3288 22.95 1.1983 -31.8876
3 15 22.131 1.2114 -32.2173 20 .9558 -28.4805 22.0995 1.2118 -32.2277
4 15 23.2755 1.9363 -36.2088 23.2335 1.9356 -36.2123 23.209 1.9362 -36.2192 20 2.594 -39.8723
4 15 25.246 1.1921 -31.4676 25.267 1.193 -31.4746 25.323 1.1824 -31.3184 25.309 1.1817 -31.3114
3 15 22.95 1.1983 -31.8876 23.678 1.1728 -31.3913 23.6535 1.1723 -31.3878
4 15 25.127 1.1502 -30.9227 25.0185 1.1327 -30.7075 25.0045 1.1319 -30.7006 25.092 1.1497 -30.9227
3 15 24.0665 1.0958 -30.2216 23.6 .9737 -28.4805 24.063 1.0968 -30.2355
4 15 25.3405 1.1837 -31.3323 25.323 1.1824 -31.3184 25.267 1.193 -31.4746 25.288 1.1936 -31.478
4 15 22.9675 1.8852 -36.0179 23.0445 1.8843 -36.0005 23.09 1.7504 -35.3584 22.8842 1.883 -36.0214
3 15 20 1.2865 -33.6753 21.354 1.3473 -33.7376 21.3505 1.342 -33.7133
3 15 22.8975 1.1516 -31.2108 22.894 1.1499 -31.1865 20 .9558 -28.4805
4 15 24.352 1.7596 -35.1229 24.364 1.7556 -35.1016 24.378 1.7215 -34.9419 24.352 1.7301 -34.9871
4 15 22.208 1.2121 -32.2139 22.25 1.213 -32.2208 22.95 1.1983 -31.8876 20 .9558 -28.4805
4 15 25.617 1.894 -35.4626 25.596 1.9005 -35.4973 25.7255 1.8931 -35.4348 25.7304 1.8814 -35.38
3 15 20 1.2865 -33.6753 22.4565 1.9031 -36.188 22.46 1.8996 -36.1706
3 15 26.016 1.4069 -33.1371 25.61 1.4328 -33.3453 26.009 1.4283 -33.2371
3 15 25.5995 1.9868 -35.893 26.9975 2.9198 -39.8723 25.6415 1.9737 -35.8235
4 15 25.05 1.1339 -30.7179 25.0325 1.1334 -30.7144 25.155 1.1507 -30.9227 25.176 1.1513 -30.9262
3 15 24.7105 1.3385 -33.1093 24.6615 1.4812 -33.7757 24.735 1.3442 -33.1302
3 15 24.119 1.0981 -30.2528 25.4597 .9763 -28.4805 24.105 1.0971 -30.2389
4 15 23.9755 1.1049 -30.3535 24.056 1.1094 -30.416 24.0525 1.1084 -30.4021 23.9615 1.1032 -30.3292
4 15 25.078 1.1897 -31.4711 25.05 1.189 -31.4676 25.0395 1.1957 -31.5613 25.064 1.1986 -31.596
3 15 23.5933 2.2228 -37.5041 24.352 2.7934 -39.8723 23.678 2.2319 -37.5173
4 15 24.721 1.2186 -31.9431 24.714 1.2195 -31.957 24.721 1.2204 -31.9674 24.735 1.2186 -31.9397
4 15 25.106 1.1703 -31.2004 25.26 1.1605 -31.0338 25.2355 1.1596 -31.0268 25.0815 1.1699 -31.2004
3 15 23.0375 1.1331 -30.9158 20 .9558 -28.4805 23.013 1.1343 -30.9366
4 15 23.0725 1.9343 -36.2331 23.048 1.9305 -36.2192 23.0305 1.9284 -36.2123 20 2.594 -39.8723
3 15 28 1.0172 -28.4805 25.05 1.1299 -30.6624 25.0675 1.1317 -30.6832
4 15 24.8995 1.3694 -33.21 24.896 1.3723 -33.2239 25.141 1.3175 -32.9184 25.1025 1.3179 -32.9288
4 15 25.0325 1.2751 -32.6442 25.0465 1.2761 -32.6546 25.0535 1.2693 -32.5609 25.022 1.2683 -32.554
4 15 21.781 1.2382 -32.6685 21.8965 1.2263 -32.4742 20 .9558 -28.4805 20 1.2865 -33.6753
3 15 24.105 1.0971 -30.2389 25.4597 .9763 -28.4805 24.0945 1.0963 -30.2285
4 15 24.217 2.1169 -36.8093 24.035 1.9964 -36.3164 23.944 1.9837 -36.2886 24.1099 2.1287 -36.8995
4 15 23.5555 1.1109 -30.5027 23.5205 1.1105 -30.5027 23.496 1.1279 -30.763 23.5345 1.1272 -30.7457
4 15 25.1095 1.2037 -31.655 25.1375 1.2052 -31.6689 25.169 1.1932 -31.4989 25.155 1.1925 -31.4919
3 15 24.3185 1.1112 -30.4368 25.4597 .9763 -28.4805 24.28 1.1077 -30.3882
3 15 24.28 1.1077 -30.3882 24.3045 1.1099 -30.4194 24.3185 1.1112 -30.4368
3 15 22.537 1.2744 -33.0746 22.5615 1.2735 -33.0573 22.5475 1.2724 -33.0434
4 15 22.5265 1.271 -33.026 22.5195 1.2737 -33.0677 22.537 1.2744 -33.0746 22.5475 1.2724 -33.0434
3 15 24.8365 1.3656 -33.2065 24.6615 1.4812 -33.7757 24.8575 1.3689 -33.2169
3 15 24.4725 2.1453 -36.8683 24.371 2.1623 -36.9689 24.352 2.1658 -36.9889
3 15 24.7875 1.1967 -31.6307 24.7805 1.1969 -31.6342 24.777 1.1973 -31.6412
3 15 24.777 1.1973 -31.6412 24.805 1.1973 -31.6342 24.7875 1.1967 -31.6307
4 15 24.231 1.8142 -35.414 24.21 1.7749 -35.2404 24.182 1.7925 -35.3307 24.21 1.8474 -35.5736
4 15 24.9345 1.3076 -32.9184 24.896 1.302 -32.9011 24.8295 1.3147 -32.974 24.8505 1.3195 -32.9913
3 15 22.901 1.1531 -31.2316 22.8975 1.1516 -31.2108 20 .9558 -28.4805
3 15 21.431 1.3507 -33.741 21.4065 1.3513 -33.748 21.8825 1.4128 -33.9597
3 15 28 1.0172 -28.4805 25.0255 1.1282 -30.645 25.05 1.1299 -30.6624
4 15 25.2495 1.1792 -31.2906 25.225 1.1785 -31.2871 25.176 1.188 -31.426 25.204 1.1897 -31.4433
3 15 23.09 1.7504 -35.3584 23.783 1.7894 -35.4279 23.755 1.7738 -35.3584
4 15 23.7165 1.6487 -34.7719 23.748 1.6534 -34.7892 23.804 1.6488 -34.758 23.769 1.6425 -34.7337
3 15 22.3655 1.5557 -34.5567 23.09 1.7504 -35.3584 22.3725 1.5494 -34.5254
3 15 23.1165 2.7037 -39.8723 23.7632 1.9619 -36.2486 23.7025 1.9572 -36.2366
4 15 25.19 1.2167 -31.8147 25.1725 1.2154 -31.8008 25.106 1.2294 -32.0056 25.1235 1.2309 -32.023
4 15 23.8565 1.1056 -30.3743 23.902 1.1108 -30.4437 23.93 1.1118 -30.4541 23.8985 1.1079 -30.4021
3 15 23.874 1.1095 -30.4298 23.902 1.1108 -30.4437 23.8565 1.1056 -30.3743
4 15 23.7165 1.6326 -34.6955 23.6675 1.6228 -34.6573 23.6675 1.6426 -34.751 23.6885 1.6448 -34.758
4 15 23.468 1.1286 -30.7769 23.496 1.1279 -30.763 23.5205 1.1105 -30.5027 23.503 1.1105 -30.5062
4 15 25.1165 1.2504 -32.2902 25.1305 1.2522 -32.311 25.239 1.2402 -32.1236 25.2075 1.2399 -32.1271
3 15 23.7095 1.7458 -35.2335 23.09 1.7504 -35.3584 23.727 1.7582 -35.289
3 15 24.504 1.1143 -30.4784 25.4597 .9763 -28.4805 24.483 1.1138 -30.4715
4 15 26.352 1.3353 -32.7345 26.5445 1.3656 -32.8317 26.5585 1.3625 -32.8143 26.415 1.3232 -32.6651
4 15 24.9275 1.2668 -32.554 24.9555 1.269 -32.5783 24.917 1.263 -32.5054 24.889 1.2613 -32.488
4 15 24.434 1.6886 -34.7788 24.42 1.6948 -34.81 24.462 1.6953 -34.8031 24.455 1.6896 -34.7788
3 15 21.9035 1.4465 -34.1159 20 1.2865 -33.6753 21.9175 1.4535 -34.1471
4 15 24.735 1.2186 -31.9397 24.721 1.2204 -31.9674 24.735 1.2214 -31.9778 24.763 1.2185 -31.9327
3 15 23.8075 1.1067 -30.3986 23.8285 1.1036 -30.35 23.783 1.1059 -30.3917
4 15 24.756 1.2225 -31.9882 24.784 1.2191 -31.9362 24.763 1.2185 -31.9327 24.735 1.2214 -31.9778
3 15 24.532 1.1153 -30.4923 25.4597 .9763 -28.4805 24.504 1.1143 -30.4784
4 15 25.995 1.9226 -35.5112 25.82 1.9279 -35.5736 26.9975 2.9198 -39.8723 26.016 1.9312 -35.5459
4 15 24.35 1.2932 -32.9809 24.3411 1.299 -33.0103 24.329 1.3197 -33.1093 24.352 1.2927 -32.9779
3 15 24.3411 1.299 -33.0103 24.3384 1.3021 -33.0256 24.329 1.3197 -33.1093
4 15 22.5615 1.2745 -33.0712 22.5615 1.2735 -33.0573 22.537 1.2744 -33.0746 22.551 1.2748 -33.0781
3 15 20 .9558 -28.4805 23.0375 1.1331 -30.9158 23.069 1.1323 -30.8984
4 15 25.176 1.1513 -30.9262 25.197 1.1521 -30.9331 25.064 1.1342 -30.7179 25.05 1.1339 -30.7179
3 15 23.013 1.243 -32.5332 22.95 1.1983 -31.8876 22.9605 1.245 -32.5713
4 15 23.545 1.1689 -31.3566 23.496 1.1676 -31.3461 23.4505 1.1666 -31.3392 22.95 1.1983 -31.8876
4 15 25.1235 1.2373 -32.1097 25.099 1.2361 -32.0993 25.0325 1.2417 -32.1896 25.057 1.2439 -32.2139
3 15 25.085 1.5754 -34.1159 25.61 1.4328 -33.3453 24.973 1.5497 -34.0222
4 15 24.21 1.7749 -35.2404 24.231 1.8142 -35.414 24.28 1.7822 -35.2508 24.259 1.7573 -35.1432
4 15 22.2395 1.2455 -32.6998 21.956 1.2539 -32.8698 22.0015 1.2596 -32.9462 22.0435 1.2601 -32.9462
4 15 24.994 1.1871 -31.4537 24.966 1.1858 -31.4433 24.9485 1.1889 -31.4884 24.9835 1.191 -31.5093
3 15 24.6825 1.124 -30.6138 24.714 1.1243 -30.6173 25.4597 .9763 -28.4805
3 15 25.4597 .9763 -28.4805 24.665 1.1238 -30.6103 24.6825 1.124 -30.6138
3 15 24.0665 1.0958 -30.2216 24.0735 1.0949 -30.2077 23.6 .9737 -28.4805
4 15 25.2355 1.1958 -31.5197 25.2075 1.1951 -31.5162 25.19 1.2093 -31.714 25.2075 1.2116 -31.7418
4 15 26.632 1.4454 -33.1787 26.548 1.4051 -33.0121 26.506 1.4174 -33.0781 26.618 1.4462 -33.1857
3 15 23.678 1.7198 -35.1155 23.09 1.7504 -35.3584 23.6955 1.7351 -35.1849
4 15 24.805 1.1784 -31.3774 24.7875 1.1784 -31.3808 24.756 1.1794 -31.4017 24.763 1.1808 -31.419
3 15 25.393 1.1647 -31.0615 28 1.0172 -28.4805 25.379 1.1637 -31.0511
4 15 23.5765 1.1052 -30.416 23.482 1.1084 -30.4784 23.503 1.1082 -30.4715 23.5905 1.1056 -30.4194
3 15 20 .9558 -28.4805 21.8965 1.2263 -32.4742 21.9665 1.22 -32.37
3 15 21.9665 1.22 -32.37 22.0085 1.2157 -32.3006 20 .9558 -28.4805
3 15 22.201 1.5616 -34.6122 20 1.2865 -33.6753 22.2325 1.5693 -34.6434
4 15 24.7665 1.1501 -30.9852 24.7735 1.1508 -30.9956 24.805 1.1482 -30.9574 24.777 1.1481 -30.9574
4 15 25.456 1.8591 -35.3376 25.407 1.8764 -35.4279 25.568 1.9211 -35.5979 25.561 1.917 -35.5806
3 15 22.95 1.1983 -31.8876 22.5755 1.2326 -32.4533 22.649 1.2367 -32.5019
4 15 24.056 1.1094 -30.416 23.9755 1.1049 -30.3535 23.9825 1.1063 -30.3743 24.056 1.1101 -30.4264
4 15 22.929 1.93 -36.2366 20 2.594 -39.8723 22.9745 1.9257 -36.2088 22.9535 1.9272 -36.2192
3 15 25.407 1.8764 -35.4279 25.351 1.8911 -35.5077 25.568 1.9211 -35.5979
3 15 22.2395 1.2455 -32.6998 22.2115 1.2428 -32.6651 21.956 1.2539 -32.8698
4 15 23.538 1.1081 -30.4645 23.601 1.106 -30.4229 23.5905 1.1056 -30.4194 23.503 1.1082 -30.4715
4 15 24.875 1.3645 -33.1926 24.8295 1.3275 -33.033 24.812 1.3237 -33.0191 24.861 1.3615 -33.1822
3 15 24.6055 1.1201 -30.5583 25.4597 .9763 -28.4805 24.588 1.1188 -30.5409
4 15 24.791 1.3196 -33.0052 24.847 1.3578 -33.1683 24.861 1.3615 -33.1822 24.812 1.3237 -33.0191
4 15 23.7445 1.1218 -30.6311 23.762 1.1189 -30.586 23.748 1.1187 -30.586 23.706 1.1223 -30.645
4 15 25.379 1.1665 -31.0893 25.365 1.166 -31.0858 25.246 1.1748 -31.2316 25.274 1.176 -31.242
4 15 25.3475 1.1652 -31.0789 25.3265 1.1641 -31.0685 25.1865 1.1726 -31.2142 25.2145 1.1735 -31.2212
4 15 24.938 1.1597 -31.0928 25.0185 1.1559 -31.0233 24.9695 1.1538 -31.006 24.9065 1.1571 -31.065
4 15 24.9275 1.1521 -30.9921 24.875 1.1553 -31.0476 24.9065 1.1571 -31.065 24.9695 1.1538 -31.006
4 15 25.1235 1.2574 -32.3839 25.106 1.2556 -32.3631 25.0395 1.2627 -32.4742 25.057 1.264 -32.488
3 15 24.882 1.2324 -32.0958 24.98 1.2271 -32.0021 24.9625 1.226 -31.9917
3 15 22.95 1.1983 -31.8876 23.0165 1.1627 -31.3531 23.0095 1.1609 -31.3288
4 15 23.9965 1.8878 -35.8305 23.832 1.9174 -36.0214 24.021 1.9009 -35.8825 24.014 1.8951 -35.8582
3 15 24.007 1.915 -35.952 24.0245 1.9087 -35.9172 24.021 1.9009 -35.8825
4 15 24.8925 1.3676 -33.203 24.868 1.3362 -33.0642 24.847 1.3314 -33.0469 24.8855 1.3665 -33.1996
3 15 25.092 1.1497 -30.9227 25.0045 1.1319 -30.7006 24.9905 1.1315 -30.6971
4 15 25.0045 1.24 -32.1722 25.0325 1.2417 -32.1896 25.099 1.2361 -32.0993 25.0675 1.2344 -32.082
4 15 25.953 1.8874 -35.3584 25.953 1.8723 -35.289 25.8935 1.8724 -35.3029 25.89 1.8844 -35.3584
3 15 25.3755 1.1868 -31.367 25.3685 1.1862 -31.36 25.316 1.1953 -31.4954
3 15 25.316 1.1953 -31.4954 25.379 1.1874 -31.3739 25.3755 1.1868 -31.367
3 15 25.309 1.1588 -30.9991 28 1.0172 -28.4805 25.288 1.1574 -30.9852
4 15 24.966 1.1311 -30.6971 25.071 1.1488 -30.9158 25.092 1.1497 -30.9227 24.9905 1.1315 -30.6971
3 15 24.588 1.1188 -30.5409 25.4597 .9763 -28.4805 24.5705 1.1176 -30.5235
4 15 25.26 1.237 -32.075 25.2775 1.2383 -32.0889 25.33 1.22 -31.8286 25.3195 1.2206 -31.839
4 15 24.637 1.3002 -32.9497 24.623 1.3003 -32.9531 24.6475 1.3083 -32.9844 24.679 1.3113 -32.9913
4 15 23.7632 1.9619 -36.2486 23.9776 2.14 -36.9953 24.0525 2.1332 -36.9391 23.825 1.9691 -36.2609
4 15 25.106 1.1906 -31.478 25.078 1.1897 -31.4711 25.064 1.1986 -31.596 25.085 1.2015 -31.6307
4 15 24.931 1.2505 -32.3319 24.9345 1.2516 -32.3457 25.092 1.2541 -32.3457 25.0745 1.2526 -32.3284
4 15 23.1215 1.1594 -31.2871 23.118 1.1562 -31.242 23.0935 1.1564 -31.249 23.0865 1.1597 -31.2975
4 15 24.406 1.7077 -34.8725 24.448 1.7203 -34.9211 24.462 1.6953 -34.8031 24.42 1.6948 -34.81
4 15 22.2605 1.4759 -34.1957 22.306 1.4797 -34.2061 22.9045 1.4224 -33.8347 22.887 1.4166 -33.8104
3 15 26.506 1.4174 -33.0781 26.4528 1.43 -33.1475 26.408 1.4407 -33.2065
4 15 26.359 1.4535 -33.2759 26.618 1.4462 -33.1857 26.506 1.4174 -33.0781 26.408 1.4407 -33.2065
3 15 24.714 1.3069 -32.9636 24.7735 1.3301 -33.0573 24.798 1.3389 -33.092
3 15 24.798 1.3389 -33.092 24.7455 1.3114 -32.9774 24.714 1.3069 -32.9636
4 15 24.224 2.1869 -37.1286 24.352 2.7934 -39.8723 24.352 2.1658 -36.9889 24.252 2.1814 -37.0939
3 15 28.284 1.2865 -32.0863 26.492 1.3065 -32.5713 26.4955 1.3104 -32.5887
4 15 23.5933 2.2228 -37.5041 23.5667 2.2193 -37.4965 23.1165 2.7037 -39.8723 24.352 2.7934 -39.8723
3 15 23.9916 1.6999 -34.9686 24.0105 1.6871 -34.9038 24.0041 1.6856 -34.899
3 15 24.9905 1.2752 -32.6546 24.9625 1.2739 -32.6442 24.9223 1.2865 -32.8241
4 15 24.798 2.1147 -36.6565 24.6195 2.1304 -36.7676 24.4725 2.1453 -36.8683 26.9975 2.9198 -39.8723
4 15 24.434 2.0248 -36.3233 24.352 2.0424 -36.4223 24.5201 2.0628 -36.4788 24.518 2.056 -36.4483
3 15 23.5513 2.2154 -37.484 23.5506 2.2086 -37.4528 23.1165 2.7037 -39.8723
3 15 21.354 1.3217 -33.6161 21.361 1.3146 -33.5814 20 1.2865 -33.6753
3 15 24.854 2.0917 -36.5385 24.847 2.1065 -36.6079 26.9975 2.9198 -39.8723
3 15 20 1.2865 -33.6753 21.375 1.3026 -33.5224 21.382 1.297 -33.4946
3 15 24.7876 1.2865 -32.8537 24.728 1.2917 -32.8907 24.7595 1.2985 -32.915
3 15 23.72 2.1775 -37.2535 23.7501 2.1756 -37.2348 23.7632 1.9619 -36.2486
3 15 25.0535 1.2782 -32.6824 25.0395 1.2777 -32.6789 24.9223 1.2865 -32.8241
4 15 23.8187 2.1706 -37.189 23.8558 2.1653 -37.1522 23.8824 2.1579 -37.1091 23.7632 1.9619 -36.2486
3 15 24.3411 1.299 -33.0103 24.3395 1.3001 -33.0156 24.3384 1.3021 -33.0256
4 15 24.049 1.696 -34.9315 23.993 1.7002 -34.9697 24.112 1.7141 -34.994 24.0805 1.7043 -34.9593
3 15 26.3485 1.7771 -34.7649 28.284 1.2865 -32.0863 26.3975 1.7636 -34.692
3 15 24.973 1.1253 -30.6173 25.001 1.1268 -30.6311 25.4597 .9763 -28.4805
3 15 28.284 1.2865 -32.0863 26.45 1.7464 -34.6018 26.3975 1.7636 -34.692
3 15 23.993 1.7002 -34.9697 24.049 1.696 -34.9315 24.0105 1.6871 -34.9038
3 15 23.9321 2.1458 -37.0369 23.9776 2.14 -36.9953 23.7632 1.9619 -36.2486
3 15 22.0383 1.2865 -33.3353 22.033 1.2877 -33.3419 22.026 1.2919 -33.3627
4 15 24.9135 1.2856 -32.8143 24.9223 1.2865 -32.8241 24.9625 1.2739 -32.6442 24.9275 1.2724 -32.6304
3 15 20 1.2865 -33.6753 21.368 1.3082 -33.5501 21.375 1.3026 -33.5224
3 15 24.9415 1.1246 -30.6138 24.973 1.1253 -30.6173 25.4597 .9763 -28.4805
3 15 21.361 1.3146 -33.5814 21.368 1.3082 -33.5501 20 1.2865 -33.6753
4 15 24.352 1.3554 -33.2659 24.4725 1.309 -33.026 24.4305 1.3002 -32.9948 24.352 1.2927 -32.9779
3 15 24.352 1.3554 -33.2659 24.504 1.3127 -33.0364 24.4725 1.309 -33.026
3 15 22.0383 1.2865 -33.3353 22.11 1.2863 -33.3211 22.0855 1.2858 -33.3176
4 15 23.9545 1.6761 -34.8621 23.846 1.6708 -34.8552 23.881 1.6772 -34.8795 24.0041 1.6856 -34.899
4 15 21.6585 1.2936 -33.4321 21.683 1.301 -33.4634 21.7875 1.2865 -33.3771 21.652 1.2865 -33.3997
3 15 24.0473 2.2481 -37.4687 24.352 2.7934 -39.8723 24.063 2.2455 -37.4514
3 15 24.7876 1.2865 -32.8537 24.7 1.2832 -32.8282 24.651 1.2817 -32.8178
3 15 23.8963 1.097 -30.2415 23.9055 1.0978 -30.2528 24.028 1.1052 -30.3569
4 15 25.5995 2.0057 -35.9797 26.9975 2.9198 -39.8723 25.5995 1.9868 -35.893 25.596 1.9972 -35.9415
3 15 22.1134 1.2865 -33.3227 22.11 1.2863 -33.3211 22.0383 1.2865 -33.3353
3 15 24.9223 1.2865 -32.8241 25.0255 1.277 -32.672 25.0045 1.2759 -32.6616
3 15 28.284 1.2865 -32.0863 26.66 1.4558 -33.2204 26.66 1.4739 -33.3037
3 15 23.832 1.9174 -36.0214 23.9405 1.8641 -35.7402 23.902 1.8462 -35.6708
3 15 24.6946 1.2865 -32.8741 24.728 1.2917 -32.8907 24.7876 1.2865 -32.8537
4 15 23.93 1.1118 -30.4541 23.9323 1.1119 -30.455 23.9248 1.1088 -30.4108 23.8985 1.1079 -30.4021
3 15 28.284 1.2865 -32.0863 26.59 1.3671 -32.8282 26.59 1.3739 -32.8594
3 15 24.9306 1.1245 -30.6151 24.9415 1.1246 -30.6138 25.4597 .9763 -28.4805
3 15 28.284 1.2865 -32.0863 26.4808 1.7302 -34.5206 26.45 1.7464 -34.6018
3 15 24.352 1.2927 -32.9779 24.4305 1.3002 -32.9948 24.3885 1.2929 -32.9705
3 15 24.9223 1.2865 -32.8241 25.0045 1.2759 -32.6616 24.9905 1.2752 -32.6546
3 15 24.224 2.1869 -37.1286 24.21 2.1934 -37.1633 24.352 2.7934 -39.8723
4 15 25.0255 1.1282 -30.645 28 1.0172 -28.4805 25.4597 .9763 -28.4805 25.001 1.1268 -30.6311
4 15 24.8015 1.2884 -32.8594 24.7876 1.2865 -32.8537 24.7595 1.2985 -32.915 24.7875 1.3051 -32.9393
3 15 28.284 1.2865 -32.0863 26.646 1.4491 -33.1926 26.66 1.4558 -33.2204
3 15 24.9086 1.1306 -30.704 24.8925 1.1309 -30.7075 24.8825 1.1379 -30.8091
4 15 24.352 1.3554 -33.2659 24.352 1.2927 -32.9779 24.329 1.3197 -33.1093 24.3395 1.3461 -33.2273
4 15 24.8715 1.1376 -30.8047 24.8825 1.1379 -30.8091 24.8645 1.1316 -30.7179 24.8225 1.1325 -30.7318
4 15 24.238 2.0111 -36.3164 24.203 2.0128 -36.3358 24.352 2.0999 -36.6861 24.352 2.0424 -36.4223
3 15 23.1165 2.7037 -39.8723 23.5667 2.2193 -37.4965 23.5513 2.2154 -37.484
3 15 20 1.2865 -33.6753 21.3925 1.2923 -33.4703 21.406 1.2865 -33.4407
3 15 20 1.2865 -33.6753 21.382 1.297 -33.4946 21.3925 1.2923 -33.4703
3 15 24.7876 1.2865 -32.8537 24.7595 1.2852 -32.8421 24.7 1.2832 -32.8282
4 15 23.6941 2.1797 -37.2723 23.7632 1.9619 -36.2486 23.6171 2.1913 -37.3514 23.6724 2.1834 -37.2966
3 15 20 1.2865 -33.6753 21.3505 1.3289 -33.6508 21.354 1.3217 -33.6161
4 15 25.6415 1.9737 -35.8235 26.9975 2.9198 -39.8723 25.701 1.9592 -35.7437 25.6625 1.9672 -35.7888
3 15 26.037 1.9367 -35.5667 26.016 1.9312 -35.5459 26.9975 2.9198 -39.8723
3 15 28.284 1.2865 -32.0863 26.4745 1.3049 -32.5679 26.492 1.3065 -32.5713
4 15 23.832 1.9174 -36.0214 23.902 1.8462 -35.6708 23.8756 1.8329 -35.6185 23.8037 1.9154 -36.0214
3 15 23.7851 2.1732 -37.2119 23.8187 2.1706 -37.189 23.7632 1.9619 -36.2486
4 15 21.9105 1.3142 -33.4877 21.8965 1.3122 -33.4807 21.886 1.3133 -33.4877 21.8825 1.3161 -33.5015
4 15 24.4655 1.6335 -34.5185 24.42 1.6306 -34.515 24.434 1.638 -34.5463 24.4515 1.6396 -34.5497
4 15 23.4435 1.2497 -32.5609 23.4645 1.2457 -32.4985 23.433 1.2458 -32.5054 23.419 1.2497 -32.5644
4 15 24.679 1.1778 -31.3843 24.672 1.1802 -31.419 24.693 1.1802 -31.419 24.6895 1.179 -31.4017
4 15 23.545 1.2464 -32.495 23.51 1.2503 -32.5575 23.545 1.2507 -32.5575 23.58 1.247 -32.4985
4 15 23.9475 1.1316 -30.7422 23.958 1.132 -30.7457 23.9615 1.1304 -30.7214 23.9475 1.13 -30.7179
4 15 22.138 1.2196 -32.3353 22.1415 1.2205 -32.3492 22.152 1.2207 -32.3492 22.145 1.2192 -32.3284
4 15 24.5425 1.2399 -32.2729 24.553 1.2403 -32.2763 24.5565 1.2381 -32.2451 24.546 1.2374 -32.2381
4 15 23.566 1.1363 -30.8741 23.5275 1.134 -30.8463 23.4995 1.1343 -30.8567 23.538 1.1367 -30.8845
4 15 24.4375 1.1193 -30.5513 24.413 1.1195 -30.5548 24.399 1.1212 -30.5791 24.413 1.122 -30.5895
4 15 23.517 1.9243 -36.1116 23.545 1.9268 -36.1186 23.5555 1.9184 -36.0769 23.5275 1.9166 -36.0734
4 15 24.6195 1.1569 -31.0858 24.595 1.1568 -31.0858 24.588 1.1595 -31.124 24.602 1.16 -31.1309
4 15 23.5975 1.2517 -32.5644 23.615 1.2479 -32.5054 23.58 1.247 -32.4985 23.573 1.2512 -32.5609
3 15 23.58 1.247 -32.4985 23.545 1.2507 -32.5575 23.573 1.2512 -32.5609
4 15 23.356 1.5152 -34.1992 23.412 1.5288 -34.2547 23.426 1.5103 -34.1645 23.363 1.4934 -34.0951
4 15 24.6195 1.1978 -31.6724 24.5985 1.198 -31.6759 24.567 1.2004 -31.7106 24.574 1.2009 -31.7175
3 15 22.2605 1.5462 -34.5289 22.243 1.5507 -34.5532 22.2605 1.5491 -34.5428
4 15 23.8845 1.1631 -31.2142 23.916 1.1663 -31.2559 23.93 1.1655 -31.242 23.902 1.1625 -31.2038
4 15 23.8915 1.1388 -30.8567 23.8985 1.1391 -30.8602 23.937 1.1346 -30.7873 23.9195 1.1339 -30.7804
4 15 24.602 1.2019 -31.7314 24.616 1.2024 -31.7383 24.6615 1.1993 -31.6932 24.651 1.1986 -31.6828
3 15 23.069 1.1436 -31.065 23.083 1.1454 -31.0893 23.0795 1.1445 -31.0754
4 15 23.713 1.932 -36.1151 23.769 1.9332 -36.1116 23.734 1.9261 -36.0838 23.685 1.9244 -36.0838
4 15 23.146 1.4536 -33.9423 23.195 1.4685 -34.0048 23.188 1.4463 -33.9007 23.153 1.4362 -33.859
4 15 23.2265 1.9009 -36.0491 23.209 1.9018 -36.0561 23.2055 1.9038 -36.0665 23.223 1.9067 -36.0769
4 15 24.476 1.6249 -34.4768 24.42 1.6222 -34.4768 24.42 1.6306 -34.515 24.4655 1.6335 -34.5185
4 15 24.5219 1.2389 -32.2637 24.5285 1.2392 -32.2659 24.532 1.2372 -32.2381 24.5279 1.2372 -32.2395
4 15 24.5985 1.5099 -33.9215 24.5845 1.5062 -33.9076 24.5705 1.5078 -33.918 24.5845 1.51 -33.925
4 15 23.097 1.4328 -33.8521 23.1145 1.4422 -33.8937 23.118 1.4292 -33.8313 23.097 1.4284 -33.8313
3 15 24.007 1.135 -30.7839 24.014 1.1352 -30.7873 24.0175 1.1347 -30.7804
4 15 22.292 1.2917 -33.3176 22.3165 1.3035 -33.3696 22.341 1.3073 -33.3835 22.3165 1.2948 -33.328
4 15 22.362 1.311 -33.3974 22.348 1.2988 -33.3419 22.3165 1.2948 -33.328 22.341 1.3073 -33.3835
3 15 21.4135 1.3303 -33.6473 21.424 1.3314 -33.6508 21.4345 1.3304 -33.6438
4 15 24.056 2.1573 -37.0487 24.028 2.1515 -37.0314 24.014 2.1528 -37.0418 24.042 2.1601 -37.0661
4 15 21.5185 1.2766 -33.2759 21.4905 1.2762 -33.2759 21.4975 1.277 -33.2863 21.508 1.2771 -33.2863
4 15 23.9265 1.1616 -31.1865 23.9545 1.1636 -31.2108 23.972 1.1624 -31.1899 23.944 1.1609 -31.1726
4 15 22.971 1.1461 -31.1171 23.013 1.1484 -31.1448 23.027 1.1479 -31.1344 22.978 1.1447 -31.0962
4 15 23.7235 1.2529 -32.5609 23.706 1.2551 -32.5956 23.727 1.2558 -32.6026 23.741 1.2543 -32.5783
4 15 24.546 1.2304 -32.141 24.539 1.2289 -32.1201 24.532 1.2296 -32.1306 24.539 1.2301 -32.1375
4 15 23.741 1.2562 -32.6061 23.7515 1.2554 -32.5922 23.741 1.2543 -32.5783 23.727 1.2558 -32.6026
4 15 24.567 1.6104 -34.3901 24.595 1.6087 -34.3762 24.532 1.5981 -34.3415 24.511 1.5994 -34.3519
4 15 24.1575 1.3544 -33.3037 24.161 1.3633 -33.3453 24.2205 1.3654 -33.3453 24.2135 1.3564 -33.3037
3 15 23.6906 2.2133 -37.4278 23.6612 2.2128 -37.4354 23.6801 2.2137 -37.4333
4 15 22.3165 1.3035 -33.3696 22.292 1.2917 -33.3176 22.271 1.2895 -33.3106 22.2885 1.2996 -33.3558
4 15 23.9405 1.1424 -30.9019 23.951 1.143 -30.9088 23.9895 1.1413 -30.8776 23.986 1.1401 -30.8602
4 15 23.6675 1.1311 -30.7804 23.6395 1.1305 -30.7769 23.6255 1.1311 -30.7873 23.6535 1.1323 -30.8012
4 15 24 1.2232 -32.0785 23.937 1.222 -32.0715 23.916 1.2239 -32.1028 23.972 1.2253 -32.1132
4 15 23.993 1.217 -31.9882 24.0595 1.2185 -31.9987 24.084 1.2161 -31.9605 24.0175 1.2142 -31.9431
4 15 22.4005 1.3175 -33.4217 22.397 1.3056 -33.3662 22.369 1.3017 -33.3523 22.3795 1.3138 -33.4078
4 15 22.348 1.2988 -33.3419 22.362 1.311 -33.3974 22.3795 1.3138 -33.4078 22.369 1.3017 -33.3523
4 15 21.9175 1.2709 -33.1267 21.928 1.2701 -33.1128 21.9 1.2698 -33.1128 21.9035 1.271 -33.1302
4 15 23.3175 1.249 -32.5713 23.3245 1.25 -32.5852 23.342 1.2502 -32.5852 23.3245 1.2479 -32.554
4 15 24.1645 1.1761 -31.3704 24.1365 1.1736 -31.3357 24.1295 1.1739 -31.3392 24.14 1.1763 -31.3739
4 15 23.5975 1.9206 -36.0804 23.5975 1.9294 -36.122 23.65 1.9305 -36.1186 23.636 1.9227 -36.0838
4 15 24.0035 1.1583 -31.124 23.993 1.1589 -31.1344 24.0175 1.1589 -31.1309 24.021 1.1585 -31.124
4 15 23.587 1.5672 -34.4074 23.643 1.578 -34.4491 23.6395 1.5632 -34.3797 23.587 1.5504 -34.3276
4 15 24.546 1.1488 -30.9713 24.5285 1.1442 -30.9053 24.5215 1.1441 -30.9053 24.532 1.1492 -30.9782
4 15 24.196 1.1713 -31.301 24.21 1.1716 -31.3045 24.2065 1.1711 -31.2975 24.203 1.1711 -31.2975
4 15 24.4957 1.2462 -32.3694 24.504 1.2467 -32.3735 24.511 1.2442 -32.3388 24.5033 1.2441 -32.3388
4 15 22.1695 1.2209 -32.3492 22.1555 1.2188 -32.3214 22.145 1.2192 -32.3284 22.152 1.2207 -32.3492
4 15 23.9475 1.13 -30.7179 23.9335 1.1298 -30.7179 23.937 1.1313 -30.7387 23.9475 1.1316 -30.7422
4 15 24.1085 1.1989 -31.7036 24.1015 1.2 -31.721 24.1435 1.2022 -31.7453 24.1435 1.2007 -31.7245
4 15 23.9685 1.2195 -32.0299 24.028 1.2212 -32.0438 24.0595 1.2185 -31.9987 23.993 1.217 -31.9882
4 15 24.2275 1.3774 -33.4009 24.2205 1.3654 -33.3453 24.161 1.3633 -33.3453 24.1715 1.3754 -33.4009
4 15 22.992 1.1435 -31.0754 23.0445 1.1474 -31.124 23.055 1.147 -31.1171 23.0025 1.1426 -31.0615
4 15 24.343 1.8639 -35.6049 24.3395 1.8576 -35.5771 24.301 1.8601 -35.6014 24.3115 1.8684 -35.6361
3 15 23.818 1.9333 -36.0988 23.825 1.9328 -36.0943 23.825 1.9305 -36.0838
4 15 24.483 1.6018 -34.3692 24.462 1.6061 -34.3935 24.511 1.6153 -34.4248 24.546 1.6116 -34.4005
4 15 23.4505 1.911 -36.0596 23.4295 1.9103 -36.0596 23.4295 1.9154 -36.0838 23.4435 1.9173 -36.0908
4 15 21.529 1.2705 -33.1857 21.5115 1.2718 -33.2065 21.5535 1.2718 -33.1996 21.5535 1.2708 -33.1857
4 15 24.1715 1.3754 -33.4009 24.1855 1.3876 -33.4564 24.245 1.3875 -33.446 24.2275 1.3774 -33.4009
4 15 23.8285 1.1669 -31.2802 23.853 1.1672 -31.2802 23.846 1.164 -31.2351 23.8285 1.1643 -31.242
4 15 23.867 1.1636 -31.2247 23.846 1.164 -31.2351 23.853 1.1672 -31.2802 23.8775 1.1672 -31.2767
4 15 22.467 1.3286 -33.4634 22.4565 1.3151 -33.4009 22.4355 1.3114 -33.387 22.4425 1.3248 -33.4495
4 15 24.4865 1.4804 -33.8104 24.4655 1.4748 -33.7896 24.4235 1.4774 -33.8104 24.4585 1.4858 -33.8417
3 15 24.5565 1.231 -32.1479 24.567 1.2286 -32.1132 24.5592 1.2285 -32.1132
3 15 24.5592 1.2285 -32.1132 24.5515 1.2306 -32.1446 24.5565 1.231 -32.1479
4 15 21.4345 1.3304 -33.6438 21.4415 1.3269 -33.6265 21.4065 1.3272 -33.6334 21.4135 1.3303 -33.6473
4 15 21.4415 1.3269 -33.6265 21.4485 1.3221 -33.6022 21.403 1.3219 -33.6091 21.4065 1.3272 -33.6334
4 15 26.3065 1.635 -34.1214 26.2995 1.6244 -34.0742 26.2645 1.6307 -34.111 26.268 1.641 -34.1575
4 15 23.9615 1.1365 -30.8116 23.951 1.1355 -30.7977 23.9055 1.1397 -30.8672 23.916 1.1403 -30.8741
4 15 24.455 1.1198 -30.5583 24.4375 1.1193 -30.5513 24.413 1.122 -30.5895 24.4305 1.1225 -30.5964
4 15 22.1835 1.5354 -34.4907 22.1905 1.5393 -34.5081 22.201 1.532 -34.4716 22.1905 1.5305 -34.4664
4 15 24.6142 1.2131 -31.8914 24.6264 1.2097 -31.8424 24.6125 1.2092 -31.8355 24.5985 1.2128 -31.8876
4 15 24.595 1.2091 -31.8355 24.5845 1.2123 -31.8806 24.5985 1.2128 -31.8876 24.6125 1.2092 -31.8355
3 15 24.0455 2.152 -37.0279 24.056 2.1551 -37.0383 24.056 2.1528 -37.0279
4 15 24.511 1.2383 -32.2555 24.518 1.2388 -32.2624 24.5219 1.2389 -32.2637 24.5215 1.2374 -32.2416
4 15 24.385 1.468 -33.7757 24.4235 1.4774 -33.8104 24.4655 1.4748 -33.7896 24.427 1.4639 -33.748
3 15 24.112 1.937 -36.0179 24.133 1.9363 -36.0075 24.133 1.931 -35.9832
4 15 22.789 1.2643 -32.8837 22.803 1.268 -32.9358 22.831 1.2657 -32.8976 22.8135 1.2622 -32.849
4 15 24.686 1.2015 -31.7175 24.672 1.2038 -31.7522 24.7 1.2042 -31.7522 24.693 1.2026 -31.7314
4 15 22.978 1.1447 -31.0962 23.027 1.1479 -31.1344 23.0445 1.1474 -31.124 22.992 1.1435 -31.0754
4 15 22.8135 1.2622 -32.849 22.831 1.2657 -32.8976 22.859 1.2632 -32.856 22.8415 1.2606 -32.8212
4 15 26.261 1.615 -34.0395 26.2645 1.6212 -34.0673 26.289 1.6163 -34.0395 26.282 1.61 -34.0118
4 15 24.1225 1.2104 -31.8702 24.056 1.2085 -31.8529 24.035 1.2116 -31.9015 24.105 1.2135 -31.9188
4 15 21.963 1.267 -33.0607 21.963 1.266 -33.0469 21.9525 1.2654 -33.0399 21.942 1.2655 -33.0434
4 15 24.728 2.088 -36.5489 24.728 2.0933 -36.5732 24.7511 2.0904 -36.5552 24.749 2.0852 -36.5316
4 15 24.5985 1.2306 -32.134 24.588 1.2297 -32.1236 24.581 1.2319 -32.1548 24.595 1.2324 -32.1583
4 15 24.588 1.2014 -31.7245 24.602 1.2019 -31.7314 24.651 1.1986 -31.6828 24.6405 1.1981 -31.6759
4 15 23.398 1.2499 -32.5713 23.3945 1.2461 -32.5158 23.3665 1.2465 -32.5262 23.377 1.2502 -32.5783
4 15 23.538 1.5377 -34.2755 23.489 1.5257 -34.2269 23.4715 1.5434 -34.3137 23.531 1.5557 -34.3623
4 15 24.161 1.3465 -33.2655 24.2065 1.3503 -33.2759 24.1995 1.3464 -33.2586 24.1785 1.3435 -33.2482
4 15 24.21 1.1716 -31.3045 24.196 1.1713 -31.301 24.189 1.1718 -31.308 24.2065 1.172 -31.3114
4 15 21.543 1.2738 -33.2308 21.501 1.2728 -33.2239 21.4905 1.2743 -33.2482 21.529 1.2753 -33.2551
4 15 23.853 1.2324 -32.2381 23.8705 1.2317 -32.2243 23.8355 1.2315 -32.2277 23.8355 1.2325 -32.2416
4 15 24.1645 1.1664 -31.2316 24.147 1.1664 -31.2316 24.1435 1.1669 -31.2385 24.161 1.1671 -31.242
3 15 24.651 1.2032 -31.7488 24.672 1.2002 -31.7036 24.6497 1.2031 -31.7483
4 15 23.7116 2.1941 -37.3327 23.699 2.2039 -37.3819 23.7123 2.2047 -37.3813 23.7333 2.1957 -37.3327
4 15 23.51 1.2503 -32.5575 23.545 1.2464 -32.495 23.503 1.2459 -32.495 23.475 1.2499 -32.5575
4 15 23.377 1.137 -30.9158 23.3665 1.1359 -30.9019 23.356 1.1363 -30.9088 23.363 1.1368 -30.9158
3 15 24.56 1.1335 -30.7526 24.56 1.1348 -30.77 24.567 1.1343 -30.763
4 15 21.4485 1.3177 -33.5814 21.445 1.3146 -33.5675 21.4135 1.3142 -33.571 21.4065 1.3177 -33.5883
4 15 24.1505 1.1691 -31.2698 24.126 1.1681 -31.2559 24.1155 1.1685 -31.2628 24.14 1.1698 -31.2802
4 15 22.2465 1.5405 -34.5046 22.2325 1.5371 -34.4907 22.2115 1.5474 -34.5428 22.229 1.5502 -34.5532
4 15 21.963 1.267 -33.0607 21.9315 1.2661 -33.0538 21.921 1.2669 -33.0677 21.956 1.2678 -33.0746
3 15 26.3205 1.6783 -34.3172 26.254 1.6812 -34.345 26.24 1.6956 -34.4144
4 15 26.2085 1.71 -34.4873 26.317 1.6917 -34.3797 26.3205 1.6783 -34.3172 26.24 1.6956 -34.4144
4 15 23.4715 1.9125 -36.063 23.4505 1.911 -36.0596 23.4435 1.9173 -36.0908 23.4645 1.9196 -36.0977
4 15 24.2415 1.4145 -33.5744 24.273 1.4289 -33.63 24.322 1.4257 -33.5987 24.2905 1.4113 -33.5432
4 15 23.944 1.2271 -32.1444 23.895 1.2258 -32.134 23.874 1.2277 -32.1653 23.916 1.2289 -32.1757
4 15 21.949 1.3668 -33.7306 21.9455 1.3623 -33.7098 21.9105 1.3654 -33.7306 21.921 1.3702 -33.7514
3 15 24.385 1.811 -35.3515 24.378 1.8076 -35.3376 24.364 1.8069 -35.3376
4 15 24.364 1.8069 -35.3376 24.352 1.8081 -35.3455 24.352 1.815 -35.3774 24.385 1.811 -35.3515
4 15 23.7865 1.6035 -34.5463 23.804 1.6049 -34.5497 23.8005 1.6026 -34.5393 23.7865 1.5984 -34.522
4 15 23.986 1.1614 -31.1726 23.958 1.1603 -31.1622 23.944 1.1609 -31.1726 23.972 1.1624 -31.1899
4 15 22.5125 1.3251 -33.4391 22.4985 1.3224 -33.4286 22.481 1.3196 -33.4182 22.495 1.3303 -33.4668
4 15 22.971 1.1496 -31.1691 22.9815 1.15 -31.1726 22.9885 1.1498 -31.1691 22.9675 1.1491 -31.1622
4 15 23.9965 2.156 -37.0626 24.0175 2.1621 -37.0835 24.042 2.1601 -37.0661 24.014 2.1528 -37.0418
3 15 24.077 1.2047 -31.7939 24.14 1.2054 -31.7939 24.1435 1.2033 -31.7626
4 15 24.175 1.1756 -31.3635 24.147 1.1734 -31.3323 24.1365 1.1736 -31.3357 24.1645 1.1761 -31.3704
3 15 24.5927 1.2191 -31.9782 24.583 1.2218 -32.0175 24.602 1.2228 -32.0264
4 15 24.616 1.2233 -32.0299 24.602 1.2195 -31.9813 24.5927 1.2191 -31.9782 24.602 1.2228 -32.0264
4 15 23.3105 1.1542 -31.1795 23.349 1.1558 -31.1969 23.3525 1.1551 -31.1865 23.321 1.1538 -31.1726
4 15 23.9965 2.156 -37.0626 23.993 2.158 -37.073 24.0035 2.1611 -37.0835 24.0175 2.1621 -37.0835
4 15 25.981 1.7618 -34.7753 26.037 1.766 -34.7823 26.065 1.7628 -34.7615 26.002 1.7567 -34.7476
3 15 24.1505 1.1661 -31.2281 24.1645 1.1657 -31.2212 24.1575 1.1654 -31.2177
3 15 24.1575 1.1654 -31.2177 24.154 1.1657 -31.2212 24.1505 1.1661 -31.2281
4 15 23.8495 1.2298 -32.2 23.8915 1.2305 -32.2034 23.916 1.2289 -32.1757 23.874 1.2277 -32.1653
3 15 23.993 2.158 -37.073 23.9944 2.1604 -37.0835 24.0035 2.1611 -37.0835
4 15 24.0105 1.1595 -31.1414 23.986 1.1592 -31.1414 23.972 1.1598 -31.1518 24 1.1604 -31.1552
4 15 24.5775 1.229 -32.1167 24.567 1.2286 -32.1132 24.5565 1.231 -32.1479 24.567 1.2314 -32.1514
4 15 22.1765 1.2183 -32.311 22.194 1.2211 -32.3492 22.222 1.2212 -32.3457 22.201 1.2181 -32.3041
4 15 22.9675 1.1472 -31.1344 23.0025 1.149 -31.1552 23.013 1.1484 -31.1448 22.971 1.1461 -31.1171
3 15 22.18 1.5302 -34.4664 22.18 1.5323 -34.4768 22.1835 1.5354 -34.4907
3 15 22.1835 1.5354 -34.4907 22.1905 1.5305 -34.4664 22.18 1.5302 -34.4664
3 15 24.0833 1.1747 -31.3528 24.0875 1.1765 -31.3774 24.0945 1.1745 -31.3496
4 15 24.5845 1.1447 -30.9123 24.6055 1.1472 -30.947 24.616 1.1469 -30.9435 24.609 1.1448 -30.9123
4 15 24.028 1.1715 -31.3149 24.035 1.1719 -31.3184 24.0385 1.1712 -31.308 24.0315 1.1713 -31.3114
4 15 24.672 1.2002 -31.7036 24.651 1.2032 -31.7488 24.672 1.2038 -31.7522 24.686 1.2015 -31.7175
4 15 26.2995 1.6244 -34.0742 26.289 1.6163 -34.0395 26.2645 1.6212 -34.0673 26.2645 1.6307 -34.111
4 15 23.6605 1.2536 -32.5818 23.678 1.2503 -32.5297 23.6465 1.249 -32.5158 23.629 1.2526 -32.5713
4 15 23.615 1.2479 -32.5054 23.5975 1.2517 -32.5644 23.629 1.2526 -32.5713 23.6465 1.249 -32.5158
4 15 24.6685 1.2144 -31.898 24.665 1.2131 -31.8806 24.658 1.2122 -31.8702 24.6475 1.2141 -31.898
4 15 24.644 1.211 -31.8564 24.63 1.2136 -31.8945 24.6475 1.2141 -31.898 24.658 1.2122 -31.8702
4 15 23.8845 1.1385 -30.8533 23.8915 1.1388 -30.8567 23.9195 1.1339 -30.7804 23.895 1.1334 -30.7769
4 15 21.928 1.2701 -33.1128 21.935 1.2695 -33.1024 21.9035 1.2689 -33.0989 21.9 1.2698 -33.1128
4 15 24.595 1.2324 -32.1583 24.609 1.2328 -32.1618 24.6055 1.2315 -32.1444 24.5985 1.2306 -32.134
4 15 23.7885 1.9329 -36.1068 23.797 1.933 -36.1047 23.8145 1.9298 -36.0838 23.7926 1.9282 -36.0838
4 15 23.825 1.9305 -36.0838 23.8145 1.9298 -36.0838 23.797 1.933 -36.1047 23.818 1.9333 -36.0988
4 15 22.418 1.249 -32.7206 22.4005 1.2476 -32.7032 22.376 1.2504 -32.7484 22.39 1.252 -32.7692
4 15 23.9265 1.1312 -30.7387 23.9195 1.1297 -30.7179 23.909 1.1303 -30.7283 23.916 1.131 -30.7387
4 15 24.14 1.1763 -31.3739 24.1295 1.1739 -31.3392 24.1155 1.1741 -31.3427 24.1155 1.1765 -31.3774
4 15 24.5705 1.1675 -31.2385 24.5705 1.1684 -31.2524 24.5845 1.1689 -31.2594 24.581 1.1667 -31.2281
4 15 24.5285 1.2392 -32.2659 24.5425 1.2399 -32.2729 24.546 1.2374 -32.2381 24.532 1.2372 -32.2381
4 15 22.7435 1.2692 -32.9636 22.761 1.272 -33.0017 22.782 1.2699 -32.967 22.7645 1.2668 -32.9254
4 15 24.49 1.2533 -32.4672 24.4795 1.2527 -32.4603 24.4795 1.2547 -32.488 24.49 1.2551 -32.4915
4 15 24.49 1.1335 -30.7526 24.5075 1.134 -30.7596 24.532 1.1313 -30.7214 24.5145 1.1308 -30.7144
4 15 22.7155 1.2731 -33.026 22.7295 1.275 -33.0503 22.7435 1.2737 -33.0295 22.7295 1.2712 -32.9948
4 15 21.4905 1.2762 -33.2759 21.5185 1.2766 -33.2759 21.529 1.2753 -33.2551 21.4905 1.2743 -33.2482
4 15 26.317 1.6917 -34.3797 26.2085 1.71 -34.4873 26.163 1.7259 -34.5706 26.296 1.7066 -34.4525
4 15 24.4585 1.4858 -33.8417 24.483 1.4915 -33.8625 24.511 1.4876 -33.8382 24.4865 1.4804 -33.8104
4 15 21.9 1.3599 -33.7063 21.9105 1.3654 -33.7306 21.9455 1.3623 -33.7098 21.9385 1.3569 -33.6855
4 15 23.587 1.5504 -34.3276 23.538 1.5377 -34.2755 23.531 1.5557 -34.3623 23.587 1.5672 -34.4074
4 15 24.0175 1.2142 -31.9431 24.084 1.2161 -31.9605 24.105 1.2135 -31.9188 24.035 1.2116 -31.9015
3 15 25.3818 1.7996 -35.0808 25.393 1.7896 -35.0322 25.323 1.7802 -35.0044
3 15 24.63 1.2237 -32.0334 24.63 1.2214 -32.0021 24.616 1.2202 -31.9882
3 15 24.203 1.1728 -31.3218 24.2065 1.172 -31.3114 24.189 1.1718 -31.308
3 15 24.189 1.1718 -31.308 24.1785 1.1722 -31.3149 24.203 1.1728 -31.3218
4 15 24.602 1.2195 -31.9813 24.616 1.2233 -32.0299 24.63 1.2237 -32.0334 24.616 1.2202 -31.9882
4 15 26.3205 1.6632 -34.2478 26.317 1.6464 -34.1714 26.2645 1.6537 -34.2165 26.2645 1.6688 -34.2859
4 15 23.3245 1.2479 -32.554 23.342 1.2502 -32.5852 23.356 1.2502 -32.5818 23.342 1.2472 -32.5401
4 15 24.5635 1.2096 -31.8425 24.5565 1.2113 -31.8668 24.5705 1.2118 -31.8737 24.5775 1.2091 -31.8355
4 15 23.706 1.5905 -34.4977 23.7445 1.5977 -34.5254 23.7305 1.584 -34.463 23.678 1.5726 -34.4178
4 15 24.476 1.1327 -30.7422 24.49 1.1335 -30.7526 24.5145 1.1308 -30.7144 24.49 1.131 -30.7179
4 15 24.6125 1.1697 -31.2698 24.6265 1.1663 -31.2212 24.5985 1.1663 -31.2212 24.5985 1.1694 -31.2663
4 15 24.581 1.1667 -31.2281 24.5845 1.1689 -31.2594 24.5985 1.1694 -31.2663 24.5985 1.1663 -31.2212
4 15 24.5033 1.2441 -32.3388 24.4935 1.2441 -32.3388 24.49 1.246 -32.3666 24.4957 1.2462 -32.3694
4 15 23.3665 1.1359 -30.9019 23.377 1.137 -30.9158 23.3945 1.1372 -30.9158 23.384 1.1359 -30.8984
4 15 23.5835 1.1325 -30.8151 23.615 1.1347 -30.8429 23.636 1.1335 -30.822 23.6045 1.1318 -30.8012
4 15 24.63 1.2027 -31.7418 24.6497 1.2031 -31.7483 24.663 1.1994 -31.6947 24.6615 1.1993 -31.6932
3 15 24.6615 1.1993 -31.6932 24.616 1.2024 -31.7383 24.63 1.2027 -31.7418
4 15 24.693 1.1468 -30.94 24.693 1.1461 -30.9296 24.686 1.1456 -30.9227 24.686 1.147 -30.9435
4 15 22.1555 1.2188 -32.3214 22.1695 1.2209 -32.3492 22.194 1.2211 -32.3492 22.1765 1.2183 -32.311
4 15 23.384 1.1359 -30.8984 23.3945 1.1372 -30.9158 23.419 1.1374 -30.9158 23.398 1.1358 -30.8949
4 15 26.261 1.609 -34.0118 26.261 1.615 -34.0395 26.282 1.61 -34.0118 26.268 1.6063 -33.9979
4 15 22.2185 1.2884 -33.3141 22.2255 1.2916 -33.328 22.243 1.2944 -33.3384 22.2325 1.2867 -33.3037
4 15 22.8415 1.2606 -32.8212 22.859 1.2632 -32.856 22.88 1.2615 -32.8282 22.8625 1.2597 -32.8039
4 15 24.672 1.147 -30.9435 24.6755 1.1453 -30.9192 24.658 1.1451 -30.9158 24.658 1.147 -30.9435
4 15 24.532 1.2456 -32.3527 24.532 1.2476 -32.3805 24.5495 1.2479 -32.3805 24.5425 1.2465 -32.3631
4 15 24.1715 1.1725 -31.3184 24.196 1.174 -31.3392 24.203 1.1728 -31.3218 24.1785 1.1722 -31.3149
4 15 23.643 1.578 -34.4491 23.706 1.5905 -34.4977 23.678 1.5726 -34.4178 23.6395 1.5632 -34.3797
4 15 21.886 1.3492 -33.6577 21.893 1.3545 -33.682 21.9315 1.3515 -33.6612 21.928 1.347 -33.6404
3 15 24.49 1.2551 -32.4915 24.504 1.2553 -32.4915 24.497 1.254 -32.4742
3 15 24.497 1.254 -32.4742 24.49 1.2533 -32.4672 24.49 1.2551 -32.4915
4 15 23.4155 1.1355 -30.888 23.4505 1.1376 -30.9123 23.4785 1.1374 -30.9053 23.44 1.1353 -30.881
4 15 24.686 1.147 -30.9435 24.686 1.1456 -30.9227 24.6755 1.1453 -30.9192 24.672 1.147 -30.9435
4 15 23.195 1.4685 -34.0048 23.2475 1.485 -34.0742 23.237 1.459 -33.9527 23.188 1.4463 -33.9007
3 15 24.07 1.1749 -31.3566 24.035 1.1759 -31.3774 24.0525 1.1761 -31.3774
4 15 24.0875 1.1765 -31.3774 24.0833 1.1747 -31.3528 24.07 1.1749 -31.3566 24.0525 1.1761 -31.3774
4 15 22.383 1.2462 -32.6859 22.369 1.2453 -32.6755 22.3515 1.2475 -32.7102 22.362 1.2488 -32.7275
4 15 23.0025 1.1426 -31.0615 23.055 1.147 -31.1171 23.069 1.1469 -31.1136 23.02 1.1421 -31.0511
4 15 24.343 1.8692 -35.6292 24.343 1.8639 -35.6049 24.3115 1.8684 -35.6361 24.3325 1.8714 -35.6431
4 15 23.874 1.1381 -30.8498 23.8845 1.1385 -30.8533 23.895 1.1334 -30.7769 23.867 1.1333 -30.7804
4 15 23.951 1.1355 -30.7977 23.937 1.1346 -30.7873 23.8985 1.1391 -30.8602 23.9055 1.1397 -30.8672
4 15 24.5592 1.2285 -32.1132 24.553 1.2285 -32.1132 24.546 1.2304 -32.141 24.5515 1.2306 -32.1446
3 15 24.322 1.4257 -33.5987 24.3045 1.4418 -33.6785 24.3395 1.4541 -33.7237
3 15 24.322 1.4257 -33.5987 24.273 1.4289 -33.63 24.3045 1.4418 -33.6785
4 15 24.3395 1.4541 -33.7237 24.352 1.4582 -33.738 24.352 1.4389 -33.6493 24.322 1.4257 -33.5987
4 15 23.7116 2.1941 -37.3327 23.692 2.1947 -37.3417 23.6773 2.1975 -37.3597 23.699 2.2039 -37.3819
4 15 25.323 1.7802 -35.0044 25.393 1.7896 -35.0322 25.393 1.782 -34.9975 25.323 1.7727 -34.9697
4 15 26.065 1.7628 -34.7615 26.1105 1.7582 -34.7302 26.163 1.7501 -34.6816 26.002 1.7567 -34.7476
4 15 23.986 1.1592 -31.1414 24.0105 1.1595 -31.1414 24.0175 1.1589 -31.1309 23.993 1.1589 -31.1344
3 15 24.2415 1.4145 -33.5744 24.2905 1.4113 -33.5432 24.266 1.3989 -33.4946
4 15 24.6615 1.1705 -31.2802 24.665 1.1686 -31.2524 24.651 1.1676 -31.2385 24.6405 1.1702 -31.2767
3 15 24.2407 1.4142 -33.5729 24.2415 1.4145 -33.5744 24.266 1.3989 -33.4946
4 15 23.671 1.1294 -30.7561 23.664 1.1296 -30.7596 23.6535 1.13 -30.7665 23.6745 1.1302 -30.7665
4 15 24.511 1.5994 -34.3519 24.483 1.6018 -34.3692 24.546 1.6116 -34.4005 24.567 1.6104 -34.3901
4 15 22.236 1.2207 -32.3353 22.2255 1.2189 -32.311 22.201 1.2181 -32.3041 22.222 1.2212 -32.3457
4 15 23.804 1.1359 -30.829 23.8005 1.1366 -30.8394 23.804 1.1378 -30.8567 23.818 1.138 -30.8567
4 15 24.5285 2.1019 -36.6565 24.476 2.1009 -36.6635 24.3885 2.1269 -36.8023 24.5145 2.105 -36.6739
4 15 24.5635 1.1587 -31.1136 24.574 1.159 -31.1171 24.581 1.1571 -31.0893 24.567 1.1575 -31.0962
4 15 24.07 1.2063 -31.8182 24.133 1.2077 -31.8286 24.14 1.2054 -31.7939 24.077 1.2047 -31.7939
4 15 24.5215 1.2449 -32.3457 24.511 1.2442 -32.3388 24.504 1.2467 -32.3735 24.518 1.2472 -32.377
4 15 21.501 1.2728 -33.2239 21.543 1.2738 -33.2308 21.5535 1.2718 -33.1996 21.5115 1.2718 -33.2065
4 15 25.309 1.8128 -35.1571 25.302 1.8185 -35.1849 25.309 1.8226 -35.2023 25.33 1.8244 -35.2057
4 15 23.8635 1.138 -30.8498 23.846 1.1338 -30.7908 23.825 1.1345 -30.8047 23.8495 1.1378 -30.8498
4 15 25.9845 1.7665 -34.7962 26.009 1.7692 -34.8031 26.037 1.766 -34.7823 25.981 1.7618 -34.7753
4 15 24.546 1.2205 -31.9987 24.5565 1.221 -32.0056 24.5705 1.2215 -32.0125 24.5565 1.2195 -31.9848
4 15 22.6875 1.8981 -36.1255 22.663 1.8884 -36.0838 22.6455 1.8893 -36.0908 22.6665 1.8988 -36.1324
4 15 23.6486 2.2031 -37.3951 23.6899 2.2093 -37.4097 23.692 2.206 -37.3937 23.6605 2.201 -37.3813
4 15 22.397 1.3056 -33.3662 22.4005 1.3175 -33.4217 22.4215 1.3212 -33.4356 22.418 1.3086 -33.3766
4 15 22.4425 1.3248 -33.4495 22.4355 1.3114 -33.387 22.418 1.3086 -33.3766 22.4215 1.3212 -33.4356
4 15 23.7431 2.1984 -37.3417 23.7333 2.1957 -37.3327 23.7123 2.2047 -37.3813 23.727 2.206 -37.3819
4 15 24.511 1.1441 -30.9053 24.518 1.1497 -30.9852 24.532 1.1492 -30.9782 24.5215 1.1441 -30.9053
4 15 26.296 1.7066 -34.4525 26.163 1.7259 -34.5706 26.121 1.7352 -34.6226 26.275 1.7214 -34.5254
4 15 23.44 1.1353 -30.881 23.4785 1.1374 -30.9053 23.503 1.1372 -30.8984 23.475 1.1348 -30.8672
4 15 24.553 1.1447 -30.9123 24.581 1.1479 -30.9574 24.595 1.1474 -30.9505 24.567 1.1449 -30.9158
4 15 23.1145 1.4422 -33.8937 23.146 1.4536 -33.9423 23.153 1.4362 -33.859 23.118 1.4292 -33.8313
3 15 23.7403 2.2053 -37.3743 23.7473 2.2041 -37.3667 23.7459 2.2011 -37.3535
4 15 22.495 1.3303 -33.4668 22.481 1.3196 -33.4182 22.4565 1.3151 -33.4009 22.467 1.3286 -33.4634
4 15 25.344 1.822 -35.1918 25.358 1.8166 -35.1641 25.33 1.7987 -35.0877 25.323 1.8059 -35.1224
3 15 23.6486 2.2031 -37.3951 23.6437 2.206 -37.4097 23.6444 2.2102 -37.4291
3 15 23.6444 2.2102 -37.4291 23.6899 2.2093 -37.4097 23.6486 2.2031 -37.3951
4 15 24.6545 1.1799 -31.4156 24.6685 1.177 -31.3739 24.6545 1.1763 -31.3635 24.637 1.1797 -31.4121
4 15 23.9195 1.1297 -30.7179 23.9265 1.1312 -30.7387 23.937 1.1313 -30.7387 23.9335 1.1298 -30.7179
4 15 24.6405 1.1758 -31.3566 24.6195 1.1792 -31.4051 24.637 1.1797 -31.4121 24.6545 1.1763 -31.3635
4 15 24.161 1.1671 -31.242 24.1435 1.1669 -31.2385 24.133 1.1676 -31.249 24.1575 1.1681 -31.2559
4 15 25.386 1.7757 -34.9697 25.3335 1.7686 -34.9489 25.323 1.7727 -34.9697 25.393 1.782 -34.9975
4 15 24.105 1.1712 -31.301 24.0945 1.1695 -31.2767 24.084 1.1699 -31.2837 24.091 1.1714 -31.3045
4 15 26.268 1.641 -34.1575 26.2645 1.6537 -34.2165 26.317 1.6464 -34.1714 26.3065 1.635 -34.1214
4 15 23.4855 1.9218 -36.1047 23.517 1.9243 -36.1116 23.5275 1.9166 -36.0734 23.496 1.9141 -36.0665
4 15 24.147 1.1734 -31.3323 24.175 1.1756 -31.3635 24.189 1.1749 -31.3531 24.161 1.1729 -31.3253
4 15 26.002 1.7567 -34.7476 26.163 1.7501 -34.6816 26.212 1.7403 -34.6261 26.03 1.7505 -34.7129
4 15 24.5985 1.198 -31.6759 24.5845 1.1982 -31.6793 24.56 1.1997 -31.7002 24.567 1.2004 -31.7106
4 15 21.9385 1.3569 -33.6855 21.9315 1.3515 -33.6612 21.893 1.3545 -33.682 21.9 1.3599 -33.7063
4 15 26.247 1.7307 -34.574 26.079 1.7423 -34.6643 26.03 1.7505 -34.7129 26.212 1.7403 -34.6261
4 15 24.448 1.2608 -32.5783 24.4445 1.2606 -32.576 24.4391 1.2621 -32.5978 24.4445 1.2623 -32.5991
4 15 24.567 1.239 -32.2555 24.5565 1.2381 -32.2451 24.553 1.2403 -32.2763 24.567 1.2408 -32.2798
4 15 24.0175 1.1347 -30.7804 24.014 1.134 -30.77 24 1.1345 -30.7769 24.007 1.135 -30.7839
4 15 22.9955 1.1494 -31.1622 22.964 1.1484 -31.1518 22.9675 1.1491 -31.1622 22.9885 1.1498 -31.1691
4 15 26.3205 1.6783 -34.3172 26.3205 1.6632 -34.2478 26.2645 1.6688 -34.2859 26.254 1.6812 -34.345
4 15 24.6335 1.1574 -31.0928 24.6195 1.1569 -31.0858 24.602 1.16 -31.1309 24.6195 1.1603 -31.1344
4 15 24.588 1.5993 -34.3345 24.56 1.598 -34.3345 24.609 1.6063 -34.3623 24.609 1.6026 -34.345
4 15 24.595 1.6087 -34.3762 24.609 1.6063 -34.3623 24.56 1.598 -34.3345 24.532 1.5981 -34.3415
3 15 24.1435 1.2007 -31.7245 24.1435 1.1998 -31.7103 24.1376 1.1973 -31.6754
4 15 24.1155 1.1981 -31.6898 24.1085 1.1989 -31.7036 24.1435 1.2007 -31.7245 24.1376 1.1973 -31.6754
4 15 22.7645 1.2668 -32.9254 22.782 1.2699 -32.967 22.803 1.268 -32.9358 22.789 1.2643 -32.8837
3 15 22.887 1.2595 -32.797 22.894 1.2603 -32.8074 22.894 1.2598 -32.8004
4 15 22.712 1.2764 -33.0746 22.705 1.2744 -33.0469 22.698 1.2755 -33.0642 22.698 1.2767 -33.0816
4 15 24.6195 1.1603 -31.1344 24.6335 1.1605 -31.1379 24.6475 1.1581 -31.1032 24.6335 1.1574 -31.0928
4 15 22.453 1.2557 -32.8143 22.46 1.2551 -32.8039 22.4565 1.2539 -32.7865 22.439 1.2558 -32.8178
4 15 24.6913 1.1915 -31.5805 24.686 1.1904 -31.5648 24.665 1.1916 -31.5822 24.6901 1.1918 -31.5853
4 15 23.545 1.9268 -36.1186 23.5975 1.9294 -36.122 23.5975 1.9206 -36.0804 23.5555 1.9184 -36.0769
4 15 21.956 1.3765 -33.7757 21.9525 1.372 -33.7549 21.935 1.3751 -33.7723 21.9385 1.3774 -33.7827
4 15 21.8825 1.3447 -33.6369 21.886 1.3492 -33.6577 21.928 1.347 -33.6404 21.9245 1.3425 -33.6195
3 15 21.9385 1.3774 -33.7827 21.949 1.3792 -33.7896 21.956 1.3765 -33.7757
3 15 22.495 1.3303 -33.4668 22.516 1.3303 -33.4634 22.5125 1.3251 -33.4391
4 15 24.483 1.4915 -33.8625 24.518 1.4985 -33.8868 24.5355 1.4933 -33.859 24.511 1.4876 -33.8382
4 15 24.2275 2.1396 -36.9099 24.2205 2.1436 -36.9307 24.2415 2.1451 -36.9307 24.259 2.1433 -36.9169
4 15 24.588 1.1895 -31.5544 24.595 1.19 -31.5613 24.6335 1.1869 -31.5162 24.6125 1.1869 -31.5162
3 15 24.742 2.0962 -36.5837 24.763 2.0942 -36.5698 24.777 2.0911 -36.5524
4 15 24.6265 1.17 -31.2733 24.6405 1.1668 -31.2281 24.6265 1.1663 -31.2212 24.6125 1.1697 -31.2698
4 15 24.623 1.1448 -30.9123 24.63 1.1467 -30.94 24.644 1.1467 -30.94 24.6405 1.145 -30.9158
4 15 24.728 2.0933 -36.5732 24.742 2.0962 -36.5837 24.777 2.0911 -36.5524 24.7511 2.0904 -36.5552
4 15 23.076 1.1468 -31.1101 23.0375 1.1421 -31.0476 23.02 1.1421 -31.0511 23.069 1.1469 -31.1136
3 15 24.483 1.1221 -30.5895 24.483 1.1233 -30.6068 24.49 1.1228 -30.5999
4 15 24.273 2.1413 -36.903 24.2415 2.1353 -36.8856 24.2275 2.1396 -36.9099 24.259 2.1433 -36.9169
4 15 23.6745 1.1302 -30.7665 23.6535 1.13 -30.7665 23.6395 1.1305 -30.7769 23.6675 1.1311 -30.7804
4 15 24.028 1.2212 -32.0438 23.9685 1.2195 -32.0299 23.937 1.222 -32.0715 24 1.2232 -32.0785
4 15 23.3945 1.2461 -32.5158 23.398 1.2499 -32.5713 23.419 1.2497 -32.5644 23.433 1.2458 -32.5054
4 15 23.769 1.6015 -34.5393 23.7865 1.6035 -34.5463 23.7865 1.5984 -34.522 23.762 1.5924 -34.4977
4 15 24.3381 1.8431 -35.5112 24.3402 1.8372 -35.4834 24.2905 1.8397 -35.5112 24.2905 1.8472 -35.5459
4 15 25.323 1.8059 -35.1224 25.309 1.8128 -35.1571 25.33 1.8244 -35.2057 25.344 1.822 -35.1918
4 15 22.2885 1.2996 -33.3558 22.271 1.2895 -33.3106 22.2465 1.2872 -33.3037 22.2605 1.2964 -33.3453
4 15 22.2325 1.2867 -33.3037 22.243 1.2944 -33.3384 22.2605 1.2964 -33.3453 22.2465 1.2872 -33.3037
4 15 24.581 1.1479 -30.9574 24.553 1.1447 -30.9123 24.539 1.1444 -30.9088 24.5635 1.1483 -30.9643
4 15 24.665 1.1686 -31.2524 24.6615 1.1705 -31.2802 24.679 1.1705 -31.2802 24.672 1.1693 -31.2628
4 15 21.851 1.2442 -32.7449 21.879 1.2417 -32.7032 21.8195 1.2422 -32.7206 21.802 1.2441 -32.7518
3 15 24.567 1.239 -32.2555 24.567 1.2408 -32.2798 24.5775 1.2412 -32.2833
3 15 24.5775 1.2412 -32.2833 24.574 1.2397 -32.2624 24.567 1.239 -32.2555
4 15 24.644 1.1467 -30.94 24.658 1.147 -30.9435 24.658 1.1451 -30.9158 24.6405 1.145 -30.9158
4 15 23.2475 1.485 -34.0742 23.3 1.5 -34.1367 23.3 1.4758 -34.0222 23.237 1.459 -33.9527
4 15 21.956 1.2678 -33.0746 21.921 1.2669 -33.0677 21.9105 1.268 -33.085 21.9455 1.2686 -33.0885
4 15 24.077 1.2047 -31.7939 24.1435 1.2033 -31.7626 24.1435 1.2022 -31.7453 24.0875 1.2029 -31.7661
4 15 24 1.1604 -31.1552 23.972 1.1598 -31.1518 23.958 1.1603 -31.1622 23.986 1.1614 -31.1726
3 15 24.1015 1.2 -31.721 24.0945 1.2014 -31.7418 24.0875 1.2029 -31.7661
3 15 24.0875 1.2029 -31.7661 24.1435 1.2022 -31.7453 24.1015 1.2 -31.721
4 15 24.63 1.2214 -32.0021 24.63 1.2237 -32.0334 24.644 1.2237 -32.0299 24.6405 1.2224 -32.0125
4 15 23.328 1.157 -31.2177 23.3 1.1559 -31.2073 23.3035 1.1567 -31.2177 23.3175 1.1571 -31.2212
4 15 24.546 1.1321 -30.7318 24.532 1.1313 -30.7214 24.5075 1.134 -30.7596 24.525 1.1345 -30.7665
4 15 23.6906 2.2133 -37.4278 23.6899 2.2093 -37.4097 23.6444 2.2102 -37.4291 23.6612 2.2128 -37.4354
4 15 23.734 1.9261 -36.0838 23.769 1.9332 -36.1116 23.7885 1.9329 -36.1068 23.783 1.9278 -36.0838
3 15 23.7885 1.9329 -36.1068 23.7926 1.9282 -36.0838 23.783 1.9278 -36.0838
4 15 21.9245 1.3425 -33.6195 21.921 1.3365 -33.5918 21.879 1.3387 -33.6091 21.8825 1.3447 -33.6369
4 15 24.294 1.8543 -35.5771 24.301 1.8601 -35.6014 24.3395 1.8576 -35.5771 24.3381 1.8507 -35.5459
4 15 24.6405 1.1981 -31.6759 24.6195 1.1978 -31.6724 24.574 1.2009 -31.7175 24.588 1.2014 -31.7245
4 15 24.4305 1.2619 -32.5956 24.4235 1.2602 -32.5713 24.413 1.2609 -32.5818 24.42 1.2614 -32.5887
4 15 24.413 1.1195 -30.5548 24.4025 1.12 -30.5617 24.3955 1.1207 -30.5721 24.399 1.1212 -30.5791
4 15 24.5565 1.2195 -31.9848 24.5705 1.2215 -32.0125 24.583 1.2218 -32.0175 24.5705 1.219 -31.9778
4 15 21.879 1.3292 -33.564 21.879 1.3335 -33.5848 21.921 1.3314 -33.5675 21.9175 1.3261 -33.5432
4 15 23.846 1.1338 -30.7908 23.8635 1.138 -30.8498 23.874 1.1381 -30.8498 23.867 1.1333 -30.7804
4 15 24.2905 1.8472 -35.5459 24.294 1.8543 -35.5771 24.3381 1.8507 -35.5459 24.3381 1.8431 -35.5112
3 15 23.902 1.1668 -31.2663 23.916 1.1663 -31.2559 23.8845 1.1631 -31.2142
4 15 23.8775 1.1672 -31.2767 23.902 1.1668 -31.2663 23.8845 1.1631 -31.2142 23.867 1.1636 -31.2247
4 15 21.8825 1.3161 -33.5015 21.879 1.3189 -33.5154 21.914 1.3172 -33.5015 21.9105 1.3142 -33.4877
3 15 22.2255 1.2189 -32.311 22.236 1.2207 -32.3353 22.236 1.2197 -32.3214
4 15 23.0795 1.1466 -31.1066 23.055 1.1428 -31.0546 23.0375 1.1421 -31.0476 23.076 1.1468 -31.1101
4 15 22.712 1.8931 -36.0977 22.7085 1.8907 -36.0873 22.6875 1.8893 -36.0838 22.7015 1.8956 -36.1116
4 15 24.6685 1.1608 -31.1414 24.665 1.1598 -31.1275 24.658 1.1591 -31.1171 24.651 1.1608 -31.1414
4 15 23.475 1.2499 -32.5575 23.503 1.2459 -32.495 23.4645 1.2457 -32.4985 23.4435 1.2497 -32.5609
4 15 24.49 1.1489 -30.9748 24.497 1.1492 -30.9782 24.497 1.1456 -30.9262 24.49 1.1468 -30.9435
4 15 23.902 1.1625 -31.2038 23.93 1.1655 -31.242 23.9405 1.1646 -31.2281 23.9125 1.1622 -31.1969
4 15 22.7295 1.2712 -32.9948 22.7435 1.2737 -33.0295 22.761 1.272 -33.0017 22.7435 1.2692 -32.9636
4 15 22.7295 1.275 -33.0503 22.7155 1.2731 -33.026 22.705 1.2744 -33.0469 22.712 1.2764 -33.0746
4 15 24.0945 1.1695 -31.2767 24.105 1.1712 -31.301 24.1225 1.1705 -31.2906 24.105 1.169 -31.2698
4 15 22.39 1.252 -32.7692 22.4075 1.2536 -32.79 22.432 1.2505 -32.7414 22.418 1.249 -32.7206
4 15 23.8075 1.1648 -31.2524 23.7935 1.1651 -31.2594 23.797 1.1663 -31.2767 23.804 1.1666 -31.2802
4 15 24.4795 1.2455 -32.3596 24.49 1.246 -32.3666 24.4935 1.2441 -32.3388 24.4795 1.2448 -32.3492
4 15 23.685 1.2544 -32.5887 23.7025 1.2515 -32.5436 23.678 1.2503 -32.5297 23.6605 1.2536 -32.5818
3 15 24.392 1.2696 -32.7067 24.4095 1.2697 -32.7067 24.406 1.2684 -32.6894
4 15 21.9525 1.372 -33.7549 21.949 1.3668 -33.7306 21.921 1.3702 -33.7514 21.935 1.3751 -33.7723
4 15 24.3885 1.2674 -32.6755 24.392 1.2696 -32.7067 24.406 1.2684 -32.6894 24.399 1.2679 -32.6824
4 15 23.6535 1.1323 -30.8012 23.6255 1.1311 -30.7873 23.6045 1.1318 -30.8012 23.636 1.1335 -30.822
3 15 23.9895 1.1413 -30.8776 23.951 1.143 -30.9088 23.965 1.1434 -30.9123
4 15 24.427 1.6173 -34.4525 24.42 1.6222 -34.4768 24.476 1.6249 -34.4768 24.4935 1.619 -34.4456
4 15 23.4645 1.9196 -36.0977 23.4855 1.9218 -36.1047 23.496 1.9141 -36.0665 23.4715 1.9125 -36.063
4 15 24.476 1.1213 -30.5791 24.462 1.1232 -30.6068 24.483 1.1233 -30.6068 24.483 1.1221 -30.5895
4 15 24.07 1.1706 -31.2941 24.0525 1.1709 -31.301 24.0455 1.172 -31.3184 24.0595 1.1719 -31.3149
4 15 24.035 1.1719 -31.3184 24.0455 1.172 -31.3184 24.0525 1.1709 -31.301 24.0385 1.1712 -31.308
3 15 24.0875 1.1765 -31.3774 24.0525 1.1761 -31.3774 24.0805 1.1764 -31.3774
3 15 24.147 1.1664 -31.2316 24.1645 1.1664 -31.2316 24.1645 1.1657 -31.2212
3 15 24.1645 1.1657 -31.2212 24.1505 1.1661 -31.2281 24.147 1.1664 -31.2316
4 15 24.504 1.1444 -30.9088 24.504 1.1497 -30.9852 24.518 1.1497 -30.9852 24.511 1.1441 -30.9053
4 15 23.4505 1.1376 -30.9123 23.4155 1.1355 -30.888 23.398 1.1358 -30.8949 23.419 1.1374 -30.9158
4 15 23.5905 1.1356 -30.8602 23.552 1.1333 -30.8325 23.5275 1.134 -30.8463 23.566 1.1363 -30.8741
4 15 22.425 1.255 -32.8074 22.439 1.2558 -32.8178 22.4565 1.2539 -32.7865 22.4425 1.2521 -32.7622
4 15 24.028 2.1515 -37.0314 24.056 2.1573 -37.0487 24.056 2.1551 -37.0383 24.0455 2.152 -37.0279
4 15 23.993 1.1318 -30.7387 23.9782 1.131 -30.728 23.9837 1.1333 -30.7608 23.993 1.134 -30.77
3 15 23.993 1.134 -30.77 24.007 1.1328 -30.7526 23.993 1.1318 -30.7387
4 15 24.07 1.1749 -31.3566 24.0385 1.175 -31.3635 24.021 1.1757 -31.3774 24.035 1.1759 -31.3774
4 15 24.0175 1.1752 -31.3704 24.021 1.1757 -31.3774 24.0385 1.175 -31.3635 24.021 1.175 -31.367
3 15 23.79 1.166 -31.2733 23.797 1.1663 -31.2767 23.7935 1.1651 -31.2594
4 15 24.091 1.1714 -31.3045 24.084 1.1699 -31.2837 24.0731 1.1705 -31.2918 24.0762 1.1718 -31.3104
3 15 22.3445 1.2465 -32.6963 22.3515 1.2444 -32.6651 22.341 1.2443 -32.6651
3 15 22.341 1.2443 -32.6651 22.341 1.245 -32.6755 22.3445 1.2465 -32.6963
4 15 21.9175 1.2319 -32.554 21.8965 1.2341 -32.5887 21.956 1.2345 -32.5852 21.963 1.2325 -32.554
4 15 24.588 1.2297 -32.1236 24.5775 1.229 -32.1167 24.567 1.2314 -32.1514 24.581 1.2319 -32.1548
4 15 24.4305 1.1225 -30.5964 24.448 1.123 -30.6034 24.469 1.1206 -30.5687 24.455 1.1198 -30.5583
4 15 22.4425 1.2521 -32.7622 22.432 1.2505 -32.7414 22.4075 1.2536 -32.79 22.425 1.255 -32.8074
4 15 23.552 1.1333 -30.8325 23.5905 1.1356 -30.8602 23.615 1.1347 -30.8429 23.5835 1.1325 -30.8151
4 15 21.9385 1.231 -32.5366 21.9175 1.2319 -32.554 21.963 1.2325 -32.554 21.9595 1.231 -32.5332
4 15 23.713 1.932 -36.1151 23.685 1.9244 -36.0838 23.636 1.9227 -36.0838 23.65 1.9305 -36.1186
4 15 23.916 1.1403 -30.8741 23.923 1.141 -30.8845 23.972 1.1378 -30.829 23.9615 1.1365 -30.8116
4 15 24.4725 1.1322 -30.7353 24.476 1.1327 -30.7422 24.49 1.131 -30.7179 24.4795 1.1315 -30.7249
3 15 24.2407 1.4142 -33.5729 24.258 1.3943 -33.4761 24.245 1.3875 -33.446
4 15 23.9895 1.1413 -30.8776 23.965 1.1434 -30.9123 23.979 1.1436 -30.9123 23.986 1.1427 -30.8984
4 15 24.1855 1.3876 -33.4564 24.21 1.4009 -33.5154 24.2407 1.4142 -33.5729 24.245 1.3875 -33.446
4 15 24.448 1.123 -30.6034 24.462 1.1232 -30.6068 24.476 1.1213 -30.5791 24.469 1.1206 -30.5687
4 15 24.5775 1.189 -31.5474 24.588 1.1895 -31.5544 24.6125 1.1869 -31.5162 24.5985 1.1871 -31.5197
4 15 21.816 1.2461 -32.7796 21.8335 1.2454 -32.7657 21.7985 1.2452 -32.7692 21.802 1.2462 -32.7831
3 15 23.8285 1.1378 -30.8533 23.839 1.1377 -30.8498 23.811 1.1353 -30.8186
4 15 23.818 1.138 -30.8567 23.8285 1.1378 -30.8533 23.811 1.1353 -30.8186 23.804 1.1359 -30.829
4 15 24.133 1.2077 -31.8286 24.07 1.2063 -31.8182 24.056 1.2085 -31.8529 24.1225 1.2104 -31.8702
4 15 24.665 1.1884 -31.537 24.651 1.1874 -31.5232 24.609 1.1903 -31.5648 24.63 1.1908 -31.5717
4 15 24.567 1.1449 -30.9158 24.595 1.1474 -30.9505 24.6055 1.1472 -30.947 24.5845 1.1447 -30.9123
4 15 24.574 1.1774 -31.3808 24.581 1.1779 -31.3878 24.588 1.1762 -31.3635 24.5775 1.1767 -31.3704
4 15 24.5915 1.1781 -31.3913 24.602 1.176 -31.36 24.588 1.1762 -31.3635 24.581 1.1779 -31.3878
4 15 23.2545 1.907 -36.0734 23.258 1.9042 -36.0596 23.2433 1.9024 -36.0533 23.2405 1.9073 -36.0769
4 15 23.6605 2.201 -37.3813 23.692 2.206 -37.3937 23.699 2.2039 -37.3819 23.6773 2.1975 -37.3597
4 15 22.3445 1.2465 -32.6963 22.3515 1.2475 -32.7102 22.369 1.2453 -32.6755 22.3515 1.2444 -32.6651
4 15 22.362 1.2488 -32.7275 22.376 1.2504 -32.7484 22.4005 1.2476 -32.7032 22.383 1.2462 -32.6859
3 15 23.741 1.2562 -32.6061 23.755 1.2561 -32.6026 23.7515 1.2554 -32.5922
4 15 24.518 1.4985 -33.8868 24.546 1.5036 -33.9042 24.567 1.5008 -33.8868 24.5355 1.4933 -33.859
4 15 24.679 1.1894 -31.5509 24.665 1.1884 -31.537 24.63 1.1908 -31.5717 24.6475 1.1913 -31.5787
4 15 25.3755 1.7691 -34.9419 25.351 1.7664 -34.935 25.3335 1.7686 -34.9489 25.386 1.7757 -34.9697
3 15 24.0735 1.9342 -36.0179 24.091 1.9385 -36.0318 24.1085 1.9292 -35.9832
3 15 24.1085 1.9292 -35.9832 24.0903 1.9317 -36.0005 24.0735 1.9342 -36.0179
4 15 24.133 1.931 -35.9832 24.1085 1.9292 -35.9832 24.091 1.9385 -36.0318 24.112 1.937 -36.0179
4 15 24.4935 1.619 -34.4456 24.511 1.6153 -34.4248 24.441 1.6112 -34.4213 24.427 1.6173 -34.4525
3 15 24.511 1.6153 -34.4248 24.462 1.6061 -34.3935 24.441 1.6112 -34.4213
4 15 23.811 1.1353 -30.8186 23.839 1.1377 -30.8498 23.8495 1.1378 -30.8498 23.825 1.1345 -30.8047
4 15 24.525 1.1345 -30.7665 24.539 1.1347 -30.77 24.553 1.1328 -30.7422 24.546 1.1321 -30.7318
4 15 24.273 2.1413 -36.903 24.352 2.1321 -36.8341 24.352 2.1194 -36.7759 24.252 2.133 -36.8717
4 15 24.1575 1.1681 -31.2559 24.133 1.1676 -31.249 24.126 1.1681 -31.2559 24.1505 1.1691 -31.2698
3 15 24.273 2.1413 -36.903 24.252 2.133 -36.8717 24.2415 2.1353 -36.8856
4 15 24.448 1.2608 -32.5783 24.4445 1.2623 -32.5991 24.4585 1.2625 -32.5991 24.455 1.2614 -32.5852
4 15 24.553 1.1328 -30.7422 24.539 1.1347 -30.77 24.56 1.1348 -30.77 24.56 1.1335 -30.7526
4 15 24.6335 1.1605 -31.1379 24.651 1.1608 -31.1414 24.658 1.1591 -31.1171 24.6475 1.1581 -31.1032
4 15 23.055 1.1428 -31.0546 23.0795 1.1466 -31.1066 23.083 1.1454 -31.0893 23.069 1.1436 -31.065
4 15 24.6405 1.1702 -31.2767 24.651 1.1676 -31.2385 24.6405 1.1668 -31.2281 24.6265 1.17 -31.2733
4 15 24.6195 1.1792 -31.4051 24.6405 1.1758 -31.3566 24.6195 1.1758 -31.3566 24.6055 1.1786 -31.3982
4 15 24.602 1.176 -31.36 24.5915 1.1781 -31.3913 24.6055 1.1786 -31.3982 24.6195 1.1758 -31.3566
4 15 23.9782 1.131 -30.728 23.9615 1.1304 -30.7214 23.958 1.132 -30.7457 23.972 1.1326 -30.7526
4 15 23.993 1.134 -30.77 24 1.1345 -30.7769 24.014 1.134 -30.77 24.007 1.1328 -30.7526
4 15 21.879 1.2417 -32.7032 21.9035 1.2396 -32.6685 21.844 1.2396 -32.6789 21.8195 1.2422 -32.7206
4 15 24.5775 1.2091 -31.8355 24.5705 1.2118 -31.8737 24.5845 1.2123 -31.8806 24.595 1.2091 -31.8355
4 15 23.979 1.1388 -30.8429 23.972 1.1378 -30.829 23.923 1.141 -30.8845 23.9335 1.1419 -30.8949
4 15 24.672 1.1802 -31.419 24.679 1.1778 -31.3843 24.6685 1.177 -31.3739 24.6545 1.1799 -31.4156
4 15 24.777 2.0911 -36.5524 24.7735 2.0864 -36.5316 24.749 2.0852 -36.5316 24.7511 2.0904 -36.5552
3 15 24.385 1.468 -33.7757 24.427 1.4639 -33.748 24.392 1.4524 -33.7028
4 15 21.8335 1.2454 -32.7657 21.851 1.2442 -32.7449 21.802 1.2441 -32.7518 21.7985 1.2452 -32.7692
4 15 21.9455 1.2686 -33.0885 21.9105 1.268 -33.085 21.9035 1.2689 -33.0989 21.935 1.2695 -33.1024
4 15 23.3385 1.1566 -31.2108 23.3035 1.1548 -31.1899 23.3 1.1559 -31.2073 23.328 1.157 -31.2177
4 15 24.511 2.098 -36.6427 24.476 2.1009 -36.6635 24.5285 2.1019 -36.6565 24.5285 2.0988 -36.6427
4 15 24.595 1.19 -31.5613 24.609 1.1903 -31.5648 24.651 1.1874 -31.5232 24.6335 1.1869 -31.5162
4 15 22.964 1.1484 -31.1518 22.9955 1.1494 -31.1622 23.0025 1.149 -31.1552 22.9675 1.1472 -31.1344
4 15 23.9545 1.1636 -31.2108 23.9265 1.1616 -31.1865 23.9125 1.1622 -31.1969 23.9405 1.1646 -31.2281
4 15 26.275 1.7214 -34.5254 26.121 1.7352 -34.6226 26.079 1.7423 -34.6643 26.247 1.7307 -34.574
4 15 21.9158 1.3209 -33.5189 21.914 1.3172 -33.5015 21.879 1.3189 -33.5154 21.879 1.3233 -33.5362
4 15 24.352 1.815 -35.3774 24.2905 1.8336 -35.4834 24.3444 1.8315 -35.4556 24.352 1.827 -35.4324
4 15 23.3035 1.1548 -31.1899 23.3385 1.1566 -31.2108 23.349 1.1558 -31.1969 23.3105 1.1542 -31.1795
4 15 24.0035 1.1583 -31.124 24.021 1.1585 -31.124 24.021 1.158 -31.1171 24.014 1.1579 -31.1171
3 15 23.335 1.1537 -31.1691 23.321 1.1538 -31.1726 23.3525 1.1551 -31.1865
3 15 23.335 1.1537 -31.1691 23.3525 1.1551 -31.1865 23.3525 1.1547 -31.1795
3 15 23.3525 1.1547 -31.1795 23.3455 1.1541 -31.1726 23.335 1.1537 -31.1691
4 15 22.663 1.8884 -36.0838 22.6875 1.8981 -36.1255 22.7015 1.8956 -36.1116 22.6875 1.8893 -36.0838
3 15 23.7431 2.1984 -37.3417 23.727 2.206 -37.3819 23.7403 2.2053 -37.3743
3 15 23.7403 2.2053 -37.3743 23.7459 2.2011 -37.3535 23.7431 2.1984 -37.3417
4 15 24.5495 1.2108 -31.8598 24.5565 1.2113 -31.8668 24.5635 1.2096 -31.8425 24.553 1.2101 -31.8494
3 15 24.553 1.2285 -32.1132 24.539 1.2289 -32.1201 24.546 1.2304 -32.141
4 15 24.3402 1.8372 -35.4834 24.3444 1.8315 -35.4556 24.2905 1.8336 -35.4834 24.2905 1.8397 -35.5112
4 15 23.972 1.2253 -32.1132 23.916 1.2239 -32.1028 23.895 1.2258 -32.134 23.944 1.2271 -32.1444
4 15 24.196 1.174 -31.3392 24.1715 1.1725 -31.3184 24.161 1.1729 -31.3253 24.189 1.1749 -31.3531
4 15 24.63 1.1467 -30.94 24.623 1.1448 -30.9123 24.609 1.1448 -30.9123 24.616 1.1469 -30.9435
4 15 21.9035 1.2396 -32.6685 21.9315 1.2371 -32.6269 21.8685 1.2368 -32.6338 21.844 1.2396 -32.6789
4 15 24.574 1.188 -31.5336 24.5775 1.189 -31.5474 24.5985 1.1871 -31.5197 24.588 1.1873 -31.5232
4 15 21.9175 1.3261 -33.5432 21.9158 1.3209 -33.5189 21.879 1.3233 -33.5362 21.879 1.3292 -33.564
4 15 24.392 1.2696 -32.7067 24.3885 1.2674 -32.6755 24.3745 1.2677 -32.6789 24.3815 1.2691 -32.6998
4 15 22.894 1.2603 -32.8074 22.887 1.2595 -32.797 22.8625 1.2597 -32.8039 22.88 1.2615 -32.8282
4 15 24.504 1.1444 -30.9088 24.497 1.1456 -30.9262 24.497 1.1492 -30.9782 24.504 1.1497 -30.9852
4 15 22.201 1.5433 -34.5254 22.2115 1.5474 -34.5428 22.2325 1.5371 -34.4907 22.215 1.5343 -34.4803
4 15 22.243 1.5507 -34.5532 22.2605 1.5462 -34.5289 22.2465 1.5405 -34.5046 22.229 1.5502 -34.5532
4 15 23.2405 1.9073 -36.0769 23.2433 1.9024 -36.0533 23.2265 1.9009 -36.0491 23.223 1.9067 -36.0769
4 15 21.879 1.3335 -33.5848 21.879 1.3387 -33.6091 21.921 1.3365 -33.5918 21.921 1.3314 -33.5675
4 15 24.3675 1.2681 -32.6859 24.371 1.2686 -32.6928 24.3815 1.2691 -32.6998 24.3745 1.2677 -32.6789
4 15 23.986 1.1401 -30.8602 23.979 1.1388 -30.8429 23.9335 1.1419 -30.8949 23.9405 1.1424 -30.9019
4 15 24.1155 1.1765 -31.3774 24.1155 1.1741 -31.3427 24.0945 1.1745 -31.3496 24.0875 1.1765 -31.3774
4 15 24.574 1.159 -31.1171 24.588 1.1595 -31.124 24.595 1.1568 -31.0858 24.581 1.1571 -31.0893
4 15 24.14 1.1698 -31.2802 24.1155 1.1685 -31.2628 24.105 1.169 -31.2698 24.1225 1.1705 -31.2906
3 15 24.357 2.1186 -36.7711 24.352 2.1194 -36.7759 24.352 2.1321 -36.8341
4 15 24.686 1.1904 -31.5648 24.679 1.1894 -31.5509 24.6475 1.1913 -31.5787 24.665 1.1916 -31.5822
4 15 24.518 1.2472 -32.377 24.532 1.2476 -32.3805 24.532 1.2456 -32.3527 24.5215 1.2449 -32.3457
4 15 23.489 1.5257 -34.2269 23.426 1.5103 -34.1645 23.412 1.5288 -34.2547 23.4715 1.5434 -34.3137
4 15 22.1905 1.5393 -34.5081 22.201 1.5433 -34.5254 22.215 1.5343 -34.4803 22.201 1.532 -34.4716
4 15 23.419 1.9121 -36.07 23.4295 1.9154 -36.0838 23.4295 1.9103 -36.0596 23.419 1.9106 -36.063
4 15 24.546 1.5036 -33.9042 24.5705 1.5078 -33.918 24.5845 1.5062 -33.9076 24.567 1.5008 -33.8868
4 15 23.342 1.2472 -32.5401 23.356 1.2502 -32.5818 23.377 1.2502 -32.5783 23.3665 1.2465 -32.5262
4 15 23.762 1.5924 -34.4977 23.7305 1.584 -34.463 23.7445 1.5977 -34.5254 23.769 1.6015 -34.5393
3 15 21.4135 1.3142 -33.571 21.445 1.3146 -33.5675 21.4345 1.312 -33.5571
3 15 21.4345 1.312 -33.5571 21.424 1.3124 -33.5605 21.4135 1.3142 -33.571
4 15 21.8965 1.2341 -32.5887 21.8685 1.2368 -32.6338 21.9315 1.2371 -32.6269 21.956 1.2345 -32.5852
3 15 22.6665 1.8988 -36.1324 22.6455 1.8893 -36.0908 22.6315 1.891 -36.1012
4 15 22.6315 1.8932 -36.1116 22.642 1.8957 -36.122 22.6665 1.8988 -36.1324 22.6315 1.891 -36.1012
4 15 21.4485 1.3221 -33.6022 21.4485 1.3177 -33.5814 21.4065 1.3177 -33.5883 21.403 1.3219 -33.6091
4 15 23.8285 1.1643 -31.242 23.8075 1.1648 -31.2524 23.804 1.1666 -31.2802 23.8285 1.1669 -31.2802
4 15 21.55 1.2701 -33.1753 21.5395 1.2702 -33.1787 21.529 1.2705 -33.1857 21.5535 1.2708 -33.1857
4 15 23.475 1.1348 -30.8672 23.503 1.1372 -30.8984 23.538 1.1367 -30.8845 23.4995 1.1343 -30.8567
4 15 24.4235 1.2602 -32.5713 24.4305 1.2619 -32.5956 24.4391 1.2621 -32.5978 24.4375 1.2603 -32.5713
4 15 23.706 1.2551 -32.5956 23.7235 1.2529 -32.5609 23.7025 1.2515 -32.5436 23.685 1.2544 -32.5887
4 15 25.358 1.8166 -35.1641 25.372 1.8082 -35.1224 25.3265 1.7894 -35.0461 25.33 1.7987 -35.0877
4 15 25.323 1.7802 -35.0044 25.3265 1.7894 -35.0461 25.372 1.8082 -35.1224 25.3818 1.7996 -35.0808
4 15 24.5285 1.1442 -30.9053 24.546 1.1488 -30.9713 24.5635 1.1483 -30.9643 24.539 1.1444 -30.9088
3 15 21.942 1.2655 -33.0434 21.9315 1.2661 -33.0538 21.963 1.267 -33.0607
4 15 23.8705 1.2317 -32.2243 23.8915 1.2305 -32.2034 23.8495 1.2298 -32.2 23.8355 1.2315 -32.2277
4 15 23.3 1.5 -34.1367 23.356 1.5152 -34.1992 23.363 1.4934 -34.0951 23.3 1.4758 -34.0222
4 15 24.2135 1.3564 -33.3037 24.2065 1.3503 -33.2759 24.161 1.3465 -33.2655 24.1575 1.3544 -33.3037
3 15 23.9782 1.131 -30.728 23.972 1.1326 -30.7526 23.9825 1.1332 -30.7596
3 15 24.2407 1.4142 -33.5729 24.266 1.3989 -33.4946 24.258 1.3943 -33.4761
3 15 24.352 1.4582 -33.738 24.357 1.4409 -33.6577 24.352 1.4389 -33.6493
3 15 24.5279 1.2372 -32.2395 24.5215 1.2374 -32.2416 24.5219 1.2389 -32.2637
3 15 24.5927 1.2191 -31.9782 24.5915 1.2191 -31.9778 24.583 1.2218 -32.0175
3 15 24.0731 1.1705 -31.2918 24.0735 1.1718 -31.3114 24.0762 1.1718 -31.3104
4 15 24.0595 1.1719 -31.3149 24.0735 1.1718 -31.3114 24.0731 1.1705 -31.2918 24.07 1.1706 -31.2941
3 15 24.588 1.222 -32.0195 24.602 1.2228 -32.0264 24.583 1.2218 -32.0175
3 15 24.1376 1.1973 -31.6754 24.1435 1.1983 -31.6898 24.14 1.1974 -31.6759
3 15 24.352 1.815 -35.3774 24.322 1.8132 -35.3793 24.308 1.8183 -35.407
3 15 23.9782 1.131 -30.728 23.9825 1.1332 -30.7596 23.9837 1.1333 -30.7608
3 15 24.4732 1.2526 -32.4603 24.4655 1.2525 -32.4603 24.4673 1.2542 -32.484
3 15 24.1435 1.1998 -31.7103 24.1435 1.1993 -31.7036 24.1376 1.1973 -31.6754
3 15 24.352 1.815 -35.3774 24.3535 1.8261 -35.4279 24.364 1.821 -35.4022
3 15 24.1376 1.1973 -31.6754 24.1435 1.1993 -31.7036 24.1435 1.1983 -31.6898
4 15 24.385 1.811 -35.3515 24.352 1.815 -35.3774 24.364 1.821 -35.4022 24.378 1.8159 -35.3758
3 15 24.6901 1.1918 -31.5853 24.693 1.1919 -31.5856 24.6913 1.1915 -31.5805
3 15 24.6142 1.2131 -31.8914 24.5985 1.2128 -31.8876 24.6125 1.213 -31.8911
3 15 24.352 1.827 -35.4324 24.3535 1.8261 -35.4279 24.352 1.815 -35.3774
3 15 24.6497 1.2031 -31.7483 24.672 1.2002 -31.7036 24.663 1.1994 -31.6947
3 15 24.5915 1.2191 -31.9778 24.5705 1.219 -31.9778 24.583 1.2218 -32.0175
4 15 24.4585 1.254 -32.4811 24.4673 1.2542 -32.484 24.4655 1.2525 -32.4603 24.448 1.2532 -32.4707
4 15 24.352 1.8081 -35.3455 24.343 1.8087 -35.3515 24.322 1.8132 -35.3793 24.352 1.815 -35.3774
4 15 24.63 1.2136 -31.8945 24.644 1.211 -31.8564 24.6265 1.2097 -31.8425 24.6142 1.2131 -31.8914
4 15 24.392 1.4524 -33.7028 24.357 1.4409 -33.6577 24.352 1.4582 -33.738 24.385 1.468 -33.7757
4 15 24.308 1.8183 -35.407 24.294 1.8263 -35.4487 24.2905 1.8336 -35.4834 24.352 1.815 -35.3774
3 15 24.6142 1.2131 -31.8914 24.6265 1.2097 -31.8425 24.6264 1.2097 -31.8424
4 15 24.357 2.1186 -36.7711 24.352 2.1321 -36.8341 24.3885 2.1269 -36.8023 24.476 2.1009 -36.6635
3 15 23.9782 1.131 -30.728 23.993 1.1318 -30.7387 23.979 1.131 -30.7283
3 15 24.4445 1.2606 -32.576 24.4375 1.2603 -32.5713 24.4391 1.2621 -32.5978
3 15 24.1225 1.197 -31.6724 24.1155 1.1981 -31.6898 24.1376 1.1973 -31.6754
4 15 25.393 1.1884 -31.3843 25.316 1.1953 -31.4954 25.2635 1.2161 -31.7904 25.281 1.2169 -31.7973
4 15 25.4 1.1882 -31.3808 25.393 1.1884 -31.3843 25.281 1.2169 -31.7973 25.295 1.2174 -31.8008
3 15 25.295 1.2174 -31.8008 25.309 1.2181 -31.8078 28.284 1.1168 -29.7746
3 15 25.309 1.2181 -31.8078 25.323 1.2189 -31.8147 28.284 1.1168 -29.7746
3 15 25.141 1.2676 -32.5193 25.1515 1.2683 -32.5262 25.197 1.2596 -32.3978
4 15 28.284 1.2865 -32.0863 25.197 1.2596 -32.3978 25.1515 1.2683 -32.5262 25.1585 1.2697 -32.5436
3 15 25.288 1.2399 -32.1097 25.1515 1.2556 -32.3527 25.162 1.2565 -32.3631
3 15 25.288 1.2399 -32.1097 25.162 1.2565 -32.3631 25.1725 1.2575 -32.3735
4 15 28.284 1.2865 -32.0863 25.288 1.2399 -32.1097 25.1865 1.2584 -32.3839 25.197 1.2596 -32.3978
4 15 25.2775 1.2383 -32.0889 25.288 1.2399 -32.1097 28.284 1.2865 -32.0863 25.33 1.22 -31.8286
4 15 25.323 1.2189 -31.8147 25.33 1.22 -31.8286 28.284 1.2865 -32.0863 28.284 1.1168 -29.7746
4 15 25.127 1.3093 -32.8837 25.148 1.308 -32.8733 25.1725 1.3061 -32.8594 24.9223 1.2865 -32.8241
4 15 25.1935 1.3049 -32.849 25.2075 1.3025 -32.8351 24.9223 1.2865 -32.8241 25.1725 1.3061 -32.8594
3 15 24.9223 1.2865 -32.8241 25.2075 1.3025 -32.8351 25.225 1.3026 -32.8317
3 15 25.225 1.3026 -32.8317 26.2225 1.3336 -32.7553 26.254 1.3283 -32.7241
3 15 25.225 1.3026 -32.8317 26.254 1.3283 -32.7241 26.2925 1.3234 -32.6928
3 15 25.225 1.3026 -32.8317 26.2925 1.3234 -32.6928 26.3415 1.3167 -32.6512
3 15 25.225 1.3026 -32.8317 26.3415 1.3167 -32.6512 26.3905 1.3114 -32.6165
4 15 24.9223 1.2865 -32.8241 25.225 1.3026 -32.8317 26.3905 1.3114 -32.6165 26.443 1.3064 -32.5818
3 15 24.9223 1.2865 -32.8241 26.443 1.3064 -32.5818 26.4745 1.3049 -32.5679
3 15 24.9223 1.2865 -32.8241 26.4745 1.3049 -32.5679 28.284 1.2865 -32.0863
4 15 24.056 2.214 -37.3091 24.042 2.2175 -37.3299 24.042 2.2235 -37.3577 24.056 2.2298 -37.3819
4 15 24.0861 2.2116 -37.2882 24.056 2.214 -37.3091 24.056 2.2298 -37.3819 24.063 2.2356 -37.4062
4 15 24.105 2.21 -37.2743 24.0861 2.2116 -37.2882 24.063 2.2356 -37.4062 24.063 2.2455 -37.4514
4 15 24.161 2.2065 -37.2396 24.105 2.21 -37.2743 24.063 2.2455 -37.4514 24.352 2.7934 -39.8723
3 15 23.09 1.7504 -35.3584 22.285 1.5734 -34.6539 22.257 1.5724 -34.6539
4 15 22.754 1.8799 -36.0283 23.09 1.7504 -35.3584 22.257 1.5724 -34.6539 22.677 1.8808 -36.0457
3 15 22.257 1.5724 -34.6539 22.2325 1.5693 -34.6434 22.677 1.8808 -36.0457
3 15 23.7632 1.9619 -36.2486 23.5506 2.2086 -37.4528 23.5625 2.2019 -37.418
3 15 23.5506 2.2086 -37.4528 23.7632 1.9619 -36.2486 23.1165 2.7037 -39.8723
4 15 26.0006 1.8068 -34.978 26.002 1.8111 -34.9975 26.023 1.8227 -35.0461 26.037 1.8068 -34.9697
4 15 26.023 1.8227 -35.0461 26.037 1.8325 -35.0877 26.079 1.805 -34.9524 26.037 1.8068 -34.9697
4 15 26.17 1.8003 -34.9107 26.079 1.805 -34.9524 26.037 1.8325 -35.0877 26.051 1.8467 -35.1502
4 15 26.275 1.7902 -34.8413 26.17 1.8003 -34.9107 26.051 1.8467 -35.1502 26.058 1.8576 -35.1988
4 15 26.016 1.8934 -35.3723 26.016 1.9025 -35.414 26.0265 1.912 -35.4556 26.037 1.8808 -35.3098
4 15 26.0265 1.912 -35.4556 26.037 1.9216 -35.4973 26.058 1.8712 -35.2613 26.037 1.8808 -35.3098
4 15 26.3485 1.7771 -34.7649 26.275 1.7902 -34.8413 26.058 1.8576 -35.1988 26.058 1.8712 -35.2613
4 15 26.3485 1.7771 -34.7649 26.058 1.8712 -35.2613 26.037 1.9216 -35.4973 26.0405 1.9308 -35.5389
4 15 26.3975 1.7636 -34.692 26.3485 1.7771 -34.7649 26.0405 1.9308 -35.5389 28.284 1.2865 -32.0863
4 15 26.037 1.9367 -35.5667 26.9975 2.9198 -39.8723 28.284 1.2865 -32.0863 26.0405 1.9308 -35.5389
4 15 25.0535 1.2782 -32.6824 24.9223 1.2865 -32.8241 28.284 1.2865 -32.0863 25.064 1.2781 -32.6789
4 15 25.1445 1.2703 -32.554 25.064 1.2781 -32.6789 28.284 1.2865 -32.0863 25.1585 1.2697 -32.5436
3 15 24.924 1.1306 -30.7006 24.9065 1.139 -30.8186 24.9415 1.1409 -30.8359
3 15 24.924 1.1306 -30.7006 24.9415 1.1409 -30.8359 24.98 1.1433 -30.8602
4 15 24.924 1.1306 -30.7006 24.9086 1.1306 -30.704 24.8825 1.1379 -30.8091 24.9065 1.139 -30.8186
4 15 24.4795 1.2527 -32.4603 24.4732 1.2526 -32.4603 24.4673 1.2542 -32.484 24.469 1.2543 -32.4846
3 15 24.4795 1.2527 -32.4603 24.469 1.2543 -32.4846 24.4795 1.2547 -32.488
