0 Sticker  1.7 x  5.6 with Mountains and Power Generators
0 Name: 6347355b.dat
0 Author: Evert-Jan Boer [ejboer]
0 !LDRAW_ORG Unofficial_Part
0 !LICENSE Licensed under CC BY 4.0 : see CAreadme.txt

0 BFC CERTIFY CCW

0 !KEYWORDS AT-AT, Set 75313, Star Wars

1 16 55.25 0 16.5 1 0 0 0 -1 0 0 0 1 1-4chrd.dat
1 16 55.25 0 -16.5 0 0 1 0 -1 0 -1 0 0 1-4chrd.dat
1 16 -55.25 0 -16.5 -1 0 0 0 -1 0 0 0 -1 1-4chrd.dat
1 16 -55.25 0 16.5 0 0 -1 0 -1 0 1 0 0 1-4chrd.dat
4 16 55.25 0 -17.5 -55.25 0 -17.5 -56.25 0 -16.5 56.25 0 -16.5
4 16 56.25 0 16.5 56.25 0 -16.5 -56.25 0 -16.5 -56.25 0 16.5
4 16 56.25 0 16.5 -56.25 0 16.5 -55.25 0 17.5 55.25 0 17.5

1 16 55.25 -.25 16.5 1 0 0 0 .25 0 0 0 1 1-4cyli.dat
1 16 -55.25 -.25 16.5 0 0 -1 0 .25 0 1 0 0 1-4cyli.dat
1 16 -55.25 -.25 -16.5 -1 0 0 0 .25 0 0 0 -1 1-4cyli.dat
1 16 55.25 -.25 -16.5 0 0 1 0 .25 0 -1 0 0 1-4cyli.dat
4 16 55.25 -.25 -17.5 -55.25 -.25 -17.5 -55.25 0 -17.5 55.25 0 -17.5
4 16 56.25 -.25 16.5 56.25 -.25 -16.5 56.25 0 -16.5 56.25 0 16.5
4 16 -55.25 -.25 17.5 55.25 -.25 17.5 55.25 0 17.5 -55.25 0 17.5
4 16 -56.25 -.25 -16.5 -56.25 -.25 16.5 -56.25 0 16.5 -56.25 0 -16.5

1 0 -55.25 -.5 16.5 0 0 -1 0 1 0 1 0 0 1-4chrd.dat
1 0 -55.25 -.5 -16.5 -1 0 0 0 1 0 0 0 -1 1-4chrd.dat
1 0 55.25 -.5 -16.5 0 0 1 0 1 0 -1 0 0 1-4chrd.dat
1 0 55.25 -.5 16.5 1 0 0 0 1 0 0 0 1 1-4chrd.dat
4 72 20.65 -.5 -5.5 20.45 -.5 -6.45 20.85 -.5 -6.5 21.05 -.5 -5.6
4 72 20.9 -.5 -4.65 20.65 -.5 -5.5 21.05 -.5 -5.6 21.3 -.5 -4.8
4 72 21.25 -.5 -3.8 20.9 -.5 -4.65 21.3 -.5 -4.8 21.65 -.5 -3.95
4 72 21.55 -.5 -3.25 21.25 -.5 -3.8 21.65 -.5 -3.95 21.95 -.5 -3.4
4 72 21.9 -.5 -2.75 21.55 -.5 -3.25 21.95 -.5 -3.4 22.3 -.5 -2.85
4 72 22 -.5 -2.5 21.9 -.5 -2.75 22.3 -.5 -2.85 22.6 -.5 -2.55
4 72 21.35 -.5 -9.15 21.8 -.5 -9.1 21.9 -.5 -7.9 21.45 -.5 -7.9
4 72 21.55 -.5 -7.05 21.45 -.5 -7.9 21.9 -.5 -7.9 22 -.5 -7.05
4 72 21.75 -.5 -5.8 21.55 -.5 -7.05 22 -.5 -7.05 22.2 -.5 -5.8
4 72 22.05 -.5 -4.7 21.75 -.5 -5.8 22.2 -.5 -5.8 22.5 -.5 -4.7
4 72 22.4 -.5 -3.75 22.05 -.5 -4.7 22.5 -.5 -4.7 22.85 -.5 -3.8
4 72 22.7 -.5 -3.2 22.4 -.5 -3.75 22.85 -.5 -3.8 23.1 -.5 -3.35
4 72 23 -.5 -2.85 22.7 -.5 -3.2 23.1 -.5 -3.35 23.4 -.5 -3.05
4 72 23.4 -.5 -2.5 23 -.5 -2.85 23.4 -.5 -3.05 23.8 -.5 -2.85
4 72 22.5 -.5 -9.05 22.9 -.5 -9.05 22.95 -.5 -8.1 22.6 -.5 -7.8
4 72 22.6 -.5 -7.8 22.95 -.5 -8.1 23.05 -.5 -7.25 22.8 -.5 -6.7
4 72 22.8 -.5 -6.7 23.05 -.5 -7.25 23.25 -.5 -6.3 23.1 -.5 -5.65
4 72 23.1 -.5 -5.65 23.25 -.5 -6.3 23.5 -.5 -5.55 23.35 -.5 -4.85
4 72 23.35 -.5 -4.85 23.5 -.5 -5.55 23.75 -.5 -5.05 23.65 -.5 -4.35
4 72 23.65 -.5 -4.35 23.75 -.5 -5.05 23.95 -.5 -4.8 23.95 -.5 -4.05
4 72 23.95 -.5 -4.05 23.95 -.5 -4.8 24.25 -.5 -4.65 24.35 -.5 -3.95
4 72 24.35 -.5 -3.95 24.25 -.5 -4.65 24.55 -.5 -4.65 24.7 -.5 -3.95
4 72 25 -.5 -4 24.7 -.5 -3.95 24.55 -.5 -4.65 24.9 -.5 -4.75
4 72 23.5 -.5 -9.1 23.9 -.5 -9.1 24 -.5 -8.25 23.65 -.5 -8
4 72 23.85 -.5 -7.2 23.65 -.5 -8 24 -.5 -8.25 24.2 -.5 -7.35
4 72 24.1 -.5 -6.45 23.85 -.5 -7.2 24.2 -.5 -7.35 24.45 -.5 -6.65
4 72 24.45 -.5 -5.95 24.1 -.5 -6.45 24.45 -.5 -6.65 24.7 -.5 -6.25
4 72 24.8 -.5 -5.75 24.45 -.5 -5.95 24.7 -.5 -6.25 24.9 -.5 -6.15
4 72 25.1 -.5 -5.7 24.8 -.5 -5.75 24.9 -.5 -6.15 25.15 -.5 -6.15
4 72 25.35 -.5 -5.75 25.1 -.5 -5.7 25.15 -.5 -6.15 25.4 -.5 -6.35
4 72 25.6 -.5 -5.9 25.35 -.5 -5.75 25.4 -.5 -6.35 25.65 -.5 -6.6
4 72 19.65 -.5 -7.25 19.15 -.5 -7.7 20.5 -.5 -7.7 21 -.5 -7.25
4 72 20.9 -.5 -9.15 21 -.5 -7.25 20.5 -.5 -7.7 20.45 -.5 -9.45
4 72 19.15 -.5 -7.7 18.5 -.5 -7.25 18.45 -.5 -8.65 19.05 -.5 -9.45
3 72 18.45 -.5 -8.65 18.45 -.5 -9.15 19.05 -.5 -9.45
4 72 19.05 -.5 -9.45 18.45 -.5 -9.15 18.45 -.5 -9.7 18.55 -.5 -9.95
4 72 19.05 -.5 -9.45 18.55 -.5 -9.95 18.8 -.5 -10.05 20.1 -.5 -10.05
4 72 20.45 -.5 -9.45 19.05 -.5 -9.45 20.1 -.5 -10.05 20.4 -.5 -10.1
4 72 20.45 -.5 -9.45 20.4 -.5 -10.1 20.75 -.5 -10.1 21 -.5 -10
4 72 20.45 -.5 -9.45 21 -.5 -10 21.2 -.5 -9.75 20.9 -.5 -9.15
4 72 21.35 -.5 -9.15 20.9 -.5 -9.15 21.2 -.5 -9.75 21.85 -.5 -9.7
4 72 21.8 -.5 -9.1 21.35 -.5 -9.15 21.85 -.5 -9.7 22.3 -.5 -9.65
4 72 22.5 -.5 -9.05 21.8 -.5 -9.1 22.3 -.5 -9.65 22.7 -.5 -9.6
4 72 22.9 -.5 -9.05 22.5 -.5 -9.05 22.7 -.5 -9.6 23.5 -.5 -9.1
4 72 23.5 -.5 -9.1 22.7 -.5 -9.6 23.25 -.5 -9.65 23.8 -.5 -9.65
4 72 23.9 -.5 -9.1 23.5 -.5 -9.1 23.8 -.5 -9.65 24.8 -.5 -9.2
4 72 24.8 -.5 -9.2 23.8 -.5 -9.65 24.5 -.5 -9.7 25.25 -.5 -9.2
4 72 24.9 -.5 -8.5 24.8 -.5 -9.2 25.25 -.5 -9.2 25.35 -.5 -8.45
4 72 25.05 -.5 -8 24.9 -.5 -8.5 25.35 -.5 -8.45 25.45 -.5 -8.05
4 72 25.25 -.5 -7.6 25.05 -.5 -8 25.45 -.5 -8.05 25.6 -.5 -7.75
4 72 25.45 -.5 -7.35 25.25 -.5 -7.6 25.6 -.5 -7.75 25.8 -.5 -7.6
4 72 25.7 -.5 -7.2 25.45 -.5 -7.35 25.8 -.5 -7.6 26.3 -.5 -6.95
4 72 25.25 -.5 -9.2 24.5 -.5 -9.7 25 -.5 -9.8 25.5 -.5 -9.8
4 72 19.1 -.5 -6.6 19.65 -.5 -7.25 19.8 -.5 -6.35 19.2 -.5 -6
4 72 19.35 -.5 -5.4 19.2 -.5 -6 19.8 -.5 -6.35 20 -.5 -5.35
4 72 19.55 -.5 -4.7 19.35 -.5 -5.4 20 -.5 -5.35 20.25 -.5 -4.45
4 72 20 -.5 -3.7 20.25 -.5 -4.45 20.55 -.5 -3.85 20.35 -.5 -3.05
4 72 20.35 -.5 -3.05 20.55 -.5 -3.85 20.9 -.5 -3.35 20.75 -.5 -2.5
4 72 20.75 -.5 -2.5 20.9 -.5 -3.35 21.35 -.5 -2.8 21.25 -.5 -2.05
3 72 21.25 -.5 -2.05 21.35 -.5 -2.8 21.7 -.5 -2.45
3 72 18.75 -.5 -7.1 18.5 -.5 -7.25 19.15 -.5 -7.7
4 72 19.1 -.5 -6.6 18.75 -.5 -7.1 19.15 -.5 -7.7 19.65 -.5 -7.25
4 72 21.25 -.5 -2.05 21.7 -.5 -2.45 22 -.5 -2.3 21.7 -.5 -1.75
4 72 22.25 -.5 -1.7 21.7 -.5 -1.75 22 -.5 -2.3 22.95 -.5 -1.7
4 72 22.95 -.5 -1.7 22 -.5 -2.3 22 -.5 -2.5 22.6 -.5 -2.55
4 72 22.95 -.5 -1.7 22.6 -.5 -2.55 22.9 -.5 -2.4 23.5 -.5 -1.75
3 72 23.5 -.5 -1.75 22.9 -.5 -2.4 23.2 -.5 -2.4
4 72 23.5 -.5 -1.75 23.2 -.5 -2.4 23.4 -.5 -2.5 23.95 -.5 -1.9
4 72 23.95 -.5 -1.9 23.4 -.5 -2.5 23.8 -.5 -2.85 24.4 -.5 -2.25
4 72 24.4 -.5 -2.25 23.8 -.5 -2.85 24 -.5 -2.85 24.85 -.5 -2.7
4 72 24.85 -.5 -2.7 24 -.5 -2.85 24.3 -.5 -3.05 25.2 -.5 -3.25
4 72 25.2 -.5 -3.25 24.3 -.5 -3.05 24.65 -.5 -3.45 25.4 -.5 -3.65
4 72 25.4 -.5 -3.65 24.65 -.5 -3.45 25 -.5 -4 25.55 -.5 -4
4 72 25.55 -.5 -4 25 -.5 -4 24.9 -.5 -4.75 25.85 -.5 -4.65
4 72 25.85 -.5 -4.65 24.9 -.5 -4.75 25.1 -.5 -4.9 26 -.5 -5.1
4 72 26 -.5 -5.1 25.1 -.5 -4.9 25.35 -.5 -5.2 26.15 -.5 -5.7
4 72 26.15 -.5 -5.7 25.35 -.5 -5.2 25.6 -.5 -5.9 26.25 -.5 -6.35
4 72 26.25 -.5 -6.35 25.6 -.5 -5.9 25.65 -.5 -6.6 26.3 -.5 -6.95
3 72 25.65 -.5 -6.6 25.7 -.5 -7.2 26.3 -.5 -6.95
4 72 28.25 -.5 -5.5 28.05 -.5 -6.45 28.45 -.5 -6.5 28.65 -.5 -5.6
4 72 28.5 -.5 -4.65 28.25 -.5 -5.5 28.65 -.5 -5.6 28.9 -.5 -4.8
4 72 28.85 -.5 -3.8 28.5 -.5 -4.65 28.9 -.5 -4.8 29.25 -.5 -3.95
4 72 29.15 -.5 -3.25 28.85 -.5 -3.8 29.25 -.5 -3.95 29.55 -.5 -3.4
4 72 29.5 -.5 -2.75 29.15 -.5 -3.25 29.55 -.5 -3.4 29.9 -.5 -2.85
4 72 29.6 -.5 -2.5 29.5 -.5 -2.75 29.9 -.5 -2.85 30.2 -.5 -2.55
4 72 28.95 -.5 -9.15 29.4 -.5 -9.1 29.5 -.5 -7.9 29.05 -.5 -7.9
4 72 29.15 -.5 -7.05 29.05 -.5 -7.9 29.5 -.5 -7.9 29.6 -.5 -7.05
4 72 29.35 -.5 -5.8 29.15 -.5 -7.05 29.6 -.5 -7.05 29.8 -.5 -5.8
4 72 29.65 -.5 -4.7 29.35 -.5 -5.8 29.8 -.5 -5.8 30.1 -.5 -4.7
4 72 30 -.5 -3.75 29.65 -.5 -4.7 30.1 -.5 -4.7 30.45 -.5 -3.8
4 72 30.3 -.5 -3.2 30 -.5 -3.75 30.45 -.5 -3.8 30.7 -.5 -3.35
4 72 30.6 -.5 -2.85 30.3 -.5 -3.2 30.7 -.5 -3.35 31 -.5 -3.05
4 72 31 -.5 -2.5 30.6 -.5 -2.85 31 -.5 -3.05 31.4 -.5 -2.85
4 72 30.1 -.5 -9.05 30.5 -.5 -9.05 30.55 -.5 -8.1 30.2 -.5 -7.8
4 72 30.2 -.5 -7.8 30.55 -.5 -8.1 30.65 -.5 -7.25 30.4 -.5 -6.7
4 72 30.4 -.5 -6.7 30.65 -.5 -7.25 30.85 -.5 -6.3 30.7 -.5 -5.65
4 72 30.7 -.5 -5.65 30.85 -.5 -6.3 31.1 -.5 -5.55 30.95 -.5 -4.85
4 72 30.95 -.5 -4.85 31.1 -.5 -5.55 31.35 -.5 -5.05 31.25 -.5 -4.35
4 72 31.25 -.5 -4.35 31.35 -.5 -5.05 31.55 -.5 -4.8 31.55 -.5 -4.05
4 72 31.55 -.5 -4.05 31.55 -.5 -4.8 31.85 -.5 -4.65 31.95 -.5 -3.95
4 72 31.95 -.5 -3.95 31.85 -.5 -4.65 32.15 -.5 -4.65 32.3 -.5 -3.95
4 72 32.6 -.5 -4 32.3 -.5 -3.95 32.15 -.5 -4.65 32.5 -.5 -4.75
4 72 31.1 -.5 -9.1 31.5 -.5 -9.1 31.6 -.5 -8.25 31.25 -.5 -8
4 72 31.45 -.5 -7.2 31.25 -.5 -8 31.6 -.5 -8.25 31.8 -.5 -7.35
4 72 31.7 -.5 -6.45 31.45 -.5 -7.2 31.8 -.5 -7.35 32.05 -.5 -6.65
4 72 32.05 -.5 -5.95 31.7 -.5 -6.45 32.05 -.5 -6.65 32.3 -.5 -6.25
4 72 32.4 -.5 -5.75 32.05 -.5 -5.95 32.3 -.5 -6.25 32.5 -.5 -6.15
4 72 32.7 -.5 -5.7 32.4 -.5 -5.75 32.5 -.5 -6.15 32.75 -.5 -6.15
4 72 32.95 -.5 -5.75 32.7 -.5 -5.7 32.75 -.5 -6.15 33 -.5 -6.35
4 72 33.2 -.5 -5.9 32.95 -.5 -5.75 33 -.5 -6.35 33.25 -.5 -6.6
4 72 27.25 -.5 -7.25 26.75 -.5 -7.7 28.1 -.5 -7.7 28.6 -.5 -7.25
4 72 28.5 -.5 -9.15 28.6 -.5 -7.25 28.1 -.5 -7.7 28.05 -.5 -9.45
4 72 26.65 -.5 -9.45 26.75 -.5 -7.7 26.05 -.5 -8.65 26.05 -.5 -9.2
4 72 26.2 -.5 -10 26.45 -.5 -10.1 26.65 -.5 -9.45 26.05 -.5 -9.2
4 72 28.05 -.5 -9.45 28.55 -.5 -10.1 28.8 -.5 -10 28.9 -.5 -9.75
4 72 28.5 -.5 -9.15 28.05 -.5 -9.45 28.9 -.5 -9.75 28.95 -.5 -9.15
4 72 28.95 -.5 -9.15 28.9 -.5 -9.75 29.45 -.5 -9.7 29.4 -.5 -9.1
4 72 29.4 -.5 -9.1 29.45 -.5 -9.7 29.9 -.5 -9.75 30.1 -.5 -9.05
4 72 30.1 -.5 -9.05 29.9 -.5 -9.75 30.3 -.5 -9.8 30.5 -.5 -9.05
4 72 31.1 -.5 -9.1 30.5 -.5 -9.05 30.3 -.5 -9.8 30.9 -.5 -9.75
4 72 31.1 -.5 -9.1 30.9 -.5 -9.75 31.3 -.5 -9.65 31.5 -.5 -9.1
4 72 32.4 -.5 -9.2 31.5 -.5 -9.1 31.3 -.5 -9.65 31.75 -.5 -9.7
4 72 32.5 -.5 -8.5 32.4 -.5 -9.2 32.85 -.5 -9.2 32.95 -.5 -8.45
4 72 32.65 -.5 -8 32.5 -.5 -8.5 32.95 -.5 -8.45 33.05 -.5 -8.05
4 72 32.85 -.5 -7.6 32.65 -.5 -8 33.05 -.5 -8.05 33.2 -.5 -7.75
4 72 33.05 -.5 -7.35 32.85 -.5 -7.6 33.2 -.5 -7.75 33.5 -.5 -7.65
4 72 33.3 -.5 -7.2 33.05 -.5 -7.35 33.5 -.5 -7.65 33.9 -.5 -6.95
4 72 32.85 -.5 -9.2 32.4 -.5 -9.2 31.75 -.5 -9.7 32.3 -.5 -9.75
3 72 32.85 -.5 -9.2 32.3 -.5 -9.75 33.1 -.5 -9.75
4 72 26.8 -.5 -6.95 27.25 -.5 -7.25 27.4 -.5 -6.35 26.95 -.5 -6
4 72 27.1 -.5 -5.25 26.95 -.5 -6 27.4 -.5 -6.35 27.6 -.5 -5.35
4 72 27.25 -.5 -4.7 27.1 -.5 -5.25 27.6 -.5 -5.35 27.85 -.5 -4.55
4 72 27.6 -.5 -3.7 27.85 -.5 -4.55 28.15 -.5 -3.85 27.95 -.5 -3.05
4 72 27.95 -.5 -3.05 28.15 -.5 -3.85 28.5 -.5 -3.35 28.35 -.5 -2.5
4 72 28.35 -.5 -2.5 28.5 -.5 -3.35 28.95 -.5 -2.8 28.85 -.5 -2.05
3 72 28.85 -.5 -2.05 28.95 -.5 -2.8 29.3 -.5 -2.45
4 72 26.75 -.5 -7.7 27.25 -.5 -7.25 26.8 -.5 -6.95 26.3 -.5 -6.95
4 72 28.85 -.5 -2.05 29.3 -.5 -2.45 29.6 -.5 -2.3 29.3 -.5 -1.75
4 72 29.85 -.5 -1.7 29.3 -.5 -1.75 29.6 -.5 -2.3 30.55 -.5 -1.7
4 72 30.55 -.5 -1.7 29.6 -.5 -2.3 29.6 -.5 -2.5 30.2 -.5 -2.55
4 72 30.55 -.5 -1.7 30.2 -.5 -2.55 30.5 -.5 -2.4 31.1 -.5 -1.75
3 72 31.1 -.5 -1.75 30.5 -.5 -2.4 30.8 -.5 -2.4
4 72 31.1 -.5 -1.75 30.8 -.5 -2.4 31 -.5 -2.5 31.55 -.5 -1.9
4 72 31.55 -.5 -1.9 31 -.5 -2.5 31.4 -.5 -2.85 32 -.5 -2.25
4 72 32 -.5 -2.25 31.4 -.5 -2.85 31.6 -.5 -2.85 32.45 -.5 -2.7
4 72 32.45 -.5 -2.7 31.6 -.5 -2.85 31.9 -.5 -3.05 32.8 -.5 -3.25
4 72 32.8 -.5 -3.25 31.9 -.5 -3.05 32.25 -.5 -3.45 33 -.5 -3.65
4 72 33 -.5 -3.65 32.25 -.5 -3.45 32.6 -.5 -4 33.15 -.5 -4
4 72 33.15 -.5 -4 32.6 -.5 -4 32.5 -.5 -4.75 33.45 -.5 -4.65
4 72 33.45 -.5 -4.65 32.5 -.5 -4.75 32.7 -.5 -4.9 33.6 -.5 -5.1
4 72 33.6 -.5 -5.1 32.7 -.5 -4.9 32.95 -.5 -5.2 33.75 -.5 -5.7
4 72 33.75 -.5 -5.7 32.95 -.5 -5.2 33.2 -.5 -5.9 33.85 -.5 -6.35
4 72 33.85 -.5 -6.35 33.2 -.5 -5.9 33.25 -.5 -6.6 33.9 -.5 -6.95
3 72 33.25 -.5 -6.6 33.3 -.5 -7.2 33.9 -.5 -6.95
3 72 33.9 -.5 -6.95 33.5 -.5 -7.65 33.75 -.5 -7.6
4 72 35.9 -.5 -5.55 35.7 -.5 -6.5 36.1 -.5 -6.55 36.3 -.5 -5.65
4 72 36.15 -.5 -4.7 35.9 -.5 -5.55 36.3 -.5 -5.65 36.55 -.5 -4.85
4 72 36.5 -.5 -3.85 36.15 -.5 -4.7 36.55 -.5 -4.85 36.9 -.5 -4
4 72 36.8 -.5 -3.3 36.5 -.5 -3.85 36.9 -.5 -4 37.2 -.5 -3.45
4 72 37.15 -.5 -2.8 36.8 -.5 -3.3 37.2 -.5 -3.45 37.55 -.5 -2.9
4 72 37.25 -.5 -2.55 37.15 -.5 -2.8 37.55 -.5 -2.9 37.85 -.5 -2.6
4 72 36.6 -.5 -9.2 37.05 -.5 -9.15 37.15 -.5 -7.95 36.7 -.5 -7.95
4 72 36.8 -.5 -7.1 36.7 -.5 -7.95 37.15 -.5 -7.95 37.25 -.5 -7.1
4 72 37 -.5 -5.85 36.8 -.5 -7.1 37.25 -.5 -7.1 37.45 -.5 -5.85
4 72 37.3 -.5 -4.75 37 -.5 -5.85 37.45 -.5 -5.85 37.75 -.5 -4.75
4 72 37.65 -.5 -3.8 37.3 -.5 -4.75 37.75 -.5 -4.75 38.1 -.5 -3.85
4 72 37.95 -.5 -3.25 37.65 -.5 -3.8 38.1 -.5 -3.85 38.35 -.5 -3.4
4 72 38.25 -.5 -2.9 37.95 -.5 -3.25 38.35 -.5 -3.4 38.65 -.5 -3.1
4 72 38.65 -.5 -2.55 38.25 -.5 -2.9 38.65 -.5 -3.1 39.05 -.5 -2.9
4 72 37.75 -.5 -9.1 38.15 -.5 -9.1 38.2 -.5 -8.15 37.85 -.5 -7.85
4 72 37.85 -.5 -7.85 38.2 -.5 -8.15 38.3 -.5 -7.3 38.05 -.5 -6.75
4 72 38.05 -.5 -6.75 38.3 -.5 -7.3 38.5 -.5 -6.35 38.35 -.5 -5.7
4 72 38.35 -.5 -5.7 38.5 -.5 -6.35 38.75 -.5 -5.6 38.6 -.5 -4.9
4 72 38.6 -.5 -4.9 38.75 -.5 -5.6 39 -.5 -5.1 38.9 -.5 -4.4
4 72 38.9 -.5 -4.4 39 -.5 -5.1 39.2 -.5 -4.85 39.2 -.5 -4.1
4 72 39.2 -.5 -4.1 39.2 -.5 -4.85 39.5 -.5 -4.7 39.6 -.5 -4
4 72 39.6 -.5 -4 39.5 -.5 -4.7 39.8 -.5 -4.7 39.95 -.5 -4
4 72 40.25 -.5 -4.05 39.95 -.5 -4 39.8 -.5 -4.7 40.15 -.5 -4.8
4 72 38.75 -.5 -9.15 39.15 -.5 -9.15 39.25 -.5 -8.3 38.9 -.5 -8.05
4 72 39.1 -.5 -7.25 38.9 -.5 -8.05 39.25 -.5 -8.3 39.45 -.5 -7.4
4 72 39.35 -.5 -6.5 39.1 -.5 -7.25 39.45 -.5 -7.4 39.7 -.5 -6.7
4 72 39.7 -.5 -6 39.35 -.5 -6.5 39.7 -.5 -6.7 39.95 -.5 -6.3
4 72 40.05 -.5 -5.8 39.7 -.5 -6 39.95 -.5 -6.3 40.15 -.5 -6.2
4 72 40.35 -.5 -5.75 40.05 -.5 -5.8 40.15 -.5 -6.2 40.4 -.5 -6.2
4 72 40.6 -.5 -5.8 40.35 -.5 -5.75 40.4 -.5 -6.2 40.65 -.5 -6.4
4 72 40.85 -.5 -5.95 40.6 -.5 -5.8 40.65 -.5 -6.4 40.9 -.5 -6.65
4 72 34.9 -.5 -7.3 34.4 -.5 -7.75 35.75 -.5 -7.75 36.25 -.5 -7.3
4 72 36.15 -.5 -9.2 36.25 -.5 -7.3 35.75 -.5 -7.75 35.7 -.5 -9.5
4 72 34.3 -.5 -9.5 34.4 -.5 -7.75 33.7 -.5 -8.7 33.7 -.5 -9.2
4 72 34.3 -.5 -9.5 33.7 -.5 -9.2 33.55 -.5 -9.75 33.7 -.5 -10
4 72 34.3 -.5 -9.5 33.7 -.5 -10 34.05 -.5 -10.2 35.7 -.5 -9.5
4 72 35.7 -.5 -9.5 35.75 -.5 -10.2 36 -.5 -10.15 36.25 -.5 -10.05
4 72 35.7 -.5 -9.5 36.25 -.5 -10.05 36.45 -.5 -9.8 36.15 -.5 -9.2
4 72 36.6 -.5 -9.2 36.15 -.5 -9.2 36.45 -.5 -9.8 37.1 -.5 -9.75
4 72 37.05 -.5 -9.15 36.6 -.5 -9.2 37.1 -.5 -9.75 37.55 -.5 -9.85
4 72 37.75 -.5 -9.1 37.05 -.5 -9.15 37.55 -.5 -9.85 37.95 -.5 -9.9
4 72 38.15 -.5 -9.1 37.75 -.5 -9.1 37.95 -.5 -9.9 38.75 -.5 -9.15
3 72 38.75 -.5 -9.15 37.95 -.5 -9.9 38.45 -.5 -9.8
4 72 38.75 -.5 -9.15 38.45 -.5 -9.8 38.95 -.5 -9.7 39.15 -.5 -9.15
4 72 40.05 -.5 -9.25 39.15 -.5 -9.15 38.95 -.5 -9.7 39.25 -.5 -9.85
4 72 40.15 -.5 -8.55 40.05 -.5 -9.25 40.5 -.5 -9.15 40.6 -.5 -8.5
4 72 40.3 -.5 -8.05 40.15 -.5 -8.55 40.6 -.5 -8.5 40.7 -.5 -8.1
4 72 40.5 -.5 -7.65 40.3 -.5 -8.05 40.7 -.5 -8.1 40.85 -.5 -7.8
4 72 40.7 -.5 -7.4 40.5 -.5 -7.65 40.85 -.5 -7.8 41.05 -.5 -7.65
4 72 40.95 -.5 -7.25 40.7 -.5 -7.4 41.05 -.5 -7.65 41.55 -.5 -7
4 72 40.5 -.5 -9.15 40.05 -.5 -9.25 39.25 -.5 -9.85 39.8 -.5 -9.9
3 72 40.5 -.5 -9.15 39.8 -.5 -9.9 40.45 -.5 -9.75
4 72 34.4 -.5 -6.9 34.9 -.5 -7.3 35.05 -.5 -6.4 34.5 -.5 -6.3
4 72 34.7 -.5 -5.35 34.5 -.5 -6.3 35.05 -.5 -6.4 35.25 -.5 -5.4
4 72 35.25 -.5 -3.75 35.5 -.5 -4.5 35.8 -.5 -3.9 35.6 -.5 -3.1
4 72 35.6 -.5 -3.1 35.8 -.5 -3.9 36.15 -.5 -3.4 36 -.5 -2.55
4 72 36 -.5 -2.55 36.15 -.5 -3.4 36.6 -.5 -2.85 36.5 -.5 -2.1
3 72 36.5 -.5 -2.1 36.6 -.5 -2.85 36.95 -.5 -2.5
4 72 34.4 -.5 -7.75 34.9 -.5 -7.3 34.4 -.5 -6.9 33.9 -.5 -6.95
4 72 36.5 -.5 -2.1 36.95 -.5 -2.5 37.25 -.5 -2.35 36.95 -.5 -1.8
4 72 37.5 -.5 -1.75 36.95 -.5 -1.8 37.25 -.5 -2.35 38.2 -.5 -1.75
4 72 38.2 -.5 -1.75 37.25 -.5 -2.35 37.25 -.5 -2.55 37.85 -.5 -2.6
4 72 38.2 -.5 -1.75 37.85 -.5 -2.6 38.15 -.5 -2.45 38.75 -.5 -1.8
3 72 38.75 -.5 -1.8 38.15 -.5 -2.45 38.45 -.5 -2.45
4 72 38.75 -.5 -1.8 38.45 -.5 -2.45 38.65 -.5 -2.55 39.2 -.5 -1.95
4 72 39.2 -.5 -1.95 38.65 -.5 -2.55 39.05 -.5 -2.9 39.65 -.5 -2.3
4 72 39.65 -.5 -2.3 39.05 -.5 -2.9 39.25 -.5 -2.9 40.1 -.5 -2.75
4 72 40.1 -.5 -2.75 39.25 -.5 -2.9 39.55 -.5 -3.1 40.45 -.5 -3.3
4 72 40.45 -.5 -3.3 39.55 -.5 -3.1 39.9 -.5 -3.5 40.65 -.5 -3.7
4 72 40.65 -.5 -3.7 39.9 -.5 -3.5 40.25 -.5 -4.05 40.8 -.5 -4.05
4 72 40.8 -.5 -4.05 40.25 -.5 -4.05 40.15 -.5 -4.8 41.1 -.5 -4.7
4 72 41.1 -.5 -4.7 40.15 -.5 -4.8 40.35 -.5 -4.95 41.25 -.5 -5.15
4 72 41.25 -.5 -5.15 40.35 -.5 -4.95 40.6 -.5 -5.25 41.4 -.5 -5.75
4 72 41.4 -.5 -5.75 40.6 -.5 -5.25 40.85 -.5 -5.95 41.5 -.5 -6.4
4 72 41.5 -.5 -6.4 40.85 -.5 -5.95 40.9 -.5 -6.65 41.55 -.5 -7
3 72 40.9 -.5 -6.65 40.95 -.5 -7.25 41.55 -.5 -7
4 72 43.5 -.5 -5.55 43.3 -.5 -6.5 43.7 -.5 -6.55 43.9 -.5 -5.65
4 72 43.75 -.5 -4.7 43.5 -.5 -5.55 43.9 -.5 -5.65 44.15 -.5 -4.85
4 72 44.1 -.5 -3.85 43.75 -.5 -4.7 44.15 -.5 -4.85 44.5 -.5 -4
4 72 44.4 -.5 -3.3 44.1 -.5 -3.85 44.5 -.5 -4 44.8 -.5 -3.45
4 72 44.75 -.5 -2.8 44.4 -.5 -3.3 44.8 -.5 -3.45 45.15 -.5 -2.9
4 72 44.85 -.5 -2.55 44.75 -.5 -2.8 45.15 -.5 -2.9 45.45 -.5 -2.6
4 72 44.2 -.5 -9.2 44.65 -.5 -9.15 44.75 -.5 -7.95 44.3 -.5 -7.95
4 72 44.4 -.5 -7.1 44.3 -.5 -7.95 44.75 -.5 -7.95 44.85 -.5 -7.1
4 72 44.6 -.5 -5.85 44.4 -.5 -7.1 44.85 -.5 -7.1 45.05 -.5 -5.85
4 72 44.9 -.5 -4.75 44.6 -.5 -5.85 45.05 -.5 -5.85 45.35 -.5 -4.75
4 72 45.25 -.5 -3.8 44.9 -.5 -4.75 45.35 -.5 -4.75 45.7 -.5 -3.85
4 72 45.55 -.5 -3.25 45.25 -.5 -3.8 45.7 -.5 -3.85 45.95 -.5 -3.4
4 72 45.85 -.5 -2.9 45.55 -.5 -3.25 45.95 -.5 -3.4 46.25 -.5 -3.1
4 72 46.25 -.5 -2.55 45.85 -.5 -2.9 46.25 -.5 -3.1 46.65 -.5 -2.9
4 72 45.35 -.5 -9.1 45.75 -.5 -9.1 45.8 -.5 -8.15 45.45 -.5 -7.85
4 72 45.45 -.5 -7.85 45.8 -.5 -8.15 45.9 -.5 -7.3 45.65 -.5 -6.75
4 72 45.65 -.5 -6.75 45.9 -.5 -7.3 46.1 -.5 -6.35 45.95 -.5 -5.7
4 72 45.95 -.5 -5.7 46.1 -.5 -6.35 46.35 -.5 -5.6 46.2 -.5 -4.9
4 72 46.2 -.5 -4.9 46.35 -.5 -5.6 46.6 -.5 -5.1 46.5 -.5 -4.4
4 72 46.5 -.5 -4.4 46.6 -.5 -5.1 46.8 -.5 -4.85 46.8 -.5 -4.1
4 72 46.8 -.5 -4.1 46.8 -.5 -4.85 47.1 -.5 -4.7 47.2 -.5 -4
4 72 47.2 -.5 -4 47.1 -.5 -4.7 47.4 -.5 -4.7 47.55 -.5 -4
4 72 47.85 -.5 -4.05 47.55 -.5 -4 47.4 -.5 -4.7 47.75 -.5 -4.8
4 72 46.35 -.5 -9.15 46.75 -.5 -9.15 46.85 -.5 -8.3 46.5 -.5 -8.05
4 72 46.7 -.5 -7.25 46.5 -.5 -8.05 46.85 -.5 -8.3 47.05 -.5 -7.4
4 72 46.95 -.5 -6.5 46.7 -.5 -7.25 47.05 -.5 -7.4 47.3 -.5 -6.7
4 72 47.3 -.5 -6 46.95 -.5 -6.5 47.3 -.5 -6.7 47.55 -.5 -6.3
4 72 47.65 -.5 -5.8 47.3 -.5 -6 47.55 -.5 -6.3 47.75 -.5 -6.2
4 72 47.95 -.5 -5.75 47.65 -.5 -5.8 47.75 -.5 -6.2 48 -.5 -6.2
4 72 48.2 -.5 -5.8 47.95 -.5 -5.75 48 -.5 -6.2 48.25 -.5 -6.4
4 72 48.45 -.5 -5.95 48.2 -.5 -5.8 48.25 -.5 -6.4 48.5 -.5 -6.65
4 72 42.5 -.5 -7.3 42 -.5 -7.75 43.35 -.5 -7.75 43.85 -.5 -7.3
4 72 43.75 -.5 -9.2 43.85 -.5 -7.3 43.35 -.5 -7.75 43.3 -.5 -9.5
4 72 41.9 -.5 -9.5 42 -.5 -7.75 41.3 -.5 -8.7 41.3 -.5 -9.103
4 72 41.9 -.5 -9.5 41.3 -.5 -9.7 41.4 -.5 -9.95 41.65 -.5 -10.1
4 72 43.3 -.5 -9.5 43.3 -.5 -10.05 43.65 -.5 -10.05 43.9 -.5 -9.95
4 72 43.3 -.5 -9.5 43.9 -.5 -9.95 44 -.5 -9.75 43.75 -.5 -9.2
3 72 44.2 -.5 -9.2 43.75 -.5 -9.2 44 -.5 -9.75
4 72 46.35 -.5 -9.15 46.1 -.5 -9.7 46.65 -.5 -9.7 46.75 -.5 -9.15
4 72 47.65 -.5 -9.25 46.75 -.5 -9.15 46.65 -.5 -9.7 47.35 -.5 -9.75
4 72 47.75 -.5 -8.55 47.65 -.5 -9.25 48.1 -.5 -9.25 48.2 -.5 -8.5
4 72 47.9 -.5 -8.05 47.75 -.5 -8.55 48.2 -.5 -8.5 48.3 -.5 -8.1
4 72 48.1 -.5 -7.65 47.9 -.5 -8.05 48.3 -.5 -8.1 48.45 -.5 -7.8
4 72 48.3 -.5 -7.4 48.1 -.5 -7.65 48.45 -.5 -7.8 48.65 -.5 -7.65
4 72 48.55 -.5 -7.25 48.3 -.5 -7.4 48.65 -.5 -7.65 49.15 -.5 -7
4 72 48.1 -.5 -9.25 47.65 -.5 -9.25 47.35 -.5 -9.75 47.7 -.5 -9.8
4 72 48.1 -.5 -9.25 47.7 -.5 -9.8 48.35 -.5 -9.85 48.8 -.5 -9.25
4 72 42 -.5 -6.9 42.5 -.5 -7.3 42.65 -.5 -6.4 42.1 -.5 -6.2
4 72 42.25 -.5 -5.4 42.1 -.5 -6.2 42.65 -.5 -6.4 42.85 -.5 -5.4
4 72 42.85 -.5 -3.75 43.1 -.5 -4.5 43.4 -.5 -3.9 43.2 -.5 -3.1
4 72 43.2 -.5 -3.1 43.4 -.5 -3.9 43.75 -.5 -3.4 43.6 -.5 -2.55
4 72 43.6 -.5 -2.55 43.75 -.5 -3.4 44.2 -.5 -2.85 44.1 -.5 -2.1
3 72 44.1 -.5 -2.1 44.2 -.5 -2.85 44.55 -.5 -2.5
4 72 42 -.5 -7.75 42.5 -.5 -7.3 42 -.5 -6.9 41.341 -.5 -7.563
4 72 44.1 -.5 -2.1 44.55 -.5 -2.5 44.85 -.5 -2.35 44.55 -.5 -1.8
4 72 45.1 -.5 -1.75 44.55 -.5 -1.8 44.85 -.5 -2.35 45.8 -.5 -1.75
4 72 45.8 -.5 -1.75 44.85 -.5 -2.35 44.85 -.5 -2.55 45.45 -.5 -2.6
4 72 45.8 -.5 -1.75 45.45 -.5 -2.6 45.75 -.5 -2.45 46.35 -.5 -1.8
3 72 46.35 -.5 -1.8 45.75 -.5 -2.45 46.05 -.5 -2.45
4 72 46.35 -.5 -1.8 46.05 -.5 -2.45 46.25 -.5 -2.55 46.8 -.5 -1.95
4 72 46.8 -.5 -1.95 46.25 -.5 -2.55 46.65 -.5 -2.9 47.25 -.5 -2.3
4 72 47.25 -.5 -2.3 46.65 -.5 -2.9 46.85 -.5 -2.9 47.7 -.5 -2.75
4 72 47.7 -.5 -2.75 46.85 -.5 -2.9 47.15 -.5 -3.1 48.05 -.5 -3.3
4 72 48.05 -.5 -3.3 47.15 -.5 -3.1 47.5 -.5 -3.5 48.25 -.5 -3.7
4 72 48.25 -.5 -3.7 47.5 -.5 -3.5 47.85 -.5 -4.05 48.4 -.5 -4.05
4 72 48.4 -.5 -4.05 47.85 -.5 -4.05 47.75 -.5 -4.8 48.7 -.5 -4.7
3 72 48.7 -.5 -4.7 47.75 -.5 -4.8 47.95 -.5 -4.95
4 72 49 -.5 -5.75 48.2 -.5 -5.25 48.45 -.5 -5.95 49.1 -.5 -6.4
4 72 49.1 -.5 -6.4 48.45 -.5 -5.95 48.5 -.5 -6.65 49.15 -.5 -7
3 72 48.5 -.5 -6.65 48.55 -.5 -7.25 49.15 -.5 -7
4 72 49.15 -.5 -7 48.65 -.5 -7.65 48.9 -.5 -7.6 49.45 -.5 -7.1
4 72 49.45 -.5 -7.1 48.9 -.5 -7.6 49.1 -.5 -7.7 49.7 -.5 -7.9
4 15 25.4 -.5 -3.65 25.55 -.5 -4 27.444 -.5 -4.046 27.6 -.5 -3.7
4 15 27.25 -.5 -4.7 25.85 -.5 -4.65 26 -.5 -5.1 27.1 -.5 -5.25
4 15 27.1 -.5 -5.25 26 -.5 -5.1 26.15 -.5 -5.7 26.95 -.5 -6
3 15 26.15 -.5 -5.7 26.25 -.5 -6.35 26.95 -.5 -6
4 15 26.95 -.5 -6 26.25 -.5 -6.35 26.3 -.5 -6.95 26.8 -.5 -6.95
4 71 26.75 -.5 -7.7 26.65 -.5 -9.45 28.05 -.5 -9.45 28.1 -.5 -7.7
4 71 25.25 -.5 -9.2 26.05 -.5 -9.2 26.05 -.5 -8.65 25.35 -.5 -8.45
4 71 25.45 -.5 -8.05 25.35 -.5 -8.45 26.05 -.5 -8.65 25.6 -.5 -7.75
4 71 25.8 -.5 -7.6 25.6 -.5 -7.75 26.05 -.5 -8.65 26.091 -.5 -7.513
4 72 26.05 -.5 -9.2 25.25 -.5 -9.2 25.5 -.5 -9.8 26.071 -.5 -9.752
3 72 26.05 -.5 -9.2 26.071 -.5 -9.752 26.2 -.5 -10
3 72 26.3 -.5 -6.95 25.8 -.5 -7.6 26.091 -.5 -7.513
4 72 26.75 -.5 -7.7 26.3 -.5 -6.95 26.091 -.5 -7.513 26.05 -.5 -8.65
4 72 25.55 -.5 -4 25.85 -.5 -4.65 27.25 -.5 -4.7 27.444 -.5 -4.046
4 72 27.444 -.5 -4.046 27.25 -.5 -4.7 27.85 -.5 -4.55 27.6 -.5 -3.7
4 72 17.3 -.5 -8.8 16.65 -.5 -8.95 16.75 -.5 -9.2 17.3 -.5 -9.25
4 72 17.3 -.5 -8.8 17.3 -.5 -9.25 17.85 -.5 -9.25 18.45 -.5 -8.65
3 72 18.45 -.5 -8.65 17.85 -.5 -9.25 18.45 -.5 -9.15
4 72 15.65 -.5 -4.95 14.75 -.5 -4.3 14.15 -.5 -4.8 15 -.5 -5.3
4 72 15.65 -.5 -4.95 15 -.5 -5.3 16 -.5 -5.85 16.9 -.5 -5.6
4 72 16.9 -.5 -5.6 16 -.5 -5.85 17.25 -.5 -6.45 18.2 -.5 -6.2
4 72 18.2 -.5 -6.2 17.25 -.5 -6.45 18.75 -.5 -7.1 19.1 -.5 -6.6
4 15 34.89 -.5 -4.65 33.45 -.5 -4.65 33.6 -.5 -5.1 34.7 -.5 -5.35
4 15 34.7 -.5 -5.35 33.6 -.5 -5.1 33.75 -.5 -5.7 34.5 -.5 -6.3
4 15 34.5 -.5 -6.3 33.75 -.5 -5.7 33.85 -.5 -6.35 34.4 -.5 -6.9
3 15 33.85 -.5 -6.35 33.9 -.5 -6.95 34.4 -.5 -6.9
4 71 32.85 -.5 -9.2 33.7 -.5 -9.2 33.7 -.5 -8.7 32.95 -.5 -8.45
4 71 33.05 -.5 -8.05 32.95 -.5 -8.45 33.7 -.5 -8.7 33.2 -.5 -7.75
4 71 33.5 -.5 -7.65 33.2 -.5 -7.75 33.7 -.5 -8.7 33.75 -.5 -7.6
4 72 34.4 -.5 -7.75 33.9 -.5 -6.95 33.75 -.5 -7.6 33.7 -.5 -8.7
4 72 32.85 -.5 -9.2 33.1 -.5 -9.75 33.55 -.5 -9.75 33.7 -.5 -9.2
4 72 33.15 -.5 -4 33.45 -.5 -4.65 34.89 -.5 -4.65 35.15 -.5 -4
4 72 35.5 -.5 -4.5 34.89 -.5 -4.65 34.7 -.5 -5.35 35.25 -.5 -5.4
3 72 35.15 -.5 -4 34.89 -.5 -4.65 35.5 -.5 -4.5
3 72 35.25 -.5 -3.75 35.15 -.5 -4 35.5 -.5 -4.5
4 71 34.4 -.5 -7.75 34.3 -.5 -9.5 35.7 -.5 -9.5 35.75 -.5 -7.75
4 72 41.5 -.5 -4.1 40.8 -.5 -4.05 41.1 -.5 -4.7 41.7 -.5 -4.7
4 72 41.5 -.5 -4.1 41.7 -.5 -4.7 42 -.5 -4.2 41.45 -.5 -3.85
4 72 41.45 -.5 -3.85 42 -.5 -4.2 41.65 -.5 -3.8 41.4 -.5 -3.7
3 72 35.7 -.5 -9.5 34.05 -.5 -10.2 35.75 -.5 -10.2
4 72 28.05 -.5 -9.45 26.65 -.5 -9.45 26.45 -.5 -10.1 28.55 -.5 -10.1
4 15 41.45 -.5 -3.85 41.4 -.5 -3.7 40.65 -.5 -3.7 40.8 -.5 -4.05
3 15 41.45 -.5 -3.85 40.8 -.5 -4.05 41.5 -.5 -4.1
4 15 41.65 -.5 -3.8 42 -.5 -4.2 42.642 -.5 -4.243 42.85 -.5 -3.75
4 15 40.45 -.5 -3.3 40.65 -.5 -3.7 41.4 -.5 -3.7 43.2 -.5 -3.1
4 15 43.2 -.5 -3.1 41.4 -.5 -3.7 41.65 -.5 -3.8 42.85 -.5 -3.75
4 15 40.1 -.5 -2.75 40.45 -.5 -3.3 43.2 -.5 -3.1 43.6 -.5 -2.55
4 15 39.65 -.5 -2.3 40.1 -.5 -2.75 43.6 -.5 -2.55 44.1 -.5 -2.1
4 15 41.7 -.5 -4.7 41.1 -.5 -4.7 41.25 -.5 -5.15 42.25 -.5 -5.4
3 15 41.7 -.5 -4.7 42.25 -.5 -5.4 42.426 -.5 -4.785
4 15 42.25 -.5 -5.4 41.25 -.5 -5.15 41.4 -.5 -5.75 42.1 -.5 -6.2
4 15 42.1 -.5 -6.2 41.4 -.5 -5.75 41.5 -.5 -6.4 42 -.5 -6.9
3 15 41.5 -.5 -6.4 41.55 -.5 -7 42 -.5 -6.9
4 71 42 -.5 -7.75 41.9 -.5 -9.5 43.3 -.5 -9.5 43.35 -.5 -7.75
4 71 40.6 -.5 -8.5 40.5 -.5 -9.15 41.3 -.5 -9.103 41.3 -.5 -8.7
4 71 40.7 -.5 -8.1 40.6 -.5 -8.5 41.3 -.5 -8.7 40.85 -.5 -7.8
4 71 41.05 -.5 -7.65 40.85 -.5 -7.8 41.3 -.5 -8.7 41.341 -.5 -7.563
4 72 40.5 -.5 -9.15 40.45 -.5 -9.75 41.3 -.5 -9.7 41.3 -.5 -9.103
3 72 41.3 -.5 -9.103 41.3 -.5 -9.7 41.9 -.5 -9.5
3 72 41.341 -.5 -7.563 41.3 -.5 -8.7 42 -.5 -7.75
4 72 41.341 -.5 -7.563 42 -.5 -6.9 41.55 -.5 -7 41.05 -.5 -7.65
4 72 42 -.5 -4.2 41.7 -.5 -4.7 42.426 -.5 -4.785 42.642 -.5 -4.243
4 72 43.1 -.5 -4.5 42.85 -.5 -3.75 42.642 -.5 -4.243 42.426 -.5 -4.785
4 72 42.85 -.5 -5.4 43.1 -.5 -4.5 42.426 -.5 -4.785 42.25 -.5 -5.4
4 72 54.5 -.5 -4.75 48.7 -.5 -4.7 48.9 -.5 -5.3 54.5 -.5 -5.5
4 72 48.7 -.5 -4.7 47.95 -.5 -4.95 48.2 -.5 -5.25 48.9 -.5 -5.3
3 72 48.2 -.5 -5.25 49 -.5 -5.75 48.9 -.5 -5.3
4 72 44.65 -.5 -9.15 44.2 -.5 -9.2 44 -.5 -9.75 45.35 -.5 -9.1
4 72 45.35 -.5 -9.1 44 -.5 -9.75 46.1 -.5 -9.7 45.75 -.5 -9.1
3 72 45.75 -.5 -9.1 46.1 -.5 -9.7 46.35 -.5 -9.15
4 72 49.2 -.5 -9.3 48.8 -.5 -9.25 48.35 -.5 -9.85 49.45 -.5 -9.95
4 72 48.85 -.5 -8.8 48.8 -.5 -9.25 49.2 -.5 -9.3 49.25 -.5 -8.8
4 72 48.95 -.5 -8.4 48.85 -.5 -8.8 49.25 -.5 -8.8 49.4 -.5 -8.35
4 72 49.15 -.5 -8 48.95 -.5 -8.4 49.4 -.5 -8.35 49.55 -.5 -8.05
4 72 49.15 -.5 -7.85 49.15 -.5 -8 49.55 -.5 -8.05 49.7 -.5 -7.9
3 72 49.1 -.5 -7.7 49.15 -.5 -7.85 49.7 -.5 -7.9
4 72 49.85 -.5 -7.05 49.45 -.5 -7.1 49.7 -.5 -7.9 49.9 -.5 -7.85
4 72 50.15 -.5 -7.15 49.85 -.5 -7.05 49.9 -.5 -7.85 50.5 -.5 -7.4
4 72 50.5 -.5 -7.4 49.9 -.5 -7.85 50.15 -.5 -8 50.9 -.5 -7.85
4 72 50.9 -.5 -7.85 50.15 -.5 -8 50.3 -.5 -8.4 51.1 -.5 -8.45
4 72 51.2 -.5 -8.9 51.1 -.5 -8.45 50.3 -.5 -8.4 50.45 -.5 -9.2
4 72 51.25 -.5 -9.25 51.2 -.5 -8.9 50.45 -.5 -9.2 51.25 -.5 -9.85
4 72 50.45 -.5 -9.95 51.25 -.5 -9.85 50.45 -.5 -9.2 49.9 -.5 -9.35
4 72 49.45 -.5 -9.95 50.45 -.5 -9.95 49.9 -.5 -9.35 49.2 -.5 -9.3
4 72 51.9 -.5 -8.95 51.2 -.5 -8.9 51.25 -.5 -9.25 52 -.5 -9.3
4 72 52.45 -.5 -9.05 51.9 -.5 -8.95 52 -.5 -9.3 52.8 -.5 -9.35
3 72 52.45 -.5 -9.05 52.8 -.5 -9.35 52.85 -.5 -9.15
4 72 43.3 -.5 -9.5 41.9 -.5 -9.5 41.65 -.5 -10.1 43.3 -.5 -10.05
4 71 46.15 -.5 -11.15 45.9 -.5 -11.2 45.85 -.5 -11.45 46.15 -.5 -11.55
4 71 46.55 -.5 -11.15 46.15 -.5 -11.15 46.15 -.5 -11.55 46.8 -.5 -11.55
4 71 47.1 -.5 -11.2 46.55 -.5 -11.15 46.8 -.5 -11.55 47.3 -.5 -11.3
3 71 47.3 -.5 -11.3 46.8 -.5 -11.55 47.3 -.5 -11.5
4 71 48.35 -.5 -10.9 48.05 -.5 -10.95 48 -.5 -11.15 48.4 -.5 -11.3
4 71 49.3 -.5 -10.9 48.35 -.5 -10.9 48.4 -.5 -11.3 49.55 -.5 -11.45
4 71 50.4 -.5 -10.9 49.3 -.5 -10.9 49.55 -.5 -11.45 50.7 -.5 -11.45
4 71 51.3 -.5 -10.95 50.4 -.5 -10.9 50.7 -.5 -11.45 51.55 -.5 -11.3
4 71 51.7 -.5 -11 51.3 -.5 -10.95 51.55 -.5 -11.3 51.8 -.5 -11.15
4 15 31.6 -.5 5.5 31.4 -.5 5.35 31.45 -.5 5.05 31.85 -.5 4.95
4 15 32.35 -.5 5.55 31.6 -.5 5.5 31.85 -.5 4.95 32.9 -.5 4.9
4 15 34.2 -.5 5.85 32.35 -.5 5.55 32.9 -.5 4.9 35.1 -.5 4.9
4 15 36.65 -.5 6.05 34.2 -.5 5.85 35.1 -.5 4.9 37.7 -.5 4.9
4 15 38.25 -.5 6.2 36.65 -.5 6.05 37.7 -.5 4.9 39.65 -.5 4.8
4 15 38.85 -.5 6.4 38.25 -.5 6.2 39.65 -.5 4.8 41.35 -.5 4.7
4 15 39.5 -.5 6.85 38.85 -.5 6.4 41.35 -.5 4.7 40.35 -.5 7.4
4 15 41.4 -.5 7.8 40.35 -.5 7.4 41.35 -.5 4.7 42.5 -.5 7.9
4 15 43.85 -.5 7.85 42.5 -.5 7.9 41.35 -.5 4.7 43.45 -.5 4.5
4 15 44.55 -.5 7.75 43.85 -.5 7.85 43.45 -.5 4.5 44.95 -.5 4.25
4 15 44.95 -.5 7.75 44.55 -.5 7.75 44.95 -.5 4.25 46.3 -.5 4.1
4 15 45.15 -.5 7.95 44.95 -.5 7.75 46.3 -.5 4.1 47.9 -.5 4.15
4 15 46.05 -.5 8.7 45.15 -.5 7.95 47.9 -.5 4.15 47.05 -.5 9.1
4 15 48.1 -.5 9.35 47.05 -.5 9.1 47.9 -.5 4.15 49.2 -.5 9.35
4 15 50.2 -.5 9.2 49.2 -.5 9.35 47.9 -.5 4.15 49.75 -.5 4.35
4 15 51.35 -.5 8.8 50.2 -.5 9.2 49.75 -.5 4.35 51.25 -.5 4.35
4 15 52.1 -.5 8.6 51.35 -.5 8.8 51.25 -.5 4.35 52.25 -.5 4.25
4 15 52.65 -.5 8.65 52.1 -.5 8.6 52.25 -.5 4.25 53.35 -.5 8.6
4 15 53.35 -.5 8.6 52.25 -.5 4.25 53.2 -.5 4 53.85 -.5 4
4 15 54.5 -.5 8.45 53.35 -.5 8.6 53.85 -.5 4 54.5 -.5 4.1
4 72 -53.95 -.5 10.7 -54.5 -.5 10.7 -54.5 -.5 10 -53.7 -.5 10.05
4 72 -52.85 -.5 10.8 -53.95 -.5 10.7 -53.7 -.5 10.05 -52.55 -.5 10.2
4 72 -51.55 -.5 11 -52.85 -.5 10.8 -52.55 -.5 10.2 -51 -.5 10.4
4 72 -50.35 -.5 11.2 -51.55 -.5 11 -51 -.5 10.4 -49.7 -.5 10.7
4 72 -49 -.5 11.4 -50.35 -.5 11.2 -49.7 -.5 10.7 -48.5 -.5 10.9
4 72 -47.85 -.5 11.6 -49 -.5 11.4 -48.5 -.5 10.9 -47.75 -.5 11
4 72 -47.35 -.5 11.6 -47.85 -.5 11.6 -47.75 -.5 11 -47.25 -.5 10.95
4 72 -46.9 -.5 11.55 -47.35 -.5 11.6 -47.25 -.5 10.95 -46.8 -.5 10.85
4 72 -46.4 -.5 11.4 -46.9 -.5 11.55 -46.8 -.5 10.85 -45.9 -.5 11.05
4 72 -45.9 -.5 11.05 -46.8 -.5 10.85 -46.3 -.5 10.5 -45.15 -.5 10.45
4 72 -45.15 -.5 10.45 -46.3 -.5 10.5 -45.45 -.5 9.85 -44.1 -.5 9.65
4 72 -44.1 -.5 9.65 -45.45 -.5 9.85 -44.2 -.5 8.65 -43.05 -.5 9
4 72 -43.05 -.5 9 -44.2 -.5 8.65 -42.5 -.5 7.3 -41.85 -.5 8.45
4 72 -40.3 -.5 7.85 -41.85 -.5 8.45 -42.5 -.5 7.3 -41.25 -.5 6.4
4 72 -38.5 -.5 7.25 -40.3 -.5 7.85 -41.25 -.5 6.4 -39.95 -.5 5.6
4 72 -37.65 -.5 6.45 -38.5 -.5 7.25 -39.95 -.5 5.6 -38.8 -.5 5.05
4 72 -36.8 -.5 5.55 -37.65 -.5 6.45 -38.8 -.5 5.05 -38.3 -.5 4.6
4 72 -36.2 -.5 4.8 -36.8 -.5 5.55 -38.3 -.5 4.6 -38 -.5 4.1
4 72 -36.2 -.5 4.8 -38 -.5 4.1 -37.2 -.5 3.4 -35.7 -.5 3.95
4 72 -35.7 -.5 3.95 -37.2 -.5 3.4 -36.4 -.5 2.5 -35.2 -.5 3.35
4 72 -35.2 -.5 3.35 -36.4 -.5 2.5 -35.55 -.5 1.75 -34.65 -.5 2.75
4 72 -34.35 -.5 2.2 -34.65 -.5 2.75 -35.55 -.5 1.75 -34.9 -.5 1.25
4 72 -34 -.5 1.2 -34.35 -.5 2.2 -34.9 -.5 1.25 -34.3 -.5 .65
4 72 -33.8 -.5 .5 -34 -.5 1.2 -34.3 -.5 .65 -33.85 -.5 .1
4 72 -38.2 -.5 7.85 -40.3 -.5 7.85 -38.5 -.5 7.25 -37.15 -.5 7.3
4 72 -36.15 -.5 8.05 -38.2 -.5 7.85 -37.15 -.5 7.3 -35.45 -.5 7.45
4 72 -34.15 -.5 8.35 -36.15 -.5 8.05 -35.45 -.5 7.45 -33.5 -.5 7.7
4 72 -32.05 -.5 8.7 -34.15 -.5 8.35 -33.5 -.5 7.7 -31.4 -.5 8.1
4 72 -29.9 -.5 9.05 -32.05 -.5 8.7 -31.4 -.5 8.1 -29.3 -.5 8.45
4 72 -27.45 -.5 9.4 -29.9 -.5 9.05 -29.3 -.5 8.45 -26.95 -.5 8.9
4 72 -25.6 -.5 9.8 -27.45 -.5 9.4 -26.95 -.5 8.9 -25.15 -.5 9.2
4 72 -24.45 -.5 10 -25.6 -.5 9.8 -25.15 -.5 9.2 -24.15 -.5 9.4
4 72 -23.85 -.5 10.05 -24.45 -.5 10 -24.15 -.5 9.4 -23.65 -.5 9.45
4 72 -23.05 -.5 10 -23.85 -.5 10.05 -23.65 -.5 9.45 -22.9 -.5 9.35
4 72 -21.95 -.5 9.8 -23.05 -.5 10 -22.9 -.5 9.35 -21.9 -.5 9.05
4 72 -20.1 -.5 9.4 -21.95 -.5 9.8 -21.9 -.5 9.05 -21.5 -.5 8.7
4 72 -18.35 -.5 8.95 -20.1 -.5 9.4 -21.5 -.5 8.7 -21 -.5 8.05
4 72 -16.55 -.5 8.5 -18.35 -.5 8.95 -21 -.5 8.05 -20.2 -.5 6.75
4 72 -16.55 -.5 8.5 -20.2 -.5 6.75 -17 -.5 6.35 -15.7 -.5 7.3
3 72 -16.55 -.5 8.5 -15.7 -.5 7.3 -15.75 -.5 7.5
4 72 -15.5 -.5 8.15 -16.55 -.5 8.5 -15.75 -.5 7.5 -15.55 -.5 7.5
4 72 -15.1 -.5 8 -15.5 -.5 8.15 -15.55 -.5 7.5 -14.55 -.5 7
4 72 -13.35 -.5 7.15 -15.1 -.5 8 -14.55 -.5 7 -13 -.5 6.25
4 72 -10.7 -.5 5.9 -13.35 -.5 7.15 -13 -.5 6.25 -10.15 -.5 4.9
4 72 -8.9 -.5 5 -10.7 -.5 5.9 -10.15 -.5 4.9 -7.9 -.5 3.85
4 72 -7.2 -.5 4.25 -7.9 -.5 3.85 -5.7 -.5 2.85 -5.05 -.5 3.3
4 72 -5.05 -.5 3.3 -5.7 -.5 2.85 -4.15 -.5 2.3 -3.3 -.5 2.7
4 72 -3.3 -.5 2.7 -4.15 -.5 2.3 -3 -.5 2 -2.65 -.5 2.55
4 72 -2.65 -.5 2.55 -3 -.5 2 -2.45 -.5 1.95 -2.2 -.5 2.5
4 72 -2.2 -.5 2.5 -2.45 -.5 1.95 -1.85 -.5 1.95 -1.75 -.5 2.55
4 72 -1.75 -.5 2.55 -1.85 -.5 1.95 -1.3 -.5 2.05 -1.2 -.5 2.65
4 72 -.75 -.5 2.65 -1.2 -.5 2.65 -1.3 -.5 2.05 -.65 -.5 2.05
4 72 -.25 -.5 2.6 -.75 -.5 2.65 -.65 -.5 2.05 .1 -.5 1.95
4 72 1.2 -.5 2.2 -.25 -.5 2.6 .1 -.5 1.95 1.85 -.5 1.35
4 72 3.6 -.5 1.35 1.2 -.5 2.2 1.85 -.5 1.35 4.3 -.5 .45
4 72 5.95 -.5 .45 3.6 -.5 1.35 4.3 -.5 .45 6.4 -.5 -.45
4 72 8.35 -.5 -.55 5.95 -.5 .45 6.4 -.5 -.45 8.6 -.5 -1.5
4 72 10.25 -.5 -1.5 8.35 -.5 -.55 8.6 -.5 -1.5 10.9 -.5 -2.65
4 72 12.15 -.5 -2.5 10.25 -.5 -1.5 10.9 -.5 -2.65 13.15 -.5 -3.15
3 72 10.9 -.5 -2.65 12.7 -.5 -3.75 13.15 -.5 -3.15
4 72 14.35 -.5 -3.4 13.15 -.5 -3.15 12.7 -.5 -3.75 14.5 -.5 -4.05
4 72 14.75 -.5 -4.3 14.5 -.5 -4.05 12.7 -.5 -3.75 14.15 -.5 -4.8
4 72 15.95 -.5 -3.7 14.35 -.5 -3.4 14.5 -.5 -4.05 15 -.5 -4.15
4 72 15.95 -.5 -3.7 15 -.5 -4.15 16.25 -.5 -4.4 17.5 -.5 -3.9
4 72 17.5 -.5 -3.9 16.25 -.5 -4.4 18.2 -.5 -4.6 19.1 -.5 -4.05
4 72 19.1 -.5 -4.05 18.2 -.5 -4.6 19.55 -.5 -4.7 19.828 -.5 -4.083
4 15 19.1 -.5 -4.05 19.828 -.5 -4.083 20 -.5 -3.7 18.65 -.5 .15
3 72 19.828 -.5 -4.083 19.55 -.5 -4.7 20.25 -.5 -4.45
3 72 20 -.5 -3.7 19.828 -.5 -4.083 20.25 -.5 -4.45
4 15 15 -.5 -4.15 14.5 -.5 -4.05 14.75 -.5 -4.3 15.65 -.5 -4.95
4 15 16.25 -.5 -4.4 15 -.5 -4.15 15.65 -.5 -4.95 16.9 -.5 -5.6
4 15 18.2 -.5 -4.6 16.25 -.5 -4.4 16.9 -.5 -5.6 18.2 -.5 -6.2
4 15 18.2 -.5 -4.6 18.2 -.5 -6.2 19.2 -.5 -6 19.35 -.5 -5.4
3 15 18.2 -.5 -4.6 19.35 -.5 -5.4 19.55 -.5 -4.7
3 15 19.2 -.5 -6 18.2 -.5 -6.2 19.1 -.5 -6.6
3 15 11.3 -.5 -.35 8.35 -.5 -.55 10.25 -.5 -1.5
4 15 11.3 -.5 -.35 10.25 -.5 -1.5 12.15 -.5 -2.5 15.4 -.5 -.15
4 15 15.4 -.5 -.15 12.15 -.5 -2.5 13.15 -.5 -3.15 14.35 -.5 -3.4
4 15 15.4 -.5 -.15 14.35 -.5 -3.4 15.95 -.5 -3.7 18.65 -.5 .15
4 15 18.65 -.5 .15 15.95 -.5 -3.7 17.5 -.5 -3.9 19.1 -.5 -4.05
3 15 18.65 -.5 .15 20 -.5 -3.7 20.35 -.5 -3.05
3 15 18.65 -.5 .15 20.35 -.5 -3.05 20.75 -.5 -2.5
4 15 18.65 -.5 .15 20.75 -.5 -2.5 21.25 -.5 -2.05 20.9 -.5 .45
4 15 20.9 -.5 .45 21.25 -.5 -2.05 21.7 -.5 -1.75 22.75 -.5 .8
3 15 22.75 -.5 .8 21.7 -.5 -1.75 22.25 -.5 -1.7
4 15 22.75 -.5 .8 22.25 -.5 -1.7 22.95 -.5 -1.7 24.2 -.5 1.15
4 15 24.2 -.5 1.15 22.95 -.5 -1.7 23.5 -.5 -1.75 25.25 -.5 1.3
4 15 25.25 -.5 1.3 23.5 -.5 -1.75 23.95 -.5 -1.9 26.1 -.5 1.35
4 15 26.95 -.5 1.3 26.1 -.5 1.35 23.95 -.5 -1.9 24.4 -.5 -2.25
4 15 26.95 -.5 1.3 24.4 -.5 -2.25 28.35 -.5 -2.5 28.85 -.5 -2.05
4 15 28.55 -.5 1 26.95 -.5 1.3 28.85 -.5 -2.05 29.3 -.5 -1.75
4 15 30.25 -.5 .55 28.55 -.5 1 29.3 -.5 -1.75 29.85 -.5 -1.7
4 15 30.25 -.5 .55 29.85 -.5 -1.7 30.55 -.5 -1.7 32.45 -.5 .05
3 15 32.45 -.5 .05 30.55 -.5 -1.7 31.1 -.5 -1.75
3 15 32.45 -.5 .05 31.1 -.5 -1.75 31.55 -.5 -1.9
4 15 28.35 -.5 -2.5 24.4 -.5 -2.25 24.85 -.5 -2.7 27.95 -.5 -3.05
4 15 27.95 -.5 -3.05 24.85 -.5 -2.7 25.2 -.5 -3.25 27.6 -.5 -3.7
3 15 25.2 -.5 -3.25 25.4 -.5 -3.65 27.6 -.5 -3.7
4 15 32.45 -.5 .05 31.55 -.5 -1.9 32 -.5 -2.25 33.55 -.5 -.25
4 15 33.55 -.5 -.25 32 -.5 -2.25 32.45 -.5 -2.7 34.4 -.5 -.3
4 15 34.4 -.5 -.3 32.45 -.5 -2.7 36 -.5 -2.55 35.4 -.5 -.2
4 15 35.4 -.5 -.2 36 -.5 -2.55 36.5 -.5 -2.1 37.4 -.5 .1
3 15 37.4 -.5 .1 36.5 -.5 -2.1 36.95 -.5 -1.8
4 15 37.4 -.5 .1 36.95 -.5 -1.8 37.5 -.5 -1.75 39.35 -.5 .4
3 15 39.35 -.5 .4 37.5 -.5 -1.75 38.2 -.5 -1.75
4 15 39.35 -.5 .4 38.2 -.5 -1.75 38.75 -.5 -1.8 41 -.5 .55
3 15 41 -.5 .55 38.75 -.5 -1.8 39.2 -.5 -1.95
4 15 41 -.5 .55 39.2 -.5 -1.95 39.65 -.5 -2.3 44.1 -.5 -2.1
4 15 43.1 -.5 .6 41 -.5 .55 44.1 -.5 -2.1 44.6 -.5 .55
3 15 44.6 -.5 .55 44.1 -.5 -2.1 44.55 -.5 -1.8
4 15 44.6 -.5 .55 44.55 -.5 -1.8 45.1 -.5 -1.75 46 -.5 .45
3 15 46 -.5 .45 45.1 -.5 -1.75 45.8 -.5 -1.75
4 15 46 -.5 .45 45.8 -.5 -1.75 46.35 -.5 -1.8 47.6 -.5 .25
4 15 47.6 -.5 .25 46.35 -.5 -1.8 46.8 -.5 -1.95 48.7 -.5 .05
3 15 48.7 -.5 .05 46.8 -.5 -1.95 47.25 -.5 -2.3
4 15 48.7 -.5 .05 47.25 -.5 -2.3 47.7 -.5 -2.75 49.85 -.5 -.1
4 15 49.85 -.5 -.1 47.7 -.5 -2.75 48.05 -.5 -3.3 50.9 -.5 -.05
3 15 50.9 -.5 -.05 48.05 -.5 -3.3 48.25 -.5 -3.7
4 15 50.9 -.5 -.05 48.25 -.5 -3.7 48.4 -.5 -4.05 48.7 -.5 -4.7
4 15 52.15 -.5 .2 50.9 -.5 -.05 48.7 -.5 -4.7 53.1 -.5 .3
4 15 54.5 -.5 .35 53.1 -.5 .3 48.7 -.5 -4.7 54.5 -.5 -4.75
4 15 32.45 -.5 -2.7 32.8 -.5 -3.25 35.6 -.5 -3.1 36 -.5 -2.55
4 15 32.8 -.5 -3.25 33 -.5 -3.65 35.25 -.5 -3.75 35.6 -.5 -3.1
4 15 33 -.5 -3.65 33.15 -.5 -4 35.15 -.5 -4 35.25 -.5 -3.75
4 15 -12.55 -.5 7.95 -15.1 -.5 8 -13.35 -.5 7.15 -10.25 -.5 7.8
4 15 -10.25 -.5 7.8 -13.35 -.5 7.15 -10.7 -.5 5.9 -8.2 -.5 7.6
4 15 -7 -.5 7.2 -8.2 -.5 7.6 -10.7 -.5 5.9 -8.9 -.5 5
4 15 -6.4 -.5 7.2 -7 -.5 7.2 -8.9 -.5 5 -6 -.5 7.15
4 15 -5.45 -.5 6.95 -6 -.5 7.15 -8.9 -.5 5 -7.9 -.5 4.55
4 15 -5.45 -.5 6.95 -7.9 -.5 4.55 -6.05 -.5 4.45 -4.5 -.5 6.8
4 15 -4.5 -.5 6.8 -6.05 -.5 4.45 -3.9 -.5 4.35 -2.85 -.5 6.8
4 15 -1.1 -.5 6.65 -2.85 -.5 6.8 -3.9 -.5 4.35 -1.2 -.5 4.3
4 15 -1.1 -.5 6.65 -1.2 -.5 4.3 1.3 -.5 4.45 .5 -.5 6.55
4 15 .5 -.5 6.55 1.3 -.5 4.45 2.95 -.5 4.6 1.85 -.5 6.6
4 15 3.55 -.5 6.65 1.85 -.5 6.6 2.95 -.5 4.6 4.55 -.5 4.9
4 15 5.35 -.5 6.6 3.55 -.5 6.65 4.55 -.5 4.9 5.9 -.5 5.15
4 15 7 -.5 6.5 5.35 -.5 6.6 5.9 -.5 5.15 7.3 -.5 5.3
4 15 9.65 -.5 6.35 7 -.5 6.5 7.3 -.5 5.3 10.2 -.5 5.5
4 15 12.65 -.5 6.1 9.65 -.5 6.35 10.2 -.5 5.5 12.65 -.5 5.65
4 15 13.3 -.5 5.95 12.65 -.5 6.1 12.65 -.5 5.65 13.25 -.5 5.75
3 72 -8.9 -.5 5 -7.9 -.5 3.85 -7.9 -.5 4.55
3 72 -7.9 -.5 4.55 -7.9 -.5 3.85 -7.2 -.5 4.25
4 15 -54.5 -.5 10 -54.5 -.5 8.45 -54.1 -.5 8.55 -53.7 -.5 10.05
4 15 -53.7 -.5 10.05 -54.1 -.5 8.55 -53.1 -.5 8.6 -52.55 -.5 10.2
4 15 -52.55 -.5 10.2 -53.1 -.5 8.6 -52 -.5 8.6 -51 -.5 10.4
4 15 -51 -.5 10.4 -52 -.5 8.6 -51.45 -.5 8.5 -49.35 -.5 8.95
4 15 -49.35 -.5 8.95 -51.45 -.5 8.5 -51.1 -.5 8.2 -49.6 -.5 8.3
4 15 -49.6 -.5 8.3 -51.1 -.5 8.2 -51 -.5 7.85 -50.75 -.5 7.6
4 15 -49.65 -.5 7.85 -49.6 -.5 8.3 -50.75 -.5 7.6 -50.25 -.5 7.25
4 15 -49.55 -.5 7.4 -49.65 -.5 7.85 -50.25 -.5 7.25 -49.85 -.5 6.95
4 15 -49.5 -.5 7.05 -49.55 -.5 7.4 -49.85 -.5 6.95 -49.7 -.5 6.85
3 15 -49.5 -.5 7.05 -49.7 -.5 6.85 -49.5 -.5 6.9
4 15 -49.7 -.5 10.7 -51 -.5 10.4 -49.35 -.5 8.95 -49.05 -.5 9.5
4 15 -49.7 -.5 10.7 -49.05 -.5 9.5 -48.8 -.5 9.7 -48.5 -.5 10.9
4 15 -48.5 -.5 10.9 -48.8 -.5 9.7 -48.25 -.5 9.8 -47.75 -.5 11
4 15 -47.75 -.5 11 -48.25 -.5 9.8 -47.4 -.5 9.9 -47.25 -.5 10.95
4 15 -47.25 -.5 10.95 -47.4 -.5 9.9 -46.95 -.5 10 -46.8 -.5 10.85
4 15 -46.8 -.5 10.85 -46.95 -.5 10 -46.55 -.5 10.15 -46.3 -.5 10.5
3 15 -35.45 -.5 7.45 -37.15 -.5 7.3 -35.8 -.5 6.95
4 15 -35.45 -.5 7.45 -35.8 -.5 6.95 -35.05 -.5 6.6 -34.2 -.5 6.4
4 15 -33.5 -.5 7.7 -35.45 -.5 7.45 -34.2 -.5 6.4 -33.4 -.5 6.45
4 15 -33.5 -.5 7.7 -33.4 -.5 6.45 -32.45 -.5 6.5 -31.75 -.5 6.8
4 15 -31.4 -.5 8.1 -33.5 -.5 7.7 -31.75 -.5 6.8 -31.05 -.5 7
4 15 -31.4 -.5 8.1 -31.05 -.5 7 -30.25 -.5 7 -29.3 -.5 8.45
4 15 -29.3 -.5 8.45 -30.25 -.5 7 -29.55 -.5 6.7 -26.95 -.5 8.9
4 15 -26.95 -.5 8.9 -29.55 -.5 6.7 -29 -.5 6.15 -25.35 -.5 7.05
4 15 -26.95 -.5 8.9 -25.35 -.5 7.05 -24.85 -.5 7.7 -25.15 -.5 9.2
4 15 -25.15 -.5 9.2 -24.85 -.5 7.7 -24 -.5 8.1 -24.15 -.5 9.4
4 15 -23.65 -.5 9.45 -24.15 -.5 9.4 -24 -.5 8.1 -23.25 -.5 8.25
4 15 -22.9 -.5 9.35 -23.65 -.5 9.45 -23.25 -.5 8.25 -22.7 -.5 8.3
4 15 -22.9 -.5 9.35 -22.7 -.5 8.3 -22.3 -.5 8.45 -22.05 -.5 8.7
3 15 -22.9 -.5 9.35 -22.05 -.5 8.7 -21.9 -.5 9.05
4 15 -25.6 -.5 6.3 -25.35 -.5 7.05 -29 -.5 6.15 -27.95 -.5 5.1
4 15 -25.6 -.5 5.4 -25.6 -.5 6.3 -27.95 -.5 5.1 -26.75 -.5 4.5
4 15 -25.45 -.5 4.6 -25.6 -.5 5.4 -26.75 -.5 4.5 -25.55 -.5 3.8
4 15 -24.95 -.5 3.8 -25.45 -.5 4.6 -25.55 -.5 3.8 -24.65 -.5 3.1
3 15 -24.95 -.5 3.8 -24.65 -.5 3.1 -24.5 -.5 3.3
3 15 -14.55 -.5 7 -12.75 -.5 5.7 -13 -.5 6.25
4 15 -10.15 -.5 4.9 -13 -.5 6.25 -12.75 -.5 5.7 -11.5 -.5 4.7
4 15 -10.15 -.5 4.9 -11.5 -.5 4.7 -10.45 -.5 3.9 -9.45 -.5 3.45
4 15 -7.9 -.5 3.85 -10.15 -.5 4.9 -9.45 -.5 3.45 -7.9 -.5 2.7
4 15 -5.7 -.5 2.85 -7.9 -.5 3.85 -7.9 -.5 2.7 -6.15 -.5 1.65
4 15 -4.15 -.5 2.3 -5.7 -.5 2.85 -6.15 -.5 1.65 -4.6 -.5 .65
4 15 -4.15 -.5 2.3 -4.6 -.5 .65 -3.9 -.5 .35 -3 -.5 2
4 15 -3 -.5 2 -3.9 -.5 .35 -2.95 -.5 .1 -2.45 -.5 1.95
4 15 -2.45 -.5 1.95 -2.95 -.5 .1 -2.15 -.5 .05 -1.85 -.5 1.95
4 15 -1.85 -.5 1.95 -2.15 -.5 .05 -.95 -.5 .15 -1.3 -.5 2.05
4 15 -.65 -.5 2.05 -1.3 -.5 2.05 -.95 -.5 .15 .1 -.5 1.95
4 15 .1 -.5 1.95 -.95 -.5 .15 .65 -.5 .25 1.85 -.5 1.35
4 15 1.85 -.5 1.35 .65 -.5 .25 2.2 -.5 .1 4.3 -.5 .45
4 15 4.3 -.5 .45 2.2 -.5 .1 3.8 -.5 -.25 6.4 -.5 -.45
3 15 3.8 -.5 -.25 5.05 -.5 -.9 6.4 -.5 -.45
4 15 6.4 -.5 -.45 5.05 -.5 -.9 6.2 -.5 -1.85 8.6 -.5 -1.5
4 15 8.6 -.5 -1.5 6.2 -.5 -1.85 7.05 -.5 -2.5 7.9 -.5 -2.95
4 15 8.6 -.5 -1.5 7.9 -.5 -2.95 9.1 -.5 -3.2 10.05 -.5 -3.2
4 15 10.9 -.5 -2.65 8.6 -.5 -1.5 10.05 -.5 -3.2 11.05 -.5 -3.4
4 15 12.7 -.5 -3.75 10.9 -.5 -2.65 11.05 -.5 -3.4 12.5 -.5 -3.9
3 15 12.7 -.5 -3.75 12.5 -.5 -3.9 14.15 -.5 -4.8
4 71 -53.05 -.5 -12.35 -54.5 -.5 -12.35 -54.5 -.5 -13.05 -52.35 -.5 -13
4 71 -51.7 -.5 -12.25 -53.05 -.5 -12.35 -52.35 -.5 -13 -51.3 -.5 -12.8
4 71 -50.75 -.5 -12.15 -51.7 -.5 -12.25 -51.3 -.5 -12.8 -50.8 -.5 -12.6
4 71 -20.55 -.5 -11.7 -21.1 -.5 -11.8 -21.1 -.5 -12.1 -20.45 -.5 -12.25
4 71 -19.6 -.5 -11.75 -20.55 -.5 -11.7 -20.45 -.5 -12.25 -19.35 -.5 -12.25
4 71 -18.45 -.5 -11.9 -19.6 -.5 -11.75 -19.35 -.5 -12.25 -18.45 -.5 -12.2
4 72 -15.7 -.5 7.3 -17 -.5 6.35 -16.65 -.5 6.25 -15.5 -.5 7.1
4 72 -15.5 -.5 7.1 -16.65 -.5 6.25 -15.95 -.5 5.9 -15.05 -.5 6.65
4 72 -15.05 -.5 6.65 -15.95 -.5 5.9 -15.25 -.5 5.45 -14.45 -.5 5.75
4 72 -14.45 -.5 5.75 -15.25 -.5 5.45 -14.1 -.5 4.55 -13.7 -.5 4.6
4 72 -13.7 -.5 4.6 -14.1 -.5 4.55 -13.6 -.5 4.1 -13.5 -.5 4.2
4 72 -17 -.5 6.1 -17 -.5 6.35 -20.2 -.5 6.75 -19.2 -.5 5.25
4 72 -16.9 -.5 5.6 -17 -.5 6.1 -19.2 -.5 5.25 -18.15 -.5 4.05
4 72 -16.5 -.5 4.75 -16.9 -.5 5.6 -18.15 -.5 4.05 -17.25 -.5 3.1
4 72 -15.7 -.5 3.55 -16.5 -.5 4.75 -17.25 -.5 3.1 -16.5 -.5 2.35
4 72 -15.1 -.5 2.8 -15.7 -.5 3.55 -16.5 -.5 2.35 -16 -.5 1.9
4 72 -14.45 -.5 2.35 -15.1 -.5 2.8 -16 -.5 1.9 -15.2 -.5 1.25
4 72 -13.85 -.5 1.9 -14.45 -.5 2.35 -15.2 -.5 1.25 -14.95 -.5 .95
4 72 -13.45 -.5 1.55 -13.85 -.5 1.9 -14.95 -.5 .95 -13.3 -.5 1.15
4 72 -13.3 -.5 1.15 -14.95 -.5 .95 -14.8 -.5 .6 -13.25 -.5 .55
4 72 -13.25 -.5 .55 -14.8 -.5 .6 -14.65 -.5 .05 -14.4 -.5 -.45
4 72 -13.1 -.5 -.05 -13.25 -.5 .55 -14.4 -.5 -.45 -13.45 -.5 -1.85
4 72 -12.35 -.5 -1.75 -13.1 -.5 -.05 -13.45 -.5 -1.85 -12.35 -.5 -3.4
4 72 -11.7 -.5 -3.4 -12.35 -.5 -1.75 -12.35 -.5 -3.4 -11.65 -.5 -4.35
3 72 -11.7 -.5 -3.4 -11.65 -.5 -4.35 -11.4 -.5 -4.3
4 72 -11.25 -.5 2.1 -11.9 -.5 2.5 -11.65 -.5 1.95 -11.25 -.5 1.2
4 72 -10 -.5 .85 -11.25 -.5 2.1 -11.25 -.5 1.2 -10.3 -.5 -.35
4 72 -10 -.5 .85 -10.3 -.5 -.35 -9.9 -.5 -.85 -9.45 -.5 -1.2
4 72 -8.4 -.5 -.65 -10 -.5 .85 -9.45 -.5 -1.2 -8.1 -.5 -1.95
4 72 -6.85 -.5 -1.95 -8.4 -.5 -.65 -8.1 -.5 -1.95 -6.45 -.5 -2.7
4 72 -6.85 -.5 -1.95 -6.45 -.5 -2.7 -6.2 -.5 -2.65 -6.15 -.5 -2.5
3 72 -11.75 -.5 2.6 -11.9 -.5 2.5 -11.25 -.5 2.1
4 72 6.25 -.5 -4.45 6 -.5 -4.5 6 -.5 -4.7 6.4 -.5 -4.65
4 72 6.4 -.5 -4.65 6 -.5 -4.7 6.2 -.5 -5.2 6.7 -.5 -5.1
4 72 6.7 -.5 -5.1 6.2 -.5 -5.2 6.55 -.5 -5.75 6.95 -.5 -5.25
4 72 7.05 -.5 -5.5 6.95 -.5 -5.25 6.55 -.5 -5.75 7 -.5 -5.8
3 72 6.55 -.5 -5.75 6.75 -.5 -5.9 7 -.5 -5.8
4 72 8.1 -.5 -5 7.85 -.5 -4.7 7.7 -.5 -4.75 7.7 -.5 -5.25
4 72 8.1 -.5 -5 7.7 -.5 -5.25 7.75 -.5 -5.55 8 -.5 -5.75
4 72 8.5 -.5 -5.35 8.1 -.5 -5 8 -.5 -5.75 8.45 -.5 -6
4 72 9.05 -.5 -5.65 8.5 -.5 -5.35 8.45 -.5 -6 8.85 -.5 -6.15
4 72 9.25 -.5 -5.7 9.05 -.5 -5.65 8.85 -.5 -6.15 9.4 -.5 -5.85
4 72 9.5 -.5 -6.05 9.4 -.5 -5.85 8.85 -.5 -6.15 8.95 -.5 -6.4
4 72 9.7 -.5 -6.35 9.5 -.5 -6.05 8.95 -.5 -6.4 9.1 -.5 -6.7
4 72 9.7 -.5 -6.35 9.1 -.5 -6.7 9.35 -.5 -6.8 9.75 -.5 -6.75
3 72 9.7 -.5 -6.35 9.75 -.5 -6.75 10 -.5 -6.6
4 71 -.8 -.5 -10.5 -1.45 -.5 -10.6 -1.45 -.5 -10.8 -.55 -.5 -11
4 71 .25 -.5 -10.3 -.8 -.5 -10.5 -.55 -.5 -11 .6 -.5 -11.1
4 71 .25 -.5 -10.3 .6 -.5 -11.1 1.4 -.5 -11.05 2.05 -.5 -10.85
4 71 1.35 -.5 -10.1 .25 -.5 -10.3 2.05 -.5 -10.85 3 -.5 -10.15
4 71 3 -.5 -10.15 2.05 -.5 -10.85 3.6 -.5 -10.8 4.5 -.5 -10.3
4 71 4.5 -.5 -10.3 3.6 -.5 -10.8 4.75 -.5 -10.7 5 -.5 -10.45
3 71 5 -.5 -10.45 4.75 -.5 -10.7 5 -.5 -10.6
4 71 6.75 -.5 -10.5 6.4 -.5 -10.6 6.4 -.5 -10.85 6.85 -.5 -11
4 71 7.75 -.5 -10.55 6.75 -.5 -10.5 6.85 -.5 -11 8.05 -.5 -11.2
4 71 9.05 -.5 -10.65 7.75 -.5 -10.55 8.05 -.5 -11.2 9.45 -.5 -11.2
4 71 10 -.5 -10.7 9.05 -.5 -10.65 9.45 -.5 -11.2 10.2 -.5 -11.05
4 71 10 -.5 -10.7 10.2 -.5 -11.05 10.55 -.5 -10.9 10.55 -.5 -10.7
4 212 -54.5 -.5 15.5 -54.5 -.5 10.7 -53.95 -.5 10.7 -52.85 -.5 10.8
4 212 -54.5 -.5 15.5 -52.85 -.5 10.8 -51.55 -.5 11 -50.35 -.5 11.2
4 212 -54.5 -.5 15.5 -50.35 -.5 11.2 -49 -.5 11.4 -47.85 -.5 11.6
4 212 -54.5 -.5 15.5 -47.85 -.5 11.6 -47.35 -.5 11.6 -40 -.5 15.5
3 212 -40 -.5 15.5 -47.35 -.5 11.6 -46.9 -.5 11.55
3 212 -40 -.5 15.5 -46.9 -.5 11.55 -46.4 -.5 11.4
3 212 -40 -.5 15.5 -46.4 -.5 11.4 -45.9 -.5 11.05
4 212 -40 -.5 15.5 -45.9 -.5 11.05 -45.15 -.5 10.45 -44.1 -.5 9.65
4 212 -40 -.5 15.5 -44.1 -.5 9.65 -43.05 -.5 9 -41.85 -.5 8.45
4 212 -40 -.5 15.5 -41.85 -.5 8.45 -40.3 -.5 7.85 -38.2 -.5 7.85
4 212 -40 -.5 15.5 -38.2 -.5 7.85 -36.15 -.5 8.05 -34.15 -.5 8.35
3 212 -40 -.5 15.5 -34.15 -.5 8.35 -32.05 -.5 8.7
3 212 -40 -.5 15.5 -32.05 -.5 8.7 -29.9 -.5 9.05
4 212 -40 -.5 15.5 -29.9 -.5 9.05 -27.45 -.5 9.4 -25.6 -.5 9.8
4 212 -40 -.5 15.5 -25.6 -.5 9.8 -24.45 -.5 10 -20 -.5 15.5
3 212 -20 -.5 15.5 -24.45 -.5 10 -23.85 -.5 10.05
3 212 -20 -.5 15.5 -23.85 -.5 10.05 -23.05 -.5 10
3 212 -20 -.5 15.5 -23.05 -.5 10 -21.95 -.5 9.8
3 212 -20 -.5 15.5 -21.95 -.5 9.8 -20.1 -.5 9.4
4 212 -20 -.5 15.5 -20.1 -.5 9.4 -18.35 -.5 8.95 -16.55 -.5 8.5
3 212 -20 -.5 15.5 -16.55 -.5 8.5 -15.5 -.5 8.15
4 212 -20 -.5 15.5 -15.5 -.5 8.15 -15.1 -.5 8 -12.55 -.5 7.95
3 212 -20 -.5 15.5 -12.55 -.5 7.95 -10.25 -.5 7.8
4 212 -20 -.5 15.5 -10.25 -.5 7.8 -8.2 -.5 7.6 0 -.5 15.5
4 212 0 -.5 15.5 -8.2 -.5 7.6 -7 -.5 7.2 -6.4 -.5 7.2
3 212 0 -.5 15.5 -6.4 -.5 7.2 -6 -.5 7.15
4 212 0 -.5 15.5 -6 -.5 7.15 -5.45 -.5 6.95 -4.5 -.5 6.8
3 212 0 -.5 15.5 -4.5 -.5 6.8 -2.85 -.5 6.8
4 212 0 -.5 15.5 -2.85 -.5 6.8 -1.1 -.5 6.65 .5 -.5 6.55
3 212 0 -.5 15.5 .5 -.5 6.55 1.85 -.5 6.6
3 212 0 -.5 15.5 1.85 -.5 6.6 3.55 -.5 6.65
3 212 0 -.5 15.5 3.55 -.5 6.65 5.35 -.5 6.6
4 212 0 -.5 15.5 5.35 -.5 6.6 7 -.5 6.5 9.65 -.5 6.35
3 212 0 -.5 15.5 9.65 -.5 6.35 12.65 -.5 6.1
4 212 0 -.5 15.5 12.65 -.5 6.1 13.3 -.5 5.95 20 -.5 15.5
3 212 -7.9 -.5 4.55 -7.2 -.5 4.25 -6.05 -.5 4.45
4 212 -6.05 -.5 4.45 -7.2 -.5 4.25 -5.05 -.5 3.3 -3.9 -.5 4.35
4 212 -3.9 -.5 4.35 -5.05 -.5 3.3 -3.3 -.5 2.7 -2.65 -.5 2.55
4 212 -3.9 -.5 4.35 -2.65 -.5 2.55 -2.2 -.5 2.5 -1.75 -.5 2.55
4 212 -1.2 -.5 4.3 -3.9 -.5 4.35 -1.75 -.5 2.55 -1.2 -.5 2.65
3 212 -1.2 -.5 4.3 -1.2 -.5 2.65 -.75 -.5 2.65
4 212 -1.2 -.5 4.3 -.75 -.5 2.65 -.25 -.5 2.6 1.3 -.5 4.45
4 212 1.3 -.5 4.45 -.25 -.5 2.6 1.2 -.5 2.2 2.95 -.5 4.6
4 212 2.95 -.5 4.6 1.2 -.5 2.2 3.6 -.5 1.35 4.55 -.5 4.9
4 212 4.55 -.5 4.9 3.6 -.5 1.35 5.95 -.5 .45 5.9 -.5 5.15
4 212 7.3 -.5 5.3 5.9 -.5 5.15 5.95 -.5 .45 8.35 -.5 -.55
4 212 10.2 -.5 5.5 7.3 -.5 5.3 8.35 -.5 -.55 11.3 -.5 -.35
4 212 12.65 -.5 5.65 10.2 -.5 5.5 11.3 -.5 -.35 15.4 -.5 -.15
4 212 13.25 -.5 5.75 12.65 -.5 5.65 15.4 -.5 -.15 18.65 -.5 .15
4 212 13.25 -.5 5.75 18.65 -.5 .15 20.9 -.5 .45 22.75 -.5 .8
4 212 13.25 -.5 5.75 22.75 -.5 .8 24.2 -.5 1.15 13.3 -.5 5.95
4 212 20 -.5 15.5 13.3 -.5 5.95 24.2 -.5 1.15 31.4 -.5 5.35
4 212 31.4 -.5 5.35 24.2 -.5 1.15 25.25 -.5 1.3 31.45 -.5 5.05
4 212 31.45 -.5 5.05 25.25 -.5 1.3 26.1 -.5 1.35 31.85 -.5 4.95
4 212 31.85 -.5 4.95 26.1 -.5 1.35 26.95 -.5 1.3 32.9 -.5 4.9
3 212 32.9 -.5 4.9 26.95 -.5 1.3 28.55 -.5 1
4 212 32.9 -.5 4.9 28.55 -.5 1 30.25 -.5 .55 32.45 -.5 .05
4 212 32.9 -.5 4.9 32.45 -.5 .05 33.55 -.5 -.25 34.4 -.5 -.3
4 212 35.1 -.5 4.9 32.9 -.5 4.9 34.4 -.5 -.3 35.4 -.5 -.2
4 212 35.1 -.5 4.9 35.4 -.5 -.2 37.4 -.5 .1 37.7 -.5 4.9
4 212 37.7 -.5 4.9 37.4 -.5 .1 39.35 -.5 .4 39.65 -.5 4.8
4 212 39.65 -.5 4.8 39.35 -.5 .4 41 -.5 .55 41.35 -.5 4.7
4 212 43.45 -.5 4.5 41.35 -.5 4.7 41 -.5 .55 43.1 -.5 .6
4 212 44.95 -.5 4.25 43.45 -.5 4.5 43.1 -.5 .6 44.6 -.5 .55
4 212 46.3 -.5 4.1 44.95 -.5 4.25 44.6 -.5 .55 46 -.5 .45
4 212 47.9 -.5 4.15 46.3 -.5 4.1 46 -.5 .45 47.6 -.5 .25
4 212 49.75 -.5 4.35 47.9 -.5 4.15 47.6 -.5 .25 48.7 -.5 .05
4 212 49.75 -.5 4.35 48.7 -.5 .05 49.85 -.5 -.1 50.9 -.5 -.05
4 212 51.25 -.5 4.35 49.75 -.5 4.35 50.9 -.5 -.05 52.25 -.5 4.25
4 212 52.25 -.5 4.25 50.9 -.5 -.05 52.15 -.5 .2 53.2 -.5 4
4 212 53.2 -.5 4 52.15 -.5 .2 53.1 -.5 .3 53.85 -.5 4
4 212 53.85 -.5 4 53.1 -.5 .3 54.5 -.5 .35 54.5 -.5 4.1
3 212 20 -.5 15.5 31.4 -.5 5.35 31.6 -.5 5.5
4 212 20 -.5 15.5 31.6 -.5 5.5 32.35 -.5 5.55 34.2 -.5 5.85
4 212 40 -.5 15.5 20 -.5 15.5 34.2 -.5 5.85 36.65 -.5 6.05
4 212 40 -.5 15.5 36.65 -.5 6.05 38.25 -.5 6.2 38.85 -.5 6.4
3 212 40 -.5 15.5 38.85 -.5 6.4 39.5 -.5 6.85
3 212 40 -.5 15.5 39.5 -.5 6.85 40.35 -.5 7.4
3 212 40 -.5 15.5 40.35 -.5 7.4 41.4 -.5 7.8
3 212 40 -.5 15.5 41.4 -.5 7.8 42.5 -.5 7.9
3 212 40 -.5 15.5 42.5 -.5 7.9 43.85 -.5 7.85
4 212 40 -.5 15.5 43.85 -.5 7.85 44.55 -.5 7.75 44.95 -.5 7.75
3 212 40 -.5 15.5 44.95 -.5 7.75 45.15 -.5 7.95
3 212 40 -.5 15.5 45.15 -.5 7.95 46.05 -.5 8.7
3 212 40 -.5 15.5 46.05 -.5 8.7 47.05 -.5 9.1
3 212 40 -.5 15.5 47.05 -.5 9.1 48.1 -.5 9.35
4 212 40 -.5 15.5 48.1 -.5 9.35 49.2 -.5 9.35 54.5 -.5 15.5
3 212 54.5 -.5 15.5 49.2 -.5 9.35 50.2 -.5 9.2
4 212 54.5 -.5 15.5 50.2 -.5 9.2 51.35 -.5 8.8 52.1 -.5 8.6
3 212 54.5 -.5 15.5 52.1 -.5 8.6 52.65 -.5 8.65
3 212 54.5 -.5 15.5 52.65 -.5 8.65 53.35 -.5 8.6
3 212 54.5 -.5 15.5 53.35 -.5 8.6 54.5 -.5 8.45
4 15 -53.8 -.5 -11.5 -54.5 -.5 -11.4 -54.5 -.5 -12.35 -53.05 -.5 -12.35
4 15 -52.2 -.5 -11.55 -53.8 -.5 -11.5 -53.05 -.5 -12.35 -51.7 -.5 -12.25
4 15 -50.6 -.5 -11.55 -52.2 -.5 -11.55 -51.7 -.5 -12.25 -50.75 -.5 -12.15
4 15 -45.4 -.5 -11.65 -50.6 -.5 -11.55 -50.75 -.5 -12.15 -50.8 -.5 -12.6
4 15 -41.5 -.5 -11.8 -45.4 -.5 -11.65 -50.8 -.5 -12.6 -40 -.5 -15.5
3 15 -52.35 -.5 -13 -54.5 -.5 -13.05 -54.5 -.5 -15.5
4 15 -51.3 -.5 -12.8 -52.35 -.5 -13 -54.5 -.5 -15.5 -40 -.5 -15.5
3 15 -50.8 -.5 -12.6 -51.3 -.5 -12.8 -40 -.5 -15.5
3 15 -41.5 -.5 -11.8 -40 -.5 -15.5 -38.2 -.5 -11.95
4 15 -34.9 -.5 -11.85 -38.2 -.5 -11.95 -40 -.5 -15.5 -30 -.5 -15.5
4 15 -31.45 -.5 -11.6 -34.9 -.5 -11.85 -30 -.5 -15.5 -27.7 -.5 -11.35
4 15 -24.3 -.5 -11.15 -27.7 -.5 -11.35 -30 -.5 -15.5 -21.1 -.5 -12.1
4 15 -24.3 -.5 -11.15 -21.1 -.5 -12.1 -21.1 -.5 -11.8 -22.45 -.5 -11.1
4 15 -21.4 -.5 -11.05 -22.45 -.5 -11.1 -21.1 -.5 -11.8 -20.55 -.5 -11.7
4 15 -21.15 -.5 -10.95 -21.4 -.5 -11.05 -20.55 -.5 -11.7 -19.6 -.5 -11.75
4 15 -20.45 -.5 -12.25 -21.1 -.5 -12.1 -30 -.5 -15.5 -20 -.5 -15.5
3 15 -19.35 -.5 -12.25 -20.45 -.5 -12.25 -20 -.5 -15.5
4 15 -18.45 -.5 -12.2 -19.35 -.5 -12.25 -20 -.5 -15.5 -10 -.5 -15.5
4 15 -21.1 -.5 -10.8 -21.15 -.5 -10.95 -19.6 -.5 -11.75 -19.7 -.5 -9.35
4 15 -21.2 -.5 -10.7 -21.1 -.5 -10.8 -19.7 -.5 -9.35 -21.5 -.5 -9.2
4 15 -21.75 -.5 -10.45 -21.2 -.5 -10.7 -21.5 -.5 -9.2 -22.35 -.5 -9.1
4 15 -22.5 -.5 -10.05 -21.75 -.5 -10.45 -22.35 -.5 -9.1 -23.25 -.5 -9.6
4 15 -23.25 -.5 -9.6 -22.35 -.5 -9.1 -23.15 -.5 -9 -23.45 -.5 -9.05
4 15 -23.5 -.5 -9.35 -23.25 -.5 -9.6 -23.45 -.5 -9.05 -23.55 -.5 -9.2
4 15 -19.7 -.5 -9.35 -19.6 -.5 -11.75 -18.45 -.5 -11.9 -16.55 -.5 -9.45
4 15 -16.55 -.5 -9.45 -18.45 -.5 -11.9 -18.45 -.5 -12.2 -10 -.5 -15.5
3 15 -16.55 -.5 -9.45 -10 -.5 -15.5 -11.15 -.5 -9.55
4 15 -8.25 -.5 -9.4 -11.15 -.5 -9.55 -10 -.5 -15.5 -1.45 -.5 -10.8
4 15 -8.25 -.5 -9.4 -1.45 -.5 -10.8 -1.45 -.5 -10.6 -3.25 -.5 -9.25
4 15 -3.25 -.5 -9.25 -1.45 -.5 -10.6 -.8 -.5 -10.5 -.1 -.5 -9.15
3 15 -.1 -.5 -9.15 -.8 -.5 -10.5 .25 -.5 -10.3
4 15 -.1 -.5 -9.15 .25 -.5 -10.3 1.35 -.5 -10.1 2.35 -.5 -9.2
4 15 2.35 -.5 -9.2 1.35 -.5 -10.1 3 -.5 -10.15 5.05 -.5 -9.2
3 15 5.05 -.5 -9.2 3 -.5 -10.15 4.5 -.5 -10.3
4 15 5.05 -.5 -9.2 4.5 -.5 -10.3 5 -.5 -10.45 6.4 -.5 -10.6
4 15 6.4 -.5 -10.6 5 -.5 -10.45 5 -.5 -10.6 6.4 -.5 -10.85
4 15 5.05 -.5 -9.2 6.4 -.5 -10.6 6.75 -.5 -10.5 9.05 -.5 -9.15
3 15 9.05 -.5 -9.15 6.75 -.5 -10.5 7.75 -.5 -10.55
4 15 9.05 -.5 -9.15 7.75 -.5 -10.55 9.05 -.5 -10.65 10 -.5 -10.7
4 15 9.05 -.5 -9.15 10 -.5 -10.7 10.55 -.5 -10.7 12.55 -.5 -9.05
4 15 12.55 -.5 -9.05 10.55 -.5 -10.7 10.55 -.5 -10.9 15.05 -.5 -9
4 15 15.05 -.5 -9 10.55 -.5 -10.9 16.75 -.5 -9.2 16.65 -.5 -8.95
4 15 -.55 -.5 -11 -1.45 -.5 -10.8 -10 -.5 -15.5 0 -.5 -15.5
3 15 -.55 -.5 -11 0 -.5 -15.5 .6 -.5 -11.1
3 15 1.4 -.5 -11.05 .6 -.5 -11.1 0 -.5 -15.5
4 15 2.05 -.5 -10.85 1.4 -.5 -11.05 0 -.5 -15.5 3.6 -.5 -10.8
3 15 4.75 -.5 -10.7 3.6 -.5 -10.8 0 -.5 -15.5
4 15 5 -.5 -10.6 4.75 -.5 -10.7 0 -.5 -15.5 6.4 -.5 -10.85
4 15 6.85 -.5 -11 6.4 -.5 -10.85 0 -.5 -15.5 10 -.5 -15.5
3 15 6.85 -.5 -11 10 -.5 -15.5 8.05 -.5 -11.2
3 15 9.45 -.5 -11.2 8.05 -.5 -11.2 10 -.5 -15.5
3 15 10.2 -.5 -11.05 9.45 -.5 -11.2 10 -.5 -15.5
4 15 10.55 -.5 -10.9 10.2 -.5 -11.05 10 -.5 -15.5 16.75 -.5 -9.2
4 15 17.3 -.5 -9.25 16.75 -.5 -9.2 10 -.5 -15.5 18.45 -.5 -9.7
3 15 17.85 -.5 -9.25 17.3 -.5 -9.25 18.45 -.5 -9.7
3 15 18.45 -.5 -9.15 17.85 -.5 -9.25 18.45 -.5 -9.7
3 15 18.45 -.5 -9.7 10 -.5 -15.5 18.55 -.5 -9.95
4 15 18.8 -.5 -10.05 18.55 -.5 -9.95 10 -.5 -15.5 20 -.5 -15.5
4 15 20.1 -.5 -10.05 18.8 -.5 -10.05 20 -.5 -15.5 20.4 -.5 -10.1
3 15 20.75 -.5 -10.1 20.4 -.5 -10.1 20 -.5 -15.5
4 15 21 -.5 -10 20.75 -.5 -10.1 20 -.5 -15.5 21.85 -.5 -9.7
3 15 21.85 -.5 -9.7 21.2 -.5 -9.75 21 -.5 -10
3 15 22.3 -.5 -9.65 21.85 -.5 -9.7 20 -.5 -15.5
4 15 22.7 -.5 -9.6 22.3 -.5 -9.65 20 -.5 -15.5 23.25 -.5 -9.65
4 15 23.8 -.5 -9.65 23.25 -.5 -9.65 20 -.5 -15.5 24.5 -.5 -9.7
3 15 24.5 -.5 -9.7 20 -.5 -15.5 25 -.5 -9.8
4 15 25.5 -.5 -9.8 25 -.5 -9.8 20 -.5 -15.5 26.2 -.5 -10
3 15 26.071 -.5 -9.752 25.5 -.5 -9.8 26.2 -.5 -10
4 15 26.45 -.5 -10.1 26.2 -.5 -10 20 -.5 -15.5 30 -.5 -15.5
3 15 28.55 -.5 -10.1 26.45 -.5 -10.1 30 -.5 -15.5
3 15 28.8 -.5 -10 28.55 -.5 -10.1 30 -.5 -15.5
4 15 29.45 -.5 -9.7 28.9 -.5 -9.75 28.8 -.5 -10 30 -.5 -15.5
4 15 29.9 -.5 -9.75 29.45 -.5 -9.7 30 -.5 -15.5 30.3 -.5 -9.8
3 15 30.9 -.5 -9.75 30.3 -.5 -9.8 30 -.5 -15.5
4 15 31.3 -.5 -9.65 30.9 -.5 -9.75 30 -.5 -15.5 31.75 -.5 -9.7
3 15 31.75 -.5 -9.7 30 -.5 -15.5 32.3 -.5 -9.75
4 15 33.1 -.5 -9.75 32.3 -.5 -9.75 30 -.5 -15.5 33.7 -.5 -10
3 15 33.55 -.5 -9.75 33.1 -.5 -9.75 33.7 -.5 -10
3 15 33.7 -.5 -10 30 -.5 -15.5 34.05 -.5 -10.2
4 15 35.75 -.5 -10.2 34.05 -.5 -10.2 30 -.5 -15.5 40 -.5 -15.5
3 15 36 -.5 -10.15 35.75 -.5 -10.2 40 -.5 -15.5
4 15 36.25 -.5 -10.05 36 -.5 -10.15 40 -.5 -15.5 37.1 -.5 -9.75
3 15 37.1 -.5 -9.75 36.45 -.5 -9.8 36.25 -.5 -10.05
3 15 37.1 -.5 -9.75 40 -.5 -15.5 37.55 -.5 -9.85
3 15 37.55 -.5 -9.85 40 -.5 -15.5 37.95 -.5 -9.9
4 15 38.45 -.5 -9.8 37.95 -.5 -9.9 40 -.5 -15.5 39.25 -.5 -9.85
3 15 38.95 -.5 -9.7 38.45 -.5 -9.8 39.25 -.5 -9.85
3 15 39.25 -.5 -9.85 40 -.5 -15.5 39.8 -.5 -9.9
4 15 40.45 -.5 -9.75 39.8 -.5 -9.9 40 -.5 -15.5 41.4 -.5 -9.95
3 15 41.3 -.5 -9.7 40.45 -.5 -9.75 41.4 -.5 -9.95
3 15 41.4 -.5 -9.95 40 -.5 -15.5 41.65 -.5 -10.1
4 15 43.3 -.5 -10.05 41.65 -.5 -10.1 40 -.5 -15.5 43.65 -.5 -10.05
4 15 43.65 -.5 -10.05 40 -.5 -15.5 45.85 -.5 -11.45 45.9 -.5 -11.2
3 15 43.9 -.5 -9.95 43.65 -.5 -10.05 45.9 -.5 -11.2
4 15 44 -.5 -9.75 43.9 -.5 -9.95 45.9 -.5 -11.2 46.1 -.5 -9.7
4 15 46.1 -.5 -9.7 45.9 -.5 -11.2 46.15 -.5 -11.15 46.65 -.5 -9.7
4 15 46.65 -.5 -9.7 46.15 -.5 -11.15 46.55 -.5 -11.15 47.35 -.5 -9.75
4 15 47.35 -.5 -9.75 46.55 -.5 -11.15 47.1 -.5 -11.2 47.7 -.5 -9.8
4 15 47.7 -.5 -9.8 47.1 -.5 -11.2 47.3 -.5 -11.3 48.05 -.5 -10.95
4 15 48 -.5 -11.15 48.05 -.5 -10.95 47.3 -.5 -11.3 47.3 -.5 -11.5
4 15 47.7 -.5 -9.8 48.05 -.5 -10.95 48.35 -.5 -10.9 48.35 -.5 -9.85
4 15 49.45 -.5 -9.95 48.35 -.5 -9.85 48.35 -.5 -10.9 49.3 -.5 -10.9
4 15 50.45 -.5 -9.95 49.45 -.5 -9.95 49.3 -.5 -10.9 50.4 -.5 -10.9
4 15 51.25 -.5 -9.85 50.45 -.5 -9.95 50.4 -.5 -10.9 51.3 -.5 -10.95
4 15 51.25 -.5 -9.85 51.3 -.5 -10.95 51.7 -.5 -11 52 -.5 -9.3
3 15 51.25 -.5 -9.25 51.25 -.5 -9.85 52 -.5 -9.3
4 15 52.8 -.5 -9.35 52 -.5 -9.3 51.7 -.5 -11 51.8 -.5 -11.15
4 15 46.15 -.5 -11.55 45.85 -.5 -11.45 40 -.5 -15.5 50 -.5 -15.5
3 15 46.8 -.5 -11.55 46.15 -.5 -11.55 50 -.5 -15.5
3 15 47.3 -.5 -11.5 46.8 -.5 -11.55 50 -.5 -15.5
4 15 48 -.5 -11.15 47.3 -.5 -11.5 50 -.5 -15.5 48.4 -.5 -11.3
3 15 48.4 -.5 -11.3 50 -.5 -15.5 49.55 -.5 -11.45
3 15 50.7 -.5 -11.45 49.55 -.5 -11.45 50 -.5 -15.5
4 15 51.55 -.5 -11.3 50.7 -.5 -11.45 50 -.5 -15.5 54.5 -.5 -15.5
3 15 51.8 -.5 -11.15 51.55 -.5 -11.3 54.5 -.5 -15.5
3 15 52.8 -.5 -9.35 51.8 -.5 -11.15 54.5 -.5 -15.5
4 15 52.85 -.5 -9.15 52.8 -.5 -9.35 54.5 -.5 -15.5 54.5 -.5 -5.5
4 15 49.1 -.5 -6.4 49.15 -.5 -7 49.45 -.5 -7.1 49.85 -.5 -7.05
3 15 48.9 -.5 -5.3 49 -.5 -5.75 54.5 -.5 -5.5
4 15 54.5 -.5 -5.5 49 -.5 -5.75 49.1 -.5 -6.4 49.85 -.5 -7.05
3 15 54.5 -.5 -5.5 49.85 -.5 -7.05 50.15 -.5 -7.15
3 15 54.5 -.5 -5.5 50.15 -.5 -7.15 50.5 -.5 -7.4
3 15 54.5 -.5 -5.5 50.5 -.5 -7.4 50.9 -.5 -7.85
4 15 51.1 -.5 -8.45 51.2 -.5 -8.9 51.9 -.5 -8.95 54.5 -.5 -5.5
3 15 54.5 -.5 -5.5 51.9 -.5 -8.95 52.45 -.5 -9.05
3 15 54.5 -.5 -5.5 52.45 -.5 -9.05 52.85 -.5 -9.15
3 15 54.5 -.5 -5.5 50.9 -.5 -7.85 51.1 -.5 -8.45
4 0 -54.5 -.5 -15.5 -56.25 -.5 -16.5 -55.25 -.5 -17.5 -40 -.5 -15.5
3 0 -30 -.5 -15.5 -40 -.5 -15.5 -55.25 -.5 -17.5
3 0 -20 -.5 -15.5 -30 -.5 -15.5 -55.25 -.5 -17.5
3 0 -10 -.5 -15.5 -20 -.5 -15.5 -55.25 -.5 -17.5
4 0 0 -.5 -15.5 -10 -.5 -15.5 -55.25 -.5 -17.5 55.25 -.5 -17.5
3 0 10 -.5 -15.5 0 -.5 -15.5 55.25 -.5 -17.5
3 0 20 -.5 -15.5 10 -.5 -15.5 55.25 -.5 -17.5
3 0 30 -.5 -15.5 20 -.5 -15.5 55.25 -.5 -17.5
3 0 40 -.5 -15.5 30 -.5 -15.5 55.25 -.5 -17.5
3 0 50 -.5 -15.5 40 -.5 -15.5 55.25 -.5 -17.5
4 0 54.5 -.5 -15.5 50 -.5 -15.5 55.25 -.5 -17.5 56.25 -.5 -16.5
3 0 54.5 -.5 -5.5 54.5 -.5 -15.5 56.25 -.5 -16.5
3 0 54.5 -.5 -4.75 54.5 -.5 -5.5 56.25 -.5 -16.5
4 0 54.5 -.5 .35 54.5 -.5 -4.75 56.25 -.5 -16.5 56.25 -.5 16.5
3 0 56.25 -.5 16.5 54.5 -.5 4.1 54.5 -.5 .35
3 0 56.25 -.5 16.5 54.5 -.5 8.45 54.5 -.5 4.1
4 0 54.5 -.5 15.5 54.5 -.5 8.45 56.25 -.5 16.5 55.25 -.5 17.5
3 0 55.25 -.5 17.5 40 -.5 15.5 54.5 -.5 15.5
3 0 55.25 -.5 17.5 20 -.5 15.5 40 -.5 15.5
4 0 0 -.5 15.5 20 -.5 15.5 55.25 -.5 17.5 -55.25 -.5 17.5
3 0 -55.25 -.5 17.5 -20 -.5 15.5 0 -.5 15.5
3 0 -55.25 -.5 17.5 -40 -.5 15.5 -20 -.5 15.5
4 0 -54.5 -.5 15.5 -40 -.5 15.5 -55.25 -.5 17.5 -56.25 -.5 16.5
3 0 -56.25 -.5 16.5 -54.5 -.5 10.7 -54.5 -.5 15.5
3 0 -56.25 -.5 16.5 -54.5 -.5 10 -54.5 -.5 10.7
4 0 -54.5 -.5 8.45 -54.5 -.5 10 -56.25 -.5 16.5 -56.25 -.5 -16.5
3 0 -54.5 -.5 -11.4 -56.25 -.5 -16.5 -54.5 -.5 -12.35
3 0 -54.5 -.5 -12.35 -56.25 -.5 -16.5 -54.5 -.5 -13.05
3 0 -54.5 -.5 -13.05 -56.25 -.5 -16.5 -54.5 -.5 -15.5
4 72 -46.85 -.5 4.85 -47.1 -.5 4.9 -47.35 -.5 4.75 -46.7 -.5 4.65
4 72 -46.7 -.5 4.65 -47.35 -.5 4.75 -47.45 -.5 4.4 -46.65 -.5 4.35
4 72 -46.65 -.5 4.35 -47.45 -.5 4.4 -47.45 -.5 4 -47.05 -.5 3.8
4 72 -46.4 -.5 4.2 -46.65 -.5 4.35 -47.05 -.5 3.8 -46.55 -.5 3.75
4 72 -46.25 -.5 4.05 -46.4 -.5 4.2 -46.55 -.5 3.75 -46.3 -.5 3.85
4 72 -43.45 -.5 4.05 -43.7 -.5 4.1 -43.85 -.5 3.95 -43.85 -.5 3.7
4 72 -43.45 -.5 4.05 -43.85 -.5 3.7 -43.7 -.5 3.45 -43.25 -.5 3.8
4 72 -43.25 -.5 3.8 -43.7 -.5 3.45 -43.45 -.5 3.3 -43.2 -.5 3.55
3 72 -43.2 -.5 3.55 -43.45 -.5 3.3 -43.25 -.5 3.4
4 72 -21.2 -.5 4 -21.5 -.5 4.05 -21.65 -.5 3.95 -21.65 -.5 3.7
4 72 -21.2 -.5 4 -21.65 -.5 3.7 -21.5 -.5 3.55 -20.95 -.5 3.85
4 72 -20.85 -.5 3.6 -20.95 -.5 3.85 -21.5 -.5 3.55 -20.8 -.5 3.3
4 72 -20.8 -.5 3.3 -21.5 -.5 3.55 -21.5 -.5 3.25 -21.45 -.5 3
4 72 -20.8 -.5 3.3 -21.45 -.5 3 -21.2 -.5 2.8 -20.65 -.5 3
4 72 -20.65 -.5 3 -21.2 -.5 2.8 -20.8 -.5 2.4 -20.45 -.5 2.7
4 72 -20.4 -.5 2.45 -20.45 -.5 2.7 -20.8 -.5 2.4 -20.75 -.5 2.15
4 72 -20.45 -.5 2.15 -20.4 -.5 2.45 -20.75 -.5 2.15 -20.6 -.5 2.05
4 72 -20.05 -.5 3.4 -20.05 -.5 3.15 -19.85 -.5 2.95 -19.9 -.5 3.5
4 72 -19.9 -.5 3.5 -19.85 -.5 2.95 -19.35 -.5 3.55 -19.8 -.5 3.7
3 72 -19.55 -.5 3.75 -19.8 -.5 3.7 -19.35 -.5 3.55
4 72 -19.2 -.5 3.2 -19.35 -.5 3.55 -19.85 -.5 2.95 -19.8 -.5 2.65
4 72 -18.85 -.5 2.85 -19.2 -.5 3.2 -19.8 -.5 2.65 -19.85 -.5 2.3
4 72 -18.85 -.5 2.85 -19.85 -.5 2.3 -19.65 -.5 2.1 -19.2 -.5 2
4 72 -19.2 -.5 2 -19.65 -.5 2.1 -19.6 -.5 1.9 -19.35 -.5 1.85
4 72 -18.85 -.5 2.85 -19.2 -.5 2 -18.9 -.5 2 -18.45 -.5 2.65
4 72 -18.45 -.5 2.65 -18.9 -.5 2 -18.6 -.5 1.85 -18.15 -.5 2.4
4 72 -17.9 -.5 1.95 -18.15 -.5 2.4 -18.6 -.5 1.85 -18.5 -.5 1.6
4 72 -17.9 -.5 1.5 -17.9 -.5 1.95 -18.5 -.5 1.6 -18.45 -.5 1.25
4 72 -17.9 -.5 1.5 -18.45 -.5 1.25 -18.35 -.5 .95 -17.85 -.5 1.15
4 72 -17.85 -.5 1.15 -18.35 -.5 .95 -18.05 -.5 .8 -17.65 -.5 1
3 72 -17.65 -.5 1 -18.05 -.5 .8 -17.65 -.5 .8
4 72 -19.55 -.5 .95 -19.65 -.5 1.15 -19.95 -.5 1.15 -20.1 -.5 .95
4 72 -19.4 -.5 .8 -19.55 -.5 .95 -20.1 -.5 .95 -20.15 -.5 .75
4 72 -19.4 -.5 .8 -20.15 -.5 .75 -20.1 -.5 .5 -19.35 -.5 .45
4 72 -19.35 -.5 .45 -20.1 -.5 .5 -20.1 -.5 .15 -19.3 -.5 .15
4 72 -19.3 -.5 .15 -20.1 -.5 .15 -20.2 -.5 -.1 -19.45 -.5 -.3
4 72 -19.15 -.5 0 -19.3 -.5 .15 -19.45 -.5 -.3 -19.2 -.5 -.2
4 72 -19.55 -.5 -.45 -19.45 -.5 -.3 -20.2 -.5 -.1 -20.25 -.5 -.45
4 72 -19.55 -.5 -.45 -20.25 -.5 -.45 -20.2 -.5 -.8 -19.6 -.5 -.8
4 72 -19.6 -.5 -.8 -20.2 -.5 -.8 -20.05 -.5 -.95 -19.7 -.5 -.95
3 72 -19.7 -.5 -.95 -20.05 -.5 -.95 -19.9 -.5 -1
4 72 -19.3 -.5 -1.1 -19.45 -.5 -1.3 -19.4 -.5 -1.55 -19.05 -.5 -1
4 72 -18.85 -.5 -1.1 -19.05 -.5 -1 -19.4 -.5 -1.55 -19.2 -.5 -1.7
4 72 -18.85 -.5 -1.1 -19.2 -.5 -1.7 -18.9 -.5 -1.65 -18.75 -.5 -1.25
3 72 -18.75 -.5 -1.25 -18.9 -.5 -1.65 -18.75 -.5 -1.5
4 72 -46.3 -.5 2.95 -46.5 -.5 2.75 -46.5 -.5 2.4 -46.1 -.5 2.95
4 72 -45.8 -.5 2.85 -46.1 -.5 2.95 -46.5 -.5 2.4 -46.15 -.5 2.1
4 72 -45.55 -.5 2.55 -45.8 -.5 2.85 -46.15 -.5 2.1 -45.5 -.5 2.25
4 72 -45.5 -.5 2.25 -46.15 -.5 2.1 -45.85 -.5 1.75 -45.35 -.5 2
4 72 -45.35 -.5 2 -45.85 -.5 1.75 -45.75 -.5 1.5 -45.5 -.5 1.25
4 72 -45.05 -.5 1.9 -45.35 -.5 2 -45.5 -.5 1.25 -45.2 -.5 1.05
4 72 -44.8 -.5 1.9 -45.05 -.5 1.9 -45.2 -.5 1.05 -44.9 -.5 1
4 72 -44.8 -.5 1.9 -44.9 -.5 1 -44.7 -.5 1.1 -44.5 -.5 1.4
4 72 -44.8 -.5 1.9 -44.5 -.5 1.4 -44.4 -.5 1.75 -44.75 -.5 2.1
4 72 -44.75 -.5 2.1 -44.4 -.5 1.75 -44.1 -.5 1.9 -44.8 -.5 2.35
4 72 -44.8 -.5 2.35 -44.1 -.5 1.9 -43.75 -.5 2 -43.65 -.5 2.2
4 72 -44.8 -.5 2.35 -43.65 -.5 2.2 -43.7 -.5 2.4 -44.05 -.5 2.7
4 72 -45 -.5 2.5 -44.8 -.5 2.35 -44.05 -.5 2.7 -44.4 -.5 2.9
4 72 -45 -.5 2.5 -44.4 -.5 2.9 -44.75 -.5 2.95 -45.05 -.5 2.7
3 72 -44.75 -.5 2.95 -45 -.5 2.9 -45.05 -.5 2.7
4 72 -47.65 -.5 -.95 -47.8 -.5 -.9 -48.1 -.5 -1 -47.6 -.5 -1.1
4 72 -47.6 -.5 -1.1 -48.1 -.5 -1 -48.25 -.5 -1.2 -47.65 -.5 -1.5
4 72 -47.65 -.5 -1.5 -48.25 -.5 -1.2 -48.4 -.5 -1.3 -48.55 -.5 -1.6
4 72 -47.7 -.5 -1.9 -47.65 -.5 -1.5 -48.55 -.5 -1.6 -47.85 -.5 -2.15
4 72 -47.85 -.5 -2.15 -48.55 -.5 -1.6 -48.6 -.5 -1.9 -48.55 -.5 -2.15
3 72 -47.85 -.5 -2.15 -48.55 -.5 -2.15 -48.2 -.5 -2.2
4 72 -45.5 -.5 -.65 -45.55 -.5 -.85 -45.45 -.5 -1 -45.3 -.5 -.55
4 72 -44.9 -.5 -.55 -45.3 -.5 -.55 -45.45 -.5 -1 -45.25 -.5 -1.1
4 72 -44.9 -.5 -.55 -45.25 -.5 -1.1 -45.05 -.5 -1.15 -44.4 -.5 -.65
4 72 -44 -.5 -.9 -44.4 -.5 -.65 -45.05 -.5 -1.15 -45.05 -.5 -1.35
4 72 -44 -.5 -.9 -45.05 -.5 -1.35 -44.25 -.5 -1.55 -43.8 -.5 -1.15
4 72 -43.8 -.5 -1.15 -44.25 -.5 -1.55 -43.95 -.5 -1.5 -43.8 -.5 -1.4
4 72 -44.25 -.5 -1.55 -45.05 -.5 -1.35 -45.1 -.5 -1.55 -44.4 -.5 -1.75
4 72 -45 -.5 -2 -44.4 -.5 -1.75 -45.1 -.5 -1.55 -45.3 -.5 -1.85
4 72 -45.3 -.5 -1.85 -45.1 -.5 -1.55 -45.3 -.5 -1.55 -45.4 -.5 -1.65
4 72 -44.4 -.5 -1.75 -45 -.5 -2 -44.55 -.5 -2.1 -44.4 -.5 -2
4 72 -43.9 -.5 -.1 -44 -.5 -.2 -43.95 -.5 -.4 -43.75 -.5 -.45
4 72 -43.7 -.5 -.05 -43.9 -.5 -.1 -43.75 -.5 -.45 -43.6 -.5 -.55
4 72 -43.7 -.5 -.05 -42.9 -.5 -.2 -43.2 -.5 .05 -43.65 -.5 .05
3 72 -43.45 -.5 .1 -43.65 -.5 .05 -43.2 -.5 .05
4 72 -42.9 -.5 -.2 -43.7 -.5 -.05 -43.6 -.5 -.55 -43.55 -.5 -.75
4 72 -42.9 -.5 -.2 -43.55 -.5 -.75 -43.35 -.5 -1 -43.05 -.5 -1.05
4 72 -42.9 -.5 -.2 -43.05 -.5 -1.05 -42.75 -.5 -1.05 -42 -.5 -.1
4 72 -42.75 -.5 -.05 -42.9 -.5 -.2 -42 -.5 -.1 -42.05 -.5 .05
4 72 -42.65 -.5 .1 -42.75 -.5 -.05 -42.05 -.5 .05 -42.2 -.5 .15
3 72 -42.45 -.5 .2 -42.65 -.5 .1 -42.2 -.5 .15
4 72 -42 -.5 -.1 -42.75 -.5 -1.05 -41.65 -.5 -1.05 -41.4 -.5 -.9
4 72 -41.85 -.5 -.05 -42 -.5 -.1 -41.4 -.5 -.9 -41.2 -.5 -.85
4 72 -41.85 -.5 -.05 -41.2 -.5 -.85 -40.8 -.5 -.45 -41.8 -.5 .15
4 72 -41.8 -.5 .15 -40.8 -.5 -.45 -40.8 -.5 .25 -41.7 -.5 .45
4 72 -41.7 -.5 .45 -40.8 -.5 .25 -40.85 -.5 .55 -41.55 -.5 .65
4 72 -41.55 -.5 .65 -40.85 -.5 .55 -41 -.5 .65 -41.3 -.5 .7
4 72 -40.45 -.5 -.55 -40.8 -.5 -.45 -41.2 -.5 -.85 -40.85 -.5 -.9
4 72 -40.45 -.5 -.55 -40.85 -.5 -.9 -40.55 -.5 -.95 -40.3 -.5 -.65
4 72 -40.3 -.5 -.75 -40.3 -.5 -.65 -40.55 -.5 -.95 -40.4 -.5 -.9
4 72 -41.8 -.5 -1.25 -41.65 -.5 -1.05 -42.75 -.5 -1.05 -42.7 -.5 -1.45
4 72 -41.8 -.5 -1.25 -42.7 -.5 -1.45 -42.5 -.5 -1.7 -41.8 -.5 -1.4
4 72 -41.8 -.5 -1.4 -42.5 -.5 -1.7 -42.3 -.5 -1.85 -41.65 -.5 -1.5
4 72 -41.65 -.5 -1.5 -42.3 -.5 -1.85 -41.85 -.5 -2 -41.35 -.5 -1.55
4 72 -41.35 -.5 -1.55 -41.85 -.5 -2 -41.3 -.5 -2.05 -41 -.5 -1.55
4 72 -41 -.5 -1.55 -41.3 -.5 -2.05 -40.85 -.5 -1.95 -40.6 -.5 -1.8
4 72 -40.75 -.5 -1.5 -41 -.5 -1.55 -40.6 -.5 -1.8 -40.45 -.5 -1.6
4 72 -40.6 -.5 -1.45 -40.75 -.5 -1.5 -40.45 -.5 -1.6 -40.45 -.5 -1.5
4 72 -39.25 -.5 -.9 -39.35 -.5 -.8 -39.55 -.5 -.8 -39.65 -.5 -.9
4 72 -39.25 -.5 -.9 -39.65 -.5 -.9 -39.7 -.5 -1.2 -39.55 -.5 -1.4
4 72 -39.25 -.5 -.9 -39.55 -.5 -1.4 -39.25 -.5 -1.55 -38.95 -.5 -1.1
4 72 -38.95 -.5 -1.1 -39.25 -.5 -1.55 -38.9 -.5 -1.55 -38.75 -.5 -1.15
4 72 -38.7 -.5 -1.3 -38.75 -.5 -1.15 -38.9 -.5 -1.55 -38.75 -.5 -1.45
4 72 -32.6 -.5 -.25 -32.75 -.5 -.4 -32.7 -.5 -.7 -32.4 -.5 -.25
4 72 -32.15 -.5 -.4 -32.4 -.5 -.25 -32.7 -.5 -.7 -32.45 -.5 -.95
4 72 -32 -.5 -.65 -32.15 -.5 -.4 -32.45 -.5 -.95 -32 -.5 -.95
4 72 -32 -.5 -.95 -32.45 -.5 -.95 -32.4 -.5 -1.1 -32.1 -.5 -1.1
4 72 -29.65 -.5 .4 -29.95 -.5 .35 -30.05 -.5 .15 -29.45 -.5 .2
4 72 -29.45 -.5 .2 -30.05 -.5 .15 -30.05 -.5 -.1 -29.4 -.5 -.15
4 72 -29.4 -.5 -.15 -30.05 -.5 -.1 -29.85 -.5 -.4 -29.65 -.5 -.45
3 72 -29.4 -.5 -.15 -29.65 -.5 -.45 -29.5 -.5 -.4
4 72 -31.25 -.5 -1.4 -30.7 -.5 -1.45 -30.65 -.5 -1.25 -31.35 -.5 -1.2
4 72 -31.35 -.5 -1.2 -30.65 -.5 -1.25 -30.75 -.5 -.4 -31.05 -.5 -.45
4 72 -31.35 -.5 -1.2 -31.05 -.5 -.45 -31.35 -.5 -.65 -31.5 -.5 -.85
3 72 -31.5 -.5 -.85 -31.5 -.5 -1.05 -31.35 -.5 -1.2
4 72 -30.45 -.5 -.45 -30.75 -.5 -.4 -30.65 -.5 -1.25 -30.4 -.5 -1.15
4 72 -30.45 -.5 -.45 -30.4 -.5 -1.15 -30.2 -.5 -1 -30.2 -.5 -.6
3 72 -30.2 -.5 -.6 -30.2 -.5 -1 -30.15 -.5 -.75
4 72 -30.7 -.5 -1.45 -31.25 -.5 -1.4 -31.35 -.5 -1.6 -30.55 -.5 -1.65
4 72 -30.5 -.5 -1.9 -30.55 -.5 -1.65 -31.35 -.5 -1.6 -30.6 -.5 -2.1
4 72 -30.9 -.5 -2.2 -30.6 -.5 -2.1 -31.35 -.5 -1.6 -31.65 -.5 -1.55
4 72 -31.2 -.5 -2.15 -30.9 -.5 -2.2 -31.65 -.5 -1.55 -31.95 -.5 -1.6
4 72 -31.2 -.5 -2.15 -31.95 -.5 -1.6 -32.05 -.5 -1.8 -31.95 -.5 -2.05
4 72 -31.2 -.5 -2.15 -31.95 -.5 -2.05 -31.65 -.5 -2.25 -31.4 -.5 -2.3
4 71 -24.5 -.5 3.3 -21.65 -.5 3.7 -21.65 -.5 3.95 -24.95 -.5 3.8
4 71 -25.45 -.5 4.6 -24.95 -.5 3.8 -21.65 -.5 3.95 -25.6 -.5 5.4
4 71 -25.6 -.5 6.3 -25.6 -.5 5.4 -21.65 -.5 3.95 -25.35 -.5 7.05
4 71 -25.35 -.5 7.05 -21.65 -.5 3.95 -21.5 -.5 4.05 -24.85 -.5 7.7
4 71 -24 -.5 8.1 -24.85 -.5 7.7 -21.5 -.5 4.05 -23.25 -.5 8.25
4 71 -22.7 -.5 8.3 -23.25 -.5 8.25 -21.5 -.5 4.05 -21.2 -.5 4
4 71 -22.7 -.5 8.3 -21.2 -.5 4 -21 -.5 8.05 -22.3 -.5 8.45
4 71 -22.3 -.5 8.45 -21 -.5 8.05 -21.5 -.5 8.7 -22.05 -.5 8.7
3 71 -21.9 -.5 9.05 -22.05 -.5 8.7 -21.5 -.5 8.7
4 71 -20.2 -.5 6.75 -21 -.5 8.05 -21.2 -.5 4 -20.95 -.5 3.85
4 71 -20.2 -.5 6.75 -20.95 -.5 3.85 -19.8 -.5 3.7 -19.55 -.5 3.75
3 71 -20.2 -.5 6.75 -19.55 -.5 3.75 -19.2 -.5 5.25
4 71 -18.15 -.5 4.05 -19.2 -.5 5.25 -19.55 -.5 3.75 -19.35 -.5 3.55
4 71 -18.15 -.5 4.05 -19.35 -.5 3.55 -19.2 -.5 3.2 -18.85 -.5 2.85
4 71 -18.15 -.5 4.05 -18.85 -.5 2.85 -18.45 -.5 2.65 -17.25 -.5 3.1
4 71 -17.25 -.5 3.1 -18.45 -.5 2.65 -18.15 -.5 2.4 -16.5 -.5 2.35
4 71 -16.5 -.5 2.35 -18.15 -.5 2.4 -17.9 -.5 1.95 -16 -.5 1.9
4 71 -16 -.5 1.9 -17.9 -.5 1.95 -17.9 -.5 1.5 -17.85 -.5 1.15
4 71 -16 -.5 1.9 -17.85 -.5 1.15 -17.65 -.5 1 -15.2 -.5 1.25
4 71 -15.2 -.5 1.25 -17.65 -.5 1 -17.65 -.5 .8 -14.95 -.5 .95
4 71 -14.8 -.5 .6 -14.95 -.5 .95 -17.65 -.5 .8 -18.85 -.5 -1.1
4 71 -19.8 -.5 3.7 -20.95 -.5 3.85 -20.85 -.5 3.6 -19.9 -.5 3.5
4 71 -20.05 -.5 3.4 -19.9 -.5 3.5 -20.85 -.5 3.6 -20.8 -.5 3.3
4 71 -20.05 -.5 3.15 -20.05 -.5 3.4 -20.8 -.5 3.3 -20.65 -.5 3
4 71 -19.85 -.5 2.95 -20.05 -.5 3.15 -20.65 -.5 3 -20.45 -.5 2.7
4 71 -19.8 -.5 2.65 -19.85 -.5 2.95 -20.45 -.5 2.7 -20.4 -.5 2.45
4 71 -19.85 -.5 2.3 -19.8 -.5 2.65 -20.4 -.5 2.45 -20.45 -.5 2.15
4 71 -19.65 -.5 2.1 -19.85 -.5 2.3 -20.45 -.5 2.15 -19.6 -.5 1.9
4 71 -19.6 -.5 1.9 -20.45 -.5 2.15 -20.6 -.5 2.05 -19.95 -.5 1.15
4 71 -19.6 -.5 1.9 -19.95 -.5 1.15 -19.65 -.5 1.15 -19.35 -.5 1.85
4 71 -19.35 -.5 1.85 -19.65 -.5 1.15 -18.5 -.5 1.6 -18.6 -.5 1.85
4 71 -19.35 -.5 1.85 -18.6 -.5 1.85 -18.9 -.5 2 -19.2 -.5 2
4 71 -18.5 -.5 1.6 -19.65 -.5 1.15 -19.55 -.5 .95 -18.45 -.5 1.25
4 71 -18.45 -.5 1.25 -19.55 -.5 .95 -19.4 -.5 .8 -18.35 -.5 .95
4 71 -18.35 -.5 .95 -19.4 -.5 .8 -19.35 -.5 .45 -18.05 -.5 .8
4 71 -18.05 -.5 .8 -19.35 -.5 .45 -19.3 -.5 .15 -19.15 -.5 0
4 71 -17.65 -.5 .8 -18.05 -.5 .8 -19.15 -.5 0 -19.2 -.5 -.2
4 71 -17.65 -.5 .8 -19.2 -.5 -.2 -19.05 -.5 -1 -18.85 -.5 -1.1
4 71 -14.65 -.5 .05 -14.8 -.5 .6 -18.85 -.5 -1.1 -18.75 -.5 -1.25
4 71 -14.4 -.5 -.45 -14.65 -.5 .05 -18.75 -.5 -1.25 -18.75 -.5 -1.5
4 71 -19.6 -.5 -.8 -19.7 -.5 -.95 -19.45 -.5 -1.3 -19.3 -.5 -1.1
4 71 -19.55 -.5 -.45 -19.6 -.5 -.8 -19.3 -.5 -1.1 -19.05 -.5 -1
4 71 -19.45 -.5 -.3 -19.55 -.5 -.45 -19.05 -.5 -1 -19.2 -.5 -.2
4 71 -19.45 -.5 -1.3 -19.7 -.5 -.95 -19.9 -.5 -1 -19.4 -.5 -1.55
4 71 -16.65 -.5 6.25 -17 -.5 6.35 -17 -.5 6.1 -16.9 -.5 5.6
4 71 -15.95 -.5 5.9 -16.65 -.5 6.25 -16.9 -.5 5.6 -16.5 -.5 4.75
4 71 -15.25 -.5 5.45 -15.95 -.5 5.9 -16.5 -.5 4.75 -15.7 -.5 3.55
4 71 -14.1 -.5 4.55 -15.25 -.5 5.45 -15.7 -.5 3.55 -15.1 -.5 2.8
4 71 -13.6 -.5 4.1 -14.1 -.5 4.55 -15.1 -.5 2.8 -14.45 -.5 2.35
4 71 -13.6 -.5 4.1 -11.9 -.5 2.5 -11.75 -.5 2.6 -13.5 -.5 4.2
4 71 -15.55 -.5 7.5 -15.75 -.5 7.5 -15.7 -.5 7.3 -15.5 -.5 7.1
4 71 -14.55 -.5 7 -15.55 -.5 7.5 -15.5 -.5 7.1 -15.05 -.5 6.65
4 71 -14.55 -.5 7 -15.05 -.5 6.65 -14.45 -.5 5.75 -12.75 -.5 5.7
4 71 -12.75 -.5 5.7 -14.45 -.5 5.75 -13.7 -.5 4.6 -11.5 -.5 4.7
4 71 -11.5 -.5 4.7 -13.7 -.5 4.6 -13.5 -.5 4.2 -11.75 -.5 2.6
4 71 -10.45 -.5 3.9 -11.5 -.5 4.7 -11.75 -.5 2.6 -11.25 -.5 2.1
4 71 -9.45 -.5 3.45 -10.45 -.5 3.9 -11.25 -.5 2.1 -10 -.5 .85
4 71 -13.6 -.5 4.1 -14.45 -.5 2.35 -13.85 -.5 1.9 -11.9 -.5 2.5
4 71 -11.9 -.5 2.5 -13.85 -.5 1.9 -13.45 -.5 1.55 -11.65 -.5 1.95
4 71 -11.65 -.5 1.95 -13.45 -.5 1.55 -13.3 -.5 1.15 -11.25 -.5 1.2
4 71 -11.25 -.5 1.2 -13.3 -.5 1.15 -13.25 -.5 .55 -13.1 -.5 -.05
4 71 -10.3 -.5 -.35 -11.25 -.5 1.2 -13.1 -.5 -.05 -12.35 -.5 -1.75
4 71 -9.9 -.5 -.85 -10.3 -.5 -.35 -12.35 -.5 -1.75 -11.7 -.5 -3.4
4 71 -9.45 -.5 -1.2 -9.9 -.5 -.85 -11.7 -.5 -3.4 -11.4 -.5 -4.3
3 71 -9.45 -.5 -1.2 -11.4 -.5 -4.3 -8.1 -.5 -1.95
4 71 -7.9 -.5 2.7 -9.45 -.5 3.45 -10 -.5 .85 -6.15 -.5 1.65
4 71 -6.15 -.5 1.65 -10 -.5 .85 -8.4 -.5 -.65 -4.6 -.5 .65
4 71 -4.6 -.5 .65 -8.4 -.5 -.65 -6.85 -.5 -1.95 -3.9 -.5 .35
4 71 -3.9 -.5 .35 -6.85 -.5 -1.95 -6.15 -.5 -2.5 -2.95 -.5 .1
4 71 -6.45 -.5 -2.7 -8.1 -.5 -1.95 -11.4 -.5 -4.3 -3.25 -.5 -9.25
4 72 -38.5 -.5 3.1 -38.65 -.5 3.1 -38.65 -.5 2.9 -38.2 -.5 2.8
4 72 -38.2 -.5 2.8 -38.65 -.5 2.9 -38.1 -.5 2.05 -37.2 -.5 1.75
4 72 -37.2 -.5 1.75 -38.1 -.5 2.05 -37.2 -.5 .65 -35.8 -.5 .2
4 72 -35.8 -.5 .2 -37.2 -.5 .65 -36.65 -.5 -.3 -34.9 -.5 -.95
4 72 -34.9 -.5 -.95 -36.65 -.5 -.3 -36.6 -.5 -.6 -36.5 -.5 -.8
4 72 -34.9 -.5 -.95 -36.5 -.5 -.8 -36.35 -.5 -1.05 -34.1 -.5 -2.05
4 72 -34.1 -.5 -2.05 -36.35 -.5 -1.05 -36.35 -.5 -1.5 -36.3 -.5 -1.85
4 72 -34.1 -.5 -2.05 -36.3 -.5 -1.85 -36 -.5 -2.2 -35.4 -.5 -2.75
4 72 -33.2 -.5 -3.3 -34.1 -.5 -2.05 -35.4 -.5 -2.75 -34.5 -.5 -3.9
4 72 -32.45 -.5 -4.3 -33.2 -.5 -3.3 -34.5 -.5 -3.9 -33.95 -.5 -4.75
4 72 -32.05 -.5 -4.95 -32.45 -.5 -4.3 -33.95 -.5 -4.75 -33.7 -.5 -5.2
4 72 -31.65 -.5 -5.2 -32.05 -.5 -4.95 -33.7 -.5 -5.2 -33.65 -.5 -5.55
4 72 -31.65 -.5 -5.2 -33.65 -.5 -5.55 -33.55 -.5 -5.75 -33.3 -.5 -5.9
4 72 -31.65 -.5 -5.2 -33.3 -.5 -5.9 -32.75 -.5 -5.95 -31.05 -.5 -5.65
4 72 -31.05 -.5 -5.65 -32.75 -.5 -5.95 -32.15 -.5 -6.05 -30.4 -.5 -6.15
3 72 -32.15 -.5 -6.05 -31.65 -.5 -6.3 -30.4 -.5 -6.15
4 72 -30.4 -.5 -6.15 -31.65 -.5 -6.3 -30.85 -.5 -6.8 -29.65 -.5 -6.75
4 72 -29.65 -.5 -6.75 -30.85 -.5 -6.8 -29.8 -.5 -7.3 -29.05 -.5 -7.25
4 72 -29.05 -.5 -7.25 -29.8 -.5 -7.3 -29.1 -.5 -7.55 -28.75 -.5 -7.5
3 72 -28.75 -.5 -7.5 -29.1 -.5 -7.55 -28.85 -.5 -7.65
4 72 -27.85 -.5 -8.05 -28 -.5 -8.3 -27.9 -.5 -8.4 -27.7 -.5 -8.45
4 72 -27.6 -.5 -7.95 -27.85 -.5 -8.05 -27.7 -.5 -8.45 -27.35 -.5 -7.95
4 72 -27.35 -.5 -7.95 -27.7 -.5 -8.45 -27.3 -.5 -8.4 -27 -.5 -8.05
4 72 -26.75 -.5 -8.25 -27 -.5 -8.05 -27.3 -.5 -8.4 -27.05 -.5 -8.6
4 72 -26.75 -.5 -8.55 -26.75 -.5 -8.25 -27.05 -.5 -8.6 -26.95 -.5 -8.75
3 72 -26.75 -.5 -8.55 -26.95 -.5 -8.75 -26.8 -.5 -8.75
4 72 -37.3 -.5 -3.45 -37.45 -.5 -3.6 -37.45 -.5 -3.95 -37 -.5 -3.4
4 72 -36.55 -.5 -3.45 -37 -.5 -3.4 -37.45 -.5 -3.95 -37.2 -.5 -4.15
4 72 -36.3 -.5 -3.6 -36.55 -.5 -3.45 -37.2 -.5 -4.15 -36.1 -.5 -3.85
4 72 -36.1 -.5 -3.85 -37.2 -.5 -4.15 -36.65 -.5 -4.3 -35.9 -.5 -4.3
4 72 -35.9 -.5 -4.3 -36.65 -.5 -4.3 -36.35 -.5 -4.5 -35.6 -.5 -4.55
4 72 -35.6 -.5 -4.55 -36.35 -.5 -4.5 -36.2 -.5 -4.85 -35.9 -.5 -5.15
4 72 -35.35 -.5 -4.85 -35.6 -.5 -4.55 -35.9 -.5 -5.15 -35.55 -.5 -5.25
4 72 -35.3 -.5 -5.05 -35.35 -.5 -4.85 -35.55 -.5 -5.25 -35.35 -.5 -5.2
4 72 -37.85 -.5 -6.2 -37.95 -.5 -6.4 -37.85 -.5 -6.65 -37.6 -.5 -6.2
4 72 -37.6 -.5 -6.2 -37.85 -.5 -6.65 -37.6 -.5 -6.85 -37.35 -.5 -6.25
4 72 -37.35 -.5 -6.25 -37.6 -.5 -6.85 -37.35 -.5 -6.9 -37.1 -.5 -6.75
4 72 -37.15 -.5 -6.15 -37.35 -.5 -6.25 -37.1 -.5 -6.75 -36.9 -.5 -6.45
4 72 -37 -.5 -6.15 -37.15 -.5 -6.15 -36.9 -.5 -6.45 -36.9 -.5 -6.25
4 72 -40.85 -.5 -2.4 -41.1 -.5 -2.4 -41.25 -.5 -2.45 -41.35 -.5 -2.65
4 72 -40.7 -.5 -2.55 -40.85 -.5 -2.4 -41.35 -.5 -2.65 -41.35 -.5 -2.85
4 72 -40.7 -.5 -2.55 -41.35 -.5 -2.85 -41.25 -.5 -3 -40.95 -.5 -3.05
4 72 -40.7 -.5 -2.55 -40.95 -.5 -3.05 -40.6 -.5 -2.9 -40.55 -.5 -2.6
3 72 -40.55 -.5 -2.6 -40.6 -.5 -2.9 -40.5 -.5 -2.75
4 71 -21.5 -.5 3.55 -21.65 -.5 3.7 -24.5 -.5 3.3 -21.5 -.5 3.25
4 71 -21.5 -.5 3.25 -24.5 -.5 3.3 -24.65 -.5 3.1 -21.45 -.5 3
4 71 -24.65 -.5 3.1 -29.45 -.5 .2 -29.4 -.5 -.15 -21.45 -.5 3
4 71 -21.2 -.5 2.8 -21.45 -.5 3 -29.4 -.5 -.15 -20.8 -.5 2.4
4 71 -20.75 -.5 2.15 -20.8 -.5 2.4 -29.4 -.5 -.15 -29.5 -.5 -.4
4 71 -20.6 -.5 2.05 -20.75 -.5 2.15 -29.5 -.5 -.4 -20.1 -.5 .95
3 71 -20.6 -.5 2.05 -20.1 -.5 .95 -19.95 -.5 1.15
3 71 -20.1 -.5 .95 -29.5 -.5 -.4 -20.15 -.5 .75
4 71 -20.1 -.5 .5 -20.15 -.5 .75 -29.5 -.5 -.4 -20.1 -.5 .15
4 71 -30.05 -.5 -.1 -30.45 -.5 -.45 -30.2 -.5 -.6 -29.85 -.5 -.4
4 71 -29.85 -.5 -.4 -30.2 -.5 -.6 -30.15 -.5 -.75 -29.65 -.5 -.45
4 71 -30.4 -.5 -1.15 -30.65 -.5 -1.25 -30.7 -.5 -1.45 -30.55 -.5 -1.65
4 71 -30.2 -.5 -1 -30.4 -.5 -1.15 -30.55 -.5 -1.65 -30.5 -.5 -1.9
4 71 -29.65 -.5 -.45 -30.15 -.5 -.75 -30.2 -.5 -1 -29.65 -.5 -6.75
4 71 -29.5 -.5 -.4 -29.65 -.5 -.45 -29.65 -.5 -6.75 -20.2 -.5 -.1
3 71 -30.2 -.5 -1 -30.5 -.5 -1.9 -29.65 -.5 -6.75
4 71 -29.65 -.5 -6.75 -30.5 -.5 -1.9 -30.6 -.5 -2.1 -30.4 -.5 -6.15
4 71 -31.05 -.5 -5.65 -30.4 -.5 -6.15 -30.6 -.5 -2.1 -30.9 -.5 -2.2
4 71 -31.65 -.5 -5.2 -31.05 -.5 -5.65 -30.9 -.5 -2.2 -31.4 -.5 -2.3
3 71 -31.2 -.5 -2.15 -31.4 -.5 -2.3 -30.9 -.5 -2.2
4 71 -32.05 -.5 -4.95 -31.65 -.5 -5.2 -31.4 -.5 -2.3 -31.65 -.5 -2.25
4 71 -32.45 -.5 -4.3 -32.05 -.5 -4.95 -31.65 -.5 -2.25 -31.95 -.5 -2.05
4 71 -33.2 -.5 -3.3 -32.45 -.5 -4.3 -31.95 -.5 -2.05 -32.05 -.5 -1.8
4 71 -34.1 -.5 -2.05 -33.2 -.5 -3.3 -32.05 -.5 -1.8 -32.4 -.5 -1.1
4 71 -32.1 -.5 -1.1 -32.4 -.5 -1.1 -32.05 -.5 -1.8 -31.95 -.5 -1.6
4 71 -32 -.5 -.95 -32.1 -.5 -1.1 -31.95 -.5 -1.6 -31.65 -.5 -1.55
4 71 -31.5 -.5 -1.05 -32 -.5 -.95 -31.65 -.5 -1.55 -31.35 -.5 -1.2
4 71 -31.25 -.5 -1.4 -31.35 -.5 -1.2 -31.65 -.5 -1.55 -31.35 -.5 -1.6
4 71 -32 -.5 -.95 -31.5 -.5 -1.05 -31.5 -.5 -.85 -32 -.5 -.65
4 71 -32 -.5 -.65 -31.5 -.5 -.85 -31.35 -.5 -.65 -32.15 -.5 -.4
4 71 -32.15 -.5 -.4 -31.35 -.5 -.65 -31.05 -.5 -.45 -32.45 -.5 6.5
4 71 -30.45 -.5 -.45 -30.05 -.5 -.1 -30.05 -.5 .15 -30.75 -.5 -.4
4 71 -29.65 -.5 .4 -29.45 -.5 .2 -24.65 -.5 3.1 -25.55 -.5 3.8
4 71 -29.65 -.5 .4 -25.55 -.5 3.8 -26.75 -.5 4.5 -27.95 -.5 5.1
4 71 -29.95 -.5 .35 -29.65 -.5 .4 -27.95 -.5 5.1 -29 -.5 6.15
4 71 -29.95 -.5 .35 -29 -.5 6.15 -29.55 -.5 6.7 -30.25 -.5 7
4 71 -29.95 -.5 .35 -30.25 -.5 7 -31.05 -.5 7 -31.75 -.5 6.8
4 71 -29.95 -.5 .35 -31.75 -.5 6.8 -32.45 -.5 6.5 -30.05 -.5 .15
4 71 -30.75 -.5 -.4 -30.05 -.5 .15 -32.45 -.5 6.5 -31.05 -.5 -.45
4 71 -32.4 -.5 -.25 -32.15 -.5 -.4 -32.45 -.5 6.5 -33.4 -.5 6.45
4 71 -32.6 -.5 -.25 -32.4 -.5 -.25 -33.4 -.5 6.45 -34 -.5 1.2
4 71 -32.6 -.5 -.25 -34 -.5 1.2 -33.8 -.5 .5 -32.75 -.5 -.4
4 71 -32.75 -.5 -.4 -33.8 -.5 .5 -33.85 -.5 .1 -32.7 -.5 -.7
4 71 -32.7 -.5 -.7 -33.85 -.5 .1 -34.9 -.5 -.95 -34.1 -.5 -2.05
4 71 -32.45 -.5 -.95 -32.7 -.5 -.7 -34.1 -.5 -2.05 -32.4 -.5 -1.1
4 71 -38 -.5 4.1 -38.5 -.5 3.1 -38.2 -.5 2.8 -37.2 -.5 3.4
4 71 -37.2 -.5 3.4 -38.2 -.5 2.8 -37.2 -.5 1.75 -36.4 -.5 2.5
4 71 -35.55 -.5 1.75 -36.4 -.5 2.5 -37.2 -.5 1.75 -35.8 -.5 .2
4 71 -34.9 -.5 1.25 -35.55 -.5 1.75 -35.8 -.5 .2 -34.3 -.5 .65
4 71 -34.3 -.5 .65 -35.8 -.5 .2 -34.9 -.5 -.95 -33.85 -.5 .1
4 71 -38.3 -.5 4.6 -38.65 -.5 3.1 -38.5 -.5 3.1 -38 -.5 4.1
4 71 -38.65 -.5 3.1 -38.3 -.5 4.6 -38.8 -.5 5.05 -39.95 -.5 5.6
4 71 -37.15 -.5 7.3 -38.5 -.5 7.25 -37.65 -.5 6.45 -35.8 -.5 6.95
4 71 -35.8 -.5 6.95 -37.65 -.5 6.45 -36.8 -.5 5.55 -35.05 -.5 6.6
4 71 -35.05 -.5 6.6 -36.8 -.5 5.55 -36.2 -.5 4.8 -34.2 -.5 6.4
4 71 -34.2 -.5 6.4 -36.2 -.5 4.8 -35.7 -.5 3.95 -33.4 -.5 6.45
4 71 -33.4 -.5 6.45 -35.7 -.5 3.95 -35.2 -.5 3.35 -34.65 -.5 2.75
3 71 -33.4 -.5 6.45 -34.65 -.5 2.75 -34.35 -.5 2.2
3 71 -33.4 -.5 6.45 -34.35 -.5 2.2 -34 -.5 1.2
3 71 -20.1 -.5 .15 -29.5 -.5 -.4 -20.2 -.5 -.1
4 71 -20.2 -.5 -.1 -29.65 -.5 -6.75 -29.05 -.5 -7.25 -20.25 -.5 -.45
4 71 -20.2 -.5 -.8 -20.25 -.5 -.45 -29.05 -.5 -7.25 -28.75 -.5 -7.5
4 71 -20.05 -.5 -.95 -20.2 -.5 -.8 -28.75 -.5 -7.5 -27.6 -.5 -7.95
4 71 -20.05 -.5 -.95 -27.6 -.5 -7.95 -27.35 -.5 -7.95 -19.9 -.5 -1
4 71 -19.9 -.5 -1 -27.35 -.5 -7.95 -27 -.5 -8.05 -19.4 -.5 -1.55
4 71 -19.4 -.5 -1.55 -27 -.5 -8.05 -26.75 -.5 -8.25 -19.2 -.5 -1.7
4 71 -28.75 -.5 -7.5 -28.85 -.5 -7.65 -27.85 -.5 -8.05 -27.6 -.5 -7.95
4 71 -28 -.5 -8.3 -27.85 -.5 -8.05 -28.85 -.5 -7.65 -31.45 -.5 -11.6
4 71 -27.9 -.5 -8.4 -28 -.5 -8.3 -31.45 -.5 -11.6 -27.7 -.5 -11.35
3 71 -27.9 -.5 -8.4 -27.7 -.5 -11.35 -27.7 -.5 -8.45
4 71 -27.3 -.5 -8.4 -27.7 -.5 -8.45 -27.7 -.5 -11.35 -27.05 -.5 -8.6
3 71 -27.05 -.5 -8.6 -27.7 -.5 -11.35 -26.95 -.5 -8.75
4 71 -26.8 -.5 -8.75 -26.95 -.5 -8.75 -27.7 -.5 -11.35 -24.3 -.5 -11.15
4 71 -26.8 -.5 -8.75 -24.3 -.5 -11.15 -23.5 -.5 -9.35 -23.55 -.5 -9.2
4 71 -26.75 -.5 -8.55 -26.8 -.5 -8.75 -23.55 -.5 -9.2 -23.45 -.5 -9.05
4 71 -26.75 -.5 -8.25 -26.75 -.5 -8.55 -23.45 -.5 -9.05 -23.15 -.5 -9
4 71 -23.25 -.5 -9.6 -23.5 -.5 -9.35 -24.3 -.5 -11.15 -22.45 -.5 -11.1
3 71 -23.25 -.5 -9.6 -22.45 -.5 -11.1 -22.5 -.5 -10.05
4 71 -21.75 -.5 -10.45 -22.5 -.5 -10.05 -22.45 -.5 -11.1 -21.4 -.5 -11.05
4 71 -21.2 -.5 -10.7 -21.75 -.5 -10.45 -21.4 -.5 -11.05 -21.15 -.5 -10.95
3 71 -21.2 -.5 -10.7 -21.15 -.5 -10.95 -21.1 -.5 -10.8
4 71 -19.2 -.5 -1.7 -26.75 -.5 -8.25 -23.15 -.5 -9 -18.9 -.5 -1.65
4 71 -18.9 -.5 -1.65 -23.15 -.5 -9 -22.35 -.5 -9.1 -21.5 -.5 -9.2
4 71 -18.9 -.5 -1.65 -21.5 -.5 -9.2 -19.7 -.5 -9.35 -16.55 -.5 -9.45
4 71 -18.75 -.5 -1.5 -18.9 -.5 -1.65 -16.55 -.5 -9.45 -14.4 -.5 -.45
3 71 -14.4 -.5 -.45 -16.55 -.5 -9.45 -13.45 -.5 -1.85
3 71 -13.45 -.5 -1.85 -16.55 -.5 -9.45 -12.35 -.5 -3.4
4 71 -11.65 -.5 -4.35 -12.35 -.5 -3.4 -16.55 -.5 -9.45 -11.15 -.5 -9.55
4 71 -11.65 -.5 -4.35 -11.15 -.5 -9.55 -8.25 -.5 -9.4 -11.4 -.5 -4.3
3 71 -11.4 -.5 -4.3 -8.25 -.5 -9.4 -3.25 -.5 -9.25
4 71 -6.2 -.5 -2.65 -6.45 -.5 -2.7 -3.25 -.5 -9.25 -.1 -.5 -9.15
4 71 -6.15 -.5 -2.5 -6.2 -.5 -2.65 -.1 -.5 -9.15 -2.95 -.5 .1
3 71 -2.95 -.5 .1 -.1 -.5 -9.15 -2.15 -.5 .05
4 71 -.95 -.5 .15 -2.15 -.5 .05 -.1 -.5 -9.15 .65 -.5 .25
4 71 2.2 -.5 .1 .65 -.5 .25 -.1 -.5 -9.15 3.8 -.5 -.25
4 71 6 -.5 -4.5 3.8 -.5 -.25 -.1 -.5 -9.15 6 -.5 -4.7
4 71 6 -.5 -4.7 -.1 -.5 -9.15 2.35 -.5 -9.2 6.2 -.5 -5.2
4 71 6.2 -.5 -5.2 2.35 -.5 -9.2 5.05 -.5 -9.2 6.55 -.5 -5.75
4 71 6.75 -.5 -5.9 6.55 -.5 -5.75 5.05 -.5 -9.2 9.05 -.5 -9.15
4 71 7 -.5 -5.8 6.75 -.5 -5.9 9.05 -.5 -9.15 9.1 -.5 -6.7
4 71 7 -.5 -5.8 9.1 -.5 -6.7 8.95 -.5 -6.4 8.45 -.5 -6
3 71 8.45 -.5 -6 8.95 -.5 -6.4 8.85 -.5 -6.15
4 71 7 -.5 -5.8 8.45 -.5 -6 8 -.5 -5.75 7.05 -.5 -5.5
4 71 7.05 -.5 -5.5 8 -.5 -5.75 7.75 -.5 -5.55 6.95 -.5 -5.25
4 71 6.95 -.5 -5.25 7.75 -.5 -5.55 7.7 -.5 -5.25 6.7 -.5 -5.1
4 71 6.7 -.5 -5.1 7.7 -.5 -5.25 7.7 -.5 -4.75 6.4 -.5 -4.65
4 71 7.9 -.5 -2.95 6.4 -.5 -4.65 7.7 -.5 -4.75 7.85 -.5 -4.7
4 71 6.25 -.5 -4.45 6.4 -.5 -4.65 7.9 -.5 -2.95 7.05 -.5 -2.5
4 71 6 -.5 -4.5 6.25 -.5 -4.45 7.05 -.5 -2.5 6.2 -.5 -1.85
4 71 6 -.5 -4.5 6.2 -.5 -1.85 5.05 -.5 -.9 3.8 -.5 -.25
4 71 9.1 -.5 -3.2 7.9 -.5 -2.95 7.85 -.5 -4.7 8.1 -.5 -5
4 71 9.1 -.5 -3.2 8.1 -.5 -5 8.5 -.5 -5.35 9.05 -.5 -5.65
4 71 9.1 -.5 -3.2 9.05 -.5 -5.65 9.25 -.5 -5.7 10.05 -.5 -3.2
4 71 10.05 -.5 -3.2 9.25 -.5 -5.7 9.4 -.5 -5.85 11.05 -.5 -3.4
4 71 11.05 -.5 -3.4 9.4 -.5 -5.85 9.5 -.5 -6.05 9.7 -.5 -6.35
4 71 11.05 -.5 -3.4 9.7 -.5 -6.35 10 -.5 -6.6 12.5 -.5 -3.9
4 71 14.15 -.5 -4.8 12.5 -.5 -3.9 10 -.5 -6.6 12.55 -.5 -9.05
4 71 12.55 -.5 -9.05 10 -.5 -6.6 9.75 -.5 -6.75 9.05 -.5 -9.15
3 71 9.75 -.5 -6.75 9.35 -.5 -6.8 9.05 -.5 -9.15
3 71 9.1 -.5 -6.7 9.05 -.5 -9.15 9.35 -.5 -6.8
4 71 15 -.5 -5.3 14.15 -.5 -4.8 12.55 -.5 -9.05 15.05 -.5 -9
4 71 16 -.5 -5.85 15 -.5 -5.3 15.05 -.5 -9 16.65 -.5 -8.95
4 71 17.25 -.5 -6.45 16 -.5 -5.85 16.65 -.5 -8.95 17.3 -.5 -8.8
4 71 18.5 -.5 -7.25 17.25 -.5 -6.45 17.3 -.5 -8.8 18.45 -.5 -8.65
3 71 17.25 -.5 -6.45 18.5 -.5 -7.25 18.75 -.5 -7.1
4 72 -44.2 -.5 -2.8 -44.35 -.5 -2.75 -44.5 -.5 -2.85 -44.1 -.5 -2.95
4 72 -44.1 -.5 -2.95 -44.5 -.5 -2.85 -44.55 -.5 -3.05 -44.55 -.5 -3.35
4 72 -44.1 -.5 -2.95 -44.55 -.5 -3.35 -44.45 -.5 -3.6 -44.3 -.5 -3.7
4 72 -44.1 -.5 -2.95 -44.3 -.5 -3.7 -43.6 -.5 -3.5 -43.5 -.5 -3.3
4 72 -43.95 -.5 -2.95 -44.1 -.5 -2.95 -43.5 -.5 -3.3 -43.45 -.5 -3.05
4 72 -43.85 -.5 -2.8 -43.95 -.5 -2.95 -43.45 -.5 -3.05 -43.5 -.5 -2.8
4 72 -43.8 -.5 -2.7 -43.85 -.5 -2.8 -43.5 -.5 -2.8 -43.6 -.5 -2.7
4 72 -43.5 -.5 -3.7 -43.6 -.5 -3.5 -44.3 -.5 -3.7 -44.25 -.5 -4.05
4 72 -43.35 -.5 -3.75 -43.5 -.5 -3.7 -44.25 -.5 -4.05 -44.15 -.5 -4.2
4 72 -43.35 -.5 -3.75 -44.15 -.5 -4.2 -43.95 -.5 -4.3 -43.2 -.5 -3.9
4 72 -43.1 -.5 -4.1 -43.2 -.5 -3.9 -43.95 -.5 -4.3 -43.6 -.5 -4.5
4 72 -42.95 -.5 -4.15 -43.1 -.5 -4.1 -43.6 -.5 -4.5 -43.3 -.5 -4.7
4 72 -42.55 -.5 -4.65 -42.95 -.5 -4.15 -43.3 -.5 -4.7 -42.7 -.5 -4.8
4 72 -42.9 -.5 -4.85 -42.7 -.5 -4.8 -43.3 -.5 -4.7 -43.15 -.5 -4.85
4 72 -42.8 -.5 -4.1 -42.95 -.5 -4.15 -42.55 -.5 -4.65 -42.45 -.5 -4.4
4 72 -42.75 -.5 -3.95 -42.8 -.5 -4.1 -42.45 -.5 -4.4 -42.25 -.5 -4.3
4 72 -42.1 -.5 -3.55 -42.75 -.5 -3.95 -42.25 -.5 -4.3 -41.75 -.5 -3.5
4 72 -41.75 -.5 -3.5 -42.25 -.5 -4.3 -41.95 -.5 -4.25 -41.5 -.5 -3.6
4 72 -41.35 -.5 -3.7 -41.5 -.5 -3.6 -41.95 -.5 -4.25 -41.6 -.5 -4.35
4 72 -41.35 -.5 -3.7 -41.6 -.5 -4.35 -41.15 -.5 -4.4 -41.15 -.5 -3.7
4 72 -41.15 -.5 -3.7 -41.15 -.5 -4.4 -40.85 -.5 -4.35 -40.65 -.5 -4.15
4 72 -40.95 -.5 -3.6 -41.15 -.5 -3.7 -40.65 -.5 -4.15 -40.5 -.5 -3.9
4 72 -40.75 -.5 -3.55 -40.95 -.5 -3.6 -40.5 -.5 -3.9 -40.45 -.5 -3.7
3 72 -40.75 -.5 -3.55 -40.45 -.5 -3.7 -40.55 -.5 -3.6
4 72 -42.75 -.5 -3.95 -42.1 -.5 -3.55 -42.15 -.5 -3.35 -42.8 -.5 -3.55
4 72 -42.8 -.5 -3.55 -42.15 -.5 -3.35 -42.1 -.5 -3.15 -42.9 -.5 -3.25
4 72 -42.9 -.5 -3 -42.9 -.5 -3.25 -42.1 -.5 -3.15 -42.35 -.5 -2.7
4 72 -42.05 -.5 -2.7 -42.35 -.5 -2.7 -42.1 -.5 -3.15 -41.9 -.5 -3.1
4 72 -41.85 -.5 -2.75 -42.05 -.5 -2.7 -41.9 -.5 -3.1 -41.8 -.5 -2.95
4 72 -42.9 -.5 -3 -42.35 -.5 -2.7 -42.45 -.5 -2.55 -43.05 -.5 -2.8
4 72 -43.05 -.5 -2.8 -42.45 -.5 -2.55 -42.65 -.5 -2.3 -43.15 -.5 -2.5
4 72 -43.15 -.5 -2.3 -43.15 -.5 -2.5 -42.65 -.5 -2.3 -42.85 -.5 -2.2
3 72 -42.85 -.5 -2.2 -43.1 -.5 -2.2 -43.15 -.5 -2.3
4 71 -46.55 -.5 3.75 -47.05 -.5 3.8 -46.5 -.5 2.75 -46.3 -.5 2.95
4 71 -46.3 -.5 3.85 -46.55 -.5 3.75 -46.3 -.5 2.95 -46.1 -.5 2.95
4 71 -46.3 -.5 3.85 -46.1 -.5 2.95 -45.8 -.5 2.85 -45 -.5 2.9
4 71 -45.05 -.5 2.7 -45 -.5 2.9 -45.8 -.5 2.85 -45.55 -.5 2.55
4 71 -45 -.5 2.5 -45.05 -.5 2.7 -45.55 -.5 2.55 -45.5 -.5 2.25
4 71 -45 -.5 2.5 -45.5 -.5 2.25 -45.35 -.5 2 -44.8 -.5 2.35
4 71 -44.8 -.5 2.35 -45.35 -.5 2 -45.05 -.5 1.9 -44.75 -.5 2.1
3 71 -44.75 -.5 2.1 -45.05 -.5 1.9 -44.8 -.5 1.9
4 71 -46.25 -.5 4.05 -46.3 -.5 3.85 -45 -.5 2.9 -44.75 -.5 2.95
4 71 -43.85 -.5 3.7 -46.25 -.5 4.05 -44.75 -.5 2.95 -44.4 -.5 2.9
4 71 -43.7 -.5 3.45 -43.85 -.5 3.7 -44.4 -.5 2.9 -44.05 -.5 2.7
4 71 -43.45 -.5 3.3 -43.7 -.5 3.45 -44.05 -.5 2.7 -43.7 -.5 2.4
4 71 -43.25 -.5 3.4 -43.45 -.5 3.3 -43.7 -.5 2.4 -43.65 -.5 2.2
4 71 -43.25 -.5 3.4 -43.65 -.5 2.2 -41.55 -.5 .65 -41.3 -.5 .7
4 71 -43.2 -.5 3.55 -43.25 -.5 3.4 -41.3 -.5 .7 -38.65 -.5 2.9
4 71 -43.2 -.5 3.55 -38.65 -.5 2.9 -38.65 -.5 3.1 -43.25 -.5 3.8
4 71 -43.25 -.5 3.8 -38.65 -.5 3.1 -39.95 -.5 5.6 -43.45 -.5 4.05
4 71 -43.45 -.5 4.05 -39.95 -.5 5.6 -41.25 -.5 6.4 -43.7 -.5 4.1
4 71 -43.7 -.5 4.1 -41.25 -.5 6.4 -42.5 -.5 7.3 -46.7 -.5 4.65
4 71 -43.85 -.5 3.95 -43.7 -.5 4.1 -46.7 -.5 4.65 -46.4 -.5 4.2
4 71 -43.85 -.5 3.95 -46.4 -.5 4.2 -46.25 -.5 4.05 -43.85 -.5 3.7
3 71 -46.7 -.5 4.65 -46.65 -.5 4.35 -46.4 -.5 4.2
4 71 -46.85 -.5 4.85 -46.7 -.5 4.65 -42.5 -.5 7.3 -44.2 -.5 8.65
4 71 -47.1 -.5 4.9 -46.85 -.5 4.85 -44.2 -.5 8.65 -49.5 -.5 6.9
3 71 -44.2 -.5 8.65 -49.5 -.5 7.05 -49.5 -.5 6.9
3 71 -44.2 -.5 8.65 -49.55 -.5 7.4 -49.5 -.5 7.05
4 71 -49.65 -.5 7.85 -49.55 -.5 7.4 -44.2 -.5 8.65 -49.6 -.5 8.3
4 71 -49.35 -.5 8.95 -49.6 -.5 8.3 -44.2 -.5 8.65 -49.05 -.5 9.5
4 71 -48.8 -.5 9.7 -49.05 -.5 9.5 -44.2 -.5 8.65 -48.25 -.5 9.8
3 71 -47.4 -.5 9.9 -48.25 -.5 9.8 -44.2 -.5 8.65
4 71 -46.95 -.5 10 -47.4 -.5 9.9 -44.2 -.5 8.65 -45.45 -.5 9.85
3 71 -46.55 -.5 10.15 -46.95 -.5 10 -45.45 -.5 9.85
3 71 -46.3 -.5 10.5 -46.55 -.5 10.15 -45.45 -.5 9.85
4 71 -47.35 -.5 4.75 -47.1 -.5 4.9 -49.5 -.5 6.9 -49.7 -.5 6.85
3 71 -49.7 -.5 6.85 -47.45 -.5 4.4 -47.35 -.5 4.75
4 71 -47.45 -.5 4 -47.45 -.5 4.4 -49.7 -.5 6.85 -54.5 -.5 0
3 71 -49.85 -.5 6.95 -54.5 -.5 0 -49.7 -.5 6.85
4 71 -54.5 -.5 0 -49.85 -.5 6.95 -50.25 -.5 7.25 -50.75 -.5 7.6
3 71 -51 -.5 7.85 -54.5 -.5 0 -50.75 -.5 7.6
4 71 -54.1 -.5 8.55 -54.5 -.5 8.45 -54.5 -.5 0 -53.1 -.5 8.6
4 71 -52 -.5 8.6 -53.1 -.5 8.6 -54.5 -.5 0 -51.45 -.5 8.5
4 71 -51.1 -.5 8.2 -51.45 -.5 8.5 -54.5 -.5 0 -51 -.5 7.85
4 71 -47.05 -.5 3.8 -47.45 -.5 4 -54.5 -.5 0 -46.5 -.5 2.75
4 71 -46.5 -.5 2.4 -46.5 -.5 2.75 -54.5 -.5 0 -48.1 -.5 -1
4 71 -46.5 -.5 2.4 -48.1 -.5 -1 -47.8 -.5 -.9 -46.15 -.5 2.1
4 71 -45.85 -.5 1.75 -46.15 -.5 2.1 -47.8 -.5 -.9 -45.75 -.5 1.5
4 71 -45.75 -.5 1.5 -47.8 -.5 -.9 -47.65 -.5 -.95 -45.5 -.5 -.65
4 71 -45.5 -.5 1.25 -45.75 -.5 1.5 -45.5 -.5 -.65 -45.3 -.5 -.55
4 71 -45.2 -.5 1.05 -45.5 -.5 1.25 -45.3 -.5 -.55 -44.9 -.5 -.55
4 71 -44.9 -.5 1 -45.2 -.5 1.05 -44.9 -.5 -.55 -44.4 -.5 -.65
4 71 -44.9 -.5 1 -44.4 -.5 -.65 -44 -.5 -.2 -44.7 -.5 1.1
4 71 -44.7 -.5 1.1 -44 -.5 -.2 -43.9 -.5 -.1 -44.5 -.5 1.4
4 71 -44.5 -.5 1.4 -43.9 -.5 -.1 -43.7 -.5 -.05 -43.65 -.5 .05
4 71 -44.4 -.5 1.75 -44.5 -.5 1.4 -43.65 -.5 .05 -44.1 -.5 1.9
4 71 -44.1 -.5 1.9 -43.65 -.5 .05 -43.45 -.5 .1 -43.75 -.5 2
4 71 -43.75 -.5 2 -43.45 -.5 .1 -43.2 -.5 .05 -43.65 -.5 2.2
4 71 -43.65 -.5 2.2 -43.2 -.5 .05 -42.65 -.5 .1 -42.45 -.5 .2
4 71 -42.75 -.5 -.05 -42.65 -.5 .1 -43.2 -.5 .05 -42.9 -.5 -.2
4 71 -42.05 -.5 .05 -42 -.5 -.1 -41.85 -.5 -.05 -41.8 -.5 .15
4 71 -42.2 -.5 .15 -42.05 -.5 .05 -41.8 -.5 .15 -41.7 -.5 .45
4 71 -42.45 -.5 .2 -42.2 -.5 .15 -41.7 -.5 .45 -41.55 -.5 .65
3 71 -43.65 -.5 2.2 -42.45 -.5 .2 -41.55 -.5 .65
4 72 -50.6 -.5 -4.15 -50.85 -.5 -4.25 -50.9 -.5 -4.45 -50.75 -.5 -4.6
4 72 -50.3 -.5 -4.15 -50.6 -.5 -4.15 -50.75 -.5 -4.6 -50.05 -.5 -4.3
4 72 -50.05 -.5 -4.3 -50.75 -.5 -4.6 -50.5 -.5 -4.8 -49.9 -.5 -4.55
4 72 -49.9 -.5 -4.55 -50.5 -.5 -4.8 -50.3 -.5 -4.9 -50.1 -.5 -4.95
3 72 -49.9 -.5 -4.55 -50.1 -.5 -4.95 -49.95 -.5 -4.85
4 72 -51.7 -.5 -6.7 -51.95 -.5 -6.65 -52.15 -.5 -6.8 -52.2 -.5 -7
4 72 -51.7 -.5 -6.7 -52.2 -.5 -7 -52.05 -.5 -7.3 -51.6 -.5 -6.95
4 72 -51.6 -.5 -6.95 -52.05 -.5 -7.3 -51.8 -.5 -7.45 -51.4 -.5 -7.1
4 72 -51.4 -.5 -7.1 -51.8 -.5 -7.45 -51.45 -.5 -7.45 -51.35 -.5 -7.3
4 71 -43.95 -.5 -.4 -44 -.5 -.2 -44.4 -.5 -.65 -44 -.5 -.9
4 71 -43.75 -.5 -.45 -43.95 -.5 -.4 -44 -.5 -.9 -43.6 -.5 -.55
4 71 -43.55 -.5 -.75 -43.6 -.5 -.55 -44 -.5 -.9 -43.8 -.5 -1.15
4 71 -43.35 -.5 -1 -43.55 -.5 -.75 -43.8 -.5 -1.15 -43.8 -.5 -1.4
4 71 -43.35 -.5 -1 -43.8 -.5 -1.4 -43.1 -.5 -2.2 -43.05 -.5 -1.05
4 71 -43.05 -.5 -1.05 -43.1 -.5 -2.2 -42.85 -.5 -2.2 -42.7 -.5 -1.45
3 71 -42.75 -.5 -1.05 -43.05 -.5 -1.05 -42.7 -.5 -1.45
4 71 -42.5 -.5 -1.7 -42.7 -.5 -1.45 -42.85 -.5 -2.2 -42.65 -.5 -2.3
4 71 -42.3 -.5 -1.85 -42.5 -.5 -1.7 -42.65 -.5 -2.3 -42.45 -.5 -2.55
4 71 -41.85 -.5 -2 -42.3 -.5 -1.85 -42.45 -.5 -2.55 -42.05 -.5 -2.7
3 71 -42.45 -.5 -2.55 -42.35 -.5 -2.7 -42.05 -.5 -2.7
4 71 -41.85 -.5 -2 -42.05 -.5 -2.7 -41.85 -.5 -2.75 -41.35 -.5 -2.65
4 71 -41.85 -.5 -2 -41.35 -.5 -2.65 -41.25 -.5 -2.45 -41.3 -.5 -2.05
4 71 -41.3 -.5 -2.05 -41.25 -.5 -2.45 -41.1 -.5 -2.4 -40.85 -.5 -1.95
4 71 -40.85 -.5 -1.95 -41.1 -.5 -2.4 -40.85 -.5 -2.4 -40.6 -.5 -1.8
4 71 -40.6 -.5 -1.8 -40.85 -.5 -2.4 -40.7 -.5 -2.55 -40.55 -.5 -2.6
4 71 -41.8 -.5 -1.25 -41.8 -.5 -1.4 -41.65 -.5 -1.5 -41.65 -.5 -1.05
4 71 -41.4 -.5 -.9 -41.65 -.5 -1.05 -41.65 -.5 -1.5 -41.35 -.5 -1.55
4 71 -41.2 -.5 -.85 -41.4 -.5 -.9 -41.35 -.5 -1.55 -40.85 -.5 -.9
4 71 -40.85 -.5 -.9 -41.35 -.5 -1.55 -41 -.5 -1.55 -40.75 -.5 -1.5
4 71 -40.85 -.5 -.9 -40.75 -.5 -1.5 -40.6 -.5 -1.45 -40.55 -.5 -.95
4 71 -40.55 -.5 -.95 -40.6 -.5 -1.45 -40.45 -.5 -1.5 -40.4 -.5 -.9
4 71 -40.4 -.5 -.9 -40.45 -.5 -1.5 -39.7 -.5 -1.2 -40.3 -.5 -.75
4 71 -40.3 -.5 -.75 -39.7 -.5 -1.2 -39.65 -.5 -.9 -40.3 -.5 -.65
3 71 -40.3 -.5 -.65 -39.65 -.5 -.9 -39.55 -.5 -.8
4 71 -38.65 -.5 2.9 -41.3 -.5 .7 -41 -.5 .65 -38.1 -.5 2.05
4 71 -38.1 -.5 2.05 -41 -.5 .65 -40.85 -.5 .55 -37.2 -.5 .65
4 71 -37.2 -.5 .65 -40.85 -.5 .55 -40.8 -.5 .25 -40.45 -.5 -.55
3 71 -40.8 -.5 .25 -40.8 -.5 -.45 -40.45 -.5 -.55
4 71 -37.2 -.5 .65 -40.45 -.5 -.55 -40.3 -.5 -.65 -39.55 -.5 -.8
3 71 -37.2 -.5 .65 -39.55 -.5 -.8 -39.35 -.5 -.8
4 71 -37.2 -.5 .65 -39.35 -.5 -.8 -39.25 -.5 -.9 -38.95 -.5 -1.1
4 71 -37.2 -.5 .65 -38.95 -.5 -1.1 -38.75 -.5 -1.15 -36.65 -.5 -.3
4 71 -36.6 -.5 -.6 -36.65 -.5 -.3 -38.75 -.5 -1.15 -38.7 -.5 -1.3
4 71 -36.5 -.5 -.8 -36.6 -.5 -.6 -38.7 -.5 -1.3 -38.75 -.5 -1.45
4 71 -36.35 -.5 -1.05 -36.5 -.5 -.8 -38.75 -.5 -1.45 -36.35 -.5 -1.5
4 71 -36.35 -.5 -1.5 -38.75 -.5 -1.45 -38.9 -.5 -1.55 -36.3 -.5 -1.85
4 71 -36.3 -.5 -1.85 -38.9 -.5 -1.55 -37.3 -.5 -3.45 -37 -.5 -3.4
4 71 -36 -.5 -2.2 -36.3 -.5 -1.85 -37 -.5 -3.4 -36.55 -.5 -3.45
4 71 -35.4 -.5 -2.75 -36 -.5 -2.2 -36.55 -.5 -3.45 -36.3 -.5 -3.6
4 71 -34.5 -.5 -3.9 -35.4 -.5 -2.75 -36.3 -.5 -3.6 -36.1 -.5 -3.85
4 71 -34.5 -.5 -3.9 -36.1 -.5 -3.85 -35.9 -.5 -4.3 -35.6 -.5 -4.55
4 71 -33.95 -.5 -4.75 -34.5 -.5 -3.9 -35.6 -.5 -4.55 -35.35 -.5 -4.85
4 71 -33.7 -.5 -5.2 -33.95 -.5 -4.75 -35.35 -.5 -4.85 -35.3 -.5 -5.05
4 72 -51.4 -.5 -7.8 -51.65 -.5 -7.85 -51.7 -.5 -8.1 -51.2 -.5 -7.85
4 72 -50.95 -.5 -8.15 -51.2 -.5 -7.85 -51.7 -.5 -8.1 -51.65 -.5 -8.3
4 72 -50.95 -.5 -8.15 -51.65 -.5 -8.3 -51.4 -.5 -8.5 -51 -.5 -8.55
4 72 -50.65 -.5 -8.2 -50.95 -.5 -8.15 -51 -.5 -8.55 -50.8 -.5 -8.7
4 72 -50.3 -.5 -8.2 -50.65 -.5 -8.2 -50.8 -.5 -8.7 -50.1 -.5 -8.35
4 72 -50.1 -.5 -8.35 -50.8 -.5 -8.7 -50.7 -.5 -8.95 -50.15 -.5 -8.95
4 72 -50.15 -.5 -8.95 -50.7 -.5 -8.95 -50.6 -.5 -9.15 -50.2 -.5 -9.15
3 72 -50.2 -.5 -9.15 -50.6 -.5 -9.15 -50.4 -.5 -9.2
4 72 -48.6 -.5 -8.4 -48.85 -.5 -8.45 -49 -.5 -8.6 -49 -.5 -8.8
4 72 -48.6 -.5 -8.4 -49 -.5 -8.8 -48.8 -.5 -8.95 -48.25 -.5 -8.5
4 72 -48.25 -.5 -8.5 -48.8 -.5 -8.95 -48.55 -.5 -9.1 -48 -.5 -8.75
4 72 -48 -.5 -8.75 -48.55 -.5 -9.1 -48.25 -.5 -9.1 -48.05 -.5 -8.95
4 72 -47.2 -.5 -8.7 -47.5 -.5 -8.75 -47.4 -.5 -8.95 -47.05 -.5 -9.05
4 72 -46.8 -.5 -8.55 -47.2 -.5 -8.7 -47.05 -.5 -9.05 -46.8 -.5 -9.2
4 72 -46.45 -.5 -8.35 -46.8 -.5 -8.55 -46.8 -.5 -9.2 -46.25 -.5 -8.4
4 72 -46.3 -.5 -8.85 -46.25 -.5 -8.4 -46.8 -.5 -9.2 -46.6 -.5 -9.4
4 72 -46.25 -.5 -9.15 -46.3 -.5 -8.85 -46.6 -.5 -9.4 -46.4 -.5 -9.45
3 72 -46.25 -.5 -9.15 -46.4 -.5 -9.45 -46.25 -.5 -9.35
4 71 -51.65 -.5 -8.3 -54.5 -.5 -11.4 -53.8 -.5 -11.5 -51.4 -.5 -8.5
4 71 -51.4 -.5 -8.5 -53.8 -.5 -11.5 -52.2 -.5 -11.55 -51 -.5 -8.55
4 71 -50.8 -.5 -8.7 -51 -.5 -8.55 -52.2 -.5 -11.55 -50.7 -.5 -8.95
4 71 -50.6 -.5 -9.15 -50.7 -.5 -8.95 -52.2 -.5 -11.55 -50.6 -.5 -11.55
3 71 -50.6 -.5 -9.15 -50.6 -.5 -11.55 -50.4 -.5 -9.2
4 71 -50.2 -.5 -9.15 -50.4 -.5 -9.2 -50.6 -.5 -11.55 -48.8 -.5 -8.95
3 71 -48.8 -.5 -8.95 -50.6 -.5 -11.55 -48.55 -.5 -9.1
4 71 -49 -.5 -8.8 -50.15 -.5 -8.95 -50.2 -.5 -9.15 -48.8 -.5 -8.95
4 71 -50.15 -.5 -8.95 -49 -.5 -8.8 -49 -.5 -8.6 -50.1 -.5 -8.35
4 71 -50.1 -.5 -8.35 -49 -.5 -8.6 -48.85 -.5 -8.45 -48.9 -.5 -6.95
4 71 -51.45 -.5 -7.45 -51.8 -.5 -7.45 -51.65 -.5 -7.85 -51.4 -.5 -7.8
4 71 -51.35 -.5 -7.3 -51.45 -.5 -7.45 -51.4 -.5 -7.8 -51.2 -.5 -7.85
4 71 -50.75 -.5 -4.6 -50.9 -.5 -4.45 -51.7 -.5 -6.7 -51.6 -.5 -6.95
4 71 -50.5 -.5 -4.8 -50.75 -.5 -4.6 -51.6 -.5 -6.95 -51.4 -.5 -7.1
4 71 -50.3 -.5 -4.9 -50.5 -.5 -4.8 -51.4 -.5 -7.1 -51.35 -.5 -7.3
4 71 -50.1 -.5 -4.95 -50.3 -.5 -4.9 -51.35 -.5 -7.3 -51.2 -.5 -7.85
4 71 -50.1 -.5 -4.95 -51.2 -.5 -7.85 -50.95 -.5 -8.15 -49.85 -.5 -6.1
4 71 -48 -.5 -8.75 -48.05 -.5 -8.95 -47.4 -.5 -8.95 -47.5 -.5 -8.75
4 71 -41.5 -.5 -11.8 -46.25 -.5 -9.15 -46.25 -.5 -9.35 -45.4 -.5 -11.65
3 71 -46.25 -.5 -9.35 -46.4 -.5 -9.45 -45.4 -.5 -11.65
4 71 -48.25 -.5 -9.1 -48.55 -.5 -9.1 -50.6 -.5 -11.55 -46.6 -.5 -9.4
4 71 -47.4 -.5 -8.95 -48.05 -.5 -8.95 -48.25 -.5 -9.1 -47.05 -.5 -9.05
4 71 -46.8 -.5 -9.2 -47.05 -.5 -9.05 -48.25 -.5 -9.1 -46.6 -.5 -9.4
4 71 -46.4 -.5 -9.45 -46.6 -.5 -9.4 -50.6 -.5 -11.55 -45.4 -.5 -11.65
3 71 -51.7 -.5 -8.1 -54.5 -.5 -11.4 -51.65 -.5 -8.3
4 71 -54.5 -.5 -11.4 -51.7 -.5 -8.1 -51.65 -.5 -7.85 -51.8 -.5 -7.45
3 71 -52.05 -.5 -7.3 -54.5 -.5 -11.4 -51.8 -.5 -7.45
3 71 -52.2 -.5 -7 -54.5 -.5 -11.4 -52.05 -.5 -7.3
4 71 -51.95 -.5 -6.65 -51.7 -.5 -6.7 -50.9 -.5 -4.45 -54.5 -.5 0
4 71 -54.5 -.5 0 -50.85 -.5 -4.25 -50.6 -.5 -4.15 -48.6 -.5 -1.9
4 71 -48.6 -.5 -1.9 -50.6 -.5 -4.15 -50.3 -.5 -4.15 -48.55 -.5 -2.15
4 71 -48.55 -.5 -2.15 -50.3 -.5 -4.15 -50.05 -.5 -4.3 -48.3 -.5 -2.9
4 71 -44.25 -.5 -4.05 -44.3 -.5 -3.7 -44.45 -.5 -3.6 -46.05 -.5 -5.05
4 71 -54.5 -.5 0 -48.4 -.5 -1.3 -48.25 -.5 -1.2 -48.1 -.5 -1
3 71 -54.5 -.5 0 -48.55 -.5 -1.6 -48.4 -.5 -1.3
3 71 -54.5 -.5 0 -48.6 -.5 -1.9 -48.55 -.5 -1.6
3 71 -54.5 -.5 0 -50.9 -.5 -4.45 -50.85 -.5 -4.25
3 71 -54.5 -.5 0 -52.15 -.5 -6.8 -51.95 -.5 -6.65
4 71 -52.2 -.5 -7 -52.15 -.5 -6.8 -54.5 -.5 0 -54.5 -.5 -11.4
3 0 -54.5 -.5 0 -56.25 -.5 -16.5 -54.5 -.5 -11.4
3 0 -54.5 -.5 8.45 -56.25 -.5 -16.5 -54.5 -.5 0
4 72 -47.75 -.5 -2.8 -48.05 -.5 -2.75 -48.3 -.5 -2.9 -48.4 -.5 -3.15
4 72 -47.65 -.5 -3.1 -47.75 -.5 -2.8 -48.4 -.5 -3.15 -48.45 -.5 -3.55
4 72 -47.5 -.5 -3.55 -47.65 -.5 -3.1 -48.45 -.5 -3.55 -48.55 -.5 -3.8
4 72 -47.25 -.5 -3.8 -47.5 -.5 -3.55 -48.55 -.5 -3.8 -47.1 -.5 -4.15
4 72 -47.1 -.5 -4.15 -48.55 -.5 -3.8 -48.8 -.5 -3.9 -48.95 -.5 -4.15
4 72 -47.1 -.5 -4.15 -48.95 -.5 -4.15 -48.95 -.5 -4.55 -46.9 -.5 -4.55
4 72 -48.75 -.5 -5 -46.9 -.5 -4.55 -48.95 -.5 -4.55 -49.1 -.5 -4.9
4 72 -49.1 -.5 -4.9 -48.95 -.5 -4.55 -49.25 -.5 -4.65 -49.25 -.5 -4.85
4 72 -46.9 -.5 -4.55 -48.75 -.5 -5 -48.25 -.5 -5.25 -46.55 -.5 -4.85
4 72 -46.55 -.5 -4.85 -48.25 -.5 -5.25 -47.9 -.5 -5.6 -46.05 -.5 -5.05
4 72 -45.6 -.5 -5.4 -46.05 -.5 -5.05 -47.9 -.5 -5.6 -47.8 -.5 -5.9
4 72 -45.4 -.5 -5.9 -45.6 -.5 -5.4 -47.8 -.5 -5.9 -47.8 -.5 -6.2
4 72 -45.4 -.5 -5.9 -47.8 -.5 -6.2 -47.75 -.5 -7 -47.35 -.5 -7.25
4 72 -45.4 -.5 -5.9 -47.35 -.5 -7.25 -46.8 -.5 -7.35 -46.25 -.5 -7.35
4 72 -45.4 -.5 -5.9 -46.25 -.5 -7.35 -45.85 -.5 -7.3 -45.15 -.5 -6
4 72 -45.1 -.5 -6.85 -45.15 -.5 -6 -45.85 -.5 -7.3 -45.15 -.5 -7.15
4 72 -45.15 -.5 -7.15 -45.85 -.5 -7.3 -45.75 -.5 -7.7 -45.05 -.5 -7.6
4 72 -45.05 -.5 -7.6 -45.75 -.5 -7.7 -45.45 -.5 -8.1 -44.85 -.5 -7.9
3 72 -44.85 -.5 -7.9 -45.45 -.5 -8.1 -45.25 -.5 -8.3
4 72 -44.85 -.5 -7.9 -45.25 -.5 -8.3 -45.1 -.5 -8.45 -44.7 -.5 -8.45
4 72 -44.5 -.5 -7.95 -44.85 -.5 -7.9 -44.7 -.5 -8.45 -44.2 -.5 -8.05
4 72 -44.2 -.5 -8.05 -44.7 -.5 -8.45 -44.2 -.5 -8.35 -43.95 -.5 -8.25
4 72 -45.15 -.5 -6 -45.1 -.5 -6.85 -44.85 -.5 -6.7 -44.85 -.5 -5.9
4 72 -44.85 -.5 -5.9 -44.85 -.5 -6.7 -44.55 -.5 -6.8 -44.6 -.5 -5.75
4 72 -44.35 -.5 -5.75 -44.6 -.5 -5.75 -44.55 -.5 -6.8 -44.15 -.5 -6
4 72 -44 -.5 -6.5 -44.15 -.5 -6 -44.55 -.5 -6.8 -44.1 -.5 -7.2
4 72 -43.7 -.5 -6.8 -44 -.5 -6.5 -44.1 -.5 -7.2 -43.65 -.5 -7.45
4 72 -43.4 -.5 -6.85 -43.7 -.5 -6.8 -43.65 -.5 -7.45 -43.4 -.5 -7.7
4 72 -43.2 -.5 -6.75 -43.4 -.5 -6.85 -43.4 -.5 -7.7 -43.15 -.5 -7.75
4 72 -43.2 -.5 -6.75 -43.15 -.5 -7.75 -42.9 -.5 -7.7 -43 -.5 -6.7
4 72 -42.8 -.5 -6.85 -43 -.5 -6.7 -42.9 -.5 -7.7 -42.65 -.5 -7.55
4 72 -42.45 -.5 -7 -42.8 -.5 -6.85 -42.65 -.5 -7.55 -42.15 -.5 -7.5
4 72 -42.05 -.5 -7.1 -42.45 -.5 -7 -42.15 -.5 -7.5 -41.95 -.5 -7.4
3 72 -42.05 -.5 -7.1 -41.95 -.5 -7.4 -41.95 -.5 -7.2
4 72 -49.6 -.5 -5.95 -49.85 -.5 -6.1 -49.85 -.5 -6.3 -49.75 -.5 -6.45
4 72 -49.3 -.5 -6 -49.6 -.5 -5.95 -49.75 -.5 -6.45 -49.1 -.5 -6.2
4 72 -49.1 -.5 -6.2 -49.75 -.5 -6.45 -49.25 -.5 -6.65 -48.75 -.5 -6.3
4 72 -48.75 -.5 -6.3 -49.25 -.5 -6.65 -48.9 -.5 -6.95 -48.6 -.5 -7
4 72 -48.4 -.5 -6.25 -48.75 -.5 -6.3 -48.6 -.5 -7 -48.15 -.5 -6.95
4 72 -47.8 -.5 -6.2 -48.4 -.5 -6.25 -48.15 -.5 -6.95 -47.75 -.5 -7
4 71 -49.9 -.5 -4.55 -49.95 -.5 -4.85 -49.25 -.5 -4.85 -49.25 -.5 -4.65
4 71 -49.25 -.5 -4.65 -48.95 -.5 -4.55 -48.95 -.5 -4.15 -49.9 -.5 -4.55
4 71 -50.05 -.5 -4.3 -49.9 -.5 -4.55 -48.95 -.5 -4.15 -48.8 -.5 -3.9
4 71 -48.8 -.5 -3.9 -48.55 -.5 -3.8 -48.45 -.5 -3.55 -50.05 -.5 -4.3
3 71 -48.4 -.5 -3.15 -50.05 -.5 -4.3 -48.45 -.5 -3.55
3 71 -48.3 -.5 -2.9 -50.05 -.5 -4.3 -48.4 -.5 -3.15
4 71 -48.2 -.5 -2.2 -48.55 -.5 -2.15 -48.3 -.5 -2.9 -48.05 -.5 -2.75
4 71 -47.85 -.5 -2.15 -48.2 -.5 -2.2 -48.05 -.5 -2.75 -47.75 -.5 -2.8
4 71 -47.85 -.5 -2.15 -47.75 -.5 -2.8 -45.4 -.5 -1.65 -47.7 -.5 -1.9
4 71 -45.05 -.5 -1.35 -45.05 -.5 -1.15 -45.25 -.5 -1.1 -45.3 -.5 -1.55
3 71 -45.05 -.5 -1.35 -45.3 -.5 -1.55 -45.1 -.5 -1.55
4 71 -45.4 -.5 -1.65 -45.3 -.5 -1.55 -45.25 -.5 -1.1 -45.45 -.5 -1
4 71 -47.7 -.5 -1.9 -45.4 -.5 -1.65 -45.45 -.5 -1 -47.65 -.5 -1.5
4 71 -47.65 -.5 -1.5 -45.45 -.5 -1 -45.55 -.5 -.85 -47.6 -.5 -1.1
4 71 -47.6 -.5 -1.1 -45.55 -.5 -.85 -45.5 -.5 -.65 -47.65 -.5 -.95
4 71 -43.95 -.5 -1.5 -44.25 -.5 -1.55 -44.4 -.5 -1.75 -44.4 -.5 -2
4 71 -43.95 -.5 -1.5 -44.4 -.5 -2 -43.8 -.5 -2.7 -43.6 -.5 -2.7
4 71 -43.95 -.5 -1.5 -43.6 -.5 -2.7 -43.15 -.5 -2.3 -43.8 -.5 -1.4
3 71 -43.8 -.5 -1.4 -43.15 -.5 -2.3 -43.1 -.5 -2.2
4 71 -44.4 -.5 -2 -44.55 -.5 -2.1 -44.35 -.5 -2.75 -44.2 -.5 -2.8
4 71 -43.8 -.5 -2.7 -44.4 -.5 -2 -44.2 -.5 -2.8 -43.85 -.5 -2.8
4 71 -43.85 -.5 -2.8 -44.2 -.5 -2.8 -44.1 -.5 -2.95 -43.95 -.5 -2.95
4 71 -43.15 -.5 -2.3 -43.6 -.5 -2.7 -43.5 -.5 -2.8 -43.15 -.5 -2.5
4 71 -43.05 -.5 -2.8 -43.15 -.5 -2.5 -43.5 -.5 -2.8 -43.45 -.5 -3.05
4 71 -42.9 -.5 -3 -43.05 -.5 -2.8 -43.45 -.5 -3.05 -42.9 -.5 -3.25
4 71 -42.9 -.5 -3.25 -43.45 -.5 -3.05 -43.5 -.5 -3.3 -42.8 -.5 -3.55
4 71 -42.8 -.5 -3.55 -43.5 -.5 -3.3 -43.6 -.5 -3.5 -43.5 -.5 -3.7
3 71 -42.8 -.5 -3.55 -43.5 -.5 -3.7 -43.35 -.5 -3.75
4 71 -42.8 -.5 -3.55 -43.35 -.5 -3.75 -43.2 -.5 -3.9 -42.75 -.5 -3.95
4 71 -42.75 -.5 -3.95 -43.2 -.5 -3.9 -43.1 -.5 -4.1 -42.8 -.5 -4.1
3 71 -42.8 -.5 -4.1 -43.1 -.5 -4.1 -42.95 -.5 -4.15
4 71 -41.35 -.5 -2.65 -41.85 -.5 -2.75 -41.8 -.5 -2.95 -41.35 -.5 -2.85
4 71 -41.35 -.5 -2.85 -41.8 -.5 -2.95 -41.9 -.5 -3.1 -41.25 -.5 -3
4 71 -41.75 -.5 -3.5 -41.25 -.5 -3 -41.9 -.5 -3.1 -42.1 -.5 -3.15
4 71 -41.75 -.5 -3.5 -42.1 -.5 -3.15 -42.15 -.5 -3.35 -42.1 -.5 -3.55
3 71 -41.25 -.5 -3 -41.75 -.5 -3.5 -41.5 -.5 -3.6
4 71 -41.25 -.5 -3 -41.5 -.5 -3.6 -41.35 -.5 -3.7 -41.15 -.5 -3.7
4 71 -41.25 -.5 -3 -41.15 -.5 -3.7 -40.95 -.5 -3.6 -40.95 -.5 -3.05
4 71 -40.95 -.5 -3.05 -40.95 -.5 -3.6 -40.75 -.5 -3.55 -40.6 -.5 -2.9
4 71 -40.6 -.5 -2.9 -40.75 -.5 -3.55 -40.55 -.5 -3.6 -40.5 -.5 -2.75
4 71 -40.5 -.5 -2.75 -40.55 -.5 -3.6 -40.45 -.5 -3.7 -37.45 -.5 -3.6
4 71 -40.5 -.5 -2.75 -37.45 -.5 -3.6 -37.3 -.5 -3.45 -40.55 -.5 -2.6
4 71 -39.25 -.5 -1.55 -40.55 -.5 -2.6 -37.3 -.5 -3.45 -38.9 -.5 -1.55
4 71 -40.45 -.5 -1.6 -40.6 -.5 -1.8 -40.55 -.5 -2.6 -39.55 -.5 -1.4
3 71 -39.55 -.5 -1.4 -40.55 -.5 -2.6 -39.25 -.5 -1.55
4 71 -39.7 -.5 -1.2 -40.45 -.5 -1.5 -40.45 -.5 -1.6 -39.55 -.5 -1.4
4 71 -45.4 -.5 -1.65 -47.75 -.5 -2.8 -47.65 -.5 -3.1 -45.3 -.5 -1.85
4 71 -45.3 -.5 -1.85 -47.65 -.5 -3.1 -47.5 -.5 -3.55 -47.25 -.5 -3.8
4 71 -45 -.5 -2 -45.3 -.5 -1.85 -47.25 -.5 -3.8 -44.5 -.5 -2.85
4 71 -44.55 -.5 -2.1 -45 -.5 -2 -44.5 -.5 -2.85 -44.35 -.5 -2.75
4 71 -44.5 -.5 -2.85 -47.25 -.5 -3.8 -47.1 -.5 -4.15 -44.55 -.5 -3.05
4 71 -44.55 -.5 -3.05 -47.1 -.5 -4.15 -46.9 -.5 -4.55 -44.55 -.5 -3.35
4 71 -44.55 -.5 -3.35 -46.9 -.5 -4.55 -46.55 -.5 -4.85 -46.05 -.5 -5.05
3 71 -44.55 -.5 -3.35 -46.05 -.5 -5.05 -44.45 -.5 -3.6
4 71 -44.25 -.5 -4.05 -46.05 -.5 -5.05 -45.6 -.5 -5.4 -44.15 -.5 -4.2
4 71 -44.15 -.5 -4.2 -45.6 -.5 -5.4 -45.4 -.5 -5.9 -45.15 -.5 -6
4 71 -44.15 -.5 -4.2 -45.15 -.5 -6 -44.85 -.5 -5.9 -44.6 -.5 -5.75
4 71 -43.95 -.5 -4.3 -44.15 -.5 -4.2 -44.6 -.5 -5.75 -44.35 -.5 -5.75
4 71 -43.6 -.5 -4.5 -43.95 -.5 -4.3 -44.35 -.5 -5.75 -44.15 -.5 -6
4 71 -43.3 -.5 -4.7 -43.6 -.5 -4.5 -44.15 -.5 -6 -43.15 -.5 -4.85
4 71 -43.15 -.5 -4.85 -44.15 -.5 -6 -44 -.5 -6.5 -43.7 -.5 -6.8
4 71 -43.15 -.5 -4.85 -43.7 -.5 -6.8 -43.4 -.5 -6.85 -43.2 -.5 -6.75
4 71 -42.9 -.5 -4.85 -43.15 -.5 -4.85 -43.2 -.5 -6.75 -43 -.5 -6.7
4 71 -42.7 -.5 -4.8 -42.9 -.5 -4.85 -43 -.5 -6.7 -42.8 -.5 -6.85
4 71 -42.7 -.5 -4.8 -42.8 -.5 -6.85 -42.45 -.5 -7 -42.55 -.5 -4.65
4 71 -42.55 -.5 -4.65 -42.45 -.5 -7 -42.05 -.5 -7.1 -42.45 -.5 -4.4
4 71 -42.25 -.5 -4.3 -42.45 -.5 -4.4 -42.05 -.5 -7.1 -41.95 -.5 -4.25
4 71 -41.6 -.5 -4.35 -41.95 -.5 -4.25 -42.05 -.5 -7.1 -41.95 -.5 -7.2
3 71 -41.6 -.5 -4.35 -41.95 -.5 -7.2 -41.15 -.5 -4.4
4 71 -40.85 -.5 -4.35 -41.15 -.5 -4.4 -41.95 -.5 -7.2 -37.95 -.5 -6.4
4 71 -49.95 -.5 -4.85 -50.1 -.5 -4.95 -49.6 -.5 -5.95 -49.25 -.5 -4.85
4 71 -49.25 -.5 -4.85 -49.6 -.5 -5.95 -49.3 -.5 -6 -49.1 -.5 -4.9
4 71 -49.1 -.5 -4.9 -49.3 -.5 -6 -49.1 -.5 -6.2 -48.75 -.5 -5
4 71 -48.75 -.5 -5 -49.1 -.5 -6.2 -48.75 -.5 -6.3 -48.4 -.5 -6.25
4 71 -48.25 -.5 -5.25 -48.75 -.5 -5 -48.4 -.5 -6.25 -47.9 -.5 -5.6
4 71 -47.8 -.5 -5.9 -47.9 -.5 -5.6 -48.4 -.5 -6.25 -47.8 -.5 -6.2
3 71 -50.1 -.5 -4.95 -49.85 -.5 -6.1 -49.6 -.5 -5.95
4 71 -49.85 -.5 -6.3 -49.85 -.5 -6.1 -50.95 -.5 -8.15 -50.65 -.5 -8.2
4 71 -49.85 -.5 -6.3 -50.65 -.5 -8.2 -50.3 -.5 -8.2 -49.75 -.5 -6.45
4 71 -49.75 -.5 -6.45 -50.3 -.5 -8.2 -50.1 -.5 -8.35 -49.25 -.5 -6.65
3 71 -49.25 -.5 -6.65 -50.1 -.5 -8.35 -48.9 -.5 -6.95
4 71 -48.9 -.5 -6.95 -48.85 -.5 -8.45 -48.6 -.5 -8.4 -48.6 -.5 -7
4 71 -48.6 -.5 -7 -48.6 -.5 -8.4 -48.25 -.5 -8.5 -48.15 -.5 -6.95
4 71 -47.75 -.5 -7 -48.15 -.5 -6.95 -48.25 -.5 -8.5 -47.35 -.5 -7.25
4 71 -47.35 -.5 -7.25 -48.25 -.5 -8.5 -48 -.5 -8.75 -47.5 -.5 -8.75
4 71 -47.35 -.5 -7.25 -47.5 -.5 -8.75 -47.2 -.5 -8.7 -46.8 -.5 -7.35
4 71 -46.8 -.5 -7.35 -47.2 -.5 -8.7 -46.8 -.5 -8.55 -46.45 -.5 -8.35
4 71 -46.25 -.5 -7.35 -46.8 -.5 -7.35 -46.45 -.5 -8.35 -46.25 -.5 -8.4
4 71 -46.25 -.5 -7.35 -46.25 -.5 -8.4 -45.75 -.5 -7.7 -45.85 -.5 -7.3
3 71 -45.75 -.5 -7.7 -46.25 -.5 -8.4 -45.45 -.5 -8.1
4 71 -45.25 -.5 -8.3 -45.45 -.5 -8.1 -46.25 -.5 -8.4 -46.3 -.5 -8.85
4 71 -45.1 -.5 -8.45 -45.25 -.5 -8.3 -46.3 -.5 -8.85 -46.25 -.5 -9.15
4 71 -44.85 -.5 -6.7 -45.1 -.5 -6.85 -45.15 -.5 -7.15 -44.55 -.5 -6.8
4 71 -44.55 -.5 -6.8 -45.15 -.5 -7.15 -45.05 -.5 -7.6 -44.85 -.5 -7.9
4 71 -44.55 -.5 -6.8 -44.85 -.5 -7.9 -44.5 -.5 -7.95 -44.1 -.5 -7.2
4 71 -44.1 -.5 -7.2 -44.5 -.5 -7.95 -44.2 -.5 -8.05 -43.65 -.5 -7.45
4 71 -43.65 -.5 -7.45 -44.2 -.5 -8.05 -43.95 -.5 -8.25 -43.4 -.5 -7.7
4 71 -44.7 -.5 -8.45 -45.1 -.5 -8.45 -46.25 -.5 -9.15 -41.5 -.5 -11.8
3 71 -44.2 -.5 -8.35 -44.7 -.5 -8.45 -41.5 -.5 -11.8
3 71 -43.95 -.5 -8.25 -44.2 -.5 -8.35 -41.5 -.5 -11.8
4 71 -43.15 -.5 -7.75 -43.4 -.5 -7.7 -43.95 -.5 -8.25 -41.5 -.5 -11.8
3 71 -42.9 -.5 -7.7 -43.15 -.5 -7.75 -41.5 -.5 -11.8
4 71 -42.65 -.5 -7.55 -42.9 -.5 -7.7 -41.5 -.5 -11.8 -42.15 -.5 -7.5
4 71 -41.95 -.5 -7.4 -42.15 -.5 -7.5 -41.5 -.5 -11.8 -38.2 -.5 -11.95
4 71 -41.95 -.5 -7.4 -38.2 -.5 -11.95 -37.85 -.5 -6.65 -37.95 -.5 -6.4
3 71 -37.95 -.5 -6.4 -41.95 -.5 -7.2 -41.95 -.5 -7.4
4 71 -40.85 -.5 -4.35 -37.95 -.5 -6.4 -37.85 -.5 -6.2 -40.65 -.5 -4.15
3 71 -40.5 -.5 -3.9 -40.65 -.5 -4.15 -37.85 -.5 -6.2
4 71 -40.45 -.5 -3.7 -40.5 -.5 -3.9 -37.85 -.5 -6.2 -37.45 -.5 -3.95
3 71 -37.45 -.5 -3.6 -40.45 -.5 -3.7 -37.45 -.5 -3.95
4 71 -37.2 -.5 -4.15 -37.45 -.5 -3.95 -37.85 -.5 -6.2 -37.6 -.5 -6.2
4 71 -36.65 -.5 -4.3 -37.2 -.5 -4.15 -37.6 -.5 -6.2 -37.15 -.5 -6.15
3 71 -37.15 -.5 -6.15 -37.6 -.5 -6.2 -37.35 -.5 -6.25
4 71 -36.65 -.5 -4.3 -37.15 -.5 -6.15 -37 -.5 -6.15 -36.35 -.5 -4.5
4 71 -36.35 -.5 -4.5 -37 -.5 -6.15 -36.9 -.5 -6.25 -36.2 -.5 -4.85
4 71 -35.9 -.5 -5.15 -36.2 -.5 -4.85 -36.9 -.5 -6.25 -36.9 -.5 -6.45
4 71 -35.55 -.5 -5.25 -35.9 -.5 -5.15 -36.9 -.5 -6.45 -34.9 -.5 -11.85
4 71 -33.7 -.5 -5.2 -35.3 -.5 -5.05 -35.35 -.5 -5.2 -33.65 -.5 -5.55
3 71 -37.85 -.5 -6.65 -38.2 -.5 -11.95 -37.6 -.5 -6.85
4 71 -37.35 -.5 -6.9 -37.6 -.5 -6.85 -38.2 -.5 -11.95 -34.9 -.5 -11.85
3 71 -37.1 -.5 -6.75 -37.35 -.5 -6.9 -34.9 -.5 -11.85
3 71 -36.9 -.5 -6.45 -37.1 -.5 -6.75 -34.9 -.5 -11.85
4 71 -35.35 -.5 -5.2 -35.55 -.5 -5.25 -34.9 -.5 -11.85 -33.65 -.5 -5.55
3 71 -33.65 -.5 -5.55 -34.9 -.5 -11.85 -33.55 -.5 -5.75
4 71 -33.3 -.5 -5.9 -33.55 -.5 -5.75 -34.9 -.5 -11.85 -31.45 -.5 -11.6
4 71 -32.75 -.5 -5.95 -33.3 -.5 -5.9 -31.45 -.5 -11.6 -32.15 -.5 -6.05
4 71 -31.65 -.5 -6.3 -32.15 -.5 -6.05 -31.45 -.5 -11.6 -30.85 -.5 -6.8
3 71 -30.85 -.5 -6.8 -31.45 -.5 -11.6 -29.8 -.5 -7.3
4 71 -29.1 -.5 -7.55 -29.8 -.5 -7.3 -31.45 -.5 -11.6 -28.85 -.5 -7.65
4 71 19.15 -.5 -7.7 19.05 -.5 -9.45 20.45 -.5 -9.45 20.5 -.5 -7.7
4 71 20.45 -.5 -6.45 19.8 -.5 -6.35 19.65 -.5 -7.25 21 -.5 -7.25
4 71 20.85 -.5 -6.5 20.45 -.5 -6.45 21 -.5 -7.25 21.55 -.5 -7.05
4 71 21.45 -.5 -7.9 21.55 -.5 -7.05 21 -.5 -7.25 20.9 -.5 -9.15
3 71 21.45 -.5 -7.9 20.9 -.5 -9.15 21.35 -.5 -9.15
4 71 20 -.5 -5.35 19.8 -.5 -6.35 20.45 -.5 -6.45 20.65 -.5 -5.5
4 71 20.25 -.5 -4.45 20 -.5 -5.35 20.65 -.5 -5.5 20.9 -.5 -4.65
4 71 20.55 -.5 -3.85 20.25 -.5 -4.45 20.9 -.5 -4.65 21.25 -.5 -3.8
4 71 20.9 -.5 -3.35 20.55 -.5 -3.85 21.25 -.5 -3.8 21.55 -.5 -3.25
4 71 21.35 -.5 -2.8 20.9 -.5 -3.35 21.55 -.5 -3.25 21.9 -.5 -2.75
4 71 21.7 -.5 -2.45 21.35 -.5 -2.8 21.9 -.5 -2.75 22 -.5 -2.5
3 71 22 -.5 -2.3 21.7 -.5 -2.45 22 -.5 -2.5
4 71 21.75 -.5 -5.8 21.05 -.5 -5.6 20.85 -.5 -6.5 21.55 -.5 -7.05
4 71 21.3 -.5 -4.8 21.05 -.5 -5.6 21.75 -.5 -5.8 22.05 -.5 -4.7
4 71 21.65 -.5 -3.95 21.3 -.5 -4.8 22.05 -.5 -4.7 22.4 -.5 -3.75
4 71 21.95 -.5 -3.4 21.65 -.5 -3.95 22.4 -.5 -3.75 22.7 -.5 -3.2
4 71 22.3 -.5 -2.85 21.95 -.5 -3.4 22.7 -.5 -3.2 23 -.5 -2.85
4 71 22.6 -.5 -2.55 22.3 -.5 -2.85 23 -.5 -2.85 22.9 -.5 -2.4
4 71 23.2 -.5 -2.4 22.9 -.5 -2.4 23 -.5 -2.85 23.4 -.5 -2.5
4 71 21.9 -.5 -7.9 22.5 -.5 -9.05 22.6 -.5 -7.8 22 -.5 -7.05
4 71 22 -.5 -7.05 22.6 -.5 -7.8 22.8 -.5 -6.7 22.2 -.5 -5.8
4 71 22.2 -.5 -5.8 22.8 -.5 -6.7 23.1 -.5 -5.65 22.5 -.5 -4.7
4 71 22.5 -.5 -4.7 23.1 -.5 -5.65 23.35 -.5 -4.85 22.85 -.5 -3.8
4 71 22.85 -.5 -3.8 23.35 -.5 -4.85 23.65 -.5 -4.35 23.1 -.5 -3.35
4 71 23.1 -.5 -3.35 23.65 -.5 -4.35 23.95 -.5 -4.05 23.4 -.5 -3.05
4 71 23.8 -.5 -2.85 23.4 -.5 -3.05 23.95 -.5 -4.05 24 -.5 -2.85
4 71 24.3 -.5 -3.05 24 -.5 -2.85 23.95 -.5 -4.05 24.35 -.5 -3.95
4 71 24.65 -.5 -3.45 24.3 -.5 -3.05 24.35 -.5 -3.95 24.7 -.5 -3.95
3 71 24.65 -.5 -3.45 24.7 -.5 -3.95 25 -.5 -4
4 71 22.95 -.5 -8.1 22.9 -.5 -9.05 23.5 -.5 -9.1 23.65 -.5 -8
4 71 23.05 -.5 -7.25 22.95 -.5 -8.1 23.65 -.5 -8 23.85 -.5 -7.2
4 71 23.25 -.5 -6.3 23.05 -.5 -7.25 23.85 -.5 -7.2 24.1 -.5 -6.45
4 71 23.5 -.5 -5.55 23.25 -.5 -6.3 24.1 -.5 -6.45 24.45 -.5 -5.95
4 71 23.75 -.5 -5.05 23.5 -.5 -5.55 24.45 -.5 -5.95 23.95 -.5 -4.8
4 71 24.25 -.5 -4.65 23.95 -.5 -4.8 24.45 -.5 -5.95 24.55 -.5 -4.65
4 71 24.55 -.5 -4.65 24.45 -.5 -5.95 24.8 -.5 -5.75 24.9 -.5 -4.75
4 71 25.1 -.5 -4.9 24.9 -.5 -4.75 24.8 -.5 -5.75 25.1 -.5 -5.7
4 71 25.35 -.5 -5.2 25.1 -.5 -4.9 25.1 -.5 -5.7 25.35 -.5 -5.75
3 71 25.35 -.5 -5.2 25.35 -.5 -5.75 25.6 -.5 -5.9
4 71 24 -.5 -8.25 23.9 -.5 -9.1 24.8 -.5 -9.2 24.9 -.5 -8.5
4 71 24 -.5 -8.25 24.9 -.5 -8.5 25.05 -.5 -8 24.2 -.5 -7.35
4 71 24.2 -.5 -7.35 25.05 -.5 -8 25.25 -.5 -7.6 24.45 -.5 -6.65
4 71 24.7 -.5 -6.25 24.45 -.5 -6.65 25.25 -.5 -7.6 24.9 -.5 -6.15
4 71 25.15 -.5 -6.15 24.9 -.5 -6.15 25.25 -.5 -7.6 25.4 -.5 -6.35
4 71 25.4 -.5 -6.35 25.25 -.5 -7.6 25.45 -.5 -7.35 25.65 -.5 -6.6
3 71 25.65 -.5 -6.6 25.45 -.5 -7.35 25.7 -.5 -7.2
4 71 28.05 -.5 -6.45 27.4 -.5 -6.35 27.25 -.5 -7.25 28.6 -.5 -7.25
4 71 28.45 -.5 -6.5 28.05 -.5 -6.45 28.6 -.5 -7.25 29.15 -.5 -7.05
4 71 28.5 -.5 -9.15 28.95 -.5 -9.15 29.05 -.5 -7.9 28.6 -.5 -7.25
3 71 29.15 -.5 -7.05 28.6 -.5 -7.25 29.05 -.5 -7.9
4 71 28.45 -.5 -6.5 29.15 -.5 -7.05 29.35 -.5 -5.8 28.65 -.5 -5.6
4 71 28.9 -.5 -4.8 28.65 -.5 -5.6 29.35 -.5 -5.8 29.65 -.5 -4.7
4 71 29.25 -.5 -3.95 28.9 -.5 -4.8 29.65 -.5 -4.7 30 -.5 -3.75
4 71 29.55 -.5 -3.4 29.25 -.5 -3.95 30 -.5 -3.75 30.3 -.5 -3.2
4 71 29.9 -.5 -2.85 29.55 -.5 -3.4 30.3 -.5 -3.2 30.6 -.5 -2.85
4 71 30.2 -.5 -2.55 29.9 -.5 -2.85 30.6 -.5 -2.85 30.5 -.5 -2.4
4 71 30.8 -.5 -2.4 30.5 -.5 -2.4 30.6 -.5 -2.85 31 -.5 -2.5
4 71 27.6 -.5 -5.35 27.4 -.5 -6.35 28.05 -.5 -6.45 28.25 -.5 -5.5
4 71 27.85 -.5 -4.55 27.6 -.5 -5.35 28.25 -.5 -5.5 28.5 -.5 -4.65
4 71 28.15 -.5 -3.85 27.85 -.5 -4.55 28.5 -.5 -4.65 28.85 -.5 -3.8
4 71 28.5 -.5 -3.35 28.15 -.5 -3.85 28.85 -.5 -3.8 29.15 -.5 -3.25
4 71 28.95 -.5 -2.8 28.5 -.5 -3.35 29.15 -.5 -3.25 29.5 -.5 -2.75
4 71 29.3 -.5 -2.45 28.95 -.5 -2.8 29.5 -.5 -2.75 29.6 -.5 -2.5
3 71 29.6 -.5 -2.3 29.3 -.5 -2.45 29.6 -.5 -2.5
4 71 29.5 -.5 -7.9 29.4 -.5 -9.1 30.1 -.5 -9.05 30.2 -.5 -7.8
4 71 29.6 -.5 -7.05 29.5 -.5 -7.9 30.2 -.5 -7.8 30.4 -.5 -6.7
4 71 29.8 -.5 -5.8 29.6 -.5 -7.05 30.4 -.5 -6.7 30.7 -.5 -5.65
4 71 30.1 -.5 -4.7 29.8 -.5 -5.8 30.7 -.5 -5.65 30.95 -.5 -4.85
4 71 30.45 -.5 -3.8 30.1 -.5 -4.7 30.95 -.5 -4.85 31.25 -.5 -4.35
4 71 30.7 -.5 -3.35 30.45 -.5 -3.8 31.25 -.5 -4.35 31 -.5 -3.05
4 71 31.4 -.5 -2.85 31 -.5 -3.05 31.25 -.5 -4.35 31.6 -.5 -2.85
4 71 31.6 -.5 -2.85 31.25 -.5 -4.35 31.55 -.5 -4.05 31.9 -.5 -3.05
4 71 31.9 -.5 -3.05 31.55 -.5 -4.05 31.95 -.5 -3.95 32.25 -.5 -3.45
3 71 32.25 -.5 -3.45 31.95 -.5 -3.95 32.3 -.5 -3.95
3 71 32.25 -.5 -3.45 32.3 -.5 -3.95 32.6 -.5 -4
4 71 30.55 -.5 -8.1 30.5 -.5 -9.05 31.1 -.5 -9.1 31.25 -.5 -8
4 71 30.65 -.5 -7.25 30.55 -.5 -8.1 31.25 -.5 -8 31.45 -.5 -7.2
4 71 30.85 -.5 -6.3 30.65 -.5 -7.25 31.45 -.5 -7.2 31.7 -.5 -6.45
4 71 31.1 -.5 -5.55 30.85 -.5 -6.3 31.7 -.5 -6.45 32.05 -.5 -5.95
4 71 31.35 -.5 -5.05 31.1 -.5 -5.55 32.05 -.5 -5.95 31.55 -.5 -4.8
4 71 31.85 -.5 -4.65 31.55 -.5 -4.8 32.05 -.5 -5.95 32.15 -.5 -4.65
4 71 32.5 -.5 -4.75 32.15 -.5 -4.65 32.05 -.5 -5.95 32.4 -.5 -5.75
4 71 32.7 -.5 -4.9 32.5 -.5 -4.75 32.4 -.5 -5.75 32.7 -.5 -5.7
4 71 32.95 -.5 -5.2 32.7 -.5 -4.9 32.7 -.5 -5.7 32.95 -.5 -5.75
3 71 32.95 -.5 -5.2 32.95 -.5 -5.75 33.2 -.5 -5.9
4 71 31.6 -.5 -8.25 31.5 -.5 -9.1 32.4 -.5 -9.2 32.5 -.5 -8.5
4 71 31.6 -.5 -8.25 32.5 -.5 -8.5 32.65 -.5 -8 31.8 -.5 -7.35
4 71 31.8 -.5 -7.35 32.65 -.5 -8 32.85 -.5 -7.6 32.05 -.5 -6.65
4 71 32.3 -.5 -6.25 32.05 -.5 -6.65 32.85 -.5 -7.6 32.5 -.5 -6.15
4 71 32.5 -.5 -6.15 32.85 -.5 -7.6 33.05 -.5 -7.35 32.75 -.5 -6.15
4 71 33 -.5 -6.35 32.75 -.5 -6.15 33.05 -.5 -7.35 33.25 -.5 -6.6
3 71 33.25 -.5 -6.6 33.05 -.5 -7.35 33.3 -.5 -7.2
4 71 35.7 -.5 -6.5 35.05 -.5 -6.4 34.9 -.5 -7.3 36.25 -.5 -7.3
4 71 36.1 -.5 -6.55 35.7 -.5 -6.5 36.25 -.5 -7.3 36.8 -.5 -7.1
4 71 36.7 -.5 -7.95 36.8 -.5 -7.1 36.25 -.5 -7.3 36.15 -.5 -9.2
3 71 36.7 -.5 -7.95 36.15 -.5 -9.2 36.6 -.5 -9.2
4 71 35.25 -.5 -5.4 35.05 -.5 -6.4 35.7 -.5 -6.5 35.9 -.5 -5.55
4 71 35.5 -.5 -4.5 35.25 -.5 -5.4 35.9 -.5 -5.55 36.15 -.5 -4.7
4 71 35.8 -.5 -3.9 35.5 -.5 -4.5 36.15 -.5 -4.7 36.5 -.5 -3.85
4 71 36.15 -.5 -3.4 35.8 -.5 -3.9 36.5 -.5 -3.85 36.8 -.5 -3.3
4 71 36.6 -.5 -2.85 36.15 -.5 -3.4 36.8 -.5 -3.3 37.15 -.5 -2.8
4 71 36.95 -.5 -2.5 36.6 -.5 -2.85 37.15 -.5 -2.8 37.25 -.5 -2.55
3 71 37.25 -.5 -2.35 36.95 -.5 -2.5 37.25 -.5 -2.55
4 71 37 -.5 -5.85 36.3 -.5 -5.65 36.1 -.5 -6.55 36.8 -.5 -7.1
4 71 36.55 -.5 -4.85 36.3 -.5 -5.65 37 -.5 -5.85 37.3 -.5 -4.75
4 71 36.9 -.5 -4 36.55 -.5 -4.85 37.3 -.5 -4.75 37.65 -.5 -3.8
4 71 37.2 -.5 -3.45 36.9 -.5 -4 37.65 -.5 -3.8 37.95 -.5 -3.25
4 71 37.55 -.5 -2.9 37.2 -.5 -3.45 37.95 -.5 -3.25 37.85 -.5 -2.6
4 71 37.85 -.5 -2.6 37.95 -.5 -3.25 38.25 -.5 -2.9 38.15 -.5 -2.45
4 71 38.45 -.5 -2.45 38.15 -.5 -2.45 38.25 -.5 -2.9 38.65 -.5 -2.55
4 71 37.15 -.5 -7.95 37.05 -.5 -9.15 37.75 -.5 -9.1 37.85 -.5 -7.85
4 71 37.25 -.5 -7.1 37.15 -.5 -7.95 37.85 -.5 -7.85 38.05 -.5 -6.75
4 71 37.45 -.5 -5.85 37.25 -.5 -7.1 38.05 -.5 -6.75 38.35 -.5 -5.7
4 71 37.75 -.5 -4.75 37.45 -.5 -5.85 38.35 -.5 -5.7 38.6 -.5 -4.9
4 71 38.1 -.5 -3.85 37.75 -.5 -4.75 38.6 -.5 -4.9 38.9 -.5 -4.4
4 71 38.35 -.5 -3.4 38.1 -.5 -3.85 38.9 -.5 -4.4 39.2 -.5 -4.1
4 71 38.65 -.5 -3.1 38.35 -.5 -3.4 39.2 -.5 -4.1 39.05 -.5 -2.9
4 71 39.25 -.5 -2.9 39.05 -.5 -2.9 39.2 -.5 -4.1 39.6 -.5 -4
4 71 39.55 -.5 -3.1 39.25 -.5 -2.9 39.6 -.5 -4 39.9 -.5 -3.5
3 71 39.9 -.5 -3.5 39.6 -.5 -4 39.95 -.5 -4
3 71 39.9 -.5 -3.5 39.95 -.5 -4 40.25 -.5 -4.05
4 71 38.2 -.5 -8.15 38.15 -.5 -9.1 38.75 -.5 -9.15 38.9 -.5 -8.05
4 71 38.3 -.5 -7.3 38.2 -.5 -8.15 38.9 -.5 -8.05 39.1 -.5 -7.25
4 71 38.5 -.5 -6.35 38.3 -.5 -7.3 39.1 -.5 -7.25 39.35 -.5 -6.5
4 71 38.75 -.5 -5.6 38.5 -.5 -6.35 39.35 -.5 -6.5 39.7 -.5 -6
4 71 39 -.5 -5.1 38.75 -.5 -5.6 39.7 -.5 -6 39.2 -.5 -4.85
4 71 39.5 -.5 -4.7 39.2 -.5 -4.85 39.7 -.5 -6 39.8 -.5 -4.7
4 71 39.8 -.5 -4.7 39.7 -.5 -6 40.05 -.5 -5.8 40.15 -.5 -4.8
4 71 40.35 -.5 -4.95 40.15 -.5 -4.8 40.05 -.5 -5.8 40.35 -.5 -5.75
4 71 40.6 -.5 -5.25 40.35 -.5 -4.95 40.35 -.5 -5.75 40.6 -.5 -5.8
3 71 40.6 -.5 -5.25 40.6 -.5 -5.8 40.85 -.5 -5.95
4 71 39.25 -.5 -8.3 39.15 -.5 -9.15 40.05 -.5 -9.25 40.15 -.5 -8.55
4 71 39.25 -.5 -8.3 40.15 -.5 -8.55 40.3 -.5 -8.05 39.45 -.5 -7.4
4 71 39.45 -.5 -7.4 40.3 -.5 -8.05 40.5 -.5 -7.65 39.7 -.5 -6.7
4 71 39.7 -.5 -6.7 40.5 -.5 -7.65 40.7 -.5 -7.4 39.95 -.5 -6.3
4 71 40.15 -.5 -6.2 39.95 -.5 -6.3 40.7 -.5 -7.4 40.4 -.5 -6.2
4 71 40.65 -.5 -6.4 40.4 -.5 -6.2 40.7 -.5 -7.4 40.9 -.5 -6.65
3 71 40.9 -.5 -6.65 40.7 -.5 -7.4 40.95 -.5 -7.25
4 71 43.3 -.5 -6.5 42.65 -.5 -6.4 42.5 -.5 -7.3 43.85 -.5 -7.3
4 71 43.7 -.5 -6.55 43.3 -.5 -6.5 43.85 -.5 -7.3 44.4 -.5 -7.1
4 71 44.3 -.5 -7.95 44.4 -.5 -7.1 43.85 -.5 -7.3 43.75 -.5 -9.2
3 71 44.3 -.5 -7.95 43.75 -.5 -9.2 44.2 -.5 -9.2
4 71 42.85 -.5 -5.4 42.65 -.5 -6.4 43.3 -.5 -6.5 43.5 -.5 -5.55
4 71 43.1 -.5 -4.5 42.85 -.5 -5.4 43.5 -.5 -5.55 43.75 -.5 -4.7
4 71 43.4 -.5 -3.9 43.1 -.5 -4.5 43.75 -.5 -4.7 44.1 -.5 -3.85
4 71 43.75 -.5 -3.4 43.4 -.5 -3.9 44.1 -.5 -3.85 44.4 -.5 -3.3
4 71 44.2 -.5 -2.85 43.75 -.5 -3.4 44.4 -.5 -3.3 44.75 -.5 -2.8
4 71 44.55 -.5 -2.5 44.2 -.5 -2.85 44.75 -.5 -2.8 44.85 -.5 -2.55
3 71 44.85 -.5 -2.35 44.55 -.5 -2.5 44.85 -.5 -2.55
4 71 44.6 -.5 -5.85 43.9 -.5 -5.65 43.7 -.5 -6.55 44.4 -.5 -7.1
4 71 44.15 -.5 -4.85 43.9 -.5 -5.65 44.6 -.5 -5.85 44.9 -.5 -4.75
4 71 44.5 -.5 -4 44.15 -.5 -4.85 44.9 -.5 -4.75 45.25 -.5 -3.8
4 71 44.8 -.5 -3.45 44.5 -.5 -4 45.25 -.5 -3.8 45.55 -.5 -3.25
4 71 45.15 -.5 -2.9 44.8 -.5 -3.45 45.55 -.5 -3.25 45.45 -.5 -2.6
4 71 45.45 -.5 -2.6 45.55 -.5 -3.25 45.85 -.5 -2.9 45.75 -.5 -2.45
4 71 46.05 -.5 -2.45 45.75 -.5 -2.45 45.85 -.5 -2.9 46.25 -.5 -2.55
4 71 44.75 -.5 -7.95 44.65 -.5 -9.15 45.35 -.5 -9.1 45.45 -.5 -7.85
4 71 44.85 -.5 -7.1 44.75 -.5 -7.95 45.45 -.5 -7.85 45.65 -.5 -6.75
4 71 45.05 -.5 -5.85 44.85 -.5 -7.1 45.65 -.5 -6.75 45.95 -.5 -5.7
4 71 45.35 -.5 -4.75 45.05 -.5 -5.85 45.95 -.5 -5.7 46.2 -.5 -4.9
4 71 45.7 -.5 -3.85 45.35 -.5 -4.75 46.2 -.5 -4.9 46.5 -.5 -4.4
4 71 45.95 -.5 -3.4 45.7 -.5 -3.85 46.5 -.5 -4.4 46.8 -.5 -4.1
4 71 46.25 -.5 -3.1 45.95 -.5 -3.4 46.8 -.5 -4.1 46.65 -.5 -2.9
4 71 46.85 -.5 -2.9 46.65 -.5 -2.9 46.8 -.5 -4.1 47.15 -.5 -3.1
4 71 47.15 -.5 -3.1 46.8 -.5 -4.1 47.2 -.5 -4 47.5 -.5 -3.5
3 71 47.5 -.5 -3.5 47.2 -.5 -4 47.55 -.5 -4
3 71 47.5 -.5 -3.5 47.55 -.5 -4 47.85 -.5 -4.05
4 71 45.8 -.5 -8.15 45.75 -.5 -9.1 46.35 -.5 -9.15 46.5 -.5 -8.05
4 71 45.9 -.5 -7.3 45.8 -.5 -8.15 46.5 -.5 -8.05 46.7 -.5 -7.25
4 71 46.1 -.5 -6.35 45.9 -.5 -7.3 46.7 -.5 -7.25 46.95 -.5 -6.5
4 71 46.35 -.5 -5.6 46.1 -.5 -6.35 46.95 -.5 -6.5 47.3 -.5 -6
4 71 46.6 -.5 -5.1 46.35 -.5 -5.6 47.3 -.5 -6 46.8 -.5 -4.85
4 71 47.1 -.5 -4.7 46.8 -.5 -4.85 47.3 -.5 -6 47.65 -.5 -5.8
4 71 47.4 -.5 -4.7 47.1 -.5 -4.7 47.65 -.5 -5.8 47.75 -.5 -4.8
4 71 47.95 -.5 -4.95 47.75 -.5 -4.8 47.65 -.5 -5.8 48.2 -.5 -5.25
3 71 48.2 -.5 -5.25 47.65 -.5 -5.8 47.95 -.5 -5.75
3 71 48.2 -.5 -5.25 47.95 -.5 -5.75 48.2 -.5 -5.8
3 71 48.2 -.5 -5.25 48.2 -.5 -5.8 48.45 -.5 -5.95
4 71 46.85 -.5 -8.3 46.75 -.5 -9.15 47.65 -.5 -9.25 47.75 -.5 -8.55
4 71 46.85 -.5 -8.3 47.75 -.5 -8.55 47.9 -.5 -8.05 47.05 -.5 -7.4
4 71 47.05 -.5 -7.4 47.9 -.5 -8.05 48.1 -.5 -7.65 47.3 -.5 -6.7
4 71 47.55 -.5 -6.3 47.3 -.5 -6.7 48.1 -.5 -7.65 47.75 -.5 -6.2
4 71 48 -.5 -6.2 47.75 -.5 -6.2 48.1 -.5 -7.65 48.25 -.5 -6.4
4 71 48.25 -.5 -6.4 48.1 -.5 -7.65 48.3 -.5 -7.4 48.5 -.5 -6.65
3 71 48.5 -.5 -6.65 48.3 -.5 -7.4 48.55 -.5 -7.25
4 71 48.2 -.5 -8.5 48.1 -.5 -9.25 48.8 -.5 -9.25 48.85 -.5 -8.8
4 71 48.2 -.5 -8.5 48.85 -.5 -8.8 48.95 -.5 -8.4 48.3 -.5 -8.1
4 71 48.45 -.5 -7.8 48.3 -.5 -8.1 48.95 -.5 -8.4 48.65 -.5 -7.65
4 71 48.65 -.5 -7.65 48.95 -.5 -8.4 49.15 -.5 -8 49.15 -.5 -7.85
4 71 48.65 -.5 -7.65 49.15 -.5 -7.85 49.1 -.5 -7.7 48.9 -.5 -7.6
4 71 49.25 -.5 -8.8 49.2 -.5 -9.3 49.9 -.5 -9.35 50.45 -.5 -9.2
4 71 49.25 -.5 -8.8 50.45 -.5 -9.2 50.3 -.5 -8.4 49.4 -.5 -8.35
4 71 49.55 -.5 -8.05 49.4 -.5 -8.35 50.3 -.5 -8.4 50.15 -.5 -8
4 71 49.55 -.5 -8.05 50.15 -.5 -8 49.9 -.5 -7.85 49.7 -.5 -7.9
3 71 21.9 -.5 -7.9 21.8 -.5 -9.1 22.5 -.5 -9.05
