0 Minifig Torso with Race Suit with Ferrari Logos and Red Vertical Lines Pattern
0 Name: 973pyt.dat
0 Author: Massimo Maso [Sirio]
0 !LDRAW_ORG Unofficial_Part
0 !LICENSE Licensed under CC BY 4.0 : see CAreadme.txt

0 BFC CERTIFY CCW

0 !KEYWORDS 1962, 1979, 24h, 250, 312, 488, Bricklink 973pb3143
0 !KEYWORDS Equipe nationale belge, Garage, Gilles Villeneuve, GTE, GTO, Jacket
0 !KEYWORDS Jean "Beurly" Blaton, Le Mans, Léon "Eldé" Dernier, Race, Set 75889
0 !KEYWORDS Speed Champions, sport, T4, Ultimate, Uniform

0 // Logo primitives
1 0 8.4 14.12 -10 .6 0 0 0 0 -.6 0 1 0 s\logoferraris02a.dat
1 16 0 12.9 10 -1.05 0 0 0 0 -1.05 0 -1 0 s\logoferraris02.dat
0 // Subparts
1 16 0 0 0 1 0 0 0 1 0 0 0 1 s\973s01.dat
0 // Neck
1 0 0 -4 0 4.243 0 -4.243 0 -8 0 -4.243 0 -4.243 1-4cyli.dat
0 // Primitives
1 16 -11 3.4 10 0 0 -2 -2 0 0 0 -1 0 3-16ndis.dat
1 4 -11 3.4 10 0 0 -2 -2 0 0 0 -1 0 3-16chrd.dat
1 16 11 3.4 10 0 0 2 -2 0 0 0 -1 0 3-16ndis.dat
1 4 11 3.4 10 0 0 2 -2 0 0 0 -1 0 3-16chrd.dat
1 16 -11 3.4 -10 0 0 -2 -2 0 0 0 1 0 3-16ndis.dat
1 4 -11 3.4 -10 0 0 -2 -2 0 0 0 1 0 3-16chrd.dat
1 16 11 3.4 -10 0 0 2 -2 0 0 0 1 0 3-16ndis.dat
1 4 11 3.4 -10 0 0 2 -2 0 0 0 1 0 3-16chrd.dat
1 16 1.4 6.4 -10 .2 0 0 0 0 -.2 0 1 0 2-4ndis.dat
1 320 1.4 6.4 -10 .2 0 0 0 0 -.2 0 1 0 2-4chrd.dat
0 // Back
0 // Black faces
4 0 -14.6734 22.8451 10 -14.1944 23.0858 10 -12.8 31.1 10 -13.4 31.1 10
4 0 -14.746 22.538 10 -14.3067 22.6431 10 -14.1944 23.0858 10 -14.6734 22.8451 10
4 0 -14.8659 22.2461 10 -14.4849 22.2227 10 -14.3067 22.6431 10 -14.746 22.538 10
4 0 -15.0304 21.9767 10 -14.7248 21.8341 10 -14.4849 22.2227 10 -14.8659 22.2461 10
4 0 -15.2351 21.7365 10 -15.0209 21.4865 10 -14.7248 21.8341 10 -15.0304 21.9767 10
4 0 -16.0708 20.9 10 -16 20.5 10 -15.0209 21.4865 10 -15.2351 21.7365 10
4 0 12.8 31.1 10 14.1944 23.0858 10 14.6734 22.8451 10 13.4 31.1 10
4 0 14.1944 23.0858 10 14.3067 22.6431 10 14.746 22.538 10 14.6734 22.8451 10
4 0 14.3067 22.6431 10 14.4849 22.2227 10 14.8659 22.2461 10 14.746 22.538 10
4 0 14.4849 22.2227 10 14.7248 21.8341 10 15.0304 21.9767 10 14.8659 22.2461 10
4 0 14.7248 21.8341 10 15.0209 21.4865 10 15.2351 21.7365 10 15.0304 21.9767 10
4 0 15.0209 21.4865 10 16 20.5 10 16.0708 20.9 10 15.2351 21.7365 10
3 0 -7.3 1.4 10 -6.6 1.4 10 -7.01 1.7667 10
4 0 -6.6666 2.084 10 -6.2657 1.6981 10 -5.8828 1.9304 10 -6.1744 2.3995 10
4 0 -5.6304 2.6136 10 -5.464 2.0891 10 -5.0232 2.1689 10 -5.0552 2.7182 10
4 0 -5.464 2.0891 10 -5.6304 2.6136 10 -6.1744 2.3995 10 -5.8828 1.9304 10
4 0 -6.6 1.4 10 -6.2657 1.6981 10 -6.6666 2.084 10 -7.01 1.7667 10
4 0 -.8433 2.8955 10 -.838 2.3457 10 0 2.35 10 0 2.9 10
4 0 -1.6865 2.8818 10 -1.6759 2.3327 10 -.838 2.3457 10 -.8433 2.8955 10
4 0 -1.6759 2.3327 10 -1.6865 2.8818 10 -2.5294 2.8585 10 -2.5135 2.3102 10
4 0 -3.3721 2.8247 10 -3.3509 2.2772 10 -2.5135 2.3102 10 -2.5294 2.8585 10
4 0 -4.2141 2.7788 10 -4.1876 2.2315 10 -3.3509 2.2772 10 -3.3721 2.8247 10
4 0 -4.1876 2.2315 10 -4.2141 2.7788 10 -5.0552 2.7182 10 -5.0232 2.1689 10
3 0 6.6 1.4 10 7.3 1.4 10 7.01 1.7667 10
4 0 6.6 1.4 10 7.01 1.7667 10 6.6666 2.084 10 6.2657 1.6981 10
4 0 6.1744 2.3995 10 5.6304 2.6136 10 5.464 2.0891 10 5.8828 1.9304 10
4 0 5.8828 1.9304 10 6.2657 1.6981 10 6.6666 2.084 10 6.1744 2.3995 10
4 0 4.1876 2.2315 10 5.0232 2.1689 10 5.0552 2.7182 10 4.2141 2.7788 10
4 0 0 2.35 10 .838 2.3457 10 .8433 2.8955 10 0 2.9 10
4 0 .838 2.3457 10 1.6759 2.3327 10 1.6865 2.8818 10 .8433 2.8955 10
4 0 1.6759 2.3327 10 2.5135 2.3102 10 2.5294 2.8585 10 1.6865 2.8818 10
4 0 2.5135 2.3102 10 3.3509 2.2772 10 3.3721 2.8247 10 2.5294 2.8585 10
4 0 3.3509 2.2772 10 4.1876 2.2315 10 4.2141 2.7788 10 3.3721 2.8247 10
4 0 5.6304 2.6136 10 5.0552 2.7182 10 5.0232 2.1689 10 5.464 2.0891 10
0 // Red faces
3 4 -6.6666 2.084 10 -6.8706 1.9723 10 -7.01 1.7667 10
4 4 -12.8478 2.6346 10 -7.6142 2.1586 10 -9.5 4.2 10 -13.2475 4.9 10
4 4 -11 1.4 10 -7.3806 1.9924 10 -7.6142 2.1586 10 -12.8478 2.6346 10
4 4 -11 1.4 10 -7.01 1.7667 10 -7.1 1.9336 10 -7.3806 1.9924 10
3 4 -7.1 1.9336 10 -7.01 1.7667 10 -6.8706 1.9723 10
3 4 6.8706 1.9723 10 6.6666 2.084 10 7.01 1.7667 10
4 4 9.5 4.2 10 7.6142 2.1586 10 12.8478 2.6346 10 13.2475 4.9 10
4 4 7.3806 1.9924 10 7.1 1.9336 10 7.01 1.7667 10 11 1.4 10
3 4 7.01 1.7667 10 7.1 1.9336 10 6.8706 1.9723 10
3 4 7.3 1.4 10 11 1.4 10 7.01 1.7667 10
4 4 7.6142 2.1586 10 7.3806 1.9924 10 11 1.4 10 12.8478 2.6346 10
3 4 -11 1.4 10 -7.3 1.4 10 -7.01 1.7667 10
4 4 6.6 1.4 10 6.2657 1.6981 10 5.8828 1.9304 10 5.464 2.0891 10
4 4 6.6 1.4 10 5.464 2.0891 10 5.0232 2.1689 10 4.1876 2.2315 10
3 4 6.6 1.4 10 4.1876 2.2315 10 3.3509 2.2772 10
4 4 6.6 1.4 10 3.3509 2.2772 10 2.5135 2.3102 10 1.6759 2.3327 10
4 4 6.6 1.4 10 1.6759 2.3327 10 .838 2.3457 10 0 2.35 10
3 4 6.6 1.4 10 0 2.35 10 -6.6 1.4 10
4 4 -6.6 1.4 10 0 2.35 10 -.838 2.3457 10 -1.6759 2.3327 10
4 4 -6.6 1.4 10 -1.6759 2.3327 10 -2.5135 2.3102 10 -3.3509 2.2772 10
3 4 -6.6 1.4 10 -3.3509 2.2772 10 -4.1876 2.2315 10
4 4 -6.6 1.4 10 -4.1876 2.2315 10 -5.0232 2.1689 10 -5.464 2.0891 10
4 4 -6.6 1.4 10 -5.464 2.0891 10 -5.8828 1.9304 10 -6.2657 1.6981 10
0 // Neutral faces
3 16 12 0 10 14.345 2 10 13 1.4 10
3 16 12 0 10 13 1.4 10 11 1.4 10
3 16 12 0 10 11 1.4 10 7.3 1.4 10
3 16 12 0 10 7.3 1.4 10 6.6 1.4 10
4 16 12 0 10 6.6 1.4 10 -6.6 1.4 10 -12 0 10
3 16 -12 0 10 -6.6 1.4 10 -7.3 1.4 10
3 16 -12 0 10 -7.3 1.4 10 -11 1.4 10
3 16 -12 0 10 -11 1.4 10 -13 1.4 10
3 16 -12 0 10 -13 1.4 10 -14.345 2 10
4 16 14.345 2 10 13.2475 4.9 10 12.8478 2.6346 10 13 1.4 10
4 16 14.345 2 10 19 29 10 16 20.5 10 13.2475 4.9 10
4 16 -14.345 2 10 -13 1.4 10 -12.8478 2.6346 10 -13.2475 4.9 10
4 16 -14.345 2 10 -13.2475 4.9 10 -16 20.5 10 -19 29 10
4 16 19 32 10 16.0708 20.9 10 16 20.5 10 19 29 10
4 16 19 32 10 15.0304 21.9767 10 15.2351 21.7365 10 16.0708 20.9 10
4 16 19 32 10 14.746 22.538 10 14.8659 22.2461 10 15.0304 21.9767 10
4 16 19 32 10 13.4 31.1 10 14.6734 22.8451 10 14.746 22.538 10
3 16 19 32 10 12.8 31.1 10 13.4 31.1 10
4 16 19 32 10 -19 32 10 -12.8 31.1 10 12.8 31.1 10
4 16 -19 32 10 -19 29 10 -16 20.5 10 -16.0708 20.9 10
4 16 -19 32 10 -16.0708 20.9 10 -15.2351 21.7365 10 -15.0304 21.9767 10
4 16 -19 32 10 -15.0304 21.9767 10 -14.8659 22.2461 10 -14.746 22.538 10
4 16 -19 32 10 -14.746 22.538 10 -14.6734 22.8451 10 -13.4 31.1 10
3 16 -19 32 10 -13.4 31.1 10 -12.8 31.1 10
3 16 12.8 31.1 10 -12.8 31.1 10 0 20.88 10
4 16 12.8 31.1 10 0 20.88 10 5.733 20.88 10 14.1944 23.0858 10
4 16 -12.8 31.1 10 -14.1944 23.0858 10 -5.733 20.88 10 0 20.88 10
4 16 14.3067 22.6431 10 14.1944 23.0858 10 5.733 20.88 10 5.733 11.325 10
4 16 5.733 7.4453 10 14.4849 22.2227 10 14.3067 22.6431 10 5.733 11.325 10
4 16 5.733 7.4453 10 5.733 6.978 10 14.7248 21.8341 10 14.4849 22.2227 10
4 16 5.733 6.978 10 5.733 6.558 10 15.0209 21.4865 10 14.7248 21.8341 10
4 16 5.733 6.558 10 5.733 6.1643 10 16 20.5 10 15.0209 21.4865 10
4 16 5.733 6.1643 10 5.733 4.92 10 9.5 4.2 10 13.2475 4.9 10
3 16 5.733 6.1643 10 13.2475 4.9 10 16 20.5 10
4 16 0 4.92 10 0 2.9 10 .8433 2.8955 10 5.733 4.92 10
4 16 9.5 4.2 10 7.1 1.9336 10 7.3806 1.9924 10 7.6142 2.1586 10
4 16 7.1 1.9336 10 9.5 4.2 10 6.6666 2.084 10 6.8706 1.9723 10
4 16 9.5 4.2 10 5.733 4.92 10 6.1744 2.3995 10 6.6666 2.084 10
3 16 5.733 4.92 10 .8433 2.8955 10 1.6865 2.8818 10
3 16 5.733 4.92 10 1.6865 2.8818 10 2.5294 2.8585 10
3 16 5.733 4.92 10 2.5294 2.8585 10 3.3721 2.8247 10
3 16 5.733 4.92 10 3.3721 2.8247 10 4.2141 2.7788 10
3 16 5.733 4.92 10 4.2141 2.7788 10 5.0552 2.7182 10
3 16 5.733 4.92 10 5.0552 2.7182 10 5.6304 2.6136 10
3 16 5.733 4.92 10 5.6304 2.6136 10 6.1744 2.3995 10
4 16 -5.733 20.88 10 -14.1944 23.0858 10 -14.3067 22.6431 10 -5.733 11.325 10
4 16 -14.3067 22.6431 10 -14.4849 22.2227 10 -5.733 7.4453 10 -5.733 11.325 10
4 16 -14.7248 21.8341 10 -5.733 6.978 10 -5.733 7.4453 10 -14.4849 22.2227 10
4 16 -15.0209 21.4865 10 -5.733 6.558 10 -5.733 6.978 10 -14.7248 21.8341 10
4 16 -16 20.5 10 -5.733 6.1643 10 -5.733 6.558 10 -15.0209 21.4865 10
4 16 -9.5 4.2 10 -5.733 4.92 10 -5.733 6.1643 10 -13.2475 4.9 10
3 16 -13.2475 4.9 10 -5.733 6.1643 10 -16 20.5 10
4 16 -.8433 2.8955 10 0 2.9 10 0 4.92 10 -5.733 4.92 10
4 16 -7.3806 1.9924 10 -7.1 1.9336 10 -9.5 4.2 10 -7.6142 2.1586 10
4 16 -6.6666 2.084 10 -9.5 4.2 10 -7.1 1.9336 10 -6.8706 1.9723 10
4 16 -6.1744 2.3995 10 -5.733 4.92 10 -9.5 4.2 10 -6.6666 2.084 10
3 16 -.8433 2.8955 10 -5.733 4.92 10 -1.6865 2.8818 10
3 16 -1.6865 2.8818 10 -5.733 4.92 10 -2.5294 2.8585 10
3 16 -2.5294 2.8585 10 -5.733 4.92 10 -3.3721 2.8247 10
3 16 -3.3721 2.8247 10 -5.733 4.92 10 -4.2141 2.7788 10
3 16 -4.2141 2.7788 10 -5.733 4.92 10 -5.0552 2.7182 10
3 16 -5.0552 2.7182 10 -5.733 4.92 10 -5.6304 2.6136 10
3 16 -5.6304 2.6136 10 -5.733 4.92 10 -6.1744 2.3995 10
0 // Front
0 // Black letter "S"
4 0 7.785 16.529 -10 7.815 16.523 -10 7.806 16.514 -10 7.794 16.52 -10
4 0 7.821 16.544 -10 7.815 16.523 -10 7.785 16.529 -10 7.773 16.544 -10
4 0 7.821 16.568 -10 7.821 16.544 -10 7.773 16.544 -10 7.758 16.559 -10
4 0 7.545 16.589 -10 7.581 16.517 -10 7.542 16.511 -10 7.5 16.589 -10
4 0 7.569 16.592 -10 7.623 16.526 -10 7.581 16.517 -10 7.545 16.589 -10
4 0 7.467 16.598 -10 7.5 16.589 -10 7.542 16.511 -10 7.494 16.511 -10
4 0 7.821 16.598 -10 7.821 16.568 -10 7.758 16.559 -10 7.74 16.565 -10
4 0 7.605 16.604 -10 7.653 16.538 -10 7.623 16.526 -10 7.569 16.592 -10
4 0 7.443 16.607 -10 7.467 16.598 -10 7.494 16.511 -10 7.449 16.514 -10
4 0 7.425 16.619 -10 7.443 16.607 -10 7.449 16.514 -10 7.416 16.523 -10
4 0 7.644 16.622 -10 7.683 16.553 -10 7.653 16.538 -10 7.605 16.604 -10
4 0 7.407 16.634 -10 7.425 16.619 -10 7.416 16.523 -10 7.386 16.535 -10
4 0 7.68 16.643 -10 7.716 16.565 -10 7.683 16.553 -10 7.644 16.622 -10
4 0 7.398 16.652 -10 7.407 16.634 -10 7.386 16.535 -10 7.35 16.559 -10
4 0 7.713 16.667 -10 7.74 16.565 -10 7.716 16.565 -10 7.68 16.643 -10
4 0 7.713 16.667 -10 7.824 16.64 -10 7.821 16.598 -10 7.74 16.565 -10
4 0 7.395 16.673 -10 7.398 16.652 -10 7.35 16.559 -10 7.323 16.583 -10
4 0 7.395 16.691 -10 7.395 16.673 -10 7.323 16.583 -10 7.299 16.613 -10
4 0 7.743 16.694 -10 7.833 16.691 -10 7.824 16.64 -10 7.713 16.667 -10
4 0 7.401 16.709 -10 7.395 16.691 -10 7.299 16.613 -10 7.278 16.652 -10
4 0 7.41 16.724 -10 7.401 16.709 -10 7.278 16.652 -10 7.275 16.679 -10
4 0 7.845 16.736 -10 7.833 16.691 -10 7.743 16.694 -10 7.767 16.721 -10
4 0 7.425 16.742 -10 7.41 16.724 -10 7.275 16.679 -10 7.275 16.724 -10
4 0 7.863 16.757 -10 7.845 16.736 -10 7.767 16.721 -10 7.782 16.745 -10
4 0 7.794 16.766 -10 7.878 16.763 -10 7.863 16.757 -10 7.782 16.745 -10
4 0 7.278 16.769 -10 7.446 16.76 -10 7.425 16.742 -10 7.275 16.724 -10
4 0 7.812 16.787 -10 7.878 16.781 -10 7.878 16.763 -10 7.794 16.766 -10
4 0 7.827 16.802 -10 7.872 16.799 -10 7.878 16.781 -10 7.812 16.787 -10
4 0 7.845 16.814 -10 7.86 16.814 -10 7.872 16.799 -10 7.827 16.802 -10
4 0 7.29 16.817 -10 7.47 16.778 -10 7.446 16.76 -10 7.278 16.769 -10
4 0 7.314 16.865 -10 7.5 16.796 -10 7.47 16.778 -10 7.29 16.817 -10
4 0 7.344 16.901 -10 7.53 16.811 -10 7.5 16.796 -10 7.314 16.865 -10
4 0 7.377 16.931 -10 7.563 16.823 -10 7.53 16.811 -10 7.344 16.901 -10
4 0 7.419 16.952 -10 7.602 16.838 -10 7.563 16.823 -10 7.377 16.931 -10
4 0 7.473 16.97 -10 7.632 16.847 -10 7.602 16.838 -10 7.419 16.952 -10
4 0 7.536 16.982 -10 7.671 16.859 -10 7.632 16.847 -10 7.473 16.97 -10
4 0 7.59 16.997 -10 7.707 16.874 -10 7.671 16.859 -10 7.536 16.982 -10
4 0 7.638 17.012 -10 7.746 16.892 -10 7.707 16.874 -10 7.59 16.997 -10
4 0 7.68 17.03 -10 7.788 16.919 -10 7.746 16.892 -10 7.638 17.012 -10
4 0 7.707 17.045 -10 7.827 16.949 -10 7.788 16.919 -10 7.68 17.03 -10
4 0 7.734 17.06 -10 7.86 16.988 -10 7.827 16.949 -10 7.707 17.045 -10
4 0 7.755 17.078 -10 7.887 17.033 -10 7.86 16.988 -10 7.734 17.06 -10
4 0 7.779 17.102 -10 7.902 17.072 -10 7.887 17.033 -10 7.755 17.078 -10
4 0 7.797 17.126 -10 7.914 17.12 -10 7.902 17.072 -10 7.779 17.102 -10
4 0 7.92 17.156 -10 7.914 17.12 -10 7.797 17.126 -10 7.809 17.15 -10
4 0 7.32 17.162 -10 7.383 17.027 -10 7.347 17.027 -10 7.32 17.03 -10
4 0 7.32 17.162 -10 7.32 17.03 -10 7.287 17.039 -10 7.248 17.06 -10
4 0 7.32 17.162 -10 7.431 17.048 -10 7.407 17.033 -10 7.383 17.027 -10
4 0 7.32 17.162 -10 7.248 17.06 -10 7.23 17.087 -10 7.221 17.123 -10
4 0 7.32 17.162 -10 7.452 17.09 -10 7.449 17.069 -10 7.431 17.048 -10
4 0 7.32 17.162 -10 7.434 17.138 -10 7.449 17.108 -10 7.452 17.09 -10
4 0 7.392 17.174 -10 7.41 17.162 -10 7.434 17.138 -10 7.32 17.162 -10
4 0 7.311 17.177 -10 7.32 17.162 -10 7.221 17.123 -10 7.218 17.159 -10
3 0 7.362 17.18 -10 7.32 17.162 -10 7.341 17.174 -10
4 0 7.38 17.18 -10 7.392 17.174 -10 7.32 17.162 -10 7.362 17.18 -10
4 0 7.218 17.192 -10 7.308 17.192 -10 7.311 17.177 -10 7.218 17.159 -10
4 0 7.812 17.195 -10 7.92 17.195 -10 7.92 17.156 -10 7.809 17.15 -10
4 0 7.221 17.228 -10 7.305 17.225 -10 7.308 17.192 -10 7.218 17.192 -10
4 0 7.914 17.24 -10 7.92 17.195 -10 7.812 17.195 -10 7.809 17.228 -10
4 0 7.227 17.261 -10 7.308 17.255 -10 7.305 17.225 -10 7.221 17.228 -10
4 0 7.233 17.285 -10 7.314 17.282 -10 7.308 17.255 -10 7.227 17.261 -10
4 0 7.905 17.288 -10 7.914 17.24 -10 7.809 17.228 -10 7.8 17.258 -10
4 0 7.245 17.318 -10 7.326 17.303 -10 7.314 17.282 -10 7.233 17.285 -10
4 0 7.887 17.33 -10 7.905 17.288 -10 7.8 17.258 -10 7.791 17.282 -10
4 0 7.26 17.345 -10 7.341 17.321 -10 7.326 17.303 -10 7.245 17.318 -10
4 0 7.863 17.369 -10 7.887 17.33 -10 7.791 17.282 -10 7.776 17.309 -10
4 0 7.284 17.378 -10 7.362 17.342 -10 7.341 17.321 -10 7.26 17.345 -10
4 0 7.317 17.408 -10 7.383 17.357 -10 7.362 17.342 -10 7.284 17.378 -10
4 0 7.827 17.408 -10 7.863 17.369 -10 7.776 17.309 -10 7.758 17.333 -10
4 0 7.344 17.429 -10 7.404 17.369 -10 7.383 17.357 -10 7.317 17.408 -10
4 0 7.794 17.435 -10 7.827 17.408 -10 7.758 17.333 -10 7.734 17.354 -10
4 0 7.374 17.444 -10 7.428 17.378 -10 7.404 17.369 -10 7.344 17.429 -10
4 0 7.416 17.462 -10 7.455 17.387 -10 7.428 17.378 -10 7.374 17.444 -10
4 0 7.731 17.465 -10 7.794 17.435 -10 7.734 17.354 -10 7.713 17.366 -10
4 0 7.458 17.474 -10 7.482 17.393 -10 7.455 17.387 -10 7.416 17.462 -10
4 0 7.689 17.477 -10 7.731 17.465 -10 7.713 17.366 -10 7.686 17.381 -10
4 0 7.488 17.48 -10 7.518 17.399 -10 7.482 17.393 -10 7.458 17.474 -10
4 0 7.524 17.483 -10 7.557 17.402 -10 7.518 17.399 -10 7.488 17.48 -10
4 0 7.65 17.483 -10 7.689 17.477 -10 7.686 17.381 -10 7.659 17.39 -10
4 0 7.563 17.486 -10 7.59 17.402 -10 7.557 17.402 -10 7.524 17.483 -10
4 0 7.608 17.486 -10 7.632 17.396 -10 7.59 17.402 -10 7.563 17.486 -10
4 0 7.608 17.486 -10 7.65 17.483 -10 7.659 17.39 -10 7.632 17.396 -10
0 // Black letter "F"
4 0 10.116 16.529 -10 10.134 16.511 -10 10.146 16.487 -10 10.116 16.499 -10
4 0 10.101 16.544 -10 10.116 16.529 -10 10.116 16.499 -10 10.095 16.508 -10
4 0 10.077 16.562 -10 10.101 16.544 -10 10.095 16.508 -10 10.068 16.52 -10
4 0 9.726 16.574 -10 9.699 16.574 -10 9.681 16.661 -10 9.726 16.661 -10
4 0 9.726 16.574 -10 9.726 16.661 -10 9.768 16.658 -10 9.759 16.574 -10
4 0 9.759 16.574 -10 9.768 16.658 -10 9.81 16.655 -10 9.807 16.571 -10
4 0 10.056 16.574 -10 10.077 16.562 -10 10.068 16.52 -10 10.041 16.529 -10
4 0 9.069 16.586 -10 9.099 16.643 -10 9.114 16.634 -10 9.093 16.571 -10
4 0 10.029 16.589 -10 10.056 16.574 -10 10.041 16.529 -10 10.017 16.535 -10
4 0 9.996 16.604 -10 10.029 16.589 -10 10.017 16.535 -10 9.987 16.544 -10
4 0 9.192 16.613 -10 9.219 16.613 -10 9.252 16.538 -10 9.213 16.541 -10
4 0 9.171 16.616 -10 9.192 16.613 -10 9.213 16.541 -10 9.18 16.547 -10
4 0 9.255 16.616 -10 9.288 16.538 -10 9.252 16.538 -10 9.219 16.613 -10
4 0 9.279 16.619 -10 9.324 16.538 -10 9.288 16.538 -10 9.255 16.616 -10
4 0 9.147 16.622 -10 9.171 16.616 -10 9.18 16.547 -10 9.15 16.553 -10
4 0 9.951 16.622 -10 9.996 16.604 -10 9.987 16.544 -10 9.954 16.553 -10
4 0 9.318 16.625 -10 9.369 16.538 -10 9.324 16.538 -10 9.279 16.619 -10
4 0 9.129 16.628 -10 9.147 16.622 -10 9.15 16.553 -10 9.12 16.562 -10
4 0 9.918 16.631 -10 9.951 16.622 -10 9.954 16.553 -10 9.921 16.559 -10
4 0 9.114 16.634 -10 9.129 16.628 -10 9.12 16.562 -10 9.093 16.571 -10
4 0 9.363 16.634 -10 9.411 16.541 -10 9.369 16.538 -10 9.318 16.625 -10
4 0 9.879 16.64 -10 9.918 16.631 -10 9.921 16.559 -10 9.885 16.565 -10
4 0 9.405 16.643 -10 9.459 16.544 -10 9.411 16.541 -10 9.363 16.634 -10
4 0 9.84 16.649 -10 9.879 16.64 -10 9.885 16.565 -10 9.852 16.568 -10
4 0 9.087 16.652 -10 9.099 16.643 -10 9.069 16.586 -10 9.045 16.604 -10
4 0 9.441 16.652 -10 9.528 16.553 -10 9.459 16.544 -10 9.405 16.643 -10
4 0 9.81 16.655 -10 9.84 16.649 -10 9.852 16.568 -10 9.807 16.571 -10
4 0 9.072 16.664 -10 9.087 16.652 -10 9.045 16.604 -10 9.024 16.622 -10
4 0 9.642 16.664 -10 9.681 16.661 -10 9.699 16.574 -10 9.66 16.571 -10
4 0 9.495 16.667 -10 9.6 16.565 -10 9.528 16.553 -10 9.441 16.652 -10
4 0 9.495 16.667 -10 9.642 16.664 -10 9.66 16.571 -10 9.6 16.565 -10
4 0 9.057 16.682 -10 9.072 16.664 -10 9.024 16.622 -10 9 16.646 -10
4 0 9.48 16.688 -10 9.627 16.673 -10 9.642 16.664 -10 9.495 16.667 -10
4 0 9.048 16.694 -10 9.057 16.682 -10 9 16.646 -10 8.988 16.67 -10
4 0 9.042 16.706 -10 9.048 16.694 -10 8.988 16.67 -10 8.979 16.7 -10
4 0 9.462 16.718 -10 9.615 16.688 -10 9.627 16.673 -10 9.48 16.688 -10
4 0 8.973 16.73 -10 9.039 16.721 -10 9.042 16.706 -10 8.979 16.7 -10
3 0 9.255 16.751 -10 9.261 16.721 -10 9.24 16.739 -10
4 0 8.973 16.766 -10 9.039 16.727 -10 9.039 16.721 -10 8.973 16.73 -10
4 0 9.246 16.775 -10 9.255 16.751 -10 9.24 16.739 -10 9.228 16.748 -10
4 0 8.976 16.796 -10 9.039 16.739 -10 9.039 16.727 -10 8.973 16.766 -10
4 0 9.414 16.799 -10 9.597 16.718 -10 9.615 16.688 -10 9.462 16.718 -10
4 0 9.228 16.805 -10 9.246 16.775 -10 9.228 16.748 -10 9.207 16.76 -10
4 0 8.982 16.814 -10 9.042 16.751 -10 9.039 16.739 -10 8.976 16.796 -10
4 0 9.204 16.829 -10 9.228 16.805 -10 9.207 16.76 -10 9.192 16.769 -10
4 0 8.991 16.832 -10 9.045 16.76 -10 9.042 16.751 -10 8.982 16.814 -10
4 0 9.18 16.847 -10 9.204 16.829 -10 9.192 16.769 -10 9.171 16.778 -10
4 0 9.009 16.85 -10 9.057 16.772 -10 9.045 16.76 -10 8.991 16.832 -10
4 0 9.153 16.859 -10 9.18 16.847 -10 9.171 16.778 -10 9.153 16.784 -10
4 0 9.036 16.862 -10 9.072 16.781 -10 9.057 16.772 -10 9.009 16.85 -10
4 0 9.129 16.865 -10 9.153 16.859 -10 9.153 16.784 -10 9.132 16.787 -10
4 0 9.066 16.868 -10 9.093 16.787 -10 9.072 16.781 -10 9.036 16.862 -10
4 0 9.096 16.868 -10 9.108 16.787 -10 9.093 16.787 -10 9.066 16.868 -10
4 0 9.096 16.868 -10 9.129 16.865 -10 9.132 16.787 -10 9.108 16.787 -10
4 0 9.378 16.871 -10 9.555 16.799 -10 9.597 16.718 -10 9.414 16.799 -10
3 0 9.654 16.925 -10 9.654 16.898 -10 9.645 16.91 -10
4 0 9.648 16.946 -10 9.654 16.925 -10 9.645 16.91 -10 9.636 16.919 -10
4 0 9.345 16.952 -10 9.522 16.871 -10 9.555 16.799 -10 9.378 16.871 -10
4 0 9.639 16.964 -10 9.648 16.946 -10 9.636 16.919 -10 9.624 16.928 -10
4 0 9.627 16.985 -10 9.639 16.964 -10 9.624 16.928 -10 9.612 16.937 -10
4 0 9.612 17.003 -10 9.627 16.985 -10 9.612 16.937 -10 9.597 16.946 -10
4 0 9.591 17.018 -10 9.612 17.003 -10 9.597 16.946 -10 9.582 16.952 -10
4 0 9.567 17.033 -10 9.591 17.018 -10 9.582 16.952 -10 9.558 16.955 -10
4 0 9.282 17.036 -10 9.297 17.036 -10 9.297 16.955 -10 9.276 16.961 -10
4 0 9.261 17.042 -10 9.282 17.036 -10 9.276 16.961 -10 9.255 16.97 -10
4 0 9.306 17.042 -10 9.324 16.952 -10 9.297 16.955 -10 9.297 17.036 -10
4 0 9.534 17.045 -10 9.567 17.033 -10 9.558 16.955 -10 9.54 16.955 -10
4 0 9.456 17.048 -10 9.345 16.952 -10 9.324 16.952 -10 9.306 17.042 -10
4 0 9.456 17.048 -10 9.492 16.955 -10 9.522 16.871 -10 9.345 16.952 -10
4 0 9.501 17.048 -10 9.516 16.955 -10 9.492 16.955 -10 9.456 17.048 -10
4 0 9.501 17.048 -10 9.534 17.045 -10 9.54 16.955 -10 9.516 16.955 -10
4 0 9.24 17.051 -10 9.261 17.042 -10 9.255 16.97 -10 9.237 16.985 -10
4 0 9.45 17.057 -10 9.456 17.048 -10 9.306 17.042 -10 9.309 17.054 -10
4 0 9.222 17.06 -10 9.24 17.051 -10 9.237 16.985 -10 9.219 17.003 -10
4 0 9.207 17.069 -10 9.222 17.06 -10 9.219 17.003 -10 9.204 17.021 -10
4 0 9.195 17.078 -10 9.207 17.069 -10 9.204 17.021 -10 9.195 17.039 -10
4 0 9.306 17.078 -10 9.447 17.072 -10 9.45 17.057 -10 9.309 17.054 -10
4 0 9.18 17.087 -10 9.195 17.078 -10 9.195 17.039 -10 9.186 17.06 -10
4 0 9.438 17.093 -10 9.447 17.072 -10 9.306 17.078 -10 9.3 17.093 -10
4 0 9.429 17.117 -10 9.438 17.093 -10 9.3 17.093 -10 9.291 17.114 -10
4 0 9.273 17.15 -10 9.417 17.147 -10 9.429 17.117 -10 9.291 17.114 -10
4 0 8.781 17.168 -10 8.805 17.018 -10 8.79 17.018 -10 8.775 17.021 -10
3 0 8.781 17.168 -10 8.775 17.021 -10 8.76 17.024 -10
4 0 8.781 17.168 -10 8.76 17.024 -10 8.745 17.033 -10 8.73 17.048 -10
4 0 8.781 17.168 -10 8.844 17.03 -10 8.826 17.024 -10 8.805 17.018 -10
4 0 8.781 17.168 -10 8.73 17.048 -10 8.718 17.063 -10 8.706 17.087 -10
4 0 8.781 17.168 -10 8.877 17.051 -10 8.859 17.039 -10 8.844 17.03 -10
3 0 8.781 17.168 -10 8.889 17.06 -10 8.877 17.051 -10
3 0 8.781 17.168 -10 8.901 17.069 -10 8.889 17.06 -10
4 0 8.781 17.168 -10 8.706 17.087 -10 8.7 17.111 -10 8.697 17.129 -10
4 0 8.781 17.168 -10 8.922 17.09 -10 8.913 17.078 -10 8.901 17.069 -10
4 0 8.781 17.168 -10 8.931 17.12 -10 8.928 17.105 -10 8.922 17.09 -10
3 0 8.781 17.168 -10 8.697 17.129 -10 8.691 17.162 -10
3 0 8.781 17.168 -10 8.931 17.141 -10 8.931 17.12 -10
4 0 8.781 17.168 -10 8.928 17.168 -10 8.931 17.153 -10 8.931 17.141 -10
4 0 8.901 17.189 -10 8.916 17.18 -10 8.928 17.168 -10 8.781 17.168 -10
4 0 9.399 17.189 -10 9.417 17.147 -10 9.273 17.15 -10 9.249 17.189 -10
3 0 8.862 17.192 -10 8.781 17.168 -10 8.817 17.183 -10
4 0 8.883 17.192 -10 8.901 17.189 -10 8.781 17.168 -10 8.862 17.192 -10
4 0 8.688 17.204 -10 8.769 17.186 -10 8.781 17.168 -10 8.691 17.162 -10
4 0 9.378 17.231 -10 9.399 17.189 -10 9.249 17.189 -10 9.228 17.225 -10
4 0 8.691 17.234 -10 8.754 17.222 -10 8.769 17.186 -10 8.688 17.204 -10
4 0 8.697 17.27 -10 8.751 17.252 -10 8.754 17.222 -10 8.691 17.234 -10
4 0 9.351 17.279 -10 9.378 17.231 -10 9.228 17.225 -10 9.198 17.27 -10
4 0 8.709 17.312 -10 8.754 17.276 -10 8.751 17.252 -10 8.697 17.27 -10
4 0 9.312 17.339 -10 9.351 17.279 -10 9.198 17.27 -10 9.171 17.306 -10
4 0 8.727 17.354 -10 8.763 17.303 -10 8.754 17.276 -10 8.709 17.312 -10
4 0 8.745 17.384 -10 8.781 17.327 -10 8.763 17.303 -10 8.727 17.354 -10
4 0 9.27 17.39 -10 9.312 17.339 -10 9.171 17.306 -10 9.138 17.348 -10
4 0 8.769 17.414 -10 8.799 17.348 -10 8.781 17.327 -10 8.745 17.384 -10
4 0 9.225 17.435 -10 9.27 17.39 -10 9.138 17.348 -10 9.114 17.375 -10
4 0 8.793 17.438 -10 8.826 17.369 -10 8.799 17.348 -10 8.769 17.414 -10
4 0 8.826 17.462 -10 8.85 17.384 -10 8.826 17.369 -10 8.793 17.438 -10
4 0 9.186 17.465 -10 9.225 17.435 -10 9.114 17.375 -10 9.09 17.393 -10
4 0 8.859 17.48 -10 8.877 17.396 -10 8.85 17.384 -10 8.826 17.462 -10
4 0 9.144 17.486 -10 9.186 17.465 -10 9.09 17.393 -10 9.069 17.405 -10
4 0 8.892 17.492 -10 8.901 17.405 -10 8.877 17.396 -10 8.859 17.48 -10
4 0 9.108 17.501 -10 9.144 17.486 -10 9.069 17.405 -10 9.042 17.414 -10
4 0 8.94 17.504 -10 8.934 17.414 -10 8.901 17.405 -10 8.892 17.492 -10
4 0 8.97 17.51 -10 8.958 17.42 -10 8.934 17.414 -10 8.94 17.504 -10
4 0 8.97 17.51 -10 9.009 17.51 -10 8.985 17.42 -10 8.958 17.42 -10
4 0 9.009 17.51 -10 9.072 17.51 -10 9.012 17.42 -10 8.985 17.42 -10
4 0 9.072 17.51 -10 9.108 17.501 -10 9.042 17.414 -10 9.012 17.42 -10
0 // Black faces
4 0 -14.3249 24.1614 -10 -14.0607 23.8113 -10 -16.1943 21.6 -10 -16.2825 22.1 -10
4 0 -14.2243 24.286 -10 -13.8545 24.0632 -10 -14.0607 23.8113 -10 -14.3249 24.1614 -10
4 0 -13.5134 24.9689 -10 -14.057 24.732 -10 -13.3 31.1 -10 -12.8 31.1 -10
4 0 -13.8545 24.0632 -10 -14.2243 24.286 -10 -14.1448 24.425 -10 -13.6919 24.3451 -10
4 0 -14.0886 24.575 -10 -13.5772 24.6497 -10 -13.6919 24.3451 -10 -14.1448 24.425 -10
4 0 -13.5772 24.6497 -10 -14.0886 24.575 -10 -14.057 24.732 -10 -13.5134 24.9689 -10
4 0 16.1943 21.6 -10 14.0607 23.8113 -10 14.3249 24.1614 -10 16.2825 22.1 -10
4 0 14.0607 23.8113 -10 13.8545 24.0632 -10 14.2243 24.286 -10 14.3249 24.1614 -10
4 0 13.8545 24.0632 -10 13.6919 24.3451 -10 14.1448 24.425 -10 14.2243 24.286 -10
4 0 13.6919 24.3451 -10 13.5772 24.6497 -10 14.0886 24.575 -10 14.1448 24.425 -10
4 0 14.057 24.732 -10 14.0886 24.575 -10 13.5772 24.6497 -10 13.5134 24.9689 -10
4 0 13.3 31.1 -10 14.057 24.732 -10 13.5134 24.9689 -10 12.8 31.1 -10
4 0 -5.15 1.599 -10 -4.6 1.5956 -10 -4.6 1.4 -10 -5.15 1.4 -10
4 0 -5.4852 4.8738 -10 -6.0245 5 -10 -5.8 5.5476 -10 -5.2705 5.3745 -10
4 0 -5.6847 5.7068 -10 -5.5297 5.8276 -10 -5.2705 5.3745 -10 -5.8 5.5476 -10
4 0 -6.5756 4.123 -10 -6.614 4.7391 -10 -6.0245 5 -10 -6.1647 4.35 -10
4 0 -6.9519 3.8423 -10 -7.154 4.3869 -10 -6.614 4.7391 -10 -6.5756 4.123 -10
4 0 -7.154 4.3869 -10 -6.9519 3.8423 -10 -7.2866 3.5132 -10 -7.6303 3.9526 -10
4 0 -7.5735 3.1416 -10 -8.0307 3.4474 -10 -7.6303 3.9526 -10 -7.2866 3.5132 -10
3 0 -7.5735 3.1416 -10 -8.117 3.3184 -10 -8.0307 3.4474 -10
4 0 -7.5735 3.1416 -10 -8.7383 1.4 -10 -8.5054 2.7376 -10 -8.117 3.3184 -10
3 0 -8.5054 2.7376 -10 -8.7383 1.4 -10 -9.4 1.4 -10
4 0 -5.5297 5.8276 -10 -5.3472 5.9006 -10 -5.1516 5.92 -10 -5.2705 5.3745 -10
3 0 -5.2705 5.3745 -10 -5.1516 5.92 -10 -4.4013 5.8884 -10
4 0 -5.2705 5.3745 -10 -4.4013 5.8884 -10 -4.1341 5.8772 -10 -2.3231 5.2505 -10
3 0 -2.3231 5.2505 -10 -4.1341 5.8772 -10 -2.8016 5.8211 -10
4 0 3.4077 1.4 -10 -.8 1.4 -10 1.263 1.7264 -10 2.3371 1.5747 -10
4 0 -1.9752 2.0427 -10 -3.0476 1.5507 -10 -3.8236 1.5792 -10 -3.0584 2.1017 -10
4 0 -3.0476 1.5507 -10 -1.9752 2.0427 -10 -.8936 1.9604 -10 -2.2977 1.5117 -10
4 0 -.8075 5.6732 -10 -.9561 5.1375 -10 -2.3231 5.2505 -10 -2.3 5.8 -10
4 0 .6687 5.4196 -10 .3974 4.9147 -10 -.9561 5.1375 -10 -.8075 5.6732 -10
4 0 .3974 4.9147 -10 .6687 5.4196 -10 2.1179 5.0409 -10 1.7285 4.5835 -10
4 0 3.5295 4.54 -10 3.0286 4.1459 -10 1.7285 4.5835 -10 2.1179 5.0409 -10
4 0 6.6591 2.2275 -10 5.5019 2.9641 -10 4.8856 3.9244 -10 6.1847 3.196 -10
4 0 6.6646 2.8705 -10 7.4173 2.36 -10 7.8839 1.9813 -10 7.753 1.4 -10
4 0 .186 1.855 -10 -1.5484 1.4615 -10 -2.2977 1.5117 -10 -.8936 1.9604 -10
4 0 -1.5484 1.4615 -10 .186 1.855 -10 1.263 1.7264 -10 -.8 1.4 -10
3 0 8.6 1.4 -10 7.753 1.4 -10 7.8839 1.9813 -10
4 0 -.9 31.1 -10 -1.3478 18 -10 -2.1393 12.4 -10 -1.5 31.1 -10
4 0 -2.7478 6.1641 -10 -2.3 5.8 -10 -2.3231 5.2505 -10 -2.8016 5.8211 -10
4 0 -5.6094 4.3433 -10 -6.1647 4.35 -10 -6.0245 5 -10 -5.4852 4.8738 -10
4 0 -1.5466 13.9247 -10 -2.1393 12.4 -10 -1.3478 18 -10 -1.4324 15.9616 -10
4 0 -5.65 3.8 -10 -6.2 3.8 -10 -6.1647 4.35 -10 -5.6094 4.3433 -10
4 0 -6.2 3.8 -10 -5.65 3.8 -10 -5.6049 3.2281 -10 -6.1406 3.0895 -10
4 0 -5.4669 2.6712 -10 -5.9563 2.4008 -10 -6.1406 3.0895 -10 -5.6049 3.2281 -10
4 0 -5.2271 2.15 -10 -5.6264 1.7687 -10 -5.9563 2.4008 -10 -5.4669 2.6712 -10
4 0 -5.4836 1.6446 -10 -5.5624 1.6981 -10 -5.6264 1.7687 -10 -5.2271 2.15 -10
4 0 -5.15 1.599 -10 -5.2271 2.15 -10 -4.1425 2.1375 -10 -4.6 1.5956 -10
4 0 -3.0584 2.1017 -10 -3.8236 1.5792 -10 -4.6 1.5956 -10 -4.1425 2.1375 -10
4 0 -5.4836 1.6446 -10 -5.2271 2.15 -10 -5.2997 1.6 -10 -5.3943 1.6113 -10
3 0 -5.2271 2.15 -10 -5.15 1.599 -10 -5.2997 1.6 -10
4 0 7.753 1.4 -10 6.6591 2.2275 -10 6.1847 3.196 -10 6.6646 2.8705 -10
4 0 5.5019 2.9641 -10 4.2891 3.605 -10 4.6647 4.0247 -10 4.8856 3.9244 -10
4 0 4.6647 4.0247 -10 4.2891 3.605 -10 3.0286 4.1459 -10 3.5295 4.54 -10
3 0 -2.3 5.8 -10 -2.7478 6.1641 -10 -2.7108 6.4005 -10
4 0 -2.3 5.8 -10 -2.7108 6.4005 -10 -2.6308 6.9106 -10 -2.0673 7.8268 -10
3 0 -2.0673 7.8268 -10 -2.6308 6.9106 -10 -2.546 7.5425 -10
3 0 -2.0673 7.8268 -10 -2.546 7.5425 -10 -2.5219 7.7219 -10
3 0 -2.0673 7.8268 -10 -2.5219 7.7219 -10 -2.4841 8.0036 -10
3 0 -2.0673 7.8268 -10 -2.4841 8.0036 -10 -2.3834 8.9047 -10
4 0 -1.8641 9.8568 -10 -2.0673 7.8268 -10 -2.3834 8.9047 -10 -2.3616 9.0996 -10
3 0 -1.8641 9.8568 -10 -2.3616 9.0996 -10 -2.2632 10.198 -10
3 0 -1.8641 9.8568 -10 -2.2632 10.198 -10 -2.2596 10.2507 -10
4 0 -1.6906 11.8896 -10 -1.8641 9.8568 -10 -2.2596 10.2507 -10 -2.2431 10.4962 -10
3 0 -1.6906 11.8896 -10 -2.2431 10.4962 -10 -2.1891 11.2983 -10
4 0 -2.1393 12.4 -10 -1.5466 13.9247 -10 -1.6906 11.8896 -10 -2.1891 11.2983 -10
0 // Dark red faces
4 320 3.0366 28.0064 -10 2.0246 28.0113 -10 2.1 31.1 -10 3.1 31.1 -10
4 320 2.9377 24.9137 -10 1.9385 24.9228 -10 2.0246 28.0113 -10 3.0366 28.0064 -10
4 320 1.9385 24.9228 -10 2.9377 24.9137 -10 2.8034 21.8224 -10 1.8419 21.8347 -10
4 320 2.6337 18.7328 -10 1.7347 18.7469 -10 1.8419 21.8347 -10 2.8034 21.8224 -10
4 320 1.7347 18.7469 -10 2.6337 18.7328 -10 2.4286 15.6453 -10 1.6168 15.6595 -10
4 320 2.1881 12.5604 -10 1.4884 12.5726 -10 1.6168 15.6595 -10 2.4286 15.6453 -10
4 320 1.4884 12.5726 -10 2.1881 12.5604 -10 1.9123 9.4785 -10 1.3494 9.486 -10
4 320 1.3494 9.486 -10 1.9123 9.4785 -10 1.6 6.4 -10 1.2 6.4 -10
4 320 -13.1364 4.2699 -10 -13.2475 4.9 -10 -9.4 4.2 -10 -9.5074 3.6097 -10
4 320 -9.5074 3.6097 -10 -9.4 4.2 -10 -9.016 4.0873 -10 -9.1769 3.5023 -10
4 320 -8.8866 3.3113 -10 -9.1769 3.5023 -10 -9.016 4.0873 -10 -8.6641 3.8966 -10
4 320 -8.6573 3.0501 -10 -8.8866 3.3113 -10 -8.6641 3.8966 -10 -8.3599 3.6365 -10
4 320 -8.5054 2.7376 -10 -8.6573 3.0501 -10 -8.3599 3.6365 -10 -8.117 3.3184 -10
4 320 8.0521 3.2386 -10 8.2 3.4434 -10 8.4396 3.7159 -10 8.6863 3.092 -10
4 320 8.6863 3.092 -10 8.4396 3.7159 -10 8.7267 3.9379 -10 8.8503 3.2785 -10
4 320 9.0508 4.1012 -10 9.0467 3.4304 -10 8.8503 3.2785 -10 8.7267 3.9379 -10
4 320 9.0467 3.4304 -10 9.0508 4.1012 -10 9.4 4.2 -10 9.2685 3.5421 -10
4 320 9.2685 3.5421 -10 9.4 4.2 -10 11.7894 4.6347 -10 9.5074 3.6097 -10
4 320 13.2475 4.9 -10 13.1364 4.2699 -10 9.5074 3.6097 -10 11.7894 4.6347 -10
4 320 8.6863 3.092 -10 7.8839 1.9813 -10 7.4173 2.36 -10 8.0521 3.2386 -10
4 320 -4.1593 6.0285 -10 -4.1154 5.9224 -10 -4.1341 5.8772 -10 -4.2654 6.0724 -10
3 320 -4.2654 6.0724 -10 -4.1341 5.8772 -10 -4.4013 5.8884 -10
4 320 -4.3715 6.0285 -10 -4.2654 6.0724 -10 -4.4013 5.8884 -10 -4.4154 5.9224 -10
4 320 -2.7108 6.4005 -10 -2.9561 6.29 -10 -2.9122 6.3961 -10 -2.8061 6.44 -10
3 320 -2.9561 6.29 -10 -2.7108 6.4005 -10 -2.7478 6.1641 -10
4 320 -2.9122 6.1839 -10 -2.9561 6.29 -10 -2.7478 6.1641 -10 -2.8061 6.14 -10
4 320 -2.5219 7.7219 -10 -2.7492 7.7584 -10 -2.6431 7.8023 -10 -2.537 7.7584 -10
4 320 -2.7492 7.5462 -10 -2.7931 7.6523 -10 -2.546 7.5425 -10 -2.6431 7.5023 -10
4 320 -2.7492 7.7584 -10 -2.5219 7.7219 -10 -2.546 7.5425 -10 -2.7931 7.6523 -10
4 320 -2.3834 8.9047 -10 -2.4802 8.8646 -10 -2.5863 8.9085 -10 -2.6302 9.0146 -10
4 320 -2.3616 9.0996 -10 -2.5863 9.1207 -10 -2.4802 9.1646 -10 -2.3741 9.1207 -10
4 320 -2.3834 8.9047 -10 -2.6302 9.0146 -10 -2.5863 9.1207 -10 -2.3616 9.0996 -10
4 320 -2.2596 10.2507 -10 -2.3172 10.2269 -10 -2.4233 10.2708 -10 -2.4672 10.3769 -10
4 320 -2.4672 10.3769 -10 -2.4233 10.483 -10 -2.3172 10.5269 -10 -2.2431 10.4962 -10
3 320 -2.4672 10.3769 -10 -2.2431 10.4962 -10 -2.2596 10.2507 -10
4 320 -4.5914 6.1479 -10 -4.6975 6.104 -10 -4.8036 6.1479 -10 -4.8475 6.254 -10
4 320 -4.8036 6.3601 -10 -4.6975 6.404 -10 -4.5914 6.3601 -10 -4.5475 6.254 -10
4 320 -4.5914 6.1479 -10 -4.8475 6.254 -10 -4.8036 6.3601 -10 -4.5475 6.254 -10
4 320 -3.6419 6 -10 -3.6858 6.1062 -10 -3.4297 6 -10 -3.5358 5.9562 -10
4 320 -3.6419 6.2123 -10 -3.5358 6.2562 -10 -3.4297 6.2123 -10 -3.3858 6.1062 -10
4 320 -3.4297 6 -10 -3.6858 6.1062 -10 -3.6419 6.2123 -10 -3.3858 6.1062 -10
4 320 -3.8618 6.3317 -10 -3.9679 6.2878 -10 -4.074 6.3317 -10 -4.1179 6.4378 -10
4 320 -4.074 6.5439 -10 -3.9679 6.5878 -10 -3.8618 6.5439 -10 -3.8179 6.4378 -10
4 320 -3.8618 6.3317 -10 -4.1179 6.4378 -10 -4.074 6.5439 -10 -3.8179 6.4378 -10
4 320 -4.5061 6.8755 -10 -4.25 6.7694 -10 -4.2939 6.6633 -10 -4.55 6.7694 -10
4 320 -4.2939 6.6633 -10 -4.4 6.6194 -10 -4.5061 6.6633 -10 -4.55 6.7694 -10
4 320 -4.5061 6.8755 -10 -4.4 6.9194 -10 -4.2939 6.8755 -10 -4.25 6.7694 -10
4 320 -3.3443 6.7277 -10 -3.0882 6.6216 -10 -3.1321 6.5155 -10 -3.3882 6.6216 -10
4 320 -3.1321 6.5155 -10 -3.2382 6.4716 -10 -3.3443 6.5155 -10 -3.3882 6.6216 -10
4 320 -3.3443 6.7277 -10 -3.2382 6.7716 -10 -3.1321 6.7277 -10 -3.0882 6.6216 -10
4 320 -3.5642 6.8471 -10 -3.6703 6.8032 -10 -3.7764 6.8471 -10 -3.8203 6.9532 -10
4 320 -3.7764 7.0593 -10 -3.6703 7.1032 -10 -3.5642 7.0593 -10 -3.5203 6.9532 -10
4 320 -3.5642 6.8471 -10 -3.8203 6.9532 -10 -3.7764 7.0593 -10 -3.5203 6.9532 -10
4 320 -4.2086 7.3908 -10 -3.9525 7.2847 -10 -3.9964 7.1786 -10 -4.2525 7.2847 -10
4 320 -3.9964 7.1786 -10 -4.1025 7.1347 -10 -4.2086 7.1786 -10 -4.2525 7.2847 -10
4 320 -4.2086 7.3908 -10 -4.1025 7.4347 -10 -3.9964 7.3908 -10 -3.9525 7.2847 -10
4 320 -3.0468 7.0308 -10 -3.0907 7.1369 -10 -2.8346 7.0308 -10 -2.9407 6.9869 -10
4 320 -3.0468 7.243 -10 -2.9407 7.2869 -10 -2.8346 7.243 -10 -2.7907 7.1369 -10
4 320 -2.8346 7.0308 -10 -3.0907 7.1369 -10 -3.0468 7.243 -10 -2.7907 7.1369 -10
4 320 -3.2667 7.3624 -10 -3.3728 7.3185 -10 -3.4789 7.3624 -10 -3.5228 7.4685 -10
4 320 -3.2667 7.5746 -10 -3.2228 7.4685 -10 -3.4789 7.5746 -10 -3.3728 7.6185 -10
4 320 -3.2667 7.3624 -10 -3.5228 7.4685 -10 -3.4789 7.5746 -10 -3.2228 7.4685 -10
4 320 -3.6988 7.694 -10 -3.8049 7.6501 -10 -3.911 7.694 -10 -3.9549 7.8001 -10
4 320 -3.911 7.9062 -10 -3.8049 7.9501 -10 -3.6988 7.9062 -10 -3.6549 7.8001 -10
4 320 -3.6988 7.694 -10 -3.9549 7.8001 -10 -3.911 7.9062 -10 -3.6549 7.8001 -10
4 320 -3.1814 8.09 -10 -2.9253 7.9839 -10 -2.9692 7.8778 -10 -3.2253 7.9839 -10
4 320 -3.1814 7.8778 -10 -3.2253 7.9839 -10 -2.9692 7.8778 -10 -3.0753 7.8339 -10
4 320 -2.9692 8.09 -10 -2.9253 7.9839 -10 -3.1814 8.09 -10 -3.0753 8.1339 -10
4 320 -3.6135 8.4215 -10 -3.3574 8.3154 -10 -3.4013 8.2093 -10 -3.6574 8.3154 -10
4 320 -3.4013 8.2093 -10 -3.5074 8.1654 -10 -3.6135 8.2093 -10 -3.6574 8.3154 -10
4 320 -3.6135 8.4215 -10 -3.5074 8.4654 -10 -3.4013 8.4215 -10 -3.3574 8.3154 -10
4 320 -2.8838 8.6053 -10 -2.6277 8.4992 -10 -2.6716 8.3931 -10 -2.9277 8.4992 -10
4 320 -2.6716 8.3931 -10 -2.7777 8.3492 -10 -2.8838 8.3931 -10 -2.9277 8.4992 -10
4 320 -2.8838 8.6053 -10 -2.7777 8.6492 -10 -2.6716 8.6053 -10 -2.6277 8.4992 -10
4 320 -3.1037 8.7247 -10 -3.2098 8.6808 -10 -3.3159 8.7247 -10 -3.3598 8.8308 -10
4 320 -3.3159 8.9369 -10 -3.2098 8.9808 -10 -3.1037 8.9369 -10 -3.0598 8.8308 -10
4 320 -3.1037 8.7247 -10 -3.3598 8.8308 -10 -3.3159 8.9369 -10 -3.0598 8.8308 -10
4 320 -2.8062 9.2401 -10 -2.9123 9.1962 -10 -3.0184 9.2401 -10 -3.0623 9.3462 -10
4 320 -2.8062 9.4523 -10 -2.7623 9.3462 -10 -3.0184 9.4523 -10 -2.9123 9.4962 -10
4 320 -2.8062 9.2401 -10 -3.0623 9.3462 -10 -3.0184 9.4523 -10 -2.7623 9.3462 -10
4 320 -2.5086 9.7554 -10 -2.6147 9.7115 -10 -2.7208 9.7554 -10 -2.7647 9.8615 -10
4 320 -2.5086 9.9676 -10 -2.4647 9.8615 -10 -2.7208 9.9676 -10 -2.6147 10.0115 -10
4 320 -2.5086 9.7554 -10 -2.7647 9.8615 -10 -2.7208 9.9676 -10 -2.4647 9.8615 -10
0 // Green faces
4 2 8.4 9.74 -10 8.4 9.956 -10 11.676 10.676 -10 11.676 10.451 -10
4 2 8.4 9.74 -10 5.124 10.451 -10 5.124 10.676 -10 8.4 9.956 -10
0 // Red faces
4 4 -11 1.4 -10 -8.6573 3.0501 -10 -8.5054 2.7376 -10 -9.4 1.4 -10
4 4 -8.8866 3.3113 -10 -8.6573 3.0501 -10 -11 1.4 -10 -9.1769 3.5023 -10
4 4 -9.5074 3.6097 -10 -9.1769 3.5023 -10 -11 1.4 -10 -12.8478 2.6346 -10
3 4 -12.8478 2.6346 -10 -13.1364 4.2699 -10 -9.5074 3.6097 -10
4 4 11 1.4 -10 8.6 1.4 -10 7.8839 1.9813 -10 8.6863 3.092 -10
4 4 11 1.4 -10 8.6863 3.092 -10 8.8503 3.2785 -10 9.0467 3.4304 -10
4 4 11 1.4 -10 9.0467 3.4304 -10 9.2685 3.5421 -10 9.5074 3.6097 -10
4 4 11 1.4 -10 9.5074 3.6097 -10 13.1364 4.2699 -10 12.8478 2.6346 -10
4 4 -8.7383 1.4 -10 -5.2997 1.6 -10 -5.15 1.599 -10 -5.15 1.4 -10
3 4 -8.7383 1.4 -10 -5.3943 1.6113 -10 -5.2997 1.6 -10
3 4 -8.7383 1.4 -10 -5.4836 1.6446 -10 -5.3943 1.6113 -10
3 4 -8.7383 1.4 -10 -5.5624 1.6981 -10 -5.4836 1.6446 -10
4 4 -8.7383 1.4 -10 -7.5735 3.1416 -10 -5.6264 1.7687 -10 -5.5624 1.6981 -10
4 4 -7.5735 3.1416 -10 -7.2866 3.5132 -10 -5.9563 2.4008 -10 -5.6264 1.7687 -10
4 4 -6.1406 3.0895 -10 -5.9563 2.4008 -10 -7.2866 3.5132 -10 -6.9519 3.8423 -10
4 4 -6.9519 3.8423 -10 -6.5756 4.123 -10 -6.2 3.8 -10 -6.1406 3.0895 -10
3 4 -6.2 3.8 -10 -6.5756 4.123 -10 -6.1647 4.35 -10
4 4 3.4077 1.4 -10 2.3371 1.5747 -10 6.6591 2.2275 -10 7.753 1.4 -10
4 4 6.6591 2.2275 -10 2.3371 1.5747 -10 1.263 1.7264 -10 5.5019 2.9641 -10
4 4 5.5019 2.9641 -10 1.263 1.7264 -10 .186 1.855 -10 4.2891 3.605 -10
4 4 .186 1.855 -10 -.8936 1.9604 -10 3.0286 4.1459 -10 4.2891 3.605 -10
4 4 3.0286 4.1459 -10 -.8936 1.9604 -10 -1.9752 2.0427 -10 1.7285 4.5835 -10
4 4 -1.9752 2.0427 -10 -3.0584 2.1017 -10 .3974 4.9147 -10 1.7285 4.5835 -10
4 4 .3974 4.9147 -10 -3.0584 2.1017 -10 -4.1425 2.1375 -10 -.9561 5.1375 -10
4 4 -.9561 5.1375 -10 -4.1425 2.1375 -10 -5.2271 2.15 -10 -5.4669 2.6712 -10
4 4 -.9561 5.1375 -10 -5.4669 2.6712 -10 -5.6049 3.2281 -10 -5.65 3.8 -10
4 4 -.9561 5.1375 -10 -5.65 3.8 -10 -5.6094 4.3433 -10 -2.3231 5.2505 -10
4 4 -5.6094 4.3433 -10 -5.4852 4.8738 -10 -5.2705 5.3745 -10 -2.3231 5.2505 -10
3 4 8.4 10.148 -10 8.4 10.676 -10 8.8047 10.6866 -10
3 4 8.4 10.148 -10 7.9953 10.6866 -10 8.4 10.676 -10
3 4 8.4 10.148 -10 8.8047 10.6866 -10 9.2083 10.7184 -10
3 4 8.4 10.148 -10 7.5917 10.7184 -10 7.9953 10.6866 -10
3 4 8.4 10.148 -10 9.2083 10.7184 -10 9.6096 10.7712 -10
3 4 8.4 10.148 -10 7.1904 10.7712 -10 7.5917 10.7184 -10
4 4 8.4 10.148 -10 9.6096 10.7712 -10 10.0076 10.845 -10 11.676 10.916 -10
3 4 8.4 10.148 -10 6.7924 10.845 -10 7.1904 10.7712 -10
3 4 11.676 10.916 -10 10.0076 10.845 -10 10.4012 10.9395 -10
3 4 11.676 10.916 -10 10.4012 10.9395 -10 10.7894 11.0544 -10
3 4 11.676 10.916 -10 10.7894 11.0544 -10 11.171 11.1896 -10
3 4 5.124 10.916 -10 6.0106 11.0544 -10 6.3988 10.9395 -10
3 4 5.124 10.916 -10 5.629 11.1896 -10 6.0106 11.0544 -10
3 4 5.124 10.916 -10 5.325 11.3137 -10 5.629 11.1896 -10
3 4 11.475 11.3137 -10 11.676 10.916 -10 11.171 11.1896 -10
4 4 5.124 10.916 -10 6.3988 10.9395 -10 6.7924 10.845 -10 8.4 10.148 -10
4 4 8.4 18.6311 -10 8.3185 18.5849 -10 8.2029 19.1305 -10 8.3085 19.1892 -10
4 4 8.3185 18.5849 -10 7.6673 18.1498 -10 7.4738 18.6434 -10 8.2029 19.1305 -10
4 4 7.0786 17.6334 -10 7.0105 18.2371 -10 7.4738 18.6434 -10 7.6673 18.1498 -10
4 4 8.4 9.74 -10 8.1484 9.2246 -10 6.8141 9.5142 -10 5.124 10.451 -10
4 4 5.124 10.451 -10 6.8141 9.5142 -10 6.6646 2.8705 -10 6.1847 3.196 -10
3 4 5.124 10.451 -10 6.1847 3.196 -10 4.8856 3.9244 -10
4 4 5.124 10.676 -10 5.124 10.451 -10 4.8856 3.9244 -10 4.6647 4.0247 -10
3 4 4.6647 4.0247 -10 5.124 10.916 -10 5.124 10.676 -10
3 4 5.1 31.1 -10 5.124 10.916 -10 4.6647 4.0247 -10
4 4 5.1 31.1 -10 5.325 13.4 -10 5.325 11.3137 -10 5.124 10.916 -10
3 4 7.0105 18.2371 -10 5.1 31.1 -10 7.3 31.1 -10
4 4 5.1 31.1 -10 7.0105 18.2371 -10 7.0786 17.6334 -10 6.5622 17.0446 -10
3 4 5.3762 14.1814 -10 5.325 13.4 -10 5.1 31.1 -10
3 4 5.529 14.9496 -10 5.3762 14.1814 -10 5.1 31.1 -10
3 4 5.7808 15.6911 -10 5.529 14.9496 -10 5.1 31.1 -10
3 4 6.1271 16.3935 -10 5.7808 15.6911 -10 5.1 31.1 -10
3 4 6.5622 17.0446 -10 6.1271 16.3935 -10 5.1 31.1 -10
4 4 8.2 3.4434 -10 8.0521 3.2386 -10 8.1484 9.2246 -10 8.4 9.74 -10
3 4 8.4 9.74 -10 8.4396 3.7159 -10 8.2 3.4434 -10
3 4 8.4396 3.7159 -10 8.4 9.74 -10 8.7267 3.9379 -10
3 4 8.7267 3.9379 -10 8.4 9.74 -10 9.0508 4.1012 -10
4 4 9.4 4.2 -10 9.0508 4.1012 -10 8.4 9.74 -10 11.676 10.451 -10
3 4 11.676 10.451 -10 11.7894 4.6347 -10 9.4 4.2 -10
3 4 11.7894 4.6347 -10 11.676 10.451 -10 11.676 10.676 -10
4 4 11.676 10.676 -10 11.676 10.916 -10 12.3 31.1 -10 11.7894 4.6347 -10
4 4 11.676 10.916 -10 11.475 11.3137 -10 11.475 13.4 -10 12.3 31.1 -10
3 4 12.3 31.1 -10 8.3085 19.1892 -10 8.5 31.1 -10
4 4 12.3 31.1 -10 8.4815 18.5849 -10 8.4 18.6311 -10 8.3085 19.1892 -10
3 4 12.3 31.1 -10 9.1327 18.1498 -10 8.4815 18.5849 -10
3 4 9.1327 18.1498 -10 12.3 31.1 -10 9.7214 17.6334 -10
3 4 9.7214 17.6334 -10 12.3 31.1 -10 10.2378 17.0446 -10
3 4 10.2378 17.0446 -10 12.3 31.1 -10 10.6729 16.3935 -10
3 4 10.6729 16.3935 -10 12.3 31.1 -10 11.0192 15.6911 -10
3 4 11.0192 15.6911 -10 12.3 31.1 -10 11.271 14.9496 -10
3 4 11.271 14.9496 -10 12.3 31.1 -10 11.4238 14.1814 -10
3 4 11.4238 14.1814 -10 12.3 31.1 -10 11.475 13.4 -10
0 // White faces
4 15 8.4 9.956 -10 8.4 10.148 -10 11.676 10.916 -10 11.676 10.676 -10
4 15 8.4 9.956 -10 5.124 10.676 -10 5.124 10.916 -10 8.4 10.148 -10
0 // Yellow faces
4 14 8.742 11.189 -10 8.754 11.168 -10 8.745 11.174 -10 8.739 11.183 -10
4 14 8.754 11.198 -10 8.775 11.165 -10 8.754 11.168 -10 8.742 11.189 -10
4 14 8.769 11.204 -10 8.79 11.171 -10 8.775 11.165 -10 8.754 11.198 -10
4 14 8.784 11.21 -10 8.802 11.18 -10 8.79 11.171 -10 8.769 11.204 -10
4 14 8.796 11.213 -10 8.808 11.189 -10 8.802 11.18 -10 8.784 11.21 -10
4 14 8.796 11.213 -10 8.814 11.213 -10 8.814 11.198 -10 8.808 11.189 -10
3 14 8.814 11.213 -10 8.82 11.207 -10 8.814 11.198 -10
4 14 8.328 11.327 -10 8.337 11.327 -10 8.331 11.309 -10 8.322 11.318 -10
4 14 8.337 11.327 -10 8.346 11.327 -10 8.343 11.309 -10 8.331 11.309 -10
4 14 8.355 11.33 -10 8.355 11.309 -10 8.343 11.309 -10 8.346 11.327 -10
4 14 8.808 11.33 -10 8.82 11.309 -10 8.811 11.315 -10 8.805 11.324 -10
4 14 8.364 11.333 -10 8.367 11.312 -10 8.355 11.309 -10 8.355 11.33 -10
4 14 8.376 11.339 -10 8.382 11.318 -10 8.367 11.312 -10 8.364 11.333 -10
4 14 8.82 11.339 -10 8.841 11.306 -10 8.82 11.309 -10 8.808 11.33 -10
4 14 8.385 11.345 -10 8.394 11.327 -10 8.382 11.318 -10 8.376 11.339 -10
4 14 8.835 11.345 -10 8.856 11.312 -10 8.841 11.306 -10 8.82 11.339 -10
4 14 8.121 11.351 -10 8.118 11.342 -10 8.112 11.345 -10 8.103 11.351 -10
4 14 8.85 11.351 -10 8.868 11.321 -10 8.856 11.312 -10 8.835 11.345 -10
4 14 8.394 11.354 -10 8.406 11.339 -10 8.394 11.327 -10 8.385 11.345 -10
4 14 8.862 11.354 -10 8.874 11.33 -10 8.868 11.321 -10 8.85 11.351 -10
4 14 8.862 11.354 -10 8.88 11.354 -10 8.88 11.339 -10 8.874 11.33 -10
3 14 8.88 11.354 -10 8.886 11.348 -10 8.88 11.339 -10
4 14 8.4 11.36 -10 8.412 11.354 -10 8.406 11.339 -10 8.394 11.354 -10
4 14 8.115 11.363 -10 8.121 11.351 -10 8.103 11.351 -10 8.091 11.36 -10
4 14 8.406 11.366 -10 8.415 11.363 -10 8.412 11.354 -10 8.4 11.36 -10
3 14 8.412 11.369 -10 8.415 11.363 -10 8.406 11.366 -10
4 14 8.103 11.381 -10 8.115 11.363 -10 8.091 11.36 -10 8.079 11.369 -10
4 14 8.088 11.399 -10 8.103 11.381 -10 8.079 11.369 -10 8.061 11.381 -10
4 14 8.07 11.417 -10 8.088 11.399 -10 8.061 11.381 -10 8.043 11.393 -10
4 14 8.262 11.423 -10 8.271 11.423 -10 8.25 11.384 -10 8.238 11.396 -10
4 14 8.271 11.423 -10 8.283 11.423 -10 8.268 11.372 -10 8.25 11.384 -10
4 14 8.283 11.423 -10 8.292 11.423 -10 8.286 11.363 -10 8.268 11.372 -10
4 14 8.253 11.426 -10 8.262 11.423 -10 8.238 11.396 -10 8.232 11.405 -10
4 14 8.301 11.426 -10 8.31 11.36 -10 8.286 11.363 -10 8.292 11.423 -10
3 14 8.232 11.429 -10 8.244 11.429 -10 8.229 11.414 -10
4 14 8.244 11.429 -10 8.253 11.426 -10 8.232 11.405 -10 8.229 11.414 -10
4 14 8.307 11.429 -10 8.331 11.363 -10 8.31 11.36 -10 8.301 11.426 -10
4 14 8.049 11.432 -10 8.07 11.417 -10 8.043 11.393 -10 8.016 11.408 -10
4 14 8.313 11.432 -10 8.346 11.369 -10 8.331 11.363 -10 8.307 11.429 -10
4 14 8.319 11.438 -10 8.358 11.378 -10 8.346 11.369 -10 8.313 11.432 -10
4 14 8.028 11.444 -10 8.049 11.432 -10 8.016 11.408 -10 7.995 11.42 -10
4 14 8.328 11.444 -10 8.367 11.39 -10 8.358 11.378 -10 8.319 11.438 -10
4 14 8.004 11.453 -10 8.028 11.444 -10 7.995 11.42 -10 7.971 11.429 -10
4 14 8.334 11.453 -10 8.376 11.405 -10 8.367 11.39 -10 8.328 11.444 -10
4 14 8.343 11.462 -10 8.382 11.417 -10 8.376 11.405 -10 8.334 11.453 -10
4 14 7.974 11.465 -10 8.004 11.453 -10 7.971 11.429 -10 7.95 11.438 -10
4 14 8.349 11.468 -10 8.388 11.432 -10 8.382 11.417 -10 8.343 11.462 -10
4 14 7.953 11.471 -10 7.974 11.465 -10 7.95 11.438 -10 7.92 11.45 -10
4 14 8.358 11.474 -10 8.391 11.447 -10 8.388 11.432 -10 8.349 11.468 -10
4 14 7.929 11.477 -10 7.953 11.471 -10 7.92 11.45 -10 7.899 11.456 -10
4 14 8.37 11.477 -10 8.388 11.465 -10 8.391 11.447 -10 8.358 11.474 -10
3 14 8.37 11.477 -10 8.382 11.477 -10 8.388 11.465 -10
4 14 7.854 11.48 -10 7.866 11.48 -10 7.857 11.468 -10 7.848 11.474 -10
4 14 7.866 11.48 -10 7.881 11.48 -10 7.872 11.465 -10 7.857 11.468 -10
4 14 7.881 11.48 -10 7.902 11.48 -10 7.884 11.462 -10 7.872 11.465 -10
4 14 7.902 11.48 -10 7.929 11.477 -10 7.899 11.456 -10 7.884 11.462 -10
4 14 8.94 11.501 -10 8.952 11.501 -10 8.949 11.48 -10 8.934 11.477 -10
4 14 8.928 11.504 -10 8.94 11.501 -10 8.934 11.477 -10 8.922 11.477 -10
4 14 8.964 11.504 -10 8.964 11.48 -10 8.949 11.48 -10 8.952 11.501 -10
4 14 8.964 11.504 -10 8.976 11.504 -10 8.979 11.483 -10 8.964 11.48 -10
4 14 8.976 11.504 -10 8.988 11.504 -10 8.988 11.486 -10 8.979 11.483 -10
4 14 8.988 11.504 -10 8.994 11.501 -10 8.994 11.492 -10 8.988 11.486 -10
4 14 8.919 11.507 -10 8.928 11.504 -10 8.922 11.477 -10 8.901 11.477 -10
4 14 8.91 11.51 -10 8.919 11.507 -10 8.901 11.477 -10 8.886 11.48 -10
4 14 8.898 11.516 -10 8.91 11.51 -10 8.886 11.48 -10 8.874 11.477 -10
4 14 8.883 11.522 -10 8.898 11.516 -10 8.874 11.477 -10 8.862 11.474 -10
4 14 8.868 11.528 -10 8.883 11.522 -10 8.862 11.474 -10 8.853 11.471 -10
4 14 8.826 11.534 -10 8.826 11.489 -10 8.82 11.504 -10 8.82 11.531 -10
4 14 8.856 11.534 -10 8.868 11.528 -10 8.853 11.471 -10 8.847 11.471 -10
4 14 8.832 11.54 -10 8.832 11.474 -10 8.826 11.489 -10 8.826 11.534 -10
4 14 8.832 11.54 -10 8.844 11.54 -10 8.838 11.471 -10 8.832 11.474 -10
4 14 8.844 11.54 -10 8.856 11.534 -10 8.847 11.471 -10 8.838 11.471 -10
3 14 7.614 11.63 -10 7.611 11.618 -10 7.602 11.609 -10
4 14 7.611 11.645 -10 7.614 11.63 -10 7.602 11.609 -10 7.59 11.6 -10
4 14 7.608 11.648 -10 7.611 11.645 -10 7.59 11.6 -10 7.575 11.594 -10
4 14 7.602 11.651 -10 7.608 11.648 -10 7.575 11.594 -10 7.56 11.597 -10
4 14 7.59 11.654 -10 7.602 11.651 -10 7.56 11.597 -10 7.545 11.606 -10
4 14 8.892 11.654 -10 8.898 11.63 -10 8.886 11.636 -10 8.883 11.651 -10
4 14 8.892 11.654 -10 8.904 11.66 -10 8.91 11.627 -10 8.898 11.63 -10
4 14 7.581 11.66 -10 7.59 11.654 -10 7.545 11.606 -10 7.536 11.618 -10
4 14 8.418 11.66 -10 8.418 11.654 -10 8.412 11.654 -10 8.403 11.66 -10
4 14 8.916 11.666 -10 8.931 11.627 -10 8.91 11.627 -10 8.904 11.66 -10
4 14 7.566 11.669 -10 7.581 11.66 -10 7.536 11.618 -10 7.524 11.636 -10
4 14 8.394 11.669 -10 8.415 11.666 -10 8.418 11.66 -10 8.403 11.66 -10
4 14 8.931 11.669 -10 8.943 11.633 -10 8.931 11.627 -10 8.916 11.666 -10
4 14 8.943 11.672 -10 8.955 11.642 -10 8.943 11.633 -10 8.931 11.669 -10
4 14 8.409 11.675 -10 8.415 11.666 -10 8.394 11.669 -10 8.388 11.675 -10
4 14 8.958 11.675 -10 8.964 11.654 -10 8.955 11.642 -10 8.943 11.672 -10
4 14 8.958 11.675 -10 8.973 11.675 -10 8.97 11.663 -10 8.964 11.654 -10
4 14 7.554 11.678 -10 7.566 11.669 -10 7.524 11.636 -10 7.518 11.654 -10
4 14 7.545 11.687 -10 7.554 11.678 -10 7.518 11.654 -10 7.515 11.669 -10
4 14 8.4 11.687 -10 8.409 11.675 -10 8.388 11.675 -10 8.376 11.684 -10
4 14 7.539 11.693 -10 7.545 11.687 -10 7.515 11.669 -10 7.512 11.684 -10
4 14 7.533 11.699 -10 7.539 11.693 -10 7.512 11.684 -10 7.515 11.693 -10
4 14 7.527 11.702 -10 7.533 11.699 -10 7.515 11.693 -10 7.518 11.699 -10
4 14 8.388 11.702 -10 8.4 11.687 -10 8.376 11.684 -10 8.364 11.693 -10
4 14 7.845 11.714 -10 7.845 11.708 -10 7.839 11.702 -10 7.83 11.699 -10
4 14 8.376 11.717 -10 8.388 11.702 -10 8.364 11.693 -10 8.352 11.702 -10
4 14 7.842 11.723 -10 7.845 11.714 -10 7.83 11.699 -10 7.818 11.702 -10
4 14 7.833 11.735 -10 7.842 11.723 -10 7.818 11.702 -10 7.809 11.708 -10
4 14 8.361 11.735 -10 8.376 11.717 -10 8.352 11.702 -10 8.337 11.714 -10
4 14 7.824 11.741 -10 7.833 11.735 -10 7.809 11.708 -10 7.803 11.717 -10
3 14 7.815 11.744 -10 7.8 11.732 -10 7.803 11.741 -10
4 14 7.815 11.744 -10 7.824 11.741 -10 7.803 11.717 -10 7.8 11.732 -10
4 14 8.349 11.75 -10 8.361 11.735 -10 8.337 11.714 -10 8.325 11.723 -10
4 14 8.529 11.75 -10 8.541 11.744 -10 8.535 11.741 -10 8.532 11.744 -10
4 14 8.541 11.753 -10 8.541 11.744 -10 8.529 11.75 -10 8.526 11.753 -10
4 14 8.34 11.762 -10 8.349 11.75 -10 8.325 11.723 -10 8.316 11.729 -10
4 14 8.538 11.762 -10 8.541 11.753 -10 8.526 11.753 -10 8.523 11.759 -10
4 14 8.328 11.774 -10 8.34 11.762 -10 8.316 11.729 -10 8.301 11.738 -10
4 14 8.535 11.774 -10 8.538 11.762 -10 8.523 11.759 -10 8.514 11.768 -10
3 14 8.901 11.777 -10 8.913 11.744 -10 8.898 11.75 -10
4 14 8.901 11.777 -10 8.898 11.75 -10 8.889 11.759 -10 8.889 11.771 -10
4 14 8.316 11.783 -10 8.328 11.774 -10 8.301 11.738 -10 8.286 11.747 -10
4 14 8.913 11.783 -10 8.937 11.744 -10 8.913 11.744 -10 8.901 11.777 -10
4 14 8.529 11.786 -10 8.535 11.774 -10 8.514 11.768 -10 8.508 11.774 -10
4 14 8.925 11.786 -10 8.949 11.75 -10 8.937 11.744 -10 8.913 11.783 -10
4 14 8.937 11.789 -10 8.958 11.759 -10 8.949 11.75 -10 8.925 11.786 -10
3 14 8.226 11.792 -10 8.223 11.777 -10 8.22 11.789 -10
4 14 8.295 11.792 -10 8.316 11.783 -10 8.286 11.747 -10 8.268 11.756 -10
4 14 8.949 11.792 -10 8.97 11.771 -10 8.958 11.759 -10 8.937 11.789 -10
4 14 8.232 11.795 -10 8.235 11.771 -10 8.223 11.777 -10 8.226 11.792 -10
4 14 8.232 11.795 -10 8.253 11.795 -10 8.253 11.762 -10 8.235 11.771 -10
4 14 8.253 11.795 -10 8.274 11.795 -10 8.268 11.756 -10 8.253 11.762 -10
3 14 8.274 11.795 -10 8.295 11.792 -10 8.268 11.756 -10
4 14 8.52 11.795 -10 8.529 11.786 -10 8.508 11.774 -10 8.499 11.78 -10
4 14 8.967 11.795 -10 8.976 11.78 -10 8.97 11.771 -10 8.949 11.792 -10
3 14 8.967 11.795 -10 8.982 11.795 -10 8.976 11.78 -10
4 14 8.505 11.804 -10 8.52 11.795 -10 8.499 11.78 -10 8.49 11.786 -10
4 14 8.49 11.813 -10 8.505 11.804 -10 8.49 11.786 -10 8.481 11.792 -10
4 14 8.478 11.816 -10 8.49 11.813 -10 8.481 11.792 -10 8.472 11.798 -10
4 14 8.58 11.816 -10 8.577 11.81 -10 8.574 11.81 -10 8.568 11.813 -10
4 14 8.463 11.822 -10 8.478 11.816 -10 8.472 11.798 -10 8.46 11.807 -10
4 14 8.577 11.822 -10 8.58 11.816 -10 8.568 11.813 -10 8.562 11.819 -10
4 14 8.451 11.825 -10 8.463 11.822 -10 8.46 11.807 -10 8.445 11.813 -10
4 14 8.43 11.828 -10 8.433 11.819 -10 8.427 11.822 -10 8.424 11.825 -10
4 14 8.43 11.828 -10 8.439 11.828 -10 8.445 11.813 -10 8.433 11.819 -10
3 14 8.439 11.828 -10 8.451 11.825 -10 8.445 11.813 -10
4 14 8.574 11.831 -10 8.577 11.822 -10 8.562 11.819 -10 8.553 11.825 -10
4 14 8.568 11.846 -10 8.574 11.831 -10 8.553 11.825 -10 8.547 11.828 -10
4 14 8.562 11.858 -10 8.568 11.846 -10 8.547 11.828 -10 8.538 11.834 -10
4 14 8.55 11.867 -10 8.562 11.858 -10 8.538 11.834 -10 8.526 11.84 -10
4 14 8.541 11.873 -10 8.55 11.867 -10 8.526 11.84 -10 8.517 11.843 -10
4 14 8.52 11.876 -10 8.541 11.873 -10 8.517 11.843 -10 8.511 11.846 -10
4 14 8.418 11.879 -10 8.433 11.867 -10 8.418 11.87 -10 8.415 11.873 -10
4 14 8.418 11.879 -10 8.43 11.879 -10 8.46 11.861 -10 8.433 11.867 -10
4 14 8.43 11.879 -10 8.445 11.879 -10 8.481 11.855 -10 8.46 11.861 -10
4 14 8.445 11.879 -10 8.469 11.879 -10 8.499 11.849 -10 8.481 11.855 -10
4 14 8.469 11.879 -10 8.499 11.879 -10 8.511 11.846 -10 8.499 11.849 -10
3 14 8.499 11.879 -10 8.52 11.876 -10 8.511 11.846 -10
4 14 8.898 11.888 -10 8.904 11.867 -10 8.895 11.873 -10 8.892 11.882 -10
3 14 8.907 11.891 -10 8.931 11.861 -10 8.916 11.864 -10
4 14 8.907 11.891 -10 8.916 11.864 -10 8.904 11.867 -10 8.898 11.888 -10
4 14 8.919 11.897 -10 8.949 11.861 -10 8.931 11.861 -10 8.907 11.891 -10
4 14 8.931 11.903 -10 8.961 11.867 -10 8.949 11.861 -10 8.919 11.897 -10
4 14 8.946 11.909 -10 8.973 11.876 -10 8.961 11.867 -10 8.931 11.903 -10
4 14 8.961 11.912 -10 8.982 11.885 -10 8.973 11.876 -10 8.946 11.909 -10
4 14 8.976 11.915 -10 8.991 11.9 -10 8.982 11.885 -10 8.961 11.912 -10
3 14 8.976 11.915 -10 8.994 11.915 -10 8.991 11.9 -10
4 14 8.895 12.026 -10 8.913 12.002 -10 8.904 12.005 -10 8.892 12.014 -10
4 14 8.904 12.032 -10 8.925 11.999 -10 8.913 12.002 -10 8.895 12.026 -10
4 14 8.91 12.038 -10 8.943 11.999 -10 8.925 11.999 -10 8.904 12.032 -10
4 14 8.922 12.041 -10 8.958 12.005 -10 8.943 11.999 -10 8.91 12.038 -10
4 14 8.94 12.047 -10 8.97 12.017 -10 8.958 12.005 -10 8.922 12.041 -10
4 14 8.955 12.053 -10 8.982 12.029 -10 8.97 12.017 -10 8.94 12.047 -10
4 14 8.97 12.056 -10 8.988 12.041 -10 8.982 12.029 -10 8.955 12.053 -10
3 14 8.994 12.059 -10 8.988 12.041 -10 8.97 12.056 -10
4 14 8.499 12.149 -10 8.523 12.149 -10 8.52 12.137 -10 8.505 12.134 -10
4 14 8.493 12.161 -10 8.523 12.161 -10 8.523 12.149 -10 8.499 12.149 -10
4 14 8.886 12.167 -10 8.913 12.137 -10 8.901 12.14 -10 8.88 12.158 -10
4 14 8.892 12.173 -10 8.931 12.134 -10 8.913 12.137 -10 8.886 12.167 -10
4 14 8.523 12.179 -10 8.523 12.161 -10 8.493 12.161 -10 8.487 12.176 -10
4 14 8.904 12.179 -10 8.949 12.137 -10 8.931 12.134 -10 8.892 12.173 -10
4 14 8.916 12.185 -10 8.958 12.143 -10 8.949 12.137 -10 8.904 12.179 -10
4 14 8.928 12.191 -10 8.967 12.152 -10 8.958 12.143 -10 8.916 12.185 -10
4 14 8.94 12.194 -10 8.976 12.161 -10 8.967 12.152 -10 8.928 12.191 -10
4 14 8.523 12.197 -10 8.523 12.179 -10 8.487 12.176 -10 8.481 12.194 -10
4 14 8.958 12.2 -10 8.988 12.173 -10 8.976 12.161 -10 8.94 12.194 -10
4 14 8.976 12.203 -10 8.994 12.185 -10 8.988 12.173 -10 8.958 12.2 -10
3 14 8.976 12.203 -10 9 12.203 -10 8.994 12.185 -10
4 14 8.475 12.215 -10 8.523 12.212 -10 8.523 12.197 -10 8.481 12.194 -10
4 14 8.466 12.239 -10 8.52 12.239 -10 8.523 12.212 -10 8.475 12.215 -10
4 14 8.514 12.269 -10 8.52 12.239 -10 8.466 12.239 -10 8.46 12.26 -10
4 14 8.877 12.302 -10 8.883 12.281 -10 8.874 12.287 -10 8.871 12.296 -10
4 14 8.505 12.305 -10 8.514 12.269 -10 8.46 12.26 -10 8.448 12.29 -10
4 14 8.889 12.308 -10 8.895 12.275 -10 8.883 12.281 -10 8.877 12.302 -10
3 14 8.889 12.308 -10 8.91 12.275 -10 8.895 12.275 -10
4 14 8.901 12.314 -10 8.925 12.275 -10 8.91 12.275 -10 8.889 12.308 -10
4 14 8.913 12.32 -10 8.937 12.281 -10 8.925 12.275 -10 8.901 12.314 -10
4 14 8.925 12.323 -10 8.952 12.293 -10 8.937 12.281 -10 8.913 12.32 -10
4 14 8.94 12.326 -10 8.964 12.305 -10 8.952 12.293 -10 8.925 12.323 -10
4 14 8.955 12.329 -10 8.97 12.314 -10 8.964 12.305 -10 8.94 12.326 -10
3 14 8.955 12.329 -10 8.973 12.329 -10 8.97 12.314 -10
4 14 8.49 12.347 -10 8.505 12.305 -10 8.448 12.29 -10 8.43 12.332 -10
4 14 8.472 12.383 -10 8.49 12.347 -10 8.43 12.332 -10 8.415 12.368 -10
4 14 8.451 12.416 -10 8.472 12.383 -10 8.415 12.368 -10 8.394 12.407 -10
4 14 8.877 12.422 -10 8.889 12.398 -10 8.877 12.404 -10 8.868 12.416 -10
4 14 8.889 12.428 -10 8.907 12.398 -10 8.889 12.398 -10 8.877 12.422 -10
4 14 8.904 12.434 -10 8.916 12.401 -10 8.907 12.398 -10 8.889 12.428 -10
4 14 8.916 12.44 -10 8.928 12.407 -10 8.916 12.401 -10 8.904 12.434 -10
4 14 8.928 12.443 -10 8.94 12.419 -10 8.928 12.407 -10 8.916 12.44 -10
4 14 8.94 12.446 -10 8.949 12.428 -10 8.94 12.419 -10 8.928 12.443 -10
3 14 8.94 12.446 -10 8.952 12.443 -10 8.949 12.428 -10
4 14 8.424 12.455 -10 8.451 12.416 -10 8.394 12.407 -10 8.373 12.443 -10
4 14 8.4 12.485 -10 8.424 12.455 -10 8.373 12.443 -10 8.346 12.479 -10
4 14 8.376 12.515 -10 8.4 12.485 -10 8.346 12.479 -10 8.328 12.506 -10
4 14 8.862 12.536 -10 8.874 12.515 -10 8.862 12.521 -10 8.856 12.53 -10
4 14 8.868 12.539 -10 8.886 12.515 -10 8.874 12.515 -10 8.862 12.536 -10
4 14 8.352 12.542 -10 8.376 12.515 -10 8.328 12.506 -10 8.31 12.533 -10
4 14 8.877 12.545 -10 8.895 12.518 -10 8.886 12.515 -10 8.868 12.539 -10
4 14 8.886 12.548 -10 8.904 12.524 -10 8.895 12.518 -10 8.877 12.545 -10
4 14 8.898 12.551 -10 8.913 12.533 -10 8.904 12.524 -10 8.886 12.548 -10
4 14 8.91 12.554 -10 8.919 12.542 -10 8.913 12.533 -10 8.898 12.551 -10
3 14 8.922 12.557 -10 8.919 12.542 -10 8.91 12.554 -10
4 14 8.328 12.569 -10 8.352 12.542 -10 8.31 12.533 -10 8.292 12.56 -10
4 14 8.307 12.593 -10 8.328 12.569 -10 8.292 12.56 -10 8.271 12.59 -10
4 14 8.259 12.614 -10 8.289 12.611 -10 8.307 12.593 -10 8.271 12.59 -10
4 14 8.259 12.626 -10 8.274 12.623 -10 8.289 12.611 -10 8.259 12.614 -10
4 14 8.844 12.644 -10 8.856 12.623 -10 8.847 12.626 -10 8.838 12.638 -10
4 14 8.853 12.647 -10 8.868 12.623 -10 8.856 12.623 -10 8.844 12.644 -10
4 14 8.865 12.653 -10 8.877 12.629 -10 8.868 12.623 -10 8.853 12.647 -10
4 14 8.874 12.656 -10 8.886 12.638 -10 8.877 12.629 -10 8.865 12.653 -10
4 14 8.886 12.659 -10 8.892 12.644 -10 8.886 12.638 -10 8.874 12.656 -10
3 14 8.895 12.662 -10 8.892 12.644 -10 8.886 12.659 -10
3 14 6.888 12.707 -10 6.888 12.695 -10 6.879 12.686 -10
4 14 6.876 12.716 -10 6.888 12.707 -10 6.879 12.686 -10 6.858 12.68 -10
4 14 6.807 12.719 -10 6.816 12.719 -10 6.81 12.701 -10 6.804 12.707 -10
4 14 6.816 12.719 -10 6.831 12.719 -10 6.819 12.695 -10 6.81 12.701 -10
4 14 6.831 12.719 -10 6.852 12.719 -10 6.837 12.686 -10 6.819 12.695 -10
4 14 6.852 12.719 -10 6.876 12.716 -10 6.858 12.68 -10 6.837 12.686 -10
4 14 8.82 12.734 -10 8.823 12.71 -10 8.811 12.719 -10 8.811 12.728 -10
4 14 8.832 12.74 -10 8.838 12.71 -10 8.823 12.71 -10 8.82 12.734 -10
4 14 8.844 12.743 -10 8.847 12.716 -10 8.838 12.71 -10 8.832 12.74 -10
4 14 8.856 12.746 -10 8.856 12.722 -10 8.847 12.716 -10 8.844 12.743 -10
4 14 8.856 12.746 -10 8.871 12.746 -10 8.865 12.731 -10 8.856 12.722 -10
4 14 8.802 12.836 -10 8.799 12.815 -10 8.784 12.824 -10 8.793 12.833 -10
4 14 8.811 12.839 -10 8.811 12.815 -10 8.799 12.815 -10 8.802 12.836 -10
4 14 8.82 12.842 -10 8.82 12.821 -10 8.811 12.815 -10 8.811 12.839 -10
4 14 8.82 12.842 -10 8.832 12.842 -10 8.826 12.827 -10 8.82 12.821 -10
4 14 6.615 12.896 -10 6.654 12.896 -10 6.651 12.878 -10 6.633 12.881 -10
4 14 7.95 12.899 -10 7.98 12.899 -10 8.01 12.845 -10 7.974 12.845 -10
4 14 7.98 12.899 -10 8.01 12.899 -10 8.04 12.848 -10 8.01 12.845 -10
4 14 7.923 12.902 -10 7.95 12.899 -10 7.974 12.845 -10 7.941 12.848 -10
4 14 8.034 12.902 -10 8.07 12.854 -10 8.04 12.848 -10 8.01 12.899 -10
4 14 7.902 12.905 -10 7.923 12.902 -10 7.941 12.848 -10 7.914 12.854 -10
4 14 8.055 12.905 -10 8.097 12.863 -10 8.07 12.854 -10 8.034 12.902 -10
4 14 7.884 12.911 -10 7.902 12.905 -10 7.914 12.854 -10 7.881 12.863 -10
4 14 8.082 12.911 -10 8.124 12.875 -10 8.097 12.863 -10 8.055 12.905 -10
4 14 7.866 12.917 -10 7.884 12.911 -10 7.881 12.863 -10 7.857 12.872 -10
4 14 7.848 12.92 -10 7.866 12.917 -10 7.857 12.872 -10 7.836 12.884 -10
4 14 8.109 12.92 -10 8.145 12.887 -10 8.124 12.875 -10 8.082 12.911 -10
4 14 7.821 12.923 -10 7.836 12.923 -10 7.821 12.896 -10 7.815 12.911 -10
4 14 7.836 12.923 -10 7.848 12.92 -10 7.836 12.884 -10 7.821 12.896 -10
4 14 6.597 12.926 -10 6.648 12.923 -10 6.654 12.896 -10 6.615 12.896 -10
4 14 8.13 12.926 -10 8.163 12.902 -10 8.145 12.887 -10 8.109 12.92 -10
4 14 8.76 12.926 -10 8.775 12.911 -10 8.763 12.911 -10 8.754 12.92 -10
4 14 8.148 12.932 -10 8.178 12.917 -10 8.163 12.902 -10 8.13 12.926 -10
4 14 8.769 12.932 -10 8.784 12.917 -10 8.775 12.911 -10 8.76 12.926 -10
4 14 8.781 12.935 -10 8.79 12.923 -10 8.784 12.917 -10 8.769 12.932 -10
3 14 8.781 12.935 -10 8.793 12.935 -10 8.79 12.923 -10
4 14 8.166 12.938 -10 8.187 12.929 -10 8.178 12.917 -10 8.148 12.932 -10
4 14 8.178 12.941 -10 8.19 12.938 -10 8.187 12.929 -10 8.166 12.938 -10
4 14 6.573 12.965 -10 6.627 12.959 -10 6.648 12.923 -10 6.597 12.926 -10
4 14 6.552 13.004 -10 6.603 12.995 -10 6.627 12.959 -10 6.573 12.965 -10
4 14 8.718 13.016 -10 8.733 13.001 -10 8.721 13.004 -10 8.715 13.01 -10
4 14 6.981 13.019 -10 6.987 12.992 -10 6.978 12.992 -10 6.978 13.001 -10
4 14 8.727 13.022 -10 8.742 13.007 -10 8.733 13.001 -10 8.718 13.016 -10
4 14 8.736 13.028 -10 8.748 13.013 -10 8.742 13.007 -10 8.727 13.022 -10
3 14 8.736 13.028 -10 8.751 13.028 -10 8.748 13.013 -10
4 14 6.987 13.031 -10 7.002 13.001 -10 6.987 12.992 -10 6.981 13.019 -10
4 14 6.531 13.04 -10 6.582 13.025 -10 6.603 12.995 -10 6.552 13.004 -10
4 14 6.996 13.046 -10 7.014 13.01 -10 7.002 13.001 -10 6.987 13.031 -10
4 14 7.008 13.064 -10 7.029 13.025 -10 7.014 13.01 -10 6.996 13.046 -10
4 14 6.516 13.067 -10 6.558 13.061 -10 6.582 13.025 -10 6.531 13.04 -10
4 14 6.513 13.082 -10 6.543 13.079 -10 6.558 13.061 -10 6.516 13.067 -10
4 14 7.02 13.082 -10 7.044 13.04 -10 7.029 13.025 -10 7.008 13.064 -10
4 14 6.516 13.094 -10 6.528 13.091 -10 6.543 13.079 -10 6.513 13.082 -10
4 14 7.035 13.1 -10 7.056 13.058 -10 7.044 13.04 -10 7.02 13.082 -10
4 14 7.05 13.115 -10 7.065 13.076 -10 7.056 13.058 -10 7.035 13.1 -10
4 14 7.452 13.115 -10 7.452 13.109 -10 7.446 13.106 -10 7.425 13.112 -10
4 14 7.062 13.124 -10 7.077 13.097 -10 7.065 13.076 -10 7.05 13.115 -10
4 14 7.062 13.124 -10 7.074 13.121 -10 7.08 13.112 -10 7.077 13.097 -10
4 14 7.44 13.133 -10 7.452 13.115 -10 7.425 13.112 -10 7.407 13.127 -10
4 14 7.422 13.157 -10 7.44 13.133 -10 7.407 13.127 -10 7.383 13.151 -10
4 14 7.398 13.193 -10 7.422 13.157 -10 7.383 13.151 -10 7.362 13.181 -10
4 14 7.374 13.226 -10 7.398 13.193 -10 7.362 13.181 -10 7.341 13.217 -10
4 14 7.356 13.253 -10 7.374 13.226 -10 7.341 13.217 -10 7.323 13.25 -10
4 14 7.338 13.283 -10 7.356 13.253 -10 7.323 13.25 -10 7.311 13.277 -10
4 14 7.323 13.307 -10 7.338 13.283 -10 7.311 13.277 -10 7.299 13.304 -10
4 14 7.311 13.325 -10 7.323 13.307 -10 7.299 13.304 -10 7.29 13.322 -10
4 14 6.654 13.334 -10 6.654 13.322 -10 6.645 13.316 -10 6.636 13.319 -10
4 14 6.648 13.346 -10 6.654 13.334 -10 6.636 13.319 -10 6.627 13.328 -10
4 14 7.296 13.346 -10 7.311 13.325 -10 7.29 13.322 -10 7.284 13.337 -10
3 14 7.284 13.352 -10 7.296 13.346 -10 7.284 13.337 -10
4 14 6.639 13.358 -10 6.648 13.346 -10 6.627 13.328 -10 6.618 13.34 -10
4 14 6.63 13.37 -10 6.639 13.358 -10 6.618 13.34 -10 6.609 13.355 -10
4 14 6.624 13.379 -10 6.63 13.37 -10 6.609 13.355 -10 6.603 13.367 -10
4 14 6.615 13.391 -10 6.624 13.379 -10 6.603 13.367 -10 6.6 13.379 -10
3 14 6.603 13.394 -10 6.615 13.391 -10 6.6 13.379 -10
4 14 6.303 13.442 -10 6.3 13.433 -10 6.291 13.436 -10 6.282 13.442 -10
4 14 6.267 13.46 -10 6.303 13.454 -10 6.303 13.442 -10 6.282 13.442 -10
4 14 6.294 13.481 -10 6.303 13.454 -10 6.267 13.46 -10 6.258 13.475 -10
4 14 6.282 13.502 -10 6.294 13.481 -10 6.258 13.475 -10 6.249 13.496 -10
4 14 6.273 13.52 -10 6.282 13.502 -10 6.249 13.496 -10 6.249 13.52 -10
4 14 8.577 13.52 -10 8.571 13.505 -10 8.553 13.496 -10 8.538 13.511 -10
4 14 6.264 13.529 -10 6.273 13.52 -10 6.249 13.52 -10 6.255 13.529 -10
4 14 8.535 13.544 -10 8.583 13.544 -10 8.577 13.52 -10 8.538 13.511 -10
4 14 6.879 13.565 -10 6.897 13.544 -10 6.885 13.544 -10 6.873 13.553 -10
4 14 6.894 13.574 -10 6.918 13.55 -10 6.897 13.544 -10 6.879 13.565 -10
4 14 6.909 13.58 -10 6.936 13.556 -10 6.918 13.55 -10 6.894 13.574 -10
4 14 8.538 13.58 -10 8.589 13.58 -10 8.583 13.544 -10 8.535 13.544 -10
4 14 6.933 13.589 -10 6.957 13.565 -10 6.936 13.556 -10 6.909 13.58 -10
4 14 6.957 13.601 -10 6.984 13.577 -10 6.957 13.565 -10 6.933 13.589 -10
4 14 6.978 13.613 -10 7.002 13.586 -10 6.984 13.577 -10 6.957 13.601 -10
4 14 6.996 13.625 -10 7.026 13.598 -10 7.002 13.586 -10 6.978 13.613 -10
4 14 8.547 13.628 -10 8.595 13.628 -10 8.589 13.58 -10 8.538 13.58 -10
4 14 7.011 13.634 -10 7.044 13.607 -10 7.026 13.598 -10 6.996 13.625 -10
4 14 7.029 13.646 -10 7.059 13.616 -10 7.044 13.607 -10 7.011 13.634 -10
4 14 7.047 13.658 -10 7.077 13.628 -10 7.059 13.616 -10 7.029 13.646 -10
4 14 7.065 13.67 -10 7.098 13.643 -10 7.077 13.628 -10 7.047 13.658 -10
4 14 8.559 13.676 -10 8.61 13.667 -10 8.595 13.628 -10 8.547 13.628 -10
4 14 7.086 13.682 -10 7.113 13.652 -10 7.098 13.643 -10 7.065 13.67 -10
4 14 7.11 13.685 -10 7.125 13.661 -10 7.113 13.652 -10 7.086 13.682 -10
3 14 7.11 13.685 -10 7.128 13.682 -10 7.125 13.661 -10
4 14 6.585 13.715 -10 6.609 13.703 -10 6.597 13.697 -10 6.588 13.703 -10
4 14 6.582 13.727 -10 6.612 13.715 -10 6.609 13.703 -10 6.585 13.715 -10
4 14 8.58 13.727 -10 8.628 13.709 -10 8.61 13.667 -10 8.559 13.676 -10
4 14 6.582 13.745 -10 6.6135 13.73 -10 6.612 13.715 -10 6.582 13.727 -10
4 14 6.582 13.769 -10 6.615 13.751 -10 6.6135 13.73 -10 6.582 13.745 -10
4 14 6.183 13.775 -10 6.21 13.772 -10 6.201 13.763 -10 6.192 13.766 -10
4 14 8.607 13.778 -10 8.649 13.751 -10 8.628 13.709 -10 8.58 13.727 -10
4 14 6.582 13.787 -10 6.618 13.772 -10 6.615 13.751 -10 6.582 13.769 -10
4 14 6.177 13.79 -10 6.213 13.784 -10 6.21 13.772 -10 6.183 13.775 -10
4 14 6.174 13.808 -10 6.213 13.802 -10 6.213 13.784 -10 6.177 13.79 -10
4 14 6.582 13.808 -10 6.618 13.793 -10 6.618 13.772 -10 6.582 13.787 -10
4 14 8.634 13.826 -10 8.676 13.799 -10 8.649 13.751 -10 8.607 13.778 -10
4 14 6.177 13.829 -10 6.207 13.823 -10 6.213 13.802 -10 6.174 13.808 -10
4 14 6.585 13.832 -10 6.621 13.817 -10 6.618 13.793 -10 6.582 13.808 -10
4 14 6.183 13.841 -10 6.201 13.838 -10 6.207 13.823 -10 6.177 13.829 -10
3 14 6.192 13.844 -10 6.201 13.838 -10 6.183 13.841 -10
4 14 6.588 13.85 -10 6.624 13.835 -10 6.621 13.817 -10 6.585 13.832 -10
4 14 8.661 13.868 -10 8.706 13.85 -10 8.676 13.799 -10 8.634 13.826 -10
4 14 6.594 13.871 -10 6.627 13.853 -10 6.624 13.835 -10 6.588 13.85 -10
4 14 6.6 13.892 -10 6.633 13.874 -10 6.627 13.853 -10 6.594 13.871 -10
4 14 8.691 13.907 -10 8.736 13.889 -10 8.706 13.85 -10 8.661 13.868 -10
4 14 6.609 13.913 -10 6.639 13.895 -10 6.633 13.874 -10 6.6 13.892 -10
4 14 6.618 13.931 -10 6.642 13.913 -10 6.639 13.895 -10 6.609 13.913 -10
4 14 6.63 13.949 -10 6.645 13.934 -10 6.642 13.913 -10 6.618 13.931 -10
4 14 8.73 13.952 -10 8.766 13.928 -10 8.736 13.889 -10 8.691 13.907 -10
4 14 6.633 13.958 -10 6.648 13.952 -10 6.645 13.934 -10 6.63 13.949 -10
3 14 6.642 13.964 -10 6.648 13.952 -10 6.633 13.958 -10
4 14 8.763 13.982 -10 8.799 13.964 -10 8.766 13.928 -10 8.73 13.952 -10
4 14 8.793 14.009 -10 8.817 13.982 -10 8.799 13.964 -10 8.763 13.982 -10
4 14 8.814 14.027 -10 8.838 14.006 -10 8.817 13.982 -10 8.793 14.009 -10
4 14 8.844 14.048 -10 8.859 14.024 -10 8.838 14.006 -10 8.814 14.027 -10
4 14 7.641 14.054 -10 7.644 14 -10 7.626 14 -10 7.626 14.018 -10
4 14 8.868 14.063 -10 8.886 14.048 -10 8.859 14.024 -10 8.844 14.048 -10
4 14 8.889 14.075 -10 8.901 14.066 -10 8.886 14.048 -10 8.868 14.063 -10
4 14 8.901 14.081 -10 8.913 14.078 -10 8.901 14.066 -10 8.889 14.075 -10
4 14 7.668 14.096 -10 7.674 14.024 -10 7.644 14 -10 7.641 14.054 -10
4 14 7.71 14.15 -10 7.704 14.06 -10 7.674 14.024 -10 7.668 14.096 -10
4 14 10.338 14.18 -10 10.356 14.156 -10 10.344 14.144 -10 10.338 14.156 -10
4 14 10.341 14.204 -10 10.362 14.18 -10 10.356 14.156 -10 10.338 14.18 -10
4 14 7.755 14.21 -10 7.746 14.105 -10 7.704 14.06 -10 7.71 14.15 -10
4 14 10.341 14.2418 -10 10.371 14.21 -10 10.362 14.18 -10 10.341 14.204 -10
4 14 7.8 14.264 -10 7.8 14.165 -10 7.746 14.105 -10 7.755 14.21 -10
4 14 10.344 14.282 -10 10.377 14.2508 -10 10.371 14.21 -10 10.341 14.2418 -10
4 14 7.848 14.318 -10 7.854 14.228 -10 7.8 14.165 -10 7.8 14.264 -10
4 14 10.341 14.333 -10 10.386 14.294 -10 10.377 14.2508 -10 10.344 14.282 -10
4 14 7.896 14.366 -10 7.908 14.288 -10 7.854 14.228 -10 7.848 14.318 -10
4 14 10.341 14.393 -10 10.389 14.36 -10 10.386 14.294 -10 10.341 14.333 -10
4 14 7.947 14.417 -10 7.962 14.342 -10 7.908 14.288 -10 7.896 14.366 -10
4 14 8.922 14.444 -10 8.904 14.435 -10 8.88 14.435 -10 8.856 14.441 -10
4 14 10.332 14.444 -10 10.389 14.42 -10 10.389 14.36 -10 10.341 14.393 -10
4 14 7.998 14.459 -10 8.004 14.384 -10 7.962 14.342 -10 7.947 14.417 -10
4 14 8.922 14.459 -10 8.922 14.444 -10 8.856 14.441 -10 8.838 14.45 -10
4 14 8.91 14.471 -10 8.922 14.459 -10 8.838 14.45 -10 8.814 14.465 -10
4 14 8.796 14.486 -10 8.886 14.483 -10 8.91 14.471 -10 8.814 14.465 -10
4 14 8.046 14.498 -10 8.046 14.429 -10 8.004 14.384 -10 7.998 14.459 -10
4 14 10.32 14.504 -10 10.386 14.474 -10 10.389 14.42 -10 10.332 14.444 -10
4 14 8.778 14.51 -10 8.868 14.492 -10 8.886 14.483 -10 8.796 14.486 -10
4 14 8.094 14.534 -10 8.091 14.474 -10 8.046 14.429 -10 8.046 14.498 -10
4 14 8.766 14.537 -10 8.838 14.513 -10 8.868 14.492 -10 8.778 14.51 -10
4 14 8.76 14.558 -10 8.823 14.531 -10 8.838 14.513 -10 8.766 14.537 -10
4 14 10.293 14.567 -10 10.368 14.537 -10 10.386 14.474 -10 10.32 14.504 -10
4 14 6.843 14.57 -10 6.849 14.549 -10 6.84 14.549 -10 6.84 14.558 -10
4 14 8.148 14.576 -10 8.124 14.507 -10 8.091 14.474 -10 8.094 14.534 -10
4 14 6.849 14.585 -10 6.858 14.5535 -10 6.849 14.549 -10 6.843 14.57 -10
4 14 8.76 14.591 -10 8.808 14.558 -10 8.823 14.531 -10 8.76 14.558 -10
4 14 6.858 14.6 -10 6.87 14.561 -10 6.858 14.5535 -10 6.849 14.585 -10
4 14 8.181 14.6 -10 8.169 14.546 -10 8.124 14.507 -10 8.148 14.576 -10
4 14 8.202 14.612 -10 8.196 14.576 -10 8.169 14.546 -10 8.181 14.6 -10
4 14 6.867 14.615 -10 6.885 14.57 -10 6.87 14.561 -10 6.858 14.6 -10
4 14 8.217 14.618 -10 8.217 14.597 -10 8.196 14.576 -10 8.202 14.612 -10
4 14 8.772 14.618 -10 8.799 14.594 -10 8.808 14.558 -10 8.76 14.591 -10
4 14 8.232 14.621 -10 8.229 14.612 -10 8.217 14.597 -10 8.217 14.618 -10
3 14 8.787 14.621 -10 8.799 14.594 -10 8.772 14.618 -10
4 14 6.882 14.624 -10 6.897 14.582 -10 6.885 14.57 -10 6.867 14.615 -10
4 14 6.882 14.624 -10 6.894 14.624 -10 6.909 14.603 -10 6.897 14.582 -10
3 14 6.894 14.624 -10 6.909 14.615 -10 6.909 14.603 -10
4 14 10.254 14.639 -10 10.35 14.6 -10 10.368 14.537 -10 10.293 14.567 -10
4 14 10.218 14.684 -10 10.326 14.642 -10 10.35 14.6 -10 10.254 14.639 -10
4 14 10.182 14.72 -10 10.296 14.687 -10 10.326 14.642 -10 10.218 14.684 -10
4 14 10.14 14.762 -10 10.254 14.735 -10 10.296 14.687 -10 10.182 14.72 -10
4 14 10.116 14.792 -10 10.209 14.777 -10 10.254 14.735 -10 10.14 14.762 -10
3 14 10.17 14.804 -10 10.209 14.777 -10 10.116 14.792 -10
4 14 10.146 14.822 -10 10.17 14.804 -10 10.116 14.792 -10 10.098 14.816 -10
4 14 10.122 14.84 -10 10.146 14.822 -10 10.098 14.816 -10 10.101 14.834 -10
4 14 9.588 14.984 -10 9.579 14.96 -10 9.558 14.954 -10 9.543 14.966 -10
4 14 9.594 15.008 -10 9.588 14.984 -10 9.543 14.966 -10 9.534 14.984 -10
4 14 9.594 15.038 -10 9.594 15.008 -10 9.534 14.984 -10 9.534 15.014 -10
4 14 9.5844 15.08 -10 9.594 15.038 -10 9.534 15.014 -10 9.537 15.05 -10
4 14 9.576 15.116 -10 9.5844 15.08 -10 9.537 15.05 -10 9.54 15.086 -10
4 14 9.564 15.152 -10 9.576 15.116 -10 9.54 15.086 -10 9.534 15.116 -10
3 14 9.552 15.176 -10 9.522 15.146 -10 9.516 15.17 -10
4 14 9.552 15.176 -10 9.564 15.152 -10 9.534 15.116 -10 9.522 15.146 -10
4 14 9.54 15.188 -10 9.552 15.176 -10 9.516 15.17 -10 9.522 15.185 -10
4 14 8.73 15.314 -10 8.724 15.302 -10 8.712 15.302 -10 8.694 15.314 -10
4 14 8.676 15.338 -10 8.724 15.335 -10 8.73 15.314 -10 8.694 15.314 -10
4 14 8.664 15.362 -10 8.712 15.3578 -10 8.724 15.335 -10 8.676 15.338 -10
4 14 8.652 15.398 -10 8.703 15.38 -10 8.712 15.3578 -10 8.664 15.362 -10
4 14 8.649 15.428 -10 8.6952 15.404 -10 8.703 15.38 -10 8.652 15.398 -10
4 14 8.649 15.452 -10 8.6916 15.428 -10 8.6952 15.404 -10 8.649 15.428 -10
4 14 8.649 15.482 -10 8.6898 15.452 -10 8.6916 15.428 -10 8.649 15.452 -10
4 14 8.652 15.509 -10 8.6898 15.482 -10 8.6898 15.452 -10 8.649 15.482 -10
4 14 8.658 15.53 -10 8.691 15.509 -10 8.6898 15.482 -10 8.652 15.509 -10
4 14 8.667 15.56 -10 8.694 15.533 -10 8.691 15.509 -10 8.658 15.53 -10
4 14 8.685 15.566 -10 8.694 15.554 -10 8.694 15.533 -10 8.667 15.56 -10
3 14 8.496 15.89 -10 8.493 15.86 -10 8.4774 15.875 -10
4 14 8.496 15.89 -10 8.514 15.881 -10 8.514 15.86 -10 8.493 15.86 -10
4 14 8.478 15.902 -10 8.496 15.89 -10 8.4774 15.875 -10 8.463 15.89 -10
4 14 7.734 15.941 -10 7.737 15.917 -10 7.722 15.923 -10 7.719 15.932 -10
4 14 7.734 15.941 -10 7.749 15.941 -10 7.7514 15.9206 -10 7.737 15.917 -10
4 14 7.749 15.941 -10 7.761 15.938 -10 7.764 15.926 -10 7.7514 15.9206 -10
4 14 7.911 15.947 -10 7.911 15.926 -10 7.902 15.929 -10 7.902 15.935 -10
4 14 7.923 15.953 -10 7.929 15.926 -10 7.911 15.926 -10 7.911 15.947 -10
4 14 7.941 15.959 -10 7.947 15.929 -10 7.929 15.926 -10 7.923 15.953 -10
4 14 8.244 15.9599 -10 8.25 15.956 -10 8.25 15.947 -10 8.241 15.947 -10
4 14 7.959 15.965 -10 7.968 15.932 -10 7.947 15.929 -10 7.941 15.959 -10
4 14 8.226 15.965 -10 8.244 15.9599 -10 8.241 15.947 -10 8.214 15.947 -10
4 14 7.287 15.971 -10 7.296 15.959 -10 7.293 15.95 -10 7.275 15.947 -10
4 14 7.986 15.971 -10 7.995 15.938 -10 7.968 15.932 -10 7.959 15.965 -10
4 14 8.202 15.971 -10 8.226 15.965 -10 8.214 15.947 -10 8.172 15.947 -10
4 14 8.154 15.974 -10 8.202 15.971 -10 8.172 15.947 -10 8.13 15.947 -10
4 14 8.01 15.977 -10 8.019 15.941 -10 7.995 15.938 -10 7.986 15.971 -10
4 14 8.1 15.977 -10 8.154 15.974 -10 8.13 15.947 -10 8.088 15.947 -10
4 14 7.236 15.98 -10 7.239 15.953 -10 7.227 15.962 -10 7.227 15.971 -10
4 14 8.055 15.98 -10 8.055 15.944 -10 8.019 15.941 -10 8.01 15.977 -10
4 14 8.055 15.98 -10 8.1 15.977 -10 8.088 15.947 -10 8.055 15.944 -10
4 14 7.275 15.983 -10 7.287 15.971 -10 7.275 15.947 -10 7.254 15.947 -10
4 14 7.257 15.989 -10 7.254 15.947 -10 7.239 15.953 -10 7.236 15.98 -10
3 14 7.257 15.989 -10 7.275 15.983 -10 7.254 15.947 -10
4 14 9.0438 16.3544 -10 9.066 16.352 -10 9.063 16.334 -10 9.042 16.334 -10
4 14 9.024 16.37 -10 9.0438 16.3544 -10 9.042 16.334 -10 9.024 16.349 -10
3 14 9.036 16.379 -10 9.0438 16.3544 -10 9.024 16.37 -10
4 14 9.036 16.379 -10 9.054 16.367 -10 9.066 16.352 -10 9.0438 16.3544 -10
4 14 8.808 16.448 -10 8.853 16.442 -10 8.853 16.43 -10 8.838 16.43 -10
3 14 8.733 16.568 -10 8.808 16.448 -10 8.706 16.541 -10
4 14 8.733 16.568 -10 8.841 16.457 -10 8.853 16.442 -10 8.808 16.448 -10
4 14 8.634 16.655 -10 8.733 16.568 -10 8.706 16.541 -10 8.616 16.628 -10
4 14 8.622 16.667 -10 8.634 16.655 -10 8.616 16.628 -10 8.607 16.64 -10
4 14 8.589 16.679 -10 8.622 16.667 -10 8.607 16.64 -10 8.595 16.661 -10
3 14 8.589 16.679 -10 8.607 16.679 -10 8.622 16.667 -10
4 14 8.448 16.772 -10 8.448 16.763 -10 8.439 16.763 -10 8.424 16.766 -10
4 14 8.448 16.781 -10 8.448 16.772 -10 8.424 16.766 -10 8.412 16.775 -10
4 14 8.436 16.796 -10 8.448 16.781 -10 8.412 16.775 -10 8.397 16.793 -10
3 14 8.3952 16.811 -10 8.403 16.811 -10 8.394 16.802 -10
3 14 8.403 16.811 -10 8.415 16.811 -10 8.394 16.802 -10
4 14 8.415 16.811 -10 8.436 16.796 -10 8.397 16.793 -10 8.394 16.802 -10
3 14 8.1774 17.0624 -10 8.1834 17.0558 -10 8.1822 17.0444 -10
4 14 8.142 17.069 -10 8.1528 17.0264 -10 8.136 17.0342 -10 8.1234 17.0498 -10
4 14 8.142 17.069 -10 8.1534 17.0684 -10 8.1714 17.0264 -10 8.1528 17.0264 -10
4 14 8.166 17.069 -10 8.1798 17.0342 -10 8.1714 17.0264 -10 8.1534 17.0684 -10
4 14 8.166 17.069 -10 8.1774 17.0624 -10 8.1822 17.0444 -10 8.1798 17.0342 -10
4 14 8.136 17.0792 -10 8.142 17.069 -10 8.1234 17.0498 -10 8.109 17.0684 -10
4 14 8.1342 17.093 -10 8.136 17.0792 -10 8.109 17.0684 -10 8.0988 17.0804 -10
4 14 8.0952 17.1098 -10 8.1342 17.093 -10 8.0988 17.0804 -10 8.0946 17.093 -10
4 14 8.1096 17.1152 -10 8.1348 17.1086 -10 8.1342 17.093 -10 8.0952 17.1098 -10
3 14 8.1096 17.1152 -10 8.1258 17.1134 -10 8.1348 17.1086 -10
4 14 8.4 10.82 -10 8.4 10.676 -10 7.9953 10.6866 -10 7.5917 10.7184 -10
4 14 8.4 10.82 -10 9.2083 10.7184 -10 8.8047 10.6866 -10 8.4 10.676 -10
4 14 8.4 10.82 -10 9 10.82 -10 9.6096 10.7712 -10 9.2083 10.7184 -10
4 14 8.463 10.868 -10 9 10.82 -10 8.4 10.82 -10 8.286 10.865 -10
3 14 8.472 10.877 -10 9 10.82 -10 8.463 10.868 -10
3 14 8.457 10.88 -10 8.463 10.868 -10 8.286 10.865 -10
3 14 8.481 10.886 -10 9 10.82 -10 8.472 10.877 -10
3 14 8.454 10.892 -10 8.457 10.88 -10 8.286 10.865 -10
3 14 8.49 10.895 -10 9 10.82 -10 8.481 10.886 -10
3 14 8.502 10.907 -10 9 10.82 -10 8.49 10.895 -10
4 14 8.445 10.928 -10 8.451 10.91 -10 8.454 10.892 -10 8.286 10.865 -10
4 14 8.529 10.931 -10 9 10.82 -10 8.502 10.907 -10 8.514 10.919 -10
4 14 10.4012 10.9395 -10 10.0076 10.845 -10 9.6096 10.7712 -10 9 10.82 -10
4 14 8.439 10.946 -10 8.445 10.928 -10 8.286 10.865 -10 8.298 10.874 -10
4 14 8.562 10.955 -10 9 10.82 -10 8.529 10.931 -10 8.544 10.943 -10
4 14 8.433 10.961 -10 8.439 10.946 -10 8.298 10.874 -10 8.307 10.892 -10
3 14 8.58 10.967 -10 9 10.82 -10 8.562 10.955 -10
4 14 8.427 10.976 -10 8.433 10.961 -10 8.307 10.892 -10 8.319 10.907 -10
3 14 8.598 10.979 -10 9 10.82 -10 8.58 10.967 -10
4 14 8.424 10.997 -10 8.427 10.976 -10 8.319 10.907 -10 8.331 10.928 -10
3 14 8.616 10.997 -10 9 10.82 -10 8.598 10.979 -10
3 14 6.6 11 -10 7.5917 10.7184 -10 7.1904 10.7712 -10
4 14 6.6 11 -10 7.1904 10.7712 -10 6.7924 10.845 -10 6.3988 10.9395 -10
4 14 6.6 11 -10 8.286 10.865 -10 8.4 10.82 -10 7.5917 10.7184 -10
4 14 8.427 11.009 -10 8.424 10.997 -10 8.331 10.928 -10 8.349 10.949 -10
3 14 8.628 11.009 -10 9 10.82 -10 8.616 10.997 -10
4 14 8.13 11.021 -10 8.148 11.021 -10 8.244 10.979 -10 8.244 10.967 -10
4 14 8.148 11.021 -10 8.163 11.021 -10 8.253 10.991 -10 8.244 10.979 -10
3 14 8.163 11.021 -10 8.178 11.021 -10 8.253 10.991 -10
4 14 8.109 11.024 -10 8.13 11.021 -10 8.244 10.967 -10 8.25 10.958 -10
4 14 8.436 11.024 -10 8.427 11.009 -10 8.349 10.949 -10 8.367 10.973 -10
3 14 8.64 11.024 -10 9 10.82 -10 8.628 11.009 -10
4 14 8.091 11.027 -10 8.109 11.024 -10 8.25 10.958 -10 8.262 10.943 -10
4 14 8.214 11.027 -10 8.253 10.991 -10 8.178 11.021 -10 8.193 11.024 -10
4 14 8.073 11.03 -10 8.091 11.027 -10 8.262 10.943 -10 8.271 10.925 -10
4 14 8.028 11.033 -10 8.037 11.033 -10 8.286 10.865 -10 6.6 11 -10
4 14 8.037 11.033 -10 8.046 11.033 -10 8.28 10.88 -10 8.286 10.865 -10
4 14 8.046 11.033 -10 8.058 11.033 -10 8.277 10.901 -10 8.28 10.88 -10
4 14 8.058 11.033 -10 8.073 11.03 -10 8.271 10.925 -10 8.277 10.901 -10
3 14 8.235 11.033 -10 8.253 10.991 -10 8.214 11.027 -10
4 14 8.445 11.036 -10 8.436 11.024 -10 8.367 10.973 -10 8.379 10.994 -10
4 14 8.262 11.048 -10 8.253 10.991 -10 8.235 11.033 -10 8.25 11.042 -10
4 14 8.448 11.048 -10 8.445 11.036 -10 8.379 10.994 -10 8.385 11.012 -10
3 14 8.277 11.054 -10 8.253 10.991 -10 8.262 11.048 -10
4 14 8.448 11.057 -10 8.448 11.048 -10 8.385 11.012 -10 8.388 11.027 -10
3 14 8.292 11.06 -10 8.253 10.991 -10 8.277 11.054 -10
4 14 8.673 11.066 -10 9 10.82 -10 8.64 11.024 -10 8.661 11.051 -10
4 14 8.442 11.069 -10 8.448 11.057 -10 8.388 11.027 -10 8.388 11.039 -10
4 14 8.424 11.078 -10 8.442 11.069 -10 8.388 11.039 -10 8.382 11.048 -10
4 14 8.34 11.081 -10 8.253 10.991 -10 8.292 11.06 -10 8.316 11.072 -10
3 14 8.721 11.081 -10 9 10.82 -10 8.703 11.087 -10
3 14 8.748 11.081 -10 9 10.82 -10 8.721 11.081 -10
4 14 8.355 11.087 -10 8.277 11.012 -10 8.253 10.991 -10 8.34 11.081 -10
4 14 8.4 11.087 -10 8.424 11.078 -10 8.382 11.048 -10 8.358 11.051 -10
4 14 8.703 11.087 -10 9 10.82 -10 8.673 11.066 -10 8.688 11.081 -10
4 14 8.028 11.09 -10 8.073 11.06 -10 8.058 11.054 -10 8.004 11.09 -10
4 14 8.121 11.09 -10 8.13 11.087 -10 8.133 11.078 -10 8.13 11.072 -10
4 14 8.376 11.09 -10 8.313 11.036 -10 8.277 11.012 -10 8.355 11.087 -10
4 14 8.376 11.09 -10 8.4 11.087 -10 8.358 11.051 -10 8.313 11.036 -10
3 14 8.796 11.09 -10 9 10.82 -10 8.748 11.081 -10
4 14 8.058 11.093 -10 8.091 11.063 -10 8.073 11.06 -10 8.028 11.09 -10
4 14 8.079 11.093 -10 8.106 11.066 -10 8.091 11.063 -10 8.058 11.093 -10
4 14 8.109 11.093 -10 8.121 11.069 -10 8.106 11.066 -10 8.079 11.093 -10
4 14 8.109 11.093 -10 8.121 11.09 -10 8.13 11.072 -10 8.121 11.069 -10
4 14 7.974 11.096 -10 8.004 11.09 -10 8.058 11.054 -10 8.049 11.051 -10
3 14 8.814 11.096 -10 9 10.82 -10 8.796 11.09 -10
4 14 7.956 11.102 -10 7.974 11.096 -10 8.049 11.051 -10 8.037 11.048 -10
3 14 8.832 11.102 -10 9 10.82 -10 8.814 11.096 -10
3 14 7.938 11.111 -10 8.028 11.042 -10 8.028 11.033 -10
4 14 7.938 11.111 -10 7.956 11.102 -10 8.037 11.048 -10 8.028 11.042 -10
3 14 8.856 11.114 -10 9 10.82 -10 8.832 11.102 -10
4 14 7.926 11.117 -10 7.938 11.111 -10 8.028 11.033 -10 6.6 11 -10
3 14 8.874 11.126 -10 9 10.82 -10 8.856 11.114 -10
3 14 8.889 11.141 -10 9 10.82 -10 8.874 11.126 -10
3 14 8.904 11.156 -10 9 10.82 -10 8.889 11.141 -10
3 14 8.919 11.171 -10 9 10.82 -10 8.904 11.156 -10
4 14 8.19 11.18 -10 8.199 11.174 -10 8.205 11.165 -10 8.196 11.159 -10
4 14 8.178 11.183 -10 8.19 11.18 -10 8.196 11.159 -10 8.172 11.159 -10
4 14 5.629 11.1896 -10 6.6 11 -10 6.3988 10.9395 -10 6.0106 11.0544 -10
4 14 11.171 11.1896 -10 10.7894 11.0544 -10 10.4012 10.9395 -10 9 10.82 -10
4 14 8.169 11.192 -10 8.178 11.183 -10 8.172 11.159 -10 8.154 11.156 -10
3 14 8.94 11.192 -10 9 10.82 -10 8.919 11.171 -10
4 14 8.232 11.216 -10 8.238 11.207 -10 8.229 11.198 -10 8.22 11.192 -10
4 14 8.97 11.216 -10 9 10.82 -10 8.94 11.192 -10 8.952 11.204 -10
4 14 9.012 11.222 -10 9 10.82 -10 8.97 11.216 -10 8.985 11.219 -10
3 14 9.183 11.222 -10 9.207 11.219 -10 9 10.82 -10
3 14 9.234 11.222 -10 9 10.82 -10 9.207 11.219 -10
4 14 9.036 11.225 -10 9.072 11.225 -10 9 10.82 -10 9.012 11.222 -10
3 14 9.072 11.225 -10 9.096 11.225 -10 9 10.82 -10
3 14 9.096 11.225 -10 9.126 11.225 -10 9 10.82 -10
4 14 9.126 11.225 -10 9.156 11.225 -10 9.183 11.222 -10 9 10.82 -10
4 14 8.208 11.228 -10 8.232 11.216 -10 8.22 11.192 -10 8.211 11.192 -10
4 14 8.181 11.234 -10 8.208 11.228 -10 8.211 11.192 -10 8.196 11.195 -10
4 14 8.148 11.246 -10 8.181 11.234 -10 8.196 11.195 -10 8.184 11.195 -10
4 14 8.121 11.258 -10 8.169 11.192 -10 8.154 11.156 -10 8.136 11.15 -10
4 14 8.121 11.258 -10 8.148 11.246 -10 8.184 11.195 -10 8.169 11.192 -10
4 14 8.088 11.276 -10 8.121 11.258 -10 8.136 11.15 -10 8.115 11.144 -10
4 14 8.07 11.285 -10 8.088 11.276 -10 8.115 11.144 -10 8.094 11.138 -10
4 14 8.058 11.294 -10 8.07 11.285 -10 8.094 11.138 -10 8.07 11.132 -10
4 14 8.04 11.306 -10 8.058 11.294 -10 8.07 11.132 -10 8.043 11.126 -10
4 14 8.025 11.318 -10 8.04 11.306 -10 8.043 11.126 -10 8.019 11.123 -10
4 14 8.001 11.333 -10 8.025 11.318 -10 8.019 11.123 -10 7.989 11.123 -10
4 14 7.968 11.348 -10 8.001 11.333 -10 7.989 11.123 -10 7.974 11.126 -10
4 14 7.944 11.36 -10 7.968 11.348 -10 7.974 11.126 -10 7.956 11.129 -10
4 14 9.063 11.36 -10 9.054 11.342 -10 9.045 11.348 -10 9.048 11.357 -10
4 14 9.78 11.36 -10 9 10.82 -10 9.234 11.222 -10 9.258 11.234 -10
3 14 9.78 11.36 -10 9.258 11.234 -10 9.279 11.246 -10
3 14 9.78 11.36 -10 9.279 11.246 -10 9.3 11.261 -10
3 14 9.78 11.36 -10 9.3 11.261 -10 9.315 11.279 -10
3 14 9.78 11.36 -10 9.315 11.279 -10 9.321 11.294 -10
3 14 9.78 11.36 -10 9.321 11.294 -10 9.312 11.309 -10
4 14 9.78 11.36 -10 11.475 11.3137 -10 11.171 11.1896 -10 9 10.82 -10
4 14 9.084 11.366 -10 9.066 11.336 -10 9.054 11.342 -10 9.063 11.36 -10
4 14 7.917 11.372 -10 7.944 11.36 -10 7.956 11.129 -10 7.941 11.129 -10
4 14 9.114 11.372 -10 9.078 11.33 -10 9.066 11.336 -10 9.084 11.366 -10
4 14 7.89 11.384 -10 7.917 11.372 -10 7.941 11.129 -10 7.929 11.129 -10
4 14 9.147 11.384 -10 9.105 11.321 -10 9.078 11.33 -10 9.114 11.372 -10
4 14 7.857 11.396 -10 7.89 11.384 -10 7.929 11.129 -10 7.923 11.126 -10
4 14 9.177 11.396 -10 9.141 11.309 -10 9.105 11.321 -10 9.147 11.384 -10
4 14 7.824 11.408 -10 7.923 11.126 -10 7.926 11.117 -10 6.6 11 -10
3 14 7.824 11.408 -10 7.857 11.396 -10 7.923 11.126 -10
4 14 9.207 11.411 -10 9.165 11.3 -10 9.141 11.309 -10 9.177 11.396 -10
4 14 7.764 11.432 -10 7.788 11.423 -10 7.824 11.408 -10 6.6 11 -10
4 14 9.24 11.432 -10 9.192 11.294 -10 9.165 11.3 -10 9.207 11.411 -10
3 14 7.734 11.441 -10 7.764 11.432 -10 6.6 11 -10
4 14 9.267 11.45 -10 9.207 11.291 -10 9.192 11.294 -10 9.24 11.432 -10
4 14 7.638 11.453 -10 7.707 11.447 -10 7.734 11.441 -10 6.6 11 -10
3 14 7.602 11.465 -10 7.638 11.453 -10 6.6 11 -10
4 14 9.294 11.468 -10 9.228 11.291 -10 9.207 11.291 -10 9.267 11.45 -10
3 14 7.575 11.48 -10 7.602 11.465 -10 6.6 11 -10
4 14 9.318 11.48 -10 9.249 11.291 -10 9.228 11.291 -10 9.294 11.468 -10
4 14 9.336 11.486 -10 9.261 11.294 -10 9.249 11.291 -10 9.318 11.48 -10
4 14 9.336 11.486 -10 9.366 11.486 -10 9.273 11.3 -10 9.261 11.294 -10
4 14 9.366 11.486 -10 9.39 11.486 -10 9.285 11.306 -10 9.273 11.3 -10
4 14 9.408 11.489 -10 9.3 11.309 -10 9.285 11.306 -10 9.39 11.486 -10
4 14 9.426 11.495 -10 9.312 11.309 -10 9.3 11.309 -10 9.408 11.489 -10
3 14 7.554 11.498 -10 7.575 11.48 -10 6.6 11 -10
4 14 9.444 11.504 -10 9.78 11.36 -10 9.312 11.309 -10 9.426 11.495 -10
3 14 7.539 11.513 -10 7.554 11.498 -10 6.6 11 -10
3 14 9.468 11.516 -10 9.78 11.36 -10 9.444 11.504 -10
3 14 9.486 11.528 -10 9.78 11.36 -10 9.468 11.516 -10
4 14 9.057 11.54 -10 9.066 11.516 -10 9.057 11.522 -10 9.054 11.528 -10
3 14 9.504 11.54 -10 9.78 11.36 -10 9.486 11.528 -10
4 14 9.063 11.549 -10 9.09 11.516 -10 9.066 11.516 -10 9.057 11.54 -10
3 14 9.522 11.552 -10 9.78 11.36 -10 9.504 11.54 -10
4 14 9.075 11.558 -10 9.12 11.525 -10 9.09 11.516 -10 9.063 11.549 -10
4 14 9.093 11.567 -10 9.153 11.534 -10 9.12 11.525 -10 9.075 11.558 -10
4 14 9.123 11.579 -10 9.195 11.546 -10 9.153 11.534 -10 9.093 11.567 -10
4 14 9.555 11.579 -10 9.78 11.36 -10 9.522 11.552 -10 9.54 11.567 -10
4 14 9.15 11.594 -10 9.231 11.558 -10 9.195 11.546 -10 9.123 11.579 -10
4 14 9.582 11.597 -10 9.78 11.36 -10 9.555 11.579 -10 9.567 11.588 -10
3 14 9.594 11.606 -10 9.78 11.36 -10 9.582 11.597 -10
4 14 9.177 11.609 -10 9.273 11.573 -10 9.231 11.558 -10 9.15 11.594 -10
3 14 9.603 11.615 -10 9.78 11.36 -10 9.594 11.606 -10
3 14 9.612 11.624 -10 9.78 11.36 -10 9.603 11.615 -10
4 14 9.204 11.633 -10 9.3 11.579 -10 9.273 11.573 -10 9.177 11.609 -10
4 14 9.228 11.657 -10 9.324 11.582 -10 9.3 11.579 -10 9.204 11.633 -10
4 14 9.24 11.678 -10 9.348 11.582 -10 9.324 11.582 -10 9.228 11.657 -10
4 14 9.255 11.693 -10 9.375 11.582 -10 9.348 11.582 -10 9.24 11.678 -10
4 14 9.27 11.705 -10 9.396 11.579 -10 9.375 11.582 -10 9.255 11.693 -10
4 14 9.285 11.714 -10 9.411 11.576 -10 9.396 11.579 -10 9.27 11.705 -10
4 14 6.6 11.72 -10 6.6 11 -10 5.629 11.1896 -10 5.325 11.3137 -10
4 14 6.6 11.72 -10 7.524 11.534 -10 7.539 11.513 -10 6.6 11 -10
3 14 6.6 11.72 -10 7.509 11.555 -10 7.524 11.534 -10
4 14 6.6 11.72 -10 7.482 11.6 -10 7.497 11.576 -10 7.509 11.555 -10
3 14 6.6 11.72 -10 7.473 11.618 -10 7.482 11.6 -10
3 14 6.6 11.72 -10 7.461 11.645 -10 7.473 11.618 -10
3 14 6.6 11.72 -10 7.455 11.669 -10 7.461 11.645 -10
3 14 6.6 11.72 -10 7.452 11.69 -10 7.455 11.669 -10
3 14 6.6 11.72 -10 7.452 11.714 -10 7.452 11.69 -10
4 14 9.3 11.72 -10 9.426 11.573 -10 9.411 11.576 -10 9.285 11.714 -10
4 14 9.312 11.723 -10 9.441 11.573 -10 9.426 11.573 -10 9.3 11.72 -10
4 14 9.327 11.726 -10 9.459 11.576 -10 9.441 11.573 -10 9.312 11.723 -10
4 14 9.327 11.726 -10 9.348 11.726 -10 9.48 11.582 -10 9.459 11.576 -10
4 14 9.372 11.729 -10 9.501 11.594 -10 9.48 11.582 -10 9.348 11.726 -10
4 14 9.396 11.732 -10 9.519 11.603 -10 9.501 11.594 -10 9.372 11.729 -10
3 14 7.455 11.735 -10 7.452 11.714 -10 6.6 11.72 -10
4 14 9.417 11.738 -10 9.537 11.612 -10 9.519 11.603 -10 9.396 11.732 -10
4 14 9.441 11.744 -10 9.555 11.621 -10 9.537 11.612 -10 9.417 11.738 -10
3 14 7.458 11.753 -10 7.455 11.735 -10 6.6 11.72 -10
4 14 9.168 11.753 -10 9.189 11.744 -10 9.177 11.741 -10 9.171 11.744 -10
4 14 9.468 11.753 -10 9.57 11.627 -10 9.555 11.621 -10 9.441 11.744 -10
4 14 9.171 11.762 -10 9.201 11.753 -10 9.189 11.744 -10 9.168 11.753 -10
4 14 9.492 11.762 -10 9.582 11.63 -10 9.57 11.627 -10 9.468 11.753 -10
3 14 7.464 11.771 -10 7.458 11.753 -10 6.6 11.72 -10
4 14 9.513 11.774 -10 9.597 11.633 -10 9.582 11.63 -10 9.492 11.762 -10
4 14 7.716 11.777 -10 7.722 11.768 -10 7.719 11.75 -10 7.695 11.741 -10
4 14 7.698 11.786 -10 7.716 11.777 -10 7.695 11.741 -10 7.683 11.747 -10
4 14 9.192 11.786 -10 9.219 11.771 -10 9.201 11.753 -10 9.171 11.762 -10
4 14 9.531 11.786 -10 9.606 11.633 -10 9.597 11.633 -10 9.513 11.774 -10
4 14 7.671 11.795 -10 7.698 11.786 -10 7.683 11.747 -10 7.665 11.753 -10
4 14 9.543 11.795 -10 9.612 11.63 -10 9.606 11.633 -10 9.531 11.786 -10
4 14 7.647 11.801 -10 7.671 11.795 -10 7.665 11.753 -10 7.644 11.762 -10
3 14 9.555 11.804 -10 9.612 11.63 -10 9.543 11.795 -10
4 14 9.213 11.807 -10 9.234 11.783 -10 9.219 11.771 -10 9.192 11.786 -10
4 14 7.617 11.81 -10 7.647 11.801 -10 7.644 11.762 -10 7.623 11.768 -10
4 14 7.59 11.816 -10 7.617 11.81 -10 7.623 11.768 -10 7.587 11.777 -10
4 14 7.563 11.825 -10 7.59 11.816 -10 7.587 11.777 -10 7.56 11.786 -10
4 14 9.582 11.828 -10 9.612 11.63 -10 9.555 11.804 -10 9.564 11.813 -10
4 14 9.237 11.831 -10 9.255 11.798 -10 9.234 11.783 -10 9.213 11.807 -10
4 14 7.551 11.837 -10 7.563 11.825 -10 7.56 11.786 -10 7.527 11.792 -10
3 14 9.591 11.837 -10 9.612 11.63 -10 9.582 11.828 -10
3 14 9.6 11.849 -10 9.612 11.63 -10 9.591 11.837 -10
4 14 9.267 11.861 -10 9.273 11.807 -10 9.255 11.798 -10 9.237 11.831 -10
4 14 9.285 11.876 -10 9.288 11.813 -10 9.273 11.807 -10 9.267 11.861 -10
4 14 9.303 11.885 -10 9.312 11.816 -10 9.288 11.813 -10 9.285 11.876 -10
4 14 9.324 11.888 -10 9.348 11.819 -10 9.312 11.816 -10 9.303 11.885 -10
4 14 9.339 11.891 -10 9.378 11.816 -10 9.348 11.819 -10 9.324 11.888 -10
4 14 9.36 11.897 -10 9.405 11.81 -10 9.378 11.816 -10 9.339 11.891 -10
4 14 9.048 11.9 -10 9.075 11.882 -10 9.063 11.885 -10 9.054 11.891 -10
4 14 9.384 11.909 -10 9.429 11.804 -10 9.405 11.81 -10 9.36 11.897 -10
4 14 9.054 11.915 -10 9.09 11.879 -10 9.075 11.882 -10 9.048 11.9 -10
4 14 9.408 11.921 -10 9.45 11.801 -10 9.429 11.804 -10 9.384 11.909 -10
4 14 9.078 11.924 -10 9.108 11.879 -10 9.09 11.879 -10 9.054 11.915 -10
4 14 9.105 11.93 -10 9.126 11.885 -10 9.108 11.879 -10 9.078 11.924 -10
4 14 9.432 11.936 -10 9.471 11.804 -10 9.45 11.801 -10 9.408 11.921 -10
4 14 9.129 11.939 -10 9.144 11.891 -10 9.126 11.885 -10 9.105 11.93 -10
4 14 9.444 11.945 -10 9.489 11.81 -10 9.471 11.804 -10 9.432 11.936 -10
4 14 9.156 11.948 -10 9.171 11.903 -10 9.144 11.891 -10 9.129 11.939 -10
4 14 9.453 11.951 -10 9.51 11.816 -10 9.489 11.81 -10 9.444 11.945 -10
4 14 9.468 11.957 -10 9.522 11.822 -10 9.51 11.816 -10 9.453 11.951 -10
4 14 9.183 11.96 -10 9.201 11.924 -10 9.171 11.903 -10 9.156 11.948 -10
3 14 9.78 11.96 -10 11.475 11.3137 -10 9.78 11.36 -10
4 14 9.78 11.96 -10 9.78 11.36 -10 9.612 11.624 -10 9.612 11.63 -10
4 14 9.78 11.96 -10 9.612 11.63 -10 9.6 11.849 -10 9.603 11.864 -10
3 14 9.78 11.96 -10 9.603 11.864 -10 9.603 11.873 -10
3 14 9.78 11.96 -10 9.603 11.873 -10 9.6 11.882 -10
4 14 9.486 11.963 -10 9.534 11.828 -10 9.522 11.822 -10 9.468 11.957 -10
4 14 9.504 11.966 -10 9.549 11.84 -10 9.534 11.828 -10 9.486 11.963 -10
4 14 9.504 11.966 -10 9.519 11.966 -10 9.558 11.849 -10 9.549 11.84 -10
4 14 9.528 11.969 -10 9.567 11.858 -10 9.558 11.849 -10 9.519 11.966 -10
4 14 9.213 11.975 -10 9.228 11.936 -10 9.201 11.924 -10 9.183 11.96 -10
4 14 9.528 11.981 -10 9.573 11.864 -10 9.567 11.858 -10 9.528 11.969 -10
4 14 9.528 11.981 -10 9.582 11.876 -10 9.579 11.87 -10 9.573 11.864 -10
3 14 9.528 11.981 -10 9.588 11.882 -10 9.582 11.876 -10
3 14 9.528 11.981 -10 9.594 11.885 -10 9.588 11.882 -10
4 14 9.528 11.981 -10 9.78 11.96 -10 9.6 11.882 -10 9.594 11.885 -10
4 14 9.243 11.993 -10 9.252 11.945 -10 9.228 11.936 -10 9.213 11.975 -10
4 14 9.483 12.002 -10 9.453 12.218 -10 9.468 12.23 -10 9.501 11.999 -10
4 14 9.267 12.011 -10 9.27 11.948 -10 9.252 11.945 -10 9.243 11.993 -10
4 14 9.291 12.038 -10 9.3 11.957 -10 9.27 11.948 -10 9.267 12.011 -10
4 14 9.312 12.068 -10 9.324 11.96 -10 9.3 11.957 -10 9.291 12.038 -10
4 14 9.33 12.098 -10 9.348 11.966 -10 9.324 11.96 -10 9.312 12.068 -10
4 14 9.066 12.107 -10 9.09 12.101 -10 9.075 12.098 -10 9.069 12.101 -10
4 14 9.342 12.113 -10 9.372 11.972 -10 9.348 11.966 -10 9.33 12.098 -10
4 14 9.069 12.116 -10 9.105 12.107 -10 9.09 12.101 -10 9.066 12.107 -10
4 14 9.351 12.119 -10 9.39 11.978 -10 9.372 11.972 -10 9.342 12.113 -10
4 14 9.075 12.128 -10 9.123 12.116 -10 9.105 12.107 -10 9.069 12.116 -10
4 14 9.375 12.131 -10 9.402 11.984 -10 9.39 11.978 -10 9.351 12.119 -10
4 14 9.093 12.152 -10 9.144 12.125 -10 9.123 12.116 -10 9.075 12.128 -10
4 14 9.402 12.152 -10 9.414 11.99 -10 9.402 11.984 -10 9.375 12.131 -10
4 14 9.42 12.17 -10 9.435 11.999 -10 9.414 11.99 -10 9.402 12.152 -10
4 14 9.111 12.176 -10 9.171 12.134 -10 9.144 12.125 -10 9.093 12.152 -10
4 14 9.435 12.194 -10 9.459 12.002 -10 9.435 11.999 -10 9.42 12.17 -10
4 14 9.141 12.2 -10 9.198 12.146 -10 9.171 12.134 -10 9.111 12.176 -10
4 14 9.441 12.206 -10 9.483 12.002 -10 9.459 12.002 -10 9.435 12.194 -10
3 14 9.453 12.218 -10 9.483 12.002 -10 9.441 12.206 -10
4 14 9.177 12.224 -10 9.228 12.164 -10 9.198 12.146 -10 9.141 12.2 -10
4 14 9.483 12.236 -10 9.519 11.99 -10 9.501 11.999 -10 9.468 12.23 -10
4 14 9.498 12.242 -10 9.528 11.981 -10 9.519 11.99 -10 9.483 12.236 -10
4 14 9.213 12.245 -10 9.255 12.176 -10 9.228 12.164 -10 9.177 12.224 -10
4 14 9.51 12.245 -10 9.78 11.96 -10 9.528 11.981 -10 9.498 12.242 -10
3 14 9.522 12.251 -10 9.78 11.96 -10 9.51 12.245 -10
3 14 9.534 12.257 -10 9.78 11.96 -10 9.522 12.251 -10
4 14 9.246 12.266 -10 9.282 12.185 -10 9.255 12.176 -10 9.213 12.245 -10
4 14 9.273 12.29 -10 9.3 12.191 -10 9.282 12.185 -10 9.246 12.266 -10
4 14 9.294 12.314 -10 9.321 12.197 -10 9.3 12.191 -10 9.273 12.29 -10
4 14 6.6 12.32 -10 7.5 12.32 -10 6.6 11.72 -10 5.325 11.3137 -10
4 14 7.5 12.32 -10 7.476 11.789 -10 7.464 11.771 -10 6.6 11.72 -10
3 14 7.5 12.32 -10 7.491 11.795 -10 7.476 11.789 -10
4 14 7.5 12.32 -10 7.551 11.837 -10 7.527 11.792 -10 7.491 11.795 -10
4 14 7.5 12.32 -10 7.848 11.837 -10 7.818 11.837 -10 7.788 11.84 -10
4 14 7.5 12.32 -10 7.788 11.84 -10 7.758 11.852 -10 7.737 11.861 -10
4 14 7.5 12.32 -10 7.929 11.846 -10 7.893 11.84 -10 7.848 11.837 -10
3 14 7.5 12.32 -10 7.557 11.858 -10 7.551 11.837 -10
4 14 7.5 12.32 -10 7.737 11.861 -10 7.704 11.873 -10 7.677 11.885 -10
4 14 7.5 12.32 -10 8.01 11.861 -10 7.968 11.852 -10 7.929 11.846 -10
3 14 7.5 12.32 -10 7.575 11.873 -10 7.557 11.858 -10
3 14 7.5 12.32 -10 7.599 11.882 -10 7.575 11.873 -10
3 14 7.5 12.32 -10 7.677 11.885 -10 7.653 11.888 -10
3 14 7.5 12.32 -10 7.623 11.888 -10 7.599 11.882 -10
3 14 7.5 12.32 -10 7.653 11.888 -10 7.623 11.888 -10
4 14 7.5 12.32 -10 8.103 11.888 -10 8.052 11.873 -10 8.01 11.861 -10
4 14 7.5 12.32 -10 8.259 11.888 -10 8.241 11.891 -10 8.214 11.897 -10
3 14 7.5 12.32 -10 8.124 11.891 -10 8.103 11.888 -10
3 14 7.5 12.32 -10 8.28 11.891 -10 8.259 11.888 -10
3 14 7.5 12.32 -10 8.145 11.894 -10 8.124 11.891 -10
3 14 7.5 12.32 -10 8.166 11.897 -10 8.145 11.894 -10
3 14 7.5 12.32 -10 8.19 11.897 -10 8.166 11.897 -10
3 14 7.5 12.32 -10 8.214 11.897 -10 8.19 11.897 -10
4 14 7.5 12.32 -10 8.298 11.906 -10 8.292 11.897 -10 8.28 11.891 -10
4 14 7.5 12.32 -10 8.307 11.957 -10 8.304 11.93 -10 8.298 11.906 -10
4 14 7.5 12.32 -10 8.244 12.113 -10 8.292 12.014 -10 8.307 11.957 -10
4 14 7.5 12.32 -10 8.166 12.281 -10 8.205 12.2 -10 8.244 12.113 -10
4 14 9.309 12.341 -10 9.345 12.203 -10 9.321 12.197 -10 9.294 12.314 -10
4 14 9.321 12.374 -10 9.366 12.212 -10 9.345 12.203 -10 9.309 12.341 -10
3 14 9.012 12.38 -10 9.03 12.365 -10 9.018 12.368 -10
4 14 9.018 12.389 -10 9.054 12.359 -10 9.03 12.365 -10 9.012 12.38 -10
3 14 8.091 12.395 -10 8.166 12.281 -10 7.5 12.32 -10
4 14 9.03 12.398 -10 9.072 12.362 -10 9.054 12.359 -10 9.018 12.389 -10
4 14 9.333 12.401 -10 9.387 12.227 -10 9.366 12.212 -10 9.321 12.374 -10
4 14 9.048 12.407 -10 9.093 12.368 -10 9.072 12.362 -10 9.03 12.398 -10
4 14 9.078 12.422 -10 9.123 12.38 -10 9.093 12.368 -10 9.048 12.407 -10
4 14 9.348 12.422 -10 9.405 12.245 -10 9.387 12.227 -10 9.333 12.401 -10
4 14 9.363 12.437 -10 9.42 12.257 -10 9.405 12.245 -10 9.348 12.422 -10
4 14 9.105 12.44 -10 9.168 12.392 -10 9.123 12.38 -10 9.078 12.422 -10
4 14 9.78 12.44 -10 9.78 11.96 -10 9.534 12.257 -10 9.54 12.269 -10
4 14 9.78 12.44 -10 10.92 12.44 -10 11.475 11.3137 -10 9.78 11.96 -10
4 14 9.78 12.44 -10 9.45 13.136 -10 9.453 13.148 -10 9.78 13.58 -10
4 14 9.78 12.44 -10 9.78 13.58 -10 10.305 13.07 -10 10.332 13.043 -10
4 14 10.92 12.44 -10 10.68 13.472 -10 10.68 13.544 -10 10.92 14.12 -10
4 14 10.92 12.44 -10 10.92 14.12 -10 11.475 13.4 -10 11.475 11.3137 -10
4 14 9.381 12.452 -10 9.441 12.272 -10 9.42 12.257 -10 9.363 12.437 -10
4 14 9.12 12.455 -10 9.207 12.404 -10 9.168 12.392 -10 9.105 12.44 -10
4 14 9.399 12.458 -10 9.459 12.278 -10 9.441 12.272 -10 9.381 12.452 -10
4 14 9.423 12.464 -10 9.477 12.281 -10 9.459 12.278 -10 9.399 12.458 -10
4 14 9.444 12.47 -10 9.498 12.284 -10 9.477 12.281 -10 9.423 12.464 -10
4 14 9.462 12.476 -10 9.519 12.281 -10 9.498 12.284 -10 9.444 12.47 -10
4 14 9.138 12.482 -10 9.225 12.41 -10 9.207 12.404 -10 9.12 12.455 -10
4 14 9.48 12.482 -10 9.531 12.278 -10 9.519 12.281 -10 9.462 12.476 -10
4 14 9.495 12.494 -10 9.54 12.269 -10 9.531 12.278 -10 9.48 12.482 -10
4 14 9.156 12.5 -10 9.24 12.419 -10 9.225 12.41 -10 9.138 12.482 -10
4 14 9.504 12.512 -10 9.78 12.44 -10 9.54 12.269 -10 9.495 12.494 -10
4 14 9.171 12.515 -10 9.255 12.434 -10 9.24 12.419 -10 9.156 12.5 -10
4 14 7.983 12.521 -10 8.037 12.461 -10 8.091 12.395 -10 7.5 12.32 -10
4 14 9.195 12.53 -10 9.27 12.449 -10 9.255 12.434 -10 9.171 12.515 -10
4 14 9.231 12.548 -10 9.288 12.47 -10 9.27 12.449 -10 9.195 12.53 -10
4 14 9.261 12.566 -10 9.315 12.488 -10 9.288 12.47 -10 9.231 12.548 -10
4 14 7.923 12.575 -10 7.959 12.545 -10 7.983 12.521 -10 7.5 12.32 -10
4 14 9.285 12.581 -10 9.342 12.503 -10 9.315 12.488 -10 9.261 12.566 -10
3 14 6.864 12.602 -10 6.6 12.32 -10 6.831 12.599 -10
4 14 9.306 12.602 -10 9.363 12.512 -10 9.342 12.503 -10 9.285 12.581 -10
3 14 6.798 12.605 -10 6.831 12.599 -10 6.6 12.32 -10
4 14 6.9 12.608 -10 7.5 12.32 -10 6.6 12.32 -10 6.864 12.602 -10
3 14 6.771 12.614 -10 6.798 12.605 -10 6.6 12.32 -10
3 14 7.887 12.617 -10 7.923 12.575 -10 7.5 12.32 -10
4 14 9.102 12.62 -10 9.126 12.614 -10 9.114 12.608 -10 9.102 12.611 -10
3 14 6.942 12.623 -10 7.5 12.32 -10 6.9 12.608 -10
4 14 9.327 12.626 -10 9.387 12.518 -10 9.363 12.512 -10 9.306 12.602 -10
4 14 9.105 12.629 -10 9.141 12.62 -10 9.126 12.614 -10 9.102 12.62 -10
3 14 6.738 12.632 -10 6.771 12.614 -10 6.6 12.32 -10
4 14 9.117 12.641 -10 9.165 12.632 -10 9.141 12.62 -10 9.105 12.629 -10
3 14 6.981 12.644 -10 7.5 12.32 -10 6.942 12.623 -10
4 14 9.342 12.647 -10 9.411 12.524 -10 9.387 12.518 -10 9.327 12.626 -10
3 14 6.711 12.653 -10 6.738 12.632 -10 6.6 12.32 -10
4 14 9.129 12.653 -10 9.198 12.647 -10 9.165 12.632 -10 9.117 12.641 -10
4 14 9.144 12.665 -10 9.225 12.662 -10 9.198 12.647 -10 9.129 12.653 -10
3 14 7.851 12.668 -10 7.887 12.617 -10 7.5 12.32 -10
4 14 9.357 12.668 -10 9.435 12.527 -10 9.411 12.524 -10 9.342 12.647 -10
3 14 6.693 12.677 -10 6.711 12.653 -10 6.6 12.32 -10
3 14 7.026 12.677 -10 7.5 12.32 -10 6.981 12.644 -10
4 14 9.159 12.677 -10 9.255 12.674 -10 9.225 12.662 -10 9.144 12.665 -10
4 14 9.171 12.686 -10 9.282 12.683 -10 9.255 12.674 -10 9.159 12.677 -10
4 14 9.369 12.686 -10 9.462 12.524 -10 9.435 12.527 -10 9.357 12.668 -10
4 14 9.186 12.695 -10 9.306 12.692 -10 9.282 12.683 -10 9.171 12.686 -10
3 14 7.053 12.704 -10 7.5 12.32 -10 7.026 12.677 -10
4 14 9.198 12.704 -10 9.321 12.701 -10 9.306 12.692 -10 9.186 12.695 -10
4 14 9.378 12.704 -10 9.486 12.518 -10 9.462 12.524 -10 9.369 12.686 -10
3 14 7.824 12.71 -10 7.851 12.668 -10 7.5 12.32 -10
4 14 9.06 12.713 -10 9.042 12.671 -10 9.033 12.677 -10 9.033 12.686 -10
4 14 9.201 12.716 -10 9.336 12.716 -10 9.321 12.701 -10 9.198 12.704 -10
4 14 9.387 12.722 -10 9.504 12.512 -10 9.486 12.518 -10 9.378 12.704 -10
4 14 9.081 12.728 -10 9.054 12.671 -10 9.042 12.671 -10 9.06 12.713 -10
4 14 9.396 12.731 -10 9.78 12.44 -10 9.504 12.512 -10 9.387 12.722 -10
3 14 7.086 12.737 -10 7.5 12.32 -10 7.053 12.704 -10
4 14 9.105 12.74 -10 9.081 12.68 -10 9.054 12.671 -10 9.081 12.728 -10
4 14 9.132 12.746 -10 9.105 12.689 -10 9.081 12.68 -10 9.105 12.74 -10
4 14 9.417 12.749 -10 9.78 12.44 -10 9.396 12.731 -10 9.405 12.74 -10
4 14 9.159 12.752 -10 9.123 12.698 -10 9.105 12.689 -10 9.132 12.746 -10
3 14 9.426 12.761 -10 9.78 12.44 -10 9.417 12.749 -10
4 14 9.201 12.764 -10 9.141 12.71 -10 9.123 12.698 -10 9.159 12.752 -10
4 14 9.219 12.773 -10 9.156 12.719 -10 9.141 12.71 -10 9.201 12.764 -10
4 14 7.74 12.788 -10 7.776 12.758 -10 7.824 12.71 -10 7.5 12.32 -10
4 14 9.243 12.788 -10 9.174 12.725 -10 9.156 12.719 -10 9.219 12.773 -10
3 14 9.243 12.788 -10 9.192 12.725 -10 9.174 12.725 -10
4 14 9.258 12.803 -10 9.201 12.716 -10 9.192 12.725 -10 9.243 12.788 -10
4 14 7.179 12.809 -10 7.5 12.32 -10 7.086 12.737 -10 7.116 12.77 -10
4 14 7.665 12.815 -10 7.71 12.8 -10 7.74 12.788 -10 7.5 12.32 -10
4 14 9.279 12.818 -10 9.336 12.716 -10 9.201 12.716 -10 9.258 12.803 -10
4 14 6.597 12.827 -10 6.657 12.737 -10 6.693 12.677 -10 6.6 12.32 -10
4 14 9.291 12.827 -10 9.348 12.731 -10 9.336 12.716 -10 9.279 12.818 -10
4 14 9.306 12.839 -10 9.363 12.749 -10 9.348 12.731 -10 9.291 12.827 -10
3 14 7.611 12.842 -10 7.665 12.815 -10 7.5 12.32 -10
4 14 9.324 12.848 -10 9.378 12.761 -10 9.363 12.749 -10 9.306 12.839 -10
3 14 7.242 12.851 -10 7.5 12.32 -10 7.179 12.809 -10
4 14 9.021 12.851 -10 9.039 12.833 -10 9.027 12.839 -10 9.021 12.845 -10
4 14 9.342 12.854 -10 9.39 12.77 -10 9.378 12.761 -10 9.324 12.848 -10
4 14 9.039 12.857 -10 9.054 12.83 -10 9.039 12.833 -10 9.021 12.851 -10
4 14 9.087 12.86 -10 9.078 12.824 -10 9.054 12.83 -10 9.039 12.857 -10
4 14 9.36 12.86 -10 9.408 12.773 -10 9.39 12.77 -10 9.342 12.854 -10
4 14 9.117 12.866 -10 9.108 12.824 -10 9.078 12.824 -10 9.087 12.86 -10
4 14 9.378 12.866 -10 9.426 12.761 -10 9.408 12.773 -10 9.36 12.86 -10
4 14 9.147 12.872 -10 9.129 12.827 -10 9.108 12.824 -10 9.117 12.866 -10
3 14 9.387 12.872 -10 9.426 12.761 -10 9.378 12.866 -10
3 14 7.554 12.878 -10 7.611 12.842 -10 7.5 12.32 -10
4 14 9.171 12.881 -10 9.147 12.833 -10 9.129 12.827 -10 9.147 12.872 -10
4 14 9.393 12.887 -10 9.78 12.44 -10 9.426 12.761 -10 9.387 12.872 -10
4 14 9.393 12.887 -10 9.381 12.896 -10 9.312 13.004 -10 9.366 13.181 -10
4 14 9.393 12.887 -10 9.366 13.181 -10 9.384 13.172 -10 9.405 13.16 -10
3 14 7.308 12.896 -10 7.5 12.32 -10 7.242 12.851 -10
4 14 9.195 12.896 -10 9.162 12.839 -10 9.147 12.833 -10 9.171 12.881 -10
3 14 7.509 12.911 -10 7.554 12.878 -10 7.5 12.32 -10
4 14 10.536 12.911 -10 10.92 12.44 -10 9.78 12.44 -10 10.521 12.908 -10
4 14 9.219 12.917 -10 9.186 12.854 -10 9.162 12.839 -10 9.195 12.896 -10
3 14 10.494 12.92 -10 10.521 12.908 -10 9.78 12.44 -10
4 14 9.243 12.938 -10 9.21 12.866 -10 9.186 12.854 -10 9.219 12.917 -10
3 14 7.467 12.944 -10 7.509 12.911 -10 7.5 12.32 -10
4 14 9.258 12.95 -10 9.231 12.878 -10 9.21 12.866 -10 9.243 12.938 -10
3 14 10.449 12.95 -10 10.494 12.92 -10 9.78 12.44 -10
4 14 8.856 12.953 -10 8.871 12.929 -10 8.856 12.935 -10 8.853 12.944 -10
4 14 8.865 12.959 -10 8.889 12.932 -10 8.871 12.929 -10 8.856 12.953 -10
4 14 9.273 12.962 -10 9.252 12.887 -10 9.231 12.878 -10 9.258 12.95 -10
4 14 8.877 12.965 -10 8.916 12.944 -10 8.889 12.932 -10 8.865 12.959 -10
4 14 8.901 12.974 -10 8.937 12.953 -10 8.916 12.944 -10 8.877 12.965 -10
4 14 9.285 12.974 -10 9.276 12.896 -10 9.252 12.887 -10 9.273 12.962 -10
4 14 7.428 12.98 -10 7.5 12.32 -10 7.308 12.896 -10 7.359 12.932 -10
3 14 7.428 12.98 -10 7.467 12.944 -10 7.5 12.32 -10
3 14 10.407 12.98 -10 10.449 12.95 -10 9.78 12.44 -10
4 14 8.925 12.983 -10 8.955 12.959 -10 8.937 12.953 -10 8.901 12.974 -10
4 14 9.297 12.983 -10 9.303 12.902 -10 9.276 12.896 -10 9.285 12.974 -10
4 14 9.309 12.989 -10 9.324 12.905 -10 9.303 12.902 -10 9.297 12.983 -10
3 14 9.309 12.989 -10 9.351 12.905 -10 9.324 12.905 -10
4 14 8.97 13.004 -10 8.991 12.968 -10 8.955 12.959 -10 8.925 12.983 -10
3 14 9.312 13.004 -10 9.381 12.896 -10 9.369 12.902 -10
4 14 9.312 13.004 -10 9.369 12.902 -10 9.351 12.905 -10 9.309 12.989 -10
4 14 9 13.013 -10 9.021 12.968 -10 8.991 12.968 -10 8.97 13.004 -10
4 14 6.753 13.019 -10 6.81 12.974 -10 6.783 12.974 -10 6.768 12.986 -10
4 14 9.033 13.022 -10 9.066 12.968 -10 9.021 12.968 -10 9 13.013 -10
4 14 9.087 13.04 -10 9.126 12.962 -10 9.066 12.968 -10 9.033 13.022 -10
4 14 10.332 13.043 -10 10.365 13.016 -10 10.407 12.98 -10 9.78 12.44 -10
4 14 6.729 13.061 -10 6.834 12.977 -10 6.81 12.974 -10 6.753 13.019 -10
4 14 9.12 13.061 -10 9.153 12.959 -10 9.126 12.962 -10 9.087 13.04 -10
4 14 9.153 13.094 -10 9.18 12.959 -10 9.153 12.959 -10 9.12 13.061 -10
4 14 6.702 13.1 -10 6.852 12.983 -10 6.834 12.977 -10 6.729 13.061 -10
4 14 9.183 13.121 -10 9.195 12.962 -10 9.18 12.959 -10 9.153 13.094 -10
4 14 10.593 13.121 -10 10.611 13.121 -10 10.5024 12.9668 -10 10.47 12.992 -10
4 14 10.611 13.121 -10 10.92 12.44 -10 10.536 12.911 -10 10.539 12.926 -10
4 14 10.611 13.121 -10 10.539 12.926 -10 10.518 12.947 -10 10.5024 12.9668 -10
4 14 8.868 13.124 -10 8.847 13.097 -10 8.844 13.103 -10 8.85 13.112 -10
3 14 10.62 13.133 -10 10.92 12.44 -10 10.611 13.121 -10
4 14 8.889 13.136 -10 8.859 13.097 -10 8.847 13.097 -10 8.868 13.124 -10
4 14 10.581 13.136 -10 10.593 13.121 -10 10.47 12.992 -10 10.416 13.052 -10
4 14 9.435 13.139 -10 9.45 13.136 -10 9.78 12.44 -10 9.393 12.887 -10
4 14 8.913 13.145 -10 8.871 13.1 -10 8.859 13.097 -10 8.889 13.136 -10
4 14 9.207 13.148 -10 9.225 12.974 -10 9.195 12.962 -10 9.183 13.121 -10
4 14 8.937 13.154 -10 8.892 13.106 -10 8.871 13.1 -10 8.913 13.145 -10
4 14 8.961 13.16 -10 8.922 13.115 -10 8.892 13.106 -10 8.937 13.154 -10
4 14 9.405 13.16 -10 9.423 13.151 -10 9.435 13.139 -10 9.393 12.887 -10
3 14 10.62 13.16 -10 10.92 12.44 -10 10.62 13.133 -10
4 14 10.557 13.166 -10 10.581 13.136 -10 10.416 13.052 -10 10.389 13.088 -10
4 14 6.648 13.169 -10 6.867 12.992 -10 6.852 12.983 -10 6.702 13.1 -10
4 14 6.648 13.169 -10 6.609 13.214 -10 6.612 13.265 -10 6.633 13.253 -10
4 14 8.994 13.172 -10 8.958 13.124 -10 8.922 13.115 -10 8.961 13.16 -10
4 14 9.237 13.172 -10 9.249 12.983 -10 9.225 12.974 -10 9.207 13.148 -10
4 14 9.273 13.184 -10 9.261 12.989 -10 9.249 12.983 -10 9.237 13.172 -10
4 14 9.345 13.184 -10 9.366 13.181 -10 9.312 13.004 -10 9.303 13.007 -10
4 14 9.024 13.187 -10 9 13.133 -10 8.958 13.124 -10 8.994 13.172 -10
4 14 9.294 13.187 -10 9.279 12.998 -10 9.261 12.989 -10 9.273 13.184 -10
4 14 9.294 13.187 -10 9.324 13.187 -10 9.291 13.004 -10 9.279 12.998 -10
4 14 9.324 13.187 -10 9.345 13.184 -10 9.303 13.007 -10 9.291 13.004 -10
4 14 10.539 13.196 -10 10.557 13.166 -10 10.389 13.088 -10 10.356 13.136 -10
4 14 9.051 13.208 -10 9.051 13.145 -10 9 13.133 -10 9.024 13.187 -10
4 14 9.075 13.229 -10 9.087 13.16 -10 9.051 13.145 -10 9.051 13.208 -10
3 14 6.687 13.235 -10 6.723 13.235 -10 6.648 13.169 -10
4 14 6.723 13.235 -10 6.891 13.022 -10 6.867 12.992 -10 6.648 13.169 -10
4 14 6.765 13.238 -10 6.924 13.079 -10 6.891 13.022 -10 6.723 13.235 -10
3 14 6.657 13.241 -10 6.687 13.235 -10 6.648 13.169 -10
4 14 6.819 13.247 -10 6.978 13.154 -10 6.924 13.079 -10 6.765 13.238 -10
4 14 9.096 13.247 -10 9.126 13.178 -10 9.087 13.16 -10 9.075 13.229 -10
4 14 10.506 13.25 -10 10.539 13.196 -10 10.356 13.136 -10 10.317 13.211 -10
3 14 6.633 13.253 -10 6.657 13.241 -10 6.648 13.169 -10
4 14 9.111 13.259 -10 9.168 13.196 -10 9.126 13.178 -10 9.096 13.247 -10
4 14 6.912 13.265 -10 7.02 13.199 -10 6.978 13.154 -10 6.819 13.247 -10
4 14 8.7 13.265 -10 8.733 13.256 -10 8.718 13.253 -10 8.706 13.256 -10
4 14 8.955 13.268 -10 8.934 13.241 -10 8.931 13.253 -10 8.937 13.262 -10
4 14 8.982 13.274 -10 8.946 13.238 -10 8.934 13.241 -10 8.955 13.268 -10
4 14 9.129 13.274 -10 9.201 13.211 -10 9.168 13.196 -10 9.111 13.259 -10
3 14 6.591 13.28 -10 6.612 13.265 -10 6.609 13.214 -10
4 14 9.015 13.289 -10 8.964 13.241 -10 8.946 13.238 -10 8.982 13.274 -10
4 14 9.147 13.292 -10 9.234 13.22 -10 9.201 13.211 -10 9.129 13.274 -10
4 14 8.691 13.295 -10 8.769 13.277 -10 8.733 13.256 -10 8.7 13.265 -10
3 14 6.573 13.298 -10 6.591 13.28 -10 6.609 13.214 -10
4 14 7.032 13.298 -10 7.068 13.244 -10 7.02 13.199 -10 6.912 13.265 -10
4 14 9.036 13.307 -10 8.985 13.244 -10 8.964 13.241 -10 9.015 13.289 -10
4 14 9.162 13.307 -10 9.279 13.223 -10 9.234 13.22 -10 9.147 13.292 -10
4 14 10.461 13.313 -10 10.506 13.25 -10 10.317 13.211 -10 10.284 13.28 -10
4 14 6.558 13.316 -10 6.573 13.298 -10 6.609 13.214 -10 6.546 13.283 -10
4 14 7.092 13.322 -10 7.11 13.28 -10 7.068 13.244 -10 7.032 13.298 -10
4 14 9.063 13.331 -10 9.012 13.25 -10 8.985 13.244 -10 9.036 13.307 -10
4 14 9.165 13.331 -10 9.315 13.223 -10 9.279 13.223 -10 9.162 13.307 -10
3 14 6.543 13.337 -10 6.558 13.316 -10 6.546 13.283 -10
4 14 7.131 13.34 -10 7.137 13.304 -10 7.11 13.28 -10 7.092 13.322 -10
3 14 9.156 13.343 -10 9.315 13.223 -10 9.165 13.331 -10
4 14 7.146 13.346 -10 7.155 13.319 -10 7.137 13.304 -10 7.131 13.34 -10
4 14 7.158 13.349 -10 7.167 13.331 -10 7.155 13.319 -10 7.146 13.346 -10
3 14 7.158 13.349 -10 7.167 13.343 -10 7.167 13.331 -10
4 14 6.528 13.358 -10 6.543 13.337 -10 6.546 13.283 -10 6.51 13.328 -10
4 14 9.084 13.361 -10 9.039 13.262 -10 9.012 13.25 -10 9.063 13.331 -10
4 14 8.682 13.376 -10 8.805 13.304 -10 8.769 13.277 -10 8.691 13.295 -10
4 14 10.404 13.376 -10 10.461 13.313 -10 10.284 13.28 -10 10.26 13.37 -10
4 14 9.102 13.394 -10 9.06 13.274 -10 9.039 13.262 -10 9.084 13.361 -10
4 14 6.501 13.409 -10 6.516 13.382 -10 6.528 13.358 -10 6.51 13.328 -10
4 14 9.114 13.412 -10 9.078 13.286 -10 9.06 13.274 -10 9.102 13.394 -10
4 14 9.126 13.427 -10 9.096 13.298 -10 9.078 13.286 -10 9.114 13.412 -10
4 14 10.656 13.436 -10 10.92 12.44 -10 10.62 13.16 -10 10.62 13.184 -10
3 14 10.656 13.436 -10 10.62 13.184 -10 10.608 13.232 -10
3 14 10.656 13.436 -10 10.608 13.232 -10 10.584 13.292 -10
4 14 9.138 13.439 -10 9.111 13.31 -10 9.096 13.298 -10 9.126 13.427 -10
4 14 10.644 13.442 -10 10.656 13.436 -10 10.584 13.292 -10 10.548 13.349 -10
3 14 6.495 13.445 -10 6.474 13.373 -10 6.456 13.412 -10
4 14 6.495 13.445 -10 6.501 13.409 -10 6.51 13.328 -10 6.474 13.373 -10
4 14 9.15 13.448 -10 9.126 13.322 -10 9.111 13.31 -10 9.138 13.439 -10
4 14 10.254 13.448 -10 10.335 13.439 -10 10.404 13.376 -10 10.26 13.37 -10
3 14 10.668 13.448 -10 10.92 12.44 -10 10.656 13.436 -10
4 14 9.159 13.454 -10 9.144 13.337 -10 9.126 13.322 -10 9.15 13.448 -10
4 14 9.165 13.457 -10 9.345 13.22 -10 9.315 13.223 -10 9.156 13.343 -10
4 14 9.165 13.457 -10 9.156 13.343 -10 9.144 13.337 -10 9.159 13.454 -10
4 14 6 13.46 -10 6.6 12.32 -10 5.325 11.3137 -10 5.325 13.4 -10
4 14 6 13.46 -10 6.498 12.995 -10 6.597 12.827 -10 6.6 12.32 -10
4 14 6 13.46 -10 6.282 13.379 -10 6.378 13.223 -10 6.498 12.995 -10
4 14 6 13.46 -10 6.24 13.451 -10 6.258 13.421 -10 6.282 13.379 -10
4 14 10.464 13.46 -10 10.644 13.442 -10 10.548 13.349 -10 10.5024 13.409 -10
4 14 9.171 13.463 -10 9.378 13.211 -10 9.345 13.22 -10 9.165 13.457 -10
3 14 10.68 13.472 -10 10.92 12.44 -10 10.668 13.448 -10
4 14 9.168 13.475 -10 9.402 13.199 -10 9.378 13.211 -10 9.171 13.463 -10
4 14 8.691 13.478 -10 8.832 13.313 -10 8.805 13.304 -10 8.682 13.376 -10
4 14 6.492 13.487 -10 6.495 13.445 -10 6.456 13.412 -10 6.444 13.457 -10
3 14 6.222 13.49 -10 6.24 13.451 -10 6 13.46 -10
4 14 10.278 13.49 -10 10.335 13.439 -10 10.254 13.448 -10 10.26 13.481 -10
4 14 10.422 13.52 -10 10.626 13.484 -10 10.644 13.442 -10 10.464 13.46 -10
4 14 6.435 13.526 -10 6.492 13.487 -10 6.444 13.457 -10 6.432 13.502 -10
3 14 6.21 13.544 -10 6.222 13.49 -10 6 13.46 -10
4 14 6.498 13.556 -10 6.492 13.487 -10 6.435 13.526 -10 6.426 13.553 -10
3 14 6.759 13.556 -10 6.741 13.556 -10 6.726 13.562 -10
4 14 8.718 13.562 -10 8.874 13.319 -10 8.832 13.313 -10 8.691 13.478 -10
4 14 6.714 13.577 -10 6.78 13.559 -10 6.759 13.556 -10 6.726 13.562 -10
3 14 9.78 13.58 -10 10.275 13.106 -10 10.305 13.07 -10
3 14 9.78 13.58 -10 9.453 13.148 -10 9.45 13.163 -10
3 14 9.78 13.58 -10 9.45 13.163 -10 9.426 13.184 -10
3 14 9.78 13.58 -10 10.227 13.172 -10 10.275 13.106 -10
4 14 9.78 13.58 -10 9.426 13.184 -10 9.402 13.199 -10 9.168 13.475 -10
3 14 9.78 13.58 -10 10.179 13.25 -10 10.227 13.172 -10
3 14 9.78 13.58 -10 10.149 13.3241 -10 10.179 13.25 -10
3 14 9.78 13.58 -10 10.128 13.4 -10 10.149 13.3241 -10
3 14 9.78 13.58 -10 10.122 13.4864 -10 10.128 13.4 -10
3 14 9.78 13.58 -10 10.122 13.565 -10 10.122 13.4864 -10
4 14 10.398 13.58 -10 10.608 13.526 -10 10.626 13.484 -10 10.422 13.52 -10
4 14 6.207 13.592 -10 6.21 13.571 -10 6.21 13.544 -10 6 13.46 -10
4 14 6.708 13.595 -10 6.798 13.568 -10 6.78 13.559 -10 6.714 13.577 -10
4 14 10.386 13.622 -10 10.584 13.58 -10 10.608 13.526 -10 10.398 13.58 -10
4 14 6.711 13.628 -10 6.816 13.58 -10 6.798 13.568 -10 6.708 13.595 -10
3 14 10.131 13.643 -10 10.122 13.565 -10 9.78 13.58 -10
4 14 8.754 13.652 -10 8.907 13.325 -10 8.874 13.319 -10 8.718 13.562 -10
4 14 6.18 13.655 -10 6.198 13.619 -10 6.207 13.592 -10 6 13.46 -10
4 14 6.51 13.667 -10 6.498 13.556 -10 6.426 13.553 -10 6.402 13.586 -10
4 14 6.51 13.667 -10 6.402 13.586 -10 6.39 13.604 -10 6.387 13.625 -10
4 14 6.72 13.667 -10 6.843 13.601 -10 6.816 13.58 -10 6.711 13.628 -10
4 14 10.3818 13.6748 -10 10.554 13.6352 -10 10.584 13.58 -10 10.386 13.622 -10
4 14 6.414 13.682 -10 6.51 13.667 -10 6.387 13.625 -10 6.393 13.655 -10
3 14 6.165 13.688 -10 6.18 13.655 -10 6 13.46 -10
4 14 10.38 13.7 -10 10.5 13.7 -10 10.554 13.6352 -10 10.3818 13.6748 -10
3 14 6.156 13.709 -10 6.165 13.688 -10 6 13.46 -10
4 14 6.732 13.709 -10 6.867 13.619 -10 6.843 13.601 -10 6.72 13.667 -10
3 14 6.429 13.712 -10 6.51 13.667 -10 6.414 13.682 -10
4 14 8.79 13.724 -10 8.928 13.334 -10 8.907 13.325 -10 8.754 13.652 -10
3 14 6.15 13.733 -10 6.156 13.709 -10 6 13.46 -10
3 14 10.152 13.742 -10 10.131 13.643 -10 9.78 13.58 -10
4 14 6.738 13.754 -10 6.909 13.649 -10 6.867 13.619 -10 6.732 13.709 -10
4 14 10.446 13.754 -10 10.5 13.7 -10 10.38 13.7 -10 10.386 13.742 -10
3 14 6.144 13.757 -10 6.15 13.733 -10 6 13.46 -10
4 14 10.404 13.772 -10 10.428 13.772 -10 10.446 13.754 -10 10.386 13.742 -10
3 14 6.138 13.784 -10 6.144 13.757 -10 6 13.46 -10
4 14 6.534 13.79 -10 6.51 13.667 -10 6.429 13.712 -10 6.432 13.739 -10
3 14 6.534 13.79 -10 6.432 13.739 -10 6.426 13.766 -10
3 14 6.534 13.79 -10 6.426 13.766 -10 6.414 13.787 -10
4 14 8.838 13.79 -10 8.955 13.346 -10 8.928 13.334 -10 8.79 13.724 -10
4 14 6.744 13.793 -10 6.957 13.679 -10 6.909 13.649 -10 6.738 13.754 -10
3 14 6.132 13.814 -10 6.138 13.784 -10 6 13.46 -10
3 14 6.129 13.844 -10 6.132 13.814 -10 6 13.46 -10
4 14 6.546 13.871 -10 6.534 13.79 -10 6.414 13.787 -10 6.396 13.814 -10
4 14 8.898 13.874 -10 8.982 13.361 -10 8.955 13.346 -10 8.838 13.79 -10
4 14 6.747 13.883 -10 7.014 13.712 -10 6.957 13.679 -10 6.744 13.793 -10
4 14 6.552 13.916 -10 6.546 13.871 -10 6.396 13.814 -10 6.375 13.838 -10
4 14 6.75 13.94 -10 7.062 13.739 -10 7.014 13.712 -10 6.747 13.883 -10
4 14 10.2 13.94 -10 10.182 13.847 -10 10.152 13.742 -10 9.78 13.58 -10
4 14 8.967 13.952 -10 9.009 13.376 -10 8.982 13.361 -10 8.898 13.874 -10
3 14 8.967 13.952 -10 9.03 13.394 -10 9.009 13.376 -10
4 14 8.967 13.952 -10 9.084 13.436 -10 9.057 13.412 -10 9.03 13.394 -10
3 14 8.967 13.952 -10 9.099 13.448 -10 9.084 13.436 -10
3 14 8.967 13.952 -10 9.117 13.46 -10 9.099 13.448 -10
3 14 8.967 13.952 -10 9.135 13.469 -10 9.117 13.46 -10
3 14 8.967 13.952 -10 9.15 13.475 -10 9.135 13.469 -10
4 14 8.967 13.952 -10 9.78 13.58 -10 9.168 13.475 -10 9.15 13.475 -10
4 14 6.561 13.982 -10 6.552 13.916 -10 6.375 13.838 -10 6.327 13.865 -10
4 14 6.759 14 -10 7.116 13.772 -10 7.062 13.739 -10 6.75 13.94 -10
4 14 6.564 14.021 -10 6.561 13.982 -10 6.327 13.865 -10 6.27 13.892 -10
3 14 10.218 14.033 -10 10.2 13.94 -10 9.78 13.58 -10
4 14 6.786 14.06 -10 7.17 13.808 -10 7.116 13.772 -10 6.759 14 -10
4 14 6.573 14.078 -10 6.564 14.021 -10 6.27 13.892 -10 6.198 13.922 -10
4 14 9.126 14.084 -10 9.78 13.58 -10 8.967 13.952 -10 9.03 14.018 -10
4 14 6.585 14.111 -10 6.573 14.078 -10 6.198 13.922 -10 6.177 13.928 -10
4 14 6 14.12 -10 6.129 13.844 -10 6 13.46 -10 5.325 13.4 -10
3 14 6 14.12 -10 6.129 13.868 -10 6.129 13.844 -10
3 14 6 14.12 -10 6.129 13.898 -10 6.129 13.868 -10
3 14 6 14.12 -10 6.132 13.919 -10 6.129 13.898 -10
3 14 6 14.12 -10 6.141 13.928 -10 6.132 13.919 -10
3 14 6 14.12 -10 6.153 13.928 -10 6.141 13.928 -10
4 14 6 14.12 -10 6.585 14.111 -10 6.177 13.928 -10 6.153 13.928 -10
3 14 10.92 14.12 -10 10.68 13.544 -10 10.668 13.58 -10
3 14 10.92 14.12 -10 10.668 13.58 -10 10.644 13.628 -10
3 14 10.92 14.12 -10 10.644 13.628 -10 10.62 13.67 -10
4 14 10.92 14.12 -10 10.62 13.67 -10 10.566 13.748 -10 10.536 13.82 -10
4 14 10.92 14.12 -10 10.536 13.82 -10 10.518 13.91 -10 10.512 14.03 -10
4 14 6.825 14.147 -10 7.182 13.82 -10 7.17 13.808 -10 6.786 14.06 -10
3 14 9.234 14.165 -10 9.78 13.58 -10 9.126 14.084 -10
4 14 10.227 14.168 -10 10.2252 14.1224 -10 10.218 14.033 -10 9.78 13.58 -10
4 14 6.831 14.171 -10 7.194 13.838 -10 7.182 13.82 -10 6.825 14.147 -10
4 14 6.834 14.198 -10 7.218 13.868 -10 7.194 13.838 -10 6.831 14.171 -10
4 14 6.834 14.228 -10 7.26 13.904 -10 7.218 13.868 -10 6.834 14.198 -10
3 14 9.33 14.246 -10 9.78 13.58 -10 9.234 14.165 -10
4 14 6.834 14.255 -10 7.302 13.928 -10 7.26 13.904 -10 6.834 14.228 -10
4 14 10.5342 14.2658 -10 10.92 14.12 -10 10.512 14.03 -10 10.518 14.12 -10
4 14 6.84 14.273 -10 7.362 13.952 -10 7.302 13.928 -10 6.834 14.255 -10
4 14 6.852 14.285 -10 7.395 13.961 -10 7.362 13.952 -10 6.84 14.273 -10
4 14 6.876 14.303 -10 7.425 13.967 -10 7.395 13.961 -10 6.852 14.285 -10
4 14 10.23 14.306 -10 10.23 14.234 -10 10.227 14.168 -10 9.78 13.58 -10
4 14 6.909 14.315 -10 7.446 13.982 -10 7.425 13.967 -10 6.876 14.303 -10
4 14 6.948 14.324 -10 7.461 14.003 -10 7.446 13.982 -10 6.909 14.315 -10
3 14 9.414 14.33 -10 9.78 13.58 -10 9.33 14.246 -10
4 14 6.975 14.342 -10 7.497 14.06 -10 7.461 14.003 -10 6.948 14.324 -10
4 14 6.987 14.357 -10 7.557 14.147 -10 7.497 14.06 -10 6.975 14.342 -10
3 14 10.5444 14.3702 -10 10.92 14.12 -10 10.5342 14.2658 -10
4 14 6.999 14.378 -10 7.608 14.222 -10 7.557 14.147 -10 6.987 14.357 -10
4 14 7.008 14.405 -10 7.719 14.36 -10 7.608 14.222 -10 6.999 14.378 -10
3 14 10.5462 14.4422 -10 10.92 14.12 -10 10.5444 14.3702 -10
3 14 9.519 14.456 -10 9.78 13.58 -10 9.414 14.33 -10
4 14 10.209 14.462 -10 10.221 14.384 -10 10.23 14.306 -10 9.78 13.58 -10
3 14 9.591 14.555 -10 9.78 13.58 -10 9.519 14.456 -10
4 14 10.173 14.558 -10 10.194 14.51 -10 10.209 14.462 -10 9.78 13.58 -10
4 14 10.116 14.645 -10 10.14 14.612 -10 10.173 14.558 -10 9.78 13.58 -10
3 14 9.648 14.663 -10 9.78 13.58 -10 9.591 14.555 -10
4 14 10.044 14.72 -10 10.092 14.672 -10 10.116 14.645 -10 9.78 13.58 -10
3 14 9.672 14.729 -10 9.78 13.58 -10 9.648 14.663 -10
4 14 9.948 14.789 -10 9.996 14.762 -10 10.044 14.72 -10 9.78 13.58 -10
3 14 9.69 14.798 -10 9.78 13.58 -10 9.672 14.729 -10
4 14 8.133 14.801 -10 8.157 14.747 -10 8.115 14.714 -10 8.115 14.795 -10
4 14 8.157 14.813 -10 8.202 14.78 -10 8.157 14.747 -10 8.133 14.801 -10
4 14 8.184 14.828 -10 8.232 14.801 -10 8.202 14.78 -10 8.157 14.813 -10
4 14 8.205 14.843 -10 8.268 14.825 -10 8.232 14.801 -10 8.184 14.828 -10
4 14 8.76 14.846 -10 8.796 14.84 -10 8.79 14.819 -10 8.772 14.819 -10
4 14 9.816 14.846 -10 9.882 14.819 -10 9.948 14.789 -10 9.78 13.58 -10
4 14 9.702 14.852 -10 9.816 14.846 -10 9.78 13.58 -10 9.69 14.798 -10
4 14 8.238 14.864 -10 8.316 14.858 -10 8.268 14.825 -10 8.205 14.843 -10
4 14 8.361 14.891 -10 8.316 14.858 -10 8.238 14.864 -10 8.268 14.885 -10
4 14 8.409 14.927 -10 8.361 14.891 -10 8.268 14.885 -10 8.298 14.906 -10
4 14 8.784 14.942 -10 8.796 14.84 -10 8.76 14.846 -10 8.748 14.9 -10
4 14 8.442 14.951 -10 8.409 14.927 -10 8.298 14.906 -10 8.325 14.927 -10
4 14 8.469 14.975 -10 8.442 14.951 -10 8.325 14.927 -10 8.364 14.96 -10
4 14 8.496 15.005 -10 8.469 14.975 -10 8.364 14.96 -10 8.394 14.984 -10
4 14 8.76 15.011 -10 8.784 14.942 -10 8.748 14.9 -10 8.724 14.96 -10
4 14 8.511 15.023 -10 8.496 15.005 -10 8.394 14.984 -10 8.427 15.011 -10
4 14 8.463 15.041 -10 8.52 15.041 -10 8.511 15.023 -10 8.427 15.011 -10
4 14 8.496 15.071 -10 8.526 15.056 -10 8.52 15.041 -10 8.463 15.041 -10
4 14 10.011 15.08 -10 9.993 15.059 -10 9.978 15.05 -10 9.969 15.059 -10
4 14 8.517 15.083 -10 8.529 15.074 -10 8.526 15.056 -10 8.496 15.071 -10
4 14 8.712 15.098 -10 8.76 15.011 -10 8.724 14.96 -10 8.676 15.044 -10
4 14 10.026 15.098 -10 10.011 15.08 -10 9.969 15.059 -10 9.969 15.08 -10
4 14 10.05 15.134 -10 10.026 15.098 -10 9.969 15.08 -10 9.987 15.116 -10
4 14 10.062 15.176 -10 10.05 15.134 -10 9.987 15.116 -10 10.008 15.158 -10
4 14 9.768 15.2 -10 9.768 15.158 -10 9.762 15.116 -10 9.744 15.092 -10
4 14 10.92 15.2 -10 10.92 14.12 -10 10.5462 14.4422 -10 10.5384 14.5262 -10
4 14 10.92 15.2 -10 11.4238 14.1814 -10 11.475 13.4 -10 10.92 14.12 -10
3 14 10.92 15.2 -10 10.5384 14.5262 -10 10.5264 14.5958 -10
3 14 10.92 15.2 -10 10.5264 14.5958 -10 10.5 14.666 -10
3 14 10.92 15.2 -10 10.5 14.666 -10 10.455 14.744 -10
3 14 10.92 15.2 -10 10.455 14.744 -10 10.413 14.807 -10
3 14 10.92 15.2 -10 10.413 14.807 -10 10.35 14.873 -10
3 14 10.92 15.2 -10 10.35 14.873 -10 10.26 14.933 -10
3 14 10.92 15.2 -10 10.26 14.933 -10 10.182 14.969 -10
3 14 10.92 15.2 -10 10.182 14.969 -10 10.146 14.984 -10
4 14 10.92 15.2 -10 10.146 14.984 -10 10.1148 14.9912 -10 10.116 15.008 -10
3 14 10.92 15.2 -10 10.116 15.008 -10 10.134 15.05 -10
3 14 10.92 15.2 -10 10.134 15.05 -10 10.146 15.086 -10
3 14 10.92 15.2 -10 10.146 15.086 -10 10.158 15.14 -10
3 14 10.92 15.2 -10 10.158 15.14 -10 10.164 15.182 -10
4 14 10.02 15.212 -10 10.068 15.206 -10 10.062 15.176 -10 10.008 15.158 -10
4 14 8.64 15.227 -10 8.712 15.098 -10 8.676 15.044 -10 8.622 15.134 -10
3 14 10.164 15.236 -10 10.92 15.2 -10 10.164 15.182 -10
4 14 9.762 15.242 -10 9.768 15.2 -10 9.744 15.092 -10 9.72 15.0824 -10
4 14 10.023 15.272 -10 10.074 15.26 -10 10.068 15.206 -10 10.02 15.212 -10
4 14 9.813 15.284 -10 9.858 15.236 -10 9.8448 15.236 -10 9.8262 15.2498 -10
4 14 9.744 15.302 -10 9.762 15.242 -10 9.72 15.0824 -10 9.702 15.092 -10
4 14 9.813 15.314 -10 9.876 15.26 -10 9.858 15.236 -10 9.813 15.284 -10
4 14 6 15.32 -10 6 14.12 -10 5.325 13.4 -10 5.3762 14.1814 -10
4 14 6 15.32 -10 6.591 14.168 -10 6.585 14.111 -10 6 14.12 -10
3 14 6 15.32 -10 6.591 14.21 -10 6.591 14.168 -10
3 14 6 15.32 -10 6.603 14.246 -10 6.591 14.21 -10
3 14 6 15.32 -10 6.615 14.273 -10 6.603 14.246 -10
4 14 6 15.32 -10 6.663 14.33 -10 6.642 14.3 -10 6.615 14.273 -10
4 14 6 15.32 -10 6.735 14.48 -10 6.693 14.387 -10 6.663 14.33 -10
3 14 6 15.32 -10 6.765 14.537 -10 6.735 14.48 -10
3 14 6 15.32 -10 6.783 14.57 -10 6.765 14.537 -10
3 14 6 15.32 -10 6.807 14.606 -10 6.783 14.57 -10
3 14 6 15.32 -10 6.831 14.639 -10 6.807 14.606 -10
3 14 6 15.32 -10 6.858 14.675 -10 6.831 14.639 -10
3 14 6 15.32 -10 6.885 14.702 -10 6.858 14.675 -10
3 14 6 15.32 -10 6.906 14.711 -10 6.885 14.702 -10
4 14 6 15.32 -10 7.62 15.32 -10 6.93 14.711 -10 6.906 14.711 -10
4 14 7.62 15.32 -10 7.719 14.36 -10 7.008 14.405 -10 7.014 14.444 -10
3 14 7.62 15.32 -10 7.014 14.444 -10 7.017 14.495 -10
3 14 7.62 15.32 -10 7.839 14.474 -10 7.719 14.36 -10
3 14 7.62 15.32 -10 7.017 14.495 -10 7.014 14.549 -10
3 14 7.62 15.32 -10 7.014 14.549 -10 7.005 14.6 -10
3 14 7.62 15.32 -10 7.941 14.57 -10 7.839 14.474 -10
3 14 7.62 15.32 -10 7.005 14.6 -10 6.999 14.627 -10
3 14 7.62 15.32 -10 6.999 14.627 -10 6.99 14.651 -10
3 14 7.62 15.32 -10 6.99 14.651 -10 6.972 14.681 -10
3 14 7.62 15.32 -10 6.972 14.681 -10 6.951 14.699 -10
3 14 7.62 15.32 -10 6.951 14.699 -10 6.93 14.711 -10
4 14 7.62 15.32 -10 8.115 14.795 -10 8.115 14.714 -10 7.941 14.57 -10
3 14 7.62 15.32 -10 8.109 14.84 -10 8.115 14.795 -10
3 14 7.62 15.32 -10 8.106 14.87 -10 8.109 14.84 -10
3 14 7.62 15.32 -10 8.106 14.9 -10 8.106 14.87 -10
3 14 7.62 15.32 -10 8.106 14.96 -10 8.106 14.9 -10
3 14 7.62 15.32 -10 8.109 14.996 -10 8.106 14.96 -10
3 14 7.62 15.32 -10 8.115 15.05 -10 8.109 14.996 -10
3 14 7.62 15.32 -10 8.124 15.11 -10 8.115 15.05 -10
3 14 7.62 15.32 -10 8.139 15.17 -10 8.124 15.11 -10
3 14 7.62 15.32 -10 8.151 15.212 -10 8.139 15.17 -10
3 14 7.62 15.32 -10 8.166 15.26 -10 8.151 15.212 -10
3 14 7.62 15.32 -10 8.19 15.32 -10 8.166 15.26 -10
4 14 10.02 15.32 -10 10.074 15.32 -10 10.074 15.26 -10 10.023 15.272 -10
4 14 10.128 15.332 -10 10.92 15.2 -10 10.164 15.236 -10 10.146 15.278 -10
4 14 9.804 15.362 -10 9.8832 15.2996 -10 9.876 15.26 -10 9.813 15.314 -10
4 14 8.598 15.368 -10 8.64 15.227 -10 8.622 15.134 -10 8.58 15.218 -10
4 14 9.732 15.374 -10 9.744 15.302 -10 9.702 15.092 -10 9.69 15.14 -10
3 14 8.214 15.38 -10 8.19 15.32 -10 7.62 15.32 -10
4 14 10.137 15.404 -10 10.92 15.2 -10 10.128 15.332 -10 10.128 15.368 -10
4 14 9.786 15.41 -10 9.8832 15.3386 -10 9.8832 15.2996 -10 9.804 15.362 -10
4 14 10.002 15.41 -10 10.08 15.38 -10 10.074 15.32 -10 10.02 15.32 -10
4 14 9.726 15.416 -10 9.732 15.374 -10 9.69 15.14 -10 9.678 15.218 -10
4 14 9.768 15.44 -10 9.879 15.386 -10 9.8832 15.3386 -10 9.786 15.41 -10
3 14 10.146 15.44 -10 10.92 15.2 -10 10.137 15.404 -10
4 14 9.726 15.458 -10 9.726 15.416 -10 9.678 15.218 -10 9.648 15.302 -10
4 14 9.984 15.458 -10 10.092 15.416 -10 10.08 15.38 -10 10.002 15.41 -10
3 14 10.149 15.476 -10 10.92 15.2 -10 10.146 15.44 -10
4 14 9.759 15.482 -10 9.858 15.464 -10 9.879 15.386 -10 9.768 15.44 -10
3 14 8.271 15.5 -10 8.214 15.38 -10 7.62 15.32 -10
4 14 8.58 15.506 -10 8.598 15.368 -10 8.58 15.218 -10 8.556 15.296 -10
4 14 9.96 15.506 -10 10.11 15.452 -10 10.092 15.416 -10 9.984 15.458 -10
3 14 9.96 15.506 -10 10.128 15.482 -10 10.11 15.452 -10
4 14 9.738 15.512 -10 9.726 15.458 -10 9.648 15.302 -10 9.606 15.38 -10
4 14 9.834 15.521 -10 9.858 15.464 -10 9.759 15.482 -10 9.756 15.518 -10
4 14 9.744 15.527 -10 9.738 15.512 -10 9.606 15.38 -10 9.558 15.449 -10
4 14 9.753 15.536 -10 9.744 15.527 -10 9.558 15.449 -10 9.516 15.515 -10
4 14 9.804 15.575 -10 9.834 15.521 -10 9.756 15.518 -10 9.753 15.536 -10
3 14 8.316 15.59 -10 8.271 15.5 -10 7.62 15.32 -10
4 14 8.58 15.602 -10 8.58 15.506 -10 8.556 15.296 -10 8.532 15.386 -10
4 14 9.4122 15.6086 -10 9.804 15.575 -10 9.753 15.536 -10 9.516 15.515 -10
3 14 9.783 15.614 -10 9.804 15.575 -10 9.4122 15.6086 -10
3 14 8.349 15.65 -10 8.316 15.59 -10 7.62 15.32 -10
4 14 8.592 15.68 -10 8.58 15.602 -10 8.532 15.386 -10 8.52 15.488 -10
4 14 5.7808 15.6911 -10 6 15.32 -10 5.3762 14.1814 -10 5.529 14.9496 -10
4 14 11.0192 15.6911 -10 11.271 14.9496 -10 11.4238 14.1814 -10 10.92 15.2 -10
4 14 9.2658 15.7244 -10 9.759 15.659 -10 9.783 15.614 -10 9.4122 15.6086 -10
3 14 8.397 15.728 -10 8.349 15.65 -10 7.62 15.32 -10
4 14 8.604 15.758 -10 8.592 15.68 -10 8.52 15.488 -10 8.52 15.572 -10
4 14 8.418 15.773 -10 8.412 15.752 -10 8.397 15.728 -10 7.62 15.32 -10
4 14 9.171 15.788 -10 9.738 15.704 -10 9.759 15.659 -10 9.2658 15.7244 -10
4 14 9.12 15.827 -10 9.72 15.752 -10 9.738 15.704 -10 9.171 15.788 -10
4 14 8.406 15.833 -10 8.421 15.803 -10 8.418 15.773 -10 7.62 15.32 -10
4 14 8.634 15.848 -10 8.604 15.758 -10 8.52 15.572 -10 8.526 15.668 -10
4 14 9.09 15.866 -10 9.726 15.794 -10 9.72 15.752 -10 9.12 15.827 -10
3 14 7.638 15.869 -10 7.698 15.869 -10 7.62 15.32 -10
3 14 7.581 15.875 -10 7.638 15.869 -10 7.62 15.32 -10
4 14 7.794 15.878 -10 7.62 15.32 -10 7.698 15.869 -10 7.755 15.875 -10
4 14 8.364 15.884 -10 8.388 15.863 -10 8.406 15.833 -10 7.62 15.32 -10
3 14 7.515 15.89 -10 7.581 15.875 -10 7.62 15.32 -10
4 14 7.95 15.89 -10 7.62 15.32 -10 7.794 15.878 -10 7.839 15.884 -10
3 14 8.325 15.89 -10 8.364 15.884 -10 7.62 15.32 -10
4 14 7.386 15.893 -10 7.4436 15.893 -10 7.515 15.89 -10 7.62 15.32 -10
4 14 8.034 15.893 -10 8.13 15.893 -10 7.62 15.32 -10 7.95 15.89 -10
4 14 8.13 15.893 -10 8.256 15.893 -10 8.325 15.89 -10 7.62 15.32 -10
3 14 7.332 15.899 -10 7.386 15.893 -10 7.62 15.32 -10
4 14 7.266 15.914 -10 7.332 15.899 -10 7.62 15.32 -10 6 15.32 -10
3 14 7.206 15.932 -10 7.266 15.914 -10 6 15.32 -10
4 14 9.048 15.944 -10 9.747 15.842 -10 9.726 15.794 -10 9.09 15.866 -10
3 14 7.146 15.962 -10 7.206 15.932 -10 6 15.32 -10
3 14 7.116 15.98 -10 7.146 15.962 -10 6 15.32 -10
3 14 7.092 16.004 -10 7.116 15.98 -10 6 15.32 -10
3 14 8.694 16.004 -10 8.538 15.746 -10 8.571 15.842 -10
4 14 8.694 16.004 -10 8.571 15.842 -10 8.613 15.95 -10 8.631 15.995 -10
4 14 8.694 16.004 -10 8.634 15.848 -10 8.526 15.668 -10 8.538 15.746 -10
4 14 9.036 16.004 -10 9.771 15.857 -10 9.747 15.842 -10 9.048 15.944 -10
3 14 7.08 16.022 -10 7.092 16.004 -10 6 15.32 -10
3 14 7.077 16.037 -10 7.08 16.022 -10 6 15.32 -10
4 14 10.38 16.1 -10 10.92 15.2 -10 10.149 15.476 -10 10.146 15.5 -10
4 14 10.38 16.1 -10 10.146 15.5 -10 10.128 15.482 -10 9.96 15.506 -10
3 14 10.38 16.1 -10 9.96 15.506 -10 9.933 15.551 -10
3 14 10.38 16.1 -10 9.933 15.551 -10 9.906 15.596 -10
3 14 10.38 16.1 -10 9.906 15.596 -10 9.858 15.653 -10
4 14 10.38 16.1 -10 9.858 15.653 -10 9.825 15.692 -10 9.807 15.722 -10
4 14 10.38 16.1 -10 9.807 15.722 -10 9.771 15.782 -10 9.768 15.824 -10
3 14 10.38 16.1 -10 9.768 15.824 -10 9.771 15.857 -10
4 14 10.38 16.1 -10 9.771 15.857 -10 9.036 16.004 -10 9.042 16.076 -10
4 14 8.772 16.154 -10 8.694 16.004 -10 8.631 15.995 -10 8.634 16.034 -10
3 14 9.102 16.19 -10 10.38 16.1 -10 9.042 16.076 -10
3 14 9.126 16.2476 -10 10.38 16.1 -10 9.102 16.19 -10
4 14 8.844 16.262 -10 8.772 16.154 -10 8.634 16.034 -10 8.628 16.106 -10
4 14 8.8458 16.2884 -10 8.844 16.262 -10 8.628 16.106 -10 8.604 16.148 -10
4 14 8.8386 16.3196 -10 8.8458 16.2884 -10 8.604 16.148 -10 8.574 16.1648 -10
3 14 9.132 16.34 -10 10.38 16.1 -10 9.126 16.2476 -10
4 14 10.6729 16.3935 -10 11.0192 15.6911 -10 10.92 15.2 -10 10.38 16.1 -10
4 14 9.024 16.622 -10 9.126 16.4 -10 9.114 16.418 -10 9 16.646 -10
4 14 8.736 16.436 -10 8.8386 16.3196 -10 8.574 16.1648 -10 8.538 16.166 -10
3 14 10.116 16.499 -10 10.146 16.487 -10 10.38 16.1 -10
3 14 10.095 16.508 -10 10.116 16.499 -10 10.38 16.1 -10
3 14 7.494 16.511 -10 7.542 16.511 -10 7.638 16.403 -10
3 14 7.581 16.517 -10 7.638 16.403 -10 7.542 16.511 -10
4 14 7.26 16.52 -10 7.89 16.049 -10 7.83 16.049 -10 7.779 16.055 -10
4 14 7.26 16.52 -10 7.083 16.052 -10 7.077 16.037 -10 6 15.32 -10
4 14 7.26 16.52 -10 7.521 16.055 -10 7.503 16.064 -10 7.482 16.079 -10
4 14 7.26 16.52 -10 7.779 16.055 -10 7.743 16.058 -10 7.722 16.064 -10
4 14 7.26 16.52 -10 7.569 16.058 -10 7.545 16.052 -10 7.521 16.055 -10
4 14 7.26 16.52 -10 8.046 16.061 -10 7.974 16.052 -10 7.89 16.049 -10
3 14 7.26 16.52 -10 7.722 16.064 -10 7.68 16.076 -10
3 14 7.26 16.52 -10 7.104 16.07 -10 7.083 16.052 -10
4 14 7.26 16.52 -10 7.605 16.076 -10 7.584 16.064 -10 7.569 16.058 -10
3 14 7.26 16.52 -10 7.68 16.076 -10 7.6452 16.0808 -10
4 14 7.26 16.52 -10 7.482 16.079 -10 7.464 16.103 -10 7.452 16.127 -10
3 14 7.26 16.52 -10 7.623 16.079 -10 7.605 16.076 -10
3 14 7.26 16.52 -10 7.6452 16.0808 -10 7.623 16.079 -10
3 14 7.26 16.52 -10 7.137 16.094 -10 7.104 16.07 -10
3 14 7.26 16.52 -10 7.167 16.112 -10 7.137 16.094 -10
3 14 7.26 16.52 -10 7.452 16.127 -10 7.431 16.154 -10
3 14 7.26 16.52 -10 7.233 16.139 -10 7.167 16.112 -10
3 14 7.26 16.52 -10 7.431 16.154 -10 7.416 16.166 -10
3 14 7.26 16.52 -10 7.308 16.157 -10 7.233 16.139 -10
3 14 7.26 16.52 -10 7.35 16.166 -10 7.308 16.157 -10
3 14 7.26 16.52 -10 7.416 16.166 -10 7.38 16.169 -10
3 14 7.26 16.52 -10 7.38 16.169 -10 7.35 16.166 -10
3 14 7.26 16.52 -10 7.638 16.403 -10 8.046 16.061 -10
4 14 7.26 16.52 -10 7.449 16.514 -10 7.494 16.511 -10 7.638 16.403 -10
3 14 7.26 16.52 -10 7.323 16.583 -10 7.35 16.559 -10
3 14 7.26 16.52 -10 7.299 16.613 -10 7.323 16.583 -10
3 14 7.26 16.52 -10 7.278 16.652 -10 7.299 16.613 -10
3 14 7.26 16.52 -10 7.275 16.679 -10 7.278 16.652 -10
3 14 7.26 16.52 -10 7.275 16.724 -10 7.275 16.679 -10
4 14 7.794 16.52 -10 7.806 16.514 -10 8.046 16.061 -10 7.638 16.403 -10
3 14 7.416 16.523 -10 7.449 16.514 -10 7.26 16.52 -10
3 14 7.815 16.523 -10 8.046 16.061 -10 7.806 16.514 -10
3 14 7.623 16.526 -10 7.638 16.403 -10 7.581 16.517 -10
3 14 7.785 16.529 -10 7.794 16.52 -10 7.638 16.403 -10
4 14 10.041 16.529 -10 10.068 16.52 -10 10.095 16.508 -10 10.38 16.1 -10
3 14 7.386 16.535 -10 7.416 16.523 -10 7.26 16.52 -10
3 14 10.017 16.535 -10 10.041 16.529 -10 10.38 16.1 -10
3 14 7.653 16.538 -10 7.638 16.403 -10 7.623 16.526 -10
3 14 9.252 16.538 -10 9.288 16.538 -10 9.126 16.4 -10
3 14 9.288 16.538 -10 9.324 16.538 -10 9.126 16.4 -10
3 14 9.324 16.538 -10 9.369 16.538 -10 9.126 16.4 -10
3 14 9.213 16.541 -10 9.252 16.538 -10 9.126 16.4 -10
3 14 7.821 16.544 -10 8.046 16.061 -10 7.815 16.523 -10
4 14 9.459 16.544 -10 9.126 16.4 -10 9.369 16.538 -10 9.411 16.541 -10
3 14 9.987 16.544 -10 10.017 16.535 -10 10.38 16.1 -10
3 14 9.18 16.547 -10 9.213 16.541 -10 9.126 16.4 -10
3 14 9.15 16.553 -10 9.18 16.547 -10 9.126 16.4 -10
3 14 9.528 16.553 -10 9.126 16.4 -10 9.459 16.544 -10
3 14 7.35 16.559 -10 7.386 16.535 -10 7.26 16.52 -10
4 14 7.758 16.559 -10 7.773 16.544 -10 7.785 16.529 -10 7.638 16.403 -10
4 14 9.921 16.559 -10 9.954 16.553 -10 9.987 16.544 -10 10.38 16.1 -10
3 14 9.12 16.562 -10 9.15 16.553 -10 9.126 16.4 -10
4 14 7.716 16.565 -10 7.638 16.403 -10 7.653 16.538 -10 7.683 16.553 -10
4 14 7.74 16.565 -10 7.758 16.559 -10 7.638 16.403 -10 7.716 16.565 -10
4 14 9.6 16.565 -10 10.38 16.1 -10 9.132 16.34 -10 9.126 16.4 -10
3 14 9.6 16.565 -10 9.126 16.4 -10 9.528 16.553 -10
4 14 9.852 16.568 -10 9.885 16.565 -10 9.921 16.559 -10 10.38 16.1 -10
3 14 9.093 16.571 -10 9.12 16.562 -10 9.126 16.4 -10
4 14 8.586 16.574 -10 8.736 16.436 -10 8.538 16.166 -10 8.43 16.148 -10
4 14 9.699 16.574 -10 10.38 16.1 -10 9.6 16.565 -10 9.66 16.571 -10
3 14 9.699 16.574 -10 9.726 16.574 -10 10.38 16.1 -10
3 14 9.726 16.574 -10 9.759 16.574 -10 10.38 16.1 -10
4 14 9.759 16.574 -10 9.807 16.571 -10 9.852 16.568 -10 10.38 16.1 -10
3 14 9.069 16.586 -10 9.093 16.571 -10 9.126 16.4 -10
3 14 9.045 16.604 -10 9.069 16.586 -10 9.126 16.4 -10
3 14 9.024 16.622 -10 9.045 16.604 -10 9.126 16.4 -10
3 14 7.398 16.652 -10 7.425 16.619 -10 7.407 16.634 -10
4 14 8.4942 16.652 -10 8.586 16.574 -10 8.43 16.148 -10 8.352 16.124 -10
4 14 7.395 16.673 -10 7.443 16.607 -10 7.425 16.619 -10 7.398 16.652 -10
3 14 8.445 16.6862 -10 8.25 16.1 -10 8.145 16.079 -10
4 14 8.445 16.6862 -10 8.4942 16.652 -10 8.352 16.124 -10 8.25 16.1 -10
4 14 7.395 16.691 -10 7.467 16.598 -10 7.443 16.607 -10 7.395 16.673 -10
4 14 7.929 16.7 -10 8.046 16.061 -10 7.821 16.544 -10 7.821 16.568 -10
4 14 7.929 16.7 -10 7.821 16.568 -10 7.821 16.598 -10 7.824 16.64 -10
4 14 7.401 16.709 -10 7.5 16.589 -10 7.467 16.598 -10 7.395 16.691 -10
4 14 9.039 16.727 -10 9.261 16.721 -10 9.042 16.706 -10 9.039 16.721 -10
4 14 9.261 16.721 -10 9.192 16.613 -10 9.171 16.616 -10 9.147 16.622 -10
4 14 9.261 16.721 -10 9.255 16.616 -10 9.219 16.613 -10 9.192 16.613 -10
4 14 9.261 16.721 -10 9.147 16.622 -10 9.129 16.628 -10 9.114 16.634 -10
4 14 9.261 16.721 -10 9.318 16.625 -10 9.279 16.619 -10 9.255 16.616 -10
4 14 9.261 16.721 -10 9.114 16.634 -10 9.099 16.643 -10 9.087 16.652 -10
4 14 9.261 16.721 -10 9.405 16.643 -10 9.363 16.634 -10 9.318 16.625 -10
4 14 9.261 16.721 -10 9.087 16.652 -10 9.072 16.664 -10 9.057 16.682 -10
4 14 9.261 16.721 -10 9.495 16.667 -10 9.441 16.652 -10 9.405 16.643 -10
4 14 9.261 16.721 -10 9.057 16.682 -10 9.048 16.694 -10 9.042 16.706 -10
4 14 7.41 16.724 -10 7.545 16.589 -10 7.5 16.589 -10 7.401 16.709 -10
4 14 8.3808 16.7348 -10 8.445 16.6862 -10 8.145 16.079 -10 8.046 16.061 -10
4 14 7.845 16.736 -10 7.929 16.7 -10 7.824 16.64 -10 7.833 16.691 -10
3 14 9.039 16.739 -10 9.261 16.721 -10 9.039 16.727 -10
4 14 7.425 16.742 -10 7.569 16.592 -10 7.545 16.589 -10 7.41 16.724 -10
4 14 9.255 16.751 -10 9.48 16.688 -10 9.495 16.667 -10 9.261 16.721 -10
4 14 7.446 16.76 -10 7.605 16.604 -10 7.569 16.592 -10 7.425 16.742 -10
4 14 9.045 16.76 -10 9.261 16.721 -10 9.039 16.739 -10 9.042 16.751 -10
4 14 9.207 16.76 -10 9.228 16.748 -10 9.24 16.739 -10 9.261 16.721 -10
4 14 7.878 16.763 -10 7.929 16.7 -10 7.845 16.736 -10 7.863 16.757 -10
4 14 8.3418 16.7708 -10 8.3808 16.7348 -10 8.046 16.061 -10 7.929 16.7 -10
4 14 9.246 16.775 -10 9.462 16.718 -10 9.48 16.688 -10 9.255 16.751 -10
4 14 7.47 16.778 -10 7.644 16.622 -10 7.605 16.604 -10 7.446 16.76 -10
4 14 9.171 16.778 -10 9.192 16.769 -10 9.207 16.76 -10 9.261 16.721 -10
3 14 7.878 16.781 -10 7.929 16.7 -10 7.878 16.763 -10
4 14 9.072 16.781 -10 9.261 16.721 -10 9.045 16.76 -10 9.057 16.772 -10
4 14 9.093 16.787 -10 9.108 16.787 -10 9.261 16.721 -10 9.072 16.781 -10
3 14 9.108 16.787 -10 9.132 16.787 -10 9.261 16.721 -10
4 14 9.132 16.787 -10 9.153 16.784 -10 9.171 16.778 -10 9.261 16.721 -10
3 14 8.3238 16.79 -10 8.3418 16.7708 -10 7.929 16.7 -10
4 14 7.5 16.796 -10 7.68 16.643 -10 7.644 16.622 -10 7.47 16.778 -10
3 14 7.872 16.799 -10 7.929 16.7 -10 7.878 16.781 -10
4 14 9.228 16.805 -10 9.414 16.799 -10 9.462 16.718 -10 9.246 16.775 -10
3 14 8.3106 16.8086 -10 8.3238 16.79 -10 7.929 16.7 -10
4 14 7.53 16.811 -10 7.713 16.667 -10 7.68 16.643 -10 7.5 16.796 -10
4 14 7.563 16.823 -10 7.743 16.694 -10 7.713 16.667 -10 7.53 16.811 -10
4 14 7.602 16.838 -10 7.767 16.721 -10 7.743 16.694 -10 7.563 16.823 -10
4 14 7.632 16.847 -10 7.782 16.745 -10 7.767 16.721 -10 7.602 16.838 -10
4 14 7.671 16.859 -10 7.794 16.766 -10 7.782 16.745 -10 7.632 16.847 -10
4 14 8.2764 16.8704 -10 8.2992 16.8332 -10 8.3106 16.8086 -10 7.929 16.7 -10
4 14 9.378 16.871 -10 9.414 16.799 -10 9.228 16.805 -10 9.204 16.829 -10
3 14 9.522 16.871 -10 9.516 16.955 -10 9.54 16.955 -10
4 14 7.707 16.874 -10 7.812 16.787 -10 7.794 16.766 -10 7.671 16.859 -10
4 14 7.746 16.892 -10 7.827 16.802 -10 7.812 16.787 -10 7.707 16.874 -10
4 14 9.654 16.898 -10 9.681 16.661 -10 9.642 16.664 -10 9.627 16.673 -10
4 14 7.788 16.919 -10 7.845 16.814 -10 7.827 16.802 -10 7.746 16.892 -10
4 14 9.636 16.919 -10 9.645 16.91 -10 9.654 16.898 -10 9.627 16.673 -10
4 14 8.2158 16.922 -10 8.2446 16.9022 -10 8.2764 16.8704 -10 7.929 16.7 -10
4 14 9.624 16.928 -10 9.636 16.919 -10 9.627 16.673 -10 9.615 16.688 -10
4 14 9.612 16.937 -10 9.624 16.928 -10 9.615 16.688 -10 9.597 16.718 -10
4 14 7.827 16.949 -10 7.86 16.814 -10 7.845 16.814 -10 7.788 16.919 -10
4 14 9.324 16.952 -10 9.345 16.952 -10 9.18 16.847 -10 9.153 16.859 -10
4 14 9.345 16.952 -10 9.378 16.871 -10 9.204 16.829 -10 9.18 16.847 -10
4 14 9.582 16.952 -10 9.597 16.946 -10 9.612 16.937 -10 9.597 16.718 -10
4 14 9.297 16.955 -10 9.324 16.952 -10 9.153 16.859 -10 9.129 16.865 -10
3 14 9.492 16.955 -10 9.516 16.955 -10 9.522 16.871 -10
4 14 9.54 16.955 -10 9.558 16.955 -10 9.555 16.799 -10 9.522 16.871 -10
4 14 9.558 16.955 -10 9.582 16.952 -10 9.597 16.718 -10 9.555 16.799 -10
4 14 8.16 16.958 -10 8.1858 16.9418 -10 8.2158 16.922 -10 7.929 16.7 -10
4 14 9.276 16.961 -10 9.297 16.955 -10 9.129 16.865 -10 9.096 16.868 -10
3 14 8.1378 16.9742 -10 8.16 16.958 -10 7.929 16.7 -10
4 14 7.86 16.988 -10 7.872 16.799 -10 7.86 16.814 -10 7.827 16.949 -10
4 14 8.805 17.018 -10 8.973 16.766 -10 8.973 16.73 -10 8.79 17.018 -10
4 14 8.775 17.021 -10 8.79 17.018 -10 8.973 16.73 -10 8.979 16.7 -10
4 14 8.76 17.024 -10 8.775 17.021 -10 8.979 16.7 -10 8.988 16.67 -10
4 14 8.826 17.024 -10 8.976 16.796 -10 8.973 16.766 -10 8.805 17.018 -10
4 14 7.347 17.027 -10 7.383 17.027 -10 7.344 16.901 -10 7.314 16.865 -10
4 14 7.32 17.03 -10 7.347 17.027 -10 7.314 16.865 -10 7.29 16.817 -10
4 14 8.844 17.03 -10 8.982 16.814 -10 8.976 16.796 -10 8.826 17.024 -10
4 14 7.407 17.033 -10 7.377 16.931 -10 7.344 16.901 -10 7.383 17.027 -10
4 14 7.287 17.039 -10 7.32 17.03 -10 7.29 16.817 -10 7.278 16.769 -10
4 14 8.859 17.039 -10 8.991 16.832 -10 8.982 16.814 -10 8.844 17.03 -10
3 14 9.306 17.042 -10 9.297 17.036 -10 9.282 17.036 -10
4 14 8.0718 17.0426 -10 8.1192 16.9952 -10 8.1378 16.9742 -10 7.929 16.7 -10
4 14 6.5622 17.0446 -10 6 15.32 -10 5.7808 15.6911 -10 6.1271 16.3935 -10
4 14 7.431 17.048 -10 7.419 16.952 -10 7.377 16.931 -10 7.407 17.033 -10
4 14 8.877 17.051 -10 9.009 16.85 -10 8.991 16.832 -10 8.859 17.039 -10
4 14 9.309 17.054 -10 9.306 17.042 -10 9.282 17.036 -10 9.261 17.042 -10
4 14 7.248 17.06 -10 7.287 17.039 -10 7.278 16.769 -10 7.275 16.724 -10
4 14 8.67 17.06 -10 9.084 16.442 -10 8.931 16.538 -10 8.805 16.625 -10
4 14 8.67 17.06 -10 8.805 16.625 -10 8.718 16.712 -10 8.616 16.82 -10
4 14 8.67 17.06 -10 9 16.646 -10 9.114 16.418 -10 9.084 16.442 -10
3 14 8.67 17.06 -10 8.988 16.67 -10 9 16.646 -10
4 14 8.67 17.06 -10 8.616 16.82 -10 8.592 16.85 -10 8.58 16.88 -10
3 14 8.67 17.06 -10 8.58 16.88 -10 8.574 16.898 -10
3 14 8.67 17.06 -10 8.574 16.898 -10 8.559 16.925 -10
3 14 8.67 17.06 -10 8.559 16.925 -10 8.538 16.946 -10
4 14 8.67 17.06 -10 8.538 16.946 -10 8.49 16.976 -10 8.4738 16.988 -10
4 14 8.67 17.06 -10 8.4738 16.988 -10 8.448 17.006 -10 8.436 17.024 -10
4 14 8.67 17.06 -10 8.745 17.033 -10 8.76 17.024 -10 8.988 16.67 -10
3 14 8.67 17.06 -10 8.73 17.048 -10 8.745 17.033 -10
4 14 8.889 17.06 -10 9.036 16.862 -10 9.009 16.85 -10 8.877 17.051 -10
3 14 8.718 17.063 -10 8.73 17.048 -10 8.67 17.06 -10
4 14 7.449 17.069 -10 7.473 16.97 -10 7.419 16.952 -10 7.431 17.048 -10
4 14 8.448 17.069 -10 8.67 17.06 -10 8.436 17.024 -10 8.436 17.048 -10
4 14 8.901 17.069 -10 9.066 16.868 -10 9.036 16.862 -10 8.889 17.06 -10
4 14 8.913 17.078 -10 9.096 16.868 -10 9.066 16.868 -10 8.901 17.069 -10
4 14 8.913 17.078 -10 9.255 16.97 -10 9.276 16.961 -10 9.096 16.868 -10
4 14 9.306 17.078 -10 9.309 17.054 -10 9.261 17.042 -10 9.24 17.051 -10
4 14 7.23 17.087 -10 7.248 17.06 -10 7.275 16.724 -10 7.26 16.52 -10
3 14 8.706 17.087 -10 8.718 17.063 -10 8.67 17.06 -10
4 14 7.452 17.09 -10 7.536 16.982 -10 7.473 16.97 -10 7.449 17.069 -10
3 14 8.454 17.09 -10 8.67 17.06 -10 8.448 17.069 -10
4 14 8.922 17.09 -10 9.237 16.985 -10 9.255 16.97 -10 8.913 17.078 -10
4 14 9.3 17.093 -10 9.306 17.078 -10 9.24 17.051 -10 9.222 17.06 -10
3 14 8.025 17.1002 -10 8.0718 17.0426 -10 7.929 16.7 -10
4 14 8.928 17.105 -10 9.219 17.003 -10 9.237 16.985 -10 8.922 17.09 -10
4 14 7.449 17.108 -10 7.59 16.997 -10 7.536 16.982 -10 7.452 17.09 -10
3 14 8.7 17.111 -10 8.706 17.087 -10 8.67 17.06 -10
4 14 9.291 17.114 -10 9.3 17.093 -10 9.222 17.06 -10 9.207 17.069 -10
4 14 8.931 17.12 -10 9.204 17.021 -10 9.219 17.003 -10 8.928 17.105 -10
3 14 8.454 17.129 -10 8.67 17.06 -10 8.454 17.09 -10
3 14 8.0148 17.1302 -10 8.025 17.1002 -10 7.929 16.7 -10
4 14 7.434 17.138 -10 7.638 17.012 -10 7.59 16.997 -10 7.449 17.108 -10
4 14 7.434 17.138 -10 7.707 17.045 -10 7.68 17.03 -10 7.638 17.012 -10
4 14 7.434 17.138 -10 7.755 17.078 -10 7.734 17.06 -10 7.707 17.045 -10
4 14 7.434 17.138 -10 7.797 17.126 -10 7.779 17.102 -10 7.755 17.078 -10
4 14 8.931 17.141 -10 9.195 17.039 -10 9.204 17.021 -10 8.931 17.12 -10
4 14 9.273 17.15 -10 9.291 17.114 -10 9.207 17.069 -10 9.195 17.078 -10
4 14 8.931 17.153 -10 9.186 17.06 -10 9.195 17.039 -10 8.931 17.141 -10
4 14 8.0154 17.1572 -10 7.872 16.799 -10 7.86 16.988 -10 7.887 17.033 -10
3 14 8.0154 17.1572 -10 7.887 17.033 -10 7.902 17.072 -10
3 14 8.0154 17.1572 -10 7.902 17.072 -10 7.914 17.12 -10
3 14 8.0154 17.1572 -10 7.914 17.12 -10 7.92 17.156 -10
4 14 8.0154 17.1572 -10 8.0148 17.1302 -10 7.929 16.7 -10 7.872 16.799 -10
4 14 8.691 17.162 -10 8.697 17.129 -10 8.7 17.111 -10 8.67 17.06 -10
4 14 8.928 17.168 -10 9.18 17.087 -10 9.186 17.06 -10 8.931 17.153 -10
4 14 9.249 17.189 -10 9.18 17.087 -10 8.928 17.168 -10 8.916 17.18 -10
4 14 9.249 17.189 -10 9.273 17.15 -10 9.195 17.078 -10 9.18 17.087 -10
4 14 7.308 17.192 -10 7.341 17.174 -10 7.32 17.162 -10 7.311 17.177 -10
4 14 7.812 17.195 -10 7.809 17.15 -10 7.797 17.126 -10 7.434 17.138 -10
3 14 7.92 17.195 -10 8.0154 17.1572 -10 7.92 17.156 -10
4 14 8.754 17.222 -10 8.817 17.183 -10 8.781 17.168 -10 8.769 17.186 -10
4 14 7.305 17.225 -10 7.362 17.18 -10 7.341 17.174 -10 7.308 17.192 -10
3 14 7.914 17.24 -10 8.0154 17.1572 -10 7.92 17.195 -10
4 14 8.751 17.252 -10 8.862 17.192 -10 8.817 17.183 -10 8.754 17.222 -10
4 14 7.308 17.255 -10 7.38 17.18 -10 7.362 17.18 -10 7.305 17.225 -10
4 14 7.8 17.258 -10 7.809 17.228 -10 7.812 17.195 -10 7.434 17.138 -10
4 14 9.198 17.27 -10 9.228 17.225 -10 9.249 17.189 -10 8.916 17.18 -10
4 14 8.754 17.276 -10 8.883 17.192 -10 8.862 17.192 -10 8.751 17.252 -10
4 14 7.314 17.282 -10 7.392 17.174 -10 7.38 17.18 -10 7.308 17.255 -10
4 14 7.326 17.303 -10 7.41 17.162 -10 7.392 17.174 -10 7.314 17.282 -10
4 14 8.763 17.303 -10 8.901 17.189 -10 8.883 17.192 -10 8.754 17.276 -10
4 14 7.776 17.309 -10 7.791 17.282 -10 7.8 17.258 -10 7.434 17.138 -10
4 14 7.341 17.321 -10 7.434 17.138 -10 7.41 17.162 -10 7.326 17.303 -10
4 14 8.781 17.327 -10 8.916 17.18 -10 8.901 17.189 -10 8.763 17.303 -10
4 14 9.138 17.348 -10 9.171 17.306 -10 9.198 17.27 -10 8.916 17.18 -10
4 14 7.734 17.354 -10 7.758 17.333 -10 7.776 17.309 -10 7.434 17.138 -10
4 14 7.383 17.357 -10 7.434 17.138 -10 7.341 17.321 -10 7.362 17.342 -10
4 14 8.826 17.369 -10 8.916 17.18 -10 8.781 17.327 -10 8.799 17.348 -10
4 14 7.428 17.378 -10 7.434 17.138 -10 7.383 17.357 -10 7.404 17.369 -10
4 14 7.686 17.381 -10 7.713 17.366 -10 7.734 17.354 -10 7.434 17.138 -10
4 14 7.482 17.393 -10 7.434 17.138 -10 7.428 17.378 -10 7.455 17.387 -10
4 14 9.09 17.393 -10 9.114 17.375 -10 9.138 17.348 -10 8.916 17.18 -10
4 14 7.632 17.396 -10 7.659 17.39 -10 7.686 17.381 -10 7.434 17.138 -10
4 14 8.877 17.396 -10 8.916 17.18 -10 8.826 17.369 -10 8.85 17.384 -10
4 14 7.557 17.402 -10 7.434 17.138 -10 7.482 17.393 -10 7.518 17.399 -10
4 14 7.557 17.402 -10 7.59 17.402 -10 7.632 17.396 -10 7.434 17.138 -10
4 14 8.934 17.414 -10 8.916 17.18 -10 8.877 17.396 -10 8.901 17.405 -10
4 14 9.042 17.414 -10 9.069 17.405 -10 9.09 17.393 -10 8.916 17.18 -10
4 14 8.958 17.42 -10 8.985 17.42 -10 8.916 17.18 -10 8.934 17.414 -10
4 14 8.985 17.42 -10 9.012 17.42 -10 9.042 17.414 -10 8.916 17.18 -10
4 14 7.0786 17.6334 -10 7.26 16.52 -10 6 15.32 -10 6.5622 17.0446 -10
4 14 7.0786 17.6334 -10 7.221 17.123 -10 7.23 17.087 -10 7.26 16.52 -10
3 14 7.0786 17.6334 -10 7.218 17.159 -10 7.221 17.123 -10
3 14 7.0786 17.6334 -10 7.218 17.192 -10 7.218 17.159 -10
3 14 7.0786 17.6334 -10 7.221 17.228 -10 7.218 17.192 -10
3 14 7.0786 17.6334 -10 7.227 17.261 -10 7.221 17.228 -10
3 14 7.0786 17.6334 -10 7.233 17.285 -10 7.227 17.261 -10
3 14 7.0786 17.6334 -10 7.245 17.318 -10 7.233 17.285 -10
3 14 7.0786 17.6334 -10 7.26 17.345 -10 7.245 17.318 -10
3 14 7.0786 17.6334 -10 7.284 17.378 -10 7.26 17.345 -10
3 14 7.0786 17.6334 -10 7.317 17.408 -10 7.284 17.378 -10
3 14 7.0786 17.6334 -10 7.344 17.429 -10 7.317 17.408 -10
3 14 7.0786 17.6334 -10 7.374 17.444 -10 7.344 17.429 -10
3 14 7.0786 17.6334 -10 7.416 17.462 -10 7.374 17.444 -10
3 14 7.0786 17.6334 -10 7.458 17.474 -10 7.416 17.462 -10
3 14 7.0786 17.6334 -10 7.488 17.48 -10 7.458 17.474 -10
3 14 7.0786 17.6334 -10 7.524 17.483 -10 7.488 17.48 -10
4 14 9.7214 17.6334 -10 10.38 16.1 -10 10.146 16.487 -10 10.134 16.511 -10
3 14 9.7214 17.6334 -10 10.134 16.511 -10 10.116 16.529 -10
3 14 9.7214 17.6334 -10 10.116 16.529 -10 10.101 16.544 -10
3 14 9.7214 17.6334 -10 10.101 16.544 -10 10.077 16.562 -10
3 14 9.7214 17.6334 -10 10.077 16.562 -10 10.056 16.574 -10
3 14 9.7214 17.6334 -10 10.056 16.574 -10 10.029 16.589 -10
3 14 9.7214 17.6334 -10 10.029 16.589 -10 9.996 16.604 -10
3 14 9.7214 17.6334 -10 9.996 16.604 -10 9.951 16.622 -10
3 14 9.7214 17.6334 -10 9.951 16.622 -10 9.918 16.631 -10
3 14 9.7214 17.6334 -10 9.918 16.631 -10 9.879 16.64 -10
3 14 9.7214 17.6334 -10 9.879 16.64 -10 9.84 16.649 -10
3 14 9.7214 17.6334 -10 9.84 16.649 -10 9.81 16.655 -10
3 14 9.7214 17.6334 -10 9.81 16.655 -10 9.768 16.658 -10
3 14 9.7214 17.6334 -10 9.768 16.658 -10 9.726 16.661 -10
4 14 9.7214 17.6334 -10 9.681 16.661 -10 9.654 16.898 -10 9.654 16.925 -10
3 14 9.7214 17.6334 -10 9.726 16.661 -10 9.681 16.661 -10
3 14 9.7214 17.6334 -10 9.654 16.925 -10 9.648 16.946 -10
3 14 9.7214 17.6334 -10 9.648 16.946 -10 9.639 16.964 -10
3 14 9.7214 17.6334 -10 9.639 16.964 -10 9.627 16.985 -10
3 14 9.7214 17.6334 -10 9.627 16.985 -10 9.612 17.003 -10
3 14 9.7214 17.6334 -10 9.612 17.003 -10 9.591 17.018 -10
3 14 9.7214 17.6334 -10 9.591 17.018 -10 9.567 17.033 -10
3 14 9.7214 17.6334 -10 9.567 17.033 -10 9.534 17.045 -10
4 14 9.7214 17.6334 -10 10.2378 17.0446 -10 10.6729 16.3935 -10 10.38 16.1 -10
3 14 9.7214 17.6334 -10 9.534 17.045 -10 9.501 17.048 -10
4 14 9.7214 17.6334 -10 9.456 17.048 -10 9.45 17.057 -10 9.447 17.072 -10
3 14 9.7214 17.6334 -10 9.501 17.048 -10 9.456 17.048 -10
4 14 9.7214 17.6334 -10 9.447 17.072 -10 9.438 17.093 -10 9.429 17.117 -10
3 14 9.7214 17.6334 -10 9.429 17.117 -10 9.417 17.147 -10
3 14 9.7214 17.6334 -10 9.417 17.147 -10 9.399 17.189 -10
3 14 9.7214 17.6334 -10 9.399 17.189 -10 9.378 17.231 -10
3 14 9.7214 17.6334 -10 9.378 17.231 -10 9.351 17.279 -10
3 14 9.7214 17.6334 -10 9.351 17.279 -10 9.312 17.339 -10
3 14 9.7214 17.6334 -10 9.312 17.339 -10 9.27 17.39 -10
3 14 9.7214 17.6334 -10 9.27 17.39 -10 9.225 17.435 -10
3 14 9.7214 17.6334 -10 9.225 17.435 -10 9.186 17.465 -10
3 14 9.7214 17.6334 -10 9.186 17.465 -10 9.144 17.486 -10
3 14 9.7214 17.6334 -10 9.144 17.486 -10 9.108 17.501 -10
3 14 9.7214 17.6334 -10 9.108 17.501 -10 9.072 17.51 -10
4 14 8.4 17.9 -10 8.67 17.06 -10 8.454 17.129 -10 8.4405 17.144 -10
3 14 8.4 17.9 -10 8.4405 17.144 -10 8.415 17.156 -10
3 14 8.4 17.9 -10 8.415 17.156 -10 8.34 17.18 -10
4 14 8.4 17.9 -10 8.0286 17.168 -10 8.0154 17.1572 -10 7.914 17.24 -10
3 14 8.4 17.9 -10 8.0514 17.1746 -10 8.0286 17.168 -10
3 14 8.4 17.9 -10 8.34 17.18 -10 8.31 17.186 -10
3 14 8.4 17.9 -10 8.124 17.186 -10 8.0514 17.1746 -10
3 14 8.4 17.9 -10 8.31 17.186 -10 8.22 17.192 -10
3 14 8.4 17.9 -10 8.22 17.192 -10 8.124 17.186 -10
4 14 8.4 17.9 -10 8.688 17.204 -10 8.691 17.162 -10 8.67 17.06 -10
3 14 8.4 17.9 -10 8.691 17.234 -10 8.688 17.204 -10
3 14 8.4 17.9 -10 7.914 17.24 -10 7.905 17.288 -10
3 14 8.4 17.9 -10 8.697 17.27 -10 8.691 17.234 -10
3 14 8.4 17.9 -10 7.905 17.288 -10 7.887 17.33 -10
3 14 8.4 17.9 -10 8.709 17.312 -10 8.697 17.27 -10
3 14 8.4 17.9 -10 7.887 17.33 -10 7.863 17.369 -10
3 14 8.4 17.9 -10 8.727 17.354 -10 8.709 17.312 -10
3 14 8.4 17.9 -10 7.863 17.369 -10 7.827 17.408 -10
3 14 8.4 17.9 -10 8.745 17.384 -10 8.727 17.354 -10
3 14 8.4 17.9 -10 7.827 17.408 -10 7.794 17.435 -10
3 14 8.4 17.9 -10 8.769 17.414 -10 8.745 17.384 -10
3 14 8.4 17.9 -10 7.794 17.435 -10 7.731 17.465 -10
3 14 8.4 17.9 -10 8.793 17.438 -10 8.769 17.414 -10
3 14 8.4 17.9 -10 8.826 17.462 -10 8.793 17.438 -10
3 14 8.4 17.9 -10 7.731 17.465 -10 7.689 17.477 -10
3 14 8.4 17.9 -10 7.689 17.477 -10 7.65 17.483 -10
3 14 8.4 17.9 -10 8.859 17.48 -10 8.826 17.462 -10
3 14 8.4 17.9 -10 7.65 17.483 -10 7.608 17.486 -10
4 14 8.4 17.9 -10 7.563 17.486 -10 7.524 17.483 -10 7.0786 17.6334 -10
3 14 8.4 17.9 -10 7.608 17.486 -10 7.563 17.486 -10
3 14 8.4 17.9 -10 8.892 17.492 -10 8.859 17.48 -10
3 14 8.4 17.9 -10 8.94 17.504 -10 8.892 17.492 -10
3 14 8.4 17.9 -10 8.97 17.51 -10 8.94 17.504 -10
3 14 8.4 17.9 -10 9.009 17.51 -10 8.97 17.51 -10
4 14 8.4 17.9 -10 9.7214 17.6334 -10 9.072 17.51 -10 9.009 17.51 -10
4 14 8.3185 18.5849 -10 8.4 17.9 -10 7.0786 17.6334 -10 7.6673 18.1498 -10
4 14 8.4815 18.5849 -10 9.1327 18.1498 -10 9.7214 17.6334 -10 8.4 17.9 -10
4 14 8.4 18.6311 -10 8.4815 18.5849 -10 8.4 17.9 -10 8.3185 18.5849 -10
0 // Neutral faces
4 16 -4.6 1.4 -10 -4.6 1.5956 -10 -3.8236 1.5792 -10 -3.0476 1.5507 -10
4 16 -4.6 1.4 -10 -3.0476 1.5507 -10 -2.2977 1.5117 -10 -1.5484 1.4615 -10
3 16 -12 0 -10 -14.345 2 -10 -13 1.4 -10
3 16 -12 0 -10 -13 1.4 -10 -11 1.4 -10
3 16 -12 0 -10 -11 1.4 -10 -9.4 1.4 -10
3 16 -12 0 -10 -9.4 1.4 -10 -8.7383 1.4 -10
3 16 -12 0 -10 -8.7383 1.4 -10 -5.15 1.4 -10
3 16 -12 0 -10 -5.15 1.4 -10 -4.6 1.4 -10
4 16 -12 0 -10 -4.6 1.4 -10 -1.5484 1.4615 -10 -.8 1.4 -10
4 16 -12 0 -10 -.8 1.4 -10 3.4077 1.4 -10 12 0 -10
3 16 12 0 -10 3.4077 1.4 -10 7.753 1.4 -10
3 16 12 0 -10 7.753 1.4 -10 8.6 1.4 -10
3 16 12 0 -10 8.6 1.4 -10 11 1.4 -10
3 16 12 0 -10 11 1.4 -10 13 1.4 -10
3 16 12 0 -10 13 1.4 -10 14.345 2 -10
4 16 -14.345 2 -10 -13.1364 4.2699 -10 -12.8478 2.6346 -10 -13 1.4 -10
4 16 -14.345 2 -10 -19 29 -10 -13.2475 4.9 -10 -13.1364 4.2699 -10
4 16 14.345 2 -10 13 1.4 -10 12.8478 2.6346 -10 13.1364 4.2699 -10
4 16 14.345 2 -10 13.1364 4.2699 -10 13.2475 4.9 -10 19 29 -10
3 16 -19 29 -10 -16.1943 21.6 -10 -13.2475 4.9 -10
4 16 -19 29 -10 -19 32 -10 -16.2825 22.1 -10 -16.1943 21.6 -10
4 16 -19 32 -10 -14.2243 24.286 -10 -14.3249 24.1614 -10 -16.2825 22.1 -10
4 16 -19 32 -10 -14.0886 24.575 -10 -14.1448 24.425 -10 -14.2243 24.286 -10
4 16 -19 32 -10 -13.3 31.1 -10 -14.057 24.732 -10 -14.0886 24.575 -10
3 16 -19 32 -10 -12.8 31.1 -10 -13.3 31.1 -10
3 16 -19 32 -10 -1.5 31.1 -10 -12.8 31.1 -10
3 16 -1.5 31.1 -10 -19 32 -10 -.9 31.1 -10
4 16 -19 32 -10 19 32 -10 2.1 31.1 -10 -.9 31.1 -10
3 16 19 29 -10 13.2475 4.9 -10 16.1943 21.6 -10
4 16 19 32 -10 19 29 -10 16.1943 21.6 -10 16.2825 22.1 -10
4 16 19 32 -10 16.2825 22.1 -10 14.3249 24.1614 -10 14.2243 24.286 -10
4 16 19 32 -10 14.2243 24.286 -10 14.1448 24.425 -10 14.0886 24.575 -10
4 16 19 32 -10 14.0886 24.575 -10 14.057 24.732 -10 13.3 31.1 -10
3 16 19 32 -10 13.3 31.1 -10 12.8 31.1 -10
3 16 19 32 -10 12.8 31.1 -10 12.3 31.1 -10
3 16 19 32 -10 12.3 31.1 -10 8.5 31.1 -10
3 16 19 32 -10 8.5 31.1 -10 7.3 31.1 -10
3 16 19 32 -10 7.3 31.1 -10 5.1 31.1 -10
3 16 19 32 -10 5.1 31.1 -10 3.1 31.1 -10
3 16 19 32 -10 3.1 31.1 -10 2.1 31.1 -10
4 16 4.6647 4.0247 -10 3.5295 4.54 -10 1.6 6.2 -10 1.6 6.4 -10
3 16 4.6647 4.0247 -10 1.6 6.4 -10 1.9123 9.4785 -10
3 16 4.6647 4.0247 -10 1.9123 9.4785 -10 2.1881 12.5604 -10
3 16 4.6647 4.0247 -10 2.1881 12.5604 -10 2.4286 15.6453 -10
3 16 4.6647 4.0247 -10 2.4286 15.6453 -10 2.6337 18.7328 -10
4 16 4.6647 4.0247 -10 2.6337 18.7328 -10 2.8034 21.8224 -10 5.1 31.1 -10
3 16 5.1 31.1 -10 2.8034 21.8224 -10 2.9377 24.9137 -10
3 16 5.1 31.1 -10 2.9377 24.9137 -10 3.0366 28.0064 -10
3 16 5.1 31.1 -10 3.0366 28.0064 -10 3.1 31.1 -10
4 16 3.5295 4.54 -10 2.1179 5.0409 -10 1.4 6.2 -10 1.6 6.2 -10
4 16 2.1179 5.0409 -10 .6687 5.4196 -10 1.2 6.2 -10 1.4 6.2 -10
4 16 .6687 5.4196 -10 -.8075 5.6732 -10 1.2 6.4 -10 1.2 6.2 -10
4 16 1.2 6.4 -10 -.8075 5.6732 -10 -2.3 5.8 -10 1.3494 9.486 -10
4 16 -2.3 5.8 -10 -2.0673 7.8268 -10 1.4884 12.5726 -10 1.3494 9.486 -10
4 16 -2.0673 7.8268 -10 -1.8641 9.8568 -10 1.6168 15.6595 -10 1.4884 12.5726 -10
4 16 -1.8641 9.8568 -10 -1.6906 11.8896 -10 1.7347 18.7469 -10 1.6168 15.6595 -10
4 16 -1.6906 11.8896 -10 -1.5466 13.9247 -10 1.8419 21.8347 -10 1.7347 18.7469 -10
4 16 -1.5466 13.9247 -10 -1.4324 15.9616 -10 1.9385 24.9228 -10 1.8419 21.8347 -10
4 16 -1.4324 15.9616 -10 -1.3478 18 -10 2.0246 28.0113 -10 1.9385 24.9228 -10
4 16 -1.3478 18 -10 -.9 31.1 -10 2.1 31.1 -10 2.0246 28.0113 -10
4 16 16.1943 21.6 -10 13.2475 4.9 -10 11.7894 4.6347 -10 14.0607 23.8113 -10
4 16 11.7894 4.6347 -10 12.3 31.1 -10 12.8 31.1 -10 13.5134 24.9689 -10
3 16 11.7894 4.6347 -10 13.5134 24.9689 -10 13.5772 24.6497 -10
3 16 11.7894 4.6347 -10 13.5772 24.6497 -10 13.6919 24.3451 -10
3 16 11.7894 4.6347 -10 13.6919 24.3451 -10 13.8545 24.0632 -10
3 16 11.7894 4.6347 -10 13.8545 24.0632 -10 14.0607 23.8113 -10
4 16 -2.1393 12.4 -10 -13.5134 24.9689 -10 -12.8 31.1 -10 -1.5 31.1 -10
4 16 -2.1393 12.4 -10 -2.1891 11.2983 -10 -13.5772 24.6497 -10 -13.5134 24.9689 -10
3 16 -16.1943 21.6 -10 -5.1516 5.92 -10 -5.3472 5.9006 -10
3 16 -16.1943 21.6 -10 -5.3472 5.9006 -10 -5.5297 5.8276 -10
3 16 -16.1943 21.6 -10 -5.5297 5.8276 -10 -5.6847 5.7068 -10
3 16 -16.1943 21.6 -10 -5.6847 5.7068 -10 -5.8 5.5476 -10
4 16 -16.1943 21.6 -10 -5.8 5.5476 -10 -6.0245 5 -10 -6.614 4.7391 -10
3 16 -16.1943 21.6 -10 -6.614 4.7391 -10 -7.154 4.3869 -10
3 16 -16.1943 21.6 -10 -7.154 4.3869 -10 -7.6303 3.9526 -10
3 16 -16.1943 21.6 -10 -7.6303 3.9526 -10 -8.0307 3.4474 -10
4 16 -8.3599 3.6365 -10 -16.1943 21.6 -10 -8.0307 3.4474 -10 -8.117 3.3184 -10
3 16 -16.1943 21.6 -10 -8.3599 3.6365 -10 -8.6641 3.8966 -10
3 16 -16.1943 21.6 -10 -8.6641 3.8966 -10 -9.016 4.0873 -10
3 16 -16.1943 21.6 -10 -9.016 4.0873 -10 -9.4 4.2 -10
3 16 -16.1943 21.6 -10 -9.4 4.2 -10 -13.2475 4.9 -10
3 16 7.0105 18.2371 -10 7.3 31.1 -10 7.4738 18.6434 -10
3 16 8.5 31.1 -10 8.3085 19.1892 -10 8.2029 19.1305 -10
4 16 7.4738 18.6434 -10 7.3 31.1 -10 8.5 31.1 -10 8.2029 19.1305 -10
3 16 7.4173 2.36 -10 6.6646 2.8705 -10 8.0521 3.2386 -10
4 16 8.1484 9.2246 -10 8.0521 3.2386 -10 6.6646 2.8705 -10 6.8141 9.5142 -10
4 16 -4.5914 6.3601 -10 -4.6975 6.404 -10 -4.5061 6.6633 -10 -4.4 6.6194 -10
4 16 -4.2939 6.8755 -10 -4.4 6.9194 -10 -4.2086 7.1786 -10 -4.1025 7.1347 -10
4 16 -3.8049 7.6501 -10 -3.9964 7.3908 -10 -4.1025 7.4347 -10 -3.911 7.694 -10
4 16 -3.6988 7.9062 -10 -3.8049 7.9501 -10 -3.6135 8.2093 -10 -3.5074 8.1654 -10
4 16 -3.4013 8.4215 -10 -3.5074 8.4654 -10 -3.3159 8.7247 -10 -3.2098 8.6808 -10
4 16 -3.1037 8.9369 -10 -3.2098 8.9808 -10 -3.0184 9.2401 -10 -2.9123 9.1962 -10
4 16 -2.8062 9.4523 -10 -2.9123 9.4962 -10 -2.7208 9.7554 -10 -2.6147 9.7115 -10
4 16 -2.5086 9.9676 -10 -2.6147 10.0115 -10 -2.4233 10.2708 -10 -2.3172 10.2269 -10
4 16 -4.1593 6.0285 -10 -4.2654 6.0724 -10 -4.074 6.3317 -10 -3.9679 6.2878 -10
4 16 -3.8618 6.5439 -10 -3.9679 6.5878 -10 -3.7764 6.8471 -10 -3.6703 6.8032 -10
4 16 -3.5642 7.0593 -10 -3.6703 7.1032 -10 -3.4789 7.3624 -10 -3.3728 7.3185 -10
4 16 -3.2667 7.5746 -10 -3.3728 7.6185 -10 -3.1814 7.8778 -10 -3.0753 7.8339 -10
4 16 -2.9692 8.09 -10 -3.0753 8.1339 -10 -2.8838 8.3931 -10 -2.7777 8.3492 -10
4 16 -2.6716 8.6053 -10 -2.7777 8.6492 -10 -2.5863 8.9085 -10 -2.4802 8.8646 -10
4 16 -3.4297 6.2123 -10 -3.5358 6.2562 -10 -3.3443 6.5155 -10 -3.2382 6.4716 -10
4 16 -3.1321 6.7277 -10 -3.2382 6.7716 -10 -3.0468 7.0308 -10 -2.9407 6.9869 -10
4 16 -2.8346 7.243 -10 -2.9407 7.2869 -10 -2.7492 7.5462 -10 -2.6431 7.5023 -10
4 16 -4.5475 6.254 -10 -4.5914 6.3601 -10 -4.4 6.6194 -10 -4.2939 6.6633 -10
4 16 -4.6975 6.404 -10 -4.8036 6.3601 -10 -4.55 6.7694 -10 -4.5061 6.6633 -10
4 16 -4.4 6.9194 -10 -4.5061 6.8755 -10 -4.2525 7.2847 -10 -4.2086 7.1786 -10
4 16 -4.25 6.7694 -10 -4.2939 6.8755 -10 -4.1025 7.1347 -10 -3.9964 7.1786 -10
4 16 -4.1025 7.4347 -10 -4.2086 7.3908 -10 -3.9549 7.8001 -10 -3.911 7.694 -10
4 16 -3.9525 7.2847 -10 -3.9964 7.3908 -10 -3.8049 7.6501 -10 -3.6988 7.694 -10
4 16 -3.8049 7.9501 -10 -3.911 7.9062 -10 -3.6574 8.3154 -10 -3.6135 8.2093 -10
4 16 -3.6549 7.8001 -10 -3.6988 7.9062 -10 -3.5074 8.1654 -10 -3.4013 8.2093 -10
4 16 -3.5074 8.4654 -10 -3.6135 8.4215 -10 -3.3598 8.8308 -10 -3.3159 8.7247 -10
4 16 -3.3574 8.3154 -10 -3.4013 8.4215 -10 -3.2098 8.6808 -10 -3.1037 8.7247 -10
4 16 -3.2098 8.9808 -10 -3.3159 8.9369 -10 -3.0623 9.3462 -10 -3.0184 9.2401 -10
4 16 -3.0598 8.8308 -10 -3.1037 8.9369 -10 -2.9123 9.1962 -10 -2.8062 9.2401 -10
4 16 -2.9123 9.4962 -10 -3.0184 9.4523 -10 -2.7647 9.8615 -10 -2.7208 9.7554 -10
4 16 -2.7623 9.3462 -10 -2.8062 9.4523 -10 -2.6147 9.7115 -10 -2.5086 9.7554 -10
4 16 -2.6147 10.0115 -10 -2.7208 9.9676 -10 -2.4672 10.3769 -10 -2.4233 10.2708 -10
4 16 -2.4647 9.8615 -10 -2.5086 9.9676 -10 -2.3172 10.2269 -10 -2.2596 10.2507 -10
4 16 -4.2654 6.0724 -10 -4.3715 6.0285 -10 -4.1179 6.4378 -10 -4.074 6.3317 -10
4 16 -4.1154 5.9224 -10 -4.1593 6.0285 -10 -3.9679 6.2878 -10 -3.8618 6.3317 -10
4 16 -3.9679 6.5878 -10 -4.074 6.5439 -10 -3.8203 6.9532 -10 -3.7764 6.8471 -10
4 16 -3.8179 6.4378 -10 -3.8618 6.5439 -10 -3.6703 6.8032 -10 -3.5642 6.8471 -10
4 16 -3.4789 7.3624 -10 -3.6703 7.1032 -10 -3.7764 7.0593 -10 -3.5228 7.4685 -10
4 16 -3.5203 6.9532 -10 -3.5642 7.0593 -10 -3.3728 7.3185 -10 -3.2667 7.3624 -10
4 16 -3.3728 7.6185 -10 -3.4789 7.5746 -10 -3.2253 7.9839 -10 -3.1814 7.8778 -10
4 16 -3.2228 7.4685 -10 -3.2667 7.5746 -10 -3.0753 7.8339 -10 -2.9692 7.8778 -10
4 16 -3.0753 8.1339 -10 -3.1814 8.09 -10 -2.9277 8.4992 -10 -2.8838 8.3931 -10
4 16 -2.9253 7.9839 -10 -2.9692 8.09 -10 -2.7777 8.3492 -10 -2.6716 8.3931 -10
4 16 -2.7777 8.6492 -10 -2.8838 8.6053 -10 -2.6302 9.0146 -10 -2.5863 8.9085 -10
4 16 -2.6277 8.4992 -10 -2.6716 8.6053 -10 -2.4802 8.8646 -10 -2.3834 8.9047 -10
4 16 -3.5358 6.2562 -10 -3.6419 6.2123 -10 -3.3882 6.6216 -10 -3.3443 6.5155 -10
4 16 -3.3858 6.1062 -10 -3.4297 6.2123 -10 -3.2382 6.4716 -10 -3.1321 6.5155 -10
4 16 -3.2382 6.7716 -10 -3.3443 6.7277 -10 -3.0907 7.1369 -10 -3.0468 7.0308 -10
4 16 -3.0882 6.6216 -10 -3.1321 6.7277 -10 -2.9407 6.9869 -10 -2.8346 7.0308 -10
4 16 -2.9407 7.2869 -10 -3.0468 7.243 -10 -2.7931 7.6523 -10 -2.7492 7.5462 -10
4 16 -2.7907 7.1369 -10 -2.8346 7.243 -10 -2.6431 7.5023 -10 -2.546 7.5425 -10
4 16 -4.5914 6.1479 -10 -4.5475 6.254 -10 -4.3715 6.0285 -10 -4.4154 5.9224 -10
4 16 -4.5475 6.254 -10 -4.2939 6.6633 -10 -4.1179 6.4378 -10 -4.3715 6.0285 -10
4 16 -4.2939 6.6633 -10 -4.25 6.7694 -10 -4.074 6.5439 -10 -4.1179 6.4378 -10
4 16 -4.25 6.7694 -10 -3.9964 7.1786 -10 -3.8203 6.9532 -10 -4.074 6.5439 -10
4 16 -3.9964 7.1786 -10 -3.9525 7.2847 -10 -3.7764 7.0593 -10 -3.8203 6.9532 -10
4 16 -3.9525 7.2847 -10 -3.6988 7.694 -10 -3.5228 7.4685 -10 -3.7764 7.0593 -10
4 16 -3.6988 7.694 -10 -3.6549 7.8001 -10 -3.4789 7.5746 -10 -3.5228 7.4685 -10
4 16 -3.6549 7.8001 -10 -3.4013 8.2093 -10 -3.2253 7.9839 -10 -3.4789 7.5746 -10
4 16 -3.4013 8.2093 -10 -3.3574 8.3154 -10 -3.1814 8.09 -10 -3.2253 7.9839 -10
4 16 -3.3574 8.3154 -10 -3.1037 8.7247 -10 -2.9277 8.4992 -10 -3.1814 8.09 -10
4 16 -3.1037 8.7247 -10 -3.0598 8.8308 -10 -2.8838 8.6053 -10 -2.9277 8.4992 -10
4 16 -3.0598 8.8308 -10 -2.8062 9.2401 -10 -2.6302 9.0146 -10 -2.8838 8.6053 -10
4 16 -2.8062 9.2401 -10 -2.7623 9.3462 -10 -2.5863 9.1207 -10 -2.6302 9.0146 -10
4 16 -2.7623 9.3462 -10 -2.5086 9.7554 -10 -2.4802 9.1646 -10 -2.5863 9.1207 -10
4 16 -3.8618 6.3317 -10 -3.8179 6.4378 -10 -3.6419 6.2123 -10 -3.6858 6.1062 -10
4 16 -3.8179 6.4378 -10 -3.5642 6.8471 -10 -3.3882 6.6216 -10 -3.6419 6.2123 -10
4 16 -3.5642 6.8471 -10 -3.5203 6.9532 -10 -3.3443 6.7277 -10 -3.3882 6.6216 -10
4 16 -3.5203 6.9532 -10 -3.2667 7.3624 -10 -3.0907 7.1369 -10 -3.3443 6.7277 -10
4 16 -3.2667 7.3624 -10 -3.2228 7.4685 -10 -3.0468 7.243 -10 -3.0907 7.1369 -10
4 16 -3.2228 7.4685 -10 -2.9692 7.8778 -10 -2.7931 7.6523 -10 -3.0468 7.243 -10
4 16 -2.9692 7.8778 -10 -2.9253 7.9839 -10 -2.7492 7.7584 -10 -2.7931 7.6523 -10
4 16 -2.9253 7.9839 -10 -2.6716 8.3931 -10 -2.6431 7.8023 -10 -2.7492 7.7584 -10
4 16 -3.3858 6.1062 -10 -3.1321 6.5155 -10 -2.9561 6.29 -10 -2.9122 6.1839 -10
4 16 -3.1321 6.5155 -10 -3.0882 6.6216 -10 -2.9122 6.3961 -10 -2.9561 6.29 -10
4 16 -3.0882 6.6216 -10 -2.8346 7.0308 -10 -2.8061 6.44 -10 -2.9122 6.3961 -10
3 16 -4.6975 6.104 -10 -4.5914 6.1479 -10 -4.4154 5.9224 -10
3 16 -5.1516 5.92 -10 -4.4154 5.9224 -10 -4.4013 5.8884 -10
4 16 -4.4154 5.9224 -10 -5.1516 5.92 -10 -4.8036 6.1479 -10 -4.6975 6.104 -10
4 16 -4.8475 6.254 -10 -4.8036 6.1479 -10 -5.1516 5.92 -10 -16.1943 21.6 -10
3 16 -4.8036 6.3601 -10 -4.8475 6.254 -10 -16.1943 21.6 -10
4 16 -4.8036 6.3601 -10 -16.1943 21.6 -10 -4.5061 6.8755 -10 -4.55 6.7694 -10
4 16 -4.2086 7.3908 -10 -4.2525 7.2847 -10 -4.5061 6.8755 -10 -16.1943 21.6 -10
4 16 -3.911 7.9062 -10 -3.9549 7.8001 -10 -4.2086 7.3908 -10 -16.1943 21.6 -10
4 16 -3.911 7.9062 -10 -16.1943 21.6 -10 -3.6135 8.4215 -10 -3.6574 8.3154 -10
4 16 -3.6135 8.4215 -10 -16.1943 21.6 -10 -3.3159 8.9369 -10 -3.3598 8.8308 -10
4 16 -3.3159 8.9369 -10 -16.1943 21.6 -10 -3.0184 9.4523 -10 -3.0623 9.3462 -10
4 16 -3.0184 9.4523 -10 -16.1943 21.6 -10 -2.7208 9.9676 -10 -2.7647 9.8615 -10
4 16 -2.7208 9.9676 -10 -16.1943 21.6 -10 -2.4233 10.483 -10 -2.4672 10.3769 -10
4 16 -16.1943 21.6 -10 -14.0607 23.8113 -10 -2.3172 10.5269 -10 -2.4233 10.483 -10
4 16 -13.6919 24.3451 -10 -13.5772 24.6497 -10 -2.1891 11.2983 -10 -2.2431 10.4962 -10
4 16 -2.2431 10.4962 -10 -2.3172 10.5269 -10 -13.8545 24.0632 -10 -13.6919 24.3451 -10
3 16 -2.3172 10.5269 -10 -14.0607 23.8113 -10 -13.8545 24.0632 -10
3 16 -2.4647 9.8615 -10 -2.2596 10.2507 -10 -2.2632 10.198 -10
4 16 -2.3741 9.1207 -10 -2.4802 9.1646 -10 -2.5086 9.7554 -10 -2.4647 9.8615 -10
4 16 -2.3616 9.0996 -10 -2.3741 9.1207 -10 -2.4647 9.8615 -10 -2.2632 10.198 -10
4 16 -2.537 7.7584 -10 -2.6431 7.8023 -10 -2.6716 8.3931 -10 -2.6277 8.4992 -10
4 16 -2.6277 8.4992 -10 -2.4841 8.0036 -10 -2.5219 7.7219 -10 -2.537 7.7584 -10
3 16 -2.4841 8.0036 -10 -2.6277 8.4992 -10 -2.3834 8.9047 -10
4 16 -2.7108 6.4005 -10 -2.8061 6.44 -10 -2.8346 7.0308 -10 -2.7907 7.1369 -10
4 16 -2.7907 7.1369 -10 -2.546 7.5425 -10 -2.6308 6.9106 -10 -2.7108 6.4005 -10
4 16 -2.9122 6.1839 -10 -2.8061 6.14 -10 -3.4297 6 -10 -3.3858 6.1062 -10
3 16 -2.8016 5.8211 -10 -2.8061 6.14 -10 -2.7478 6.1641 -10
4 16 -2.8016 5.8211 -10 -3.5358 5.9562 -10 -3.4297 6 -10 -2.8061 6.14 -10
4 16 -4.1154 5.9224 -10 -3.5358 5.9562 -10 -2.8016 5.8211 -10 -4.1341 5.8772 -10
4 16 -3.6858 6.1062 -10 -3.6419 6 -10 -4.1154 5.9224 -10 -3.8618 6.3317 -10
3 16 -3.6419 6 -10 -3.5358 5.9562 -10 -4.1154 5.9224 -10
