0 Minifig Torso with Racing Suit with Ferrari Logo and Red Vertical Lines with Silver Details Pattern
0 Name: 973pum.dat
0 Author: Massimo Maso [Sirio]
0 !LDRAW_ORG Unofficial_Part
0 !LICENSE Licensed under CC BY 4.0 : see CAreadme.txt

0 BFC CERTIFY CCW

0 !KEYWORDS Bricklink 973pb3586, Competizione, F40, Ferrari, Jacket, Race
0 !KEYWORDS Set 75890, Speed Champions, sport, Uniform

0 // Subparts
1 16 0 0 0 1 0 0 0 1 0 0 0 1 s\973s01.dat
1 16 0 0 0 1 0 0 0 1 0 0 0 1 s\973pums01.dat
1 16 0 0 0 -1 0 0 0 1 0 0 0 1 s\973pums01.dat
0 // Neck
1 0 0 -4 0 4.243 0 -4.243 0 -8 0 -4.243 0 -4.243 1-4cyli.dat
0 // Primitives
1 16 1.5 6.8 -10 .15 0 0 0 0 -.15 0 1 0 2-4ndis.dat
1 320 1.5 6.8 -10 .15 0 0 0 0 -.15 0 1 0 2-4chrd.dat
0 // Back
0 // Complementary neutral faces
3 16 0 1.4 10 -12 0 10 12 0 10
3 16 12.7 31.4 10 -12.7 31.4 10 0 3.1 10
4 16 12.7 31.4 10 19 32 10 -19 32 10 -12.7 31.4 10
0 // Front
0 // Tricolor
0 // Green faces
3 2 7.2 8.9838 -10 4.778 9.5095 -10 4.778 9.772 -10
4 2 7.2 8.9838 -10 4.778 9.772 -10 8.6 8.932 -10 8.4 8.7234 -10
3 2 8.6 8.932 -10 8.6 8.68 -10 8.4 8.7234 -10
4 2 8.6 8.932 -10 12.422 9.772 -10 12.422 9.5095 -10 8.6 8.68 -10
0 // White faces
4 15 8.6 8.932 -10 4.778 9.772 -10 4.778 10.052 -10 8.6 9.156 -10
4 15 8.6 8.932 -10 8.6 9.156 -10 12.422 9.989 -10 12.422 9.772 -10
0 // Red faces
3 4 8.6 9.156 -10 8.6 9.5375 -10 9.0844 9.5502 -10
3 4 8.6 9.156 -10 8.1156 9.5502 -10 8.6 9.5375 -10
3 4 8.6 9.156 -10 9.0844 9.5502 -10 9.5675 9.5882 -10
3 4 8.6 9.156 -10 7.6325 9.5882 -10 8.1156 9.5502 -10
3 4 8.6 9.156 -10 9.5675 9.5882 -10 10.0479 9.6515 -10
3 4 8.6 9.156 -10 7.1521 9.6515 -10 7.6325 9.5882 -10
4 4 8.6 9.156 -10 10.0479 9.6515 -10 10.5243 9.7397 -10 12.422 9.989 -10
3 4 4.778 10.052 -10 6.2045 9.8529 -10 6.6757 9.7397 -10
4 4 7.1521 9.6515 -10 8.6 9.156 -10 4.778 10.052 -10 6.6757 9.7397 -10
3 4 12.422 9.989 -10 10.5243 9.7397 -10 10.9955 9.8529 -10
3 4 12.422 9.989 -10 10.9955 9.8529 -10 11.4601 9.9905 -10
3 4 12.422 9.989 -10 11.4601 9.9905 -10 11.9169 10.1522 -10
3 4 4.778 10.052 -10 5.7399 9.9905 -10 6.2045 9.8529 -10
3 4 4.778 10.052 -10 5.2831 10.1522 -10 5.7399 9.9905 -10
3 4 4.778 10.052 -10 4.8355 10.3377 -10 5.2831 10.1522 -10
3 4 4.778 10.052 -10 4.778 10.3635 -10 4.8355 10.3377 -10
3 4 12.3645 10.3377 -10 12.422 9.989 -10 11.9169 10.1522 -10
3 4 12.422 10.3635 -10 12.422 9.989 -10 12.3645 10.3377 -10
0 // Black border
4 0 8.6 9.5375 -10 8.1156 9.5502 -10 8.1279 9.7844 -10 8.6 9.772 -10
4 0 9.0722 9.7844 -10 9.0844 9.5502 -10 8.6 9.5375 -10 8.6 9.772 -10
4 0 8.1156 9.5502 -10 7.6325 9.5882 -10 7.657 9.8214 -10 8.1279 9.7844 -10
4 0 9.543 9.8214 -10 9.5675 9.5882 -10 9.0844 9.5502 -10 9.0722 9.7844 -10
4 0 7.1888 9.8831 -10 7.657 9.8214 -10 7.6325 9.5882 -10 7.1521 9.6515 -10
4 0 10.0112 9.8831 -10 10.0479 9.6515 -10 9.5675 9.5882 -10 9.543 9.8214 -10
4 0 6.7244 9.9691 -10 7.1888 9.8831 -10 7.1521 9.6515 -10 6.6757 9.7397 -10
4 0 10.0479 9.6515 -10 10.0112 9.8831 -10 10.4756 9.9691 -10 10.5243 9.7397 -10
4 0 6.2652 10.0794 -10 6.7244 9.9691 -10 6.6757 9.7397 -10 6.2045 9.8529 -10
4 0 10.9348 10.0794 -10 10.9955 9.8529 -10 10.5243 9.7397 -10 10.4756 9.9691 -10
4 0 5.8124 10.2135 -10 6.2652 10.0794 -10 6.2045 9.8529 -10 5.7399 9.9905 -10
4 0 11.3876 10.2135 -10 11.4601 9.9905 -10 10.9955 9.8529 -10 10.9348 10.0794 -10
3 0 5.8124 10.2135 -10 5.7399 9.9905 -10 5.2831 10.1522 -10
4 0 11.4601 9.9905 -10 11.3876 10.2135 -10 11.8328 10.3712 -10 11.9169 10.1522 -10
4 0 4.778 10.3635 -10 5.0125 10.516 -10 5.3672 10.3712 -10 4.8355 10.3377 -10
4 0 5.8124 10.2135 -10 5.2831 10.1522 -10 4.8355 10.3377 -10 5.3672 10.3712 -10
4 0 12.1875 10.516 -10 12.3645 10.3377 -10 11.9169 10.1522 -10 11.8328 10.3712 -10
4 0 4.8397 13.8923 -10 5.0125 10.516 -10 4.778 10.3635 -10 4.778 12.95 -10
3 0 12.422 12.95 -10 12.422 10.3635 -10 12.3645 10.3377 -10
4 0 12.1875 10.516 -10 12.1875 12.95 -10 12.422 12.95 -10 12.3645 10.3377 -10
3 0 4.8397 13.8923 -10 5.0723 13.8617 -10 5.0125 12.95 -10
3 0 4.8397 13.8923 -10 5.0125 12.95 -10 5.0125 10.516 -10
4 0 12.3603 13.8923 -10 12.422 12.95 -10 12.1875 12.95 -10 12.1277 13.8617 -10
4 0 5.024 14.8185 -10 5.2505 14.7578 -10 5.0723 13.8617 -10 4.8397 13.8923 -10
4 0 12.176 14.8185 -10 12.3603 13.8923 -10 12.1277 13.8617 -10 11.9495 14.7578 -10
4 0 5.2505 14.7578 -10 5.024 14.8185 -10 5.3276 15.7127 -10 5.5442 15.623 -10
4 0 11.8724 15.7127 -10 12.176 14.8185 -10 11.9495 14.7578 -10 11.6558 15.623 -10
4 0 5.7452 16.5597 -10 5.9483 16.4424 -10 5.5442 15.623 -10 5.3276 15.7127 -10
4 0 11.4548 16.5597 -10 11.8724 15.7127 -10 11.6558 15.623 -10 11.2517 16.4424 -10
4 0 6.2698 17.3449 -10 6.4559 17.2021 -10 5.9483 16.4424 -10 5.7452 16.5597 -10
4 0 11.2517 16.4424 -10 10.7441 17.2021 -10 10.9302 17.3449 -10 11.4548 16.5597 -10
4 0 6.8925 18.0548 -10 7.0583 17.889 -10 6.4559 17.2021 -10 6.2698 17.3449 -10
4 0 10.7441 17.2021 -10 10.1417 17.889 -10 10.3075 18.0548 -10 10.9302 17.3449 -10
4 0 10.1417 17.889 -10 9.4548 18.4914 -10 9.5975 18.6775 -10 10.3075 18.0548 -10
4 0 8.8123 19.2021 -10 9.5975 18.6775 -10 9.4548 18.4914 -10 8.6951 18.9991 -10
4 0 8.6 19.32 -10 8.8123 19.2021 -10 8.6951 18.9991 -10 8.6 19.053 -10
4 0 7.0583 17.889 -10 6.8925 18.0548 -10 7.2 18.3245 -10 7.7452 18.4914 -10
4 0 7.7452 18.4914 -10 8.4 19.2089 -10 8.6 19.32 -10 8.5049 18.9991 -10
3 0 8.6 19.32 -10 8.6 19.053 -10 8.5049 18.9991 -10
4 0 8.4 19.2089 -10 7.7452 18.4914 -10 7.2 18.3245 -10 8.3877 19.2021 -10
3 0 7.2 18.3245 -10 7.6025 18.6775 -10 8.3877 19.2021 -10
0 // Black horse
3 0 8.481 10.003 -10 8.467 9.9925 -10 8.46 10.01 -10
3 0 8.684 10.0065 -10 8.6735 9.996 -10 8.6665 10.01 -10
4 0 8.481 10.003 -10 8.46 10.01 -10 8.4565 10.0345 -10 8.4915 10.024 -10
4 0 8.705 10.0275 -10 8.6945 10.017 -10 8.663 10.024 -10 8.6595 10.045 -10
4 0 8.6665 10.01 -10 8.663 10.024 -10 8.6945 10.017 -10 8.684 10.0065 -10
4 0 8.4915 10.024 -10 8.4565 10.0345 -10 8.4495 10.0625 -10 8.5055 10.0415 -10
4 0 8.719 10.0415 -10 8.705 10.0275 -10 8.6595 10.045 -10 8.6525 10.066 -10
4 0 8.733 10.0555 -10 8.719 10.0415 -10 8.6525 10.066 -10 8.6455 10.087 -10
4 0 8.5055 10.0415 -10 8.4495 10.0625 -10 8.439 10.0835 -10 8.5195 10.066 -10
4 0 8.425 10.101 -10 8.5405 10.0905 -10 8.5195 10.066 -10 8.439 10.0835 -10
4 0 8.7505 10.0695 -10 8.733 10.0555 -10 8.6455 10.087 -10 8.6385 10.1045 -10
4 0 8.418 10.1115 -10 8.5615 10.1185 -10 8.5405 10.0905 -10 8.425 10.101 -10
3 0 8.418 10.1115 -10 8.5755 10.143 -10 8.5615 10.1185 -10
4 0 8.789 10.0975 -10 8.768 10.0835 -10 8.6315 10.122 -10 8.628 10.1465 -10
4 0 8.6385 10.1045 -10 8.6315 10.122 -10 8.768 10.0835 -10 8.7505 10.0695 -10
4 0 8.88 10.85 -10 8.9045 10.2095 -10 8.88 10.178 -10 8.81 10.1115 -10
3 0 8.628 10.1465 -10 8.6315 10.1605 -10 8.789 10.0975 -10
4 0 8.642 10.178 -10 8.81 10.1115 -10 8.789 10.0975 -10 8.6315 10.1605 -10
4 0 8.418 10.1115 -10 8.418 10.1255 -10 8.5825 10.164 -10 8.5755 10.143 -10
4 0 8.2885 10.241 -10 8.3235 10.1745 -10 8.306 10.1745 -10 8.285 10.234 -10
3 0 8.88 10.178 -10 8.866 10.1605 -10 8.852 10.1465 -10
4 0 8.81 10.1115 -10 8.88 10.178 -10 8.852 10.1465 -10 8.831 10.1255 -10
3 0 8.586 10.1815 -10 8.5825 10.164 -10 8.418 10.1255 -10
3 0 8.4075 10.1885 -10 8.285 10.2515 -10 8.425 10.199 -10
3 0 8.642 10.178 -10 8.6525 10.192 -10 8.81 10.1115 -10
3 0 8.6525 10.192 -10 8.656 10.206 -10 8.81 10.1115 -10
4 0 8.586 10.1815 -10 8.418 10.1255 -10 8.4285 10.1395 -10 8.586 10.1955 -10
3 0 8.425 10.199 -10 8.285 10.2515 -10 8.439 10.206 -10
4 0 8.166 10.1885 -10 8.166 10.199 -10 8.1765 10.206 -10 8.1765 10.1885 -10
4 0 8.4565 10.164 -10 8.579 10.206 -10 8.586 10.1955 -10 8.4285 10.1395 -10
4 0 8.4985 10.192 -10 8.551 10.2095 -10 8.579 10.206 -10 8.4565 10.164 -10
3 0 8.656 10.206 -10 8.656 10.2165 -10 8.81 10.1115 -10
4 0 8.1765 10.1885 -10 8.1765 10.206 -10 8.1905 10.2095 -10 8.187 10.1885 -10
4 0 8.201 10.213 -10 8.201 10.1885 -10 8.187 10.1885 -10 8.1905 10.2095 -10
4 0 8.201 10.1885 -10 8.201 10.213 -10 8.2185 10.22 -10 8.2185 10.185 -10
4 0 8.383 10.1815 -10 8.3585 10.178 -10 8.285 10.2515 -10 8.4075 10.1885 -10
4 0 8.2185 10.185 -10 8.2185 10.22 -10 8.2395 10.2235 -10 8.2395 10.1815 -10
4 0 8.2395 10.1815 -10 8.2395 10.2235 -10 8.257 10.227 -10 8.2605 10.178 -10
4 0 8.2745 10.2305 -10 8.285 10.1745 -10 8.2605 10.178 -10 8.257 10.227 -10
4 0 8.285 10.234 -10 8.306 10.1745 -10 8.285 10.1745 -10 8.2745 10.2305 -10
4 0 8.3235 10.1745 -10 8.2885 10.241 -10 8.3585 10.178 -10 8.341 10.1745 -10
3 0 8.2885 10.241 -10 8.285 10.2515 -10 8.3585 10.178 -10
3 0 8.628 10.241 -10 8.6 10.4125 -10 8.649 10.2305 -10
4 0 8.999 10.3705 -10 8.9955 10.3635 -10 8.9185 10.227 -10 8.88 10.85 -10
3 0 8.5475 10.2515 -10 8.6 10.4125 -10 8.572 10.255 -10
3 0 8.6 10.2515 -10 8.6 10.4125 -10 8.628 10.241 -10
3 0 8.572 10.255 -10 8.6 10.4125 -10 8.6 10.2515 -10
4 0 9.104 10.269 -10 9.083 10.262 -10 9.0375 10.3425 -10 9.055 10.3495 -10
4 0 8.313 10.332 -10 8.334 10.3355 -10 8.362 10.3355 -10 8.292 10.325 -10
4 0 8.2675 10.318 -10 8.292 10.325 -10 8.362 10.3355 -10 8.285 10.2515 -10
3 0 8.1205 10.2935 -10 8.1555 10.2935 -10 8.166 10.255 -10
4 0 8.138 10.255 -10 8.103 10.297 -10 8.1205 10.2935 -10 8.166 10.255 -10
4 0 8.103 10.297 -10 8.138 10.255 -10 8.103 10.262 -10 8.082 10.3005 -10
4 0 8.166 10.255 -10 8.1555 10.2935 -10 8.1835 10.297 -10 8.201 10.2585 -10
4 0 8.0505 10.3005 -10 8.061 10.2795 -10 8.047 10.2865 -10 8.0435 10.297 -10
4 0 8.082 10.269 -10 8.0645 10.3005 -10 8.082 10.3005 -10 8.103 10.262 -10
4 0 8.061 10.2795 -10 8.0505 10.3005 -10 8.0645 10.3005 -10 8.082 10.269 -10
4 0 8.215 10.304 -10 8.2255 10.2585 -10 8.201 10.2585 -10 8.1835 10.297 -10
4 0 8.2255 10.2585 -10 8.215 10.304 -10 8.243 10.311 -10 8.2605 10.2585 -10
3 0 9.1705 10.3145 -10 9.104 10.269 -10 9.188 10.332 -10
3 0 8.2745 10.255 -10 8.2605 10.2585 -10 8.243 10.311 -10
4 0 8.285 10.2515 -10 8.2745 10.255 -10 8.243 10.311 -10 8.2675 10.318 -10
3 0 9.188 10.332 -10 9.104 10.269 -10 9.2055 10.3495 -10
4 0 8.285 10.2515 -10 8.362 10.3355 -10 8.3725 10.3425 -10 8.6 10.4125 -10
4 0 9.0375 10.3425 -10 9.083 10.262 -10 9.062 10.255 -10 9.006 10.2445 -10
4 0 9.006 10.2445 -10 8.9745 10.2445 -10 9.013 10.346 -10 9.0375 10.3425 -10
3 0 9.055 10.3495 -10 9.069 10.36 -10 9.104 10.269 -10
4 0 8.9745 10.2445 -10 8.9535 10.2515 -10 9.0025 10.353 -10 9.013 10.346 -10
3 0 9.069 10.36 -10 9.076 10.3705 -10 9.104 10.269 -10
4 0 9.153 10.297 -10 9.132 10.283 -10 9.104 10.269 -10 9.1705 10.3145 -10
4 0 8.9185 10.227 -10 8.9955 10.3635 -10 9.0025 10.353 -10 8.936 10.2445 -10
3 0 9.0025 10.353 -10 8.9535 10.2515 -10 8.936 10.2445 -10
3 0 9.076 10.3705 -10 9.083 10.381 -10 9.104 10.269 -10
4 0 8.3655 10.353 -10 8.355 10.36 -10 8.3795 10.374 -10 8.39 10.374 -10
4 0 8.348 10.3775 -10 8.362 10.3775 -10 8.341 10.3635 -10 8.3305 10.374 -10
4 0 8.362 10.3775 -10 8.3795 10.374 -10 8.355 10.36 -10 8.341 10.3635 -10
4 0 8.39 10.374 -10 8.4005 10.381 -10 8.6 10.4125 -10 8.3655 10.353 -10
3 0 9.083 10.381 -10 9.09 10.3915 -10 9.104 10.269 -10
3 0 8.411 10.3915 -10 8.6 10.4125 -10 8.4005 10.381 -10
3 0 8.404 10.402 -10 8.6 10.4125 -10 8.411 10.3915 -10
3 0 8.404 10.402 -10 8.376 10.416 -10 8.6 10.4125 -10
4 0 9.356 10.5665 -10 9.3525 10.556 -10 9.265 10.402 -10 9.3665 10.759 -10
4 0 8.656 10.2165 -10 8.649 10.2305 -10 8.6 10.4125 -10 8.81 10.1115 -10
4 0 8.474 10.22 -10 8.4565 10.213 -10 8.6 10.4125 -10 8.502 10.234 -10
4 0 8.285 10.2515 -10 8.6 10.4125 -10 8.4565 10.213 -10 8.439 10.206 -10
4 0 8.6 10.4125 -10 8.5475 10.2515 -10 8.53 10.2445 -10 8.502 10.234 -10
3 0 8.6 10.4125 -10 8.3725 10.3425 -10 8.3655 10.353 -10
3 0 8.6 10.4125 -10 8.5335 10.5105 -10 8.5475 10.5105 -10
4 0 9.5415 10.4895 -10 9.566 10.4895 -10 9.5415 10.4055 -10 9.5135 10.409 -10
4 0 9.566 10.4895 -10 9.5905 10.4895 -10 9.573 10.409 -10 9.5415 10.4055 -10
4 0 9.5135 10.409 -10 9.482 10.4125 -10 9.524 10.493 -10 9.5415 10.4895 -10
4 0 9.573 10.409 -10 9.5905 10.4895 -10 9.6045 10.493 -10 9.601 10.423 -10
4 0 9.482 10.4125 -10 9.447 10.4125 -10 9.4925 10.5 -10 9.524 10.493 -10
3 0 9.6255 10.437 -10 9.601 10.423 -10 9.6045 10.493 -10
4 0 9.65 10.4545 -10 9.6255 10.437 -10 9.6045 10.493 -10 9.6185 10.5 -10
4 0 8.6 10.4125 -10 8.376 10.416 -10 8.5195 10.5105 -10 8.5335 10.5105 -10
3 0 8.5475 10.5105 -10 8.5615 10.514 -10 8.6 10.4125 -10
4 0 9.09 10.5105 -10 9.1145 10.507 -10 9.062 10.3985 -10 9.048 10.395 -10
4 0 9.4645 10.5105 -10 9.4925 10.5 -10 9.447 10.4125 -10 9.412 10.4125 -10
4 0 9.6185 10.5 -10 9.6325 10.507 -10 9.6675 10.4755 -10 9.65 10.4545 -10
4 0 9.664 10.5105 -10 9.6675 10.4755 -10 9.6325 10.507 -10 9.65 10.5105 -10
3 0 9.664 10.5105 -10 9.6745 10.493 -10 9.6675 10.4755 -10
3 0 8.5615 10.514 -10 8.579 10.521 -10 8.6 10.4125 -10
4 0 9.062 10.3985 -10 9.1145 10.507 -10 9.132 10.514 -10 9.083 10.3985 -10
4 0 9.048 10.395 -10 9.0305 10.388 -10 9.0795 10.5175 -10 9.09 10.5105 -10
3 0 8.579 10.521 -10 8.593 10.5315 -10 8.6 10.4125 -10
4 0 9.146 10.5245 -10 9.09 10.3915 -10 9.083 10.3985 -10 9.132 10.514 -10
4 0 9.4225 10.5245 -10 9.4645 10.5105 -10 9.412 10.4125 -10 9.384 10.4125 -10
4 0 9.0725 10.528 -10 9.0795 10.5175 -10 9.0305 10.388 -10 9.013 10.381 -10
4 0 8.2745 10.451 -10 8.376 10.416 -10 8.3445 10.423 -10 8.306 10.437 -10
4 0 8.5195 10.5105 -10 8.376 10.416 -10 8.2745 10.451 -10 8.509 10.521 -10
3 0 8.2745 10.451 -10 8.411 10.612 -10 8.425 10.598 -10
3 0 8.2745 10.451 -10 8.404 10.6225 -10 8.411 10.612 -10
4 0 8.2745 10.5595 -10 8.4005 10.633 -10 8.404 10.6225 -10 8.2745 10.451 -10
4 0 9.153 10.535 -10 9.104 10.269 -10 9.09 10.3915 -10 9.146 10.5245 -10
4 0 9.384 10.4125 -10 9.342 10.4125 -10 9.391 10.535 -10 9.4225 10.5245 -10
4 0 9.342 10.4125 -10 9.314 10.409 -10 9.377 10.542 -10 9.391 10.535 -10
4 0 8.236 10.472 -10 8.264 10.5525 -10 8.271 10.549 -10 8.2745 10.451 -10
3 0 8.271 10.549 -10 8.2745 10.5595 -10 8.2745 10.451 -10
4 0 9.314 10.409 -10 9.2825 10.4055 -10 9.363 10.549 -10 9.377 10.542 -10
3 0 9.167 10.556 -10 9.244 10.388 -10 9.16 10.5455 -10
4 0 9.2825 10.4055 -10 9.265 10.402 -10 9.3525 10.556 -10 9.363 10.549 -10
4 0 8.264 10.5525 -10 8.236 10.472 -10 8.215 10.4825 -10 8.2535 10.5595 -10
4 0 8.81 10.1115 -10 8.607 10.5455 -10 8.614 10.563 -10 8.88 10.85 -10
4 0 8.2535 10.5595 -10 8.215 10.4825 -10 8.201 10.493 -10 8.2395 10.57 -10
4 0 8.18 10.507 -10 8.2255 10.5805 -10 8.2395 10.57 -10 8.201 10.493 -10
4 0 9.2055 10.3495 -10 9.104 10.269 -10 9.153 10.535 -10 9.23 10.374 -10
4 0 9.23 10.374 -10 9.153 10.535 -10 9.16 10.5455 -10 9.244 10.388 -10
4 0 9.167 10.556 -10 9.209 10.7065 -10 9.223 10.7065 -10 9.244 10.388 -10
4 0 8.516 10.5315 -10 8.467 10.5735 -10 8.495 10.57 -10 8.5265 10.5315 -10
4 0 8.5265 10.5315 -10 8.495 10.57 -10 8.5475 10.535 -10 8.537 10.5315 -10
3 0 8.6175 10.5735 -10 8.88 10.85 -10 8.614 10.563 -10
4 0 8.1625 10.521 -10 8.2045 10.5945 -10 8.2255 10.5805 -10 8.18 10.507 -10
4 0 8.495 10.57 -10 8.5195 10.5735 -10 8.558 10.5385 -10 8.5475 10.535 -10
4 0 8.572 10.5455 -10 8.558 10.5385 -10 8.5195 10.5735 -10 8.537 10.5805 -10
4 0 8.467 10.5735 -10 8.516 10.5315 -10 8.509 10.521 -10 8.446 10.584 -10
4 0 8.2745 10.451 -10 8.425 10.598 -10 8.446 10.584 -10 8.509 10.521 -10
4 0 8.5825 10.5525 -10 8.572 10.5455 -10 8.537 10.5805 -10 8.551 10.591 -10
3 0 8.2535 10.5945 -10 8.341 10.843 -10 8.2675 10.5735 -10
4 0 8.2045 10.5945 -10 8.1625 10.521 -10 8.1345 10.5385 -10 8.1835 10.6085 -10
3 0 8.152 10.626 -10 8.1835 10.6085 -10 8.1345 10.5385 -10
3 0 8.236 10.6155 -10 8.341 10.843 -10 8.2535 10.5945 -10
4 0 8.551 10.591 -10 8.5615 10.605 -10 8.593 10.563 -10 8.5825 10.5525 -10
4 0 8.6 10.57 -10 8.593 10.563 -10 8.5615 10.605 -10 8.572 10.6225 -10
4 0 8.1345 10.5385 -10 8.096 10.556 -10 8.1275 10.64 -10 8.152 10.626 -10
3 0 8.215 10.6365 -10 8.341 10.843 -10 8.236 10.6155 -10
4 0 8.4845 10.647 -10 8.4635 10.6435 -10 8.4495 10.6435 -10 8.341 10.843 -10
3 0 8.4845 10.647 -10 8.474 10.6435 -10 8.4635 10.6435 -10
4 0 8.096 10.556 -10 8.068 10.57 -10 8.0995 10.6505 -10 8.1275 10.64 -10
4 0 8.068 10.57 -10 8.0365 10.584 -10 8.075 10.661 -10 8.0995 10.6505 -10
3 0 8.404 10.6505 -10 8.341 10.843 -10 8.418 10.6505 -10
4 0 8.614 10.5805 -10 8.607 10.577 -10 8.579 10.6365 -10 8.586 10.654 -10
4 0 8.572 10.6225 -10 8.579 10.6365 -10 8.607 10.577 -10 8.6 10.57 -10
4 0 8.0365 10.584 -10 8.005 10.598 -10 8.04 10.675 -10 8.075 10.661 -10
3 0 8.586 10.654 -10 8.5895 10.6715 -10 8.614 10.5805 -10
3 0 8.523 10.6785 -10 8.341 10.843 -10 8.5335 10.689 -10
4 0 7.998 10.689 -10 8.0155 10.682 -10 7.9665 10.612 -10 7.928 10.626 -10
4 0 8.005 10.598 -10 7.9665 10.612 -10 8.0155 10.682 -10 8.04 10.675 -10
4 0 7.984 10.6925 -10 7.998 10.689 -10 7.928 10.626 -10 7.886 10.6435 -10
3 0 8.5335 10.689 -10 8.341 10.843 -10 8.5405 10.696 -10
3 0 7.711 10.6785 -10 7.669 10.6925 -10 8.04 10.78 -10
4 0 7.9665 10.696 -10 7.984 10.6925 -10 7.886 10.6435 -10 7.858 10.654 -10
3 0 8.5405 10.696 -10 8.341 10.843 -10 8.551 10.703 -10
3 0 8.0785 10.6995 -10 8.04 10.78 -10 8.103 10.6925 -10
3 0 9.125 10.5595 -10 9.111 10.6995 -10 9.1215 10.6995 -10
3 0 9.1285 10.6995 -10 9.16 10.563 -10 9.139 10.563 -10
4 0 9.125 10.5595 -10 9.1215 10.6995 -10 9.1285 10.6995 -10 9.139 10.563 -10
4 0 7.963 10.71 -10 7.956 10.703 -10 7.823 10.6645 -10 7.7915 10.6715 -10
4 0 7.858 10.654 -10 7.823 10.6645 -10 7.956 10.703 -10 7.9665 10.696 -10
4 0 8.341 10.843 -10 8.88 10.85 -10 8.565 10.7065 -10 8.551 10.703 -10
4 0 9.104 10.703 -10 9.111 10.6995 -10 9.125 10.5595 -10 9.1075 10.5525 -10
4 0 9.139 10.703 -10 9.167 10.556 -10 9.16 10.563 -10 9.1285 10.6995 -10
3 0 8.0505 10.7065 -10 8.04 10.78 -10 8.0785 10.6995 -10
3 0 8.579 10.7065 -10 8.88 10.85 -10 8.586 10.6925 -10
3 0 9.167 10.556 -10 9.1845 10.7065 -10 9.209 10.7065 -10
4 0 7.669 10.8605 -10 7.6795 10.871 -10 7.669 10.6925 -10 7.613 10.731 -10
3 0 7.669 10.6925 -10 7.6375 10.71 -10 7.613 10.731 -10
4 0 8.04 10.78 -10 7.963 10.71 -10 7.7915 10.6715 -10 7.711 10.6785 -10
3 0 7.963 10.71 -10 8.04 10.78 -10 7.977 10.71 -10
3 0 7.977 10.71 -10 8.04 10.78 -10 7.9945 10.71 -10
3 0 7.9945 10.71 -10 8.04 10.78 -10 8.019 10.71 -10
3 0 8.019 10.71 -10 8.04 10.78 -10 8.0505 10.7065 -10
4 0 9.139 10.703 -10 9.153 10.7065 -10 9.1845 10.7065 -10 9.167 10.556 -10
3 0 9.153 10.7065 -10 9.167 10.71 -10 9.1845 10.7065 -10
4 0 9.244 10.388 -10 9.223 10.7065 -10 9.2405 10.71 -10 9.258 10.71 -10
3 0 9.258 10.71 -10 9.2755 10.7135 -10 9.244 10.388 -10
3 0 9.2755 10.7135 -10 9.286 10.717 -10 9.244 10.388 -10
3 0 9.104 10.703 -10 9.1075 10.5525 -10 9.09 10.5455 -10
3 0 9.293 10.7345 -10 9.3665 10.78 -10 9.363 10.766 -10
4 0 9.0725 10.528 -10 9.09 10.738 -10 9.097 10.7205 -10 9.076 10.535 -10
4 0 9.104 10.703 -10 9.09 10.5455 -10 9.076 10.535 -10 9.097 10.7205 -10
4 0 9.0725 10.528 -10 8.88 10.85 -10 9.09 10.7695 -10 9.09 10.738 -10
4 0 9.4715 10.598 -10 9.433 10.584 -10 9.377 10.752 -10 9.405 10.752 -10
4 0 9.377 10.752 -10 9.433 10.584 -10 9.398 10.577 -10 9.3665 10.759 -10
3 0 9.244 10.388 -10 9.286 10.717 -10 9.293 10.724 -10
4 0 9.265 10.402 -10 9.244 10.388 -10 9.293 10.724 -10 9.3665 10.759 -10
4 0 9.3665 10.759 -10 9.398 10.577 -10 9.3735 10.57 -10 9.356 10.5665 -10
4 0 9.5065 10.612 -10 9.4715 10.598 -10 9.405 10.752 -10 9.44 10.7625 -10
4 0 9.293 10.724 -10 9.293 10.7345 -10 9.363 10.766 -10 9.3665 10.759 -10
4 0 8.04 10.78 -10 8.166 10.668 -10 8.138 10.6785 -10 8.103 10.6925 -10
3 0 8.04 10.78 -10 7.921 10.969 -10 7.935 10.9655 -10
3 0 8.04 10.78 -10 7.9105 10.976 -10 7.921 10.969 -10
4 0 9.58 10.654 -10 9.5415 10.6295 -10 9.4785 10.773 -10 9.5275 10.787 -10
4 0 9.44 10.7625 -10 9.4785 10.773 -10 9.5415 10.6295 -10 9.5065 10.612 -10
3 0 9.3875 10.801 -10 9.2685 10.9375 -10 9.4085 10.8115 -10
4 0 9.6115 10.675 -10 9.58 10.654 -10 9.5275 10.787 -10 9.5695 10.801 -10
4 0 9.797 10.8185 -10 9.8145 10.8185 -10 9.818 10.738 -10 9.797 10.7275 -10
4 0 9.7795 10.822 -10 9.797 10.8185 -10 9.797 10.7275 -10 9.776 10.7205 -10
3 0 9.846 10.752 -10 9.818 10.738 -10 9.8145 10.8185 -10
4 0 9.867 10.766 -10 9.846 10.752 -10 9.8145 10.8185 -10 9.8355 10.822 -10
4 0 9.671 10.71 -10 9.643 10.696 -10 9.6185 10.8185 -10 9.65 10.8255 -10
4 0 9.5695 10.801 -10 9.6185 10.8185 -10 9.643 10.696 -10 9.6115 10.675 -10
4 0 9.776 10.7205 -10 9.755 10.717 -10 9.762 10.8255 -10 9.7795 10.822 -10
3 0 9.65 10.8255 -10 9.678 10.829 -10 9.671 10.71 -10
4 0 9.678 10.829 -10 9.706 10.829 -10 9.692 10.717 -10 9.671 10.71 -10
4 0 9.706 10.829 -10 9.7375 10.829 -10 9.727 10.717 -10 9.692 10.717 -10
4 0 9.7375 10.829 -10 9.762 10.8255 -10 9.755 10.717 -10 9.727 10.717 -10
4 0 9.888 10.78 -10 9.867 10.766 -10 9.8355 10.822 -10 9.86 10.829 -10
3 0 8.4495 10.6435 -10 8.439 10.6435 -10 8.4285 10.647 -10
4 0 8.418 10.6505 -10 8.341 10.843 -10 8.4495 10.6435 -10 8.4285 10.647 -10
3 0 8.341 10.843 -10 8.404 10.6505 -10 8.4005 10.633 -10
4 0 8.2675 10.5735 -10 8.341 10.843 -10 8.4005 10.633 -10 8.2745 10.5595 -10
3 0 8.1905 10.654 -10 8.166 10.668 -10 8.04 10.78 -10
4 0 8.215 10.6365 -10 8.1905 10.654 -10 8.04 10.78 -10 8.341 10.843 -10
4 0 8.4845 10.647 -10 8.341 10.843 -10 8.5055 10.661 -10 8.4915 10.6505 -10
3 0 8.5055 10.661 -10 8.4985 10.654 -10 8.4915 10.6505 -10
4 0 8.516 10.668 -10 8.5055 10.661 -10 8.341 10.843 -10 8.523 10.6785 -10
3 0 8.341 10.843 -10 8.6035 10.92 -10 8.614 10.913 -10
4 0 8.6035 10.92 -10 8.341 10.843 -10 8.558 10.9585 -10 8.593 10.9305 -10
3 0 8.558 10.9585 -10 8.572 10.948 -10 8.593 10.9305 -10
3 0 8.341 10.843 -10 8.544 10.969 -10 8.558 10.9585 -10
4 0 8.4845 11.011 -10 8.5125 10.9935 -10 8.341 10.843 -10 8.467 11.0215 -10
3 0 8.341 10.843 -10 8.4075 11.0495 -10 8.4285 11.039 -10
3 0 8.341 10.843 -10 8.3935 11.0565 -10 8.4075 11.0495 -10
4 0 7.578 10.773 -10 7.5605 10.7975 -10 7.62 10.8465 -10 7.6375 10.843 -10
3 0 7.5955 10.7485 -10 7.578 10.773 -10 7.6375 10.843 -10
4 0 8.593 10.5315 -10 8.607 10.5455 -10 8.81 10.1115 -10 8.6 10.4125 -10
3 0 8.88 10.85 -10 8.9185 10.227 -10 8.9045 10.2095 -10
4 0 9.013 10.381 -10 8.999 10.3705 -10 8.88 10.85 -10 9.0725 10.528 -10
3 0 8.614 10.5805 -10 8.5895 10.6715 -10 8.586 10.6925 -10
4 0 8.6175 10.5735 -10 8.614 10.5805 -10 8.586 10.6925 -10 8.88 10.85 -10
3 0 8.88 10.85 -10 8.579 10.7065 -10 8.565 10.7065 -10
4 0 9.097 10.773 -10 9.09 10.7695 -10 8.88 10.85 -10 9.104 10.78 -10
4 0 8.7645 11.018 -10 8.803 11.095 -10 8.8065 11.095 -10 8.88 10.85 -10
4 0 9.86 10.829 -10 9.8845 10.843 -10 9.909 10.794 -10 9.888 10.78 -10
4 0 9.93 10.8115 -10 9.909 10.794 -10 9.8845 10.843 -10 9.9055 10.8535 -10
4 0 7.6025 10.857 -10 7.62 10.8465 -10 7.5605 10.7975 -10 7.5465 10.822 -10
3 0 7.655 10.85 -10 7.669 10.8605 -10 7.613 10.731 -10
4 0 7.6375 10.843 -10 7.655 10.85 -10 7.613 10.731 -10 7.5955 10.7485 -10
4 0 9.9475 10.8255 -10 9.93 10.8115 -10 9.9055 10.8535 -10 9.9265 10.864 -10
4 0 7.592 10.871 -10 7.6025 10.857 -10 7.5465 10.822 -10 7.529 10.85 -10
4 0 9.181 10.752 -10 9.1635 10.759 -10 9.195 10.8815 -10 9.2195 10.8815 -10
4 0 9.2195 10.8815 -10 9.23 10.7345 -10 9.216 10.738 -10 9.2055 10.7415 -10
4 0 9.2195 10.8815 -10 9.2055 10.7415 -10 9.195 10.745 -10 9.181 10.752 -10
4 0 9.9265 10.864 -10 9.9475 10.8745 -10 9.9615 10.836 -10 9.9475 10.8255 -10
4 0 9.979 10.8465 -10 9.9615 10.836 -10 9.9475 10.8745 -10 9.965 10.8815 -10
3 0 9.195 10.8815 -10 9.1635 10.759 -10 9.146 10.766 -10
4 0 9.132 10.773 -10 9.181 10.885 -10 9.195 10.8815 -10 9.146 10.766 -10
4 0 9.23 10.7345 -10 9.2195 10.8815 -10 9.2335 10.8885 -10 9.244 10.7345 -10
4 0 9.965 10.8815 -10 9.979 10.885 -10 9.993 10.857 -10 9.979 10.8465 -10
3 0 10.007 10.8885 -10 10.0035 10.8675 -10 9.993 10.857 -10
4 0 9.979 10.885 -10 9.9965 10.8885 -10 10.007 10.8885 -10 9.993 10.857 -10
4 0 10.014 10.878 -10 10.0035 10.8675 -10 10.007 10.8885 -10 10.014 10.885 -10
4 0 7.529 10.85 -10 7.5185 10.871 -10 7.578 10.892 -10 7.592 10.871 -10
3 0 9.132 10.773 -10 9.167 10.892 -10 9.181 10.885 -10
4 0 9.2475 10.899 -10 9.258 10.738 -10 9.244 10.7345 -10 9.2335 10.8885 -10
3 0 7.6795 10.9025 -10 7.7775 11.0145 -10 7.683 10.885 -10
4 0 9.1635 10.9095 -10 9.118 10.78 -10 9.104 10.78 -10 8.88 10.85 -10
4 0 9.1635 10.9095 -10 9.167 10.892 -10 9.132 10.773 -10 9.118 10.78 -10
3 0 7.571 10.913 -10 7.578 10.892 -10 7.5185 10.871 -10
3 0 7.5185 10.871 -10 7.5045 10.9025 -10 7.4975 10.9305 -10
4 0 8.88 10.85 -10 8.341 10.843 -10 8.614 10.913 -10 8.621 10.913 -10
3 0 9.272 10.738 -10 9.258 10.738 -10 9.2475 10.899 -10
4 0 9.202 10.927 -10 9.188 10.92 -10 9.1985 11.018 -10 9.2265 11.018 -10
4 0 9.2475 10.899 -10 9.258 10.913 -10 9.286 10.738 -10 9.272 10.738 -10
4 0 9.293 10.7345 -10 9.286 10.738 -10 9.258 10.913 -10 9.265 10.9235 -10
4 0 7.5185 10.871 -10 7.4975 10.9305 -10 7.5675 10.9305 -10 7.571 10.913 -10
3 0 9.265 10.9235 -10 9.2685 10.9375 -10 9.293 10.7345 -10
3 0 9.3735 10.7905 -10 9.3665 10.78 -10 9.293 10.7345 -10
4 0 9.3875 10.801 -10 9.3735 10.7905 -10 9.293 10.7345 -10 9.2685 10.9375 -10
3 0 9.475 10.843 -10 9.4435 10.8255 -10 9.4085 10.8115 -10
3 0 9.538 10.8885 -10 9.5065 10.8605 -10 9.475 10.843 -10
4 0 9.4085 10.8115 -10 9.2685 10.9375 -10 9.538 10.8885 -10 9.475 10.843 -10
3 0 8.572 10.948 -10 8.586 10.9375 -10 8.593 10.9305 -10
3 0 7.5885 10.9655 -10 7.5815 11.074 -10 7.5955 10.9585 -10
3 0 7.5815 10.969 -10 7.5815 11.074 -10 7.5885 10.9655 -10
3 0 7.9455 10.969 -10 7.9525 10.976 -10 8.341 10.843 -10
4 0 7.935 10.9655 -10 7.9455 10.969 -10 8.341 10.843 -10 8.04 10.78 -10
3 0 7.5675 10.9305 -10 7.4975 10.9305 -10 7.494 10.955 -10
4 0 7.7775 11.0145 -10 7.8055 11.025 -10 7.9 11.004 -10 7.9035 10.9865 -10
4 0 8.5125 10.9935 -10 8.5265 10.983 -10 8.544 10.969 -10 8.341 10.843 -10
4 0 7.494 10.955 -10 7.494 10.983 -10 7.564 10.948 -10 7.5675 10.9305 -10
3 0 8.4845 11.011 -10 8.502 11.0005 -10 8.5125 10.9935 -10
4 0 7.6795 10.871 -10 7.683 10.885 -10 7.7775 11.0145 -10 7.669 10.6925 -10
4 0 7.669 10.6925 -10 7.7775 11.0145 -10 7.9035 10.9865 -10 8.04 10.78 -10
4 0 8.621 10.913 -10 8.7575 11.0145 -10 8.7645 11.018 -10 8.88 10.85 -10
3 0 8.621 10.913 -10 8.754 11.018 -10 8.7575 11.0145 -10
4 0 9.58 10.941 -10 9.566 10.9165 -10 9.5065 11.0145 -10 9.5205 11.018 -10
4 0 9.4995 11.018 -10 9.5065 11.0145 -10 9.566 10.9165 -10 9.538 10.8885 -10
4 0 7.6795 10.9025 -10 7.676 10.906 -10 7.7635 11.0215 -10 7.7775 11.0145 -10
4 0 7.9035 11.0145 -10 7.9 11.004 -10 7.8055 11.025 -10 7.809 11.046 -10
4 0 9.188 10.92 -10 9.174 10.913 -10 9.181 11.025 -10 9.1985 11.018 -10
4 0 9.2195 10.9305 -10 9.202 10.927 -10 9.2265 11.018 -10 9.2405 11.025 -10
4 0 7.508 11.0495 -10 7.5675 10.9585 -10 7.4975 11.0075 -10 7.501 11.0285 -10
4 0 7.494 10.983 -10 7.4975 11.0075 -10 7.5675 10.9585 -10 7.564 10.948 -10
4 0 7.676 10.906 -10 7.669 10.9095 -10 7.7425 11.0285 -10 7.7635 11.0215 -10
4 0 8.747 11.0285 -10 8.7505 11.025 -10 8.754 11.018 -10 8.621 10.913 -10
3 0 9.4995 11.018 -10 9.538 10.8885 -10 9.2685 10.9375 -10
4 0 9.5975 10.9585 -10 9.58 10.941 -10 9.5205 11.018 -10 9.5345 11.0285 -10
4 0 9.1705 11.0355 -10 9.181 11.025 -10 9.174 10.913 -10 9.1635 10.9095 -10
4 0 9.2335 10.934 -10 9.2195 10.9305 -10 9.2405 11.025 -10 9.251 11.0355 -10
3 0 7.7425 11.0285 -10 7.669 10.9095 -10 7.655 10.913 -10
4 0 8.4285 11.039 -10 8.446 11.032 -10 8.467 11.0215 -10 8.341 10.843 -10
4 0 7.7425 11.0285 -10 7.655 10.913 -10 7.6445 10.92 -10 7.718 11.039 -10
3 0 7.851 11.144 -10 7.9175 11.018 -10 7.9035 11.0145 -10
4 0 7.802 11.0565 -10 7.851 11.144 -10 7.9035 11.0145 -10 7.809 11.046 -10
3 0 8.7435 11.0355 -10 8.747 11.0285 -10 8.621 10.913 -10
3 0 9.1705 11.0495 -10 9.1705 11.0355 -10 9.1635 10.9095 -10
4 0 7.613 10.941 -10 7.6515 11.0565 -10 7.6935 11.046 -10 7.627 10.9305 -10
4 0 7.718 11.039 -10 7.6445 10.92 -10 7.627 10.9305 -10 7.6935 11.046 -10
3 0 8.7155 11.06 -10 8.726 11.053 -10 8.733 11.046 -10
3 0 8.705 11.067 -10 8.7155 11.06 -10 8.733 11.046 -10
4 0 8.7435 11.0355 -10 8.621 10.913 -10 8.705 11.067 -10 8.733 11.046 -10
4 0 9.251 11.0355 -10 9.265 11.0495 -10 9.251 10.9375 -10 9.2335 10.934 -10
4 0 9.2685 10.9375 -10 9.251 10.9375 -10 9.265 11.0495 -10 9.272 11.06 -10
4 0 9.5345 11.0285 -10 9.5555 11.0495 -10 9.615 10.9725 -10 9.5975 10.9585 -10
4 0 7.6025 10.9515 -10 7.62 11.067 -10 7.6515 11.0565 -10 7.613 10.941 -10
4 0 7.5955 10.9585 -10 7.5815 11.074 -10 7.62 11.067 -10 7.6025 10.9515 -10
3 0 8.705 11.067 -10 8.621 10.913 -10 8.621 10.92 -10
4 0 7.508 11.0495 -10 7.522 11.0705 -10 7.571 10.9655 -10 7.5675 10.9585 -10
4 0 7.522 11.0705 -10 7.5395 11.0775 -10 7.5815 11.074 -10 7.571 10.9655 -10
3 0 7.5815 11.074 -10 7.5815 10.969 -10 7.571 10.9655 -10
3 0 9.272 11.06 -10 9.279 11.0775 -10 9.2685 10.9375 -10
3 0 9.279 11.0775 -10 9.3875 11.179 -10 9.405 11.1755 -10
3 0 9.279 11.0775 -10 9.3735 11.1825 -10 9.3875 11.179 -10
4 0 8.6105 10.9375 -10 8.684 11.081 -10 8.6945 11.074 -10 8.6175 10.927 -10
4 0 8.705 11.067 -10 8.621 10.92 -10 8.6175 10.927 -10 8.6945 11.074 -10
4 0 9.65 10.99 -10 9.6325 10.983 -10 9.573 11.0635 -10 9.5975 11.081 -10
4 0 9.5555 11.0495 -10 9.573 11.0635 -10 9.6325 10.983 -10 9.615 10.9725 -10
4 0 9.846 11.0285 -10 9.8145 11.018 -10 9.7865 11.011 -10 9.825 11.0845 -10
3 0 9.7865 11.011 -10 9.8005 11.088 -10 9.825 11.0845 -10
3 0 8.6105 10.9375 -10 8.67 11.0915 -10 8.684 11.081 -10
3 0 8.8065 11.095 -10 8.81 11.102 -10 8.88 10.85 -10
4 0 9.7725 11.095 -10 9.8005 11.088 -10 9.7865 11.011 -10 9.762 11.004 -10
4 0 9.825 11.0845 -10 9.8495 11.088 -10 9.874 11.039 -10 9.846 11.0285 -10
4 0 8.6525 11.0985 -10 8.67 11.0915 -10 8.6105 10.9375 -10 8.6 10.9515 -10
4 0 9.6815 10.997 -10 9.664 10.9935 -10 9.6185 11.0915 -10 9.636 11.0985 -10
4 0 9.5975 11.081 -10 9.6185 11.0915 -10 9.664 10.9935 -10 9.65 10.99 -10
3 0 9.636 11.0985 -10 9.664 11.102 -10 9.6815 10.997 -10
4 0 9.762 11.004 -10 9.734 11.0005 -10 9.741 11.102 -10 9.7725 11.095 -10
4 0 9.9195 11.067 -10 9.8985 11.053 -10 9.8705 11.095 -10 9.895 11.102 -10
4 0 9.8495 11.088 -10 9.8705 11.095 -10 9.8985 11.053 -10 9.874 11.039 -10
3 0 8.6525 11.0985 -10 8.6 10.9515 -10 8.586 10.969 -10
4 0 8.572 10.9865 -10 8.6385 11.1055 -10 8.6525 11.0985 -10 8.586 10.969 -10
4 0 8.803 11.095 -10 8.7645 11.018 -10 8.7645 11.0285 -10 8.796 11.0985 -10
4 0 9.706 11.1055 -10 9.706 10.997 -10 9.6815 10.997 -10 9.664 11.102 -10
4 0 9.706 11.1055 -10 9.741 11.102 -10 9.734 11.0005 -10 9.706 10.997 -10
4 0 8.5545 11.0075 -10 8.6315 11.109 -10 8.6385 11.1055 -10 8.572 10.9865 -10
3 0 8.5545 11.0075 -10 8.628 11.1125 -10 8.6315 11.109 -10
4 0 8.796 11.0985 -10 8.7645 11.0285 -10 8.761 11.039 -10 8.789 11.1055 -10
4 0 8.7505 11.067 -10 8.7715 11.116 -10 8.7785 11.1125 -10 8.7575 11.053 -10
4 0 8.789 11.1055 -10 8.761 11.039 -10 8.7575 11.053 -10 8.7785 11.1125 -10
4 0 9.895 11.102 -10 9.909 11.109 -10 9.9335 11.0775 -10 9.9195 11.067 -10
4 0 7.949 10.9935 -10 7.9385 11.0075 -10 7.921 11.1265 -10 7.956 11.1265 -10
4 0 7.928 11.0145 -10 7.886 11.13 -10 7.921 11.1265 -10 7.9385 11.0075 -10
4 0 7.886 11.13 -10 7.928 11.0145 -10 7.9175 11.018 -10 7.851 11.144 -10
4 0 8.7715 11.116 -10 8.7505 11.067 -10 8.74 11.0775 -10 8.761 11.123 -10
4 0 8.7225 11.088 -10 8.747 11.13 -10 8.761 11.123 -10 8.74 11.0775 -10
4 0 9.909 11.109 -10 9.923 11.116 -10 9.9475 11.088 -10 9.9335 11.0775 -10
4 0 9.958 11.0985 -10 9.9475 11.088 -10 9.923 11.116 -10 9.9405 11.13 -10
3 0 8.0085 11.13 -10 8.0505 11.137 -10 7.9525 10.983 -10
4 0 7.956 11.1265 -10 8.0085 11.13 -10 7.9525 10.983 -10 7.949 10.9935 -10
4 0 8.691 11.102 -10 8.7295 11.137 -10 8.7365 11.1335 -10 8.705 11.0985 -10
4 0 8.747 11.13 -10 8.7225 11.088 -10 8.705 11.0985 -10 8.7365 11.1335 -10
3 0 8.796 11.137 -10 8.88 11.55 -10 8.803 11.1195 -10
3 0 8.691 11.102 -10 8.7155 11.1405 -10 8.7295 11.137 -10
4 0 7.9525 10.976 -10 7.9525 10.983 -10 8.0505 11.137 -10 8.341 10.843 -10
3 0 8.0505 11.137 -10 8.096 11.144 -10 8.341 10.843 -10
3 0 8.096 11.144 -10 8.145 11.1545 -10 8.341 10.843 -10
4 0 8.6945 11.1475 -10 8.7155 11.1405 -10 8.691 11.102 -10 8.6735 11.109 -10
3 0 8.789 11.151 -10 8.88 11.55 -10 8.796 11.137 -10
4 0 9.9405 11.13 -10 9.951 11.1405 -10 9.979 11.116 -10 9.958 11.0985 -10
4 0 9.9895 11.1265 -10 9.979 11.116 -10 9.951 11.1405 -10 9.9615 11.151 -10
4 0 7.781 11.067 -10 7.8265 11.1545 -10 7.851 11.144 -10 7.802 11.0565 -10
3 0 8.145 11.1545 -10 8.194 11.1685 -10 8.341 10.843 -10
4 0 8.67 11.1545 -10 8.6945 11.1475 -10 8.6735 11.109 -10 8.6595 11.1125 -10
4 0 9.2405 11.074 -10 9.2265 11.0705 -10 9.2195 11.1545 -10 9.2405 11.1545 -10
4 0 9.2125 11.067 -10 9.202 11.158 -10 9.2195 11.1545 -10 9.2265 11.0705 -10
4 0 8.6595 11.1125 -10 8.6455 11.116 -10 8.6385 11.1615 -10 8.67 11.1545 -10
3 0 8.775 11.1615 -10 8.88 11.55 -10 8.789 11.151 -10
4 0 9.1985 11.0635 -10 9.188 11.1615 -10 9.202 11.158 -10 9.2125 11.067 -10
4 0 9.188 11.1615 -10 9.1985 11.0635 -10 9.1845 11.0565 -10 9.1775 11.1685 -10
4 0 8.6455 11.116 -10 8.635 11.116 -10 8.621 11.165 -10 8.6385 11.1615 -10
4 0 9.9615 11.151 -10 9.9685 11.158 -10 10 11.1405 -10 9.9895 11.1265 -10
4 0 10.0035 11.158 -10 10 11.1405 -10 9.9685 11.158 -10 9.9755 11.165 -10
3 0 7.6235 11.1125 -10 7.6095 11.1265 -10 7.6165 11.151 -10
4 0 8.635 11.116 -10 8.628 11.1125 -10 8.6175 11.1685 -10 8.621 11.165 -10
3 0 8.6175 11.1685 -10 8.5545 11.298 -10 8.621 11.1755 -10
3 0 8.7645 11.1685 -10 8.88 11.55 -10 8.775 11.1615 -10
4 0 9.1775 11.1685 -10 9.1845 11.0565 -10 9.1705 11.0495 -10 9.174 11.179 -10
3 0 8.74 11.172 -10 8.88 11.55 -10 8.7645 11.1685 -10
4 0 9.279 11.0775 -10 9.2615 11.0775 -10 9.2545 11.1615 -10 9.2685 11.172 -10
4 0 9.2405 11.1545 -10 9.2545 11.1615 -10 9.2615 11.0775 -10 9.2405 11.074 -10
4 0 10.0035 11.1685 -10 10.0035 11.158 -10 9.9755 11.165 -10 9.979 11.172 -10
3 0 8.621 11.1755 -10 8.5545 11.298 -10 8.635 11.1755 -10
3 0 8.635 11.1755 -10 8.5545 11.298 -10 8.6525 11.1755 -10
3 0 8.6525 11.1755 -10 8.5545 11.298 -10 8.6805 11.1755 -10
4 0 9.4995 11.018 -10 9.2685 10.9375 -10 9.279 11.0775 -10 9.496 11.0285 -10
4 0 9.405 11.1755 -10 9.426 11.1755 -10 9.496 11.0285 -10 9.279 11.0775 -10
4 0 9.4995 11.039 -10 9.496 11.0285 -10 9.426 11.1755 -10 9.447 11.1825 -10
4 0 7.6165 11.151 -10 7.6375 11.1685 -10 7.655 11.102 -10 7.6235 11.1125 -10
4 0 8.88 10.85 -10 9.174 11.179 -10 9.1705 11.0495 -10 9.1635 10.9095 -10
4 0 10 11.179 -10 10.0035 11.1685 -10 9.979 11.172 -10 9.986 11.179 -10
4 0 7.8265 11.1545 -10 7.781 11.067 -10 7.7495 11.0775 -10 7.788 11.1685 -10
3 0 9.2685 11.172 -10 9.279 11.1825 -10 9.279 11.0775 -10
3 0 9.986 11.179 -10 9.993 11.1825 -10 10 11.179 -10
3 0 7.6655 11.179 -10 7.6935 11.186 -10 7.6865 11.095 -10
4 0 7.6375 11.1685 -10 7.6655 11.179 -10 7.6865 11.095 -10 7.655 11.102 -10
4 0 7.7215 11.0845 -10 7.6865 11.095 -10 7.6935 11.186 -10 7.7285 11.186 -10
3 0 7.7215 11.0845 -10 7.7285 11.186 -10 7.7565 11.1825 -10
4 0 7.788 11.1685 -10 7.7495 11.0775 -10 7.7215 11.0845 -10 7.7565 11.1825 -10
4 0 8.3935 11.0565 -10 8.341 10.843 -10 8.194 11.1685 -10 8.39 11.0705 -10
4 0 8.397 11.074 -10 8.39 11.0705 -10 8.194 11.1685 -10 8.2535 11.186 -10
3 0 8.2535 11.186 -10 8.278 11.1895 -10 8.397 11.074 -10
3 0 8.4355 11.186 -10 8.516 11.053 -10 8.502 11.0635 -10
4 0 8.516 11.053 -10 8.4355 11.186 -10 8.46 11.1895 -10 8.53 11.039 -10
4 0 9.2895 11.2 -10 9.363 11.1895 -10 9.3735 11.1825 -10 9.279 11.0775 -10
3 0 9.524 11.067 -10 9.4995 11.039 -10 9.447 11.1825 -10
4 0 8.3025 11.193 -10 8.404 11.0775 -10 8.397 11.074 -10 8.278 11.1895 -10
4 0 8.327 11.1965 -10 8.4285 11.0775 -10 8.404 11.0775 -10 8.3025 11.193 -10
3 0 8.4285 11.0775 -10 8.327 11.1965 -10 8.355 11.1965 -10
4 0 8.4285 11.0775 -10 8.355 11.1965 -10 8.383 11.1965 -10 8.453 11.0775 -10
4 0 8.4355 11.186 -10 8.502 11.0635 -10 8.4775 11.074 -10 8.4145 11.1895 -10
4 0 8.453 11.0775 -10 8.383 11.1965 -10 8.4145 11.1895 -10 8.4775 11.074 -10
4 0 8.474 11.1965 -10 8.5405 11.025 -10 8.53 11.039 -10 8.46 11.1895 -10
3 0 9.279 11.0775 -10 9.279 11.1825 -10 9.2895 11.2 -10
4 0 9.5765 11.1195 -10 9.5485 11.0915 -10 9.468 11.1895 -10 9.4995 11.2035 -10
4 0 9.447 11.1825 -10 9.468 11.1895 -10 9.5485 11.0915 -10 9.524 11.067 -10
4 0 8.5405 11.025 -10 8.474 11.1965 -10 8.481 11.207 -10 8.5545 11.0075 -10
3 0 9.293 11.3855 -10 9.363 11.2175 -10 9.356 11.2 -10
4 0 9.286 11.3645 -10 9.293 11.3855 -10 9.356 11.2 -10 9.293 11.2175 -10
4 0 9.2895 11.2 -10 9.293 11.2175 -10 9.356 11.2 -10 9.363 11.1895 -10
4 0 9.377 11.4415 -10 9.4225 11.235 -10 9.391 11.228 -10 9.293 11.3855 -10
3 0 9.5345 11.228 -10 9.566 11.242 -10 9.6115 11.1545 -10
4 0 9.4995 11.2035 -10 9.5345 11.228 -10 9.6115 11.1545 -10 9.5765 11.1195 -10
4 0 9.6115 11.1545 -10 9.566 11.242 -10 9.594 11.2525 -10 9.6325 11.172 -10
4 0 9.615 11.256 -10 9.6535 11.1825 -10 9.6325 11.172 -10 9.594 11.2525 -10
4 0 8.5545 11.0075 -10 8.488 11.235 -10 8.4915 11.2665 -10 8.5545 11.298 -10
4 0 9.65 11.2665 -10 9.678 11.186 -10 9.6535 11.1825 -10 9.615 11.256 -10
4 0 9.678 11.27 -10 9.6955 11.1895 -10 9.678 11.186 -10 9.65 11.2665 -10
4 0 9.6955 11.1895 -10 9.678 11.27 -10 9.706 11.277 -10 9.72 11.1965 -10
4 0 9.72 11.1965 -10 9.706 11.277 -10 9.734 11.284 -10 9.748 11.2105 -10
4 0 9.755 11.291 -10 9.776 11.2245 -10 9.748 11.2105 -10 9.734 11.284 -10
3 0 8.5545 11.0075 -10 8.481 11.207 -10 8.488 11.235 -10
4 0 8.5545 11.298 -10 8.6175 11.1685 -10 8.628 11.1125 -10 8.5545 11.0075 -10
3 0 8.5545 11.298 -10 8.74 11.4765 -10 8.88 11.55 -10
4 0 8.6805 11.1755 -10 8.5545 11.298 -10 8.88 11.55 -10 8.7155 11.1755 -10
3 0 8.88 11.55 -10 8.74 11.172 -10 8.7155 11.1755 -10
4 0 9.776 11.2245 -10 9.755 11.291 -10 9.769 11.298 -10 9.804 11.242 -10
4 0 9.804 11.242 -10 9.769 11.298 -10 9.783 11.305 -10 9.818 11.2525 -10
3 0 9.916 11.2945 -10 9.916 11.2805 -10 9.9055 11.277 -10
4 0 9.888 11.277 -10 9.9055 11.305 -10 9.916 11.2945 -10 9.9055 11.277 -10
4 0 9.818 11.2525 -10 9.783 11.305 -10 9.8075 11.3155 -10 9.8285 11.2595 -10
4 0 9.867 11.2735 -10 9.8845 11.3155 -10 9.9055 11.305 -10 9.888 11.277 -10
3 0 9.2125 11.3155 -10 9.2055 11.1965 -10 9.1915 11.1895 -10
4 0 9.181 11.186 -10 9.1985 11.319 -10 9.2125 11.3155 -10 9.1915 11.1895 -10
3 0 9.846 11.2665 -10 9.8285 11.2595 -10 9.8075 11.3155 -10
4 0 9.8075 11.3155 -10 9.8355 11.319 -10 9.8635 11.319 -10 9.846 11.2665 -10
4 0 9.8845 11.3155 -10 9.867 11.2735 -10 9.846 11.2665 -10 9.8635 11.319 -10
3 0 9.181 11.186 -10 9.188 11.3225 -10 9.1985 11.319 -10
4 0 9.237 11.2105 -10 9.2195 11.2035 -10 9.2335 11.3155 -10 9.251 11.3225 -10
4 0 9.2125 11.3155 -10 9.2335 11.3155 -10 9.2195 11.2035 -10 9.2055 11.1965 -10
4 0 9.174 11.333 -10 9.188 11.3225 -10 9.181 11.186 -10 9.174 11.179 -10
4 0 9.2545 11.214 -10 9.237 11.2105 -10 9.251 11.3225 -10 9.265 11.3365 -10
4 0 9.265 11.3365 -10 9.279 11.3505 -10 9.272 11.2175 -10 9.2545 11.214 -10
4 0 9.279 11.3505 -10 9.286 11.3645 -10 9.293 11.2175 -10 9.272 11.2175 -10
3 0 9.293 11.3855 -10 9.391 11.228 -10 9.363 11.2175 -10
3 0 9.377 11.4415 -10 9.3805 11.4345 -10 9.4225 11.235 -10
4 0 9.4505 11.2455 -10 9.4225 11.235 -10 9.3805 11.4345 -10 9.3875 11.431 -10
4 0 9.5135 11.27 -10 9.482 11.256 -10 9.405 11.4345 -10 9.4225 11.4415 -10
4 0 9.3875 11.431 -10 9.405 11.4345 -10 9.482 11.256 -10 9.4505 11.2455 -10
3 0 9.4225 11.4415 -10 9.4435 11.452 -10 9.5135 11.27 -10
4 0 9.5135 11.27 -10 9.4435 11.452 -10 9.468 11.4625 -10 9.5485 11.2875 -10
3 0 8.7225 11.473 -10 8.74 11.4765 -10 8.5545 11.298 -10
3 0 9.5835 11.3085 -10 9.5485 11.2875 -10 9.468 11.4625 -10
4 0 9.6115 11.3295 -10 9.5835 11.3085 -10 9.468 11.4625 -10 9.4995 11.473 -10
4 0 9.1985 11.4765 -10 9.2195 11.473 -10 9.209 11.3645 -10 9.195 11.361 -10
4 0 9.209 11.3645 -10 9.2195 11.473 -10 9.2405 11.4765 -10 9.23 11.3715 -10
3 0 9.2405 11.4765 -10 9.251 11.4835 -10 9.23 11.3715 -10
4 0 9.195 11.361 -10 9.188 11.354 -10 9.1845 11.48 -10 9.1985 11.4765 -10
3 0 9.251 11.4835 -10 9.2615 11.494 -10 9.23 11.3715 -10
4 0 9.6395 11.361 -10 9.6115 11.3295 -10 9.4995 11.473 -10 9.531 11.487 -10
3 0 8.7435 11.4905 -10 8.88 11.55 -10 8.74 11.4765 -10
4 0 9.4295 11.522 -10 9.4085 11.494 -10 9.335 11.7425 -10 9.363 11.7355 -10
4 0 9.16 11.501 -10 9.1845 11.48 -10 9.188 11.354 -10 9.1775 11.347 -10
3 0 8.7085 11.5045 -10 8.3725 11.55 -10 8.7015 11.522 -10
3 0 8.7435 11.5045 -10 8.88 11.55 -10 8.7435 11.4905 -10
4 0 9.664 11.396 -10 9.6395 11.361 -10 9.531 11.487 -10 9.566 11.508 -10
4 0 9.2615 11.494 -10 9.272 11.5045 -10 9.2475 11.3785 -10 9.23 11.3715 -10
3 0 8.7435 11.5255 -10 8.88 11.55 -10 8.7435 11.5045 -10
3 0 8.5545 11.298 -10 8.4915 11.2665 -10 8.474 11.333 -10
4 0 8.5545 11.298 -10 8.3725 11.55 -10 8.7085 11.5045 -10 8.7225 11.473 -10
3 0 8.7085 11.5045 -10 8.7155 11.4905 -10 8.7225 11.473 -10
3 0 8.3725 11.55 -10 8.6945 11.543 -10 8.7015 11.522 -10
3 0 8.635 11.704 -10 8.656 11.655 -10 8.67 11.62 -10
4 0 8.677 11.5955 -10 8.3725 11.55 -10 8.635 11.704 -10 8.67 11.62 -10
3 0 8.593 11.7915 -10 8.6175 11.746 -10 8.635 11.704 -10
4 0 8.327 11.6445 -10 8.593 11.7915 -10 8.635 11.704 -10 8.3725 11.55 -10
4 0 9.272 11.5045 -10 9.286 11.5185 -10 9.265 11.382 -10 9.2475 11.3785 -10
4 0 9.699 11.4485 -10 9.685 11.431 -10 9.5975 11.522 -10 9.629 11.5325 -10
4 0 9.566 11.508 -10 9.5975 11.522 -10 9.685 11.431 -10 9.664 11.396 -10
3 0 9.629 11.5325 -10 9.65 11.5395 -10 9.699 11.4485 -10
3 0 8.7435 11.5465 -10 8.88 11.55 -10 8.7435 11.5255 -10
3 0 8.7435 11.5465 -10 8.7435 11.564 -10 8.88 11.55 -10
4 0 9.6745 11.5465 -10 9.7095 11.4555 -10 9.699 11.4485 -10 9.65 11.5395 -10
4 0 8.5545 11.298 -10 8.474 11.333 -10 8.418 11.4485 -10 8.3725 11.55 -10
4 0 8.88 11.55 -10 8.81 11.102 -10 8.8065 11.109 -10 8.803 11.1195 -10
3 0 9.174 11.333 -10 9.174 11.179 -10 8.88 10.85 -10
4 0 8.81 11.102 -10 8.88 11.55 -10 9.174 11.333 -10 8.88 10.85 -10
4 0 9.1775 11.347 -10 9.174 11.333 -10 8.88 11.55 -10 9.16 11.501 -10
4 0 9.286 11.5185 -10 9.293 11.5325 -10 9.293 11.3855 -10 9.265 11.382 -10
3 0 9.293 11.5325 -10 9.3 11.5535 -10 9.293 11.3855 -10
3 0 9.3 11.5535 -10 9.3875 11.466 -10 9.3805 11.452 -10
4 0 9.3805 11.452 -10 9.377 11.4415 -10 9.293 11.3855 -10 9.3 11.5535 -10
4 0 9.7025 11.5535 -10 9.7375 11.4695 -10 9.7095 11.4555 -10 9.6745 11.5465 -10
3 0 8.7435 11.564 -10 8.74 11.5955 -10 8.88 11.55 -10
3 0 9.769 11.494 -10 9.7375 11.4695 -10 9.7025 11.5535 -10
4 0 9.79 11.515 -10 9.769 11.494 -10 9.7025 11.5535 -10 9.727 11.564 -10
4 0 8.677 11.5955 -10 8.6875 11.5675 -10 8.6945 11.543 -10 8.3725 11.55 -10
3 0 8.74 11.5955 -10 8.733 11.6305 -10 8.88 11.55 -10
4 0 9.8145 11.557 -10 9.8075 11.543 -10 9.7515 11.5815 -10 9.7725 11.6025 -10
4 0 9.727 11.564 -10 9.7515 11.5815 -10 9.8075 11.543 -10 9.79 11.515 -10
3 0 8.733 11.6305 -10 8.7225 11.6725 -10 8.88 11.55 -10
4 0 9.7725 11.6025 -10 9.79 11.6165 -10 9.8285 11.571 -10 9.8145 11.557 -10
4 0 9.846 11.585 -10 9.8285 11.571 -10 9.79 11.6165 -10 9.8145 11.634 -10
4 0 9.188 11.5255 -10 9.1775 11.6375 -10 9.195 11.6375 -10 9.202 11.5325 -10
4 0 9.923 11.6165 -10 9.909 11.6095 -10 9.9195 11.641 -10 9.93 11.6305 -10
4 0 9.174 11.5185 -10 9.1635 11.6445 -10 9.1775 11.6375 -10 9.188 11.5255 -10
4 0 9.167 11.5115 -10 9.153 11.6515 -10 9.1635 11.6445 -10 9.174 11.5185 -10
4 0 9.195 11.6375 -10 9.2125 11.6375 -10 9.216 11.5395 -10 9.202 11.5325 -10
4 0 9.23 11.543 -10 9.216 11.5395 -10 9.2125 11.6375 -10 9.2265 11.6445 -10
4 0 9.881 11.599 -10 9.8635 11.592 -10 9.8355 11.641 -10 9.8565 11.6445 -10
4 0 9.8145 11.634 -10 9.8355 11.641 -10 9.8635 11.592 -10 9.846 11.585 -10
4 0 9.909 11.6095 -10 9.895 11.6025 -10 9.9055 11.6445 -10 9.9195 11.641 -10
3 0 9.8565 11.6445 -10 9.881 11.648 -10 9.881 11.599 -10
4 0 9.895 11.6025 -10 9.881 11.599 -10 9.881 11.648 -10 9.9055 11.6445 -10
3 0 9.1495 11.662 -10 9.153 11.6515 -10 9.167 11.5115 -10
4 0 9.167 11.5115 -10 9.16 11.501 -10 8.88 11.55 -10 9.1495 11.662 -10
3 0 9.244 11.6585 -10 9.258 11.6725 -10 9.251 11.55 -10
4 0 9.2265 11.6445 -10 9.244 11.6585 -10 9.251 11.55 -10 9.23 11.543 -10
4 0 9.251 11.55 -10 9.258 11.6725 -10 9.265 11.683 -10 9.272 11.5535 -10
4 0 9.2685 11.7005 -10 9.3 11.5535 -10 9.272 11.5535 -10 9.265 11.683 -10
4 0 9.4645 11.55 -10 9.4295 11.522 -10 9.363 11.7355 -10 9.384 11.739 -10
3 0 9.4085 11.494 -10 9.3875 11.466 -10 9.3 11.5535 -10
4 0 9.2685 11.7005 -10 9.335 11.7425 -10 9.4085 11.494 -10 9.3 11.5535 -10
3 0 9.2685 11.7005 -10 9.321 11.746 -10 9.335 11.7425 -10
4 0 9.384 11.739 -10 9.4085 11.746 -10 9.5065 11.578 -10 9.4645 11.55 -10
3 0 9.4085 11.746 -10 9.4435 11.76 -10 9.5065 11.578 -10
3 0 9.321 11.7705 -10 9.244 11.8335 -10 9.335 11.781 -10
4 0 9.5065 11.578 -10 9.4435 11.76 -10 9.496 11.774 -10 9.5485 11.6025 -10
3 0 8.2395 11.7775 -10 8.516 11.907 -10 8.537 11.8755 -10
3 0 8.2395 11.7775 -10 8.495 11.9385 -10 8.516 11.907 -10
4 0 9.1705 11.781 -10 9.1915 11.781 -10 9.1845 11.683 -10 9.1705 11.676 -10
4 0 9.2125 11.6935 -10 9.1985 11.69 -10 9.1915 11.781 -10 9.202 11.7845 -10
3 0 9.1985 11.69 -10 9.1845 11.683 -10 9.1915 11.781 -10
4 0 9.1565 11.788 -10 9.1705 11.781 -10 9.1705 11.676 -10 9.1565 11.669 -10
3 0 9.587 11.627 -10 9.5485 11.6025 -10 9.496 11.774 -10
4 0 9.335 11.781 -10 9.244 11.8335 -10 9.44 11.8475 -10 9.356 11.7915 -10
4 0 9.496 11.774 -10 9.5415 11.788 -10 9.6185 11.655 -10 9.587 11.627 -10
4 0 9.146 11.802 -10 9.1565 11.788 -10 9.1565 11.669 -10 9.1495 11.662 -10
4 0 9.202 11.7845 -10 9.216 11.7915 -10 9.23 11.697 -10 9.2125 11.6935 -10
4 0 9.6605 11.7145 -10 9.643 11.683 -10 9.5625 11.795 -10 9.58 11.8055 -10
4 0 9.5415 11.788 -10 9.5625 11.795 -10 9.643 11.683 -10 9.6185 11.655 -10
4 0 9.2685 11.7005 -10 9.2475 11.7005 -10 9.23 11.8055 -10 9.2405 11.816 -10
4 0 9.216 11.7915 -10 9.23 11.8055 -10 9.2475 11.7005 -10 9.23 11.697 -10
3 0 9.2405 11.816 -10 9.244 11.8335 -10 9.2685 11.7005 -10
4 0 9.321 11.7705 -10 9.314 11.76 -10 9.2685 11.7005 -10 9.244 11.8335 -10
3 0 9.314 11.76 -10 9.321 11.746 -10 9.2685 11.7005 -10
4 0 9.58 11.8055 -10 9.5975 11.823 -10 9.6745 11.753 -10 9.6605 11.7145 -10
3 0 8.628 11.8475 -10 8.88 12.67 -10 8.6595 11.802 -10
4 0 9.356 11.7915 -10 9.44 11.8475 -10 9.4225 11.83 -10 9.391 11.809 -10
4 0 9.5975 11.823 -10 9.615 11.8405 -10 9.6885 11.7845 -10 9.6745 11.753 -10
4 0 8.327 11.6445 -10 8.2395 11.7775 -10 8.5685 11.8335 -10 8.593 11.7915 -10
3 0 8.2395 11.7775 -10 8.537 11.8755 -10 8.5685 11.8335 -10
3 0 8.6 11.8825 -10 8.88 12.67 -10 8.628 11.8475 -10
4 0 9.615 11.8405 -10 9.636 11.865 -10 9.706 11.809 -10 9.6885 11.7845 -10
4 0 9.7445 11.844 -10 9.7235 11.8265 -10 9.6675 11.886 -10 9.699 11.9035 -10
4 0 9.636 11.865 -10 9.6675 11.886 -10 9.7235 11.8265 -10 9.706 11.809 -10
3 0 8.572 11.9175 -10 8.88 12.67 -10 8.6 11.8825 -10
4 0 9.153 11.9175 -10 9.167 11.9175 -10 9.1705 11.816 -10 9.1565 11.809 -10
4 0 9.1775 11.921 -10 9.188 11.823 -10 9.1705 11.816 -10 9.167 11.9175 -10
3 0 9.7235 11.914 -10 9.7515 11.921 -10 9.7655 11.851 -10
4 0 9.699 11.9035 -10 9.7235 11.914 -10 9.7655 11.851 -10 9.7445 11.844 -10
4 0 9.867 11.921 -10 9.888 11.914 -10 9.8775 11.893 -10 9.86 11.879 -10
4 0 9.139 11.9245 -10 9.153 11.9175 -10 9.1565 11.809 -10 9.146 11.802 -10
4 0 9.188 11.823 -10 9.1775 11.921 -10 9.188 11.928 -10 9.202 11.83 -10
4 0 9.7795 11.928 -10 9.7935 11.858 -10 9.7655 11.851 -10 9.7515 11.921 -10
4 0 9.839 11.928 -10 9.867 11.921 -10 9.86 11.879 -10 9.839 11.872 -10
4 0 9.7935 11.858 -10 9.7795 11.928 -10 9.8075 11.9315 -10 9.818 11.865 -10
4 0 9.8075 11.9315 -10 9.839 11.928 -10 9.839 11.872 -10 9.818 11.865 -10
3 0 9.139 11.9245 -10 9.146 11.802 -10 9.1495 11.662 -10
4 0 8.88 11.55 -10 9.132 11.935 -10 9.139 11.9245 -10 9.1495 11.662 -10
3 0 9.216 11.8335 -10 9.202 11.83 -10 9.188 11.928 -10
4 0 9.23 11.837 -10 9.216 11.8335 -10 9.188 11.928 -10 9.1985 11.9385 -10
4 0 9.244 11.8335 -10 9.23 11.837 -10 9.1985 11.9385 -10 9.2055 11.949 -10
3 0 8.0855 11.9525 -10 8.4355 12.047 -10 8.1135 11.9245 -10
4 0 9.44 11.8475 -10 9.244 11.8335 -10 9.2055 11.949 -10 9.209 11.9665 -10
4 0 9.349 12.0995 -10 9.419 12.04 -10 9.419 12.0295 -10 9.209 11.9665 -10
3 0 9.349 12.0995 -10 9.363 12.0995 -10 9.419 12.04 -10
4 0 9.1775 12.089 -10 9.3385 12.1065 -10 9.349 12.0995 -10 9.209 11.9665 -10
4 0 8.495 11.9385 -10 8.2395 11.7775 -10 8.4495 12.005 -10 8.474 11.97 -10
3 0 8.4705 12.0295 -10 8.88 12.67 -10 8.4915 12.0085 -10
4 0 9.433 12.026 -10 9.44 11.8475 -10 9.209 11.9665 -10 9.419 12.0295 -10
3 0 9.433 12.026 -10 9.461 11.879 -10 9.44 11.8475 -10
3 0 9.482 11.9 -10 9.461 11.879 -10 9.433 12.026 -10
4 0 9.433 12.026 -10 9.447 12.033 -10 9.4995 11.9175 -10 9.482 11.9 -10
3 0 8.453 12.0435 -10 8.88 12.67 -10 8.4705 12.0295 -10
4 0 9.132 12.0435 -10 9.1565 11.9525 -10 9.146 11.9455 -10 9.1215 12.047 -10
4 0 9.1215 12.047 -10 9.146 11.9455 -10 9.139 11.942 -10 9.111 12.061 -10
4 0 9.132 12.0435 -10 9.146 12.0435 -10 9.167 11.956 -10 9.1565 11.9525 -10
4 0 9.447 12.033 -10 9.4645 12.04 -10 9.5275 11.935 -10 9.4995 11.9175 -10
4 0 9.146 12.0435 -10 9.1565 12.0505 -10 9.181 11.9595 -10 9.167 11.956 -10
4 0 9.195 11.963 -10 9.181 11.9595 -10 9.1565 12.0505 -10 9.167 12.061 -10
4 0 9.4645 12.04 -10 9.4925 12.054 -10 9.5695 11.956 -10 9.5275 11.935 -10
3 0 9.4925 12.054 -10 9.531 12.0715 -10 9.5695 11.956 -10
3 0 9.174 12.068 -10 9.1775 12.089 -10 9.209 11.9665 -10
4 0 9.167 12.061 -10 9.174 12.068 -10 9.209 11.9665 -10 9.195 11.963 -10
4 0 9.5625 12.089 -10 9.6045 11.977 -10 9.5695 11.956 -10 9.531 12.0715 -10
4 0 9.363 12.0995 -10 9.3945 12.11 -10 9.4225 12.0505 -10 9.419 12.04 -10
3 0 9.6325 11.9945 -10 9.6045 11.977 -10 9.5625 12.089 -10
4 0 9.5625 12.089 -10 9.5975 12.103 -10 9.657 12.019 -10 9.6325 11.9945 -10
4 0 6.7765 12.117 -10 6.801 12.11 -10 6.731 12.0225 -10 6.6995 12.033 -10
3 0 6.808 12.019 -10 6.7695 12.0155 -10 6.731 12.0225 -10
4 0 6.801 12.11 -10 6.8255 12.117 -10 6.808 12.019 -10 6.731 12.0225 -10
4 0 6.85 12.026 -10 6.808 12.019 -10 6.8255 12.117 -10 6.899 12.0435 -10
3 0 9.1775 12.089 -10 9.3385 12.117 -10 9.3385 12.1065 -10
4 0 9.4225 12.0505 -10 9.3945 12.11 -10 9.4225 12.1205 -10 9.4365 12.0645 -10
4 0 9.699 12.0715 -10 9.6815 12.047 -10 9.629 12.1135 -10 9.657 12.124 -10
4 0 9.5975 12.103 -10 9.629 12.1135 -10 9.6815 12.047 -10 9.657 12.019 -10
4 0 6.6995 12.033 -10 6.661 12.054 -10 6.7555 12.1275 -10 6.7765 12.117 -10
3 0 6.899 12.0435 -10 6.8255 12.117 -10 6.836 12.1275 -10
4 0 6.899 12.0435 -10 6.836 12.1275 -10 6.836 12.1415 -10 6.9445 12.068 -10
3 0 9.4505 12.0785 -10 9.4365 12.0645 -10 9.4225 12.1205 -10
4 0 9.468 12.0925 -10 9.4505 12.0785 -10 9.4225 12.1205 -10 9.4435 12.131 -10
4 0 6.745 12.1345 -10 6.7555 12.1275 -10 6.661 12.054 -10 6.6295 12.0785 -10
4 0 9.7165 12.096 -10 9.699 12.0715 -10 9.657 12.124 -10 9.6745 12.1345 -10
4 0 6.6295 12.0785 -10 6.6085 12.1065 -10 6.738 12.1415 -10 6.745 12.1345 -10
4 0 6.5665 12.1765 -10 6.619 12.2815 -10 6.7415 12.1555 -10 6.738 12.1415 -10
4 0 6.9445 12.068 -10 6.836 12.1415 -10 6.822 12.152 -10 6.997 12.1065 -10
3 0 7.928 12.145 -10 7.872 12.201 -10 8.4355 12.047 -10
4 0 9.1285 12.0715 -10 9.118 12.068 -10 9.0935 12.145 -10 9.111 12.145 -10
3 0 9.1425 12.0785 -10 9.1285 12.0715 -10 9.111 12.145 -10
4 0 9.7305 12.117 -10 9.7165 12.096 -10 9.6745 12.1345 -10 9.692 12.152 -10
3 0 6.7415 12.1555 -10 6.619 12.2815 -10 6.752 12.1555 -10
3 0 6.752 12.1555 -10 6.619 12.2815 -10 6.7695 12.1555 -10
3 0 6.7695 12.1555 -10 6.619 12.2815 -10 6.794 12.1555 -10
4 0 9.132 11.935 -10 9.0795 12.1555 -10 9.111 12.061 -10 9.139 11.942 -10
4 0 8.88 11.55 -10 9.048 12.278 -10 9.0795 12.1555 -10 9.132 11.935 -10
4 0 9.118 12.068 -10 9.111 12.061 -10 9.0795 12.1555 -10 9.0935 12.145 -10
4 0 9.4435 12.131 -10 9.4645 12.145 -10 9.4855 12.1065 -10 9.468 12.0925 -10
4 0 9.111 12.145 -10 9.1215 12.152 -10 9.153 12.082 -10 9.1425 12.0785 -10
4 0 9.167 12.0855 -10 9.153 12.082 -10 9.1215 12.152 -10 9.132 12.159 -10
4 0 9.4645 12.145 -10 9.482 12.1555 -10 9.4995 12.117 -10 9.4855 12.1065 -10
4 0 9.524 12.1625 -10 9.4995 12.117 -10 9.482 12.1555 -10 9.503 12.1625 -10
4 0 9.5345 12.152 -10 9.517 12.1275 -10 9.4995 12.117 -10 9.524 12.1625 -10
3 0 9.5345 12.152 -10 9.531 12.138 -10 9.517 12.1275 -10
4 0 8.0435 11.9875 -10 8.0015 12.0365 -10 8.4355 12.047 -10 8.0855 11.9525 -10
4 0 8.4355 12.047 -10 8.0015 12.0365 -10 7.9595 12.096 -10 7.928 12.145 -10
4 0 8.1135 11.9245 -10 8.4355 12.047 -10 8.4355 12.033 -10 8.1765 11.8545 -10
4 0 8.4495 12.005 -10 8.2395 11.7775 -10 8.1765 11.8545 -10 8.4355 12.033 -10
3 0 8.4355 12.047 -10 8.103 12.3025 -10 8.145 12.3025 -10
3 0 8.4355 12.047 -10 8.0645 12.306 -10 8.103 12.3025 -10
3 0 8.4355 12.047 -10 8.033 12.313 -10 8.0645 12.306 -10
3 0 8.4355 12.047 -10 7.9945 12.3235 -10 8.033 12.313 -10
3 0 8.705 11.7215 -10 8.684 11.7635 -10 8.88 12.67 -10
4 0 8.7225 11.6725 -10 8.705 11.7215 -10 8.88 12.67 -10 8.88 11.55 -10
3 0 8.684 11.7635 -10 8.6595 11.802 -10 8.88 12.67 -10
4 0 8.572 11.9175 -10 8.544 11.949 -10 8.4915 12.0085 -10 8.88 12.67 -10
3 0 8.544 11.949 -10 8.516 11.9805 -10 8.4915 12.0085 -10
4 0 9.741 12.138 -10 9.7305 12.117 -10 9.692 12.152 -10 9.706 12.1695 -10
3 0 9.1425 12.1695 -10 9.1495 12.187 -10 9.1775 12.089 -10
4 0 9.132 12.159 -10 9.1425 12.1695 -10 9.1775 12.089 -10 9.167 12.0855 -10
4 0 9.37 12.1485 -10 9.1775 12.089 -10 9.3315 12.2955 -10 9.3455 12.2885 -10
4 0 9.1775 12.089 -10 9.1495 12.187 -10 9.3245 12.3025 -10 9.3315 12.2955 -10
4 0 9.706 12.1695 -10 9.7235 12.1905 -10 9.7515 12.159 -10 9.741 12.138 -10
4 0 9.7725 12.18 -10 9.762 12.1695 -10 9.741 12.2045 -10 9.755 12.215 -10
4 0 9.7235 12.1905 -10 9.741 12.2045 -10 9.762 12.1695 -10 9.7515 12.159 -10
4 0 9.755 12.215 -10 9.776 12.2185 -10 9.797 12.2045 -10 9.7725 12.18 -10
3 0 9.797 12.2045 -10 9.7865 12.1905 -10 9.7725 12.18 -10
3 0 7.83 12.236 -10 7.9245 12.362 -10 7.942 12.348 -10
3 0 9.0795 12.2675 -10 9.104 12.18 -10 9.09 12.173 -10
4 0 9.104 12.18 -10 9.0795 12.2675 -10 9.09 12.2745 -10 9.118 12.1835 -10
4 0 9.0655 12.2675 -10 9.0795 12.166 -10 9.0795 12.1555 -10 9.048 12.278 -10
4 0 9.0795 12.2675 -10 9.09 12.173 -10 9.0795 12.166 -10 9.0655 12.2675 -10
4 0 6.5665 12.1765 -10 6.4965 12.2815 -10 6.5175 12.362 -10 6.5385 12.3445 -10
4 0 6.4685 12.4425 -10 6.4965 12.397 -10 6.5175 12.362 -10 6.4965 12.2815 -10
3 0 6.738 12.1415 -10 6.6085 12.1065 -10 6.5665 12.1765 -10
4 0 9.118 12.1835 -10 9.09 12.2745 -10 9.097 12.2815 -10 9.132 12.187 -10
4 0 9.391 12.278 -10 9.426 12.278 -10 9.454 12.187 -10 9.4225 12.18 -10
4 0 9.4855 12.194 -10 9.454 12.187 -10 9.426 12.278 -10 9.4505 12.2815 -10
4 0 9.3945 12.166 -10 9.363 12.285 -10 9.391 12.278 -10 9.4225 12.18 -10
4 0 9.37 12.1485 -10 9.3455 12.2885 -10 9.363 12.285 -10 9.3945 12.166 -10
3 0 9.37 12.1485 -10 9.3385 12.117 -10 9.1775 12.089 -10
4 0 9.4505 12.2815 -10 9.4715 12.2885 -10 9.5345 12.208 -10 9.4855 12.194 -10
4 0 9.104 12.299 -10 9.1495 12.187 -10 9.132 12.187 -10 9.097 12.2815 -10
3 0 8.145 12.3025 -10 8.18 12.306 -10 8.4355 12.047 -10
3 0 8.18 12.306 -10 8.215 12.313 -10 8.4355 12.047 -10
3 0 8.215 12.313 -10 8.2465 12.3235 -10 8.4355 12.047 -10
4 0 9.4715 12.2885 -10 9.489 12.2955 -10 9.5555 12.2185 -10 9.5345 12.208 -10
3 0 8.2465 12.3235 -10 8.278 12.3375 -10 8.4355 12.047 -10
4 0 9.489 12.2955 -10 9.517 12.313 -10 9.5835 12.236 -10 9.5555 12.2185 -10
3 0 7.9665 12.334 -10 7.9945 12.3235 -10 8.4355 12.047 -10
3 0 7.942 12.348 -10 7.9665 12.334 -10 8.4355 12.047 -10
4 0 7.872 12.201 -10 7.83 12.236 -10 7.942 12.348 -10 8.4355 12.047 -10
3 0 6.5595 12.341 -10 6.563 12.362 -10 6.619 12.2815 -10
4 0 9.6255 12.271 -10 9.601 12.2535 -10 9.545 12.327 -10 9.5695 12.341 -10
4 0 9.517 12.313 -10 9.545 12.327 -10 9.601 12.2535 -10 9.5835 12.236 -10
4 0 6.5665 12.1765 -10 6.5385 12.3445 -10 6.5595 12.341 -10 6.619 12.2815 -10
4 0 8.453 12.0435 -10 8.4355 12.047 -10 8.278 12.3375 -10 8.88 12.67 -10
3 0 8.278 12.3375 -10 8.3025 12.3515 -10 8.88 12.67 -10
3 0 8.3025 12.3515 -10 8.3235 12.369 -10 8.88 12.67 -10
4 0 9.6395 12.2815 -10 9.6255 12.271 -10 9.5695 12.341 -10 9.594 12.3515 -10
4 0 9.7445 12.362 -10 9.7585 12.3515 -10 9.7515 12.334 -10 9.741 12.327 -10
3 0 8.3235 12.369 -10 8.341 12.3865 -10 8.88 12.67 -10
4 0 9.594 12.3515 -10 9.622 12.362 -10 9.657 12.2955 -10 9.6395 12.2815 -10
4 0 9.678 12.306 -10 9.657 12.2955 -10 9.622 12.362 -10 9.6535 12.369 -10
4 0 9.7305 12.369 -10 9.7445 12.362 -10 9.741 12.327 -10 9.72 12.32 -10
4 0 9.7095 12.3725 -10 9.678 12.306 -10 9.6535 12.369 -10 9.678 12.3725 -10
4 0 9.678 12.306 -10 9.7095 12.3725 -10 9.7305 12.369 -10 9.699 12.313 -10
3 0 9.7305 12.369 -10 9.72 12.32 -10 9.699 12.313 -10
4 0 7.83 12.236 -10 7.795 12.25 -10 7.9245 12.3935 -10 7.9175 12.3795 -10
4 0 9.069 12.292 -10 9.0585 12.2885 -10 9.0235 12.3795 -10 9.0375 12.3795 -10
3 0 8.341 12.3865 -10 8.3515 12.4005 -10 8.88 12.67 -10
3 0 9.0795 12.2955 -10 9.069 12.292 -10 9.0375 12.3795 -10
4 0 9.09 12.299 -10 9.0795 12.2955 -10 9.0375 12.3795 -10 9.048 12.3865 -10
3 0 7.067 12.1765 -10 7.0285 12.138 -10 7.102 12.215 -10
4 0 7.1755 12.2605 -10 7.102 12.215 -10 7.466 12.46 -10 7.3855 12.404 -10
3 0 7.4415 12.6315 -10 7.4625 12.614 -10 7.466 12.46 -10
4 0 7.466 12.46 -10 7.102 12.215 -10 7.4135 12.6595 -10 7.4415 12.6315 -10
3 0 7.102 12.215 -10 7.389 12.6945 -10 7.4135 12.6595 -10
3 0 7.102 12.215 -10 7.3645 12.7365 -10 7.389 12.6945 -10
3 0 7.102 12.215 -10 7.3435 12.775 -10 7.3645 12.7365 -10
3 0 7.102 12.215 -10 7.3295 12.8065 -10 7.3435 12.775 -10
3 0 7.102 12.215 -10 7.298 12.8765 -10 7.305 12.859 -10
3 0 7.102 12.215 -10 7.298 12.894 -10 7.298 12.8765 -10
4 0 9.013 12.39 -10 9.0235 12.3795 -10 9.0585 12.2885 -10 9.048 12.278 -10
4 0 11.092 12.3795 -10 11.0745 12.376 -10 10.9905 12.425 -10 11.0955 12.397 -10
3 0 11.0745 12.376 -10 11.043 12.39 -10 10.9905 12.425 -10
3 0 9.1495 12.4005 -10 9.1705 12.404 -10 9.104 12.299 -10
4 0 7.326 12.362 -10 7.249 12.3095 -10 7.1755 12.2605 -10 7.3855 12.404 -10
4 0 8.2605 12.39 -10 7.697 13.65 -10 8.327 12.411 -10 8.306 12.404 -10
4 0 9.1285 12.418 -10 9.104 12.299 -10 9.055 12.3935 -10 9.0585 12.4075 -10
4 0 9.048 12.3865 -10 9.055 12.3935 -10 9.104 12.299 -10 9.09 12.299 -10
3 0 9.1215 12.5965 -10 9.132 12.4285 -10 9.1285 12.418 -10
3 0 9.132 12.4075 -10 9.1495 12.4005 -10 9.104 12.299 -10
3 0 9.1285 12.418 -10 9.132 12.4075 -10 9.104 12.299 -10
3 0 8.88 12.67 -10 8.341 12.4145 -10 8.327 12.411 -10
4 0 6.794 12.1555 -10 6.619 12.2815 -10 7.102 12.215 -10 6.822 12.152 -10
4 0 7.0285 12.138 -10 6.997 12.1065 -10 6.822 12.152 -10 7.102 12.215 -10
4 0 7.102 12.215 -10 6.619 12.2815 -10 6.7135 12.453 -10 6.745 12.453 -10
3 0 6.619 12.2815 -10 6.696 12.467 -10 6.7135 12.453 -10
3 0 10.9905 12.425 -10 11.071 12.4215 -10 11.0955 12.397 -10
4 0 9.2265 12.4285 -10 9.104 12.299 -10 9.1705 12.404 -10 9.202 12.418 -10
3 0 7.7425 12.2675 -10 7.6795 12.299 -10 7.613 12.341 -10
4 0 7.7425 12.2675 -10 7.613 12.341 -10 7.5605 12.3795 -10 7.795 12.25 -10
3 0 7.9175 12.3795 -10 7.9245 12.362 -10 7.83 12.236 -10
3 0 6.5315 12.4355 -10 6.556 12.6805 -10 6.556 12.3935 -10
4 0 9.104 12.299 -10 9.2265 12.4285 -10 9.2475 12.4355 -10 9.1495 12.187 -10
4 0 9.3245 12.3025 -10 9.1495 12.187 -10 9.2475 12.4355 -10 9.3245 12.3095 -10
4 0 9.4785 12.4355 -10 9.4995 12.3445 -10 9.4715 12.334 -10 9.447 12.439 -10
4 0 9.447 12.439 -10 9.4715 12.334 -10 9.4365 12.327 -10 9.377 12.446 -10
4 0 9.5555 12.3865 -10 9.5275 12.362 -10 9.51 12.4355 -10 9.5275 12.439 -10
4 0 9.4785 12.4355 -10 9.51 12.4355 -10 9.5275 12.362 -10 9.4995 12.3445 -10
4 0 9.2895 12.446 -10 9.3455 12.3165 -10 9.3245 12.3095 -10 9.2475 12.4355 -10
4 0 9.377 12.446 -10 9.4365 12.327 -10 9.4015 12.32 -10 9.3245 12.446 -10
4 0 9.3455 12.3165 -10 9.2895 12.446 -10 9.3245 12.446 -10 9.4015 12.32 -10
3 0 6.745 12.453 -10 6.773 12.4565 -10 7.102 12.215 -10
3 0 6.773 12.4565 -10 6.794 12.4635 -10 7.102 12.215 -10
4 0 7.466 12.46 -10 7.795 12.25 -10 7.5605 12.3795 -10 7.5115 12.418 -10
4 0 10.9415 12.46 -10 11.0528 12.4446 -10 11.071 12.4215 -10 10.9905 12.425 -10
4 0 9.601 12.425 -10 9.5835 12.411 -10 9.5625 12.453 -10 9.5905 12.4635 -10
4 0 9.5275 12.439 -10 9.5625 12.453 -10 9.5835 12.411 -10 9.5555 12.3865 -10
4 0 6.9515 12.474 -10 7.102 12.215 -10 6.794 12.4635 -10 6.941 12.474 -10
3 0 6.9515 12.474 -10 6.969 12.4845 -10 7.102 12.215 -10
4 0 6.241 12.7435 -10 6.402 12.5615 -10 6.4195 12.53 -10 6.381 12.4775 -10
3 0 6.241 12.7435 -10 6.3985 12.579 -10 6.402 12.5615 -10
3 0 6.5035 12.4775 -10 6.556 12.6805 -10 6.5315 12.4355 -10
4 0 9.6325 12.453 -10 9.6185 12.439 -10 9.6045 12.4705 -10 9.6255 12.481 -10
4 0 9.5905 12.4635 -10 9.6045 12.4705 -10 9.6185 12.439 -10 9.601 12.425 -10
3 0 6.969 12.4845 -10 6.983 12.495 -10 7.102 12.215 -10
4 0 8.9675 12.495 -10 8.9745 12.488 -10 9.013 12.39 -10 9.048 12.278 -10
4 0 8.9745 12.488 -10 8.9885 12.4845 -10 9.02 12.397 -10 9.013 12.39 -10
4 0 8.999 12.4915 -10 9.0305 12.404 -10 9.02 12.397 -10 8.9885 12.4845 -10
3 0 9.6395 12.488 -10 9.6535 12.4915 -10 9.6465 12.4635 -10
4 0 9.6255 12.481 -10 9.6395 12.488 -10 9.6465 12.4635 -10 9.6325 12.453 -10
4 0 9.6605 12.4705 -10 9.6465 12.4635 -10 9.6535 12.4915 -10 9.664 12.488 -10
3 0 6.983 12.495 -10 7.0005 12.5125 -10 7.102 12.215 -10
3 0 8.9675 12.495 -10 8.88 12.67 -10 8.971 12.502 -10
4 0 9.006 12.4985 -10 9.0445 12.4075 -10 9.0305 12.404 -10 8.999 12.4915 -10
3 0 8.971 12.502 -10 8.88 12.67 -10 8.9815 12.509 -10
4 0 11.0528 12.4446 -10 10.9415 12.46 -10 10.8925 12.502 -10 11.015 12.474 -10
4 0 6.8395 12.509 -10 6.878 12.5755 -10 6.9515 12.5195 -10 6.9445 12.5055 -10
4 0 6.794 12.4635 -10 6.8115 12.474 -10 6.941 12.4845 -10 6.941 12.474 -10
4 0 9.118 12.6035 -10 8.992 12.516 -10 8.9815 12.509 -10 8.88 12.67 -10
4 0 6.556 12.6805 -10 6.5035 12.4775 -10 6.479 12.5125 -10 6.451 12.5545 -10
3 0 7.0005 12.5125 -10 7.018 12.53 -10 7.102 12.215 -10
4 0 9.0445 12.4075 -10 9.006 12.4985 -10 9.0095 12.516 -10 9.0585 12.4075 -10
4 0 6.941 12.663 -10 6.962 12.537 -10 6.9515 12.5195 -10 6.878 12.5755 -10
4 0 6.4965 12.2815 -10 6.381 12.4775 -10 6.444 12.488 -10 6.4685 12.4425 -10
3 0 6.381 12.4775 -10 6.4195 12.53 -10 6.444 12.488 -10
3 0 7.018 12.53 -10 7.032 12.551 -10 7.102 12.215 -10
4 0 10.8925 12.502 -10 10.854 12.5335 -10 10.952 12.544 -10 11.015 12.474 -10
4 0 6.6505 12.5545 -10 6.6785 12.5055 -10 6.696 12.467 -10 6.619 12.2815 -10
3 0 6.4335 12.5755 -10 6.556 12.6805 -10 6.451 12.5545 -10
4 0 6.8115 12.474 -10 6.8395 12.509 -10 6.9445 12.5055 -10 6.941 12.4845 -10
3 0 6.3985 12.579 -10 6.241 12.7435 -10 6.402 12.593 -10
3 0 6.99 12.579 -10 6.941 12.663 -10 7.0075 12.6 -10
4 0 6.563 12.362 -10 6.556 12.3935 -10 6.556 12.6805 -10 6.619 12.2815 -10
4 0 10.9205 12.586 -10 10.952 12.544 -10 10.854 12.5335 -10 10.8225 12.565 -10
4 0 7.032 12.551 -10 7.0425 12.572 -10 7.0565 12.5965 -10 7.102 12.215 -10
3 0 9.1355 12.5965 -10 9.1565 12.4425 -10 9.1425 12.4355 -10
4 0 9.132 12.4285 -10 9.1215 12.5965 -10 9.1355 12.5965 -10 9.1425 12.4355 -10
4 0 9.1565 12.4425 -10 9.1355 12.5965 -10 9.1495 12.6 -10 9.1845 12.453 -10
4 0 8.992 12.516 -10 9.118 12.6035 -10 9.1215 12.5965 -10 9.0095 12.516 -10
4 0 9.1285 12.418 -10 9.0585 12.4075 -10 9.0095 12.516 -10 9.1215 12.5965 -10
4 0 9.174 12.607 -10 9.2125 12.4635 -10 9.1845 12.453 -10 9.1495 12.6 -10
3 0 7.487 12.607 -10 7.494 12.6105 -10 7.795 12.25 -10
3 0 7.494 12.6105 -10 7.494 12.6175 -10 7.795 12.25 -10
4 0 7.795 12.25 -10 7.466 12.46 -10 7.4625 12.614 -10 7.487 12.607 -10
3 0 7.494 12.6175 -10 7.48 12.6385 -10 7.795 12.25 -10
4 0 9.2125 12.4635 -10 9.174 12.607 -10 9.209 12.6175 -10 9.265 12.488 -10
4 0 7.095 12.81 -10 7.1475 12.8555 -10 7.06 12.614 -10 7.053 12.6245 -10
4 0 7.046 12.768 -10 7.095 12.81 -10 7.053 12.6245 -10 7.039 12.628 -10
4 0 9.265 12.488 -10 9.209 12.6175 -10 9.251 12.628 -10 9.3 12.4985 -10
4 0 9.3 12.6385 -10 9.3385 12.509 -10 9.3 12.4985 -10 9.251 12.628 -10
4 0 10.882 12.642 -10 10.9205 12.586 -10 10.8225 12.565 -10 10.7875 12.607 -10
4 0 11.1795 12.6245 -10 11.1585 12.6245 -10 11.1445 12.642 -10 11.19 12.6385 -10
4 0 9.3385 12.509 -10 9.3 12.6385 -10 9.3595 12.6525 -10 9.4015 12.53 -10
4 0 9.7935 12.6595 -10 9.8285 12.656 -10 9.825 12.642 -10 9.8075 12.6455 -10
3 0 6.941 12.663 -10 6.99 12.579 -10 6.976 12.558 -10
3 0 6.941 12.663 -10 6.976 12.558 -10 6.962 12.537 -10
4 0 6.402 12.593 -10 6.241 12.7435 -10 6.556 12.6805 -10 6.416 12.5895 -10
3 0 6.556 12.6805 -10 6.4335 12.5755 -10 6.416 12.5895 -10
3 0 8.11 12.3655 -10 8.075 12.3655 -10 8.0435 12.369 -10
4 0 7.977 12.3865 -10 7.697 13.65 -10 8.0435 12.369 -10 7.998 12.3795 -10
3 0 8.0435 12.369 -10 8.019 12.3725 -10 7.998 12.3795 -10
3 0 8.173 12.369 -10 8.145 12.3655 -10 8.11 12.3655 -10
4 0 8.0435 12.369 -10 7.697 13.65 -10 8.173 12.369 -10 8.11 12.3655 -10
3 0 8.229 12.3795 -10 8.1975 12.3725 -10 8.173 12.369 -10
4 0 8.2605 12.39 -10 8.229 12.3795 -10 8.173 12.369 -10 7.697 13.65 -10
4 0 7.697 13.65 -10 7.977 12.3865 -10 7.956 12.39 -10 7.942 12.3935 -10
4 0 7.305 12.985 -10 7.697 13.65 -10 7.942 12.3935 -10 7.9245 12.3935 -10
3 0 8.306 12.404 -10 8.285 12.397 -10 8.2605 12.39 -10
3 0 8.3515 12.4005 -10 8.355 12.411 -10 8.88 12.67 -10
3 0 8.88 12.67 -10 8.355 12.411 -10 8.341 12.4145 -10
4 0 9.048 12.278 -10 8.88 11.55 -10 8.88 12.67 -10 8.9675 12.495 -10
3 0 8.88 12.67 -10 8.957 12.782 -10 8.971 12.7785 -10
3 0 8.88 12.67 -10 8.95 12.7925 -10 8.957 12.782 -10
3 0 8.88 12.67 -10 8.9395 12.8275 -10 8.95 12.7925 -10
3 0 8.88 12.67 -10 8.761 13.0795 -10 8.7785 13.062 -10
4 0 7.753 13.678 -10 8.3305 14.287 -10 8.761 13.0795 -10 8.88 12.67 -10
4 0 9.4785 12.593 -10 9.44 12.5545 -10 9.3595 12.6525 -10 9.4015 12.67 -10
3 0 9.44 12.5545 -10 9.4015 12.53 -10 9.3595 12.6525 -10
4 0 9.825 12.6735 -10 9.8285 12.656 -10 9.7935 12.6595 -10 9.7725 12.67 -10
3 0 11.19 12.67 -10 11.19 12.6385 -10 11.1445 12.642 -10
4 0 6.6505 12.5545 -10 6.619 12.2815 -10 6.556 12.6805 -10 6.619 12.6 -10
4 0 9.797 12.698 -10 9.825 12.6735 -10 9.7725 12.67 -10 9.748 12.684 -10
4 0 7.48 12.6385 -10 7.459 12.6665 -10 7.431 12.7085 -10 7.795 12.25 -10
4 0 9.4015 12.67 -10 9.447 12.691 -10 9.5135 12.6245 -10 9.4785 12.593 -10
4 0 11.176 12.754 -10 11.19 12.698 -10 11.1165 12.677 -10 11.0955 12.712 -10
4 0 11.1445 12.642 -10 11.1165 12.677 -10 11.19 12.698 -10 11.19 12.67 -10
4 0 9.769 12.7155 -10 9.797 12.698 -10 9.748 12.684 -10 9.727 12.6945 -10
3 0 9.496 12.712 -10 9.5345 12.7295 -10 9.5415 12.656 -10
4 0 9.447 12.691 -10 9.496 12.712 -10 9.5415 12.656 -10 9.5135 12.6245 -10
4 0 9.741 12.7295 -10 9.769 12.7155 -10 9.727 12.6945 -10 9.7025 12.698 -10
4 0 10.8365 12.7295 -10 10.882 12.642 -10 10.7875 12.607 -10 10.7315 12.684 -10
4 0 9.573 12.74 -10 9.5765 12.684 -10 9.5415 12.656 -10 9.5345 12.7295 -10
4 0 9.7025 12.74 -10 9.741 12.7295 -10 9.7025 12.698 -10 9.678 12.7015 -10
4 0 9.5765 12.684 -10 9.573 12.74 -10 9.6255 12.7435 -10 9.6185 12.698 -10
4 0 9.6255 12.7435 -10 9.6675 12.7435 -10 9.643 12.7015 -10 9.6185 12.698 -10
4 0 9.678 12.7015 -10 9.643 12.7015 -10 9.6675 12.7435 -10 9.7025 12.74 -10
4 0 6.556 12.887 -10 6.6925 12.761 -10 6.6435 12.7575 -10 6.563 12.873 -10
3 0 6.6435 12.7575 -10 6.563 12.859 -10 6.563 12.873 -10
4 0 9.223 12.7645 -10 9.237 12.761 -10 9.2545 12.67 -10 9.2265 12.663 -10
4 0 9.293 12.684 -10 9.2545 12.67 -10 9.237 12.761 -10 9.258 12.7645 -10
4 0 7.0075 12.6 -10 6.941 12.663 -10 7.046 12.768 -10 7.025 12.6175 -10
3 0 7.046 12.768 -10 7.039 12.628 -10 7.025 12.6175 -10
3 0 6.941 12.663 -10 6.99 12.7155 -10 7.046 12.768 -10
4 0 7.1475 12.8555 -10 7.102 12.215 -10 7.0565 12.5965 -10 7.06 12.614 -10
4 0 9.328 12.7015 -10 9.293 12.684 -10 9.258 12.7645 -10 9.2825 12.768 -10
3 0 8.971 12.7785 -10 8.9885 12.782 -10 9.125 12.614 -10
4 0 9.118 12.6035 -10 8.88 12.67 -10 8.971 12.7785 -10 9.125 12.614 -10
4 0 9.2825 12.768 -10 9.314 12.775 -10 9.3595 12.726 -10 9.328 12.7015 -10
4 0 9.314 12.775 -10 9.3455 12.789 -10 9.3875 12.7505 -10 9.3595 12.726 -10
4 0 9.125 12.614 -10 8.9885 12.782 -10 9.0305 12.8065 -10 9.146 12.628 -10
4 0 10.798 12.81 -10 10.8365 12.7295 -10 10.7315 12.684 -10 10.6755 12.775 -10
4 0 6.556 12.6805 -10 6.241 12.7435 -10 6.437 12.8135 -10 6.5105 12.733 -10
3 0 6.437 12.8135 -10 6.241 12.7435 -10 6.395 12.866 -10
4 0 9.3455 12.789 -10 9.37 12.803 -10 9.412 12.7715 -10 9.3875 12.7505 -10
3 0 9.37 12.803 -10 9.391 12.817 -10 9.412 12.7715 -10
4 0 9.412 12.7715 -10 9.391 12.817 -10 9.412 12.831 -10 9.4295 12.7855 -10
4 0 9.104 12.8485 -10 9.146 12.628 -10 9.0305 12.8065 -10 9.0725 12.838 -10
4 0 7.403 12.747 -10 7.361 12.8135 -10 7.3435 12.8415 -10 7.305 12.985 -10
4 0 9.4295 12.845 -10 9.4505 12.803 -10 9.4295 12.7855 -10 9.412 12.831 -10
4 0 9.104 12.8485 -10 9.153 12.8555 -10 9.1985 12.6525 -10 9.1705 12.642 -10
3 0 9.104 12.8485 -10 9.1705 12.642 -10 9.146 12.628 -10
4 0 11.106 12.8905 -10 11.148 12.824 -10 11.057 12.775 -10 11.0045 12.8485 -10
4 0 11.0955 12.712 -10 11.057 12.775 -10 11.148 12.824 -10 11.176 12.754 -10
4 0 6.5525 12.852 -10 6.6015 12.7575 -10 6.5665 12.7645 -10 6.5385 12.7785 -10
4 0 6.4685 12.831 -10 6.5525 12.852 -10 6.5385 12.7785 -10 6.4895 12.81 -10
3 0 6.5385 12.7785 -10 6.514 12.7925 -10 6.4895 12.81 -10
4 0 6.451 12.852 -10 6.542 12.8555 -10 6.5525 12.852 -10 6.4685 12.831 -10
3 0 7.095 12.81 -10 7.1265 12.838 -10 7.1475 12.8555 -10
4 0 9.2195 12.7785 -10 9.223 12.7645 -10 9.153 12.8555 -10 9.1915 12.8625 -10
4 0 9.153 12.8555 -10 9.223 12.7645 -10 9.2265 12.663 -10 9.1985 12.6525 -10
4 0 6.563 12.859 -10 6.6435 12.7575 -10 6.6015 12.7575 -10 6.5525 12.852 -10
4 0 6.6925 12.761 -10 7.1195 12.88 -10 7.074 12.859 -10 7.004 12.831 -10
4 0 7.305 12.859 -10 7.3155 12.838 -10 7.3295 12.8065 -10 7.102 12.215 -10
4 0 9.447 12.859 -10 9.4715 12.824 -10 9.4505 12.803 -10 9.4295 12.845 -10
3 0 7.3295 12.8625 -10 7.305 12.985 -10 7.3435 12.8415 -10
3 0 9.1915 12.8625 -10 9.2265 12.789 -10 9.2195 12.7785 -10
3 0 6.395 12.866 -10 6.241 12.7435 -10 6.353 12.9185 -10
4 0 9.216 12.873 -10 9.2475 12.796 -10 9.2265 12.789 -10 9.1915 12.8625 -10
4 0 9.4925 12.8695 -10 9.489 12.8415 -10 9.447 12.859 -10 9.468 12.8765 -10
3 0 9.489 12.8415 -10 9.4715 12.824 -10 9.447 12.859 -10
4 0 6.542 12.8555 -10 6.451 12.852 -10 6.4335 12.8765 -10 6.5315 12.866 -10
3 0 6.4335 12.8765 -10 6.521 12.88 -10 6.5315 12.866 -10
3 0 7.1615 12.8835 -10 7.305 12.985 -10 7.1615 12.8695 -10
3 0 9.468 12.8765 -10 9.482 12.8835 -10 9.4925 12.8695 -10
3 0 7.137 12.887 -10 7.305 12.985 -10 7.151 12.8905 -10
3 0 7.312 12.887 -10 7.305 12.985 -10 7.3295 12.8625 -10
4 0 9.2475 12.887 -10 9.279 12.803 -10 9.2475 12.796 -10 9.216 12.873 -10
3 0 7.298 12.894 -10 7.305 12.985 -10 7.312 12.887 -10
4 0 6.5035 12.9115 -10 6.5105 12.8975 -10 6.4335 12.8765 -10 6.416 12.901 -10
3 0 6.5105 12.8975 -10 6.521 12.88 -10 6.4335 12.8765 -10
4 0 6.528 12.9255 -10 6.6925 12.761 -10 6.556 12.887 -10 6.5455 12.901 -10
4 0 9.279 12.803 -10 9.2475 12.887 -10 9.279 12.9045 -10 9.3175 12.8205 -10
4 0 10.6755 12.775 -10 10.6405 12.8615 -10 10.77 12.915 -10 10.798 12.81 -10
4 0 8.7995 13.0725 -10 8.8065 13.09 -10 8.9395 13.041 -10 8.929 12.922 -10
4 0 9.3105 12.922 -10 9.342 12.8415 -10 9.3175 12.8205 -10 9.279 12.9045 -10
4 0 6.5 12.9255 -10 6.5035 12.9115 -10 6.416 12.901 -10 6.402 12.929 -10
4 0 6.6925 12.761 -10 6.528 12.9255 -10 6.5175 12.9395 -10 6.381 13.132 -10
3 0 9.3735 12.8695 -10 9.342 12.8415 -10 9.3105 12.922 -10
3 0 6.241 12.7435 -10 6.332 12.964 -10 6.353 12.9185 -10
4 0 6.5035 12.943 -10 6.5 12.9255 -10 6.402 12.929 -10 6.3845 12.9605 -10
4 0 9.3105 12.922 -10 9.335 12.943 -10 9.398 12.9045 -10 9.3735 12.8695 -10
3 0 7.795 12.25 -10 7.431 12.7085 -10 7.403 12.747 -10
4 0 7.9245 12.3935 -10 7.795 12.25 -10 7.403 12.747 -10 7.305 12.985 -10
3 0 7.403 12.747 -10 7.382 12.7785 -10 7.361 12.8135 -10
4 0 7.298 12.894 -10 7.102 12.215 -10 7.1615 12.8695 -10 7.305 12.985 -10
3 0 7.102 12.215 -10 7.1475 12.8555 -10 7.1615 12.8695 -10
3 0 6.15 12.9885 -10 6.1535 12.999 -10 6.241 12.7435 -10
4 0 6.241 12.7435 -10 6.129 12.9255 -10 6.1395 12.992 -10 6.15 12.9885 -10
4 0 9.335 12.943 -10 9.3665 12.964 -10 9.419 12.943 -10 9.398 12.9045 -10
4 0 11.0045 12.8485 -10 10.938 12.922 -10 11.0528 12.9605 -10 11.106 12.8905 -10
4 0 6.129 12.9255 -10 6.101 12.9745 -10 6.129 12.999 -10 6.1395 12.992 -10
3 0 6.1535 12.999 -10 6.1535 13.013 -10 6.241 12.7435 -10
3 0 6.3845 12.9605 -10 6.3775 13.0025 -10 6.5035 12.943 -10
4 0 9.447 12.9815 -10 9.433 12.964 -10 9.398 12.992 -10 9.4155 13.006 -10
4 0 9.3665 12.964 -10 9.398 12.992 -10 9.433 12.964 -10 9.419 12.943 -10
4 0 10.763 13.006 -10 10.77 12.915 -10 10.6405 12.8615 -10 10.616 12.95 -10
3 0 6.08 13.0095 -10 6.101 13.0375 -10 6.1115 13.02 -10
4 0 6.101 12.9745 -10 6.08 13.0095 -10 6.1115 13.02 -10 6.129 12.999 -10
4 0 6.6925 12.761 -10 7.004 12.831 -10 6.864 12.7925 -10 6.7555 12.7715 -10
3 0 6.5455 12.901 -10 6.535 12.915 -10 6.528 12.9255 -10
3 0 6.6925 12.761 -10 6.8325 13.118 -10 6.8465 13.118 -10
3 0 6.6925 12.761 -10 6.647 13.139 -10 6.6645 13.132 -10
3 0 6.6925 12.761 -10 6.633 13.1565 -10 6.647 13.139 -10
4 0 9.475 13.006 -10 9.461 12.9955 -10 9.4365 13.02 -10 9.4575 13.0305 -10
4 0 9.4155 13.006 -10 9.4365 13.02 -10 9.461 12.9955 -10 9.447 12.9815 -10
4 0 9.4575 13.0305 -10 9.475 13.0375 -10 9.496 13.0375 -10 9.475 13.006 -10
4 0 9.475 13.006 -10 9.496 13.0375 -10 9.4995 13.0235 -10 9.4855 13.013 -10
3 0 9.4995 13.0235 -10 9.4925 13.0165 -10 9.4855 13.013 -10
3 0 11.246 13.006 -10 11.232 12.992 -10 11.218 12.999 -10
4 0 10.763 13.006 -10 10.616 12.95 -10 10.609 13.0508 -10 10.77 13.0445 -10
4 0 10.938 12.922 -10 10.8575 12.9955 -10 11.008 13.02 -10 11.0528 12.9605 -10
3 0 10.8575 12.9955 -10 10.791 13.055 -10 11.008 13.02 -10
4 0 6.0905 13.062 -10 6.101 13.0375 -10 6.08 13.0095 -10 6.059 13.055 -10
3 0 8.7785 13.062 -10 8.7995 13.0725 -10 8.88 12.67 -10
3 0 8.761 13.0795 -10 8.3305 14.287 -10 8.7575 13.118 -10
4 0 7.1195 12.88 -10 6.6925 12.761 -10 7.305 12.985 -10 7.137 12.887 -10
3 0 7.1615 12.8835 -10 7.151 12.8905 -10 7.305 12.985 -10
4 0 8.9395 12.8275 -10 8.88 12.67 -10 8.7995 13.0725 -10 8.929 12.922 -10
3 0 8.8065 13.09 -10 8.971 13.139 -10 8.9395 13.041 -10
4 0 8.8135 13.118 -10 9.013 13.244 -10 8.971 13.139 -10 8.8065 13.09 -10
4 0 11.26 13.118 -10 11.26 13.034 -10 11.197 13.048 -10 11.176 13.097 -10
4 0 11.218 12.999 -10 11.197 13.048 -10 11.26 13.034 -10 11.246 13.006 -10
4 0 6.15 13.16 -10 6.108 13.1005 -10 6.0975 13.1005 -10 6.045 13.118 -10
3 0 6.108 13.1005 -10 6.15 13.16 -10 6.1185 13.09 -10
3 0 6.0905 13.09 -10 6.0905 13.062 -10 6.059 13.055 -10
4 0 6.0975 13.1005 -10 6.0905 13.09 -10 6.059 13.055 -10 6.045 13.118 -10
3 0 6.8465 13.118 -10 6.871 13.125 -10 6.6925 12.761 -10
3 0 8.7575 13.118 -10 8.3305 14.287 -10 8.761 13.16 -10
4 0 6.3775 13.0025 -10 6.374 13.0515 -10 6.381 13.132 -10 6.5035 12.943 -10
3 0 6.5175 12.9395 -10 6.5035 12.943 -10 6.381 13.132 -10
4 0 6.892 13.132 -10 7.305 12.985 -10 6.6925 12.761 -10 6.871 13.125 -10
3 0 6.892 13.132 -10 6.9165 13.1425 -10 7.305 12.985 -10
4 0 6.8185 13.1285 -10 6.8325 13.118 -10 6.71 13.1355 -10 6.731 13.146 -10
3 0 6.6855 13.132 -10 6.71 13.1355 -10 6.8325 13.118 -10
4 0 6.6645 13.132 -10 6.6855 13.132 -10 6.8325 13.118 -10 6.6925 12.761 -10
3 0 6.8255 13.1425 -10 6.7835 13.1845 -10 6.843 13.153 -10
3 0 6.9165 13.1425 -10 6.948 13.1565 -10 7.305 12.985 -10
4 0 10.609 13.1425 -10 10.791 13.055 -10 10.77 13.0445 -10 10.609 13.0508 -10
4 0 11.008 13.02 -10 10.791 13.055 -10 10.609 13.1425 -10 10.959 13.09 -10
4 0 10.931 13.16 -10 10.959 13.09 -10 10.609 13.1425 -10 10.6195 13.2335 -10
3 0 6.731 13.146 -10 6.752 13.16 -10 6.8185 13.1285 -10
3 0 6.045 13.1495 -10 6.0415 13.174 -10 6.15 13.16 -10
3 0 6.948 13.1565 -10 6.969 13.167 -10 7.305 12.985 -10
4 0 6.332 12.964 -10 6.241 12.7435 -10 6.1535 13.013 -10 6.318 13.0165 -10
4 0 6.318 13.0165 -10 6.1535 13.013 -10 6.143 13.0445 -10 6.15 13.16 -10
4 0 6.15 13.16 -10 6.143 13.0445 -10 6.129 13.069 -10 6.1185 13.09 -10
3 0 6.15 13.16 -10 6.304 13.069 -10 6.318 13.0165 -10
3 0 6.045 13.118 -10 6.045 13.1495 -10 6.15 13.16 -10
3 0 6.269 13.167 -10 6.297 13.1285 -10 6.3075 13.097 -10
3 0 6.3075 13.097 -10 6.304 13.069 -10 6.15 13.16 -10
4 0 6.3075 13.097 -10 6.15 13.16 -10 6.255 13.188 -10 6.269 13.167 -10
3 0 6.15 13.16 -10 6.2515 13.2125 -10 6.255 13.188 -10
3 0 8.761 13.16 -10 8.3305 14.287 -10 8.7715 13.216 -10
4 0 9.013 13.244 -10 8.8135 13.118 -10 8.8205 13.16 -10 9.055 13.328 -10
3 0 10.931 13.16 -10 10.6195 13.2335 -10 10.917 13.209 -10
3 0 11.176 13.097 -10 11.148 13.16 -10 11.26 13.118 -10
3 0 6.969 13.167 -10 6.997 13.181 -10 7.305 12.985 -10
3 0 6.626 13.1775 -10 6.57 13.23 -10 6.6295 13.216 -10
3 0 6.997 13.181 -10 7.018 13.1915 -10 7.305 12.985 -10
4 0 6.8185 13.1285 -10 6.752 13.16 -10 6.7835 13.1845 -10 6.8255 13.1425 -10
3 0 6.9165 13.1845 -10 6.8885 13.1705 -10 6.8605 13.16 -10
4 0 6.843 13.153 -10 6.7835 13.1845 -10 6.9165 13.1845 -10 6.8605 13.16 -10
4 0 6.7835 13.1845 -10 6.8115 13.2055 -10 6.8605 13.2405 -10 6.962 13.2125 -10
3 0 7.018 13.1915 -10 7.0355 13.202 -10 7.305 12.985 -10
3 0 7.0355 13.202 -10 7.0565 13.216 -10 7.305 12.985 -10
4 0 6.9165 13.1845 -10 6.7835 13.1845 -10 6.962 13.2125 -10 6.941 13.1985 -10
3 0 8.7715 13.216 -10 8.3305 14.287 -10 8.7855 13.272 -10
3 0 8.8275 13.216 -10 9.055 13.328 -10 8.8205 13.16 -10
4 0 11.113 13.2244 -10 11.05 13.3 -10 11.246 13.16 -10 11.26 13.118 -10
3 0 11.26 13.118 -10 11.148 13.16 -10 11.113 13.2244 -10
3 0 6.626 13.1775 -10 6.633 13.1565 -10 6.6925 12.761 -10
3 0 6.57 13.23 -10 6.668 13.4085 -10 6.661 13.363 -10
4 0 10.6195 13.2335 -10 10.644 13.349 -10 10.9121 13.2706 -10 10.917 13.209 -10
3 0 7.0005 13.237 -10 6.983 13.314 -10 7.0215 13.251 -10
4 0 7.0565 13.216 -10 7.081 13.2335 -10 7.0985 13.244 -10 7.305 12.985 -10
3 0 7.0215 13.251 -10 6.983 13.314 -10 7.0425 13.265 -10
4 0 6.626 13.1775 -10 6.6925 12.761 -10 6.381 13.132 -10 6.57 13.23 -10
3 0 6.395 13.2615 -10 6.4825 13.3175 -10 6.486 13.3035 -10
3 0 6.395 13.2615 -10 6.479 13.3315 -10 6.4825 13.3175 -10
3 0 6.395 13.2615 -10 6.479 13.3525 -10 6.479 13.3315 -10
3 0 6.395 13.2615 -10 6.479 13.3805 -10 6.479 13.3525 -10
4 0 10.987 13.363 -10 11.127 13.356 -10 11.19 13.265 -10 11.218 13.216 -10
3 0 8.7855 13.272 -10 8.3305 14.287 -10 8.81 13.3315 -10
4 0 7.165 13.426 -10 7.697 13.65 -10 7.095 13.2825 -10 7.067 13.279 -10
3 0 7.116 13.279 -10 7.697 13.65 -10 7.1125 13.2545 -10
3 0 7.095 13.2825 -10 7.697 13.65 -10 7.116 13.279 -10
3 0 6.4965 13.2965 -10 6.5105 13.3035 -10 6.57 13.23 -10
4 0 6.045 13.384 -10 6.2375 13.461 -10 6.0415 13.174 -10 6.031 13.2055 -10
4 0 5.982 13.3105 -10 6.031 13.2055 -10 6.01 13.2475 -10 5.9925 13.286 -10
3 0 6.031 13.2055 -10 6.024 13.377 -10 6.0345 13.3735 -10
4 0 6.381 13.132 -10 6.395 13.2615 -10 6.4965 13.2965 -10 6.57 13.23 -10
3 0 6.395 13.2615 -10 6.486 13.3035 -10 6.4965 13.2965 -10
3 0 6.5105 13.3035 -10 6.514 13.3175 -10 6.57 13.23 -10
3 0 6.8605 13.2405 -10 6.9165 13.2755 -10 6.983 13.314 -10
3 0 6.983 13.314 -10 7.0005 13.237 -10 6.9795 13.223 -10
4 0 6.983 13.314 -10 6.9795 13.223 -10 6.962 13.2125 -10 6.8605 13.2405 -10
3 0 6.514 13.3175 -10 6.5158 13.335 -10 6.57 13.23 -10
4 0 9.055 13.328 -10 8.8275 13.216 -10 8.845 13.2615 -10 8.866 13.3105 -10
3 0 8.81 13.3315 -10 8.3305 14.287 -10 8.8415 13.391 -10
4 0 7.0425 13.265 -10 6.983 13.314 -10 7.039 13.3455 -10 7.067 13.279 -10
3 0 7.039 13.3455 -10 7.102 13.384 -10 7.067 13.279 -10
3 0 10.644 13.349 -10 10.91 13.3 -10 10.9121 13.2706 -10
3 0 6.15 13.16 -10 6.2585 13.2475 -10 6.2515 13.2125 -10
4 0 6.15 13.16 -10 6.3005 13.314 -10 6.283 13.279 -10 6.2585 13.2475 -10
3 0 6.661 13.363 -10 6.654 13.3105 -10 6.64 13.2615 -10
4 0 6.64 13.2615 -10 6.6295 13.216 -10 6.57 13.23 -10 6.661 13.363 -10
4 0 11.05 13.3 -10 10.987 13.363 -10 11.218 13.216 -10 11.246 13.16 -10
4 0 7.697 13.65 -10 7.305 12.985 -10 7.0985 13.244 -10 7.1125 13.2545 -10
4 0 8.327 12.411 -10 7.697 13.65 -10 7.718 13.65 -10 8.88 12.67 -10
4 0 6.3005 13.314 -10 6.15 13.16 -10 6.297 13.377 -10 6.304 13.3455 -10
4 0 6.521 13.384 -10 6.57 13.23 -10 6.5158 13.335 -10 6.5175 13.3595 -10
3 0 7.102 13.384 -10 7.165 13.426 -10 7.067 13.279 -10
4 0 6.031 13.2055 -10 5.982 13.3105 -10 5.975 13.3385 -10 6.024 13.377 -10
3 0 8.8415 13.391 -10 8.3305 14.287 -10 8.873 13.447 -10
3 0 6.0485 13.398 -10 6.2375 13.461 -10 6.045 13.384 -10
4 0 6.024 13.377 -10 5.975 13.3385 -10 5.968 13.3665 -10 6.0135 13.3875 -10
4 0 5.961 13.398 -10 6.0065 13.405 -10 6.0135 13.3875 -10 5.968 13.3665 -10
4 0 8.922 13.4155 -10 9.055 13.328 -10 8.866 13.3105 -10 8.8905 13.3595 -10
3 0 6.0485 13.419 -10 6.2375 13.461 -10 6.0485 13.398 -10
3 0 6.0485 13.419 -10 6.0415 13.4435 -10 6.2375 13.461 -10
3 0 6.423 13.405 -10 6.479 13.426 -10 6.479 13.4015 -10
4 0 6.479 13.3805 -10 6.395 13.2615 -10 6.423 13.405 -10 6.479 13.4015 -10
4 0 6.003 13.426 -10 6.0065 13.405 -10 5.961 13.398 -10 5.954 13.433 -10
4 0 6.2375 13.461 -10 6.262 13.433 -10 6.283 13.4015 -10 6.297 13.377 -10
4 0 6.0415 13.174 -10 6.2375 13.461 -10 6.297 13.377 -10 6.15 13.16 -10
3 0 6.031 13.2055 -10 6.0345 13.3735 -10 6.045 13.384 -10
3 0 7.165 13.426 -10 7.179 13.44 -10 7.697 13.65 -10
3 0 7.179 13.44 -10 7.193 13.461 -10 7.697 13.65 -10
4 0 11.092 13.44 -10 11.127 13.356 -10 10.987 13.363 -10 10.966 13.384 -10
4 0 6.031 13.559 -10 6.2375 13.461 -10 6.0415 13.4435 -10 6.0345 13.461 -10
3 0 6.4825 13.454 -10 6.437 13.4995 -10 6.486 13.475 -10
4 0 6.521 13.384 -10 6.521 13.4085 -10 6.5245 13.4365 -10 6.57 13.23 -10
4 0 6.668 13.4085 -10 6.57 13.23 -10 6.5245 13.4365 -10 6.528 13.4575 -10
3 0 10.679 13.4715 -10 10.938 13.384 -10 10.917 13.349 -10
4 0 10.917 13.349 -10 10.91 13.3 -10 10.644 13.349 -10 10.679 13.4715 -10
3 0 8.3305 14.287 -10 8.9045 13.496 -10 8.873 13.447 -10
3 0 8.3305 14.287 -10 8.9395 13.5415 -10 8.9045 13.496 -10
3 0 5.9505 13.468 -10 5.9505 13.496 -10 6.0065 13.4505 -10
4 0 5.954 13.433 -10 5.9505 13.468 -10 6.0065 13.4505 -10 6.003 13.426 -10
4 0 6.479 13.426 -10 6.423 13.405 -10 6.437 13.4995 -10 6.4825 13.454 -10
3 0 9.181 13.503 -10 9.1985 13.741 -10 9.2615 13.594 -10
4 0 8.922 13.4155 -10 8.957 13.475 -10 8.992 13.5205 -10 9.055 13.328 -10
3 0 6.5455 13.5275 -10 6.6715 13.5135 -10 6.5385 13.503 -10
4 0 7.27 13.538 -10 7.697 13.65 -10 7.193 13.461 -10 7.221 13.496 -10
3 0 6.5105 13.5485 -10 6.458 13.6745 -10 6.521 13.5695 -10
3 0 6.549 13.5485 -10 6.6715 13.5135 -10 6.5455 13.5275 -10
4 0 6.444 13.552 -10 6.493 13.4995 -10 6.486 13.475 -10 6.437 13.4995 -10
3 0 6.0065 13.4505 -10 5.9505 13.496 -10 5.9505 13.531 -10
4 0 6.2375 13.461 -10 6.031 13.559 -10 6.115 13.524 -10 6.1815 13.4925 -10
4 0 5.9785 13.566 -10 6.031 13.559 -10 6.0345 13.461 -10 6.024 13.468 -10
4 0 5.9505 13.531 -10 5.954 13.5555 -10 6.0135 13.4645 -10 6.0065 13.4505 -10
4 0 6.024 13.468 -10 6.0135 13.4645 -10 5.954 13.5555 -10 5.9645 13.566 -10
3 0 5.9645 13.566 -10 5.9785 13.566 -10 6.024 13.468 -10
3 0 5.9785 13.566 -10 6.0065 13.566 -10 6.031 13.559 -10
3 0 6.528 13.4575 -10 6.6715 13.5135 -10 6.668 13.4085 -10
4 0 6.6715 13.5135 -10 6.528 13.4575 -10 6.5315 13.4785 -10 6.5385 13.503 -10
4 0 10.966 13.384 -10 10.938 13.384 -10 10.679 13.4715 -10 10.7 13.58 -10
4 0 6.549 13.5485 -10 6.5525 13.573 -10 6.556 13.594 -10 6.6715 13.5135 -10
4 0 7.4275 13.6045 -10 7.697 13.65 -10 7.319 13.566 -10 7.389 13.594 -10
3 0 7.697 13.65 -10 7.27 13.538 -10 7.319 13.566 -10
3 0 8.985 13.594 -10 8.3305 14.287 -10 9.0235 13.629 -10
3 0 9.2615 13.594 -10 9.1985 13.741 -10 9.335 13.671 -10
3 0 6.5385 13.601 -10 6.458 13.6745 -10 6.549 13.608 -10
4 0 6.556 13.594 -10 6.549 13.608 -10 6.675 13.58 -10 6.6715 13.5135 -10
4 0 6.6855 13.65 -10 6.675 13.58 -10 6.549 13.608 -10 6.458 13.6745 -10
4 0 9.0655 13.608 -10 9.055 13.328 -10 8.992 13.5205 -10 9.027 13.566 -10
3 0 9.0655 13.608 -10 9.0865 13.629 -10 9.055 13.328 -10
3 0 7.4275 13.6045 -10 7.4625 13.6115 -10 7.697 13.65 -10
3 0 7.4625 13.6115 -10 7.487 13.629 -10 7.697 13.65 -10
4 0 6.4545 13.629 -10 6.5 13.524 -10 6.493 13.4995 -10 6.444 13.552 -10
3 0 7.487 13.629 -10 7.5045 13.6535 -10 7.697 13.65 -10
3 0 9.0235 13.629 -10 8.3305 14.287 -10 9.0585 13.6605 -10
4 0 6.535 13.5905 -10 6.521 13.5695 -10 6.458 13.6745 -10 6.5385 13.601 -10
3 0 6.458 13.6745 -10 6.717 13.72 -10 6.6855 13.65 -10
3 0 8.88 12.67 -10 7.718 13.65 -10 7.753 13.678 -10
3 0 9.0585 13.6605 -10 8.3305 14.287 -10 9.083 13.6815 -10
4 0 6.4545 13.629 -10 6.458 13.6745 -10 6.5105 13.5485 -10 6.5 13.524 -10
4 0 9.1355 13.678 -10 9.167 13.706 -10 9.055 13.328 -10 9.0865 13.629 -10
3 0 9.0865 13.629 -10 9.111 13.657 -10 9.1355 13.678 -10
3 0 9.083 13.6815 -10 8.3305 14.287 -10 9.118 13.706 -10
3 0 10.966 13.384 -10 10.7 13.58 -10 10.721 13.6885 -10
4 0 10.7294 13.7928 -10 11.092 13.44 -10 10.966 13.384 -10 10.721 13.6885 -10
3 0 9.118 13.706 -10 8.3305 14.287 -10 9.146 13.7235 -10
3 0 9.1985 13.741 -10 9.181 13.503 -10 9.111 13.405 -10
4 0 9.1985 13.741 -10 9.111 13.405 -10 9.055 13.328 -10 9.167 13.706 -10
4 0 9.1985 13.741 -10 9.685 13.937 -10 9.447 13.748 -10 9.335 13.671 -10
3 0 9.146 13.7235 -10 8.3305 14.287 -10 9.1705 13.7375 -10
3 0 9.1705 13.7375 -10 8.3305 14.287 -10 9.1845 13.7445 -10
3 0 9.167 13.706 -10 9.1845 13.727 -10 9.1985 13.741 -10
4 0 7.837 13.7725 -10 8.3305 14.287 -10 7.753 13.678 -10 7.788 13.72 -10
3 0 7.837 13.7725 -10 7.9 13.8425 -10 8.3305 14.287 -10
3 0 6.458 13.6745 -10 6.4685 13.741 -10 6.4825 13.7795 -10
3 0 10.7294 13.7928 -10 10.861 13.832 -10 10.868 13.818 -10
4 0 10.889 13.86 -10 11.071 13.79 -10 11.064 13.685 -10 10.882 13.832 -10
4 0 11.092 13.44 -10 10.7294 13.7928 -10 10.868 13.818 -10 11.071 13.545 -10
4 0 10.882 13.832 -10 11.064 13.685 -10 11.071 13.545 -10 10.868 13.818 -10
3 0 6.7625 13.8215 -10 6.717 13.72 -10 6.458 13.6745 -10
3 0 7.9 13.8425 -10 7.963 13.916 -10 8.3305 14.287 -10
3 0 10.861 13.86 -10 10.861 13.832 -10 10.7294 13.7928 -10
4 0 6.7625 13.8215 -10 6.549 14 -10 6.773 13.916 -10 6.773 13.881 -10
3 0 7.8475 13.895 -10 7.6165 13.8215 -10 7.9 13.958 -10
3 0 10.889 13.86 -10 10.8995 13.895 -10 11.071 13.79 -10
3 0 6.773 13.916 -10 6.549 14 -10 6.773 13.9475 -10
4 0 10.861 13.86 -10 10.7294 13.7928 -10 10.7315 13.846 -10 10.735 13.923 -10
3 0 9.685 13.937 -10 9.573 13.8425 -10 9.447 13.748 -10
3 0 10.8995 13.895 -10 10.9065 13.9426 -10 10.917 13.993 -10
3 0 6.773 13.9475 -10 6.549 14 -10 6.78 13.9685 -10
3 0 7.9 13.958 -10 7.6165 13.8215 -10 7.956 14.021 -10
4 0 10.917 13.993 -10 11.0899 13.9601 -10 11.071 13.79 -10 10.8995 13.895 -10
3 0 6.78 13.9685 -10 6.549 14 -10 6.794 13.9825 -10
3 0 6.5035 13.937 -10 6.5175 13.9685 -10 6.549 14 -10
3 0 6.4825 13.7795 -10 6.4895 13.846 -10 6.549 14 -10
4 0 6.549 14 -10 6.4895 13.846 -10 6.4895 13.895 -10 6.5035 13.937 -10
4 0 6.549 14 -10 6.7625 13.8215 -10 6.458 13.6745 -10 6.4825 13.7795 -10
3 0 6.773 13.881 -10 6.7695 13.8495 -10 6.7625 13.8215 -10
3 0 6.549 14 -10 6.822 14.0035 -10 6.794 13.9825 -10
3 0 10.735 14.007 -10 10.8645 13.9321 -10 10.8645 13.888 -10
4 0 10.735 13.923 -10 10.735 14.007 -10 10.8645 13.888 -10 10.861 13.86 -10
4 0 7.697 13.65 -10 7.5045 13.6535 -10 7.5465 13.72 -10 7.6165 13.8215 -10
3 0 7.6165 13.8215 -10 7.746 13.762 -10 7.7145 13.713 -10
3 0 7.697 13.671 -10 7.697 13.65 -10 7.6165 13.8215 -10
3 0 7.6165 13.8215 -10 7.7145 13.713 -10 7.697 13.671 -10
4 0 7.795 13.825 -10 7.746 13.762 -10 7.6165 13.8215 -10 7.8475 13.895 -10
3 0 7.6165 13.8215 -10 8.012 14.077 -10 7.956 14.021 -10
4 0 10.8645 13.9321 -10 10.735 14.007 -10 10.8645 14.0385 -10 10.868 13.979 -10
4 0 7.963 13.916 -10 8.026 13.986 -10 8.089 14.049 -10 8.3305 14.287 -10
3 0 6.8605 14.0175 -10 6.822 14.0035 -10 6.549 14 -10
4 0 6.5735 14.035 -10 6.9375 14.049 -10 6.8605 14.0175 -10 6.549 14 -10
3 0 6.906 14.028 -10 6.8605 14.0175 -10 6.9375 14.049 -10
3 0 8.3305 14.287 -10 8.985 13.594 -10 8.9395 13.5415 -10
4 0 8.3305 14.287 -10 9.685 13.937 -10 9.1985 13.741 -10 9.1845 13.7445 -10
3 0 8.3305 14.287 -10 9.111 14.175 -10 9.132 14.1645 -10
3 0 8.3305 14.287 -10 9.083 14.1925 -10 9.111 14.175 -10
3 0 8.3305 14.287 -10 9.062 14.217 -10 9.083 14.1925 -10
3 0 8.3305 14.287 -10 9.041 14.245 -10 9.062 14.217 -10
3 0 8.3305 14.287 -10 9.027 14.2765 -10 9.041 14.245 -10
3 0 9.685 13.937 -10 9.16 14.1575 -10 9.188 14.1575 -10
4 0 11.1018 14.0819 -10 11.0899 13.9601 -10 10.917 13.993 -10 10.9205 14.07 -10
3 0 8.089 14.049 -10 8.138 14.098 -10 8.3305 14.287 -10
4 0 10.854 14.168 -10 10.8645 14.1085 -10 10.8645 14.0385 -10 10.7245 14.098 -10
3 0 10.8645 14.0385 -10 10.735 14.007 -10 10.7245 14.098 -10
3 0 9.188 14.1575 -10 9.209 14.168 -10 9.685 13.937 -10
4 0 9.132 14.1645 -10 9.16 14.1575 -10 9.685 13.937 -10 8.3305 14.287 -10
4 0 10.9205 14.07 -10 10.9205 14.14 -10 11.1039 14.1659 -10 11.1018 14.0819 -10
4 0 6.9515 14.0665 -10 6.983 14.168 -10 6.976 14.1225 -10 6.9655 14.091 -10
3 0 9.209 14.168 -10 9.209 14.1855 -10 9.685 13.937 -10
3 0 8.131 14.1855 -10 8.2675 14.483 -10 8.187 14.231 -10
4 0 7.676 13.909 -10 7.8055 14.07 -10 7.9455 14.203 -10 7.6165 13.8215 -10
4 0 8.138 14.098 -10 8.187 14.1505 -10 8.2395 14.203 -10 8.3305 14.287 -10
3 0 6.5735 14.035 -10 6.6085 14.1015 -10 6.9375 14.049 -10
3 0 6.6085 14.1015 -10 6.78 14.2905 -10 6.7905 14.2905 -10
3 0 6.6085 14.1015 -10 6.78 14.301 -10 6.78 14.2905 -10
3 0 9.167 14.2135 -10 9.055 14.6055 -10 9.195 14.1995 -10
4 0 10.7245 14.098 -10 10.7105 14.189 -10 10.84 14.238 -10 10.854 14.168 -10
3 0 10.7105 14.189 -10 10.693 14.245 -10 10.84 14.238 -10
4 0 11.0948 14.2639 -10 11.1039 14.1659 -10 10.9205 14.14 -10 10.917 14.203 -10
3 0 6.6575 14.21 -10 6.6925 14.2765 -10 6.6085 14.1015 -10
3 0 8.3305 14.287 -10 8.2395 14.203 -10 8.278 14.2415 -10
3 0 6.7905 14.2905 -10 6.801 14.2958 -10 6.6085 14.1015 -10
4 0 6.815 14.3045 -10 6.9375 14.049 -10 6.6085 14.1015 -10 6.801 14.2958 -10
4 0 10.693 14.245 -10 10.6685 14.301 -10 10.8085 14.3115 -10 10.84 14.238 -10
4 0 6.7835 14.315 -10 6.78 14.301 -10 6.6085 14.1015 -10 6.6925 14.2765 -10
3 0 8.306 14.322 -10 8.2675 14.483 -10 8.3445 14.35 -10
3 0 6.8465 14.329 -10 6.9375 14.049 -10 6.8325 14.315 -10
3 0 6.8465 14.329 -10 6.8605 14.3535 -10 6.9375 14.049 -10
3 0 6.7905 14.3325 -10 6.7835 14.315 -10 6.6925 14.2765 -10
3 0 9.02 14.3395 -10 8.88 14.49 -10 9.034 14.371 -10
4 0 10.917 14.203 -10 10.896 14.2765 -10 11.0808 14.3451 -10 11.0948 14.2639 -10
4 0 8.362 14.322 -10 8.3865 14.3465 -10 8.88 14.49 -10 8.3305 14.287 -10
3 0 8.3865 14.3465 -10 8.4005 14.364 -10 8.88 14.49 -10
3 0 6.815 14.3045 -10 6.8325 14.315 -10 6.9375 14.049 -10
4 0 6.9515 14.0665 -10 6.9375 14.049 -10 6.983 14.2905 -10 6.983 14.168 -10
3 0 6.983 14.2905 -10 6.9865 14.2275 -10 6.983 14.168 -10
3 0 8.3445 14.35 -10 8.2675 14.483 -10 8.369 14.364 -10
3 0 6.8605 14.3535 -10 6.8605 14.3675 -10 6.9375 14.049 -10
4 0 6.801 14.35 -10 6.7905 14.3325 -10 6.7415 14.357 -10 6.7695 14.3955 -10
4 0 6.7905 14.3325 -10 6.6925 14.2765 -10 6.7135 14.315 -10 6.7415 14.357 -10
3 0 8.369 14.364 -10 8.2675 14.483 -10 8.3865 14.371 -10
3 0 9.0515 14.3745 -10 9.055 14.6055 -10 9.0655 14.343 -10
3 0 6.7695 14.3955 -10 6.8115 14.3675 -10 6.801 14.35 -10
4 0 10.763 14.3955 -10 10.8085 14.3115 -10 10.6685 14.301 -10 10.63 14.364 -10
4 0 6.983 14.2905 -10 6.955 14.4095 -10 6.9655 14.3815 -10 6.9725 14.35 -10
4 0 11.05 14.427 -10 11.0808 14.3451 -10 10.896 14.2765 -10 10.875 14.35 -10
4 0 6.801 14.4375 -10 6.829 14.378 -10 6.8115 14.3675 -10 6.7695 14.3955 -10
4 0 10.63 14.364 -10 10.602 14.4025 -10 10.721 14.448 -10 10.763 14.3955 -10
4 0 6.8325 14.469 -10 6.843 14.378 -10 6.829 14.378 -10 6.801 14.4375 -10
4 0 6.857 14.4795 -10 6.885 14.4795 -10 6.9375 14.049 -10 6.8605 14.3675 -10
4 0 6.857 14.4795 -10 6.8605 14.3675 -10 6.843 14.378 -10 6.8325 14.469 -10
4 0 6.983 14.2905 -10 6.9375 14.049 -10 6.885 14.4795 -10 6.955 14.4095 -10
4 0 6.934 14.4445 -10 6.955 14.4095 -10 6.885 14.4795 -10 6.9095 14.4655 -10
4 0 7.9455 14.203 -10 8.0645 14.315 -10 8.2675 14.483 -10 7.6165 13.8215 -10
3 0 8.2675 14.483 -10 8.131 14.1855 -10 8.0715 14.1365 -10
4 0 7.6165 13.8215 -10 8.2675 14.483 -10 8.0715 14.1365 -10 8.012 14.077 -10
4 0 8.243 14.273 -10 8.187 14.231 -10 8.2675 14.483 -10 8.306 14.322 -10
3 0 8.4005 14.364 -10 8.404 14.3745 -10 8.88 14.49 -10
3 0 8.88 14.49 -10 9.02 14.3395 -10 9.02 14.301 -10
4 0 9.02 14.301 -10 9.027 14.2765 -10 8.3305 14.287 -10 8.88 14.49 -10
4 0 8.3865 14.371 -10 8.2675 14.483 -10 8.88 14.49 -10 8.404 14.3745 -10
3 0 9.055 14.6055 -10 9.0515 14.3745 -10 9.034 14.371 -10
4 0 9.034 14.6055 -10 9.055 14.6055 -10 9.034 14.371 -10 8.88 14.49 -10
3 0 8.88 14.49 -10 9.02 14.637 -10 9.034 14.6055 -10
4 0 9.055 14.6055 -10 9.167 14.2135 -10 9.146 14.224 -10 9.111 14.2485 -10
3 0 9.055 14.6055 -10 9.111 14.2485 -10 9.0935 14.2695 -10
4 0 9.076 14.301 -10 9.0655 14.343 -10 9.055 14.6055 -10 9.0935 14.2695 -10
4 0 9.209 14.1855 -10 9.195 14.1995 -10 9.055 14.6055 -10 9.685 13.937 -10
4 0 9.9055 14.182 -10 9.783 14.035 -10 9.685 13.937 -10 9.9895 14.2975 -10
4 0 10.602 14.4025 -10 10.574 14.434 -10 10.679 14.49 -10 10.721 14.448 -10
4 0 10.875 14.35 -10 10.847 14.399 -10 10.9975 14.518 -10 11.05 14.427 -10
4 0 10.574 14.434 -10 10.518 14.49 -10 10.63 14.539 -10 10.679 14.49 -10
4 0 8.2675 14.483 -10 8.3165 14.5215 -10 8.369 14.56 -10 8.88 14.49 -10
4 0 10.602 14.574 -10 10.63 14.539 -10 10.518 14.49 -10 10.462 14.539 -10
4 0 10.847 14.399 -10 10.812 14.4515 -10 10.9485 14.5915 -10 10.9975 14.518 -10
4 0 10.462 14.539 -10 10.406 14.5705 -10 10.581 14.602 -10 10.602 14.574 -10
4 0 8.369 14.56 -10 8.404 14.5845 -10 8.446 14.6125 -10 8.88 14.49 -10
3 0 8.446 14.6125 -10 8.502 14.651 -10 8.88 14.49 -10
3 0 10.119 14.644 -10 10.105 14.581 -10 10.084 14.5005 -10
4 0 9.951 14.763 -10 10.119 14.644 -10 9.9895 14.2975 -10 9.685 13.937 -10
4 0 10.056 14.4235 -10 9.9895 14.2975 -10 10.119 14.644 -10 10.084 14.5005 -10
3 0 8.502 14.651 -10 8.5545 14.6895 -10 8.88 14.49 -10
4 0 10.812 14.4515 -10 10.763 14.5075 -10 10.875 14.6685 -10 10.9485 14.5915 -10
3 0 8.2885 14.5845 -10 8.2675 14.5775 -10 8.2605 14.63 -10
4 0 8.348 14.616 -10 8.2885 14.5845 -10 8.2605 14.63 -10 8.257 14.665 -10
3 0 8.348 14.616 -10 8.3165 14.5985 -10 8.2885 14.5845 -10
3 0 8.257 14.665 -10 8.3725 14.6335 -10 8.348 14.616 -10
4 0 8.411 14.658 -10 8.3725 14.6335 -10 8.257 14.665 -10 8.446 14.6825 -10
4 0 10.77 14.7385 -10 10.875 14.6685 -10 10.763 14.5075 -10 10.7105 14.5565 -10
4 0 8.5545 14.6895 -10 8.6105 14.7315 -10 8.649 14.7595 -10 8.88 14.49 -10
3 0 8.649 14.7595 -10 8.6805 14.7875 -10 8.88 14.49 -10
4 0 8.446 14.6825 -10 8.558 14.77 -10 8.5125 14.7315 -10 8.481 14.707 -10
4 0 8.593 14.798 -10 8.558 14.77 -10 8.446 14.6825 -10 8.257 14.665 -10
4 0 9.02 14.637 -10 8.88 14.49 -10 8.978 14.77 -10 9.006 14.7 -10
3 0 9.951 14.763 -10 9.9755 14.77 -10 10.119 14.644 -10
3 0 9.9335 14.777 -10 9.3 14.84 -10 9.923 14.798 -10
3 0 10.77 14.7385 -10 10.7105 14.5565 -10 10.665 14.588 -10
3 0 8.6805 14.7875 -10 8.712 14.8225 -10 8.88 14.49 -10
3 0 9.923 14.798 -10 9.3 14.84 -10 9.923 14.833 -10
3 0 9.986 14.798 -10 10.119 14.644 -10 9.9755 14.77 -10
3 0 10.637 14.609 -10 10.637 14.798 -10 10.679 14.7805 -10
4 0 10.77 14.7385 -10 10.665 14.588 -10 10.637 14.609 -10 10.679 14.7805 -10
4 0 10.637 14.609 -10 10.609 14.63 -10 10.6006 14.8064 -10 10.637 14.798 -10
4 0 8.2955 15.015 -10 8.257 14.665 -10 8.257 14.7 -10 8.2675 14.875 -10
4 0 8.2675 14.875 -10 8.257 14.7 -10 8.257 14.77 -10 8.2605 14.812 -10
3 0 8.712 14.8225 -10 8.7295 14.8435 -10 8.88 14.49 -10
3 0 9.993 14.826 -10 10.119 14.644 -10 9.986 14.798 -10
3 0 9.993 14.826 -10 9.993 14.861 -10 10.119 14.644 -10
3 0 9.02 14.8295 -10 9.3 14.84 -10 9.048 14.749 -10
3 0 9.062 14.63 -10 9.048 14.749 -10 9.3 14.84 -10
4 0 9.951 14.763 -10 9.685 13.937 -10 9.3 14.84 -10 9.9335 14.777 -10
4 0 9.3 14.84 -10 9.685 13.937 -10 9.055 14.6055 -10 9.062 14.63 -10
4 0 9.923 14.833 -10 9.3 14.84 -10 9.909 14.987 -10 9.9265 14.875 -10
3 0 9.3 14.84 -10 9.902 15.015 -10 9.909 14.987 -10
3 0 9.3 14.84 -10 9.909 15.0325 -10 9.902 15.015 -10
4 0 8.985 15.183 -10 9.951 15.3405 -10 9.93 15.036 -10 9.3 14.84 -10
3 0 10.119 14.644 -10 10.119 14.924 -10 10.14 14.9128 -10
4 0 10.252 14.637 -10 10.5845 14.623 -10 10.581 14.602 -10 10.406 14.5705 -10
4 0 10.4305 14.8855 -10 10.441 14.875 -10 10.609 14.63 -10 10.252 14.637 -10
3 0 10.609 14.63 -10 10.5845 14.623 -10 10.252 14.637 -10
3 0 10.252 14.637 -10 10.4305 14.91 -10 10.4305 14.8855 -10
4 0 8.859 14.973 -10 8.88 14.49 -10 8.7295 14.8435 -10 8.74 14.8645 -10
3 0 9.993 14.861 -10 9.9818 14.91 -10 10.119 14.644 -10
4 0 10.609 14.63 -10 10.441 14.875 -10 10.4585 14.8855 -10 10.6006 14.8064 -10
3 0 10.4585 14.8855 -10 10.602 14.826 -10 10.6006 14.8064 -10
4 0 8.81 15.071 -10 8.7365 14.9135 -10 8.712 14.8995 -10 8.257 14.665 -10
4 0 10.4795 14.91 -10 10.623 14.875 -10 10.602 14.826 -10 10.4585 14.8855 -10
4 0 10.119 14.924 -10 10.119 14.644 -10 9.951 15.3405 -10 10.105 14.98 -10
4 0 10.623 14.875 -10 10.4795 14.91 -10 10.497 14.931 -10 10.637 14.917 -10
3 0 8.74 14.8645 -10 8.747 14.882 -10 8.859 14.973 -10
4 0 8.7505 14.903 -10 8.81 15.071 -10 8.859 14.973 -10 8.747 14.882 -10
4 0 8.859 14.973 -10 8.922 14.868 -10 8.978 14.77 -10 8.88 14.49 -10
3 0 8.257 14.665 -10 8.6315 14.8295 -10 8.593 14.798 -10
4 0 8.257 14.665 -10 8.712 14.8995 -10 8.6735 14.8645 -10 8.6315 14.8295 -10
3 0 8.257 14.665 -10 8.782 15.162 -10 8.81 15.071 -10
3 0 8.257 14.665 -10 8.754 15.267 -10 8.782 15.162 -10
4 0 10.651 14.98 -10 10.637 14.917 -10 10.497 14.931 -10 10.525 14.973 -10
4 0 9.9265 14.875 -10 9.909 14.987 -10 9.923 14.952 -10 9.93 14.917 -10
3 0 9.958 14.994 -10 9.951 15.3405 -10 9.972 14.952 -10
4 0 10.189 14.952 -10 10.196 15.001 -10 10.2639 15.1081 -10 10.252 14.637 -10
3 0 9.944 15.022 -10 9.951 15.3405 -10 9.958 14.994 -10
3 0 10.651 14.98 -10 10.525 14.973 -10 10.539 15.022 -10
4 0 10.546 15.057 -10 10.658 15.029 -10 10.651 14.98 -10 10.539 15.022 -10
3 0 9.909 15.0325 -10 9.93 15.036 -10 9.3 14.84 -10
3 0 9.93 15.036 -10 9.951 15.3405 -10 9.944 15.022 -10
4 0 10.119 14.644 -10 10.14 14.9128 -10 10.168 14.924 -10 10.252 14.637 -10
3 0 10.168 14.924 -10 10.189 14.952 -10 10.252 14.637 -10
4 0 10.252 14.637 -10 10.2856 15.092 -10 10.301 15.092 -10 10.49 15.064 -10
3 0 10.252 14.637 -10 10.2639 15.1081 -10 10.2856 15.092 -10
4 0 8.327 15.12 -10 8.355 15.19 -10 8.2955 15.015 -10 8.3095 15.064 -10
3 0 10.49 15.064 -10 10.476 15.001 -10 10.4515 14.952 -10
4 0 10.252 14.637 -10 10.49 15.064 -10 10.4515 14.952 -10 10.4305 14.91 -10
3 0 8.81 15.071 -10 8.7505 14.903 -10 8.7365 14.9135 -10
3 0 8.88 15.0815 -10 8.922 15.211 -10 8.943 15.183 -10
3 0 10.196 15.05 -10 10.189 15.099 -10 10.2485 15.148 -10
4 0 10.196 15.001 -10 10.196 15.05 -10 10.2485 15.148 -10 10.2639 15.1081 -10
3 0 8.2675 14.875 -10 8.278 14.945 -10 8.2955 15.015 -10
3 0 10.49 15.064 -10 10.301 15.092 -10 10.322 15.12 -10
4 0 10.553 15.19 -10 10.637 15.141 -10 10.658 15.092 -10 10.553 15.12 -10
4 0 10.658 15.029 -10 10.546 15.057 -10 10.553 15.12 -10 10.658 15.092 -10
4 0 9.9818 14.91 -10 9.972 14.952 -10 9.951 15.3405 -10 10.119 14.644 -10
3 0 8.964 15.169 -10 8.978 15.169 -10 9.3 14.84 -10
4 0 8.943 15.183 -10 8.964 15.169 -10 8.964 14.931 -10 8.88 15.0815 -10
4 0 9.02 14.8295 -10 8.964 14.931 -10 8.964 15.169 -10 9.3 14.84 -10
3 0 8.978 15.169 -10 8.985 15.183 -10 9.3 14.84 -10
3 0 10.056 15.169 -10 10.091 15.071 -10 10.105 14.98 -10
4 0 10.056 15.169 -10 10.105 14.98 -10 9.951 15.3405 -10 10.007 15.26 -10
3 0 10.2485 15.148 -10 10.189 15.099 -10 10.168 15.169 -10
4 0 10.3304 15.2117 -10 10.49 15.19 -10 10.4935 15.134 -10 10.3304 15.1662 -10
4 0 10.49 15.064 -10 10.322 15.12 -10 10.3304 15.1662 -10 10.4935 15.134 -10
3 0 10.553 15.19 -10 10.616 15.204 -10 10.637 15.141 -10
4 0 8.922 15.211 -10 8.88 15.0815 -10 8.831 15.246 -10 8.908 15.239 -10
3 0 8.831 15.246 -10 8.894 15.281 -10 8.908 15.239 -10
3 0 8.831 15.246 -10 8.8905 15.316 -10 8.894 15.281 -10
4 0 10.2485 15.148 -10 10.168 15.169 -10 10.238 15.239 -10 10.2485 15.183 -10
4 0 10.56 15.26 -10 10.616 15.246 -10 10.616 15.204 -10 10.553 15.19 -10
4 0 10.3255 15.267 -10 10.469 15.295 -10 10.49 15.19 -10 10.3304 15.2117 -10
4 0 10.196 15.33 -10 10.217 15.295 -10 10.154 15.253 -10 10.147 15.302 -10
4 0 10.168 15.169 -10 10.154 15.253 -10 10.217 15.295 -10 10.238 15.239 -10
4 0 10.616 15.246 -10 10.56 15.26 -10 10.574 15.302 -10 10.6265 15.288 -10
4 0 9.902 15.4175 -10 9.951 15.3405 -10 8.985 15.183 -10 8.978 15.2075 -10
4 0 8.9535 15.26 -10 8.9444 15.288 -10 8.978 15.2075 -10 8.964 15.2341 -10
3 0 8.9444 15.288 -10 8.9402 15.316 -10 8.978 15.2075 -10
3 0 8.978 15.2075 -10 9.44 15.7815 -10 9.4995 15.736 -10
3 0 8.978 15.2075 -10 9.405 15.827 -10 9.44 15.7815 -10
3 0 8.8905 15.344 -10 8.81 15.407 -10 8.8905 15.379 -10
4 0 10.595 15.344 -10 10.637 15.33 -10 10.6265 15.288 -10 10.574 15.302 -10
4 0 10.301 15.358 -10 10.448 15.351 -10 10.469 15.295 -10 10.3255 15.267 -10
4 0 8.9402 15.316 -10 8.9381 15.344 -10 8.9381 15.379 -10 8.978 15.2075 -10
4 0 10.616 15.379 -10 10.6405 15.372 -10 10.637 15.33 -10 10.595 15.344 -10
3 0 10.616 15.379 -10 10.637 15.4 -10 10.6405 15.372 -10
3 0 8.74 15.386 -10 8.614 15.694 -10 8.74 15.484 -10
4 0 8.8905 15.316 -10 8.831 15.246 -10 8.81 15.407 -10 8.8905 15.344 -10
3 0 8.81 15.407 -10 8.894 15.4105 -10 8.8905 15.379 -10
3 0 8.81 15.407 -10 8.901 15.435 -10 8.894 15.4105 -10
4 0 8.81 15.407 -10 8.943 15.988 -10 8.9115 15.47 -10 8.901 15.435 -10
4 0 10.147 15.302 -10 10.147 15.351 -10 10.161 15.414 -10 10.196 15.33 -10
4 0 10.168 15.4315 -10 10.1785 15.442 -10 10.182 15.421 -10 10.1855 15.379 -10
4 0 10.161 15.414 -10 10.168 15.4315 -10 10.1855 15.379 -10 10.196 15.33 -10
4 0 8.9381 15.379 -10 8.9395 15.4105 -10 8.943 15.4385 -10 8.978 15.2075 -10
3 0 8.943 15.4385 -10 8.943 15.463 -10 8.978 15.2075 -10
3 0 10.273 15.4245 -10 10.3885 15.4595 -10 10.42 15.407 -10
4 0 10.448 15.351 -10 10.301 15.358 -10 10.273 15.4245 -10 10.42 15.407 -10
3 0 8.9115 15.47 -10 8.943 15.988 -10 8.9325 15.477 -10
3 0 8.74 15.484 -10 8.614 15.694 -10 8.747 15.596 -10
4 0 8.4495 15.4 -10 8.502 15.505 -10 8.355 15.19 -10 8.383 15.26 -10
4 0 8.2955 15.015 -10 8.355 15.19 -10 8.502 15.505 -10 8.257 14.665 -10
4 0 10.357 15.512 -10 10.3885 15.4595 -10 10.273 15.4245 -10 10.238 15.4875 -10
4 0 9.6101 15.6618 -10 9.7809 15.5267 -10 9.902 15.4175 -10 8.978 15.2075 -10
4 0 10.301 15.5785 -10 10.357 15.512 -10 10.238 15.4875 -10 10.2135 15.533 -10
4 0 10.2135 15.533 -10 10.1855 15.5855 -10 10.2625 15.624 -10 10.301 15.5785 -10
4 0 8.614 15.694 -10 8.257 14.665 -10 8.502 15.505 -10 8.5405 15.575 -10
4 0 8.257 14.665 -10 8.614 15.694 -10 8.74 15.386 -10 8.754 15.267 -10
3 0 8.614 15.694 -10 8.761 15.687 -10 8.747 15.596 -10
3 0 8.614 15.694 -10 8.5405 15.575 -10 8.5965 15.666 -10
4 0 10.1855 15.5855 -10 10.161 15.638 -10 10.2415 15.659 -10 10.2625 15.624 -10
4 0 10.1995 15.729 -10 10.2415 15.659 -10 10.161 15.638 -10 10.14 15.694 -10
4 0 8.838 15.701 -10 8.873 15.806 -10 8.943 15.988 -10 8.824 15.61 -10
3 0 8.978 15.2075 -10 9.4995 15.736 -10 9.6101 15.6618 -10
3 0 10.14 15.694 -10 10.147 15.743 -10 10.1995 15.729 -10
4 0 10.1995 15.729 -10 10.147 15.743 -10 10.1715 15.799 -10 10.196 15.778 -10
3 0 10.1715 15.799 -10 10.1995 15.8165 -10 10.196 15.778 -10
3 0 8.621 15.7185 -10 8.6245 15.7535 -10 8.7085 15.82 -10
3 0 8.7085 15.82 -10 8.614 15.694 -10 8.621 15.7185 -10
4 0 8.614 15.694 -10 8.7085 15.82 -10 8.733 15.82 -10 8.761 15.687 -10
4 0 8.733 15.82 -10 8.733 15.8445 -10 8.7995 15.799 -10 8.761 15.687 -10
3 0 8.943 15.988 -10 8.978 15.2075 -10 8.943 15.463 -10
3 0 8.943 15.463 -10 8.9325 15.477 -10 8.943 15.988 -10
4 0 8.81 15.519 -10 8.824 15.61 -10 8.943 15.988 -10 8.81 15.407 -10
4 0 9.356 15.918 -10 8.978 15.2075 -10 8.943 15.988 -10 9.342 15.988 -10
3 0 8.943 15.988 -10 9.349 16.072 -10 9.342 15.988 -10
3 0 7.8055 15.904 -10 7.809 15.8935 -10 7.781 15.8305 -10
4 0 7.6445 15.8375 -10 7.8055 15.904 -10 7.781 15.8305 -10 7.711 15.8305 -10
4 0 8.6245 15.7535 -10 8.607 15.7885 -10 8.6903 15.8375 -10 8.7085 15.82 -10
3 0 8.558 15.848 -10 8.6735 15.855 -10 8.586 15.8235 -10
3 0 8.5125 15.855 -10 8.383 15.9215 -10 8.4145 15.9215 -10
4 0 8.607 15.7885 -10 8.586 15.8235 -10 8.6735 15.855 -10 8.6903 15.8375 -10
3 0 7.4842 15.8585 -10 7.2385 16.1455 -10 7.5675 15.855 -10
3 0 7.277 15.883 -10 7.263 15.9215 -10 7.2875 15.9215 -10
3 0 7.2385 16.1455 -10 7.4842 15.8585 -10 7.417 15.8585 -10
4 0 7.3015 15.9495 -10 7.2385 16.1455 -10 7.417 15.8585 -10 7.312 15.9355 -10
4 0 7.3085 15.925 -10 7.312 15.9355 -10 7.417 15.8585 -10 7.354 15.8655 -10
3 0 7.5675 15.855 -10 7.5745 16.0475 -10 7.6025 16.044 -10
4 0 7.823 15.9145 -10 7.5675 15.855 -10 7.8335 16.051 -10 7.83 15.974 -10
4 0 7.935 16.0405 -10 7.83 15.974 -10 7.8335 16.051 -10 7.8755 16.0475 -10
3 0 7.5675 15.855 -10 7.5535 16.058 -10 7.5745 16.0475 -10
3 0 7.5675 15.855 -10 7.809 16.058 -10 7.8335 16.051 -10
3 0 7.5675 15.855 -10 7.76 16.072 -10 7.809 16.058 -10
4 0 8.425 15.9215 -10 8.691 15.869 -10 8.6735 15.855 -10 8.558 15.848 -10
4 0 7.8433 15.8907 -10 7.893 15.841 -10 7.8475 15.8375 -10 7.8265 15.8865 -10
4 0 7.8475 15.8375 -10 7.781 15.8305 -10 7.809 15.8935 -10 7.8265 15.8865 -10
4 0 7.858 15.897 -10 7.9455 15.848 -10 7.893 15.841 -10 7.8433 15.8907 -10
4 0 8.075 15.855 -10 7.9455 15.848 -10 8.0295 15.897 -10 8.0505 15.897 -10
4 0 8.019 15.9005 -10 8.0295 15.897 -10 7.9455 15.848 -10 7.858 15.897 -10
3 0 8.096 15.904 -10 8.173 15.8585 -10 8.075 15.855 -10
4 0 8.0715 15.9005 -10 8.096 15.904 -10 8.075 15.855 -10 8.0505 15.897 -10
4 0 8.019 15.9005 -10 7.858 15.897 -10 7.8545 15.911 -10 8.019 15.9075 -10
3 0 7.823 15.9145 -10 7.83 15.974 -10 7.8405 15.9145 -10
4 0 8.096 15.904 -10 8.1275 15.911 -10 8.1555 15.9145 -10 8.173 15.8585 -10
4 0 8.1975 15.918 -10 8.285 15.8585 -10 8.173 15.8585 -10 8.1555 15.9145 -10
3 0 9.356 15.918 -10 9.405 15.827 -10 8.978 15.2075 -10
3 0 8.0295 15.9215 -10 7.83 15.974 -10 8.0435 15.9285 -10
4 0 8.236 15.9215 -10 8.285 15.9215 -10 8.285 15.8585 -10 8.1975 15.918 -10
4 0 8.285 15.8585 -10 8.285 15.9215 -10 8.334 15.9215 -10 8.432 15.8585 -10
4 0 8.5125 15.855 -10 8.432 15.8585 -10 8.334 15.9215 -10 8.383 15.9215 -10
4 0 8.425 15.9215 -10 8.558 15.848 -10 8.5125 15.855 -10 8.4145 15.9215 -10
4 0 7.3085 15.925 -10 7.354 15.8655 -10 7.277 15.883 -10 7.2875 15.9215 -10
3 0 7.2455 15.9285 -10 7.263 15.9215 -10 7.277 15.883 -10
3 0 8.0435 15.9285 -10 7.83 15.974 -10 8.0645 15.9355 -10
3 0 8.0645 15.9355 -10 7.83 15.974 -10 8.0855 15.9425 -10
4 0 7.137 15.939 -10 7.2315 15.9495 -10 7.2315 15.939 -10 7.207 15.904 -10
4 0 7.2455 15.9285 -10 7.277 15.883 -10 7.207 15.904 -10 7.2315 15.939 -10
3 0 8.397 15.9425 -10 8.866 16.107 -10 8.418 15.9366 -10
3 0 8.369 15.9495 -10 8.866 16.107 -10 8.397 15.9425 -10
3 0 8.313 15.953 -10 8.866 16.107 -10 8.369 15.9495 -10
3 0 7.242 15.96 -10 7.0565 16.0265 -10 7.2665 15.9705 -10
4 0 8.866 16.107 -10 8.733 15.8445 -10 8.712 15.855 -10 8.691 15.869 -10
4 0 8.8485 15.925 -10 8.7995 15.799 -10 8.866 16.107 -10 8.873 16.023 -10
3 0 8.7995 15.799 -10 8.733 15.8445 -10 8.866 16.107 -10
3 0 7.2875 15.9635 -10 7.2385 16.1455 -10 7.3015 15.9495 -10
4 0 7.6445 15.8375 -10 7.5675 15.855 -10 7.823 15.9145 -10 7.8055 15.904 -10
3 0 7.83 15.974 -10 8.0295 15.9215 -10 8.019 15.9075 -10
4 0 7.8545 15.911 -10 7.8405 15.9145 -10 7.83 15.974 -10 8.019 15.9075 -10
4 0 8.117 15.9495 -10 8.0855 15.9425 -10 7.83 15.974 -10 8.145 15.9565 -10
3 0 7.83 15.974 -10 7.935 16.0405 -10 8.005 16.0405 -10
3 0 8.873 16.023 -10 8.8695 15.9775 -10 8.8485 15.925 -10
4 0 7.0565 16.0265 -10 7.102 15.96 -10 7.074 15.988 -10 7.06 16.009 -10
3 0 7.0565 16.0265 -10 7.242 15.96 -10 7.2315 15.9495 -10
4 0 7.137 15.939 -10 7.102 15.96 -10 7.0565 16.0265 -10 7.2315 15.9495 -10
3 0 7.2385 16.1455 -10 7.2875 15.9635 -10 7.2665 15.9705 -10
4 0 7.0565 16.0265 -10 7.1615 16.114 -10 7.2385 16.1455 -10 7.2665 15.9705 -10
4 0 7.2385 16.1455 -10 7.508 16.1035 -10 7.529 16.0755 -10 7.5675 15.855 -10
4 0 7.41 16.1805 -10 7.494 16.1315 -10 7.508 16.1035 -10 7.2385 16.1455 -10
3 0 8.691 15.869 -10 8.425 15.9215 -10 8.425 15.932 -10
4 0 8.691 15.869 -10 8.425 15.932 -10 8.418 15.9366 -10 8.866 16.107 -10
4 0 8.866 16.107 -10 8.313 15.953 -10 8.25 15.9565 -10 8.1975 15.96 -10
4 0 8.866 16.107 -10 8.1975 15.96 -10 8.145 15.9565 -10 7.83 15.974 -10
3 0 8.005 16.0405 -10 8.103 16.044 -10 7.83 15.974 -10
3 0 7.6025 16.044 -10 7.6305 16.051 -10 7.5675 15.855 -10
3 0 8.103 16.044 -10 8.187 16.0545 -10 7.83 15.974 -10
4 0 7.648 16.058 -10 7.6935 16.0755 -10 7.5675 15.855 -10 7.6305 16.051 -10
3 0 7.529 16.0755 -10 7.5535 16.058 -10 7.5675 15.855 -10
3 0 7.648 16.058 -10 7.6725 16.072 -10 7.6935 16.0755 -10
4 0 7.83 15.974 -10 8.187 16.0545 -10 8.3025 16.0755 -10 8.866 16.107 -10
3 0 8.3025 16.0755 -10 8.425 16.1 -10 8.866 16.107 -10
4 0 7.7194 16.0776 -10 7.76 16.072 -10 7.5675 15.855 -10 7.6935 16.0755 -10
3 0 8.425 16.1 -10 8.544 16.128 -10 8.866 16.107 -10
4 0 7.088 16.065 -10 7.1615 16.114 -10 7.0565 16.0265 -10 7.0635 16.044 -10
3 0 7.088 16.065 -10 7.1265 16.093 -10 7.1615 16.114 -10
4 0 8.635 16.156 -10 8.761 16.177 -10 8.866 16.107 -10 8.544 16.128 -10
4 0 7.2385 16.1455 -10 7.326 16.1665 -10 7.375 16.177 -10 7.41 16.1805 -10
4 0 7.41 16.1805 -10 7.452 16.177 -10 7.4695 16.163 -10 7.494 16.1315 -10
4 0 8.866 16.107 -10 8.761 16.177 -10 8.803 16.1756 -10 8.838 16.156 -10
3 0 8.943 15.988 -10 9.328 16.415 -10 9.349 16.373 -10
4 0 9.349 16.072 -10 8.943 15.988 -10 9.447 16.2722 -10 9.419 16.205 -10
4 0 9.1285 16.485 -10 9.328 16.415 -10 9.1201 16.3198 -10 9.1117 16.3562 -10
3 0 9.1117 16.3562 -10 9.076 16.506 -10 9.111 16.485 -10
4 0 9.3735 16.373 -10 9.447 16.2722 -10 8.943 15.988 -10 9.349 16.373 -10
4 0 9.447 16.2722 -10 9.3735 16.373 -10 9.377 16.394 -10 9.454 16.38 -10
4 0 9.118 16.289 -10 9.328 16.415 -10 8.943 15.988 -10 9.034 16.163 -10
3 0 9.118 16.289 -10 9.1201 16.3198 -10 9.328 16.415 -10
3 0 9.447 16.45 -10 9.454 16.38 -10 9.377 16.394 -10
4 0 9.363 16.4115 -10 9.433 16.471 -10 9.447 16.45 -10 9.377 16.394 -10
4 0 9.433 16.471 -10 9.363 16.4115 -10 9.342 16.4255 -10 9.398 16.499 -10
3 0 9.1117 16.3562 -10 9.111 16.485 -10 9.1285 16.485 -10
4 0 9.328 16.415 -10 9.2195 16.611 -10 9.398 16.499 -10 9.342 16.4255 -10
4 0 9.2195 16.611 -10 9.328 16.415 -10 9.1285 16.485 -10 9.1285 16.499 -10
4 0 9.2195 16.611 -10 9.1285 16.499 -10 9.1145 16.5165 -10 9.0725 16.7125 -10
3 0 8.957 16.6145 -10 9.076 16.506 -10 9.1117 16.3562 -10
4 0 8.992 16.492 -10 8.852 16.716 -10 8.957 16.6145 -10 9.1117 16.3562 -10
4 0 9.1145 16.5165 -10 8.9885 16.646 -10 8.971 16.814 -10 9.0725 16.7125 -10
4 0 8.859 16.7615 -10 8.971 16.814 -10 8.9885 16.646 -10 8.873 16.7475 -10
4 0 8.852 16.716 -10 8.992 16.492 -10 8.817 16.653 -10 8.8415 16.73 -10
4 0 8.817 16.653 -10 8.7099 16.744 -10 8.8205 16.7755 -10 8.8415 16.73 -10
4 0 8.971 16.814 -10 8.859 16.7615 -10 8.8205 16.7755 -10 8.852 16.94 -10
3 0 8.8205 16.7755 -10 8.6455 16.8735 -10 8.656 16.8735 -10
4 0 8.7099 16.744 -10 8.5321 16.8826 -10 8.614 16.8875 -10 8.628 16.877 -10
3 0 8.5321 16.8826 -10 8.5965 16.9085 -10 8.614 16.8875 -10
3 0 8.5321 16.8826 -10 8.593 16.919 -10 8.5965 16.9085 -10
3 0 8.656 16.8735 -10 8.656 16.884 -10 8.8205 16.7755 -10
4 0 8.6455 16.8735 -10 8.8205 16.7755 -10 8.7099 16.744 -10 8.628 16.877 -10
4 0 8.6525 16.7839 -10 8.5776 16.8406 -10 8.5321 16.8826 -10 8.7099 16.744 -10
3 0 8.656 16.884 -10 8.656 16.8945 -10 8.8205 16.7755 -10
4 0 8.4558 16.9988 -10 8.495 17.115 -10 8.6035 16.9295 -10 8.5944 16.9295 -10
3 0 8.6035 16.9295 -10 8.495 17.115 -10 8.6175 16.9295 -10
3 0 8.6175 16.9295 -10 8.495 17.115 -10 8.642 16.912 -10
4 0 8.852 16.94 -10 8.8205 16.7755 -10 8.495 17.115 -10 8.824 16.975 -10
3 0 8.5944 16.9295 -10 8.593 16.919 -10 8.5321 16.8826 -10
4 0 8.5111 16.905 -10 8.4957 16.9267 -10 8.4824 16.9554 -10 8.5321 16.8826 -10
3 0 8.824 16.975 -10 8.495 17.115 -10 8.81 17.01 -10
4 0 8.495 17.115 -10 8.8205 16.7755 -10 8.656 16.8945 -10 8.642 16.912 -10
3 0 8.3851 17.059 -10 8.495 17.115 -10 8.4187 17.0359 -10
3 0 8.803 17.031 -10 8.81 17.01 -10 8.495 17.115 -10
4 0 8.761 17.087 -10 8.7855 17.0625 -10 8.803 17.031 -10 8.495 17.115 -10
3 0 8.3501 17.0821 -10 8.495 17.115 -10 8.3851 17.059 -10
3 0 8.4558 16.9988 -10 8.4187 17.0359 -10 8.495 17.115 -10
4 0 8.5321 16.8826 -10 8.4824 16.9554 -10 8.4558 16.9988 -10 8.5944 16.9295 -10
3 0 8.495 17.115 -10 8.642 17.206 -10 8.642 17.178 -10
4 0 8.2941 17.1199 -10 8.495 17.115 -10 8.3501 17.0821 -10 8.32 17.101 -10
3 0 8.495 17.115 -10 8.705 17.122 -10 8.761 17.087 -10
4 0 8.656 17.157 -10 8.6861 17.136 -10 8.705 17.122 -10 8.495 17.115 -10
3 0 8.642 17.178 -10 8.656 17.157 -10 8.495 17.115 -10
4 0 8.3431 17.1899 -10 8.495 17.115 -10 8.2941 17.1199 -10 8.3333 17.1808 -10
4 0 8.3333 17.1808 -10 8.2941 17.1199 -10 8.2724 17.1444 -10 8.3116 17.1808 -10
3 0 8.3431 17.1899 -10 8.3459 17.2018 -10 8.495 17.115 -10
3 0 8.3459 17.2018 -10 8.3473 17.2151 -10 8.495 17.115 -10
3 0 8.2171 17.1997 -10 8.2773 17.2081 -10 8.292 17.1899 -10
4 0 8.3116 17.1808 -10 8.2724 17.1444 -10 8.2171 17.1997 -10 8.292 17.1899 -10
4 0 8.39 17.374 -10 8.327 17.2305 -10 8.3123 17.2298 -10 8.299 17.2305 -10
3 0 8.327 17.2305 -10 8.39 17.374 -10 8.3403 17.2228 -10
4 0 8.2486 17.2438 -10 8.2605 17.2298 -10 8.2773 17.2081 -10 8.2171 17.1997 -10
4 0 8.1625 17.2669 -10 8.2437 17.2585 -10 8.2486 17.2438 -10 8.2171 17.1997 -10
3 0 8.2444 17.2781 -10 8.1506 17.3019 -10 8.2612 17.2844 -10
3 0 8.2801 17.2823 -10 8.39 17.374 -10 8.2906 17.2767 -10
4 0 8.3473 17.2151 -10 8.3403 17.2228 -10 8.39 17.374 -10 8.495 17.115 -10
3 0 8.299 17.2305 -10 8.292 17.2424 -10 8.39 17.374 -10
4 0 8.2899 17.2585 -10 8.2906 17.2767 -10 8.39 17.374 -10 8.292 17.2424 -10
4 0 8.642 17.206 -10 8.663 17.3005 -10 8.663 17.255 -10 8.656 17.2305 -10
4 0 8.6473 17.318 -10 8.663 17.3005 -10 8.642 17.206 -10 8.495 17.115 -10
4 0 8.1506 17.3019 -10 8.2444 17.2781 -10 8.2437 17.2585 -10 8.1625 17.2669 -10
4 0 8.1513 17.3334 -10 8.1667 17.346 -10 8.1933 17.3537 -10 8.1506 17.3019 -10
4 0 8.53 17.36 -10 8.6175 17.332 -10 8.39 17.374 -10 8.495 17.367 -10
4 0 8.6473 17.318 -10 8.495 17.115 -10 8.39 17.374 -10 8.6175 17.332 -10
4 0 8.1506 17.3019 -10 8.39 17.374 -10 8.2801 17.2823 -10 8.2612 17.2844 -10
4 0 8.39 17.374 -10 8.1506 17.3019 -10 8.1933 17.3537 -10 8.278 17.367 -10
0 // Dark red faces
4 320 -5.4 1.4 -10 2.8208 1.6367 -10 3.6614 1.5257 -10 4.5 1.4 -10
4 320 -5.4 1.4 -10 1.1343 1.8146 -10 1.9783 1.733 -10 2.8208 1.6367 -10
4 320 -5.4 1.4 -10 -.5573 1.9332 -10 .289 1.8813 -10 1.1343 1.8146 -10
4 320 -5.4 1.4 -10 -2.2521 1.9926 -10 -1.4044 1.9703 -10 -.5573 1.9332 -10
4 320 -5.4 1.4 -10 -5.4 2 -10 -3.1 2 -10 -2.2521 1.9926 -10
4 320 -5.4 1.4 -10 -5.7366 1.4584 -10 -5.5347 2.0233 -10 -5.4 2 -10
4 320 -6.034 1.6266 -10 -5.6536 2.0907 -10 -5.5347 2.0233 -10 -5.7366 1.4584 -10
4 320 -6.034 1.6266 -10 -6.2573 1.8852 -10 -5.7429 2.1941 -10 -5.6536 2.0907 -10
4 320 -9.1627 2.0298 -10 -8.5917 1.9322 -10 -8.7155 1.4 -10 -9.3 1.4 -10
4 320 -9.1627 2.0298 -10 -8.9587 2.6413 -10 -8.4151 2.4492 -10 -8.5917 1.9322 -10
4 320 -6.3806 2.2039 -10 -5.7922 2.3215 -10 -5.7429 2.1941 -10 -6.2573 1.8852 -10
4 320 -6.3806 2.2039 -10 -6.4334 2.5009 -10 -5.8703 2.8085 -10 -5.7922 2.3215 -10
4 320 7.65 2.2133 -10 7.7324 2.4814 -10 8.2806 2.3129 -10 8 1.4 -10
3 320 7.65 2.2133 -10 8 1.4 -10 7.4 1.4 -10
4 320 7.65 2.2133 -10 7.4 1.4 -10 6.5699 2.4219 -10 7.2 2.7314 -10
4 320 -6.4733 2.8 -10 -5.9106 3.3 -10 -5.8703 2.8085 -10 -6.4334 2.5009 -10
4 320 -6.4733 2.8 -10 -6.511 3.2993 -10 -5.9126 3.8007 -10 -5.9106 3.3 -10
4 320 8.5565 2.9084 -10 8.2806 2.3129 -10 7.7324 2.4814 -10 8.0009 3.0982 -10
4 320 8.5565 2.9084 -10 8.0009 3.0982 -10 8.4 3.6396 -10 8.9818 3.4081 -10
4 320 -8.6902 3.2274 -10 -8.1873 2.9458 -10 -8.4151 2.4492 -10 -8.9587 2.6413 -10
4 320 -8.6902 3.2274 -10 -8.3924 3.7332 -10 -7.9107 3.417 -10 -8.1873 2.9458 -10
4 320 -8.6902 3.2274 -10 -9.0695 3.5277 -10 -8.8204 4.054 -10 -8.3924 3.7332 -10
4 320 6.289 3.5693 -10 7.2 2.7314 -10 6.5699 2.4219 -10 5.5826 3.2929 -10
4 320 6.289 3.5693 -10 5.5826 3.2929 -10 4.4854 4.0206 -10 5.2802 4.2867 -10
4 320 -9.4873 3.7716 -10 -9.2874 4.3148 -10 -8.8204 4.054 -10 -9.0695 3.5277 -10
4 320 -9.4873 3.7716 -10 -9.9353 3.9541 -10 -9.7851 4.511 -10 -9.2874 4.3148 -10
4 320 9.5255 3.7756 -10 8.9818 3.4081 -10 8.4 3.6396 -10 9.1477 4.225 -10
4 320 9.5255 3.7756 -10 9.1477 4.225 -10 10.0409 4.5474 -10 10.1478 3.984 -10
4 320 -6.513 3.8 -10 -5.8756 4.3 -10 -5.9126 3.8007 -10 -6.511 3.2993 -10
4 320 -6.513 3.8 -10 -6.4702 4.3811 -10 -5.8082 4.7494 -10 -5.8756 4.3 -10
4 320 -7.5881 3.858 -10 -7.9107 3.417 -10 -8.3924 3.7332 -10 -7.9368 4.3394 -10
4 320 -7.5881 3.858 -10 -7.9368 4.3394 -10 -7.4085 4.8834 -10 -7.2228 4.2643 -10
4 320 -10.4046 4.0717 -10 -10.3044 4.6391 -10 -9.7851 4.511 -10 -9.9353 3.9541 -10
4 320 -10.4046 4.0717 -10 -13.3792 4.5969 -10 -13.481 5.2 -10 -10.3044 4.6391 -10
4 320 13.3792 4.5969 -10 10.1478 3.984 -10 10.0409 4.5474 -10 12.9 5.0898 -10
3 320 13.3792 4.5969 -10 12.9 5.0898 -10 13.481 5.2 -10
4 320 -6.8185 4.6317 -10 -7.2228 4.2643 -10 -7.4085 4.8834 -10 -6.8157 5.3563 -10
4 320 -6.8185 4.6317 -10 -6.8157 5.3563 -10 -6.1681 5.7508 -10 -6.3792 4.9567 -10
4 320 4.2 4.8911 -10 5.2802 4.2867 -10 4.4854 4.0206 -10 3.311 4.6157 -10
4 320 4.2 4.8911 -10 3.311 4.6157 -10 2.0824 5.0888 -10 2.8148 5.4857 -10
4 320 -5.7092 5.1929 -10 -5.8082 4.7494 -10 -6.4702 4.3811 -10 -6.3792 4.9567 -10
4 320 -5.7092 5.1929 -10 -6.3792 4.9567 -10 -6.1681 5.7508 -10 -5.5789 5.6282 -10
4 320 -5.5215 5.738 -10 -5.5789 5.6282 -10 -6.1681 5.7508 -10 -6.0349 6.0504 -10
4 320 -5.5215 5.738 -10 -6.0349 6.0504 -10 -5.8121 6.2908 -10 -5.4331 5.825 -10
4 320 -5.3225 5.8808 -10 -5.4331 5.825 -10 -5.8121 6.2908 -10 -5.5234 6.4463 -10
4 320 -5.3225 5.8808 -10 -5.5234 6.4463 -10 -5.2 6.5 -10 -5.2 5.9 -10
4 320 -3.1 5.9 -10 -5.2 5.9 -10 -5.2 6.5 -10 -4.9 6.5 -10
4 320 -3.1 5.9 -10 -4.9 6.5 -10 -3.1 6.5 -10 -2.3014 6.4672 -10
4 320 -3.1 5.9 -10 -2.3014 6.4672 -10 -1.5938 6.4382 -10 -1.7844 5.8504 -10
4 320 1.3761 5.936 -10 2.8148 5.4857 -10 2.0824 5.0888 -10 .8158 5.4483 -10
4 320 1.3761 5.936 -10 .8158 5.4483 -10 -.4763 5.7007 -10 -.098 6.2514 -10
4 320 -1.5938 6.4382 -10 -.098 6.2514 -10 -.4763 5.7007 -10 -1.7844 5.8504 -10
3 320 -2.8559 8.2732 -10 -2.3014 6.4672 -10 -3.1 6.5 -10
4 320 -2.8559 8.2732 -10 -2.6559 10.0519 -10 -2.0259 10.2191 -10 -2.3014 6.4672 -10
4 320 1.4875 10.165 -10 2.0011 10.2392 -10 1.65 6.8 -10 1.35 6.8 -10
4 320 1.4875 10.165 -10 1.6 13.5309 -10 2.2886 13.6842 -10 2.0011 10.2392 -10
4 320 -2.5003 11.8351 -10 -1.8005 13.9744 -10 -2.0259 10.2191 -10 -2.6559 10.0519 -10
4 320 -2.5003 11.8351 -10 -2.389 13.6215 -10 -1.6251 17.7323 -10 -1.8005 13.9744 -10
4 320 -2.3223 15.4102 -10 -1.5001 21.4871 -10 -1.6251 17.7323 -10 -2.389 13.6215 -10
4 320 -2.3223 15.4102 -10 -2.3 17.2 -10 -1.425 25.2432 -10 -1.5001 21.4871 -10
4 320 1.6875 16.8975 -10 2.5123 17.134 -10 2.2886 13.6842 -10 1.6 13.5309 -10
4 320 1.6875 16.8975 -10 1.75 20.2647 -10 2.6721 20.5874 -10 2.5123 17.134 -10
4 320 -2.3 31.6 -10 -1.4 29 -10 -1.425 25.2432 -10 -2.3 17.2 -10
3 320 -2.3 31.6 -10 -1.4 31.6 -10 -1.4 29 -10
4 320 1.7875 23.6323 -10 2.768 24.0431 -10 2.6721 20.5874 -10 1.75 20.2647 -10
4 320 1.7875 23.6323 -10 1.8 27 -10 2.8 27.5 -10 2.768 24.0431 -10
4 320 1.8 31.6 -10 2.8 31.6 -10 2.8 27.5 -10 1.8 27 -10
0 // Red faces
4 4 -7.7395 1.6286 -10 -5.7366 1.4584 -10 -5.4 1.4 -10 -7.9155 1.4 -10
4 4 -7.7395 1.6286 -10 -7.5528 1.8485 -10 -6.034 1.6266 -10 -5.7366 1.4584 -10
4 4 4.1172 1.8161 -10 5.2 1.4 -10 4.5 1.4 -10 3.6614 1.5257 -10
4 4 4.1172 1.8161 -10 3.6614 1.5257 -10 2.8208 1.6367 -10 3.0142 2.1753 -10
3 4 -8.5917 1.9322 -10 -8.5171 1.7614 -10 -8.7155 1.4 -10
4 4 -8.5917 1.9322 -10 -8.4151 2.4492 -10 -8.2944 2.1084 -10 -8.5171 1.7614 -10
4 4 -7.3557 2.0591 -10 -6.2573 1.8852 -10 -6.034 1.6266 -10 -7.5528 1.8485 -10
4 4 -7.3557 2.0591 -10 -7.1487 2.26 -10 -6.3806 2.2039 -10 -6.2573 1.8852 -10
4 4 5.2801 2.1487 -10 6.5699 2.4219 -10 7.4 1.4 -10 6.3 1.4 -10
4 4 5.2801 2.1487 -10 4.1569 2.7309 -10 5.5826 3.2929 -10 6.5699 2.4219 -10
4 4 -6.9323 2.4508 -10 -6.4334 2.5009 -10 -6.3806 2.2039 -10 -7.1487 2.26 -10
4 4 -6.9323 2.4508 -10 -6.707 2.6309 -10 -6.4733 2.8 -10 -6.4334 2.5009 -10
4 4 1.8951 2.4807 -10 3.0142 2.1753 -10 2.8208 1.6367 -10 1.9783 1.733 -10
4 4 1.8951 2.4807 -10 1.9783 1.733 -10 1.1343 1.8146 -10 .7633 2.7351 -10
4 4 -.3784 2.9405 -10 .7633 2.7351 -10 1.1343 1.8146 -10 .289 1.8813 -10
4 4 -.3784 2.9405 -10 .289 1.8813 -10 -.5573 1.9332 -10 -1.5275 3.0987 -10
4 4 -8.1873 2.9458 -10 -8.0484 2.4392 -10 -8.2944 2.1084 -10 -8.4151 2.4492 -10
4 4 -8.1873 2.9458 -10 -7.9107 3.417 -10 -7.7802 2.7523 -10 -8.0484 2.4392 -10
4 4 2.9778 3.1896 -10 4.4854 4.0206 -10 5.5826 3.2929 -10 4.1569 2.7309 -10
4 4 2.9778 3.1896 -10 1.7654 3.5509 -10 3.311 4.6157 -10 4.4854 4.0206 -10
4 4 -2.6821 3.2108 -10 -1.5275 3.0987 -10 -.5573 1.9332 -10 -1.4044 1.9703 -10
4 4 -2.6821 3.2108 -10 -1.4044 1.9703 -10 -2.2521 1.9926 -10 -3.8402 3.2777 -10
4 4 -5 3.3 -10 -3.8402 3.2777 -10 -2.2521 1.9926 -10 -3.1 2 -10
4 4 -5 3.3 -10 -3.1 2 -10 -5.4 2 -10 -5.5347 2.0233 -10
3 4 -5 3.3 -10 -5.5347 2.0233 -10 -5.6536 2.0907 -10
4 4 -5 3.3 -10 -5.6536 2.0907 -10 -5.7429 2.1941 -10 -5.7922 2.3215 -10
4 4 -5 3.3 -10 -5.7922 2.3215 -10 -5.8703 2.8085 -10 -5.9106 3.3 -10
4 4 -13.2 3.4 -10 -9.1627 2.0298 -10 -9.3 1.4 -10 -11.2 1.4 -10
3 4 -13.2 3.4 -10 -8.9587 2.6413 -10 -9.1627 2.0298 -10
4 4 -13.2 3.4 -10 -9.0695 3.5277 -10 -8.6902 3.2274 -10 -8.9587 2.6413 -10
4 4 -13.2 3.4 -10 -9.9353 3.9541 -10 -9.4873 3.7716 -10 -9.0695 3.5277 -10
4 4 -13.2 3.4 -10 -13.3792 4.5969 -10 -10.4046 4.0717 -10 -9.9353 3.9541 -10
4 4 13.2 3.4 -10 11.2 1.4 -10 8 1.4 -10 8.2806 2.3129 -10
3 4 13.2 3.4 -10 8.2806 2.3129 -10 8.5565 2.9084 -10
4 4 13.2 3.4 -10 8.5565 2.9084 -10 8.9818 3.4081 -10 9.5255 3.7756 -10
4 4 13.2 3.4 -10 9.5255 3.7756 -10 10.1478 3.984 -10 13.3792 4.5969 -10
4 4 .5316 3.8311 -10 2.0824 5.0888 -10 3.311 4.6157 -10 1.7654 3.5509 -10
4 4 .5316 3.8311 -10 -.7161 4.0405 -10 .8158 5.4483 -10 2.0824 5.0888 -10
4 4 -7.5881 3.858 -10 -7.4912 3.0463 -10 -7.7802 2.7523 -10 -7.9107 3.417 -10
4 4 -7.5881 3.858 -10 -7.2228 4.2643 -10 -7.1827 3.3198 -10 -7.4912 3.0463 -10
4 4 -1.9729 4.186 -10 -.4763 5.7007 -10 .8158 5.4483 -10 -.7161 4.0405 -10
4 4 -1.9729 4.186 -10 -3.2352 4.2717 -10 -1.7844 5.8504 -10 -.4763 5.7007 -10
4 4 -4.5 4.3 -10 -3.1 5.9 -10 -1.7844 5.8504 -10 -3.2352 4.2717 -10
4 4 -4.5 4.3 -10 -5.3225 5.8808 -10 -5.2 5.9 -10 -3.1 5.9 -10
4 4 -4.5 4.3 -10 -5.5215 5.738 -10 -5.4331 5.825 -10 -5.3225 5.8808 -10
4 4 -4.5 4.3 -10 -5.7092 5.1929 -10 -5.5789 5.6282 -10 -5.5215 5.738 -10
4 4 -4.5 4.3 -10 -5.8756 4.3 -10 -5.8082 4.7494 -10 -5.7092 5.1929 -10
4 4 -6.8185 4.6317 -10 -6.8561 3.5714 -10 -7.1827 3.3198 -10 -7.2228 4.2643 -10
4 4 -6.8185 4.6317 -10 -6.4702 4.3811 -10 -6.513 3.8 -10 -6.8561 3.5714 -10
3 4 -6.8185 4.6317 -10 -6.3792 4.9567 -10 -6.4702 4.3811 -10
3 4 4.2 4.8911 -10 4.778 9.772 -10 4.778 9.5095 -10
3 4 4.2 4.8911 -10 4.778 10.052 -10 4.778 9.772 -10
4 4 4.2 4.8911 -10 4.2 31.6 -10 4.778 10.3635 -10 4.778 10.052 -10
3 4 12.9 5.0898 -10 10.0409 4.5474 -10 12.422 9.5095 -10
3 4 12.9 5.0898 -10 12.422 9.5095 -10 12.422 9.772 -10
3 4 12.9 5.0898 -10 12.422 9.772 -10 12.422 9.989 -10
4 4 12.9 5.0898 -10 12.422 9.989 -10 12.422 10.3635 -10 12.9 31.6 -10
4 4 8.6 8.68 -10 9.1477 4.225 -10 8.4 3.6396 -10 8.4 8.7234 -10
4 4 8.6 8.68 -10 12.422 9.5095 -10 10.0409 4.5474 -10 9.1477 4.225 -10
4 4 4.778 9.5095 -10 7.2 8.9838 -10 7.2 2.7314 -10 6.289 3.5693 -10
3 4 4.778 9.5095 -10 6.289 3.5693 -10 5.2802 4.2867 -10
3 4 4.778 9.5095 -10 5.2802 4.2867 -10 4.2 4.8911 -10
3 4 4.2 31.6 -10 4.778 12.95 -10 4.778 10.3635 -10
3 4 4.2 31.6 -10 4.8397 13.8923 -10 4.778 12.95 -10
3 4 4.2 31.6 -10 5.024 14.8185 -10 4.8397 13.8923 -10
3 4 4.2 31.6 -10 5.3276 15.7127 -10 5.024 14.8185 -10
3 4 4.2 31.6 -10 5.7452 16.5597 -10 5.3276 15.7127 -10
3 4 4.2 31.6 -10 6.2698 17.3449 -10 5.7452 16.5597 -10
3 4 4.2 31.6 -10 6.8925 18.0548 -10 6.2698 17.3449 -10
4 4 4.2 31.6 -10 7.2 31.6 -10 7.2 18.3245 -10 6.8925 18.0548 -10
3 4 12.9 31.6 -10 12.422 10.3635 -10 12.422 12.95 -10
3 4 12.9 31.6 -10 12.422 12.95 -10 12.3603 13.8923 -10
3 4 12.9 31.6 -10 12.3603 13.8923 -10 12.176 14.8185 -10
3 4 12.9 31.6 -10 12.176 14.8185 -10 11.8724 15.7127 -10
3 4 12.9 31.6 -10 11.8724 15.7127 -10 11.4548 16.5597 -10
3 4 12.9 31.6 -10 11.4548 16.5597 -10 10.9302 17.3449 -10
3 4 12.9 31.6 -10 10.9302 17.3449 -10 10.3075 18.0548 -10
3 4 12.9 31.6 -10 10.3075 18.0548 -10 9.5975 18.6775 -10
3 4 12.9 31.6 -10 9.5975 18.6775 -10 8.8123 19.2021 -10
3 4 12.9 31.6 -10 8.8123 19.2021 -10 8.6 19.32 -10
4 4 12.9 31.6 -10 8.6 19.32 -10 8.4 19.2089 -10 8.4 31.6 -10
0 // Silver faces
4 80 -8.5171 1.7614 -10 -7.7395 1.6286 -10 -7.9155 1.4 -10 -8.7155 1.4 -10
4 80 -8.5171 1.7614 -10 -8.2944 2.1084 -10 -7.5528 1.8485 -10 -7.7395 1.6286 -10
4 80 5.2801 2.1487 -10 6.3 1.4 -10 5.2 1.4 -10 4.1172 1.8161 -10
4 80 5.2801 2.1487 -10 4.1172 1.8161 -10 3.0142 2.1753 -10 4.1569 2.7309 -10
4 80 -8.0484 2.4392 -10 -7.3557 2.0591 -10 -7.5528 1.8485 -10 -8.2944 2.1084 -10
4 80 -8.0484 2.4392 -10 -7.7802 2.7523 -10 -7.1487 2.26 -10 -7.3557 2.0591 -10
4 80 -7.4912 3.0463 -10 -6.9323 2.4508 -10 -7.1487 2.26 -10 -7.7802 2.7523 -10
4 80 -7.4912 3.0463 -10 -7.1827 3.3198 -10 -6.707 2.6309 -10 -6.9323 2.4508 -10
4 80 2.9778 3.1896 -10 4.1569 2.7309 -10 3.0142 2.1753 -10 1.8951 2.4807 -10
4 80 2.9778 3.1896 -10 1.8951 2.4807 -10 .7633 2.7351 -10 1.7654 3.5509 -10
4 80 -6.8561 3.5714 -10 -6.4733 2.8 -10 -6.707 2.6309 -10 -7.1827 3.3198 -10
3 80 -6.8561 3.5714 -10 -6.511 3.2993 -10 -6.4733 2.8 -10
3 80 -6.8561 3.5714 -10 -6.513 3.8 -10 -6.511 3.2993 -10
4 80 .5316 3.8311 -10 1.7654 3.5509 -10 .7633 2.7351 -10 -.3784 2.9405 -10
4 80 .5316 3.8311 -10 -.3784 2.9405 -10 -1.5275 3.0987 -10 -.7161 4.0405 -10
4 80 -1.9729 4.186 -10 -.7161 4.0405 -10 -1.5275 3.0987 -10 -2.6821 3.2108 -10
4 80 -1.9729 4.186 -10 -2.6821 3.2108 -10 -3.8402 3.2777 -10 -3.2352 4.2717 -10
4 80 -4.5 4.3 -10 -3.2352 4.2717 -10 -3.8402 3.2777 -10 -5 3.3 -10
4 80 -4.5 4.3 -10 -5 3.3 -10 -5.9106 3.3 -10 -5.9126 3.8007 -10
3 80 -4.5 4.3 -10 -5.9126 3.8007 -10 -5.8756 4.3 -10
4 80 -2.8559 8.2732 -10 -3.1 6.5 -10 -4.9 6.5 -10 -4.1161 8.1782 -10
4 80 -2.8559 8.2732 -10 -4.1161 8.1782 -10 -3.4678 9.9133 -10 -2.6559 10.0519 -10
4 80 -2.5003 11.8351 -10 -2.6559 10.0519 -10 -3.4678 9.9133 -10 -2.9593 11.6943 -10
4 80 -2.5003 11.8351 -10 -2.9593 11.6943 -10 -2.5938 13.5101 -10 -2.389 13.6215 -10
4 80 -2.3223 15.4102 -10 -2.389 13.6215 -10 -2.5938 13.5101 -10 -2.3736 15.3492 -10
3 80 -2.3223 15.4102 -10 -2.3736 15.3492 -10 -2.3 17.2 -10
0 // Yellow faces
4 14 9.0025 10.353 -10 8.9955 10.3635 -10 8.999 10.3705 -10 9.013 10.346 -10
4 14 9.013 10.381 -10 9.0375 10.3425 -10 9.013 10.346 -10 8.999 10.3705 -10
4 14 9.0305 10.388 -10 9.055 10.3495 -10 9.0375 10.3425 -10 9.013 10.381 -10
4 14 9.055 10.3495 -10 9.0305 10.388 -10 9.048 10.395 -10 9.069 10.36 -10
4 14 9.069 10.36 -10 9.048 10.395 -10 9.062 10.3985 -10 9.076 10.3705 -10
4 14 9.062 10.3985 -10 9.083 10.3985 -10 9.083 10.381 -10 9.076 10.3705 -10
3 14 9.083 10.3985 -10 9.09 10.3915 -10 9.083 10.381 -10
4 14 8.516 10.5315 -10 8.5265 10.5315 -10 8.5195 10.5105 -10 8.509 10.521 -10
4 14 8.5335 10.5105 -10 8.5195 10.5105 -10 8.5265 10.5315 -10 8.537 10.5315 -10
4 14 8.5475 10.535 -10 8.5475 10.5105 -10 8.5335 10.5105 -10 8.537 10.5315 -10
4 14 9.0795 10.5175 -10 9.0725 10.528 -10 9.076 10.535 -10 9.09 10.5105 -10
4 14 8.5475 10.5105 -10 8.5475 10.535 -10 8.558 10.5385 -10 8.5615 10.514 -10
4 14 8.572 10.5455 -10 8.579 10.521 -10 8.5615 10.514 -10 8.558 10.5385 -10
4 14 9.09 10.5455 -10 9.1145 10.507 -10 9.09 10.5105 -10 9.076 10.535 -10
4 14 8.5825 10.5525 -10 8.593 10.5315 -10 8.579 10.521 -10 8.572 10.5455 -10
4 14 9.1145 10.507 -10 9.09 10.5455 -10 9.1075 10.5525 -10 9.132 10.514 -10
4 14 8.264 10.5525 -10 8.2535 10.5595 -10 8.2745 10.5595 -10 8.271 10.549 -10
4 14 9.125 10.5595 -10 9.146 10.5245 -10 9.132 10.514 -10 9.1075 10.5525 -10
4 14 8.593 10.563 -10 8.607 10.5455 -10 8.593 10.5315 -10 8.5825 10.5525 -10
4 14 9.146 10.5245 -10 9.125 10.5595 -10 9.139 10.563 -10 9.153 10.535 -10
4 14 9.16 10.5455 -10 9.153 10.535 -10 9.139 10.563 -10 9.16 10.563 -10
3 14 9.16 10.563 -10 9.167 10.556 -10 9.16 10.5455 -10
4 14 8.6 10.57 -10 8.614 10.563 -10 8.607 10.5455 -10 8.593 10.563 -10
4 14 8.2535 10.5595 -10 8.2395 10.57 -10 8.2675 10.5735 -10 8.2745 10.5595 -10
4 14 8.607 10.577 -10 8.6175 10.5735 -10 8.614 10.563 -10 8.6 10.57 -10
3 14 8.614 10.5805 -10 8.6175 10.5735 -10 8.607 10.577 -10
4 14 8.2395 10.57 -10 8.2255 10.5805 -10 8.2535 10.5945 -10 8.2675 10.5735 -10
4 14 8.236 10.6155 -10 8.2535 10.5945 -10 8.2255 10.5805 -10 8.2045 10.5945 -10
4 14 8.215 10.6365 -10 8.236 10.6155 -10 8.2045 10.5945 -10 8.1835 10.6085 -10
4 14 8.425 10.598 -10 8.411 10.612 -10 8.439 10.6435 -10 8.4495 10.6435 -10
4 14 8.446 10.584 -10 8.425 10.598 -10 8.4495 10.6435 -10 8.4635 10.6435 -10
4 14 8.467 10.5735 -10 8.446 10.584 -10 8.4635 10.6435 -10 8.474 10.6435 -10
4 14 8.4285 10.647 -10 8.439 10.6435 -10 8.411 10.612 -10 8.404 10.6225 -10
4 14 8.4845 10.647 -10 8.495 10.57 -10 8.467 10.5735 -10 8.474 10.6435 -10
4 14 8.418 10.6505 -10 8.404 10.6225 -10 8.4005 10.633 -10 8.404 10.6505 -10
3 14 8.418 10.6505 -10 8.4285 10.647 -10 8.404 10.6225 -10
3 14 8.5195 10.5735 -10 8.495 10.57 -10 8.4845 10.647 -10
4 14 8.1905 10.654 -10 8.215 10.6365 -10 8.1835 10.6085 -10 8.152 10.626 -10
4 14 8.551 10.591 -10 8.537 10.5805 -10 8.4915 10.6505 -10 8.4985 10.654 -10
4 14 8.4845 10.647 -10 8.4915 10.6505 -10 8.537 10.5805 -10 8.5195 10.5735 -10
4 14 8.5615 10.605 -10 8.551 10.591 -10 8.4985 10.654 -10 8.5055 10.661 -10
4 14 8.166 10.668 -10 8.1905 10.654 -10 8.152 10.626 -10 8.1275 10.64 -10
4 14 8.572 10.6225 -10 8.5615 10.605 -10 8.5055 10.661 -10 8.516 10.668 -10
4 14 8.1275 10.64 -10 8.0995 10.6505 -10 8.138 10.6785 -10 8.166 10.668 -10
4 14 8.579 10.6365 -10 8.572 10.6225 -10 8.516 10.668 -10 8.523 10.6785 -10
4 14 8.103 10.6925 -10 8.138 10.6785 -10 8.0995 10.6505 -10 8.075 10.661 -10
4 14 8.5895 10.6715 -10 8.586 10.654 -10 8.5335 10.689 -10 8.5405 10.696 -10
4 14 8.523 10.6785 -10 8.5335 10.689 -10 8.586 10.654 -10 8.579 10.6365 -10
4 14 8.0785 10.6995 -10 8.103 10.6925 -10 8.075 10.661 -10 8.04 10.675 -10
4 14 8.565 10.7065 -10 8.5895 10.6715 -10 8.5405 10.696 -10 8.551 10.703 -10
4 14 8.0505 10.7065 -10 8.0785 10.6995 -10 8.04 10.675 -10 8.0155 10.682 -10
4 14 8.586 10.6925 -10 8.5895 10.6715 -10 8.565 10.7065 -10 8.579 10.7065 -10
4 14 7.963 10.71 -10 7.977 10.71 -10 7.9665 10.696 -10 7.956 10.703 -10
4 14 7.984 10.6925 -10 7.9665 10.696 -10 7.977 10.71 -10 7.9945 10.71 -10
4 14 7.9945 10.71 -10 8.019 10.71 -10 7.998 10.689 -10 7.984 10.6925 -10
4 14 8.0155 10.682 -10 7.998 10.689 -10 8.019 10.71 -10 8.0505 10.7065 -10
4 14 9.258 10.71 -10 9.2405 10.71 -10 9.23 10.7345 -10 9.244 10.7345 -10
4 14 9.223 10.7065 -10 9.216 10.738 -10 9.23 10.7345 -10 9.2405 10.71 -10
4 14 9.272 10.738 -10 9.258 10.71 -10 9.244 10.7345 -10 9.258 10.738 -10
4 14 9.286 10.738 -10 9.2755 10.7135 -10 9.258 10.71 -10 9.272 10.738 -10
4 14 9.293 10.7345 -10 9.286 10.717 -10 9.2755 10.7135 -10 9.286 10.738 -10
3 14 9.293 10.7345 -10 9.293 10.724 -10 9.286 10.717 -10
4 14 9.209 10.7065 -10 9.2055 10.7415 -10 9.216 10.738 -10 9.223 10.7065 -10
4 14 9.1845 10.7065 -10 9.195 10.745 -10 9.2055 10.7415 -10 9.209 10.7065 -10
4 14 9.195 10.745 -10 9.1845 10.7065 -10 9.167 10.71 -10 9.181 10.752 -10
4 14 9.181 10.752 -10 9.167 10.71 -10 9.153 10.7065 -10 9.1635 10.759 -10
4 14 9.1635 10.759 -10 9.153 10.7065 -10 9.139 10.703 -10 9.146 10.766 -10
3 14 9.139 10.703 -10 9.1285 10.6995 -10 9.146 10.766 -10
4 14 9.09 10.738 -10 9.09 10.7695 -10 9.097 10.773 -10 9.097 10.7205 -10
4 14 9.132 10.773 -10 9.146 10.766 -10 9.1285 10.6995 -10 9.1215 10.6995 -10
4 14 9.097 10.7205 -10 9.097 10.773 -10 9.104 10.78 -10 9.104 10.703 -10
4 14 9.104 10.78 -10 9.118 10.78 -10 9.111 10.6995 -10 9.104 10.703 -10
4 14 9.1215 10.6995 -10 9.111 10.6995 -10 9.118 10.78 -10 9.132 10.773 -10
4 14 7.655 10.85 -10 7.683 10.885 -10 7.6795 10.871 -10 7.669 10.8605 -10
4 14 7.683 10.885 -10 7.655 10.85 -10 7.6375 10.843 -10 7.6795 10.9025 -10
4 14 7.62 10.8465 -10 7.676 10.906 -10 7.6795 10.9025 -10 7.6375 10.843 -10
3 14 7.6025 10.857 -10 7.655 10.913 -10 7.669 10.9095 -10
4 14 7.676 10.906 -10 7.62 10.8465 -10 7.6025 10.857 -10 7.669 10.9095 -10
4 14 9.167 10.892 -10 9.1635 10.9095 -10 9.174 10.913 -10 9.181 10.885 -10
3 14 9.181 10.885 -10 9.174 10.913 -10 9.188 10.92 -10
4 14 7.6445 10.92 -10 7.655 10.913 -10 7.6025 10.857 -10 7.592 10.871 -10
4 14 8.621 10.92 -10 8.621 10.913 -10 8.614 10.913 -10 8.6035 10.92 -10
4 14 9.2335 10.8885 -10 9.2195 10.8815 -10 9.188 10.92 -10 9.202 10.927 -10
4 14 9.181 10.885 -10 9.188 10.92 -10 9.2195 10.8815 -10 9.195 10.8815 -10
4 14 7.627 10.9305 -10 7.6445 10.92 -10 7.592 10.871 -10 7.578 10.892 -10
4 14 8.621 10.92 -10 8.6035 10.92 -10 8.593 10.9305 -10 8.6175 10.927 -10
4 14 9.2475 10.899 -10 9.2335 10.8885 -10 9.202 10.927 -10 9.2195 10.9305 -10
4 14 8.593 10.9305 -10 8.586 10.9375 -10 8.6105 10.9375 -10 8.6175 10.927 -10
3 14 9.2335 10.934 -10 9.251 10.9375 -10 9.258 10.913 -10
4 14 9.2195 10.9305 -10 9.2335 10.934 -10 9.258 10.913 -10 9.2475 10.899 -10
4 14 9.251 10.9375 -10 9.2685 10.9375 -10 9.265 10.9235 -10 9.258 10.913 -10
4 14 7.578 10.892 -10 7.571 10.913 -10 7.613 10.941 -10 7.627 10.9305 -10
4 14 7.571 10.913 -10 7.5675 10.9305 -10 7.6025 10.9515 -10 7.613 10.941 -10
4 14 8.6 10.9515 -10 8.6105 10.9375 -10 8.586 10.9375 -10 8.572 10.948 -10
4 14 7.5955 10.9585 -10 7.6025 10.9515 -10 7.5675 10.9305 -10 7.564 10.948 -10
4 14 7.564 10.948 -10 7.5675 10.9585 -10 7.5885 10.9655 -10 7.5955 10.9585 -10
4 14 7.5815 10.969 -10 7.5885 10.9655 -10 7.5675 10.9585 -10 7.571 10.9655 -10
4 14 8.572 10.948 -10 8.558 10.9585 -10 8.586 10.969 -10 8.6 10.9515 -10
4 14 7.9525 10.983 -10 7.9525 10.976 -10 7.9455 10.969 -10 7.935 10.9655 -10
4 14 8.558 10.9585 -10 8.544 10.969 -10 8.572 10.9865 -10 8.586 10.969 -10
4 14 7.949 10.9935 -10 7.9525 10.983 -10 7.935 10.9655 -10 7.921 10.969 -10
4 14 7.921 10.969 -10 7.9105 10.976 -10 7.9385 11.0075 -10 7.949 10.9935 -10
4 14 8.544 10.969 -10 8.5265 10.983 -10 8.5545 11.0075 -10 8.572 10.9865 -10
3 14 7.928 11.0145 -10 7.9385 11.0075 -10 7.9105 10.976 -10
4 14 7.9035 10.9865 -10 7.9175 11.018 -10 7.928 11.0145 -10 7.9105 10.976 -10
4 14 7.9175 11.018 -10 7.9035 10.9865 -10 7.9 11.004 -10 7.9035 11.0145 -10
4 14 8.5265 10.983 -10 8.5125 10.9935 -10 8.5405 11.025 -10 8.5545 11.0075 -10
4 14 8.7575 11.0145 -10 8.754 11.018 -10 8.7505 11.025 -10 8.7645 11.018 -10
4 14 8.7645 11.0285 -10 8.7645 11.018 -10 8.7505 11.025 -10 8.747 11.0285 -10
4 14 8.5125 10.9935 -10 8.502 11.0005 -10 8.53 11.039 -10 8.5405 11.025 -10
4 14 8.747 11.0285 -10 8.7435 11.0355 -10 8.761 11.039 -10 8.7645 11.0285 -10
4 14 8.516 11.053 -10 8.53 11.039 -10 8.502 11.0005 -10 8.4845 11.011 -10
4 14 8.7575 11.053 -10 8.761 11.039 -10 8.7435 11.0355 -10 8.733 11.046 -10
4 14 9.1985 11.018 -10 9.181 11.025 -10 9.1845 11.0565 -10 9.1985 11.0635 -10
4 14 9.1705 11.0355 -10 9.1705 11.0495 -10 9.1845 11.0565 -10 9.181 11.025 -10
3 14 8.502 11.0635 -10 8.516 11.053 -10 8.4845 11.011 -10
4 14 8.7505 11.067 -10 8.7575 11.053 -10 8.733 11.046 -10 8.726 11.053 -10
4 14 9.1985 11.0635 -10 9.2125 11.067 -10 9.2265 11.018 -10 9.1985 11.018 -10
4 14 9.251 11.0355 -10 9.2405 11.025 -10 9.2265 11.0705 -10 9.2405 11.074 -10
4 14 9.2405 11.025 -10 9.2265 11.018 -10 9.2125 11.067 -10 9.2265 11.0705 -10
3 14 8.397 11.074 -10 8.3935 11.0565 -10 8.39 11.0705 -10
4 14 8.502 11.0635 -10 8.4845 11.011 -10 8.467 11.0215 -10 8.4775 11.074 -10
4 14 8.4775 11.074 -10 8.467 11.0215 -10 8.446 11.032 -10 8.453 11.0775 -10
4 14 9.272 11.06 -10 9.265 11.0495 -10 9.251 11.0355 -10 9.2405 11.074 -10
4 14 8.3935 11.0565 -10 8.397 11.074 -10 8.404 11.0775 -10 8.4075 11.0495 -10
4 14 8.4285 11.039 -10 8.4075 11.0495 -10 8.404 11.0775 -10 8.4285 11.0775 -10
4 14 8.4285 11.0775 -10 8.453 11.0775 -10 8.446 11.032 -10 8.4285 11.039 -10
4 14 8.74 11.0775 -10 8.7505 11.067 -10 8.726 11.053 -10 8.7155 11.06 -10
4 14 9.2405 11.074 -10 9.2615 11.0775 -10 9.279 11.0775 -10 9.272 11.06 -10
4 14 8.7225 11.088 -10 8.74 11.0775 -10 8.7155 11.06 -10 8.705 11.067 -10
4 14 8.705 11.067 -10 8.6945 11.074 -10 8.705 11.0985 -10 8.7225 11.088 -10
3 14 8.691 11.102 -10 8.705 11.0985 -10 8.6945 11.074 -10
4 14 8.691 11.102 -10 8.6945 11.074 -10 8.684 11.081 -10 8.6735 11.109 -10
3 14 8.81 11.102 -10 8.8065 11.095 -10 8.803 11.095 -10
4 14 8.81 11.102 -10 8.803 11.095 -10 8.796 11.0985 -10 8.8065 11.109 -10
3 14 8.6595 11.1125 -10 8.6735 11.109 -10 8.684 11.081 -10
4 14 8.684 11.081 -10 8.67 11.0915 -10 8.6455 11.116 -10 8.6595 11.1125 -10
4 14 8.6385 11.1055 -10 8.6455 11.116 -10 8.67 11.0915 -10 8.6525 11.0985 -10
4 14 8.635 11.116 -10 8.6385 11.1055 -10 8.6315 11.109 -10 8.628 11.1125 -10
3 14 8.6385 11.1055 -10 8.635 11.116 -10 8.6455 11.116 -10
4 14 8.789 11.1055 -10 8.803 11.1195 -10 8.8065 11.109 -10 8.796 11.0985 -10
4 14 8.803 11.1195 -10 8.789 11.1055 -10 8.7785 11.1125 -10 8.796 11.137 -10
4 14 8.796 11.137 -10 8.7785 11.1125 -10 8.7715 11.116 -10 8.789 11.151 -10
4 14 8.761 11.123 -10 8.775 11.1615 -10 8.789 11.151 -10 8.7715 11.116 -10
4 14 8.775 11.1615 -10 8.761 11.123 -10 8.747 11.13 -10 8.7645 11.1685 -10
4 14 8.7645 11.1685 -10 8.747 11.13 -10 8.7365 11.1335 -10 8.74 11.172 -10
3 14 8.6385 11.1615 -10 8.621 11.165 -10 8.6175 11.1685 -10
4 14 8.635 11.1755 -10 8.6385 11.1615 -10 8.6175 11.1685 -10 8.621 11.1755 -10
4 14 8.6525 11.1755 -10 8.67 11.1545 -10 8.6385 11.1615 -10 8.635 11.1755 -10
4 14 8.6805 11.1755 -10 8.6945 11.1475 -10 8.67 11.1545 -10 8.6525 11.1755 -10
4 14 8.7155 11.1755 -10 8.7155 11.1405 -10 8.6945 11.1475 -10 8.6805 11.1755 -10
3 14 8.7155 11.1755 -10 8.7295 11.137 -10 8.7155 11.1405 -10
4 14 8.7295 11.137 -10 8.7155 11.1755 -10 8.74 11.172 -10 8.7365 11.1335 -10
4 14 9.1775 11.1685 -10 9.174 11.179 -10 9.181 11.186 -10 9.188 11.1615 -10
4 14 9.2195 11.1545 -10 9.202 11.158 -10 9.1915 11.1895 -10 9.2055 11.1965 -10
4 14 9.1915 11.1895 -10 9.202 11.158 -10 9.188 11.1615 -10 9.181 11.186 -10
4 14 9.2405 11.1545 -10 9.2195 11.1545 -10 9.2055 11.1965 -10 9.2195 11.2035 -10
4 14 9.2195 11.2035 -10 9.237 11.2105 -10 9.2545 11.1615 -10 9.2405 11.1545 -10
4 14 9.279 11.1825 -10 9.2685 11.172 -10 9.2545 11.214 -10 9.272 11.2175 -10
4 14 9.2685 11.172 -10 9.2545 11.1615 -10 9.237 11.2105 -10 9.2545 11.214 -10
4 14 9.272 11.2175 -10 9.293 11.2175 -10 9.2895 11.2 -10 9.279 11.1825 -10
3 14 9.1985 11.319 -10 9.188 11.3225 -10 9.174 11.333 -10
4 14 9.2335 11.3155 -10 9.2125 11.3155 -10 9.1775 11.347 -10 9.188 11.354 -10
4 14 9.174 11.333 -10 9.1775 11.347 -10 9.2125 11.3155 -10 9.1985 11.319 -10
4 14 9.251 11.3225 -10 9.2335 11.3155 -10 9.188 11.354 -10 9.195 11.361 -10
3 14 9.195 11.361 -10 9.209 11.3645 -10 9.251 11.3225 -10
4 14 9.251 11.3225 -10 9.209 11.3645 -10 9.23 11.3715 -10 9.265 11.3365 -10
4 14 9.265 11.3365 -10 9.23 11.3715 -10 9.2475 11.3785 -10 9.279 11.3505 -10
4 14 9.279 11.3505 -10 9.2475 11.3785 -10 9.265 11.382 -10 9.286 11.3645 -10
3 14 9.293 11.3855 -10 9.286 11.3645 -10 9.265 11.382 -10
3 14 8.7435 11.4905 -10 8.74 11.4765 -10 8.7225 11.473 -10
4 14 8.7225 11.473 -10 8.7155 11.4905 -10 8.7435 11.5045 -10 8.7435 11.4905 -10
4 14 8.7015 11.522 -10 8.7435 11.5045 -10 8.7155 11.4905 -10 8.7085 11.5045 -10
4 14 9.167 11.5115 -10 9.1985 11.4765 -10 9.1845 11.48 -10 9.16 11.501 -10
4 14 9.174 11.5185 -10 9.2195 11.473 -10 9.1985 11.4765 -10 9.167 11.5115 -10
3 14 8.7015 11.522 -10 8.7435 11.5255 -10 8.7435 11.5045 -10
4 14 9.188 11.5255 -10 9.2405 11.4765 -10 9.2195 11.473 -10 9.174 11.5185 -10
4 14 9.202 11.5325 -10 9.251 11.4835 -10 9.2405 11.4765 -10 9.188 11.5255 -10
4 14 9.216 11.5395 -10 9.2615 11.494 -10 9.251 11.4835 -10 9.202 11.5325 -10
4 14 9.2615 11.494 -10 9.216 11.5395 -10 9.23 11.543 -10 9.272 11.5045 -10
3 14 8.7435 11.5465 -10 8.7435 11.5255 -10 8.7015 11.522 -10
4 14 9.251 11.55 -10 9.286 11.5185 -10 9.272 11.5045 -10 9.23 11.543 -10
4 14 9.272 11.5535 -10 9.293 11.5325 -10 9.286 11.5185 -10 9.251 11.55 -10
3 14 9.272 11.5535 -10 9.3 11.5535 -10 9.293 11.5325 -10
3 14 8.7015 11.522 -10 8.6945 11.543 -10 8.6875 11.5675 -10
4 14 8.7435 11.564 -10 8.7435 11.5465 -10 8.7015 11.522 -10 8.6875 11.5675 -10
4 14 8.7435 11.564 -10 8.6875 11.5675 -10 8.677 11.5955 -10 8.74 11.5955 -10
4 14 8.733 11.6305 -10 8.74 11.5955 -10 8.677 11.5955 -10 8.67 11.62 -10
4 14 9.153 11.6515 -10 9.1495 11.662 -10 9.1565 11.669 -10 9.1635 11.6445 -10
4 14 8.7225 11.6725 -10 8.733 11.6305 -10 8.67 11.62 -10 8.656 11.655 -10
4 14 9.1705 11.676 -10 9.1775 11.6375 -10 9.1635 11.6445 -10 9.1565 11.669 -10
4 14 9.195 11.6375 -10 9.1775 11.6375 -10 9.1705 11.676 -10 9.1845 11.683 -10
4 14 9.2265 11.6445 -10 9.2125 11.6375 -10 9.1985 11.69 -10 9.2125 11.6935 -10
4 14 9.1845 11.683 -10 9.1985 11.69 -10 9.2125 11.6375 -10 9.195 11.6375 -10
4 14 9.244 11.6585 -10 9.2265 11.6445 -10 9.2125 11.6935 -10 9.23 11.697 -10
4 14 9.258 11.6725 -10 9.244 11.6585 -10 9.23 11.697 -10 9.2475 11.7005 -10
4 14 9.2475 11.7005 -10 9.2685 11.7005 -10 9.265 11.683 -10 9.258 11.6725 -10
4 14 8.656 11.655 -10 8.635 11.704 -10 8.705 11.7215 -10 8.7225 11.6725 -10
4 14 8.684 11.7635 -10 8.705 11.7215 -10 8.635 11.704 -10 8.6175 11.746 -10
4 14 8.6175 11.746 -10 8.593 11.7915 -10 8.6595 11.802 -10 8.684 11.7635 -10
4 14 9.1565 11.809 -10 9.1705 11.781 -10 9.1565 11.788 -10 9.146 11.802 -10
4 14 9.1705 11.781 -10 9.1565 11.809 -10 9.1705 11.816 -10 9.1915 11.781 -10
4 14 9.1915 11.781 -10 9.1705 11.816 -10 9.188 11.823 -10 9.202 11.7845 -10
4 14 9.202 11.7845 -10 9.188 11.823 -10 9.202 11.83 -10 9.216 11.7915 -10
4 14 9.216 11.8335 -10 9.23 11.8055 -10 9.216 11.7915 -10 9.202 11.83 -10
4 14 9.23 11.8055 -10 9.216 11.8335 -10 9.23 11.837 -10 9.2405 11.816 -10
3 14 9.23 11.837 -10 9.244 11.8335 -10 9.2405 11.816 -10
4 14 8.628 11.8475 -10 8.6595 11.802 -10 8.593 11.7915 -10 8.5685 11.8335 -10
4 14 8.6 11.8825 -10 8.628 11.8475 -10 8.5685 11.8335 -10 8.537 11.8755 -10
4 14 8.572 11.9175 -10 8.6 11.8825 -10 8.537 11.8755 -10 8.516 11.907 -10
4 14 9.139 11.9245 -10 9.132 11.935 -10 9.139 11.942 -10 9.153 11.9175 -10
3 14 9.153 11.9175 -10 9.139 11.942 -10 9.146 11.9455 -10
4 14 8.516 11.907 -10 8.495 11.9385 -10 8.544 11.949 -10 8.572 11.9175 -10
4 14 9.1775 11.921 -10 9.167 11.9175 -10 9.1565 11.9525 -10 9.167 11.956 -10
4 14 9.146 11.9455 -10 9.1565 11.9525 -10 9.167 11.9175 -10 9.153 11.9175 -10
3 14 9.167 11.956 -10 9.188 11.928 -10 9.1775 11.921 -10
4 14 9.188 11.928 -10 9.167 11.956 -10 9.181 11.9595 -10 9.1985 11.9385 -10
4 14 9.1985 11.9385 -10 9.181 11.9595 -10 9.195 11.963 -10 9.2055 11.949 -10
3 14 9.209 11.9665 -10 9.2055 11.949 -10 9.195 11.963 -10
3 14 8.544 11.949 -10 8.495 11.9385 -10 8.474 11.97 -10
4 14 8.544 11.949 -10 8.474 11.97 -10 8.4495 12.005 -10 8.516 11.9805 -10
4 14 8.453 12.0435 -10 8.4705 12.0295 -10 8.4495 12.005 -10 8.4355 12.033 -10
4 14 8.516 11.9805 -10 8.4495 12.005 -10 8.4705 12.0295 -10 8.4915 12.0085 -10
3 14 8.4355 12.033 -10 8.4355 12.047 -10 8.453 12.0435 -10
4 14 9.118 12.068 -10 9.132 12.0435 -10 9.1215 12.047 -10 9.111 12.061 -10
4 14 9.1285 12.0715 -10 9.146 12.0435 -10 9.132 12.0435 -10 9.118 12.068 -10
4 14 9.146 12.0435 -10 9.1285 12.0715 -10 9.1425 12.0785 -10 9.1565 12.0505 -10
4 14 9.1565 12.0505 -10 9.1425 12.0785 -10 9.153 12.082 -10 9.167 12.061 -10
4 14 9.167 12.0855 -10 9.174 12.068 -10 9.167 12.061 -10 9.153 12.082 -10
3 14 9.1775 12.089 -10 9.174 12.068 -10 9.167 12.0855 -10
4 14 6.7765 12.117 -10 6.822 12.152 -10 6.836 12.1415 -10 6.801 12.11 -10
4 14 6.836 12.1275 -10 6.8255 12.117 -10 6.801 12.11 -10 6.836 12.1415 -10
4 14 6.745 12.1345 -10 6.738 12.1415 -10 6.7415 12.1555 -10 6.752 12.1555 -10
4 14 6.7555 12.1275 -10 6.745 12.1345 -10 6.752 12.1555 -10 6.7695 12.1555 -10
4 14 6.7765 12.117 -10 6.7555 12.1275 -10 6.7695 12.1555 -10 6.794 12.1555 -10
3 14 6.7765 12.117 -10 6.794 12.1555 -10 6.822 12.152 -10
4 14 9.0795 12.1555 -10 9.0795 12.166 -10 9.09 12.173 -10 9.0935 12.145 -10
4 14 9.104 12.18 -10 9.111 12.145 -10 9.0935 12.145 -10 9.09 12.173 -10
4 14 9.118 12.1835 -10 9.1215 12.152 -10 9.111 12.145 -10 9.104 12.18 -10
4 14 9.132 12.159 -10 9.1215 12.152 -10 9.132 12.187 -10 9.1425 12.1695 -10
3 14 9.1215 12.152 -10 9.118 12.1835 -10 9.132 12.187 -10
3 14 9.132 12.187 -10 9.1495 12.187 -10 9.1425 12.1695 -10
4 14 9.048 12.278 -10 9.0585 12.2885 -10 9.069 12.292 -10 9.0655 12.2675 -10
3 14 9.0795 12.2675 -10 9.0655 12.2675 -10 9.069 12.292 -10
4 14 9.069 12.292 -10 9.0795 12.2955 -10 9.09 12.2745 -10 9.0795 12.2675 -10
4 14 9.104 12.299 -10 9.09 12.2745 -10 9.0795 12.2955 -10 9.09 12.299 -10
3 14 9.104 12.299 -10 9.097 12.2815 -10 9.09 12.2745 -10
4 14 6.5175 12.362 -10 6.563 12.362 -10 6.5595 12.341 -10 6.5385 12.3445 -10
4 14 8.145 12.3655 -10 8.145 12.3025 -10 8.103 12.3025 -10 8.11 12.3655 -10
4 14 8.215 12.313 -10 8.18 12.306 -10 8.145 12.3025 -10 8.145 12.3655 -10
4 14 8.11 12.3655 -10 8.103 12.3025 -10 8.0645 12.306 -10 8.075 12.3655 -10
4 14 8.033 12.313 -10 8.0435 12.369 -10 8.075 12.3655 -10 8.0645 12.306 -10
3 14 8.145 12.3655 -10 8.173 12.369 -10 8.215 12.313 -10
4 14 7.9945 12.3235 -10 8.019 12.3725 -10 8.0435 12.369 -10 8.033 12.313 -10
4 14 8.215 12.313 -10 8.173 12.369 -10 8.1975 12.3725 -10 8.2465 12.3235 -10
4 14 7.9665 12.334 -10 7.998 12.3795 -10 8.019 12.3725 -10 7.9945 12.3235 -10
4 14 8.2465 12.3235 -10 8.1975 12.3725 -10 8.229 12.3795 -10 8.278 12.3375 -10
3 14 7.9665 12.334 -10 7.977 12.3865 -10 7.998 12.3795 -10
4 14 7.9665 12.334 -10 7.942 12.348 -10 7.956 12.39 -10 7.977 12.3865 -10
4 14 8.2605 12.39 -10 8.3025 12.3515 -10 8.278 12.3375 -10 8.229 12.3795 -10
4 14 7.9245 12.3935 -10 7.942 12.3935 -10 7.9245 12.362 -10 7.9175 12.3795 -10
4 14 7.942 12.3935 -10 7.956 12.39 -10 7.942 12.348 -10 7.9245 12.362 -10
3 14 6.556 12.3935 -10 6.563 12.362 -10 6.5175 12.362 -10
4 14 6.5315 12.4355 -10 6.556 12.3935 -10 6.5175 12.362 -10 6.4965 12.397 -10
4 14 8.3025 12.3515 -10 8.2605 12.39 -10 8.285 12.397 -10 8.3235 12.369 -10
4 14 9.0235 12.3795 -10 9.013 12.39 -10 9.02 12.397 -10 9.0375 12.3795 -10
4 14 8.306 12.404 -10 8.341 12.3865 -10 8.3235 12.369 -10 8.285 12.397 -10
4 14 9.0375 12.3795 -10 9.02 12.397 -10 9.0305 12.404 -10 9.048 12.3865 -10
4 14 9.0445 12.4075 -10 9.055 12.3935 -10 9.048 12.3865 -10 9.0305 12.404 -10
3 14 9.0445 12.4075 -10 9.0585 12.4075 -10 9.055 12.3935 -10
4 14 8.341 12.3865 -10 8.306 12.404 -10 8.327 12.411 -10 8.3515 12.4005 -10
4 14 8.341 12.4145 -10 8.355 12.411 -10 8.3515 12.4005 -10 8.327 12.411 -10
4 14 6.4965 12.397 -10 6.4685 12.4425 -10 6.5035 12.4775 -10 6.5315 12.4355 -10
4 14 8.971 12.502 -10 8.9885 12.4845 -10 8.9745 12.488 -10 8.9675 12.495 -10
3 14 6.9515 12.474 -10 6.941 12.474 -10 6.941 12.4845 -10
4 14 8.9815 12.509 -10 8.999 12.4915 -10 8.9885 12.4845 -10 8.971 12.502 -10
4 14 8.992 12.516 -10 9.006 12.4985 -10 8.999 12.4915 -10 8.9815 12.509 -10
3 14 8.992 12.516 -10 9.0095 12.516 -10 9.006 12.4985 -10
4 14 6.983 12.495 -10 6.969 12.4845 -10 6.9445 12.5055 -10 6.9515 12.5195 -10
4 14 6.941 12.4845 -10 6.9445 12.5055 -10 6.969 12.4845 -10 6.9515 12.474 -10
4 14 6.451 12.5545 -10 6.479 12.5125 -10 6.444 12.488 -10 6.4195 12.53 -10
4 14 6.4685 12.4425 -10 6.444 12.488 -10 6.479 12.5125 -10 6.5035 12.4775 -10
4 14 7.0005 12.5125 -10 6.983 12.495 -10 6.9515 12.5195 -10 6.962 12.537 -10
4 14 6.4335 12.5755 -10 6.451 12.5545 -10 6.4195 12.53 -10 6.402 12.5615 -10
3 14 6.402 12.5615 -10 6.3985 12.579 -10 6.4335 12.5755 -10
4 14 7.032 12.551 -10 7.018 12.53 -10 6.976 12.558 -10 6.99 12.579 -10
4 14 6.962 12.537 -10 6.976 12.558 -10 7.018 12.53 -10 7.0005 12.5125 -10
4 14 6.4335 12.5755 -10 6.3985 12.579 -10 6.402 12.593 -10 6.416 12.5895 -10
4 14 6.99 12.579 -10 7.0075 12.6 -10 7.0425 12.572 -10 7.032 12.551 -10
4 14 7.0565 12.5965 -10 7.0425 12.572 -10 7.0075 12.6 -10 7.025 12.6175 -10
4 14 7.494 12.6175 -10 7.494 12.6105 -10 7.487 12.607 -10 7.4625 12.614 -10
4 14 7.053 12.6245 -10 7.0565 12.5965 -10 7.025 12.6175 -10 7.039 12.628 -10
3 14 7.053 12.6245 -10 7.06 12.614 -10 7.0565 12.5965 -10
4 14 7.48 12.6385 -10 7.494 12.6175 -10 7.4625 12.614 -10 7.4415 12.6315 -10
4 14 7.4415 12.6315 -10 7.4135 12.6595 -10 7.459 12.6665 -10 7.48 12.6385 -10
4 14 7.431 12.7085 -10 7.459 12.6665 -10 7.4135 12.6595 -10 7.389 12.6945 -10
4 14 7.403 12.747 -10 7.431 12.7085 -10 7.389 12.6945 -10 7.3645 12.7365 -10
4 14 7.382 12.7785 -10 7.403 12.747 -10 7.3645 12.7365 -10 7.3435 12.775 -10
4 14 7.361 12.8135 -10 7.382 12.7785 -10 7.3435 12.775 -10 7.3295 12.8065 -10
4 14 7.3435 12.8415 -10 7.361 12.8135 -10 7.3295 12.8065 -10 7.3155 12.838 -10
4 14 7.3155 12.838 -10 7.305 12.859 -10 7.3295 12.8625 -10 7.3435 12.8415 -10
4 14 6.5525 12.852 -10 6.542 12.8555 -10 6.563 12.873 -10 6.563 12.859 -10
4 14 6.556 12.887 -10 6.563 12.873 -10 6.542 12.8555 -10 6.5315 12.866 -10
4 14 7.305 12.859 -10 7.298 12.8765 -10 7.312 12.887 -10 7.3295 12.8625 -10
3 14 7.298 12.894 -10 7.312 12.887 -10 7.298 12.8765 -10
4 14 6.5455 12.901 -10 6.556 12.887 -10 6.5315 12.866 -10 6.521 12.88 -10
4 14 6.535 12.915 -10 6.5455 12.901 -10 6.521 12.88 -10 6.5105 12.8975 -10
4 14 6.5105 12.8975 -10 6.5035 12.9115 -10 6.528 12.9255 -10 6.535 12.915 -10
3 14 6.5175 12.9395 -10 6.528 12.9255 -10 6.5035 12.9115 -10
4 14 6.5175 12.9395 -10 6.5035 12.9115 -10 6.5 12.9255 -10 6.5035 12.943 -10
3 14 6.15 12.9885 -10 6.1395 12.992 -10 6.129 12.999 -10
4 14 6.1535 13.013 -10 6.1535 12.999 -10 6.15 12.9885 -10 6.129 12.999 -10
3 14 6.101 13.0375 -10 6.143 13.0445 -10 6.1535 13.013 -10
4 14 6.129 12.999 -10 6.1115 13.02 -10 6.101 13.0375 -10 6.1535 13.013 -10
4 14 6.129 13.069 -10 6.143 13.0445 -10 6.101 13.0375 -10 6.0905 13.062 -10
4 14 6.1185 13.09 -10 6.129 13.069 -10 6.0905 13.062 -10 6.0905 13.09 -10
4 14 8.8065 13.09 -10 8.7995 13.0725 -10 8.7785 13.062 -10 8.761 13.0795 -10
4 14 6.108 13.1005 -10 6.1185 13.09 -10 6.0905 13.09 -10 6.0975 13.1005 -10
4 14 8.8065 13.09 -10 8.761 13.0795 -10 8.7575 13.118 -10 8.8135 13.118 -10
4 14 6.8255 13.1425 -10 6.8465 13.118 -10 6.8325 13.118 -10 6.8185 13.1285 -10
4 14 6.8465 13.118 -10 6.8255 13.1425 -10 6.843 13.153 -10 6.871 13.125 -10
4 14 6.871 13.125 -10 6.843 13.153 -10 6.8605 13.16 -10 6.892 13.132 -10
4 14 8.8135 13.118 -10 8.7575 13.118 -10 8.761 13.16 -10 8.8205 13.16 -10
4 14 6.8885 13.1705 -10 6.9165 13.1425 -10 6.892 13.132 -10 6.8605 13.16 -10
4 14 6.9165 13.1845 -10 6.948 13.1565 -10 6.9165 13.1425 -10 6.8885 13.1705 -10
4 14 6.941 13.1985 -10 6.969 13.167 -10 6.948 13.1565 -10 6.9165 13.1845 -10
4 14 6.962 13.2125 -10 6.997 13.181 -10 6.969 13.167 -10 6.941 13.1985 -10
4 14 8.7715 13.216 -10 8.8275 13.216 -10 8.8205 13.16 -10 8.761 13.16 -10
4 14 6.997 13.181 -10 6.962 13.2125 -10 6.9795 13.223 -10 7.018 13.1915 -10
4 14 7.018 13.1915 -10 6.9795 13.223 -10 7.0005 13.237 -10 7.0355 13.202 -10
4 14 7.0215 13.251 -10 7.0565 13.216 -10 7.0355 13.202 -10 7.0005 13.237 -10
4 14 7.0425 13.265 -10 7.081 13.2335 -10 7.0565 13.216 -10 7.0215 13.251 -10
4 14 8.8275 13.216 -10 8.7715 13.216 -10 8.7855 13.272 -10 8.845 13.2615 -10
4 14 7.067 13.279 -10 7.0985 13.244 -10 7.081 13.2335 -10 7.0425 13.265 -10
4 14 7.0985 13.244 -10 7.067 13.279 -10 7.095 13.2825 -10 7.1125 13.2545 -10
3 14 7.095 13.2825 -10 7.116 13.279 -10 7.1125 13.2545 -10
3 14 6.5105 13.3035 -10 6.4965 13.2965 -10 6.486 13.3035 -10
4 14 6.514 13.3175 -10 6.5105 13.3035 -10 6.486 13.3035 -10 6.4825 13.3175 -10
4 14 6.5158 13.335 -10 6.514 13.3175 -10 6.4825 13.3175 -10 6.479 13.3315 -10
4 14 8.81 13.3315 -10 8.866 13.3105 -10 8.845 13.2615 -10 8.7855 13.272 -10
4 14 6.5175 13.3595 -10 6.5158 13.335 -10 6.479 13.3315 -10 6.479 13.3525 -10
4 14 6.0345 13.3735 -10 6.024 13.377 -10 6.0135 13.3875 -10 6.045 13.384 -10
4 14 8.8415 13.391 -10 8.8905 13.3595 -10 8.866 13.3105 -10 8.81 13.3315 -10
4 14 6.521 13.4085 -10 6.521 13.384 -10 6.479 13.3805 -10 6.479 13.4015 -10
4 14 6.479 13.3525 -10 6.479 13.3805 -10 6.521 13.384 -10 6.5175 13.3595 -10
3 14 6.0485 13.398 -10 6.045 13.384 -10 6.0135 13.3875 -10
4 14 6.003 13.426 -10 6.0065 13.4505 -10 6.0485 13.419 -10 6.0485 13.398 -10
4 14 6.0135 13.3875 -10 6.0065 13.405 -10 6.003 13.426 -10 6.0485 13.398 -10
4 14 8.873 13.447 -10 8.922 13.4155 -10 8.8905 13.3595 -10 8.8415 13.391 -10
4 14 6.0415 13.4435 -10 6.0485 13.419 -10 6.0065 13.4505 -10 6.0135 13.4645 -10
3 14 6.479 13.426 -10 6.4825 13.454 -10 6.5245 13.4365 -10
4 14 6.479 13.4015 -10 6.479 13.426 -10 6.5245 13.4365 -10 6.521 13.4085 -10
4 14 6.0345 13.461 -10 6.0415 13.4435 -10 6.0135 13.4645 -10 6.024 13.468 -10
4 14 6.486 13.475 -10 6.528 13.4575 -10 6.5245 13.4365 -10 6.4825 13.454 -10
4 14 8.922 13.4155 -10 8.873 13.447 -10 8.9045 13.496 -10 8.957 13.475 -10
4 14 6.528 13.4575 -10 6.486 13.475 -10 6.493 13.4995 -10 6.5315 13.4785 -10
4 14 6.5 13.524 -10 6.5385 13.503 -10 6.5315 13.4785 -10 6.493 13.4995 -10
4 14 8.957 13.475 -10 8.9045 13.496 -10 8.9395 13.5415 -10 8.992 13.5205 -10
4 14 6.5105 13.5485 -10 6.5455 13.5275 -10 6.5385 13.503 -10 6.5 13.524 -10
4 14 6.5455 13.5275 -10 6.5105 13.5485 -10 6.521 13.5695 -10 6.549 13.5485 -10
4 14 6.535 13.5905 -10 6.5525 13.573 -10 6.549 13.5485 -10 6.521 13.5695 -10
4 14 8.992 13.5205 -10 8.9395 13.5415 -10 8.985 13.594 -10 9.027 13.566 -10
4 14 6.5385 13.601 -10 6.556 13.594 -10 6.5525 13.573 -10 6.535 13.5905 -10
3 14 6.549 13.608 -10 6.556 13.594 -10 6.5385 13.601 -10
4 14 9.0235 13.629 -10 9.0655 13.608 -10 9.027 13.566 -10 8.985 13.594 -10
4 14 9.0655 13.608 -10 9.0235 13.629 -10 9.0585 13.6605 -10 9.0865 13.629 -10
4 14 9.0865 13.629 -10 9.0585 13.6605 -10 9.083 13.6815 -10 9.111 13.657 -10
4 14 9.111 13.657 -10 9.083 13.6815 -10 9.118 13.706 -10 9.1355 13.678 -10
4 14 7.753 13.678 -10 7.718 13.65 -10 7.697 13.671 -10 7.7145 13.713 -10
3 14 7.718 13.65 -10 7.697 13.65 -10 7.697 13.671 -10
4 14 9.146 13.7235 -10 9.167 13.706 -10 9.1355 13.678 -10 9.118 13.706 -10
4 14 9.167 13.706 -10 9.146 13.7235 -10 9.1705 13.7375 -10 9.1845 13.727 -10
4 14 9.1845 13.727 -10 9.1705 13.7375 -10 9.1845 13.7445 -10 9.1985 13.741 -10
4 14 7.788 13.72 -10 7.753 13.678 -10 7.7145 13.713 -10 7.746 13.762 -10
4 14 10.861 13.86 -10 10.882 13.832 -10 10.868 13.818 -10 10.861 13.832 -10
4 14 10.882 13.832 -10 10.861 13.86 -10 10.8645 13.888 -10 10.889 13.86 -10
4 14 7.9 13.8425 -10 7.837 13.7725 -10 7.795 13.825 -10 7.8475 13.895 -10
4 14 7.746 13.762 -10 7.795 13.825 -10 7.837 13.7725 -10 7.788 13.72 -10
4 14 10.9065 13.9426 -10 10.8995 13.895 -10 10.8645 13.888 -10 10.8645 13.9321 -10
3 14 10.8995 13.895 -10 10.889 13.86 -10 10.8645 13.888 -10
4 14 7.963 13.916 -10 7.9 13.8425 -10 7.8475 13.895 -10 7.9 13.958 -10
4 14 8.026 13.986 -10 7.963 13.916 -10 7.9 13.958 -10 7.956 14.021 -10
4 14 10.8645 13.9321 -10 10.868 13.979 -10 10.917 13.993 -10 10.9065 13.9426 -10
4 14 10.868 13.979 -10 10.8645 14.0385 -10 10.9205 14.07 -10 10.917 13.993 -10
4 14 7.956 14.021 -10 8.012 14.077 -10 8.089 14.049 -10 8.026 13.986 -10
4 14 8.138 14.098 -10 8.089 14.049 -10 8.012 14.077 -10 8.0715 14.1365 -10
4 14 9.16 14.1575 -10 9.132 14.1645 -10 9.209 14.168 -10 9.188 14.1575 -10
3 14 10.8645 14.1085 -10 10.854 14.168 -10 10.9205 14.14 -10
4 14 10.8645 14.0385 -10 10.8645 14.1085 -10 10.9205 14.14 -10 10.9205 14.07 -10
4 14 8.187 14.1505 -10 8.138 14.098 -10 8.0715 14.1365 -10 8.131 14.1855 -10
4 14 9.132 14.1645 -10 9.111 14.175 -10 9.209 14.1855 -10 9.209 14.168 -10
3 14 9.195 14.1995 -10 9.209 14.1855 -10 9.111 14.175 -10
4 14 9.195 14.1995 -10 9.111 14.175 -10 9.083 14.1925 -10 9.062 14.217 -10
3 14 9.062 14.217 -10 9.167 14.2135 -10 9.195 14.1995 -10
3 14 10.9205 14.14 -10 10.854 14.168 -10 10.84 14.238 -10
4 14 9.041 14.245 -10 9.146 14.224 -10 9.167 14.2135 -10 9.062 14.217 -10
4 14 8.278 14.2415 -10 8.2395 14.203 -10 8.187 14.231 -10 8.243 14.273 -10
4 14 8.131 14.1855 -10 8.187 14.231 -10 8.2395 14.203 -10 8.187 14.1505 -10
3 14 9.146 14.224 -10 9.041 14.245 -10 9.027 14.2765 -10
4 14 9.02 14.301 -10 9.02 14.3395 -10 9.0935 14.2695 -10 9.111 14.2485 -10
4 14 9.027 14.2765 -10 9.02 14.301 -10 9.111 14.2485 -10 9.146 14.224 -10
4 14 10.917 14.203 -10 10.9205 14.14 -10 10.84 14.238 -10 10.8085 14.3115 -10
4 14 6.7835 14.315 -10 6.7905 14.2905 -10 6.78 14.2905 -10 6.78 14.301 -10
3 14 6.801 14.2958 -10 6.7905 14.2905 -10 6.7835 14.315 -10
4 14 9.02 14.3395 -10 9.034 14.371 -10 9.076 14.301 -10 9.0935 14.2695 -10
4 14 6.7835 14.315 -10 6.7905 14.3325 -10 6.815 14.3045 -10 6.801 14.2958 -10
4 14 6.8325 14.315 -10 6.815 14.3045 -10 6.7905 14.3325 -10 6.801 14.35 -10
4 14 8.243 14.273 -10 8.306 14.322 -10 8.3305 14.287 -10 8.278 14.2415 -10
4 14 8.362 14.322 -10 8.3305 14.287 -10 8.306 14.322 -10 8.3445 14.35 -10
4 14 8.4005 14.364 -10 8.3865 14.3465 -10 8.369 14.364 -10 8.3865 14.371 -10
4 14 8.3445 14.35 -10 8.369 14.364 -10 8.3865 14.3465 -10 8.362 14.322 -10
4 14 9.0655 14.343 -10 9.076 14.301 -10 9.034 14.371 -10 9.0515 14.3745 -10
3 14 8.3865 14.371 -10 8.404 14.3745 -10 8.4005 14.364 -10
4 14 6.8605 14.3535 -10 6.8465 14.329 -10 6.8115 14.3675 -10 6.829 14.378 -10
4 14 6.801 14.35 -10 6.8115 14.3675 -10 6.8465 14.329 -10 6.8325 14.315 -10
4 14 6.843 14.378 -10 6.8605 14.3675 -10 6.8605 14.3535 -10 6.829 14.378 -10
4 14 10.896 14.2765 -10 10.917 14.203 -10 10.8085 14.3115 -10 10.763 14.3955 -10
4 14 10.847 14.399 -10 10.875 14.35 -10 10.721 14.448 -10 10.679 14.49 -10
4 14 10.875 14.35 -10 10.896 14.2765 -10 10.763 14.3955 -10 10.721 14.448 -10
4 14 10.763 14.5075 -10 10.812 14.4515 -10 10.63 14.539 -10 10.602 14.574 -10
4 14 10.812 14.4515 -10 10.847 14.399 -10 10.679 14.49 -10 10.63 14.539 -10
4 14 10.602 14.574 -10 10.665 14.588 -10 10.7105 14.5565 -10 10.763 14.5075 -10
3 14 10.665 14.588 -10 10.602 14.574 -10 10.581 14.602 -10
4 14 10.5845 14.623 -10 10.637 14.609 -10 10.665 14.588 -10 10.581 14.602 -10
3 14 10.5845 14.623 -10 10.609 14.63 -10 10.637 14.609 -10
3 14 9.9755 14.77 -10 9.951 14.763 -10 9.9335 14.777 -10
4 14 9.923 14.798 -10 9.986 14.798 -10 9.9755 14.77 -10 9.9335 14.777 -10
4 14 9.923 14.833 -10 9.993 14.826 -10 9.986 14.798 -10 9.923 14.798 -10
4 14 9.9265 14.875 -10 9.993 14.861 -10 9.993 14.826 -10 9.923 14.833 -10
4 14 9.958 14.994 -10 9.972 14.952 -10 9.9818 14.91 -10 9.93 14.917 -10
4 14 9.993 14.861 -10 9.9265 14.875 -10 9.93 14.917 -10 9.9818 14.91 -10
4 14 9.958 14.994 -10 9.93 14.917 -10 9.923 14.952 -10 9.944 15.022 -10
4 14 9.944 15.022 -10 9.923 14.952 -10 9.909 14.987 -10 9.902 15.015 -10
4 14 9.93 15.036 -10 9.944 15.022 -10 9.902 15.015 -10 9.909 15.0325 -10
3 14 8.985 15.183 -10 8.978 15.169 -10 8.964 15.169 -10
4 14 8.985 15.183 -10 8.964 15.169 -10 8.943 15.183 -10 8.922 15.211 -10
4 14 8.9535 15.26 -10 8.964 15.2341 -10 8.922 15.211 -10 8.908 15.239 -10
4 14 8.985 15.183 -10 8.922 15.211 -10 8.964 15.2341 -10 8.978 15.2075 -10
4 14 8.9444 15.288 -10 8.9535 15.26 -10 8.908 15.239 -10 8.894 15.281 -10
4 14 8.9381 15.344 -10 8.9402 15.316 -10 8.8905 15.316 -10 8.8905 15.344 -10
4 14 8.894 15.281 -10 8.8905 15.316 -10 8.9402 15.316 -10 8.9444 15.288 -10
4 14 8.9381 15.379 -10 8.9381 15.344 -10 8.8905 15.344 -10 8.8905 15.379 -10
4 14 8.9395 15.4105 -10 8.9381 15.379 -10 8.8905 15.379 -10 8.894 15.4105 -10
4 14 8.943 15.4385 -10 8.9395 15.4105 -10 8.894 15.4105 -10 8.901 15.435 -10
3 14 8.901 15.435 -10 8.9115 15.47 -10 8.943 15.4385 -10
4 14 8.943 15.4385 -10 8.9115 15.47 -10 8.9325 15.477 -10 8.943 15.463 -10
3 14 8.712 15.855 -10 8.733 15.8445 -10 8.733 15.82 -10
4 14 8.712 15.855 -10 8.733 15.82 -10 8.7085 15.82 -10 8.6903 15.8375 -10
4 14 8.6903 15.8375 -10 8.6735 15.855 -10 8.691 15.869 -10 8.712 15.855 -10
4 14 7.809 15.8935 -10 7.8055 15.904 -10 7.823 15.9145 -10 7.8265 15.8865 -10
4 14 7.823 15.9145 -10 7.8405 15.9145 -10 7.8433 15.8907 -10 7.8265 15.8865 -10
4 14 7.858 15.897 -10 7.8433 15.8907 -10 7.8405 15.9145 -10 7.8545 15.911 -10
4 14 8.019 15.9005 -10 8.019 15.9075 -10 8.0295 15.9215 -10 8.0295 15.897 -10
4 14 8.0295 15.897 -10 8.0295 15.9215 -10 8.0435 15.9285 -10 8.0505 15.897 -10
4 14 8.0505 15.897 -10 8.0435 15.9285 -10 8.0645 15.9355 -10 8.0715 15.9005 -10
4 14 8.425 15.9215 -10 8.4145 15.9215 -10 8.418 15.9366 -10 8.425 15.932 -10
4 14 8.0855 15.9425 -10 8.096 15.904 -10 8.0715 15.9005 -10 8.0645 15.9355 -10
4 14 8.4145 15.9215 -10 8.383 15.9215 -10 8.397 15.9425 -10 8.418 15.9366 -10
4 14 7.2875 15.9635 -10 7.3015 15.9495 -10 7.312 15.9355 -10 7.3085 15.925 -10
4 14 8.117 15.9495 -10 8.1275 15.911 -10 8.096 15.904 -10 8.0855 15.9425 -10
4 14 8.369 15.9495 -10 8.397 15.9425 -10 8.383 15.9215 -10 8.334 15.9215 -10
4 14 8.313 15.953 -10 8.369 15.9495 -10 8.334 15.9215 -10 8.285 15.9215 -10
4 14 8.145 15.9565 -10 8.1555 15.9145 -10 8.1275 15.911 -10 8.117 15.9495 -10
4 14 8.25 15.9565 -10 8.313 15.953 -10 8.285 15.9215 -10 8.236 15.9215 -10
4 14 7.242 15.96 -10 7.2455 15.9285 -10 7.2315 15.939 -10 7.2315 15.9495 -10
4 14 8.1555 15.9145 -10 8.145 15.9565 -10 8.1975 15.96 -10 8.1975 15.918 -10
4 14 8.1975 15.96 -10 8.25 15.9565 -10 8.236 15.9215 -10 8.1975 15.918 -10
3 14 7.3085 15.925 -10 7.2875 15.9215 -10 7.2875 15.9635 -10
4 14 7.263 15.9215 -10 7.2665 15.9705 -10 7.2875 15.9635 -10 7.2875 15.9215 -10
4 14 7.2455 15.9285 -10 7.242 15.96 -10 7.2665 15.9705 -10 7.263 15.9215 -10
4 14 9.328 16.415 -10 9.377 16.394 -10 9.3735 16.373 -10 9.349 16.373 -10
4 14 9.342 16.4255 -10 9.363 16.4115 -10 9.377 16.394 -10 9.328 16.415 -10
3 14 9.1285 16.499 -10 9.1285 16.485 -10 9.111 16.485 -10
4 14 8.957 16.6145 -10 9.1285 16.499 -10 9.111 16.485 -10 9.076 16.506 -10
4 14 8.957 16.6145 -10 8.9885 16.646 -10 9.1145 16.5165 -10 9.1285 16.499 -10
4 14 8.873 16.7475 -10 8.9885 16.646 -10 8.957 16.6145 -10 8.852 16.716 -10
4 14 8.859 16.7615 -10 8.873 16.7475 -10 8.852 16.716 -10 8.8415 16.73 -10
3 14 8.8205 16.7755 -10 8.859 16.7615 -10 8.8415 16.73 -10
4 14 8.6455 16.8735 -10 8.628 16.877 -10 8.656 16.884 -10 8.656 16.8735 -10
3 14 8.656 16.8945 -10 8.656 16.884 -10 8.628 16.877 -10
4 14 8.614 16.8875 -10 8.642 16.912 -10 8.656 16.8945 -10 8.628 16.877 -10
3 14 8.5944 16.9295 -10 8.6035 16.9295 -10 8.593 16.919 -10
4 14 8.6175 16.9295 -10 8.5965 16.9085 -10 8.593 16.919 -10 8.6035 16.9295 -10
4 14 8.5965 16.9085 -10 8.6175 16.9295 -10 8.642 16.912 -10 8.614 16.8875 -10
3 14 8.3403 17.2228 -10 8.3473 17.2151 -10 8.3459 17.2018 -10
3 14 8.3116 17.1808 -10 8.292 17.1899 -10 8.2773 17.2081 -10
3 14 8.3123 17.2298 -10 8.3333 17.1808 -10 8.3116 17.1808 -10
4 14 8.2773 17.2081 -10 8.299 17.2305 -10 8.3123 17.2298 -10 8.3116 17.1808 -10
4 14 8.327 17.2305 -10 8.3431 17.1899 -10 8.3333 17.1808 -10 8.3123 17.2298 -10
4 14 8.3459 17.2018 -10 8.3431 17.1899 -10 8.327 17.2305 -10 8.3403 17.2228 -10
4 14 8.2773 17.2081 -10 8.2605 17.2298 -10 8.292 17.2424 -10 8.299 17.2305 -10
4 14 8.2605 17.2298 -10 8.2486 17.2438 -10 8.2899 17.2585 -10 8.292 17.2424 -10
3 14 8.2899 17.2585 -10 8.2486 17.2438 -10 8.2437 17.2585 -10
4 14 8.2801 17.2823 -10 8.2906 17.2767 -10 8.2444 17.2781 -10 8.2612 17.2844 -10
4 14 8.2437 17.2585 -10 8.2444 17.2781 -10 8.2906 17.2767 -10 8.2899 17.2585 -10
3 14 7.657 9.8214 -10 8.6 9.772 -10 8.1279 9.7844 -10
3 14 9.543 9.8214 -10 9.0722 9.7844 -10 8.6 9.772 -10
4 14 10.0112 9.8831 -10 9.543 9.8214 -10 8.6 9.772 -10 7.657 9.8214 -10
4 14 7.657 9.8214 -10 8.467 9.9925 -10 8.6735 9.996 -10 10.0112 9.8831 -10
3 14 8.684 10.0065 -10 10.0112 9.8831 -10 8.6735 9.996 -10
3 14 8.6665 10.01 -10 8.6735 9.996 -10 8.467 9.9925 -10
3 14 8.6945 10.017 -10 10.0112 9.8831 -10 8.684 10.0065 -10
3 14 8.663 10.024 -10 8.6665 10.01 -10 8.467 9.9925 -10
3 14 8.705 10.0275 -10 10.0112 9.8831 -10 8.6945 10.017 -10
4 14 10.0112 9.8831 -10 8.705 10.0275 -10 8.719 10.0415 -10 8.7505 10.0695 -10
4 14 8.663 10.024 -10 8.467 9.9925 -10 8.6525 10.066 -10 8.6595 10.045 -10
3 14 8.719 10.0415 -10 8.733 10.0555 -10 8.7505 10.0695 -10
3 14 8.6525 10.066 -10 8.467 9.9925 -10 8.481 10.003 -10
4 14 10.0112 9.8831 -10 8.7505 10.0695 -10 8.789 10.0975 -10 8.81 10.1115 -10
3 14 8.7505 10.0695 -10 8.768 10.0835 -10 8.789 10.0975 -10
4 14 8.5055 10.0415 -10 8.6385 10.1045 -10 8.6455 10.087 -10 8.4915 10.024 -10
4 14 8.6525 10.066 -10 8.481 10.003 -10 8.4915 10.024 -10 8.6455 10.087 -10
4 14 8.5195 10.066 -10 8.6315 10.122 -10 8.6385 10.1045 -10 8.5055 10.0415 -10
3 14 8.831 10.1255 -10 10.0112 9.8831 -10 8.81 10.1115 -10
3 14 8.852 10.1465 -10 10.0112 9.8831 -10 8.831 10.1255 -10
3 14 7.657 9.8214 -10 7.1888 9.8831 -10 6.7244 9.9691 -10
4 14 7.657 9.8214 -10 6.7244 9.9691 -10 5.8124 10.2135 -10 5.3672 10.3712 -10
3 14 6.7244 9.9691 -10 6.2652 10.0794 -10 5.8124 10.2135 -10
4 14 8.1765 10.1885 -10 8.467 9.9925 -10 7.657 9.8214 -10 8.166 10.1885 -10
4 14 8.047 10.2865 -10 8.166 10.1885 -10 7.657 9.8214 -10 5.3672 10.3712 -10
4 14 8.6315 10.122 -10 8.5195 10.066 -10 8.5405 10.0905 -10 8.628 10.1465 -10
3 14 8.866 10.1605 -10 10.0112 9.8831 -10 8.852 10.1465 -10
4 14 8.425 10.101 -10 8.285 10.1745 -10 8.306 10.1745 -10 8.418 10.1115 -10
4 14 8.418 10.1115 -10 8.306 10.1745 -10 8.3235 10.1745 -10 8.418 10.1255 -10
4 14 8.341 10.1745 -10 8.4285 10.1395 -10 8.418 10.1255 -10 8.3235 10.1745 -10
4 14 8.439 10.0835 -10 8.2605 10.178 -10 8.285 10.1745 -10 8.425 10.101 -10
4 14 8.628 10.1465 -10 8.5405 10.0905 -10 8.5615 10.1185 -10 8.6315 10.1605 -10
4 14 8.5755 10.143 -10 8.642 10.178 -10 8.6315 10.1605 -10 8.5615 10.1185 -10
3 14 8.88 10.178 -10 10.0112 9.8831 -10 8.866 10.1605 -10
4 14 8.341 10.1745 -10 8.3585 10.178 -10 8.383 10.1815 -10 8.4285 10.1395 -10
4 14 8.2605 10.178 -10 8.439 10.0835 -10 8.4495 10.0625 -10 8.2395 10.1815 -10
3 14 8.467 9.9925 -10 8.1765 10.1885 -10 8.187 10.1885 -10
4 14 8.467 9.9925 -10 8.187 10.1885 -10 8.201 10.1885 -10 8.46 10.01 -10
4 14 8.46 10.01 -10 8.201 10.1885 -10 8.2185 10.185 -10 8.4565 10.0345 -10
4 14 8.2395 10.1815 -10 8.4495 10.0625 -10 8.4565 10.0345 -10 8.2185 10.185 -10
3 14 8.4075 10.1885 -10 8.4285 10.1395 -10 8.383 10.1815 -10
4 14 8.5825 10.164 -10 8.6525 10.192 -10 8.642 10.178 -10 8.5755 10.143 -10
4 14 8.425 10.199 -10 8.439 10.206 -10 8.4565 10.213 -10 8.4075 10.1885 -10
4 14 8.474 10.22 -10 8.4285 10.1395 -10 8.4075 10.1885 -10 8.4565 10.213 -10
4 14 8.6525 10.192 -10 8.5825 10.164 -10 8.586 10.1815 -10 8.656 10.206 -10
3 14 8.88 10.178 -10 8.9045 10.2095 -10 8.9185 10.227 -10
4 14 8.656 10.206 -10 8.586 10.1815 -10 8.586 10.1955 -10 8.656 10.2165 -10
4 14 8.579 10.206 -10 8.649 10.2305 -10 8.656 10.2165 -10 8.586 10.1955 -10
3 14 8.579 10.206 -10 8.628 10.241 -10 8.649 10.2305 -10
3 14 8.4285 10.1395 -10 8.474 10.22 -10 8.502 10.234 -10
3 14 9.006 10.2445 -10 10.0112 9.8831 -10 8.9745 10.2445 -10
4 14 8.502 10.234 -10 8.53 10.2445 -10 8.4565 10.164 -10 8.4285 10.1395 -10
4 14 8.6 10.2515 -10 8.628 10.241 -10 8.579 10.206 -10 8.551 10.2095 -10
4 14 10.0112 9.8831 -10 8.88 10.178 -10 8.9185 10.227 -10 8.9535 10.2515 -10
3 14 8.9185 10.227 -10 8.936 10.2445 -10 8.9535 10.2515 -10
4 14 8.166 10.255 -10 8.2185 10.22 -10 8.201 10.213 -10 8.138 10.255 -10
3 14 8.285 10.2515 -10 8.2885 10.241 -10 8.285 10.234 -10
4 14 8.53 10.2445 -10 8.5475 10.2515 -10 8.4985 10.192 -10 8.4565 10.164 -10
3 14 8.6 10.2515 -10 8.551 10.2095 -10 8.4985 10.192 -10
4 14 8.5475 10.2515 -10 8.572 10.255 -10 8.6 10.2515 -10 8.4985 10.192 -10
3 14 9.062 10.255 -10 10.0112 9.8831 -10 9.006 10.2445 -10
4 14 8.201 10.2585 -10 8.2395 10.2235 -10 8.2185 10.22 -10 8.166 10.255 -10
4 14 8.2395 10.2235 -10 8.201 10.2585 -10 8.2255 10.2585 -10 8.257 10.227 -10
4 14 8.2605 10.2585 -10 8.2745 10.2305 -10 8.257 10.227 -10 8.2255 10.2585 -10
4 14 8.285 10.2515 -10 8.285 10.234 -10 8.2745 10.2305 -10 8.2745 10.255 -10
3 14 8.2745 10.2305 -10 8.2605 10.2585 -10 8.2745 10.255 -10
4 14 8.1765 10.206 -10 8.103 10.262 -10 8.138 10.255 -10 8.1905 10.2095 -10
3 14 8.138 10.255 -10 8.201 10.213 -10 8.1905 10.2095 -10
3 14 9.083 10.262 -10 10.0112 9.8831 -10 9.062 10.255 -10
3 14 9.104 10.269 -10 10.0112 9.8831 -10 9.083 10.262 -10
3 14 8.166 10.199 -10 8.061 10.2795 -10 8.082 10.269 -10
4 14 8.103 10.262 -10 8.1765 10.206 -10 8.166 10.199 -10 8.082 10.269 -10
3 14 9.132 10.283 -10 10.0112 9.8831 -10 9.104 10.269 -10
4 14 8.166 10.1885 -10 8.047 10.2865 -10 8.061 10.2795 -10 8.166 10.199 -10
3 14 9.153 10.297 -10 10.0112 9.8831 -10 9.132 10.283 -10
3 14 9.1705 10.3145 -10 10.0112 9.8831 -10 9.153 10.297 -10
3 14 9.188 10.332 -10 10.0112 9.8831 -10 9.1705 10.3145 -10
3 14 9.2055 10.3495 -10 10.0112 9.8831 -10 9.188 10.332 -10
4 14 8.341 10.3635 -10 8.355 10.36 -10 8.3655 10.353 -10 8.3725 10.3425 -10
3 14 8.3725 10.3425 -10 8.362 10.3355 -10 8.341 10.3635 -10
4 14 8.341 10.3635 -10 8.362 10.3355 -10 8.334 10.3355 -10 8.3305 10.374 -10
4 14 11.3876 10.2135 -10 10.9348 10.0794 -10 10.4756 9.9691 -10 11.8328 10.3712 -10
3 14 9.23 10.374 -10 10.0112 9.8831 -10 9.2055 10.3495 -10
4 14 8.4005 10.381 -10 8.39 10.374 -10 8.404 10.402 -10 8.411 10.3915 -10
3 14 10.0112 9.8831 -10 9.23 10.374 -10 9.244 10.388 -10
4 14 9.244 10.388 -10 9.265 10.402 -10 9.2825 10.4055 -10 10.0112 9.8831 -10
4 14 9.2825 10.4055 -10 9.314 10.409 -10 9.384 10.4125 -10 10.0112 9.8831 -10
3 14 9.314 10.409 -10 9.342 10.4125 -10 9.384 10.4125 -10
3 14 9.384 10.4125 -10 9.412 10.4125 -10 10.0112 9.8831 -10
3 14 9.412 10.4125 -10 9.447 10.4125 -10 10.0112 9.8831 -10
3 14 10.0112 9.8831 -10 9.447 10.4125 -10 9.482 10.4125 -10
4 14 9.5415 10.4055 -10 10.0112 9.8831 -10 9.482 10.4125 -10 9.5135 10.409 -10
4 14 8.362 10.3775 -10 8.376 10.416 -10 8.404 10.402 -10 8.3795 10.374 -10
3 14 8.404 10.402 -10 8.39 10.374 -10 8.3795 10.374 -10
4 14 8.376 10.416 -10 8.362 10.3775 -10 8.348 10.3775 -10 8.3445 10.423 -10
4 14 8.334 10.3355 -10 8.2745 10.451 -10 8.306 10.437 -10 8.3305 10.374 -10
4 14 8.3445 10.423 -10 8.348 10.3775 -10 8.3305 10.374 -10 8.306 10.437 -10
3 14 8.313 10.332 -10 8.292 10.325 -10 8.236 10.472 -10
4 14 8.334 10.3355 -10 8.313 10.332 -10 8.236 10.472 -10 8.2745 10.451 -10
4 14 8.236 10.472 -10 8.292 10.325 -10 8.2675 10.318 -10 8.215 10.4825 -10
4 14 8.243 10.311 -10 8.201 10.493 -10 8.215 10.4825 -10 8.2675 10.318 -10
4 14 8.201 10.493 -10 8.243 10.311 -10 8.215 10.304 -10 8.18 10.507 -10
4 14 8.18 10.507 -10 8.215 10.304 -10 8.1835 10.297 -10 8.1625 10.521 -10
4 14 8.1625 10.521 -10 8.1835 10.297 -10 8.1555 10.2935 -10 8.1345 10.5385 -10
4 14 8.1205 10.2935 -10 8.096 10.556 -10 8.1345 10.5385 -10 8.1555 10.2935 -10
4 14 8.096 10.556 -10 8.1205 10.2935 -10 8.103 10.297 -10 8.068 10.57 -10
4 14 8.068 10.57 -10 8.103 10.297 -10 8.082 10.3005 -10 8.0365 10.584 -10
4 14 9.3735 10.57 -10 9.363 10.549 -10 9.3525 10.556 -10 9.356 10.5665 -10
3 14 9.5415 10.4055 -10 9.573 10.409 -10 11.8328 10.3712 -10
4 14 10.4756 9.9691 -10 10.0112 9.8831 -10 9.5415 10.4055 -10 11.8328 10.3712 -10
3 14 9.573 10.409 -10 9.601 10.423 -10 11.8328 10.3712 -10
3 14 11.8328 10.3712 -10 9.601 10.423 -10 9.6255 10.437 -10
3 14 11.8328 10.3712 -10 9.6255 10.437 -10 9.65 10.4545 -10
3 14 11.8328 10.3712 -10 9.65 10.4545 -10 9.6675 10.4755 -10
3 14 11.8328 10.3712 -10 9.6675 10.4755 -10 9.6745 10.493 -10
3 14 11.8328 10.3712 -10 9.6745 10.493 -10 9.664 10.5105 -10
4 14 9.391 10.535 -10 9.377 10.542 -10 9.3735 10.57 -10 9.398 10.577 -10
3 14 9.377 10.542 -10 9.363 10.549 -10 9.3735 10.57 -10
4 14 8.0365 10.584 -10 8.082 10.3005 -10 8.0645 10.3005 -10 8.005 10.598 -10
4 14 9.398 10.577 -10 9.433 10.584 -10 9.4225 10.5245 -10 9.391 10.535 -10
4 14 9.4645 10.5105 -10 9.4225 10.5245 -10 9.433 10.584 -10 9.4715 10.598 -10
4 14 8.0505 10.3005 -10 7.9665 10.612 -10 8.005 10.598 -10 8.0645 10.3005 -10
4 14 7.9665 10.612 -10 8.0505 10.3005 -10 8.0435 10.297 -10 7.928 10.626 -10
4 14 9.4925 10.5 -10 9.4645 10.5105 -10 9.4715 10.598 -10 9.5065 10.612 -10
3 14 8.0435 10.297 -10 8.047 10.2865 -10 5.3672 10.3712 -10
4 14 7.823 10.6645 -10 7.928 10.626 -10 8.0435 10.297 -10 5.3672 10.3712 -10
4 14 7.823 10.6645 -10 7.858 10.654 -10 7.886 10.6435 -10 7.928 10.626 -10
4 14 9.5065 10.612 -10 9.5415 10.6295 -10 9.524 10.493 -10 9.4925 10.5 -10
4 14 9.5415 10.6295 -10 9.58 10.654 -10 9.5415 10.4895 -10 9.524 10.493 -10
4 14 9.566 10.4895 -10 9.5415 10.4895 -10 9.58 10.654 -10 9.6115 10.675 -10
4 14 7.823 10.6645 -10 5.3672 10.3712 -10 7.711 10.6785 -10 7.7915 10.6715 -10
3 14 7.669 10.6925 -10 7.711 10.6785 -10 5.3672 10.3712 -10
3 14 9.6115 10.675 -10 9.643 10.696 -10 9.566 10.4895 -10
3 14 7.6375 10.71 -10 7.669 10.6925 -10 5.3672 10.3712 -10
4 14 9.566 10.4895 -10 9.643 10.696 -10 9.671 10.71 -10 9.5905 10.4895 -10
4 14 9.5905 10.4895 -10 9.671 10.71 -10 9.692 10.717 -10 9.6045 10.493 -10
4 14 9.692 10.717 -10 9.727 10.717 -10 9.6185 10.5 -10 9.6045 10.493 -10
4 14 9.6325 10.507 -10 9.6185 10.5 -10 9.727 10.717 -10 9.755 10.717 -10
4 14 9.776 10.7205 -10 9.65 10.5105 -10 9.6325 10.507 -10 9.755 10.717 -10
4 14 9.65 10.5105 -10 9.776 10.7205 -10 9.797 10.7275 -10 9.664 10.5105 -10
3 14 7.613 10.731 -10 7.6375 10.71 -10 5.3672 10.3712 -10
4 14 9.664 10.5105 -10 9.797 10.7275 -10 9.818 10.738 -10 11.8328 10.3712 -10
3 14 7.5955 10.7485 -10 7.613 10.731 -10 5.3672 10.3712 -10
3 14 9.846 10.752 -10 11.8328 10.3712 -10 9.818 10.738 -10
3 14 9.867 10.766 -10 11.8328 10.3712 -10 9.846 10.752 -10
4 14 9.3665 10.759 -10 9.363 10.766 -10 9.3665 10.78 -10 9.377 10.752 -10
3 14 9.888 10.78 -10 11.8328 10.3712 -10 9.867 10.766 -10
4 14 9.3735 10.7905 -10 9.405 10.752 -10 9.377 10.752 -10 9.3665 10.78 -10
3 14 9.909 10.794 -10 11.8328 10.3712 -10 9.888 10.78 -10
4 14 9.405 10.752 -10 9.3735 10.7905 -10 9.3875 10.801 -10 9.44 10.7625 -10
4 14 9.4085 10.8115 -10 9.4785 10.773 -10 9.44 10.7625 -10 9.3875 10.801 -10
4 14 9.4435 10.8255 -10 9.5275 10.787 -10 9.4785 10.773 -10 9.4085 10.8115 -10
3 14 11.8328 10.3712 -10 9.909 10.794 -10 9.93 10.8115 -10
4 14 9.5275 10.787 -10 9.4435 10.8255 -10 9.475 10.843 -10 9.5695 10.801 -10
3 14 9.9615 10.836 -10 9.979 10.8465 -10 11.8328 10.3712 -10
4 14 9.93 10.8115 -10 9.9475 10.8255 -10 9.9615 10.836 -10 11.8328 10.3712 -10
3 14 9.993 10.857 -10 11.8328 10.3712 -10 9.979 10.8465 -10
4 14 9.5065 10.8605 -10 9.6185 10.8185 -10 9.5695 10.801 -10 9.475 10.843 -10
3 14 10.0035 10.8675 -10 11.8328 10.3712 -10 9.993 10.857 -10
3 14 10.014 10.878 -10 11.8328 10.3712 -10 10.0035 10.8675 -10
4 14 9.6185 10.8185 -10 9.5065 10.8605 -10 9.538 10.8885 -10 9.65 10.8255 -10
4 14 9.566 10.9165 -10 9.678 10.829 -10 9.65 10.8255 -10 9.538 10.8885 -10
4 14 9.58 10.941 -10 9.706 10.829 -10 9.678 10.829 -10 9.566 10.9165 -10
4 14 9.706 10.829 -10 9.58 10.941 -10 9.5975 10.9585 -10 9.7375 10.829 -10
4 14 9.615 10.9725 -10 9.762 10.8255 -10 9.7375 10.829 -10 9.5975 10.9585 -10
4 14 9.6325 10.983 -10 9.7795 10.822 -10 9.762 10.8255 -10 9.615 10.9725 -10
3 14 7.578 10.773 -10 7.5955 10.7485 -10 5.3672 10.3712 -10
4 14 5.3672 10.3712 -10 5.0125 10.516 -10 7.5605 10.7975 -10 7.578 10.773 -10
4 14 5.0125 10.516 -10 7.529 10.85 -10 7.5465 10.822 -10 7.5605 10.7975 -10
3 14 5.0125 10.516 -10 7.5185 10.871 -10 7.529 10.85 -10
3 14 5.0125 10.516 -10 7.5045 10.9025 -10 7.5185 10.871 -10
3 14 5.0125 10.516 -10 7.4975 10.9305 -10 7.5045 10.9025 -10
3 14 5.0125 10.516 -10 7.494 10.955 -10 7.4975 10.9305 -10
3 14 5.0125 10.516 -10 7.494 10.983 -10 7.494 10.955 -10
4 14 9.7795 10.822 -10 9.6325 10.983 -10 9.65 10.99 -10 9.797 10.8185 -10
4 14 9.664 10.9935 -10 9.8145 10.8185 -10 9.797 10.8185 -10 9.65 10.99 -10
4 14 9.8145 10.8185 -10 9.664 10.9935 -10 9.6815 10.997 -10 9.8355 10.822 -10
4 14 9.86 10.829 -10 9.8355 10.822 -10 9.6815 10.997 -10 9.706 10.997 -10
4 14 9.86 10.829 -10 9.706 10.997 -10 9.734 11.0005 -10 9.8845 10.843 -10
4 14 9.8845 10.843 -10 9.734 11.0005 -10 9.762 11.004 -10 9.9055 10.8535 -10
3 14 7.4975 11.0075 -10 7.494 10.983 -10 5.0125 10.516 -10
4 14 9.7865 11.011 -10 9.9265 10.864 -10 9.9055 10.8535 -10 9.762 11.004 -10
4 14 9.8145 11.018 -10 9.9475 10.8745 -10 9.9265 10.864 -10 9.7865 11.011 -10
3 14 7.501 11.0285 -10 7.4975 11.0075 -10 5.0125 10.516 -10
4 14 9.496 11.0285 -10 9.5205 11.018 -10 9.5065 11.0145 -10 9.4995 11.018 -10
4 14 9.846 11.0285 -10 9.965 10.8815 -10 9.9475 10.8745 -10 9.8145 11.018 -10
4 14 9.5205 11.018 -10 9.496 11.0285 -10 9.4995 11.039 -10 9.5345 11.0285 -10
4 14 9.874 11.039 -10 9.979 10.885 -10 9.965 10.8815 -10 9.846 11.0285 -10
3 14 7.55 11.69 -10 7.508 11.0495 -10 7.501 11.0285 -10
4 14 6.808 12.019 -10 7.55 11.69 -10 7.501 11.0285 -10 5.0125 10.516 -10
4 14 9.979 10.885 -10 9.874 11.039 -10 9.8985 11.053 -10 9.9965 10.8885 -10
4 14 7.802 11.0565 -10 7.809 11.046 -10 7.8055 11.025 -10 7.7775 11.0145 -10
4 14 7.7775 11.0145 -10 7.7635 11.0215 -10 7.781 11.067 -10 7.802 11.0565 -10
4 14 9.5345 11.0285 -10 9.4995 11.039 -10 9.524 11.067 -10 9.5555 11.0495 -10
4 14 9.9965 10.8885 -10 9.8985 11.053 -10 9.9195 11.067 -10 10.007 10.8885 -10
4 14 7.7635 11.0215 -10 7.7425 11.0285 -10 7.7495 11.0775 -10 7.781 11.067 -10
4 14 10.007 10.8885 -10 9.9195 11.067 -10 9.9335 11.0775 -10 10.014 10.885 -10
4 14 7.7425 11.0285 -10 7.718 11.039 -10 7.7215 11.0845 -10 7.7495 11.0775 -10
3 14 9.9475 11.088 -10 10.014 10.885 -10 9.9335 11.0775 -10
4 14 9.5555 11.0495 -10 9.524 11.067 -10 9.5485 11.0915 -10 9.573 11.0635 -10
4 14 7.6865 11.095 -10 7.7215 11.0845 -10 7.718 11.039 -10 7.6935 11.046 -10
4 14 7.6935 11.046 -10 7.6515 11.0565 -10 7.655 11.102 -10 7.6865 11.095 -10
4 14 7.6515 11.0565 -10 7.62 11.067 -10 7.6235 11.1125 -10 7.655 11.102 -10
4 14 9.979 11.116 -10 10.014 10.885 -10 9.9475 11.088 -10 9.958 11.0985 -10
4 14 9.6185 11.0915 -10 9.5975 11.081 -10 9.5485 11.0915 -10 9.5765 11.1195 -10
3 14 9.5975 11.081 -10 9.573 11.0635 -10 9.5485 11.0915 -10
4 14 7.62 11.067 -10 7.5815 11.074 -10 7.6095 11.1265 -10 7.6235 11.1125 -10
3 14 9.9895 11.1265 -10 10.014 10.885 -10 9.979 11.116 -10
4 14 10 11.1405 -10 11.8328 10.3712 -10 10.014 10.885 -10 9.9895 11.1265 -10
4 14 9.636 11.0985 -10 9.6185 11.0915 -10 9.5765 11.1195 -10 9.6115 11.1545 -10
4 14 9.706 11.1055 -10 9.664 11.102 -10 9.6325 11.172 -10 9.6535 11.1825 -10
4 14 9.6115 11.1545 -10 9.6325 11.172 -10 9.664 11.102 -10 9.636 11.0985 -10
4 14 9.6535 11.1825 -10 9.678 11.186 -10 9.741 11.102 -10 9.706 11.1055 -10
3 14 9.678 11.186 -10 9.6955 11.1895 -10 9.741 11.102 -10
4 14 9.72 11.1965 -10 9.7725 11.095 -10 9.741 11.102 -10 9.6955 11.1895 -10
3 14 9.3875 11.179 -10 9.3735 11.1825 -10 9.363 11.1895 -10
4 14 9.405 11.1755 -10 9.3875 11.179 -10 9.363 11.1895 -10 9.356 11.2 -10
4 14 9.748 11.2105 -10 9.8005 11.088 -10 9.7725 11.095 -10 9.72 11.1965 -10
4 14 9.426 11.1755 -10 9.405 11.1755 -10 9.356 11.2 -10 9.363 11.2175 -10
4 14 9.8005 11.088 -10 9.748 11.2105 -10 9.776 11.2245 -10 9.825 11.0845 -10
3 14 9.363 11.2175 -10 9.391 11.228 -10 9.426 11.1755 -10
4 14 9.426 11.1755 -10 9.391 11.228 -10 9.4225 11.235 -10 9.447 11.1825 -10
3 14 9.8495 11.088 -10 9.825 11.0845 -10 9.776 11.2245 -10
4 14 9.8705 11.095 -10 9.8495 11.088 -10 9.776 11.2245 -10 9.804 11.242 -10
4 14 9.447 11.1825 -10 9.4225 11.235 -10 9.4505 11.2455 -10 9.468 11.1895 -10
3 14 9.804 11.242 -10 9.818 11.2525 -10 9.8705 11.095 -10
4 14 9.468 11.1895 -10 9.4505 11.2455 -10 9.482 11.256 -10 9.4995 11.2035 -10
4 14 9.8285 11.2595 -10 9.895 11.102 -10 9.8705 11.095 -10 9.818 11.2525 -10
4 14 9.846 11.2665 -10 9.909 11.109 -10 9.895 11.102 -10 9.8285 11.2595 -10
4 14 9.5135 11.27 -10 9.5345 11.228 -10 9.4995 11.2035 -10 9.482 11.256 -10
3 14 10.014 10.878 -10 10.014 10.885 -10 11.8328 10.3712 -10
3 14 10 11.1405 -10 10.0035 11.158 -10 11.8328 10.3712 -10
3 14 11.8328 10.3712 -10 10.0035 11.158 -10 10.0035 11.1685 -10
3 14 11.8328 10.3712 -10 10.0035 11.1685 -10 10 11.179 -10
3 14 9.923 11.116 -10 9.909 11.109 -10 9.846 11.2665 -10
4 14 9.846 11.2665 -10 9.867 11.2735 -10 9.9405 11.13 -10 9.923 11.116 -10
4 14 9.867 11.2735 -10 9.888 11.277 -10 9.9055 11.277 -10 9.9405 11.13 -10
3 14 9.9055 11.277 -10 9.951 11.1405 -10 9.9405 11.13 -10
3 14 9.9615 11.151 -10 9.951 11.1405 -10 9.9055 11.277 -10
4 14 9.5345 11.228 -10 9.5135 11.27 -10 9.5485 11.2875 -10 9.566 11.242 -10
4 14 9.9055 11.277 -10 9.916 11.2805 -10 9.9685 11.158 -10 9.9615 11.151 -10
4 14 9.979 11.172 -10 9.9685 11.158 -10 9.916 11.2805 -10 9.916 11.2945 -10
3 14 9.979 11.172 -10 9.9755 11.165 -10 9.9685 11.158 -10
3 14 9.916 11.2945 -10 9.986 11.179 -10 9.979 11.172 -10
3 14 9.916 11.2945 -10 9.993 11.1825 -10 9.986 11.179 -10
4 14 9.881 11.599 -10 11.8328 10.3712 -10 9.993 11.1825 -10 9.916 11.2945 -10
4 14 9.5835 11.3085 -10 9.594 11.2525 -10 9.566 11.242 -10 9.5485 11.2875 -10
4 14 9.9055 11.305 -10 9.8845 11.3155 -10 9.8285 11.571 -10 9.846 11.585 -10
4 14 9.6115 11.3295 -10 9.615 11.256 -10 9.594 11.2525 -10 9.5835 11.3085 -10
4 14 9.678 11.27 -10 9.65 11.2665 -10 9.6115 11.3295 -10 9.6395 11.361 -10
3 14 9.65 11.2665 -10 9.615 11.256 -10 9.6115 11.3295 -10
3 14 9.6395 11.361 -10 9.664 11.396 -10 9.678 11.27 -10
4 14 9.685 11.431 -10 9.706 11.277 -10 9.678 11.27 -10 9.664 11.396 -10
4 14 9.4225 11.4415 -10 9.405 11.4345 -10 9.3805 11.4345 -10 9.377 11.4415 -10
3 14 9.405 11.4345 -10 9.3875 11.431 -10 9.3805 11.4345 -10
4 14 9.706 11.277 -10 9.685 11.431 -10 9.699 11.4485 -10 9.734 11.284 -10
3 14 9.377 11.4415 -10 9.3805 11.452 -10 9.4225 11.4415 -10
4 14 9.734 11.284 -10 9.699 11.4485 -10 9.7095 11.4555 -10 9.755 11.291 -10
4 14 9.4225 11.4415 -10 9.3805 11.452 -10 9.3875 11.466 -10 9.4435 11.452 -10
4 14 9.783 11.305 -10 9.769 11.298 -10 9.7095 11.4555 -10 9.7375 11.4695 -10
3 14 9.769 11.298 -10 9.755 11.291 -10 9.7095 11.4555 -10
4 14 9.4435 11.452 -10 9.3875 11.466 -10 9.4085 11.494 -10 9.468 11.4625 -10
4 14 9.8075 11.3155 -10 9.783 11.305 -10 9.7375 11.4695 -10 9.769 11.494 -10
3 14 9.769 11.494 -10 9.79 11.515 -10 9.8075 11.3155 -10
4 14 9.4295 11.522 -10 9.4995 11.473 -10 9.468 11.4625 -10 9.4085 11.494 -10
4 14 9.8075 11.3155 -10 9.79 11.515 -10 9.8075 11.543 -10 9.8355 11.319 -10
4 14 9.4645 11.55 -10 9.531 11.487 -10 9.4995 11.473 -10 9.4295 11.522 -10
4 14 9.8145 11.557 -10 9.8635 11.319 -10 9.8355 11.319 -10 9.8075 11.543 -10
4 14 9.8845 11.3155 -10 9.8635 11.319 -10 9.8145 11.557 -10 9.8285 11.571 -10
4 14 9.5065 11.578 -10 9.566 11.508 -10 9.531 11.487 -10 9.4645 11.55 -10
3 14 9.846 11.585 -10 9.8635 11.592 -10 9.9055 11.305 -10
4 14 9.881 11.599 -10 9.916 11.2945 -10 9.9055 11.305 -10 9.8635 11.592 -10
4 14 9.5485 11.6025 -10 9.5975 11.522 -10 9.566 11.508 -10 9.5065 11.578 -10
3 14 9.881 11.599 -10 9.895 11.6025 -10 11.8328 10.3712 -10
3 14 9.909 11.6095 -10 11.8328 10.3712 -10 9.895 11.6025 -10
3 14 9.923 11.6165 -10 11.8328 10.3712 -10 9.909 11.6095 -10
4 14 9.65 11.5395 -10 9.629 11.5325 -10 9.5485 11.6025 -10 9.587 11.627 -10
3 14 9.629 11.5325 -10 9.5975 11.522 -10 9.5485 11.6025 -10
4 14 9.7025 11.5535 -10 9.6745 11.5465 -10 9.6185 11.655 -10 9.643 11.683 -10
4 14 9.587 11.627 -10 9.6185 11.655 -10 9.6745 11.5465 -10 9.65 11.5395 -10
3 14 7.55 11.69 -10 7.522 11.0705 -10 7.508 11.0495 -10
3 14 7.55 11.69 -10 7.5395 11.0775 -10 7.522 11.0705 -10
3 14 7.6095 11.1265 -10 7.5815 11.074 -10 7.5395 11.0775 -10
4 14 7.6165 11.151 -10 7.6095 11.1265 -10 7.5395 11.0775 -10 7.55 11.69 -10
4 14 7.921 11.1265 -10 7.886 11.13 -10 7.55 11.69 -10 7.956 11.1265 -10
4 14 7.55 11.69 -10 7.886 11.13 -10 7.851 11.144 -10 7.8265 11.1545 -10
3 14 8.0505 11.137 -10 8.0085 11.13 -10 7.956 11.1265 -10
4 14 8.145 11.1545 -10 8.0505 11.137 -10 7.956 11.1265 -10 7.55 11.69 -10
4 14 7.788 11.1685 -10 7.7565 11.1825 -10 7.55 11.69 -10 7.8265 11.1545 -10
3 14 8.145 11.1545 -10 8.096 11.144 -10 8.0505 11.137 -10
3 14 7.55 11.69 -10 7.6375 11.1685 -10 7.6165 11.151 -10
3 14 7.55 11.69 -10 7.6655 11.179 -10 7.6375 11.1685 -10
3 14 7.55 11.69 -10 7.7565 11.1825 -10 7.7285 11.186 -10
3 14 7.55 11.69 -10 7.6935 11.186 -10 7.6655 11.179 -10
3 14 7.55 11.69 -10 7.7285 11.186 -10 7.6935 11.186 -10
4 14 7.55 11.69 -10 8.2535 11.186 -10 8.194 11.1685 -10 8.145 11.1545 -10
4 14 8.4145 11.1895 -10 8.383 11.1965 -10 7.55 11.69 -10 8.4355 11.186 -10
3 14 7.55 11.69 -10 8.278 11.1895 -10 8.2535 11.186 -10
3 14 7.55 11.69 -10 8.3025 11.193 -10 8.278 11.1895 -10
3 14 7.55 11.69 -10 8.327 11.1965 -10 8.3025 11.193 -10
3 14 7.55 11.69 -10 8.355 11.1965 -10 8.327 11.1965 -10
3 14 7.55 11.69 -10 8.383 11.1965 -10 8.355 11.1965 -10
4 14 8.46 11.1895 -10 8.4355 11.186 -10 7.55 11.69 -10 8.474 11.1965 -10
3 14 7.55 11.69 -10 8.4915 11.2665 -10 8.488 11.235 -10
4 14 8.481 11.207 -10 8.474 11.1965 -10 7.55 11.69 -10 8.488 11.235 -10
3 14 8.418 11.4485 -10 8.474 11.333 -10 8.4915 11.2665 -10
4 14 8.4915 11.2665 -10 7.55 11.69 -10 8.3725 11.55 -10 8.418 11.4485 -10
4 14 9.643 11.683 -10 9.6605 11.7145 -10 9.727 11.564 -10 9.7025 11.5535 -10
4 14 9.7515 11.5815 -10 9.727 11.564 -10 9.6605 11.7145 -10 9.6745 11.753 -10
4 14 9.314 11.76 -10 9.321 11.7705 -10 9.335 11.7425 -10 9.321 11.746 -10
4 14 8.327 11.6445 -10 8.3725 11.55 -10 7.55 11.69 -10 8.2395 11.7775 -10
3 14 9.335 11.7425 -10 9.321 11.7705 -10 9.335 11.781 -10
4 14 9.356 11.7915 -10 9.363 11.7355 -10 9.335 11.7425 -10 9.335 11.781 -10
4 14 9.7725 11.6025 -10 9.7515 11.5815 -10 9.6745 11.753 -10 9.6885 11.7845 -10
3 14 9.356 11.7915 -10 9.384 11.739 -10 9.363 11.7355 -10
4 14 9.4085 11.746 -10 9.384 11.739 -10 9.356 11.7915 -10 9.391 11.809 -10
4 14 9.79 11.6165 -10 9.7725 11.6025 -10 9.6885 11.7845 -10 9.706 11.809 -10
4 14 9.8145 11.634 -10 9.79 11.6165 -10 9.706 11.809 -10 9.7235 11.8265 -10
4 14 9.496 11.774 -10 9.4435 11.76 -10 9.4225 11.83 -10 9.44 11.8475 -10
4 14 9.4435 11.76 -10 9.4085 11.746 -10 9.391 11.809 -10 9.4225 11.83 -10
3 14 9.923 11.6165 -10 9.93 11.6305 -10 11.8328 10.3712 -10
4 14 9.7585 12.3515 -10 9.825 12.642 -10 9.8285 12.656 -10 11.8328 10.3712 -10
4 14 10.21 13.16 -10 10.7875 12.607 -10 10.8225 12.565 -10 11.8328 10.3712 -10
3 14 10.8225 12.565 -10 10.854 12.5335 -10 11.8328 10.3712 -10
3 14 11.8328 10.3712 -10 11.26 13.034 -10 11.26 13.118 -10
4 14 11.246 13.16 -10 11.1018 14.0819 -10 12.1875 12.95 -10 11.26 13.118 -10
4 14 11.26 13.118 -10 12.1875 12.95 -10 12.1875 10.516 -10 11.8328 10.3712 -10
4 14 9.8565 11.6445 -10 9.8355 11.641 -10 9.7445 11.844 -10 9.7655 11.851 -10
4 14 9.7235 11.8265 -10 9.7445 11.844 -10 9.8355 11.641 -10 9.8145 11.634 -10
3 14 9.7655 11.851 -10 9.7935 11.858 -10 9.8565 11.6445 -10
4 14 9.8565 11.6445 -10 9.7935 11.858 -10 9.818 11.865 -10 9.881 11.648 -10
4 14 9.839 11.872 -10 9.9055 11.6445 -10 9.881 11.648 -10 9.818 11.865 -10
4 14 9.5625 11.795 -10 9.5415 11.788 -10 9.461 11.879 -10 9.482 11.9 -10
4 14 9.44 11.8475 -10 9.461 11.879 -10 9.5415 11.788 -10 9.496 11.774 -10
4 14 9.86 11.879 -10 9.9195 11.641 -10 9.9055 11.6445 -10 9.839 11.872 -10
4 14 9.8775 11.893 -10 9.93 11.6305 -10 9.9195 11.641 -10 9.86 11.879 -10
4 14 9.58 11.8055 -10 9.5625 11.795 -10 9.482 11.9 -10 9.4995 11.9175 -10
4 14 9.93 11.6305 -10 9.8775 11.893 -10 9.888 11.914 -10 11.8328 10.3712 -10
3 14 8.1135 11.9245 -10 8.1765 11.8545 -10 8.2395 11.7775 -10
4 14 8.1135 11.9245 -10 8.2395 11.7775 -10 7.55 11.69 -10 8.0435 11.9875 -10
3 14 9.5275 11.935 -10 9.615 11.8405 -10 9.5975 11.823 -10
4 14 9.5975 11.823 -10 9.58 11.8055 -10 9.4995 11.9175 -10 9.5275 11.935 -10
4 14 9.5695 11.956 -10 9.636 11.865 -10 9.615 11.8405 -10 9.5275 11.935 -10
4 14 9.6045 11.977 -10 9.6675 11.886 -10 9.636 11.865 -10 9.5695 11.956 -10
3 14 8.0435 11.9875 -10 8.0855 11.9525 -10 8.1135 11.9245 -10
4 14 9.6325 11.9945 -10 9.699 11.9035 -10 9.6675 11.886 -10 9.6045 11.977 -10
3 14 6.808 12.019 -10 5.0125 10.516 -10 6.7695 12.0155 -10
4 14 9.657 12.019 -10 9.7235 11.914 -10 9.699 11.9035 -10 9.6325 11.9945 -10
3 14 6.731 12.0225 -10 6.7695 12.0155 -10 5.0125 10.516 -10
3 14 6.808 12.019 -10 6.85 12.026 -10 7.55 11.69 -10
3 14 6.6995 12.033 -10 6.731 12.0225 -10 5.0125 10.516 -10
3 14 8.0015 12.0365 -10 8.0435 11.9875 -10 7.55 11.69 -10
4 14 9.419 12.04 -10 9.447 12.033 -10 9.433 12.026 -10 9.419 12.0295 -10
3 14 6.899 12.0435 -10 7.55 11.69 -10 6.85 12.026 -10
4 14 9.6815 12.047 -10 9.7515 11.921 -10 9.7235 11.914 -10 9.657 12.019 -10
4 14 9.4225 12.0505 -10 9.4645 12.04 -10 9.447 12.033 -10 9.419 12.04 -10
3 14 6.661 12.054 -10 6.6995 12.033 -10 5.0125 10.516 -10
4 14 9.4365 12.0645 -10 9.4925 12.054 -10 9.4645 12.04 -10 9.4225 12.0505 -10
3 14 6.9445 12.068 -10 7.55 11.69 -10 6.899 12.0435 -10
4 14 9.699 12.0715 -10 9.7795 11.928 -10 9.7515 11.921 -10 9.6815 12.047 -10
3 14 6.6295 12.0785 -10 6.661 12.054 -10 5.0125 10.516 -10
4 14 9.4925 12.054 -10 9.4365 12.0645 -10 9.4505 12.0785 -10 9.531 12.0715 -10
4 14 9.531 12.0715 -10 9.4505 12.0785 -10 9.468 12.0925 -10 9.5625 12.089 -10
4 14 9.7795 11.928 -10 9.699 12.0715 -10 9.7165 12.096 -10 9.8075 11.9315 -10
3 14 6.6085 12.1065 -10 6.6295 12.0785 -10 5.0125 10.516 -10
3 14 6.997 12.1065 -10 7.55 11.69 -10 6.9445 12.068 -10
4 14 9.4855 12.1065 -10 9.5975 12.103 -10 9.5625 12.089 -10 9.468 12.0925 -10
4 14 9.5975 12.103 -10 9.4855 12.1065 -10 9.4995 12.117 -10 9.629 12.1135 -10
4 14 9.8075 11.9315 -10 9.7165 12.096 -10 9.7305 12.117 -10 9.839 11.928 -10
4 14 9.517 12.1275 -10 9.657 12.124 -10 9.629 12.1135 -10 9.4995 12.117 -10
3 14 7.0285 12.138 -10 7.55 11.69 -10 6.997 12.1065 -10
4 14 9.657 12.124 -10 9.517 12.1275 -10 9.531 12.138 -10 9.6745 12.1345 -10
4 14 9.839 11.928 -10 9.7305 12.117 -10 9.741 12.138 -10 9.867 11.921 -10
3 14 9.349 12.0995 -10 9.3385 12.1065 -10 9.3385 12.117 -10
4 14 9.363 12.0995 -10 9.349 12.0995 -10 9.3385 12.117 -10 9.37 12.1485 -10
4 14 9.6745 12.1345 -10 9.531 12.138 -10 9.5345 12.152 -10 9.692 12.152 -10
4 14 9.867 11.921 -10 9.741 12.138 -10 9.7515 12.159 -10 9.888 11.914 -10
4 14 9.762 12.1695 -10 11.8328 10.3712 -10 9.888 11.914 -10 9.7515 12.159 -10
3 14 7.067 12.1765 -10 7.55 11.69 -10 7.0285 12.138 -10
4 14 9.37 12.1485 -10 9.3945 12.166 -10 9.3945 12.11 -10 9.363 12.0995 -10
4 14 9.4225 12.1205 -10 9.3945 12.11 -10 9.3945 12.166 -10 9.4225 12.18 -10
4 14 9.7865 12.1905 -10 11.8328 10.3712 -10 9.762 12.1695 -10 9.7725 12.18 -10
4 14 9.4225 12.18 -10 9.454 12.187 -10 9.4435 12.131 -10 9.4225 12.1205 -10
3 14 9.454 12.187 -10 9.4855 12.194 -10 9.4435 12.131 -10
3 14 9.797 12.2045 -10 11.8328 10.3712 -10 9.7865 12.1905 -10
4 14 9.4645 12.145 -10 9.4435 12.131 -10 9.5345 12.208 -10 9.5555 12.2185 -10
3 14 9.4435 12.131 -10 9.4855 12.194 -10 9.5345 12.208 -10
4 14 8.0015 12.0365 -10 7.55 11.69 -10 7.83 12.236 -10 7.9595 12.096 -10
4 14 7.872 12.201 -10 7.928 12.145 -10 7.9595 12.096 -10 7.83 12.236 -10
3 14 9.5835 12.236 -10 9.503 12.1625 -10 9.482 12.1555 -10
4 14 9.5555 12.2185 -10 9.5835 12.236 -10 9.482 12.1555 -10 9.4645 12.145 -10
3 14 9.5835 12.236 -10 9.524 12.1625 -10 9.503 12.1625 -10
3 14 9.5345 12.152 -10 9.524 12.1625 -10 9.5835 12.236 -10
4 14 7.067 12.1765 -10 7.102 12.215 -10 7.1755 12.2605 -10 7.55 11.69 -10
4 14 7.83 12.236 -10 7.55 11.69 -10 7.7425 12.2675 -10 7.795 12.25 -10
4 14 9.5835 12.236 -10 9.601 12.2535 -10 9.692 12.152 -10 9.5345 12.152 -10
4 14 9.706 12.1695 -10 9.692 12.152 -10 9.601 12.2535 -10 9.6255 12.271 -10
4 14 6.6085 12.1065 -10 5.0125 10.516 -10 6.4965 12.2815 -10 6.5665 12.1765 -10
4 14 9.7235 12.1905 -10 9.706 12.1695 -10 9.6255 12.271 -10 9.6395 12.2815 -10
4 14 9.741 12.2045 -10 9.7235 12.1905 -10 9.6395 12.2815 -10 9.657 12.2955 -10
3 14 7.6795 12.299 -10 7.7425 12.2675 -10 7.55 11.69 -10
3 14 9.657 12.2955 -10 9.678 12.306 -10 9.741 12.2045 -10
3 14 7.249 12.3095 -10 7.55 11.69 -10 7.1755 12.2605 -10
4 14 9.3245 12.3095 -10 9.3455 12.2885 -10 9.3315 12.2955 -10 9.3245 12.3025 -10
4 14 9.699 12.313 -10 9.755 12.215 -10 9.741 12.2045 -10 9.678 12.306 -10
4 14 9.3455 12.2885 -10 9.3245 12.3095 -10 9.3455 12.3165 -10 9.363 12.285 -10
4 14 9.4015 12.32 -10 9.391 12.278 -10 9.363 12.285 -10 9.3455 12.3165 -10
4 14 9.755 12.215 -10 9.699 12.313 -10 9.72 12.32 -10 9.776 12.2185 -10
3 14 9.426 12.278 -10 9.391 12.278 -10 9.4015 12.32 -10
4 14 9.4505 12.2815 -10 9.426 12.278 -10 9.4015 12.32 -10 9.4365 12.327 -10
4 14 9.741 12.327 -10 9.797 12.2045 -10 9.776 12.2185 -10 9.72 12.32 -10
3 14 9.7515 12.334 -10 9.797 12.2045 -10 9.741 12.327 -10
3 14 7.613 12.341 -10 7.6795 12.299 -10 7.55 11.69 -10
4 14 9.4365 12.327 -10 9.4715 12.334 -10 9.4715 12.2885 -10 9.4505 12.2815 -10
4 14 9.7585 12.3515 -10 11.8328 10.3712 -10 9.797 12.2045 -10 9.7515 12.334 -10
3 14 9.7585 12.3515 -10 9.7445 12.362 -10 9.664 12.488 -10
4 14 9.8075 12.6455 -10 9.7585 12.3515 -10 9.664 12.488 -10 9.748 12.684 -10
3 14 7.326 12.362 -10 7.55 11.69 -10 7.249 12.3095 -10
4 14 9.517 12.313 -10 9.489 12.2955 -10 9.4995 12.3445 -10 9.5275 12.362 -10
4 14 9.4715 12.334 -10 9.4995 12.3445 -10 9.489 12.2955 -10 9.4715 12.2885 -10
3 14 7.5605 12.3795 -10 7.613 12.341 -10 7.55 11.69 -10
3 14 11.8328 10.3712 -10 11.0745 12.376 -10 11.092 12.3795 -10
3 14 11.043 12.39 -10 11.0745 12.376 -10 11.8328 10.3712 -10
4 14 9.5275 12.362 -10 9.5555 12.3865 -10 9.545 12.327 -10 9.517 12.313 -10
3 14 7.5115 12.418 -10 7.5605 12.3795 -10 7.55 11.69 -10
4 14 9.5555 12.3865 -10 9.5835 12.411 -10 9.5695 12.341 -10 9.545 12.327 -10
3 14 10.9905 12.425 -10 11.043 12.39 -10 11.8328 10.3712 -10
4 14 9.132 12.4075 -10 9.1285 12.418 -10 9.132 12.4285 -10 9.1495 12.4005 -10
3 14 9.1495 12.4005 -10 9.132 12.4285 -10 9.1425 12.4355 -10
4 14 9.5835 12.411 -10 9.601 12.425 -10 9.594 12.3515 -10 9.5695 12.341 -10
4 14 9.1705 12.404 -10 9.1495 12.4005 -10 9.1425 12.4355 -10 9.1565 12.4425 -10
4 14 9.1565 12.4425 -10 9.1845 12.453 -10 9.202 12.418 -10 9.1705 12.404 -10
3 14 9.6185 12.439 -10 9.6325 12.453 -10 9.622 12.362 -10
4 14 9.601 12.425 -10 9.6185 12.439 -10 9.622 12.362 -10 9.594 12.3515 -10
4 14 7.326 12.362 -10 7.3855 12.404 -10 7.466 12.46 -10 7.55 11.69 -10
3 14 7.466 12.46 -10 7.5115 12.418 -10 7.55 11.69 -10
3 14 10.9415 12.46 -10 10.9905 12.425 -10 11.8328 10.3712 -10
4 14 9.2475 12.4355 -10 9.2265 12.4285 -10 9.2125 12.4635 -10 9.265 12.488 -10
4 14 9.1845 12.453 -10 9.2125 12.4635 -10 9.2265 12.4285 -10 9.202 12.418 -10
4 14 9.6465 12.4635 -10 9.6535 12.369 -10 9.622 12.362 -10 9.6325 12.453 -10
4 14 9.6535 12.369 -10 9.6465 12.4635 -10 9.6605 12.4705 -10 9.678 12.3725 -10
3 14 9.664 12.488 -10 9.7445 12.362 -10 9.7305 12.369 -10
3 14 9.664 12.488 -10 9.7305 12.369 -10 9.7095 12.3725 -10
4 14 9.7095 12.3725 -10 9.678 12.3725 -10 9.6605 12.4705 -10 9.664 12.488 -10
4 14 9.265 12.488 -10 9.3 12.4985 -10 9.2895 12.446 -10 9.2475 12.4355 -10
4 14 6.7135 12.453 -10 6.696 12.467 -10 6.6785 12.5055 -10 6.745 12.453 -10
4 14 9.3 12.4985 -10 9.3385 12.509 -10 9.3245 12.446 -10 9.2895 12.446 -10
4 14 9.3385 12.509 -10 9.4015 12.53 -10 9.377 12.446 -10 9.3245 12.446 -10
4 14 10.854 12.5335 -10 10.8925 12.502 -10 10.9415 12.46 -10 11.8328 10.3712 -10
4 14 6.745 12.453 -10 6.6785 12.5055 -10 6.6505 12.5545 -10 6.773 12.4565 -10
4 14 9.447 12.439 -10 9.377 12.446 -10 9.4015 12.53 -10 9.44 12.5545 -10
4 14 9.44 12.5545 -10 9.4785 12.593 -10 9.4785 12.4355 -10 9.447 12.439 -10
4 14 6.619 12.6 -10 6.794 12.4635 -10 6.773 12.4565 -10 6.6505 12.5545 -10
4 14 9.51 12.4355 -10 9.4785 12.4355 -10 9.4785 12.593 -10 9.5135 12.6245 -10
4 14 11.1585 12.6245 -10 11.0528 12.4446 -10 11.015 12.474 -10 11.1445 12.642 -10
4 14 11.1795 12.6245 -10 11.8328 10.3712 -10 11.092 12.3795 -10 11.0955 12.397 -10
3 14 11.1795 12.6245 -10 11.0955 12.397 -10 11.071 12.4215 -10
4 14 11.1795 12.6245 -10 11.071 12.4215 -10 11.0528 12.4446 -10 11.1585 12.6245 -10
4 14 9.1705 12.642 -10 9.118 12.6035 -10 9.125 12.614 -10 9.146 12.628 -10
3 14 11.19 12.6385 -10 11.8328 10.3712 -10 11.1795 12.6245 -10
4 14 9.118 12.6035 -10 9.1705 12.642 -10 9.1985 12.6525 -10 9.1215 12.5965 -10
4 14 10.952 12.544 -10 11.1165 12.677 -10 11.1445 12.642 -10 11.015 12.474 -10
3 14 9.7585 12.3515 -10 9.8075 12.6455 -10 9.825 12.642 -10
4 14 9.6185 12.698 -10 9.5625 12.453 -10 9.5275 12.439 -10 9.5765 12.684 -10
3 14 9.51 12.4355 -10 9.5135 12.6245 -10 9.5415 12.656 -10
4 14 9.5765 12.684 -10 9.5275 12.439 -10 9.51 12.4355 -10 9.5415 12.656 -10
4 14 9.1215 12.5965 -10 9.1985 12.6525 -10 9.2265 12.663 -10 9.1355 12.5965 -10
4 14 9.209 12.6175 -10 9.174 12.607 -10 9.2545 12.67 -10 9.293 12.684 -10
4 14 9.1355 12.5965 -10 9.2265 12.663 -10 9.2545 12.67 -10 9.1495 12.6 -10
3 14 9.2545 12.67 -10 9.174 12.607 -10 9.1495 12.6 -10
3 14 9.7725 12.67 -10 9.7935 12.6595 -10 9.8075 12.6455 -10
3 14 9.748 12.684 -10 9.7725 12.67 -10 9.8075 12.6455 -10
3 14 11.19 12.67 -10 11.8328 10.3712 -10 11.19 12.6385 -10
4 14 6.556 12.6805 -10 6.8115 12.474 -10 6.794 12.4635 -10 6.619 12.6 -10
4 14 6.514 12.7925 -10 6.556 12.6805 -10 6.5105 12.733 -10 6.4895 12.81 -10
3 14 6.514 12.7925 -10 6.5385 12.7785 -10 6.556 12.6805 -10
4 14 9.251 12.628 -10 9.209 12.6175 -10 9.293 12.684 -10 9.328 12.7015 -10
4 14 9.6185 12.698 -10 9.643 12.7015 -10 9.6045 12.4705 -10 9.5905 12.4635 -10
3 14 9.6185 12.698 -10 9.5905 12.4635 -10 9.5625 12.453 -10
4 14 9.748 12.684 -10 9.664 12.488 -10 9.6535 12.4915 -10 9.727 12.6945 -10
3 14 9.643 12.7015 -10 9.6255 12.481 -10 9.6045 12.4705 -10
4 14 9.643 12.7015 -10 9.678 12.7015 -10 9.6395 12.488 -10 9.6255 12.481 -10
4 14 9.727 12.6945 -10 9.6535 12.4915 -10 9.6395 12.488 -10 9.7025 12.698 -10
3 14 9.6395 12.488 -10 9.678 12.7015 -10 9.7025 12.698 -10
4 14 11.1165 12.677 -10 10.952 12.544 -10 10.9205 12.586 -10 11.0955 12.712 -10
4 14 9.3595 12.6525 -10 9.3 12.6385 -10 9.3595 12.726 -10 9.3875 12.7505 -10
4 14 9.328 12.7015 -10 9.3595 12.726 -10 9.3 12.6385 -10 9.251 12.628 -10
3 14 6.6435 12.7575 -10 6.8395 12.509 -10 6.8115 12.474 -10
4 14 6.556 12.6805 -10 6.6015 12.7575 -10 6.6435 12.7575 -10 6.8115 12.474 -10
4 14 6.6925 12.761 -10 6.878 12.5755 -10 6.8395 12.509 -10 6.6435 12.7575 -10
3 14 6.5665 12.7645 -10 6.6015 12.7575 -10 6.556 12.6805 -10
4 14 6.878 12.5755 -10 6.6925 12.761 -10 6.7555 12.7715 -10 6.941 12.663 -10
3 14 9.3595 12.6525 -10 9.3875 12.7505 -10 9.412 12.7715 -10
4 14 9.447 12.691 -10 9.4015 12.67 -10 9.3595 12.6525 -10 9.412 12.7715 -10
4 14 11.0955 12.712 -10 10.9205 12.586 -10 10.882 12.642 -10 11.057 12.775 -10
4 14 10.8365 12.7295 -10 11.0045 12.8485 -10 11.057 12.775 -10 10.882 12.642 -10
3 14 6.5385 12.7785 -10 6.5665 12.7645 -10 6.556 12.6805 -10
4 14 9.447 12.691 -10 9.412 12.7715 -10 9.4295 12.7855 -10 9.496 12.712 -10
4 14 6.864 12.7925 -10 6.99 12.7155 -10 6.941 12.663 -10 6.7555 12.7715 -10
4 14 8.95 12.7925 -10 8.9885 12.782 -10 8.971 12.7785 -10 8.957 12.782 -10
4 14 9.237 12.761 -10 9.223 12.7645 -10 9.2265 12.789 -10 9.2475 12.796 -10
3 14 9.223 12.7645 -10 9.2195 12.7785 -10 9.2265 12.789 -10
4 14 9.496 12.712 -10 9.4295 12.7855 -10 9.4505 12.803 -10 9.5345 12.7295 -10
4 14 9.2475 12.796 -10 9.279 12.803 -10 9.258 12.7645 -10 9.237 12.761 -10
4 14 9.2825 12.768 -10 9.258 12.7645 -10 9.279 12.803 -10 9.3175 12.8205 -10
4 14 9.4715 12.824 -10 9.573 12.74 -10 9.5345 12.7295 -10 9.4505 12.803 -10
4 14 8.9395 12.8275 -10 9.0305 12.8065 -10 8.9885 12.782 -10 8.95 12.7925 -10
4 14 6.99 12.7155 -10 6.864 12.7925 -10 7.004 12.831 -10 7.046 12.768 -10
4 14 9.314 12.775 -10 9.2825 12.768 -10 9.3175 12.8205 -10 9.342 12.8415 -10
4 14 9.573 12.74 -10 9.4715 12.824 -10 9.489 12.8415 -10 9.6255 12.7435 -10
4 14 11.0045 12.8485 -10 10.8365 12.7295 -10 10.798 12.81 -10 10.938 12.922 -10
3 14 6.437 12.8135 -10 6.451 12.852 -10 6.4685 12.831 -10
4 14 6.4895 12.81 -10 6.5105 12.733 -10 6.437 12.8135 -10 6.4685 12.831 -10
4 14 7.046 12.768 -10 7.004 12.831 -10 7.074 12.859 -10 7.095 12.81 -10
4 14 9.3455 12.789 -10 9.314 12.775 -10 9.342 12.8415 -10 9.3735 12.8695 -10
4 14 9.4925 12.8695 -10 9.6675 12.7435 -10 9.6255 12.7435 -10 9.489 12.8415 -10
4 14 6.395 12.866 -10 6.4335 12.8765 -10 6.451 12.852 -10 6.437 12.8135 -10
4 14 7.095 12.81 -10 7.074 12.859 -10 7.1195 12.88 -10 7.1265 12.838 -10
3 14 7.1475 12.8555 -10 7.1265 12.838 -10 7.1195 12.88 -10
4 14 7.1615 12.8695 -10 7.1475 12.8555 -10 7.1195 12.88 -10 7.137 12.887 -10
4 14 7.1615 12.8835 -10 7.1615 12.8695 -10 7.137 12.887 -10 7.151 12.8905 -10
3 14 6.395 12.866 -10 6.416 12.901 -10 6.4335 12.8765 -10
4 14 9.37 12.803 -10 9.3455 12.789 -10 9.3735 12.8695 -10 9.398 12.9045 -10
4 14 8.929 12.922 -10 9.0725 12.838 -10 9.0305 12.8065 -10 8.9395 12.8275 -10
4 14 10.938 12.922 -10 10.798 12.81 -10 10.77 12.915 -10 10.763 13.006 -10
4 14 6.416 12.901 -10 6.395 12.866 -10 6.3845 12.9605 -10 6.402 12.929 -10
4 14 9.412 12.831 -10 9.391 12.817 -10 9.419 12.943 -10 9.433 12.964 -10
4 14 9.398 12.9045 -10 9.419 12.943 -10 9.391 12.817 -10 9.37 12.803 -10
4 14 11.19 12.67 -10 11.19 12.698 -10 11.232 12.992 -10 11.8328 10.3712 -10
3 14 11.232 12.992 -10 11.19 12.698 -10 11.176 12.754 -10
3 14 11.232 12.992 -10 11.176 12.754 -10 11.148 12.824 -10
4 14 9.433 12.964 -10 9.447 12.9815 -10 9.4295 12.845 -10 9.412 12.831 -10
4 14 11.148 12.824 -10 11.106 12.8905 -10 11.218 12.999 -10 11.232 12.992 -10
4 14 6.3775 13.0025 -10 6.395 12.866 -10 6.353 12.9185 -10 6.332 12.964 -10
3 14 6.3775 13.0025 -10 6.3845 12.9605 -10 6.395 12.866 -10
4 14 9.4855 13.013 -10 9.447 12.859 -10 9.461 12.9955 -10 9.475 13.006 -10
4 14 9.447 12.9815 -10 9.461 12.9955 -10 9.447 12.859 -10 9.4295 12.845 -10
3 14 10.763 13.006 -10 10.8575 12.9955 -10 10.938 12.922 -10
3 14 11.246 13.006 -10 11.8328 10.3712 -10 11.232 12.992 -10
4 14 9.6675 12.7435 -10 9.4925 12.8695 -10 9.482 12.8835 -10 9.4925 13.0165 -10
3 14 9.4925 13.0165 -10 9.482 12.8835 -10 9.468 12.8765 -10
4 14 9.4855 13.013 -10 9.4925 13.0165 -10 9.468 12.8765 -10 9.447 12.859 -10
3 14 5.0125 10.516 -10 6.381 12.4775 -10 6.4965 12.2815 -10
3 14 6.129 12.9255 -10 6.241 12.7435 -10 6.381 12.4775 -10
3 14 6.08 13.0095 -10 6.101 12.9745 -10 6.129 12.9255 -10
4 14 6.381 12.4775 -10 5.0125 10.516 -10 6.08 13.0095 -10 6.129 12.9255 -10
4 14 11.106 12.8905 -10 11.0528 12.9605 -10 11.008 13.02 -10 11.218 12.999 -10
3 14 9.4995 13.0235 -10 9.741 12.7295 -10 9.7025 12.74 -10
4 14 9.4925 13.0165 -10 9.4995 13.0235 -10 9.7025 12.74 -10 9.6675 12.7435 -10
3 14 11.26 13.034 -10 11.8328 10.3712 -10 11.246 13.006 -10
4 14 9.496 13.0375 -10 9.769 12.7155 -10 9.741 12.7295 -10 9.4995 13.0235 -10
4 14 8.9395 13.041 -10 9.104 12.8485 -10 9.0725 12.838 -10 8.929 12.922 -10
4 14 6.332 12.964 -10 6.318 13.0165 -10 6.374 13.0515 -10 6.3775 13.0025 -10
3 14 6.059 13.055 -10 6.08 13.0095 -10 5.0125 10.516 -10
4 14 10.791 13.055 -10 10.8575 12.9955 -10 10.763 13.006 -10 10.77 13.0445 -10
3 14 11.197 13.048 -10 11.218 12.999 -10 11.008 13.02 -10
4 14 11.176 13.097 -10 11.197 13.048 -10 11.008 13.02 -10 10.959 13.09 -10
4 14 6.3075 13.097 -10 6.374 13.0515 -10 6.318 13.0165 -10 6.304 13.069 -10
3 14 6.045 13.118 -10 6.059 13.055 -10 5.0125 10.516 -10
4 14 6.381 13.132 -10 6.374 13.0515 -10 6.3075 13.097 -10 6.297 13.1285 -10
4 14 8.971 13.139 -10 9.153 12.8555 -10 9.104 12.8485 -10 8.9395 13.041 -10
4 14 6.647 13.139 -10 6.633 13.1565 -10 6.6855 13.132 -10 6.6645 13.132 -10
4 14 10.21 13.16 -10 11.8328 10.3712 -10 9.8285 12.656 -10 9.825 12.6735 -10
4 14 9.496 13.0375 -10 10.21 13.16 -10 9.825 12.6735 -10 9.797 12.698 -10
3 14 10.21 13.16 -10 10.7315 12.684 -10 10.7875 12.607 -10
3 14 9.797 12.698 -10 9.769 12.7155 -10 9.496 13.0375 -10
3 14 10.21 13.16 -10 10.6755 12.775 -10 10.7315 12.684 -10
3 14 10.21 13.16 -10 10.6405 12.8615 -10 10.6755 12.775 -10
3 14 10.21 13.16 -10 10.616 12.95 -10 10.6405 12.8615 -10
3 14 10.21 13.16 -10 10.609 13.0508 -10 10.616 12.95 -10
3 14 10.21 13.16 -10 10.609 13.1425 -10 10.609 13.0508 -10
4 14 11.148 13.16 -10 11.176 13.097 -10 10.959 13.09 -10 10.931 13.16 -10
3 14 6.045 13.1495 -10 6.045 13.118 -10 5.0125 10.516 -10
4 14 6.731 13.146 -10 6.71 13.1355 -10 6.626 13.1775 -10 6.6295 13.216 -10
4 14 6.71 13.1355 -10 6.6855 13.132 -10 6.633 13.1565 -10 6.626 13.1775 -10
3 14 6.6295 13.216 -10 6.752 13.16 -10 6.731 13.146 -10
3 14 10.6195 13.2335 -10 10.609 13.1425 -10 10.21 13.16 -10
4 14 9.013 13.244 -10 9.1915 12.8625 -10 9.153 12.8555 -10 8.971 13.139 -10
3 14 6.01 13.2475 -10 6.031 13.2055 -10 6.0415 13.174 -10
3 14 5.9925 13.286 -10 6.01 13.2475 -10 6.0415 13.174 -10
4 14 6.045 13.1495 -10 5.0125 10.516 -10 5.9925 13.286 -10 6.0415 13.174 -10
3 14 6.395 13.2615 -10 6.381 13.132 -10 6.297 13.1285 -10
4 14 6.269 13.167 -10 6.255 13.188 -10 6.395 13.2615 -10 6.297 13.1285 -10
3 14 6.255 13.188 -10 6.2515 13.2125 -10 6.395 13.2615 -10
4 14 6.64 13.2615 -10 6.7835 13.1845 -10 6.752 13.16 -10 6.6295 13.216 -10
4 14 10.931 13.16 -10 10.917 13.209 -10 11.113 13.2244 -10 11.148 13.16 -10
4 14 6.283 13.279 -10 6.395 13.2615 -10 6.2515 13.2125 -10 6.2585 13.2475 -10
4 14 10.917 13.209 -10 10.9121 13.2706 -10 11.05 13.3 -10 11.113 13.2244 -10
4 14 10.917 13.349 -10 11.05 13.3 -10 10.9121 13.2706 -10 10.91 13.3 -10
3 14 5.982 13.3105 -10 5.9925 13.286 -10 5.0125 10.516 -10
4 14 6.7835 13.1845 -10 6.64 13.2615 -10 6.654 13.3105 -10 6.8115 13.2055 -10
4 14 6.3005 13.314 -10 6.423 13.405 -10 6.395 13.2615 -10 6.283 13.279 -10
3 14 9.216 12.873 -10 9.1915 12.8625 -10 9.013 13.244 -10
3 14 5.975 13.3385 -10 5.982 13.3105 -10 5.0125 10.516 -10
3 14 10.644 13.349 -10 10.6195 13.2335 -10 10.21 13.16 -10
4 14 6.8115 13.2055 -10 6.654 13.3105 -10 6.661 13.363 -10 6.8605 13.2405 -10
3 14 10.917 13.349 -10 10.987 13.363 -10 11.05 13.3 -10
3 14 5.968 13.3665 -10 5.975 13.3385 -10 5.0125 10.516 -10
4 14 10.938 13.384 -10 10.966 13.384 -10 10.987 13.363 -10 10.917 13.349 -10
3 14 5.961 13.398 -10 5.968 13.3665 -10 5.0125 10.516 -10
3 14 6.3005 13.314 -10 6.304 13.3455 -10 6.423 13.405 -10
3 14 6.423 13.405 -10 6.304 13.3455 -10 6.297 13.377 -10
4 14 9.279 12.9045 -10 9.2475 12.887 -10 9.055 13.328 -10 9.111 13.405 -10
4 14 9.013 13.244 -10 9.055 13.328 -10 9.2475 12.887 -10 9.216 12.873 -10
4 14 6.668 13.4085 -10 6.9165 13.2755 -10 6.8605 13.2405 -10 6.661 13.363 -10
3 14 5.954 13.433 -10 5.961 13.398 -10 5.0125 10.516 -10
4 14 6.283 13.4015 -10 6.437 13.4995 -10 6.423 13.405 -10 6.297 13.377 -10
3 14 6.444 13.552 -10 6.437 13.4995 -10 6.283 13.4015 -10
4 14 9.3105 12.922 -10 9.279 12.9045 -10 9.111 13.405 -10 9.181 13.503 -10
4 14 6.6715 13.5135 -10 6.983 13.314 -10 6.9165 13.2755 -10 6.668 13.4085 -10
4 14 6.283 13.4015 -10 6.262 13.433 -10 6.4545 13.629 -10 6.444 13.552 -10
4 14 6.675 13.58 -10 7.039 13.3455 -10 6.983 13.314 -10 6.6715 13.5135 -10
3 14 10.679 13.4715 -10 10.644 13.349 -10 10.21 13.16 -10
4 14 9.181 13.503 -10 9.2615 13.594 -10 9.335 12.943 -10 9.3105 12.922 -10
4 14 9.3665 12.964 -10 9.335 12.943 -10 9.2615 13.594 -10 9.398 12.992 -10
3 14 9.2615 13.594 -10 9.4155 13.006 -10 9.398 12.992 -10
3 14 9.2615 13.594 -10 9.4365 13.02 -10 9.4155 13.006 -10
3 14 9.2615 13.594 -10 9.4575 13.0305 -10 9.4365 13.02 -10
3 14 9.2615 13.594 -10 9.475 13.0375 -10 9.4575 13.0305 -10
4 14 9.496 13.0375 -10 9.475 13.0375 -10 9.2615 13.594 -10 10.21 13.16 -10
4 14 7.039 13.3455 -10 6.675 13.58 -10 6.6855 13.65 -10 7.102 13.384 -10
4 14 6.262 13.433 -10 6.2375 13.461 -10 6.458 13.6745 -10 6.4545 13.629 -10
3 14 7.165 13.426 -10 7.102 13.384 -10 6.6855 13.65 -10
3 14 6.1815 13.4925 -10 6.115 13.524 -10 6.4685 13.741 -10
4 14 6.2375 13.461 -10 6.1815 13.4925 -10 6.4685 13.741 -10 6.458 13.6745 -10
3 14 6.115 13.524 -10 6.031 13.559 -10 6.4685 13.741 -10
4 14 9.2615 13.594 -10 9.335 13.671 -10 9.447 13.748 -10 10.21 13.16 -10
4 14 6.4825 13.7795 -10 6.4685 13.741 -10 6.031 13.559 -10 6.0065 13.566 -10
4 14 5.954 13.433 -10 5.0125 10.516 -10 5.0125 12.95 -10 5.9505 13.468 -10
4 14 5.9505 13.496 -10 5.9505 13.468 -10 5.0125 12.95 -10 5.5442 15.623 -10
3 14 5.5442 15.623 -10 5.9505 13.531 -10 5.9505 13.496 -10
3 14 5.5442 15.623 -10 5.954 13.5555 -10 5.9505 13.531 -10
3 14 5.5442 15.623 -10 5.9645 13.566 -10 5.954 13.5555 -10
3 14 5.5442 15.623 -10 5.9785 13.566 -10 5.9645 13.566 -10
3 14 6.0065 13.566 -10 5.9785 13.566 -10 5.5442 15.623 -10
3 14 11.1018 14.0819 -10 11.246 13.16 -10 11.218 13.216 -10
3 14 11.1018 14.0819 -10 11.218 13.216 -10 11.19 13.265 -10
3 14 11.19 13.265 -10 11.127 13.356 -10 11.092 13.44 -10
4 14 11.064 13.685 -10 11.1018 14.0819 -10 11.19 13.265 -10 11.092 13.44 -10
3 14 11.092 13.44 -10 11.071 13.545 -10 11.064 13.685 -10
4 14 7.193 13.461 -10 7.179 13.44 -10 6.717 13.72 -10 6.7625 13.8215 -10
4 14 6.6855 13.65 -10 6.717 13.72 -10 7.179 13.44 -10 7.165 13.426 -10
3 14 9.573 13.8425 -10 10.21 13.16 -10 9.447 13.748 -10
4 14 10.7 13.58 -10 10.7315 13.846 -10 10.7294 13.7928 -10 10.721 13.6885 -10
4 14 10.679 13.4715 -10 10.21 13.16 -10 10.7315 13.846 -10 10.7 13.58 -10
4 14 7.221 13.496 -10 7.193 13.461 -10 6.7625 13.8215 -10 6.7695 13.8495 -10
4 14 7.319 13.566 -10 7.27 13.538 -10 6.773 13.881 -10 6.773 13.916 -10
4 14 6.7695 13.8495 -10 6.773 13.881 -10 7.27 13.538 -10 7.221 13.496 -10
3 14 9.685 13.937 -10 10.21 13.16 -10 9.573 13.8425 -10
3 14 11.0899 13.9601 -10 11.1018 14.0819 -10 11.064 13.685 -10
3 14 11.064 13.685 -10 11.071 13.79 -10 11.0899 13.9601 -10
4 14 7.4275 13.6045 -10 7.389 13.594 -10 6.773 13.9475 -10 6.78 13.9685 -10
4 14 6.773 13.916 -10 6.773 13.9475 -10 7.389 13.594 -10 7.319 13.566 -10
4 14 7.487 13.629 -10 7.4625 13.6115 -10 6.794 13.9825 -10 6.822 14.0035 -10
4 14 6.78 13.9685 -10 6.794 13.9825 -10 7.4625 13.6115 -10 7.4275 13.6045 -10
3 14 10.735 14.007 -10 10.735 13.923 -10 10.7315 13.846 -10
4 14 10.7245 14.098 -10 10.735 14.007 -10 10.7315 13.846 -10 10.7105 14.189 -10
4 14 10.602 14.4025 -10 10.7105 14.189 -10 10.7315 13.846 -10 10.21 13.16 -10
4 14 6.822 14.0035 -10 6.8605 14.0175 -10 7.5045 13.6535 -10 7.487 13.629 -10
3 14 6.8605 14.0175 -10 6.906 14.028 -10 7.5045 13.6535 -10
3 14 9.783 14.035 -10 10.21 13.16 -10 9.685 13.937 -10
4 14 6.9375 14.049 -10 7.5465 13.72 -10 7.5045 13.6535 -10 6.906 14.028 -10
4 14 6.9515 14.0665 -10 7.6165 13.8215 -10 7.5465 13.72 -10 6.9375 14.049 -10
4 14 6.9655 14.091 -10 7.676 13.909 -10 7.6165 13.8215 -10 6.9515 14.0665 -10
4 14 7.676 13.909 -10 6.9655 14.091 -10 6.976 14.1225 -10 7.8055 14.07 -10
3 14 9.9055 14.182 -10 10.21 13.16 -10 9.783 14.035 -10
3 14 9.9895 14.2975 -10 10.21 13.16 -10 9.9055 14.182 -10
4 14 10.602 14.4025 -10 10.6685 14.301 -10 10.693 14.245 -10 10.7105 14.189 -10
3 14 10.602 14.4025 -10 10.63 14.364 -10 10.6685 14.301 -10
3 14 10.056 14.4235 -10 10.21 13.16 -10 9.9895 14.2975 -10
3 14 10.574 14.434 -10 10.602 14.4025 -10 10.21 13.16 -10
3 14 10.084 14.5005 -10 10.21 13.16 -10 10.056 14.4235 -10
3 14 10.105 14.581 -10 10.21 13.16 -10 10.084 14.5005 -10
4 14 8.2885 14.5845 -10 8.3165 14.5215 -10 8.2675 14.483 -10 8.2675 14.5775 -10
4 14 8.3165 14.5215 -10 8.2885 14.5845 -10 8.3165 14.5985 -10 8.369 14.56 -10
4 14 8.369 14.56 -10 8.3165 14.5985 -10 8.348 14.616 -10 8.404 14.5845 -10
4 14 8.404 14.5845 -10 8.348 14.616 -10 8.3725 14.6335 -10 8.446 14.6125 -10
4 14 9.055 14.6055 -10 9.034 14.6055 -10 9.02 14.637 -10 9.062 14.63 -10
4 14 10.574 14.434 -10 10.21 13.16 -10 10.252 14.637 -10 10.518 14.49 -10
4 14 10.462 14.539 -10 10.518 14.49 -10 10.252 14.637 -10 10.406 14.5705 -10
4 14 10.119 14.644 -10 10.252 14.637 -10 10.21 13.16 -10 10.105 14.581 -10
4 14 8.411 14.658 -10 8.502 14.651 -10 8.446 14.6125 -10 8.3725 14.6335 -10
4 14 8.481 14.707 -10 8.5545 14.6895 -10 8.502 14.651 -10 8.446 14.6825 -10
3 14 8.502 14.651 -10 8.411 14.658 -10 8.446 14.6825 -10
4 14 8.5125 14.7315 -10 8.6105 14.7315 -10 8.5545 14.6895 -10 8.481 14.707 -10
4 14 9.02 14.637 -10 9.006 14.7 -10 9.048 14.749 -10 9.062 14.63 -10
4 14 8.593 14.798 -10 8.6805 14.7875 -10 8.649 14.7595 -10 8.558 14.77 -10
4 14 8.6105 14.7315 -10 8.5125 14.7315 -10 8.558 14.77 -10 8.649 14.7595 -10
4 14 8.6315 14.8295 -10 8.712 14.8225 -10 8.6805 14.7875 -10 8.593 14.798 -10
4 14 9.006 14.7 -10 8.978 14.77 -10 9.02 14.8295 -10 9.048 14.749 -10
4 14 8.74 14.8645 -10 8.7295 14.8435 -10 8.712 14.8225 -10 8.6315 14.8295 -10
3 14 8.6315 14.8295 -10 8.6735 14.8645 -10 8.74 14.8645 -10
4 14 8.74 14.8645 -10 8.6735 14.8645 -10 8.712 14.8995 -10 8.747 14.882 -10
3 14 10.4585 14.8855 -10 10.441 14.875 -10 10.4305 14.8855 -10
4 14 10.4305 14.91 -10 10.4795 14.91 -10 10.4585 14.8855 -10 10.4305 14.8855 -10
4 14 8.747 14.882 -10 8.712 14.8995 -10 8.7365 14.9135 -10 8.7505 14.903 -10
4 14 8.964 14.931 -10 9.02 14.8295 -10 8.978 14.77 -10 8.922 14.868 -10
4 14 10.4795 14.91 -10 10.4305 14.91 -10 10.4515 14.952 -10 10.497 14.931 -10
4 14 10.497 14.931 -10 10.4515 14.952 -10 10.476 15.001 -10 10.525 14.973 -10
4 14 10.546 15.057 -10 10.539 15.022 -10 10.525 14.973 -10 10.476 15.001 -10
4 14 10.196 15.05 -10 10.196 15.001 -10 10.189 14.952 -10 10.168 14.924 -10
4 14 11.1018 14.0819 -10 11.1039 14.1659 -10 11.6558 15.623 -10 12.1875 12.95 -10
3 14 11.1039 14.1659 -10 11.0948 14.2639 -10 11.6558 15.623 -10
3 14 11.6558 15.623 -10 11.0948 14.2639 -10 11.0808 14.3451 -10
3 14 11.6558 15.623 -10 11.0808 14.3451 -10 11.05 14.427 -10
3 14 11.6558 15.623 -10 11.05 14.427 -10 10.9975 14.518 -10
3 14 11.6558 15.623 -10 10.9975 14.518 -10 10.9485 14.5915 -10
3 14 11.6558 15.623 -10 10.9485 14.5915 -10 10.875 14.6685 -10
3 14 11.6558 15.623 -10 10.875 14.6685 -10 10.77 14.7385 -10
3 14 11.6558 15.623 -10 10.77 14.7385 -10 10.679 14.7805 -10
3 14 11.6558 15.623 -10 10.679 14.7805 -10 10.637 14.798 -10
3 14 11.6558 15.623 -10 10.637 14.798 -10 10.6006 14.8064 -10
3 14 10.6006 14.8064 -10 10.602 14.826 -10 10.623 14.875 -10
4 14 10.6006 14.8064 -10 10.623 14.875 -10 10.637 14.917 -10 11.6558 15.623 -10
3 14 11.6558 15.623 -10 10.637 14.917 -10 10.651 14.98 -10
3 14 11.6558 15.623 -10 10.651 14.98 -10 10.658 15.029 -10
4 14 10.553 15.12 -10 10.546 15.057 -10 10.476 15.001 -10 10.49 15.064 -10
4 14 8.88 15.0815 -10 8.964 14.931 -10 8.922 14.868 -10 8.859 14.973 -10
3 14 10.658 15.092 -10 11.6558 15.623 -10 10.658 15.029 -10
4 14 10.189 15.099 -10 10.196 15.05 -10 10.168 14.924 -10 10.14 14.9128 -10
4 14 10.553 15.19 -10 10.553 15.12 -10 10.49 15.064 -10 10.4935 15.134 -10
3 14 10.301 15.092 -10 10.2856 15.092 -10 10.2639 15.1081 -10
4 14 10.168 15.169 -10 10.189 15.099 -10 10.14 14.9128 -10 10.119 14.924 -10
4 14 10.2639 15.1081 -10 10.2485 15.148 -10 10.322 15.12 -10 10.301 15.092 -10
4 14 10.3304 15.1662 -10 10.322 15.12 -10 10.2485 15.148 -10 10.2485 15.183 -10
4 14 5.5442 15.623 -10 6.4895 13.846 -10 6.4825 13.7795 -10 6.0065 13.566 -10
3 14 5.5442 15.623 -10 6.4895 13.895 -10 6.4895 13.846 -10
3 14 5.5442 15.623 -10 6.5035 13.937 -10 6.4895 13.895 -10
3 14 5.5442 15.623 -10 6.5175 13.9685 -10 6.5035 13.937 -10
4 14 5.5442 15.623 -10 6.5735 14.035 -10 6.549 14 -10 6.5175 13.9685 -10
4 14 6.6085 14.1015 -10 6.5735 14.035 -10 5.5442 15.623 -10 6.6575 14.21 -10
3 14 5.5442 15.623 -10 6.6925 14.2765 -10 6.6575 14.21 -10
3 14 5.5442 15.623 -10 6.7135 14.315 -10 6.6925 14.2765 -10
3 14 5.5442 15.623 -10 6.7415 14.357 -10 6.7135 14.315 -10
3 14 5.5442 15.623 -10 6.7695 14.3955 -10 6.7415 14.357 -10
3 14 5.5442 15.623 -10 6.801 14.4375 -10 6.7695 14.3955 -10
3 14 5.5442 15.623 -10 6.8325 14.469 -10 6.801 14.4375 -10
3 14 5.5442 15.623 -10 6.857 14.4795 -10 6.8325 14.469 -10
4 14 6.885 14.4795 -10 6.857 14.4795 -10 5.5442 15.623 -10 7.69 15.19 -10
3 14 7.8055 14.07 -10 6.976 14.1225 -10 6.983 14.168 -10
4 14 7.9455 14.203 -10 7.8055 14.07 -10 6.983 14.168 -10 7.69 15.19 -10
3 14 7.69 15.19 -10 6.983 14.168 -10 6.9865 14.2275 -10
3 14 7.69 15.19 -10 6.9865 14.2275 -10 6.983 14.2905 -10
3 14 7.69 15.19 -10 6.983 14.2905 -10 6.9725 14.35 -10
3 14 7.69 15.19 -10 8.0645 14.315 -10 7.9455 14.203 -10
3 14 7.69 15.19 -10 6.9725 14.35 -10 6.9655 14.3815 -10
3 14 7.69 15.19 -10 6.9655 14.3815 -10 6.955 14.4095 -10
3 14 7.69 15.19 -10 6.955 14.4095 -10 6.934 14.4445 -10
3 14 7.69 15.19 -10 6.934 14.4445 -10 6.9095 14.4655 -10
3 14 7.69 15.19 -10 6.9095 14.4655 -10 6.885 14.4795 -10
4 14 7.69 15.19 -10 8.2675 14.5775 -10 8.2675 14.483 -10 8.0645 14.315 -10
3 14 7.69 15.19 -10 8.2605 14.63 -10 8.2675 14.5775 -10
3 14 7.69 15.19 -10 8.257 14.665 -10 8.2605 14.63 -10
3 14 7.69 15.19 -10 8.257 14.7 -10 8.257 14.665 -10
3 14 7.69 15.19 -10 8.257 14.77 -10 8.257 14.7 -10
3 14 7.69 15.19 -10 8.2605 14.812 -10 8.257 14.77 -10
3 14 7.69 15.19 -10 8.2675 14.875 -10 8.2605 14.812 -10
3 14 7.69 15.19 -10 8.278 14.945 -10 8.2675 14.875 -10
3 14 7.69 15.19 -10 8.2955 15.015 -10 8.278 14.945 -10
3 14 7.69 15.19 -10 8.3095 15.064 -10 8.2955 15.015 -10
3 14 7.69 15.19 -10 8.327 15.12 -10 8.3095 15.064 -10
3 14 7.69 15.19 -10 8.355 15.19 -10 8.327 15.12 -10
4 14 10.658 15.092 -10 10.637 15.141 -10 10.616 15.204 -10 11.6558 15.623 -10
3 14 8.88 15.0815 -10 8.859 14.973 -10 8.81 15.071 -10
4 14 10.154 15.253 -10 10.168 15.169 -10 10.119 14.924 -10 10.105 14.98 -10
3 14 8.383 15.26 -10 8.355 15.19 -10 7.69 15.19 -10
4 14 10.616 15.204 -10 10.616 15.246 -10 10.6265 15.288 -10 11.6558 15.623 -10
4 14 10.3255 15.267 -10 10.3304 15.2117 -10 10.238 15.239 -10 10.217 15.295 -10
4 14 10.2485 15.183 -10 10.238 15.239 -10 10.3304 15.2117 -10 10.3304 15.1662 -10
4 14 10.574 15.302 -10 10.56 15.26 -10 10.49 15.19 -10 10.469 15.295 -10
4 14 10.4935 15.134 -10 10.49 15.19 -10 10.56 15.26 -10 10.553 15.19 -10
4 14 10.147 15.302 -10 10.154 15.253 -10 10.105 14.98 -10 10.091 15.071 -10
4 14 10.301 15.358 -10 10.3255 15.267 -10 10.217 15.295 -10 10.196 15.33 -10
3 14 10.637 15.33 -10 11.6558 15.623 -10 10.6265 15.288 -10
4 14 10.091 15.071 -10 10.056 15.169 -10 10.147 15.351 -10 10.147 15.302 -10
4 14 10.595 15.344 -10 10.574 15.302 -10 10.469 15.295 -10 10.448 15.351 -10
3 14 10.6405 15.372 -10 11.6558 15.623 -10 10.637 15.33 -10
3 14 10.196 15.33 -10 10.1855 15.379 -10 10.301 15.358 -10
3 14 8.4495 15.4 -10 8.383 15.26 -10 7.69 15.19 -10
4 14 8.88 15.0815 -10 8.81 15.071 -10 8.782 15.162 -10 8.831 15.246 -10
4 14 8.754 15.267 -10 8.81 15.407 -10 8.831 15.246 -10 8.782 15.162 -10
4 14 10.616 15.379 -10 10.595 15.344 -10 10.448 15.351 -10 10.42 15.407 -10
3 14 10.161 15.414 -10 10.147 15.351 -10 10.056 15.169 -10
4 14 10.273 15.4245 -10 10.301 15.358 -10 10.1855 15.379 -10 10.182 15.421 -10
4 14 10.007 15.26 -10 10.168 15.4315 -10 10.161 15.414 -10 10.056 15.169 -10
3 14 10.007 15.26 -10 9.951 15.3405 -10 10.168 15.4315 -10
4 14 9.951 15.3405 -10 9.902 15.4175 -10 10.1785 15.442 -10 10.168 15.4315 -10
4 14 10.238 15.4875 -10 10.273 15.4245 -10 10.182 15.421 -10 10.1785 15.442 -10
3 14 8.502 15.505 -10 8.4495 15.4 -10 7.69 15.19 -10
4 14 8.74 15.386 -10 8.81 15.519 -10 8.81 15.407 -10 8.754 15.267 -10
4 14 9.7809 15.5267 -10 10.238 15.4875 -10 10.1785 15.442 -10 9.902 15.4175 -10
3 14 10.2135 15.533 -10 10.238 15.4875 -10 9.7809 15.5267 -10
3 14 8.5405 15.575 -10 8.502 15.505 -10 7.69 15.19 -10
4 14 8.74 15.484 -10 8.824 15.61 -10 8.81 15.519 -10 8.74 15.386 -10
4 14 5.0723 13.8617 -10 5.2505 14.7578 -10 5.5442 15.623 -10 5.0125 12.95 -10
4 14 12.1277 13.8617 -10 12.1875 12.95 -10 11.6558 15.623 -10 11.9495 14.7578 -10
4 14 9.6101 15.6618 -10 10.1855 15.5855 -10 10.2135 15.533 -10 9.7809 15.5267 -10
4 14 8.5965 15.666 -10 8.5405 15.575 -10 7.69 15.19 -10 8.621 15.7185 -10
3 14 8.621 15.7185 -10 8.614 15.694 -10 8.5965 15.666 -10
4 14 9.4995 15.736 -10 10.161 15.638 -10 10.1855 15.5855 -10 9.6101 15.6618 -10
3 14 10.14 15.694 -10 10.161 15.638 -10 9.4995 15.736 -10
3 14 8.6245 15.7535 -10 8.621 15.7185 -10 7.69 15.19 -10
4 14 8.761 15.687 -10 8.873 15.806 -10 8.838 15.701 -10 8.747 15.596 -10
4 14 8.824 15.61 -10 8.74 15.484 -10 8.747 15.596 -10 8.838 15.701 -10
4 14 9.4995 15.736 -10 9.44 15.7815 -10 10.147 15.743 -10 10.14 15.694 -10
3 14 7.711 15.8305 -10 7.781 15.8305 -10 7.69 15.19 -10
3 14 7.6445 15.8375 -10 7.711 15.8305 -10 7.69 15.19 -10
4 14 7.781 15.8305 -10 7.8475 15.8375 -10 7.893 15.841 -10 7.69 15.19 -10
4 14 8.5125 15.855 -10 8.558 15.848 -10 8.586 15.8235 -10 8.607 15.7885 -10
4 14 7.4842 15.8585 -10 7.5675 15.855 -10 7.6445 15.8375 -10 7.69 15.19 -10
4 14 8.285 15.8585 -10 7.69 15.19 -10 7.9455 15.848 -10 8.075 15.855 -10
3 14 7.69 15.19 -10 7.893 15.841 -10 7.9455 15.848 -10
4 14 8.6245 15.7535 -10 7.69 15.19 -10 8.5125 15.855 -10 8.607 15.7885 -10
3 14 7.69 15.19 -10 7.417 15.8585 -10 7.4842 15.8585 -10
3 14 8.075 15.855 -10 8.173 15.8585 -10 8.285 15.8585 -10
4 14 8.5125 15.855 -10 7.69 15.19 -10 8.285 15.8585 -10 8.432 15.8585 -10
3 14 7.354 15.8655 -10 7.417 15.8585 -10 7.69 15.19 -10
3 14 7.277 15.883 -10 7.354 15.8655 -10 7.69 15.19 -10
3 14 7.207 15.904 -10 7.277 15.883 -10 7.69 15.19 -10
4 14 10.1995 15.8165 -10 10.1715 15.799 -10 9.405 15.827 -10 9.356 15.918 -10
4 14 9.44 15.7815 -10 9.405 15.827 -10 10.1715 15.799 -10 10.147 15.743 -10
4 14 7.69 15.19 -10 5.5442 15.623 -10 7.137 15.939 -10 7.207 15.904 -10
3 14 7.102 15.96 -10 7.137 15.939 -10 5.5442 15.623 -10
3 14 7.074 15.988 -10 7.102 15.96 -10 5.5442 15.623 -10
3 14 8.761 15.687 -10 8.7995 15.799 -10 8.8485 15.925 -10
4 14 8.8485 15.925 -10 8.943 15.988 -10 8.873 15.806 -10 8.761 15.687 -10
3 14 7.06 16.009 -10 7.074 15.988 -10 5.5442 15.623 -10
3 14 7.0565 16.0265 -10 7.06 16.009 -10 5.5442 15.623 -10
4 14 11.2517 16.4424 -10 11.6558 15.623 -10 10.6405 15.372 -10 10.637 15.4 -10
3 14 10.616 15.379 -10 10.42 15.407 -10 10.3885 15.4595 -10
4 14 10.637 15.4 -10 10.616 15.379 -10 10.3885 15.4595 -10 11.2517 16.4424 -10
3 14 11.2517 16.4424 -10 10.3885 15.4595 -10 10.357 15.512 -10
3 14 11.2517 16.4424 -10 10.357 15.512 -10 10.301 15.5785 -10
4 14 11.2517 16.4424 -10 10.301 15.5785 -10 10.2625 15.624 -10 10.2415 15.659 -10
3 14 11.2517 16.4424 -10 10.2415 15.659 -10 10.1995 15.729 -10
4 14 11.2517 16.4424 -10 10.1995 15.729 -10 10.196 15.778 -10 10.1995 15.8165 -10
4 14 9.356 15.918 -10 9.342 15.988 -10 9.349 16.072 -10 10.1995 15.8165 -10
4 14 8.8695 15.9775 -10 9.034 16.163 -10 8.943 15.988 -10 8.8485 15.925 -10
4 14 9.034 16.163 -10 8.8695 15.9775 -10 8.873 16.023 -10 9.118 16.289 -10
4 14 10.1995 15.8165 -10 9.349 16.072 -10 9.419 16.205 -10 11.2517 16.4424 -10
3 14 9.447 16.2722 -10 11.2517 16.4424 -10 9.419 16.205 -10
3 14 8.873 16.023 -10 8.866 16.107 -10 9.118 16.289 -10
4 14 9.1201 16.3198 -10 9.118 16.289 -10 8.866 16.107 -10 8.838 16.156 -10
4 14 8.838 16.156 -10 8.803 16.1756 -10 9.1117 16.3562 -10 9.1201 16.3198 -10
3 14 9.454 16.38 -10 11.2517 16.4424 -10 9.447 16.2722 -10
4 14 9.447 16.45 -10 9.433 16.471 -10 10.1417 17.889 -10 11.2517 16.4424 -10
4 14 8.992 16.492 -10 9.1117 16.3562 -10 8.803 16.1756 -10 8.761 16.177 -10
3 14 8.005 16.0405 -10 7.935 16.0405 -10 7.8755 16.0475 -10
4 14 8.187 16.0545 -10 8.005 16.0405 -10 7.8755 16.0475 -10 7.0583 17.889 -10
3 14 7.0635 16.044 -10 7.0565 16.0265 -10 5.5442 15.623 -10
4 14 7.088 16.065 -10 7.0635 16.044 -10 5.5442 15.623 -10 7.0583 17.889 -10
4 14 7.0583 17.889 -10 7.5745 16.0475 -10 7.5535 16.058 -10 7.529 16.0755 -10
3 14 7.8755 16.0475 -10 7.8335 16.051 -10 7.809 16.058 -10
4 14 7.0583 17.889 -10 7.6305 16.051 -10 7.6025 16.044 -10 7.5745 16.0475 -10
3 14 8.187 16.0545 -10 8.103 16.044 -10 8.005 16.0405 -10
4 14 7.8755 16.0475 -10 7.809 16.058 -10 7.76 16.072 -10 7.0583 17.889 -10
4 14 7.648 16.058 -10 7.6305 16.051 -10 7.0583 17.889 -10 7.6725 16.072 -10
3 14 7.0583 17.889 -10 7.76 16.072 -10 7.7194 16.0776 -10
4 14 7.0583 17.889 -10 7.529 16.0755 -10 7.508 16.1035 -10 7.494 16.1315 -10
3 14 7.0583 17.889 -10 7.6935 16.0755 -10 7.6725 16.072 -10
3 14 7.0583 17.889 -10 7.7194 16.0776 -10 7.6935 16.0755 -10
3 14 7.0583 17.889 -10 7.1265 16.093 -10 7.088 16.065 -10
3 14 7.0583 17.889 -10 7.1615 16.114 -10 7.1265 16.093 -10
3 14 7.0583 17.889 -10 7.494 16.1315 -10 7.4695 16.163 -10
3 14 7.0583 17.889 -10 7.2385 16.1455 -10 7.1615 16.114 -10
3 14 7.0583 17.889 -10 7.4695 16.163 -10 7.452 16.177 -10
3 14 7.0583 17.889 -10 7.326 16.1665 -10 7.2385 16.1455 -10
3 14 7.0583 17.889 -10 7.375 16.177 -10 7.326 16.1665 -10
3 14 7.0583 17.889 -10 7.452 16.177 -10 7.41 16.1805 -10
3 14 7.0583 17.889 -10 7.41 16.1805 -10 7.375 16.177 -10
3 14 9.447 16.45 -10 11.2517 16.4424 -10 9.454 16.38 -10
4 14 8.817 16.653 -10 8.992 16.492 -10 8.761 16.177 -10 8.635 16.156 -10
4 14 8.635 16.156 -10 8.544 16.128 -10 8.7099 16.744 -10 8.817 16.653 -10
4 14 8.6525 16.7839 -10 8.7099 16.744 -10 8.544 16.128 -10 8.425 16.1 -10
4 14 8.3025 16.0755 -10 8.5776 16.8406 -10 8.6525 16.7839 -10 8.425 16.1 -10
3 14 8.5321 16.8826 -10 8.5776 16.8406 -10 8.3025 16.0755 -10
4 14 8.3025 16.0755 -10 8.187 16.0545 -10 8.5111 16.905 -10 8.5321 16.8826 -10
4 14 8.187 16.0545 -10 7.0583 17.889 -10 8.4957 16.9267 -10 8.5111 16.905 -10
3 14 8.4824 16.9554 -10 8.4957 16.9267 -10 7.0583 17.889 -10
4 14 8.4824 16.9554 -10 7.0583 17.889 -10 8.4187 17.0359 -10 8.4558 16.9988 -10
4 14 8.4187 17.0359 -10 7.0583 17.889 -10 8.3501 17.0821 -10 8.3851 17.059 -10
3 14 8.2941 17.1199 -10 8.32 17.101 -10 7.0583 17.889 -10
4 14 8.2171 17.1997 -10 8.2724 17.1444 -10 8.2941 17.1199 -10 7.0583 17.889 -10
4 14 5.5442 15.623 -10 5.9483 16.4424 -10 6.4559 17.2021 -10 7.0583 17.889 -10
3 14 9.398 16.499 -10 9.2195 16.611 -10 9.0725 16.7125 -10
4 14 9.398 16.499 -10 9.0725 16.7125 -10 8.852 16.94 -10 10.1417 17.889 -10
3 14 9.0725 16.7125 -10 8.971 16.814 -10 8.852 16.94 -10
3 14 9.433 16.471 -10 9.398 16.499 -10 10.1417 17.889 -10
3 14 10.1417 17.889 -10 8.852 16.94 -10 8.824 16.975 -10
4 14 10.1417 17.889 -10 8.824 16.975 -10 8.81 17.01 -10 8.803 17.031 -10
3 14 10.1417 17.889 -10 8.803 17.031 -10 8.7855 17.0625 -10
3 14 10.1417 17.889 -10 8.7855 17.0625 -10 8.761 17.087 -10
3 14 8.761 17.087 -10 8.705 17.122 -10 8.6861 17.136 -10
3 14 8.6861 17.136 -10 8.656 17.157 -10 8.642 17.178 -10
4 14 8.761 17.087 -10 8.6861 17.136 -10 8.642 17.178 -10 10.1417 17.889 -10
3 14 8.642 17.178 -10 8.642 17.206 -10 8.656 17.2305 -10
4 14 8.656 17.2305 -10 8.663 17.255 -10 10.1417 17.889 -10 8.642 17.178 -10
3 14 8.1625 17.2669 -10 8.2171 17.1997 -10 7.0583 17.889 -10
3 14 8.1506 17.3019 -10 8.1625 17.2669 -10 7.0583 17.889 -10
3 14 8.1513 17.3334 -10 8.1506 17.3019 -10 7.0583 17.889 -10
3 14 10.1417 17.889 -10 10.7441 17.2021 -10 11.2517 16.4424 -10
3 14 8.5049 18.9991 -10 8.6473 17.318 -10 8.6175 17.332 -10
3 14 8.5049 18.9991 -10 8.6175 17.332 -10 8.53 17.36 -10
3 14 8.1667 17.346 -10 8.1513 17.3334 -10 7.0583 17.889 -10
4 14 8.1933 17.3537 -10 8.1667 17.346 -10 7.0583 17.889 -10 8.5049 18.9991 -10
3 14 8.5049 18.9991 -10 8.53 17.36 -10 8.495 17.367 -10
3 14 8.5049 18.9991 -10 8.278 17.367 -10 8.1933 17.3537 -10
3 14 8.5049 18.9991 -10 8.495 17.367 -10 8.39 17.374 -10
3 14 8.5049 18.9991 -10 8.39 17.374 -10 8.278 17.367 -10
3 14 7.0583 17.889 -10 7.7452 18.4914 -10 8.5049 18.9991 -10
3 14 8.6951 18.9991 -10 9.4548 18.4914 -10 10.1417 17.889 -10
4 14 8.6473 17.318 -10 8.5049 18.9991 -10 8.6951 18.9991 -10 8.663 17.3005 -10
4 14 8.663 17.255 -10 8.663 17.3005 -10 8.6951 18.9991 -10 10.1417 17.889 -10
3 14 8.6 19.053 -10 8.6951 18.9991 -10 8.5049 18.9991 -10
0 // Neutral faces
3 16 -12 0 -10 -11.2 1.4 -10 -9.3 1.4 -10
3 16 -12 0 -10 -9.3 1.4 -10 -8.7155 1.4 -10
3 16 -12 0 -10 -8.7155 1.4 -10 -7.9155 1.4 -10
3 16 -12 0 -10 -7.9155 1.4 -10 -5.4 1.4 -10
4 16 -12 0 -10 -5.4 1.4 -10 4.5 1.4 -10 12 0 -10
3 16 12 0 -10 4.5 1.4 -10 5.2 1.4 -10
3 16 12 0 -10 5.2 1.4 -10 6.3 1.4 -10
3 16 12 0 -10 6.3 1.4 -10 7.4 1.4 -10
3 16 12 0 -10 7.4 1.4 -10 8 1.4 -10
3 16 12 0 -10 8 1.4 -10 11.2 1.4 -10
3 16 7.2 2.7314 -10 7.7324 2.4814 -10 7.65 2.2133 -10
3 16 7.2 2.7314 -10 8.0009 3.0982 -10 7.7324 2.4814 -10
3 16 7.2 2.7314 -10 8.4 3.6396 -10 8.0009 3.0982 -10
4 16 7.2 2.7314 -10 7.2 8.9838 -10 8.4 8.7234 -10 8.4 3.6396 -10
3 16 -8.8204 4.054 -10 -7.9368 4.3394 -10 -8.3924 3.7332 -10
4 16 -8.8204 4.054 -10 -9.2874 4.3148 -10 -7.4085 4.8834 -10 -7.9368 4.3394 -10
4 16 -9.7851 4.511 -10 -6.8157 5.3563 -10 -7.4085 4.8834 -10 -9.2874 4.3148 -10
4 16 -9.7851 4.511 -10 -10.3044 4.6391 -10 -6.1681 5.7508 -10 -6.8157 5.3563 -10
4 16 4.2 4.8911 -10 1.65 6.65 -10 1.65 6.8 -10 2.0011 10.2392 -10
3 16 4.2 4.8911 -10 2.0011 10.2392 -10 2.2886 13.6842 -10
3 16 4.2 4.8911 -10 2.2886 13.6842 -10 2.5123 17.134 -10
3 16 4.2 4.8911 -10 2.5123 17.134 -10 2.6721 20.5874 -10
3 16 4.2 4.8911 -10 2.6721 20.5874 -10 2.768 24.0431 -10
3 16 4.2 4.8911 -10 2.768 24.0431 -10 2.8 27.5 -10
4 16 4.2 4.8911 -10 2.8 27.5 -10 2.8 31.6 -10 4.2 31.6 -10
4 16 -.098 6.2514 -10 -1.5938 6.4382 -10 1.6 13.5309 -10 1.4875 10.165 -10
3 16 -.098 6.2514 -10 1.4875 10.165 -10 1.35 6.65 -10
3 16 -.098 6.2514 -10 1.35 6.65 -10 1.3761 5.936 -10
4 16 1.5 6.65 -10 2.8148 5.4857 -10 1.3761 5.936 -10 1.35 6.65 -10
4 16 1.5 6.65 -10 1.65 6.65 -10 4.2 4.8911 -10 2.8148 5.4857 -10
4 16 1.6875 16.8975 -10 1.6 13.5309 -10 -1.5938 6.4382 -10 -2.3014 6.4672 -10
3 16 1.6875 16.8975 -10 -2.3014 6.4672 -10 -2.0259 10.2191 -10
3 16 1.6875 16.8975 -10 -2.0259 10.2191 -10 -1.8005 13.9744 -10
3 16 1.6875 16.8975 -10 -1.8005 13.9744 -10 -1.6251 17.7323 -10
4 16 1.75 20.2647 -10 1.6875 16.8975 -10 -1.6251 17.7323 -10 -1.5001 21.4871 -10
4 16 1.75 20.2647 -10 -1.5001 21.4871 -10 -1.425 25.2432 -10 1.7875 23.6323 -10
4 16 -16.4193 22.6 -10 -6.1681 5.7508 -10 -10.3044 4.6391 -10 -13.481 5.2 -10
4 16 -16.4193 22.6 -10 -15.1664 23.9972 -10 -6.0349 6.0504 -10 -6.1681 5.7508 -10
4 16 15.1664 23.9972 -10 16.4193 22.6 -10 13.481 5.2 -10 12.9 5.0898 -10
3 16 15.1664 23.9972 -10 12.9 5.0898 -10 14.6678 24.761 -10
4 16 -14.6678 24.761 -10 -5.8121 6.2908 -10 -6.0349 6.0504 -10 -15.1664 23.9972 -10
4 16 -14.6678 24.761 -10 -14.4218 25.6394 -10 -5.5234 6.4463 -10 -5.8121 6.2908 -10
3 16 14.4218 25.6394 -10 14.6678 24.761 -10 12.9 5.0898 -10
4 16 14.4218 25.6394 -10 12.9 5.0898 -10 12.9 31.6 -10 13.7 31.6 -10
4 16 1.8 27 -10 1.7875 23.6323 -10 -1.425 25.2432 -10 -1.4 29 -10
4 16 1.8 27 -10 -1.4 29 -10 -1.4 31.6 -10 1.8 31.6 -10
3 16 7.2 31.6 -10 7.6025 18.6775 -10 7.2 18.3245 -10
3 16 7.2 31.6 -10 8.3877 19.2021 -10 7.6025 18.6775 -10
4 16 7.2 31.6 -10 8.4 31.6 -10 8.4 19.2089 -10 8.3877 19.2021 -10
4 16 -13.7 31.6 -10 -5.2 6.5 -10 -5.5234 6.4463 -10 -14.4218 25.6394 -10
4 16 -13.7 31.6 -10 -4.1161 8.1782 -10 -4.9 6.5 -10 -5.2 6.5 -10
4 16 -13.7 31.6 -10 -2.9593 11.6943 -10 -3.4678 9.9133 -10 -4.1161 8.1782 -10
4 16 -13.7 31.6 -10 -2.3736 15.3492 -10 -2.5938 13.5101 -10 -2.9593 11.6943 -10
4 16 -13.7 31.6 -10 -2.3 31.6 -10 -2.3 17.2 -10 -2.3736 15.3492 -10
3 16 -19 32 -10 -2.3 31.6 -10 -13.7 31.6 -10
3 16 -19 32 -10 -1.4 31.6 -10 -2.3 31.6 -10
3 16 -19 32 -10 1.8 31.6 -10 -1.4 31.6 -10
3 16 -19 32 -10 2.8 31.6 -10 1.8 31.6 -10
4 16 -19 32 -10 19 32 -10 4.2 31.6 -10 2.8 31.6 -10
3 16 19 32 -10 13.7 31.6 -10 12.9 31.6 -10
3 16 19 32 -10 12.9 31.6 -10 8.4 31.6 -10
3 16 19 32 -10 8.4 31.6 -10 7.2 31.6 -10
3 16 19 32 -10 7.2 31.6 -10 4.2 31.6 -10
