0 Minifig Torso with Ferrari Logo and White Collar Pattern
0 Name: 973pyw.dat
0 Author: Massimo Maso [Sirio]
0 !LDRAW_ORG Unofficial_Part
0 !LICENSE Licensed under CC BY 4.0 : see CAreadme.txt

0 BFC CERTIFY CCW

0 !KEYWORDS 1962, 1979, 24h, 250, 312, 488, Bricklink 973pb3145
0 !KEYWORDS Equipe nationale belge, Garage, Gilles Villeneuve, GTE, GTO
0 !KEYWORDS Jean "Beurly" Blaton, Le Mans, Léon "Eldé" Dernier, Race, Set 75889
0 !KEYWORDS Speed Champions, sport, T4, Ultimate, Uniform

0 // Subparts
1 16 0 0 0 1 0 0 0 1 0 0 0 1 s\973s01.dat
0 // Neck
1 0 0 -4 0 4.243 0 -4.243 0 -8 0 -4.243 0 -4.243 1-4cyli.dat
0 // Primitives
1 16 -11 3.4 10 0 0 -2 -2 0 0 0 -1 0 3-16ndis.dat
1 15 -11 3.4 10 0 0 -2 -2 0 0 0 -1 0 3-16chrd.dat
1 16 11 3.4 10 0 0 2 -2 0 0 0 -1 0 3-16ndis.dat
1 15 11 3.4 10 0 0 2 -2 0 0 0 -1 0 3-16chrd.dat
1 16 -11 3.4 -10 0 0 -2 -2 0 0 0 1 0 3-16ndis.dat
1 15 -11 3.4 -10 0 0 -2 -2 0 0 0 1 0 3-16chrd.dat
1 16 11 3.4 -10 0 0 2 -2 0 0 0 1 0 3-16ndis.dat
1 15 11 3.4 -10 0 0 2 -2 0 0 0 1 0 3-16chrd.dat
1 15 -.4 10.5 -10 .9 0 0 0 0 .9 0 1 0 4-4ndis.dat
1 0 -.4 10.5 -10 .9 0 0 0 0 .9 0 1 0 4-4disc.dat
0 // Back
4 0 6.7783 2.2476 10 7.8855 1.4 10 8.7 1.4 10 7.5767 2.5058 10
4 0 6.7783 2.2476 10 7.5767 2.5058 10 6.1797 3.2359 10 5.4972 2.798 10
4 0 -6.7783 2.2476 10 -7.5767 2.5058 10 -8.7 1.4 10 -7.8855 1.4 10
4 0 -6.7783 2.2476 10 -5.4972 2.798 10 -6.1797 3.2359 10 -7.5767 2.5058 10
4 0 4.1537 3.1707 10 5.4972 2.798 10 6.1797 3.2359 10 4.6831 3.7307 10
4 0 4.1537 3.1707 10 4.6831 3.7307 10 3.1405 4.055 10 2.7809 3.4152 10
4 0 -4.1537 3.1707 10 -4.6831 3.7307 10 -6.1797 3.2359 10 -5.4972 2.798 10
4 0 -4.1537 3.1707 10 -2.7809 3.4152 10 -3.1405 4.055 10 -4.6831 3.7307 10
4 0 1.3936 3.5546 10 2.7809 3.4152 10 3.1405 4.055 10 1.5751 4.2398 10
4 0 1.3936 3.5546 10 1.5751 4.2398 10 0 4.3 10 0 3.6 10
4 0 -1.3936 3.5546 10 -1.5751 4.2398 10 -3.1405 4.055 10 -2.7809 3.4152 10
4 0 -1.3936 3.5546 10 0 3.6 10 0 4.3 10 -1.5751 4.2398 10
0 // White faces
4 15 6.7783 2.2476 10 -6.7783 2.2476 10 -7.8855 1.4 10 7.8855 1.4 10
4 15 6.7783 2.2476 10 5.4972 2.798 10 -5.4972 2.798 10 -6.7783 2.2476 10
4 15 4.1537 3.1707 10 -4.1537 3.1707 10 -5.4972 2.798 10 5.4972 2.798 10
4 15 4.1537 3.1707 10 2.7809 3.4152 10 -2.7809 3.4152 10 -4.1537 3.1707 10
4 15 1.3936 3.5546 10 -1.3936 3.5546 10 -2.7809 3.4152 10 2.7809 3.4152 10
3 15 1.3936 3.5546 10 0 3.6 10 -1.3936 3.5546 10
4 15 13.4769 6.2 10 8.7 1.4 10 11 1.4 10 12.8478 2.6346 10
3 15 13.4769 6.2 10 7.5767 2.5058 10 8.7 1.4 10
3 15 13.4769 6.2 10 6.1797 3.2359 10 7.5767 2.5058 10
3 15 13.4769 6.2 10 4.6831 3.7307 10 6.1797 3.2359 10
3 15 13.4769 6.2 10 3.1405 4.055 10 4.6831 3.7307 10
3 15 13.4769 6.2 10 1.5751 4.2398 10 3.1405 4.055 10
4 15 13.4769 6.2 10 0 5.3 10 0 4.3 10 1.5751 4.2398 10
4 15 -13.4769 6.2 10 -12.8478 2.6346 10 -11 1.4 10 -8.7 1.4 10
3 15 -13.4769 6.2 10 -8.7 1.4 10 -7.5767 2.5058 10
3 15 -13.4769 6.2 10 -7.5767 2.5058 10 -6.1797 3.2359 10
3 15 -13.4769 6.2 10 -6.1797 3.2359 10 -4.6831 3.7307 10
3 15 -13.4769 6.2 10 -4.6831 3.7307 10 -3.1405 4.055 10
3 15 -13.4769 6.2 10 -3.1405 4.055 10 -1.5751 4.2398 10
4 15 -13.4769 6.2 10 -1.5751 4.2398 10 0 4.3 10 0 5.3 10
0 // Neutral faces
3 16 12 0 10 14.345 2 10 13 1.4 10
3 16 12 0 10 13 1.4 10 11 1.4 10
3 16 12 0 10 11 1.4 10 8.7 1.4 10
3 16 12 0 10 8.7 1.4 10 7.8855 1.4 10
4 16 12 0 10 7.8855 1.4 10 -7.8855 1.4 10 -12 0 10
3 16 -12 0 10 -7.8855 1.4 10 -8.7 1.4 10
3 16 -12 0 10 -8.7 1.4 10 -11 1.4 10
3 16 -12 0 10 -11 1.4 10 -13 1.4 10
3 16 -12 0 10 -13 1.4 10 -14.345 2 10
4 16 13.4769 6.2 10 4.914 6.66 10 0 6.66 10 0 5.3 10
3 16 13.4769 6.2 10 4.914 7.7265 10 4.914 6.66 10
3 16 13.4769 6.2 10 4.914 8.064 10 4.914 7.7265 10
3 16 13.4769 6.2 10 4.914 8.424 10 4.914 8.064 10
3 16 13.4769 6.2 10 4.914 8.8245 10 4.914 8.424 10
3 16 13.4769 6.2 10 4.914 12.15 10 4.914 8.8245 10
4 16 13.4769 6.2 10 19 29 10 4.914 20.34 10 4.914 12.15 10
3 16 13.4769 6.2 10 14.345 2 10 19 29 10
4 16 13.4769 6.2 10 12.8478 2.6346 10 13 1.4 10 14.345 2 10
4 16 -13.4769 6.2 10 0 5.3 10 0 6.66 10 -4.914 6.66 10
3 16 -13.4769 6.2 10 -4.914 6.66 10 -4.914 7.7265 10
3 16 -13.4769 6.2 10 -4.914 7.7265 10 -4.914 8.064 10
3 16 -13.4769 6.2 10 -4.914 8.064 10 -4.914 8.424 10
3 16 -13.4769 6.2 10 -4.914 8.424 10 -4.914 8.8245 10
3 16 -13.4769 6.2 10 -4.914 8.8245 10 -4.914 12.15 10
4 16 -13.4769 6.2 10 -4.914 12.15 10 -4.914 20.34 10 -19 29 10
3 16 -13.4769 6.2 10 -19 29 10 -14.345 2 10
4 16 -13.4769 6.2 10 -14.345 2 10 -13 1.4 10 -12.8478 2.6346 10
4 16 0 20.34 10 4.914 20.34 10 19 29 10 19 32 10
3 16 0 20.34 10 19 32 10 -19 32 10
4 16 0 20.34 10 -19 32 10 -19 29 10 -4.914 20.34 10
0 // Front
4 0 -3.6 1.4 -10 -5.4 1.4 -10 -5.2904 1.5373 -10 -5.1585 1.6533 -10
4 0 -3.6 1.4 -10 -5.1585 1.6533 -10 -5.0083 1.7444 -10 -4.8444 1.8079 -10
4 0 -3.6 1.4 -10 -4.8444 1.8079 -10 -4.7563 1.8608 -10 -3.5698 1.8248 -10
4 0 -4.7062 1.9506 -10 -3.4797 2.2411 -10 -3.5698 1.8248 -10 -4.7563 1.8608 -10
4 0 -4.7062 1.9506 -10 -4.7073 2.0534 -10 -3.3316 2.6403 -10 -3.4797 2.2411 -10
4 0 -4.7592 2.1421 -10 -3.9785 3.2365 -10 -3.9227 3.1993 -10 -4.7073 2.0534 -10
4 0 -4.7592 2.1421 -10 -5.1277 2.5364 -10 -4 3.3 -10 -3.9785 3.2365 -10
4 0 3.4 2.2 -10 4.8368 2.3482 -10 6.3 1.4 -10 5.4 1.4 -10
3 0 3.4 2.2 -10 4.752 2.4312 -10 4.8368 2.3482 -10
3 0 3.4 2.2 -10 4.7059 2.5406 -10 4.752 2.4312 -10
3 0 3.4 2.2 -10 4.7059 2.6593 -10 4.7059 2.5406 -10
3 0 3.4 2.2 -10 4.7519 2.7687 -10 4.7059 2.6593 -10
4 0 3.4 2.2 -10 3.3731 4.65 -10 4.9795 3.1305 -10 4.7519 2.7687 -10
4 0 3.4 2.2 -10 3.1405 2.8362 -10 3.0355 4.7087 -10 3.3731 4.65 -10
4 0 -8.471 2.0391 -10 -8.675 1.4 -10 -9.4 1.4 -10 -9.1471 2.2273 -10
4 0 -8.471 2.0391 -10 -9.1471 2.2273 -10 -8.8241 3.0298 -10 -8.2219 2.6619 -10
4 0 8.3 2.2504 -10 9 2.2504 -10 9 1.4 -10 8.3 1.4 -10
4 0 8.3 2.2504 -10 8.2308 2.9226 -10 8.8911 3.1774 -10 9 2.2504 -10
4 0 -3.3316 2.6403 -10 -4.7073 2.0534 -10 -3.9227 3.1993 -10 -3.8558 3.2037 -10
4 0 -3.3316 2.6403 -10 -3.8558 3.2037 -10 -3.8055 3.2479 -10 -3.1284 3.0146 -10
4 0 -5.4646 2.958 -10 -4 5 -10 -4 3.3 -10 -5.1277 2.5364 -10
4 0 -5.4646 2.958 -10 -5.5734 5.078 -10 -3.987 5.3606 -10 -4 5 -10
4 0 -5.4646 2.958 -10 -5.7681 3.4043 -10 -5.7247 5.051 -10 -5.5734 5.078 -10
4 0 -3.1284 3.0146 -10 -3.8055 3.2479 -10 -3.7627 3.3202 -10 -3.7184 3.3914 -10
4 0 -3.1284 3.0146 -10 -3.7184 3.3914 -10 -2.29 5.6282 -10 -1.7 5.2515 -10
4 0 -7.9289 3.2654 -10 -8.2219 2.6619 -10 -8.8241 3.0298 -10 -8.4336 3.8017 -10
4 0 -7.9289 3.2654 -10 -8.4336 3.8017 -10 -7.9784 4.5373 -10 -7.5935 3.8464 -10
4 0 5.1808 3.5075 -10 4.9795 3.1305 -10 3.3731 4.65 -10 4.5 4.65 -10
4 0 5.1808 3.5075 -10 4.5 4.65 -10 4.7076 4.6871 -10 5.3548 3.898 -10
4 0 8.0261 3.5667 -10 8.5703 4.054 -10 8.8911 3.1774 -10 8.2308 2.9226 -10
4 0 8.0261 3.5667 -10 7.6944 4.1556 -10 8.0551 4.8323 -10 8.5703 4.054 -10
4 0 -6.0363 3.8727 -10 -5.8695 5.1024 -10 -5.7247 5.051 -10 -5.7681 3.4043 -10
4 0 -6.0363 3.8727 -10 -6.2676 4.3603 -10 -5.9698 5.2188 -10 -5.8695 5.1024 -10
4 0 5.5005 4.2998 -10 5.3548 3.898 -10 4.7076 4.6871 -10 4.8895 4.7936 -10
4 0 5.5005 4.2998 -10 4.8895 4.7936 -10 5.0234 4.9566 -10 5.6172 4.711 -10
4 0 -7.2174 4.4019 -10 -7.5935 3.8464 -10 -7.9784 4.5373 -10 -7.4617 5.2311 -10
4 0 -7.2174 4.4019 -10 -7.4617 5.2311 -10 -6.8875 5.8781 -10 -6.8027 4.9292 -10
4 0 -6.4606 4.8643 -10 -6.2403 5.775 -10 -5.9698 5.2188 -10 -6.2676 4.3603 -10
4 0 -6.4606 4.8643 -10 -6.5188 4.9509 -10 -6.3617 5.9213 -10 -6.2403 5.775 -10
4 0 2.7375 4.878 -10 3.0355 4.7087 -10 3.1405 2.8362 -10 2.82 3.4438 -10
4 0 2.7375 4.878 -10 2.82 3.4438 -10 2.4414 4.0171 -10 2.5142 5.1379 -10
4 0 -6.6127 4.9965 -10 -6.537 5.995 -10 -6.3617 5.9213 -10 -6.5188 4.9509 -10
4 0 -6.7168 4.9885 -10 -6.8027 4.9292 -10 -6.8875 5.8781 -10 -6.7266 5.9794 -10
4 0 -6.7168 4.9885 -10 -6.7266 5.9794 -10 -6.537 5.995 -10 -6.6127 4.9965 -10
4 0 5.7043 5.1294 -10 5.6172 4.711 -10 5.0234 4.9566 -10 5.0926 5.1558 -10
4 0 5.7043 5.1294 -10 5.0926 5.1558 -10 5.205 5.8628 -10 5.7532 5.2494 -10
4 0 -5.4554 5.1763 -10 -3.948 5.7193 -10 -3.987 5.3606 -10 -5.5734 5.078 -10
4 0 -5.4554 5.1763 -10 -5.0999 5.7023 -10 -3.8832 6.0742 -10 -3.948 5.7193 -10
4 0 5.8482 5.3375 -10 5.7532 5.2494 -10 5.205 5.8628 -10 5.2603 6.0113 -10
4 0 5.8482 5.3375 -10 5.2603 6.0113 -10 5.3667 6.1249 -10 5.4829 6.1825 -10
4 0 5.8482 5.3375 -10 5.4829 6.1825 -10 5.6667 6.1944 -10 5.9714 5.3774 -10
4 0 5.9714 5.3774 -10 5.6667 6.1944 -10 6.5626 5.9325 -10 6.1 5.3616 -10
4 0 2.3917 5.458 -10 2.5142 5.1379 -10 2.4414 4.0171 -10 2.0084 4.5505 -10
4 0 2.3917 5.458 -10 2.0084 4.5505 -10 1.5252 5.039 -10 1.6 5.9 -10
4 0 2.3917 5.458 -10 1.6 5.9 -10 1.4508 6.9432 -10 2.2216 6.454 -10
4 0 7.3735 5.4701 -10 8.0551 4.8323 -10 7.6944 4.1556 -10 7.2498 4.6646 -10
3 0 7.3735 5.4701 -10 7.2498 4.6646 -10 6.7108 5.0723 -10
4 0 7.3735 5.4701 -10 6.7108 5.0723 -10 6.1 5.3616 -10 6.5626 5.9325 -10
4 0 -1.4622 5.6662 -10 -1.7 5.2515 -10 -2.29 5.6282 -10 -2.0246 6.109 -10
4 0 -1.4622 5.6662 -10 -2.0246 6.109 -10 -1.8226 6.6197 -10 -1.2652 6.1018 -10
4 0 -4.769 6.244 -10 -3.7931 6.4236 -10 -3.8832 6.0742 -10 -5.0999 5.7023 -10
4 0 -4.769 6.244 -10 -4.4634 6.8005 -10 -3.6779 6.7655 -10 -3.7931 6.4236 -10
4 0 -1.1106 6.5542 -10 -1.2652 6.1018 -10 -1.8226 6.6197 -10 -1.6873 7.1519 -10
4 0 -1.1106 6.5542 -10 -1.6873 7.1519 -10 -1.621 7.6971 -10 -1 7.0194 -10
4 0 -.08 7.16 -10 1.6 5.9 -10 1.5252 5.039 -10 .9965 5.4777 -10
4 0 -.08 7.16 -10 .9965 5.4777 -10 -.5 6.6 -10 -.6948 7.7 -10
4 0 -4.1838 7.3704 -10 -3.5384 7.0982 -10 -3.6779 6.7655 -10 -4.4634 6.8005 -10
4 0 -4.1838 7.3704 -10 -2.9719 9.9916 -10 -2.5205 9.3 -10 -3.5384 7.0982 -10
4 0 1.3523 7.9924 -10 2.0994 7.457 -10 2.2216 6.454 -10 1.4508 6.9432 -10
4 0 1.3523 7.9924 -10 1.3048 9.0452 -10 2.011 8.8192 -10 2.0994 7.457 -10
4 0 -1.2191 8.3283 -10 -.6948 7.7 -10 -.5 6.6 -10 -1 7.0194 -10
4 0 -1.2191 8.3283 -10 -1 7.0194 -10 -1.621 7.6971 -10 -1.6405 9.0298 -10
4 0 -1.9488 9.7877 -10 -1.6405 9.0298 -10 -1.621 7.6971 -10 -1.9752 8.1997 -10
4 0 -1.9488 9.7877 -10 -1.9752 8.1997 -10 -2.2761 8.7358 -10 -2.5205 9.3 -10
4 0 -1.9488 9.7877 -10 -2.5205 9.3 -10 -2.9719 9.9916 -10 -2.8665 10.338 -10
3 0 -1.9488 9.7877 -10 -2.8665 10.338 -10 -2.859 10.7 -10
4 0 -1.9488 9.7877 -10 -2.859 10.7 -10 -2.8897 11.0494 -10 -2.1368 10.5842 -10
4 0 1.3083 10.099 -10 2.0111 10.1843 -10 2.011 8.8192 -10 1.3048 9.0452 -10
4 0 1.3083 10.099 -10 1.3628 11.1515 -10 2.0997 11.5464 -10 2.0111 10.1843 -10
4 0 -2.2 11.4 -10 -2.1368 10.5842 -10 -2.8897 11.0494 -10 -2.9 11.4 -10
4 0 -2.2 11.4 -10 -2.9 11.4 -10 -2.9 12.9 -10 -2.2 12.2 -10
4 0 1.4682 12.2 -10 2.2764 12.9 -10 2.0997 11.5464 -10 1.3628 11.1515 -10
4 0 1.4682 12.2 -10 -2.2 12.2 -10 -2.9 12.9 -10 2.2764 12.9 -10
0 // Yellow faces
4 14 3.4 2.2 -10 5.4 1.4 -10 -3.6 1.4 -10 -3.5698 1.8248 -10
4 14 3.4 2.2 -10 -3.5698 1.8248 -10 -3.4797 2.2411 -10 3.1405 2.8362 -10
4 14 2.82 3.4438 -10 3.1405 2.8362 -10 -3.4797 2.2411 -10 -3.3316 2.6403 -10
4 14 2.82 3.4438 -10 -3.3316 2.6403 -10 -3.1284 3.0146 -10 2.4414 4.0171 -10
4 14 2.0084 4.5505 -10 2.4414 4.0171 -10 -3.1284 3.0146 -10 -1.7 5.2515 -10
4 14 2.0084 4.5505 -10 -1.7 5.2515 -10 -1.4622 5.6662 -10 1.5252 5.039 -10
4 14 .9965 5.4777 -10 1.5252 5.039 -10 -1.4622 5.6662 -10 -1.2652 6.1018 -10
4 14 .9965 5.4777 -10 -1.2652 6.1018 -10 -1.1106 6.5542 -10 -.5 6.6 -10
3 14 -1 7.0194 -10 -.5 6.6 -10 -1.1106 6.5542 -10
0 // White faces
4 15 -8.471 2.0391 -10 -5.2904 1.5373 -10 -5.4 1.4 -10 -8.675 1.4 -10
4 15 -8.471 2.0391 -10 -8.2219 2.6619 -10 -5.1585 1.6533 -10 -5.2904 1.5373 -10
4 15 8.3 2.2504 -10 8.3 1.4 -10 6.3 1.4 -10 4.8368 2.3482 -10
4 15 8.3 2.2504 -10 4.8368 2.3482 -10 4.752 2.4312 -10 4.7059 2.5406 -10
4 15 8.3 2.2504 -10 4.7059 2.5406 -10 4.7059 2.6593 -10 4.7519 2.7687 -10
4 15 8.3 2.2504 -10 4.7519 2.7687 -10 4.9795 3.1305 -10 8.2308 2.9226 -10
4 15 -7.9289 3.2654 -10 -5.0083 1.7444 -10 -5.1585 1.6533 -10 -8.2219 2.6619 -10
4 15 -7.9289 3.2654 -10 -4.7563 1.8608 -10 -4.8444 1.8079 -10 -5.0083 1.7444 -10
4 15 -7.9289 3.2654 -10 -4.7073 2.0534 -10 -4.7062 1.9506 -10 -4.7563 1.8608 -10
4 15 -7.9289 3.2654 -10 -5.1277 2.5364 -10 -4.7592 2.1421 -10 -4.7073 2.0534 -10
4 15 -7.9289 3.2654 -10 -7.5935 3.8464 -10 -5.4646 2.958 -10 -5.1277 2.5364 -10
4 15 8.0261 3.5667 -10 8.2308 2.9226 -10 4.9795 3.1305 -10 5.1808 3.5075 -10
4 15 8.0261 3.5667 -10 5.1808 3.5075 -10 5.3548 3.898 -10 7.6944 4.1556 -10
4 15 -7.2174 4.4019 -10 -5.7681 3.4043 -10 -5.4646 2.958 -10 -7.5935 3.8464 -10
4 15 -7.2174 4.4019 -10 -6.8027 4.9292 -10 -6.0363 3.8727 -10 -5.7681 3.4043 -10
4 15 -6.2676 4.3603 -10 -6.0363 3.8727 -10 -6.8027 4.9292 -10 -6.7168 4.9885 -10
3 15 -6.2676 4.3603 -10 -6.7168 4.9885 -10 -6.6127 4.9965 -10
4 15 -6.2676 4.3603 -10 -6.6127 4.9965 -10 -6.5188 4.9509 -10 -6.4606 4.8643 -10
4 15 7.2498 4.6646 -10 7.6944 4.1556 -10 5.3548 3.898 -10 5.5005 4.2998 -10
4 15 7.2498 4.6646 -10 5.5005 4.2998 -10 5.6172 4.711 -10 6.7108 5.0723 -10
4 15 3.0355 4.7087 -10 4.7076 4.6871 -10 4.5 4.65 -10 3.3731 4.65 -10
4 15 3.0355 4.7087 -10 2.7375 4.878 -10 4.8895 4.7936 -10 4.7076 4.6871 -10
4 15 -4 5 -10 -3.9227 3.1993 -10 -3.9785 3.2365 -10 -4 3.3 -10
4 15 -4 5 -10 -3.8055 3.2479 -10 -3.8558 3.2037 -10 -3.9227 3.1993 -10
4 15 -4 5 -10 -3.987 5.3606 -10 -3.7627 3.3202 -10 -3.8055 3.2479 -10
4 15 2.5142 5.1379 -10 5.0234 4.9566 -10 4.8895 4.7936 -10 2.7375 4.878 -10
4 15 2.5142 5.1379 -10 2.3917 5.458 -10 5.0926 5.1558 -10 5.0234 4.9566 -10
4 15 6.1 5.3616 -10 6.7108 5.0723 -10 5.6172 4.711 -10 5.7043 5.1294 -10
3 15 6.1 5.3616 -10 5.7043 5.1294 -10 5.7532 5.2494 -10
4 15 6.1 5.3616 -10 5.7532 5.2494 -10 5.8482 5.3375 -10 5.9714 5.3774 -10
4 15 -5.0999 5.7023 -10 -5.4554 5.1763 -10 -5.5734 5.078 -10 -5.7247 5.051 -10
4 15 -5.0999 5.7023 -10 -5.7247 5.051 -10 -5.8695 5.1024 -10 -5.9698 5.2188 -10
4 15 -5.0999 5.7023 -10 -5.9698 5.2188 -10 -6.2403 5.775 -10 -4.769 6.244 -10
4 15 -3.948 5.7193 -10 -3.7184 3.3914 -10 -3.7627 3.3202 -10 -3.987 5.3606 -10
4 15 -3.948 5.7193 -10 -3.8832 6.0742 -10 -2.29 5.6282 -10 -3.7184 3.3914 -10
4 15 -3.7931 6.4236 -10 -2.0246 6.109 -10 -2.29 5.6282 -10 -3.8832 6.0742 -10
4 15 -3.7931 6.4236 -10 -3.6779 6.7655 -10 -1.8226 6.6197 -10 -2.0246 6.109 -10
4 15 2.2216 6.454 -10 5.205 5.8628 -10 5.0926 5.1558 -10 2.3917 5.458 -10
3 15 2.2216 6.454 -10 5.2603 6.0113 -10 5.205 5.8628 -10
3 15 2.2216 6.454 -10 5.3667 6.1249 -10 5.2603 6.0113 -10
4 15 2.2216 6.454 -10 2.0994 7.457 -10 5.4829 6.1825 -10 5.3667 6.1249 -10
4 15 -13.5828 6.8 -10 -9.4 1.4 -10 -11 1.4 -10 -12.8478 2.6346 -10
3 15 -13.5828 6.8 -10 -9.1471 2.2273 -10 -9.4 1.4 -10
3 15 -13.5828 6.8 -10 -8.8241 3.0298 -10 -9.1471 2.2273 -10
3 15 -13.5828 6.8 -10 -8.4336 3.8017 -10 -8.8241 3.0298 -10
3 15 -13.5828 6.8 -10 -7.9784 4.5373 -10 -8.4336 3.8017 -10
3 15 -13.5828 6.8 -10 -7.4617 5.2311 -10 -7.9784 4.5373 -10
3 15 -13.5828 6.8 -10 -6.8875 5.8781 -10 -7.4617 5.2311 -10
3 15 -13.5828 6.8 -10 -6.7266 5.9794 -10 -6.8875 5.8781 -10
4 15 -13.5828 6.8 -10 -4.1838 7.3704 -10 -6.537 5.995 -10 -6.7266 5.9794 -10
4 15 13.5828 6.8 -10 12.8478 2.6346 -10 11 1.4 -10 9 1.4 -10
3 15 13.5828 6.8 -10 9 1.4 -10 9 2.2504 -10
3 15 13.5828 6.8 -10 9 2.2504 -10 8.8911 3.1774 -10
3 15 13.5828 6.8 -10 8.8911 3.1774 -10 8.5703 4.054 -10
3 15 13.5828 6.8 -10 8.5703 4.054 -10 8.0551 4.8323 -10
3 15 13.5828 6.8 -10 8.0551 4.8323 -10 7.3735 5.4701 -10
3 15 13.5828 6.8 -10 7.3735 5.4701 -10 6.5626 5.9325 -10
3 15 13.5828 6.8 -10 6.5626 5.9325 -10 5.6667 6.1944 -10
4 15 13.5828 6.8 -10 5.6667 6.1944 -10 5.4829 6.1825 -10 2.0994 7.457 -10
4 15 -4.4634 6.8005 -10 -4.769 6.244 -10 -6.2403 5.775 -10 -6.3617 5.9213 -10
4 15 -4.4634 6.8005 -10 -6.3617 5.9213 -10 -6.537 5.995 -10 -4.1838 7.3704 -10
4 15 1.4508 6.9432 -10 1.6 5.9 -10 -.08 7.16 -10 -.6948 7.7 -10
4 15 1.4508 6.9432 -10 -.6948 7.7 -10 -1.2191 8.3283 -10 1.3523 7.9924 -10
4 15 -3.5384 7.0982 -10 -1.6873 7.1519 -10 -1.8226 6.6197 -10 -3.6779 6.7655 -10
4 15 -3.5384 7.0982 -10 -1.9752 8.1997 -10 -1.621 7.6971 -10 -1.6873 7.1519 -10
3 15 -3.5384 7.0982 -10 -2.2761 8.7358 -10 -1.9752 8.1997 -10
3 15 -3.5384 7.0982 -10 -2.5205 9.3 -10 -2.2761 8.7358 -10
4 15 1.3048 9.0452 -10 1.3523 7.9924 -10 -1.2191 8.3283 -10 -1.6405 9.0298 -10
4 15 1.3048 9.0452 -10 -1.6405 9.0298 -10 -1.3 9.6 -10 -.4 9.6 -10
3 15 1.3048 9.0452 -10 -.4 9.6 -10 .5 9.6 -10
4 15 1.3048 9.0452 -10 .5 9.6 -10 .5 10.5 -10 1.3083 10.099 -10
4 15 -1.3 10.5 -10 -1.3 9.6 -10 -1.6405 9.0298 -10 -1.9488 9.7877 -10
4 15 -1.3 10.5 -10 -1.9488 9.7877 -10 -2.1368 10.5842 -10 -2.2 11.4 -10
4 15 -1.3 10.5 -10 -2.2 11.4 -10 -2.2 12.2 -10 -1.3 11.4 -10
4 15 1.3628 11.1515 -10 1.3083 10.099 -10 .5 10.5 -10 .5 11.4 -10
3 15 1.4682 12.2 -10 1.3628 11.1515 -10 .5 11.4 -10
3 15 1.4682 12.2 -10 .5 11.4 -10 -.4 11.4 -10
4 15 1.4682 12.2 -10 -.4 11.4 -10 -1.3 11.4 -10 -2.2 12.2 -10
0 // Neutral faces
3 16 -12 0 -10 -14.345 2 -10 -13 1.4 -10
3 16 -12 0 -10 -13 1.4 -10 -11 1.4 -10
3 16 -12 0 -10 -11 1.4 -10 -9.4 1.4 -10
3 16 -12 0 -10 -9.4 1.4 -10 -8.675 1.4 -10
3 16 -12 0 -10 -8.675 1.4 -10 -5.4 1.4 -10
3 16 -12 0 -10 -5.4 1.4 -10 -3.6 1.4 -10
4 16 -12 0 -10 -3.6 1.4 -10 5.4 1.4 -10 12 0 -10
3 16 12 0 -10 5.4 1.4 -10 6.3 1.4 -10
3 16 12 0 -10 6.3 1.4 -10 8.3 1.4 -10
3 16 12 0 -10 8.3 1.4 -10 9 1.4 -10
3 16 12 0 -10 9 1.4 -10 11 1.4 -10
3 16 12 0 -10 11 1.4 -10 13 1.4 -10
3 16 12 0 -10 13 1.4 -10 14.345 2 -10
4 16 -14.345 2 -10 -13.5828 6.8 -10 -12.8478 2.6346 -10 -13 1.4 -10
4 16 -14.345 2 -10 -19 29 -10 -19 32 -10 -13.5828 6.8 -10
4 16 14.345 2 -10 13 1.4 -10 12.8478 2.6346 -10 13.5828 6.8 -10
4 16 14.345 2 -10 13.5828 6.8 -10 19 32 -10 19 29 -10
4 16 2.0994 7.457 -10 8.2 9.44 -10 11.476 9.44 -10 13.5828 6.8 -10
3 16 2.0994 7.457 -10 4.924 9.44 -10 8.2 9.44 -10
4 16 2.0994 7.457 -10 2.011 8.8192 -10 4.924 10.151 -10 4.924 9.44 -10
4 16 2.0111 10.1843 -10 4.924 10.376 -10 4.924 10.151 -10 2.011 8.8192 -10
4 16 2.0111 10.1843 -10 2.0997 11.5464 -10 4.924 10.616 -10 4.924 10.376 -10
4 16 2.2764 12.9 -10 4.924 10.883 -10 4.924 10.616 -10 2.0997 11.5464 -10
3 16 2.2764 12.9 -10 4.924 13.1 -10 4.924 10.883 -10
4 16 -19 32 -10 -2.9719 9.9916 -10 -4.1838 7.3704 -10 -13.5828 6.8 -10
4 16 -19 32 -10 -2.859 10.7 -10 -2.8665 10.338 -10 -2.9719 9.9916 -10
3 16 -19 32 -10 -2.8897 11.0494 -10 -2.859 10.7 -10
3 16 -19 32 -10 -2.9 11.4 -10 -2.8897 11.0494 -10
3 16 -19 32 -10 -2.9 12.9 -10 -2.9 11.4 -10
3 16 -19 32 -10 2.2764 12.9 -10 -2.9 12.9 -10
4 16 -19 32 -10 4.924 18.56 -10 4.924 13.1 -10 2.2764 12.9 -10
3 16 -19 32 -10 8.2 18.56 -10 4.924 18.56 -10
4 16 -19 32 -10 19 32 -10 11.476 18.56 -10 8.2 18.56 -10
4 16 19 32 -10 13.5828 6.8 -10 11.476 9.44 -10 11.476 10.151 -10
3 16 19 32 -10 11.476 10.151 -10 11.476 10.376 -10
3 16 19 32 -10 11.476 10.376 -10 11.476 10.616 -10
3 16 19 32 -10 11.476 10.616 -10 11.476 10.883 -10
3 16 19 32 -10 11.476 10.883 -10 11.476 13.1 -10
3 16 19 32 -10 11.476 13.1 -10 11.476 18.56 -10

0 // Logo subparts
4 0 .1395 9.063 10 .153 9.036 10 .171 9.0225 10 .18 9.045 10
4 0 -.081 9.063 10 -.108 9.0405 10 -.0945 9.027 10 -.0855 9.045 10
4 0 .1215 9.0855 10 .1395 9.063 10 .18 9.045 10 .1845 9.0765 10
4 0 -.0765 9.09 10 -.1215 9.054 10 -.108 9.0405 10 -.081 9.063 10
4 0 .1035 9.117 10 .1215 9.0855 10 .1845 9.0765 10 .1935 9.1125 10
4 0 -.0675 9.117 10 -.135 9.0675 10 -.1215 9.054 10 -.0765 9.09 10
4 0 -.0585 9.144 10 -.153 9.0855 10 -.135 9.0675 10 -.0675 9.117 10
4 0 .0765 9.1485 10 .1035 9.117 10 .1935 9.1125 10 .207 9.1395 10
4 0 -.0495 9.1665 10 -.171 9.1035 10 -.153 9.0855 10 -.0585 9.144 10
4 0 .0495 9.1845 10 .0765 9.1485 10 .207 9.1395 10 .225 9.162 10
4 0 -.0405 9.189 10 -.1935 9.1215 10 -.171 9.1035 10 -.0495 9.1665 10
4 0 .0315 9.216 10 .0495 9.1845 10 .225 9.162 10 .234 9.1755 10
4 0 -.036 9.2205 10 -.216 9.1395 10 -.1935 9.1215 10 -.0405 9.189 10
4 0 -.18 9.225 10 -.324 9.2205 10 -.297 9.1935 10 -.27 9.1755 10
3 0 -.18 9.225 10 -.3915 9.3015 10 -.36 9.261 10
3 0 -.18 9.225 10 -.4095 9.324 10 -.3915 9.3015 10
4 0 -.0405 9.2385 10 -.243 9.1575 10 -.216 9.1395 10 -.036 9.2205 10
4 0 -.0405 9.2385 10 -.18 9.225 10 -.27 9.1755 10 -.243 9.1575 10
4 0 .0225 9.243 10 .0315 9.216 10 .234 9.1755 10 .234 9.1935 10
3 0 .378 9.2565 10 .405 9.333 10 .3555 9.2565 10
3 0 .3555 9.2565 10 .405 9.333 10 .333 9.2565 10
3 0 .333 9.2565 10 .27 9.315 10 .3105 9.261 10
4 0 -.36 9.261 10 -.342 9.2385 10 -.324 9.2205 10 -.18 9.225 10
4 0 .018 9.2655 10 .0225 9.243 10 .234 9.1935 10 .2205 9.2115 10
3 0 .2475 9.2745 10 .27 9.315 10 .225 9.288 10
3 0 .1305 9.279 10 .063 9.3015 10 .027 9.297 10
4 0 -.0675 9.279 10 -.18 9.225 10 -.0405 9.2385 10 -.054 9.261 10
3 0 -.0675 9.279 10 -.072 9.297 10 -.18 9.225 10
4 0 .018 9.2835 10 .018 9.2655 10 .2205 9.2115 10 .1845 9.243 10
3 0 .225 9.288 10 .27 9.315 10 .207 9.297 10
4 12 .5445 9.297 10 .5445 9.2745 10 .558 9.2745 10 .558 9.288 10
3 0 .207 9.297 10 .27 9.315 10 .1845 9.306 10
4 0 .027 9.297 10 .018 9.2835 10 .1845 9.243 10 .1305 9.279 10
3 0 -.072 9.297 10 -.072 9.3105 10 -.18 9.225 10
4 12 .5265 9.3015 10 .531 9.2745 10 .5445 9.2745 10 .5445 9.297 10
4 12 .513 9.306 10 .513 9.2745 10 .531 9.2745 10 .5265 9.3015 10
4 12 .4905 9.315 10 .4905 9.27 10 .513 9.2745 10 .513 9.306 10
4 0 .27 9.315 10 .2475 9.2745 10 .279 9.2655 10 .3105 9.261 10
3 0 .162 9.315 10 0 9.5625 10 .126 9.333 10
4 12 .4635 9.3195 10 .4635 9.2655 10 .4905 9.27 10 .4905 9.315 10
4 12 .441 9.324 10 .4365 9.261 10 .4635 9.2655 10 .4635 9.3195 10
4 12 .4185 9.3285 10 .405 9.2565 10 .4365 9.261 10 .441 9.324 10
4 0 .405 9.333 10 .378 9.2565 10 .405 9.2565 10 .4185 9.3285 10
4 0 .4005 9.342 10 .27 9.315 10 .333 9.2565 10 .405 9.333 10
3 0 -.036 9.342 10 0 9.5625 10 -.063 9.3285 10
3 0 -.432 9.3465 10 -.36 10.125 10 -.5085 9.4995 10
3 0 .0675 9.3555 10 0 9.5625 10 .036 9.36 10
3 0 0 9.3555 10 0 9.5625 10 -.036 9.342 10
3 0 .4185 9.36 10 .324 9.405 10 .405 9.3555 10
3 0 .036 9.36 10 0 9.5625 10 0 9.3555 10
3 0 -.621 9.369 10 -.5625 9.4725 10 -.648 9.378 10
3 0 -.648 9.378 10 -.72 9.495 10 -.684 9.396 10
3 12 .693 9.3915 10 .7065 9.4185 10 .6885 9.4185 10
4 0 .324 9.405 10 .27 9.315 10 .4005 9.342 10 .405 9.3555 10
3 0 .324 9.405 10 .342 9.4635 10 .306 9.4635 10
4 12 .6165 9.4095 10 .5715 9.4095 10 .558 9.36 10 .594 9.36 10
4 12 .639 9.414 10 .6165 9.4095 10 .594 9.36 10 .639 9.369 10
4 12 .5355 9.414 10 .513 9.3645 10 .558 9.36 10 .5715 9.4095 10
4 12 .7065 9.4185 10 .693 9.3915 10 .711 9.4005 10 .7155 9.414 10
4 12 .6885 9.4185 10 .666 9.4185 10 .666 9.378 10 .693 9.3915 10
4 12 .666 9.4185 10 .639 9.414 10 .639 9.369 10 .666 9.378 10
4 12 .495 9.423 10 .4815 9.3645 10 .513 9.3645 10 .5355 9.414 10
4 12 .459 9.432 10 .4365 9.3645 10 .4815 9.3645 10 .495 9.423 10
3 0 -.7335 9.4365 10 -.72 9.495 10 -.756 9.459 10
4 12 .4275 9.441 10 .4185 9.36 10 .4365 9.3645 10 .459 9.432 10
4 0 .396 9.45 10 .324 9.405 10 .4185 9.36 10 .4275 9.441 10
3 0 -.756 9.459 10 -.72 9.495 10 -.7785 9.4815 10
4 0 .342 9.4635 10 .324 9.405 10 .396 9.45 10 .369 9.459 10
3 0 .306 9.4635 10 .2925 9.4725 10 .324 9.405 10
4 0 -.5625 9.4725 10 -.621 9.369 10 -.594 9.36 10 -.522 9.3465 10
4 0 -.531 9.477 10 -.5625 9.4725 10 -.522 9.3465 10 -.4815 9.3465 10
3 0 -.585 9.4815 10 -.603 9.495 10 -.72 9.495 10
4 0 -.5175 9.486 10 -.531 9.477 10 -.4815 9.3465 10 -.4545 9.3555 10
3 0 -.603 9.495 10 -.612 9.5085 10 -.72 9.495 10
4 0 -.72 9.495 10 -.648 9.378 10 -.5625 9.4725 10 -.585 9.4815 10
4 0 -.72 9.495 10 -.7335 9.4365 10 -.711 9.414 10 -.684 9.396 10
3 0 -.72 9.495 10 -.81 9.513 10 -.7785 9.4815 10
3 0 -.72 9.495 10 -.828 9.531 10 -.81 9.513 10
4 0 -.5085 9.4995 10 -.5175 9.486 10 -.4545 9.3555 10 -.432 9.3465 10
3 0 -.5085 9.4995 10 -.36 10.125 10 -.513 9.5085 10
3 0 -.612 9.5085 10 -.621 9.522 10 -.72 9.495 10
4 0 .2835 9.513 10 .27 9.513 10 .3015 9.486 10 .315 9.495 10
4 0 .324 9.5175 10 .306 9.5175 10 .333 9.4995 10 .3465 9.513 10
4 0 .306 9.5175 10 .2835 9.513 10 .315 9.495 10 .333 9.4995 10
3 0 .2565 9.522 10 0 9.5625 10 .27 9.513 10
3 0 -.621 9.522 10 -.63 9.5355 10 -.72 9.495 10
3 0 .243 9.5355 10 0 9.5625 10 .2565 9.522 10
3 0 .252 9.549 10 0 9.5625 10 .243 9.5355 10
3 0 .252 9.549 10 .288 9.567 10 0 9.5625 10
3 0 -.855 9.549 10 -.81 9.765 10 -.9675 9.747 10
4 0 0 9.5625 10 -.18 9.225 10 -.072 9.3105 10 -.063 9.3285 10
4 0 0 9.5625 10 .27 9.315 10 .324 9.405 10 .2925 9.4725 10
4 0 0 9.5625 10 .162 9.315 10 .1845 9.306 10 .27 9.315 10
4 0 0 9.5625 10 .0675 9.3555 10 .09 9.3465 10 .126 9.333 10
4 0 0 9.5625 10 .2925 9.4725 10 .3015 9.486 10 .27 9.513 10
3 0 0 9.5625 10 .0855 9.6885 10 .0675 9.6885 10
3 0 .3285 9.576 10 .333 9.72 10 .288 9.567 10
4 0 -1.2105 9.6615 10 -1.242 9.6615 10 -1.2105 9.5535 10 -1.1745 9.558 10
4 0 -1.242 9.6615 10 -1.2735 9.6615 10 -1.251 9.558 10 -1.2105 9.5535 10
4 0 -1.188 9.666 10 -1.2105 9.6615 10 -1.1745 9.558 10 -1.134 9.5625 10
3 0 -1.251 9.558 10 -1.2915 9.666 10 -1.3095 9.675 10
3 0 -1.251 9.558 10 -1.2735 9.6615 10 -1.2915 9.666 10
4 0 -1.1475 9.675 10 -1.188 9.666 10 -1.134 9.5625 10 -1.089 9.5625 10
3 12 -1.3275 9.684 10 -1.287 9.576 10 -1.251 9.558 10
3 0 -1.251 9.558 10 -1.3095 9.675 10 -1.3275 9.684 10
3 12 -1.3275 9.684 10 -1.35 9.6165 10 -1.3185 9.594 10
3 12 -1.3275 9.684 10 -1.3185 9.594 10 -1.287 9.576 10
4 0 .1035 9.6885 10 .0855 9.6885 10 0 9.5625 10 .288 9.567 10
3 0 .0675 9.6885 10 .0495 9.693 10 0 9.5625 10
4 0 -.63 9.6885 10 -.6615 9.684 10 -.594 9.5445 10 -.576 9.54 10
4 0 -1.1115 9.6885 10 -1.1475 9.675 10 -1.089 9.5625 10 -1.044 9.5625 10
4 12 -1.35 9.6885 10 -1.3725 9.6435 10 -1.35 9.6165 10 -1.3275 9.684 10
4 12 -1.35 9.6885 10 -1.368 9.6885 10 -1.3815 9.666 10 -1.3725 9.6435 10
3 0 .0495 9.693 10 .027 9.702 10 0 9.5625 10
4 0 -.684 9.693 10 -.621 9.5445 10 -.594 9.5445 10 -.6615 9.684 10
4 0 -.6165 9.6975 10 -.63 9.6885 10 -.576 9.54 10 -.5535 9.531 10
3 0 .027 9.702 10 .009 9.7155 10 0 9.5625 10
4 0 -.702 9.7065 10 -.63 9.5355 10 -.621 9.5445 10 -.684 9.693 10
4 0 -1.0575 9.7065 10 -1.1115 9.6885 10 -1.044 9.5625 10 -1.008 9.5625 10
4 0 -.6075 9.711 10 -.6165 9.6975 10 -.5535 9.531 10 -.531 9.522 10
3 0 .009 9.7155 10 -.009 9.7335 10 0 9.5625 10
4 0 .333 9.72 10 .3285 9.576 10 .378 9.594 10 .4185 9.612 10
4 0 .333 9.72 10 .117 9.702 10 .1035 9.6885 10 .288 9.567 10
3 0 .333 9.72 10 .225 9.801 10 .198 9.783 10
3 0 .333 9.72 10 .243 9.819 10 .225 9.801 10
3 0 .333 9.72 10 .252 9.8325 10 .243 9.819 10
3 0 .333 9.72 10 .2565 9.846 10 .252 9.8325 10
4 0 -.711 9.72 10 -.72 9.495 10 -.63 9.5355 10 -.702 9.7065 10
4 0 -1.017 9.72 10 -1.0575 9.7065 10 -1.008 9.5625 10 -.954 9.5625 10
4 0 -.999 9.729 10 -1.017 9.72 10 -.954 9.5625 10 -.918 9.558 10
4 0 .423 9.738 10 .333 9.72 10 .4185 9.612 10 .468 9.639 10
3 0 .423 9.738 10 .4185 9.7515 10 .333 9.72 10
4 0 -.981 9.738 10 -.999 9.729 10 -.918 9.558 10 -.8775 9.5535 10
4 0 .432 9.7425 10 .423 9.738 10 .468 9.639 10 .495 9.6525 10
3 0 -.729 9.747 10 -.81 9.765 10 -.72 9.7335 10
4 0 -.9675 9.747 10 -.981 9.738 10 -.8775 9.5535 10 -.855 9.549 10
4 0 .4455 9.7515 10 .432 9.7425 10 .495 9.6525 10 .513 9.666 10
3 0 -.018 9.756 10 -.36 10.125 10 -.009 9.7335 10
3 0 -.972 9.7605 10 -.9855 10.008 10 -.9945 9.765 10
4 0 .4635 9.765 10 .4455 9.7515 10 .513 9.666 10 .54 9.684 10
4 0 -.81 9.765 10 -.72 9.495 10 -.711 9.72 10 -.72 9.7335 10
4 0 -.81 9.765 10 -.855 9.549 10 -.828 9.531 10 -.72 9.495 10
3 0 -.81 9.765 10 -.783 9.9405 10 -.801 9.9405 10
4 0 .171 9.7695 10 .135 9.765 10 .081 9.7155 10 .0945 9.7155 10
4 0 .1035 9.7695 10 .0675 9.72 10 .081 9.7155 10 .135 9.765 10
3 0 -.0225 9.7695 10 -.36 10.125 10 -.018 9.756 10
4 0 .4815 9.7785 10 .4635 9.765 10 .54 9.684 10 .5625 9.702 10
4 0 .081 9.7785 10 .054 9.7245 10 .0675 9.72 10 .1035 9.7695 10
3 0 -.018 9.7785 10 -.36 10.125 10 -.0225 9.7695 10
4 0 .198 9.783 10 .108 9.7155 10 .117 9.702 10 .333 9.72 10
4 0 .198 9.783 10 .171 9.7695 10 .0945 9.7155 10 .108 9.7155 10
4 0 .063 9.792 10 .036 9.7335 10 .054 9.7245 10 .081 9.7785 10
4 0 .5085 9.7965 10 .4815 9.7785 10 .5625 9.702 10 .5985 9.7245 10
3 0 .4455 9.7965 10 .333 10.116 10 .4275 9.7695 10
4 0 .0495 9.81 10 .0225 9.7425 10 .036 9.7335 10 .063 9.792 10
4 0 .5355 9.8145 10 .5085 9.7965 10 .5985 9.7245 10 .648 9.747 10
3 0 .468 9.8235 10 .333 10.116 10 .4455 9.7965 10
4 0 .036 9.8325 10 .009 9.756 10 .0225 9.7425 10 .0495 9.81 10
4 0 .576 9.837 10 .5355 9.8145 10 .648 9.747 10 .684 9.765 10
3 0 .495 9.8505 10 .333 10.116 10 .468 9.8235 10
4 0 .027 9.8505 10 0 9.765 10 .009 9.756 10 .036 9.8325 10
4 0 .6075 9.855 10 .576 9.837 10 .684 9.765 10 .7245 9.783 10
3 0 .1935 9.8595 10 .333 10.116 10 .1755 9.8595 10
3 0 .1755 9.8595 10 .333 10.116 10 .162 9.8595 10
4 0 .6435 9.8685 10 .6075 9.855 10 .7245 9.783 10 .765 9.801 10
3 0 .252 9.8685 10 .333 10.116 10 .234 9.8685 10
3 0 .234 9.8685 10 .333 10.116 10 .2205 9.864 10
3 0 .5265 9.873 10 .333 10.116 10 .495 9.8505 10
4 0 .018 9.873 10 -.009 9.774 10 0 9.765 10 .027 9.8505 10
4 0 .675 9.882 10 .6435 9.8685 10 .765 9.801 10 .8145 9.819 10
4 0 .0135 9.8955 10 -.018 9.7785 10 -.009 9.774 10 .018 9.873 10
4 0 .72 9.9 10 .675 9.882 10 .8145 9.819 10 .864 9.837 10
3 0 .099 9.9045 10 .333 10.116 10 .0855 9.918 10
4 0 .7515 9.909 10 .72 9.9 10 .864 9.837 10 .918 9.8595 10
4 0 .774 9.918 10 .7515 9.909 10 .918 9.8595 10 .954 9.873 10
3 0 .0855 9.918 10 .333 10.116 10 .0765 9.927 10
3 0 1.197 9.9225 10 .72 10.035 10 .819 9.945 10
4 0 .792 9.9225 10 .774 9.918 10 .954 9.873 10 .999 9.8865 10
4 0 .8145 9.927 10 .792 9.9225 10 .999 9.8865 10 1.0395 9.8955 10
3 0 .0765 9.927 10 .333 10.116 10 .063 9.936 10
3 0 .6705 9.9315 10 .72 10.035 10 .639 9.9225 10
4 0 -.657 9.9315 10 -.6705 9.9315 10 -.693 9.756 10 -.675 9.7515 10
4 0 -.6705 9.9315 10 -.6795 9.9315 10 -.72 9.756 10 -.693 9.756 10
4 0 .828 9.936 10 .8145 9.927 10 1.0395 9.8955 10 1.143 9.9045 10
3 0 .063 9.936 10 .333 10.116 10 .045 9.9405 10
4 0 -.648 9.936 10 -.657 9.9315 10 -.675 9.7515 10 -.6525 9.7425 10
4 0 -.693 9.936 10 -.729 9.747 10 -.72 9.756 10 -.6795 9.9315 10
3 0 -.693 9.936 10 -.711 9.9405 10 -.729 9.747 10
3 0 .7065 9.9405 10 .72 10.035 10 .6705 9.9315 10
3 0 .027 9.9405 10 -.36 10.125 10 .018 9.9225 10
4 0 -.7515 9.9405 10 -.783 9.9405 10 -.81 9.765 10 -.729 9.747 10
3 0 1.2375 9.945 10 1.1835 10.152 10 1.197 9.9225 10
4 0 .819 9.945 10 .828 9.936 10 1.143 9.9045 10 1.197 9.9225 10
3 0 .819 9.945 10 .72 10.035 10 .801 9.945 10
3 0 .801 9.945 10 .72 10.035 10 .7785 9.945 10
3 0 .7785 9.945 10 .72 10.035 10 .747 9.945 10
3 0 .747 9.945 10 .72 10.035 10 .7065 9.9405 10
4 0 -.729 9.945 10 -.7515 9.9405 10 -.729 9.747 10 -.711 9.9405 10
4 0 -.8235 9.945 10 -.846 9.945 10 -.81 9.765 10 -.801 9.9405 10
3 0 -.846 9.945 10 -.8685 9.9495 10 -.81 9.765 10
3 0 -.8685 9.9495 10 -.882 9.954 10 -.81 9.765 10
4 0 -.639 9.9585 10 -.648 9.936 10 -.6525 9.7425 10 -.63 9.7335 10
3 0 -.891 9.9765 10 -.9855 10.035 10 -.981 10.017 10
4 0 -.63 9.981 10 -.639 9.9585 10 -.63 9.7335 10 -.612 9.72 10
3 0 -.63 9.981 10 -.36 10.125 10 -.63 10.0215 10
4 0 -.999 9.999 10 -1.035 9.999 10 -1.071 9.783 10 -1.026 9.774 10
4 0 -.9855 10.008 10 -.972 9.7605 10 -.9675 9.747 10 -.81 9.765 10
4 0 -.9855 10.008 10 -.81 9.765 10 -.882 9.954 10 -.891 9.963 10
4 0 -.9855 10.008 10 -.999 9.999 10 -1.026 9.774 10 -.9945 9.765 10
4 0 -1.08 10.0125 10 -1.1205 9.801 10 -1.071 9.783 10 -1.035 9.999 10
4 0 -.981 10.017 10 -.9855 10.008 10 -.891 9.963 10 -.891 9.9765 10
4 0 -1.1295 10.026 10 -1.1655 9.819 10 -1.1205 9.801 10 -1.08 10.0125 10
4 0 .72 10.035 10 .558 9.891 10 .594 9.9045 10 .639 9.9225 10
3 0 .72 10.035 10 .873 10.278 10 .855 10.2735 10
3 0 .72 10.035 10 .8865 10.287 10 .873 10.278 10
4 0 -1.1925 10.044 10 -1.2105 9.8415 10 -1.1655 9.819 10 -1.1295 10.026 10
3 0 -.9945 10.0485 10 -.8595 10.2375 10 -1.0125 10.062 10
3 0 -1.0125 10.062 10 -.8595 10.2375 10 -1.0395 10.0755 10
4 0 -1.2465 10.062 10 -1.26 9.873 10 -1.2105 9.8415 10 -1.1925 10.044 10
4 0 -1.3095 10.0845 10 -1.3005 9.9 10 -1.26 9.873 10 -1.2465 10.062 10
4 12 -1.539 10.0845 10 -1.5615 10.0845 10 -1.566 9.981 10 -1.539 9.9675 10
4 12 -1.5165 10.089 10 -1.539 10.0845 10 -1.539 9.9675 10 -1.512 9.9585 10
4 12 -1.5885 10.089 10 -1.602 9.999 10 -1.566 9.981 10 -1.5615 10.0845 10
4 0 -1.35 10.0935 10 -1.341 9.927 10 -1.3005 9.9 10 -1.3095 10.0845 10
4 12 -1.494 10.0935 10 -1.5165 10.089 10 -1.512 9.9585 10 -1.485 9.954 10
4 0 -1.386 10.098 10 -1.377 9.945 10 -1.341 9.927 10 -1.35 10.0935 10
4 0 -1.386 10.098 10 -1.422 10.098 10 -1.404 9.954 10 -1.377 9.945 10
4 0 -1.422 10.098 10 -1.4625 10.098 10 -1.449 9.954 10 -1.404 9.954 10
4 0 -1.4625 10.098 10 -1.494 10.0935 10 -1.485 9.954 10 -1.449 9.954 10
4 12 -1.62 10.098 10 -1.629 10.017 10 -1.602 9.999 10 -1.5885 10.089 10
4 0 .333 10.116 10 .333 9.72 10 .4185 9.7515 10 .4275 9.7695 10
4 0 .333 10.116 10 .1935 9.8595 10 .207 9.8595 10 .2205 9.864 10
4 0 .333 10.116 10 .252 9.8685 10 .2565 9.846 10 .333 9.72 10
4 0 .333 10.116 10 .1395 9.8685 10 .1485 9.864 10 .162 9.8595 10
4 0 .333 10.116 10 .5265 9.873 10 .558 9.891 10 .72 10.035 10
4 0 .333 10.116 10 .1215 9.882 10 .1305 9.873 10 .1395 9.8685 10
4 0 .333 10.116 10 .099 9.9045 10 .108 9.891 10 .1215 9.882 10
3 0 .333 10.116 10 -.0045 10.215 10 -.018 10.206 10
3 0 .333 10.116 10 .009 10.2285 10 -.0045 10.215 10
3 0 .333 10.116 10 .054 10.2645 10 .036 10.251 10
3 0 .333 10.116 10 .072 10.278 10 .054 10.2645 10
3 0 .333 10.116 10 .171 10.3455 10 .1485 10.332 10
3 0 .333 10.116 10 .2475 10.3815 10 .2205 10.368 10
3 0 .333 10.116 10 .2655 10.3905 10 .2475 10.3815 10
3 0 .333 10.116 10 .27 10.4085 10 .2655 10.3905 10
4 12 -1.6515 10.116 10 -1.656 10.035 10 -1.629 10.017 10 -1.62 10.098 10
4 0 1.26 10.1205 10 1.2375 10.116 10 1.314 10.026 10 1.3365 10.0575 10
4 0 1.215 10.125 10 1.2915 9.9945 10 1.314 10.026 10 1.2375 10.116 10
4 0 -.36 10.125 10 -.18 9.225 10 0 9.5625 10 -.009 9.7335 10
4 0 -.36 10.125 10 -.432 9.3465 10 -.4095 9.324 10 -.18 9.225 10
4 0 -.36 10.125 10 -.6075 9.711 10 -.531 9.522 10 -.513 9.5085 10
4 0 -.36 10.125 10 -.018 9.7785 10 .0135 9.8955 10 .018 9.9225 10
4 0 -.36 10.125 10 .027 9.9405 10 .045 9.9405 10 .333 10.116 10
4 0 -.36 10.125 10 -.63 9.981 10 -.612 9.72 10 -.6075 9.711 10
4 0 -.36 10.125 10 -.648 10.035 10 -.639 10.026 10 -.63 10.0215 10
3 0 -.36 10.125 10 -.261 10.44 10 -.2655 10.44 10
4 12 -1.6785 10.1295 10 -1.683 10.053 10 -1.656 10.035 10 -1.6515 10.116 10
4 0 1.2825 10.134 10 1.26 10.1205 10 1.3365 10.0575 10 1.3545 10.089 10
4 0 1.197 10.1385 10 1.269 9.972 10 1.2915 9.9945 10 1.215 10.125 10
4 12 -1.7055 10.143 10 -1.71 10.0755 10 -1.683 10.053 10 -1.6785 10.1295 10
4 0 1.296 10.152 10 1.2825 10.134 10 1.3545 10.089 10 1.377 10.125 10
4 0 1.1835 10.152 10 1.2375 9.945 10 1.269 9.972 10 1.197 10.1385 10
4 12 -1.7325 10.1565 10 -1.7325 10.0935 10 -1.71 10.0755 10 -1.7055 10.143 10
4 0 -.765 10.1655 10 -.7965 10.1655 10 -.747 9.999 10 -.7245 10.008 10
4 0 -.7965 10.1655 10 -.81 9.9765 10 -.792 9.981 10 -.7785 9.9855 10
4 0 -.7965 10.1655 10 -.7785 9.9855 10 -.765 9.99 10 -.747 9.999 10
4 12 -1.755 10.1655 10 -1.7505 10.107 10 -1.7325 10.0935 10 -1.7325 10.1565 10
4 0 -.747 10.17 10 -.765 10.1655 10 -.7245 10.008 10 -.702 10.017 10
4 12 -1.773 10.17 10 -1.773 10.1205 10 -1.7505 10.107 10 -1.755 10.1655 10
4 0 -.8145 10.1745 10 -.828 9.9765 10 -.81 9.9765 10 -.7965 10.1655 10
3 0 -1.206 10.1745 10 -1.1565 10.341 10 -1.1655 10.3365 10
4 12 -1.7955 10.1745 10 -1.791 10.134 10 -1.773 10.1205 10 -1.773 10.17 10
4 12 -1.7955 10.1745 10 -1.809 10.1745 10 -1.8045 10.1475 10 -1.791 10.134 10
4 12 -1.809 10.1745 10 -1.818 10.17 10 -1.818 10.161 10 -1.8045 10.1475 10
4 0 1.314 10.179 10 1.296 10.152 10 1.377 10.125 10 1.3905 10.152 10
4 0 -.729 10.179 10 -.747 10.17 10 -.702 10.017 10 -.684 10.026 10
4 0 -.8325 10.188 10 -.846 9.981 10 -.828 9.9765 10 -.8145 10.1745 10
3 0 1.1835 10.1925 10 1.0575 10.3365 10 1.179 10.17 10
4 0 -.7245 10.2015 10 -.666 10.035 10 -.648 10.035 10 -.36 10.125 10
4 0 -.7245 10.2015 10 -.729 10.179 10 -.684 10.026 10 -.666 10.035 10
4 0 1.323 10.206 10 1.314 10.179 10 1.3905 10.152 10 1.4085 10.1925 10
4 0 -.018 10.206 10 -.027 10.206 10 -.36 10.125 10 .333 10.116 10
3 0 -.027 10.206 10 -.135 10.404 10 -.1485 10.395 10
4 0 -.846 10.206 10 -.864 9.981 10 -.846 9.981 10 -.8325 10.188 10
3 0 -.756 10.215 10 -.7695 10.341 10 -.8055 10.341 10
4 0 -.855 10.2195 10 -.882 9.981 10 -.864 9.981 10 -.846 10.206 10
4 0 1.4175 10.2285 10 1.3275 10.2285 10 1.323 10.206 10 1.4085 10.1925 10
4 0 -.8595 10.2375 10 -.891 9.9765 10 -.882 9.981 10 -.855 10.2195 10
4 0 -.8595 10.2375 10 -.9945 10.0485 10 -.9855 10.035 10 -.891 9.9765 10
4 0 -.8595 10.2375 10 -1.125 10.116 10 -1.0845 10.0935 10 -1.0395 10.0755 10
4 0 -.8595 10.2375 10 -1.206 10.1745 10 -1.1655 10.1385 10 -1.125 10.116 10
4 0 .036 10.251 10 .018 10.2375 10 .009 10.2285 10 .333 10.116 10
3 0 1.2915 10.2645 10 1.3095 10.413 10 1.2825 10.2555 10
3 0 1.3005 10.2735 10 1.3095 10.413 10 1.2915 10.2645 10
3 0 .855 10.2735 10 .8415 10.278 10 .72 10.035 10
3 0 1.3095 10.278 10 1.3095 10.413 10 1.3005 10.2735 10
3 0 .8865 10.287 10 1.0575 10.3365 10 .8955 10.3005 10
4 0 .8325 10.287 10 .333 10.116 10 .72 10.035 10 .8415 10.278 10
3 0 .8325 10.287 10 .8325 10.296 10 .333 10.116 10
4 0 1.422 10.296 10 1.3275 10.2285 10 1.4175 10.2285 10 1.422 10.26 10
3 0 .8955 10.3005 10 1.0575 10.3365 10 .9 10.323 10
4 0 .1125 10.3095 10 .0945 10.296 10 .072 10.278 10 .333 10.116 10
4 0 1.4175 10.3275 10 1.332 10.251 10 1.3275 10.2285 10 1.422 10.296 10
4 0 .1485 10.332 10 .126 10.3185 10 .1125 10.3095 10 .333 10.116 10
4 0 1.0575 10.3365 10 1.197 9.9225 10 1.1835 10.152 10 1.179 10.17 10
4 0 1.0575 10.3365 10 .8865 10.287 10 .72 10.035 10 1.197 9.9225 10
3 0 -.2025 10.3365 10 -.2115 10.341 10 -.36 10.125 10
4 0 -.198 10.341 10 -.2025 10.3365 10 -.36 10.125 10 -.027 10.206 10
4 0 -1.1835 10.341 10 -1.242 10.2105 10 -1.206 10.1745 10 -1.1655 10.3365 10
4 0 1.0755 10.3455 10 1.0575 10.3365 10 1.1835 10.1925 10 1.188 10.197 10
4 0 1.0215 10.35 10 .8955 10.3365 10 .9 10.323 10 1.0575 10.3365 10
4 0 -.747 10.35 10 -.7695 10.341 10 -.756 10.215 10 -.738 10.206 10
4 0 -.8235 10.35 10 -.774 10.224 10 -.756 10.215 10 -.8055 10.341 10
4 0 1.413 10.3545 10 1.3275 10.2645 10 1.332 10.251 10 1.4175 10.3275 10
4 0 1.1025 10.3545 10 1.0755 10.3455 10 1.188 10.197 10 1.197 10.2015 10
4 0 -.189 10.3545 10 -.1935 10.35 10 -.198 10.341 10 -.027 10.206 10
4 0 -1.152 10.3545 10 -1.1565 10.341 10 -1.206 10.1745 10 -.8595 10.2375 10
4 0 -1.2015 10.3545 10 -1.26 10.242 10 -1.242 10.2105 10 -1.1835 10.341 10
4 0 -.7335 10.3635 10 -.747 10.35 10 -.738 10.206 10 -.7245 10.2015 10
4 0 -.837 10.3635 10 -.7965 10.2285 10 -.774 10.224 10 -.8235 10.35 10
4 0 1.134 10.368 10 1.1025 10.3545 10 1.197 10.2015 10 1.215 10.206 10
4 0 .2205 10.368 10 .198 10.359 10 .171 10.3455 10 .333 10.116 10
4 0 1.1655 10.377 10 1.134 10.368 10 1.215 10.206 10 1.2285 10.215 10
4 0 1.017 10.377 10 .8775 10.341 10 .8955 10.3365 10 1.0215 10.35 10
4 0 -.171 10.377 10 -.1845 10.3635 10 -.189 10.3545 10 -.027 10.206 10
4 0 -.7335 10.3815 10 -.7335 10.3635 10 -.7245 10.2015 10 -.36 10.125 10
4 0 -.855 10.3815 10 -.8145 10.233 10 -.7965 10.2285 10 -.837 10.3635 10
4 0 -1.2285 10.3815 10 -1.2825 10.2645 10 -1.26 10.242 10 -1.2015 10.3545 10
4 0 1.2195 10.3905 10 1.1655 10.377 10 1.2285 10.215 10 1.251 10.2285 10
4 0 -.1485 10.395 10 -.162 10.386 10 -.171 10.377 10 -.027 10.206 10
4 0 -.864 10.395 10 -.837 10.2375 10 -.8145 10.233 10 -.855 10.3815 10
4 0 -1.251 10.3995 10 -1.305 10.2825 10 -1.2825 10.2645 10 -1.2285 10.3815 10
4 0 1.26 10.404 10 1.2195 10.3905 10 1.251 10.2285 10 1.269 10.242 10
4 0 1.386 10.4085 10 1.3275 10.2645 10 1.413 10.3545 10 1.404 10.3815 10
4 0 1.3095 10.413 10 1.26 10.404 10 1.269 10.242 10 1.2825 10.2555 10
4 0 -.1215 10.413 10 -.135 10.404 10 -.027 10.206 10 -.027 10.215 10
4 0 1.3635 10.4175 10 1.323 10.2735 10 1.3275 10.2645 10 1.386 10.4085 10
4 0 1.3635 10.4175 10 1.3095 10.413 10 1.3095 10.278 10 1.323 10.2735 10
4 0 -.873 10.4175 10 -.8595 10.2375 10 -.837 10.2375 10 -.864 10.395 10
3 0 -.873 10.4175 10 -1.0125 10.548 10 -1.035 10.5435 10
3 0 -.873 10.4175 10 -.9945 10.5525 10 -1.0125 10.548 10
4 0 -.108 10.422 10 -.1215 10.413 10 -.027 10.215 10 -.0225 10.224 10
4 0 -1.2825 10.422 10 -1.3275 10.296 10 -1.305 10.2825 10 -1.251 10.3995 10
4 0 -1.5435 10.431 10 -1.575 10.4265 10 -1.5615 10.341 10 -1.5255 10.332 10
4 12 -1.6065 10.431 10 -1.602 10.3545 10 -1.5615 10.341 10 -1.575 10.4265 10
4 0 -.09 10.4355 10 -.108 10.422 10 -.0225 10.224 10 -.0135 10.2375 10
4 0 -1.3095 10.4355 10 -1.35 10.305 10 -1.3275 10.296 10 -1.2825 10.422 10
3 0 -.2655 10.44 10 -.27 10.449 10 -.36 10.125 10
4 0 -1.5075 10.44 10 -1.5435 10.431 10 -1.5255 10.332 10 -1.494 10.323 10
4 12 -1.6335 10.44 10 -1.638 10.368 10 -1.602 10.3545 10 -1.6065 10.431 10
4 0 -.0675 10.4445 10 -.09 10.4355 10 -.0135 10.2375 10 0 10.2555 10
4 0 -.252 10.4445 10 -.261 10.44 10 -.36 10.125 10 -.2115 10.341 10
4 0 -1.332 10.4445 10 -1.368 10.3095 10 -1.35 10.305 10 -1.3095 10.4355 10
4 0 -1.368 10.449 10 -1.3905 10.314 10 -1.368 10.3095 10 -1.332 10.4445 10
4 0 -1.467 10.449 10 -1.5075 10.44 10 -1.494 10.323 10 -1.458 10.3185 10
4 12 -1.665 10.449 10 -1.6695 10.386 10 -1.638 10.368 10 -1.6335 10.44 10
4 0 -.0495 10.4535 10 -.0675 10.4445 10 0 10.2555 10 .018 10.278 10
4 0 -.243 10.4535 10 -.252 10.4445 10 -.2115 10.341 10 -.2115 10.3545 10
4 0 -1.422 10.4535 10 -1.422 10.314 10 -1.3905 10.314 10 -1.368 10.449 10
4 0 -1.422 10.4535 10 -1.467 10.449 10 -1.458 10.3185 10 -1.422 10.314 10
4 0 -.0405 10.458 10 -.0495 10.4535 10 .018 10.278 10 .036 10.3005 10
4 12 -1.683 10.458 10 -1.6965 10.404 10 -1.6695 10.386 10 -1.665 10.449 10
4 0 -.036 10.4625 10 -.0405 10.458 10 .036 10.3005 10 .0585 10.3275 10
4 0 -.2295 10.4625 10 -.243 10.4535 10 -.2115 10.3545 10 -.207 10.368 10
4 0 -.2205 10.467 10 -.2295 10.4625 10 -.207 10.368 10 -.2025 10.386 10
4 12 -1.701 10.467 10 -1.7145 10.4175 10 -1.6965 10.404 10 -1.683 10.458 10
4 0 -.207 10.476 10 -.2205 10.467 10 -.2025 10.386 10 -.1935 10.404 10
4 0 .873 10.4805 10 .828 10.4805 10 .8505 10.3275 10 .864 10.3365 10
4 0 .918 10.485 10 .873 10.4805 10 .864 10.3365 10 .8775 10.341 10
4 0 .7605 10.485 10 .837 10.3095 10 .8505 10.3275 10 .828 10.4805 10
4 0 -.189 10.485 10 -.207 10.476 10 -.1935 10.404 10 -.18 10.4175 10
4 12 -1.7235 10.485 10 -1.7325 10.431 10 -1.7145 10.4175 10 -1.701 10.467 10
4 0 -.1755 10.4895 10 -.189 10.485 10 -.18 10.4175 10 -.1575 10.431 10
4 0 .7065 10.494 10 .8325 10.296 10 .837 10.3095 10 .7605 10.485 10
4 0 -.1665 10.494 10 -.1755 10.4895 10 -.1575 10.431 10 -.135 10.4445 10
3 0 -.252 10.494 10 -.36 11.025 10 -.261 10.4715 10
4 0 -.1485 10.4985 10 -.1665 10.494 10 -.135 10.4445 10 -.117 10.449 10
4 12 -1.737 10.4985 10 -1.746 10.4445 10 -1.7325 10.431 10 -1.7235 10.485 10
4 0 .963 10.503 10 .918 10.485 10 .8775 10.341 10 1.017 10.377 10
4 0 .648 10.503 10 .333 10.116 10 .8325 10.296 10 .7065 10.494 10
3 0 .648 10.503 10 .585 10.5165 10 .333 10.116 10
4 0 -.1215 10.5075 10 -.1485 10.4985 10 -.117 10.449 10 -.0945 10.458 10
3 0 -.243 10.512 10 -.36 11.025 10 -.252 10.494 10
4 12 -1.7505 10.512 10 -1.773 10.467 10 -1.746 10.4445 10 -1.737 10.4985 10
4 0 .9945 10.5165 10 .963 10.503 10 1.017 10.377 10 1.026 10.3905 10
3 0 .585 10.5165 10 .522 10.5345 10 .333 10.116 10
4 0 -.09 10.5165 10 -.1215 10.5075 10 -.0945 10.458 10 -.0765 10.4625 10
4 0 -.7965 10.5165 10 -.8235 10.5165 10 -.8055 10.4085 10 -.7875 10.404 10
4 0 -.774 10.521 10 -.7965 10.5165 10 -.7875 10.404 10 -.7695 10.3995 10
4 12 -1.7595 10.521 10 -1.7865 10.4805 10 -1.773 10.467 10 -1.7505 10.512 10
4 0 -.0495 10.5255 10 -.09 10.5165 10 -.0765 10.4625 10 -.0585 10.467 10
3 0 -.225 10.5255 10 -.36 11.025 10 -.243 10.512 10
4 0 -.756 10.5255 10 -.774 10.521 10 -.7695 10.3995 10 -.7515 10.3905 10
4 0 -.8415 10.5255 10 -.8235 10.413 10 -.8055 10.4085 10 -.8235 10.5165 10
4 0 -.027 10.53 10 -.0495 10.5255 10 -.0585 10.467 10 -.045 10.467 10
4 12 -1.7685 10.53 10 -1.8 10.4985 10 -1.7865 10.4805 10 -1.7595 10.521 10
4 0 1.2375 10.5345 10 1.2555 10.4625 10 1.2735 10.4805 10 1.2645 10.512 10
4 0 1.044 10.5345 10 .9945 10.5165 10 1.026 10.3905 10 1.053 10.404 10
4 0 -.0225 10.5345 10 -.027 10.53 10 -.045 10.467 10 -.036 10.4625 10
3 0 -.0225 10.5345 10 .0585 10.701 10 -.027 10.5435 10
3 0 -.2115 10.5345 10 -.36 11.025 10 -.225 10.5255 10
4 0 -.7425 10.5345 10 -.756 10.5255 10 -.7515 10.3905 10 -.7335 10.3815 10
3 0 -.18 10.539 10 -.36 11.025 10 -.2115 10.5345 10
4 0 -.8595 10.539 10 -.8505 10.4175 10 -.8235 10.413 10 -.8415 10.5255 10
4 12 -1.773 10.539 10 -1.8045 10.521 10 -1.8 10.4985 10 -1.7685 10.53 10
3 0 -.027 10.5435 10 .0585 10.701 10 -.045 10.5435 10
3 0 -.045 10.5435 10 .0585 10.701 10 -.0675 10.5435 10
3 0 -.0675 10.5435 10 .0585 10.701 10 -.1035 10.5435 10
3 0 -.1035 10.5435 10 .0585 10.701 10 -.1485 10.5435 10
3 0 -.1485 10.5435 10 .0585 10.701 10 -.18 10.539 10
4 0 -1.062 10.5435 10 -.8595 10.2375 10 -.873 10.4175 10 -1.035 10.5435 10
4 0 -1.062 10.5435 10 -1.1565 10.368 10 -1.152 10.3545 10 -.8595 10.2375 10
3 0 -1.062 10.5435 10 -1.089 10.5525 10 -1.1565 10.368 10
4 0 1.2015 10.548 10 1.215 10.449 10 1.2555 10.4625 10 1.2375 10.5345 10
4 0 -.738 10.548 10 -.7425 10.5345 10 -.7335 10.3815 10 -.36 10.125 10
3 0 -.738 10.548 10 -.36 11.025 10 -.738 10.746 10
4 12 -1.782 10.548 10 -1.8045 10.5345 10 -1.8045 10.521 10 -1.773 10.539 10
4 0 1.0845 10.5525 10 1.044 10.5345 10 1.053 10.404 10 1.0935 10.4175 10
4 0 -.873 10.5525 10 -.873 10.4175 10 -.8505 10.4175 10 -.8595 10.539 10
4 12 -1.791 10.5525 10 -1.8 10.548 10 -1.8045 10.5345 10 -1.782 10.548 10
4 0 1.1655 10.557 10 1.1745 10.44 10 1.215 10.449 10 1.2015 10.548 10
4 0 1.1655 10.557 10 1.1205 10.557 10 1.1295 10.4265 10 1.1745 10.44 10
4 0 1.1205 10.557 10 1.0845 10.5525 10 1.0935 10.4175 10 1.1295 10.4265 10
4 0 .4455 10.557 10 .27 10.4085 10 .333 10.116 10 .522 10.5345 10
4 0 .414 10.5615 10 .261 10.413 10 .27 10.4085 10 .4455 10.557 10
4 0 .2385 10.5615 10 .2115 10.557 10 .108 10.386 10 .126 10.3995 10
4 0 .18 10.5615 10 .09 10.368 10 .108 10.386 10 .2115 10.557 10
4 0 -.981 10.5615 10 -.9945 10.5525 10 -.873 10.4175 10 -.873 10.5525 10
4 0 -1.116 10.5615 10 -1.188 10.404 10 -1.1565 10.368 10 -1.089 10.5525 10
4 0 .3825 10.566 10 .252 10.4175 10 .261 10.413 10 .414 10.5615 10
4 0 .351 10.5705 10 .2205 10.4175 10 .252 10.4175 10 .3825 10.566 10
4 0 .351 10.5705 10 .315 10.5705 10 .189 10.4175 10 .2205 10.4175 10
4 0 .315 10.5705 10 .279 10.5705 10 .1575 10.413 10 .189 10.4175 10
4 0 .279 10.5705 10 .2385 10.5615 10 .126 10.3995 10 .1575 10.413 10
4 0 .162 10.5705 10 .0765 10.35 10 .09 10.368 10 .18 10.5615 10
3 0 -.7785 10.5705 10 -.7875 10.7235 10 -.8145 10.7235 10
4 0 -.8865 10.575 10 -.972 10.575 10 -.981 10.5615 10 -.873 10.5525 10
4 0 -1.1565 10.5795 10 -1.2195 10.4355 10 -1.188 10.404 10 -1.116 10.5615 10
4 0 .153 10.584 10 .0585 10.3275 10 .0765 10.35 10 .162 10.5705 10
4 0 -.891 10.5975 10 -.981 10.5975 10 -.972 10.575 10 -.8865 10.575 10
3 0 -1.017 10.611 10 -.891 10.8135 10 -1.0575 10.62 10
4 0 -1.2015 10.611 10 -1.2555 10.4715 10 -1.2195 10.4355 10 -1.1565 10.5795 10
4 0 -1.242 10.629 10 -1.3005 10.5165 10 -1.2555 10.4715 10 -1.2015 10.611 10
4 0 -1.278 10.6425 10 -1.3275 10.539 10 -1.3005 10.5165 10 -1.242 10.629 10
4 0 -1.305 10.647 10 -1.3545 10.5525 10 -1.3275 10.539 10 -1.278 10.6425 10
3 0 .1395 10.6605 10 .0585 10.701 10 .144 10.62 10
4 0 -1.35 10.6605 10 -1.386 10.557 10 -1.3545 10.5525 10 -1.305 10.647 10
4 0 -1.386 10.665 10 -1.4085 10.5615 10 -1.386 10.557 10 -1.35 10.6605 10
4 0 -1.422 10.674 10 -1.44 10.5705 10 -1.4085 10.5615 10 -1.386 10.665 10
4 0 -1.458 10.683 10 -1.476 10.5885 10 -1.44 10.5705 10 -1.422 10.674 10
4 0 -1.485 10.692 10 -1.512 10.6065 10 -1.476 10.5885 10 -1.458 10.683 10
4 0 .0585 10.701 10 .0585 10.3275 10 .153 10.584 10 .144 10.62 10
4 0 .0585 10.701 10 -.0225 10.5345 10 -.036 10.4625 10 .0585 10.3275 10
4 0 .0585 10.701 10 -.18 10.9305 10 -.36 11.025 10 -.18 10.539 10
3 0 .0585 10.701 10 .135 10.998 10 -.1575 10.926 10
4 0 -1.503 10.701 10 -1.548 10.629 10 -1.512 10.6065 10 -1.485 10.692 10
4 0 -1.521 10.71 10 -1.566 10.6425 10 -1.548 10.629 10 -1.503 10.701 10
4 12 -1.6785 10.71 10 -1.692 10.6965 10 -1.692 10.6785 10 -1.6785 10.674 10
3 12 -1.5525 10.7235 10 -1.5795 10.6515 10 -1.566 10.6425 10
3 0 -1.566 10.6425 10 -1.521 10.71 10 -1.5525 10.7235 10
4 12 -1.6515 10.7235 10 -1.6785 10.71 10 -1.6785 10.674 10 -1.656 10.674 10
4 0 -.7695 10.728 10 -.7875 10.7235 10 -.7785 10.5705 10 -.7605 10.5615 10
4 12 -1.5885 10.728 10 -1.602 10.6605 10 -1.5795 10.6515 10 -1.5525 10.7235 10
4 12 -1.5885 10.728 10 -1.6245 10.728 10 -1.629 10.6695 10 -1.602 10.6605 10
4 12 -1.6245 10.728 10 -1.6515 10.7235 10 -1.656 10.674 10 -1.629 10.6695 10
4 0 -.756 10.7325 10 -.7695 10.728 10 -.7605 10.5615 10 -.747 10.557 10
4 0 -.837 10.7325 10 -.7965 10.5795 10 -.7785 10.5705 10 -.8145 10.7235 10
4 0 -.738 10.746 10 -.756 10.7325 10 -.747 10.557 10 -.738 10.548 10
4 0 -.855 10.7505 10 -.819 10.5885 10 -.7965 10.5795 10 -.837 10.7325 10
4 0 -.873 10.7685 10 -.8415 10.593 10 -.819 10.5885 10 -.855 10.7505 10
4 0 -.882 10.7865 10 -.864 10.5975 10 -.8415 10.593 10 -.873 10.7685 10
4 0 -.891 10.8135 10 -.891 10.5975 10 -.864 10.5975 10 -.882 10.7865 10
4 0 -.891 10.8135 10 -1.017 10.611 10 -.981 10.5975 10 -.891 10.5975 10
3 0 -.891 10.8135 10 -.999 10.8855 10 -1.0035 10.8765 10
3 0 -.891 10.8135 10 -1.0035 10.899 10 -.999 10.8855 10
4 0 -1.0035 10.8765 10 -1.0125 10.872 10 -1.0575 10.62 10 -.891 10.8135 10
4 0 -1.035 10.8765 10 -1.0935 10.6335 10 -1.0575 10.62 10 -1.0125 10.872 10
4 0 -1.0575 10.8855 10 -1.134 10.647 10 -1.0935 10.6335 10 -1.035 10.8765 10
4 0 -1.0845 10.899 10 -1.1745 10.665 10 -1.134 10.647 10 -1.0575 10.8855 10
4 0 -1.116 10.9125 10 -1.2195 10.6875 10 -1.1745 10.665 10 -1.0845 10.899 10
3 0 -.1575 10.926 10 -.18 10.9305 10 .0585 10.701 10
4 0 -1.1565 10.926 10 -1.2645 10.7145 10 -1.2195 10.6875 10 -1.116 10.9125 10
4 0 -.7695 10.9305 10 -.7965 10.926 10 -.783 10.7865 10 -.765 10.782 10
4 0 -.8235 10.9305 10 -.81 10.7955 10 -.783 10.7865 10 -.7965 10.926 10
3 0 -.8235 10.9305 10 -.837 10.9395 10 -.81 10.7955 10
4 0 -.7515 10.935 10 -.7695 10.9305 10 -.765 10.782 10 -.756 10.773 10
3 0 -.837 10.9395 10 -.8505 10.953 10 -.81 10.7955 10
4 0 -1.197 10.944 10 -1.3005 10.7415 10 -1.2645 10.7145 10 -1.1565 10.926 10
3 0 -.1845 10.9485 10 -.36 11.025 10 -.18 10.9305 10
3 0 -.8505 10.953 10 -.864 10.9665 10 -.81 10.7955 10
3 0 -1.0395 10.953 10 -.945 11.2725 10 -.981 11.2635 10
4 0 -.72 10.962 10 -.7515 10.935 10 -.756 10.773 10 -.7425 10.764 10
3 0 -.1395 10.9665 10 .135 10.998 10 -.1305 10.989 10
3 0 -.1845 10.9665 10 -.36 11.025 10 -.1845 10.9485 10
4 0 -1.242 10.971 10 -1.3365 10.782 10 -1.3005 10.7415 10 -1.197 10.944 10
4 0 -.882 10.9845 10 -.8325 10.8045 10 -.81 10.7955 10 -.864 10.9665 10
4 0 -1.2825 10.989 10 -1.368 10.827 10 -1.3365 10.782 10 -1.242 10.971 10
3 0 -.1845 10.9935 10 -.36 11.025 10 -.1845 10.9665 10
4 0 .135 10.998 10 .0585 10.701 10 .1395 10.6605 10 .162 10.746 10
4 0 .135 10.998 10 -.1395 10.9665 10 -.1485 10.9485 10 -.1575 10.926 10
3 0 .135 10.998 10 -.1215 11.016 10 -.1305 10.989 10
4 0 .135 10.998 10 -.072 11.16 10 -.09 11.115 10 -.099 11.0835 10
3 0 .135 10.998 10 -.045 11.223 10 -.072 11.16 10
3 0 .135 10.998 10 -.0225 11.277 10 -.045 11.223 10
4 0 -.891 11.0025 10 -.855 10.809 10 -.8325 10.8045 10 -.882 10.9845 10
4 0 -1.323 11.0025 10 -1.395 10.872 10 -1.368 10.827 10 -1.2825 10.989 10
4 0 -1.35 11.0115 10 -1.413 10.8945 10 -1.395 10.872 10 -1.323 11.0025 10
3 0 -.1845 11.0205 10 -.36 11.025 10 -.1845 10.9935 10
3 0 -.1845 11.0205 10 -.1845 11.043 10 -.36 11.025 10
4 0 -1.3815 11.0205 10 -1.4265 10.9035 10 -1.413 10.8945 10 -1.35 11.0115 10
4 0 .2925 11.025 10 .135 10.998 10 .162 10.746 10 .234 10.8945 10
3 0 .2925 11.025 10 .351 11.1465 10 .135 10.998 10
4 0 -.36 11.025 10 -.27 10.449 10 -.2655 10.458 10 -.261 10.4715 10
4 0 -.36 11.025 10 -.738 10.548 10 -.36 10.125 10 -.27 10.449 10
4 0 -.36 11.025 10 -.72 10.962 10 -.7425 10.764 10 -.738 10.746 10
3 0 -.36 11.025 10 -.4725 12.24 10 -.4815 12.231 10
4 0 -.9 11.0295 10 -.891 10.8135 10 -.855 10.809 10 -.891 11.0025 10
4 0 -.9 11.0295 10 -1.0125 10.917 10 -1.0035 10.899 10 -.891 10.8135 10
4 0 -1.4175 11.0295 10 -1.4625 10.9215 10 -1.4265 10.9035 10 -1.3815 11.0205 10
3 0 -.1845 11.043 10 -.18 11.0835 10 -.36 11.025 10
4 0 -1.449 11.043 10 -1.503 10.953 10 -1.4625 10.9215 10 -1.4175 11.0295 10
4 0 -1.4805 11.0655 10 -1.53 10.98 10 -1.503 10.953 10 -1.449 11.043 10
4 0 -.099 11.0835 10 -.1125 11.0475 10 -.1215 11.016 10 .135 10.998 10
3 0 -.18 11.0835 10 -.171 11.1285 10 -.36 11.025 10
3 12 -1.5075 11.0925 10 -1.5525 11.016 10 -1.53 10.98 10
3 0 -1.53 10.98 10 -1.4805 11.0655 10 -1.5075 11.0925 10
4 12 -1.53 11.1105 10 -1.5615 11.034 10 -1.5525 11.016 10 -1.5075 11.0925 10
3 0 -.171 11.1285 10 -.1575 11.1825 10 -.36 11.025 10
4 12 -1.5615 11.133 10 -1.5795 11.052 10 -1.5615 11.034 10 -1.53 11.1105 10
4 0 -.7425 11.1375 10 -.765 11.1375 10 -.756 10.9935 10 -.738 10.9845 10
4 0 -.765 11.1375 10 -.7875 11.1375 10 -.774 11.0025 10 -.756 10.9935 10
4 12 -1.5885 11.142 10 -1.602 11.07 10 -1.5795 11.052 10 -1.5615 11.133 10
4 12 -1.6965 11.142 10 -1.71 11.1285 10 -1.701 11.1105 10 -1.683 11.1015 10
4 0 -.7245 11.1465 10 -.7425 11.1375 10 -.738 10.9845 10 -.729 10.9755 10
4 0 -.8055 11.1465 10 -.792 11.0115 10 -.774 11.0025 10 -.7875 11.1375 10
4 12 -1.6155 11.1465 10 -1.6245 11.079 10 -1.602 11.07 10 -1.5885 11.142 10
4 12 -1.6785 11.1465 10 -1.6965 11.142 10 -1.683 11.1015 10 -1.665 11.0925 10
4 12 -1.647 11.151 10 -1.647 11.088 10 -1.6245 11.079 10 -1.6155 11.1465 10
4 12 -1.647 11.151 10 -1.6785 11.1465 10 -1.665 11.0925 10 -1.647 11.088 10
4 0 -.711 11.1555 10 -.7245 11.1465 10 -.729 10.9755 10 -.72 10.962 10
4 0 -.828 11.1645 10 -.81 11.016 10 -.792 11.0115 10 -.8055 11.1465 10
4 0 -.7065 11.169 10 -.711 11.1555 10 -.72 10.962 10 -.36 11.025 10
3 0 -.1575 11.1825 10 -.135 11.2455 10 -.36 11.025 10
4 0 -.846 11.1825 10 -.837 11.025 10 -.81 11.016 10 -.828 11.1645 10
4 0 -.855 11.196 10 -.864 11.0295 10 -.837 11.025 10 -.846 11.1825 10
4 0 -.8595 11.2185 10 -.9 11.0295 10 -.864 11.0295 10 -.855 11.196 10
3 0 -.135 11.2455 10 -.108 11.2995 10 -.36 11.025 10
4 0 -1.008 11.268 10 -1.0665 10.989 10 -1.0395 10.953 10 -.981 11.2635 10
4 0 -.945 11.2725 10 -1.0395 10.953 10 -1.0125 10.917 10 -.9 11.0295 10
4 0 -.927 11.277 10 -.945 11.2725 10 -.9 11.0295 10 -.8595 11.2185 10
4 0 -1.0395 11.277 10 -1.1115 11.025 10 -1.0665 10.989 10 -1.008 11.268 10
3 0 -.918 11.295 10 -.828 11.3895 10 -.927 11.3085 10
4 0 -1.0845 11.295 10 -1.1655 11.061 10 -1.1115 11.025 10 -1.0395 11.277 10
3 0 -.927 11.3085 10 -.828 11.3895 10 -.945 11.322 10
4 0 -1.152 11.313 10 -1.2195 11.0925 10 -1.1655 11.061 10 -1.0845 11.295 10
4 0 .4635 11.3175 10 .252 11.3175 10 .135 10.998 10 .351 11.1465 10
3 0 .252 11.3175 10 .108 11.484 10 .081 11.4435 10
3 0 .252 11.3175 10 .135 11.5245 10 .108 11.484 10
3 0 .252 11.3175 10 .2115 11.646 10 .1935 11.61 10
4 0 -.7335 11.322 10 -.7605 11.322 10 -.7515 11.196 10 -.7335 11.187 10
3 0 -.945 11.322 10 -.828 11.3895 10 -.972 11.3355 10
4 0 -.774 11.3265 10 -.7695 11.205 10 -.7515 11.196 10 -.7605 11.322 10
4 0 -.7155 11.331 10 -.7335 11.322 10 -.7335 11.187 10 -.7155 11.178 10
4 0 -1.2105 11.331 10 -1.269 11.124 10 -1.2195 11.0925 10 -1.152 11.313 10
4 0 .009 11.3355 10 -.0225 11.277 10 .135 10.998 10 .252 11.3175 10
4 0 -.792 11.3355 10 -.7875 11.2095 10 -.7695 11.205 10 -.774 11.3265 10
3 0 -.972 11.3355 10 -.828 11.3895 10 -1.017 11.358 10
4 0 -1.2375 11.34 10 -1.3095 11.16 10 -1.269 11.124 10 -1.2105 11.331 10
4 0 -.702 11.349 10 -.7155 11.331 10 -.7155 11.178 10 -.7065 11.169 10
3 0 -.702 11.349 10 -.684 11.52 10 -.693 11.5065 10
4 0 -.81 11.3535 10 -.81 11.214 10 -.7875 11.2095 10 -.792 11.3355 10
4 0 -1.26 11.3535 10 -1.341 11.196 10 -1.3095 11.16 10 -1.2375 11.34 10
4 0 -.8235 11.367 10 -.8325 11.2185 10 -.81 11.214 10 -.81 11.3535 10
4 0 -1.2825 11.376 10 -1.3635 11.2365 10 -1.341 11.196 10 -1.26 11.3535 10
4 0 -.828 11.3895 10 -.8595 11.2185 10 -.8325 11.2185 10 -.8235 11.367 10
4 0 -.828 11.3895 10 -.918 11.295 10 -.927 11.277 10 -.8595 11.2185 10
4 0 -1.305 11.3985 10 -1.3815 11.286 10 -1.3635 11.2365 10 -1.2825 11.376 10
3 0 -.036 11.4075 10 .018 11.8215 10 -.0765 11.349 10
4 0 -1.08 11.4075 10 -1.0575 11.385 10 -1.017 11.358 10 -.828 11.3895 10
4 0 -1.332 11.43 10 -1.3995 11.3265 10 -1.3815 11.286 10 -1.305 11.3985 10
4 0 .081 11.4435 10 .0405 11.3895 10 .009 11.3355 10 .252 11.3175 10
3 0 0 11.4525 10 .018 11.8215 10 -.036 11.4075 10
4 0 -1.3725 11.457 10 -1.422 11.358 10 -1.3995 11.3265 10 -1.332 11.43 10
4 12 -1.413 11.4795 10 -1.4445 11.3805 10 -1.422 11.358 10 -1.3725 11.457 10
4 12 -1.4445 11.493 10 -1.4715 11.403 10 -1.4445 11.3805 10 -1.413 11.4795 10
3 0 .036 11.4975 10 .018 11.8215 10 0 11.4525 10
4 0 -.711 11.4975 10 -.729 11.4975 10 -.7335 11.367 10 -.7155 11.358 10
4 0 -.7425 11.502 10 -.756 11.376 10 -.7335 11.367 10 -.729 11.4975 10
4 12 -1.4805 11.502 10 -1.4985 11.412 10 -1.4715 11.403 10 -1.4445 11.493 10
4 12 -1.629 11.502 10 -1.656 11.493 10 -1.6425 11.466 10 -1.62 11.448 10
3 0 .6255 11.5065 10 .531 11.817 10 .5445 11.4165 10
4 0 -.693 11.5065 10 -.711 11.4975 10 -.7155 11.358 10 -.702 11.349 10
4 0 -.756 11.511 10 -.774 11.385 10 -.756 11.376 10 -.7425 11.502 10
4 12 -1.5165 11.511 10 -1.5345 11.421 10 -1.4985 11.412 10 -1.4805 11.502 10
4 12 -1.593 11.511 10 -1.629 11.502 10 -1.62 11.448 10 -1.593 11.439 10
4 12 -1.5525 11.5155 10 -1.566 11.43 10 -1.5345 11.421 10 -1.5165 11.511 10
4 12 -1.5525 11.5155 10 -1.593 11.511 10 -1.593 11.439 10 -1.566 11.43 10
4 0 -.684 11.52 10 -.702 11.349 10 -.7065 11.169 10 -.36 11.025 10
4 0 -.7695 11.5245 10 -.792 11.3895 10 -.774 11.385 10 -.756 11.511 10
3 0 .072 11.538 10 .018 11.8215 10 .036 11.4975 10
4 0 -.7785 11.538 10 -.81 11.394 10 -.792 11.3895 10 -.7695 11.5245 10
3 0 .6615 11.5425 10 .531 11.817 10 .6255 11.5065 10
4 0 -.783 11.5605 10 -.828 11.3895 10 -.81 11.394 10 -.7785 11.538 10
3 0 -.783 11.5605 10 -1.053 11.655 10 -1.053 11.6415 10
3 0 -.783 11.5605 10 -.963 11.7315 10 -.981 11.7315 10
3 0 -.783 11.5605 10 -.9495 11.7405 10 -.963 11.7315 10
4 0 .1935 11.61 10 .162 11.565 10 .135 11.5245 10 .252 11.3175 10
3 0 .1665 11.6415 10 .018 11.8215 10 .1395 11.6145 10
4 0 -1.053 11.6415 10 -1.08 11.4075 10 -.828 11.3895 10 -.783 11.5605 10
4 0 -1.053 11.6415 10 -1.071 11.637 10 -1.107 11.448 10 -1.08 11.4075 10
4 0 -1.089 11.646 10 -1.134 11.475 10 -1.107 11.448 10 -1.071 11.637 10
4 0 -1.1115 11.655 10 -1.1565 11.4975 10 -1.134 11.475 10 -1.089 11.646 10
3 0 .189 11.6595 10 .018 11.8215 10 .1665 11.6415 10
4 0 -.684 11.6595 10 -.702 11.6595 10 -.7155 11.5425 10 -.702 11.5335 10
4 0 -.6705 11.664 10 -.684 11.6595 10 -.702 11.5335 10 -.693 11.529 10
4 0 -.7155 11.6685 10 -.729 11.547 10 -.7155 11.5425 10 -.702 11.6595 10
4 0 -1.1475 11.673 10 -1.1925 11.52 10 -1.1565 11.4975 10 -1.1115 11.655 10
4 0 -.657 11.682 10 -.6705 11.664 10 -.693 11.529 10 -.684 11.52 10
4 0 -.729 11.682 10 -.747 11.5515 10 -.729 11.547 10 -.7155 11.6685 10
4 0 -.738 11.691 10 -.765 11.556 10 -.747 11.5515 10 -.729 11.682 10
4 0 -1.197 11.6955 10 -1.2465 11.547 10 -1.1925 11.52 10 -1.1475 11.673 10
4 0 -.7425 11.718 10 -.783 11.5605 10 -.765 11.556 10 -.738 11.691 10
4 0 -1.2375 11.718 10 -1.2915 11.574 10 -1.2465 11.547 10 -1.197 11.6955 10
4 0 -.981 11.7315 10 -1.0575 11.6685 10 -1.053 11.655 10 -.783 11.5605 10
3 0 -.981 11.7315 10 -1.0215 11.745 10 -1.0575 11.6685 10
4 0 -1.2825 11.736 10 -1.3275 11.5965 10 -1.2915 11.574 10 -1.2375 11.718 10
3 0 2.061 11.7405 10 1.89 12.105 10 2.0205 11.781 10
4 12 -1.323 11.7495 10 -1.359 11.628 10 -1.3275 11.5965 10 -1.2825 11.736 10
4 0 2.3445 11.754 10 2.313 11.745 10 2.403 11.6325 10 2.4435 11.646 10
4 0 2.2815 11.754 10 2.3535 11.6235 10 2.403 11.6325 10 2.313 11.745 10
4 0 2.2815 11.754 10 2.25 11.637 10 2.304 11.628 10 2.3535 11.6235 10
4 0 2.2815 11.754 10 2.1285 11.691 10 2.187 11.6595 10 2.25 11.637 10
4 0 -.9495 11.754 10 -.9495 11.7405 10 -.783 11.5605 10 -.7425 11.718 10
4 0 -1.0575 11.7585 10 -1.0755 11.6865 10 -1.0575 11.6685 10 -1.0215 11.745 10
4 12 -1.359 11.763 10 -1.3905 11.664 10 -1.359 11.628 10 -1.323 11.7495 10
4 0 2.3715 11.7675 10 2.3445 11.754 10 2.4435 11.646 10 2.493 11.673 10
4 0 2.268 11.7675 10 2.061 11.7405 10 2.1285 11.691 10 2.2815 11.754 10
3 0 2.268 11.7675 10 2.268 11.7855 10 2.061 11.7405 10
4 0 -1.0845 11.772 10 -1.0935 11.7045 10 -1.0755 11.6865 10 -1.0575 11.7585 10
4 0 2.385 11.7765 10 2.3715 11.7675 10 2.493 11.673 10 2.5335 11.7045 10
4 12 -1.3815 11.7765 10 -1.413 11.6955 10 -1.3905 11.664 10 -1.359 11.763 10
4 0 2.394 11.7855 10 2.385 11.7765 10 2.5335 11.7045 10 2.5605 11.7405 10
3 0 2.394 11.7855 10 2.547 11.9655 10 2.3895 11.8035 10
3 0 2.268 11.7855 10 2.286 11.799 10 2.061 11.7405 10
3 0 .864 11.79 10 .936 11.862 10 .531 11.817 10
4 0 -.6345 11.79 10 -.657 11.79 10 -.6795 11.6955 10 -.666 11.691 10
4 0 -1.1115 11.79 10 -1.116 11.7225 10 -1.0935 11.7045 10 -1.0845 11.772 10
3 0 2.286 11.799 10 2.547 11.9655 10 2.061 11.7405 10
4 0 -.6705 11.799 10 -.6975 11.7045 10 -.6795 11.6955 10 -.657 11.79 10
4 12 -1.404 11.799 10 -1.4355 11.727 10 -1.413 11.6955 10 -1.3815 11.7765 10
3 0 2.3895 11.8035 10 2.547 11.9655 10 2.376 11.8035 10
3 0 2.376 11.8035 10 2.547 11.9655 10 2.3535 11.8035 10
3 0 2.3535 11.8035 10 2.547 11.9655 10 2.322 11.8035 10
3 0 2.322 11.8035 10 2.547 11.9655 10 2.286 11.799 10
4 0 -.6165 11.8035 10 -.657 11.682 10 -.684 11.52 10 -.36 11.025 10
4 0 -.6165 11.8035 10 -.6345 11.79 10 -.666 11.691 10 -.657 11.682 10
4 0 -1.134 11.8035 10 -1.1385 11.7405 10 -1.116 11.7225 10 -1.1115 11.79 10
4 0 -.684 11.808 10 -.711 11.709 10 -.6975 11.7045 10 -.6705 11.799 10
4 0 -1.161 11.8125 10 -1.1565 11.754 10 -1.1385 11.7405 10 -1.134 11.8035 10
4 0 -1.161 11.8125 10 -1.188 11.8125 10 -1.179 11.7675 10 -1.1565 11.754 10
4 0 -1.188 11.8125 10 -1.2015 11.799 10 -1.197 11.781 10 -1.179 11.7675 10
4 0 .531 11.817 10 .252 11.3175 10 .4635 11.3175 10 .5445 11.4165 10
4 0 .531 11.817 10 .6615 11.5425 10 .7155 11.5875 10 .7695 11.6505 10
4 0 .531 11.817 10 .7695 11.6505 10 .8235 11.727 10 .864 11.79 10
4 0 .531 11.817 10 .2115 11.664 10 .2115 11.646 10 .252 11.3175 10
3 0 .531 11.817 10 .639 11.9925 10 .585 11.9925 10
3 0 .531 11.817 10 .6885 11.997 10 .639 11.9925 10
3 0 .531 11.817 10 .729 12.006 10 .6885 11.997 10
3 0 .531 11.817 10 .7785 12.0195 10 .729 12.006 10
4 0 .018 11.8215 10 -.36 11.025 10 -.108 11.2995 10 -.0765 11.349 10
4 0 .018 11.8215 10 .072 11.538 10 .108 11.5785 10 .1395 11.6145 10
4 0 .018 11.8215 10 .189 11.6595 10 .2115 11.664 10 .531 11.817 10
4 0 -.6975 11.8215 10 -.729 11.7135 10 -.711 11.709 10 -.684 11.808 10
4 12 -1.422 11.8215 10 -1.4535 11.754 10 -1.4355 11.727 10 -1.404 11.799 10
3 0 2.6145 11.8305 10 2.7045 11.9655 10 2.547 11.9655 10
4 0 -.7065 11.844 10 -.7425 11.718 10 -.729 11.7135 10 -.6975 11.8215 10
3 0 -.7065 11.844 10 -.9405 11.9835 10 -.9585 11.9745 10
3 0 -.7065 11.844 10 -.9315 11.9925 10 -.9405 11.9835 10
4 12 -1.4445 11.8485 10 -1.467 11.781 10 -1.4535 11.754 10 -1.422 11.8215 10
3 0 .936 11.862 10 .99 11.907 10 .531 11.817 10
4 12 -1.467 11.8665 10 -1.4805 11.808 10 -1.467 11.781 10 -1.4445 11.8485 10
4 12 -1.485 11.88 10 -1.494 11.8215 10 -1.4805 11.808 10 -1.467 11.8665 10
4 12 -1.512 11.8845 10 -1.5075 11.835 10 -1.494 11.8215 10 -1.485 11.88 10
4 12 -1.512 11.8845 10 -1.539 11.8665 10 -1.5255 11.8485 10 -1.5075 11.835 10
3 0 .99 11.907 10 .846 12.051 10 .8145 12.033 10
3 0 .99 11.907 10 .8685 12.069 10 .846 12.051 10
4 0 -.5985 11.9475 10 -.6165 11.9475 10 -.648 11.835 10 -.63 11.826 10
4 0 -.63 11.9565 10 -.666 11.8395 10 -.648 11.835 10 -.6165 11.9475 10
4 0 -.576 11.961 10 -.6165 11.817 10 -.6165 11.8035 10 -.36 11.025 10
4 0 -.576 11.961 10 -.5985 11.9475 10 -.63 11.826 10 -.6165 11.817 10
4 0 -1.017 11.961 10 -1.062 11.961 10 -1.0575 11.835 10 -1.0215 11.817 10
3 0 2.7045 11.9655 10 2.6775 12.069 10 2.6505 12.0465 10
3 0 2.7045 11.9655 10 2.7045 12.114 10 2.6775 12.069 10
4 0 2.547 11.9655 10 2.394 11.7855 10 2.5605 11.7405 10 2.6145 11.8305 10
4 0 -.639 11.9655 10 -.684 11.844 10 -.666 11.8395 10 -.63 11.9565 10
4 0 -1.0935 11.9655 10 -1.098 11.844 10 -1.0575 11.835 10 -1.062 11.961 10
4 0 -.981 11.97 10 -1.017 11.961 10 -1.0215 11.817 10 -.99 11.7945 10
4 0 -.9585 11.9745 10 -.9495 11.754 10 -.7425 11.718 10 -.7065 11.844 10
4 0 -.9585 11.9745 10 -.981 11.97 10 -.99 11.7945 10 -.9495 11.754 10
4 0 -1.1205 11.9745 10 -1.1385 11.853 10 -1.098 11.844 10 -1.0935 11.9655 10
4 0 -1.143 11.9835 10 -1.2015 11.871 10 -1.1385 11.853 10 -1.1205 11.9745 10
4 0 -.648 11.988 10 -.7065 11.844 10 -.684 11.844 10 -.639 11.9655 10
3 0 .585 11.9925 10 .54 11.997 10 .531 11.817 10
3 0 .54 11.997 10 .495 12.006 10 .531 11.817 10
3 0 .495 12.006 10 .4545 12.0195 10 .531 11.817 10
4 0 -1.179 12.006 10 -1.2285 11.8845 10 -1.2015 11.871 10 -1.143 11.9835 10
3 0 .4545 12.0195 10 .414 12.0375 10 .531 11.817 10
4 12 -1.215 12.024 10 -1.2645 11.907 10 -1.2285 11.8845 10 -1.179 12.006 10
4 0 .8145 12.033 10 .7785 12.0195 10 .531 11.817 10 .99 11.907 10
3 0 2.6235 12.042 10 2.619 12.069 10 2.547 11.9655 10
4 12 -1.2465 12.042 10 -1.287 11.9295 10 -1.2645 11.907 10 -1.215 12.024 10
4 0 2.6505 12.0465 10 2.6235 12.042 10 2.547 11.9655 10 2.7045 11.9655 10
4 0 .3825 12.0555 10 .018 11.8215 10 .531 11.817 10 .414 12.0375 10
3 0 .3825 12.0555 10 .3555 12.078 10 .018 11.8215 10
4 12 -1.278 12.0555 10 -1.3185 11.952 10 -1.287 11.9295 10 -1.2465 12.042 10
3 0 .8685 12.069 10 1.1025 12.159 10 .8775 12.0915 10
4 12 -1.314 12.069 10 -1.3365 11.9655 10 -1.3185 11.952 10 -1.278 12.0555 10
4 12 -1.4715 12.069 10 -1.4895 12.0555 10 -1.4805 12.033 10 -1.467 12.024 10
3 0 .3555 12.078 10 .333 12.1005 10 .018 11.8215 10
4 12 -1.3545 12.078 10 -1.359 11.9835 10 -1.3365 11.9655 10 -1.314 12.069 10
4 12 -1.4535 12.078 10 -1.4715 12.069 10 -1.467 12.024 10 -1.44 12.015 10
4 12 -1.386 12.0825 10 -1.386 11.997 10 -1.359 11.9835 10 -1.3545 12.078 10
4 12 -1.386 12.0825 10 -1.4265 12.0825 10 -1.413 12.006 10 -1.386 11.997 10
4 12 -1.4265 12.0825 10 -1.4535 12.078 10 -1.44 12.015 10 -1.413 12.006 10
3 0 .8775 12.0915 10 1.1025 12.159 10 .8685 12.1095 10
3 0 .477 12.0915 10 .63 12.465 10 .4365 12.105 10
4 0 -.5445 12.0915 10 -.5625 12.0915 10 -.603 11.979 10 -.5895 11.9745 10
3 0 .801 12.1005 10 .63 12.465 10 .774 12.0915 10
3 0 .333 12.1005 10 .3195 12.1185 10 .018 11.8215 10
4 0 -.576 12.1005 10 -.6165 11.9835 10 -.603 11.979 10 -.5625 12.0915 10
4 0 1.89 12.105 10 1.926 11.88 10 1.971 11.8305 10 2.0205 11.781 10
4 0 1.89 12.105 10 1.737 12.0015 10 1.8315 11.9385 10 1.926 11.88 10
3 0 1.89 12.105 10 1.458 12.195 10 1.5615 12.123 10
3 0 1.89 12.105 10 2.133 12.213 10 2.1195 12.213 10
3 0 1.89 12.105 10 1.4895 12.4155 10 1.4625 12.393 10
3 0 1.89 12.105 10 1.5255 12.4515 10 1.4895 12.4155 10
3 0 1.89 12.105 10 1.557 12.4965 10 1.5255 12.4515 10
3 0 1.89 12.105 10 1.5885 12.5505 10 1.557 12.4965 10
3 0 1.89 12.105 10 1.6155 12.6 10 1.5885 12.5505 10
3 0 1.89 12.105 10 1.6335 12.6405 10 1.6155 12.6 10
3 0 1.89 12.105 10 1.674 12.7305 10 1.665 12.708 10
3 0 1.89 12.105 10 1.674 12.753 10 1.674 12.7305 10
4 0 -.531 12.105 10 -.5445 12.0915 10 -.5895 11.9745 10 -.576 11.961 10
4 0 -.585 12.1095 10 -.63 11.988 10 -.6165 11.9835 10 -.576 12.1005 10
4 0 -3.2085 12.114 10 -3.204 12.0915 10 -3.1815 12.087 10 -3.141 12.105 10
3 0 -.7065 12.1185 10 -.7335 12.123 10 -.648 11.988 10
4 0 1.5615 12.123 10 1.638 12.069 10 1.737 12.0015 10 1.89 12.105 10
3 0 .378 12.123 10 .63 12.465 10 .351 12.132 10
4 0 -.5895 12.1275 10 -.648 11.988 10 -.63 11.988 10 -.585 12.1095 10
3 0 -.5895 12.1275 10 -.6795 12.141 10 -.684 12.1275 10
3 0 -.5895 12.1275 10 -.684 12.1545 10 -.6795 12.141 10
4 0 -.684 12.1275 10 -.7065 12.1185 10 -.648 11.988 10 -.5895 12.1275 10
3 0 .351 12.132 10 .63 12.465 10 .333 12.1365 10
4 0 2.4435 12.1455 10 1.89 12.105 10 2.061 11.7405 10 2.547 11.9655 10
3 0 2.4435 12.1455 10 2.4255 12.186 10 2.385 12.186 10
3 0 2.4435 12.1455 10 2.448 12.204 10 2.4255 12.186 10
4 0 -3.0735 12.15 10 -3.177 12.1455 10 -3.2085 12.114 10 -3.141 12.105 10
4 0 -.8055 12.1545 10 -.648 11.988 10 -.7335 12.123 10 -.774 12.141 10
4 0 1.1025 12.159 10 1.035 11.925 10 1.1025 11.9475 10 1.1835 11.988 10
4 0 1.1025 12.159 10 1.1835 11.988 10 1.269 12.042 10 1.3365 12.0915 10
4 0 1.1025 12.159 10 .8685 12.069 10 .99 11.907 10 1.035 11.925 10
3 0 2.6595 12.1635 10 2.628 12.357 10 2.628 12.1095 10
4 0 -.8325 12.1635 10 -.7065 11.844 10 -.648 11.988 10 -.8055 12.1545 10
4 0 -.8325 12.1635 10 -.9315 12.0015 10 -.9315 11.9925 10 -.7065 11.844 10
3 0 -.8325 12.1635 10 -.8865 12.177 10 -.9315 12.0015 10
3 12 -1.1295 12.1635 10 -1.17 12.1635 10 -1.1565 12.0465 10
3 0 -1.1565 12.0465 10 -1.1205 12.033 10 -1.1295 12.1635 10
4 0 -1.089 12.168 10 -1.1295 12.1635 10 -1.1205 12.033 10 -1.0755 12.024 10
4 12 -1.1925 12.168 10 -1.1925 12.069 10 -1.1565 12.0465 10 -1.17 12.1635 10
4 0 -.8865 12.177 10 -.9315 12.177 10 -.9585 12.0105 10 -.9315 12.0015 10
4 0 -.9315 12.177 10 -.999 12.177 10 -1.0305 12.015 10 -.9585 12.0105 10
4 0 -.999 12.177 10 -1.089 12.168 10 -1.0755 12.024 10 -1.0305 12.015 10
4 12 -1.2375 12.186 10 -1.2285 12.1005 10 -1.1925 12.069 10 -1.1925 12.168 10
4 0 2.349 12.1905 10 1.89 12.105 10 2.4435 12.1455 10 2.385 12.186 10
3 0 2.349 12.1905 10 2.322 12.1995 10 1.89 12.105 10
4 0 1.458 12.195 10 1.1025 12.159 10 1.3365 12.0915 10 1.3995 12.141 10
4 0 -3.0105 12.195 10 -3.1536 12.1752 10 -3.177 12.1455 10 -3.0735 12.15 10
4 12 -1.2735 12.1995 10 -1.2645 12.132 10 -1.2285 12.1005 10 -1.2375 12.186 10
4 12 -1.2915 12.2085 10 -1.287 12.15 10 -1.2645 12.132 10 -1.2735 12.1995 10
4 0 2.2995 12.213 10 2.133 12.213 10 1.89 12.105 10 2.322 12.1995 10
3 0 2.1195 12.213 10 2.097 12.2265 10 1.89 12.105 10
4 0 2.853 12.2175 10 2.7405 12.1725 10 2.7045 12.114 10 2.7045 11.9655 10
3 0 2.853 12.2175 10 2.826 12.3255 10 2.8035 12.285 10
3 0 2.853 12.2175 10 2.8305 12.348 10 2.826 12.3255 10
3 0 2.6955 12.2175 10 2.628 12.357 10 2.6595 12.1635 10
4 12 -1.3185 12.222 10 -1.3095 12.168 10 -1.287 12.15 10 -1.2915 12.2085 10
3 0 2.097 12.2265 10 2.079 12.24 10 1.89 12.105 10
4 0 -.4815 12.231 10 -.531 12.105 10 -.576 11.961 10 -.36 11.025 10
4 0 -.4815 12.231 10 -.4995 12.2265 10 -.54 12.114 10 -.531 12.105 10
4 12 -1.3365 12.231 10 -1.3275 12.186 10 -1.3095 12.168 10 -1.3185 12.222 10
4 0 -.513 12.2355 10 -.5535 12.123 10 -.54 12.114 10 -.4995 12.2265 10
4 12 -1.3545 12.2355 10 -1.3455 12.1995 10 -1.3275 12.186 10 -1.3365 12.231 10
4 12 -1.3545 12.2355 10 -1.368 12.231 10 -1.3635 12.2085 10 -1.3455 12.1995 10
3 0 2.079 12.24 10 2.0565 12.2625 10 1.89 12.105 10
3 0 -.4725 12.24 10 -.36 12.465 10 -.477 12.249 10
4 0 -.522 12.2445 10 -.5715 12.1275 10 -.5535 12.123 10 -.513 12.2355 10
3 0 -.477 12.249 10 -.36 12.465 10 -.4905 12.258 10
4 0 -2.9475 12.249 10 -3.105 12.213 10 -3.1536 12.1752 10 -3.0105 12.195 10
3 0 2.1285 12.2535 10 2.214 12.3435 10 2.1195 12.2715 10
4 0 2.2635 12.258 10 2.133 12.2265 10 2.133 12.213 10 2.2995 12.213 10
3 0 -.4905 12.258 10 -.36 12.465 10 -.504 12.267 10
3 0 2.727 12.2625 10 2.628 12.357 10 2.6955 12.2175 10
3 0 2.0565 12.2625 10 2.034 12.285 10 1.89 12.105 10
4 0 -.5265 12.267 10 -.5895 12.1275 10 -.5715 12.1275 10 -.522 12.2445 10
3 0 2.1195 12.2715 10 2.214 12.3435 10 2.106 12.294 10
4 0 2.8035 12.285 10 2.772 12.231 10 2.7405 12.1725 10 2.853 12.2175 10
3 0 2.034 12.285 10 2.016 12.312 10 1.89 12.105 10
3 0 2.106 12.294 10 2.214 12.3435 10 2.088 12.321 10
4 0 -3.024 12.303 10 -3.105 12.213 10 -2.9475 12.249 10 -2.898 12.2895 10
3 0 2.763 12.3165 10 2.628 12.357 10 2.727 12.2625 10
4 0 2.5065 12.3165 10 2.4705 12.2535 10 2.448 12.204 10 2.4435 12.1455 10
3 0 2.7855 12.3435 10 2.628 12.357 10 2.763 12.3165 10
4 0 2.214 12.3435 10 2.1285 12.2535 10 2.133 12.2265 10 2.2635 12.258 10
3 0 2.8305 12.348 10 2.8935 12.4605 10 2.826 12.366 10
3 0 2.07 12.348 10 2.133 12.456 10 2.0475 12.375 10
4 0 2.628 12.357 10 2.547 11.9655 10 2.619 12.069 10 2.628 12.1095 10
4 0 2.628 12.357 10 2.5065 12.3165 10 2.4435 12.1455 10 2.547 11.9655 10
4 0 -2.9835 12.357 10 -3.024 12.303 10 -2.898 12.2895 10 -2.8575 12.33 10
3 0 2.826 12.366 10 2.8935 12.4605 10 2.808 12.3615 10
4 0 1.9845 12.3705 10 1.89 12.105 10 2.016 12.312 10 2.0025 12.339 10
4 0 -.6705 12.3705 10 -.6975 12.1635 10 -.684 12.1545 10 -.5895 12.1275 10
4 0 -.6705 12.3705 10 -.6885 12.3705 10 -.7155 12.1725 10 -.6975 12.1635 10
3 0 2.0475 12.375 10 2.133 12.456 10 2.025 12.3975 10
4 0 -.7065 12.375 10 -.7515 12.186 10 -.7155 12.1725 10 -.6885 12.3705 10
4 0 -.666 12.3795 10 -.6705 12.3705 10 -.5895 12.1275 10 -.5265 12.267 10
3 0 -.666 12.3795 10 -.36 12.465 10 -.675 12.393 10
4 0 -.738 12.384 10 -.7875 12.1995 10 -.7515 12.186 10 -.7065 12.375 10
4 0 1.422 12.3885 10 1.1025 12.159 10 1.458 12.195 10 1.431 12.384 10
3 0 1.422 12.3885 10 1.422 12.3975 10 1.1025 12.159 10
4 0 1.4625 12.393 10 1.431 12.384 10 1.458 12.195 10 1.89 12.105 10
3 0 2.025 12.3975 10 2.133 12.456 10 2.007 12.411 10
3 0 1.422 12.3975 10 1.44 12.4245 10 1.1025 12.159 10
4 0 -.783 12.3975 10 -.855 12.231 10 -.7875 12.1995 10 -.738 12.384 10
3 0 1.989 12.4065 10 1.863 12.591 10 1.98 12.393 10
3 0 2.007 12.411 10 1.863 12.591 10 1.989 12.4065 10
4 0 -.837 12.411 10 -.9 12.2445 10 -.855 12.231 10 -.783 12.3975 10
4 0 -.9 12.4245 10 -.9495 12.258 10 -.9 12.2445 10 -.837 12.411 10
4 0 -2.934 12.429 10 -2.9835 12.357 10 -2.8575 12.33 10 -2.8125 12.384 10
4 0 -3.2715 12.429 10 -3.33 12.4245 10 -3.3165 12.4065 10 -3.2895 12.4065 10
4 0 -.9765 12.4425 10 -1.0305 12.285 10 -.9495 12.258 10 -.9 12.4245 10
4 12 -1.5345 12.4515 10 -1.5795 12.447 10 -1.575 12.429 10 -1.5525 12.4335 10
4 0 2.133 12.456 10 2.07 12.348 10 2.088 12.321 10 2.214 12.3435 10
3 0 -.8055 12.456 10 -.801 12.5865 10 -.819 12.582 10
4 0 2.8935 12.4605 10 2.628 12.357 10 2.7855 12.3435 10 2.808 12.3615 10
4 0 .63 12.465 10 .63 12.0735 10 .675 12.0735 10 .7155 12.078 10
4 0 .63 12.465 10 .7155 12.078 10 .747 12.0825 10 .774 12.0915 10
4 0 .63 12.465 10 .549 12.078 10 .585 12.0735 10 .63 12.0735 10
4 0 .63 12.465 10 .477 12.0915 10 .5175 12.0825 10 .549 12.078 10
4 0 .63 12.465 10 .801 12.1005 10 .828 12.105 10 .846 12.1095 10
4 0 .63 12.465 10 .846 12.1095 10 .8685 12.1095 10 1.1025 12.159 10
4 0 .63 12.465 10 .378 12.123 10 .405 12.114 10 .4365 12.105 10
3 0 .63 12.465 10 1.53 13.365 10 -.36 12.465 10
4 0 -.36 12.465 10 .018 11.8215 10 .3195 12.1185 10 .315 12.132 10
4 0 -.36 12.465 10 .315 12.132 10 .333 12.1365 10 .63 12.465 10
4 0 -.36 12.465 10 -.4725 12.24 10 -.36 11.025 10 .018 11.8215 10
4 0 -.36 12.465 10 -.666 12.3795 10 -.5265 12.267 10 -.504 12.267 10
3 0 -.36 12.465 10 -.459 12.609 10 -.477 12.6045 10
3 0 -.36 12.465 10 -.45 12.6225 10 -.459 12.609 10
3 0 -.36 12.465 10 -.4365 12.6675 10 -.45 12.6225 10
3 0 -.36 12.465 10 -.423 12.789 10 -.4365 12.6675 10
3 0 -.36 12.465 10 -.207 12.9915 10 -.2295 12.969 10
3 0 -.36 12.465 10 .27 13.5 10 -.207 12.9915 10
4 0 -1.0305 12.465 10 -1.08 12.3165 10 -1.0305 12.285 10 -.9765 12.4425 10
4 12 -1.575 12.4695 10 -1.5795 12.447 10 -1.5345 12.4515 10 -1.5075 12.465 10
4 0 -3.2355 12.474 10 -3.33 12.465 10 -3.33 12.4245 10 -3.2715 12.429 10
4 0 2.628 12.4785 10 2.547 12.375 10 2.5065 12.3165 10 2.628 12.357 10
4 12 -1.089 12.492 10 -1.1295 12.366 10 -1.08 12.3165 10 -1.0305 12.465 10
4 12 -1.539 12.501 10 -1.575 12.4695 10 -1.5075 12.465 10 -1.476 12.483 10
4 0 1.503 12.5145 10 1.1025 12.159 10 1.44 12.4245 10 1.467 12.4605 10
4 12 -1.152 12.519 10 -1.1745 12.4065 10 -1.1295 12.366 10 -1.089 12.492 10
4 0 -3.2085 12.519 10 -3.33 12.501 10 -3.33 12.465 10 -3.2355 12.474 10
4 12 -1.503 12.5235 10 -1.539 12.501 10 -1.476 12.483 10 -1.449 12.4965 10
4 12 -1.2015 12.5415 10 -1.2105 12.447 10 -1.1745 12.4065 10 -1.152 12.519 10
4 12 -1.467 12.5415 10 -1.503 12.5235 10 -1.449 12.4965 10 -1.4175 12.501 10
4 0 -2.8755 12.5415 10 -2.934 12.429 10 -2.8125 12.384 10 -2.7405 12.483 10
4 12 -1.251 12.555 10 -1.2555 12.483 10 -1.2105 12.447 10 -1.2015 12.5415 10
4 12 -1.4175 12.555 10 -1.467 12.5415 10 -1.4175 12.501 10 -1.386 12.5055 10
4 0 3.033 12.5595 10 2.8935 12.4605 10 2.8305 12.348 10 2.853 12.2175 10
4 12 -1.3185 12.5595 10 -1.3095 12.501 10 -1.2555 12.483 10 -1.251 12.555 10
4 12 -1.3185 12.5595 10 -1.3725 12.5595 10 -1.341 12.5055 10 -1.3095 12.501 10
4 12 -1.3725 12.5595 10 -1.4175 12.555 10 -1.386 12.5055 10 -1.341 12.5055 10
3 0 2.5155 12.5775 10 2.619 12.708 10 2.4525 12.582 10
4 0 -.846 12.5865 10 -.8415 12.465 10 -.8055 12.456 10 -.819 12.582 10
4 0 1.998 12.591 10 2.007 12.411 10 2.133 12.456 10 2.07 12.5235 10
4 0 1.863 12.591 10 1.89 12.105 10 1.9845 12.3705 10 1.98 12.393 10
4 0 -.8775 12.591 10 -.891 12.483 10 -.8415 12.465 10 -.846 12.5865 10
4 0 -.918 12.6 10 -.936 12.5055 10 -.891 12.483 10 -.8775 12.591 10
4 0 -3.159 12.6 10 -3.312 12.573 10 -3.33 12.501 10 -3.2085 12.519 10
4 0 -.4995 12.609 10 -.675 12.393 10 -.36 12.465 10 -.477 12.6045 10
4 0 -.9585 12.618 10 -.9765 12.537 10 -.936 12.5055 10 -.918 12.6 10
4 0 -.99 12.636 10 -1.0125 12.5685 10 -.9765 12.537 10 -.9585 12.618 10
4 0 -.5535 12.6405 10 -.702 12.411 10 -.675 12.393 10 -.4995 12.609 10
4 0 1.935 12.645 10 1.863 12.591 10 2.007 12.411 10 1.998 12.591 10
4 0 -2.826 12.645 10 -2.8755 12.5415 10 -2.7405 12.483 10 -2.6685 12.6 10
4 0 2.781 12.6495 10 2.6865 12.546 10 2.628 12.4785 10 2.628 12.357 10
3 0 2.781 12.6495 10 3.06 12.825 10 2.835 12.717 10
4 12 -1.017 12.654 10 -1.044 12.5955 10 -1.0125 12.5685 10 -.99 12.636 10
4 12 -1.044 12.672 10 -1.0665 12.6135 10 -1.044 12.5955 10 -1.017 12.654 10
4 0 -.6075 12.681 10 -.7335 12.429 10 -.702 12.411 10 -.5535 12.6405 10
3 0 1.6155 12.6855 10 1.665 12.87 10 1.593 12.6495 10
4 12 -1.0665 12.69 10 -1.0935 12.636 10 -1.0665 12.6135 10 -1.044 12.672 10
4 0 -.648 12.6945 10 -.7695 12.4425 10 -.7335 12.429 10 -.6075 12.681 10
4 0 -3.0915 12.6945 10 -3.276 12.663 10 -3.312 12.573 10 -3.159 12.6 10
4 0 2.6325 12.699 10 2.5695 12.5775 10 2.6145 12.5865 10 2.6505 12.6045 10
4 0 2.6325 12.699 10 2.6505 12.6045 10 2.682 12.6225 10 2.7135 12.645 10
4 0 2.646 12.7035 10 2.6325 12.699 10 2.7135 12.645 10 2.7405 12.672 10
4 0 1.8675 12.7035 10 1.863 12.591 10 1.935 12.645 10 1.8945 12.681 10
4 0 -.711 12.7035 10 -.8055 12.456 10 -.7695 12.4425 10 -.648 12.6945 10
4 0 -.711 12.7035 10 -.7965 12.6045 10 -.801 12.5865 10 -.8055 12.456 10
4 0 2.619 12.708 10 2.5155 12.5775 10 2.5695 12.5775 10 2.6325 12.699 10
3 0 1.962 12.708 10 2.52 12.915 10 1.9035 12.735 10
4 0 1.665 12.708 10 1.6515 12.681 10 1.6335 12.6405 10 1.89 12.105 10
4 12 -1.089 12.708 10 -1.1205 12.663 10 -1.0935 12.636 10 -1.0665 12.69 10
3 0 1.6335 12.7125 10 1.665 12.87 10 1.6155 12.6855 10
4 0 -.7605 12.7125 10 -.8055 12.618 10 -.7965 12.6045 10 -.711 12.7035 10
3 0 2.835 12.717 10 3.06 12.825 10 2.889 12.7845 10
4 0 2.6595 12.717 10 2.646 12.7035 10 2.7405 12.672 10 2.763 12.699 10
4 0 -.792 12.726 10 -.8325 12.627 10 -.8055 12.618 10 -.7605 12.7125 10
4 12 -1.116 12.7305 10 -1.143 12.6855 10 -1.1205 12.663 10 -1.089 12.708 10
4 0 2.673 12.735 10 2.6595 12.717 10 2.763 12.699 10 2.7855 12.7305 10
3 0 1.8495 12.7395 10 1.665 12.87 10 1.8495 12.7215 10
4 12 -1.134 12.7395 10 -1.1475 12.7215 10 -1.143 12.6855 10 -1.116 12.7305 10
3 0 2.628 12.744 10 2.52 12.915 10 2.619 12.726 10
3 0 1.881 12.744 10 1.98 13.005 10 1.863 12.7485 10
3 0 1.656 12.744 10 1.665 12.87 10 1.6335 12.7125 10
4 0 -.8325 12.744 10 -.873 12.636 10 -.8325 12.627 10 -.792 12.726 10
3 0 1.674 12.753 10 1.665 12.87 10 1.656 12.744 10
4 0 2.808 12.762 10 2.6865 12.7575 10 2.673 12.735 10 2.7855 12.7305 10
3 0 2.6415 12.762 10 2.52 12.915 10 2.628 12.744 10
4 0 -.873 12.7665 10 -.9225 12.6585 10 -.873 12.636 10 -.8325 12.744 10
4 0 -2.79 12.78 10 -2.826 12.645 10 -2.6685 12.6 10 -2.6235 12.71115 10
3 0 -.423 12.789 10 -.2655 13.005 10 -.4365 12.942 10
4 0 -.9135 12.789 10 -.954 12.6855 10 -.9225 12.6585 10 -.873 12.7665 10
4 0 -3.006 12.789 10 -3.222 12.7485 10 -3.276 12.663 10 -3.0915 12.6945 10
4 0 2.826 12.798 10 2.6955 12.7755 10 2.6865 12.7575 10 2.808 12.762 10
3 0 2.6775 12.8115 10 2.52 12.915 10 2.664 12.7935 10
4 0 -.945 12.816 10 -.9945 12.7215 10 -.954 12.6855 10 -.9135 12.789 10
4 0 3.06 12.825 10 2.8935 12.4605 10 3.033 12.5595 10 3.177 12.7935 10
4 0 3.06 12.825 10 2.781 12.6495 10 2.628 12.357 10 2.8935 12.4605 10
3 0 3.06 12.825 10 2.916 12.843 10 2.889 12.7845 10
3 0 3.06 12.825 10 2.934 12.9105 10 2.916 12.843 10
4 0 2.8485 12.8385 10 2.7 12.7935 10 2.6955 12.7755 10 2.826 12.798 10
4 12 -.9855 12.843 10 -1.026 12.7665 10 -.9945 12.7215 10 -.945 12.816 10
4 0 1.665 12.87 10 1.1025 12.159 10 1.503 12.5145 10 1.539 12.564 10
4 0 1.665 12.87 10 1.539 12.564 10 1.566 12.6045 10 1.593 12.6495 10
4 0 1.665 12.87 10 1.863 12.591 10 1.8675 12.7035 10 1.8495 12.7215 10
4 0 1.665 12.87 10 1.674 12.753 10 1.89 12.105 10 1.863 12.591 10
3 0 3.15 12.8745 10 3.1455 12.888 10 3.06 12.825 10
4 0 3.1635 12.879 10 3.15 12.8745 10 3.06 12.825 10 3.177 12.7935 10
4 12 -1.026 12.879 10 -1.053 12.816 10 -1.026 12.7665 10 -.9855 12.843 10
4 0 -2.9025 12.8835 10 -3.1536 12.8385 10 -3.222 12.7485 10 -3.006 12.789 10
4 0 3.177 12.888 10 3.1635 12.879 10 3.177 12.7935 10 3.213 12.8565 10
3 0 3.1455 12.888 10 3.1455 12.906 10 3.06 12.825 10
4 0 2.8575 12.8925 10 2.6955 12.816 10 2.7 12.7935 10 2.8485 12.8385 10
4 12 -1.0485 12.897 10 -1.071 12.843 10 -1.053 12.816 10 -1.026 12.879 10
4 0 -2.781 12.897 10 -2.79 12.78 10 -2.6235 12.71115 10 -2.592 12.825 10
3 0 3.24 12.9015 10 3.213 12.9375 10 3.1995 12.915 10
4 0 3.1995 12.915 10 3.177 12.888 10 3.213 12.8565 10 3.24 12.9015 10
4 0 2.52 12.915 10 2.4525 12.582 10 2.619 12.708 10 2.619 12.726 10
4 0 2.52 12.915 10 2.232 12.6225 10 2.3715 12.5955 10 2.4525 12.582 10
4 0 2.52 12.915 10 1.962 12.708 10 2.052 12.672 10 2.232 12.6225 10
4 0 2.52 12.915 10 2.6415 12.762 10 2.655 12.78 10 2.664 12.7935 10
3 0 2.52 12.915 10 2.2725 13.041 10 2.2545 13.041 10
3 0 2.52 12.915 10 2.4885 13.059 10 2.4615 13.059 10
3 0 2.52 12.915 10 2.511 13.068 10 2.4885 13.059 10
3 0 2.52 12.915 10 2.529 13.0905 10 2.511 13.068 10
4 12 -1.0755 12.915 10 -1.089 12.8655 10 -1.071 12.843 10 -1.0485 12.897 10
4 12 -1.1025 12.9285 10 -1.107 12.8835 10 -1.089 12.8655 10 -1.0755 12.915 10
4 12 -1.125 12.9375 10 -1.125 12.897 10 -1.107 12.8835 10 -1.1025 12.9285 10
4 12 -1.125 12.9375 10 -1.152 12.9375 10 -1.1385 12.906 10 -1.125 12.897 10
4 12 -1.152 12.9375 10 -1.1565 12.9195 10 -1.1475 12.9105 10 -1.1385 12.906 10
4 0 -3.339 12.951 10 -3.402 12.897 10 -3.384 12.879 10 -3.366 12.888 10
4 0 -2.583 12.9546 10 -2.79 12.9465 10 -2.781 12.897 10 -2.592 12.825 10
4 0 -2.817 12.96 10 -3.096 12.915 10 -3.1536 12.8385 10 -2.9025 12.8835 10
3 0 -2.817 12.96 10 -3.033 13.005 10 -3.096 12.915 10
4 0 3.2265 12.969 10 3.213 12.9375 10 3.24 12.9015 10 3.267 12.96 10
3 0 -.2295 12.969 10 -.2565 12.9825 10 -.36 12.465 10
3 0 -.207 12.9915 10 .27 13.5 10 -.2025 13.041 10
3 0 3.2265 13.005 10 3.285 13.041 10 3.2175 13.0185 10
4 0 1.98 13.005 10 1.881 12.744 10 1.9035 12.735 10 2.52 12.915 10
4 0 1.98 13.005 10 1.665 12.87 10 1.8495 12.7395 10 1.863 12.7485 10
3 0 1.98 13.005 10 1.53 13.365 10 1.665 12.87 10
4 0 -.2655 13.005 10 -.423 12.789 10 -.36 12.465 10 -.2565 12.9825 10
3 0 -.2655 13.005 10 -.477 13.068 10 -.4365 12.942 10
3 0 -.2655 13.005 10 -.531 13.203 10 -.477 13.068 10
4 0 -3.312 13.014 10 -3.42 12.933 10 -3.402 12.897 10 -3.339 12.951 10
3 0 3.2175 13.0185 10 3.15 13.095 10 3.204 13.0185 10
3 0 3.204 13.0185 10 3.15 13.095 10 3.1905 13.005 10
4 0 3.285 13.041 10 3.2265 13.005 10 3.2265 12.969 10 3.267 12.96 10
3 0 2.2545 13.041 10 2.223 13.05 10 2.52 12.915 10
3 0 -.2025 13.041 10 .27 13.5 10 -.207 13.095 10
4 0 2.853 13.059 10 2.6955 12.816 10 2.8575 12.8925 10 2.862 12.9555 10
4 0 2.853 13.059 10 2.52 12.915 10 2.6775 12.8115 10 2.6955 12.816 10
3 0 2.4615 13.059 10 2.43 13.0635 10 2.52 12.915 10
4 0 2.196 13.059 10 1.98 13.005 10 2.52 12.915 10 2.223 13.05 10
3 0 2.196 13.059 10 2.1645 13.0725 10 1.98 13.005 10
4 0 2.43 13.0635 10 2.2905 13.0545 10 2.2725 13.041 10 2.52 12.915 10
3 0 2.43 13.0635 10 2.403 13.077 10 2.2905 13.0545 10
3 0 2.2815 13.0725 10 2.3355 13.1265 10 2.259 13.086 10
3 0 2.1645 13.0725 10 2.124 13.0905 10 1.98 13.005 10
4 0 -2.583 13.0725 10 -2.817 12.96 10 -2.79 12.9465 10 -2.583 12.9546 10
3 0 -2.583 13.0725 10 -2.5965 13.1895 10 -2.817 12.96 10
3 0 2.403 13.077 10 2.376 13.095 10 2.2905 13.0545 10
3 0 3.285 13.0815 10 3.2895 13.113 10 3.15 13.095 10
3 0 2.259 13.086 10 2.3355 13.1265 10 2.2365 13.095 10
3 0 2.124 13.0905 10 2.097 13.104 10 1.98 13.005 10
4 0 3.15 13.095 10 3.06 12.825 10 3.1455 12.906 10 3.159 12.9465 10
4 0 3.15 13.095 10 3.159 12.9465 10 3.177 12.978 10 3.1905 13.005 10
4 0 3.15 13.095 10 2.952 12.978 10 2.934 12.9105 10 3.06 12.825 10
4 0 3.15 13.095 10 3.2175 13.0185 10 3.285 13.041 10 3.285 13.0815 10
4 0 3.15 13.095 10 2.961 13.0545 10 2.9475 13.014 10 2.952 12.978 10
3 0 3.15 13.095 10 2.997 13.104 10 2.961 13.0545 10
3 0 3.15 13.095 10 3.015 13.131 10 2.997 13.104 10
3 0 3.15 13.095 10 3.0195 13.1625 10 3.015 13.131 10
3 0 -.207 13.095 10 .27 13.5 10 -.2205 13.167 10
3 0 -.2835 13.095 10 -.585 13.311 10 -.2745 13.041 10
3 0 -2.997 13.095 10 -2.5965 13.1895 10 -2.979 13.158 10
4 0 -3.276 13.095 10 -3.42 13.041 10 -3.42 12.933 10 -3.312 13.014 10
3 0 2.097 13.104 10 2.061 13.122 10 1.98 13.005 10
3 0 2.538 13.1175 10 2.61 13.185 10 2.5335 13.167 10
3 0 2.061 13.122 10 2.034 13.1355 10 1.98 13.005 10
4 0 2.3355 13.1265 10 2.2815 13.0725 10 2.2905 13.0545 10 2.376 13.095 10
4 0 2.3355 13.1265 10 2.1645 13.1265 10 2.2005 13.1085 10 2.2365 13.095 10
4 0 2.3355 13.1265 10 2.2995 13.1535 10 2.2365 13.1985 10 2.106 13.1625 10
3 0 2.034 13.1355 10 2.0115 13.149 10 1.98 13.005 10
3 0 2.0115 13.149 10 1.9845 13.167 10 1.98 13.005 10
4 0 2.106 13.1625 10 2.133 13.1445 10 2.1645 13.1265 10 2.3355 13.1265 10
3 0 -.2205 13.167 10 .27 13.5 10 -.2385 13.239 10
3 0 -.2925 13.167 10 -.585 13.311 10 -.2835 13.095 10
4 0 -3.231 13.1778 10 -3.402 13.095 10 -3.42 13.041 10 -3.276 13.095 10
4 0 2.61 13.185 10 2.538 13.1175 10 2.529 13.0905 10 2.52 12.915 10
3 0 2.61 13.185 10 2.52 13.2255 10 2.5335 13.167 10
3 0 2.61 13.185 10 2.484 13.4145 10 2.493 13.356 10
4 0 -2.5965 13.1895 10 -2.997 13.095 10 -3.033 13.005 10 -2.817 12.96 10
3 0 -2.5965 13.1895 10 -2.9727 13.2372 10 -2.979 13.158 10
3 0 2.0565 13.194 10 2.079 13.293 10 2.0295 13.212 10
4 0 1.9305 13.203 10 1.98 13.005 10 1.9845 13.167 10 1.953 13.1895 10
3 0 2.0295 13.212 10 2.079 13.293 10 2.0025 13.23 10
4 0 2.835 13.2255 10 2.61 13.185 10 2.52 12.915 10 2.853 13.059 10
3 0 2.835 13.2255 10 2.7225 13.2975 10 2.718 13.2795 10
3 0 2.835 13.2255 10 2.727 13.3155 10 2.7225 13.2975 10
3 0 2.835 13.2255 10 2.727 13.3425 10 2.727 13.3155 10
3 0 2.835 13.2255 10 2.727 13.3785 10 2.727 13.3425 10
3 0 2.835 13.2255 10 2.727 13.4055 10 2.727 13.3785 10
3 0 -3.33 13.23 10 -3.069 13.356 10 -3.249 13.347 10
3 0 -.2385 13.239 10 .27 13.5 10 -.27 13.3155 10
3 0 1.971 13.248 10 1.53 13.365 10 1.935 13.2525 10
3 0 1.908 13.248 10 1.53 13.365 10 1.9125 13.2165 10
3 0 1.935 13.2525 10 1.53 13.365 10 1.908 13.248 10
3 0 2.7045 13.2705 10 2.6865 13.2795 10 2.61 13.185 10
4 0 3.33 13.275 10 3.15 13.095 10 3.2895 13.113 10 3.303 13.1535 10
4 0 3.33 13.275 10 3.303 13.1535 10 3.33 13.2075 10 3.3525 13.257 10
3 0 3.33 13.275 10 3.312 13.374 10 3.2985 13.3695 10
3 0 -2.97 13.275 10 -2.628 13.338 10 -2.979 13.338 10
4 0 -3.15 13.275 10 -3.366 13.167 10 -3.402 13.095 10 -3.231 13.1778 10
4 0 2.718 13.2795 10 2.7045 13.2705 10 2.61 13.185 10 2.835 13.2255 10
3 0 2.6865 13.2795 10 2.682 13.2975 10 2.61 13.185 10
4 0 2.079 13.293 10 2.106 13.1625 10 2.2365 13.1985 10 2.1645 13.2435 10
4 0 2.079 13.293 10 2.0565 13.194 10 2.0835 13.176 10 2.106 13.1625 10
3 0 2.682 13.2975 10 2.67975 13.32 10 2.61 13.185 10
4 0 -.585 13.311 10 -.2925 13.167 10 -.315 13.2255 10 -.342 13.2885 10
4 0 -.585 13.311 10 -.531 13.203 10 -.2655 13.005 10 -.2745 13.041 10
3 0 -.585 13.311 10 -.7695 13.842 10 -.9 13.815 10
3 0 -.27 13.3155 10 .27 13.5 10 -.3105 13.392 10
4 0 2.007 13.3335 10 1.971 13.248 10 2.0025 13.23 10 2.079 13.293 10
3 0 2.007 13.3335 10 1.926 13.383 10 1.971 13.248 10
4 0 -2.628 13.338 10 -2.97 13.275 10 -2.9727 13.2372 10 -2.5965 13.1895 10
4 0 3.024 13.3425 10 3.0105 13.2075 10 3.0195 13.1625 10 3.15 13.095 10
4 0 3.024 13.3425 10 2.9565 13.293 10 2.979 13.248 10 3.0105 13.2075 10
4 0 2.493 13.356 10 2.502 13.2885 10 2.52 13.2255 10 2.61 13.185 10
4 0 -3.069 13.356 10 -3.33 13.23 10 -3.366 13.167 10 -3.15 13.275 10
4 0 1.53 13.365 10 .63 12.465 10 1.1025 12.159 10 1.665 12.87 10
4 0 1.53 13.365 10 1.98 13.005 10 1.9305 13.203 10 1.9125 13.2165 10
3 0 1.53 13.365 10 1.161 13.725 10 1.134 13.725 10
3 0 1.53 13.365 10 1.161 13.752 10 1.161 13.725 10
3 0 1.53 13.365 10 1.1385 13.806 10 1.161 13.752 10
4 0 3.312 13.374 10 3.33 13.275 10 3.3525 13.257 10 3.366 13.2885 10
4 0 2.961 13.374 10 2.952 13.3335 10 2.9565 13.293 10 3.024 13.3425 10
4 0 2.673 13.383 10 2.61 13.185 10 2.67975 13.32 10 2.6775 13.3515 10
3 0 2.673 13.383 10 2.673 13.4145 10 2.61 13.185 10
3 0 1.926 13.383 10 1.845 13.437 10 1.971 13.248 10
3 0 -3.006 13.383 10 -2.673 13.4955 10 -3.042 13.383 10
4 0 3.3255 13.3875 10 3.312 13.374 10 3.366 13.2885 10 3.375 13.3245 10
3 0 -.3105 13.392 10 .27 13.5 10 -.351 13.464 10
3 0 3.2805 13.401 10 3.15 13.455 10 3.285 13.383 10
4 0 3.3345 13.41 10 3.3255 13.3875 10 3.375 13.3245 10 3.384 13.3605 10
3 0 2.484 13.4145 10 2.52 13.635 10 2.4795 13.5495 10
4 0 -.414 13.4235 10 -.585 13.311 10 -.342 13.2885 10 -.3735 13.3515 10
3 0 3.2805 13.428 10 3.15 13.455 10 3.2805 13.401 10
3 0 3.2805 13.428 10 3.2895 13.4595 10 3.15 13.455 10
4 0 2.727 13.437 10 2.727 13.4055 10 2.835 13.2255 10 2.799 13.41 10
4 0 3.402 13.446 10 3.3345 13.41 10 3.384 13.3605 10 3.393 13.401 10
4 0 3.006 13.446 10 2.979 13.4055 10 2.961 13.374 10 3.024 13.3425 10
4 0 3.15 13.455 10 3.33 13.275 10 3.2985 13.3695 10 3.285 13.383 10
4 0 3.15 13.455 10 3.024 13.3425 10 3.15 13.095 10 3.33 13.275 10
4 0 1.827 13.455 10 1.53 13.365 10 1.971 13.248 10 1.845 13.437 10
3 0 1.827 13.455 10 1.809 13.482 10 1.53 13.365 10
4 0 -3.204 13.455 10 -3.249 13.347 10 -3.069 13.356 10 -3.042 13.383 10
3 0 3.2895 13.4595 10 3.2985 13.482 10 3.15 13.455 10
3 0 2.7225 13.473 10 2.781 13.5315 10 2.718 13.5 10
4 0 2.664 13.4775 10 2.61 13.185 10 2.673 13.4145 10 2.6685 13.4505 10
3 0 3.2985 13.482 10 3.312 13.491 10 3.15 13.455 10
4 0 3.0375 13.482 10 3.006 13.446 10 3.024 13.3425 10 3.15 13.455 10
4 0 3.4065 13.491 10 3.339 13.437 10 3.3345 13.41 10 3.402 13.446 10
4 0 -2.673 13.4955 10 -3.006 13.383 10 -2.979 13.338 10 -2.628 13.338 10
3 0 .27 13.5 10 -.3915 13.527 10 -.351 13.464 10
3 0 .27 13.5 10 -.4365 13.5855 10 -.3915 13.527 10
4 0 3.4065 13.527 10 3.3345 13.4685 10 3.339 13.437 10 3.4065 13.491 10
4 0 2.781 13.5315 10 2.7225 13.473 10 2.727 13.437 10 2.799 13.41 10
3 0 -.747 13.536 10 -.9 13.815 10 -.8505 13.653 10
3 0 2.4795 13.5495 10 2.52 13.635 10 2.475 13.635 10
4 0 -.504 13.5585 10 -.585 13.311 10 -.414 13.4235 10 -.459 13.5 10
4 0 3.195 13.563 10 3.1095 13.5225 10 3.0375 13.482 10 3.15 13.455 10
3 0 2.7 13.563 10 2.7585 13.698 10 2.6865 13.5945 10
3 0 2.6415 13.5675 10 2.52 13.635 10 2.6505 13.536 10
4 0 1.71 13.581 10 1.53 13.365 10 1.809 13.482 10 1.773 13.527 10
3 0 2.6865 13.5945 10 2.7 13.725 10 2.673 13.6215 10
3 0 2.637 13.5945 10 2.52 13.635 10 2.6415 13.5675 10
4 0 2.772 13.599 10 2.709 13.5315 10 2.718 13.5 10 2.781 13.5315 10
4 0 3.402 13.6035 10 3.3345 13.4685 10 3.4065 13.527 10 3.4065 13.572 10
4 0 3.303 13.608 10 3.195 13.563 10 3.15 13.455 10 3.312 13.491 10
4 0 3.3885 13.617 10 3.3255 13.4865 10 3.3345 13.4685 10 3.402 13.6035 10
4 0 3.3705 13.617 10 3.312 13.491 10 3.3255 13.4865 10 3.3885 13.617 10
4 0 3.3345 13.617 10 3.303 13.608 10 3.312 13.491 10 3.3705 13.617 10
4 0 2.52 13.635 10 2.484 13.4145 10 2.61 13.185 10 2.664 13.4775 10
4 0 2.52 13.635 10 2.664 13.4775 10 2.6595 13.5045 10 2.6505 13.536 10
3 0 2.475 13.635 10 2.52 13.725 10 2.4615 13.725 10
4 0 -2.7 13.635 10 -3.204 13.455 10 -3.042 13.383 10 -2.673 13.4955 10
4 0 2.628 13.653 10 2.52 13.635 10 2.637 13.5945 10 2.6325 13.626 10
3 0 2.628 13.653 10 2.637 13.671 10 2.52 13.635 10
4 0 1.557 13.653 10 1.53 13.365 10 1.71 13.581 10 1.647 13.617 10
3 0 -.495 13.653 10 -.36 14.265 10 -.5445 13.698 10
3 0 -.8505 13.653 10 -.9 13.815 10 -.945 13.752 10
3 0 2.6505 13.662 10 2.7 13.725 10 2.637 13.671 10
3 0 2.637 13.671 10 2.7 13.725 10 2.52 13.635 10
4 0 -.5985 13.671 10 -.585 13.311 10 -.504 13.5585 10 -.549 13.617 10
3 0 -.5985 13.671 10 -.6255 13.698 10 -.585 13.311 10
4 0 1.4625 13.6755 10 1.53 13.365 10 1.557 13.653 10 1.5075 13.6665 10
3 0 1.4625 13.6755 10 1.431 13.698 10 1.53 13.365 10
4 0 2.7585 13.698 10 2.7 13.563 10 2.709 13.5315 10 2.772 13.599 10
3 0 1.431 13.698 10 1.4085 13.7295 10 1.53 13.365 10
3 0 -.5445 13.698 10 -.36 14.265 10 -.5895 13.7385 10
4 0 2.7 13.725 10 2.6505 13.662 10 2.655 13.6485 10 2.673 13.6215 10
4 0 2.7 13.725 10 2.52 13.725 10 2.475 13.635 10 2.52 13.635 10
3 0 2.52 13.725 10 2.421 13.815 10 2.4615 13.725 10
4 0 1.134 13.725 10 .27 13.5 10 -.36 12.465 10 1.53 13.365 10
3 0 1.134 13.725 10 1.089 13.761 10 .27 13.5 10
3 0 1.4085 13.7295 10 1.3545 13.815 10 1.53 13.365 10
3 0 -.5895 13.7385 10 -.36 14.265 10 -.621 13.7655 10
4 0 2.754 13.7565 10 2.7 13.725 10 2.6865 13.5945 10 2.7585 13.698 10
4 0 -.6885 13.761 10 -.585 13.311 10 -.6255 13.698 10 -.657 13.734 10
3 0 -.6885 13.761 10 -.729 13.797 10 -.585 13.311 10
3 0 -.621 13.7655 10 -.36 14.265 10 -.666 13.797 10
4 0 -2.727 13.7745 10 -3.177 13.59 10 -3.204 13.455 10 -2.7 13.635 10
3 0 -.666 13.797 10 -.36 14.265 10 -.702 13.8195 10
4 0 -.9 13.815 10 -.747 13.536 10 -.657 13.41 10 -.585 13.311 10
3 0 -.9 13.815 10 -1.089 13.851 10 -.945 13.752 10
3 0 -.702 13.8195 10 -.36 14.265 10 -.7335 13.8375 10
3 0 -.7335 13.8375 10 -.36 14.265 10 -.7515 13.8465 10
4 0 -.7695 13.842 10 -.585 13.311 10 -.729 13.797 10 -.7515 13.824 10
3 0 -.7515 13.8465 10 -.36 14.265 10 -.7695 13.842 10
4 0 .981 13.8825 10 .27 13.5 10 1.089 13.761 10 1.044 13.815 10
3 0 .981 13.8825 10 .9 13.9725 10 .27 13.5 10
4 0 2.7225 13.8915 10 2.7 13.725 10 2.754 13.7565 10 2.7405 13.842 10
4 0 -2.7378 13.9086 10 -3.168 13.77 10 -3.177 13.59 10 -2.727 13.7745 10
3 0 -2.7378 13.9086 10 -2.907 13.959 10 -2.916 13.941 10
4 0 -2.916 13.941 10 -3.177 13.905 10 -3.168 13.77 10 -2.7378 13.9086 10
3 0 -2.916 13.941 10 -2.934 13.959 10 -3.177 13.905 10
4 0 2.3625 13.9455 10 2.421 13.815 10 2.52 13.725 10 2.7 13.725 10
3 0 .9 13.9725 10 .819 14.067 10 .27 13.5 10
4 0 -2.907 13.995 10 -2.907 13.959 10 -2.7378 13.9086 10 -2.7405 13.977 10
3 0 2.349 14.022 10 2.43 14.175 10 2.349 14.067 10
3 0 .9675 14.04 10 .972 14.211 10 .9 14.121 10
4 0 -2.9565 14.04 10 -3.177 13.905 10 -2.934 13.959 10 -2.943 13.995 10
3 0 1.188 14.058 10 .972 14.211 10 1.2645 13.9455 10
3 0 2.349 14.067 10 2.43 14.175 10 2.349 14.1075 10
4 0 -2.745 14.076 10 -2.9115 14.031 10 -2.907 13.995 10 -2.7405 13.977 10
4 0 -1.395 14.094 10 -1.251 13.9725 10 -1.089 13.851 10 -.9 13.815 10
3 0 -1.395 14.094 10 -1.62 14.805 10 -1.521 14.22 10
3 0 -2.9655 14.1012 10 -2.979 14.166 10 -3.2013 14.1237 10
3 0 2.349 14.1075 10 2.43 14.175 10 2.34 14.1345 10
3 0 .9 14.121 10 .972 14.211 10 .828 14.202 10
4 0 -3.2013 14.1237 10 -3.177 13.905 10 -2.9565 14.04 10 -2.9655 14.1012 10
3 0 2.34 14.1345 10 2.43 14.175 10 2.322 14.1525 10
4 0 2.637 14.175 10 2.61 14.175 10 2.6955 14.094 10 2.6775 14.1345 10
3 0 2.637 14.175 10 2.6055 14.22 10 2.61 14.175 10
4 0 2.61 14.175 10 2.7 13.725 10 2.7225 13.8915 10 2.7135 13.977 10
4 0 2.61 14.175 10 2.7135 13.977 10 2.7135 14.04 10 2.6955 14.094 10
4 0 2.61 14.175 10 2.43 14.175 10 2.3625 13.9455 10 2.7 13.725 10
4 0 2.43 14.175 10 2.349 14.022 10 2.3535 13.9815 10 2.3625 13.9455 10
3 0 2.43 14.175 10 2.286 14.1795 10 2.322 14.1525 10
3 0 2.286 14.1795 10 2.16 14.265 10 2.2365 14.1975 10
4 0 -2.745 14.184 10 -2.9115 14.0877 10 -2.9115 14.031 10 -2.745 14.076 10
4 0 .972 14.211 10 1.53 13.365 10 1.3545 13.815 10 1.2645 13.9455 10
4 0 .972 14.211 10 1.098 13.869 10 1.1385 13.806 10 1.53 13.365 10
4 0 .972 14.211 10 .9675 14.04 10 1.035 13.95 10 1.098 13.869 10
3 0 .972 14.211 10 .756 14.274 10 .828 14.202 10
3 0 .972 14.211 10 .6795 14.3505 10 .756 14.274 10
4 0 -2.9115 14.2245 10 -2.916 14.148 10 -2.9115 14.0877 10 -2.745 14.184 10
4 0 .657 14.238 10 .27 13.5 10 .819 14.067 10 .738 14.157 10
4 0 2.16 14.265 10 2.286 14.1795 10 2.43 14.175 10 2.61 14.175 10
4 0 2.16 14.265 10 2.1375 14.238 10 2.178 14.211 10 2.2365 14.1975 10
4 0 -.36 14.265 10 -.495 13.653 10 -.4365 13.5855 10 .27 13.5 10
4 0 -.36 14.265 10 -.9 14.265 10 -.9 13.815 10 -.7695 13.842 10
3 0 -.36 14.265 10 -.657 14.4 10 -.684 14.3865 10
3 0 -.36 14.265 10 -.621 14.4225 10 -.657 14.4 10
3 0 -.36 14.265 10 -.594 14.454 10 -.621 14.4225 10
3 0 -.36 14.265 10 -.567 14.49 10 -.594 14.454 10
3 0 -.36 14.265 10 -.549 14.5305 10 -.567 14.49 10
3 0 -.36 14.265 10 -.54 14.562 10 -.549 14.5305 10
3 0 -.9 14.265 10 -.72 14.3775 10 -.756 14.3775 10
4 0 -3.2166 14.2803 10 -3.2013 14.1237 10 -2.979 14.166 10 -2.9835 14.265 10
4 0 2.1015 14.292 10 2.1195 14.2605 10 2.1375 14.238 10 2.16 14.265 10
4 0 .594 14.301 10 -.36 14.265 10 .27 13.5 10 .657 14.238 10
4 0 -2.9115 14.3145 10 -2.9115 14.2245 10 -2.745 14.184 10 -2.7315 14.301 10
3 0 -.756 14.3775 10 -.783 14.391 10 -.9 14.265 10
4 0 -.684 14.3865 10 -.72 14.3775 10 -.9 14.265 10 -.36 14.265 10
4 0 -3.2193 14.3883 10 -3.2166 14.2803 10 -2.9835 14.265 10 -2.9835 14.355 10
4 0 2.079 14.391 10 2.088 14.3325 10 2.1015 14.292 10 2.16 14.265 10
3 0 -.783 14.391 10 -.783 14.4135 10 -.9 14.265 10
3 0 .603 14.4135 10 .4275 14.796 10 .531 14.472 10
4 0 -2.7135 14.418 10 -2.898 14.391 10 -2.9115 14.3145 10 -2.7315 14.301 10
3 0 -.765 14.4315 10 -.9 14.805 10 -.783 14.4135 10
4 0 .8415 14.436 10 .972 14.211 10 1.188 14.058 10 1.0215 14.265 10
4 0 .4635 14.436 10 -.36 14.265 10 .594 14.301 10 .531 14.3685 10
4 0 2.43 14.445 10 2.61 14.175 10 2.6055 14.22 10 2.5605 14.3055 10
3 0 2.43 14.445 10 2.34 14.5485 10 2.3265 14.5485 10
3 0 2.43 14.445 10 2.34 14.562 10 2.34 14.5485 10
3 0 -.729 14.4495 10 -.9 14.805 10 -.765 14.4315 10
4 0 -2.691 14.49 10 -2.88 14.481 10 -2.898 14.391 10 -2.7135 14.418 10
4 0 -3.2076 14.5143 10 -3.2193 14.3883 10 -2.9835 14.355 10 -2.979 14.436 10
4 0 2.4525 14.5305 10 2.43 14.445 10 2.5605 14.3055 10 2.4975 14.445 10
4 0 .3465 14.544 10 -.36 14.265 10 .4635 14.436 10 .414 14.4855 10
3 0 2.3265 14.5485 10 2.313 14.55525 10 2.43 14.445 10
3 0 2.313 14.55525 10 2.295 14.5665 10 2.43 14.445 10
4 0 -2.8395 14.5755 10 -2.88 14.481 10 -2.691 14.49 10 -2.6595 14.562 10
4 0 2.3355 14.58 10 2.34 14.562 10 2.43 14.445 10 2.4525 14.5305 10
3 0 .378 14.589 10 .4275 14.796 10 .3285 14.625 10
3 0 2.2545 14.598 10 2.16 14.625 10 2.2725 14.58 10
3 0 2.2545 14.598 10 2.2365 14.6295 10 2.16 14.625 10
4 0 2.3265 14.6025 10 2.3355 14.58 10 2.4525 14.5305 10 2.4255 14.58 10
3 0 -.54 14.6115 10 -.36 14.805 10 -.558 14.652 10
3 0 -.5985 14.616 10 -.9 14.805 10 -.612 14.562 10
4 0 -3.1896 14.6187 10 -3.2076 14.5143 10 -2.979 14.436 10 -2.952 14.5305 10
4 0 .2745 14.6205 10 -.36 14.265 10 .3465 14.544 10 .306 14.589 10
3 0 .2745 14.6205 10 .2565 14.643 10 -.36 14.265 10
4 0 2.16 14.625 10 2.16 14.265 10 2.61 14.175 10 2.43 14.445 10
4 0 2.16 14.625 10 2.43 14.445 10 2.295 14.5665 10 2.2725 14.58 10
4 0 2.16 14.625 10 2.0745 14.4675 10 2.079 14.391 10 2.16 14.265 10
4 0 2.16 14.625 10 2.0925 14.625 10 2.079 14.5485 10 2.0745 14.4675 10
3 0 .3285 14.625 10 .4275 14.796 10 .297 14.643 10
3 0 2.2365 14.6295 10 2.2365 14.6475 10 2.16 14.625 10
4 0 2.3895 14.634 10 2.313 14.625 10 2.3265 14.6025 10 2.4255 14.58 10
3 0 .297 14.643 10 .4275 14.796 10 .2745 14.652 10
3 0 -.5805 14.6565 10 -.9 14.805 10 -.5985 14.616 10
4 0 2.3535 14.6835 10 2.2995 14.6475 10 2.313 14.625 10 2.3895 14.634 10
4 0 -2.781 14.6835 10 -2.8395 14.5755 10 -2.6595 14.562 10 -2.61 14.643 10
4 0 2.115 14.7015 10 2.1015 14.6655 10 2.0925 14.625 10 2.16 14.625 10
4 0 -3.15 14.724 10 -3.1896 14.6187 10 -2.952 14.5305 10 -2.925 14.625 10
4 0 2.313 14.7375 10 2.277 14.661 10 2.2995 14.6475 10 2.3535 14.6835 10
4 0 -2.727 14.751 10 -2.781 14.6835 10 -2.61 14.643 10 -2.574 14.6925 10
4 0 2.1735 14.7735 10 2.142 14.7465 10 2.115 14.7015 10 2.16 14.625 10
4 0 2.2725 14.778 10 2.259 14.661 10 2.277 14.661 10 2.313 14.7375 10
3 0 2.2725 14.778 10 2.241 14.7915 10 2.259 14.661 10
4 0 2.241 14.7915 10 2.16 14.625 10 2.2365 14.6475 10 2.259 14.661 10
4 0 2.205 14.7915 10 2.1735 14.7735 10 2.16 14.625 10 2.241 14.7915 10
4 0 .4275 14.796 10 .972 14.211 10 .8415 14.436 10 .6885 14.58 10
4 0 .4275 14.796 10 .603 14.4135 10 .6795 14.3505 10 .972 14.211 10
4 0 .4275 14.796 10 .378 14.589 10 .459 14.526 10 .531 14.472 10
4 0 -.36 14.805 10 -.36 14.265 10 .2565 14.643 10 .252 14.6565 10
4 0 -.36 14.805 10 -.54 14.6115 10 -.54 14.562 10 -.36 14.265 10
4 0 -.36 14.805 10 .252 14.6565 10 .2745 14.652 10 .4275 14.796 10
4 0 -.36 14.805 10 -.9 14.805 10 -.5805 14.6565 10 -.558 14.652 10
3 0 -.36 14.805 10 -.54 14.994 10 -.558 14.9535 10
4 0 -.9 14.805 10 -.729 14.4495 10 -.702 14.463 10 -.657 14.4945 10
4 0 -.9 14.805 10 -.657 14.4945 10 -.6345 14.5215 10 -.612 14.562 10
4 0 -.9 14.805 10 -1.62 14.805 10 -.9 14.265 10 -.783 14.4135 10
4 0 -1.62 14.805 10 -1.395 14.094 10 -.9 13.815 10 -.9 14.265 10
4 0 -1.62 14.805 10 -1.7865 14.5575 10 -1.6785 14.409 10 -1.521 14.22 10
4 0 -2.673 14.805 10 -2.727 14.751 10 -2.574 14.6925 10 -2.538 14.733 10
4 0 -1.908 14.8185 10 -1.872 14.7195 10 -1.7865 14.5575 10 -1.62 14.805 10
4 0 -3.0825 14.841 10 -3.15 14.724 10 -2.925 14.625 10 -2.889 14.688 10
4 0 -2.61 14.868 10 -2.673 14.805 10 -2.538 14.733 10 -2.466 14.805 10
4 0 .297 14.895 10 -.36 14.805 10 .4275 14.796 10 .3645 14.8455 10
3 0 -2.322 14.9085 10 -2.223 14.9535 10 -2.547 14.949 10
4 0 -2.574 14.913 10 -2.61 14.868 10 -2.466 14.805 10 -2.394 14.868 10
4 0 -3.0195 14.9355 10 -3.0825 14.841 10 -2.889 14.688 10 -2.844 14.7555 10
4 0 -2.547 14.949 10 -2.574 14.913 10 -2.394 14.868 10 -2.322 14.9085 10
4 0 -.558 14.9535 10 -.585 14.9535 10 -.9 14.805 10 -.36 14.805 10
3 0 -.585 14.9535 10 -.594 14.985 10 -.9 14.805 10
4 0 .198 14.9625 10 -.36 14.805 10 .297 14.895 10 .252 14.9265 10
3 0 .198 14.9625 10 .126 15.012 10 -.36 14.805 10
3 0 -2.124 14.994 10 -2.16 15.255 10 -2.223 14.9535 10
4 0 -1.953 15.003 10 -1.935 14.922 10 -1.908 14.8185 10 -1.62 14.805 10
3 0 -1.953 15.003 10 -2.16 15.255 10 -2.124 14.994 10
3 0 .126 15.012 10 .0585 15.0615 10 -.36 14.805 10
3 0 .441 15.03 10 .441 15.075 10 .36 15.075 10
4 0 -2.925 15.0345 10 -3.0195 14.9355 10 -2.844 14.7555 10 -2.781 14.8275 10
4 0 .36 15.075 10 .4275 14.9175 10 .4365 14.985 10 .441 15.03 10
4 0 .36 15.075 10 .3645 14.9445 10 .4005 14.9265 10 .4275 14.9175 10
4 0 .36 15.075 10 .2925 14.9895 10 .324 14.967 10 .3645 14.9445 10
4 0 .36 15.075 10 .198 15.0525 10 .243 15.021 10 .2925 14.9895 10
3 0 .36 15.075 10 .153 15.084 10 .198 15.0525 10
3 0 .36 15.075 10 .009 15.201 10 .054 15.165 10
4 0 -2.79 15.1245 10 -2.925 15.0345 10 -2.781 14.8275 10 -2.7135 14.8905 10
4 0 -.063 15.1515 10 -.36 14.805 10 .0585 15.0615 10 -.0135 15.1155 10
3 0 -.063 15.1515 10 -.1035 15.1875 10 -.36 14.805 10
3 0 -1.737 15.156 10 -1.7685 15.165 10 -1.62 14.805 10
3 0 -1.737 15.156 10 -.9 15.255 10 -1.7145 15.174 10
4 0 .054 15.165 10 .1125 15.1155 10 .153 15.084 10 .36 15.075 10
4 0 -.486 15.165 10 -.522 15.075 10 -.54 14.994 10 -.36 14.805 10
3 0 -1.7685 15.165 10 -1.98 15.255 10 -1.62 14.805 10
3 0 -1.7145 15.174 10 -.9 15.255 10 -1.701 15.201 10
4 0 -2.673 15.1785 10 -2.79 15.1245 10 -2.7135 14.8905 10 -2.655 14.931 10
3 0 -.1035 15.1875 10 -.144 15.2325 10 -.36 14.805 10
3 0 -1.701 15.201 10 -.9 15.255 10 -1.701 15.246 10
3 0 -1.782 15.201 10 -1.98 15.255 10 -1.7685 15.165 10
4 0 -2.619 15.201 10 -2.673 15.1785 10 -2.655 14.931 10 -2.619 14.958 10
4 0 -2.5722 15.2118 10 -2.619 15.201 10 -2.619 14.958 10 -2.583 14.985 10
4 0 .4365 15.219 10 .36 15.075 10 .441 15.075 10 .441 15.165 10
3 0 -.144 15.2325 10 -.1665 15.2595 10 -.36 14.805 10
3 0 -1.791 15.237 10 -1.98 15.255 10 -1.782 15.201 10
3 0 -1.791 15.237 10 -1.791 15.282 10 -1.98 15.255 10
3 0 -.54 15.2415 10 -.9 15.255 10 -.576 15.138 10
3 0 -.54 15.2415 10 -.468 15.372 10 -.9 15.255 10
4 0 -.9 15.255 10 -.9 14.805 10 -.594 14.985 10 -.576 15.138 10
4 0 -.9 15.255 10 -1.737 15.156 10 -1.62 14.805 10 -.9 14.805 10
3 0 -.9 15.255 10 -1.7055 15.3 10 -1.701 15.246 10
3 0 -.9 15.255 10 -1.71 15.354 10 -1.7055 15.3 10
3 0 -.9 15.255 10 -1.674 15.48 10 -1.683 15.444 10
3 0 -.9 15.255 10 -1.683 15.5025 10 -1.674 15.48 10
3 0 -.9 15.255 10 -1.809 15.651 10 -1.71 15.507 10
4 0 -1.98 15.255 10 -2.16 15.255 10 -1.953 15.003 10 -1.62 14.805 10
3 0 -1.98 15.255 10 -1.953 15.363 10 -1.98 15.3486 10
4 0 -2.16 15.255 10 -2.5515 14.976 10 -2.547 14.949 10 -2.223 14.9535 10
4 0 -2.16 15.255 10 -2.5722 15.2118 10 -2.583 14.985 10 -2.5515 14.976 10
3 0 -2.367 15.3 10 -2.16 15.255 10 -2.016 15.363 10
3 12 -2.016 15.363 10 -2.3535 15.3135 10 -2.367 15.3 10
3 0 -.1665 15.2595 10 -.18 15.2865 10 -.36 14.805 10
3 0 -1.791 15.282 10 -1.7766 15.345 10 -1.98 15.255 10
3 0 -.18 15.2865 10 -.189 15.309 10 -.36 14.805 10
3 12 -2.367 15.3 10 -2.574 15.237 10 -2.5722 15.2118 10
3 0 -2.5722 15.2118 10 -2.16 15.255 10 -2.367 15.3 10
3 12 -2.367 15.3 10 -2.3895 15.3135 10 -2.574 15.237 10
3 0 -.144 15.3315 10 -.18 15.435 10 -.1755 15.3495 10
4 12 -2.4165 15.345 10 -2.601 15.3 10 -2.574 15.237 10 -2.3895 15.3135 10
3 0 -1.98 15.3486 10 -2.016 15.363 10 -1.98 15.255 10
3 0 -.1755 15.3495 10 -.18 15.435 10 -.1935 15.336 10
3 0 -1.953 15.363 10 -1.809 15.651 10 -1.935 15.435 10
3 0 -.468 15.372 10 -.36 15.5655 10 -.9 15.255 10
4 12 -2.439 15.372 10 -2.619 15.354 10 -2.601 15.3 10 -2.4165 15.345 10
3 0 -1.764 15.399 10 -1.809 15.651 10 -1.7766 15.345 10
4 0 -.333 15.426 10 -.36 14.805 10 -.189 15.309 10 -.1935 15.336 10
4 0 -.333 15.426 10 -.414 15.291 10 -.486 15.165 10 -.36 14.805 10
4 0 -.18 15.435 10 -.0405 15.2415 10 .009 15.201 10 .36 15.075 10
4 0 -.18 15.435 10 -.144 15.3315 10 -.0945 15.2865 10 -.0405 15.2415 10
3 0 -.18 15.435 10 -.234 15.669 10 -.27 15.552 10
3 0 -.18 15.435 10 -.198 15.804 10 -.234 15.669 10
4 12 -2.637 15.435 10 -2.619 15.354 10 -2.439 15.372 10 -2.475 15.426 10
4 0 -1.683 15.444 10 -1.701 15.399 10 -1.71 15.354 10 -.9 15.255 10
3 0 -1.746 15.453 10 -1.809 15.651 10 -1.764 15.399 10
3 12 -2.052 15.462 10 -2.052 15.525 10 -2.16 15.525 10
3 12 -2.052 15.462 10 -2.16 15.525 10 -2.043 15.399 10
3 0 -1.728 15.489 10 -1.809 15.651 10 -1.746 15.453 10
4 12 -2.646 15.498 10 -2.637 15.435 10 -2.475 15.426 10 -2.493 15.489 10
3 0 -1.683 15.5025 10 -1.71 15.507 10 -.9 15.255 10
3 0 -1.71 15.507 10 -1.809 15.651 10 -1.728 15.489 10
3 12 -2.016 15.363 10 -2.043 15.399 10 -2.3535 15.3135 10
3 12 -2.043 15.399 10 -2.16 15.525 10 -2.3535 15.345 10
3 12 -2.16 15.525 10 -2.34 15.525 10 -2.3535 15.345 10
3 0 -2.16 15.255 10 -1.98 15.255 10 -2.016 15.363 10
3 12 -2.16 15.525 10 -2.1672 15.579 10 -2.187 15.579 10
3 12 -2.16 15.525 10 -2.1393 15.5997 10 -2.1672 15.579 10
3 12 -2.34 15.525 10 -2.3805 15.399 10 -2.3535 15.345 10
3 12 -2.043 15.399 10 -2.3535 15.345 10 -2.3535 15.3135 10
3 0 .3735 15.543 10 .27 15.615 10 .3915 15.48 10
4 12 -2.43 15.543 10 -2.412 15.462 10 -2.3805 15.399 10 -2.34 15.525 10
4 0 -.27 15.552 10 -.333 15.426 10 -.1935 15.336 10 -.18 15.435 10
3 0 -.36 15.5655 10 -.441 15.696 10 -.468 15.678 10
3 0 -.36 15.5655 10 -.414 15.732 10 -.441 15.696 10
4 12 -2.187 15.579 10 -2.43 15.543 10 -2.34 15.525 10 -2.16 15.525 10
4 12 -2.646 15.579 10 -2.646 15.498 10 -2.493 15.489 10 -2.502 15.534 10
3 12 -2.043 15.588 10 -2.1195 15.651 10 -2.1393 15.5997 10
4 12 -2.1393 15.5997 10 -2.16 15.525 10 -2.052 15.525 10 -2.043 15.588 10
4 0 .27 15.615 10 .36 15.075 10 .4365 15.219 10 .4275 15.3 10
4 0 .27 15.615 10 .4275 15.3 10 .414 15.39 10 .3915 15.48 10
4 12 -2.4345 15.633 10 -2.43 15.543 10 -2.187 15.579 10 -2.214 15.615 10
4 12 -2.619 15.642 10 -2.646 15.579 10 -2.502 15.534 10 -2.511 15.615 10
4 0 -1.809 15.651 10 -1.953 15.363 10 -1.98 15.255 10 -1.7766 15.345 10
4 0 -.468 15.678 10 -.486 15.678 10 -.9 15.255 10 -.36 15.5655 10
3 0 -.486 15.678 10 -.495 15.696 10 -.9 15.255 10
4 0 -1.872 15.678 10 -1.917 15.552 10 -1.935 15.435 10 -1.809 15.651 10
4 12 -2.1195 15.696 10 -2.1195 15.651 10 -2.043 15.588 10 -2.016 15.678 10
4 0 .315 15.705 10 .27 15.615 10 .3735 15.543 10 .351 15.615 10
3 0 .315 15.705 10 .279 15.795 10 .27 15.615 10
4 12 -2.43 15.705 10 -2.4345 15.633 10 -2.214 15.615 10 -2.2248 15.6744 10
4 12 -2.592 15.723 10 -2.619 15.642 10 -2.511 15.615 10 -2.511 15.705 10
4 0 -.297 15.777 10 -.396 15.768 10 -.414 15.732 10 -.36 15.5655 10
3 0 -.297 15.777 10 -.378 15.822 10 -.396 15.768 10
3 0 -.297 15.777 10 -.3735 15.867 10 -.378 15.822 10
4 12 -1.998 15.786 10 -2.106 15.768 10 -2.1195 15.696 10 -2.016 15.678 10
4 12 -2.52 15.795 10 -2.592 15.777 10 -2.592 15.723 10 -2.511 15.705 10
4 12 -2.403 15.84 10 -2.43 15.705 10 -2.2248 15.6744 10 -2.2248 15.7329 10
4 12 -1.989 15.849 10 -2.079 15.84 10 -2.106 15.768 10 -1.998 15.786 10
4 12 -2.538 15.849 10 -2.6055 15.831 10 -2.592 15.777 10 -2.52 15.795 10
4 0 -.9 15.885 10 -.9 15.255 10 -.495 15.696 10 -.486 15.7275 10
4 0 -.9 15.885 10 -.486 15.7275 10 -.468 15.7617 10 -.4545 15.795 10
4 0 -.9 15.885 10 -.4545 15.795 10 -.4428 15.831 10 -.4374 15.867 10
3 0 -.9 15.885 10 -1.08 16.4655 10 -1.1565 16.407 10
3 0 -.9 15.885 10 -1.035 16.524 10 -1.08 16.4655 10
4 0 -1.737 15.8985 10 -1.809 15.651 10 -.9 15.255 10 -.9 15.885 10
4 0 -1.737 15.8985 10 -1.809 15.795 10 -1.872 15.678 10 -1.809 15.651 10
3 0 -.3735 15.903 10 -.27 15.984 10 -.3735 15.948 10
4 12 -2.565 15.903 10 -2.619 15.885 10 -2.6055 15.831 10 -2.538 15.849 10
4 12 -1.989 15.912 10 -2.052 15.885 10 -2.079 15.84 10 -1.989 15.849 10
4 12 -2.376 15.912 10 -2.403 15.84 10 -2.2248 15.7329 10 -2.2185 15.804 10
4 0 -.4347 15.948 10 -.9 15.885 10 -.4374 15.867 10 -.4347 15.903 10
4 12 -2.592 15.948 10 -2.6235 15.939 10 -2.619 15.885 10 -2.565 15.903 10
3 12 -2.592 15.948 10 -2.619 15.975 10 -2.6235 15.939 10
3 0 -.18 15.957 10 -.09 16.335 10 -.18 16.083 10
4 0 -.27 15.984 10 -.3735 15.903 10 -.3735 15.867 10 -.297 15.777 10
3 0 -.27 15.984 10 -.378 15.9885 10 -.3735 15.948 10
3 0 -.27 15.984 10 -.387 16.02 10 -.378 15.9885 10
3 0 -.27 15.984 10 -.4005 16.065 10 -.387 16.02 10
3 0 -.27 15.984 10 -.63 16.515 10 -.4005 16.065 10
4 12 -2.34 15.984 10 -2.376 15.912 10 -2.2185 15.804 10 -2.187 15.921 10
4 12 -2.007 15.993 10 -2.0385 15.948 10 -2.052 15.885 10 -1.989 15.912 10
4 12 -2.016 16.0155 10 -2.034 16.002 10 -2.0385 15.948 10 -2.007 15.993 10
3 12 -2.016 16.0155 10 -2.0295 16.029 10 -2.034 16.002 10
4 0 -.441 16.0245 10 -.9 15.885 10 -.4347 15.948 10 -.4365 15.9885 10
3 0 -.441 16.0245 10 -.441 16.056 10 -.9 15.885 10
4 12 -2.2995 16.0515 10 -2.34 15.984 10 -2.187 15.921 10 -2.151 16.0065 10
3 0 -.4005 16.065 10 -.63 16.515 10 -.4275 16.074 10
3 0 -.18 16.083 10 -.09 16.335 10 -.189 16.227 10
4 0 .126 16.11 10 .27 15.615 10 .279 15.795 10 .1935 15.975 10
4 12 -2.259 16.119 10 -2.2995 16.0515 10 -2.151 16.0065 10 -2.106 16.0875 10
4 0 -1.5183 16.1379 10 -1.674 15.9975 10 -1.737 15.8985 10 -.9 15.885 10
4 12 -2.187 16.2045 10 -2.259 16.119 10 -2.106 16.0875 10 -2.0745 16.146 10
3 12 -2.0385 16.2135 10 -2.007 16.281 10 -2.1375 16.263 10
4 12 -2.1375 16.263 10 -2.187 16.2045 10 -2.0745 16.146 10 -2.0385 16.2135 10
4 0 -.09 16.335 10 -.18 15.435 10 .36 15.075 10 .27 15.615 10
4 0 -.09 16.335 10 .27 15.615 10 .126 16.11 10 .0765 16.2 10
4 0 -.09 16.335 10 -.18 15.957 10 -.198 15.804 10 -.18 15.435 10
3 0 -.09 16.335 10 -.207 16.344 10 -.189 16.227 10
4 0 -.018 16.353 10 -.09 16.335 10 .0765 16.2 10 .0045 16.317 10
3 0 -.018 16.353 10 -.027 16.3845 10 -.09 16.335 10
4 12 -1.98 16.353 10 -2.1105 16.308 10 -2.1375 16.263 10 -2.007 16.281 10
3 0 -.306 16.362 10 -.63 16.515 10 -.288 16.245 10
3 0 -.027 16.3845 10 -.0315 16.4295 10 -.09 16.335 10
4 0 -1.1565 16.407 10 -1.2987 16.3116 10 -1.5183 16.1379 10 -.9 15.885 10
4 12 -1.989 16.416 10 -2.0565 16.398 10 -2.1105 16.308 10 -1.98 16.353 10
4 12 -2.0205 16.488 10 -2.052 16.461 10 -2.0565 16.398 10 -1.989 16.416 10
3 12 -2.0205 16.488 10 -2.0565 16.5105 10 -2.052 16.461 10
4 0 -.1395 16.515 10 -.171 16.515 10 -.09 16.335 10 -.0315 16.4295 10
4 0 -.171 16.515 10 -.2565 16.488 10 -.207 16.344 10 -.09 16.335 10
3 0 -.171 16.515 10 -.171 16.5465 10 -.2565 16.488 10
4 0 -.63 16.515 10 -.9 15.885 10 -.441 16.056 10 -.4275 16.074 10
4 0 -.63 16.515 10 -.27 15.984 10 -.27 16.128 10 -.288 16.245 10
3 0 -.63 16.515 10 -.954 16.731 10 -.972 16.641 10
3 0 -.63 16.515 10 -.963 16.839 10 -.954 16.731 10
3 0 -.63 16.515 10 -.99 17.055 10 -.963 16.839 10
3 0 1.143 16.5285 10 1.017 16.6095 10 1.053 16.5285 10
4 0 -.1161 16.5375 10 -.1395 16.515 10 -.0315 16.4295 10 -.009 16.4745 10
3 0 .054 16.551 10 -.0945 16.56 10 .018 16.5195 10
3 0 .1125 16.56 10 .279 16.6455 10 .2385 16.6455 10
3 0 .1125 16.56 10 .2385 16.6455 10 .225 16.6455 10
4 0 -.0945 16.56 10 -.1161 16.5375 10 -.009 16.4745 10 .018 16.5195 10
3 0 1.4346 16.5645 10 1.44 16.605 10 1.3275 16.56 10
3 0 1.701 16.596 10 1.719 16.6455 10 1.6875 16.6455 10
4 0 1.44 16.605 10 1.4346 16.5645 10 1.521 16.5645 10 1.602 16.5735 10
4 0 1.17 16.605 10 1.143 16.5285 10 1.2285 16.5375 10 1.3275 16.56 10
3 0 1.17 16.605 10 1.3185 16.8075 10 1.2825 16.803 10
3 0 1.17 16.605 10 .9855 16.812 10 .9315 16.8075 10
3 0 1.17 16.605 10 1.3455 16.821 10 1.3185 16.8075 10
3 0 1.17 16.605 10 1.017 16.821 10 .9855 16.812 10
3 0 1.17 16.605 10 1.08 16.839 10 1.017 16.821 10
4 0 0 16.605 10 -.117 16.578 10 -.0945 16.56 10 .054 16.551 10
3 0 0 16.605 10 -.27 16.695 10 -.117 16.578 10
4 0 .9729 16.6059 10 .909 16.542 10 .9675 16.5375 10 .9945 16.6005 10
4 0 1.017 16.6095 10 .9945 16.6005 10 .9675 16.5375 10 1.053 16.5285 10
4 0 .954 16.614 10 .8415 16.551 10 .909 16.542 10 .9729 16.6059 10
4 0 .7335 16.614 10 .7065 16.614 10 .675 16.56 10 .8415 16.551 10
3 0 .7065 16.614 10 .6795 16.6185 10 .675 16.56 10
4 0 .747 16.6185 10 .7335 16.614 10 .8415 16.551 10 .954 16.614 10
4 0 1.0215 16.623 10 1.017 16.6095 10 1.143 16.5285 10 1.17 16.605 10
4 0 .648 16.623 10 .549 16.5645 10 .675 16.56 10 .6795 16.6185 10
4 0 .9585 16.632 10 .747 16.6275 10 .747 16.6185 10 .954 16.614 10
3 0 .999 16.6365 10 .99 16.713 10 .9765 16.6365 10
3 0 .9765 16.6365 10 .99 16.713 10 .9585 16.632 10
4 0 .5715 16.6365 10 .549 16.5645 10 .648 16.623 10 .6075 16.632 10
4 0 .5175 16.641 10 .405 16.5645 10 .549 16.5645 10 .5715 16.6365 10
4 0 -.972 16.641 10 -1.035 16.524 10 -.9 15.885 10 -.63 16.515 10
3 0 .7335 16.6455 10 .99 16.713 10 .7155 16.6545 10
4 0 .468 16.6455 10 .405 16.6455 10 .405 16.5645 10 .5175 16.641 10
4 0 .342 16.6455 10 .216 16.5645 10 .405 16.5645 10 .405 16.6455 10
4 0 .342 16.6455 10 .279 16.6455 10 .1125 16.56 10 .216 16.5645 10
4 0 .225 16.6455 10 0 16.605 10 .054 16.551 10 .1125 16.56 10
3 0 .225 16.6455 10 .225 16.659 10 0 16.605 10
4 0 1.6605 16.65 10 1.602 16.5735 10 1.701 16.596 10 1.6875 16.6455 10
4 0 1.7415 16.6545 10 1.719 16.6455 10 1.701 16.596 10 1.791 16.623 10
3 0 .7155 16.6545 10 .99 16.713 10 .6885 16.6635 10
4 0 1.656 16.6635 10 1.44 16.605 10 1.602 16.5735 10 1.6605 16.65 10
3 0 .6885 16.6635 10 .99 16.713 10 .6615 16.6725 10
3 0 1.881 16.668 10 1.7595 16.6815 10 1.7595 16.668 10
4 0 1.7595 16.668 10 1.7415 16.6545 10 1.791 16.623 10 1.881 16.668 10
3 0 .261 16.6725 10 .27 16.785 10 .234 16.66485 10
3 0 .297 16.6815 10 .27 16.785 10 .261 16.6725 10
3 0 .369 16.686 10 .27 16.785 10 .297 16.6815 10
3 0 1.746 16.695 10 1.89 16.785 10 1.7145 16.7085 10
4 0 -.27 16.695 10 -.171 16.5465 10 -.144 16.56 10 -.117 16.578 10
4 0 -.27 16.695 10 -.3195 16.65 10 -.2565 16.488 10 -.171 16.5465 10
3 0 1.6875 16.6995 10 1.53 16.785 10 1.6695 16.6815 10
4 0 .99 16.713 10 .999 16.6365 10 1.0215 16.623 10 1.17 16.605 10
4 0 .99 16.713 10 .7335 16.6455 10 .747 16.6275 10 .9585 16.632 10
4 0 .99 16.713 10 .585 16.6905 10 .621 16.6815 10 .6615 16.6725 10
3 0 .99 16.713 10 .855 16.7985 10 .765 16.7985 10
4 0 -.441 16.731 10 -.63 16.515 10 -.306 16.362 10 -.351 16.497 10
4 0 -.351 16.776 10 -.3465 16.7175 10 -.3195 16.65 10 -.27 16.695 10
4 0 1.89 16.785 10 1.881 16.668 10 1.926 16.695 10 1.962 16.731 10
4 0 1.89 16.785 10 1.746 16.695 10 1.7595 16.6815 10 1.881 16.668 10
4 0 1.89 16.785 10 1.962 16.731 10 1.98 16.758 10 1.9845 16.7805 10
4 0 1.53 16.785 10 1.44 16.605 10 1.656 16.6635 10 1.6695 16.6815 10
4 0 1.53 16.785 10 1.17 16.605 10 1.3275 16.56 10 1.44 16.605 10
4 0 1.53 16.785 10 1.6875 16.6995 10 1.7145 16.7085 10 1.89 16.785 10
3 0 1.53 16.785 10 1.404 16.8795 10 1.377 16.8435 10
3 0 1.53 16.785 10 1.422 16.9155 10 1.404 16.8795 10
4 0 .27 16.785 10 0 16.605 10 .225 16.659 10 .234 16.66485 10
4 0 .27 16.785 10 .369 16.686 10 .45 16.6905 10 .5175 16.695 10
4 0 .27 16.785 10 .5175 16.695 10 .585 16.6905 10 .99 16.713 10
3 0 .765 16.7985 10 .639 16.803 10 .99 16.713 10
3 0 1.2825 16.803 10 1.2465 16.812 10 1.17 16.605 10
3 0 .639 16.803 10 .531 16.8165 10 .99 16.713 10
4 0 .9315 16.8075 10 .855 16.7985 10 .99 16.713 10 1.17 16.605 10
3 0 1.2465 16.812 10 1.224 16.821 10 1.17 16.605 10
4 0 1.944 16.83 10 1.89 16.785 10 1.9845 16.7805 10 1.9755 16.803 10
4 0 1.377 16.8435 10 1.3455 16.821 10 1.17 16.605 10 1.53 16.785 10
4 0 1.1655 16.8435 10 1.17 16.605 10 1.224 16.821 10 1.1925 16.839 10
4 0 .3825 16.8435 10 .27 16.785 10 .99 16.713 10 .531 16.8165 10
3 0 .3825 16.8435 10 .225 16.875 10 .27 16.785 10
4 0 1.1322 16.8462 10 1.08 16.839 10 1.17 16.605 10 1.1655 16.8435 10
3 0 .225 16.875 10 .072 16.911 10 .27 16.785 10
4 0 -.27 16.875 10 -.27 16.695 10 0 16.605 10 .27 16.785 10
4 0 -.342 16.884 10 -.351 16.776 10 -.27 16.695 10 -.27 16.875 10
4 0 1.8495 16.893 10 1.89 16.785 10 1.944 16.83 10 1.8945 16.866 10
4 0 1.7505 16.9335 10 1.53 16.785 10 1.89 16.785 10 1.8495 16.893 10
4 0 -.045 16.947 10 -.27 16.875 10 .27 16.785 10 .072 16.911 10
4 0 -.261 16.9722 10 -.306 16.947 10 -.342 16.884 10 -.27 16.875 10
4 0 1.575 16.974 10 1.53 16.785 10 1.7505 16.9335 10 1.638 16.9605 10
4 0 1.476 16.974 10 1.4535 16.956 10 1.422 16.9155 10 1.53 16.785 10
4 0 -.207 16.974 10 -.261 16.9722 10 -.27 16.875 10 -.045 16.947 10
4 0 1.53 16.9785 10 1.476 16.974 10 1.53 16.785 10 1.575 16.974 10
3 0 -.99 17.055 10 -.936 17.2485 10 -.963 17.226 10
4 0 -1.089 17.0964 10 -1.053 17.01 10 -.963 16.839 10 -.99 17.055 10
4 0 -.666 17.118 10 -.63 16.515 10 -.441 16.731 10 -.558 16.956 10
3 0 -.6579 17.2044 10 -.855 17.28 10 -.6687 17.1576 10
3 0 -.6579 17.2044 10 -.612 17.397 10 -.657 17.37 10
4 0 -.9945 17.226 10 -1.089 17.0964 10 -.99 17.055 10 -.963 17.226 10
3 0 -.936 17.2485 10 -.855 17.28 10 -.936 17.28 10
4 0 -.999 17.253 10 -1.098 17.235 10 -1.089 17.0964 10 -.9945 17.226 10
4 0 -.855 17.28 10 -.63 16.515 10 -.666 17.118 10 -.6687 17.1576 10
4 0 -.855 17.28 10 -.936 17.2485 10 -.99 17.055 10 -.63 16.515 10
3 0 -.855 17.28 10 -.954 17.2935 10 -.936 17.28 10
4 0 -1.089 17.325 10 -1.098 17.235 10 -.999 17.253 10 -.981 17.2755 10
4 0 -1.071 17.352 10 -1.089 17.325 10 -.981 17.2755 10 -.954 17.2935 10
4 0 -.657 17.37 10 -.6795 17.37 10 -.855 17.28 10 -.6579 17.2044 10
4 0 -1.026 17.388 10 -1.071 17.352 10 -.954 17.2935 10 -.855 17.28 10
4 0 -.72 17.415 10 -.855 17.28 10 -.6795 17.37 10 -.6795 17.388 10
4 0 -.7965 17.532 10 -1.026 17.388 10 -.855 17.28 10 -.72 17.415 10
4 0 -.7965 17.532 10 -.72 17.415 10 -.6795 17.388 10 -.6615 17.4105 10
4 0 -.459 17.5365 10 -.612 17.397 10 -.6579 17.2044 10 -.504 17.379 10
3 0 -.4995 17.577 10 -.351 17.7075 10 -.6075 17.6625 10
3 0 -.279 17.586 10 -.3105 17.685 10 -.324 17.667 10
3 0 -.279 17.586 10 -.2925 17.7165 10 -.3105 17.685 10
4 0 -.6075 17.6625 10 -.7965 17.532 10 -.6615 17.4105 10 -.4995 17.577 10
4 0 -.324 17.667 10 -.459 17.5365 10 -.504 17.379 10 -.279 17.586 10
3 0 -.1413 17.703 10 -.216 17.811 10 -.279 17.586 10
3 0 -.333 17.7255 10 -.45 17.775 10 -.351 17.7075 10
3 0 -.3105 17.7435 10 -.45 17.775 10 -.333 17.7255 10
3 0 -.45 17.775 10 -.324 17.955 10 -.477 17.793 10
4 0 -.477 17.793 10 -.6075 17.6625 10 -.351 17.7075 10 -.45 17.775 10
4 0 -.216 17.811 10 -.2835 17.7435 10 -.2925 17.7165 10 -.279 17.586 10
4 0 -.216 17.811 10 -.45 17.775 10 -.3105 17.7435 10 -.2835 17.7435 10
3 0 -.216 17.811 10 -.0585 17.8695 10 -.072 17.8695 10
4 0 .0234 17.8542 10 -.216 17.811 10 -.1413 17.703 10 -.0675 17.7543 10
3 0 .0234 17.8542 10 -.018 17.8875 10 -.036 17.874 10
3 0 .0234 17.8542 10 .0045 17.9145 10 -.018 17.8875 10
3 0 .0234 17.8542 10 .009 17.928 10 .0045 17.9145 10
3 0 -.072 17.8695 10 -.072 17.883 10 -.216 17.811 10
4 0 -.036 17.874 10 -.0585 17.8695 10 -.216 17.811 10 .0234 17.8542 10
4 0 .0873 17.8812 10 .0234 17.8542 10 -.0675 17.7543 10 .0288 17.8272 10
3 0 -.072 17.883 10 -.072 17.8965 10 -.216 17.811 10
3 0 .0072 17.9415 10 -.072 18.063 10 -.0045 17.9415 10
3 0 -.0045 17.9415 10 -.072 18.063 10 -.0225 17.9415 10
3 0 -.0225 17.9415 10 -.072 18.063 10 -.054 17.919 10
3 0 -.324 17.955 10 -.072 18.063 10 -.288 18 10
4 0 .09 17.973 10 .0234 17.8542 10 .0873 17.8812 10 .1143 17.91 10
4 0 .09 17.973 10 .0072 17.9415 10 .009 17.928 10 .0234 17.8542 10
4 0 .1512 17.9748 10 .09 17.973 10 .1143 17.91 10 .1341 17.9379 10
3 0 .1512 17.9748 10 .1854 18.0306 10 .09 17.973 10
3 0 -.288 18 10 -.072 18.063 10 -.27 18.045 10
4 0 -.072 18.063 10 -.216 17.811 10 -.072 17.8965 10 -.054 17.919 10
4 0 -.072 18.063 10 -.324 17.955 10 -.45 17.775 10 -.216 17.811 10
3 0 .2763 18.108 10 .135 18.18 10 .2331 18.0783 10
4 0 -.2385 18.1125 10 -.261 18.072 10 -.27 18.045 10 -.072 18.063 10
3 0 .3213 18.1377 10 .135 18.18 10 .2763 18.108 10
4 0 .135 18.18 10 .09 17.973 10 .1854 18.0306 10 .2331 18.0783 10
4 0 .135 18.18 10 -.072 18.063 10 .0072 17.9415 10 .09 17.973 10
3 0 .135 18.18 10 -.054 18.297 10 -.054 18.261 10
3 0 .135 18.18 10 -.072 18.3285 10 -.054 18.297 10
4 0 .3933 18.1863 10 .135 18.18 10 .3213 18.1377 10 .36 18.162 10
4 0 -.135 18.189 10 -.207 18.144 10 -.2385 18.1125 10 -.072 18.063 10
4 0 -.072 18.234 10 -.1107 18.207 10 -.135 18.189 10 -.072 18.063 10
4 0 -.054 18.261 10 -.072 18.234 10 -.072 18.063 10 .135 18.18 10
4 0 .3708 18.2646 10 .3429 18.2646 10 .135 18.18 10 .3933 18.1863 10
3 0 .3429 18.2646 10 .3303 18.2763 10 .135 18.18 10
4 0 .396 18.2763 10 .3708 18.2646 10 .3933 18.1863 10 .4212 18.2178 10
3 0 .3303 18.2763 10 .3267 18.2916 10 .135 18.18 10
3 0 .3267 18.2916 10 .3249 18.3087 10 .135 18.18 10
4 0 .4149 18.2997 10 .396 18.2763 10 .4212 18.2178 10 .4923 18.2889 10
3 0 .3699 18.3276 10 .324 18.405 10 .351 18.3285 10
3 0 .351 18.3285 10 .324 18.405 10 .3339 18.3186 10
4 0 .4518 18.3456 10 .4365 18.3276 10 .4149 18.2997 10 .4923 18.2889 10
4 0 .5625 18.3753 10 .4581 18.3645 10 .4518 18.3456 10 .4923 18.2889 10
3 0 .4572 18.3897 10 .4635 18.4725 10 .4356 18.3978 10
3 0 .4113 18.3951 10 .324 18.405 10 .3978 18.3879 10
3 0 .4356 18.3978 10 .4635 18.4725 10 .4113 18.3951 10
4 0 .324 18.405 10 .135 18.18 10 .3249 18.3087 10 .3339 18.3186 10
4 0 .324 18.405 10 .3699 18.3276 10 .387 18.3285 10 .396 18.3438 10
4 0 .324 18.405 10 .396 18.3438 10 .3987 18.3645 10 .3978 18.3879 10
4 0 -.081 18.4185 10 -.081 18.36 10 -.072 18.3285 10 .135 18.18 10
4 0 -.0225 18.459 10 -.06075 18.441 10 -.081 18.4185 10 .135 18.18 10
4 0 .4635 18.4725 10 .5625 18.3753 10 .5778 18.4203 10 .5769 18.4608 10
4 0 .4635 18.4725 10 .4572 18.3897 10 .4581 18.3645 10 .5625 18.3753 10
4 0 .5229 18.4869 10 .4635 18.4725 10 .5769 18.4608 10 .5571 18.477 10
4 0 .135 18.504 10 .09 18.495 10 -.0225 18.459 10 .135 18.18 10
4 0 .27 18.513 10 .324 18.405 10 .4113 18.3951 10 .4635 18.4725 10
4 0 .27 18.513 10 .4635 18.4725 10 .5229 18.4869 10 .414 18.504 10
4 0 .27 18.513 10 .135 18.504 10 .135 18.18 10 .324 18.405 10
4 0 .5913 8.65098 10 0 8.6355 10 0 8.0325 10 .6228 8.04879 10
4 0 -.5913 8.65098 10 -.6228 8.04879 10 0 8.0325 10 0 8.6355 10
4 0 1.18098 8.69742 10 .5913 8.65098 10 .6228 8.04879 10 1.24389 8.09766 10
4 0 -1.18098 8.69742 10 -1.24389 8.09766 10 -.6228 8.04879 10 -.5913 8.65098 10
4 0 1.7667 8.77464 10 1.18098 8.69742 10 1.24389 8.09766 10 1.86156 8.17902 10
4 0 -1.76742 8.77464 10 -1.86156 8.17902 10 -1.24389 8.09766 10 -1.18098 8.69742 10
4 0 2.349 8.88246 10 1.7667 8.77464 10 1.86156 8.17902 10 2.4741 8.29251 10
4 0 -2.349 8.88246 10 -2.4741 8.29251 10 -1.86156 8.17902 10 -1.76742 8.77464 10
4 0 2.92419 9.02052 10 2.349 8.88246 10 2.4741 8.29251 10 3.07989 8.43795 10
4 0 -2.92419 9.02052 10 -3.07989 8.43795 10 -2.4741 8.29251 10 -2.349 8.88246 10
4 0 3.49137 9.18855 10 2.92419 9.02052 10 3.07989 8.43795 10 3.67722 8.61489 10
4 0 -3.49137 9.18855 10 -3.67722 8.61489 10 -3.07989 8.43795 10 -2.92419 9.02052 10
4 0 4.04892 9.38601 10 3.49137 9.18855 10 3.67722 8.61489 10 4.26456 8.82288 10
4 0 -4.04892 9.38601 10 -4.26456 8.82288 10 -3.67722 8.61489 10 -3.49137 9.18855 10
4 0 4.311 9.49041 10 4.04892 9.38601 10 4.26456 8.82288 10 4.84011 9.06129 10
4 0 -4.311 9.49041 10 -4.84011 9.06129 10 -4.26456 8.82288 10 -4.04892 9.38601 10
4 0 4.914 12.15 10 4.311 9.49041 10 4.84011 9.06129 10 4.914 9.0945 10
3 0 4.914 12.15 10 4.311 12.15 10 4.311 9.49041 10
3 0 -4.311 12.15 10 -4.914 12.15 10 -4.311 9.49041 10
4 0 -4.914 12.15 10 -4.914 9.0945 10 -4.84011 9.06129 10 -4.311 9.49041 10
4 0 4.83462 13.36158 10 4.23729 13.27878 10 4.311 12.15 10 4.914 12.15 10
4 0 -4.83462 13.36158 10 -4.914 12.15 10 -4.311 12.15 10 -4.23729 13.27878 10
4 0 4.59774 14.55237 10 4.01742 14.3883 10 4.23729 13.27878 10 4.83462 13.36158 10
4 0 -4.59774 14.55237 10 -4.83462 13.36158 10 -4.23729 13.27878 10 -4.01742 14.3883 10
4 0 4.20741 15.70203 10 3.655098 15.45993 10 4.01742 14.3883 10 4.59774 14.55237 10
4 0 -4.20741 15.70203 10 -4.59774 14.55237 10 -4.01742 14.3883 10 -3.65508 15.45993 10
4 0 3.67047 16.79103 10 3.15648 16.47522 10 3.655098 15.45993 10 4.20741 15.70203 10
4 0 -3.67047 16.79103 10 -4.20741 15.70203 10 -3.65508 15.45993 10 -3.15648 16.47522 10
4 0 2.99592 17.80056 10 2.52999 17.41707 10 3.15648 16.47522 10 3.67047 16.79103 10
4 0 -2.99592 17.80056 10 -3.67047 16.79103 10 -3.15648 16.47522 10 -2.52999 17.41707 10
4 0 2.19537 18.71334 10 1.78641 18.26946 10 2.52999 17.41707 10 2.99592 17.80056 10
4 0 -2.19537 18.71334 10 -2.99592 17.80056 10 -2.52999 17.41707 10 -1.78641 18.26946 10
4 0 1.2825 19.51389 10 .93825 19.0179 10 1.78641 18.26946 10 2.19537 18.71334 10
4 0 -1.2825 19.51389 10 -2.19537 18.71334 10 -1.78641 18.26946 10 -.93825 19.0179 10
4 0 .27297 20.18844 10 0 19.6497 10 .93825 19.0179 10 1.2825 19.51389 10
4 0 -.27297 20.18844 10 -1.2825 19.51389 10 -.93825 19.0179 10 0 19.6497 10
3 0 0 20.34 10 0 19.6497 10 .27297 20.18844 10
3 0 0 20.34 10 -.27297 20.18844 10 0 19.6497 10
4 2 0 6.66 10 0 7.074 10 -4.914 8.154 10 -4.914 7.7265 10
4 2 0 6.66 10 4.914 7.7265 10 4.914 8.154 10 0 7.074 10
4 15 0 7.074 10 0 7.452 10 -4.914 8.604 10 -4.914 8.154 10
4 15 0 7.074 10 4.914 8.154 10 4.914 8.604 10 0 7.452 10
3 4 0 7.452 10 0 8.0325 10 -.6228 8.04879 10
3 4 0 7.452 10 .6228 8.04879 10 0 8.0325 10
3 4 0 7.452 10 -.6228 8.04879 10 -1.24389 8.09766 10
3 4 0 7.452 10 1.24389 8.09766 10 .6228 8.04879 10
3 4 0 7.452 10 -1.24389 8.09766 10 -1.86156 8.17902 10
3 4 0 7.452 10 1.86156 8.17902 10 1.24389 8.09766 10
4 4 0 7.452 10 -1.86156 8.17902 10 -2.4741 8.29251 10 -4.914 8.604 10
3 4 0 7.452 10 2.4741 8.29251 10 1.86156 8.17902 10
4 4 0 7.452 10 4.914 8.604 10 3.07989 8.43795 10 2.4741 8.29251 10
3 4 -4.914 8.604 10 -2.4741 8.29251 10 -3.07989 8.43795 10
3 4 -4.914 8.604 10 -3.07989 8.43795 10 -3.67722 8.61489 10
3 4 -4.914 8.604 10 -3.67722 8.61489 10 -4.26456 8.82288 10
3 4 4.914 8.604 10 3.67722 8.61489 10 3.07989 8.43795 10
3 4 4.914 8.604 10 4.26456 8.82288 10 3.67722 8.61489 10
3 4 4.914 8.604 10 4.84011 9.06129 10 4.26456 8.82288 10
3 4 4.914 8.604 10 4.914 9.0945 10 4.84011 9.06129 10
3 4 -4.84011 9.06129 10 -4.914 8.604 10 -4.26456 8.82288 10
3 4 -4.914 9.0945 10 -4.914 8.604 10 -4.84011 9.06129 10
4 12 .9225 17.5185 10 .8775 17.5095 10 .891 17.496 10 .909 17.505 10
4 12 .8685 17.541 10 .8775 17.5095 10 .9225 17.5185 10 .9405 17.541 10
4 12 .8685 17.577 10 .8685 17.541 10 .9405 17.541 10 .963 17.5635 10
4 12 1.2825 17.6085 10 1.2285 17.5005 10 1.287 17.4915 10 1.35 17.6085 10
4 12 1.2465 17.613 10 1.1655 17.514 10 1.2285 17.5005 10 1.2825 17.6085 10
4 12 1.3995 17.622 10 1.35 17.6085 10 1.287 17.4915 10 1.359 17.4915 10
4 12 .8685 17.622 10 .8685 17.577 10 .963 17.5635 10 .99 17.5725 10
4 12 1.1925 17.631 10 1.1205 17.532 10 1.1655 17.514 10 1.2465 17.613 10
4 12 1.4355 17.6355 10 1.3995 17.622 10 1.359 17.4915 10 1.4265 17.496 10
4 12 1.4625 17.6535 10 1.4355 17.6355 10 1.4265 17.496 10 1.476 17.5095 10
4 12 1.134 17.658 10 1.0755 17.5545 10 1.1205 17.532 10 1.1925 17.631 10
4 12 1.4895 17.676 10 1.4625 17.6535 10 1.476 17.5095 10 1.521 17.5275 10
4 12 1.08 17.6895 10 1.026 17.5725 10 1.0755 17.5545 10 1.134 17.658 10
4 12 1.503 17.703 10 1.4895 17.676 10 1.521 17.5275 10 1.575 17.5635 10
4 12 1.0305 17.7255 10 .99 17.5725 10 1.026 17.5725 10 1.08 17.6895 10
4 12 1.0305 17.7255 10 .864 17.685 10 .8685 17.622 10 .99 17.5725 10
4 12 1.5075 17.7345 10 1.503 17.703 10 1.575 17.5635 10 1.6155 17.5995 10
4 12 1.5075 17.7615 10 1.5075 17.7345 10 1.6155 17.5995 10 1.6515 17.6445 10
4 12 .9855 17.766 10 .8505 17.7615 10 .864 17.685 10 1.0305 17.7255 10
4 12 1.4985 17.7885 10 1.5075 17.7615 10 1.6515 17.6445 10 1.683 17.703 10
4 12 1.485 17.811 10 1.4985 17.7885 10 1.683 17.703 10 1.6875 17.7435 10
4 12 .8325 17.829 10 .8505 17.7615 10 .9855 17.766 10 .9495 17.8065 10
4 12 1.4625 17.838 10 1.485 17.811 10 1.6875 17.7435 10 1.6875 17.811 10
4 12 .8055 17.8605 10 .8325 17.829 10 .9495 17.8065 10 .927 17.8425 10
4 12 .909 17.874 10 .783 17.8695 10 .8055 17.8605 10 .927 17.8425 10
4 12 1.683 17.8785 10 1.431 17.865 10 1.4625 17.838 10 1.6875 17.811 10
4 12 .882 17.9055 10 .783 17.8965 10 .783 17.8695 10 .909 17.874 10
4 12 .8595 17.928 10 .792 17.9235 10 .783 17.8965 10 .882 17.9055 10
4 12 .8325 17.946 10 .81 17.946 10 .792 17.9235 10 .8595 17.928 10
4 12 1.665 17.9505 10 1.395 17.892 10 1.431 17.865 10 1.683 17.8785 10
4 12 1.629 18.0225 10 1.35 17.919 10 1.395 17.892 10 1.665 17.9505 10
4 12 1.584 18.0765 10 1.305 17.9415 10 1.35 17.919 10 1.629 18.0225 10
4 12 1.5345 18.1215 10 1.2555 17.9595 10 1.305 17.9415 10 1.584 18.0765 10
4 12 1.4715 18.153 10 1.197 17.982 10 1.2555 17.9595 10 1.5345 18.1215 10
4 12 1.3905 18.18 10 1.152 17.9955 10 1.197 17.982 10 1.4715 18.153 10
4 12 1.296 18.198 10 1.0935 18.0135 10 1.152 17.9955 10 1.3905 18.18 10
4 12 1.215 18.2205 10 1.0395 18.036 10 1.0935 18.0135 10 1.296 18.198 10
4 12 1.143 18.243 10 .981 18.063 10 1.0395 18.036 10 1.215 18.2205 10
4 12 1.08 18.27 10 .918 18.1035 10 .981 18.063 10 1.143 18.243 10
4 12 1.0395 18.2925 10 .8595 18.1485 10 .918 18.1035 10 1.08 18.27 10
4 12 .999 18.315 10 .81 18.207 10 .8595 18.1485 10 1.0395 18.2925 10
4 12 .9675 18.342 10 .7695 18.2745 10 .81 18.207 10 .999 18.315 10
4 12 .9315 18.378 10 .747 18.333 10 .7695 18.2745 10 .9675 18.342 10
4 12 .9045 18.414 10 .729 18.405 10 .747 18.333 10 .9315 18.378 10
4 12 .72 18.459 10 .729 18.405 10 .9045 18.414 10 .8865 18.45 10
4 12 .93825 19.0179 10 .72 18.5175 10 .72 18.459 10 .8865 18.45 10
3 12 .729 18.585 10 .72 18.5175 10 .93825 19.0179 10
3 12 .7425 18.657 10 .729 18.585 10 .93825 19.0179 10
3 12 .7695 18.72 10 .7425 18.657 10 .93825 19.0179 10
3 12 .8055 18.7785 10 .7695 18.72 10 .93825 19.0179 10
4 12 -1.989 17.586 10 -1.9485 17.586 10 -1.9215 17.7165 10 -1.989 17.7165 10
4 12 -1.989 17.586 10 -1.989 17.7165 10 -2.052 17.712 10 -2.0385 17.586 10
4 12 -2.0385 17.586 10 -2.052 17.712 10 -2.115 17.7075 10 -2.1105 17.5815 10
3 12 -2.2185 17.685 10 -2.52999 17.41707 10 -2.2275 17.5725 10
4 12 -2.16 17.6985 10 -2.2185 17.685 10 -2.2275 17.5725 10 -2.178 17.577 10
4 12 -2.115 17.7075 10 -2.16 17.6985 10 -2.178 17.577 10 -2.1105 17.5815 10
4 12 -1.78641 18.26946 10 -1.9215 17.7165 10 -1.9485 17.586 10 -1.89 17.5815 10
3 12 -1.78641 18.26946 10 -1.8 17.5725 10 -1.692 17.5545 10
3 12 -1.78641 18.26946 10 -1.89 17.5815 10 -1.8 17.5725 10
4 0 -.513 9.5085 10 -.531 9.477 10 -.5175 9.486 10 -.5085 9.4995 10
4 0 -.531 9.522 10 -.5625 9.4725 10 -.531 9.477 10 -.513 9.5085 10
4 0 -.5535 9.531 10 -.585 9.4815 10 -.5625 9.4725 10 -.531 9.522 10
4 0 -.576 9.54 10 -.603 9.495 10 -.585 9.4815 10 -.5535 9.531 10
4 0 -.594 9.5445 10 -.612 9.5085 10 -.603 9.495 10 -.576 9.54 10
4 0 -.594 9.5445 10 -.621 9.5445 10 -.621 9.522 10 -.612 9.5085 10
3 0 -.621 9.5445 10 -.63 9.5355 10 -.621 9.522 10
4 0 .108 9.7155 10 .0945 9.7155 10 .1035 9.6885 10 .117 9.702 10
4 0 .0945 9.7155 10 .081 9.7155 10 .0855 9.6885 10 .1035 9.6885 10
4 0 .0675 9.72 10 .0675 9.6885 10 .0855 9.6885 10 .081 9.7155 10
4 0 -.612 9.72 10 -.63 9.6885 10 -.6165 9.6975 10 -.6075 9.711 10
4 0 .054 9.7245 10 .0495 9.693 10 .0675 9.6885 10 .0675 9.72 10
4 0 .036 9.7335 10 .027 9.702 10 .0495 9.693 10 .054 9.7245 10
4 0 -.63 9.7335 10 -.6615 9.684 10 -.63 9.6885 10 -.612 9.72 10
4 0 .0225 9.7425 10 .009 9.7155 10 .027 9.702 10 .036 9.7335 10
4 0 -.6525 9.7425 10 -.684 9.693 10 -.6615 9.684 10 -.63 9.7335 10
4 0 .4185 9.7515 10 .423 9.738 10 .432 9.7425 10 .4455 9.7515 10
4 0 -.675 9.7515 10 -.702 9.7065 10 -.684 9.693 10 -.6525 9.7425 10
4 0 .009 9.756 10 -.009 9.7335 10 .009 9.7155 10 .0225 9.7425 10
4 0 -.693 9.756 10 -.711 9.72 10 -.702 9.7065 10 -.675 9.7515 10
4 0 -.693 9.756 10 -.72 9.756 10 -.72 9.7335 10 -.711 9.72 10
3 0 -.72 9.756 10 -.729 9.747 10 -.72 9.7335 10
4 0 0 9.765 10 -.018 9.756 10 -.009 9.7335 10 .009 9.756 10
4 0 .4275 9.7695 10 .4185 9.7515 10 .4455 9.7515 10 .4635 9.765 10
4 0 -.009 9.774 10 -.0225 9.7695 10 -.018 9.756 10 0 9.765 10
3 0 -.018 9.7785 10 -.0225 9.7695 10 -.009 9.774 10
4 0 .4455 9.7965 10 .4275 9.7695 10 .4635 9.765 10 .4815 9.7785 10
4 0 .468 9.8235 10 .4455 9.7965 10 .4815 9.7785 10 .5085 9.7965 10
4 0 .495 9.8505 10 .468 9.8235 10 .5085 9.7965 10 .5355 9.8145 10
4 0 .207 9.8595 10 .1935 9.8595 10 .225 9.801 10 .243 9.819 10
4 0 .1935 9.8595 10 .1755 9.8595 10 .198 9.783 10 .225 9.801 10
4 0 .1755 9.8595 10 .162 9.8595 10 .171 9.7695 10 .198 9.783 10
4 0 .2205 9.864 10 .207 9.8595 10 .243 9.819 10 .252 9.8325 10
4 0 .1485 9.864 10 .135 9.765 10 .171 9.7695 10 .162 9.8595 10
3 0 .252 9.8685 10 .234 9.8685 10 .2565 9.846 10
4 0 .234 9.8685 10 .2205 9.864 10 .252 9.8325 10 .2565 9.846 10
4 0 .1395 9.8685 10 .1035 9.7695 10 .135 9.765 10 .1485 9.864 10
4 0 .5265 9.873 10 .495 9.8505 10 .5355 9.8145 10 .576 9.837 10
4 0 .1305 9.873 10 .081 9.7785 10 .1035 9.7695 10 .1395 9.8685 10
4 0 .1215 9.882 10 .063 9.792 10 .081 9.7785 10 .1305 9.873 10
4 0 .558 9.891 10 .5265 9.873 10 .576 9.837 10 .6075 9.855 10
4 0 .108 9.891 10 .0495 9.81 10 .063 9.792 10 .1215 9.882 10
4 0 .594 9.9045 10 .558 9.891 10 .6075 9.855 10 .6435 9.8685 10
4 0 .099 9.9045 10 .036 9.8325 10 .0495 9.81 10 .108 9.891 10
4 0 .0855 9.918 10 .027 9.8505 10 .036 9.8325 10 .099 9.9045 10
4 0 .639 9.9225 10 .594 9.9045 10 .6435 9.8685 10 .675 9.882 10
4 0 .0765 9.927 10 .018 9.873 10 .027 9.8505 10 .0855 9.918 10
4 0 .6705 9.9315 10 .639 9.9225 10 .675 9.882 10 .72 9.9 10
4 0 .063 9.936 10 .0135 9.8955 10 .018 9.873 10 .0765 9.927 10
4 0 .7065 9.9405 10 .6705 9.9315 10 .72 9.9 10 .7515 9.909 10
4 0 .045 9.9405 10 .018 9.9225 10 .0135 9.8955 10 .063 9.936 10
3 0 .045 9.9405 10 .027 9.9405 10 .018 9.9225 10
4 0 .819 9.945 10 .801 9.945 10 .8145 9.927 10 .828 9.936 10
4 0 .801 9.945 10 .7785 9.945 10 .792 9.9225 10 .8145 9.927 10
4 0 .7785 9.945 10 .747 9.945 10 .774 9.918 10 .792 9.9225 10
4 0 .747 9.945 10 .7065 9.9405 10 .7515 9.909 10 .774 9.918 10
4 0 -.81 9.9765 10 -.828 9.9765 10 -.8235 9.945 10 -.801 9.9405 10
4 0 -.792 9.981 10 -.81 9.9765 10 -.801 9.9405 10 -.783 9.9405 10
4 0 -.846 9.981 10 -.846 9.945 10 -.8235 9.945 10 -.828 9.9765 10
4 0 -.846 9.981 10 -.864 9.981 10 -.8685 9.9495 10 -.846 9.945 10
4 0 -.864 9.981 10 -.882 9.981 10 -.882 9.954 10 -.8685 9.9495 10
4 0 -.882 9.981 10 -.891 9.9765 10 -.891 9.963 10 -.882 9.954 10
4 0 -.7785 9.9855 10 -.792 9.981 10 -.783 9.9405 10 -.7515 9.9405 10
4 0 -.765 9.99 10 -.7785 9.9855 10 -.7515 9.9405 10 -.729 9.945 10
4 0 -.747 9.999 10 -.765 9.99 10 -.729 9.945 10 -.711 9.9405 10
4 0 -.7245 10.008 10 -.747 9.999 10 -.711 9.9405 10 -.693 9.936 10
4 0 -.702 10.017 10 -.7245 10.008 10 -.693 9.936 10 -.6795 9.9315 10
4 0 -.639 10.026 10 -.639 9.9585 10 -.63 9.981 10 -.63 10.0215 10
4 0 -.684 10.026 10 -.702 10.017 10 -.6795 9.9315 10 -.6705 9.9315 10
4 0 -.648 10.035 10 -.648 9.936 10 -.639 9.9585 10 -.639 10.026 10
4 0 -.648 10.035 10 -.666 10.035 10 -.657 9.9315 10 -.648 9.936 10
4 0 -.666 10.035 10 -.684 10.026 10 -.6705 9.9315 10 -.657 9.9315 10
3 0 1.179 10.17 10 1.1835 10.152 10 1.197 10.1385 10
4 0 1.1835 10.1925 10 1.179 10.17 10 1.197 10.1385 10 1.215 10.125 10
4 0 1.188 10.197 10 1.1835 10.1925 10 1.215 10.125 10 1.2375 10.116 10
4 0 1.197 10.2015 10 1.188 10.197 10 1.2375 10.116 10 1.26 10.1205 10
4 0 1.215 10.206 10 1.197 10.2015 10 1.26 10.1205 10 1.2825 10.134 10
4 0 -.738 10.206 10 -.747 10.17 10 -.729 10.179 10 -.7245 10.2015 10
4 0 -.738 10.206 10 -.756 10.215 10 -.765 10.1655 10 -.747 10.17 10
4 0 1.2285 10.215 10 1.215 10.206 10 1.2825 10.134 10 1.296 10.152 10
4 0 -.027 10.215 10 -.027 10.206 10 -.018 10.206 10 -.0045 10.215 10
4 0 -.774 10.224 10 -.7965 10.1655 10 -.765 10.1655 10 -.756 10.215 10
4 0 1.251 10.2285 10 1.2285 10.215 10 1.296 10.152 10 1.314 10.179 10
4 0 .009 10.2285 10 -.0225 10.224 10 -.027 10.215 10 -.0045 10.215 10
4 0 -.7965 10.2285 10 -.8145 10.1745 10 -.7965 10.1655 10 -.774 10.224 10
4 0 -.8145 10.233 10 -.8325 10.188 10 -.8145 10.1745 10 -.7965 10.2285 10
4 0 -.0135 10.2375 10 -.0225 10.224 10 .009 10.2285 10 .018 10.2375 10
4 0 -.837 10.2375 10 -.846 10.206 10 -.8325 10.188 10 -.8145 10.233 10
4 0 -.837 10.2375 10 -.8595 10.2375 10 -.855 10.2195 10 -.846 10.206 10
4 0 1.269 10.242 10 1.251 10.2285 10 1.314 10.179 10 1.323 10.206 10
4 0 1.2825 10.2555 10 1.269 10.242 10 1.323 10.206 10 1.3275 10.2285 10
4 0 0 10.2555 10 -.0135 10.2375 10 .018 10.2375 10 .036 10.251 10
4 0 1.2915 10.2645 10 1.2825 10.2555 10 1.3275 10.2285 10 1.332 10.251 10
4 0 1.3005 10.2735 10 1.2915 10.2645 10 1.332 10.251 10 1.3275 10.2645 10
4 0 1.3095 10.278 10 1.3005 10.2735 10 1.3275 10.2645 10 1.323 10.2735 10
4 0 .018 10.278 10 0 10.2555 10 .036 10.251 10 .054 10.2645 10
4 0 .8325 10.296 10 .8325 10.287 10 .8415 10.278 10 .855 10.2735 10
4 0 .036 10.3005 10 .018 10.278 10 .054 10.2645 10 .072 10.278 10
4 0 .837 10.3095 10 .8325 10.296 10 .855 10.2735 10 .873 10.278 10
4 0 .8505 10.3275 10 .837 10.3095 10 .873 10.278 10 .8865 10.287 10
4 0 .0585 10.3275 10 .036 10.3005 10 .072 10.278 10 .0945 10.296 10
4 0 .864 10.3365 10 .8505 10.3275 10 .8865 10.287 10 .8955 10.3005 10
3 0 .8775 10.341 10 .9 10.323 10 .8955 10.3365 10
4 0 .8775 10.341 10 .864 10.3365 10 .8955 10.3005 10 .9 10.323 10
4 0 .0765 10.35 10 .0585 10.3275 10 .0945 10.296 10 .1125 10.3095 10
4 0 -.1935 10.35 10 -.2115 10.341 10 -.2025 10.3365 10 -.198 10.341 10
4 0 -.2115 10.3545 10 -.2115 10.341 10 -.1935 10.35 10 -.189 10.3545 10
4 0 .09 10.368 10 .0765 10.35 10 .1125 10.3095 10 .126 10.3185 10
4 0 -.207 10.368 10 -.2115 10.3545 10 -.189 10.3545 10 -.1845 10.3635 10
4 0 .108 10.386 10 .09 10.368 10 .126 10.3185 10 .1485 10.332 10
4 0 -.2025 10.386 10 -.207 10.368 10 -.1845 10.3635 10 -.171 10.377 10
3 0 -.7515 10.3905 10 -.7695 10.341 10 -.747 10.35 10
4 0 -.7515 10.3905 10 -.747 10.35 10 -.7335 10.3635 10 -.7335 10.3815 10
4 0 .126 10.3995 10 .108 10.386 10 .1485 10.332 10 .171 10.3455 10
4 0 -.7695 10.3995 10 -.8055 10.341 10 -.7695 10.341 10 -.7515 10.3905 10
4 0 -.1935 10.404 10 -.2025 10.386 10 -.171 10.377 10 -.162 10.386 10
4 0 -.7875 10.404 10 -.8235 10.35 10 -.8055 10.341 10 -.7695 10.3995 10
4 0 -.8055 10.4085 10 -.837 10.3635 10 -.8235 10.35 10 -.7875 10.404 10
3 0 .261 10.413 10 .2655 10.3905 10 .27 10.4085 10
4 0 .1575 10.413 10 .126 10.3995 10 .171 10.3455 10 .198 10.359 10
4 0 -.8235 10.413 10 -.855 10.3815 10 -.837 10.3635 10 -.8055 10.4085 10
4 0 .252 10.4175 10 .2475 10.3815 10 .2655 10.3905 10 .261 10.413 10
4 0 .252 10.4175 10 .2205 10.4175 10 .2205 10.368 10 .2475 10.3815 10
4 0 .2205 10.4175 10 .189 10.4175 10 .198 10.359 10 .2205 10.368 10
3 0 .189 10.4175 10 .1575 10.413 10 .198 10.359 10
4 0 -.18 10.4175 10 -.1935 10.404 10 -.162 10.386 10 -.1485 10.395 10
4 0 -.8505 10.4175 10 -.864 10.395 10 -.855 10.3815 10 -.8235 10.413 10
3 0 -.8505 10.4175 10 -.873 10.4175 10 -.864 10.395 10
4 0 -.1575 10.431 10 -.18 10.4175 10 -.1485 10.395 10 -.135 10.404 10
4 0 -.135 10.4445 10 -.1575 10.431 10 -.135 10.404 10 -.1215 10.413 10
4 0 -.117 10.449 10 -.135 10.4445 10 -.1215 10.413 10 -.108 10.422 10
4 0 -.27 10.449 10 -.2655 10.44 10 -.261 10.44 10 -.252 10.4445 10
4 0 -.0945 10.458 10 -.117 10.449 10 -.108 10.422 10 -.09 10.4355 10
4 0 -.2655 10.458 10 -.27 10.449 10 -.252 10.4445 10 -.243 10.4535 10
4 0 -.0765 10.4625 10 -.0945 10.458 10 -.09 10.4355 10 -.0675 10.4445 10
4 0 -.045 10.467 10 -.0495 10.4535 10 -.0405 10.458 10 -.036 10.4625 10
4 0 -.045 10.467 10 -.0585 10.467 10 -.0675 10.4445 10 -.0495 10.4535 10
3 0 -.0585 10.467 10 -.0765 10.4625 10 -.0675 10.4445 10
4 0 -.261 10.4715 10 -.2655 10.458 10 -.243 10.4535 10 -.2295 10.4625 10
4 0 -.252 10.494 10 -.261 10.4715 10 -.2295 10.4625 10 -.2205 10.467 10
4 0 -.243 10.512 10 -.252 10.494 10 -.2205 10.467 10 -.207 10.476 10
4 0 -.225 10.5255 10 -.243 10.512 10 -.207 10.476 10 -.189 10.485 10
4 0 -.2115 10.5345 10 -.225 10.5255 10 -.189 10.485 10 -.1755 10.4895 10
4 0 -.18 10.539 10 -.2115 10.5345 10 -.1755 10.4895 10 -.1665 10.494 10
4 0 -.027 10.5435 10 -.0495 10.5255 10 -.027 10.53 10 -.0225 10.5345 10
4 0 -.027 10.5435 10 -.045 10.5435 10 -.09 10.5165 10 -.0495 10.5255 10
4 0 -.045 10.5435 10 -.0675 10.5435 10 -.1215 10.5075 10 -.09 10.5165 10
4 0 -.0675 10.5435 10 -.1035 10.5435 10 -.1485 10.4985 10 -.1215 10.5075 10
4 0 -.1035 10.5435 10 -.1485 10.5435 10 -.1665 10.494 10 -.1485 10.4985 10
3 0 -.1485 10.5435 10 -.18 10.539 10 -.1665 10.494 10
4 0 -.747 10.557 10 -.756 10.5255 10 -.7425 10.5345 10 -.738 10.548 10
3 0 -.7605 10.5615 10 -.7965 10.5165 10 -.774 10.521 10
4 0 -.7605 10.5615 10 -.774 10.521 10 -.756 10.5255 10 -.747 10.557 10
4 0 -.7785 10.5705 10 -.8235 10.5165 10 -.7965 10.5165 10 -.7605 10.5615 10
4 0 -.7965 10.5795 10 -.8415 10.5255 10 -.8235 10.5165 10 -.7785 10.5705 10
4 0 -.819 10.5885 10 -.8595 10.539 10 -.8415 10.5255 10 -.7965 10.5795 10
4 0 -.8415 10.593 10 -.873 10.5525 10 -.8595 10.539 10 -.819 10.5885 10
4 0 -.864 10.5975 10 -.8865 10.575 10 -.873 10.5525 10 -.8415 10.593 10
3 0 -.864 10.5975 10 -.891 10.5975 10 -.8865 10.575 10
4 0 -.7425 10.764 10 -.7695 10.728 10 -.756 10.7325 10 -.738 10.746 10
4 0 -.756 10.773 10 -.7875 10.7235 10 -.7695 10.728 10 -.7425 10.764 10
4 0 -.765 10.782 10 -.8145 10.7235 10 -.7875 10.7235 10 -.756 10.773 10
4 0 -.783 10.7865 10 -.837 10.7325 10 -.8145 10.7235 10 -.765 10.782 10
4 0 -.81 10.7955 10 -.855 10.7505 10 -.837 10.7325 10 -.783 10.7865 10
4 0 -.8325 10.8045 10 -.873 10.7685 10 -.855 10.7505 10 -.81 10.7955 10
4 0 -.855 10.809 10 -.882 10.7865 10 -.873 10.7685 10 -.8325 10.8045 10
3 0 -.891 10.8135 10 -.882 10.7865 10 -.855 10.809 10
4 0 -.1485 10.9485 10 -.1845 10.9485 10 -.18 10.9305 10 -.1575 10.926 10
4 0 -.1395 10.9665 10 -.1845 10.9665 10 -.1845 10.9485 10 -.1485 10.9485 10
4 0 -.729 10.9755 10 -.7695 10.9305 10 -.7515 10.935 10 -.72 10.962 10
4 0 -.738 10.9845 10 -.7965 10.926 10 -.7695 10.9305 10 -.729 10.9755 10
4 0 -.1845 10.9935 10 -.1845 10.9665 10 -.1395 10.9665 10 -.1305 10.989 10
4 0 -.756 10.9935 10 -.8235 10.9305 10 -.7965 10.926 10 -.738 10.9845 10
4 0 -.774 11.0025 10 -.837 10.9395 10 -.8235 10.9305 10 -.756 10.9935 10
4 0 -.792 11.0115 10 -.8505 10.953 10 -.837 10.9395 10 -.774 11.0025 10
4 0 -.81 11.016 10 -.864 10.9665 10 -.8505 10.953 10 -.792 11.0115 10
4 0 -.1845 11.0205 10 -.1845 10.9935 10 -.1305 10.989 10 -.1215 11.016 10
4 0 -.837 11.025 10 -.882 10.9845 10 -.864 10.9665 10 -.81 11.016 10
4 0 -.864 11.0295 10 -.891 11.0025 10 -.882 10.9845 10 -.837 11.025 10
3 0 -.864 11.0295 10 -.9 11.0295 10 -.891 11.0025 10
4 0 -.1125 11.0475 10 -.1845 11.043 10 -.1845 11.0205 10 -.1215 11.016 10
4 0 -.099 11.0835 10 -.18 11.0835 10 -.1845 11.043 10 -.1125 11.0475 10
4 0 -.171 11.1285 10 -.18 11.0835 10 -.099 11.0835 10 -.09 11.115 10
4 0 -.7155 11.178 10 -.7245 11.1465 10 -.711 11.1555 10 -.7065 11.169 10
4 0 -.1575 11.1825 10 -.171 11.1285 10 -.09 11.115 10 -.072 11.16 10
4 0 -.7335 11.187 10 -.7425 11.1375 10 -.7245 11.1465 10 -.7155 11.178 10
3 0 -.7335 11.187 10 -.765 11.1375 10 -.7425 11.1375 10
4 0 -.7515 11.196 10 -.7875 11.1375 10 -.765 11.1375 10 -.7335 11.187 10
4 0 -.7695 11.205 10 -.8055 11.1465 10 -.7875 11.1375 10 -.7515 11.196 10
4 0 -.7875 11.2095 10 -.828 11.1645 10 -.8055 11.1465 10 -.7695 11.205 10
4 0 -.81 11.214 10 -.846 11.1825 10 -.828 11.1645 10 -.7875 11.2095 10
4 0 -.8325 11.2185 10 -.855 11.196 10 -.846 11.1825 10 -.81 11.214 10
3 0 -.8325 11.2185 10 -.8595 11.2185 10 -.855 11.196 10
4 0 -.135 11.2455 10 -.1575 11.1825 10 -.072 11.16 10 -.045 11.223 10
4 0 -.108 11.2995 10 -.135 11.2455 10 -.045 11.223 10 -.0225 11.277 10
4 0 -.0765 11.349 10 -.108 11.2995 10 -.0225 11.277 10 .009 11.3355 10
4 0 -.7155 11.358 10 -.7335 11.322 10 -.7155 11.331 10 -.702 11.349 10
4 0 -.7335 11.367 10 -.7605 11.322 10 -.7335 11.322 10 -.7155 11.358 10
4 0 -.756 11.376 10 -.774 11.3265 10 -.7605 11.322 10 -.7335 11.367 10
4 0 -.774 11.385 10 -.792 11.3355 10 -.774 11.3265 10 -.756 11.376 10
4 0 -.792 11.3895 10 -.81 11.3535 10 -.792 11.3355 10 -.774 11.385 10
4 0 -.81 11.394 10 -.8235 11.367 10 -.81 11.3535 10 -.792 11.3895 10
3 0 -.81 11.394 10 -.828 11.3895 10 -.8235 11.367 10
4 0 -.036 11.4075 10 -.0765 11.349 10 .009 11.3355 10 .0405 11.3895 10
4 0 0 11.4525 10 -.036 11.4075 10 .0405 11.3895 10 .081 11.4435 10
4 0 .036 11.4975 10 0 11.4525 10 .081 11.4435 10 .108 11.484 10
4 0 -.693 11.529 10 -.711 11.4975 10 -.693 11.5065 10 -.684 11.52 10
4 0 -.702 11.5335 10 -.729 11.4975 10 -.711 11.4975 10 -.693 11.529 10
4 0 .072 11.538 10 .036 11.4975 10 .108 11.484 10 .135 11.5245 10
4 0 -.7155 11.5425 10 -.7425 11.502 10 -.729 11.4975 10 -.702 11.5335 10
4 0 -.729 11.547 10 -.756 11.511 10 -.7425 11.502 10 -.7155 11.5425 10
4 0 -.747 11.5515 10 -.7695 11.5245 10 -.756 11.511 10 -.729 11.547 10
4 0 -.765 11.556 10 -.7785 11.538 10 -.7695 11.5245 10 -.747 11.5515 10
3 0 -.783 11.5605 10 -.7785 11.538 10 -.765 11.556 10
4 0 .108 11.5785 10 .072 11.538 10 .135 11.5245 10 .162 11.565 10
4 0 .1395 11.6145 10 .108 11.5785 10 .162 11.565 10 .1935 11.61 10
4 0 .2115 11.646 10 .1665 11.6415 10 .1395 11.6145 10 .1935 11.61 10
4 0 .2115 11.664 10 .189 11.6595 10 .1665 11.6415 10 .2115 11.646 10
4 0 -.666 11.691 10 -.684 11.6595 10 -.6705 11.664 10 -.657 11.682 10
4 0 -.6795 11.6955 10 -.702 11.6595 10 -.684 11.6595 10 -.666 11.691 10
4 0 -.6975 11.7045 10 -.7155 11.6685 10 -.702 11.6595 10 -.6795 11.6955 10
4 0 -.711 11.709 10 -.729 11.682 10 -.7155 11.6685 10 -.6975 11.7045 10
4 0 -.729 11.7135 10 -.738 11.691 10 -.729 11.682 10 -.711 11.709 10
3 0 -.7425 11.718 10 -.738 11.691 10 -.729 11.7135 10
3 0 2.268 11.7855 10 2.268 11.7675 10 2.2815 11.754 10
4 0 2.286 11.799 10 2.268 11.7855 10 2.2815 11.754 10 2.313 11.745 10
4 0 2.3895 11.8035 10 2.376 11.8035 10 2.385 11.7765 10 2.394 11.7855 10
4 0 2.376 11.8035 10 2.3535 11.8035 10 2.3715 11.7675 10 2.385 11.7765 10
4 0 2.3535 11.8035 10 2.322 11.8035 10 2.3445 11.754 10 2.3715 11.7675 10
4 0 2.322 11.8035 10 2.286 11.799 10 2.313 11.745 10 2.3445 11.754 10
4 0 -.63 11.826 10 -.6345 11.79 10 -.6165 11.8035 10 -.6165 11.817 10
4 0 -.648 11.835 10 -.657 11.79 10 -.6345 11.79 10 -.63 11.826 10
4 0 -.666 11.8395 10 -.6705 11.799 10 -.657 11.79 10 -.648 11.835 10
4 0 -.684 11.844 10 -.684 11.808 10 -.6705 11.799 10 -.666 11.8395 10
4 0 -.684 11.844 10 -.7065 11.844 10 -.6975 11.8215 10 -.684 11.808 10
4 0 -.603 11.979 10 -.5985 11.9475 10 -.576 11.961 10 -.5895 11.9745 10
4 0 -.6165 11.9835 10 -.6165 11.9475 10 -.5985 11.9475 10 -.603 11.979 10
4 0 -.63 11.988 10 -.63 11.9565 10 -.6165 11.9475 10 -.6165 11.9835 10
4 0 -.63 11.988 10 -.648 11.988 10 -.639 11.9655 10 -.63 11.9565 10
4 0 2.6775 12.069 10 2.619 12.069 10 2.6235 12.042 10 2.6505 12.0465 10
4 0 .675 12.0735 10 .63 12.0735 10 .585 11.9925 10 .639 11.9925 10
4 0 .63 12.0735 10 .585 12.0735 10 .54 11.997 10 .585 11.9925 10
4 0 .7155 12.078 10 .675 12.0735 10 .639 11.9925 10 .6885 11.997 10
4 0 .549 12.078 10 .495 12.006 10 .54 11.997 10 .585 12.0735 10
4 0 .747 12.0825 10 .7155 12.078 10 .6885 11.997 10 .729 12.006 10
4 0 .5175 12.0825 10 .4545 12.0195 10 .495 12.006 10 .549 12.078 10
4 0 .774 12.0915 10 .747 12.0825 10 .729 12.006 10 .7785 12.0195 10
4 0 .477 12.0915 10 .414 12.0375 10 .4545 12.0195 10 .5175 12.0825 10
4 0 .801 12.1005 10 .774 12.0915 10 .7785 12.0195 10 .8145 12.033 10
4 0 .828 12.105 10 .801 12.1005 10 .8145 12.033 10 .846 12.051 10
4 0 .4365 12.105 10 .3825 12.0555 10 .414 12.0375 10 .477 12.0915 10
4 0 .8685 12.1095 10 .846 12.1095 10 .8685 12.069 10 .8775 12.0915 10
4 0 .846 12.1095 10 .828 12.105 10 .846 12.051 10 .8685 12.069 10
4 0 2.7045 12.114 10 2.628 12.1095 10 2.619 12.069 10 2.6775 12.069 10
4 0 .405 12.114 10 .3555 12.078 10 .3825 12.0555 10 .4365 12.105 10
4 0 -.54 12.114 10 -.5625 12.0915 10 -.5445 12.0915 10 -.531 12.105 10
4 0 .378 12.123 10 .333 12.1005 10 .3555 12.078 10 .405 12.114 10
4 0 -.5535 12.123 10 -.576 12.1005 10 -.5625 12.0915 10 -.54 12.114 10
4 0 -.5715 12.1275 10 -.585 12.1095 10 -.576 12.1005 10 -.5535 12.123 10
3 0 -.5715 12.1275 10 -.5895 12.1275 10 -.585 12.1095 10
4 0 .351 12.132 10 .3195 12.1185 10 .333 12.1005 10 .378 12.123 10
4 0 .333 12.1365 10 .315 12.132 10 .3195 12.1185 10 .351 12.132 10
4 0 2.7405 12.1725 10 2.6595 12.1635 10 2.628 12.1095 10 2.7045 12.114 10
4 0 2.772 12.231 10 2.6955 12.2175 10 2.6595 12.1635 10 2.7405 12.1725 10
4 0 -.477 12.249 10 -.4995 12.2265 10 -.4815 12.231 10 -.4725 12.24 10
4 0 2.1285 12.2535 10 2.1195 12.213 10 2.133 12.213 10 2.133 12.2265 10
4 0 -.4905 12.258 10 -.513 12.2355 10 -.4995 12.2265 10 -.477 12.249 10
4 0 -.504 12.267 10 -.522 12.2445 10 -.513 12.2355 10 -.4905 12.258 10
3 0 -.504 12.267 10 -.5265 12.267 10 -.522 12.2445 10
4 0 2.1195 12.2715 10 2.097 12.2265 10 2.1195 12.213 10 2.1285 12.2535 10
4 0 2.8035 12.285 10 2.727 12.2625 10 2.6955 12.2175 10 2.772 12.231 10
4 0 2.106 12.294 10 2.079 12.24 10 2.097 12.2265 10 2.1195 12.2715 10
4 0 2.088 12.321 10 2.0565 12.2625 10 2.079 12.24 10 2.106 12.294 10
4 0 2.826 12.3255 10 2.763 12.3165 10 2.727 12.2625 10 2.8035 12.285 10
4 0 2.8305 12.348 10 2.7855 12.3435 10 2.763 12.3165 10 2.826 12.3255 10
4 0 2.07 12.348 10 2.034 12.285 10 2.0565 12.2625 10 2.088 12.321 10
4 0 2.826 12.366 10 2.808 12.3615 10 2.7855 12.3435 10 2.8305 12.348 10
4 0 2.0475 12.375 10 2.016 12.312 10 2.034 12.285 10 2.07 12.348 10
4 0 2.025 12.3975 10 2.0025 12.339 10 2.016 12.312 10 2.0475 12.375 10
4 0 1.422 12.3975 10 1.422 12.3885 10 1.431 12.384 10 1.4625 12.393 10
4 0 2.007 12.411 10 1.9845 12.3705 10 2.0025 12.339 10 2.025 12.3975 10
4 0 2.007 12.411 10 1.989 12.4065 10 1.98 12.393 10 1.9845 12.3705 10
4 0 1.44 12.4245 10 1.422 12.3975 10 1.4625 12.393 10 1.4895 12.4155 10
4 0 1.467 12.4605 10 1.44 12.4245 10 1.4895 12.4155 10 1.5255 12.4515 10
4 0 1.503 12.5145 10 1.467 12.4605 10 1.5255 12.4515 10 1.557 12.4965 10
4 0 1.539 12.564 10 1.503 12.5145 10 1.557 12.4965 10 1.5885 12.5505 10
4 0 1.566 12.6045 10 1.539 12.564 10 1.5885 12.5505 10 1.6155 12.6 10
4 0 1.593 12.6495 10 1.566 12.6045 10 1.6155 12.6 10 1.6335 12.6405 10
4 0 1.6155 12.6855 10 1.593 12.6495 10 1.6335 12.6405 10 1.6515 12.681 10
4 0 1.6335 12.7125 10 1.6155 12.6855 10 1.6515 12.681 10 1.665 12.708 10
4 0 2.619 12.726 10 2.619 12.708 10 2.6325 12.699 10 2.646 12.7035 10
4 0 2.628 12.744 10 2.619 12.726 10 2.646 12.7035 10 2.6595 12.717 10
4 0 1.656 12.744 10 1.6335 12.7125 10 1.665 12.708 10 1.674 12.7305 10
3 0 1.674 12.753 10 1.656 12.744 10 1.674 12.7305 10
4 0 2.6415 12.762 10 2.628 12.744 10 2.6595 12.717 10 2.673 12.735 10
4 0 2.655 12.78 10 2.6415 12.762 10 2.673 12.735 10 2.6865 12.7575 10
4 0 2.664 12.7935 10 2.655 12.78 10 2.6865 12.7575 10 2.6955 12.7755 10
4 0 2.6775 12.8115 10 2.664 12.7935 10 2.6955 12.7755 10 2.7 12.7935 10
3 0 2.6955 12.816 10 2.6775 12.8115 10 2.7 12.7935 10
4 0 3.1455 12.888 10 3.15 12.8745 10 3.1635 12.879 10 3.177 12.888 10
4 0 3.1995 12.915 10 3.1455 12.906 10 3.1455 12.888 10 3.177 12.888 10
4 0 3.159 12.9465 10 3.1455 12.906 10 3.1995 12.915 10 3.213 12.9375 10
4 0 3.177 12.978 10 3.159 12.9465 10 3.213 12.9375 10 3.2265 12.969 10
4 0 3.1905 13.005 10 3.177 12.978 10 3.2265 12.969 10 3.2265 13.005 10
4 0 -.2655 13.005 10 -.2565 12.9825 10 -.2295 12.969 10 -.207 12.9915 10
4 0 3.204 13.0185 10 3.1905 13.005 10 3.2265 13.005 10 3.2175 13.0185 10
4 0 -.2025 13.041 10 -.2745 13.041 10 -.2655 13.005 10 -.207 12.9915 10
4 0 2.2815 13.0725 10 2.2545 13.041 10 2.2725 13.041 10 2.2905 13.0545 10
4 0 2.259 13.086 10 2.223 13.05 10 2.2545 13.041 10 2.2815 13.0725 10
4 0 2.2365 13.095 10 2.196 13.059 10 2.223 13.05 10 2.259 13.086 10
4 0 -.207 13.095 10 -.2835 13.095 10 -.2745 13.041 10 -.2025 13.041 10
4 0 2.2005 13.1085 10 2.1645 13.0725 10 2.196 13.059 10 2.2365 13.095 10
4 0 2.1645 13.1265 10 2.124 13.0905 10 2.1645 13.0725 10 2.2005 13.1085 10
4 0 2.133 13.1445 10 2.097 13.104 10 2.124 13.0905 10 2.1645 13.1265 10
4 0 2.106 13.1625 10 2.061 13.122 10 2.097 13.104 10 2.133 13.1445 10
4 0 -.2205 13.167 10 -.2925 13.167 10 -.2835 13.095 10 -.207 13.095 10
4 0 2.0835 13.176 10 2.034 13.1355 10 2.061 13.122 10 2.106 13.1625 10
4 0 2.0565 13.194 10 2.0115 13.149 10 2.034 13.1355 10 2.0835 13.176 10
4 0 2.0295 13.212 10 1.9845 13.167 10 2.0115 13.149 10 2.0565 13.194 10
4 0 2.0025 13.23 10 1.953 13.1895 10 1.9845 13.167 10 2.0295 13.212 10
4 0 -.2385 13.239 10 -.315 13.2255 10 -.2925 13.167 10 -.2205 13.167 10
4 0 1.971 13.248 10 1.9305 13.203 10 1.953 13.1895 10 2.0025 13.23 10
4 0 1.935 13.2525 10 1.9125 13.2165 10 1.9305 13.203 10 1.971 13.248 10
3 0 1.935 13.2525 10 1.908 13.248 10 1.9125 13.2165 10
4 0 2.7225 13.2975 10 2.6865 13.2795 10 2.7045 13.2705 10 2.718 13.2795 10
4 0 2.727 13.3155 10 2.682 13.2975 10 2.6865 13.2795 10 2.7225 13.2975 10
4 0 -.27 13.3155 10 -.342 13.2885 10 -.315 13.2255 10 -.2385 13.239 10
4 0 2.727 13.3425 10 2.67975 13.32 10 2.682 13.2975 10 2.727 13.3155 10
4 0 2.727 13.3785 10 2.6775 13.3515 10 2.67975 13.32 10 2.727 13.3425 10
4 0 3.3255 13.3875 10 3.285 13.383 10 3.2985 13.3695 10 3.312 13.374 10
4 0 -.3105 13.392 10 -.3735 13.3515 10 -.342 13.2885 10 -.27 13.3155 10
4 0 2.727 13.4055 10 2.673 13.383 10 2.6775 13.3515 10 2.727 13.3785 10
4 0 3.3345 13.41 10 3.2805 13.401 10 3.285 13.383 10 3.3255 13.3875 10
4 0 3.339 13.437 10 3.2805 13.428 10 3.2805 13.401 10 3.3345 13.41 10
4 0 2.727 13.437 10 2.673 13.4145 10 2.673 13.383 10 2.727 13.4055 10
4 0 -.351 13.464 10 -.414 13.4235 10 -.3735 13.3515 10 -.3105 13.392 10
4 0 3.3345 13.4685 10 3.2895 13.4595 10 3.2805 13.428 10 3.339 13.437 10
4 0 2.7225 13.473 10 2.6685 13.4505 10 2.673 13.4145 10 2.727 13.437 10
4 0 3.3255 13.4865 10 3.2985 13.482 10 3.2895 13.4595 10 3.3345 13.4685 10
3 0 3.312 13.491 10 3.2985 13.482 10 3.3255 13.4865 10
4 0 2.718 13.5 10 2.664 13.4775 10 2.6685 13.4505 10 2.7225 13.473 10
4 0 -.3915 13.527 10 -.459 13.5 10 -.414 13.4235 10 -.351 13.464 10
4 0 2.709 13.5315 10 2.6595 13.5045 10 2.664 13.4775 10 2.718 13.5 10
4 0 2.7 13.563 10 2.6505 13.536 10 2.6595 13.5045 10 2.709 13.5315 10
4 0 -.4365 13.5855 10 -.504 13.5585 10 -.459 13.5 10 -.3915 13.527 10
4 0 2.6865 13.5945 10 2.6415 13.5675 10 2.6505 13.536 10 2.7 13.563 10
4 0 2.673 13.6215 10 2.637 13.5945 10 2.6415 13.5675 10 2.6865 13.5945 10
4 0 2.655 13.6485 10 2.6325 13.626 10 2.637 13.5945 10 2.673 13.6215 10
4 0 -.495 13.653 10 -.549 13.617 10 -.504 13.5585 10 -.4365 13.5855 10
4 0 2.6505 13.662 10 2.628 13.653 10 2.6325 13.626 10 2.655 13.6485 10
3 0 2.637 13.671 10 2.628 13.653 10 2.6505 13.662 10
4 0 -.5445 13.698 10 -.5985 13.671 10 -.549 13.617 10 -.495 13.653 10
4 0 -.5895 13.7385 10 -.6255 13.698 10 -.5985 13.671 10 -.5445 13.698 10
4 0 -.621 13.7655 10 -.657 13.734 10 -.6255 13.698 10 -.5895 13.7385 10
4 0 -.666 13.797 10 -.6885 13.761 10 -.657 13.734 10 -.621 13.7655 10
4 0 1.1385 13.806 10 1.134 13.725 10 1.161 13.725 10 1.161 13.752 10
4 0 -.702 13.8195 10 -.729 13.797 10 -.6885 13.761 10 -.666 13.797 10
4 0 -.7335 13.8375 10 -.7515 13.824 10 -.729 13.797 10 -.702 13.8195 10
4 0 -.7515 13.8465 10 -.7695 13.842 10 -.7515 13.824 10 -.7335 13.8375 10
4 0 1.098 13.869 10 1.089 13.761 10 1.134 13.725 10 1.1385 13.806 10
4 0 1.035 13.95 10 1.044 13.815 10 1.089 13.761 10 1.098 13.869 10
4 0 -2.907 13.995 10 -2.934 13.959 10 -2.916 13.941 10 -2.907 13.959 10
4 0 -2.9115 14.031 10 -2.943 13.995 10 -2.934 13.959 10 -2.907 13.995 10
4 0 .9675 14.04 10 .981 13.8825 10 1.044 13.815 10 1.035 13.95 10
4 0 -2.9115 14.0877 10 -2.9565 14.04 10 -2.943 13.995 10 -2.9115 14.031 10
4 0 .9 14.121 10 .9 13.9725 10 .981 13.8825 10 .9675 14.04 10
4 0 -2.916 14.148 10 -2.9655 14.1012 10 -2.9565 14.04 10 -2.9115 14.0877 10
4 0 .828 14.202 10 .819 14.067 10 .9 13.9725 10 .9 14.121 10
4 0 -2.9115 14.2245 10 -2.979 14.166 10 -2.9655 14.1012 10 -2.916 14.148 10
4 0 .756 14.274 10 .738 14.157 10 .819 14.067 10 .828 14.202 10
4 0 -2.9115 14.3145 10 -2.9835 14.265 10 -2.979 14.166 10 -2.9115 14.2245 10
4 0 .6795 14.3505 10 .657 14.238 10 .738 14.157 10 .756 14.274 10
4 0 -.783 14.391 10 -.756 14.3775 10 -.72 14.3775 10 -.684 14.3865 10
4 0 -2.898 14.391 10 -2.9835 14.355 10 -2.9835 14.265 10 -2.9115 14.3145 10
4 0 .603 14.4135 10 .594 14.301 10 .657 14.238 10 .6795 14.3505 10
4 0 -.783 14.4135 10 -.783 14.391 10 -.684 14.3865 10 -.657 14.4 10
4 0 -.765 14.4315 10 -.783 14.4135 10 -.657 14.4 10 -.621 14.4225 10
4 0 -.594 14.454 10 -.729 14.4495 10 -.765 14.4315 10 -.621 14.4225 10
4 0 .531 14.472 10 .531 14.3685 10 .594 14.301 10 .603 14.4135 10
4 0 -2.88 14.481 10 -2.979 14.436 10 -2.9835 14.355 10 -2.898 14.391 10
4 0 -.567 14.49 10 -.702 14.463 10 -.729 14.4495 10 -.594 14.454 10
4 0 .459 14.526 10 .4635 14.436 10 .531 14.3685 10 .531 14.472 10
4 0 -.549 14.5305 10 -.657 14.4945 10 -.702 14.463 10 -.567 14.49 10
4 0 -.54 14.562 10 -.6345 14.5215 10 -.657 14.4945 10 -.549 14.5305 10
4 0 -2.8395 14.5755 10 -2.952 14.5305 10 -2.979 14.436 10 -2.88 14.481 10
4 0 2.3355 14.58 10 2.3265 14.5485 10 2.34 14.5485 10 2.34 14.562 10
4 0 .378 14.589 10 .414 14.4855 10 .4635 14.436 10 .459 14.526 10
4 0 2.3265 14.6025 10 2.313 14.55525 10 2.3265 14.5485 10 2.3355 14.58 10
4 0 -.54 14.6115 10 -.612 14.562 10 -.6345 14.5215 10 -.54 14.562 10
4 0 2.313 14.625 10 2.295 14.5665 10 2.313 14.55525 10 2.3265 14.6025 10
4 0 .3285 14.625 10 .3465 14.544 10 .414 14.4855 10 .378 14.589 10
4 0 .297 14.643 10 .306 14.589 10 .3465 14.544 10 .3285 14.625 10
4 0 2.2995 14.6475 10 2.2725 14.58 10 2.295 14.5665 10 2.313 14.625 10
4 0 .2745 14.652 10 .2745 14.6205 10 .306 14.589 10 .297 14.643 10
4 0 -.558 14.652 10 -.5985 14.616 10 -.612 14.562 10 -.54 14.6115 10
4 0 .252 14.6565 10 .2565 14.643 10 .2745 14.6205 10 .2745 14.652 10
3 0 -.5805 14.6565 10 -.5985 14.616 10 -.558 14.652 10
4 0 2.277 14.661 10 2.2545 14.598 10 2.2725 14.58 10 2.2995 14.6475 10
4 0 2.277 14.661 10 2.259 14.661 10 2.2365 14.6295 10 2.2545 14.598 10
3 0 2.259 14.661 10 2.2365 14.6475 10 2.2365 14.6295 10
4 0 -2.781 14.6835 10 -2.925 14.625 10 -2.952 14.5305 10 -2.8395 14.5755 10
4 0 -2.727 14.751 10 -2.889 14.688 10 -2.925 14.625 10 -2.781 14.6835 10
4 0 -2.673 14.805 10 -2.844 14.7555 10 -2.889 14.688 10 -2.727 14.751 10
4 0 -2.61 14.868 10 -2.781 14.8275 10 -2.844 14.7555 10 -2.673 14.805 10
4 0 -2.574 14.913 10 -2.7135 14.8905 10 -2.781 14.8275 10 -2.61 14.868 10
3 0 -2.655 14.931 10 -2.7135 14.8905 10 -2.574 14.913 10
4 0 -2.619 14.958 10 -2.655 14.931 10 -2.574 14.913 10 -2.547 14.949 10
4 0 -2.583 14.985 10 -2.619 14.958 10 -2.547 14.949 10 -2.5515 14.976 10
4 0 -1.782 15.201 10 -1.7685 15.165 10 -1.737 15.156 10 -1.7145 15.174 10
4 0 -1.791 15.237 10 -1.782 15.201 10 -1.7145 15.174 10 -1.701 15.201 10
4 0 -1.791 15.282 10 -1.791 15.237 10 -1.701 15.201 10 -1.701 15.246 10
4 0 -1.7766 15.345 10 -1.791 15.282 10 -1.701 15.246 10 -1.7055 15.3 10
4 0 -1.764 15.399 10 -1.7766 15.345 10 -1.7055 15.3 10 -1.71 15.354 10
4 0 -1.746 15.453 10 -1.764 15.399 10 -1.71 15.354 10 -1.701 15.399 10
3 0 -1.728 15.489 10 -1.683 15.444 10 -1.674 15.48 10
4 0 -1.728 15.489 10 -1.746 15.453 10 -1.701 15.399 10 -1.683 15.444 10
4 0 -1.71 15.507 10 -1.728 15.489 10 -1.674 15.48 10 -1.683 15.5025 10
4 0 -.495 15.696 10 -.486 15.678 10 -.468 15.678 10 -.441 15.696 10
4 0 -.414 15.732 10 -.486 15.7275 10 -.495 15.696 10 -.441 15.696 10
4 0 -.396 15.768 10 -.468 15.7617 10 -.486 15.7275 10 -.414 15.732 10
4 0 -.378 15.822 10 -.4545 15.795 10 -.468 15.7617 10 -.396 15.768 10
4 0 -.3735 15.867 10 -.4428 15.831 10 -.4545 15.795 10 -.378 15.822 10
4 0 -.3735 15.903 10 -.4374 15.867 10 -.4428 15.831 10 -.3735 15.867 10
4 0 -.3735 15.948 10 -.4347 15.903 10 -.4374 15.867 10 -.3735 15.903 10
4 0 -.378 15.9885 10 -.4347 15.948 10 -.4347 15.903 10 -.3735 15.948 10
4 0 -.387 16.02 10 -.4365 15.9885 10 -.4347 15.948 10 -.378 15.9885 10
4 0 -.4005 16.065 10 -.441 16.0245 10 -.4365 15.9885 10 -.387 16.02 10
4 0 -.4275 16.074 10 -.441 16.056 10 -.441 16.0245 10 -.4005 16.065 10
3 0 -.144 16.56 10 -.1395 16.515 10 -.1161 16.5375 10
4 0 -.144 16.56 10 -.171 16.5465 10 -.171 16.515 10 -.1395 16.515 10
4 0 -.117 16.578 10 -.144 16.56 10 -.1161 16.5375 10 -.0945 16.56 10
4 0 .999 16.6365 10 .9945 16.6005 10 1.017 16.6095 10 1.0215 16.623 10
4 0 .999 16.6365 10 .9765 16.6365 10 .9729 16.6059 10 .9945 16.6005 10
4 0 .9765 16.6365 10 .9585 16.632 10 .954 16.614 10 .9729 16.6059 10
4 0 .7335 16.6455 10 .7335 16.614 10 .747 16.6185 10 .747 16.6275 10
4 0 .7155 16.6545 10 .7065 16.614 10 .7335 16.614 10 .7335 16.6455 10
4 0 .6885 16.6635 10 .6795 16.6185 10 .7065 16.614 10 .7155 16.6545 10
4 0 .234 16.66485 10 .225 16.659 10 .225 16.6455 10 .2385 16.6455 10
4 0 .6615 16.6725 10 .648 16.623 10 .6795 16.6185 10 .6885 16.6635 10
4 0 .261 16.6725 10 .234 16.66485 10 .2385 16.6455 10 .279 16.6455 10
4 0 1.6695 16.6815 10 1.656 16.6635 10 1.6605 16.65 10 1.6875 16.6455 10
4 0 .621 16.6815 10 .6075 16.632 10 .648 16.623 10 .6615 16.6725 10
4 0 .297 16.6815 10 .261 16.6725 10 .279 16.6455 10 .342 16.6455 10
4 0 .369 16.686 10 .297 16.6815 10 .342 16.6455 10 .405 16.6455 10
4 0 .585 16.6905 10 .5715 16.6365 10 .6075 16.632 10 .621 16.6815 10
4 0 .45 16.6905 10 .369 16.686 10 .405 16.6455 10 .468 16.6455 10
4 0 1.746 16.695 10 1.7415 16.6545 10 1.7595 16.668 10 1.7595 16.6815 10
4 0 .5175 16.695 10 .5175 16.641 10 .5715 16.6365 10 .585 16.6905 10
4 0 .5175 16.695 10 .45 16.6905 10 .468 16.6455 10 .5175 16.641 10
4 0 1.6875 16.6995 10 1.6695 16.6815 10 1.6875 16.6455 10 1.719 16.6455 10
4 0 1.7145 16.7085 10 1.719 16.6455 10 1.7415 16.6545 10 1.746 16.695 10
3 0 1.7145 16.7085 10 1.6875 16.6995 10 1.719 16.6455 10
4 0 -.9657 17.2566 10 -.999 17.253 10 -.9945 17.226 10 -.963 17.226 10
4 0 -.936 17.28 10 -.9657 17.2566 10 -.963 17.226 10 -.936 17.2485 10
3 0 -.954 17.2935 10 -.9657 17.2566 10 -.936 17.28 10
4 0 -.954 17.2935 10 -.981 17.2755 10 -.999 17.253 10 -.9657 17.2566 10
4 0 -.612 17.397 10 -.6795 17.388 10 -.6795 17.37 10 -.657 17.37 10
3 0 -.4995 17.577 10 -.612 17.397 10 -.459 17.5365 10
4 0 -.4995 17.577 10 -.6615 17.4105 10 -.6795 17.388 10 -.612 17.397 10
4 0 -.351 17.7075 10 -.4995 17.577 10 -.459 17.5365 10 -.324 17.667 10
4 0 -.333 17.7255 10 -.351 17.7075 10 -.324 17.667 10 -.3105 17.685 10
4 0 -.2835 17.7435 10 -.333 17.7255 10 -.3105 17.685 10 -.2925 17.7165 10
3 0 -.2835 17.7435 10 -.3105 17.7435 10 -.333 17.7255 10
4 0 -.072 17.883 10 -.072 17.8695 10 -.0585 17.8695 10 -.036 17.874 10
4 0 -.072 17.8965 10 -.072 17.883 10 -.036 17.874 10 -.018 17.8875 10
4 0 -.054 17.919 10 -.072 17.8965 10 -.018 17.8875 10 .0045 17.9145 10
3 0 .0072 17.9415 10 -.0045 17.9415 10 .009 17.928 10
3 0 -.0045 17.9415 10 -.0225 17.9415 10 .009 17.928 10
4 0 -.0225 17.9415 10 -.054 17.919 10 .0045 17.9145 10 .009 17.928 10
3 0 .3339 18.3186 10 .3249 18.3087 10 .3267 18.2916 10
4 0 .387 18.3285 10 .3708 18.2646 10 .396 18.2763 10 .4149 18.2997 10
4 0 .387 18.3285 10 .3699 18.3276 10 .3429 18.2646 10 .3708 18.2646 10
4 0 .351 18.3285 10 .3303 18.2763 10 .3429 18.2646 10 .3699 18.3276 10
4 0 .351 18.3285 10 .3339 18.3186 10 .3267 18.2916 10 .3303 18.2763 10
4 0 .396 18.3438 10 .387 18.3285 10 .4149 18.2997 10 .4365 18.3276 10
4 0 .3987 18.3645 10 .396 18.3438 10 .4365 18.3276 10 .4518 18.3456 10
4 0 .4572 18.3897 10 .3987 18.3645 10 .4518 18.3456 10 .4581 18.3645 10
4 0 .4356 18.3978 10 .3978 18.3879 10 .3987 18.3645 10 .4572 18.3897 10
3 0 .4356 18.3978 10 .4113 18.3951 10 .3978 18.3879 10
3 12 0 8.6355 10 .5913 8.65098 10 1.18098 8.69742 10
4 12 -.0945 9.027 10 -.5913 8.65098 10 0 8.6355 10 .171 9.0225 10
3 0 -.0855 9.045 10 -.0945 9.027 10 .171 9.0225 10
3 0 -.081 9.063 10 -.0855 9.045 10 .171 9.0225 10
4 0 -.0675 9.117 10 -.0765 9.09 10 -.081 9.063 10 .171 9.0225 10
4 12 -2.92419 9.02052 10 -2.349 8.88246 10 -1.76742 8.77464 10 -.5913 8.65098 10
4 0 -.0585 9.144 10 -.0675 9.117 10 .171 9.0225 10 .153 9.036 10
4 0 -.0495 9.1665 10 -.0585 9.144 10 .153 9.036 10 .1395 9.063 10
4 0 -.0405 9.189 10 -.0495 9.1665 10 .1395 9.063 10 .1215 9.0855 10
4 0 -.036 9.2205 10 -.0405 9.189 10 .1215 9.0855 10 .1035 9.117 10
3 12 2.92419 9.02052 10 1.18098 8.69742 10 1.7667 8.77464 10
3 12 2.92419 9.02052 10 1.7667 8.77464 10 2.349 8.88246 10
4 0 -.0405 9.2385 10 -.036 9.2205 10 .1035 9.117 10 .0765 9.1485 10
4 0 .405 9.2565 10 .378 9.2565 10 .234 9.1935 10 .234 9.1755 10
4 0 .378 9.2565 10 .3555 9.2565 10 .2205 9.2115 10 .234 9.1935 10
3 0 .3555 9.2565 10 .333 9.2565 10 .2205 9.2115 10
3 0 .405 9.2565 10 .234 9.1755 10 .225 9.162 10
3 0 .405 9.2565 10 .225 9.162 10 .207 9.1395 10
4 0 -.054 9.261 10 -.0405 9.2385 10 .0765 9.1485 10 .0495 9.1845 10
3 0 .405 9.2565 10 .207 9.1395 10 .1935 9.1125 10
3 0 .405 9.2565 10 .1935 9.1125 10 .1845 9.0765 10
4 0 .279 9.2655 10 .2205 9.2115 10 .333 9.2565 10 .3105 9.261 10
3 0 .405 9.2565 10 .1845 9.0765 10 .18 9.045 10
3 0 .405 9.2565 10 .18 9.045 10 .171 9.0225 10
4 12 .558 9.2745 10 .5445 9.2745 10 .171 9.0225 10 2.92419 9.02052 10
3 12 .171 9.0225 10 .531 9.2745 10 .513 9.2745 10
3 12 .171 9.0225 10 .5445 9.2745 10 .531 9.2745 10
3 12 .171 9.0225 10 .4905 9.27 10 .4635 9.2655 10
3 12 .171 9.0225 10 .513 9.2745 10 .4905 9.27 10
3 12 .171 9.0225 10 .4365 9.261 10 .405 9.2565 10
3 12 .171 9.0225 10 .4635 9.2655 10 .4365 9.261 10
3 0 .2475 9.2745 10 .2205 9.2115 10 .279 9.2655 10
4 0 -.0675 9.279 10 -.054 9.261 10 .0495 9.1845 10 .0315 9.216 10
4 0 .207 9.297 10 .2205 9.2115 10 .2475 9.2745 10 .225 9.288 10
4 0 -.072 9.297 10 -.0675 9.279 10 .0315 9.216 10 .0225 9.243 10
3 0 .1845 9.306 10 .2205 9.2115 10 .207 9.297 10
4 0 -.072 9.3105 10 -.072 9.297 10 .0225 9.243 10 .018 9.2655 10
3 0 .162 9.315 10 .2205 9.2115 10 .1845 9.306 10
4 0 -.063 9.3285 10 -.072 9.3105 10 .018 9.2655 10 .018 9.2835 10
4 0 -.036 9.342 10 -.063 9.3285 10 .018 9.2835 10 .027 9.297 10
4 0 .09 9.3465 10 .2205 9.2115 10 .162 9.315 10 .126 9.333 10
4 0 .0675 9.3555 10 .1845 9.243 10 .2205 9.2115 10 .09 9.3465 10
4 0 0 9.3555 10 -.036 9.342 10 .027 9.297 10 .063 9.3015 10
4 12 .558 9.36 10 .4905 9.315 10 .513 9.306 10 .594 9.36 10
4 0 .4185 9.36 10 .405 9.3555 10 .4005 9.342 10 .405 9.333 10
4 0 .036 9.36 10 .1305 9.279 10 .1845 9.243 10 .0675 9.3555 10
4 0 .036 9.36 10 0 9.3555 10 .063 9.3015 10 .1305 9.279 10
4 12 .513 9.3645 10 .4635 9.3195 10 .4905 9.315 10 .558 9.36 10
4 12 .4815 9.3645 10 .441 9.324 10 .4635 9.3195 10 .513 9.3645 10
4 12 .4365 9.3645 10 .4185 9.3285 10 .441 9.324 10 .4815 9.3645 10
3 0 .4185 9.36 10 .405 9.333 10 .4185 9.3285 10
3 12 .4185 9.3285 10 .4365 9.3645 10 .4185 9.36 10
4 12 .639 9.369 10 .594 9.36 10 .513 9.306 10 .5265 9.3015 10
4 12 .666 9.378 10 .639 9.369 10 .5265 9.3015 10 .5445 9.297 10
3 12 .693 9.3915 10 .558 9.288 10 .558 9.2745 10
4 12 .693 9.3915 10 .666 9.378 10 .5445 9.297 10 .558 9.288 10
4 12 .711 9.4005 10 .693 9.3915 10 .558 9.2745 10 2.92419 9.02052 10
4 0 .315 9.495 10 .3015 9.486 10 .2925 9.4725 10 .306 9.4635 10
4 0 .333 9.4995 10 .315 9.495 10 .306 9.4635 10 .342 9.4635 10
3 12 4.04892 9.38601 10 2.92419 9.02052 10 3.49137 9.18855 10
4 0 .3465 9.513 10 .333 9.4995 10 .342 9.4635 10 .369 9.459 10
4 0 .252 9.549 10 .243 9.5355 10 .2565 9.522 10 .27 9.513 10
3 0 -.828 9.531 10 -.855 9.549 10 -.8775 9.5535 10
3 0 -.8775 9.5535 10 -.918 9.558 10 -.828 9.531 10
4 0 .288 9.567 10 .252 9.549 10 .27 9.513 10 .2835 9.513 10
4 0 .3285 9.576 10 .288 9.567 10 .2835 9.513 10 .306 9.5175 10
4 0 .378 9.594 10 .3285 9.576 10 .306 9.5175 10 .324 9.5175 10
3 0 .3465 9.513 10 .369 9.459 10 .396 9.45 10
3 0 .3465 9.513 10 .396 9.45 10 .4275 9.441 10
4 0 .4185 9.612 10 .378 9.594 10 .324 9.5175 10 .3465 9.513 10
3 12 .4275 9.441 10 .4185 9.612 10 .3465 9.513 10
3 12 .4275 9.441 10 .468 9.639 10 .4185 9.612 10
4 12 .495 9.6525 10 .468 9.639 10 .4275 9.441 10 .459 9.432 10
4 12 .513 9.666 10 .495 9.6525 10 .459 9.432 10 .495 9.423 10
4 12 .54 9.684 10 .513 9.666 10 .495 9.423 10 .5355 9.414 10
4 12 .5625 9.702 10 .54 9.684 10 .5355 9.414 10 .5715 9.4095 10
4 12 .5985 9.7245 10 .5625 9.702 10 .5715 9.4095 10 .6165 9.4095 10
4 12 .648 9.747 10 .5985 9.7245 10 .6165 9.4095 10 .639 9.414 10
4 12 .684 9.765 10 .648 9.747 10 .639 9.414 10 .666 9.4185 10
4 0 -.9945 9.765 10 -.981 9.738 10 -.9675 9.747 10 -.972 9.7605 10
4 12 -2.07 9.765 10 -.5913 8.65098 10 -1.251 9.558 10 -1.287 9.576 10
3 12 -2.07 9.765 10 -1.287 9.576 10 -1.3185 9.594 10
3 12 -2.07 9.765 10 -1.3185 9.594 10 -1.35 9.6165 10
3 12 -2.07 9.765 10 -1.35 9.6165 10 -1.3725 9.6435 10
3 12 -2.07 9.765 10 -1.3725 9.6435 10 -1.3815 9.666 10
3 12 -2.07 9.765 10 -1.3815 9.666 10 -1.368 9.6885 10
4 12 -2.07 9.765 10 -4.311 9.49041 10 -4.04892 9.38601 10 -.5913 8.65098 10
4 0 -1.026 9.774 10 -.999 9.729 10 -.981 9.738 10 -.9945 9.765 10
4 12 .7245 9.783 10 .684 9.765 10 .666 9.4185 10 .6885 9.4185 10
4 0 -1.071 9.783 10 -1.017 9.72 10 -.999 9.729 10 -1.026 9.774 10
4 12 .765 9.801 10 .7245 9.783 10 .6885 9.4185 10 .7065 9.4185 10
4 0 -1.1205 9.801 10 -1.0575 9.7065 10 -1.017 9.72 10 -1.071 9.783 10
4 12 .8145 9.819 10 .765 9.801 10 .7065 9.4185 10 .7155 9.414 10
4 0 -1.1655 9.819 10 -1.1115 9.6885 10 -1.0575 9.7065 10 -1.1205 9.801 10
4 12 .864 9.837 10 .7155 9.414 10 .711 9.4005 10 2.92419 9.02052 10
3 12 .864 9.837 10 .8145 9.819 10 .7155 9.414 10
4 0 -1.2105 9.8415 10 -1.1475 9.675 10 -1.1115 9.6885 10 -1.1655 9.819 10
4 12 .954 9.873 10 .918 9.8595 10 .864 9.837 10 2.92419 9.02052 10
4 0 -1.26 9.873 10 -1.188 9.666 10 -1.1475 9.675 10 -1.2105 9.8415 10
3 12 .999 9.8865 10 .954 9.873 10 2.92419 9.02052 10
4 0 -1.3005 9.9 10 -1.2105 9.6615 10 -1.188 9.666 10 -1.26 9.873 10
4 12 1.143 9.9045 10 1.0395 9.8955 10 .999 9.8865 10 2.92419 9.02052 10
3 12 1.197 9.9225 10 1.143 9.9045 10 2.92419 9.02052 10
4 0 -1.341 9.927 10 -1.242 9.6615 10 -1.2105 9.6615 10 -1.3005 9.9 10
3 12 1.2375 9.945 10 1.197 9.9225 10 2.92419 9.02052 10
4 0 -1.377 9.945 10 -1.2735 9.6615 10 -1.242 9.6615 10 -1.341 9.927 10
4 0 -1.404 9.954 10 -1.2915 9.666 10 -1.2735 9.6615 10 -1.377 9.945 10
4 0 -1.404 9.954 10 -1.449 9.954 10 -1.3095 9.675 10 -1.2915 9.666 10
4 0 -1.449 9.954 10 -1.485 9.954 10 -1.3275 9.684 10 -1.3095 9.675 10
4 12 -1.512 9.9585 10 -1.35 9.6885 10 -1.3275 9.684 10 -1.485 9.954 10
4 12 -1.539 9.9675 10 -1.368 9.6885 10 -1.35 9.6885 10 -1.512 9.9585 10
3 12 1.269 9.972 10 1.2375 9.945 10 2.92419 9.02052 10
4 12 -1.566 9.981 10 -2.07 9.765 10 -1.368 9.6885 10 -1.539 9.9675 10
3 12 1.2915 9.9945 10 1.269 9.972 10 2.92419 9.02052 10
3 12 -1.602 9.999 10 -2.07 9.765 10 -1.566 9.981 10
3 12 -1.629 10.017 10 -2.07 9.765 10 -1.602 9.999 10
4 0 -.9855 10.035 10 -.999 9.999 10 -.9855 10.008 10 -.981 10.017 10
3 12 -1.656 10.035 10 -2.07 9.765 10 -1.629 10.017 10
4 0 -.9945 10.0485 10 -1.035 9.999 10 -.999 9.999 10 -.9855 10.035 10
3 12 -1.683 10.053 10 -2.07 9.765 10 -1.656 10.035 10
4 0 -1.0125 10.062 10 -1.08 10.0125 10 -1.035 9.999 10 -.9945 10.0485 10
4 0 -1.0395 10.0755 10 -1.1295 10.026 10 -1.08 10.0125 10 -1.0125 10.062 10
4 0 -1.0845 10.0935 10 -1.1925 10.044 10 -1.1295 10.026 10 -1.0395 10.0755 10
4 12 -1.7325 10.0935 10 -2.07 9.765 10 -1.683 10.053 10 -1.71 10.0755 10
4 0 -1.125 10.116 10 -1.2465 10.062 10 -1.1925 10.044 10 -1.0845 10.0935 10
4 12 -1.773 10.1205 10 -2.07 9.765 10 -1.7325 10.0935 10 -1.7505 10.107 10
3 12 -1.791 10.134 10 -2.07 9.765 10 -1.773 10.1205 10
4 0 -1.1655 10.1385 10 -1.3095 10.0845 10 -1.2465 10.062 10 -1.125 10.116 10
3 12 -1.8045 10.1475 10 -2.07 9.765 10 -1.791 10.134 10
3 12 -1.818 10.161 10 -2.07 9.765 10 -1.8045 10.1475 10
4 0 -1.206 10.1745 10 -1.35 10.0935 10 -1.3095 10.0845 10 -1.1655 10.1385 10
4 0 -1.242 10.2105 10 -1.386 10.098 10 -1.35 10.0935 10 -1.206 10.1745 10
4 0 -1.26 10.242 10 -1.422 10.098 10 -1.386 10.098 10 -1.242 10.2105 10
4 0 -1.2825 10.2645 10 -1.4625 10.098 10 -1.422 10.098 10 -1.26 10.242 10
4 0 -1.305 10.2825 10 -1.494 10.0935 10 -1.4625 10.098 10 -1.2825 10.2645 10
3 0 -1.494 10.0935 10 -1.3275 10.296 10 -1.35 10.305 10
3 0 -1.494 10.0935 10 -1.305 10.2825 10 -1.3275 10.296 10
4 12 4.04892 9.38601 10 1.314 10.026 10 1.2915 9.9945 10 2.92419 9.02052 10
3 12 4.04892 9.38601 10 1.3365 10.0575 10 1.314 10.026 10
4 12 4.04892 9.38601 10 1.377 10.125 10 1.3545 10.089 10 1.3365 10.0575 10
3 12 4.04892 9.38601 10 1.3905 10.152 10 1.377 10.125 10
3 12 4.04892 9.38601 10 1.4085 10.1925 10 1.3905 10.152 10
3 12 4.04892 9.38601 10 1.4175 10.2285 10 1.4085 10.1925 10
3 12 4.04892 9.38601 10 1.422 10.26 10 1.4175 10.2285 10
3 12 4.04892 9.38601 10 1.422 10.296 10 1.422 10.26 10
3 0 -1.494 10.0935 10 -1.368 10.3095 10 -1.3905 10.314 10
3 0 -1.494 10.0935 10 -1.35 10.305 10 -1.368 10.3095 10
3 0 -1.494 10.0935 10 -1.422 10.314 10 -1.458 10.3185 10
3 0 -1.494 10.0935 10 -1.3905 10.314 10 -1.422 10.314 10
3 0 -1.494 10.0935 10 -1.494 10.323 10 -1.5255 10.332 10
3 0 -1.494 10.0935 10 -1.458 10.3185 10 -1.494 10.323 10
3 12 -1.5615 10.341 10 -1.5165 10.089 10 -1.494 10.0935 10
3 0 -1.494 10.0935 10 -1.5255 10.332 10 -1.5615 10.341 10
3 12 -1.5615 10.341 10 -1.5615 10.0845 10 -1.539 10.0845 10
3 12 -1.5615 10.341 10 -1.539 10.0845 10 -1.5165 10.089 10
3 12 -1.5615 10.341 10 -1.62 10.098 10 -1.5885 10.089 10
3 12 -1.5615 10.341 10 -1.5885 10.089 10 -1.5615 10.0845 10
3 12 1.4175 10.3275 10 1.422 10.296 10 4.04892 9.38601 10
3 12 -1.5615 10.341 10 -1.6785 10.1295 10 -1.6515 10.116 10
3 12 -1.5615 10.341 10 -1.6515 10.116 10 -1.62 10.098 10
3 12 -1.5615 10.341 10 -1.7325 10.1565 10 -1.7055 10.143 10
3 12 -1.5615 10.341 10 -1.7055 10.143 10 -1.6785 10.1295 10
3 12 1.413 10.3545 10 1.4175 10.3275 10 4.04892 9.38601 10
4 0 -1.152 10.3545 10 -1.1835 10.341 10 -1.1655 10.3365 10 -1.1565 10.341 10
4 12 -1.602 10.3545 10 -1.755 10.1655 10 -1.7325 10.1565 10 -1.5615 10.341 10
4 0 -1.1565 10.368 10 -1.2015 10.3545 10 -1.1835 10.341 10 -1.152 10.3545 10
4 12 -1.638 10.368 10 -1.773 10.17 10 -1.755 10.1655 10 -1.602 10.3545 10
3 12 1.404 10.3815 10 1.413 10.3545 10 4.04892 9.38601 10
4 12 -1.6695 10.386 10 -1.7955 10.1745 10 -1.773 10.17 10 -1.638 10.368 10
4 0 1.026 10.3905 10 1.017 10.377 10 1.0215 10.35 10 1.0575 10.3365 10
4 0 1.053 10.404 10 1.026 10.3905 10 1.0575 10.3365 10 1.0755 10.3455 10
4 0 -1.188 10.404 10 -1.2285 10.3815 10 -1.2015 10.3545 10 -1.1565 10.368 10
4 12 -1.6965 10.404 10 -1.809 10.1745 10 -1.7955 10.1745 10 -1.6695 10.386 10
4 0 1.0935 10.4175 10 1.053 10.404 10 1.0755 10.3455 10 1.1025 10.3545 10
4 12 -1.7145 10.4175 10 -1.818 10.17 10 -1.809 10.1745 10 -1.6965 10.404 10
4 0 1.1295 10.4265 10 1.0935 10.4175 10 1.1025 10.3545 10 1.134 10.368 10
3 12 -1.7325 10.431 10 -1.818 10.17 10 -1.7145 10.4175 10
4 0 -1.2195 10.4355 10 -1.251 10.3995 10 -1.2285 10.3815 10 -1.188 10.404 10
4 0 1.1745 10.44 10 1.1295 10.4265 10 1.134 10.368 10 1.1655 10.377 10
4 0 1.215 10.449 10 1.1745 10.44 10 1.1655 10.377 10 1.2195 10.3905 10
4 0 1.2555 10.4625 10 1.215 10.449 10 1.2195 10.3905 10 1.26 10.404 10
4 12 -1.773 10.467 10 -1.818 10.17 10 -1.7325 10.431 10 -1.746 10.4445 10
4 0 -1.2555 10.4715 10 -1.2825 10.422 10 -1.251 10.3995 10 -1.2195 10.4355 10
4 0 1.2735 10.4805 10 1.2555 10.4625 10 1.26 10.404 10 1.3095 10.413 10
3 12 -1.7865 10.4805 10 -1.818 10.17 10 -1.773 10.467 10
3 12 -1.8 10.4985 10 -1.818 10.17 10 -1.7865 10.4805 10
4 0 -1.3005 10.5165 10 -1.3095 10.4355 10 -1.2825 10.422 10 -1.2555 10.4715 10
4 0 -1.3275 10.539 10 -1.332 10.4445 10 -1.3095 10.4355 10 -1.3005 10.5165 10
4 0 -1.3545 10.5525 10 -1.368 10.449 10 -1.332 10.4445 10 -1.3275 10.539 10
4 0 -1.386 10.557 10 -1.422 10.4535 10 -1.368 10.449 10 -1.3545 10.5525 10
4 0 -1.4085 10.5615 10 -1.467 10.449 10 -1.422 10.4535 10 -1.386 10.557 10
4 0 -1.44 10.5705 10 -1.5075 10.44 10 -1.467 10.449 10 -1.4085 10.5615 10
4 0 -.972 10.575 10 -1.0125 10.548 10 -.9945 10.5525 10 -.981 10.5615 10
4 0 -1.476 10.5885 10 -1.5435 10.431 10 -1.5075 10.44 10 -1.44 10.5705 10
4 0 -.981 10.5975 10 -1.035 10.5435 10 -1.0125 10.548 10 -.972 10.575 10
4 0 -1.512 10.6065 10 -1.575 10.4265 10 -1.5435 10.431 10 -1.476 10.5885 10
4 0 -1.017 10.611 10 -1.062 10.5435 10 -1.035 10.5435 10 -.981 10.5975 10
4 0 -1.0575 10.62 10 -1.089 10.5525 10 -1.062 10.5435 10 -1.017 10.611 10
3 0 -1.575 10.4265 10 -1.548 10.629 10 -1.566 10.6425 10
3 0 -1.575 10.4265 10 -1.512 10.6065 10 -1.548 10.629 10
4 0 -1.0935 10.6335 10 -1.116 10.5615 10 -1.089 10.5525 10 -1.0575 10.62 10
3 12 -1.566 10.6425 10 -1.6335 10.44 10 -1.6065 10.431 10
3 12 -1.566 10.6425 10 -1.6065 10.431 10 -1.575 10.4265 10
4 0 -1.134 10.647 10 -1.1565 10.5795 10 -1.116 10.5615 10 -1.0935 10.6335 10
4 12 -1.5795 10.6515 10 -1.665 10.449 10 -1.6335 10.44 10 -1.566 10.6425 10
4 12 -1.602 10.6605 10 -1.683 10.458 10 -1.665 10.449 10 -1.5795 10.6515 10
4 0 -1.1745 10.665 10 -1.2015 10.611 10 -1.1565 10.5795 10 -1.134 10.647 10
3 12 -2.07 10.665 10 -4.311 9.49041 10 -2.07 9.765 10
4 12 -2.07 10.665 10 -2.07 9.765 10 -1.818 10.161 10 -1.818 10.17 10
4 12 -2.07 10.665 10 -1.818 10.17 10 -1.8 10.4985 10 -1.8045 10.521 10
3 12 -2.07 10.665 10 -1.8045 10.521 10 -1.8045 10.5345 10
3 12 -2.07 10.665 10 -1.8045 10.5345 10 -1.8 10.548 10
4 12 -1.629 10.6695 10 -1.701 10.467 10 -1.683 10.458 10 -1.602 10.6605 10
4 12 -1.656 10.674 10 -1.7235 10.485 10 -1.701 10.467 10 -1.629 10.6695 10
4 12 -1.656 10.674 10 -1.6785 10.674 10 -1.737 10.4985 10 -1.7235 10.485 10
4 12 -1.692 10.6785 10 -1.7505 10.512 10 -1.737 10.4985 10 -1.6785 10.674 10
4 0 -1.2195 10.6875 10 -1.242 10.629 10 -1.2015 10.611 10 -1.1745 10.665 10
4 12 -1.692 10.6965 10 -1.7595 10.521 10 -1.7505 10.512 10 -1.692 10.6785 10
4 12 -1.692 10.6965 10 -1.773 10.539 10 -1.7685 10.53 10 -1.7595 10.521 10
3 12 -1.692 10.6965 10 -1.782 10.548 10 -1.773 10.539 10
3 12 -1.692 10.6965 10 -1.791 10.5525 10 -1.782 10.548 10
4 12 -1.692 10.6965 10 -2.07 10.665 10 -1.8 10.548 10 -1.791 10.5525 10
4 0 -1.2645 10.7145 10 -1.278 10.6425 10 -1.242 10.629 10 -1.2195 10.6875 10
4 12 -1.6245 10.728 10 -1.5795 11.052 10 -1.602 11.07 10 -1.6515 10.7235 10
4 0 -1.3005 10.7415 10 -1.305 10.647 10 -1.278 10.6425 10 -1.2645 10.7145 10
4 0 -1.3365 10.782 10 -1.35 10.6605 10 -1.305 10.647 10 -1.3005 10.7415 10
4 0 -1.368 10.827 10 -1.386 10.665 10 -1.35 10.6605 10 -1.3365 10.782 10
4 0 -1.395 10.872 10 -1.422 10.674 10 -1.386 10.665 10 -1.368 10.827 10
4 0 -.999 10.8855 10 -1.035 10.8765 10 -1.0125 10.872 10 -1.0035 10.8765 10
4 0 -1.413 10.8945 10 -1.458 10.683 10 -1.422 10.674 10 -1.395 10.872 10
4 0 -1.0035 10.899 10 -1.0575 10.8855 10 -1.035 10.8765 10 -.999 10.8855 10
4 0 -1.4265 10.9035 10 -1.485 10.692 10 -1.458 10.683 10 -1.413 10.8945 10
4 0 -1.0125 10.917 10 -1.0845 10.899 10 -1.0575 10.8855 10 -1.0035 10.899 10
4 0 -1.4625 10.9215 10 -1.503 10.701 10 -1.485 10.692 10 -1.4265 10.9035 10
4 0 -1.0395 10.953 10 -1.116 10.9125 10 -1.0845 10.899 10 -1.0125 10.917 10
4 0 -1.503 10.953 10 -1.521 10.71 10 -1.503 10.701 10 -1.4625 10.9215 10
4 0 -1.53 10.98 10 -1.5525 10.7235 10 -1.521 10.71 10 -1.503 10.953 10
4 0 -1.0665 10.989 10 -1.1565 10.926 10 -1.116 10.9125 10 -1.0395 10.953 10
4 12 -1.5525 11.016 10 -1.5885 10.728 10 -1.5525 10.7235 10 -1.53 10.98 10
4 0 -1.1115 11.025 10 -1.197 10.944 10 -1.1565 10.926 10 -1.0665 10.989 10
4 12 -1.5615 11.034 10 -1.6245 10.728 10 -1.5885 10.728 10 -1.5525 11.016 10
3 12 -1.5795 11.052 10 -1.6245 10.728 10 -1.5615 11.034 10
4 0 -1.1655 11.061 10 -1.242 10.971 10 -1.197 10.944 10 -1.1115 11.025 10
4 12 -1.6245 11.079 10 -1.6785 10.71 10 -1.6515 10.7235 10 -1.602 11.07 10
4 12 -1.647 11.088 10 -1.692 10.6965 10 -1.6785 10.71 10 -1.6245 11.079 10
4 0 -1.2195 11.0925 10 -1.2825 10.989 10 -1.242 10.971 10 -1.1655 11.061 10
4 12 -1.665 11.0925 10 -2.07 10.665 10 -1.692 10.6965 10 -1.647 11.088 10
3 12 -1.683 11.1015 10 -2.07 10.665 10 -1.665 11.0925 10
3 12 -1.701 11.1105 10 -2.07 10.665 10 -1.683 11.1015 10
4 0 -1.269 11.124 10 -1.323 11.0025 10 -1.2825 10.989 10 -1.2195 11.0925 10
4 0 -1.3095 11.16 10 -1.35 11.0115 10 -1.323 11.0025 10 -1.269 11.124 10
4 0 -1.341 11.196 10 -1.3815 11.0205 10 -1.35 11.0115 10 -1.3095 11.16 10
4 12 1.35 11.205 10 1.386 10.4085 10 1.404 10.3815 10 4.04892 9.38601 10
3 12 1.386 10.4085 10 1.35 11.205 10 1.2645 10.512 10
3 0 1.2735 10.4805 10 1.3095 10.413 10 1.3635 10.4175 10
3 0 1.2645 10.512 10 1.3635 10.4175 10 1.386 10.4085 10
4 12 1.35 11.205 10 .828 10.4805 10 .873 10.4805 10 .918 10.485 10
4 12 1.35 11.205 10 .918 10.485 10 .963 10.503 10 .9945 10.5165 10
4 12 1.35 11.205 10 .7065 10.494 10 .7605 10.485 10 .828 10.4805 10
3 0 1.2645 10.512 10 1.2735 10.4805 10 1.3635 10.4175 10
4 12 1.35 11.205 10 .9945 10.5165 10 1.044 10.5345 10 1.0845 10.5525 10
4 12 1.35 11.205 10 .585 10.5165 10 .648 10.503 10 .7065 10.494 10
3 12 1.35 11.205 10 1.2375 10.5345 10 1.2645 10.512 10
3 12 1.35 11.205 10 1.2015 10.548 10 1.2375 10.5345 10
3 12 1.35 11.205 10 1.0845 10.5525 10 1.1205 10.557 10
3 12 1.35 11.205 10 1.1655 10.557 10 1.2015 10.548 10
3 12 1.35 11.205 10 1.1205 10.557 10 1.1655 10.557 10
4 12 1.35 11.205 10 .4455 10.557 10 .522 10.5345 10 .585 10.5165 10
4 12 1.35 11.205 10 .2115 10.557 10 .2385 10.5615 10 .279 10.5705 10
3 12 1.35 11.205 10 .414 10.5615 10 .4455 10.557 10
3 12 1.35 11.205 10 .18 10.5615 10 .2115 10.557 10
3 12 1.35 11.205 10 .3825 10.566 10 .414 10.5615 10
3 12 1.35 11.205 10 .351 10.5705 10 .3825 10.566 10
3 12 1.35 11.205 10 .315 10.5705 10 .351 10.5705 10
3 12 1.35 11.205 10 .279 10.5705 10 .315 10.5705 10
4 12 1.35 11.205 10 .153 10.584 10 .162 10.5705 10 .18 10.5615 10
4 12 1.35 11.205 10 .1395 10.6605 10 .144 10.62 10 .153 10.584 10
4 12 1.35 11.205 10 .234 10.8945 10 .162 10.746 10 .1395 10.6605 10
4 12 1.35 11.205 10 .351 11.1465 10 .2925 11.025 10 .234 10.8945 10
4 0 -1.3635 11.2365 10 -1.4175 11.0295 10 -1.3815 11.0205 10 -1.341 11.196 10
4 0 -1.3815 11.286 10 -1.449 11.043 10 -1.4175 11.0295 10 -1.3635 11.2365 10
3 0 -.918 11.295 10 -.945 11.2725 10 -.927 11.277 10
4 0 -.927 11.3085 10 -.981 11.2635 10 -.945 11.2725 10 -.918 11.295 10
3 12 .4635 11.3175 10 .351 11.1465 10 1.35 11.205 10
4 0 -.945 11.322 10 -1.008 11.268 10 -.981 11.2635 10 -.927 11.3085 10
4 0 -1.3995 11.3265 10 -1.4805 11.0655 10 -1.449 11.043 10 -1.3815 11.286 10
4 0 -.972 11.3355 10 -1.0395 11.277 10 -1.008 11.268 10 -.945 11.322 10
4 0 -1.017 11.358 10 -1.0845 11.295 10 -1.0395 11.277 10 -.972 11.3355 10
4 0 -1.422 11.358 10 -1.5075 11.0925 10 -1.4805 11.0655 10 -1.3995 11.3265 10
4 12 -1.4445 11.3805 10 -1.53 11.1105 10 -1.5075 11.0925 10 -1.422 11.358 10
4 0 -1.0575 11.385 10 -1.152 11.313 10 -1.0845 11.295 10 -1.017 11.358 10
4 12 -2.07 11.385 10 -2.07 10.665 10 -1.701 11.1105 10 -1.71 11.1285 10
4 12 -2.07 11.385 10 -3.78 11.385 10 -4.311 9.49041 10 -2.07 10.665 10
4 12 -2.07 11.385 10 -1.575 12.429 10 -1.5795 12.447 10 -2.07 13.095 10
4 12 -2.07 11.385 10 -2.07 13.095 10 -2.8575 12.33 10 -2.898 12.2895 10
4 12 -3.78 11.385 10 -3.42 12.933 10 -3.42 13.041 10 -4.23729 13.27878 10
4 12 -3.78 11.385 10 -4.23729 13.27878 10 -4.311 12.15 10 -4.311 9.49041 10
4 12 -1.4715 11.403 10 -1.5615 11.133 10 -1.53 11.1105 10 -1.4445 11.3805 10
4 0 -1.08 11.4075 10 -1.2105 11.331 10 -1.152 11.313 10 -1.0575 11.385 10
4 12 -1.4985 11.412 10 -1.5885 11.142 10 -1.5615 11.133 10 -1.4715 11.403 10
4 12 -1.5345 11.421 10 -1.6155 11.1465 10 -1.5885 11.142 10 -1.4985 11.412 10
4 12 -1.566 11.43 10 -1.647 11.151 10 -1.6155 11.1465 10 -1.5345 11.421 10
4 12 -1.593 11.439 10 -1.6785 11.1465 10 -1.647 11.151 10 -1.566 11.43 10
4 0 -1.107 11.448 10 -1.2375 11.34 10 -1.2105 11.331 10 -1.08 11.4075 10
4 12 -1.62 11.448 10 -1.6965 11.142 10 -1.6785 11.1465 10 -1.593 11.439 10
4 12 -1.6425 11.466 10 -1.71 11.1285 10 -1.6965 11.142 10 -1.62 11.448 10
4 0 -1.134 11.475 10 -1.26 11.3535 10 -1.2375 11.34 10 -1.107 11.448 10
4 12 -1.656 11.493 10 -2.07 11.385 10 -1.71 11.1285 10 -1.6425 11.466 10
4 0 -1.1565 11.4975 10 -1.2825 11.376 10 -1.26 11.3535 10 -1.134 11.475 10
4 12 .6255 11.5065 10 .5445 11.4165 10 .4635 11.3175 10 1.35 11.205 10
4 0 -1.1925 11.52 10 -1.305 11.3985 10 -1.2825 11.376 10 -1.1565 11.4975 10
4 0 -1.2465 11.547 10 -1.332 11.43 10 -1.305 11.3985 10 -1.1925 11.52 10
4 0 -1.2915 11.574 10 -1.3725 11.457 10 -1.332 11.43 10 -1.2465 11.547 10
4 12 .7155 11.5875 10 .6615 11.5425 10 .6255 11.5065 10 1.35 11.205 10
3 12 -1.3275 11.5965 10 -1.413 11.4795 10 -1.3725 11.457 10
3 0 -1.3725 11.457 10 -1.2915 11.574 10 -1.3275 11.5965 10
3 12 2.304 11.628 10 2.7 11.205 10 2.3535 11.6235 10
4 12 -1.359 11.628 10 -1.4445 11.493 10 -1.413 11.4795 10 -1.3275 11.5965 10
3 12 2.403 11.6325 10 2.3535 11.6235 10 2.7 11.205 10
4 12 2.25 11.637 10 1.35 11.205 10 2.7 11.205 10 2.304 11.628 10
3 12 2.4435 11.646 10 2.403 11.6325 10 2.7 11.205 10
3 12 .7695 11.6505 10 .7155 11.5875 10 1.35 11.205 10
4 0 -1.053 11.655 10 -1.089 11.646 10 -1.071 11.637 10 -1.053 11.6415 10
3 12 2.187 11.6595 10 1.35 11.205 10 2.25 11.637 10
4 12 -1.3905 11.664 10 -1.4805 11.502 10 -1.4445 11.493 10 -1.359 11.628 10
4 0 -1.0575 11.6685 10 -1.1115 11.655 10 -1.089 11.646 10 -1.053 11.655 10
3 12 2.493 11.673 10 2.4435 11.646 10 2.7 11.205 10
4 0 -1.0755 11.6865 10 -1.1475 11.673 10 -1.1115 11.655 10 -1.0575 11.6685 10
3 12 2.1285 11.691 10 1.35 11.205 10 2.187 11.6595 10
4 12 -1.413 11.6955 10 -1.5165 11.511 10 -1.4805 11.502 10 -1.3905 11.664 10
3 12 2.5335 11.7045 10 2.493 11.673 10 2.7 11.205 10
4 0 -1.0935 11.7045 10 -1.197 11.6955 10 -1.1475 11.673 10 -1.0755 11.6865 10
4 0 -1.116 11.7225 10 -1.2375 11.718 10 -1.197 11.6955 10 -1.0935 11.7045 10
3 12 .8235 11.727 10 .7695 11.6505 10 1.35 11.205 10
4 12 -1.4355 11.727 10 -1.5525 11.5155 10 -1.5165 11.511 10 -1.413 11.6955 10
3 12 2.5605 11.7405 10 2.5335 11.7045 10 2.7 11.205 10
3 12 2.061 11.7405 10 1.35 11.205 10 2.1285 11.691 10
4 0 -1.1385 11.7405 10 -1.2825 11.736 10 -1.2375 11.718 10 -1.116 11.7225 10
3 0 -1.2825 11.736 10 -1.1565 11.754 10 -1.179 11.7675 10
3 0 -1.2825 11.736 10 -1.1385 11.7405 10 -1.1565 11.754 10
4 12 -1.4535 11.754 10 -1.593 11.511 10 -1.5525 11.5155 10 -1.4355 11.727 10
3 0 -1.2825 11.736 10 -1.197 11.781 10 -1.2015 11.799 10
3 0 -1.2825 11.736 10 -1.179 11.7675 10 -1.197 11.781 10
3 12 2.0205 11.781 10 1.35 11.205 10 2.061 11.7405 10
3 0 -1.2015 11.799 10 -1.188 11.8125 10 -1.2285 11.8845 10
3 0 -1.2825 11.736 10 -1.2015 11.799 10 -1.2285 11.8845 10
4 12 -1.467 11.781 10 -1.629 11.502 10 -1.593 11.511 10 -1.4535 11.754 10
3 12 .864 11.79 10 .8235 11.727 10 1.35 11.205 10
4 0 -.99 11.7945 10 -.963 11.7315 10 -.9495 11.7405 10 -.9495 11.754 10
3 12 -1.287 11.9295 10 -1.3815 11.7765 10 -1.359 11.763 10
3 12 -1.287 11.9295 10 -1.359 11.763 10 -1.323 11.7495 10
4 12 -1.4805 11.808 10 -1.656 11.493 10 -1.629 11.502 10 -1.467 11.781 10
4 0 -1.0215 11.817 10 -.981 11.7315 10 -.963 11.7315 10 -.99 11.7945 10
4 12 -1.494 11.8215 10 -2.07 11.385 10 -1.656 11.493 10 -1.4805 11.808 10
3 12 1.971 11.8305 10 1.35 11.205 10 2.0205 11.781 10
4 0 -1.0575 11.835 10 -1.0215 11.745 10 -.981 11.7315 10 -1.0215 11.817 10
4 0 -1.098 11.844 10 -1.0575 11.7585 10 -1.0215 11.745 10 -1.0575 11.835 10
4 12 -1.5255 11.8485 10 -2.07 11.385 10 -1.494 11.8215 10 -1.5075 11.835 10
4 0 -1.1385 11.853 10 -1.0845 11.772 10 -1.0575 11.7585 10 -1.098 11.844 10
3 12 -1.539 11.8665 10 -2.07 11.385 10 -1.5255 11.8485 10
4 0 -1.2015 11.871 10 -1.1115 11.79 10 -1.0845 11.772 10 -1.1385 11.853 10
3 0 -1.134 11.8035 10 -1.1115 11.79 10 -1.2015 11.871 10
3 0 -1.2015 11.871 10 -1.2285 11.8845 10 -1.161 11.8125 10
4 12 .99 11.907 10 .936 11.862 10 .864 11.79 10 1.35 11.205 10
3 0 -1.161 11.8125 10 -1.134 11.8035 10 -1.2015 11.871 10
3 12 -1.2285 11.8845 10 -1.2645 11.907 10 -1.323 11.7495 10
3 0 -1.188 11.8125 10 -1.161 11.8125 10 -1.2285 11.8845 10
3 12 -1.2285 11.8845 10 -1.323 11.7495 10 -1.2825 11.736 10
3 12 -1.2645 11.907 10 -1.287 11.9295 10 -1.323 11.7495 10
4 12 1.8315 11.9385 10 1.35 11.205 10 1.971 11.8305 10 1.926 11.88 10
4 12 1.1025 11.9475 10 1.035 11.925 10 .99 11.907 10 1.35 11.205 10
3 12 -1.287 11.9295 10 -1.404 11.799 10 -1.3815 11.7765 10
3 12 -1.287 11.9295 10 -1.3185 11.952 10 -1.404 11.799 10
4 12 2.7045 11.9655 10 2.6145 11.8305 10 2.5605 11.7405 10 2.7 11.205 10
4 12 -1.3365 11.9655 10 -1.422 11.8215 10 -1.404 11.799 10 -1.3185 11.952 10
4 12 -1.359 11.9835 10 -1.4445 11.8485 10 -1.422 11.8215 10 -1.3365 11.9655 10
3 12 1.1835 11.988 10 1.1025 11.9475 10 1.35 11.205 10
4 12 -1.386 11.997 10 -1.467 11.8665 10 -1.4445 11.8485 10 -1.359 11.9835 10
3 12 1.737 12.0015 10 1.35 11.205 10 1.8315 11.9385 10
4 0 -.9315 12.0015 10 -.9585 11.9745 10 -.9405 11.9835 10 -.9315 11.9925 10
4 12 -1.413 12.006 10 -1.485 11.88 10 -1.467 11.8665 10 -1.386 11.997 10
4 0 -.9585 12.0105 10 -.981 11.97 10 -.9585 11.9745 10 -.9315 12.0015 10
4 0 -1.0305 12.015 10 -1.017 11.961 10 -.981 11.97 10 -.9585 12.0105 10
4 12 -1.44 12.015 10 -1.512 11.8845 10 -1.485 11.88 10 -1.413 12.006 10
4 0 -1.0755 12.024 10 -1.062 11.961 10 -1.017 11.961 10 -1.0305 12.015 10
4 12 -1.467 12.024 10 -1.539 11.8665 10 -1.512 11.8845 10 -1.44 12.015 10
4 0 -1.1205 12.033 10 -1.0935 11.9655 10 -1.062 11.961 10 -1.0755 12.024 10
3 12 -1.4805 12.033 10 -1.539 11.8665 10 -1.467 12.024 10
3 12 1.269 12.042 10 1.1835 11.988 10 1.35 11.205 10
3 0 -1.1205 11.9745 10 -1.0935 11.9655 10 -1.1205 12.033 10
3 0 -1.1205 12.033 10 -1.1565 12.0465 10 -1.1205 11.9745 10
4 12 -1.4895 12.0555 10 -2.07 11.385 10 -1.539 11.8665 10 -1.4805 12.033 10
4 12 -1.4895 12.0555 10 -1.4715 12.069 10 -1.368 12.231 10 -1.449 12.4965 10
4 12 -1.4895 12.0555 10 -1.449 12.4965 10 -1.476 12.483 10 -1.5075 12.465 10
3 12 1.638 12.069 10 1.35 11.205 10 1.737 12.0015 10
3 0 -1.143 11.9835 10 -1.1205 11.9745 10 -1.1565 12.0465 10
3 12 -1.1565 12.0465 10 -1.1925 12.069 10 -1.179 12.006 10
3 12 1.3365 12.0915 10 1.269 12.042 10 1.35 11.205 10
4 12 -3.204 12.0915 10 -3.78 11.385 10 -2.07 11.385 10 -3.1815 12.087 10
3 0 -1.179 12.006 10 -1.143 11.9835 10 -1.1565 12.0465 10
3 12 -1.1925 12.069 10 -1.2285 12.1005 10 -1.179 12.006 10
3 12 -3.141 12.105 10 -3.1815 12.087 10 -2.07 11.385 10
4 12 -1.2645 12.132 10 -1.215 12.024 10 -1.179 12.006 10 -1.2285 12.1005 10
3 12 1.3995 12.141 10 1.3365 12.0915 10 1.35 11.205 10
4 12 -1.287 12.15 10 -1.2465 12.042 10 -1.215 12.024 10 -1.2645 12.132 10
3 12 -3.0735 12.15 10 -3.141 12.105 10 -2.07 11.385 10
4 0 -.684 12.1545 10 -.7065 12.1185 10 -.684 12.1275 10 -.6795 12.141 10
4 0 -.6975 12.1635 10 -.7335 12.123 10 -.7065 12.1185 10 -.684 12.1545 10
4 12 -1.3095 12.168 10 -1.278 12.0555 10 -1.2465 12.042 10 -1.287 12.15 10
4 0 -.7155 12.1725 10 -.774 12.141 10 -.7335 12.123 10 -.6975 12.1635 10
4 0 -.7515 12.186 10 -.8055 12.1545 10 -.774 12.141 10 -.7155 12.1725 10
4 12 -1.3275 12.186 10 -1.314 12.069 10 -1.278 12.0555 10 -1.3095 12.168 10
4 12 1.458 12.195 10 1.35 11.205 10 1.638 12.069 10 1.5615 12.123 10
3 12 1.458 12.195 10 1.3995 12.141 10 1.35 11.205 10
3 12 -3.0105 12.195 10 -3.0735 12.15 10 -2.07 11.385 10
4 0 -.7875 12.1995 10 -.8325 12.1635 10 -.8055 12.1545 10 -.7515 12.186 10
4 12 -1.3455 12.1995 10 -1.3545 12.078 10 -1.314 12.069 10 -1.3275 12.186 10
4 12 -1.3635 12.2085 10 -1.386 12.0825 10 -1.3545 12.078 10 -1.3455 12.1995 10
3 12 -1.3635 12.2085 10 -1.4265 12.0825 10 -1.386 12.0825 10
4 0 -.855 12.231 10 -.8865 12.177 10 -.8325 12.1635 10 -.7875 12.1995 10
3 12 -1.368 12.231 10 -1.4715 12.069 10 -1.4535 12.078 10
4 12 -1.368 12.231 10 -1.4535 12.078 10 -1.4265 12.0825 10 -1.3635 12.2085 10
4 0 -.9 12.2445 10 -.9315 12.177 10 -.8865 12.177 10 -.855 12.231 10
4 0 2.4705 12.2535 10 2.385 12.186 10 2.4255 12.186 10 2.448 12.204 10
4 0 -.9495 12.258 10 -.999 12.177 10 -.9315 12.177 10 -.9 12.2445 10
4 0 -1.0305 12.285 10 -1.089 12.168 10 -.999 12.177 10 -.9495 12.258 10
4 12 -2.898 12.2895 10 -2.9475 12.249 10 -3.0105 12.195 10 -2.07 11.385 10
4 0 2.5065 12.3165 10 2.349 12.1905 10 2.385 12.186 10 2.4705 12.2535 10
4 0 -1.08 12.3165 10 -1.1295 12.1635 10 -1.089 12.168 10 -1.0305 12.285 10
4 12 -1.1295 12.366 10 -1.17 12.1635 10 -1.1295 12.1635 10 -1.08 12.3165 10
4 0 2.547 12.375 10 2.322 12.1995 10 2.349 12.1905 10 2.5065 12.3165 10
4 12 -1.1745 12.4065 10 -1.1925 12.168 10 -1.17 12.1635 10 -1.1295 12.366 10
4 0 -3.2895 12.4065 10 -3.3165 12.4065 10 -3.1536 12.1752 10 -3.105 12.213 10
4 12 -3.3165 12.4065 10 -3.78 11.385 10 -3.204 12.0915 10 -3.2085 12.114 10
4 0 -3.3165 12.4065 10 -3.2085 12.114 10 -3.177 12.1455 10 -3.1536 12.1752 10
4 0 -.702 12.411 10 -.6705 12.3705 10 -.666 12.3795 10 -.675 12.393 10
3 12 -3.33 12.4245 10 -3.78 11.385 10 -3.3165 12.4065 10
4 0 -.7335 12.429 10 -.6885 12.3705 10 -.6705 12.3705 10 -.702 12.411 10
4 0 -3.2715 12.429 10 -3.2895 12.4065 10 -3.105 12.213 10 -3.024 12.303 10
4 12 -1.5525 12.4335 10 -1.575 12.429 10 -2.07 11.385 10 -1.4895 12.0555 10
4 0 -.7695 12.4425 10 -.7065 12.375 10 -.6885 12.3705 10 -.7335 12.429 10
4 12 -1.2105 12.447 10 -1.2375 12.186 10 -1.1925 12.168 10 -1.1745 12.4065 10
4 0 -.8055 12.456 10 -.738 12.384 10 -.7065 12.375 10 -.7695 12.4425 10
4 0 -.8415 12.465 10 -.783 12.3975 10 -.738 12.384 10 -.8055 12.456 10
4 12 -1.5075 12.465 10 -1.5345 12.4515 10 -1.5525 12.4335 10 -1.4895 12.0555 10
3 12 -3.33 12.465 10 -3.78 11.385 10 -3.33 12.4245 10
4 0 -3.2355 12.474 10 -3.2715 12.429 10 -3.024 12.303 10 -2.9835 12.357 10
4 0 2.628 12.4785 10 2.2995 12.213 10 2.322 12.1995 10 2.547 12.375 10
4 0 2.628 12.4785 10 2.6865 12.546 10 2.682 12.6225 10 2.6505 12.6045 10
4 0 -.891 12.483 10 -.837 12.411 10 -.783 12.3975 10 -.8415 12.465 10
4 12 -1.2555 12.483 10 -1.2735 12.1995 10 -1.2375 12.186 10 -1.2105 12.447 10
4 12 -1.3095 12.501 10 -1.2915 12.2085 10 -1.2735 12.1995 10 -1.2555 12.483 10
4 12 -1.4175 12.501 10 -1.449 12.4965 10 -1.368 12.231 10 -1.3545 12.2355 10
4 0 -.936 12.5055 10 -.9 12.4245 10 -.837 12.411 10 -.891 12.483 10
4 12 -1.341 12.5055 10 -1.3185 12.222 10 -1.2915 12.2085 10 -1.3095 12.501 10
4 12 -1.341 12.5055 10 -1.386 12.5055 10 -1.3365 12.231 10 -1.3185 12.222 10
4 12 -1.386 12.5055 10 -1.4175 12.501 10 -1.3545 12.2355 10 -1.3365 12.231 10
4 0 -3.2085 12.519 10 -3.2355 12.474 10 -2.9835 12.357 10 -2.934 12.429 10
4 0 -.9765 12.537 10 -.9765 12.4425 10 -.9 12.4245 10 -.936 12.5055 10
4 0 -1.0125 12.5685 10 -1.0305 12.465 10 -.9765 12.4425 10 -.9765 12.537 10
3 0 2.5695 12.5775 10 2.5155 12.5775 10 2.628 12.4785 10
4 0 2.5155 12.5775 10 2.2635 12.258 10 2.2995 12.213 10 2.628 12.4785 10
4 0 2.4525 12.582 10 2.214 12.3435 10 2.2635 12.258 10 2.5155 12.5775 10
3 0 2.6145 12.5865 10 2.5695 12.5775 10 2.628 12.4785 10
4 0 2.3715 12.5955 10 2.133 12.456 10 2.214 12.3435 10 2.4525 12.582 10
4 12 -1.044 12.5955 10 -1.089 12.492 10 -1.0305 12.465 10 -1.0125 12.5685 10
4 0 -3.159 12.6 10 -3.2085 12.519 10 -2.934 12.429 10 -2.8755 12.5415 10
3 0 2.6505 12.6045 10 2.6145 12.5865 10 2.628 12.4785 10
4 12 -1.0665 12.6135 10 -1.152 12.519 10 -1.089 12.492 10 -1.044 12.5955 10
4 0 2.232 12.6225 10 2.07 12.5235 10 2.133 12.456 10 2.3715 12.5955 10
4 12 -.45 12.6225 10 -.4995 12.609 10 -.477 12.6045 10 -.459 12.609 10
4 0 -.8325 12.627 10 -.801 12.5865 10 -.7965 12.6045 10 -.8055 12.618 10
4 0 -.873 12.636 10 -.819 12.582 10 -.801 12.5865 10 -.8325 12.627 10
4 12 -1.0935 12.636 10 -1.2015 12.5415 10 -1.152 12.519 10 -1.0665 12.6135 10
3 0 2.7135 12.645 10 2.682 12.6225 10 2.6865 12.546 10
4 0 -.9225 12.6585 10 -.846 12.5865 10 -.819 12.582 10 -.873 12.636 10
4 12 -1.1205 12.663 10 -1.251 12.555 10 -1.2015 12.5415 10 -1.0935 12.636 10
4 12 -.4365 12.6675 10 -.5535 12.6405 10 -.4995 12.609 10 -.45 12.6225 10
3 0 2.7405 12.672 10 2.7135 12.645 10 2.6865 12.546 10
4 0 2.052 12.672 10 1.998 12.591 10 2.07 12.5235 10 2.232 12.6225 10
4 0 -.954 12.6855 10 -.8775 12.591 10 -.846 12.5865 10 -.9225 12.6585 10
4 12 -1.143 12.6855 10 -1.3185 12.5595 10 -1.251 12.555 10 -1.1205 12.663 10
4 0 -3.0915 12.6945 10 -3.159 12.6 10 -2.8755 12.5415 10 -2.826 12.645 10
4 0 2.763 12.699 10 2.7405 12.672 10 2.6865 12.546 10 2.781 12.6495 10
4 0 1.962 12.708 10 1.935 12.645 10 1.998 12.591 10 2.052 12.672 10
3 0 -.918 12.6 10 -.8775 12.591 10 -.954 12.6855 10
3 0 -.954 12.6855 10 -.9945 12.7215 10 -.9585 12.618 10
4 12 -1.1475 12.7215 10 -1.3725 12.5595 10 -1.3185 12.5595 10 -1.143 12.6855 10
3 0 2.7855 12.7305 10 2.763 12.699 10 2.781 12.6495 10
4 0 1.9035 12.735 10 1.8945 12.681 10 1.935 12.645 10 1.962 12.708 10
3 12 -1.134 12.7395 10 -1.3725 12.5595 10 -1.1475 12.7215 10
4 0 1.881 12.744 10 1.8675 12.7035 10 1.8945 12.681 10 1.9035 12.735 10
4 0 1.863 12.7485 10 1.8495 12.7215 10 1.8675 12.7035 10 1.881 12.744 10
3 0 1.863 12.7485 10 1.8495 12.7395 10 1.8495 12.7215 10
4 0 2.808 12.762 10 2.7855 12.7305 10 2.781 12.6495 10 2.835 12.717 10
3 0 -.9585 12.618 10 -.918 12.6 10 -.954 12.6855 10
3 12 -.9945 12.7215 10 -1.026 12.7665 10 -.99 12.636 10
4 12 -.423 12.789 10 -.6075 12.681 10 -.5535 12.6405 10 -.4365 12.6675 10
4 0 -3.006 12.789 10 -3.0915 12.6945 10 -2.826 12.645 10 -2.79 12.78 10
3 0 -.99 12.636 10 -.9585 12.618 10 -.9945 12.7215 10
3 12 -1.026 12.7665 10 -1.053 12.816 10 -.99 12.636 10
4 0 2.8485 12.8385 10 2.826 12.798 10 2.808 12.762 10 2.835 12.717 10
4 12 -1.071 12.843 10 -1.017 12.654 10 -.99 12.636 10 -1.053 12.816 10
4 12 -1.089 12.8655 10 -1.044 12.672 10 -1.017 12.654 10 -1.071 12.843 10
4 12 -3.384 12.879 10 -3.78 11.385 10 -3.33 12.465 10 -3.33 12.501 10
3 0 -3.384 12.879 10 -3.33 12.501 10 -3.312 12.573 10
3 0 -3.384 12.879 10 -3.312 12.573 10 -3.276 12.663 10
4 12 -1.107 12.8835 10 -1.0665 12.69 10 -1.044 12.672 10 -1.089 12.8655 10
4 0 -3.366 12.888 10 -3.384 12.879 10 -3.276 12.663 10 -3.222 12.7485 10
3 0 2.8575 12.8925 10 2.889 12.7845 10 2.916 12.843 10
4 0 2.8575 12.8925 10 2.8485 12.8385 10 2.835 12.717 10 2.889 12.7845 10
4 12 -1.125 12.897 10 -1.089 12.708 10 -1.0665 12.69 10 -1.107 12.8835 10
4 0 -2.781 12.897 10 -2.9025 12.8835 10 -3.006 12.789 10 -2.79 12.78 10
3 12 -3.402 12.897 10 -3.78 11.385 10 -3.384 12.879 10
4 12 -1.1385 12.906 10 -1.116 12.7305 10 -1.089 12.708 10 -1.125 12.897 10
4 12 -1.1475 12.9105 10 -1.4175 12.555 10 -1.3725 12.5595 10 -1.134 12.7395 10
4 12 -1.1475 12.9105 10 -1.134 12.7395 10 -1.116 12.7305 10 -1.1385 12.906 10
4 12 3.6 12.915 10 2.7 11.205 10 4.311 9.49041 10 4.311 12.15 10
4 12 3.6 12.915 10 2.853 12.2175 10 2.7045 11.9655 10 2.7 11.205 10
4 12 3.6 12.915 10 3.177 12.7935 10 3.033 12.5595 10 2.853 12.2175 10
4 12 3.6 12.915 10 3.24 12.9015 10 3.213 12.8565 10 3.177 12.7935 10
4 0 -3.096 12.915 10 -3.366 12.888 10 -3.222 12.7485 10 -3.1536 12.8385 10
4 12 -1.1565 12.9195 10 -1.467 12.5415 10 -1.4175 12.555 10 -1.1475 12.9105 10
3 12 -3.42 12.933 10 -3.78 11.385 10 -3.402 12.897 10
4 12 -1.152 12.9375 10 -1.503 12.5235 10 -1.467 12.5415 10 -1.1565 12.9195 10
4 12 -.4365 12.942 10 -.648 12.6945 10 -.6075 12.681 10 -.423 12.789 10
4 0 2.862 12.9555 10 2.8575 12.8925 10 2.916 12.843 10 2.934 12.9105 10
3 12 3.267 12.96 10 3.24 12.9015 10 3.6 12.915 10
4 0 -2.817 12.96 10 -2.9025 12.8835 10 -2.781 12.897 10 -2.79 12.9465 10
4 0 -3.033 13.005 10 -3.339 12.951 10 -3.366 12.888 10 -3.096 12.915 10
4 0 2.9475 13.014 10 2.862 12.9555 10 2.934 12.9105 10 2.952 12.978 10
3 12 3.285 13.041 10 3.267 12.96 10 3.6 12.915 10
4 0 2.853 13.059 10 2.862 12.9555 10 2.9475 13.014 10 2.961 13.0545 10
3 12 2.4615 13.059 10 2.4885 13.059 10 2.511 13.068 10
4 12 -.477 13.068 10 -.711 12.7035 10 -.648 12.6945 10 -.4365 12.942 10
4 12 2.529 13.0905 10 2.43 13.0635 10 2.4615 13.059 10 2.511 13.068 10
3 12 -2.07 13.095 10 -2.8125 12.384 10 -2.8575 12.33 10
3 12 -2.07 13.095 10 -1.5795 12.447 10 -1.575 12.4695 10
3 12 -2.07 13.095 10 -1.575 12.4695 10 -1.539 12.501 10
3 12 -2.07 13.095 10 -2.7405 12.483 10 -2.8125 12.384 10
4 12 -2.07 13.095 10 -1.539 12.501 10 -1.503 12.5235 10 -1.152 12.9375 10
3 12 -2.07 13.095 10 -2.6685 12.6 10 -2.7405 12.483 10
3 12 -2.07 13.095 10 -2.6235 12.71115 10 -2.6685 12.6 10
3 12 -2.07 13.095 10 -2.592 12.825 10 -2.6235 12.71115 10
3 12 -2.07 13.095 10 -2.583 12.9546 10 -2.592 12.825 10
3 12 -2.07 13.095 10 -2.583 13.0725 10 -2.583 12.9546 10
4 0 -2.997 13.095 10 -3.312 13.014 10 -3.339 12.951 10 -3.033 13.005 10
4 12 3.2895 13.113 10 3.285 13.0815 10 3.285 13.041 10 3.6 12.915 10
4 12 2.538 13.1175 10 2.403 13.077 10 2.43 13.0635 10 2.529 13.0905 10
4 0 -2.979 13.158 10 -3.276 13.095 10 -3.312 13.014 10 -2.997 13.095 10
4 12 2.5335 13.167 10 2.376 13.095 10 2.403 13.077 10 2.538 13.1175 10
3 12 -2.5965 13.1895 10 -2.583 13.0725 10 -2.07 13.095 10
4 12 -.531 13.203 10 -.7605 12.7125 10 -.711 12.7035 10 -.477 13.068 10
4 12 3.33 13.2075 10 3.303 13.1535 10 3.2895 13.113 10 3.6 12.915 10
4 0 2.835 13.2255 10 2.853 13.059 10 2.961 13.0545 10 2.997 13.104 10
4 0 2.835 13.2255 10 2.997 13.104 10 3.015 13.131 10 3.0195 13.1625 10
4 12 2.52 13.2255 10 2.3355 13.1265 10 2.376 13.095 10 2.5335 13.167 10
4 0 -2.9727 13.2372 10 -3.231 13.1778 10 -3.276 13.095 10 -2.979 13.158 10
4 0 2.979 13.248 10 2.835 13.2255 10 3.0195 13.1625 10 3.0105 13.2075 10
3 12 3.3525 13.257 10 3.33 13.2075 10 3.6 12.915 10
4 0 -2.97 13.275 10 -3.15 13.275 10 -3.231 13.1778 10 -2.9727 13.2372 10
3 12 3.366 13.2885 10 3.3525 13.257 10 3.6 12.915 10
4 12 2.502 13.2885 10 2.2995 13.1535 10 2.3355 13.1265 10 2.52 13.2255 10
3 0 2.9565 13.293 10 2.835 13.2255 10 2.979 13.248 10
4 12 -.585 13.311 10 -.792 12.726 10 -.7605 12.7125 10 -.531 13.203 10
3 12 3.375 13.3245 10 3.366 13.2885 10 3.6 12.915 10
3 12 -2.628 13.338 10 -2.5965 13.1895 10 -2.07 13.095 10
4 12 2.493 13.356 10 2.2365 13.1985 10 2.2995 13.1535 10 2.502 13.2885 10
4 0 -3.069 13.356 10 -3.15 13.275 10 -2.97 13.275 10 -2.979 13.338 10
3 12 3.384 13.3605 10 3.375 13.3245 10 3.6 12.915 10
4 0 -3.006 13.383 10 -3.042 13.383 10 -3.069 13.356 10 -2.979 13.338 10
3 12 3.393 13.401 10 3.384 13.3605 10 3.6 12.915 10
4 0 2.799 13.41 10 2.835 13.2255 10 2.9565 13.293 10 2.952 13.3335 10
3 12 2.799 13.41 10 2.952 13.3335 10 2.961 13.374 10
3 12 2.799 13.41 10 2.961 13.374 10 2.979 13.4055 10
4 12 -.657 13.41 10 -.8325 12.744 10 -.792 12.726 10 -.585 13.311 10
4 12 2.484 13.4145 10 2.1645 13.2435 10 2.2365 13.1985 10 2.493 13.356 10
3 12 3.402 13.446 10 3.393 13.401 10 3.6 12.915 10
3 12 3.4065 13.491 10 3.402 13.446 10 3.6 12.915 10
4 12 2.781 13.5315 10 2.799 13.41 10 2.979 13.4055 10 3.006 13.446 10
4 12 -.747 13.536 10 -.873 12.7665 10 -.8325 12.744 10 -.657 13.41 10
4 12 2.4795 13.5495 10 2.079 13.293 10 2.1645 13.2435 10 2.484 13.4145 10
4 12 2.772 13.599 10 2.781 13.5315 10 3.006 13.446 10 3.0375 13.482 10
4 12 2.475 13.635 10 2.007 13.3335 10 2.079 13.293 10 2.4795 13.5495 10
4 12 -2.7 13.635 10 -2.673 13.4955 10 -2.628 13.338 10 -2.07 13.095 10
4 12 -.8505 13.653 10 -.9135 12.789 10 -.873 12.7665 10 -.747 13.536 10
3 12 -.8505 13.653 10 -.945 12.816 10 -.9135 12.789 10
4 12 -.8505 13.653 10 -1.026 12.879 10 -.9855 12.843 10 -.945 12.816 10
3 12 -.8505 13.653 10 -1.0485 12.897 10 -1.026 12.879 10
3 12 -.8505 13.653 10 -1.0755 12.915 10 -1.0485 12.897 10
3 12 -.8505 13.653 10 -1.1025 12.9285 10 -1.0755 12.915 10
3 12 -.8505 13.653 10 -1.125 12.9375 10 -1.1025 12.9285 10
4 12 -.8505 13.653 10 -2.07 13.095 10 -1.152 12.9375 10 -1.125 12.9375 10
4 12 2.7585 13.698 10 2.772 13.599 10 3.0375 13.482 10 3.1095 13.5225 10
4 12 2.4615 13.725 10 1.926 13.383 10 2.007 13.3335 10 2.475 13.635 10
4 12 2.754 13.7565 10 2.7585 13.698 10 3.1095 13.5225 10 3.195 13.563 10
3 12 -2.727 13.7745 10 -2.7 13.635 10 -2.07 13.095 10
4 12 2.421 13.815 10 1.845 13.437 10 1.926 13.383 10 2.4615 13.725 10
4 12 2.7405 13.842 10 2.754 13.7565 10 3.195 13.563 10 3.303 13.608 10
4 12 -1.089 13.851 10 -2.07 13.095 10 -.8505 13.653 10 -.945 13.752 10
4 12 2.7225 13.8915 10 2.7405 13.842 10 3.303 13.608 10 3.3345 13.617 10
3 12 4.01742 14.3883 10 3.4065 13.527 10 3.4065 13.491 10
3 12 4.01742 14.3883 10 3.4065 13.572 10 3.4065 13.527 10
3 12 4.01742 14.3883 10 3.402 13.6035 10 3.4065 13.572 10
3 12 4.01742 14.3883 10 3.3885 13.617 10 3.402 13.6035 10
3 12 4.01742 14.3883 10 3.3705 13.617 10 3.3885 13.617 10
4 12 4.01742 14.3883 10 2.7225 13.8915 10 3.3345 13.617 10 3.3705 13.617 10
3 12 -4.23729 13.27878 10 -3.42 13.041 10 -3.402 13.095 10
3 12 -4.23729 13.27878 10 -3.402 13.095 10 -3.366 13.167 10
3 12 -4.23729 13.27878 10 -3.366 13.167 10 -3.33 13.23 10
4 12 -4.23729 13.27878 10 -3.33 13.23 10 -3.249 13.347 10 -3.204 13.455 10
4 12 -4.23729 13.27878 10 -3.204 13.455 10 -3.177 13.59 10 -3.168 13.77 10
4 12 2.3625 13.9455 10 1.827 13.455 10 1.845 13.437 10 2.421 13.815 10
3 12 -1.251 13.9725 10 -2.07 13.095 10 -1.089 13.851 10
4 12 -2.7405 13.977 10 -2.7378 13.9086 10 -2.727 13.7745 10 -2.07 13.095 10
4 12 2.3535 13.9815 10 1.809 13.482 10 1.827 13.455 10 2.3625 13.9455 10
4 12 2.349 14.022 10 1.773 13.527 10 1.809 13.482 10 2.3535 13.9815 10
4 12 2.349 14.067 10 1.71 13.581 10 1.773 13.527 10 2.349 14.022 10
3 12 -1.395 14.094 10 -2.07 13.095 10 -1.251 13.9725 10
4 12 2.349 14.1075 10 1.647 13.617 10 1.71 13.581 10 2.349 14.067 10
4 12 -3.2013 14.1237 10 -4.23729 13.27878 10 -3.168 13.77 10 -3.177 13.905 10
4 12 2.34 14.1345 10 1.557 13.653 10 1.647 13.617 10 2.349 14.1075 10
4 12 2.322 14.1525 10 1.5075 13.6665 10 1.557 13.653 10 2.34 14.1345 10
4 12 2.286 14.1795 10 1.4625 13.6755 10 1.5075 13.6665 10 2.322 14.1525 10
4 12 -2.745 14.184 10 -2.745 14.076 10 -2.7405 13.977 10 -2.07 13.095 10
4 12 2.2365 14.1975 10 1.431 13.698 10 1.4625 13.6755 10 2.286 14.1795 10
4 12 2.178 14.211 10 1.4085 13.7295 10 1.431 13.698 10 2.2365 14.1975 10
3 12 -1.521 14.22 10 -2.07 13.095 10 -1.395 14.094 10
4 12 2.1375 14.238 10 1.3545 13.815 10 1.4085 13.7295 10 2.178 14.211 10
4 12 2.1195 14.2605 10 1.2645 13.9455 10 1.3545 13.815 10 2.1375 14.238 10
3 12 -3.2166 14.2803 10 -4.23729 13.27878 10 -3.2013 14.1237 10
4 12 2.1015 14.292 10 1.188 14.058 10 1.2645 13.9455 10 2.1195 14.2605 10
4 12 2.088 14.3325 10 1.0215 14.265 10 1.188 14.058 10 2.1015 14.292 10
3 12 -3.2193 14.3883 10 -4.23729 13.27878 10 -3.2166 14.2803 10
3 12 -1.6785 14.409 10 -2.07 13.095 10 -1.521 14.22 10
4 12 -2.7135 14.418 10 -2.7315 14.301 10 -2.745 14.184 10 -2.07 13.095 10
3 12 -1.7865 14.5575 10 -2.07 13.095 10 -1.6785 14.409 10
4 12 -2.6595 14.562 10 -2.691 14.49 10 -2.7135 14.418 10 -2.07 13.095 10
4 12 -2.574 14.6925 10 -2.61 14.643 10 -2.6595 14.562 10 -2.07 13.095 10
3 12 -1.872 14.7195 10 -2.07 13.095 10 -1.7865 14.5575 10
4 12 -2.466 14.805 10 -2.538 14.733 10 -2.574 14.6925 10 -2.07 13.095 10
3 12 -1.908 14.8185 10 -2.07 13.095 10 -1.872 14.7195 10
4 12 -2.322 14.9085 10 -2.394 14.868 10 -2.466 14.805 10 -2.07 13.095 10
3 12 -1.935 14.922 10 -2.07 13.095 10 -1.908 14.8185 10
4 0 .4005 14.9265 10 .3645 14.8455 10 .4275 14.796 10 .4275 14.9175 10
4 0 .3645 14.9445 10 .297 14.895 10 .3645 14.8455 10 .4005 14.9265 10
4 0 .324 14.967 10 .252 14.9265 10 .297 14.895 10 .3645 14.9445 10
4 0 .2925 14.9895 10 .198 14.9625 10 .252 14.9265 10 .324 14.967 10
4 0 -.54 14.994 10 -.594 14.985 10 -.585 14.9535 10 -.558 14.9535 10
4 12 -2.124 14.994 10 -2.223 14.9535 10 -2.322 14.9085 10 -2.07 13.095 10
4 12 -1.953 15.003 10 -2.124 14.994 10 -2.07 13.095 10 -1.935 14.922 10
4 0 .243 15.021 10 .126 15.012 10 .198 14.9625 10 .2925 14.9895 10
4 0 .0585 15.0615 10 .126 15.012 10 .243 15.021 10 .198 15.0525 10
4 0 -.0135 15.1155 10 .0585 15.0615 10 .198 15.0525 10 .153 15.084 10
4 0 -.576 15.138 10 -.594 14.985 10 -.54 14.994 10 -.522 15.075 10
4 0 -.063 15.1515 10 -.0135 15.1155 10 .153 15.084 10 .1125 15.1155 10
4 0 -.1035 15.1875 10 -.063 15.1515 10 .1125 15.1155 10 .054 15.165 10
4 0 -.144 15.2325 10 -.1035 15.1875 10 .054 15.165 10 .009 15.201 10
4 0 -.54 15.2415 10 -.576 15.138 10 -.522 15.075 10 -.486 15.165 10
4 0 -.1665 15.2595 10 -.144 15.2325 10 .009 15.201 10 -.0405 15.2415 10
4 0 -.0945 15.2865 10 -.18 15.2865 10 -.1665 15.2595 10 -.0405 15.2415 10
4 0 -.144 15.3315 10 -.189 15.309 10 -.18 15.2865 10 -.0945 15.2865 10
4 12 -2.4165 15.345 10 -2.3895 15.3135 10 -2.367 15.3 10 -2.3535 15.3135 10
4 0 -.1755 15.3495 10 -.1935 15.336 10 -.189 15.309 10 -.144 15.3315 10
4 0 -.468 15.372 10 -.54 15.2415 10 -.486 15.165 10 -.414 15.291 10
4 12 -2.439 15.372 10 -2.4165 15.345 10 -2.3535 15.3135 10 -2.3535 15.345 10
4 12 -2.475 15.426 10 -2.439 15.372 10 -2.3535 15.345 10 -2.3805 15.399 10
4 12 -2.493 15.489 10 -2.475 15.426 10 -2.3805 15.399 10 -2.412 15.462 10
4 12 -2.052 15.525 10 -2.052 15.462 10 -2.043 15.399 10 -2.016 15.363 10
4 12 -3.65508 15.45993 10 -4.23729 13.27878 10 -3.2193 14.3883 10 -3.2076 14.5143 10
3 12 -3.65508 15.45993 10 -3.2076 14.5143 10 -3.1896 14.6187 10
3 12 -3.65508 15.45993 10 -3.1896 14.6187 10 -3.15 14.724 10
3 12 -3.65508 15.45993 10 -3.15 14.724 10 -3.0825 14.841 10
3 12 -3.65508 15.45993 10 -3.0825 14.841 10 -3.0195 14.9355 10
3 12 -3.65508 15.45993 10 -3.0195 14.9355 10 -2.925 15.0345 10
3 12 -3.65508 15.45993 10 -2.925 15.0345 10 -2.79 15.1245 10
3 12 -3.65508 15.45993 10 -2.79 15.1245 10 -2.673 15.1785 10
3 12 -3.65508 15.45993 10 -2.673 15.1785 10 -2.619 15.201 10
4 12 -3.65508 15.45993 10 -2.619 15.201 10 -2.5722 15.2118 10 -2.574 15.237 10
3 12 -3.65508 15.45993 10 -2.574 15.237 10 -2.601 15.3 10
3 12 -3.65508 15.45993 10 -2.601 15.3 10 -2.619 15.354 10
3 12 -3.65508 15.45993 10 -2.619 15.354 10 -2.637 15.435 10
3 12 -3.65508 15.45993 10 -2.637 15.435 10 -2.646 15.498 10
4 12 -2.43 15.543 10 -2.502 15.534 10 -2.493 15.489 10 -2.412 15.462 10
4 0 -.36 15.5655 10 -.468 15.372 10 -.414 15.291 10 -.333 15.426 10
3 12 -2.646 15.579 10 -3.65508 15.45993 10 -2.646 15.498 10
4 12 -2.043 15.588 10 -2.052 15.525 10 -2.016 15.363 10 -1.98 15.3486 10
4 12 -2.4345 15.633 10 -2.511 15.615 10 -2.502 15.534 10 -2.43 15.543 10
4 12 -2.1195 15.651 10 -2.187 15.579 10 -2.1672 15.579 10 -2.1393 15.5997 10
4 12 -2.016 15.678 10 -2.043 15.588 10 -1.98 15.3486 10 -1.953 15.363 10
4 12 -2.1195 15.696 10 -2.214 15.615 10 -2.187 15.579 10 -2.1195 15.651 10
4 12 3.655098 15.45993 10 2.7135 13.977 10 2.7225 13.8915 10 4.01742 14.3883 10
3 12 3.655098 15.45993 10 2.7135 14.04 10 2.7135 13.977 10
3 12 3.655098 15.45993 10 2.6955 14.094 10 2.7135 14.04 10
3 12 3.655098 15.45993 10 2.6775 14.1345 10 2.6955 14.094 10
4 12 3.655098 15.45993 10 2.6055 14.22 10 2.637 14.175 10 2.6775 14.1345 10
4 12 3.655098 15.45993 10 2.4975 14.445 10 2.5605 14.3055 10 2.6055 14.22 10
3 12 3.655098 15.45993 10 2.4525 14.5305 10 2.4975 14.445 10
3 12 3.655098 15.45993 10 2.4255 14.58 10 2.4525 14.5305 10
3 12 3.655098 15.45993 10 2.3895 14.634 10 2.4255 14.58 10
3 12 3.655098 15.45993 10 2.3535 14.6835 10 2.3895 14.634 10
3 12 3.655098 15.45993 10 2.313 14.7375 10 2.3535 14.6835 10
3 12 3.655098 15.45993 10 2.2725 14.778 10 2.313 14.7375 10
3 12 3.655098 15.45993 10 2.241 14.7915 10 2.2725 14.778 10
4 12 3.655098 15.45993 10 1.17 15.705 10 2.205 14.7915 10 2.241 14.7915 10
4 12 1.17 15.705 10 1.0215 14.265 10 2.088 14.3325 10 2.079 14.391 10
3 12 1.17 15.705 10 2.079 14.391 10 2.0745 14.4675 10
3 12 1.17 15.705 10 .8415 14.436 10 1.0215 14.265 10
3 12 1.17 15.705 10 2.0745 14.4675 10 2.079 14.5485 10
3 12 1.17 15.705 10 2.079 14.5485 10 2.0925 14.625 10
3 12 1.17 15.705 10 .6885 14.58 10 .8415 14.436 10
3 12 1.17 15.705 10 2.0925 14.625 10 2.1015 14.6655 10
3 12 1.17 15.705 10 2.1015 14.6655 10 2.115 14.7015 10
3 12 1.17 15.705 10 2.115 14.7015 10 2.142 14.7465 10
3 12 1.17 15.705 10 2.142 14.7465 10 2.1735 14.7735 10
3 12 1.17 15.705 10 2.1735 14.7735 10 2.205 14.7915 10
4 12 1.17 15.705 10 .4275 14.9175 10 .4275 14.796 10 .6885 14.58 10
3 12 1.17 15.705 10 .4365 14.985 10 .4275 14.9175 10
3 12 1.17 15.705 10 .441 15.03 10 .4365 14.985 10
3 12 1.17 15.705 10 .441 15.075 10 .441 15.03 10
3 12 1.17 15.705 10 .441 15.165 10 .441 15.075 10
3 12 1.17 15.705 10 .4365 15.219 10 .441 15.165 10
3 12 1.17 15.705 10 .4275 15.3 10 .4365 15.219 10
3 12 1.17 15.705 10 .414 15.39 10 .4275 15.3 10
3 12 1.17 15.705 10 .3915 15.48 10 .414 15.39 10
3 12 1.17 15.705 10 .3735 15.543 10 .3915 15.48 10
3 12 1.17 15.705 10 .351 15.615 10 .3735 15.543 10
3 12 1.17 15.705 10 .315 15.705 10 .351 15.615 10
4 12 -2.43 15.705 10 -2.511 15.705 10 -2.511 15.615 10 -2.4345 15.633 10
4 12 -2.592 15.723 10 -3.65508 15.45993 10 -2.646 15.579 10 -2.619 15.642 10
4 12 -2.106 15.768 10 -2.2248 15.6744 10 -2.214 15.615 10 -2.1195 15.696 10
4 0 -.297 15.777 10 -.36 15.5655 10 -.333 15.426 10 -.27 15.552 10
4 12 -1.998 15.786 10 -2.016 15.678 10 -1.953 15.363 10 -1.935 15.435 10
3 12 .279 15.795 10 .315 15.705 10 1.17 15.705 10
4 12 -2.6055 15.831 10 -3.65508 15.45993 10 -2.592 15.723 10 -2.592 15.777 10
4 12 -2.079 15.84 10 -2.2248 15.7329 10 -2.2248 15.6744 10 -2.106 15.768 10
4 12 -2.403 15.84 10 -2.52 15.795 10 -2.511 15.705 10 -2.43 15.705 10
4 12 -1.989 15.849 10 -1.998 15.786 10 -1.935 15.435 10 -1.917 15.552 10
4 12 -2.052 15.885 10 -2.2185 15.804 10 -2.2248 15.7329 10 -2.079 15.84 10
3 12 -2.619 15.885 10 -3.65508 15.45993 10 -2.6055 15.831 10
4 12 -1.989 15.912 10 -1.989 15.849 10 -1.917 15.552 10 -1.872 15.678 10
4 12 -2.376 15.912 10 -2.538 15.849 10 -2.52 15.795 10 -2.403 15.84 10
3 12 -2.6235 15.939 10 -3.65508 15.45993 10 -2.619 15.885 10
4 12 -2.0385 15.948 10 -2.187 15.921 10 -2.2185 15.804 10 -2.052 15.885 10
3 12 .1935 15.975 10 .279 15.795 10 1.17 15.705 10
4 0 -.27 15.984 10 -.297 15.777 10 -.27 15.552 10 -.234 15.669 10
4 12 -2.34 15.984 10 -2.565 15.903 10 -2.538 15.849 10 -2.376 15.912 10
3 12 -2.34 15.984 10 -2.592 15.948 10 -2.565 15.903 10
4 12 -2.007 15.993 10 -1.989 15.912 10 -1.872 15.678 10 -1.809 15.795 10
4 12 -2.151 16.0065 10 -2.187 15.921 10 -2.0385 15.948 10 -2.034 16.002 10
4 12 -2.016 16.0155 10 -2.007 15.993 10 -1.809 15.795 10 -1.737 15.8985 10
4 12 -2.0295 16.029 10 -2.016 16.0155 10 -1.737 15.8985 10 -1.674 15.9975 10
4 12 -2.106 16.0875 10 -2.151 16.0065 10 -2.034 16.002 10 -2.0295 16.029 10
3 12 .126 16.11 10 .1935 15.975 10 1.17 15.705 10
4 0 -.27 16.128 10 -.27 15.984 10 -.234 15.669 10 -.198 15.804 10
4 12 -1.5183 16.1379 10 -2.106 16.0875 10 -2.0295 16.029 10 -1.674 15.9975 10
3 12 -2.0745 16.146 10 -2.106 16.0875 10 -1.5183 16.1379 10
3 12 .0765 16.2 10 .126 16.11 10 1.17 15.705 10
4 0 -.288 16.245 10 -.27 16.128 10 -.198 15.804 10 -.18 15.957 10
3 12 -3.65508 15.45993 10 -4.01742 14.3883 10 -4.23729 13.27878 10
4 12 -1.2987 16.3116 10 -2.0385 16.2135 10 -2.0745 16.146 10 -1.5183 16.1379 10
3 12 .0045 16.317 10 .0765 16.2 10 1.17 15.705 10
4 0 -.306 16.362 10 -.288 16.245 10 -.18 15.957 10 -.18 16.083 10
4 12 -.027 16.3845 10 -.018 16.353 10 .0045 16.317 10 1.17 15.705 10
4 12 -1.1565 16.407 10 -2.007 16.281 10 -2.0385 16.2135 10 -1.2987 16.3116 10
4 12 -1.08 16.4655 10 -1.98 16.353 10 -2.007 16.281 10 -1.1565 16.407 10
4 12 -.009 16.4745 10 -.0315 16.4295 10 -.027 16.3845 10 1.17 15.705 10
4 0 -.351 16.497 10 -.306 16.362 10 -.18 16.083 10 -.189 16.227 10
4 12 -1.035 16.524 10 -1.989 16.416 10 -1.98 16.353 10 -1.08 16.4655 10
3 12 1.143 16.5285 10 1.053 16.5285 10 1.17 15.705 10
3 12 1.2285 16.5375 10 1.143 16.5285 10 1.17 15.705 10
4 12 .909 16.542 10 1.17 15.705 10 1.053 16.5285 10 .9675 16.5375 10
4 12 .054 16.551 10 .018 16.5195 10 -.009 16.4745 10 1.17 15.705 10
3 12 1.3275 16.56 10 1.2285 16.5375 10 1.17 15.705 10
4 12 .675 16.56 10 1.17 15.705 10 .909 16.542 10 .8415 16.551 10
3 12 .1125 16.56 10 .054 16.551 10 1.17 15.705 10
4 12 1.521 16.5645 10 1.4346 16.5645 10 1.3275 16.56 10 1.17 15.705 10
4 12 .549 16.5645 10 .405 16.5645 10 1.17 15.705 10 .675 16.56 10
4 12 .405 16.5645 10 .216 16.5645 10 .1125 16.56 10 1.17 15.705 10
3 12 1.602 16.5735 10 1.521 16.5645 10 1.17 15.705 10
4 12 1.701 16.596 10 1.602 16.5735 10 1.17 15.705 10 3.655098 15.45993 10
3 12 1.791 16.623 10 1.701 16.596 10 3.655098 15.45993 10
4 12 -.972 16.641 10 -2.0205 16.488 10 -1.989 16.416 10 -1.035 16.524 10
3 12 1.881 16.668 10 1.791 16.623 10 3.655098 15.45993 10
3 12 1.926 16.695 10 1.881 16.668 10 3.655098 15.45993 10
3 12 1.962 16.731 10 1.926 16.695 10 3.655098 15.45993 10
3 0 -.441 16.731 10 -.207 16.344 10 -.2565 16.488 10
4 0 -.441 16.731 10 -.2565 16.488 10 -.3195 16.65 10 -.3465 16.7175 10
4 0 -.441 16.731 10 -.351 16.497 10 -.189 16.227 10 -.207 16.344 10
4 12 -.954 16.731 10 -2.0565 16.5105 10 -2.0205 16.488 10 -.972 16.641 10
3 12 1.98 16.758 10 1.962 16.731 10 3.655098 15.45993 10
3 12 1.9845 16.7805 10 1.98 16.758 10 3.655098 15.45993 10
4 12 -2.52999 17.41707 10 -3.65508 15.45993 10 -2.6235 15.939 10 -2.619 15.975 10
4 12 -2.52999 17.41707 10 -2.619 15.975 10 -2.592 15.948 10 -2.34 15.984 10
3 12 -2.52999 17.41707 10 -2.34 15.984 10 -2.2995 16.0515 10
3 12 -2.52999 17.41707 10 -2.2995 16.0515 10 -2.259 16.119 10
3 12 -2.52999 17.41707 10 -2.259 16.119 10 -2.187 16.2045 10
4 12 -2.52999 17.41707 10 -2.187 16.2045 10 -2.1375 16.263 10 -2.1105 16.308 10
4 12 -2.52999 17.41707 10 -2.1105 16.308 10 -2.0565 16.398 10 -2.052 16.461 10
3 12 -2.52999 17.41707 10 -2.052 16.461 10 -2.0565 16.5105 10
4 12 -2.52999 17.41707 10 -2.0565 16.5105 10 -.954 16.731 10 -.963 16.839 10
4 0 -.558 16.956 10 -.441 16.731 10 -.3465 16.7175 10 -.351 16.776 10
3 12 -1.053 17.01 10 -2.52999 17.41707 10 -.963 16.839 10
3 12 -1.089 17.0964 10 -2.52999 17.41707 10 -1.053 17.01 10
4 0 -.666 17.118 10 -.558 16.956 10 -.351 16.776 10 -.342 16.884 10
4 0 -.6687 17.1576 10 -.666 17.118 10 -.342 16.884 10 -.306 16.947 10
4 0 -.6579 17.2044 10 -.6687 17.1576 10 -.306 16.947 10 -.261 16.9722 10
3 12 -1.098 17.235 10 -2.52999 17.41707 10 -1.089 17.0964 10
3 12 -3.15648 16.47522 10 -3.65508 15.45993 10 -2.52999 17.41707 10
3 12 -1.071 17.352 10 -1.78641 18.26946 10 -1.089 17.325 10
4 0 -.504 17.379 10 -.6579 17.2044 10 -.261 16.9722 10 -.207 16.974 10
3 12 1.359 17.4915 10 1.287 17.4915 10 1.143 17.3295 10
3 12 1.2285 17.5005 10 1.143 17.3295 10 1.287 17.4915 10
4 12 2.52999 17.41707 10 .765 16.7985 10 .855 16.7985 10 .9315 16.8075 10
4 12 2.52999 17.41707 10 1.9755 16.803 10 1.9845 16.7805 10 3.655098 15.45993 10
4 12 2.52999 17.41707 10 .9315 16.8075 10 .9855 16.812 10 1.017 16.821 10
4 12 2.52999 17.41707 10 .531 16.8165 10 .639 16.803 10 .765 16.7985 10
3 12 2.52999 17.41707 10 1.017 16.821 10 1.08 16.839 10
3 12 2.52999 17.41707 10 1.944 16.83 10 1.9755 16.803 10
3 12 2.52999 17.41707 10 1.08 16.839 10 1.1322 16.8462 10
3 12 2.52999 17.41707 10 1.1655 16.8435 10 1.1925 16.839 10
3 12 2.52999 17.41707 10 1.1322 16.8462 10 1.1655 16.8435 10
3 12 2.52999 17.41707 10 1.8945 16.866 10 1.944 16.83 10
3 12 2.52999 17.41707 10 1.8495 16.893 10 1.8945 16.866 10
3 12 2.52999 17.41707 10 1.7505 16.9335 10 1.8495 16.893 10
3 12 2.52999 17.41707 10 1.638 16.9605 10 1.7505 16.9335 10
3 12 2.52999 17.41707 10 1.575 16.974 10 1.638 16.9605 10
3 12 2.52999 17.41707 10 1.476 16.974 10 1.53 16.9785 10
3 12 2.52999 17.41707 10 1.53 16.9785 10 1.575 16.974 10
3 12 2.52999 17.41707 10 1.143 17.3295 10 .531 16.8165 10
3 12 2.52999 17.41707 10 1.6155 17.5995 10 1.575 17.5635 10
3 12 2.52999 17.41707 10 1.6515 17.6445 10 1.6155 17.5995 10
3 12 2.52999 17.41707 10 1.683 17.703 10 1.6515 17.6445 10
3 12 2.52999 17.41707 10 1.6875 17.7435 10 1.683 17.703 10
3 12 2.52999 17.41707 10 1.6875 17.811 10 1.6875 17.7435 10
4 12 .909 17.505 10 .891 17.496 10 .531 16.8165 10 1.143 17.3295 10
3 12 1.476 17.5095 10 1.4265 17.496 10 2.52999 17.41707 10
3 12 .8775 17.5095 10 .531 16.8165 10 .891 17.496 10
3 12 1.1655 17.514 10 1.143 17.3295 10 1.2285 17.5005 10
3 12 .9225 17.5185 10 .909 17.505 10 1.143 17.3295 10
3 12 1.521 17.5275 10 1.476 17.5095 10 2.52999 17.41707 10
3 12 1.1205 17.532 10 1.143 17.3295 10 1.1655 17.514 10
3 12 .8685 17.541 10 .531 16.8165 10 .8775 17.5095 10
3 12 -1.692 17.5545 10 -1.089 17.325 10 -1.78641 18.26946 10
3 12 1.575 17.5635 10 1.521 17.5275 10 2.52999 17.41707 10
4 12 .963 17.5635 10 .9405 17.541 10 .9225 17.5185 10 1.143 17.3295 10
4 12 1.026 17.5725 10 1.143 17.3295 10 1.1205 17.532 10 1.0755 17.5545 10
4 12 .99 17.5725 10 .963 17.5635 10 1.143 17.3295 10 1.026 17.5725 10
4 12 -1.8 17.5725 10 -2.52999 17.41707 10 -1.098 17.235 10 -1.089 17.325 10
3 12 -1.8 17.5725 10 -1.089 17.325 10 -1.692 17.5545 10
3 12 -2.178 17.577 10 -2.2275 17.5725 10 -2.52999 17.41707 10
4 12 -.279 17.586 10 -.504 17.379 10 -.207 16.974 10 -.045 16.947 10
4 12 -1.9485 17.586 10 -2.52999 17.41707 10 -1.8 17.5725 10 -1.89 17.5815 10
3 12 -1.9485 17.586 10 -1.989 17.586 10 -2.52999 17.41707 10
3 12 -1.989 17.586 10 -2.0385 17.586 10 -2.52999 17.41707 10
4 12 -2.0385 17.586 10 -2.1105 17.5815 10 -2.178 17.577 10 -2.52999 17.41707 10
3 12 1.503 17.703 10 1.4625 17.6535 10 1.4895 17.676 10
4 12 -.1413 17.703 10 -.279 17.586 10 -.045 16.947 10 .072 16.911 10
4 12 1.5075 17.7345 10 1.4355 17.6355 10 1.4625 17.6535 10 1.503 17.703 10
3 12 -.0675 17.7543 10 .225 16.875 10 .3825 16.8435 10
4 12 -.0675 17.7543 10 -.1413 17.703 10 .072 16.911 10 .225 16.875 10
4 12 1.5075 17.7615 10 1.3995 17.622 10 1.4355 17.6355 10 1.5075 17.7345 10
4 12 .7065 17.775 10 .531 16.8165 10 .8685 17.541 10 .8685 17.577 10
4 12 .7065 17.775 10 .8685 17.577 10 .8685 17.622 10 .864 17.685 10
4 12 1.4985 17.7885 10 1.35 17.6085 10 1.3995 17.622 10 1.5075 17.7615 10
4 12 1.485 17.811 10 1.2825 17.6085 10 1.35 17.6085 10 1.4985 17.7885 10
4 12 .0288 17.8272 10 -.0675 17.7543 10 .3825 16.8435 10 .531 16.8165 10
4 12 .8325 17.829 10 .7065 17.775 10 .864 17.685 10 .8505 17.7615 10
4 12 1.4625 17.838 10 1.2465 17.613 10 1.2825 17.6085 10 1.485 17.811 10
4 12 1.431 17.865 10 1.1925 17.631 10 1.2465 17.613 10 1.4625 17.838 10
4 12 .783 17.8695 10 .7065 17.775 10 .8325 17.829 10 .8055 17.8605 10
4 12 .0873 17.8812 10 .0288 17.8272 10 .531 16.8165 10 .7065 17.775 10
4 12 1.395 17.892 10 1.134 17.658 10 1.1925 17.631 10 1.431 17.865 10
3 12 .783 17.8965 10 .7065 17.775 10 .783 17.8695 10
3 12 .1143 17.91 10 .0873 17.8812 10 .7065 17.775 10
4 12 1.35 17.919 10 1.08 17.6895 10 1.134 17.658 10 1.395 17.892 10
3 12 .792 17.9235 10 .7065 17.775 10 .783 17.8965 10
3 12 .1341 17.9379 10 .1143 17.91 10 .7065 17.775 10
4 12 1.305 17.9415 10 1.0305 17.7255 10 1.08 17.6895 10 1.35 17.919 10
4 12 1.2555 17.9595 10 .9855 17.766 10 1.0305 17.7255 10 1.305 17.9415 10
4 12 1.197 17.982 10 .9495 17.8065 10 .9855 17.766 10 1.2555 17.9595 10
4 12 1.152 17.9955 10 .927 17.8425 10 .9495 17.8065 10 1.197 17.982 10
4 12 1.0935 18.0135 10 .909 17.874 10 .927 17.8425 10 1.152 17.9955 10
4 12 .1854 18.0306 10 .1512 17.9748 10 .1341 17.9379 10 .7065 17.775 10
4 12 1.0395 18.036 10 .882 17.9055 10 .909 17.874 10 1.0935 18.0135 10
4 12 .981 18.063 10 .8595 17.928 10 .882 17.9055 10 1.0395 18.036 10
4 12 .918 18.1035 10 .8325 17.946 10 .8595 17.928 10 .981 18.063 10
4 12 .2763 18.108 10 .2331 18.0783 10 .1854 18.0306 10 .7065 17.775 10
4 12 .8595 18.1485 10 .81 17.946 10 .8325 17.946 10 .918 18.1035 10
4 12 .36 18.162 10 .3213 18.1377 10 .2763 18.108 10 .7065 17.775 10
3 12 .3933 18.1863 10 .36 18.162 10 .7065 17.775 10
4 12 .81 18.207 10 .792 17.9235 10 .81 17.946 10 .8595 18.1485 10
3 12 1.78641 18.26946 10 1.584 18.0765 10 1.629 18.0225 10
3 12 1.78641 18.26946 10 1.629 18.0225 10 1.665 17.9505 10
3 12 1.78641 18.26946 10 1.5345 18.1215 10 1.584 18.0765 10
3 12 1.78641 18.26946 10 1.665 17.9505 10 1.683 17.8785 10
4 12 .4923 18.2889 10 .4212 18.2178 10 .3933 18.1863 10 .7065 17.775 10
3 12 2.52999 17.41707 10 3.655098 15.45993 10 3.15648 16.47522 10
4 12 .93825 19.0179 10 1.4715 18.153 10 1.5345 18.1215 10 1.78641 18.26946 10
3 12 1.78641 18.26946 10 1.683 17.8785 10 1.6875 17.811 10
4 12 -.93825 19.0179 10 -1.026 17.388 10 -.7965 17.532 10 -.6075 17.6625 10
4 12 -.93825 19.0179 10 -.6075 17.6625 10 -.477 17.793 10 -.324 17.955 10
4 12 -.93825 19.0179 10 -1.78641 18.26946 10 -1.071 17.352 10 -1.026 17.388 10
4 12 -.93825 19.0179 10 -.324 17.955 10 -.288 18 10 -.27 18.045 10
3 12 -.93825 19.0179 10 -.27 18.045 10 -.261 18.072 10
3 12 -.93825 19.0179 10 -.261 18.072 10 -.2385 18.1125 10
3 12 -.93825 19.0179 10 -.2385 18.1125 10 -.207 18.144 10
4 12 -.93825 19.0179 10 -.207 18.144 10 -.135 18.189 10 -.1107 18.207 10
4 12 -.93825 19.0179 10 -.1107 18.207 10 -.072 18.234 10 -.054 18.261 10
3 12 .93825 19.0179 10 1.3905 18.18 10 1.4715 18.153 10
4 12 -.072 18.3285 10 -.93825 19.0179 10 -.054 18.261 10 -.054 18.297 10
3 12 1.78641 18.26946 10 1.6875 17.811 10 2.52999 17.41707 10
3 12 .93825 19.0179 10 1.296 18.198 10 1.3905 18.18 10
3 12 -.081 18.36 10 -.93825 19.0179 10 -.072 18.3285 10
3 12 .5625 18.3753 10 .4923 18.2889 10 .7065 17.775 10
3 12 .93825 19.0179 10 1.215 18.2205 10 1.296 18.198 10
3 12 -.081 18.4185 10 -.93825 19.0179 10 -.081 18.36 10
3 12 .5778 18.4203 10 .5625 18.3753 10 .7065 17.775 10
3 12 .93825 19.0179 10 1.143 18.243 10 1.215 18.2205 10
4 12 .93825 19.0179 10 1.0395 18.2925 10 1.08 18.27 10 1.143 18.243 10
4 12 .93825 19.0179 10 .9675 18.342 10 .999 18.315 10 1.0395 18.2925 10
4 12 .93825 19.0179 10 .9045 18.414 10 .9315 18.378 10 .9675 18.342 10
4 12 .5769 18.4608 10 .792 17.9235 10 .81 18.207 10 .7695 18.2745 10
3 12 .5769 18.4608 10 .7695 18.2745 10 .747 18.333 10
3 12 .5769 18.4608 10 .747 18.333 10 .729 18.405 10
3 12 .5769 18.4608 10 .729 18.405 10 .72 18.459 10
4 12 .5769 18.4608 10 .5778 18.4203 10 .7065 17.775 10 .792 17.9235 10
3 12 .93825 19.0179 10 .8865 18.45 10 .9045 18.414 10
3 12 .72 18.5175 10 .5769 18.4608 10 .72 18.459 10
3 12 .729 18.585 10 .5769 18.4608 10 .72 18.5175 10
3 12 -1.78641 18.26946 10 -2.52999 17.41707 10 -2.2185 17.685 10
3 12 -1.78641 18.26946 10 -2.2185 17.685 10 -2.16 17.6985 10
3 12 -1.78641 18.26946 10 -2.16 17.6985 10 -2.115 17.7075 10
3 12 -1.78641 18.26946 10 -2.115 17.7075 10 -2.052 17.712 10
3 12 -1.78641 18.26946 10 -2.052 17.712 10 -1.989 17.7165 10
3 12 -1.78641 18.26946 10 -1.989 17.7165 10 -1.9215 17.7165 10
4 12 0 19.6497 10 -.93825 19.0179 10 -.081 18.4185 10 -.06075 18.441 10
3 12 0 19.6497 10 -.06075 18.441 10 -.0225 18.459 10
3 12 0 19.6497 10 -.0225 18.459 10 .09 18.495 10
4 12 0 19.6497 10 .5571 18.477 10 .5769 18.4608 10 .729 18.585 10
3 12 0 19.6497 10 .5229 18.4869 10 .5571 18.477 10
3 12 0 19.6497 10 .09 18.495 10 .135 18.504 10
3 12 0 19.6497 10 .414 18.504 10 .5229 18.4869 10
3 12 0 19.6497 10 .135 18.504 10 .27 18.513 10
3 12 0 19.6497 10 .27 18.513 10 .414 18.504 10
3 12 0 19.6497 10 .729 18.585 10 .7425 18.657 10
3 12 0 19.6497 10 .7425 18.657 10 .7695 18.72 10
3 12 0 19.6497 10 .7695 18.72 10 .8055 18.7785 10
3 12 0 19.6497 10 .8055 18.7785 10 .93825 19.0179 10
3 12 0 19.6497 10 .93825 19.0179 10 1.78641 18.26946 10
3 12 -.5913 8.65098 10 -.0945 9.027 10 -1.251 9.558 10
3 0 -.918 9.558 10 -.81 9.513 10 -.828 9.531 10
4 0 -.7785 9.4815 10 -.81 9.513 10 -.918 9.558 10 -.954 9.5625 10
4 0 -.756 9.459 10 -.7785 9.4815 10 -.954 9.5625 10 -1.008 9.5625 10
4 0 -.7335 9.4365 10 -.756 9.459 10 -1.008 9.5625 10 -1.044 9.5625 10
4 0 -.711 9.414 10 -.7335 9.4365 10 -1.044 9.5625 10 -1.089 9.5625 10
4 0 -.684 9.396 10 -.711 9.414 10 -1.089 9.5625 10 -1.134 9.5625 10
4 0 -.648 9.378 10 -.684 9.396 10 -1.134 9.5625 10 -1.1745 9.558 10
3 0 -.648 9.378 10 -1.1745 9.558 10 -1.2105 9.5535 10
3 0 -1.2105 9.5535 10 -.621 9.369 10 -.648 9.378 10
4 0 -.621 9.369 10 -.648 9.378 10 -1.2105 9.5535 10 -1.251 9.558 10
4 0 -.4095 9.324 10 -.432 9.3465 10 -.4545 9.3555 10 -.4815 9.3465 10
4 0 -.3915 9.3015 10 -.4095 9.324 10 -.4815 9.3465 10 -.522 9.3465 10
4 0 -.36 9.261 10 -.3915 9.3015 10 -.522 9.3465 10 -.594 9.36 10
4 0 -.342 9.2385 10 -.36 9.261 10 -.594 9.36 10 -.621 9.369 10
3 0 -.342 9.2385 10 -.36 9.261 10 -.621 9.369 10
3 0 -.621 9.369 10 -.324 9.2205 10 -.342 9.2385 10
4 0 -.297 9.1935 10 -.324 9.2205 10 -.621 9.369 10 -1.251 9.558 10
3 0 -.27 9.1755 10 -.297 9.1935 10 -1.251 9.558 10
3 0 -.243 9.1575 10 -.27 9.1755 10 -1.251 9.558 10
3 0 -.216 9.1395 10 -.243 9.1575 10 -1.251 9.558 10
3 0 -.1935 9.1215 10 -.216 9.1395 10 -1.251 9.558 10
3 0 -.171 9.1035 10 -.1935 9.1215 10 -1.251 9.558 10
3 0 -.153 9.0855 10 -.171 9.1035 10 -1.251 9.558 10
3 0 -.135 9.0675 10 -.153 9.0855 10 -1.251 9.558 10
3 0 -.1215 9.054 10 -.135 9.0675 10 -1.251 9.558 10
3 0 -.108 9.0405 10 -.1215 9.054 10 -1.251 9.558 10
3 0 -.0945 9.027 10 -.108 9.0405 10 -1.251 9.558 10
3 12 -1.18098 8.69742 10 -.5913 8.65098 10 -1.76742 8.77464 10
4 12 1.3455 16.821 10 1.3185 16.8075 10 1.2825 16.803 10 1.2465 16.812 10
4 12 1.3455 16.821 10 1.377 16.8435 10 1.224 16.821 10 1.2465 16.812 10
4 12 1.377 16.8435 10 1.404 16.8795 10 1.1925 16.839 10 1.224 16.821 10
3 12 1.1925 16.839 10 1.404 16.8795 10 1.422 16.9155 10
3 12 1.1925 16.839 10 1.422 16.9155 10 1.4535 16.956 10
3 12 1.1925 16.839 10 1.4535 16.956 10 1.476 16.974 10
3 12 1.1925 16.839 10 1.476 16.974 10 2.52999 17.41707 10
3 12 1.4265 17.496 10 1.359 17.4915 10 1.143 17.3295 10
3 12 1.4265 17.496 10 1.143 17.3295 10 2.52999 17.41707 10
4 12 4.311 12.15 10 4.23729 13.27878 10 4.01742 14.3883 10 3.4065 13.491 10
3 12 4.311 12.15 10 3.4065 13.491 10 3.6 12.915 10
4 12 4.04892 9.38601 10 4.311 9.49041 10 2.7 11.205 10 1.35 11.205 10
4 12 .171 9.0225 10 0 8.6355 10 1.18098 8.69742 10 2.92419 9.02052 10
4 12 -.5913 8.65098 10 -4.04892 9.38601 10 -3.49137 9.18855 10 -2.92419 9.02052 10

4 0 8.107 11.042 -10 8.098 11.024 -10 8.086 11.015 -10 8.08 11.03 -10
4 0 8.254 11.042 -10 8.272 11.027 -10 8.263 11.018 -10 8.257 11.03 -10
4 0 8.119 11.057 -10 8.107 11.042 -10 8.08 11.03 -10 8.077 11.051 -10
4 0 8.251 11.06 -10 8.281 11.036 -10 8.272 11.027 -10 8.254 11.042 -10
4 0 8.131 11.078 -10 8.119 11.057 -10 8.077 11.051 -10 8.071 11.075 -10
4 0 8.245 11.078 -10 8.29 11.045 -10 8.281 11.036 -10 8.251 11.06 -10
4 0 8.239 11.096 -10 8.302 11.057 -10 8.29 11.045 -10 8.245 11.078 -10
4 0 8.149 11.099 -10 8.131 11.078 -10 8.071 11.075 -10 8.062 11.093 -10
4 0 8.233 11.111 -10 8.314 11.069 -10 8.302 11.057 -10 8.239 11.096 -10
4 0 8.167 11.123 -10 8.149 11.099 -10 8.062 11.093 -10 8.05 11.108 -10
4 0 8.227 11.126 -10 8.329 11.081 -10 8.314 11.069 -10 8.233 11.111 -10
4 0 8.179 11.144 -10 8.167 11.123 -10 8.05 11.108 -10 8.044 11.117 -10
4 0 8.224 11.147 -10 8.344 11.093 -10 8.329 11.081 -10 8.227 11.126 -10
4 0 8.32 11.15 -10 8.416 11.147 -10 8.398 11.129 -10 8.38 11.117 -10
3 0 8.32 11.15 -10 8.461 11.201 -10 8.44 11.174 -10
3 0 8.32 11.15 -10 8.473 11.216 -10 8.461 11.201 -10
4 0 8.227 11.159 -10 8.362 11.105 -10 8.344 11.093 -10 8.224 11.147 -10
4 0 8.227 11.159 -10 8.32 11.15 -10 8.38 11.117 -10 8.362 11.105 -10
4 0 8.185 11.162 -10 8.179 11.144 -10 8.044 11.117 -10 8.044 11.129 -10
3 0 7.948 11.171 -10 7.93 11.222 -10 7.963 11.171 -10
3 0 7.963 11.171 -10 7.93 11.222 -10 7.978 11.171 -10
3 0 7.978 11.171 -10 8.02 11.21 -10 7.993 11.174 -10
4 0 8.44 11.174 -10 8.428 11.159 -10 8.416 11.147 -10 8.32 11.15 -10
4 0 8.188 11.177 -10 8.185 11.162 -10 8.044 11.129 -10 8.053 11.141 -10
3 0 8.035 11.183 -10 8.02 11.21 -10 8.05 11.192 -10
3 0 8.113 11.186 -10 8.158 11.201 -10 8.182 11.198 -10
4 0 8.245 11.186 -10 8.32 11.15 -10 8.227 11.159 -10 8.236 11.174 -10
3 0 8.245 11.186 -10 8.248 11.198 -10 8.32 11.15 -10
4 0 8.188 11.189 -10 8.188 11.177 -10 8.053 11.141 -10 8.077 11.162 -10
3 0 8.05 11.192 -10 8.02 11.21 -10 8.062 11.198 -10
4 12 7.837 11.198 -10 7.837 11.183 -10 7.828 11.183 -10 7.828 11.192 -10
3 0 8.062 11.198 -10 8.02 11.21 -10 8.077 11.204 -10
4 0 8.182 11.198 -10 8.188 11.189 -10 8.077 11.162 -10 8.113 11.186 -10
3 0 8.248 11.198 -10 8.248 11.207 -10 8.32 11.15 -10
4 12 7.849 11.201 -10 7.846 11.183 -10 7.837 11.183 -10 7.837 11.198 -10
4 12 7.858 11.204 -10 7.858 11.183 -10 7.846 11.183 -10 7.849 11.201 -10
4 12 7.873 11.21 -10 7.873 11.18 -10 7.858 11.183 -10 7.858 11.204 -10
4 0 8.02 11.21 -10 8.035 11.183 -10 8.014 11.177 -10 7.993 11.174 -10
3 0 8.092 11.21 -10 8.2 11.375 -10 8.116 11.222 -10
4 12 7.891 11.213 -10 7.891 11.177 -10 7.873 11.18 -10 7.873 11.21 -10
4 12 7.906 11.216 -10 7.909 11.174 -10 7.891 11.177 -10 7.891 11.213 -10
4 12 7.921 11.219 -10 7.93 11.171 -10 7.909 11.174 -10 7.906 11.216 -10
4 0 7.93 11.222 -10 7.948 11.171 -10 7.93 11.171 -10 7.921 11.219 -10
4 0 7.933 11.228 -10 8.02 11.21 -10 7.978 11.171 -10 7.93 11.222 -10
3 0 8.224 11.228 -10 8.2 11.375 -10 8.242 11.219 -10
3 0 8.488 11.231 -10 8.44 11.75 -10 8.539 11.333 -10
3 0 8.155 11.237 -10 8.2 11.375 -10 8.176 11.24 -10
3 0 8.2 11.237 -10 8.2 11.375 -10 8.224 11.228 -10
3 0 7.921 11.24 -10 7.984 11.27 -10 7.93 11.237 -10
3 0 8.176 11.24 -10 8.2 11.375 -10 8.2 11.237 -10
3 0 8.614 11.246 -10 8.575 11.315 -10 8.632 11.252 -10
3 0 8.632 11.252 -10 8.68 11.33 -10 8.656 11.264 -10
3 12 7.738 11.261 -10 7.729 11.279 -10 7.741 11.279 -10
4 0 7.984 11.27 -10 8.02 11.21 -10 7.933 11.228 -10 7.93 11.237 -10
3 0 7.984 11.27 -10 7.972 11.309 -10 7.996 11.309 -10
4 12 7.789 11.273 -10 7.819 11.273 -10 7.828 11.24 -10 7.804 11.24 -10
4 12 7.774 11.276 -10 7.789 11.273 -10 7.804 11.24 -10 7.774 11.246 -10
4 12 7.843 11.276 -10 7.858 11.243 -10 7.828 11.24 -10 7.819 11.273 -10
4 12 7.729 11.279 -10 7.738 11.261 -10 7.726 11.267 -10 7.723 11.276 -10
4 12 7.741 11.279 -10 7.756 11.279 -10 7.756 11.252 -10 7.738 11.261 -10
4 12 7.756 11.279 -10 7.774 11.276 -10 7.774 11.246 -10 7.756 11.252 -10
4 12 7.87 11.282 -10 7.879 11.243 -10 7.858 11.243 -10 7.843 11.276 -10
4 12 7.894 11.288 -10 7.909 11.243 -10 7.879 11.243 -10 7.87 11.282 -10
3 0 8.689 11.291 -10 8.68 11.33 -10 8.704 11.306 -10
4 12 7.915 11.294 -10 7.921 11.24 -10 7.909 11.243 -10 7.894 11.288 -10
4 0 7.936 11.3 -10 7.984 11.27 -10 7.921 11.24 -10 7.915 11.294 -10
3 0 8.704 11.306 -10 8.68 11.33 -10 8.719 11.321 -10
4 0 7.972 11.309 -10 7.984 11.27 -10 7.936 11.3 -10 7.954 11.306 -10
3 0 7.996 11.309 -10 8.005 11.315 -10 7.984 11.27 -10
4 0 8.575 11.315 -10 8.614 11.246 -10 8.596 11.24 -10 8.548 11.231 -10
4 0 8.554 11.318 -10 8.575 11.315 -10 8.548 11.231 -10 8.521 11.231 -10
3 0 8.59 11.321 -10 8.602 11.33 -10 8.68 11.33 -10
4 0 8.545 11.324 -10 8.554 11.318 -10 8.521 11.231 -10 8.503 11.237 -10
3 0 8.602 11.33 -10 8.608 11.339 -10 8.68 11.33 -10
4 0 8.68 11.33 -10 8.632 11.252 -10 8.575 11.315 -10 8.59 11.321 -10
4 0 8.68 11.33 -10 8.689 11.291 -10 8.674 11.276 -10 8.656 11.264 -10
3 0 8.68 11.33 -10 8.74 11.342 -10 8.719 11.321 -10
3 0 8.68 11.33 -10 8.752 11.354 -10 8.74 11.342 -10
4 0 8.539 11.333 -10 8.545 11.324 -10 8.503 11.237 -10 8.488 11.231 -10
3 0 8.539 11.333 -10 8.44 11.75 -10 8.542 11.339 -10
3 0 8.608 11.339 -10 8.614 11.348 -10 8.68 11.33 -10
4 0 8.011 11.342 -10 8.02 11.342 -10 7.999 11.324 -10 7.99 11.33 -10
4 0 7.984 11.345 -10 7.996 11.345 -10 7.978 11.333 -10 7.969 11.342 -10
4 0 7.996 11.345 -10 8.011 11.342 -10 7.99 11.33 -10 7.978 11.333 -10
3 0 8.029 11.348 -10 8.2 11.375 -10 8.02 11.342 -10
3 0 8.614 11.348 -10 8.62 11.357 -10 8.68 11.33 -10
3 0 8.038 11.357 -10 8.2 11.375 -10 8.029 11.348 -10
3 0 8.032 11.366 -10 8.2 11.375 -10 8.038 11.357 -10
3 0 8.032 11.366 -10 8.008 11.378 -10 8.2 11.375 -10
3 0 8.77 11.366 -10 8.74 11.51 -10 8.845 11.498 -10
4 0 8.2 11.375 -10 8.32 11.15 -10 8.248 11.207 -10 8.242 11.219 -10
4 0 8.2 11.375 -10 8.02 11.21 -10 7.984 11.27 -10 8.005 11.315 -10
4 0 8.2 11.375 -10 8.092 11.21 -10 8.077 11.204 -10 8.02 11.21 -10
4 0 8.2 11.375 -10 8.155 11.237 -10 8.14 11.231 -10 8.116 11.222 -10
4 0 8.2 11.375 -10 8.005 11.315 -10 7.999 11.324 -10 8.02 11.342 -10
3 0 8.2 11.375 -10 8.143 11.459 -10 8.155 11.459 -10
3 0 7.981 11.384 -10 7.978 11.48 -10 8.008 11.378 -10
4 0 9.007 11.441 -10 9.028 11.441 -10 9.007 11.369 -10 8.983 11.372 -10
4 0 9.028 11.441 -10 9.049 11.441 -10 9.034 11.372 -10 9.007 11.369 -10
4 0 8.992 11.444 -10 9.007 11.441 -10 8.983 11.372 -10 8.956 11.375 -10
3 0 9.034 11.372 -10 9.061 11.444 -10 9.073 11.45 -10
3 0 9.034 11.372 -10 9.049 11.441 -10 9.061 11.444 -10
4 0 8.965 11.45 -10 8.992 11.444 -10 8.956 11.375 -10 8.926 11.375 -10
3 12 9.085 11.456 -10 9.058 11.384 -10 9.034 11.372 -10
3 0 9.034 11.372 -10 9.073 11.45 -10 9.085 11.456 -10
3 12 9.085 11.456 -10 9.1 11.411 -10 9.079 11.396 -10
3 12 9.085 11.456 -10 9.079 11.396 -10 9.058 11.384 -10
4 0 8.131 11.459 -10 8.143 11.459 -10 8.2 11.375 -10 8.008 11.378 -10
3 0 8.155 11.459 -10 8.167 11.462 -10 8.2 11.375 -10
4 0 8.62 11.459 -10 8.641 11.456 -10 8.596 11.363 -10 8.584 11.36 -10
4 0 8.941 11.459 -10 8.965 11.45 -10 8.926 11.375 -10 8.896 11.375 -10
4 12 9.1 11.459 -10 9.115 11.429 -10 9.1 11.411 -10 9.085 11.456 -10
4 12 9.1 11.459 -10 9.112 11.459 -10 9.121 11.444 -10 9.115 11.429 -10
3 0 8.167 11.462 -10 8.182 11.468 -10 8.2 11.375 -10
4 0 8.656 11.462 -10 8.614 11.363 -10 8.596 11.363 -10 8.641 11.456 -10
4 0 8.611 11.465 -10 8.62 11.459 -10 8.584 11.36 -10 8.569 11.354 -10
3 0 8.182 11.468 -10 8.194 11.477 -10 8.2 11.375 -10
4 0 8.668 11.471 -10 8.62 11.357 -10 8.614 11.363 -10 8.656 11.462 -10
4 0 8.905 11.471 -10 8.941 11.459 -10 8.896 11.375 -10 8.872 11.375 -10
4 0 8.605 11.474 -10 8.611 11.465 -10 8.569 11.354 -10 8.554 11.348 -10
3 0 8.194 11.477 -10 8.206 11.489 -10 8.2 11.375 -10
4 0 7.978 11.48 -10 7.981 11.384 -10 7.948 11.396 -10 7.921 11.408 -10
4 0 7.978 11.48 -10 8.122 11.468 -10 8.131 11.459 -10 8.008 11.378 -10
3 0 7.978 11.48 -10 8.05 11.534 -10 8.068 11.522 -10
3 0 7.978 11.48 -10 8.038 11.546 -10 8.05 11.534 -10
3 0 7.978 11.48 -10 8.032 11.555 -10 8.038 11.546 -10
3 0 7.978 11.48 -10 8.029 11.564 -10 8.032 11.555 -10
4 0 8.674 11.48 -10 8.68 11.33 -10 8.62 11.357 -10 8.668 11.471 -10
4 0 8.878 11.48 -10 8.905 11.471 -10 8.872 11.375 -10 8.836 11.375 -10
4 0 8.866 11.486 -10 8.878 11.48 -10 8.836 11.375 -10 8.812 11.372 -10
4 0 7.918 11.492 -10 7.978 11.48 -10 7.921 11.408 -10 7.888 11.426 -10
3 0 7.918 11.492 -10 7.921 11.501 -10 7.978 11.48 -10
4 0 8.854 11.492 -10 8.866 11.486 -10 8.812 11.372 -10 8.785 11.369 -10
4 0 7.912 11.495 -10 7.918 11.492 -10 7.888 11.426 -10 7.87 11.435 -10
3 0 8.686 11.498 -10 8.74 11.51 -10 8.68 11.489 -10
4 0 8.845 11.498 -10 8.854 11.492 -10 8.785 11.369 -10 8.77 11.366 -10
4 0 7.903 11.501 -10 7.912 11.495 -10 7.87 11.435 -10 7.858 11.444 -10
3 0 8.212 11.504 -10 8.44 11.75 -10 8.206 11.489 -10
3 0 8.848 11.507 -10 8.857 11.672 -10 8.863 11.51 -10
4 0 7.891 11.51 -10 7.903 11.501 -10 7.858 11.444 -10 7.84 11.456 -10
4 0 8.74 11.51 -10 8.68 11.33 -10 8.674 11.48 -10 8.68 11.489 -10
4 0 8.74 11.51 -10 8.77 11.366 -10 8.752 11.354 -10 8.68 11.33 -10
3 0 8.74 11.51 -10 8.722 11.627 -10 8.734 11.627 -10
4 0 8.086 11.513 -10 8.11 11.51 -10 8.146 11.477 -10 8.137 11.477 -10
4 0 8.131 11.513 -10 8.155 11.48 -10 8.146 11.477 -10 8.11 11.51 -10
3 0 8.215 11.513 -10 8.44 11.75 -10 8.212 11.504 -10
4 0 7.879 11.519 -10 7.891 11.51 -10 7.84 11.456 -10 7.825 11.468 -10
4 0 8.146 11.519 -10 8.164 11.483 -10 8.155 11.48 -10 8.131 11.513 -10
3 0 8.212 11.519 -10 8.44 11.75 -10 8.215 11.513 -10
4 0 8.068 11.522 -10 8.128 11.477 -10 8.122 11.468 -10 7.978 11.48 -10
4 0 8.068 11.522 -10 8.086 11.513 -10 8.137 11.477 -10 8.128 11.477 -10
4 0 8.158 11.528 -10 8.176 11.489 -10 8.164 11.483 -10 8.146 11.519 -10
4 0 7.861 11.531 -10 7.879 11.519 -10 7.825 11.468 -10 7.801 11.483 -10
3 0 7.903 11.531 -10 7.978 11.744 -10 7.915 11.513 -10
4 0 8.167 11.54 -10 8.185 11.495 -10 8.176 11.489 -10 8.158 11.528 -10
4 0 7.843 11.543 -10 7.861 11.531 -10 7.801 11.483 -10 7.768 11.498 -10
3 0 7.888 11.549 -10 7.978 11.744 -10 7.903 11.531 -10
4 0 8.176 11.555 -10 8.194 11.504 -10 8.185 11.495 -10 8.167 11.54 -10
4 0 7.816 11.558 -10 7.843 11.543 -10 7.768 11.498 -10 7.744 11.51 -10
3 0 7.87 11.567 -10 7.978 11.744 -10 7.888 11.549 -10
4 0 8.182 11.567 -10 8.2 11.51 -10 8.194 11.504 -10 8.176 11.555 -10
4 0 7.795 11.57 -10 7.816 11.558 -10 7.744 11.51 -10 7.717 11.522 -10
3 0 8.071 11.573 -10 7.978 11.744 -10 8.083 11.573 -10
3 0 8.083 11.573 -10 7.978 11.744 -10 8.092 11.573 -10
4 0 7.771 11.579 -10 7.795 11.57 -10 7.717 11.522 -10 7.69 11.534 -10
3 0 8.032 11.579 -10 7.978 11.744 -10 8.044 11.579 -10
3 0 8.044 11.579 -10 7.978 11.744 -10 8.053 11.576 -10
3 0 7.849 11.582 -10 7.978 11.744 -10 7.87 11.567 -10
4 0 8.188 11.582 -10 8.206 11.516 -10 8.2 11.51 -10 8.182 11.567 -10
4 0 7.75 11.588 -10 7.771 11.579 -10 7.69 11.534 -10 7.657 11.546 -10
4 0 8.191 11.597 -10 8.212 11.519 -10 8.206 11.516 -10 8.188 11.582 -10
4 0 7.72 11.6 -10 7.75 11.588 -10 7.657 11.546 -10 7.624 11.558 -10
3 0 8.134 11.603 -10 7.978 11.744 -10 8.143 11.612 -10
4 0 7.699 11.606 -10 7.72 11.6 -10 7.624 11.558 -10 7.588 11.573 -10
4 0 7.684 11.612 -10 7.699 11.606 -10 7.588 11.573 -10 7.564 11.582 -10
3 0 8.143 11.612 -10 7.978 11.744 -10 8.149 11.618 -10
3 0 7.402 11.615 -10 7.72 11.69 -10 7.654 11.63 -10
4 0 7.672 11.615 -10 7.684 11.612 -10 7.564 11.582 -10 7.534 11.591 -10
4 0 7.657 11.618 -10 7.672 11.615 -10 7.534 11.591 -10 7.507 11.597 -10
3 0 8.149 11.618 -10 7.978 11.744 -10 8.158 11.624 -10
3 0 7.753 11.621 -10 7.72 11.69 -10 7.774 11.615 -10
4 0 8.638 11.621 -10 8.647 11.621 -10 8.662 11.504 -10 8.65 11.501 -10
4 0 8.647 11.621 -10 8.653 11.621 -10 8.68 11.504 -10 8.662 11.504 -10
4 0 7.648 11.624 -10 7.657 11.618 -10 7.507 11.597 -10 7.438 11.603 -10
3 0 8.158 11.624 -10 7.978 11.744 -10 8.17 11.627 -10
4 0 8.632 11.624 -10 8.638 11.621 -10 8.65 11.501 -10 8.635 11.495 -10
4 0 8.662 11.624 -10 8.686 11.498 -10 8.68 11.504 -10 8.653 11.621 -10
3 0 8.662 11.624 -10 8.674 11.627 -10 8.686 11.498 -10
3 0 7.729 11.627 -10 7.72 11.69 -10 7.753 11.621 -10
3 0 8.182 11.627 -10 8.44 11.75 -10 8.188 11.615 -10
4 0 8.701 11.627 -10 8.722 11.627 -10 8.74 11.51 -10 8.686 11.498 -10
3 0 7.375 11.63 -10 7.411 11.768 -10 7.402 11.615 -10
4 0 7.654 11.63 -10 7.648 11.624 -10 7.438 11.603 -10 7.402 11.615 -10
3 0 7.654 11.63 -10 7.72 11.69 -10 7.666 11.63 -10
3 0 7.666 11.63 -10 7.72 11.69 -10 7.681 11.63 -10
3 0 7.681 11.63 -10 7.72 11.69 -10 7.702 11.63 -10
3 0 7.702 11.63 -10 7.72 11.69 -10 7.729 11.627 -10
4 0 8.686 11.63 -10 8.701 11.627 -10 8.686 11.498 -10 8.674 11.627 -10
4 0 8.749 11.63 -10 8.764 11.63 -10 8.74 11.51 -10 8.734 11.627 -10
3 0 8.764 11.63 -10 8.779 11.633 -10 8.74 11.51 -10
3 0 8.779 11.633 -10 8.788 11.636 -10 8.74 11.51 -10
4 0 8.626 11.639 -10 8.632 11.624 -10 8.635 11.495 -10 8.62 11.489 -10
3 0 8.794 11.651 -10 8.857 11.69 -10 8.854 11.678 -10
4 0 8.62 11.654 -10 8.626 11.639 -10 8.62 11.489 -10 8.608 11.48 -10
3 0 8.62 11.654 -10 8.44 11.75 -10 8.62 11.681 -10
4 0 8.866 11.666 -10 8.89 11.666 -10 8.914 11.522 -10 8.884 11.516 -10
4 0 8.857 11.672 -10 8.848 11.507 -10 8.845 11.498 -10 8.74 11.51 -10
4 0 8.857 11.672 -10 8.74 11.51 -10 8.788 11.636 -10 8.794 11.642 -10
4 0 8.857 11.672 -10 8.866 11.666 -10 8.884 11.516 -10 8.863 11.51 -10
4 0 8.92 11.675 -10 8.947 11.534 -10 8.914 11.522 -10 8.89 11.666 -10
4 0 8.854 11.678 -10 8.857 11.672 -10 8.794 11.642 -10 8.794 11.651 -10
4 0 8.953 11.684 -10 8.977 11.546 -10 8.947 11.534 -10 8.92 11.675 -10
4 0 7.72 11.69 -10 7.828 11.594 -10 7.804 11.603 -10 7.774 11.615 -10
3 0 7.72 11.69 -10 7.618 11.852 -10 7.63 11.849 -10
3 0 7.72 11.69 -10 7.609 11.858 -10 7.618 11.852 -10
4 0 8.995 11.696 -10 9.007 11.561 -10 8.977 11.546 -10 8.953 11.684 -10
3 0 8.863 11.699 -10 8.773 11.825 -10 8.875 11.708 -10
3 0 8.875 11.708 -10 8.773 11.825 -10 8.893 11.717 -10
4 0 9.031 11.708 -10 9.04 11.582 -10 9.007 11.561 -10 8.995 11.696 -10
4 0 9.073 11.723 -10 9.067 11.6 -10 9.04 11.582 -10 9.031 11.708 -10
4 12 9.226 11.723 -10 9.241 11.723 -10 9.244 11.654 -10 9.226 11.645 -10
4 12 9.211 11.726 -10 9.226 11.723 -10 9.226 11.645 -10 9.208 11.639 -10
4 12 9.259 11.726 -10 9.268 11.666 -10 9.244 11.654 -10 9.241 11.723 -10
4 0 9.1 11.729 -10 9.094 11.618 -10 9.067 11.6 -10 9.073 11.723 -10
4 12 9.196 11.729 -10 9.211 11.726 -10 9.208 11.639 -10 9.19 11.636 -10
4 0 9.124 11.732 -10 9.118 11.63 -10 9.094 11.618 -10 9.1 11.729 -10
4 0 9.124 11.732 -10 9.148 11.732 -10 9.136 11.636 -10 9.118 11.63 -10
4 0 9.148 11.732 -10 9.175 11.732 -10 9.166 11.636 -10 9.136 11.636 -10
4 0 9.175 11.732 -10 9.196 11.729 -10 9.19 11.636 -10 9.166 11.636 -10
4 12 9.28 11.732 -10 9.286 11.678 -10 9.268 11.666 -10 9.259 11.726 -10
4 0 7.978 11.744 -10 7.978 11.48 -10 7.921 11.501 -10 7.915 11.513 -10
4 0 7.978 11.744 -10 8.071 11.573 -10 8.062 11.573 -10 8.053 11.576 -10
4 0 7.978 11.744 -10 8.032 11.579 -10 8.029 11.564 -10 7.978 11.48 -10
4 0 7.978 11.744 -10 8.107 11.579 -10 8.101 11.576 -10 8.092 11.573 -10
4 0 7.978 11.744 -10 7.849 11.582 -10 7.828 11.594 -10 7.72 11.69 -10
4 0 7.978 11.744 -10 8.119 11.588 -10 8.113 11.582 -10 8.107 11.579 -10
4 0 7.978 11.744 -10 8.134 11.603 -10 8.128 11.594 -10 8.119 11.588 -10
3 0 7.978 11.744 -10 8.203 11.81 -10 8.212 11.804 -10
3 0 7.978 11.744 -10 8.194 11.819 -10 8.203 11.81 -10
3 0 7.978 11.744 -10 8.164 11.843 -10 8.176 11.834 -10
3 0 7.978 11.744 -10 8.152 11.852 -10 8.164 11.843 -10
3 0 7.978 11.744 -10 8.086 11.897 -10 8.101 11.888 -10
3 0 7.978 11.744 -10 8.035 11.921 -10 8.053 11.912 -10
3 0 7.978 11.744 -10 8.023 11.927 -10 8.035 11.921 -10
3 0 7.978 11.744 -10 8.02 11.939 -10 8.023 11.927 -10
4 12 9.301 11.744 -10 9.304 11.69 -10 9.286 11.678 -10 9.28 11.732 -10
4 0 7.36 11.747 -10 7.375 11.744 -10 7.324 11.684 -10 7.309 11.705 -10
4 0 7.39 11.75 -10 7.339 11.663 -10 7.324 11.684 -10 7.375 11.744 -10
4 0 8.44 11.75 -10 8.32 11.15 -10 8.2 11.375 -10 8.206 11.489 -10
4 0 8.44 11.75 -10 8.488 11.231 -10 8.473 11.216 -10 8.32 11.15 -10
4 0 8.44 11.75 -10 8.605 11.474 -10 8.554 11.348 -10 8.542 11.339 -10
4 0 8.44 11.75 -10 8.212 11.519 -10 8.191 11.597 -10 8.188 11.615 -10
4 0 8.44 11.75 -10 8.182 11.627 -10 8.17 11.627 -10 7.978 11.744 -10
4 0 8.44 11.75 -10 8.62 11.654 -10 8.608 11.48 -10 8.605 11.474 -10
4 0 8.44 11.75 -10 8.632 11.69 -10 8.626 11.684 -10 8.62 11.681 -10
3 0 8.44 11.75 -10 8.374 11.96 -10 8.377 11.96 -10
4 12 9.319 11.753 -10 9.322 11.702 -10 9.304 11.69 -10 9.301 11.744 -10
4 0 7.345 11.756 -10 7.36 11.747 -10 7.309 11.705 -10 7.297 11.726 -10
4 0 7.402 11.759 -10 7.354 11.648 -10 7.339 11.663 -10 7.39 11.75 -10
4 12 9.337 11.762 -10 9.34 11.717 -10 9.322 11.702 -10 9.319 11.753 -10
4 0 7.336 11.768 -10 7.345 11.756 -10 7.297 11.726 -10 7.282 11.75 -10
4 0 7.411 11.768 -10 7.375 11.63 -10 7.354 11.648 -10 7.402 11.759 -10
4 12 9.355 11.771 -10 9.355 11.729 -10 9.34 11.717 -10 9.337 11.762 -10
4 0 8.71 11.777 -10 8.731 11.777 -10 8.698 11.666 -10 8.683 11.672 -10
4 0 8.731 11.777 -10 8.74 11.651 -10 8.728 11.654 -10 8.719 11.657 -10
4 0 8.731 11.777 -10 8.719 11.657 -10 8.71 11.66 -10 8.698 11.666 -10
4 12 9.37 11.777 -10 9.367 11.738 -10 9.355 11.729 -10 9.355 11.771 -10
4 0 8.698 11.78 -10 8.71 11.777 -10 8.683 11.672 -10 8.668 11.678 -10
4 12 9.382 11.78 -10 9.382 11.747 -10 9.367 11.738 -10 9.37 11.777 -10
4 0 8.743 11.783 -10 8.752 11.651 -10 8.74 11.651 -10 8.731 11.777 -10
3 0 9.004 11.783 -10 8.971 11.894 -10 8.977 11.891 -10
4 12 9.397 11.783 -10 9.394 11.756 -10 9.382 11.747 -10 9.382 11.78 -10
4 12 9.397 11.783 -10 9.406 11.783 -10 9.403 11.765 -10 9.394 11.756 -10
4 12 9.406 11.783 -10 9.412 11.78 -10 9.412 11.774 -10 9.403 11.765 -10
4 0 7.324 11.786 -10 7.336 11.768 -10 7.282 11.75 -10 7.273 11.768 -10
4 0 8.686 11.786 -10 8.698 11.78 -10 8.668 11.678 -10 8.656 11.684 -10
4 0 8.755 11.792 -10 8.764 11.654 -10 8.752 11.651 -10 8.743 11.783 -10
3 0 7.411 11.795 -10 7.495 11.891 -10 7.414 11.78 -10
4 0 8.683 11.801 -10 8.644 11.69 -10 8.632 11.69 -10 8.44 11.75 -10
4 0 8.683 11.801 -10 8.686 11.786 -10 8.656 11.684 -10 8.644 11.69 -10
4 0 7.318 11.804 -10 7.324 11.786 -10 7.273 11.768 -10 7.261 11.795 -10
4 0 8.212 11.804 -10 8.218 11.804 -10 8.44 11.75 -10 7.978 11.744 -10
3 0 8.218 11.804 -10 8.29 11.936 -10 8.299 11.93 -10
4 0 8.764 11.804 -10 8.776 11.654 -10 8.764 11.654 -10 8.755 11.792 -10
3 0 8.704 11.81 -10 8.713 11.894 -10 8.737 11.894 -10
4 0 8.77 11.813 -10 8.788 11.654 -10 8.776 11.654 -10 8.764 11.804 -10
4 0 7.255 11.819 -10 7.315 11.819 -10 7.318 11.804 -10 7.261 11.795 -10
4 0 8.773 11.825 -10 8.794 11.651 -10 8.788 11.654 -10 8.77 11.813 -10
4 0 8.773 11.825 -10 8.863 11.699 -10 8.857 11.69 -10 8.794 11.651 -10
4 0 8.773 11.825 -10 8.95 11.744 -10 8.923 11.729 -10 8.893 11.717 -10
4 0 8.773 11.825 -10 9.004 11.783 -10 8.977 11.759 -10 8.95 11.744 -10
4 0 8.176 11.834 -10 8.188 11.825 -10 8.194 11.819 -10 7.978 11.744 -10
3 0 7.339 11.843 -10 7.327 11.942 -10 7.345 11.837 -10
3 0 7.333 11.849 -10 7.327 11.942 -10 7.339 11.843 -10
3 0 7.63 11.849 -10 7.639 11.852 -10 7.72 11.69 -10
3 0 7.327 11.852 -10 7.327 11.942 -10 7.333 11.849 -10
3 0 7.609 11.858 -10 7.495 11.891 -10 7.603 11.867 -10
4 0 7.645 11.858 -10 7.978 11.744 -10 7.72 11.69 -10 7.639 11.852 -10
3 0 7.645 11.858 -10 7.645 11.864 -10 7.978 11.744 -10
4 0 7.252 11.864 -10 7.315 11.819 -10 7.255 11.819 -10 7.252 11.84 -10
3 0 7.603 11.867 -10 7.495 11.891 -10 7.6 11.882 -10
4 0 8.125 11.873 -10 8.137 11.864 -10 8.152 11.852 -10 7.978 11.744 -10
4 0 7.255 11.885 -10 7.312 11.834 -10 7.315 11.819 -10 7.252 11.864 -10
4 0 8.101 11.888 -10 8.116 11.879 -10 8.125 11.873 -10 7.978 11.744 -10
4 0 7.495 11.891 -10 7.402 11.615 -10 7.411 11.768 -10 7.414 11.78 -10
4 0 7.495 11.891 -10 7.609 11.858 -10 7.72 11.69 -10 7.402 11.615 -10
3 0 8.335 11.891 -10 8.341 11.894 -10 8.44 11.75 -10
4 0 8.332 11.894 -10 8.335 11.891 -10 8.44 11.75 -10 8.218 11.804 -10
4 0 8.989 11.894 -10 9.028 11.807 -10 9.004 11.783 -10 8.977 11.891 -10
4 0 7.483 11.897 -10 7.495 11.891 -10 7.411 11.795 -10 7.408 11.798 -10
4 0 7.519 11.9 -10 7.603 11.891 -10 7.6 11.882 -10 7.495 11.891 -10
4 0 8.698 11.9 -10 8.713 11.894 -10 8.704 11.81 -10 8.692 11.804 -10
4 0 8.749 11.9 -10 8.716 11.816 -10 8.704 11.81 -10 8.737 11.894 -10
4 0 7.258 11.903 -10 7.315 11.843 -10 7.312 11.834 -10 7.255 11.885 -10
4 0 7.465 11.903 -10 7.483 11.897 -10 7.408 11.798 -10 7.402 11.801 -10
4 0 8.326 11.903 -10 8.329 11.9 -10 8.332 11.894 -10 8.218 11.804 -10
4 0 8.968 11.903 -10 8.971 11.894 -10 9.004 11.783 -10 8.773 11.825 -10
4 0 9.001 11.903 -10 9.04 11.828 -10 9.028 11.807 -10 8.989 11.894 -10
4 0 8.689 11.909 -10 8.698 11.9 -10 8.692 11.804 -10 8.683 11.801 -10
4 0 8.758 11.909 -10 8.731 11.819 -10 8.716 11.816 -10 8.749 11.9 -10
4 0 7.444 11.912 -10 7.465 11.903 -10 7.402 11.801 -10 7.39 11.804 -10
4 0 8.053 11.912 -10 8.068 11.906 -10 8.086 11.897 -10 7.978 11.744 -10
4 0 7.423 11.918 -10 7.444 11.912 -10 7.39 11.804 -10 7.381 11.81 -10
4 0 7.522 11.918 -10 7.615 11.894 -10 7.603 11.891 -10 7.519 11.9 -10
4 0 8.314 11.918 -10 8.323 11.909 -10 8.326 11.903 -10 8.218 11.804 -10
4 0 8.689 11.921 -10 8.689 11.909 -10 8.683 11.801 -10 8.44 11.75 -10
4 0 8.77 11.921 -10 8.743 11.822 -10 8.731 11.819 -10 8.758 11.909 -10
4 0 9.019 11.921 -10 9.055 11.843 -10 9.04 11.828 -10 9.001 11.903 -10
4 0 7.387 11.927 -10 7.423 11.918 -10 7.381 11.81 -10 7.366 11.819 -10
4 0 8.299 11.93 -10 8.308 11.924 -10 8.314 11.918 -10 8.218 11.804 -10
4 0 8.776 11.93 -10 8.758 11.825 -10 8.743 11.822 -10 8.77 11.921 -10
4 0 9.034 11.933 -10 9.07 11.855 -10 9.055 11.843 -10 9.019 11.921 -10
4 0 7.36 11.936 -10 7.387 11.927 -10 7.366 11.819 -10 7.354 11.828 -10
4 0 7.276 11.939 -10 7.315 11.843 -10 7.258 11.903 -10 7.264 11.921 -10
4 0 7.327 11.942 -10 7.36 11.936 -10 7.354 11.828 -10 7.345 11.837 -10
4 0 8.281 11.942 -10 8.29 11.936 -10 8.218 11.804 -10 8.218 11.81 -10
4 0 7.291 11.945 -10 7.318 11.849 -10 7.315 11.843 -10 7.276 11.939 -10
4 0 7.291 11.945 -10 7.327 11.942 -10 7.327 11.852 -10 7.318 11.849 -10
4 0 8.782 11.945 -10 8.773 11.825 -10 8.758 11.825 -10 8.776 11.93 -10
3 0 8.782 11.945 -10 8.875 12.032 -10 8.89 12.029 -10
3 0 8.782 11.945 -10 8.863 12.035 -10 8.875 12.032 -10
4 0 8.272 11.948 -10 8.281 11.942 -10 8.218 11.81 -10 8.215 11.816 -10
4 0 9.055 11.948 -10 9.085 11.864 -10 9.07 11.855 -10 9.034 11.933 -10
4 0 9.229 11.954 -10 9.25 11.951 -10 9.241 11.894 -10 9.217 11.888 -10
4 12 9.271 11.954 -10 9.268 11.903 -10 9.241 11.894 -10 9.25 11.951 -10
4 0 8.26 11.957 -10 8.272 11.948 -10 8.215 11.816 -10 8.209 11.825 -10
4 0 9.073 11.957 -10 9.1 11.87 -10 9.085 11.864 -10 9.055 11.948 -10
3 0 8.377 11.96 -10 8.38 11.966 -10 8.44 11.75 -10
4 0 9.205 11.96 -10 9.229 11.954 -10 9.217 11.888 -10 9.196 11.882 -10
4 12 9.289 11.96 -10 9.292 11.912 -10 9.268 11.903 -10 9.271 11.954 -10
4 0 8.245 11.963 -10 8.26 11.957 -10 8.209 11.825 -10 8.2 11.837 -10
4 0 8.368 11.963 -10 8.374 11.96 -10 8.44 11.75 -10 8.341 11.894 -10
4 0 9.088 11.963 -10 9.112 11.873 -10 9.1 11.87 -10 9.073 11.957 -10
4 0 9.112 11.966 -10 9.127 11.876 -10 9.112 11.873 -10 9.088 11.963 -10
4 0 9.178 11.966 -10 9.205 11.96 -10 9.196 11.882 -10 9.172 11.879 -10
4 12 9.31 11.966 -10 9.313 11.924 -10 9.292 11.912 -10 9.289 11.96 -10
4 0 8.233 11.969 -10 8.245 11.963 -10 8.2 11.837 -10 8.188 11.852 -10
4 0 8.362 11.969 -10 8.368 11.963 -10 8.341 11.894 -10 8.341 11.903 -10
4 0 9.148 11.969 -10 9.148 11.876 -10 9.127 11.876 -10 9.112 11.966 -10
4 0 9.148 11.969 -10 9.178 11.966 -10 9.172 11.879 -10 9.148 11.876 -10
4 0 8.227 11.972 -10 8.233 11.969 -10 8.188 11.852 -10 8.176 11.867 -10
4 12 9.322 11.972 -10 9.331 11.936 -10 9.313 11.924 -10 9.31 11.966 -10
4 0 8.224 11.975 -10 8.227 11.972 -10 8.176 11.867 -10 8.161 11.885 -10
4 0 8.353 11.975 -10 8.362 11.969 -10 8.341 11.903 -10 8.338 11.912 -10
4 0 8.347 11.978 -10 8.353 11.975 -10 8.338 11.912 -10 8.335 11.924 -10
4 12 9.334 11.978 -10 9.343 11.945 -10 9.331 11.936 -10 9.322 11.972 -10
4 0 8.338 11.984 -10 8.347 11.978 -10 8.335 11.924 -10 8.329 11.936 -10
4 0 7.618 11.987 -10 7.648 11.987 -10 7.633 11.885 -10 7.624 11.891 -10
4 0 7.588 11.99 -10 7.618 11.987 -10 7.624 11.891 -10 7.615 11.894 -10
4 0 7.693 11.99 -10 7.642 11.873 -10 7.633 11.885 -10 7.648 11.987 -10
4 0 8.326 11.99 -10 8.338 11.984 -10 8.329 11.936 -10 8.32 11.945 -10
4 12 9.349 11.99 -10 9.355 11.954 -10 9.343 11.945 -10 9.334 11.978 -10
4 0 8.317 11.993 -10 8.326 11.99 -10 8.32 11.945 -10 8.305 11.954 -10
4 0 7.729 11.996 -10 7.645 11.864 -10 7.642 11.873 -10 7.693 11.99 -10
4 0 8.311 11.996 -10 8.317 11.993 -10 8.305 11.954 -10 8.29 11.963 -10
3 0 8.368 11.996 -10 8.44 12.35 -10 8.374 11.981 -10
4 0 8.299 11.999 -10 8.311 11.996 -10 8.29 11.963 -10 8.278 11.966 -10
4 12 9.358 11.999 -10 9.364 11.963 -10 9.355 11.954 -10 9.349 11.99 -10
4 0 7.558 12.002 -10 7.588 11.99 -10 7.615 11.894 -10 7.522 11.918 -10
4 0 7.768 12.002 -10 7.978 11.744 -10 7.645 11.864 -10 7.729 11.996 -10
3 0 7.768 12.002 -10 7.81 12.011 -10 7.978 11.744 -10
4 0 8.281 12.005 -10 8.299 11.999 -10 8.278 11.966 -10 8.263 11.972 -10
3 0 8.362 12.008 -10 8.44 12.35 -10 8.368 11.996 -10
4 12 9.367 12.008 -10 9.382 11.978 -10 9.364 11.963 -10 9.358 11.999 -10
4 0 7.537 12.011 -10 7.558 12.002 -10 7.522 11.918 -10 7.516 11.927 -10
3 0 7.81 12.011 -10 7.852 12.023 -10 7.978 11.744 -10
4 0 8.26 12.011 -10 8.281 12.005 -10 8.263 11.972 -10 8.251 11.975 -10
4 0 8.731 12.011 -10 8.749 12.011 -10 8.737 11.939 -10 8.725 11.936 -10
4 0 8.716 12.014 -10 8.731 12.011 -10 8.725 11.936 -10 8.713 11.933 -10
4 12 9.373 12.014 -10 9.391 11.987 -10 9.382 11.978 -10 9.367 12.008 -10
4 0 8.233 12.017 -10 8.26 12.011 -10 8.251 11.975 -10 8.239 11.978 -10
3 0 8.35 12.017 -10 8.44 12.35 -10 8.362 12.008 -10
4 0 8.704 12.017 -10 8.716 12.014 -10 8.713 11.933 -10 8.701 11.927 -10
4 0 8.761 12.017 -10 8.749 11.942 -10 8.737 11.939 -10 8.749 12.011 -10
4 0 8.218 12.02 -10 8.233 12.017 -10 8.239 11.978 -10 8.23 11.978 -10
4 12 9.379 12.02 -10 9.4 11.999 -10 9.391 11.987 -10 9.373 12.014 -10
4 0 7.375 12.023 -10 7.363 11.975 -10 7.351 11.987 -10 7.357 12.008 -10
4 0 7.504 12.023 -10 7.537 12.011 -10 7.516 11.927 -10 7.498 11.936 -10
4 0 8.215 12.023 -10 8.218 12.02 -10 8.23 11.978 -10 8.224 11.975 -10
3 0 8.215 12.023 -10 8.161 12.134 -10 8.218 12.029 -10
3 0 8.341 12.023 -10 8.44 12.35 -10 8.35 12.017 -10
4 0 8.695 12.023 -10 8.704 12.017 -10 8.701 11.927 -10 8.689 11.921 -10
3 0 8.32 12.026 -10 8.44 12.35 -10 8.341 12.023 -10
4 0 8.773 12.026 -10 8.767 11.945 -10 8.749 11.942 -10 8.761 12.017 -10
4 12 9.382 12.026 -10 9.403 12.014 -10 9.4 11.999 -10 9.379 12.02 -10
3 0 8.218 12.029 -10 8.161 12.134 -10 8.23 12.029 -10
3 0 8.23 12.029 -10 8.161 12.134 -10 8.245 12.029 -10
3 0 8.245 12.029 -10 8.161 12.134 -10 8.269 12.029 -10
3 0 8.269 12.029 -10 8.161 12.134 -10 8.299 12.029 -10
3 0 8.299 12.029 -10 8.161 12.134 -10 8.32 12.026 -10
4 0 8.908 12.029 -10 8.773 11.825 -10 8.782 11.945 -10 8.89 12.029 -10
4 0 8.908 12.029 -10 8.971 11.912 -10 8.968 11.903 -10 8.773 11.825 -10
3 0 8.908 12.029 -10 8.926 12.035 -10 8.971 11.912 -10
4 0 7.399 12.032 -10 7.39 11.966 -10 7.363 11.975 -10 7.375 12.023 -10
4 0 8.692 12.032 -10 8.695 12.023 -10 8.689 11.921 -10 8.44 11.75 -10
3 0 8.692 12.032 -10 8.44 12.35 -10 8.692 12.164 -10
4 12 9.388 12.032 -10 9.403 12.023 -10 9.403 12.014 -10 9.382 12.026 -10
4 0 7.477 12.035 -10 7.504 12.023 -10 7.498 11.936 -10 7.471 11.945 -10
4 0 8.782 12.035 -10 8.782 11.945 -10 8.767 11.945 -10 8.773 12.026 -10
4 12 9.394 12.035 -10 9.4 12.032 -10 9.403 12.023 -10 9.388 12.032 -10
4 0 7.423 12.038 -10 7.417 11.96 -10 7.39 11.966 -10 7.399 12.032 -10
4 0 7.423 12.038 -10 7.453 12.038 -10 7.447 11.951 -10 7.417 11.96 -10
4 0 7.453 12.038 -10 7.477 12.035 -10 7.471 11.945 -10 7.447 11.951 -10
4 0 7.903 12.038 -10 8.02 11.939 -10 7.978 11.744 -10 7.852 12.023 -10
4 0 7.924 12.041 -10 8.026 11.942 -10 8.02 11.939 -10 7.903 12.038 -10
4 0 8.041 12.041 -10 8.059 12.038 -10 8.128 11.924 -10 8.116 11.933 -10
4 0 8.08 12.041 -10 8.14 11.912 -10 8.128 11.924 -10 8.059 12.038 -10
4 0 8.854 12.041 -10 8.863 12.035 -10 8.782 11.945 -10 8.782 12.035 -10
4 0 8.944 12.041 -10 8.992 11.936 -10 8.971 11.912 -10 8.926 12.035 -10
4 0 7.945 12.044 -10 8.032 11.945 -10 8.026 11.942 -10 7.924 12.041 -10
4 0 7.966 12.047 -10 8.053 11.945 -10 8.032 11.945 -10 7.945 12.044 -10
4 0 7.966 12.047 -10 7.99 12.047 -10 8.074 11.945 -10 8.053 11.945 -10
4 0 7.99 12.047 -10 8.014 12.047 -10 8.095 11.942 -10 8.074 11.945 -10
4 0 8.014 12.047 -10 8.041 12.041 -10 8.116 11.933 -10 8.095 11.942 -10
4 0 8.092 12.047 -10 8.149 11.9 -10 8.14 11.912 -10 8.08 12.041 -10
3 0 8.719 12.047 -10 8.725 12.149 -10 8.743 12.149 -10
4 0 8.791 12.05 -10 8.848 12.05 -10 8.854 12.041 -10 8.782 12.035 -10
4 0 8.971 12.053 -10 9.013 11.957 -10 8.992 11.936 -10 8.944 12.041 -10
4 0 8.098 12.056 -10 8.161 11.885 -10 8.149 11.9 -10 8.092 12.047 -10
4 0 8.794 12.065 -10 8.854 12.065 -10 8.848 12.05 -10 8.791 12.05 -10
3 0 8.878 12.074 -10 8.794 12.209 -10 8.905 12.08 -10
4 0 9.001 12.074 -10 9.037 11.981 -10 9.013 11.957 -10 8.971 12.053 -10
4 0 9.028 12.086 -10 9.067 12.011 -10 9.037 11.981 -10 9.001 12.074 -10
4 0 9.052 12.095 -10 9.085 12.026 -10 9.067 12.011 -10 9.028 12.086 -10
4 0 9.07 12.098 -10 9.103 12.035 -10 9.085 12.026 -10 9.052 12.095 -10
3 0 8.107 12.107 -10 8.161 12.134 -10 8.104 12.08 -10
4 0 9.1 12.107 -10 9.124 12.038 -10 9.103 12.035 -10 9.07 12.098 -10
4 0 9.124 12.11 -10 9.139 12.041 -10 9.124 12.038 -10 9.1 12.107 -10
4 0 9.148 12.116 -10 9.16 12.047 -10 9.139 12.041 -10 9.124 12.11 -10
4 0 9.172 12.122 -10 9.184 12.059 -10 9.16 12.047 -10 9.148 12.116 -10
4 0 9.19 12.128 -10 9.208 12.071 -10 9.184 12.059 -10 9.172 12.122 -10
4 0 8.161 12.134 -10 8.161 11.885 -10 8.098 12.056 -10 8.104 12.08 -10
4 0 8.161 12.134 -10 8.215 12.023 -10 8.224 11.975 -10 8.161 11.885 -10
4 0 8.161 12.134 -10 8.32 12.287 -10 8.44 12.35 -10 8.32 12.026 -10
3 0 8.161 12.134 -10 8.11 12.332 -10 8.305 12.284 -10
4 0 9.202 12.134 -10 9.232 12.086 -10 9.208 12.071 -10 9.19 12.128 -10
4 0 9.214 12.14 -10 9.244 12.095 -10 9.232 12.086 -10 9.202 12.134 -10
4 12 9.319 12.14 -10 9.328 12.131 -10 9.328 12.119 -10 9.319 12.116 -10
3 12 9.235 12.149 -10 9.253 12.101 -10 9.244 12.095 -10
3 0 9.244 12.095 -10 9.214 12.14 -10 9.235 12.149 -10
4 12 9.301 12.149 -10 9.319 12.14 -10 9.319 12.116 -10 9.304 12.116 -10
4 0 8.713 12.152 -10 8.725 12.149 -10 8.719 12.047 -10 8.707 12.041 -10
4 12 9.259 12.152 -10 9.268 12.107 -10 9.253 12.101 -10 9.235 12.149 -10
4 12 9.259 12.152 -10 9.283 12.152 -10 9.286 12.113 -10 9.268 12.107 -10
4 12 9.283 12.152 -10 9.301 12.149 -10 9.304 12.116 -10 9.286 12.113 -10
4 0 8.704 12.155 -10 8.713 12.152 -10 8.707 12.041 -10 8.698 12.038 -10
4 0 8.758 12.155 -10 8.731 12.053 -10 8.719 12.047 -10 8.743 12.149 -10
4 0 8.692 12.164 -10 8.704 12.155 -10 8.698 12.038 -10 8.692 12.032 -10
4 0 8.77 12.167 -10 8.746 12.059 -10 8.731 12.053 -10 8.758 12.155 -10
4 0 8.782 12.179 -10 8.761 12.062 -10 8.746 12.059 -10 8.77 12.167 -10
4 0 8.788 12.191 -10 8.776 12.065 -10 8.761 12.062 -10 8.782 12.179 -10
4 0 8.794 12.209 -10 8.794 12.065 -10 8.776 12.065 -10 8.788 12.191 -10
4 0 8.794 12.209 -10 8.878 12.074 -10 8.854 12.065 -10 8.794 12.065 -10
3 0 8.794 12.209 -10 8.866 12.257 -10 8.869 12.251 -10
3 0 8.794 12.209 -10 8.869 12.266 -10 8.866 12.257 -10
4 0 8.869 12.251 -10 8.875 12.248 -10 8.905 12.08 -10 8.794 12.209 -10
4 0 8.89 12.251 -10 8.929 12.089 -10 8.905 12.08 -10 8.875 12.248 -10
4 0 8.905 12.257 -10 8.956 12.098 -10 8.929 12.089 -10 8.89 12.251 -10
4 0 8.923 12.266 -10 8.983 12.11 -10 8.956 12.098 -10 8.905 12.257 -10
4 0 8.944 12.275 -10 9.013 12.125 -10 8.983 12.11 -10 8.923 12.266 -10
3 0 8.305 12.284 -10 8.32 12.287 -10 8.161 12.134 -10
4 0 8.971 12.284 -10 9.043 12.143 -10 9.013 12.125 -10 8.944 12.275 -10
4 0 8.713 12.287 -10 8.731 12.284 -10 8.722 12.191 -10 8.71 12.188 -10
4 0 8.749 12.287 -10 8.74 12.197 -10 8.722 12.191 -10 8.731 12.284 -10
3 0 8.749 12.287 -10 8.758 12.293 -10 8.74 12.197 -10
4 0 8.701 12.29 -10 8.713 12.287 -10 8.71 12.188 -10 8.704 12.182 -10
3 0 8.758 12.293 -10 8.767 12.302 -10 8.74 12.197 -10
4 0 8.998 12.296 -10 9.067 12.161 -10 9.043 12.143 -10 8.971 12.284 -10
3 0 8.323 12.299 -10 8.44 12.35 -10 8.32 12.287 -10
3 0 8.767 12.302 -10 8.776 12.311 -10 8.74 12.197 -10
3 0 8.893 12.302 -10 8.83 12.515 -10 8.854 12.509 -10
4 0 8.68 12.308 -10 8.701 12.29 -10 8.704 12.182 -10 8.695 12.176 -10
3 0 8.293 12.311 -10 8.11 12.332 -10 8.287 12.326 -10
3 0 8.323 12.311 -10 8.44 12.35 -10 8.323 12.299 -10
4 0 9.028 12.314 -10 9.091 12.188 -10 9.067 12.161 -10 8.998 12.296 -10
4 0 8.788 12.323 -10 8.755 12.203 -10 8.74 12.197 -10 8.776 12.311 -10
4 0 9.055 12.326 -10 9.112 12.218 -10 9.091 12.188 -10 9.028 12.314 -10
3 0 8.323 12.329 -10 8.44 12.35 -10 8.323 12.311 -10
4 0 8.11 12.332 -10 8.161 12.134 -10 8.107 12.107 -10 8.092 12.164 -10
4 0 8.11 12.332 -10 8.293 12.311 -10 8.299 12.299 -10 8.305 12.284 -10
3 0 8.11 12.332 -10 8.281 12.344 -10 8.287 12.326 -10
4 0 8.11 12.332 -10 8.248 12.44 -10 8.26 12.41 -10 8.266 12.389 -10
3 0 8.11 12.332 -10 8.23 12.482 -10 8.248 12.44 -10
3 0 8.11 12.332 -10 8.215 12.518 -10 8.23 12.482 -10
4 0 8.794 12.335 -10 8.77 12.206 -10 8.755 12.203 -10 8.788 12.323 -10
4 0 9.082 12.335 -10 9.13 12.248 -10 9.112 12.218 -10 9.055 12.326 -10
4 0 9.1 12.341 -10 9.142 12.263 -10 9.13 12.248 -10 9.082 12.335 -10
3 0 8.323 12.347 -10 8.44 12.35 -10 8.323 12.329 -10
3 0 8.323 12.347 -10 8.323 12.362 -10 8.44 12.35 -10
4 0 9.121 12.347 -10 9.151 12.269 -10 9.142 12.263 -10 9.1 12.341 -10
4 0 8.005 12.35 -10 8.11 12.332 -10 8.092 12.164 -10 8.044 12.263 -10
3 0 8.005 12.35 -10 7.966 12.431 -10 8.11 12.332 -10
4 0 8.44 12.35 -10 8.38 11.966 -10 8.377 11.972 -10 8.374 11.981 -10
4 0 8.44 12.35 -10 8.692 12.032 -10 8.44 11.75 -10 8.38 11.966 -10
4 0 8.44 12.35 -10 8.68 12.308 -10 8.695 12.176 -10 8.692 12.164 -10
3 0 8.44 12.35 -10 8.515 13.16 -10 8.521 13.154 -10
4 0 8.8 12.353 -10 8.794 12.209 -10 8.77 12.206 -10 8.794 12.335 -10
4 0 8.8 12.353 -10 8.875 12.278 -10 8.869 12.266 -10 8.794 12.209 -10
4 0 9.145 12.353 -10 9.175 12.281 -10 9.151 12.269 -10 9.121 12.347 -10
3 0 8.323 12.362 -10 8.32 12.389 -10 8.44 12.35 -10
4 0 9.166 12.362 -10 9.202 12.302 -10 9.175 12.281 -10 9.145 12.353 -10
4 0 9.187 12.377 -10 9.22 12.32 -10 9.202 12.302 -10 9.166 12.362 -10
4 0 8.266 12.389 -10 8.275 12.365 -10 8.281 12.344 -10 8.11 12.332 -10
3 0 8.32 12.389 -10 8.314 12.419 -10 8.44 12.35 -10
3 12 9.205 12.395 -10 9.235 12.344 -10 9.22 12.32 -10
3 0 9.22 12.32 -10 9.187 12.377 -10 9.205 12.395 -10
4 12 9.22 12.407 -10 9.241 12.356 -10 9.235 12.344 -10 9.205 12.395 -10
3 0 8.314 12.419 -10 8.305 12.455 -10 8.44 12.35 -10
4 12 9.241 12.422 -10 9.253 12.368 -10 9.241 12.356 -10 9.22 12.407 -10
4 0 8.695 12.425 -10 8.71 12.425 -10 8.704 12.329 -10 8.692 12.323 -10
4 0 8.71 12.425 -10 8.725 12.425 -10 8.716 12.335 -10 8.704 12.329 -10
4 12 9.259 12.428 -10 9.268 12.38 -10 9.253 12.368 -10 9.241 12.422 -10
4 12 9.331 12.428 -10 9.34 12.419 -10 9.334 12.407 -10 9.322 12.401 -10
4 0 8.683 12.431 -10 8.695 12.425 -10 8.692 12.323 -10 8.686 12.317 -10
4 0 8.737 12.431 -10 8.728 12.341 -10 8.716 12.335 -10 8.725 12.425 -10
4 12 9.277 12.431 -10 9.283 12.386 -10 9.268 12.38 -10 9.259 12.428 -10
4 12 9.319 12.431 -10 9.331 12.428 -10 9.322 12.401 -10 9.31 12.395 -10
4 12 9.298 12.434 -10 9.298 12.392 -10 9.283 12.386 -10 9.277 12.431 -10
4 12 9.298 12.434 -10 9.319 12.431 -10 9.31 12.395 -10 9.298 12.392 -10
4 0 8.674 12.437 -10 8.683 12.431 -10 8.686 12.317 -10 8.68 12.308 -10
4 0 8.752 12.443 -10 8.74 12.344 -10 8.728 12.341 -10 8.737 12.431 -10
4 0 8.671 12.446 -10 8.674 12.437 -10 8.68 12.308 -10 8.44 12.35 -10
3 0 8.305 12.455 -10 8.29 12.497 -10 8.44 12.35 -10
4 0 8.764 12.455 -10 8.758 12.35 -10 8.74 12.344 -10 8.752 12.443 -10
4 0 8.77 12.464 -10 8.776 12.353 -10 8.758 12.35 -10 8.764 12.455 -10
4 0 8.773 12.479 -10 8.8 12.353 -10 8.776 12.353 -10 8.77 12.464 -10
3 0 8.29 12.497 -10 8.272 12.533 -10 8.44 12.35 -10
4 0 8.872 12.512 -10 8.911 12.326 -10 8.893 12.302 -10 8.854 12.509 -10
4 0 8.83 12.515 -10 8.893 12.302 -10 8.875 12.278 -10 8.8 12.353 -10
4 0 8.818 12.518 -10 8.83 12.515 -10 8.8 12.353 -10 8.773 12.479 -10
4 0 8.893 12.518 -10 8.941 12.35 -10 8.911 12.326 -10 8.872 12.512 -10
3 0 8.812 12.53 -10 8.752 12.593 -10 8.818 12.539 -10
4 0 8.923 12.53 -10 8.977 12.374 -10 8.941 12.35 -10 8.893 12.518 -10
3 0 8.818 12.539 -10 8.752 12.593 -10 8.83 12.548 -10
4 0 8.968 12.542 -10 9.013 12.395 -10 8.977 12.374 -10 8.923 12.53 -10
4 0 7.891 12.545 -10 8.032 12.545 -10 8.11 12.332 -10 7.966 12.431 -10
3 0 8.032 12.545 -10 8.128 12.656 -10 8.146 12.629 -10
3 0 8.032 12.545 -10 8.11 12.683 -10 8.128 12.656 -10
3 0 8.032 12.545 -10 8.059 12.764 -10 8.071 12.74 -10
4 0 8.689 12.548 -10 8.707 12.548 -10 8.701 12.464 -10 8.689 12.458 -10
3 0 8.83 12.548 -10 8.752 12.593 -10 8.848 12.557 -10
4 0 8.716 12.551 -10 8.713 12.47 -10 8.701 12.464 -10 8.707 12.548 -10
4 0 8.677 12.554 -10 8.689 12.548 -10 8.689 12.458 -10 8.677 12.452 -10
4 0 9.007 12.554 -10 9.046 12.416 -10 9.013 12.395 -10 8.968 12.542 -10
4 0 8.194 12.557 -10 8.215 12.518 -10 8.11 12.332 -10 8.032 12.545 -10
4 0 8.728 12.557 -10 8.725 12.473 -10 8.713 12.47 -10 8.716 12.551 -10
3 0 8.848 12.557 -10 8.752 12.593 -10 8.878 12.572 -10
4 0 9.025 12.56 -10 9.073 12.44 -10 9.046 12.416 -10 9.007 12.554 -10
4 0 8.668 12.566 -10 8.677 12.554 -10 8.677 12.452 -10 8.671 12.446 -10
3 0 8.668 12.566 -10 8.656 12.68 -10 8.662 12.671 -10
4 0 8.74 12.569 -10 8.74 12.476 -10 8.725 12.473 -10 8.728 12.557 -10
4 0 9.04 12.569 -10 9.094 12.464 -10 9.073 12.44 -10 9.025 12.56 -10
4 0 8.749 12.578 -10 8.755 12.479 -10 8.74 12.476 -10 8.74 12.569 -10
4 0 9.055 12.584 -10 9.109 12.491 -10 9.094 12.464 -10 9.04 12.569 -10
4 0 8.752 12.593 -10 8.773 12.479 -10 8.755 12.479 -10 8.749 12.578 -10
4 0 8.752 12.593 -10 8.812 12.53 -10 8.818 12.518 -10 8.773 12.479 -10
4 0 9.07 12.599 -10 9.121 12.524 -10 9.109 12.491 -10 9.055 12.584 -10
3 0 8.224 12.605 -10 8.188 12.881 -10 8.251 12.566 -10
4 0 8.92 12.605 -10 8.905 12.59 -10 8.878 12.572 -10 8.752 12.593 -10
4 0 9.088 12.62 -10 9.133 12.551 -10 9.121 12.524 -10 9.07 12.599 -10
4 0 8.146 12.629 -10 8.173 12.593 -10 8.194 12.557 -10 8.032 12.545 -10
3 0 8.2 12.635 -10 8.188 12.881 -10 8.224 12.605 -10
4 0 9.115 12.638 -10 9.148 12.572 -10 9.133 12.551 -10 9.088 12.62 -10
4 12 9.142 12.653 -10 9.163 12.587 -10 9.148 12.572 -10 9.115 12.638 -10
4 12 9.163 12.662 -10 9.181 12.602 -10 9.163 12.587 -10 9.142 12.653 -10
3 0 8.176 12.665 -10 8.188 12.881 -10 8.2 12.635 -10
4 0 8.674 12.665 -10 8.686 12.665 -10 8.689 12.578 -10 8.677 12.572 -10
4 0 8.695 12.668 -10 8.704 12.584 -10 8.689 12.578 -10 8.686 12.665 -10
4 12 9.187 12.668 -10 9.199 12.608 -10 9.181 12.602 -10 9.163 12.662 -10
4 12 9.286 12.668 -10 9.304 12.662 -10 9.295 12.644 -10 9.28 12.632 -10
3 0 7.783 12.671 -10 7.846 12.878 -10 7.837 12.611 -10
4 0 8.662 12.671 -10 8.674 12.665 -10 8.677 12.572 -10 8.668 12.566 -10
4 0 8.704 12.674 -10 8.716 12.59 -10 8.704 12.584 -10 8.695 12.668 -10
4 12 9.211 12.674 -10 9.223 12.614 -10 9.199 12.608 -10 9.187 12.668 -10
4 12 9.262 12.674 -10 9.286 12.668 -10 9.28 12.632 -10 9.262 12.626 -10
4 12 9.235 12.677 -10 9.244 12.62 -10 9.223 12.614 -10 9.211 12.674 -10
4 12 9.235 12.677 -10 9.262 12.674 -10 9.262 12.626 -10 9.244 12.62 -10
4 0 8.656 12.68 -10 8.668 12.566 -10 8.671 12.446 -10 8.44 12.35 -10
4 0 8.713 12.683 -10 8.728 12.593 -10 8.716 12.59 -10 8.704 12.674 -10
3 0 8.152 12.692 -10 8.188 12.881 -10 8.176 12.665 -10
4 0 8.719 12.692 -10 8.74 12.596 -10 8.728 12.593 -10 8.713 12.683 -10
3 0 7.759 12.695 -10 7.846 12.878 -10 7.783 12.671 -10
4 0 8.722 12.707 -10 8.752 12.593 -10 8.74 12.596 -10 8.719 12.692 -10
3 0 8.722 12.707 -10 8.902 12.77 -10 8.902 12.761 -10
3 0 8.722 12.707 -10 8.842 12.821 -10 8.854 12.821 -10
3 0 8.722 12.707 -10 8.833 12.827 -10 8.842 12.821 -10
4 0 8.071 12.74 -10 8.092 12.71 -10 8.11 12.683 -10 8.032 12.545 -10
3 0 8.089 12.761 -10 8.188 12.881 -10 8.107 12.743 -10
4 0 8.902 12.761 -10 8.92 12.605 -10 8.752 12.593 -10 8.722 12.707 -10
4 0 8.902 12.761 -10 8.914 12.758 -10 8.938 12.632 -10 8.92 12.605 -10
4 0 8.926 12.764 -10 8.956 12.65 -10 8.938 12.632 -10 8.914 12.758 -10
4 0 8.941 12.77 -10 8.971 12.665 -10 8.956 12.65 -10 8.926 12.764 -10
3 0 8.074 12.773 -10 8.188 12.881 -10 8.089 12.761 -10
4 0 8.656 12.773 -10 8.668 12.773 -10 8.677 12.695 -10 8.668 12.689 -10
4 0 8.647 12.776 -10 8.656 12.773 -10 8.668 12.689 -10 8.662 12.686 -10
4 0 8.677 12.779 -10 8.686 12.698 -10 8.677 12.695 -10 8.668 12.773 -10
4 0 8.965 12.782 -10 8.995 12.68 -10 8.971 12.665 -10 8.941 12.77 -10
4 0 8.638 12.788 -10 8.647 12.776 -10 8.662 12.686 -10 8.656 12.68 -10
4 0 8.686 12.788 -10 8.698 12.701 -10 8.686 12.698 -10 8.677 12.779 -10
4 0 8.692 12.794 -10 8.71 12.704 -10 8.698 12.701 -10 8.686 12.788 -10
4 0 8.998 12.797 -10 9.031 12.698 -10 8.995 12.68 -10 8.965 12.782 -10
4 0 8.695 12.812 -10 8.722 12.707 -10 8.71 12.704 -10 8.692 12.794 -10
4 0 9.025 12.812 -10 9.061 12.716 -10 9.031 12.698 -10 8.998 12.797 -10
4 0 8.854 12.821 -10 8.905 12.779 -10 8.902 12.77 -10 8.722 12.707 -10
3 0 8.854 12.821 -10 8.881 12.83 -10 8.905 12.779 -10
4 0 9.055 12.824 -10 9.085 12.731 -10 9.061 12.716 -10 9.025 12.812 -10
3 0 6.826 12.827 -10 6.94 13.07 -10 6.853 12.854 -10
4 12 9.082 12.833 -10 9.106 12.752 -10 9.085 12.731 -10 9.055 12.824 -10
4 0 6.637 12.836 -10 6.658 12.83 -10 6.598 12.755 -10 6.571 12.764 -10
4 0 6.679 12.836 -10 6.631 12.749 -10 6.598 12.755 -10 6.658 12.83 -10
4 0 6.679 12.836 -10 6.7 12.758 -10 6.664 12.752 -10 6.631 12.749 -10
4 0 6.679 12.836 -10 6.781 12.794 -10 6.742 12.773 -10 6.7 12.758 -10
4 0 8.833 12.836 -10 8.833 12.827 -10 8.722 12.707 -10 8.695 12.812 -10
4 0 8.905 12.839 -10 8.917 12.791 -10 8.905 12.779 -10 8.881 12.83 -10
4 12 9.106 12.842 -10 9.127 12.776 -10 9.106 12.752 -10 9.082 12.833 -10
4 0 6.619 12.845 -10 6.637 12.836 -10 6.571 12.764 -10 6.538 12.782 -10
4 0 6.688 12.845 -10 6.826 12.827 -10 6.781 12.794 -10 6.679 12.836 -10
3 0 6.688 12.845 -10 6.688 12.857 -10 6.826 12.827 -10
4 0 8.923 12.848 -10 8.929 12.803 -10 8.917 12.791 -10 8.905 12.839 -10
4 0 6.61 12.851 -10 6.619 12.845 -10 6.538 12.782 -10 6.511 12.803 -10
4 12 9.121 12.851 -10 9.142 12.797 -10 9.127 12.776 -10 9.106 12.842 -10
4 0 6.604 12.857 -10 6.61 12.851 -10 6.511 12.803 -10 6.493 12.827 -10
3 0 6.604 12.857 -10 6.502 12.977 -10 6.607 12.869 -10
3 0 6.688 12.857 -10 6.676 12.866 -10 6.826 12.827 -10
3 0 7.624 12.86 -10 7.576 12.908 -10 7.846 12.878 -10
4 0 8.623 12.86 -10 8.638 12.86 -10 8.653 12.797 -10 8.644 12.794 -10
4 0 8.941 12.86 -10 8.944 12.815 -10 8.929 12.803 -10 8.923 12.848 -10
3 0 6.676 12.866 -10 6.502 12.977 -10 6.826 12.827 -10
4 0 8.647 12.866 -10 8.665 12.803 -10 8.653 12.797 -10 8.638 12.86 -10
4 12 9.136 12.866 -10 9.157 12.818 -10 9.142 12.797 -10 9.121 12.851 -10
3 0 6.607 12.869 -10 6.502 12.977 -10 6.616 12.869 -10
3 0 6.616 12.869 -10 6.502 12.977 -10 6.631 12.869 -10
3 0 6.631 12.869 -10 6.502 12.977 -10 6.652 12.869 -10
3 0 6.652 12.869 -10 6.502 12.977 -10 6.676 12.866 -10
4 0 8.611 12.869 -10 8.638 12.788 -10 8.656 12.68 -10 8.44 12.35 -10
4 0 8.611 12.869 -10 8.623 12.86 -10 8.644 12.794 -10 8.638 12.788 -10
4 0 8.956 12.869 -10 8.959 12.827 -10 8.944 12.815 -10 8.941 12.86 -10
4 0 8.656 12.872 -10 8.674 12.806 -10 8.665 12.803 -10 8.647 12.866 -10
4 0 8.974 12.875 -10 8.971 12.836 -10 8.959 12.827 -10 8.956 12.869 -10
4 0 8.974 12.875 -10 8.992 12.875 -10 8.986 12.845 -10 8.971 12.836 -10
4 0 8.992 12.875 -10 9.001 12.866 -10 8.998 12.854 -10 8.986 12.845 -10
4 0 7.846 12.878 -10 8.032 12.545 -10 7.891 12.545 -10 7.837 12.611 -10
4 0 7.846 12.878 -10 7.759 12.695 -10 7.723 12.725 -10 7.687 12.767 -10
4 0 7.846 12.878 -10 7.687 12.767 -10 7.651 12.818 -10 7.624 12.86 -10
4 0 7.846 12.878 -10 8.059 12.776 -10 8.059 12.764 -10 8.032 12.545 -10
3 0 7.846 12.878 -10 7.774 12.995 -10 7.81 12.995 -10
3 0 7.846 12.878 -10 7.741 12.998 -10 7.774 12.995 -10
3 0 7.846 12.878 -10 7.714 13.004 -10 7.741 12.998 -10
3 0 7.846 12.878 -10 7.681 13.013 -10 7.714 13.004 -10
4 0 8.188 12.881 -10 8.44 12.35 -10 8.272 12.533 -10 8.251 12.566 -10
4 0 8.188 12.881 -10 8.152 12.692 -10 8.128 12.719 -10 8.107 12.743 -10
4 0 8.188 12.881 -10 8.074 12.773 -10 8.059 12.776 -10 7.846 12.878 -10
4 0 8.665 12.881 -10 8.686 12.809 -10 8.674 12.806 -10 8.656 12.872 -10
4 12 9.148 12.881 -10 9.169 12.836 -10 9.157 12.818 -10 9.136 12.866 -10
3 0 6.457 12.887 -10 6.397 12.977 -10 6.502 12.977 -10
4 0 8.671 12.896 -10 8.695 12.812 -10 8.686 12.809 -10 8.665 12.881 -10
3 0 8.671 12.896 -10 8.827 12.989 -10 8.839 12.983 -10
3 0 8.671 12.896 -10 8.821 12.995 -10 8.827 12.989 -10
4 12 9.163 12.899 -10 9.178 12.854 -10 9.169 12.836 -10 9.148 12.881 -10
3 0 7.576 12.908 -10 7.54 12.938 -10 7.846 12.878 -10
4 12 9.178 12.911 -10 9.187 12.872 -10 9.178 12.854 -10 9.163 12.899 -10
4 12 9.19 12.92 -10 9.196 12.881 -10 9.187 12.872 -10 9.178 12.911 -10
4 12 9.208 12.923 -10 9.205 12.89 -10 9.196 12.881 -10 9.19 12.92 -10
4 12 9.208 12.923 -10 9.226 12.911 -10 9.217 12.899 -10 9.205 12.89 -10
3 0 7.54 12.938 -10 7.636 13.034 -10 7.657 13.022 -10
3 0 7.54 12.938 -10 7.621 13.046 -10 7.636 13.034 -10
4 0 8.599 12.965 -10 8.611 12.965 -10 8.632 12.89 -10 8.62 12.884 -10
4 0 8.62 12.971 -10 8.644 12.893 -10 8.632 12.89 -10 8.611 12.965 -10
4 0 8.584 12.974 -10 8.611 12.878 -10 8.611 12.869 -10 8.44 12.35 -10
4 0 8.584 12.974 -10 8.599 12.965 -10 8.62 12.884 -10 8.611 12.878 -10
4 0 8.878 12.974 -10 8.908 12.974 -10 8.905 12.89 -10 8.881 12.878 -10
3 0 6.397 12.977 -10 6.415 13.046 -10 6.433 13.031 -10
3 0 6.397 12.977 -10 6.397 13.076 -10 6.415 13.046 -10
4 0 6.502 12.977 -10 6.604 12.857 -10 6.493 12.827 -10 6.457 12.887 -10
4 0 8.626 12.977 -10 8.656 12.896 -10 8.644 12.893 -10 8.62 12.971 -10
4 0 8.929 12.977 -10 8.932 12.896 -10 8.905 12.89 -10 8.908 12.974 -10
4 0 8.854 12.98 -10 8.878 12.974 -10 8.881 12.878 -10 8.86 12.863 -10
4 0 8.839 12.983 -10 8.833 12.836 -10 8.695 12.812 -10 8.671 12.896 -10
4 0 8.839 12.983 -10 8.854 12.98 -10 8.86 12.863 -10 8.833 12.836 -10
4 0 8.947 12.983 -10 8.959 12.902 -10 8.932 12.896 -10 8.929 12.977 -10
4 0 8.962 12.989 -10 9.001 12.914 -10 8.959 12.902 -10 8.947 12.983 -10
4 0 8.632 12.992 -10 8.671 12.896 -10 8.656 12.896 -10 8.626 12.977 -10
3 0 7.81 12.995 -10 7.84 12.998 -10 7.846 12.878 -10
3 0 7.84 12.998 -10 7.87 13.004 -10 7.846 12.878 -10
3 0 7.87 13.004 -10 7.897 13.013 -10 7.846 12.878 -10
4 0 8.986 13.004 -10 9.019 12.923 -10 9.001 12.914 -10 8.962 12.989 -10
3 0 7.897 13.013 -10 7.924 13.025 -10 7.846 12.878 -10
4 12 9.01 13.016 -10 9.043 12.938 -10 9.019 12.923 -10 8.986 13.004 -10
4 0 7.657 13.022 -10 7.681 13.013 -10 7.846 12.878 -10 7.54 12.938 -10
3 0 6.451 13.028 -10 6.454 13.046 -10 6.502 12.977 -10
4 12 9.031 13.028 -10 9.058 12.953 -10 9.043 12.938 -10 9.01 13.016 -10
4 0 6.433 13.031 -10 6.451 13.028 -10 6.502 12.977 -10 6.397 12.977 -10
4 0 7.945 13.037 -10 8.188 12.881 -10 7.846 12.878 -10 7.924 13.025 -10
3 0 7.945 13.037 -10 7.963 13.052 -10 8.188 12.881 -10
4 12 9.052 13.037 -10 9.079 12.968 -10 9.058 12.953 -10 9.031 13.028 -10
3 0 7.621 13.046 -10 7.465 13.106 -10 7.615 13.061 -10
4 12 9.076 13.046 -10 9.091 12.977 -10 9.079 12.968 -10 9.052 13.037 -10
4 12 9.181 13.046 -10 9.193 13.037 -10 9.187 13.022 -10 9.178 13.016 -10
3 0 7.963 13.052 -10 7.978 13.067 -10 8.188 12.881 -10
4 12 9.103 13.052 -10 9.106 12.989 -10 9.091 12.977 -10 9.076 13.046 -10
4 12 9.169 13.052 -10 9.181 13.046 -10 9.178 13.016 -10 9.16 13.01 -10
4 12 9.124 13.055 -10 9.124 12.998 -10 9.106 12.989 -10 9.103 13.052 -10
4 12 9.124 13.055 -10 9.151 13.055 -10 9.142 13.004 -10 9.124 12.998 -10
4 12 9.151 13.055 -10 9.169 13.052 -10 9.16 13.01 -10 9.142 13.004 -10
3 0 7.615 13.061 -10 7.465 13.106 -10 7.621 13.073 -10
3 0 7.882 13.061 -10 7.78 13.31 -10 7.909 13.07 -10
4 0 8.563 13.061 -10 8.575 13.061 -10 8.602 12.986 -10 8.593 12.983 -10
3 0 7.666 13.067 -10 7.78 13.31 -10 7.684 13.061 -10
3 0 7.978 13.067 -10 7.987 13.079 -10 8.188 12.881 -10
4 0 8.584 13.067 -10 8.611 12.989 -10 8.602 12.986 -10 8.575 13.061 -10
4 0 6.94 13.07 -10 6.916 12.92 -10 6.886 12.887 -10 6.853 12.854 -10
4 0 6.94 13.07 -10 7.042 13.001 -10 6.979 12.959 -10 6.916 12.92 -10
3 0 6.94 13.07 -10 7.228 13.13 -10 7.159 13.082 -10
3 0 6.94 13.07 -10 6.778 13.142 -10 6.787 13.142 -10
3 0 6.94 13.07 -10 7.207 13.277 -10 7.225 13.262 -10
3 0 6.94 13.07 -10 7.183 13.301 -10 7.207 13.277 -10
3 0 6.94 13.07 -10 7.162 13.331 -10 7.183 13.301 -10
3 0 6.94 13.07 -10 7.141 13.367 -10 7.162 13.331 -10
3 0 6.94 13.07 -10 7.123 13.4 -10 7.141 13.367 -10
3 0 6.94 13.07 -10 7.111 13.427 -10 7.123 13.4 -10
3 0 6.94 13.07 -10 7.084 13.487 -10 7.09 13.472 -10
3 0 6.94 13.07 -10 7.084 13.502 -10 7.084 13.487 -10
4 0 8.554 13.07 -10 8.563 13.061 -10 8.593 12.983 -10 8.584 12.974 -10
4 0 8.59 13.073 -10 8.62 12.992 -10 8.611 12.989 -10 8.584 13.067 -10
4 0 10.339 13.076 -10 10.336 13.061 -10 10.321 13.058 -10 10.294 13.07 -10
3 0 8.671 13.079 -10 8.689 13.082 -10 8.632 12.992 -10
4 0 7.159 13.082 -10 7.108 13.046 -10 7.042 13.001 -10 6.94 13.07 -10
3 0 7.948 13.082 -10 7.78 13.31 -10 7.966 13.088 -10
4 0 8.593 13.085 -10 8.632 12.992 -10 8.62 12.992 -10 8.59 13.073 -10
3 0 8.593 13.085 -10 8.653 13.094 -10 8.656 13.085 -10
3 0 8.593 13.085 -10 8.656 13.103 -10 8.653 13.094 -10
4 0 8.656 13.085 -10 8.671 13.079 -10 8.632 12.992 -10 8.593 13.085 -10
3 0 7.966 13.088 -10 7.78 13.31 -10 7.978 13.091 -10
4 0 6.571 13.097 -10 6.94 13.07 -10 6.826 12.827 -10 6.502 12.977 -10
3 0 6.571 13.097 -10 6.583 13.124 -10 6.61 13.124 -10
3 0 6.571 13.097 -10 6.568 13.136 -10 6.583 13.124 -10
4 0 10.249 13.1 -10 10.318 13.097 -10 10.339 13.076 -10 10.294 13.07 -10
4 0 8.737 13.103 -10 8.632 12.992 -10 8.689 13.082 -10 8.716 13.094 -10
4 0 7.465 13.106 -10 7.51 12.95 -10 7.465 12.965 -10 7.411 12.992 -10
4 0 7.465 13.106 -10 7.411 12.992 -10 7.354 13.028 -10 7.309 13.061 -10
4 0 7.465 13.106 -10 7.621 13.046 -10 7.54 12.938 -10 7.51 12.95 -10
3 0 6.427 13.109 -10 6.448 13.238 -10 6.448 13.073 -10
4 0 8.755 13.109 -10 8.671 12.896 -10 8.632 12.992 -10 8.737 13.103 -10
4 0 8.755 13.109 -10 8.821 13.001 -10 8.821 12.995 -10 8.671 12.896 -10
3 0 8.755 13.109 -10 8.791 13.118 -10 8.821 13.001 -10
3 12 8.953 13.109 -10 8.98 13.109 -10 8.971 13.031 -10
3 0 8.971 13.031 -10 8.947 13.022 -10 8.953 13.109 -10
4 0 8.926 13.112 -10 8.953 13.109 -10 8.947 13.022 -10 8.917 13.016 -10
4 12 8.995 13.112 -10 8.995 13.046 -10 8.971 13.031 -10 8.98 13.109 -10
4 0 8.791 13.118 -10 8.821 13.118 -10 8.839 13.007 -10 8.821 13.001 -10
4 0 8.821 13.118 -10 8.866 13.118 -10 8.887 13.01 -10 8.839 13.007 -10
4 0 8.866 13.118 -10 8.926 13.112 -10 8.917 13.016 -10 8.887 13.01 -10
4 12 9.025 13.124 -10 9.019 13.067 -10 8.995 13.046 -10 8.995 13.112 -10
4 0 6.634 13.127 -10 6.94 13.07 -10 6.571 13.097 -10 6.61 13.124 -10
3 0 6.634 13.127 -10 6.652 13.133 -10 6.94 13.07 -10
4 0 7.228 13.13 -10 7.465 13.106 -10 7.309 13.061 -10 7.267 13.094 -10
4 0 10.207 13.13 -10 10.3024 13.1168 -10 10.318 13.097 -10 10.249 13.1 -10
4 12 9.049 13.133 -10 9.043 13.088 -10 9.019 13.067 -10 9.025 13.124 -10
4 12 9.061 13.139 -10 9.058 13.1 -10 9.043 13.088 -10 9.049 13.133 -10
4 0 6.667 13.142 -10 6.778 13.142 -10 6.94 13.07 -10 6.652 13.133 -10
3 0 6.787 13.142 -10 6.802 13.151 -10 6.94 13.07 -10
4 0 6.298 13.145 -10 6.373 13.115 -10 6.397 13.076 -10 6.397 12.977 -10
3 0 6.298 13.145 -10 6.316 13.217 -10 6.331 13.19 -10
3 0 6.298 13.145 -10 6.313 13.232 -10 6.316 13.217 -10
3 0 6.403 13.145 -10 6.448 13.238 -10 6.427 13.109 -10
4 12 9.079 13.148 -10 9.073 13.112 -10 9.058 13.1 -10 9.061 13.139 -10
3 0 6.802 13.151 -10 6.814 13.16 -10 6.94 13.07 -10
4 0 8.521 13.154 -10 8.554 13.07 -10 8.584 12.974 -10 8.44 12.35 -10
4 0 8.521 13.154 -10 8.533 13.151 -10 8.56 13.076 -10 8.554 13.07 -10
4 12 9.091 13.154 -10 9.085 13.124 -10 9.073 13.112 -10 9.079 13.148 -10
4 0 8.542 13.157 -10 8.569 13.082 -10 8.56 13.076 -10 8.533 13.151 -10
4 12 9.103 13.157 -10 9.097 13.133 -10 9.085 13.124 -10 9.091 13.154 -10
4 12 9.103 13.157 -10 9.112 13.154 -10 9.109 13.139 -10 9.097 13.133 -10
3 0 6.814 13.16 -10 6.829 13.175 -10 6.94 13.07 -10
3 0 8.515 13.16 -10 8.44 13.31 -10 8.518 13.166 -10
4 0 8.548 13.163 -10 8.581 13.085 -10 8.569 13.082 -10 8.542 13.157 -10
3 0 8.518 13.166 -10 8.44 13.31 -10 8.527 13.172 -10
4 0 10.165 13.166 -10 10.27 13.142 -10 10.3024 13.1168 -10 10.207 13.13 -10
3 0 6.781 13.169 -10 6.724 13.229 -10 6.787 13.181 -10
4 0 6.691 13.172 -10 6.778 13.151 -10 6.778 13.142 -10 6.667 13.142 -10
3 0 8.527 13.172 -10 8.44 13.31 -10 8.536 13.178 -10
3 0 6.382 13.175 -10 6.448 13.238 -10 6.403 13.145 -10
3 0 6.829 13.175 -10 6.844 13.19 -10 6.94 13.07 -10
4 0 8.551 13.178 -10 8.593 13.085 -10 8.581 13.085 -10 8.548 13.163 -10
3 0 6.787 13.181 -10 6.724 13.229 -10 6.796 13.196 -10
4 0 6.331 13.19 -10 6.352 13.154 -10 6.373 13.115 -10 6.298 13.145 -10
3 0 6.844 13.19 -10 6.856 13.208 -10 6.94 13.07 -10
3 0 6.796 13.196 -10 6.724 13.229 -10 6.808 13.214 -10
4 0 10.216 13.202 -10 10.27 13.142 -10 10.165 13.166 -10 10.132 13.193 -10
3 0 6.358 13.211 -10 6.448 13.238 -10 6.382 13.175 -10
4 0 6.529 13.211 -10 6.553 13.169 -10 6.568 13.136 -10 6.571 13.097 -10
3 0 6.343 13.229 -10 6.448 13.238 -10 6.358 13.211 -10
4 0 6.724 13.229 -10 6.781 13.169 -10 6.778 13.151 -10 6.691 13.172 -10
3 0 6.313 13.232 -10 6.271 13.307 -10 6.316 13.244 -10
3 0 6.82 13.232 -10 6.778 13.304 -10 6.835 13.25 -10
4 0 6.448 13.238 -10 6.502 12.977 -10 6.454 13.046 -10 6.448 13.073 -10
4 0 6.448 13.238 -10 6.529 13.211 -10 6.571 13.097 -10 6.502 12.977 -10
4 0 10.189 13.238 -10 10.216 13.202 -10 10.132 13.193 -10 10.105 13.22 -10
3 0 6.316 13.244 -10 6.271 13.307 -10 6.328 13.241 -10
4 0 6.877 13.247 -10 6.94 13.07 -10 6.856 13.208 -10 6.865 13.226 -10
4 0 8.647 13.247 -10 8.665 13.109 -10 8.656 13.103 -10 8.593 13.085 -10
4 0 8.647 13.247 -10 8.659 13.247 -10 8.677 13.115 -10 8.665 13.109 -10
3 0 6.835 13.25 -10 6.778 13.304 -10 6.85 13.265 -10
4 0 8.671 13.25 -10 8.701 13.124 -10 8.677 13.115 -10 8.659 13.247 -10
4 0 8.644 13.253 -10 8.647 13.247 -10 8.593 13.085 -10 8.551 13.178 -10
3 0 8.644 13.253 -10 8.44 13.31 -10 8.65 13.262 -10
4 0 8.692 13.256 -10 8.725 13.133 -10 8.701 13.124 -10 8.671 13.25 -10
4 0 7.252 13.259 -10 7.465 13.106 -10 7.228 13.13 -10 7.246 13.256 -10
3 0 7.252 13.259 -10 7.252 13.265 -10 7.465 13.106 -10
4 0 7.225 13.262 -10 7.246 13.256 -10 7.228 13.13 -10 6.94 13.07 -10
3 0 6.85 13.265 -10 6.778 13.304 -10 6.862 13.274 -10
3 0 7.252 13.265 -10 7.24 13.283 -10 7.465 13.106 -10
4 0 8.722 13.265 -10 8.77 13.154 -10 8.725 13.133 -10 8.692 13.256 -10
3 0 6.874 13.271 -10 6.958 13.394 -10 6.88 13.262 -10
3 0 6.862 13.274 -10 6.958 13.394 -10 6.874 13.271 -10
4 0 8.758 13.274 -10 8.8 13.163 -10 8.77 13.154 -10 8.722 13.265 -10
4 0 8.8 13.283 -10 8.833 13.172 -10 8.8 13.163 -10 8.758 13.274 -10
4 0 10.156 13.286 -10 10.189 13.238 -10 10.105 13.22 -10 10.075 13.256 -10
4 0 10.381 13.286 -10 10.42 13.283 -10 10.411 13.271 -10 10.393 13.271 -10
4 0 8.851 13.295 -10 8.887 13.19 -10 8.833 13.172 -10 8.8 13.283 -10
4 12 9.223 13.301 -10 9.253 13.298 -10 9.25 13.286 -10 9.235 13.289 -10
4 0 6.778 13.304 -10 6.82 13.232 -10 6.808 13.214 -10 6.724 13.229 -10
3 0 8.737 13.304 -10 8.734 13.391 -10 8.746 13.388 -10
4 0 6.271 13.307 -10 6.448 13.238 -10 6.343 13.229 -10 6.328 13.241 -10
4 0 7.78 13.31 -10 7.78 13.049 -10 7.75 13.049 -10 7.723 13.052 -10
4 0 7.78 13.31 -10 7.723 13.052 -10 7.702 13.055 -10 7.684 13.061 -10
4 0 7.78 13.31 -10 7.834 13.052 -10 7.81 13.049 -10 7.78 13.049 -10
4 0 7.78 13.31 -10 7.882 13.061 -10 7.855 13.055 -10 7.834 13.052 -10
4 0 7.78 13.31 -10 7.666 13.067 -10 7.648 13.07 -10 7.636 13.073 -10
4 0 7.78 13.31 -10 7.636 13.073 -10 7.621 13.073 -10 7.465 13.106 -10
4 0 7.78 13.31 -10 7.948 13.082 -10 7.93 13.076 -10 7.909 13.07 -10
3 0 7.78 13.31 -10 7.18 13.91 -10 8.44 13.31 -10
4 0 8.44 13.31 -10 8.188 12.881 -10 7.987 13.079 -10 7.99 13.088 -10
4 0 8.44 13.31 -10 7.99 13.088 -10 7.978 13.091 -10 7.78 13.31 -10
4 0 8.44 13.31 -10 8.515 13.16 -10 8.44 12.35 -10 8.188 12.881 -10
4 0 8.44 13.31 -10 8.644 13.253 -10 8.551 13.178 -10 8.536 13.178 -10
3 0 8.44 13.31 -10 8.506 13.406 -10 8.518 13.403 -10
3 0 8.44 13.31 -10 8.5 13.415 -10 8.506 13.406 -10
3 0 8.44 13.31 -10 8.491 13.445 -10 8.5 13.415 -10
3 0 8.44 13.31 -10 8.482 13.526 -10 8.491 13.445 -10
3 0 8.44 13.31 -10 8.338 13.661 -10 8.353 13.646 -10
3 0 8.44 13.31 -10 8.02 14 -10 8.338 13.661 -10
4 0 8.887 13.31 -10 8.92 13.211 -10 8.887 13.19 -10 8.851 13.295 -10
4 12 9.25 13.313 -10 9.253 13.298 -10 9.223 13.301 -10 9.205 13.31 -10
4 0 10.357 13.316 -10 10.42 13.31 -10 10.42 13.283 -10 10.381 13.286 -10
4 0 6.448 13.319 -10 6.502 13.25 -10 6.529 13.211 -10 6.448 13.238 -10
4 12 8.926 13.328 -10 8.953 13.244 -10 8.92 13.211 -10 8.887 13.31 -10
4 12 9.226 13.334 -10 9.25 13.313 -10 9.205 13.31 -10 9.184 13.322 -10
4 0 7.198 13.343 -10 7.465 13.106 -10 7.24 13.283 -10 7.222 13.307 -10
4 12 8.968 13.346 -10 8.983 13.271 -10 8.953 13.244 -10 8.926 13.328 -10
4 0 10.339 13.346 -10 10.42 13.334 -10 10.42 13.31 -10 10.357 13.316 -10
4 12 9.202 13.349 -10 9.226 13.334 -10 9.184 13.322 -10 9.166 13.331 -10
4 12 9.001 13.361 -10 9.007 13.298 -10 8.983 13.271 -10 8.968 13.346 -10
4 12 9.178 13.361 -10 9.202 13.349 -10 9.166 13.331 -10 9.145 13.334 -10
4 0 10.117 13.361 -10 10.156 13.286 -10 10.075 13.256 -10 10.027 13.322 -10
4 12 9.034 13.37 -10 9.037 13.322 -10 9.007 13.298 -10 9.001 13.361 -10
4 12 9.145 13.37 -10 9.178 13.361 -10 9.145 13.334 -10 9.124 13.337 -10
4 0 6.178 13.373 -10 6.271 13.307 -10 6.313 13.232 -10 6.298 13.145 -10
4 12 9.079 13.373 -10 9.073 13.334 -10 9.037 13.322 -10 9.034 13.37 -10
4 12 9.079 13.373 -10 9.115 13.373 -10 9.094 13.337 -10 9.073 13.334 -10
4 12 9.115 13.373 -10 9.145 13.37 -10 9.124 13.337 -10 9.094 13.337 -10
3 0 6.523 13.385 -10 6.454 13.472 -10 6.565 13.388 -10
4 0 8.764 13.391 -10 8.761 13.31 -10 8.737 13.304 -10 8.746 13.388 -10
4 0 6.868 13.394 -10 6.862 13.274 -10 6.778 13.304 -10 6.82 13.349 -10
4 0 6.958 13.394 -10 6.94 13.07 -10 6.877 13.247 -10 6.88 13.262 -10
4 0 8.785 13.394 -10 8.794 13.322 -10 8.761 13.31 -10 8.764 13.391 -10
4 0 8.812 13.4 -10 8.824 13.337 -10 8.794 13.322 -10 8.785 13.394 -10
4 0 10.306 13.4 -10 10.408 13.382 -10 10.42 13.334 -10 10.339 13.346 -10
4 0 8.533 13.406 -10 8.65 13.262 -10 8.44 13.31 -10 8.518 13.403 -10
4 0 8.839 13.412 -10 8.851 13.358 -10 8.824 13.337 -10 8.812 13.4 -10
4 0 8.86 13.424 -10 8.875 13.379 -10 8.851 13.358 -10 8.839 13.412 -10
4 0 8.569 13.427 -10 8.668 13.274 -10 8.65 13.262 -10 8.533 13.406 -10
4 0 6.91 13.43 -10 6.958 13.394 -10 6.862 13.274 -10 6.868 13.394 -10
4 0 10.084 13.43 -10 10.117 13.361 -10 10.027 13.322 -10 9.979 13.4 -10
4 0 6.346 13.433 -10 6.409 13.364 -10 6.448 13.319 -10 6.448 13.238 -10
3 0 6.346 13.433 -10 6.16 13.55 -10 6.31 13.478 -10
4 12 8.878 13.436 -10 8.896 13.397 -10 8.875 13.379 -10 8.86 13.424 -10
4 12 8.896 13.448 -10 8.911 13.409 -10 8.896 13.397 -10 8.878 13.436 -10
4 0 8.605 13.454 -10 8.689 13.286 -10 8.668 13.274 -10 8.569 13.427 -10
3 0 7.123 13.457 -10 7.09 13.58 -10 7.138 13.433 -10
4 12 8.911 13.46 -10 8.929 13.424 -10 8.911 13.409 -10 8.896 13.448 -10
4 0 8.632 13.463 -10 8.713 13.295 -10 8.689 13.286 -10 8.605 13.454 -10
4 0 10.261 13.463 -10 10.384 13.442 -10 10.408 13.382 -10 10.306 13.4 -10
4 0 6.445 13.466 -10 6.487 13.385 -10 6.457 13.391 -10 6.433 13.403 -10
4 0 6.445 13.466 -10 6.433 13.403 -10 6.412 13.415 -10 6.391 13.43 -10
4 0 6.436 13.469 -10 6.445 13.466 -10 6.391 13.43 -10 6.373 13.448 -10
4 0 6.955 13.469 -10 6.958 13.394 -10 6.91 13.43 -10 6.937 13.454 -10
4 0 8.674 13.469 -10 8.737 13.304 -10 8.713 13.295 -10 8.632 13.463 -10
4 0 8.674 13.469 -10 8.731 13.403 -10 8.734 13.391 -10 8.737 13.304 -10
4 0 6.454 13.472 -10 6.523 13.385 -10 6.487 13.385 -10 6.445 13.466 -10
3 0 6.892 13.472 -10 6.52 13.61 -10 6.931 13.49 -10
4 0 7.09 13.472 -10 7.099 13.454 -10 7.111 13.427 -10 6.94 13.07 -10
4 12 8.926 13.472 -10 8.947 13.442 -10 8.929 13.424 -10 8.911 13.46 -10
3 0 7.111 13.475 -10 7.09 13.58 -10 7.123 13.457 -10
4 0 8.707 13.475 -10 8.737 13.412 -10 8.731 13.403 -10 8.674 13.469 -10
3 0 6.31 13.478 -10 6.16 13.55 -10 6.274 13.523 -10
4 0 6.427 13.478 -10 6.436 13.469 -10 6.373 13.448 -10 6.358 13.466 -10
4 0 8.728 13.484 -10 8.755 13.418 -10 8.737 13.412 -10 8.707 13.475 -10
4 12 8.944 13.487 -10 8.962 13.457 -10 8.947 13.442 -10 8.926 13.472 -10
4 0 6.418 13.49 -10 6.427 13.478 -10 6.358 13.466 -10 6.343 13.487 -10
3 0 6.967 13.493 -10 7.09 13.58 -10 6.967 13.481 -10
4 12 8.956 13.493 -10 8.965 13.481 -10 8.962 13.457 -10 8.944 13.487 -10
3 0 6.448 13.496 -10 6.52 13.61 -10 6.454 13.484 -10
3 0 6.946 13.496 -10 6.88 13.67 -10 6.958 13.499 -10
3 0 7.096 13.496 -10 7.09 13.58 -10 7.111 13.475 -10
4 0 8.755 13.496 -10 8.782 13.424 -10 8.755 13.418 -10 8.728 13.484 -10
3 0 7.084 13.502 -10 7.09 13.58 -10 7.096 13.496 -10
4 0 6.328 13.508 -10 6.409 13.505 -10 6.418 13.49 -10 6.343 13.487 -10
3 0 6.439 13.508 -10 6.52 13.61 -10 6.448 13.496 -10
4 0 8.782 13.511 -10 8.815 13.439 -10 8.782 13.424 -10 8.755 13.496 -10
4 0 10.06 13.52 -10 10.084 13.43 -10 9.979 13.4 -10 9.949 13.4741 -10
3 0 8.482 13.526 -10 8.377 13.67 -10 8.491 13.628 -10
4 0 8.809 13.526 -10 8.836 13.457 -10 8.815 13.439 -10 8.782 13.511 -10
4 0 10.204 13.526 -10 10.348 13.499 -10 10.384 13.442 -10 10.261 13.463 -10
4 0 6.316 13.532 -10 6.403 13.517 -10 6.409 13.505 -10 6.328 13.508 -10
3 0 6.415 13.541 -10 6.52 13.61 -10 6.424 13.529 -10
4 0 8.83 13.544 -10 8.863 13.481 -10 8.836 13.457 -10 8.809 13.526 -10
4 0 6.16 13.55 -10 6.271 13.307 -10 6.178 13.373 -10 6.082 13.529 -10
4 0 6.16 13.55 -10 6.346 13.433 -10 6.448 13.238 -10 6.271 13.307 -10
3 0 6.16 13.55 -10 6.256 13.562 -10 6.274 13.523 -10
3 0 6.16 13.55 -10 6.244 13.607 -10 6.256 13.562 -10
4 0 6.301 13.559 -10 6.4 13.529 -10 6.403 13.517 -10 6.316 13.532 -10
4 12 8.857 13.562 -10 8.884 13.511 -10 8.863 13.481 -10 8.83 13.544 -10
4 0 7.09 13.58 -10 7.465 13.106 -10 7.198 13.343 -10 7.174 13.376 -10
4 0 7.09 13.58 -10 7.174 13.376 -10 7.156 13.403 -10 7.138 13.433 -10
4 0 7.09 13.58 -10 6.958 13.394 -10 6.955 13.469 -10 6.967 13.481 -10
4 0 7.09 13.58 -10 7.084 13.502 -10 6.94 13.07 -10 6.958 13.394 -10
3 0 6.1 13.583 -10 6.103 13.592 -10 6.16 13.55 -10
4 0 6.091 13.586 -10 6.1 13.583 -10 6.16 13.55 -10 6.082 13.529 -10
4 12 8.884 13.586 -10 8.902 13.544 -10 8.884 13.511 -10 8.857 13.562 -10
4 0 10.135 13.589 -10 10.3024 13.559 -10 10.348 13.499 -10 10.204 13.526 -10
4 0 6.082 13.592 -10 6.091 13.586 -10 6.082 13.529 -10 6.058 13.571 -10
3 0 6.103 13.592 -10 6.103 13.604 -10 6.16 13.55 -10
4 0 6.295 13.595 -10 6.403 13.544 -10 6.4 13.529 -10 6.301 13.559 -10
4 12 8.899 13.598 -10 8.914 13.562 -10 8.902 13.544 -10 8.884 13.586 -10
4 0 10.054 13.598 -10 10.06 13.52 -10 9.949 13.4741 -10 9.928 13.55 -10
3 0 6.04 13.601 -10 6.058 13.625 -10 6.067 13.61 -10
4 0 6.067 13.61 -10 6.082 13.592 -10 6.058 13.571 -10 6.04 13.601 -10
4 0 6.52 13.61 -10 6.565 13.388 -10 6.454 13.472 -10 6.454 13.484 -10
4 0 6.52 13.61 -10 6.712 13.415 -10 6.619 13.397 -10 6.565 13.388 -10
4 0 6.52 13.61 -10 6.892 13.472 -10 6.832 13.448 -10 6.712 13.415 -10
4 0 6.52 13.61 -10 6.439 13.508 -10 6.43 13.52 -10 6.424 13.529 -10
3 0 6.52 13.61 -10 6.685 13.694 -10 6.697 13.694 -10
3 0 6.52 13.61 -10 6.541 13.706 -10 6.559 13.706 -10
3 0 6.52 13.61 -10 6.526 13.712 -10 6.541 13.706 -10
3 0 6.52 13.61 -10 6.514 13.727 -10 6.526 13.712 -10
4 12 8.917 13.61 -10 8.926 13.577 -10 8.914 13.562 -10 8.899 13.598 -10
4 12 8.935 13.619 -10 8.938 13.589 -10 8.926 13.577 -10 8.917 13.61 -10
4 12 8.95 13.625 -10 8.95 13.598 -10 8.938 13.589 -10 8.935 13.619 -10
4 12 8.95 13.625 -10 8.968 13.625 -10 8.959 13.604 -10 8.95 13.598 -10
4 12 8.968 13.625 -10 8.971 13.613 -10 8.965 13.607 -10 8.959 13.604 -10
4 0 10.426 13.634 -10 10.468 13.598 -10 10.456 13.586 -10 10.444 13.592 -10
4 0 9.922 13.6364 -10 10.06 13.631 -10 10.054 13.598 -10 9.928 13.55 -10
4 0 10.078 13.64 -10 10.264 13.61 -10 10.3024 13.559 -10 10.135 13.589 -10
3 0 10.078 13.64 -10 10.222 13.67 -10 10.264 13.61 -10
4 0 6.049 13.646 -10 6.058 13.625 -10 6.04 13.601 -10 6.022 13.64 -10
3 0 8.353 13.646 -10 8.371 13.655 -10 8.44 13.31 -10
3 0 8.338 13.661 -10 8.02 14 -10 8.335 13.694 -10
3 0 6.049 13.67 -10 6.01 13.694 -10 6.055 13.679 -10
4 0 6.88 13.67 -10 6.946 13.496 -10 6.931 13.49 -10 6.52 13.61 -10
4 0 6.88 13.67 -10 7.09 13.58 -10 6.967 13.493 -10 6.958 13.499 -10
3 0 6.88 13.67 -10 7.18 13.91 -10 7.09 13.58 -10
4 0 8.377 13.67 -10 8.482 13.526 -10 8.44 13.31 -10 8.371 13.655 -10
3 0 8.377 13.67 -10 8.518 13.712 -10 8.491 13.628 -10
3 0 8.377 13.67 -10 8.554 13.802 -10 8.518 13.712 -10
4 0 10.408 13.676 -10 10.48 13.622 -10 10.468 13.598 -10 10.426 13.634 -10
3 0 6.055 13.679 -10 6.1 13.73 -10 6.064 13.679 -10
3 0 6.064 13.679 -10 6.1 13.73 -10 6.073 13.67 -10
4 0 6.01 13.694 -10 6.049 13.67 -10 6.049 13.646 -10 6.022 13.64 -10
3 0 6.697 13.694 -10 6.718 13.7 -10 6.52 13.61 -10
3 0 8.335 13.694 -10 8.02 14 -10 8.338 13.73 -10
4 0 6.298 13.706 -10 6.403 13.544 -10 6.295 13.595 -10 6.292 13.637 -10
4 0 6.298 13.706 -10 6.52 13.61 -10 6.415 13.541 -10 6.403 13.544 -10
3 0 6.559 13.706 -10 6.58 13.709 -10 6.52 13.61 -10
4 0 6.736 13.706 -10 6.88 13.67 -10 6.52 13.61 -10 6.718 13.7 -10
3 0 6.736 13.706 -10 6.757 13.715 -10 6.88 13.67 -10
4 0 6.58 13.709 -10 6.673 13.703 -10 6.685 13.694 -10 6.52 13.61 -10
3 0 6.58 13.709 -10 6.598 13.718 -10 6.673 13.703 -10
3 0 6.679 13.715 -10 6.643 13.751 -10 6.694 13.724 -10
3 0 6.757 13.715 -10 6.784 13.727 -10 6.88 13.67 -10
4 0 9.922 13.715 -10 10.078 13.64 -10 10.06 13.631 -10 9.922 13.6364 -10
3 0 9.922 13.715 -10 9.931 13.793 -10 10.078 13.64 -10
3 0 6.598 13.718 -10 6.616 13.73 -10 6.673 13.703 -10
3 0 6.01 13.721 -10 6.007 13.742 -10 6.1 13.73 -10
3 0 6.694 13.724 -10 6.643 13.751 -10 6.709 13.73 -10
3 0 6.784 13.727 -10 6.802 13.736 -10 6.88 13.67 -10
4 0 6.1 13.73 -10 6.16 13.55 -10 6.103 13.604 -10 6.094 13.631 -10
4 0 6.1 13.73 -10 6.094 13.631 -10 6.082 13.652 -10 6.073 13.67 -10
4 0 6.1 13.73 -10 6.232 13.652 -10 6.244 13.607 -10 6.16 13.55 -10
4 0 6.1 13.73 -10 6.055 13.679 -10 6.01 13.694 -10 6.01 13.721 -10
4 0 6.1 13.73 -10 6.226 13.703 -10 6.235 13.676 -10 6.232 13.652 -10
3 0 6.1 13.73 -10 6.202 13.736 -10 6.226 13.703 -10
3 0 6.1 13.73 -10 6.19 13.754 -10 6.202 13.736 -10
3 0 6.1 13.73 -10 6.187 13.775 -10 6.19 13.754 -10
3 0 8.338 13.73 -10 8.02 14 -10 8.347 13.778 -10
3 0 8.389 13.73 -10 8.59 13.874 -10 8.383 13.694 -10
3 0 10.198 13.73 -10 9.931 13.793 -10 10.186 13.772 -10
4 0 10.384 13.73 -10 10.48 13.694 -10 10.48 13.622 -10 10.408 13.676 -10
3 0 6.802 13.736 -10 6.826 13.748 -10 6.88 13.67 -10
3 0 6.508 13.745 -10 6.46 13.79 -10 6.511 13.778 -10
3 0 6.826 13.748 -10 6.844 13.757 -10 6.88 13.67 -10
4 0 6.643 13.751 -10 6.679 13.715 -10 6.673 13.703 -10 6.616 13.73 -10
4 0 6.643 13.751 -10 6.757 13.751 -10 6.733 13.739 -10 6.709 13.73 -10
4 0 6.643 13.751 -10 6.667 13.769 -10 6.709 13.799 -10 6.796 13.775 -10
3 0 6.844 13.757 -10 6.859 13.766 -10 6.88 13.67 -10
3 0 6.859 13.766 -10 6.877 13.778 -10 6.88 13.67 -10
4 0 6.796 13.775 -10 6.778 13.763 -10 6.757 13.751 -10 6.643 13.751 -10
3 0 8.347 13.778 -10 8.02 14 -10 8.359 13.826 -10
3 0 8.395 13.778 -10 8.59 13.874 -10 8.389 13.73 -10
4 0 10.354 13.7852 -10 10.468 13.73 -10 10.48 13.694 -10 10.384 13.73 -10
4 0 6.46 13.79 -10 6.508 13.745 -10 6.514 13.727 -10 6.52 13.61 -10
3 0 6.46 13.79 -10 6.52 13.817 -10 6.511 13.778 -10
3 0 6.46 13.79 -10 6.544 13.943 -10 6.538 13.904 -10
4 0 9.931 13.793 -10 10.198 13.73 -10 10.222 13.67 -10 10.078 13.64 -10
3 0 9.931 13.793 -10 10.1818 13.8248 -10 10.186 13.772 -10
3 0 6.829 13.796 -10 6.814 13.862 -10 6.847 13.808 -10
4 0 6.913 13.802 -10 6.88 13.67 -10 6.877 13.778 -10 6.898 13.793 -10
3 0 6.847 13.808 -10 6.814 13.862 -10 6.865 13.82 -10
4 0 6.31 13.817 -10 6.46 13.79 -10 6.52 13.61 -10 6.298 13.706 -10
3 0 6.31 13.817 -10 6.385 13.865 -10 6.388 13.853 -10
3 0 6.31 13.817 -10 6.382 13.877 -10 6.385 13.865 -10
3 0 6.31 13.817 -10 6.382 13.895 -10 6.382 13.877 -10
3 0 6.31 13.817 -10 6.382 13.919 -10 6.382 13.895 -10
3 0 6.31 13.817 -10 6.382 13.937 -10 6.382 13.919 -10
3 0 10.42 13.82 -10 10.246 13.904 -10 10.366 13.898 -10
3 0 8.359 13.826 -10 8.02 14 -10 8.38 13.877 -10
3 0 6.886 13.832 -10 7.18 13.91 -10 6.91 13.835 -10
3 0 6.928 13.832 -10 7.18 13.91 -10 6.925 13.811 -10
3 0 6.91 13.835 -10 7.18 13.91 -10 6.928 13.832 -10
3 0 6.397 13.847 -10 6.409 13.853 -10 6.46 13.79 -10
4 0 5.98 13.85 -10 6.1 13.73 -10 6.007 13.742 -10 5.998 13.769 -10
4 0 5.98 13.85 -10 5.998 13.769 -10 5.98 13.805 -10 5.965 13.838 -10
3 0 5.98 13.85 -10 5.992 13.916 -10 6.001 13.913 -10
3 0 10.18 13.85 -10 9.952 13.892 -10 10.186 13.892 -10
4 0 10.3 13.85 -10 10.444 13.778 -10 10.468 13.73 -10 10.354 13.7852 -10
4 0 6.388 13.853 -10 6.397 13.847 -10 6.46 13.79 -10 6.31 13.817 -10
3 0 6.409 13.853 -10 6.412 13.865 -10 6.46 13.79 -10
4 0 6.814 13.862 -10 6.796 13.775 -10 6.709 13.799 -10 6.757 13.829 -10
4 0 6.814 13.862 -10 6.829 13.796 -10 6.811 13.784 -10 6.796 13.775 -10
3 0 6.412 13.865 -10 6.4135 13.88 -10 6.46 13.79 -10
4 0 8.59 13.874 -10 8.395 13.778 -10 8.41 13.817 -10 8.428 13.859 -10
4 0 8.59 13.874 -10 8.554 13.802 -10 8.377 13.67 -10 8.383 13.694 -10
3 0 8.59 13.874 -10 8.713 14.228 -10 8.8 14.21 -10
3 0 8.38 13.877 -10 8.02 14 -10 8.407 13.928 -10
4 0 6.862 13.889 -10 6.886 13.832 -10 6.865 13.82 -10 6.814 13.862 -10
3 0 6.862 13.889 -10 6.916 13.922 -10 6.886 13.832 -10
4 0 9.952 13.892 -10 10.18 13.85 -10 10.1818 13.8248 -10 9.931 13.793 -10
4 0 6.184 13.895 -10 6.193 13.805 -10 6.187 13.775 -10 6.1 13.73 -10
4 0 6.184 13.895 -10 6.229 13.862 -10 6.214 13.832 -10 6.193 13.805 -10
4 0 6.538 13.904 -10 6.532 13.859 -10 6.52 13.817 -10 6.46 13.79 -10
4 0 10.246 13.904 -10 10.42 13.82 -10 10.444 13.778 -10 10.3 13.85 -10
4 0 7.18 13.91 -10 7.78 13.31 -10 7.465 13.106 -10 7.09 13.58 -10
4 0 7.18 13.91 -10 6.88 13.67 -10 6.913 13.802 -10 6.925 13.811 -10
3 0 7.18 13.91 -10 7.426 14.15 -10 7.444 14.15 -10
3 0 7.18 13.91 -10 7.426 14.168 -10 7.426 14.15 -10
3 0 7.18 13.91 -10 7.441 14.204 -10 7.426 14.168 -10
4 0 5.992 13.916 -10 5.98 13.85 -10 5.965 13.838 -10 5.956 13.859 -10
4 0 6.226 13.916 -10 6.232 13.889 -10 6.229 13.862 -10 6.184 13.895 -10
4 0 6.418 13.922 -10 6.46 13.79 -10 6.4135 13.88 -10 6.415 13.901 -10
3 0 6.418 13.922 -10 6.418 13.943 -10 6.46 13.79 -10
3 0 6.916 13.922 -10 6.97 13.958 -10 6.886 13.832 -10
3 0 10.204 13.922 -10 9.982 13.997 -10 10.228 13.922 -10
4 0 5.983 13.925 -10 5.992 13.916 -10 5.956 13.859 -10 5.95 13.883 -10
3 0 8.407 13.928 -10 8.02 14 -10 8.434 13.976 -10
3 0 6.013 13.934 -10 6.1 13.97 -10 6.01 13.922 -10
4 0 5.977 13.94 -10 5.983 13.925 -10 5.95 13.883 -10 5.944 13.907 -10
3 0 6.544 13.943 -10 6.52 14.09 -10 6.547 14.033 -10
4 0 8.476 13.949 -10 8.59 13.874 -10 8.428 13.859 -10 8.449 13.901 -10
3 0 6.013 13.952 -10 6.1 13.97 -10 6.013 13.934 -10
3 0 6.013 13.952 -10 6.007 13.973 -10 6.1 13.97 -10
4 0 6.382 13.958 -10 6.382 13.937 -10 6.31 13.817 -10 6.334 13.94 -10
4 0 5.932 13.964 -10 5.977 13.94 -10 5.944 13.907 -10 5.938 13.934 -10
4 0 6.196 13.964 -10 6.214 13.937 -10 6.226 13.916 -10 6.184 13.895 -10
4 0 6.1 13.97 -10 5.98 13.85 -10 6.001 13.913 -10 6.01 13.922 -10
4 0 6.1 13.97 -10 6.184 13.895 -10 6.1 13.73 -10 5.98 13.85 -10
4 0 6.982 13.97 -10 7.18 13.91 -10 6.886 13.832 -10 6.97 13.958 -10
3 0 6.982 13.97 -10 6.994 13.988 -10 7.18 13.91 -10
4 0 10.336 13.97 -10 10.366 13.898 -10 10.246 13.904 -10 10.228 13.922 -10
3 0 6.007 13.973 -10 6.001 13.988 -10 6.1 13.97 -10
3 0 6.385 13.982 -10 6.346 14.021 -10 6.388 14 -10
4 0 6.424 13.985 -10 6.46 13.79 -10 6.418 13.943 -10 6.421 13.967 -10
3 0 6.001 13.988 -10 5.992 13.994 -10 6.1 13.97 -10
4 0 6.175 13.988 -10 6.196 13.964 -10 6.184 13.895 -10 6.1 13.97 -10
4 0 5.929 13.994 -10 5.974 13.958 -10 5.977 13.94 -10 5.932 13.964 -10
4 0 9.982 13.997 -10 10.204 13.922 -10 10.186 13.892 -10 9.952 13.892 -10
3 0 8.02 14 -10 8.461 14.018 -10 8.434 13.976 -10
3 0 8.02 14 -10 8.491 14.057 -10 8.461 14.018 -10
4 0 5.929 14.018 -10 5.977 13.979 -10 5.974 13.958 -10 5.929 13.994 -10
4 0 6.346 14.021 -10 6.385 13.982 -10 6.382 13.958 -10 6.334 13.94 -10
3 0 8.698 14.024 -10 8.8 14.21 -10 8.767 14.102 -10
3 0 6.547 14.033 -10 6.52 14.09 -10 6.55 14.09 -10
4 0 8.536 14.039 -10 8.59 13.874 -10 8.476 13.949 -10 8.506 14 -10
4 0 6.07 14.042 -10 6.127 14.015 -10 6.175 13.988 -10 6.1 13.97 -10
3 0 6.4 14.042 -10 6.361 14.132 -10 6.409 14.063 -10
3 0 6.439 14.045 -10 6.52 14.09 -10 6.433 14.024 -10
4 0 7.06 14.054 -10 7.18 13.91 -10 6.994 13.988 -10 7.018 14.018 -10
3 0 6.409 14.063 -10 6.4 14.15 -10 6.418 14.081 -10
3 0 6.442 14.063 -10 6.52 14.09 -10 6.439 14.045 -10
4 0 6.352 14.066 -10 6.394 14.021 -10 6.388 14 -10 6.346 14.021 -10
4 0 5.932 14.069 -10 5.977 13.979 -10 5.929 14.018 -10 5.929 14.048 -10
4 0 5.998 14.072 -10 6.07 14.042 -10 6.1 13.97 -10 5.992 13.994 -10
4 0 5.941 14.078 -10 5.983 13.991 -10 5.977 13.979 -10 5.932 14.069 -10
4 0 5.953 14.078 -10 5.992 13.994 -10 5.983 13.991 -10 5.941 14.078 -10
4 0 5.977 14.078 -10 5.998 14.072 -10 5.992 13.994 -10 5.953 14.078 -10
4 0 6.52 14.09 -10 6.544 13.943 -10 6.46 13.79 -10 6.424 13.985 -10
4 0 6.52 14.09 -10 6.424 13.985 -10 6.427 14.003 -10 6.433 14.024 -10
3 0 6.55 14.09 -10 6.52 14.15 -10 6.559 14.15 -10
4 0 10 14.09 -10 10.336 13.97 -10 10.228 13.922 -10 9.982 13.997 -10
4 0 6.448 14.102 -10 6.52 14.09 -10 6.442 14.063 -10 6.445 14.084 -10
3 0 6.448 14.102 -10 6.442 14.114 -10 6.52 14.09 -10
4 0 7.162 14.102 -10 7.18 13.91 -10 7.06 14.054 -10 7.102 14.078 -10
3 0 8.53 14.102 -10 8.44 14.51 -10 8.563 14.132 -10
3 0 8.767 14.102 -10 8.8 14.21 -10 8.83 14.168 -10
3 0 6.433 14.108 -10 6.4 14.15 -10 6.442 14.114 -10
3 0 6.442 14.114 -10 6.4 14.15 -10 6.52 14.09 -10
4 0 8.599 14.114 -10 8.59 13.874 -10 8.536 14.039 -10 8.566 14.078 -10
3 0 8.599 14.114 -10 8.617 14.132 -10 8.59 13.874 -10
4 0 7.225 14.117 -10 7.18 13.91 -10 7.162 14.102 -10 7.195 14.111 -10
3 0 7.225 14.117 -10 7.246 14.132 -10 7.18 13.91 -10
4 0 6.361 14.132 -10 6.4 14.042 -10 6.394 14.021 -10 6.352 14.066 -10
3 0 7.246 14.132 -10 7.261 14.153 -10 7.18 13.91 -10
3 0 8.563 14.132 -10 8.44 14.51 -10 8.593 14.159 -10
4 0 6.4 14.15 -10 6.433 14.108 -10 6.43 14.099 -10 6.418 14.081 -10
4 0 6.4 14.15 -10 6.52 14.15 -10 6.55 14.09 -10 6.52 14.09 -10
3 0 6.52 14.15 -10 6.586 14.21 -10 6.559 14.15 -10
4 0 7.444 14.15 -10 8.02 14 -10 8.44 13.31 -10 7.18 13.91 -10
3 0 7.444 14.15 -10 7.474 14.174 -10 8.02 14 -10
3 0 7.261 14.153 -10 7.297 14.21 -10 7.18 13.91 -10
3 0 8.593 14.159 -10 8.44 14.51 -10 8.614 14.177 -10
4 0 6.364 14.171 -10 6.4 14.15 -10 6.409 14.063 -10 6.361 14.132 -10
4 0 8.659 14.174 -10 8.59 13.874 -10 8.617 14.132 -10 8.638 14.156 -10
3 0 8.659 14.174 -10 8.686 14.198 -10 8.59 13.874 -10
3 0 8.614 14.177 -10 8.44 14.51 -10 8.644 14.198 -10
4 0 10.018 14.183 -10 10.318 14.06 -10 10.336 13.97 -10 10 14.09 -10
3 0 8.644 14.198 -10 8.44 14.51 -10 8.668 14.213 -10
4 0 8.8 14.21 -10 8.698 14.024 -10 8.638 13.94 -10 8.59 13.874 -10
3 0 8.8 14.21 -10 8.926 14.234 -10 8.83 14.168 -10
3 0 8.668 14.213 -10 8.44 14.51 -10 8.689 14.225 -10
3 0 8.689 14.225 -10 8.44 14.51 -10 8.701 14.231 -10
4 0 8.713 14.228 -10 8.59 13.874 -10 8.686 14.198 -10 8.701 14.216 -10
3 0 8.701 14.231 -10 8.44 14.51 -10 8.713 14.228 -10
4 0 7.546 14.255 -10 8.02 14 -10 7.474 14.174 -10 7.504 14.21 -10
3 0 7.546 14.255 -10 7.6 14.315 -10 8.02 14 -10
4 0 6.385 14.261 -10 6.4 14.15 -10 6.364 14.171 -10 6.373 14.228 -10
4 0 10.0252 14.2724 -10 10.312 14.18 -10 10.318 14.06 -10 10.018 14.183 -10
3 0 10.0252 14.2724 -10 10.138 14.306 -10 10.144 14.294 -10
4 0 10.144 14.294 -10 10.318 14.27 -10 10.312 14.18 -10 10.0252 14.2724 -10
3 0 10.144 14.294 -10 10.156 14.306 -10 10.318 14.27 -10
4 0 6.625 14.297 -10 6.586 14.21 -10 6.52 14.15 -10 6.4 14.15 -10
3 0 7.6 14.315 -10 7.654 14.378 -10 8.02 14 -10
4 0 10.138 14.33 -10 10.138 14.306 -10 10.0252 14.2724 -10 10.027 14.318 -10
3 0 6.634 14.348 -10 6.58 14.45 -10 6.634 14.378 -10
3 0 7.555 14.36 -10 7.552 14.474 -10 7.6 14.414 -10
4 0 10.171 14.36 -10 10.318 14.27 -10 10.156 14.306 -10 10.162 14.33 -10
3 0 7.408 14.372 -10 7.552 14.474 -10 7.357 14.297 -10
3 0 6.634 14.378 -10 6.58 14.45 -10 6.634 14.405 -10
4 0 10.03 14.384 -10 10.141 14.354 -10 10.138 14.33 -10 10.027 14.318 -10
4 0 9.13 14.396 -10 9.034 14.315 -10 8.926 14.234 -10 8.8 14.21 -10
3 0 9.13 14.396 -10 9.28 14.87 -10 9.214 14.48 -10
3 0 10.177 14.4008 -10 10.186 14.444 -10 10.3342 14.4158 -10
3 0 6.634 14.405 -10 6.58 14.45 -10 6.64 14.423 -10
3 0 7.6 14.414 -10 7.552 14.474 -10 7.648 14.468 -10
4 0 10.3342 14.4158 -10 10.318 14.27 -10 10.171 14.36 -10 10.177 14.4008 -10
3 0 6.64 14.423 -10 6.58 14.45 -10 6.652 14.435 -10
4 0 6.442 14.45 -10 6.46 14.45 -10 6.403 14.396 -10 6.415 14.423 -10
3 0 6.442 14.45 -10 6.463 14.48 -10 6.46 14.45 -10
4 0 6.46 14.45 -10 6.4 14.15 -10 6.385 14.261 -10 6.391 14.318 -10
4 0 6.46 14.45 -10 6.391 14.318 -10 6.391 14.36 -10 6.403 14.396 -10
4 0 6.46 14.45 -10 6.58 14.45 -10 6.625 14.297 -10 6.4 14.15 -10
4 0 6.58 14.45 -10 6.634 14.348 -10 6.631 14.321 -10 6.625 14.297 -10
3 0 6.58 14.45 -10 6.676 14.453 -10 6.652 14.435 -10
3 0 6.676 14.453 -10 6.76 14.51 -10 6.709 14.465 -10
4 0 10.03 14.456 -10 10.141 14.3918 -10 10.141 14.354 -10 10.03 14.384 -10
4 0 7.552 14.474 -10 7.18 13.91 -10 7.297 14.21 -10 7.357 14.297 -10
4 0 7.552 14.474 -10 7.468 14.246 -10 7.441 14.204 -10 7.18 13.91 -10
4 0 7.552 14.474 -10 7.555 14.36 -10 7.51 14.3 -10 7.468 14.246 -10
3 0 7.552 14.474 -10 7.696 14.516 -10 7.648 14.468 -10
3 0 7.552 14.474 -10 7.747 14.567 -10 7.696 14.516 -10
4 0 10.141 14.483 -10 10.144 14.432 -10 10.141 14.3918 -10 10.03 14.456 -10
4 0 7.762 14.492 -10 8.02 14 -10 7.654 14.378 -10 7.708 14.438 -10
4 0 6.76 14.51 -10 6.676 14.453 -10 6.58 14.45 -10 6.46 14.45 -10
4 0 6.76 14.51 -10 6.775 14.492 -10 6.748 14.474 -10 6.709 14.465 -10
4 0 8.44 14.51 -10 8.53 14.102 -10 8.491 14.057 -10 8.02 14 -10
4 0 8.44 14.51 -10 8.8 14.51 -10 8.8 14.21 -10 8.713 14.228 -10
3 0 8.44 14.51 -10 8.638 14.6 -10 8.656 14.591 -10
3 0 8.44 14.51 -10 8.614 14.615 -10 8.638 14.6 -10
3 0 8.44 14.51 -10 8.596 14.636 -10 8.614 14.615 -10
3 0 8.44 14.51 -10 8.578 14.66 -10 8.596 14.636 -10
3 0 8.44 14.51 -10 8.566 14.687 -10 8.578 14.66 -10
3 0 8.44 14.51 -10 8.56 14.708 -10 8.566 14.687 -10
3 0 8.8 14.51 -10 8.68 14.585 -10 8.704 14.585 -10
4 0 10.3444 14.5202 -10 10.3342 14.4158 -10 10.186 14.444 -10 10.189 14.51 -10
4 0 6.799 14.528 -10 6.787 14.507 -10 6.775 14.492 -10 6.76 14.51 -10
4 0 7.804 14.534 -10 8.44 14.51 -10 8.02 14 -10 7.762 14.492 -10
4 0 10.141 14.543 -10 10.141 14.483 -10 10.03 14.456 -10 10.021 14.534 -10
3 0 8.704 14.585 -10 8.722 14.594 -10 8.8 14.51 -10
4 0 8.656 14.591 -10 8.68 14.585 -10 8.8 14.51 -10 8.44 14.51 -10
4 0 10.3462 14.5922 -10 10.3444 14.5202 -10 10.189 14.51 -10 10.189 14.57 -10
4 0 6.814 14.594 -10 6.808 14.555 -10 6.799 14.528 -10 6.76 14.51 -10
3 0 8.722 14.594 -10 8.722 14.609 -10 8.8 14.51 -10
3 0 7.798 14.609 -10 7.915 14.864 -10 7.846 14.648 -10
4 0 10.009 14.612 -10 10.132 14.594 -10 10.141 14.543 -10 10.021 14.534 -10
3 0 8.71 14.621 -10 8.8 14.87 -10 8.722 14.609 -10
4 0 7.639 14.624 -10 7.552 14.474 -10 7.408 14.372 -10 7.519 14.51 -10
4 0 7.891 14.624 -10 8.44 14.51 -10 7.804 14.534 -10 7.846 14.579 -10
4 0 6.58 14.63 -10 6.46 14.45 -10 6.463 14.48 -10 6.493 14.537 -10
3 0 6.58 14.63 -10 6.64 14.699 -10 6.649 14.699 -10
3 0 6.58 14.63 -10 6.64 14.708 -10 6.64 14.699 -10
3 0 8.686 14.633 -10 8.8 14.87 -10 8.71 14.621 -10
4 0 9.994 14.66 -10 10.12 14.654 -10 10.132 14.594 -10 10.009 14.612 -10
4 0 10.3384 14.6762 -10 10.3462 14.5922 -10 10.189 14.57 -10 10.186 14.624 -10
4 0 6.565 14.687 -10 6.58 14.63 -10 6.493 14.537 -10 6.535 14.63 -10
4 0 7.969 14.696 -10 8.44 14.51 -10 7.891 14.624 -10 7.924 14.657 -10
3 0 6.649 14.699 -10 6.658 14.7035 -10 6.58 14.63 -10
3 0 6.658 14.7035 -10 6.67 14.711 -10 6.58 14.63 -10
4 0 10.093 14.717 -10 10.12 14.654 -10 9.994 14.66 -10 9.973 14.708 -10
4 0 6.643 14.72 -10 6.64 14.708 -10 6.58 14.63 -10 6.565 14.687 -10
3 0 7.948 14.726 -10 7.915 14.864 -10 7.981 14.75 -10
3 0 6.697 14.732 -10 6.76 14.75 -10 6.685 14.72 -10
3 0 6.697 14.732 -10 6.709 14.753 -10 6.76 14.75 -10
4 0 6.649 14.735 -10 6.643 14.72 -10 6.565 14.687 -10 6.583 14.72 -10
3 0 8.56 14.741 -10 8.44 14.87 -10 8.572 14.768 -10
3 0 8.599 14.744 -10 8.8 14.87 -10 8.608 14.708 -10
4 0 10.3264 14.7458 -10 10.3384 14.6762 -10 10.186 14.624 -10 10.168 14.687 -10
4 0 8.017 14.747 -10 8.44 14.51 -10 7.969 14.696 -10 7.996 14.726 -10
3 0 8.017 14.747 -10 8.029 14.762 -10 8.44 14.51 -10
4 0 6.76 14.75 -10 6.76 14.51 -10 6.46 14.45 -10 6.58 14.63 -10
4 0 6.76 14.75 -10 6.58 14.63 -10 6.67 14.711 -10 6.685 14.72 -10
4 0 6.76 14.75 -10 6.817 14.645 -10 6.814 14.594 -10 6.76 14.51 -10
4 0 6.76 14.75 -10 6.805 14.75 -10 6.814 14.699 -10 6.817 14.645 -10
3 0 7.981 14.75 -10 7.915 14.864 -10 8.002 14.762 -10
3 0 6.709 14.753 -10 6.709 14.765 -10 6.76 14.75 -10
4 0 6.607 14.756 -10 6.658 14.75 -10 6.649 14.735 -10 6.583 14.72 -10
3 0 8.002 14.762 -10 7.915 14.864 -10 8.017 14.768 -10
3 0 8.587 14.771 -10 8.8 14.87 -10 8.599 14.744 -10
4 0 6.631 14.789 -10 6.667 14.765 -10 6.658 14.75 -10 6.607 14.756 -10
4 0 10.054 14.789 -10 10.093 14.717 -10 9.973 14.708 -10 9.94 14.762 -10
4 0 6.79 14.801 -10 6.799 14.777 -10 6.805 14.75 -10 6.76 14.75 -10
4 0 10.3 14.816 -10 10.3264 14.7458 -10 10.168 14.687 -10 10.15 14.75 -10
4 0 6.658 14.825 -10 6.682 14.774 -10 6.667 14.765 -10 6.631 14.789 -10
4 0 10.018 14.834 -10 10.054 14.789 -10 9.94 14.762 -10 9.916 14.795 -10
4 0 6.751 14.849 -10 6.772 14.831 -10 6.79 14.801 -10 6.76 14.75 -10
4 0 6.685 14.852 -10 6.694 14.774 -10 6.682 14.774 -10 6.658 14.825 -10
3 0 6.685 14.852 -10 6.706 14.861 -10 6.694 14.774 -10
4 0 6.706 14.861 -10 6.76 14.75 -10 6.709 14.765 -10 6.694 14.774 -10
4 0 6.73 14.861 -10 6.751 14.849 -10 6.76 14.75 -10 6.706 14.861 -10
4 0 7.915 14.864 -10 7.552 14.474 -10 7.639 14.624 -10 7.741 14.72 -10
4 0 7.915 14.864 -10 7.798 14.609 -10 7.747 14.567 -10 7.552 14.474 -10
4 0 7.915 14.864 -10 7.948 14.726 -10 7.894 14.684 -10 7.846 14.648 -10
4 0 8.44 14.87 -10 8.44 14.51 -10 8.029 14.762 -10 8.032 14.771 -10
4 0 8.44 14.87 -10 8.56 14.741 -10 8.56 14.708 -10 8.44 14.51 -10
4 0 8.44 14.87 -10 8.032 14.771 -10 8.017 14.768 -10 7.915 14.864 -10
4 0 8.44 14.87 -10 8.8 14.87 -10 8.587 14.771 -10 8.572 14.768 -10
3 0 8.44 14.87 -10 8.56 14.996 -10 8.572 14.969 -10
4 0 8.8 14.87 -10 8.686 14.633 -10 8.668 14.642 -10 8.638 14.663 -10
4 0 8.8 14.87 -10 8.638 14.663 -10 8.623 14.681 -10 8.608 14.708 -10
4 0 8.8 14.87 -10 9.28 14.87 -10 8.8 14.51 -10 8.722 14.609 -10
4 0 9.28 14.87 -10 9.13 14.396 -10 8.8 14.21 -10 8.8 14.51 -10
4 0 9.28 14.87 -10 9.391 14.705 -10 9.319 14.606 -10 9.214 14.48 -10
4 0 9.982 14.87 -10 10.018 14.834 -10 9.916 14.795 -10 9.892 14.822 -10
4 0 9.472 14.879 -10 9.448 14.813 -10 9.391 14.705 -10 9.28 14.87 -10
4 0 10.255 14.894 -10 10.3 14.816 -10 10.15 14.75 -10 10.126 14.792 -10
4 0 9.94 14.912 -10 9.982 14.87 -10 9.892 14.822 -10 9.844 14.87 -10
4 0 8.002 14.93 -10 8.44 14.87 -10 7.915 14.864 -10 7.957 14.897 -10
3 0 9.748 14.939 -10 9.682 14.969 -10 9.898 14.966 -10
4 0 9.916 14.942 -10 9.94 14.912 -10 9.844 14.87 -10 9.796 14.912 -10
4 0 10.213 14.957 -10 10.255 14.894 -10 10.126 14.792 -10 10.096 14.837 -10
4 0 9.898 14.966 -10 9.916 14.942 -10 9.796 14.912 -10 9.748 14.939 -10
4 0 8.572 14.969 -10 8.59 14.969 -10 8.8 14.87 -10 8.44 14.87 -10
3 0 8.59 14.969 -10 8.596 14.99 -10 8.8 14.87 -10
4 0 8.068 14.975 -10 8.44 14.87 -10 8.002 14.93 -10 8.032 14.951 -10
3 0 8.068 14.975 -10 8.116 15.008 -10 8.44 14.87 -10
3 0 9.616 14.996 -10 9.64 15.17 -10 9.682 14.969 -10
4 0 9.502 15.002 -10 9.49 14.948 -10 9.472 14.879 -10 9.28 14.87 -10
3 0 9.502 15.002 -10 9.64 15.17 -10 9.616 14.996 -10
3 0 8.116 15.008 -10 8.161 15.041 -10 8.44 14.87 -10
3 0 7.906 15.02 -10 7.906 15.05 -10 7.96 15.05 -10
4 0 10.15 15.023 -10 10.213 14.957 -10 10.096 14.837 -10 10.054 14.885 -10
4 0 7.96 15.05 -10 7.915 14.945 -10 7.909 14.99 -10 7.906 15.02 -10
4 0 7.96 15.05 -10 7.957 14.963 -10 7.933 14.951 -10 7.915 14.945 -10
4 0 7.96 15.05 -10 8.005 14.993 -10 7.984 14.978 -10 7.957 14.963 -10
4 0 7.96 15.05 -10 8.068 15.035 -10 8.038 15.014 -10 8.005 14.993 -10
3 0 7.96 15.05 -10 8.098 15.056 -10 8.068 15.035 -10
3 0 7.96 15.05 -10 8.194 15.134 -10 8.164 15.11 -10
4 0 10.06 15.083 -10 10.15 15.023 -10 10.054 14.885 -10 10.009 14.927 -10
4 0 8.242 15.101 -10 8.44 14.87 -10 8.161 15.041 -10 8.209 15.077 -10
3 0 8.242 15.101 -10 8.269 15.125 -10 8.44 14.87 -10
3 0 9.358 15.104 -10 9.379 15.11 -10 9.28 14.87 -10
3 0 9.358 15.104 -10 8.8 15.17 -10 9.343 15.116 -10
4 0 8.164 15.11 -10 8.125 15.077 -10 8.098 15.056 -10 7.96 15.05 -10
4 0 8.524 15.11 -10 8.548 15.05 -10 8.56 14.996 -10 8.44 14.87 -10
3 0 9.379 15.11 -10 9.52 15.17 -10 9.28 14.87 -10
3 0 9.343 15.116 -10 8.8 15.17 -10 9.334 15.134 -10
4 0 9.982 15.119 -10 10.06 15.083 -10 10.009 14.927 -10 9.97 14.954 -10
3 0 8.269 15.125 -10 8.296 15.155 -10 8.44 14.87 -10
3 0 9.334 15.134 -10 8.8 15.17 -10 9.334 15.164 -10
3 0 9.388 15.134 -10 9.52 15.17 -10 9.379 15.11 -10
4 0 9.946 15.134 -10 9.982 15.119 -10 9.97 14.954 -10 9.946 14.972 -10
4 0 9.9148 15.1412 -10 9.946 15.134 -10 9.946 14.972 -10 9.922 14.99 -10
4 0 7.909 15.146 -10 7.96 15.05 -10 7.906 15.05 -10 7.906 15.11 -10
3 0 8.296 15.155 -10 8.311 15.173 -10 8.44 14.87 -10
3 0 9.394 15.158 -10 9.52 15.17 -10 9.388 15.134 -10
3 0 9.394 15.158 -10 9.394 15.188 -10 9.52 15.17 -10
3 0 8.56 15.161 -10 8.8 15.17 -10 8.584 15.092 -10
3 0 8.56 15.161 -10 8.512 15.248 -10 8.8 15.17 -10
4 0 8.8 15.17 -10 8.8 14.87 -10 8.596 14.99 -10 8.584 15.092 -10
4 0 8.8 15.17 -10 9.358 15.104 -10 9.28 14.87 -10 8.8 14.87 -10
3 0 8.8 15.17 -10 9.337 15.2 -10 9.334 15.164 -10
3 0 8.8 15.17 -10 9.34 15.236 -10 9.337 15.2 -10
3 0 8.8 15.17 -10 9.316 15.32 -10 9.322 15.296 -10
3 0 8.8 15.17 -10 9.322 15.335 -10 9.316 15.32 -10
3 0 8.8 15.17 -10 9.406 15.434 -10 9.34 15.338 -10
4 0 9.52 15.17 -10 9.64 15.17 -10 9.502 15.002 -10 9.28 14.87 -10
3 0 9.52 15.17 -10 9.502 15.242 -10 9.52 15.2324 -10
4 0 9.64 15.17 -10 9.901 14.984 -10 9.898 14.966 -10 9.682 14.969 -10
4 0 9.64 15.17 -10 9.9148 15.1412 -10 9.922 14.99 -10 9.901 14.984 -10
3 0 9.778 15.2 -10 9.64 15.17 -10 9.544 15.242 -10
3 12 9.544 15.242 -10 9.769 15.209 -10 9.778 15.2 -10
3 0 8.311 15.173 -10 8.32 15.191 -10 8.44 14.87 -10
3 0 9.394 15.188 -10 9.3844 15.23 -10 9.52 15.17 -10
3 0 8.32 15.191 -10 8.326 15.206 -10 8.44 14.87 -10
3 12 9.778 15.2 -10 9.916 15.158 -10 9.9148 15.1412 -10
3 0 9.9148 15.1412 -10 9.64 15.17 -10 9.778 15.2 -10
3 12 9.778 15.2 -10 9.793 15.209 -10 9.916 15.158 -10
3 0 8.296 15.221 -10 8.32 15.29 -10 8.317 15.233 -10
4 12 9.811 15.23 -10 9.934 15.2 -10 9.916 15.158 -10 9.793 15.209 -10
3 0 9.52 15.2324 -10 9.544 15.242 -10 9.52 15.17 -10
3 0 8.317 15.233 -10 8.32 15.29 -10 8.329 15.224 -10
3 0 9.502 15.242 -10 9.406 15.434 -10 9.49 15.29 -10
3 0 8.512 15.248 -10 8.44 15.377 -10 8.8 15.17 -10
4 12 9.826 15.248 -10 9.946 15.236 -10 9.934 15.2 -10 9.811 15.23 -10
3 0 9.376 15.266 -10 9.406 15.434 -10 9.3844 15.23 -10
4 0 8.422 15.284 -10 8.44 14.87 -10 8.326 15.206 -10 8.329 15.224 -10
4 0 8.422 15.284 -10 8.476 15.194 -10 8.524 15.11 -10 8.44 14.87 -10
4 0 8.32 15.29 -10 8.227 15.161 -10 8.194 15.134 -10 7.96 15.05 -10
4 0 8.32 15.29 -10 8.296 15.221 -10 8.263 15.191 -10 8.227 15.161 -10
3 0 8.32 15.29 -10 8.356 15.446 -10 8.38 15.368 -10
3 0 8.32 15.29 -10 8.332 15.536 -10 8.356 15.446 -10
4 12 9.958 15.29 -10 9.946 15.236 -10 9.826 15.248 -10 9.85 15.284 -10
4 0 9.322 15.296 -10 9.334 15.266 -10 9.34 15.236 -10 8.8 15.17 -10
3 0 9.364 15.302 -10 9.406 15.434 -10 9.376 15.266 -10
3 12 9.568 15.308 -10 9.568 15.35 -10 9.64 15.35 -10
3 12 9.568 15.308 -10 9.64 15.35 -10 9.562 15.266 -10
3 0 9.352 15.326 -10 9.406 15.434 -10 9.364 15.302 -10
4 12 9.964 15.332 -10 9.958 15.29 -10 9.85 15.284 -10 9.862 15.326 -10
3 0 9.322 15.335 -10 9.34 15.338 -10 8.8 15.17 -10
3 0 9.34 15.338 -10 9.406 15.434 -10 9.352 15.326 -10
3 12 9.544 15.242 -10 9.562 15.266 -10 9.769 15.209 -10
3 12 9.562 15.266 -10 9.64 15.35 -10 9.769 15.23 -10
3 12 9.64 15.35 -10 9.76 15.35 -10 9.769 15.23 -10
3 0 9.64 15.17 -10 9.52 15.17 -10 9.544 15.242 -10
3 12 9.64 15.35 -10 9.6448 15.386 -10 9.658 15.386 -10
3 12 9.64 15.35 -10 9.6262 15.3998 -10 9.6448 15.386 -10
3 12 9.76 15.35 -10 9.787 15.266 -10 9.769 15.23 -10
3 12 9.562 15.266 -10 9.769 15.23 -10 9.769 15.209 -10
3 0 7.951 15.362 -10 8.02 15.41 -10 7.939 15.32 -10
4 12 9.82 15.362 -10 9.808 15.308 -10 9.787 15.266 -10 9.76 15.35 -10
4 0 8.38 15.368 -10 8.422 15.284 -10 8.329 15.224 -10 8.32 15.29 -10
3 0 8.44 15.377 -10 8.494 15.464 -10 8.512 15.452 -10
3 0 8.44 15.377 -10 8.476 15.488 -10 8.494 15.464 -10
4 12 9.658 15.386 -10 9.82 15.362 -10 9.76 15.35 -10 9.64 15.35 -10
4 12 9.964 15.386 -10 9.964 15.332 -10 9.862 15.326 -10 9.868 15.356 -10
3 12 9.562 15.392 -10 9.613 15.434 -10 9.6262 15.3998 -10
4 12 9.6262 15.3998 -10 9.64 15.35 -10 9.568 15.35 -10 9.562 15.392 -10
4 0 8.02 15.41 -10 7.96 15.05 -10 7.909 15.146 -10 7.915 15.2 -10
4 0 8.02 15.41 -10 7.915 15.2 -10 7.924 15.26 -10 7.939 15.32 -10
4 12 9.823 15.422 -10 9.82 15.362 -10 9.658 15.386 -10 9.676 15.41 -10
4 12 9.946 15.428 -10 9.964 15.386 -10 9.868 15.356 -10 9.874 15.41 -10
4 0 9.406 15.434 -10 9.502 15.242 -10 9.52 15.17 -10 9.3844 15.23 -10
4 0 8.512 15.452 -10 8.524 15.452 -10 8.8 15.17 -10 8.44 15.377 -10
3 0 8.524 15.452 -10 8.53 15.464 -10 8.8 15.17 -10
4 0 9.448 15.452 -10 9.478 15.368 -10 9.49 15.29 -10 9.406 15.434 -10
4 12 9.613 15.464 -10 9.613 15.434 -10 9.562 15.392 -10 9.544 15.452 -10
4 0 7.99 15.47 -10 8.02 15.41 -10 7.951 15.362 -10 7.966 15.41 -10
3 0 7.99 15.47 -10 8.014 15.53 -10 8.02 15.41 -10
4 12 9.82 15.47 -10 9.823 15.422 -10 9.676 15.41 -10 9.6832 15.4496 -10
4 12 9.928 15.482 -10 9.946 15.428 -10 9.874 15.41 -10 9.874 15.47 -10
4 0 8.398 15.518 -10 8.464 15.512 -10 8.476 15.488 -10 8.44 15.377 -10
3 0 8.398 15.518 -10 8.452 15.548 -10 8.464 15.512 -10
3 0 8.398 15.518 -10 8.449 15.578 -10 8.452 15.548 -10
4 12 9.532 15.524 -10 9.604 15.512 -10 9.613 15.464 -10 9.544 15.452 -10
4 12 9.88 15.53 -10 9.928 15.518 -10 9.928 15.482 -10 9.874 15.47 -10
4 12 9.802 15.56 -10 9.82 15.47 -10 9.6832 15.4496 -10 9.6832 15.4886 -10
4 12 9.526 15.566 -10 9.586 15.56 -10 9.604 15.512 -10 9.532 15.524 -10
4 12 9.892 15.566 -10 9.937 15.554 -10 9.928 15.518 -10 9.88 15.53 -10
4 0 8.8 15.59 -10 8.8 15.17 -10 8.53 15.464 -10 8.524 15.485 -10
4 0 8.8 15.59 -10 8.524 15.485 -10 8.512 15.5078 -10 8.503 15.53 -10
4 0 8.8 15.59 -10 8.503 15.53 -10 8.4952 15.554 -10 8.4916 15.578 -10
3 0 8.8 15.59 -10 8.92 15.977 -10 8.971 15.938 -10
3 0 8.8 15.59 -10 8.89 16.016 -10 8.92 15.977 -10
4 0 9.358 15.599 -10 9.406 15.434 -10 8.8 15.17 -10 8.8 15.59 -10
4 0 9.358 15.599 -10 9.406 15.53 -10 9.448 15.452 -10 9.406 15.434 -10
3 0 8.449 15.602 -10 8.38 15.656 -10 8.449 15.632 -10
4 12 9.91 15.602 -10 9.946 15.59 -10 9.937 15.554 -10 9.892 15.566 -10
4 12 9.526 15.608 -10 9.568 15.59 -10 9.586 15.56 -10 9.526 15.566 -10
4 12 9.784 15.608 -10 9.802 15.56 -10 9.6832 15.4886 -10 9.679 15.536 -10
4 0 8.4898 15.632 -10 8.8 15.59 -10 8.4916 15.578 -10 8.4898 15.602 -10
4 12 9.928 15.632 -10 9.949 15.626 -10 9.946 15.59 -10 9.91 15.602 -10
3 12 9.928 15.632 -10 9.946 15.65 -10 9.949 15.626 -10
3 0 8.32 15.638 -10 8.26 15.89 -10 8.32 15.722 -10
4 0 8.38 15.656 -10 8.449 15.602 -10 8.449 15.578 -10 8.398 15.518 -10
3 0 8.38 15.656 -10 8.452 15.659 -10 8.449 15.632 -10
3 0 8.38 15.656 -10 8.458 15.68 -10 8.452 15.659 -10
3 0 8.38 15.656 -10 8.467 15.71 -10 8.458 15.68 -10
3 0 8.38 15.656 -10 8.62 16.01 -10 8.467 15.71 -10
4 12 9.76 15.656 -10 9.784 15.608 -10 9.679 15.536 -10 9.658 15.614 -10
4 12 9.538 15.662 -10 9.559 15.632 -10 9.568 15.59 -10 9.526 15.608 -10
4 12 9.544 15.677 -10 9.556 15.668 -10 9.559 15.632 -10 9.538 15.662 -10
3 12 9.544 15.677 -10 9.553 15.686 -10 9.556 15.668 -10
4 0 8.494 15.683 -10 8.8 15.59 -10 8.4898 15.632 -10 8.491 15.659 -10
3 0 8.494 15.683 -10 8.494 15.704 -10 8.8 15.59 -10
4 12 9.733 15.701 -10 9.76 15.656 -10 9.658 15.614 -10 9.634 15.671 -10
3 0 8.467 15.71 -10 8.62 16.01 -10 8.485 15.716 -10
3 0 8.32 15.722 -10 8.26 15.89 -10 8.326 15.818 -10
4 0 8.116 15.74 -10 8.02 15.41 -10 8.014 15.53 -10 8.071 15.65 -10
4 12 9.706 15.746 -10 9.733 15.701 -10 9.634 15.671 -10 9.604 15.725 -10
4 0 9.2122 15.7586 -10 9.316 15.665 -10 9.358 15.599 -10 8.8 15.59 -10
4 12 9.658 15.803 -10 9.706 15.746 -10 9.604 15.725 -10 9.583 15.764 -10
3 12 9.559 15.809 -10 9.538 15.854 -10 9.625 15.842 -10
4 12 9.625 15.842 -10 9.658 15.803 -10 9.583 15.764 -10 9.559 15.809 -10
4 0 8.26 15.89 -10 8.32 15.29 -10 7.96 15.05 -10 8.02 15.41 -10
4 0 8.26 15.89 -10 8.02 15.41 -10 8.116 15.74 -10 8.149 15.8 -10
4 0 8.26 15.89 -10 8.32 15.638 -10 8.332 15.536 -10 8.32 15.29 -10
3 0 8.26 15.89 -10 8.338 15.896 -10 8.326 15.818 -10
4 0 8.212 15.902 -10 8.26 15.89 -10 8.149 15.8 -10 8.197 15.878 -10
3 0 8.212 15.902 -10 8.218 15.923 -10 8.26 15.89 -10
4 12 9.52 15.902 -10 9.607 15.872 -10 9.625 15.842 -10 9.538 15.854 -10
3 0 8.404 15.908 -10 8.62 16.01 -10 8.392 15.83 -10
3 0 8.218 15.923 -10 8.221 15.953 -10 8.26 15.89 -10
4 0 8.971 15.938 -10 9.0658 15.8744 -10 9.2122 15.7586 -10 8.8 15.59 -10
4 12 9.526 15.944 -10 9.571 15.932 -10 9.607 15.872 -10 9.52 15.902 -10
4 12 9.547 15.992 -10 9.568 15.974 -10 9.571 15.932 -10 9.526 15.944 -10
3 12 9.547 15.992 -10 9.571 16.007 -10 9.568 15.974 -10
4 0 8.293 16.01 -10 8.314 16.01 -10 8.26 15.89 -10 8.221 15.953 -10
4 0 8.314 16.01 -10 8.371 15.992 -10 8.338 15.896 -10 8.26 15.89 -10
3 0 8.314 16.01 -10 8.314 16.031 -10 8.371 15.992 -10
4 0 8.62 16.01 -10 8.8 15.59 -10 8.494 15.704 -10 8.485 15.716 -10
4 0 8.62 16.01 -10 8.38 15.656 -10 8.38 15.752 -10 8.392 15.83 -10
3 0 8.62 16.01 -10 8.836 16.154 -10 8.848 16.094 -10
3 0 8.62 16.01 -10 8.842 16.226 -10 8.836 16.154 -10
3 0 8.62 16.01 -10 8.86 16.37 -10 8.842 16.226 -10
3 0 7.438 16.019 -10 7.522 16.073 -10 7.498 16.019 -10
4 0 8.2774 16.025 -10 8.293 16.01 -10 8.221 15.953 -10 8.206 15.983 -10
3 0 8.164 16.034 -10 8.263 16.04 -10 8.188 16.013 -10
3 0 8.125 16.04 -10 8.014 16.097 -10 8.041 16.097 -10
3 0 8.125 16.04 -10 8.041 16.097 -10 8.05 16.097 -10
4 0 8.263 16.04 -10 8.2774 16.025 -10 8.206 15.983 -10 8.188 16.013 -10
3 0 7.2436 16.043 -10 7.24 16.07 -10 7.315 16.04 -10
3 0 7.066 16.064 -10 7.054 16.097 -10 7.075 16.097 -10
4 0 7.24 16.07 -10 7.2436 16.043 -10 7.186 16.043 -10 7.132 16.049 -10
4 0 7.42 16.07 -10 7.438 16.019 -10 7.381 16.025 -10 7.315 16.04 -10
3 0 7.42 16.07 -10 7.321 16.205 -10 7.345 16.202 -10
3 0 7.42 16.07 -10 7.543 16.208 -10 7.579 16.205 -10
3 0 7.42 16.07 -10 7.303 16.214 -10 7.321 16.205 -10
3 0 7.42 16.07 -10 7.522 16.214 -10 7.543 16.208 -10
3 0 7.42 16.07 -10 7.48 16.226 -10 7.522 16.214 -10
4 0 8.2 16.07 -10 8.278 16.052 -10 8.263 16.04 -10 8.164 16.034 -10
3 0 8.2 16.07 -10 8.38 16.13 -10 8.278 16.052 -10
4 0 7.5514 16.0706 -10 7.594 16.028 -10 7.555 16.025 -10 7.537 16.067 -10
4 0 7.522 16.073 -10 7.537 16.067 -10 7.555 16.025 -10 7.498 16.019 -10
4 0 7.564 16.076 -10 7.639 16.034 -10 7.594 16.028 -10 7.5514 16.0706 -10
4 0 7.711 16.076 -10 7.729 16.076 -10 7.75 16.04 -10 7.639 16.034 -10
3 0 7.729 16.076 -10 7.747 16.079 -10 7.75 16.04 -10
4 0 7.702 16.079 -10 7.711 16.076 -10 7.639 16.034 -10 7.564 16.076 -10
4 0 7.519 16.082 -10 7.522 16.073 -10 7.438 16.019 -10 7.42 16.07 -10
4 0 7.768 16.082 -10 7.834 16.043 -10 7.75 16.04 -10 7.747 16.079 -10
4 0 7.561 16.088 -10 7.702 16.085 -10 7.702 16.079 -10 7.564 16.076 -10
3 0 7.534 16.091 -10 7.54 16.142 -10 7.549 16.091 -10
3 0 7.549 16.091 -10 7.54 16.142 -10 7.561 16.088 -10
4 0 7.819 16.091 -10 7.834 16.043 -10 7.768 16.082 -10 7.795 16.088 -10
4 0 7.855 16.094 -10 7.93 16.043 -10 7.834 16.043 -10 7.819 16.091 -10
4 0 8.848 16.094 -10 8.89 16.016 -10 8.8 15.59 -10 8.62 16.01 -10
3 0 7.711 16.097 -10 7.54 16.142 -10 7.723 16.103 -10
4 0 7.888 16.097 -10 7.93 16.097 -10 7.93 16.043 -10 7.855 16.094 -10
4 0 7.972 16.097 -10 8.056 16.043 -10 7.93 16.043 -10 7.93 16.097 -10
4 0 7.972 16.097 -10 8.014 16.097 -10 8.125 16.04 -10 8.056 16.043 -10
4 0 8.05 16.097 -10 8.2 16.07 -10 8.164 16.034 -10 8.125 16.04 -10
3 0 8.05 16.097 -10 8.05 16.106 -10 8.2 16.07 -10
4 0 7.093 16.1 -10 7.132 16.049 -10 7.066 16.064 -10 7.075 16.097 -10
4 0 7.039 16.103 -10 7.054 16.097 -10 7.066 16.064 -10 7.006 16.082 -10
3 0 7.723 16.103 -10 7.54 16.142 -10 7.741 16.109 -10
4 0 7.096 16.109 -10 7.24 16.07 -10 7.132 16.049 -10 7.093 16.1 -10
3 0 7.741 16.109 -10 7.54 16.142 -10 7.759 16.115 -10
3 0 6.946 16.112 -10 7.027 16.121 -10 7.027 16.112 -10
4 0 7.027 16.112 -10 7.039 16.103 -10 7.006 16.082 -10 6.946 16.112 -10
3 0 8.026 16.115 -10 8.02 16.19 -10 8.044 16.1099 -10
3 0 8.002 16.121 -10 8.02 16.19 -10 8.026 16.115 -10
3 0 7.954 16.124 -10 8.02 16.19 -10 8.002 16.121 -10
3 0 7.036 16.13 -10 6.94 16.19 -10 7.057 16.139 -10
4 0 8.38 16.13 -10 8.314 16.031 -10 8.296 16.04 -10 8.278 16.052 -10
4 0 8.38 16.13 -10 8.413 16.1 -10 8.371 15.992 -10 8.314 16.031 -10
3 0 7.075 16.133 -10 7.18 16.19 -10 7.087 16.121 -10
4 0 7.54 16.142 -10 7.534 16.091 -10 7.519 16.082 -10 7.42 16.07 -10
4 0 7.54 16.142 -10 7.711 16.097 -10 7.702 16.085 -10 7.561 16.088 -10
4 0 7.54 16.142 -10 7.81 16.127 -10 7.786 16.121 -10 7.759 16.115 -10
3 0 7.54 16.142 -10 7.63 16.199 -10 7.69 16.199 -10
4 0 8.494 16.154 -10 8.62 16.01 -10 8.404 15.908 -10 8.434 15.998 -10
4 0 8.434 16.184 -10 8.431 16.145 -10 8.413 16.1 -10 8.38 16.13 -10
4 0 6.94 16.19 -10 6.946 16.112 -10 6.916 16.13 -10 6.892 16.154 -10
4 0 6.94 16.19 -10 7.036 16.13 -10 7.027 16.121 -10 6.946 16.112 -10
4 0 6.94 16.19 -10 6.892 16.154 -10 6.88 16.172 -10 6.877 16.187 -10
4 0 7.18 16.19 -10 7.24 16.07 -10 7.096 16.109 -10 7.087 16.121 -10
4 0 7.18 16.19 -10 7.42 16.07 -10 7.315 16.04 -10 7.24 16.07 -10
4 0 7.18 16.19 -10 7.075 16.133 -10 7.057 16.139 -10 6.94 16.19 -10
3 0 7.18 16.19 -10 7.264 16.253 -10 7.282 16.229 -10
3 0 7.18 16.19 -10 7.252 16.277 -10 7.264 16.253 -10
4 0 8.02 16.19 -10 8.2 16.07 -10 8.05 16.106 -10 8.044 16.1099 -10
4 0 8.02 16.19 -10 7.954 16.124 -10 7.9 16.127 -10 7.855 16.13 -10
4 0 8.02 16.19 -10 7.855 16.13 -10 7.81 16.127 -10 7.54 16.142 -10
3 0 7.69 16.199 -10 7.774 16.202 -10 7.54 16.142 -10
3 0 7.345 16.202 -10 7.369 16.208 -10 7.42 16.07 -10
3 0 7.774 16.202 -10 7.846 16.211 -10 7.54 16.142 -10
4 0 7.579 16.205 -10 7.63 16.199 -10 7.54 16.142 -10 7.42 16.07 -10
3 0 7.369 16.208 -10 7.384 16.214 -10 7.42 16.07 -10
4 0 6.904 16.22 -10 6.94 16.19 -10 6.877 16.187 -10 6.883 16.202 -10
4 0 7.282 16.229 -10 7.303 16.214 -10 7.42 16.07 -10 7.18 16.19 -10
4 0 7.423 16.229 -10 7.42 16.07 -10 7.384 16.214 -10 7.405 16.226 -10
4 0 7.945 16.229 -10 8.02 16.19 -10 7.54 16.142 -10 7.846 16.211 -10
3 0 7.945 16.229 -10 8.05 16.25 -10 8.02 16.19 -10
4 0 7.4452 16.2308 -10 7.48 16.226 -10 7.42 16.07 -10 7.423 16.229 -10
3 0 8.05 16.25 -10 8.152 16.274 -10 8.02 16.19 -10
4 0 8.38 16.25 -10 8.38 16.13 -10 8.2 16.07 -10 8.02 16.19 -10
4 0 8.428 16.256 -10 8.434 16.184 -10 8.38 16.13 -10 8.38 16.25 -10
4 0 6.967 16.262 -10 6.94 16.19 -10 6.904 16.22 -10 6.937 16.244 -10
4 0 7.033 16.289 -10 7.18 16.19 -10 6.94 16.19 -10 6.967 16.262 -10
4 0 8.23 16.298 -10 8.38 16.25 -10 8.02 16.19 -10 8.152 16.274 -10
4 0 8.374 16.3148 -10 8.404 16.298 -10 8.428 16.256 -10 8.38 16.25 -10
4 0 7.15 16.316 -10 7.18 16.19 -10 7.033 16.289 -10 7.108 16.307 -10
4 0 7.216 16.316 -10 7.231 16.304 -10 7.252 16.277 -10 7.18 16.19 -10
4 0 8.338 16.316 -10 8.374 16.3148 -10 8.38 16.25 -10 8.23 16.298 -10
4 0 7.18 16.319 -10 7.216 16.316 -10 7.18 16.19 -10 7.15 16.316 -10
3 0 8.86 16.37 -10 8.824 16.499 -10 8.842 16.484 -10
4 0 8.926 16.3976 -10 8.902 16.34 -10 8.842 16.226 -10 8.86 16.37 -10
4 0 8.644 16.412 -10 8.62 16.01 -10 8.494 16.154 -10 8.572 16.304 -10
3 0 8.6386 16.4696 -10 8.77 16.52 -10 8.6458 16.4384 -10
3 0 8.6386 16.4696 -10 8.608 16.598 -10 8.638 16.58 -10
4 0 8.863 16.484 -10 8.926 16.3976 -10 8.86 16.37 -10 8.842 16.484 -10
3 0 8.824 16.499 -10 8.77 16.52 -10 8.824 16.52 -10
4 0 8.866 16.502 -10 8.932 16.49 -10 8.926 16.3976 -10 8.863 16.484 -10
4 0 8.77 16.52 -10 8.62 16.01 -10 8.644 16.412 -10 8.6458 16.4384 -10
4 0 8.77 16.52 -10 8.824 16.499 -10 8.86 16.37 -10 8.62 16.01 -10
3 0 8.77 16.52 -10 8.836 16.529 -10 8.824 16.52 -10
4 0 8.926 16.55 -10 8.932 16.49 -10 8.866 16.502 -10 8.854 16.517 -10
4 0 8.914 16.568 -10 8.926 16.55 -10 8.854 16.517 -10 8.836 16.529 -10
4 0 8.638 16.58 -10 8.653 16.58 -10 8.77 16.52 -10 8.6386 16.4696 -10
4 0 8.884 16.592 -10 8.914 16.568 -10 8.836 16.529 -10 8.77 16.52 -10
4 0 8.68 16.61 -10 8.77 16.52 -10 8.653 16.58 -10 8.653 16.592 -10
4 0 8.731 16.688 -10 8.884 16.592 -10 8.77 16.52 -10 8.68 16.61 -10
4 0 8.731 16.688 -10 8.68 16.61 -10 8.653 16.592 -10 8.641 16.607 -10
4 0 8.506 16.691 -10 8.608 16.598 -10 8.6386 16.4696 -10 8.536 16.586 -10
3 0 8.533 16.718 -10 8.434 16.805 -10 8.605 16.775 -10
3 0 8.386 16.724 -10 8.407 16.79 -10 8.416 16.778 -10
3 0 8.386 16.724 -10 8.395 16.811 -10 8.407 16.79 -10
4 0 8.605 16.775 -10 8.731 16.688 -10 8.641 16.607 -10 8.533 16.718 -10
4 0 8.416 16.778 -10 8.506 16.691 -10 8.536 16.586 -10 8.386 16.724 -10
3 0 8.2942 16.802 -10 8.344 16.874 -10 8.386 16.724 -10
3 0 8.422 16.817 -10 8.5 16.85 -10 8.434 16.805 -10
3 0 8.407 16.829 -10 8.5 16.85 -10 8.422 16.817 -10
3 0 8.5 16.85 -10 8.416 16.97 -10 8.518 16.862 -10
4 0 8.518 16.862 -10 8.605 16.775 -10 8.434 16.805 -10 8.5 16.85 -10
4 0 8.344 16.874 -10 8.389 16.829 -10 8.395 16.811 -10 8.386 16.724 -10
4 0 8.344 16.874 -10 8.5 16.85 -10 8.407 16.829 -10 8.389 16.829 -10
3 0 8.344 16.874 -10 8.239 16.913 -10 8.248 16.913 -10
4 0 8.1844 16.9028 -10 8.344 16.874 -10 8.2942 16.802 -10 8.245 16.8362 -10
3 0 8.1844 16.9028 -10 8.212 16.925 -10 8.224 16.916 -10
3 0 8.1844 16.9028 -10 8.197 16.943 -10 8.212 16.925 -10
3 0 8.1844 16.9028 -10 8.194 16.952 -10 8.197 16.943 -10
3 0 8.248 16.913 -10 8.248 16.922 -10 8.344 16.874 -10
4 0 8.224 16.916 -10 8.239 16.913 -10 8.344 16.874 -10 8.1844 16.9028 -10
4 0 8.1418 16.9208 -10 8.1844 16.9028 -10 8.245 16.8362 -10 8.1808 16.8848 -10
3 0 8.248 16.922 -10 8.248 16.931 -10 8.344 16.874 -10
3 0 8.1952 16.961 -10 8.248 17.042 -10 8.203 16.961 -10
3 0 8.203 16.961 -10 8.248 17.042 -10 8.215 16.961 -10
3 0 8.215 16.961 -10 8.248 17.042 -10 8.236 16.946 -10
3 0 8.416 16.97 -10 8.248 17.042 -10 8.392 17 -10
4 0 8.14 16.982 -10 8.1844 16.9028 -10 8.1418 16.9208 -10 8.1238 16.94 -10
4 0 8.14 16.982 -10 8.1952 16.961 -10 8.194 16.952 -10 8.1844 16.9028 -10
4 0 8.0992 16.9832 -10 8.14 16.982 -10 8.1238 16.94 -10 8.1106 16.9586 -10
3 0 8.0992 16.9832 -10 8.0764 17.0204 -10 8.14 16.982 -10
3 0 8.392 17 -10 8.248 17.042 -10 8.38 17.03 -10
4 0 8.248 17.042 -10 8.344 16.874 -10 8.248 16.931 -10 8.236 16.946 -10
4 0 8.248 17.042 -10 8.416 16.97 -10 8.5 16.85 -10 8.344 16.874 -10
3 0 8.0158 17.072 -10 8.11 17.12 -10 8.0446 17.0522 -10
4 0 8.359 17.075 -10 8.374 17.048 -10 8.38 17.03 -10 8.248 17.042 -10
3 0 7.9858 17.0918 -10 8.11 17.12 -10 8.0158 17.072 -10
4 0 8.11 17.12 -10 8.14 16.982 -10 8.0764 17.0204 -10 8.0446 17.0522 -10
4 0 8.11 17.12 -10 8.248 17.042 -10 8.1952 16.961 -10 8.14 16.982 -10
3 0 8.11 17.12 -10 8.236 17.198 -10 8.236 17.174 -10
3 0 8.11 17.12 -10 8.248 17.219 -10 8.236 17.198 -10
4 0 7.9378 17.1242 -10 8.11 17.12 -10 7.9858 17.0918 -10 7.96 17.108 -10
4 0 8.29 17.126 -10 8.338 17.096 -10 8.359 17.075 -10 8.248 17.042 -10
4 0 8.248 17.156 -10 8.2738 17.138 -10 8.29 17.126 -10 8.248 17.042 -10
4 0 8.236 17.174 -10 8.248 17.156 -10 8.248 17.042 -10 8.11 17.12 -10
4 0 7.9528 17.1764 -10 7.9714 17.1764 -10 8.11 17.12 -10 7.9378 17.1242 -10
3 0 7.9714 17.1764 -10 7.9798 17.1842 -10 8.11 17.12 -10
4 0 7.936 17.1842 -10 7.9528 17.1764 -10 7.9378 17.1242 -10 7.9192 17.1452 -10
3 0 7.9798 17.1842 -10 7.9822 17.1944 -10 8.11 17.12 -10
3 0 7.9822 17.1944 -10 7.9834 17.2058 -10 8.11 17.12 -10
4 0 7.9234 17.1998 -10 7.936 17.1842 -10 7.9192 17.1452 -10 7.8718 17.1926 -10
3 0 7.9534 17.2184 -10 7.984 17.27 -10 7.966 17.219 -10
3 0 7.966 17.219 -10 7.984 17.27 -10 7.9774 17.2124 -10
4 0 7.8988 17.2304 -10 7.909 17.2184 -10 7.9234 17.1998 -10 7.8718 17.1926 -10
4 0 7.825 17.2502 -10 7.8946 17.243 -10 7.8988 17.2304 -10 7.8718 17.1926 -10
3 0 7.8952 17.2598 -10 7.891 17.315 -10 7.9096 17.2652 -10
3 0 7.9258 17.2634 -10 7.984 17.27 -10 7.9348 17.2586 -10
3 0 7.9096 17.2652 -10 7.891 17.315 -10 7.9258 17.2634 -10
4 0 7.984 17.27 -10 8.11 17.12 -10 7.9834 17.2058 -10 7.9774 17.2124 -10
4 0 7.984 17.27 -10 7.9534 17.2184 -10 7.942 17.219 -10 7.936 17.2292 -10
4 0 7.984 17.27 -10 7.936 17.2292 -10 7.9342 17.243 -10 7.9348 17.2586 -10
4 0 8.254 17.279 -10 8.254 17.24 -10 8.248 17.219 -10 8.11 17.12 -10
4 0 8.215 17.306 -10 8.2405 17.294 -10 8.254 17.279 -10 8.11 17.12 -10
4 0 7.891 17.315 -10 7.825 17.2502 -10 7.8148 17.2802 -10 7.8154 17.3072 -10
4 0 7.891 17.315 -10 7.8952 17.2598 -10 7.8946 17.243 -10 7.825 17.2502 -10
4 0 7.8514 17.3246 -10 7.891 17.315 -10 7.8154 17.3072 -10 7.8286 17.318 -10
4 0 8.11 17.336 -10 8.14 17.33 -10 8.215 17.306 -10 8.11 17.12 -10
4 0 8.02 17.342 -10 7.984 17.27 -10 7.9258 17.2634 -10 7.891 17.315 -10
4 0 8.02 17.342 -10 7.891 17.315 -10 7.8514 17.3246 -10 7.924 17.336 -10
4 0 8.02 17.342 -10 8.11 17.336 -10 8.11 17.12 -10 7.984 17.27 -10
4 12 7.8058 10.76732 -10 8.2 10.757 -10 8.2 10.355 -10 7.7848 10.36586 -10
4 12 8.5942 10.76732 -10 8.6152 10.36586 -10 8.2 10.355 -10 8.2 10.757 -10
4 12 7.41268 10.79828 -10 7.8058 10.76732 -10 7.7848 10.36586 -10 7.37074 10.39844 -10
4 12 8.98732 10.79828 -10 9.02926 10.39844 -10 8.6152 10.36586 -10 8.5942 10.76732 -10
4 12 7.0222 10.84976 -10 7.41268 10.79828 -10 7.37074 10.39844 -10 6.95896 10.45268 -10
4 12 9.37828 10.84976 -10 9.44104 10.45268 -10 9.02926 10.39844 -10 8.98732 10.79828 -10
4 12 6.634 10.92164 -10 7.0222 10.84976 -10 6.95896 10.45268 -10 6.5506 10.52834 -10
4 12 9.766 10.92164 -10 9.8494 10.52834 -10 9.44104 10.45268 -10 9.37828 10.84976 -10
4 12 6.25054 11.01368 -10 6.634 10.92164 -10 6.5506 10.52834 -10 6.14674 10.6253 -10
4 12 10.14946 11.01368 -10 10.25326 10.6253 -10 9.8494 10.52834 -10 9.766 10.92164 -10
4 12 5.87242 11.1257 -10 6.25054 11.01368 -10 6.14674 10.6253 -10 5.74852 10.74326 -10
4 12 10.52758 11.1257 -10 10.65148 10.74326 -10 10.25326 10.6253 -10 10.14946 11.01368 -10
4 12 5.50072 11.25734 -10 5.87242 11.1257 -10 5.74852 10.74326 -10 5.35696 10.88192 -10
4 12 10.89928 11.25734 -10 11.04304 10.88192 -10 10.65148 10.74326 -10 10.52758 11.1257 -10
4 12 5.326 11.32694 -10 5.50072 11.25734 -10 5.35696 10.88192 -10 4.97326 11.04086 -10
4 12 11.074 11.32694 -10 11.42674 11.04086 -10 11.04304 10.88192 -10 10.89928 11.25734 -10
4 12 4.924 13.1 -10 5.326 11.32694 -10 4.97326 11.04086 -10 4.924 11.063 -10
3 12 4.924 13.1 -10 5.326 13.1 -10 5.326 11.32694 -10
3 12 11.074 13.1 -10 11.476 13.1 -10 11.074 11.32694 -10
4 12 11.476 13.1 -10 11.476 11.063 -10 11.42674 11.04086 -10 11.074 11.32694 -10
4 12 4.97692 13.90772 -10 5.37514 13.85252 -10 5.326 13.1 -10 4.924 13.1 -10
4 12 11.42308 13.90772 -10 11.476 13.1 -10 11.074 13.1 -10 11.02486 13.85252 -10
4 12 5.13484 14.70158 -10 5.52172 14.5922 -10 5.37514 13.85252 -10 4.97692 13.90772 -10
4 12 11.26516 14.70158 -10 11.42308 13.90772 -10 11.02486 13.85252 -10 10.87828 14.5922 -10
4 12 5.39506 15.46802 -10 5.763268 15.30662 -10 5.52172 14.5922 -10 5.13484 14.70158 -10
4 12 11.00494 15.46802 -10 11.26516 14.70158 -10 10.87828 14.5922 -10 10.63672 15.30662 -10
4 12 5.75302 16.19402 -10 6.09568 15.98348 -10 5.763268 15.30662 -10 5.39506 15.46802 -10
4 12 10.64698 16.19402 -10 11.00494 15.46802 -10 10.63672 15.30662 -10 10.30432 15.98348 -10
4 12 6.20272 16.86704 -10 6.51334 16.61138 -10 6.09568 15.98348 -10 5.75302 16.19402 -10
4 12 10.19728 16.86704 -10 10.64698 16.19402 -10 10.30432 15.98348 -10 9.88666 16.61138 -10
4 12 6.73642 17.47556 -10 7.00906 17.17964 -10 6.51334 16.61138 -10 6.20272 16.86704 -10
4 12 9.66358 17.47556 -10 10.19728 16.86704 -10 9.88666 16.61138 -10 9.39094 17.17964 -10
4 12 7.345 18.00926 -10 7.5745 17.6786 -10 7.00906 17.17964 -10 6.73642 17.47556 -10
4 12 9.055 18.00926 -10 9.66358 17.47556 -10 9.39094 17.17964 -10 8.8255 17.6786 -10
4 12 8.01802 18.45896 -10 8.2 18.0998 -10 7.5745 17.6786 -10 7.345 18.00926 -10
4 12 8.38198 18.45896 -10 9.055 18.00926 -10 8.8255 17.6786 -10 8.2 18.0998 -10
3 12 8.2 18.56 -10 8.2 18.0998 -10 8.01802 18.45896 -10
3 12 8.2 18.56 -10 8.38198 18.45896 -10 8.2 18.0998 -10
4 2 8.2 9.44 -10 8.2 9.716 -10 11.476 10.436 -10 11.476 10.151 -10
4 2 8.2 9.44 -10 4.924 10.151 -10 4.924 10.436 -10 8.2 9.716 -10
4 15 8.2 9.716 -10 8.2 9.968 -10 11.476 10.736 -10 11.476 10.436 -10
4 15 8.2 9.716 -10 4.924 10.436 -10 4.924 10.736 -10 8.2 9.968 -10
3 4 8.2 9.968 -10 8.2 10.355 -10 8.6152 10.36586 -10
3 4 8.2 9.968 -10 7.7848 10.36586 -10 8.2 10.355 -10
3 4 8.2 9.968 -10 8.6152 10.36586 -10 9.02926 10.39844 -10
3 4 8.2 9.968 -10 7.37074 10.39844 -10 7.7848 10.36586 -10
3 4 8.2 9.968 -10 9.02926 10.39844 -10 9.44104 10.45268 -10
3 4 8.2 9.968 -10 6.95896 10.45268 -10 7.37074 10.39844 -10
4 4 8.2 9.968 -10 9.44104 10.45268 -10 9.8494 10.52834 -10 11.476 10.736 -10
3 4 8.2 9.968 -10 6.5506 10.52834 -10 6.95896 10.45268 -10
4 4 8.2 9.968 -10 4.924 10.736 -10 6.14674 10.6253 -10 6.5506 10.52834 -10
3 4 11.476 10.736 -10 9.8494 10.52834 -10 10.25326 10.6253 -10
3 4 11.476 10.736 -10 10.25326 10.6253 -10 10.65148 10.74326 -10
3 4 11.476 10.736 -10 10.65148 10.74326 -10 11.04304 10.88192 -10
3 4 4.924 10.736 -10 5.74852 10.74326 -10 6.14674 10.6253 -10
3 4 4.924 10.736 -10 5.35696 10.88192 -10 5.74852 10.74326 -10
3 4 4.924 10.736 -10 4.97326 11.04086 -10 5.35696 10.88192 -10
3 4 4.924 10.736 -10 4.924 11.063 -10 4.97326 11.04086 -10
3 4 11.42674 11.04086 -10 11.476 10.736 -10 11.04304 10.88192 -10
3 4 11.476 11.063 -10 11.476 10.736 -10 11.42674 11.04086 -10
4 12 7.585 16.679 -10 7.615 16.673 -10 7.606 16.664 -10 7.594 16.67 -10
4 12 7.621 16.694 -10 7.615 16.673 -10 7.585 16.679 -10 7.573 16.694 -10
4 12 7.621 16.718 -10 7.621 16.694 -10 7.573 16.694 -10 7.558 16.709 -10
4 12 7.345 16.739 -10 7.381 16.667 -10 7.342 16.661 -10 7.3 16.739 -10
4 12 7.369 16.742 -10 7.423 16.676 -10 7.381 16.667 -10 7.345 16.739 -10
4 12 7.267 16.748 -10 7.3 16.739 -10 7.342 16.661 -10 7.294 16.661 -10
4 12 7.621 16.748 -10 7.621 16.718 -10 7.558 16.709 -10 7.54 16.715 -10
4 12 7.405 16.754 -10 7.453 16.688 -10 7.423 16.676 -10 7.369 16.742 -10
4 12 7.243 16.757 -10 7.267 16.748 -10 7.294 16.661 -10 7.249 16.664 -10
4 12 7.225 16.769 -10 7.243 16.757 -10 7.249 16.664 -10 7.216 16.673 -10
4 12 7.444 16.772 -10 7.483 16.703 -10 7.453 16.688 -10 7.405 16.754 -10
4 12 7.207 16.784 -10 7.225 16.769 -10 7.216 16.673 -10 7.186 16.685 -10
4 12 7.48 16.793 -10 7.516 16.715 -10 7.483 16.703 -10 7.444 16.772 -10
4 12 7.198 16.802 -10 7.207 16.784 -10 7.186 16.685 -10 7.15 16.709 -10
4 12 7.513 16.817 -10 7.54 16.715 -10 7.516 16.715 -10 7.48 16.793 -10
4 12 7.513 16.817 -10 7.624 16.79 -10 7.621 16.748 -10 7.54 16.715 -10
4 12 7.195 16.823 -10 7.198 16.802 -10 7.15 16.709 -10 7.123 16.733 -10
4 12 7.195 16.841 -10 7.195 16.823 -10 7.123 16.733 -10 7.099 16.763 -10
4 12 7.543 16.844 -10 7.633 16.841 -10 7.624 16.79 -10 7.513 16.817 -10
4 12 7.201 16.859 -10 7.195 16.841 -10 7.099 16.763 -10 7.078 16.802 -10
4 12 7.21 16.874 -10 7.201 16.859 -10 7.078 16.802 -10 7.075 16.829 -10
4 12 7.645 16.886 -10 7.633 16.841 -10 7.543 16.844 -10 7.567 16.871 -10
4 12 7.225 16.892 -10 7.21 16.874 -10 7.075 16.829 -10 7.075 16.874 -10
4 12 7.663 16.907 -10 7.645 16.886 -10 7.567 16.871 -10 7.582 16.895 -10
4 12 7.594 16.916 -10 7.678 16.913 -10 7.663 16.907 -10 7.582 16.895 -10
4 12 7.078 16.919 -10 7.246 16.91 -10 7.225 16.892 -10 7.075 16.874 -10
4 12 7.612 16.937 -10 7.678 16.931 -10 7.678 16.913 -10 7.594 16.916 -10
4 12 7.627 16.952 -10 7.672 16.949 -10 7.678 16.931 -10 7.612 16.937 -10
4 12 7.645 16.964 -10 7.66 16.964 -10 7.672 16.949 -10 7.627 16.952 -10
4 12 7.09 16.967 -10 7.27 16.928 -10 7.246 16.91 -10 7.078 16.919 -10
4 12 7.114 17.015 -10 7.3 16.946 -10 7.27 16.928 -10 7.09 16.967 -10
4 12 7.144 17.051 -10 7.33 16.961 -10 7.3 16.946 -10 7.114 17.015 -10
4 12 7.177 17.081 -10 7.363 16.973 -10 7.33 16.961 -10 7.144 17.051 -10
4 12 7.219 17.102 -10 7.402 16.988 -10 7.363 16.973 -10 7.177 17.081 -10
4 12 7.273 17.12 -10 7.432 16.997 -10 7.402 16.988 -10 7.219 17.102 -10
4 12 7.336 17.132 -10 7.471 17.009 -10 7.432 16.997 -10 7.273 17.12 -10
4 12 7.39 17.147 -10 7.507 17.024 -10 7.471 17.009 -10 7.336 17.132 -10
4 12 7.438 17.162 -10 7.546 17.042 -10 7.507 17.024 -10 7.39 17.147 -10
4 12 7.48 17.18 -10 7.588 17.069 -10 7.546 17.042 -10 7.438 17.162 -10
4 12 7.507 17.195 -10 7.627 17.099 -10 7.588 17.069 -10 7.48 17.18 -10
4 12 7.534 17.21 -10 7.66 17.138 -10 7.627 17.099 -10 7.507 17.195 -10
4 12 7.555 17.228 -10 7.687 17.183 -10 7.66 17.138 -10 7.534 17.21 -10
4 12 7.579 17.252 -10 7.702 17.222 -10 7.687 17.183 -10 7.555 17.228 -10
4 12 7.597 17.276 -10 7.714 17.27 -10 7.702 17.222 -10 7.579 17.252 -10
4 12 7.72 17.306 -10 7.714 17.27 -10 7.597 17.276 -10 7.609 17.3 -10
4 12 7.5745 17.6786 -10 7.72 17.345 -10 7.72 17.306 -10 7.609 17.3 -10
3 12 7.714 17.39 -10 7.72 17.345 -10 7.5745 17.6786 -10
3 12 7.705 17.438 -10 7.714 17.39 -10 7.5745 17.6786 -10
3 12 7.687 17.48 -10 7.705 17.438 -10 7.5745 17.6786 -10
3 12 7.663 17.519 -10 7.687 17.48 -10 7.5745 17.6786 -10
4 12 9.526 16.724 -10 9.499 16.724 -10 9.481 16.811 -10 9.526 16.811 -10
4 12 9.526 16.724 -10 9.526 16.811 -10 9.568 16.808 -10 9.559 16.724 -10
4 12 9.559 16.724 -10 9.568 16.808 -10 9.61 16.805 -10 9.607 16.721 -10
3 12 9.679 16.79 -10 9.88666 16.61138 -10 9.685 16.715 -10
4 12 9.64 16.799 -10 9.679 16.79 -10 9.685 16.715 -10 9.652 16.718 -10
4 12 9.61 16.805 -10 9.64 16.799 -10 9.652 16.718 -10 9.607 16.721 -10
4 12 9.39094 17.17964 -10 9.481 16.811 -10 9.499 16.724 -10 9.46 16.721 -10
3 12 9.39094 17.17964 -10 9.4 16.715 -10 9.328 16.703 -10
3 12 9.39094 17.17964 -10 9.46 16.721 -10 9.4 16.715 -10
4 0 8.542 11.339 -10 8.554 11.318 -10 8.545 11.324 -10 8.539 11.333 -10
4 0 8.554 11.348 -10 8.575 11.315 -10 8.554 11.318 -10 8.542 11.339 -10
4 0 8.569 11.354 -10 8.59 11.321 -10 8.575 11.315 -10 8.554 11.348 -10
4 0 8.584 11.36 -10 8.602 11.33 -10 8.59 11.321 -10 8.569 11.354 -10
4 0 8.596 11.363 -10 8.608 11.339 -10 8.602 11.33 -10 8.584 11.36 -10
4 0 8.596 11.363 -10 8.614 11.363 -10 8.614 11.348 -10 8.608 11.339 -10
3 0 8.614 11.363 -10 8.62 11.357 -10 8.614 11.348 -10
4 0 8.128 11.477 -10 8.137 11.477 -10 8.131 11.459 -10 8.122 11.468 -10
4 0 8.137 11.477 -10 8.146 11.477 -10 8.143 11.459 -10 8.131 11.459 -10
4 0 8.155 11.48 -10 8.155 11.459 -10 8.143 11.459 -10 8.146 11.477 -10
4 0 8.608 11.48 -10 8.62 11.459 -10 8.611 11.465 -10 8.605 11.474 -10
4 0 8.164 11.483 -10 8.167 11.462 -10 8.155 11.459 -10 8.155 11.48 -10
4 0 8.176 11.489 -10 8.182 11.468 -10 8.167 11.462 -10 8.164 11.483 -10
4 0 8.62 11.489 -10 8.641 11.456 -10 8.62 11.459 -10 8.608 11.48 -10
4 0 8.185 11.495 -10 8.194 11.477 -10 8.182 11.468 -10 8.176 11.489 -10
4 0 8.635 11.495 -10 8.656 11.462 -10 8.641 11.456 -10 8.62 11.489 -10
4 0 7.921 11.501 -10 7.918 11.492 -10 7.912 11.495 -10 7.903 11.501 -10
4 0 8.65 11.501 -10 8.668 11.471 -10 8.656 11.462 -10 8.635 11.495 -10
4 0 8.194 11.504 -10 8.206 11.489 -10 8.194 11.477 -10 8.185 11.495 -10
4 0 8.662 11.504 -10 8.674 11.48 -10 8.668 11.471 -10 8.65 11.501 -10
4 0 8.662 11.504 -10 8.68 11.504 -10 8.68 11.489 -10 8.674 11.48 -10
3 0 8.68 11.504 -10 8.686 11.498 -10 8.68 11.489 -10
4 0 8.2 11.51 -10 8.212 11.504 -10 8.206 11.489 -10 8.194 11.504 -10
4 0 7.915 11.513 -10 7.921 11.501 -10 7.903 11.501 -10 7.891 11.51 -10
4 0 8.206 11.516 -10 8.215 11.513 -10 8.212 11.504 -10 8.2 11.51 -10
3 0 8.212 11.519 -10 8.215 11.513 -10 8.206 11.516 -10
4 0 7.903 11.531 -10 7.915 11.513 -10 7.891 11.51 -10 7.879 11.519 -10
4 0 7.888 11.549 -10 7.903 11.531 -10 7.879 11.519 -10 7.861 11.531 -10
4 0 7.87 11.567 -10 7.888 11.549 -10 7.861 11.531 -10 7.843 11.543 -10
4 0 8.062 11.573 -10 8.071 11.573 -10 8.05 11.534 -10 8.038 11.546 -10
4 0 8.071 11.573 -10 8.083 11.573 -10 8.068 11.522 -10 8.05 11.534 -10
4 0 8.083 11.573 -10 8.092 11.573 -10 8.086 11.513 -10 8.068 11.522 -10
4 0 8.053 11.576 -10 8.062 11.573 -10 8.038 11.546 -10 8.032 11.555 -10
4 0 8.101 11.576 -10 8.11 11.51 -10 8.086 11.513 -10 8.092 11.573 -10
3 0 8.032 11.579 -10 8.044 11.579 -10 8.029 11.564 -10
4 0 8.044 11.579 -10 8.053 11.576 -10 8.032 11.555 -10 8.029 11.564 -10
4 0 8.107 11.579 -10 8.131 11.513 -10 8.11 11.51 -10 8.101 11.576 -10
4 0 7.849 11.582 -10 7.87 11.567 -10 7.843 11.543 -10 7.816 11.558 -10
4 0 8.113 11.582 -10 8.146 11.519 -10 8.131 11.513 -10 8.107 11.579 -10
4 0 8.119 11.588 -10 8.158 11.528 -10 8.146 11.519 -10 8.113 11.582 -10
4 0 7.828 11.594 -10 7.849 11.582 -10 7.816 11.558 -10 7.795 11.57 -10
4 0 8.128 11.594 -10 8.167 11.54 -10 8.158 11.528 -10 8.119 11.588 -10
4 0 7.804 11.603 -10 7.828 11.594 -10 7.795 11.57 -10 7.771 11.579 -10
4 0 8.134 11.603 -10 8.176 11.555 -10 8.167 11.54 -10 8.128 11.594 -10
4 0 8.143 11.612 -10 8.182 11.567 -10 8.176 11.555 -10 8.134 11.603 -10
4 0 7.774 11.615 -10 7.804 11.603 -10 7.771 11.579 -10 7.75 11.588 -10
4 0 8.149 11.618 -10 8.188 11.582 -10 8.182 11.567 -10 8.143 11.612 -10
4 0 7.753 11.621 -10 7.774 11.615 -10 7.75 11.588 -10 7.72 11.6 -10
4 0 8.158 11.624 -10 8.191 11.597 -10 8.188 11.582 -10 8.149 11.618 -10
4 0 7.729 11.627 -10 7.753 11.621 -10 7.72 11.6 -10 7.699 11.606 -10
4 0 8.17 11.627 -10 8.188 11.615 -10 8.191 11.597 -10 8.158 11.624 -10
3 0 8.17 11.627 -10 8.182 11.627 -10 8.188 11.615 -10
4 0 7.654 11.63 -10 7.666 11.63 -10 7.657 11.618 -10 7.648 11.624 -10
4 0 7.666 11.63 -10 7.681 11.63 -10 7.672 11.615 -10 7.657 11.618 -10
4 0 7.681 11.63 -10 7.702 11.63 -10 7.684 11.612 -10 7.672 11.615 -10
4 0 7.702 11.63 -10 7.729 11.627 -10 7.699 11.606 -10 7.684 11.612 -10
4 0 8.74 11.651 -10 8.752 11.651 -10 8.749 11.63 -10 8.734 11.627 -10
4 0 8.728 11.654 -10 8.74 11.651 -10 8.734 11.627 -10 8.722 11.627 -10
4 0 8.764 11.654 -10 8.764 11.63 -10 8.749 11.63 -10 8.752 11.651 -10
4 0 8.764 11.654 -10 8.776 11.654 -10 8.779 11.633 -10 8.764 11.63 -10
4 0 8.776 11.654 -10 8.788 11.654 -10 8.788 11.636 -10 8.779 11.633 -10
4 0 8.788 11.654 -10 8.794 11.651 -10 8.794 11.642 -10 8.788 11.636 -10
4 0 8.719 11.657 -10 8.728 11.654 -10 8.722 11.627 -10 8.701 11.627 -10
4 0 8.71 11.66 -10 8.719 11.657 -10 8.701 11.627 -10 8.686 11.63 -10
4 0 8.698 11.666 -10 8.71 11.66 -10 8.686 11.63 -10 8.674 11.627 -10
4 0 8.683 11.672 -10 8.698 11.666 -10 8.674 11.627 -10 8.662 11.624 -10
4 0 8.668 11.678 -10 8.683 11.672 -10 8.662 11.624 -10 8.653 11.621 -10
4 0 8.626 11.684 -10 8.626 11.639 -10 8.62 11.654 -10 8.62 11.681 -10
4 0 8.656 11.684 -10 8.668 11.678 -10 8.653 11.621 -10 8.647 11.621 -10
4 0 8.632 11.69 -10 8.632 11.624 -10 8.626 11.639 -10 8.626 11.684 -10
4 0 8.632 11.69 -10 8.644 11.69 -10 8.638 11.621 -10 8.632 11.624 -10
4 0 8.644 11.69 -10 8.656 11.684 -10 8.647 11.621 -10 8.638 11.621 -10
3 0 7.414 11.78 -10 7.411 11.768 -10 7.402 11.759 -10
4 0 7.411 11.795 -10 7.414 11.78 -10 7.402 11.759 -10 7.39 11.75 -10
4 0 7.408 11.798 -10 7.411 11.795 -10 7.39 11.75 -10 7.375 11.744 -10
4 0 7.402 11.801 -10 7.408 11.798 -10 7.375 11.744 -10 7.36 11.747 -10
4 0 7.39 11.804 -10 7.402 11.801 -10 7.36 11.747 -10 7.345 11.756 -10
4 0 8.692 11.804 -10 8.698 11.78 -10 8.686 11.786 -10 8.683 11.801 -10
4 0 8.692 11.804 -10 8.704 11.81 -10 8.71 11.777 -10 8.698 11.78 -10
4 0 7.381 11.81 -10 7.39 11.804 -10 7.345 11.756 -10 7.336 11.768 -10
4 0 8.218 11.81 -10 8.218 11.804 -10 8.212 11.804 -10 8.203 11.81 -10
4 0 8.716 11.816 -10 8.731 11.777 -10 8.71 11.777 -10 8.704 11.81 -10
4 0 7.366 11.819 -10 7.381 11.81 -10 7.336 11.768 -10 7.324 11.786 -10
4 0 8.194 11.819 -10 8.215 11.816 -10 8.218 11.81 -10 8.203 11.81 -10
4 0 8.731 11.819 -10 8.743 11.783 -10 8.731 11.777 -10 8.716 11.816 -10
4 0 8.743 11.822 -10 8.755 11.792 -10 8.743 11.783 -10 8.731 11.819 -10
4 0 8.209 11.825 -10 8.215 11.816 -10 8.194 11.819 -10 8.188 11.825 -10
4 0 8.758 11.825 -10 8.764 11.804 -10 8.755 11.792 -10 8.743 11.822 -10
4 0 8.758 11.825 -10 8.773 11.825 -10 8.77 11.813 -10 8.764 11.804 -10
4 0 7.354 11.828 -10 7.366 11.819 -10 7.324 11.786 -10 7.318 11.804 -10
4 0 7.345 11.837 -10 7.354 11.828 -10 7.318 11.804 -10 7.315 11.819 -10
4 0 8.2 11.837 -10 8.209 11.825 -10 8.188 11.825 -10 8.176 11.834 -10
4 0 7.339 11.843 -10 7.345 11.837 -10 7.315 11.819 -10 7.312 11.834 -10
4 0 7.333 11.849 -10 7.339 11.843 -10 7.312 11.834 -10 7.315 11.843 -10
4 0 7.327 11.852 -10 7.333 11.849 -10 7.315 11.843 -10 7.318 11.849 -10
4 0 8.188 11.852 -10 8.2 11.837 -10 8.176 11.834 -10 8.164 11.843 -10
4 0 7.645 11.864 -10 7.645 11.858 -10 7.639 11.852 -10 7.63 11.849 -10
4 0 8.176 11.867 -10 8.188 11.852 -10 8.164 11.843 -10 8.152 11.852 -10
4 0 7.642 11.873 -10 7.645 11.864 -10 7.63 11.849 -10 7.618 11.852 -10
4 0 7.633 11.885 -10 7.642 11.873 -10 7.618 11.852 -10 7.609 11.858 -10
4 0 8.161 11.885 -10 8.176 11.867 -10 8.152 11.852 -10 8.137 11.864 -10
4 0 7.624 11.891 -10 7.633 11.885 -10 7.609 11.858 -10 7.603 11.867 -10
3 0 7.615 11.894 -10 7.6 11.882 -10 7.603 11.891 -10
4 0 7.615 11.894 -10 7.624 11.891 -10 7.603 11.867 -10 7.6 11.882 -10
4 0 8.149 11.9 -10 8.161 11.885 -10 8.137 11.864 -10 8.125 11.873 -10
4 0 8.329 11.9 -10 8.341 11.894 -10 8.335 11.891 -10 8.332 11.894 -10
4 0 8.341 11.903 -10 8.341 11.894 -10 8.329 11.9 -10 8.326 11.903 -10
4 0 8.14 11.912 -10 8.149 11.9 -10 8.125 11.873 -10 8.116 11.879 -10
4 0 8.338 11.912 -10 8.341 11.903 -10 8.326 11.903 -10 8.323 11.909 -10
4 0 8.128 11.924 -10 8.14 11.912 -10 8.116 11.879 -10 8.101 11.888 -10
4 0 8.335 11.924 -10 8.338 11.912 -10 8.323 11.909 -10 8.314 11.918 -10
3 0 8.701 11.927 -10 8.713 11.894 -10 8.698 11.9 -10
4 0 8.701 11.927 -10 8.698 11.9 -10 8.689 11.909 -10 8.689 11.921 -10
4 0 8.116 11.933 -10 8.128 11.924 -10 8.101 11.888 -10 8.086 11.897 -10
4 0 8.713 11.933 -10 8.737 11.894 -10 8.713 11.894 -10 8.701 11.927 -10
4 0 8.329 11.936 -10 8.335 11.924 -10 8.314 11.918 -10 8.308 11.924 -10
4 0 8.725 11.936 -10 8.749 11.9 -10 8.737 11.894 -10 8.713 11.933 -10
4 0 8.737 11.939 -10 8.758 11.909 -10 8.749 11.9 -10 8.725 11.936 -10
3 0 8.026 11.942 -10 8.023 11.927 -10 8.02 11.939 -10
4 0 8.095 11.942 -10 8.116 11.933 -10 8.086 11.897 -10 8.068 11.906 -10
4 0 8.749 11.942 -10 8.77 11.921 -10 8.758 11.909 -10 8.737 11.939 -10
4 0 8.032 11.945 -10 8.035 11.921 -10 8.023 11.927 -10 8.026 11.942 -10
4 0 8.032 11.945 -10 8.053 11.945 -10 8.053 11.912 -10 8.035 11.921 -10
4 0 8.053 11.945 -10 8.074 11.945 -10 8.068 11.906 -10 8.053 11.912 -10
3 0 8.074 11.945 -10 8.095 11.942 -10 8.068 11.906 -10
4 0 8.32 11.945 -10 8.329 11.936 -10 8.308 11.924 -10 8.299 11.93 -10
4 0 8.767 11.945 -10 8.776 11.93 -10 8.77 11.921 -10 8.749 11.942 -10
3 0 8.767 11.945 -10 8.782 11.945 -10 8.776 11.93 -10
4 0 8.305 11.954 -10 8.32 11.945 -10 8.299 11.93 -10 8.29 11.936 -10
4 0 8.29 11.963 -10 8.305 11.954 -10 8.29 11.936 -10 8.281 11.942 -10
4 0 8.278 11.966 -10 8.29 11.963 -10 8.281 11.942 -10 8.272 11.948 -10
4 0 8.38 11.966 -10 8.377 11.96 -10 8.374 11.96 -10 8.368 11.963 -10
4 0 8.263 11.972 -10 8.278 11.966 -10 8.272 11.948 -10 8.26 11.957 -10
4 0 8.377 11.972 -10 8.38 11.966 -10 8.368 11.963 -10 8.362 11.969 -10
4 0 8.251 11.975 -10 8.263 11.972 -10 8.26 11.957 -10 8.245 11.963 -10
4 0 8.23 11.978 -10 8.233 11.969 -10 8.227 11.972 -10 8.224 11.975 -10
4 0 8.23 11.978 -10 8.239 11.978 -10 8.245 11.963 -10 8.233 11.969 -10
3 0 8.239 11.978 -10 8.251 11.975 -10 8.245 11.963 -10
4 0 8.374 11.981 -10 8.377 11.972 -10 8.362 11.969 -10 8.353 11.975 -10
4 0 8.368 11.996 -10 8.374 11.981 -10 8.353 11.975 -10 8.347 11.978 -10
4 0 8.362 12.008 -10 8.368 11.996 -10 8.347 11.978 -10 8.338 11.984 -10
4 0 8.35 12.017 -10 8.362 12.008 -10 8.338 11.984 -10 8.326 11.99 -10
4 0 8.341 12.023 -10 8.35 12.017 -10 8.326 11.99 -10 8.317 11.993 -10
4 0 8.32 12.026 -10 8.341 12.023 -10 8.317 11.993 -10 8.311 11.996 -10
4 0 8.218 12.029 -10 8.233 12.017 -10 8.218 12.02 -10 8.215 12.023 -10
4 0 8.218 12.029 -10 8.23 12.029 -10 8.26 12.011 -10 8.233 12.017 -10
4 0 8.23 12.029 -10 8.245 12.029 -10 8.281 12.005 -10 8.26 12.011 -10
4 0 8.245 12.029 -10 8.269 12.029 -10 8.299 11.999 -10 8.281 12.005 -10
4 0 8.269 12.029 -10 8.299 12.029 -10 8.311 11.996 -10 8.299 11.999 -10
3 0 8.299 12.029 -10 8.32 12.026 -10 8.311 11.996 -10
4 0 8.698 12.038 -10 8.704 12.017 -10 8.695 12.023 -10 8.692 12.032 -10
3 0 8.707 12.041 -10 8.731 12.011 -10 8.716 12.014 -10
4 0 8.707 12.041 -10 8.716 12.014 -10 8.704 12.017 -10 8.698 12.038 -10
4 0 8.719 12.047 -10 8.749 12.011 -10 8.731 12.011 -10 8.707 12.041 -10
4 0 8.731 12.053 -10 8.761 12.017 -10 8.749 12.011 -10 8.719 12.047 -10
4 0 8.746 12.059 -10 8.773 12.026 -10 8.761 12.017 -10 8.731 12.053 -10
4 0 8.761 12.062 -10 8.782 12.035 -10 8.773 12.026 -10 8.746 12.059 -10
4 0 8.776 12.065 -10 8.791 12.05 -10 8.782 12.035 -10 8.761 12.062 -10
3 0 8.776 12.065 -10 8.794 12.065 -10 8.791 12.05 -10
4 0 8.695 12.176 -10 8.713 12.152 -10 8.704 12.155 -10 8.692 12.164 -10
4 0 8.704 12.182 -10 8.725 12.149 -10 8.713 12.152 -10 8.695 12.176 -10
4 0 8.71 12.188 -10 8.743 12.149 -10 8.725 12.149 -10 8.704 12.182 -10
4 0 8.722 12.191 -10 8.758 12.155 -10 8.743 12.149 -10 8.71 12.188 -10
4 0 8.74 12.197 -10 8.77 12.167 -10 8.758 12.155 -10 8.722 12.191 -10
4 0 8.755 12.203 -10 8.782 12.179 -10 8.77 12.167 -10 8.74 12.197 -10
4 0 8.77 12.206 -10 8.788 12.191 -10 8.782 12.179 -10 8.755 12.203 -10
3 0 8.794 12.209 -10 8.788 12.191 -10 8.77 12.206 -10
4 0 8.299 12.299 -10 8.323 12.299 -10 8.32 12.287 -10 8.305 12.284 -10
4 0 8.293 12.311 -10 8.323 12.311 -10 8.323 12.299 -10 8.299 12.299 -10
4 0 8.686 12.317 -10 8.713 12.287 -10 8.701 12.29 -10 8.68 12.308 -10
4 0 8.692 12.323 -10 8.731 12.284 -10 8.713 12.287 -10 8.686 12.317 -10
4 0 8.323 12.329 -10 8.323 12.311 -10 8.293 12.311 -10 8.287 12.326 -10
4 0 8.704 12.329 -10 8.749 12.287 -10 8.731 12.284 -10 8.692 12.323 -10
4 0 8.716 12.335 -10 8.758 12.293 -10 8.749 12.287 -10 8.704 12.329 -10
4 0 8.728 12.341 -10 8.767 12.302 -10 8.758 12.293 -10 8.716 12.335 -10
4 0 8.74 12.344 -10 8.776 12.311 -10 8.767 12.302 -10 8.728 12.341 -10
4 0 8.323 12.347 -10 8.323 12.329 -10 8.287 12.326 -10 8.281 12.344 -10
4 0 8.758 12.35 -10 8.788 12.323 -10 8.776 12.311 -10 8.74 12.344 -10
4 0 8.776 12.353 -10 8.794 12.335 -10 8.788 12.323 -10 8.758 12.35 -10
3 0 8.776 12.353 -10 8.8 12.353 -10 8.794 12.335 -10
4 0 8.275 12.365 -10 8.323 12.362 -10 8.323 12.347 -10 8.281 12.344 -10
4 0 8.266 12.389 -10 8.32 12.389 -10 8.323 12.362 -10 8.275 12.365 -10
4 0 8.314 12.419 -10 8.32 12.389 -10 8.266 12.389 -10 8.26 12.41 -10
4 0 8.677 12.452 -10 8.683 12.431 -10 8.674 12.437 -10 8.671 12.446 -10
4 0 8.305 12.455 -10 8.314 12.419 -10 8.26 12.41 -10 8.248 12.44 -10
4 0 8.689 12.458 -10 8.695 12.425 -10 8.683 12.431 -10 8.677 12.452 -10
3 0 8.689 12.458 -10 8.71 12.425 -10 8.695 12.425 -10
4 0 8.701 12.464 -10 8.725 12.425 -10 8.71 12.425 -10 8.689 12.458 -10
4 0 8.713 12.47 -10 8.737 12.431 -10 8.725 12.425 -10 8.701 12.464 -10
4 0 8.725 12.473 -10 8.752 12.443 -10 8.737 12.431 -10 8.713 12.47 -10
4 0 8.74 12.476 -10 8.764 12.455 -10 8.752 12.443 -10 8.725 12.473 -10
4 0 8.755 12.479 -10 8.77 12.464 -10 8.764 12.455 -10 8.74 12.476 -10
3 0 8.755 12.479 -10 8.773 12.479 -10 8.77 12.464 -10
4 0 8.29 12.497 -10 8.305 12.455 -10 8.248 12.44 -10 8.23 12.482 -10
4 0 8.272 12.533 -10 8.29 12.497 -10 8.23 12.482 -10 8.215 12.518 -10
4 0 8.251 12.566 -10 8.272 12.533 -10 8.215 12.518 -10 8.194 12.557 -10
4 0 8.677 12.572 -10 8.689 12.548 -10 8.677 12.554 -10 8.668 12.566 -10
4 0 8.689 12.578 -10 8.707 12.548 -10 8.689 12.548 -10 8.677 12.572 -10
4 0 8.704 12.584 -10 8.716 12.551 -10 8.707 12.548 -10 8.689 12.578 -10
4 0 8.716 12.59 -10 8.728 12.557 -10 8.716 12.551 -10 8.704 12.584 -10
4 0 8.728 12.593 -10 8.74 12.569 -10 8.728 12.557 -10 8.716 12.59 -10
4 0 8.74 12.596 -10 8.749 12.578 -10 8.74 12.569 -10 8.728 12.593 -10
3 0 8.74 12.596 -10 8.752 12.593 -10 8.749 12.578 -10
4 0 8.224 12.605 -10 8.251 12.566 -10 8.194 12.557 -10 8.173 12.593 -10
4 0 8.2 12.635 -10 8.224 12.605 -10 8.173 12.593 -10 8.146 12.629 -10
4 0 8.176 12.665 -10 8.2 12.635 -10 8.146 12.629 -10 8.128 12.656 -10
4 0 8.662 12.686 -10 8.674 12.665 -10 8.662 12.671 -10 8.656 12.68 -10
4 0 8.668 12.689 -10 8.686 12.665 -10 8.674 12.665 -10 8.662 12.686 -10
4 0 8.152 12.692 -10 8.176 12.665 -10 8.128 12.656 -10 8.11 12.683 -10
4 0 8.677 12.695 -10 8.695 12.668 -10 8.686 12.665 -10 8.668 12.689 -10
4 0 8.686 12.698 -10 8.704 12.674 -10 8.695 12.668 -10 8.677 12.695 -10
4 0 8.698 12.701 -10 8.713 12.683 -10 8.704 12.674 -10 8.686 12.698 -10
4 0 8.71 12.704 -10 8.719 12.692 -10 8.713 12.683 -10 8.698 12.701 -10
3 0 8.722 12.707 -10 8.719 12.692 -10 8.71 12.704 -10
4 0 8.128 12.719 -10 8.152 12.692 -10 8.11 12.683 -10 8.092 12.71 -10
4 0 8.107 12.743 -10 8.128 12.719 -10 8.092 12.71 -10 8.071 12.74 -10
4 0 8.059 12.764 -10 8.089 12.761 -10 8.107 12.743 -10 8.071 12.74 -10
4 0 8.059 12.776 -10 8.074 12.773 -10 8.089 12.761 -10 8.059 12.764 -10
4 0 8.644 12.794 -10 8.656 12.773 -10 8.647 12.776 -10 8.638 12.788 -10
4 0 8.653 12.797 -10 8.668 12.773 -10 8.656 12.773 -10 8.644 12.794 -10
4 0 8.665 12.803 -10 8.677 12.779 -10 8.668 12.773 -10 8.653 12.797 -10
4 0 8.674 12.806 -10 8.686 12.788 -10 8.677 12.779 -10 8.665 12.803 -10
4 0 8.686 12.809 -10 8.692 12.794 -10 8.686 12.788 -10 8.674 12.806 -10
3 0 8.695 12.812 -10 8.692 12.794 -10 8.686 12.809 -10
3 0 6.688 12.857 -10 6.688 12.845 -10 6.679 12.836 -10
4 0 6.676 12.866 -10 6.688 12.857 -10 6.679 12.836 -10 6.658 12.83 -10
4 0 6.607 12.869 -10 6.616 12.869 -10 6.61 12.851 -10 6.604 12.857 -10
4 0 6.616 12.869 -10 6.631 12.869 -10 6.619 12.845 -10 6.61 12.851 -10
4 0 6.631 12.869 -10 6.652 12.869 -10 6.637 12.836 -10 6.619 12.845 -10
4 0 6.652 12.869 -10 6.676 12.866 -10 6.658 12.83 -10 6.637 12.836 -10
4 0 8.62 12.884 -10 8.623 12.86 -10 8.611 12.869 -10 8.611 12.878 -10
4 0 8.632 12.89 -10 8.638 12.86 -10 8.623 12.86 -10 8.62 12.884 -10
4 0 8.644 12.893 -10 8.647 12.866 -10 8.638 12.86 -10 8.632 12.89 -10
4 0 8.656 12.896 -10 8.656 12.872 -10 8.647 12.866 -10 8.644 12.893 -10
4 0 8.656 12.896 -10 8.671 12.896 -10 8.665 12.881 -10 8.656 12.872 -10
4 0 8.602 12.986 -10 8.599 12.965 -10 8.584 12.974 -10 8.593 12.983 -10
4 0 8.611 12.989 -10 8.611 12.965 -10 8.599 12.965 -10 8.602 12.986 -10
4 0 8.62 12.992 -10 8.62 12.971 -10 8.611 12.965 -10 8.611 12.989 -10
4 0 8.62 12.992 -10 8.632 12.992 -10 8.626 12.977 -10 8.62 12.971 -10
4 0 6.415 13.046 -10 6.454 13.046 -10 6.451 13.028 -10 6.433 13.031 -10
4 0 7.75 13.049 -10 7.78 13.049 -10 7.81 12.995 -10 7.774 12.995 -10
4 0 7.78 13.049 -10 7.81 13.049 -10 7.84 12.998 -10 7.81 12.995 -10
4 0 7.723 13.052 -10 7.75 13.049 -10 7.774 12.995 -10 7.741 12.998 -10
4 0 7.834 13.052 -10 7.87 13.004 -10 7.84 12.998 -10 7.81 13.049 -10
4 0 7.702 13.055 -10 7.723 13.052 -10 7.741 12.998 -10 7.714 13.004 -10
4 0 7.855 13.055 -10 7.897 13.013 -10 7.87 13.004 -10 7.834 13.052 -10
4 0 7.684 13.061 -10 7.702 13.055 -10 7.714 13.004 -10 7.681 13.013 -10
4 0 7.882 13.061 -10 7.924 13.025 -10 7.897 13.013 -10 7.855 13.055 -10
4 0 7.666 13.067 -10 7.684 13.061 -10 7.681 13.013 -10 7.657 13.022 -10
4 0 7.648 13.07 -10 7.666 13.067 -10 7.657 13.022 -10 7.636 13.034 -10
4 0 7.909 13.07 -10 7.945 13.037 -10 7.924 13.025 -10 7.882 13.061 -10
4 0 7.621 13.073 -10 7.636 13.073 -10 7.621 13.046 -10 7.615 13.061 -10
4 0 7.636 13.073 -10 7.648 13.07 -10 7.636 13.034 -10 7.621 13.046 -10
4 0 6.397 13.076 -10 6.448 13.073 -10 6.454 13.046 -10 6.415 13.046 -10
4 0 7.93 13.076 -10 7.963 13.052 -10 7.945 13.037 -10 7.909 13.07 -10
4 0 8.56 13.076 -10 8.575 13.061 -10 8.563 13.061 -10 8.554 13.07 -10
4 0 7.948 13.082 -10 7.978 13.067 -10 7.963 13.052 -10 7.93 13.076 -10
4 0 8.569 13.082 -10 8.584 13.067 -10 8.575 13.061 -10 8.56 13.076 -10
4 0 8.581 13.085 -10 8.59 13.073 -10 8.584 13.067 -10 8.569 13.082 -10
3 0 8.581 13.085 -10 8.593 13.085 -10 8.59 13.073 -10
4 0 7.966 13.088 -10 7.987 13.079 -10 7.978 13.067 -10 7.948 13.082 -10
4 0 7.978 13.091 -10 7.99 13.088 -10 7.987 13.079 -10 7.966 13.088 -10
4 0 6.373 13.115 -10 6.427 13.109 -10 6.448 13.073 -10 6.397 13.076 -10
4 0 6.352 13.154 -10 6.403 13.145 -10 6.427 13.109 -10 6.373 13.115 -10
4 0 8.518 13.166 -10 8.533 13.151 -10 8.521 13.154 -10 8.515 13.16 -10
4 0 6.781 13.169 -10 6.787 13.142 -10 6.778 13.142 -10 6.778 13.151 -10
4 0 8.527 13.172 -10 8.542 13.157 -10 8.533 13.151 -10 8.518 13.166 -10
4 0 8.536 13.178 -10 8.548 13.163 -10 8.542 13.157 -10 8.527 13.172 -10
3 0 8.536 13.178 -10 8.551 13.178 -10 8.548 13.163 -10
4 0 6.787 13.181 -10 6.802 13.151 -10 6.787 13.142 -10 6.781 13.169 -10
4 0 6.331 13.19 -10 6.382 13.175 -10 6.403 13.145 -10 6.352 13.154 -10
4 0 6.796 13.196 -10 6.814 13.16 -10 6.802 13.151 -10 6.787 13.181 -10
4 0 6.808 13.214 -10 6.829 13.175 -10 6.814 13.16 -10 6.796 13.196 -10
4 0 6.316 13.217 -10 6.358 13.211 -10 6.382 13.175 -10 6.331 13.19 -10
4 0 6.313 13.232 -10 6.343 13.229 -10 6.358 13.211 -10 6.316 13.217 -10
4 0 6.82 13.232 -10 6.844 13.19 -10 6.829 13.175 -10 6.808 13.214 -10
4 0 6.316 13.244 -10 6.328 13.241 -10 6.343 13.229 -10 6.313 13.232 -10
4 0 6.835 13.25 -10 6.856 13.208 -10 6.844 13.19 -10 6.82 13.232 -10
4 0 6.85 13.265 -10 6.865 13.226 -10 6.856 13.208 -10 6.835 13.25 -10
4 0 7.252 13.265 -10 7.252 13.259 -10 7.246 13.256 -10 7.225 13.262 -10
4 0 6.862 13.274 -10 6.877 13.247 -10 6.865 13.226 -10 6.85 13.265 -10
4 0 6.862 13.274 -10 6.874 13.271 -10 6.88 13.262 -10 6.877 13.247 -10
4 0 7.24 13.283 -10 7.252 13.265 -10 7.225 13.262 -10 7.207 13.277 -10
4 0 7.222 13.307 -10 7.24 13.283 -10 7.207 13.277 -10 7.183 13.301 -10
4 0 7.198 13.343 -10 7.222 13.307 -10 7.183 13.301 -10 7.162 13.331 -10
4 0 7.174 13.376 -10 7.198 13.343 -10 7.162 13.331 -10 7.141 13.367 -10
4 0 7.156 13.403 -10 7.174 13.376 -10 7.141 13.367 -10 7.123 13.4 -10
4 0 7.138 13.433 -10 7.156 13.403 -10 7.123 13.4 -10 7.111 13.427 -10
4 0 7.123 13.457 -10 7.138 13.433 -10 7.111 13.427 -10 7.099 13.454 -10
4 0 7.111 13.475 -10 7.123 13.457 -10 7.099 13.454 -10 7.09 13.472 -10
4 0 6.454 13.484 -10 6.454 13.472 -10 6.445 13.466 -10 6.436 13.469 -10
4 0 6.448 13.496 -10 6.454 13.484 -10 6.436 13.469 -10 6.427 13.478 -10
4 0 7.096 13.496 -10 7.111 13.475 -10 7.09 13.472 -10 7.084 13.487 -10
3 0 7.084 13.502 -10 7.096 13.496 -10 7.084 13.487 -10
4 0 6.439 13.508 -10 6.448 13.496 -10 6.427 13.478 -10 6.418 13.49 -10
4 0 6.43 13.52 -10 6.439 13.508 -10 6.418 13.49 -10 6.409 13.505 -10
4 0 6.424 13.529 -10 6.43 13.52 -10 6.409 13.505 -10 6.403 13.517 -10
4 0 6.415 13.541 -10 6.424 13.529 -10 6.403 13.517 -10 6.4 13.529 -10
3 0 6.403 13.544 -10 6.415 13.541 -10 6.4 13.529 -10
4 0 6.103 13.592 -10 6.1 13.583 -10 6.091 13.586 -10 6.082 13.592 -10
4 0 6.067 13.61 -10 6.103 13.604 -10 6.103 13.592 -10 6.082 13.592 -10
4 0 6.094 13.631 -10 6.103 13.604 -10 6.067 13.61 -10 6.058 13.625 -10
4 0 6.082 13.652 -10 6.094 13.631 -10 6.058 13.625 -10 6.049 13.646 -10
4 0 6.073 13.67 -10 6.082 13.652 -10 6.049 13.646 -10 6.049 13.67 -10
4 0 8.377 13.67 -10 8.371 13.655 -10 8.353 13.646 -10 8.338 13.661 -10
4 0 6.064 13.679 -10 6.073 13.67 -10 6.049 13.67 -10 6.055 13.679 -10
4 0 8.335 13.694 -10 8.383 13.694 -10 8.377 13.67 -10 8.338 13.661 -10
4 0 6.679 13.715 -10 6.697 13.694 -10 6.685 13.694 -10 6.673 13.703 -10
4 0 6.694 13.724 -10 6.718 13.7 -10 6.697 13.694 -10 6.679 13.715 -10
4 0 6.709 13.73 -10 6.736 13.706 -10 6.718 13.7 -10 6.694 13.724 -10
4 0 8.338 13.73 -10 8.389 13.73 -10 8.383 13.694 -10 8.335 13.694 -10
4 0 6.733 13.739 -10 6.757 13.715 -10 6.736 13.706 -10 6.709 13.73 -10
4 0 6.757 13.751 -10 6.784 13.727 -10 6.757 13.715 -10 6.733 13.739 -10
4 0 6.778 13.763 -10 6.802 13.736 -10 6.784 13.727 -10 6.757 13.751 -10
4 0 6.796 13.775 -10 6.826 13.748 -10 6.802 13.736 -10 6.778 13.763 -10
4 0 8.347 13.778 -10 8.395 13.778 -10 8.389 13.73 -10 8.338 13.73 -10
4 0 6.811 13.784 -10 6.844 13.757 -10 6.826 13.748 -10 6.796 13.775 -10
4 0 6.829 13.796 -10 6.859 13.766 -10 6.844 13.757 -10 6.811 13.784 -10
4 0 6.847 13.808 -10 6.877 13.778 -10 6.859 13.766 -10 6.829 13.796 -10
4 0 6.865 13.82 -10 6.898 13.793 -10 6.877 13.778 -10 6.847 13.808 -10
4 0 8.359 13.826 -10 8.41 13.817 -10 8.395 13.778 -10 8.347 13.778 -10
4 0 6.886 13.832 -10 6.913 13.802 -10 6.898 13.793 -10 6.865 13.82 -10
4 0 6.91 13.835 -10 6.925 13.811 -10 6.913 13.802 -10 6.886 13.832 -10
3 0 6.91 13.835 -10 6.928 13.832 -10 6.925 13.811 -10
4 0 6.385 13.865 -10 6.409 13.853 -10 6.397 13.847 -10 6.388 13.853 -10
4 0 6.382 13.877 -10 6.412 13.865 -10 6.409 13.853 -10 6.385 13.865 -10
4 0 8.38 13.877 -10 8.428 13.859 -10 8.41 13.817 -10 8.359 13.826 -10
4 0 6.382 13.895 -10 6.4135 13.88 -10 6.412 13.865 -10 6.382 13.877 -10
4 0 6.382 13.919 -10 6.415 13.901 -10 6.4135 13.88 -10 6.382 13.895 -10
4 0 5.983 13.925 -10 6.01 13.922 -10 6.001 13.913 -10 5.992 13.916 -10
4 0 8.407 13.928 -10 8.449 13.901 -10 8.428 13.859 -10 8.38 13.877 -10
4 0 6.382 13.937 -10 6.418 13.922 -10 6.415 13.901 -10 6.382 13.919 -10
4 0 5.977 13.94 -10 6.013 13.934 -10 6.01 13.922 -10 5.983 13.925 -10
4 0 5.974 13.958 -10 6.013 13.952 -10 6.013 13.934 -10 5.977 13.94 -10
4 0 6.382 13.958 -10 6.418 13.943 -10 6.418 13.922 -10 6.382 13.937 -10
4 0 8.434 13.976 -10 8.476 13.949 -10 8.449 13.901 -10 8.407 13.928 -10
4 0 5.977 13.979 -10 6.007 13.973 -10 6.013 13.952 -10 5.974 13.958 -10
4 0 6.385 13.982 -10 6.421 13.967 -10 6.418 13.943 -10 6.382 13.958 -10
4 0 5.983 13.991 -10 6.001 13.988 -10 6.007 13.973 -10 5.977 13.979 -10
3 0 5.992 13.994 -10 6.001 13.988 -10 5.983 13.991 -10
4 0 6.388 14 -10 6.424 13.985 -10 6.421 13.967 -10 6.385 13.982 -10
4 0 8.461 14.018 -10 8.506 14 -10 8.476 13.949 -10 8.434 13.976 -10
4 0 6.394 14.021 -10 6.427 14.003 -10 6.424 13.985 -10 6.388 14 -10
4 0 6.4 14.042 -10 6.433 14.024 -10 6.427 14.003 -10 6.394 14.021 -10
4 0 8.491 14.057 -10 8.536 14.039 -10 8.506 14 -10 8.461 14.018 -10
4 0 6.409 14.063 -10 6.439 14.045 -10 6.433 14.024 -10 6.4 14.042 -10
4 0 6.418 14.081 -10 6.442 14.063 -10 6.439 14.045 -10 6.409 14.063 -10
4 0 6.43 14.099 -10 6.445 14.084 -10 6.442 14.063 -10 6.418 14.081 -10
4 0 8.53 14.102 -10 8.566 14.078 -10 8.536 14.039 -10 8.491 14.057 -10
4 0 6.433 14.108 -10 6.448 14.102 -10 6.445 14.084 -10 6.43 14.099 -10
3 0 6.442 14.114 -10 6.448 14.102 -10 6.433 14.108 -10
4 0 8.563 14.132 -10 8.599 14.114 -10 8.566 14.078 -10 8.53 14.102 -10
4 0 8.593 14.159 -10 8.617 14.132 -10 8.599 14.114 -10 8.563 14.132 -10
4 0 8.614 14.177 -10 8.638 14.156 -10 8.617 14.132 -10 8.593 14.159 -10
4 0 8.644 14.198 -10 8.659 14.174 -10 8.638 14.156 -10 8.614 14.177 -10
4 0 7.441 14.204 -10 7.444 14.15 -10 7.426 14.15 -10 7.426 14.168 -10
4 0 8.668 14.213 -10 8.686 14.198 -10 8.659 14.174 -10 8.644 14.198 -10
4 0 8.689 14.225 -10 8.701 14.216 -10 8.686 14.198 -10 8.668 14.213 -10
4 0 8.701 14.231 -10 8.713 14.228 -10 8.701 14.216 -10 8.689 14.225 -10
4 0 7.468 14.246 -10 7.474 14.174 -10 7.444 14.15 -10 7.441 14.204 -10
4 0 7.51 14.3 -10 7.504 14.21 -10 7.474 14.174 -10 7.468 14.246 -10
4 0 10.138 14.33 -10 10.156 14.306 -10 10.144 14.294 -10 10.138 14.306 -10
4 0 10.141 14.354 -10 10.162 14.33 -10 10.156 14.306 -10 10.138 14.33 -10
4 0 7.555 14.36 -10 7.546 14.255 -10 7.504 14.21 -10 7.51 14.3 -10
4 0 10.141 14.3918 -10 10.171 14.36 -10 10.162 14.33 -10 10.141 14.354 -10
4 0 7.6 14.414 -10 7.6 14.315 -10 7.546 14.255 -10 7.555 14.36 -10
4 0 10.144 14.432 -10 10.177 14.4008 -10 10.171 14.36 -10 10.141 14.3918 -10
4 0 7.648 14.468 -10 7.654 14.378 -10 7.6 14.315 -10 7.6 14.414 -10
4 0 10.141 14.483 -10 10.186 14.444 -10 10.177 14.4008 -10 10.144 14.432 -10
4 0 7.696 14.516 -10 7.708 14.438 -10 7.654 14.378 -10 7.648 14.468 -10
4 0 10.141 14.543 -10 10.189 14.51 -10 10.186 14.444 -10 10.141 14.483 -10
4 0 7.747 14.567 -10 7.762 14.492 -10 7.708 14.438 -10 7.696 14.516 -10
4 0 8.722 14.594 -10 8.704 14.585 -10 8.68 14.585 -10 8.656 14.591 -10
4 0 10.132 14.594 -10 10.189 14.57 -10 10.189 14.51 -10 10.141 14.543 -10
4 0 7.798 14.609 -10 7.804 14.534 -10 7.762 14.492 -10 7.747 14.567 -10
4 0 8.722 14.609 -10 8.722 14.594 -10 8.656 14.591 -10 8.638 14.6 -10
4 0 8.71 14.621 -10 8.722 14.609 -10 8.638 14.6 -10 8.614 14.615 -10
4 0 8.596 14.636 -10 8.686 14.633 -10 8.71 14.621 -10 8.614 14.615 -10
4 0 7.846 14.648 -10 7.846 14.579 -10 7.804 14.534 -10 7.798 14.609 -10
4 0 10.12 14.654 -10 10.186 14.624 -10 10.189 14.57 -10 10.132 14.594 -10
4 0 8.578 14.66 -10 8.668 14.642 -10 8.686 14.633 -10 8.596 14.636 -10
4 0 7.894 14.684 -10 7.891 14.624 -10 7.846 14.579 -10 7.846 14.648 -10
4 0 8.566 14.687 -10 8.638 14.663 -10 8.668 14.642 -10 8.578 14.66 -10
4 0 8.56 14.708 -10 8.623 14.681 -10 8.638 14.663 -10 8.566 14.687 -10
4 0 10.093 14.717 -10 10.168 14.687 -10 10.186 14.624 -10 10.12 14.654 -10
4 0 6.643 14.72 -10 6.649 14.699 -10 6.64 14.699 -10 6.64 14.708 -10
4 0 7.948 14.726 -10 7.924 14.657 -10 7.891 14.624 -10 7.894 14.684 -10
4 0 6.649 14.735 -10 6.658 14.7035 -10 6.649 14.699 -10 6.643 14.72 -10
4 0 8.56 14.741 -10 8.608 14.708 -10 8.623 14.681 -10 8.56 14.708 -10
4 0 6.658 14.75 -10 6.67 14.711 -10 6.658 14.7035 -10 6.649 14.735 -10
4 0 7.981 14.75 -10 7.969 14.696 -10 7.924 14.657 -10 7.948 14.726 -10
4 0 8.002 14.762 -10 7.996 14.726 -10 7.969 14.696 -10 7.981 14.75 -10
4 0 6.667 14.765 -10 6.685 14.72 -10 6.67 14.711 -10 6.658 14.75 -10
4 0 8.017 14.768 -10 8.017 14.747 -10 7.996 14.726 -10 8.002 14.762 -10
4 0 8.572 14.768 -10 8.599 14.744 -10 8.608 14.708 -10 8.56 14.741 -10
4 0 8.032 14.771 -10 8.029 14.762 -10 8.017 14.747 -10 8.017 14.768 -10
3 0 8.587 14.771 -10 8.599 14.744 -10 8.572 14.768 -10
4 0 6.682 14.774 -10 6.697 14.732 -10 6.685 14.72 -10 6.667 14.765 -10
4 0 6.682 14.774 -10 6.694 14.774 -10 6.709 14.753 -10 6.697 14.732 -10
3 0 6.694 14.774 -10 6.709 14.765 -10 6.709 14.753 -10
4 0 10.054 14.789 -10 10.15 14.75 -10 10.168 14.687 -10 10.093 14.717 -10
4 0 10.018 14.834 -10 10.126 14.792 -10 10.15 14.75 -10 10.054 14.789 -10
4 0 9.982 14.87 -10 10.096 14.837 -10 10.126 14.792 -10 10.018 14.834 -10
4 0 9.94 14.912 -10 10.054 14.885 -10 10.096 14.837 -10 9.982 14.87 -10
4 0 9.916 14.942 -10 10.009 14.927 -10 10.054 14.885 -10 9.94 14.912 -10
3 0 9.97 14.954 -10 10.009 14.927 -10 9.916 14.942 -10
4 0 9.946 14.972 -10 9.97 14.954 -10 9.916 14.942 -10 9.898 14.966 -10
4 0 9.922 14.99 -10 9.946 14.972 -10 9.898 14.966 -10 9.901 14.984 -10
4 0 9.388 15.134 -10 9.379 15.11 -10 9.358 15.104 -10 9.343 15.116 -10
4 0 9.394 15.158 -10 9.388 15.134 -10 9.343 15.116 -10 9.334 15.134 -10
4 0 9.394 15.188 -10 9.394 15.158 -10 9.334 15.134 -10 9.334 15.164 -10
4 0 9.3844 15.23 -10 9.394 15.188 -10 9.334 15.164 -10 9.337 15.2 -10
4 0 9.376 15.266 -10 9.3844 15.23 -10 9.337 15.2 -10 9.34 15.236 -10
4 0 9.364 15.302 -10 9.376 15.266 -10 9.34 15.236 -10 9.334 15.266 -10
3 0 9.352 15.326 -10 9.322 15.296 -10 9.316 15.32 -10
4 0 9.352 15.326 -10 9.364 15.302 -10 9.334 15.266 -10 9.322 15.296 -10
4 0 9.34 15.338 -10 9.352 15.326 -10 9.316 15.32 -10 9.322 15.335 -10
4 0 8.53 15.464 -10 8.524 15.452 -10 8.512 15.452 -10 8.494 15.464 -10
4 0 8.476 15.488 -10 8.524 15.485 -10 8.53 15.464 -10 8.494 15.464 -10
4 0 8.464 15.512 -10 8.512 15.5078 -10 8.524 15.485 -10 8.476 15.488 -10
4 0 8.452 15.548 -10 8.503 15.53 -10 8.512 15.5078 -10 8.464 15.512 -10
4 0 8.449 15.578 -10 8.4952 15.554 -10 8.503 15.53 -10 8.452 15.548 -10
4 0 8.449 15.602 -10 8.4916 15.578 -10 8.4952 15.554 -10 8.449 15.578 -10
4 0 8.449 15.632 -10 8.4898 15.602 -10 8.4916 15.578 -10 8.449 15.602 -10
4 0 8.452 15.659 -10 8.4898 15.632 -10 8.4898 15.602 -10 8.449 15.632 -10
4 0 8.458 15.68 -10 8.491 15.659 -10 8.4898 15.632 -10 8.452 15.659 -10
4 0 8.467 15.71 -10 8.494 15.683 -10 8.491 15.659 -10 8.458 15.68 -10
4 0 8.485 15.716 -10 8.494 15.704 -10 8.494 15.683 -10 8.467 15.71 -10
3 0 8.296 16.04 -10 8.293 16.01 -10 8.2774 16.025 -10
4 0 8.296 16.04 -10 8.314 16.031 -10 8.314 16.01 -10 8.293 16.01 -10
4 0 8.278 16.052 -10 8.296 16.04 -10 8.2774 16.025 -10 8.263 16.04 -10
4 0 7.534 16.091 -10 7.537 16.067 -10 7.522 16.073 -10 7.519 16.082 -10
4 0 7.534 16.091 -10 7.549 16.091 -10 7.5514 16.0706 -10 7.537 16.067 -10
4 0 7.549 16.091 -10 7.561 16.088 -10 7.564 16.076 -10 7.5514 16.0706 -10
4 0 7.711 16.097 -10 7.711 16.076 -10 7.702 16.079 -10 7.702 16.085 -10
4 0 7.723 16.103 -10 7.729 16.076 -10 7.711 16.076 -10 7.711 16.097 -10
4 0 7.741 16.109 -10 7.747 16.079 -10 7.729 16.076 -10 7.723 16.103 -10
4 0 8.044 16.1099 -10 8.05 16.106 -10 8.05 16.097 -10 8.041 16.097 -10
4 0 7.759 16.115 -10 7.768 16.082 -10 7.747 16.079 -10 7.741 16.109 -10
4 0 8.026 16.115 -10 8.044 16.1099 -10 8.041 16.097 -10 8.014 16.097 -10
4 0 7.087 16.121 -10 7.096 16.109 -10 7.093 16.1 -10 7.075 16.097 -10
4 0 7.786 16.121 -10 7.795 16.088 -10 7.768 16.082 -10 7.759 16.115 -10
4 0 8.002 16.121 -10 8.026 16.115 -10 8.014 16.097 -10 7.972 16.097 -10
4 0 7.954 16.124 -10 8.002 16.121 -10 7.972 16.097 -10 7.93 16.097 -10
4 0 7.81 16.127 -10 7.819 16.091 -10 7.795 16.088 -10 7.786 16.121 -10
4 0 7.9 16.127 -10 7.954 16.124 -10 7.93 16.097 -10 7.888 16.097 -10
4 0 7.036 16.13 -10 7.039 16.103 -10 7.027 16.112 -10 7.027 16.121 -10
4 0 7.855 16.13 -10 7.855 16.094 -10 7.819 16.091 -10 7.81 16.127 -10
4 0 7.855 16.13 -10 7.9 16.127 -10 7.888 16.097 -10 7.855 16.094 -10
4 0 7.075 16.133 -10 7.087 16.121 -10 7.075 16.097 -10 7.054 16.097 -10
4 0 7.057 16.139 -10 7.054 16.097 -10 7.039 16.103 -10 7.036 16.13 -10
3 0 7.057 16.139 -10 7.075 16.133 -10 7.054 16.097 -10
4 0 8.8438 16.5044 -10 8.866 16.502 -10 8.863 16.484 -10 8.842 16.484 -10
4 0 8.824 16.52 -10 8.8438 16.5044 -10 8.842 16.484 -10 8.824 16.499 -10
3 0 8.836 16.529 -10 8.8438 16.5044 -10 8.824 16.52 -10
4 0 8.836 16.529 -10 8.854 16.517 -10 8.866 16.502 -10 8.8438 16.5044 -10
4 0 8.608 16.598 -10 8.653 16.592 -10 8.653 16.58 -10 8.638 16.58 -10
3 0 8.533 16.718 -10 8.608 16.598 -10 8.506 16.691 -10
4 0 8.533 16.718 -10 8.641 16.607 -10 8.653 16.592 -10 8.608 16.598 -10
4 0 8.434 16.805 -10 8.533 16.718 -10 8.506 16.691 -10 8.416 16.778 -10
4 0 8.422 16.817 -10 8.434 16.805 -10 8.416 16.778 -10 8.407 16.79 -10
4 0 8.389 16.829 -10 8.422 16.817 -10 8.407 16.79 -10 8.395 16.811 -10
3 0 8.389 16.829 -10 8.407 16.829 -10 8.422 16.817 -10
4 0 8.248 16.922 -10 8.248 16.913 -10 8.239 16.913 -10 8.224 16.916 -10
4 0 8.248 16.931 -10 8.248 16.922 -10 8.224 16.916 -10 8.212 16.925 -10
4 0 8.236 16.946 -10 8.248 16.931 -10 8.212 16.925 -10 8.197 16.943 -10
3 0 8.1952 16.961 -10 8.203 16.961 -10 8.194 16.952 -10
3 0 8.203 16.961 -10 8.215 16.961 -10 8.194 16.952 -10
4 0 8.215 16.961 -10 8.236 16.946 -10 8.197 16.943 -10 8.194 16.952 -10
3 0 7.9774 17.2124 -10 7.9834 17.2058 -10 7.9822 17.1944 -10
4 0 7.942 17.219 -10 7.9528 17.1764 -10 7.936 17.1842 -10 7.9234 17.1998 -10
4 0 7.942 17.219 -10 7.9534 17.2184 -10 7.9714 17.1764 -10 7.9528 17.1764 -10
4 0 7.966 17.219 -10 7.9798 17.1842 -10 7.9714 17.1764 -10 7.9534 17.2184 -10
4 0 7.966 17.219 -10 7.9774 17.2124 -10 7.9822 17.1944 -10 7.9798 17.1842 -10
4 0 7.936 17.2292 -10 7.942 17.219 -10 7.9234 17.1998 -10 7.909 17.2184 -10
4 0 7.9342 17.243 -10 7.936 17.2292 -10 7.909 17.2184 -10 7.8988 17.2304 -10
4 0 7.8952 17.2598 -10 7.9342 17.243 -10 7.8988 17.2304 -10 7.8946 17.243 -10
4 0 7.9096 17.2652 -10 7.9348 17.2586 -10 7.9342 17.243 -10 7.8952 17.2598 -10
3 0 7.9096 17.2652 -10 7.9258 17.2634 -10 7.9348 17.2586 -10
3 12 8.2 10.757 -10 7.8058 10.76732 -10 7.41268 10.79828 -10
4 12 8.263 11.018 -10 8.5942 10.76732 -10 8.2 10.757 -10 8.086 11.015 -10
3 0 8.257 11.03 -10 8.263 11.018 -10 8.086 11.015 -10
3 0 8.254 11.042 -10 8.257 11.03 -10 8.086 11.015 -10
4 0 8.245 11.078 -10 8.251 11.06 -10 8.254 11.042 -10 8.086 11.015 -10
4 12 10.14946 11.01368 -10 9.766 10.92164 -10 9.37828 10.84976 -10 8.5942 10.76732 -10
4 0 8.239 11.096 -10 8.245 11.078 -10 8.086 11.015 -10 8.098 11.024 -10
4 0 8.233 11.111 -10 8.239 11.096 -10 8.098 11.024 -10 8.107 11.042 -10
4 0 8.227 11.126 -10 8.233 11.111 -10 8.107 11.042 -10 8.119 11.057 -10
4 0 8.224 11.147 -10 8.227 11.126 -10 8.119 11.057 -10 8.131 11.078 -10
3 12 6.25054 11.01368 -10 7.41268 10.79828 -10 7.0222 10.84976 -10
3 12 6.25054 11.01368 -10 7.0222 10.84976 -10 6.634 10.92164 -10
4 0 8.227 11.159 -10 8.224 11.147 -10 8.131 11.078 -10 8.149 11.099 -10
4 0 7.93 11.171 -10 7.948 11.171 -10 8.044 11.129 -10 8.044 11.117 -10
4 0 7.948 11.171 -10 7.963 11.171 -10 8.053 11.141 -10 8.044 11.129 -10
3 0 7.963 11.171 -10 7.978 11.171 -10 8.053 11.141 -10
3 0 7.93 11.171 -10 8.044 11.117 -10 8.05 11.108 -10
3 0 7.93 11.171 -10 8.05 11.108 -10 8.062 11.093 -10
4 0 8.236 11.174 -10 8.227 11.159 -10 8.149 11.099 -10 8.167 11.123 -10
3 0 7.93 11.171 -10 8.062 11.093 -10 8.071 11.075 -10
3 0 7.93 11.171 -10 8.071 11.075 -10 8.077 11.051 -10
4 0 8.014 11.177 -10 8.053 11.141 -10 7.978 11.171 -10 7.993 11.174 -10
3 0 7.93 11.171 -10 8.077 11.051 -10 8.08 11.03 -10
3 0 7.93 11.171 -10 8.08 11.03 -10 8.086 11.015 -10
4 12 7.828 11.183 -10 7.837 11.183 -10 8.086 11.015 -10 6.25054 11.01368 -10
3 12 8.086 11.015 -10 7.846 11.183 -10 7.858 11.183 -10
3 12 8.086 11.015 -10 7.837 11.183 -10 7.846 11.183 -10
3 12 8.086 11.015 -10 7.873 11.18 -10 7.891 11.177 -10
3 12 8.086 11.015 -10 7.858 11.183 -10 7.873 11.18 -10
3 12 8.086 11.015 -10 7.909 11.174 -10 7.93 11.171 -10
3 12 8.086 11.015 -10 7.891 11.177 -10 7.909 11.174 -10
3 0 8.035 11.183 -10 8.053 11.141 -10 8.014 11.177 -10
4 0 8.245 11.186 -10 8.236 11.174 -10 8.167 11.123 -10 8.179 11.144 -10
4 0 8.062 11.198 -10 8.053 11.141 -10 8.035 11.183 -10 8.05 11.192 -10
4 0 8.248 11.198 -10 8.245 11.186 -10 8.179 11.144 -10 8.185 11.162 -10
3 0 8.077 11.204 -10 8.053 11.141 -10 8.062 11.198 -10
4 0 8.248 11.207 -10 8.248 11.198 -10 8.185 11.162 -10 8.188 11.177 -10
3 0 8.092 11.21 -10 8.053 11.141 -10 8.077 11.204 -10
4 0 8.242 11.219 -10 8.248 11.207 -10 8.188 11.177 -10 8.188 11.189 -10
4 0 8.224 11.228 -10 8.242 11.219 -10 8.188 11.189 -10 8.182 11.198 -10
4 0 8.14 11.231 -10 8.053 11.141 -10 8.092 11.21 -10 8.116 11.222 -10
4 0 8.155 11.237 -10 8.077 11.162 -10 8.053 11.141 -10 8.14 11.231 -10
4 0 8.2 11.237 -10 8.224 11.228 -10 8.182 11.198 -10 8.158 11.201 -10
4 12 7.828 11.24 -10 7.873 11.21 -10 7.858 11.204 -10 7.804 11.24 -10
4 0 7.921 11.24 -10 7.93 11.237 -10 7.933 11.228 -10 7.93 11.222 -10
4 0 8.176 11.24 -10 8.113 11.186 -10 8.077 11.162 -10 8.155 11.237 -10
4 0 8.176 11.24 -10 8.2 11.237 -10 8.158 11.201 -10 8.113 11.186 -10
4 12 7.858 11.243 -10 7.891 11.213 -10 7.873 11.21 -10 7.828 11.24 -10
4 12 7.879 11.243 -10 7.906 11.216 -10 7.891 11.213 -10 7.858 11.243 -10
4 12 7.909 11.243 -10 7.921 11.219 -10 7.906 11.216 -10 7.879 11.243 -10
3 0 7.921 11.24 -10 7.93 11.222 -10 7.921 11.219 -10
3 12 7.921 11.219 -10 7.909 11.243 -10 7.921 11.24 -10
4 12 7.774 11.246 -10 7.804 11.24 -10 7.858 11.204 -10 7.849 11.201 -10
4 12 7.756 11.252 -10 7.774 11.246 -10 7.849 11.201 -10 7.837 11.198 -10
3 12 7.738 11.261 -10 7.828 11.192 -10 7.828 11.183 -10
4 12 7.738 11.261 -10 7.756 11.252 -10 7.837 11.198 -10 7.828 11.192 -10
4 12 7.726 11.267 -10 7.738 11.261 -10 7.828 11.183 -10 6.25054 11.01368 -10
4 0 7.99 11.33 -10 7.999 11.324 -10 8.005 11.315 -10 7.996 11.309 -10
4 0 7.978 11.333 -10 7.99 11.33 -10 7.996 11.309 -10 7.972 11.309 -10
3 12 5.50072 11.25734 -10 6.25054 11.01368 -10 5.87242 11.1257 -10
4 0 7.969 11.342 -10 7.978 11.333 -10 7.972 11.309 -10 7.954 11.306 -10
4 0 8.032 11.366 -10 8.038 11.357 -10 8.029 11.348 -10 8.02 11.342 -10
3 0 8.752 11.354 -10 8.77 11.366 -10 8.785 11.369 -10
3 0 8.785 11.369 -10 8.812 11.372 -10 8.752 11.354 -10
4 0 8.008 11.378 -10 8.032 11.366 -10 8.02 11.342 -10 8.011 11.342 -10
4 0 7.981 11.384 -10 8.008 11.378 -10 8.011 11.342 -10 7.996 11.345 -10
4 0 7.948 11.396 -10 7.981 11.384 -10 7.996 11.345 -10 7.984 11.345 -10
3 0 7.969 11.342 -10 7.954 11.306 -10 7.936 11.3 -10
3 0 7.969 11.342 -10 7.936 11.3 -10 7.915 11.294 -10
4 0 7.921 11.408 -10 7.948 11.396 -10 7.984 11.345 -10 7.969 11.342 -10
3 12 7.915 11.294 -10 7.921 11.408 -10 7.969 11.342 -10
3 12 7.915 11.294 -10 7.888 11.426 -10 7.921 11.408 -10
4 12 7.87 11.435 -10 7.888 11.426 -10 7.915 11.294 -10 7.894 11.288 -10
4 12 7.858 11.444 -10 7.87 11.435 -10 7.894 11.288 -10 7.87 11.282 -10
4 12 7.84 11.456 -10 7.858 11.444 -10 7.87 11.282 -10 7.843 11.276 -10
4 12 7.825 11.468 -10 7.84 11.456 -10 7.843 11.276 -10 7.819 11.273 -10
4 12 7.801 11.483 -10 7.825 11.468 -10 7.819 11.273 -10 7.789 11.273 -10
4 12 7.768 11.498 -10 7.801 11.483 -10 7.789 11.273 -10 7.774 11.276 -10
4 12 7.744 11.51 -10 7.768 11.498 -10 7.774 11.276 -10 7.756 11.279 -10
4 0 8.863 11.51 -10 8.854 11.492 -10 8.845 11.498 -10 8.848 11.507 -10
4 12 9.58 11.51 -10 8.5942 10.76732 -10 9.034 11.372 -10 9.058 11.384 -10
3 12 9.58 11.51 -10 9.058 11.384 -10 9.079 11.396 -10
3 12 9.58 11.51 -10 9.079 11.396 -10 9.1 11.411 -10
3 12 9.58 11.51 -10 9.1 11.411 -10 9.115 11.429 -10
3 12 9.58 11.51 -10 9.115 11.429 -10 9.121 11.444 -10
3 12 9.58 11.51 -10 9.121 11.444 -10 9.112 11.459 -10
4 12 9.58 11.51 -10 11.074 11.32694 -10 10.89928 11.25734 -10 8.5942 10.76732 -10
4 0 8.884 11.516 -10 8.866 11.486 -10 8.854 11.492 -10 8.863 11.51 -10
4 12 7.717 11.522 -10 7.744 11.51 -10 7.756 11.279 -10 7.741 11.279 -10
4 0 8.914 11.522 -10 8.878 11.48 -10 8.866 11.486 -10 8.884 11.516 -10
4 12 7.69 11.534 -10 7.717 11.522 -10 7.741 11.279 -10 7.729 11.279 -10
4 0 8.947 11.534 -10 8.905 11.471 -10 8.878 11.48 -10 8.914 11.522 -10
4 12 7.657 11.546 -10 7.69 11.534 -10 7.729 11.279 -10 7.723 11.276 -10
4 0 8.977 11.546 -10 8.941 11.459 -10 8.905 11.471 -10 8.947 11.534 -10
4 12 7.624 11.558 -10 7.723 11.276 -10 7.726 11.267 -10 6.25054 11.01368 -10
3 12 7.624 11.558 -10 7.657 11.546 -10 7.723 11.276 -10
4 0 9.007 11.561 -10 8.965 11.45 -10 8.941 11.459 -10 8.977 11.546 -10
4 12 7.564 11.582 -10 7.588 11.573 -10 7.624 11.558 -10 6.25054 11.01368 -10
4 0 9.04 11.582 -10 8.992 11.444 -10 8.965 11.45 -10 9.007 11.561 -10
3 12 7.534 11.591 -10 7.564 11.582 -10 6.25054 11.01368 -10
4 0 9.067 11.6 -10 9.007 11.441 -10 8.992 11.444 -10 9.04 11.582 -10
4 12 7.438 11.603 -10 7.507 11.597 -10 7.534 11.591 -10 6.25054 11.01368 -10
3 12 7.402 11.615 -10 7.438 11.603 -10 6.25054 11.01368 -10
4 0 9.094 11.618 -10 9.028 11.441 -10 9.007 11.441 -10 9.067 11.6 -10
3 12 7.375 11.63 -10 7.402 11.615 -10 6.25054 11.01368 -10
4 0 9.118 11.63 -10 9.049 11.441 -10 9.028 11.441 -10 9.094 11.618 -10
4 0 9.136 11.636 -10 9.061 11.444 -10 9.049 11.441 -10 9.118 11.63 -10
4 0 9.136 11.636 -10 9.166 11.636 -10 9.073 11.45 -10 9.061 11.444 -10
4 0 9.166 11.636 -10 9.19 11.636 -10 9.085 11.456 -10 9.073 11.45 -10
4 12 9.208 11.639 -10 9.1 11.459 -10 9.085 11.456 -10 9.19 11.636 -10
4 12 9.226 11.645 -10 9.112 11.459 -10 9.1 11.459 -10 9.208 11.639 -10
3 12 7.354 11.648 -10 7.375 11.63 -10 6.25054 11.01368 -10
4 12 9.244 11.654 -10 9.58 11.51 -10 9.112 11.459 -10 9.226 11.645 -10
3 12 7.339 11.663 -10 7.354 11.648 -10 6.25054 11.01368 -10
3 12 9.268 11.666 -10 9.58 11.51 -10 9.244 11.654 -10
3 12 9.286 11.678 -10 9.58 11.51 -10 9.268 11.666 -10
4 0 8.857 11.69 -10 8.866 11.666 -10 8.857 11.672 -10 8.854 11.678 -10
3 12 9.304 11.69 -10 9.58 11.51 -10 9.286 11.678 -10
4 0 8.863 11.699 -10 8.89 11.666 -10 8.866 11.666 -10 8.857 11.69 -10
3 12 9.322 11.702 -10 9.58 11.51 -10 9.304 11.69 -10
4 0 8.875 11.708 -10 8.92 11.675 -10 8.89 11.666 -10 8.863 11.699 -10
4 0 8.893 11.717 -10 8.953 11.684 -10 8.92 11.675 -10 8.875 11.708 -10
4 0 8.923 11.729 -10 8.995 11.696 -10 8.953 11.684 -10 8.893 11.717 -10
4 12 9.355 11.729 -10 9.58 11.51 -10 9.322 11.702 -10 9.34 11.717 -10
4 0 8.95 11.744 -10 9.031 11.708 -10 8.995 11.696 -10 8.923 11.729 -10
4 12 9.382 11.747 -10 9.58 11.51 -10 9.355 11.729 -10 9.367 11.738 -10
3 12 9.394 11.756 -10 9.58 11.51 -10 9.382 11.747 -10
4 0 8.977 11.759 -10 9.073 11.723 -10 9.031 11.708 -10 8.95 11.744 -10
3 12 9.403 11.765 -10 9.58 11.51 -10 9.394 11.756 -10
3 12 9.412 11.774 -10 9.58 11.51 -10 9.403 11.765 -10
4 0 9.004 11.783 -10 9.1 11.729 -10 9.073 11.723 -10 8.977 11.759 -10
4 0 9.028 11.807 -10 9.124 11.732 -10 9.1 11.729 -10 9.004 11.783 -10
4 0 9.04 11.828 -10 9.148 11.732 -10 9.124 11.732 -10 9.028 11.807 -10
4 0 9.055 11.843 -10 9.175 11.732 -10 9.148 11.732 -10 9.04 11.828 -10
4 0 9.07 11.855 -10 9.196 11.729 -10 9.175 11.732 -10 9.055 11.843 -10
3 0 9.196 11.729 -10 9.085 11.864 -10 9.1 11.87 -10
3 0 9.196 11.729 -10 9.07 11.855 -10 9.085 11.864 -10
4 12 5.50072 11.25734 -10 7.324 11.684 -10 7.339 11.663 -10 6.25054 11.01368 -10
3 12 5.50072 11.25734 -10 7.309 11.705 -10 7.324 11.684 -10
4 12 5.50072 11.25734 -10 7.282 11.75 -10 7.297 11.726 -10 7.309 11.705 -10
3 12 5.50072 11.25734 -10 7.273 11.768 -10 7.282 11.75 -10
3 12 5.50072 11.25734 -10 7.261 11.795 -10 7.273 11.768 -10
3 12 5.50072 11.25734 -10 7.255 11.819 -10 7.261 11.795 -10
3 12 5.50072 11.25734 -10 7.252 11.84 -10 7.255 11.819 -10
3 12 5.50072 11.25734 -10 7.252 11.864 -10 7.252 11.84 -10
3 0 9.196 11.729 -10 9.112 11.873 -10 9.127 11.876 -10
3 0 9.196 11.729 -10 9.1 11.87 -10 9.112 11.873 -10
3 0 9.196 11.729 -10 9.148 11.876 -10 9.172 11.879 -10
3 0 9.196 11.729 -10 9.127 11.876 -10 9.148 11.876 -10
3 0 9.196 11.729 -10 9.196 11.882 -10 9.217 11.888 -10
3 0 9.196 11.729 -10 9.172 11.879 -10 9.196 11.882 -10
3 12 9.241 11.894 -10 9.211 11.726 -10 9.196 11.729 -10
3 0 9.196 11.729 -10 9.217 11.888 -10 9.241 11.894 -10
3 12 9.241 11.894 -10 9.241 11.723 -10 9.226 11.723 -10
3 12 9.241 11.894 -10 9.226 11.723 -10 9.211 11.726 -10
3 12 9.241 11.894 -10 9.28 11.732 -10 9.259 11.726 -10
3 12 9.241 11.894 -10 9.259 11.726 -10 9.241 11.723 -10
3 12 7.255 11.885 -10 7.252 11.864 -10 5.50072 11.25734 -10
3 12 9.241 11.894 -10 9.319 11.753 -10 9.301 11.744 -10
3 12 9.241 11.894 -10 9.301 11.744 -10 9.28 11.732 -10
3 12 9.241 11.894 -10 9.355 11.771 -10 9.337 11.762 -10
3 12 9.241 11.894 -10 9.337 11.762 -10 9.319 11.753 -10
3 12 7.258 11.903 -10 7.255 11.885 -10 5.50072 11.25734 -10
4 0 8.968 11.903 -10 8.989 11.894 -10 8.977 11.891 -10 8.971 11.894 -10
4 12 9.268 11.903 -10 9.37 11.777 -10 9.355 11.771 -10 9.241 11.894 -10
4 0 8.971 11.912 -10 9.001 11.903 -10 8.989 11.894 -10 8.968 11.903 -10
4 12 9.292 11.912 -10 9.382 11.78 -10 9.37 11.777 -10 9.268 11.903 -10
3 12 7.264 11.921 -10 7.258 11.903 -10 5.50072 11.25734 -10
4 12 9.313 11.924 -10 9.397 11.783 -10 9.382 11.78 -10 9.292 11.912 -10
4 0 7.516 11.927 -10 7.522 11.918 -10 7.519 11.9 -10 7.495 11.891 -10
4 0 7.498 11.936 -10 7.516 11.927 -10 7.495 11.891 -10 7.483 11.897 -10
4 0 8.992 11.936 -10 9.019 11.921 -10 9.001 11.903 -10 8.971 11.912 -10
4 12 9.331 11.936 -10 9.406 11.783 -10 9.397 11.783 -10 9.313 11.924 -10
4 0 7.471 11.945 -10 7.498 11.936 -10 7.483 11.897 -10 7.465 11.903 -10
4 12 9.343 11.945 -10 9.412 11.78 -10 9.406 11.783 -10 9.331 11.936 -10
4 0 7.447 11.951 -10 7.471 11.945 -10 7.465 11.903 -10 7.444 11.912 -10
3 12 9.355 11.954 -10 9.412 11.78 -10 9.343 11.945 -10
4 0 9.013 11.957 -10 9.034 11.933 -10 9.019 11.921 -10 8.992 11.936 -10
4 0 7.417 11.96 -10 7.447 11.951 -10 7.444 11.912 -10 7.423 11.918 -10
4 0 7.39 11.966 -10 7.417 11.96 -10 7.423 11.918 -10 7.387 11.927 -10
4 0 7.363 11.975 -10 7.39 11.966 -10 7.387 11.927 -10 7.36 11.936 -10
4 12 9.382 11.978 -10 9.412 11.78 -10 9.355 11.954 -10 9.364 11.963 -10
4 0 9.037 11.981 -10 9.055 11.948 -10 9.034 11.933 -10 9.013 11.957 -10
4 0 7.351 11.987 -10 7.363 11.975 -10 7.36 11.936 -10 7.327 11.942 -10
3 12 9.391 11.987 -10 9.412 11.78 -10 9.382 11.978 -10
3 12 9.4 11.999 -10 9.412 11.78 -10 9.391 11.987 -10
4 0 9.067 12.011 -10 9.073 11.957 -10 9.055 11.948 -10 9.037 11.981 -10
4 0 9.085 12.026 -10 9.088 11.963 -10 9.073 11.957 -10 9.067 12.011 -10
4 0 9.103 12.035 -10 9.112 11.966 -10 9.088 11.963 -10 9.085 12.026 -10
4 0 9.124 12.038 -10 9.148 11.969 -10 9.112 11.966 -10 9.103 12.035 -10
4 0 9.139 12.041 -10 9.178 11.966 -10 9.148 11.969 -10 9.124 12.038 -10
4 0 9.16 12.047 -10 9.205 11.96 -10 9.178 11.966 -10 9.139 12.041 -10
4 0 8.848 12.05 -10 8.875 12.032 -10 8.863 12.035 -10 8.854 12.041 -10
4 0 9.184 12.059 -10 9.229 11.954 -10 9.205 11.96 -10 9.16 12.047 -10
4 0 8.854 12.065 -10 8.89 12.029 -10 8.875 12.032 -10 8.848 12.05 -10
4 0 9.208 12.071 -10 9.25 11.951 -10 9.229 11.954 -10 9.184 12.059 -10
4 0 8.878 12.074 -10 8.908 12.029 -10 8.89 12.029 -10 8.854 12.065 -10
4 0 8.905 12.08 -10 8.926 12.035 -10 8.908 12.029 -10 8.878 12.074 -10
3 0 9.25 11.951 -10 9.232 12.086 -10 9.244 12.095 -10
3 0 9.25 11.951 -10 9.208 12.071 -10 9.232 12.086 -10
4 0 8.929 12.089 -10 8.944 12.041 -10 8.926 12.035 -10 8.905 12.08 -10
3 12 9.244 12.095 -10 9.289 11.96 -10 9.271 11.954 -10
3 12 9.244 12.095 -10 9.271 11.954 -10 9.25 11.951 -10
4 0 8.956 12.098 -10 8.971 12.053 -10 8.944 12.041 -10 8.929 12.089 -10
4 12 9.253 12.101 -10 9.31 11.966 -10 9.289 11.96 -10 9.244 12.095 -10
4 12 9.268 12.107 -10 9.322 11.972 -10 9.31 11.966 -10 9.253 12.101 -10
4 0 8.983 12.11 -10 9.001 12.074 -10 8.971 12.053 -10 8.956 12.098 -10
3 12 9.58 12.11 -10 11.074 11.32694 -10 9.58 11.51 -10
4 12 9.58 12.11 -10 9.58 11.51 -10 9.412 11.774 -10 9.412 11.78 -10
4 12 9.58 12.11 -10 9.412 11.78 -10 9.4 11.999 -10 9.403 12.014 -10
3 12 9.58 12.11 -10 9.403 12.014 -10 9.403 12.023 -10
3 12 9.58 12.11 -10 9.403 12.023 -10 9.4 12.032 -10
4 12 9.286 12.113 -10 9.334 11.978 -10 9.322 11.972 -10 9.268 12.107 -10
4 12 9.304 12.116 -10 9.349 11.99 -10 9.334 11.978 -10 9.286 12.113 -10
4 12 9.304 12.116 -10 9.319 12.116 -10 9.358 11.999 -10 9.349 11.99 -10
4 12 9.328 12.119 -10 9.367 12.008 -10 9.358 11.999 -10 9.319 12.116 -10
4 0 9.013 12.125 -10 9.028 12.086 -10 9.001 12.074 -10 8.983 12.11 -10
4 12 9.328 12.131 -10 9.373 12.014 -10 9.367 12.008 -10 9.328 12.119 -10
4 12 9.328 12.131 -10 9.382 12.026 -10 9.379 12.02 -10 9.373 12.014 -10
3 12 9.328 12.131 -10 9.388 12.032 -10 9.382 12.026 -10
3 12 9.328 12.131 -10 9.394 12.035 -10 9.388 12.032 -10
4 12 9.328 12.131 -10 9.58 12.11 -10 9.4 12.032 -10 9.394 12.035 -10
4 0 9.043 12.143 -10 9.052 12.095 -10 9.028 12.086 -10 9.013 12.125 -10
4 12 9.283 12.152 -10 9.253 12.368 -10 9.268 12.38 -10 9.301 12.149 -10
4 0 9.067 12.161 -10 9.07 12.098 -10 9.052 12.095 -10 9.043 12.143 -10
4 0 9.091 12.188 -10 9.1 12.107 -10 9.07 12.098 -10 9.067 12.161 -10
4 0 9.112 12.218 -10 9.124 12.11 -10 9.1 12.107 -10 9.091 12.188 -10
4 0 9.13 12.248 -10 9.148 12.116 -10 9.124 12.11 -10 9.112 12.218 -10
4 0 8.866 12.257 -10 8.89 12.251 -10 8.875 12.248 -10 8.869 12.251 -10
4 0 9.142 12.263 -10 9.172 12.122 -10 9.148 12.116 -10 9.13 12.248 -10
4 0 8.869 12.266 -10 8.905 12.257 -10 8.89 12.251 -10 8.866 12.257 -10
4 0 9.151 12.269 -10 9.19 12.128 -10 9.172 12.122 -10 9.142 12.263 -10
4 0 8.875 12.278 -10 8.923 12.266 -10 8.905 12.257 -10 8.869 12.266 -10
4 0 9.175 12.281 -10 9.202 12.134 -10 9.19 12.128 -10 9.151 12.269 -10
4 0 8.893 12.302 -10 8.944 12.275 -10 8.923 12.266 -10 8.875 12.278 -10
4 0 9.202 12.302 -10 9.214 12.14 -10 9.202 12.134 -10 9.175 12.281 -10
4 0 9.22 12.32 -10 9.235 12.149 -10 9.214 12.14 -10 9.202 12.302 -10
4 0 8.911 12.326 -10 8.971 12.284 -10 8.944 12.275 -10 8.893 12.302 -10
4 12 9.235 12.344 -10 9.259 12.152 -10 9.235 12.149 -10 9.22 12.32 -10
4 0 8.941 12.35 -10 8.998 12.296 -10 8.971 12.284 -10 8.911 12.326 -10
4 12 9.241 12.356 -10 9.283 12.152 -10 9.259 12.152 -10 9.235 12.344 -10
3 12 9.253 12.368 -10 9.283 12.152 -10 9.241 12.356 -10
4 0 8.977 12.374 -10 9.028 12.314 -10 8.998 12.296 -10 8.941 12.35 -10
4 12 9.283 12.386 -10 9.319 12.14 -10 9.301 12.149 -10 9.268 12.38 -10
4 12 9.298 12.392 -10 9.328 12.131 -10 9.319 12.14 -10 9.283 12.386 -10
4 0 9.013 12.395 -10 9.055 12.326 -10 9.028 12.314 -10 8.977 12.374 -10
4 12 9.31 12.395 -10 9.58 12.11 -10 9.328 12.131 -10 9.298 12.392 -10
3 12 9.322 12.401 -10 9.58 12.11 -10 9.31 12.395 -10
3 12 9.334 12.407 -10 9.58 12.11 -10 9.322 12.401 -10
4 0 9.046 12.416 -10 9.082 12.335 -10 9.055 12.326 -10 9.013 12.395 -10
4 0 9.073 12.44 -10 9.1 12.341 -10 9.082 12.335 -10 9.046 12.416 -10
4 0 9.094 12.464 -10 9.121 12.347 -10 9.1 12.341 -10 9.073 12.44 -10
4 12 7.3 12.47 -10 7.276 11.939 -10 7.264 11.921 -10 5.50072 11.25734 -10
3 12 7.276 11.939 -10 7.3 12.47 -10 7.357 12.008 -10
3 0 7.351 11.987 -10 7.327 11.942 -10 7.291 11.945 -10
3 0 7.357 12.008 -10 7.291 11.945 -10 7.276 11.939 -10
4 12 7.3 12.47 -10 7.648 11.987 -10 7.618 11.987 -10 7.588 11.99 -10
4 12 7.3 12.47 -10 7.588 11.99 -10 7.558 12.002 -10 7.537 12.011 -10
4 12 7.3 12.47 -10 7.729 11.996 -10 7.693 11.99 -10 7.648 11.987 -10
3 0 7.357 12.008 -10 7.351 11.987 -10 7.291 11.945 -10
4 12 7.3 12.47 -10 7.537 12.011 -10 7.504 12.023 -10 7.477 12.035 -10
4 12 7.3 12.47 -10 7.81 12.011 -10 7.768 12.002 -10 7.729 11.996 -10
3 12 7.3 12.47 -10 7.375 12.023 -10 7.357 12.008 -10
3 12 7.3 12.47 -10 7.399 12.032 -10 7.375 12.023 -10
3 12 7.3 12.47 -10 7.477 12.035 -10 7.453 12.038 -10
3 12 7.3 12.47 -10 7.423 12.038 -10 7.399 12.032 -10
3 12 7.3 12.47 -10 7.453 12.038 -10 7.423 12.038 -10
4 12 7.3 12.47 -10 7.903 12.038 -10 7.852 12.023 -10 7.81 12.011 -10
4 12 7.3 12.47 -10 8.059 12.038 -10 8.041 12.041 -10 8.014 12.047 -10
3 12 7.3 12.47 -10 7.924 12.041 -10 7.903 12.038 -10
3 12 7.3 12.47 -10 8.08 12.041 -10 8.059 12.038 -10
3 12 7.3 12.47 -10 7.945 12.044 -10 7.924 12.041 -10
3 12 7.3 12.47 -10 7.966 12.047 -10 7.945 12.044 -10
3 12 7.3 12.47 -10 7.99 12.047 -10 7.966 12.047 -10
3 12 7.3 12.47 -10 8.014 12.047 -10 7.99 12.047 -10
4 12 7.3 12.47 -10 8.098 12.056 -10 8.092 12.047 -10 8.08 12.041 -10
4 12 7.3 12.47 -10 8.107 12.107 -10 8.104 12.08 -10 8.098 12.056 -10
4 12 7.3 12.47 -10 8.044 12.263 -10 8.092 12.164 -10 8.107 12.107 -10
4 12 7.3 12.47 -10 7.966 12.431 -10 8.005 12.35 -10 8.044 12.263 -10
4 0 9.109 12.491 -10 9.145 12.353 -10 9.121 12.347 -10 9.094 12.464 -10
4 0 9.121 12.524 -10 9.166 12.362 -10 9.145 12.353 -10 9.109 12.491 -10
3 0 8.812 12.53 -10 8.83 12.515 -10 8.818 12.518 -10
4 0 8.818 12.539 -10 8.854 12.509 -10 8.83 12.515 -10 8.812 12.53 -10
3 12 7.891 12.545 -10 7.966 12.431 -10 7.3 12.47 -10
4 0 8.83 12.548 -10 8.872 12.512 -10 8.854 12.509 -10 8.818 12.539 -10
4 0 9.133 12.551 -10 9.187 12.377 -10 9.166 12.362 -10 9.121 12.524 -10
4 0 8.848 12.557 -10 8.893 12.518 -10 8.872 12.512 -10 8.83 12.548 -10
4 0 8.878 12.572 -10 8.923 12.53 -10 8.893 12.518 -10 8.848 12.557 -10
4 0 9.148 12.572 -10 9.205 12.395 -10 9.187 12.377 -10 9.133 12.551 -10
4 12 9.163 12.587 -10 9.22 12.407 -10 9.205 12.395 -10 9.148 12.572 -10
4 0 8.905 12.59 -10 8.968 12.542 -10 8.923 12.53 -10 8.878 12.572 -10
4 12 9.58 12.59 -10 9.58 12.11 -10 9.334 12.407 -10 9.34 12.419 -10
4 12 9.58 12.59 -10 10.72 12.59 -10 11.074 11.32694 -10 9.58 12.11 -10
4 12 9.58 12.59 -10 9.25 13.286 -10 9.253 13.298 -10 9.58 13.73 -10
4 12 9.58 12.59 -10 9.58 13.73 -10 10.105 13.22 -10 10.132 13.193 -10
4 12 10.72 12.59 -10 10.48 13.622 -10 10.48 13.694 -10 11.02486 13.85252 -10
4 12 10.72 12.59 -10 11.02486 13.85252 -10 11.074 13.1 -10 11.074 11.32694 -10
4 12 9.181 12.602 -10 9.241 12.422 -10 9.22 12.407 -10 9.163 12.587 -10
4 0 8.92 12.605 -10 9.007 12.554 -10 8.968 12.542 -10 8.905 12.59 -10
4 12 9.199 12.608 -10 9.259 12.428 -10 9.241 12.422 -10 9.181 12.602 -10
4 12 9.223 12.614 -10 9.277 12.431 -10 9.259 12.428 -10 9.199 12.608 -10
4 12 9.244 12.62 -10 9.298 12.434 -10 9.277 12.431 -10 9.223 12.614 -10
4 12 9.262 12.626 -10 9.319 12.431 -10 9.298 12.434 -10 9.244 12.62 -10
4 0 8.938 12.632 -10 9.025 12.56 -10 9.007 12.554 -10 8.92 12.605 -10
4 12 9.28 12.632 -10 9.331 12.428 -10 9.319 12.431 -10 9.262 12.626 -10
4 12 9.295 12.644 -10 9.34 12.419 -10 9.331 12.428 -10 9.28 12.632 -10
4 0 8.956 12.65 -10 9.04 12.569 -10 9.025 12.56 -10 8.938 12.632 -10
4 12 9.304 12.662 -10 9.58 12.59 -10 9.34 12.419 -10 9.295 12.644 -10
4 0 8.971 12.665 -10 9.055 12.584 -10 9.04 12.569 -10 8.956 12.65 -10
4 12 7.783 12.671 -10 7.837 12.611 -10 7.891 12.545 -10 7.3 12.47 -10
4 0 8.995 12.68 -10 9.07 12.599 -10 9.055 12.584 -10 8.971 12.665 -10
4 0 9.031 12.698 -10 9.088 12.62 -10 9.07 12.599 -10 8.995 12.68 -10
4 0 9.061 12.716 -10 9.115 12.638 -10 9.088 12.62 -10 9.031 12.698 -10
4 12 7.723 12.725 -10 7.759 12.695 -10 7.783 12.671 -10 7.3 12.47 -10
3 12 9.085 12.731 -10 9.142 12.653 -10 9.115 12.638 -10
3 0 9.115 12.638 -10 9.061 12.716 -10 9.085 12.731 -10
3 12 6.664 12.752 -10 6.4 12.47 -10 6.631 12.749 -10
4 12 9.106 12.752 -10 9.163 12.662 -10 9.142 12.653 -10 9.085 12.731 -10
3 12 6.598 12.755 -10 6.631 12.749 -10 6.4 12.47 -10
4 12 6.7 12.758 -10 7.3 12.47 -10 6.4 12.47 -10 6.664 12.752 -10
3 12 6.571 12.764 -10 6.598 12.755 -10 6.4 12.47 -10
3 12 7.687 12.767 -10 7.723 12.725 -10 7.3 12.47 -10
4 0 8.902 12.77 -10 8.926 12.764 -10 8.914 12.758 -10 8.902 12.761 -10
3 12 6.742 12.773 -10 7.3 12.47 -10 6.7 12.758 -10
4 12 9.127 12.776 -10 9.187 12.668 -10 9.163 12.662 -10 9.106 12.752 -10
4 0 8.905 12.779 -10 8.941 12.77 -10 8.926 12.764 -10 8.902 12.77 -10
3 12 6.538 12.782 -10 6.571 12.764 -10 6.4 12.47 -10
4 0 8.917 12.791 -10 8.965 12.782 -10 8.941 12.77 -10 8.905 12.779 -10
3 12 6.781 12.794 -10 7.3 12.47 -10 6.742 12.773 -10
4 12 9.142 12.797 -10 9.211 12.674 -10 9.187 12.668 -10 9.127 12.776 -10
3 12 6.511 12.803 -10 6.538 12.782 -10 6.4 12.47 -10
4 0 8.929 12.803 -10 8.998 12.797 -10 8.965 12.782 -10 8.917 12.791 -10
4 0 8.944 12.815 -10 9.025 12.812 -10 8.998 12.797 -10 8.929 12.803 -10
3 12 7.651 12.818 -10 7.687 12.767 -10 7.3 12.47 -10
4 12 9.157 12.818 -10 9.235 12.677 -10 9.211 12.674 -10 9.142 12.797 -10
3 12 6.493 12.827 -10 6.511 12.803 -10 6.4 12.47 -10
3 12 6.826 12.827 -10 7.3 12.47 -10 6.781 12.794 -10
4 0 8.959 12.827 -10 9.055 12.824 -10 9.025 12.812 -10 8.944 12.815 -10
3 0 9.055 12.824 -10 8.971 12.836 -10 8.986 12.845 -10
3 0 9.055 12.824 -10 8.959 12.827 -10 8.971 12.836 -10
4 12 9.169 12.836 -10 9.262 12.674 -10 9.235 12.677 -10 9.157 12.818 -10
3 0 9.055 12.824 -10 8.998 12.854 -10 9.001 12.866 -10
3 0 9.055 12.824 -10 8.986 12.845 -10 8.998 12.854 -10
3 12 6.853 12.854 -10 7.3 12.47 -10 6.826 12.827 -10
3 0 9.001 12.866 -10 8.992 12.875 -10 9.019 12.923 -10
3 0 9.055 12.824 -10 9.001 12.866 -10 9.019 12.923 -10
4 12 9.178 12.854 -10 9.286 12.668 -10 9.262 12.674 -10 9.169 12.836 -10
3 12 7.624 12.86 -10 7.651 12.818 -10 7.3 12.47 -10
4 0 8.86 12.863 -10 8.842 12.821 -10 8.833 12.827 -10 8.833 12.836 -10
3 12 9.058 12.953 -10 9.121 12.851 -10 9.106 12.842 -10
3 12 9.058 12.953 -10 9.106 12.842 -10 9.082 12.833 -10
4 12 9.187 12.872 -10 9.304 12.662 -10 9.286 12.668 -10 9.178 12.854 -10
4 0 8.881 12.878 -10 8.854 12.821 -10 8.842 12.821 -10 8.86 12.863 -10
4 12 9.196 12.881 -10 9.58 12.59 -10 9.304 12.662 -10 9.187 12.872 -10
3 12 6.886 12.887 -10 7.3 12.47 -10 6.853 12.854 -10
4 0 8.905 12.89 -10 8.881 12.83 -10 8.854 12.821 -10 8.881 12.878 -10
4 0 8.932 12.896 -10 8.905 12.839 -10 8.881 12.83 -10 8.905 12.89 -10
4 12 9.217 12.899 -10 9.58 12.59 -10 9.196 12.881 -10 9.205 12.89 -10
4 0 8.959 12.902 -10 8.923 12.848 -10 8.905 12.839 -10 8.932 12.896 -10
3 12 9.226 12.911 -10 9.58 12.59 -10 9.217 12.899 -10
4 0 9.001 12.914 -10 8.941 12.86 -10 8.923 12.848 -10 8.959 12.902 -10
3 0 8.956 12.869 -10 8.941 12.86 -10 9.001 12.914 -10
3 0 9.001 12.914 -10 9.019 12.923 -10 8.974 12.875 -10
4 12 7.54 12.938 -10 7.576 12.908 -10 7.624 12.86 -10 7.3 12.47 -10
3 0 8.974 12.875 -10 8.956 12.869 -10 9.001 12.914 -10
3 12 9.019 12.923 -10 9.043 12.938 -10 9.082 12.833 -10
3 0 8.992 12.875 -10 8.974 12.875 -10 9.019 12.923 -10
3 12 9.019 12.923 -10 9.082 12.833 -10 9.055 12.824 -10
3 12 9.043 12.938 -10 9.058 12.953 -10 9.082 12.833 -10
4 12 6.979 12.959 -10 7.3 12.47 -10 6.886 12.887 -10 6.916 12.92 -10
4 12 7.465 12.965 -10 7.51 12.95 -10 7.54 12.938 -10 7.3 12.47 -10
3 12 9.058 12.953 -10 9.136 12.866 -10 9.121 12.851 -10
3 12 9.058 12.953 -10 9.079 12.968 -10 9.136 12.866 -10
4 12 6.397 12.977 -10 6.457 12.887 -10 6.493 12.827 -10 6.4 12.47 -10
4 12 9.091 12.977 -10 9.148 12.881 -10 9.136 12.866 -10 9.079 12.968 -10
4 12 9.106 12.989 -10 9.163 12.899 -10 9.148 12.881 -10 9.091 12.977 -10
3 12 7.411 12.992 -10 7.465 12.965 -10 7.3 12.47 -10
4 12 9.124 12.998 -10 9.178 12.911 -10 9.163 12.899 -10 9.106 12.989 -10
3 12 7.042 13.001 -10 7.3 12.47 -10 6.979 12.959 -10
4 0 8.821 13.001 -10 8.839 12.983 -10 8.827 12.989 -10 8.821 12.995 -10
4 12 9.142 13.004 -10 9.19 12.92 -10 9.178 12.911 -10 9.124 12.998 -10
4 0 8.839 13.007 -10 8.854 12.98 -10 8.839 12.983 -10 8.821 13.001 -10
4 0 8.887 13.01 -10 8.878 12.974 -10 8.854 12.98 -10 8.839 13.007 -10
4 12 9.16 13.01 -10 9.208 12.923 -10 9.19 12.92 -10 9.142 13.004 -10
4 0 8.917 13.016 -10 8.908 12.974 -10 8.878 12.974 -10 8.887 13.01 -10
4 12 9.178 13.016 -10 9.226 12.911 -10 9.208 12.923 -10 9.16 13.01 -10
4 0 8.947 13.022 -10 8.929 12.977 -10 8.908 12.974 -10 8.917 13.016 -10
3 12 9.187 13.022 -10 9.226 12.911 -10 9.178 13.016 -10
3 12 7.354 13.028 -10 7.411 12.992 -10 7.3 12.47 -10
3 0 8.947 12.983 -10 8.929 12.977 -10 8.947 13.022 -10
3 0 8.947 13.022 -10 8.971 13.031 -10 8.947 12.983 -10
4 12 9.193 13.037 -10 9.58 12.59 -10 9.226 12.911 -10 9.187 13.022 -10
4 12 9.193 13.037 -10 9.181 13.046 -10 9.112 13.154 -10 9.166 13.331 -10
4 12 9.193 13.037 -10 9.166 13.331 -10 9.184 13.322 -10 9.205 13.31 -10
3 12 7.108 13.046 -10 7.3 12.47 -10 7.042 13.001 -10
3 0 8.962 12.989 -10 8.947 12.983 -10 8.971 13.031 -10
3 12 8.971 13.031 -10 8.995 13.046 -10 8.986 13.004 -10
3 12 7.309 13.061 -10 7.354 13.028 -10 7.3 12.47 -10
4 12 10.336 13.061 -10 10.72 12.59 -10 9.58 12.59 -10 10.321 13.058 -10
3 0 8.986 13.004 -10 8.962 12.989 -10 8.971 13.031 -10
3 12 8.995 13.046 -10 9.019 13.067 -10 8.986 13.004 -10
3 12 10.294 13.07 -10 10.321 13.058 -10 9.58 12.59 -10
4 12 9.043 13.088 -10 9.01 13.016 -10 8.986 13.004 -10 9.019 13.067 -10
3 12 7.267 13.094 -10 7.309 13.061 -10 7.3 12.47 -10
4 12 9.058 13.1 -10 9.031 13.028 -10 9.01 13.016 -10 9.043 13.088 -10
3 12 10.249 13.1 -10 10.294 13.07 -10 9.58 12.59 -10
4 0 8.656 13.103 -10 8.671 13.079 -10 8.656 13.085 -10 8.653 13.094 -10
4 0 8.665 13.109 -10 8.689 13.082 -10 8.671 13.079 -10 8.656 13.103 -10
4 12 9.073 13.112 -10 9.052 13.037 -10 9.031 13.028 -10 9.058 13.1 -10
4 0 8.677 13.115 -10 8.716 13.094 -10 8.689 13.082 -10 8.665 13.109 -10
4 0 8.701 13.124 -10 8.737 13.103 -10 8.716 13.094 -10 8.677 13.115 -10
4 12 9.085 13.124 -10 9.076 13.046 -10 9.052 13.037 -10 9.073 13.112 -10
4 12 7.228 13.13 -10 7.3 12.47 -10 7.108 13.046 -10 7.159 13.082 -10
3 12 7.228 13.13 -10 7.267 13.094 -10 7.3 12.47 -10
3 12 10.207 13.13 -10 10.249 13.1 -10 9.58 12.59 -10
4 0 8.725 13.133 -10 8.755 13.109 -10 8.737 13.103 -10 8.701 13.124 -10
4 12 9.097 13.133 -10 9.103 13.052 -10 9.076 13.046 -10 9.085 13.124 -10
4 12 9.109 13.139 -10 9.124 13.055 -10 9.103 13.052 -10 9.097 13.133 -10
3 12 9.109 13.139 -10 9.151 13.055 -10 9.124 13.055 -10
4 0 8.77 13.154 -10 8.791 13.118 -10 8.755 13.109 -10 8.725 13.133 -10
3 12 9.112 13.154 -10 9.181 13.046 -10 9.169 13.052 -10
4 12 9.112 13.154 -10 9.169 13.052 -10 9.151 13.055 -10 9.109 13.139 -10
4 0 8.8 13.163 -10 8.821 13.118 -10 8.791 13.118 -10 8.77 13.154 -10
4 0 6.553 13.169 -10 6.61 13.124 -10 6.583 13.124 -10 6.568 13.136 -10
4 0 8.833 13.172 -10 8.866 13.118 -10 8.821 13.118 -10 8.8 13.163 -10
4 0 8.887 13.19 -10 8.926 13.112 -10 8.866 13.118 -10 8.833 13.172 -10
4 12 10.132 13.193 -10 10.165 13.166 -10 10.207 13.13 -10 9.58 12.59 -10
4 0 6.529 13.211 -10 6.634 13.127 -10 6.61 13.124 -10 6.553 13.169 -10
4 0 8.92 13.211 -10 8.953 13.109 -10 8.926 13.112 -10 8.887 13.19 -10
4 12 8.953 13.244 -10 8.98 13.109 -10 8.953 13.109 -10 8.92 13.211 -10
4 0 6.502 13.25 -10 6.652 13.133 -10 6.634 13.127 -10 6.529 13.211 -10
4 12 8.983 13.271 -10 8.995 13.112 -10 8.98 13.109 -10 8.953 13.244 -10
4 0 10.393 13.271 -10 10.411 13.271 -10 10.3024 13.1168 -10 10.27 13.142 -10
4 12 10.411 13.271 -10 10.72 12.59 -10 10.336 13.061 -10 10.339 13.076 -10
4 0 10.411 13.271 -10 10.339 13.076 -10 10.318 13.097 -10 10.3024 13.1168 -10
4 0 8.668 13.274 -10 8.647 13.247 -10 8.644 13.253 -10 8.65 13.262 -10
3 12 10.42 13.283 -10 10.72 12.59 -10 10.411 13.271 -10
4 0 8.689 13.286 -10 8.659 13.247 -10 8.647 13.247 -10 8.668 13.274 -10
4 0 10.381 13.286 -10 10.393 13.271 -10 10.27 13.142 -10 10.216 13.202 -10
4 12 9.235 13.289 -10 9.25 13.286 -10 9.58 12.59 -10 9.193 13.037 -10
4 0 8.713 13.295 -10 8.671 13.25 -10 8.659 13.247 -10 8.689 13.286 -10
4 12 9.007 13.298 -10 9.025 13.124 -10 8.995 13.112 -10 8.983 13.271 -10
4 0 8.737 13.304 -10 8.692 13.256 -10 8.671 13.25 -10 8.713 13.295 -10
4 0 8.761 13.31 -10 8.722 13.265 -10 8.692 13.256 -10 8.737 13.304 -10
4 12 9.205 13.31 -10 9.223 13.301 -10 9.235 13.289 -10 9.193 13.037 -10
3 12 10.42 13.31 -10 10.72 12.59 -10 10.42 13.283 -10
4 0 10.357 13.316 -10 10.381 13.286 -10 10.216 13.202 -10 10.189 13.238 -10
4 0 6.448 13.319 -10 6.667 13.142 -10 6.652 13.133 -10 6.502 13.25 -10
4 0 6.448 13.319 -10 6.409 13.364 -10 6.412 13.415 -10 6.433 13.403 -10
4 0 8.794 13.322 -10 8.758 13.274 -10 8.722 13.265 -10 8.761 13.31 -10
4 12 9.037 13.322 -10 9.049 13.133 -10 9.025 13.124 -10 9.007 13.298 -10
4 12 9.073 13.334 -10 9.061 13.139 -10 9.049 13.133 -10 9.037 13.322 -10
4 12 9.145 13.334 -10 9.166 13.331 -10 9.112 13.154 -10 9.103 13.157 -10
4 0 8.824 13.337 -10 8.8 13.283 -10 8.758 13.274 -10 8.794 13.322 -10
4 12 9.094 13.337 -10 9.079 13.148 -10 9.061 13.139 -10 9.073 13.334 -10
4 12 9.094 13.337 -10 9.124 13.337 -10 9.091 13.154 -10 9.079 13.148 -10
4 12 9.124 13.337 -10 9.145 13.334 -10 9.103 13.157 -10 9.091 13.154 -10
4 0 10.339 13.346 -10 10.357 13.316 -10 10.189 13.238 -10 10.156 13.286 -10
4 0 8.851 13.358 -10 8.851 13.295 -10 8.8 13.283 -10 8.824 13.337 -10
4 0 8.875 13.379 -10 8.887 13.31 -10 8.851 13.295 -10 8.851 13.358 -10
3 0 6.487 13.385 -10 6.523 13.385 -10 6.448 13.319 -10
4 0 6.523 13.385 -10 6.691 13.172 -10 6.667 13.142 -10 6.448 13.319 -10
4 0 6.565 13.388 -10 6.724 13.229 -10 6.691 13.172 -10 6.523 13.385 -10
3 0 6.457 13.391 -10 6.487 13.385 -10 6.448 13.319 -10
4 0 6.619 13.397 -10 6.778 13.304 -10 6.724 13.229 -10 6.565 13.388 -10
4 12 8.896 13.397 -10 8.926 13.328 -10 8.887 13.31 -10 8.875 13.379 -10
4 0 10.306 13.4 -10 10.339 13.346 -10 10.156 13.286 -10 10.117 13.361 -10
3 0 6.433 13.403 -10 6.457 13.391 -10 6.448 13.319 -10
4 12 8.911 13.409 -10 8.968 13.346 -10 8.926 13.328 -10 8.896 13.397 -10
4 0 6.712 13.415 -10 6.82 13.349 -10 6.778 13.304 -10 6.619 13.397 -10
4 12 8.5 13.415 -10 8.533 13.406 -10 8.518 13.403 -10 8.506 13.406 -10
4 0 8.755 13.418 -10 8.734 13.391 -10 8.731 13.403 -10 8.737 13.412 -10
4 0 8.782 13.424 -10 8.746 13.388 -10 8.734 13.391 -10 8.755 13.418 -10
4 12 8.929 13.424 -10 9.001 13.361 -10 8.968 13.346 -10 8.911 13.409 -10
3 0 6.391 13.43 -10 6.412 13.415 -10 6.409 13.364 -10
4 0 8.815 13.439 -10 8.764 13.391 -10 8.746 13.388 -10 8.782 13.424 -10
4 12 8.947 13.442 -10 9.034 13.37 -10 9.001 13.361 -10 8.929 13.424 -10
4 12 8.491 13.445 -10 8.569 13.427 -10 8.533 13.406 -10 8.5 13.415 -10
3 0 6.373 13.448 -10 6.391 13.43 -10 6.409 13.364 -10
4 0 6.832 13.448 -10 6.868 13.394 -10 6.82 13.349 -10 6.712 13.415 -10
4 0 8.836 13.457 -10 8.785 13.394 -10 8.764 13.391 -10 8.815 13.439 -10
4 12 8.962 13.457 -10 9.079 13.373 -10 9.034 13.37 -10 8.947 13.442 -10
4 0 10.261 13.463 -10 10.306 13.4 -10 10.117 13.361 -10 10.084 13.43 -10
4 0 6.358 13.466 -10 6.373 13.448 -10 6.409 13.364 -10 6.346 13.433 -10
4 0 6.892 13.472 -10 6.91 13.43 -10 6.868 13.394 -10 6.832 13.448 -10
3 0 8.812 13.4 -10 8.785 13.394 -10 8.836 13.457 -10
3 0 8.836 13.457 -10 8.863 13.481 -10 8.839 13.412 -10
4 12 8.965 13.481 -10 9.115 13.373 -10 9.079 13.373 -10 8.962 13.457 -10
3 0 6.343 13.487 -10 6.358 13.466 -10 6.346 13.433 -10
4 0 6.931 13.49 -10 6.937 13.454 -10 6.91 13.43 -10 6.892 13.472 -10
3 12 8.956 13.493 -10 9.115 13.373 -10 8.965 13.481 -10
4 0 6.946 13.496 -10 6.955 13.469 -10 6.937 13.454 -10 6.931 13.49 -10
4 0 6.958 13.499 -10 6.967 13.481 -10 6.955 13.469 -10 6.946 13.496 -10
3 0 6.958 13.499 -10 6.967 13.493 -10 6.967 13.481 -10
4 0 6.328 13.508 -10 6.343 13.487 -10 6.346 13.433 -10 6.31 13.478 -10
3 0 8.839 13.412 -10 8.812 13.4 -10 8.836 13.457 -10
3 12 8.863 13.481 -10 8.884 13.511 -10 8.86 13.424 -10
4 12 8.482 13.526 -10 8.605 13.454 -10 8.569 13.427 -10 8.491 13.445 -10
4 0 10.204 13.526 -10 10.261 13.463 -10 10.084 13.43 -10 10.06 13.52 -10
3 0 8.86 13.424 -10 8.839 13.412 -10 8.863 13.481 -10
3 12 8.884 13.511 -10 8.902 13.544 -10 8.86 13.424 -10
4 0 6.301 13.559 -10 6.316 13.532 -10 6.328 13.508 -10 6.31 13.478 -10
4 12 8.914 13.562 -10 8.878 13.436 -10 8.86 13.424 -10 8.902 13.544 -10
4 12 8.926 13.577 -10 8.896 13.448 -10 8.878 13.436 -10 8.914 13.562 -10
4 12 10.456 13.586 -10 10.72 12.59 -10 10.42 13.31 -10 10.42 13.334 -10
3 0 10.456 13.586 -10 10.42 13.334 -10 10.408 13.382 -10
3 0 10.456 13.586 -10 10.408 13.382 -10 10.384 13.442 -10
4 12 8.938 13.589 -10 8.911 13.46 -10 8.896 13.448 -10 8.926 13.577 -10
4 0 10.444 13.592 -10 10.456 13.586 -10 10.384 13.442 -10 10.348 13.499 -10
3 0 6.295 13.595 -10 6.274 13.523 -10 6.256 13.562 -10
4 0 6.295 13.595 -10 6.301 13.559 -10 6.31 13.478 -10 6.274 13.523 -10
4 12 8.95 13.598 -10 8.926 13.472 -10 8.911 13.46 -10 8.938 13.589 -10
4 0 10.054 13.598 -10 10.135 13.589 -10 10.204 13.526 -10 10.06 13.52 -10
3 12 10.468 13.598 -10 10.72 12.59 -10 10.456 13.586 -10
4 12 8.959 13.604 -10 8.944 13.487 -10 8.926 13.472 -10 8.95 13.598 -10
4 12 8.965 13.607 -10 9.145 13.37 -10 9.115 13.373 -10 8.956 13.493 -10
4 12 8.965 13.607 -10 8.956 13.493 -10 8.944 13.487 -10 8.959 13.604 -10
4 12 5.8 13.61 -10 6.4 12.47 -10 5.326 11.32694 -10 5.326 13.1 -10
4 12 5.8 13.61 -10 6.298 13.145 -10 6.397 12.977 -10 6.4 12.47 -10
4 12 5.8 13.61 -10 6.082 13.529 -10 6.178 13.373 -10 6.298 13.145 -10
4 12 5.8 13.61 -10 6.04 13.601 -10 6.058 13.571 -10 6.082 13.529 -10
4 0 10.264 13.61 -10 10.444 13.592 -10 10.348 13.499 -10 10.3024 13.559 -10
4 12 8.971 13.613 -10 9.178 13.361 -10 9.145 13.37 -10 8.965 13.607 -10
3 12 10.48 13.622 -10 10.72 12.59 -10 10.468 13.598 -10
4 12 8.968 13.625 -10 9.202 13.349 -10 9.178 13.361 -10 8.971 13.613 -10
4 12 8.491 13.628 -10 8.632 13.463 -10 8.605 13.454 -10 8.482 13.526 -10
4 0 6.292 13.637 -10 6.295 13.595 -10 6.256 13.562 -10 6.244 13.607 -10
3 12 6.022 13.64 -10 6.04 13.601 -10 5.8 13.61 -10
4 0 10.078 13.64 -10 10.135 13.589 -10 10.054 13.598 -10 10.06 13.631 -10
4 0 10.222 13.67 -10 10.426 13.634 -10 10.444 13.592 -10 10.264 13.61 -10
4 0 6.235 13.676 -10 6.292 13.637 -10 6.244 13.607 -10 6.232 13.652 -10
3 12 6.01 13.694 -10 6.022 13.64 -10 5.8 13.61 -10
4 0 6.298 13.706 -10 6.292 13.637 -10 6.235 13.676 -10 6.226 13.703 -10
3 12 6.559 13.706 -10 6.541 13.706 -10 6.526 13.712 -10
4 12 8.518 13.712 -10 8.674 13.469 -10 8.632 13.463 -10 8.491 13.628 -10
4 12 6.514 13.727 -10 6.58 13.709 -10 6.559 13.706 -10 6.526 13.712 -10
3 12 9.58 13.73 -10 10.075 13.256 -10 10.105 13.22 -10
3 12 9.58 13.73 -10 9.253 13.298 -10 9.25 13.313 -10
3 12 9.58 13.73 -10 9.25 13.313 -10 9.226 13.334 -10
3 12 9.58 13.73 -10 10.027 13.322 -10 10.075 13.256 -10
4 12 9.58 13.73 -10 9.226 13.334 -10 9.202 13.349 -10 8.968 13.625 -10
3 12 9.58 13.73 -10 9.979 13.4 -10 10.027 13.322 -10
3 12 9.58 13.73 -10 9.949 13.4741 -10 9.979 13.4 -10
3 12 9.58 13.73 -10 9.928 13.55 -10 9.949 13.4741 -10
3 12 9.58 13.73 -10 9.922 13.6364 -10 9.928 13.55 -10
3 12 9.58 13.73 -10 9.922 13.715 -10 9.922 13.6364 -10
4 0 10.198 13.73 -10 10.408 13.676 -10 10.426 13.634 -10 10.222 13.67 -10
4 12 6.007 13.742 -10 6.01 13.721 -10 6.01 13.694 -10 5.8 13.61 -10
4 12 6.508 13.745 -10 6.598 13.718 -10 6.58 13.709 -10 6.514 13.727 -10
4 0 10.186 13.772 -10 10.384 13.73 -10 10.408 13.676 -10 10.198 13.73 -10
4 12 6.511 13.778 -10 6.616 13.73 -10 6.598 13.718 -10 6.508 13.745 -10
3 12 9.931 13.793 -10 9.922 13.715 -10 9.58 13.73 -10
4 12 8.554 13.802 -10 8.707 13.475 -10 8.674 13.469 -10 8.518 13.712 -10
4 12 5.98 13.805 -10 5.998 13.769 -10 6.007 13.742 -10 5.8 13.61 -10
4 0 6.31 13.817 -10 6.298 13.706 -10 6.226 13.703 -10 6.202 13.736 -10
4 0 6.31 13.817 -10 6.202 13.736 -10 6.19 13.754 -10 6.187 13.775 -10
4 12 6.52 13.817 -10 6.643 13.751 -10 6.616 13.73 -10 6.511 13.778 -10
4 0 10.1818 13.8248 -10 10.354 13.7852 -10 10.384 13.73 -10 10.186 13.772 -10
4 0 6.214 13.832 -10 6.31 13.817 -10 6.187 13.775 -10 6.193 13.805 -10
3 12 5.965 13.838 -10 5.98 13.805 -10 5.8 13.61 -10
4 0 10.18 13.85 -10 10.3 13.85 -10 10.354 13.7852 -10 10.1818 13.8248 -10
3 12 5.956 13.859 -10 5.965 13.838 -10 5.8 13.61 -10
4 12 6.532 13.859 -10 6.667 13.769 -10 6.643 13.751 -10 6.52 13.817 -10
3 0 6.229 13.862 -10 6.31 13.817 -10 6.214 13.832 -10
4 12 8.59 13.874 -10 8.728 13.484 -10 8.707 13.475 -10 8.554 13.802 -10
3 12 5.95 13.883 -10 5.956 13.859 -10 5.8 13.61 -10
3 12 9.952 13.892 -10 9.931 13.793 -10 9.58 13.73 -10
4 12 6.538 13.904 -10 6.709 13.799 -10 6.667 13.769 -10 6.532 13.859 -10
4 0 10.246 13.904 -10 10.3 13.85 -10 10.18 13.85 -10 10.186 13.892 -10
3 12 5.944 13.907 -10 5.95 13.883 -10 5.8 13.61 -10
4 0 10.204 13.922 -10 10.228 13.922 -10 10.246 13.904 -10 10.186 13.892 -10
3 12 5.938 13.934 -10 5.944 13.907 -10 5.8 13.61 -10
4 0 6.334 13.94 -10 6.31 13.817 -10 6.229 13.862 -10 6.232 13.889 -10
3 12 6.334 13.94 -10 6.232 13.889 -10 6.226 13.916 -10
3 12 6.334 13.94 -10 6.226 13.916 -10 6.214 13.937 -10
4 12 8.638 13.94 -10 8.755 13.496 -10 8.728 13.484 -10 8.59 13.874 -10
4 12 6.544 13.943 -10 6.757 13.829 -10 6.709 13.799 -10 6.538 13.904 -10
3 12 5.932 13.964 -10 5.938 13.934 -10 5.8 13.61 -10
3 12 5.929 13.994 -10 5.932 13.964 -10 5.8 13.61 -10
4 12 6.346 14.021 -10 6.334 13.94 -10 6.214 13.937 -10 6.196 13.964 -10
4 12 8.698 14.024 -10 8.782 13.511 -10 8.755 13.496 -10 8.638 13.94 -10
4 12 6.547 14.033 -10 6.814 13.862 -10 6.757 13.829 -10 6.544 13.943 -10
4 12 6.352 14.066 -10 6.346 14.021 -10 6.196 13.964 -10 6.175 13.988 -10
4 12 6.55 14.09 -10 6.862 13.889 -10 6.814 13.862 -10 6.547 14.033 -10
4 12 10 14.09 -10 9.982 13.997 -10 9.952 13.892 -10 9.58 13.73 -10
4 12 8.767 14.102 -10 8.809 13.526 -10 8.782 13.511 -10 8.698 14.024 -10
3 12 8.767 14.102 -10 8.83 13.544 -10 8.809 13.526 -10
4 12 8.767 14.102 -10 8.884 13.586 -10 8.857 13.562 -10 8.83 13.544 -10
3 12 8.767 14.102 -10 8.899 13.598 -10 8.884 13.586 -10
3 12 8.767 14.102 -10 8.917 13.61 -10 8.899 13.598 -10
3 12 8.767 14.102 -10 8.935 13.619 -10 8.917 13.61 -10
3 12 8.767 14.102 -10 8.95 13.625 -10 8.935 13.619 -10
4 12 8.767 14.102 -10 9.58 13.73 -10 8.968 13.625 -10 8.95 13.625 -10
4 12 6.361 14.132 -10 6.352 14.066 -10 6.175 13.988 -10 6.127 14.015 -10
4 12 6.559 14.15 -10 6.916 13.922 -10 6.862 13.889 -10 6.55 14.09 -10
4 12 6.364 14.171 -10 6.361 14.132 -10 6.127 14.015 -10 6.07 14.042 -10
3 12 10.018 14.183 -10 10 14.09 -10 9.58 13.73 -10
4 12 6.586 14.21 -10 6.97 13.958 -10 6.916 13.922 -10 6.559 14.15 -10
4 12 6.373 14.228 -10 6.364 14.171 -10 6.07 14.042 -10 5.998 14.072 -10
4 12 8.926 14.234 -10 9.58 13.73 -10 8.767 14.102 -10 8.83 14.168 -10
4 12 6.385 14.261 -10 6.373 14.228 -10 5.998 14.072 -10 5.977 14.078 -10
3 12 5.52172 14.5922 -10 5.929 14.018 -10 5.929 13.994 -10
3 12 5.52172 14.5922 -10 5.929 14.048 -10 5.929 14.018 -10
3 12 5.52172 14.5922 -10 5.932 14.069 -10 5.929 14.048 -10
3 12 5.52172 14.5922 -10 5.941 14.078 -10 5.932 14.069 -10
3 12 5.52172 14.5922 -10 5.953 14.078 -10 5.941 14.078 -10
4 12 5.52172 14.5922 -10 6.385 14.261 -10 5.977 14.078 -10 5.953 14.078 -10
3 12 11.02486 13.85252 -10 10.48 13.694 -10 10.468 13.73 -10
3 12 11.02486 13.85252 -10 10.468 13.73 -10 10.444 13.778 -10
3 12 11.02486 13.85252 -10 10.444 13.778 -10 10.42 13.82 -10
4 12 11.02486 13.85252 -10 10.42 13.82 -10 10.366 13.898 -10 10.336 13.97 -10
4 12 11.02486 13.85252 -10 10.336 13.97 -10 10.318 14.06 -10 10.312 14.18 -10
4 12 6.625 14.297 -10 6.982 13.97 -10 6.97 13.958 -10 6.586 14.21 -10
3 12 9.034 14.315 -10 9.58 13.73 -10 8.926 14.234 -10
4 12 10.027 14.318 -10 10.0252 14.2724 -10 10.018 14.183 -10 9.58 13.73 -10
4 12 6.631 14.321 -10 6.994 13.988 -10 6.982 13.97 -10 6.625 14.297 -10
4 12 6.634 14.348 -10 7.018 14.018 -10 6.994 13.988 -10 6.631 14.321 -10
4 12 6.634 14.378 -10 7.06 14.054 -10 7.018 14.018 -10 6.634 14.348 -10
3 12 9.13 14.396 -10 9.58 13.73 -10 9.034 14.315 -10
4 12 6.634 14.405 -10 7.102 14.078 -10 7.06 14.054 -10 6.634 14.378 -10
4 12 10.3342 14.4158 -10 11.02486 13.85252 -10 10.312 14.18 -10 10.318 14.27 -10
4 12 6.64 14.423 -10 7.162 14.102 -10 7.102 14.078 -10 6.634 14.405 -10
4 12 6.652 14.435 -10 7.195 14.111 -10 7.162 14.102 -10 6.64 14.423 -10
4 12 6.676 14.453 -10 7.225 14.117 -10 7.195 14.111 -10 6.652 14.435 -10
4 12 10.03 14.456 -10 10.03 14.384 -10 10.027 14.318 -10 9.58 13.73 -10
4 12 6.709 14.465 -10 7.246 14.132 -10 7.225 14.117 -10 6.676 14.453 -10
4 12 6.748 14.474 -10 7.261 14.153 -10 7.246 14.132 -10 6.709 14.465 -10
3 12 9.214 14.48 -10 9.58 13.73 -10 9.13 14.396 -10
4 12 6.775 14.492 -10 7.297 14.21 -10 7.261 14.153 -10 6.748 14.474 -10
4 12 6.787 14.507 -10 7.357 14.297 -10 7.297 14.21 -10 6.775 14.492 -10
3 12 10.3444 14.5202 -10 11.02486 13.85252 -10 10.3342 14.4158 -10
4 12 6.799 14.528 -10 7.408 14.372 -10 7.357 14.297 -10 6.787 14.507 -10
4 12 6.808 14.555 -10 7.519 14.51 -10 7.408 14.372 -10 6.799 14.528 -10
3 12 10.3462 14.5922 -10 11.02486 13.85252 -10 10.3444 14.5202 -10
3 12 9.319 14.606 -10 9.58 13.73 -10 9.214 14.48 -10
4 12 10.009 14.612 -10 10.021 14.534 -10 10.03 14.456 -10 9.58 13.73 -10
3 12 9.391 14.705 -10 9.58 13.73 -10 9.319 14.606 -10
4 12 9.973 14.708 -10 9.994 14.66 -10 10.009 14.612 -10 9.58 13.73 -10
4 12 9.916 14.795 -10 9.94 14.762 -10 9.973 14.708 -10 9.58 13.73 -10
3 12 9.448 14.813 -10 9.58 13.73 -10 9.391 14.705 -10
4 12 9.844 14.87 -10 9.892 14.822 -10 9.916 14.795 -10 9.58 13.73 -10
3 12 9.472 14.879 -10 9.58 13.73 -10 9.448 14.813 -10
4 12 9.748 14.939 -10 9.796 14.912 -10 9.844 14.87 -10 9.58 13.73 -10
3 12 9.49 14.948 -10 9.58 13.73 -10 9.472 14.879 -10
4 0 7.933 14.951 -10 7.957 14.897 -10 7.915 14.864 -10 7.915 14.945 -10
4 0 7.957 14.963 -10 8.002 14.93 -10 7.957 14.897 -10 7.933 14.951 -10
4 0 7.984 14.978 -10 8.032 14.951 -10 8.002 14.93 -10 7.957 14.963 -10
4 0 8.005 14.993 -10 8.068 14.975 -10 8.032 14.951 -10 7.984 14.978 -10
4 0 8.56 14.996 -10 8.596 14.99 -10 8.59 14.969 -10 8.572 14.969 -10
4 12 9.616 14.996 -10 9.682 14.969 -10 9.748 14.939 -10 9.58 13.73 -10
4 12 9.502 15.002 -10 9.616 14.996 -10 9.58 13.73 -10 9.49 14.948 -10
4 0 8.038 15.014 -10 8.116 15.008 -10 8.068 14.975 -10 8.005 14.993 -10
4 0 8.161 15.041 -10 8.116 15.008 -10 8.038 15.014 -10 8.068 15.035 -10
4 0 8.209 15.077 -10 8.161 15.041 -10 8.068 15.035 -10 8.098 15.056 -10
4 0 8.584 15.092 -10 8.596 14.99 -10 8.56 14.996 -10 8.548 15.05 -10
4 0 8.242 15.101 -10 8.209 15.077 -10 8.098 15.056 -10 8.125 15.077 -10
4 0 8.269 15.125 -10 8.242 15.101 -10 8.125 15.077 -10 8.164 15.11 -10
4 0 8.296 15.155 -10 8.269 15.125 -10 8.164 15.11 -10 8.194 15.134 -10
4 0 8.56 15.161 -10 8.584 15.092 -10 8.548 15.05 -10 8.524 15.11 -10
4 0 8.311 15.173 -10 8.296 15.155 -10 8.194 15.134 -10 8.227 15.161 -10
4 0 8.263 15.191 -10 8.32 15.191 -10 8.311 15.173 -10 8.227 15.161 -10
4 0 8.296 15.221 -10 8.326 15.206 -10 8.32 15.191 -10 8.263 15.191 -10
4 12 9.811 15.23 -10 9.793 15.209 -10 9.778 15.2 -10 9.769 15.209 -10
4 0 8.317 15.233 -10 8.329 15.224 -10 8.326 15.206 -10 8.296 15.221 -10
4 0 8.512 15.248 -10 8.56 15.161 -10 8.524 15.11 -10 8.476 15.194 -10
4 12 9.826 15.248 -10 9.811 15.23 -10 9.769 15.209 -10 9.769 15.23 -10
4 12 9.85 15.284 -10 9.826 15.248 -10 9.769 15.23 -10 9.787 15.266 -10
4 12 9.862 15.326 -10 9.85 15.284 -10 9.787 15.266 -10 9.808 15.308 -10
4 12 9.568 15.35 -10 9.568 15.308 -10 9.562 15.266 -10 9.544 15.242 -10
4 12 10.63672 15.30662 -10 11.02486 13.85252 -10 10.3462 14.5922 -10 10.3384 14.6762 -10
3 12 10.63672 15.30662 -10 10.3384 14.6762 -10 10.3264 14.7458 -10
3 12 10.63672 15.30662 -10 10.3264 14.7458 -10 10.3 14.816 -10
3 12 10.63672 15.30662 -10 10.3 14.816 -10 10.255 14.894 -10
3 12 10.63672 15.30662 -10 10.255 14.894 -10 10.213 14.957 -10
3 12 10.63672 15.30662 -10 10.213 14.957 -10 10.15 15.023 -10
3 12 10.63672 15.30662 -10 10.15 15.023 -10 10.06 15.083 -10
3 12 10.63672 15.30662 -10 10.06 15.083 -10 9.982 15.119 -10
3 12 10.63672 15.30662 -10 9.982 15.119 -10 9.946 15.134 -10
4 12 10.63672 15.30662 -10 9.946 15.134 -10 9.9148 15.1412 -10 9.916 15.158 -10
3 12 10.63672 15.30662 -10 9.916 15.158 -10 9.934 15.2 -10
3 12 10.63672 15.30662 -10 9.934 15.2 -10 9.946 15.236 -10
3 12 10.63672 15.30662 -10 9.946 15.236 -10 9.958 15.29 -10
3 12 10.63672 15.30662 -10 9.958 15.29 -10 9.964 15.332 -10
4 12 9.82 15.362 -10 9.868 15.356 -10 9.862 15.326 -10 9.808 15.308 -10
4 0 8.44 15.377 -10 8.512 15.248 -10 8.476 15.194 -10 8.422 15.284 -10
3 12 9.964 15.386 -10 10.63672 15.30662 -10 9.964 15.332 -10
4 12 9.562 15.392 -10 9.568 15.35 -10 9.544 15.242 -10 9.52 15.2324 -10
4 12 9.823 15.422 -10 9.874 15.41 -10 9.868 15.356 -10 9.82 15.362 -10
4 12 9.613 15.434 -10 9.658 15.386 -10 9.6448 15.386 -10 9.6262 15.3998 -10
4 12 9.544 15.452 -10 9.562 15.392 -10 9.52 15.2324 -10 9.502 15.242 -10
4 12 9.613 15.464 -10 9.676 15.41 -10 9.658 15.386 -10 9.613 15.434 -10
4 12 5.763268 15.30662 -10 6.391 14.318 -10 6.385 14.261 -10 5.52172 14.5922 -10
3 12 5.763268 15.30662 -10 6.391 14.36 -10 6.391 14.318 -10
3 12 5.763268 15.30662 -10 6.403 14.396 -10 6.391 14.36 -10
3 12 5.763268 15.30662 -10 6.415 14.423 -10 6.403 14.396 -10
4 12 5.763268 15.30662 -10 6.463 14.48 -10 6.442 14.45 -10 6.415 14.423 -10
4 12 5.763268 15.30662 -10 6.535 14.63 -10 6.493 14.537 -10 6.463 14.48 -10
3 12 5.763268 15.30662 -10 6.565 14.687 -10 6.535 14.63 -10
3 12 5.763268 15.30662 -10 6.583 14.72 -10 6.565 14.687 -10
3 12 5.763268 15.30662 -10 6.607 14.756 -10 6.583 14.72 -10
3 12 5.763268 15.30662 -10 6.631 14.789 -10 6.607 14.756 -10
3 12 5.763268 15.30662 -10 6.658 14.825 -10 6.631 14.789 -10
3 12 5.763268 15.30662 -10 6.685 14.852 -10 6.658 14.825 -10
3 12 5.763268 15.30662 -10 6.706 14.861 -10 6.685 14.852 -10
4 12 5.763268 15.30662 -10 7.42 15.47 -10 6.73 14.861 -10 6.706 14.861 -10
4 12 7.42 15.47 -10 7.519 14.51 -10 6.808 14.555 -10 6.814 14.594 -10
3 12 7.42 15.47 -10 6.814 14.594 -10 6.817 14.645 -10
3 12 7.42 15.47 -10 7.639 14.624 -10 7.519 14.51 -10
3 12 7.42 15.47 -10 6.817 14.645 -10 6.814 14.699 -10
3 12 7.42 15.47 -10 6.814 14.699 -10 6.805 14.75 -10
3 12 7.42 15.47 -10 7.741 14.72 -10 7.639 14.624 -10
3 12 7.42 15.47 -10 6.805 14.75 -10 6.799 14.777 -10
3 12 7.42 15.47 -10 6.799 14.777 -10 6.79 14.801 -10
3 12 7.42 15.47 -10 6.79 14.801 -10 6.772 14.831 -10
3 12 7.42 15.47 -10 6.772 14.831 -10 6.751 14.849 -10
3 12 7.42 15.47 -10 6.751 14.849 -10 6.73 14.861 -10
4 12 7.42 15.47 -10 7.915 14.945 -10 7.915 14.864 -10 7.741 14.72 -10
3 12 7.42 15.47 -10 7.909 14.99 -10 7.915 14.945 -10
3 12 7.42 15.47 -10 7.906 15.02 -10 7.909 14.99 -10
3 12 7.42 15.47 -10 7.906 15.05 -10 7.906 15.02 -10
3 12 7.42 15.47 -10 7.906 15.11 -10 7.906 15.05 -10
3 12 7.42 15.47 -10 7.909 15.146 -10 7.906 15.11 -10
3 12 7.42 15.47 -10 7.915 15.2 -10 7.909 15.146 -10
3 12 7.42 15.47 -10 7.924 15.26 -10 7.915 15.2 -10
3 12 7.42 15.47 -10 7.939 15.32 -10 7.924 15.26 -10
3 12 7.42 15.47 -10 7.951 15.362 -10 7.939 15.32 -10
3 12 7.42 15.47 -10 7.966 15.41 -10 7.951 15.362 -10
3 12 7.42 15.47 -10 7.99 15.47 -10 7.966 15.41 -10
4 12 9.82 15.47 -10 9.874 15.47 -10 9.874 15.41 -10 9.823 15.422 -10
4 12 9.928 15.482 -10 10.63672 15.30662 -10 9.964 15.386 -10 9.946 15.428 -10
4 12 9.604 15.512 -10 9.6832 15.4496 -10 9.676 15.41 -10 9.613 15.464 -10
4 0 8.398 15.518 -10 8.44 15.377 -10 8.422 15.284 -10 8.38 15.368 -10
4 12 9.532 15.524 -10 9.544 15.452 -10 9.502 15.242 -10 9.49 15.29 -10
3 12 8.014 15.53 -10 7.99 15.47 -10 7.42 15.47 -10
4 12 9.937 15.554 -10 10.63672 15.30662 -10 9.928 15.482 -10 9.928 15.518 -10
4 12 9.586 15.56 -10 9.6832 15.4886 -10 9.6832 15.4496 -10 9.604 15.512 -10
4 12 9.802 15.56 -10 9.88 15.53 -10 9.874 15.47 -10 9.82 15.47 -10
4 12 9.526 15.566 -10 9.532 15.524 -10 9.49 15.29 -10 9.478 15.368 -10
4 12 9.568 15.59 -10 9.679 15.536 -10 9.6832 15.4886 -10 9.586 15.56 -10
3 12 9.946 15.59 -10 10.63672 15.30662 -10 9.937 15.554 -10
4 12 9.526 15.608 -10 9.526 15.566 -10 9.478 15.368 -10 9.448 15.452 -10
4 12 9.784 15.608 -10 9.892 15.566 -10 9.88 15.53 -10 9.802 15.56 -10
3 12 9.949 15.626 -10 10.63672 15.30662 -10 9.946 15.59 -10
4 12 9.559 15.632 -10 9.658 15.614 -10 9.679 15.536 -10 9.568 15.59 -10
3 12 8.071 15.65 -10 8.014 15.53 -10 7.42 15.47 -10
4 0 8.38 15.656 -10 8.398 15.518 -10 8.38 15.368 -10 8.356 15.446 -10
4 12 9.76 15.656 -10 9.91 15.602 -10 9.892 15.566 -10 9.784 15.608 -10
3 12 9.76 15.656 -10 9.928 15.632 -10 9.91 15.602 -10
4 12 9.538 15.662 -10 9.526 15.608 -10 9.448 15.452 -10 9.406 15.53 -10
4 12 9.634 15.671 -10 9.658 15.614 -10 9.559 15.632 -10 9.556 15.668 -10
4 12 9.544 15.677 -10 9.538 15.662 -10 9.406 15.53 -10 9.358 15.599 -10
4 12 9.553 15.686 -10 9.544 15.677 -10 9.358 15.599 -10 9.316 15.665 -10
4 12 9.604 15.725 -10 9.634 15.671 -10 9.556 15.668 -10 9.553 15.686 -10
3 12 8.116 15.74 -10 8.071 15.65 -10 7.42 15.47 -10
4 0 8.38 15.752 -10 8.38 15.656 -10 8.356 15.446 -10 8.332 15.536 -10
4 12 9.2122 15.7586 -10 9.604 15.725 -10 9.553 15.686 -10 9.316 15.665 -10
3 12 9.583 15.764 -10 9.604 15.725 -10 9.2122 15.7586 -10
3 12 8.149 15.8 -10 8.116 15.74 -10 7.42 15.47 -10
4 0 8.392 15.83 -10 8.38 15.752 -10 8.332 15.536 -10 8.32 15.638 -10
3 12 10.63672 15.30662 -10 10.87828 14.5922 -10 11.02486 13.85252 -10
4 12 9.0658 15.8744 -10 9.559 15.809 -10 9.583 15.764 -10 9.2122 15.7586 -10
3 12 8.197 15.878 -10 8.149 15.8 -10 7.42 15.47 -10
4 0 8.404 15.908 -10 8.392 15.83 -10 8.32 15.638 -10 8.32 15.722 -10
4 12 8.218 15.923 -10 8.212 15.902 -10 8.197 15.878 -10 7.42 15.47 -10
4 12 8.971 15.938 -10 9.538 15.854 -10 9.559 15.809 -10 9.0658 15.8744 -10
4 12 8.92 15.977 -10 9.52 15.902 -10 9.538 15.854 -10 8.971 15.938 -10
4 12 8.206 15.983 -10 8.221 15.953 -10 8.218 15.923 -10 7.42 15.47 -10
4 0 8.434 15.998 -10 8.404 15.908 -10 8.32 15.722 -10 8.326 15.818 -10
4 12 8.89 16.016 -10 9.526 15.944 -10 9.52 15.902 -10 8.92 15.977 -10
3 12 7.438 16.019 -10 7.498 16.019 -10 7.42 15.47 -10
3 12 7.381 16.025 -10 7.438 16.019 -10 7.42 15.47 -10
4 12 7.594 16.028 -10 7.42 15.47 -10 7.498 16.019 -10 7.555 16.025 -10
4 12 8.164 16.034 -10 8.188 16.013 -10 8.206 15.983 -10 7.42 15.47 -10
3 12 7.315 16.04 -10 7.381 16.025 -10 7.42 15.47 -10
4 12 7.75 16.04 -10 7.42 15.47 -10 7.594 16.028 -10 7.639 16.034 -10
3 12 8.125 16.04 -10 8.164 16.034 -10 7.42 15.47 -10
4 12 7.186 16.043 -10 7.2436 16.043 -10 7.315 16.04 -10 7.42 15.47 -10
4 12 7.834 16.043 -10 7.93 16.043 -10 7.42 15.47 -10 7.75 16.04 -10
4 12 7.93 16.043 -10 8.056 16.043 -10 8.125 16.04 -10 7.42 15.47 -10
3 12 7.132 16.049 -10 7.186 16.043 -10 7.42 15.47 -10
4 12 7.066 16.064 -10 7.132 16.049 -10 7.42 15.47 -10 5.763268 15.30662 -10
3 12 7.006 16.082 -10 7.066 16.064 -10 5.763268 15.30662 -10
4 12 8.848 16.094 -10 9.547 15.992 -10 9.526 15.944 -10 8.89 16.016 -10
3 12 6.946 16.112 -10 7.006 16.082 -10 5.763268 15.30662 -10
3 12 6.916 16.13 -10 6.946 16.112 -10 5.763268 15.30662 -10
3 12 6.892 16.154 -10 6.916 16.13 -10 5.763268 15.30662 -10
3 0 8.494 16.154 -10 8.338 15.896 -10 8.371 15.992 -10
4 0 8.494 16.154 -10 8.371 15.992 -10 8.413 16.1 -10 8.431 16.145 -10
4 0 8.494 16.154 -10 8.434 15.998 -10 8.326 15.818 -10 8.338 15.896 -10
4 12 8.836 16.154 -10 9.571 16.007 -10 9.547 15.992 -10 8.848 16.094 -10
3 12 6.88 16.172 -10 6.892 16.154 -10 5.763268 15.30662 -10
3 12 6.877 16.187 -10 6.88 16.172 -10 5.763268 15.30662 -10
4 12 9.88666 16.61138 -10 10.63672 15.30662 -10 9.949 15.626 -10 9.946 15.65 -10
4 12 9.88666 16.61138 -10 9.946 15.65 -10 9.928 15.632 -10 9.76 15.656 -10
3 12 9.88666 16.61138 -10 9.76 15.656 -10 9.733 15.701 -10
3 12 9.88666 16.61138 -10 9.733 15.701 -10 9.706 15.746 -10
3 12 9.88666 16.61138 -10 9.706 15.746 -10 9.658 15.803 -10
4 12 9.88666 16.61138 -10 9.658 15.803 -10 9.625 15.842 -10 9.607 15.872 -10
4 12 9.88666 16.61138 -10 9.607 15.872 -10 9.571 15.932 -10 9.568 15.974 -10
3 12 9.88666 16.61138 -10 9.568 15.974 -10 9.571 16.007 -10
4 12 9.88666 16.61138 -10 9.571 16.007 -10 8.836 16.154 -10 8.842 16.226 -10
4 0 8.572 16.304 -10 8.494 16.154 -10 8.431 16.145 -10 8.434 16.184 -10
3 12 8.902 16.34 -10 9.88666 16.61138 -10 8.842 16.226 -10
3 12 8.926 16.3976 -10 9.88666 16.61138 -10 8.902 16.34 -10
4 0 8.644 16.412 -10 8.572 16.304 -10 8.434 16.184 -10 8.428 16.256 -10
4 0 8.6458 16.4384 -10 8.644 16.412 -10 8.428 16.256 -10 8.404 16.298 -10
4 0 8.6386 16.4696 -10 8.6458 16.4384 -10 8.404 16.298 -10 8.374 16.3148 -10
3 12 8.932 16.49 -10 9.88666 16.61138 -10 8.926 16.3976 -10
3 12 10.30432 15.98348 -10 10.63672 15.30662 -10 9.88666 16.61138 -10
3 12 8.914 16.568 -10 9.39094 17.17964 -10 8.926 16.55 -10
4 0 8.536 16.586 -10 8.6386 16.4696 -10 8.374 16.3148 -10 8.338 16.316 -10
3 12 7.294 16.661 -10 7.342 16.661 -10 7.438 16.553 -10
3 12 7.381 16.667 -10 7.438 16.553 -10 7.342 16.661 -10
4 12 6.51334 16.61138 -10 7.69 16.199 -10 7.63 16.199 -10 7.579 16.205 -10
4 12 6.51334 16.61138 -10 6.883 16.202 -10 6.877 16.187 -10 5.763268 15.30662 -10
4 12 6.51334 16.61138 -10 7.579 16.205 -10 7.543 16.208 -10 7.522 16.214 -10
4 12 6.51334 16.61138 -10 7.846 16.211 -10 7.774 16.202 -10 7.69 16.199 -10
3 12 6.51334 16.61138 -10 7.522 16.214 -10 7.48 16.226 -10
3 12 6.51334 16.61138 -10 6.904 16.22 -10 6.883 16.202 -10
3 12 6.51334 16.61138 -10 7.48 16.226 -10 7.4452 16.2308 -10
3 12 6.51334 16.61138 -10 7.423 16.229 -10 7.405 16.226 -10
3 12 6.51334 16.61138 -10 7.4452 16.2308 -10 7.423 16.229 -10
3 12 6.51334 16.61138 -10 6.937 16.244 -10 6.904 16.22 -10
3 12 6.51334 16.61138 -10 6.967 16.262 -10 6.937 16.244 -10
3 12 6.51334 16.61138 -10 7.033 16.289 -10 6.967 16.262 -10
3 12 6.51334 16.61138 -10 7.108 16.307 -10 7.033 16.289 -10
3 12 6.51334 16.61138 -10 7.15 16.316 -10 7.108 16.307 -10
3 12 6.51334 16.61138 -10 7.216 16.316 -10 7.18 16.319 -10
3 12 6.51334 16.61138 -10 7.18 16.319 -10 7.15 16.316 -10
3 12 6.51334 16.61138 -10 7.438 16.553 -10 7.846 16.211 -10
3 12 6.51334 16.61138 -10 7.123 16.733 -10 7.15 16.709 -10
3 12 6.51334 16.61138 -10 7.099 16.763 -10 7.123 16.733 -10
3 12 6.51334 16.61138 -10 7.078 16.802 -10 7.099 16.763 -10
3 12 6.51334 16.61138 -10 7.075 16.829 -10 7.078 16.802 -10
3 12 6.51334 16.61138 -10 7.075 16.874 -10 7.075 16.829 -10
4 12 7.594 16.67 -10 7.606 16.664 -10 7.846 16.211 -10 7.438 16.553 -10
3 12 7.216 16.673 -10 7.249 16.664 -10 6.51334 16.61138 -10
3 12 7.615 16.673 -10 7.846 16.211 -10 7.606 16.664 -10
3 12 7.423 16.676 -10 7.438 16.553 -10 7.381 16.667 -10
3 12 7.585 16.679 -10 7.594 16.67 -10 7.438 16.553 -10
3 12 7.186 16.685 -10 7.216 16.673 -10 6.51334 16.61138 -10
3 12 7.453 16.688 -10 7.438 16.553 -10 7.423 16.676 -10
3 12 7.621 16.694 -10 7.846 16.211 -10 7.615 16.673 -10
3 12 9.328 16.703 -10 8.926 16.55 -10 9.39094 17.17964 -10
3 12 7.15 16.709 -10 7.186 16.685 -10 6.51334 16.61138 -10
4 12 7.558 16.709 -10 7.573 16.694 -10 7.585 16.679 -10 7.438 16.553 -10
4 12 7.516 16.715 -10 7.438 16.553 -10 7.453 16.688 -10 7.483 16.703 -10
4 12 7.54 16.715 -10 7.558 16.709 -10 7.438 16.553 -10 7.516 16.715 -10
4 12 9.4 16.715 -10 9.88666 16.61138 -10 8.932 16.49 -10 8.926 16.55 -10
3 12 9.4 16.715 -10 8.926 16.55 -10 9.328 16.703 -10
3 12 9.652 16.718 -10 9.685 16.715 -10 9.88666 16.61138 -10
4 12 8.386 16.724 -10 8.536 16.586 -10 8.338 16.316 -10 8.23 16.298 -10
4 12 9.499 16.724 -10 9.88666 16.61138 -10 9.4 16.715 -10 9.46 16.721 -10
3 12 9.499 16.724 -10 9.526 16.724 -10 9.88666 16.61138 -10
3 12 9.526 16.724 -10 9.559 16.724 -10 9.88666 16.61138 -10
4 12 9.559 16.724 -10 9.607 16.721 -10 9.652 16.718 -10 9.88666 16.61138 -10
3 12 7.198 16.802 -10 7.225 16.769 -10 7.207 16.784 -10
4 12 8.2942 16.802 -10 8.386 16.724 -10 8.23 16.298 -10 8.152 16.274 -10
4 12 7.195 16.823 -10 7.243 16.757 -10 7.225 16.769 -10 7.198 16.802 -10
3 12 8.245 16.8362 -10 8.05 16.25 -10 7.945 16.229 -10
4 12 8.245 16.8362 -10 8.2942 16.802 -10 8.152 16.274 -10 8.05 16.25 -10
4 12 7.195 16.841 -10 7.267 16.748 -10 7.243 16.757 -10 7.195 16.823 -10
4 12 7.729 16.85 -10 7.846 16.211 -10 7.621 16.694 -10 7.621 16.718 -10
4 12 7.729 16.85 -10 7.621 16.718 -10 7.621 16.748 -10 7.624 16.79 -10
4 12 7.201 16.859 -10 7.3 16.739 -10 7.267 16.748 -10 7.195 16.841 -10
4 12 7.21 16.874 -10 7.345 16.739 -10 7.3 16.739 -10 7.201 16.859 -10
4 12 8.1808 16.8848 -10 8.245 16.8362 -10 7.945 16.229 -10 7.846 16.211 -10
4 12 7.645 16.886 -10 7.729 16.85 -10 7.624 16.79 -10 7.633 16.841 -10
4 12 7.225 16.892 -10 7.369 16.742 -10 7.345 16.739 -10 7.21 16.874 -10
4 12 7.246 16.91 -10 7.405 16.754 -10 7.369 16.742 -10 7.225 16.892 -10
4 12 7.678 16.913 -10 7.729 16.85 -10 7.645 16.886 -10 7.663 16.907 -10
4 12 8.1418 16.9208 -10 8.1808 16.8848 -10 7.846 16.211 -10 7.729 16.85 -10
4 12 7.27 16.928 -10 7.444 16.772 -10 7.405 16.754 -10 7.246 16.91 -10
3 12 7.678 16.931 -10 7.729 16.85 -10 7.678 16.913 -10
3 12 8.1238 16.94 -10 8.1418 16.9208 -10 7.729 16.85 -10
4 12 7.3 16.946 -10 7.48 16.793 -10 7.444 16.772 -10 7.27 16.928 -10
3 12 7.672 16.949 -10 7.729 16.85 -10 7.678 16.931 -10
3 12 8.1106 16.9586 -10 8.1238 16.94 -10 7.729 16.85 -10
4 12 7.33 16.961 -10 7.513 16.817 -10 7.48 16.793 -10 7.3 16.946 -10
4 12 7.363 16.973 -10 7.543 16.844 -10 7.513 16.817 -10 7.33 16.961 -10
4 12 7.402 16.988 -10 7.567 16.871 -10 7.543 16.844 -10 7.363 16.973 -10
4 12 7.432 16.997 -10 7.582 16.895 -10 7.567 16.871 -10 7.402 16.988 -10
4 12 7.471 17.009 -10 7.594 16.916 -10 7.582 16.895 -10 7.432 16.997 -10
4 12 8.0764 17.0204 -10 8.0992 16.9832 -10 8.1106 16.9586 -10 7.729 16.85 -10
4 12 7.507 17.024 -10 7.612 16.937 -10 7.594 16.916 -10 7.471 17.009 -10
4 12 7.546 17.042 -10 7.627 16.952 -10 7.612 16.937 -10 7.507 17.024 -10
4 12 7.588 17.069 -10 7.645 16.964 -10 7.627 16.952 -10 7.546 17.042 -10
4 12 8.0158 17.072 -10 8.0446 17.0522 -10 8.0764 17.0204 -10 7.729 16.85 -10
4 12 7.627 17.099 -10 7.66 16.964 -10 7.645 16.964 -10 7.588 17.069 -10
4 12 7.96 17.108 -10 7.9858 17.0918 -10 8.0158 17.072 -10 7.729 16.85 -10
3 12 7.9378 17.1242 -10 7.96 17.108 -10 7.729 16.85 -10
4 12 7.66 17.138 -10 7.672 16.949 -10 7.66 16.964 -10 7.627 17.099 -10
3 12 7.00906 17.17964 -10 7.144 17.051 -10 7.114 17.015 -10
3 12 7.00906 17.17964 -10 7.114 17.015 -10 7.09 16.967 -10
3 12 7.00906 17.17964 -10 7.177 17.081 -10 7.144 17.051 -10
3 12 7.00906 17.17964 -10 7.09 16.967 -10 7.078 16.919 -10
4 12 7.8718 17.1926 -10 7.9192 17.1452 -10 7.9378 17.1242 -10 7.729 16.85 -10
3 12 6.51334 16.61138 -10 5.763268 15.30662 -10 6.09568 15.98348 -10
4 12 7.5745 17.6786 -10 7.219 17.102 -10 7.177 17.081 -10 7.00906 17.17964 -10
3 12 7.00906 17.17964 -10 7.078 16.919 -10 7.075 16.874 -10
4 12 8.8255 17.6786 -10 8.884 16.592 -10 8.731 16.688 -10 8.605 16.775 -10
4 12 8.8255 17.6786 -10 8.605 16.775 -10 8.518 16.862 -10 8.416 16.97 -10
4 12 8.8255 17.6786 -10 9.39094 17.17964 -10 8.914 16.568 -10 8.884 16.592 -10
4 12 8.8255 17.6786 -10 8.416 16.97 -10 8.392 17 -10 8.38 17.03 -10
3 12 8.8255 17.6786 -10 8.38 17.03 -10 8.374 17.048 -10
3 12 8.8255 17.6786 -10 8.374 17.048 -10 8.359 17.075 -10
3 12 8.8255 17.6786 -10 8.359 17.075 -10 8.338 17.096 -10
4 12 8.8255 17.6786 -10 8.338 17.096 -10 8.29 17.126 -10 8.2738 17.138 -10
4 12 8.8255 17.6786 -10 8.2738 17.138 -10 8.248 17.156 -10 8.236 17.174 -10
3 12 7.5745 17.6786 -10 7.273 17.12 -10 7.219 17.102 -10
4 12 8.248 17.219 -10 8.8255 17.6786 -10 8.236 17.174 -10 8.236 17.198 -10
3 12 7.00906 17.17964 -10 7.075 16.874 -10 6.51334 16.61138 -10
3 12 7.5745 17.6786 -10 7.336 17.132 -10 7.273 17.12 -10
3 12 8.254 17.24 -10 8.8255 17.6786 -10 8.248 17.219 -10
3 12 7.825 17.2502 -10 7.8718 17.1926 -10 7.729 16.85 -10
3 12 7.5745 17.6786 -10 7.39 17.147 -10 7.336 17.132 -10
3 12 8.254 17.279 -10 8.8255 17.6786 -10 8.254 17.24 -10
3 12 7.8148 17.2802 -10 7.825 17.2502 -10 7.729 16.85 -10
3 12 7.5745 17.6786 -10 7.438 17.162 -10 7.39 17.147 -10
4 12 7.5745 17.6786 -10 7.507 17.195 -10 7.48 17.18 -10 7.438 17.162 -10
4 12 7.5745 17.6786 -10 7.555 17.228 -10 7.534 17.21 -10 7.507 17.195 -10
4 12 7.5745 17.6786 -10 7.597 17.276 -10 7.579 17.252 -10 7.555 17.228 -10
4 12 7.8154 17.3072 -10 7.672 16.949 -10 7.66 17.138 -10 7.687 17.183 -10
3 12 7.8154 17.3072 -10 7.687 17.183 -10 7.702 17.222 -10
3 12 7.8154 17.3072 -10 7.702 17.222 -10 7.714 17.27 -10
3 12 7.8154 17.3072 -10 7.714 17.27 -10 7.72 17.306 -10
4 12 7.8154 17.3072 -10 7.8148 17.2802 -10 7.729 16.85 -10 7.672 16.949 -10
3 12 7.5745 17.6786 -10 7.609 17.3 -10 7.597 17.276 -10
3 12 7.72 17.345 -10 7.8154 17.3072 -10 7.72 17.306 -10
3 12 7.714 17.39 -10 7.8154 17.3072 -10 7.72 17.345 -10
3 12 9.39094 17.17964 -10 9.88666 16.61138 -10 9.679 16.79 -10
3 12 9.39094 17.17964 -10 9.679 16.79 -10 9.64 16.799 -10
3 12 9.39094 17.17964 -10 9.64 16.799 -10 9.61 16.805 -10
3 12 9.39094 17.17964 -10 9.61 16.805 -10 9.568 16.808 -10
3 12 9.39094 17.17964 -10 9.568 16.808 -10 9.526 16.811 -10
3 12 9.39094 17.17964 -10 9.526 16.811 -10 9.481 16.811 -10
4 12 8.2 18.0998 -10 8.8255 17.6786 -10 8.254 17.279 -10 8.2405 17.294 -10
3 12 8.2 18.0998 -10 8.2405 17.294 -10 8.215 17.306 -10
3 12 8.2 18.0998 -10 8.215 17.306 -10 8.14 17.33 -10
4 12 8.2 18.0998 -10 7.8286 17.318 -10 7.8154 17.3072 -10 7.714 17.39 -10
3 12 8.2 18.0998 -10 7.8514 17.3246 -10 7.8286 17.318 -10
3 12 8.2 18.0998 -10 8.14 17.33 -10 8.11 17.336 -10
3 12 8.2 18.0998 -10 7.924 17.336 -10 7.8514 17.3246 -10
3 12 8.2 18.0998 -10 8.11 17.336 -10 8.02 17.342 -10
3 12 8.2 18.0998 -10 8.02 17.342 -10 7.924 17.336 -10
3 12 8.2 18.0998 -10 7.714 17.39 -10 7.705 17.438 -10
3 12 8.2 18.0998 -10 7.705 17.438 -10 7.687 17.48 -10
3 12 8.2 18.0998 -10 7.687 17.48 -10 7.663 17.519 -10
3 12 8.2 18.0998 -10 7.663 17.519 -10 7.5745 17.6786 -10
3 12 8.2 18.0998 -10 7.5745 17.6786 -10 7.00906 17.17964 -10
3 12 8.5942 10.76732 -10 8.263 11.018 -10 9.034 11.372 -10
3 0 8.812 11.372 -10 8.74 11.342 -10 8.752 11.354 -10
4 0 8.719 11.321 -10 8.74 11.342 -10 8.812 11.372 -10 8.836 11.375 -10
4 0 8.704 11.306 -10 8.719 11.321 -10 8.836 11.375 -10 8.872 11.375 -10
4 0 8.689 11.291 -10 8.704 11.306 -10 8.872 11.375 -10 8.896 11.375 -10
4 0 8.674 11.276 -10 8.689 11.291 -10 8.896 11.375 -10 8.926 11.375 -10
4 0 8.656 11.264 -10 8.674 11.276 -10 8.926 11.375 -10 8.956 11.375 -10
4 0 8.632 11.252 -10 8.656 11.264 -10 8.956 11.375 -10 8.983 11.372 -10
3 0 8.632 11.252 -10 8.983 11.372 -10 9.007 11.369 -10
3 0 9.007 11.369 -10 8.614 11.246 -10 8.632 11.252 -10
4 0 8.614 11.246 -10 8.632 11.252 -10 9.007 11.369 -10 9.034 11.372 -10
4 0 8.473 11.216 -10 8.488 11.231 -10 8.503 11.237 -10 8.521 11.231 -10
4 0 8.461 11.201 -10 8.473 11.216 -10 8.521 11.231 -10 8.548 11.231 -10
4 0 8.44 11.174 -10 8.461 11.201 -10 8.548 11.231 -10 8.596 11.24 -10
4 0 8.428 11.159 -10 8.44 11.174 -10 8.596 11.24 -10 8.614 11.246 -10
3 0 8.428 11.159 -10 8.44 11.174 -10 8.614 11.246 -10
3 0 8.614 11.246 -10 8.416 11.147 -10 8.428 11.159 -10
4 0 8.398 11.129 -10 8.416 11.147 -10 8.614 11.246 -10 9.034 11.372 -10
3 0 8.38 11.117 -10 8.398 11.129 -10 9.034 11.372 -10
3 0 8.362 11.105 -10 8.38 11.117 -10 9.034 11.372 -10
3 0 8.344 11.093 -10 8.362 11.105 -10 9.034 11.372 -10
3 0 8.329 11.081 -10 8.344 11.093 -10 9.034 11.372 -10
3 0 8.314 11.069 -10 8.329 11.081 -10 9.034 11.372 -10
3 0 8.302 11.057 -10 8.314 11.069 -10 9.034 11.372 -10
3 0 8.29 11.045 -10 8.302 11.057 -10 9.034 11.372 -10
3 0 8.281 11.036 -10 8.29 11.045 -10 9.034 11.372 -10
3 0 8.272 11.027 -10 8.281 11.036 -10 9.034 11.372 -10
3 0 8.263 11.018 -10 8.272 11.027 -10 9.034 11.372 -10
3 12 8.98732 10.79828 -10 8.5942 10.76732 -10 9.37828 10.84976 -10
4 12 7.303 16.214 -10 7.321 16.205 -10 7.345 16.202 -10 7.369 16.208 -10
4 12 7.303 16.214 -10 7.282 16.229 -10 7.384 16.214 -10 7.369 16.208 -10
4 12 7.282 16.229 -10 7.264 16.253 -10 7.405 16.226 -10 7.384 16.214 -10
3 12 7.405 16.226 -10 7.264 16.253 -10 7.252 16.277 -10
3 12 7.405 16.226 -10 7.252 16.277 -10 7.231 16.304 -10
3 12 7.405 16.226 -10 7.231 16.304 -10 7.216 16.316 -10
3 12 7.405 16.226 -10 7.216 16.316 -10 6.51334 16.61138 -10
3 12 7.249 16.664 -10 7.294 16.661 -10 7.438 16.553 -10
3 12 7.249 16.664 -10 7.438 16.553 -10 6.51334 16.61138 -10
4 12 5.326 13.1 -10 5.37514 13.85252 -10 5.52172 14.5922 -10 5.929 13.994 -10
3 12 5.326 13.1 -10 5.929 13.994 -10 5.8 13.61 -10
4 12 5.50072 11.25734 -10 5.326 11.32694 -10 6.4 12.47 -10 7.3 12.47 -10
4 12 8.086 11.015 -10 8.2 10.757 -10 7.41268 10.79828 -10 6.25054 11.01368 -10
4 12 8.5942 10.76732 -10 10.89928 11.25734 -10 10.52758 11.1257 -10 10.14946 11.01368 -10